frame,event,state,gate_enabled,armed,memory_remaining,ready_count,invalid_count,screen_x,screen_x_copy,raw_horizontal,normalized,arm_ready,raw_detected,normalized_detected,auto_aim_detected
3050,SAMPLE,IDLE,false,true,0,0,523,160.0,160.0,0.0,0.0,true,false,false,false
3055,SAMPLE,IDLE,false,true,0,0,528,160.0,160.0,0.0,0.0,true,false,false,false
3060,SAMPLE,IDLE,false,true,0,0,533,160.0,160.0,0.0,0.0,true,false,false,false
3065,SAMPLE,IDLE,false,true,0,0,538,160.0,160.0,0.0,0.0,true,false,false,false
3070,SAMPLE,IDLE,false,true,0,0,543,160.0,160.0,0.0,0.0,true,false,false,false
3075,SAMPLE,IDLE,false,true,0,0,548,160.0,160.0,0.0,0.0,true,false,false,false
3080,SAMPLE,IDLE,false,true,0,0,553,160.0,160.0,0.0,0.0,true,false,false,false
3085,SAMPLE,IDLE,false,true,0,0,558,160.0,160.0,0.0,0.0,true,false,false,false
3090,SAMPLE,IDLE,false,true,0,0,563,160.0,160.0,0.0,0.0,true,false,false,false
3095,SAMPLE,IDLE,false,true,0,0,568,160.0,160.0,0.0,0.0,true,false,false,false
3100,SAMPLE,IDLE,false,true,0,0,573,160.0,160.0,0.0,0.0,true,false,false,false
3105,SAMPLE,IDLE,false,true,0,0,578,160.0,160.0,0.0,0.0,true,false,false,false
3110,SAMPLE,IDLE,false,true,0,0,583,160.0,160.0,0.0,0.0,true,false,false,false
3115,SAMPLE,IDLE,false,true,0,0,588,160.0,160.0,0.0,0.0,true,false,false,false
3120,SAMPLE,IDLE,false,true,0,0,593,160.0,160.0,0.0,0.0,true,false,false,false
3125,SAMPLE,IDLE,false,true,0,0,598,160.0,160.0,0.0,0.0,true,false,false,false
3130,SAMPLE,IDLE,false,true,0,0,603,160.0,160.0,0.0,0.0,true,false,false,false
3135,SAMPLE,IDLE,true,true,0,0,608,160.0,160.0,0.0,0.0,true,false,false,false
3140,SAMPLE,IDLE,true,true,0,0,613,160.0,160.0,0.0,0.0,true,false,false,false
3145,SAMPLE,IDLE,true,true,0,0,618,160.0,160.0,0.0,0.0,true,false,false,false
3150,SAMPLE,IDLE,true,true,0,0,623,160.0,160.0,0.0,0.0,true,false,false,false
3155,SAMPLE,IDLE,true,true,0,0,628,160.0,160.0,0.0,0.0,true,false,false,false
3160,SAMPLE,IDLE,true,true,0,0,633,160.0,160.0,0.0,0.0,true,false,false,false
3165,SAMPLE,IDLE,true,true,0,0,638,160.0,160.0,0.0,0.0,true,false,false,false
3170,SAMPLE,IDLE,true,true,0,0,643,160.0,160.0,0.0,0.0,true,false,false,false
3175,SAMPLE,IDLE,true,true,0,0,648,160.0,160.0,0.0,0.0,true,false,false,false
3180,SAMPLE,IDLE,true,true,0,0,653,160.0,160.0,0.0,0.0,true,false,false,false
3185,SAMPLE,IDLE,true,true,0,0,658,160.0,160.0,0.0,0.0,true,false,false,false
3190,SAMPLE,IDLE,true,true,0,0,663,160.0,160.0,0.0,0.0,true,false,false,false
3195,SAMPLE,IDLE,true,true,0,0,668,160.0,160.0,0.0,0.0,true,false,false,false
3200,SAMPLE,IDLE,true,true,0,0,673,160.0,160.0,0.0,0.0,true,false,false,false
3205,SAMPLE,IDLE,true,true,0,0,678,160.0,160.0,0.0,0.0,true,false,false,false
3210,SAMPLE,IDLE,true,true,0,0,683,160.0,160.0,0.0,0.0,true,false,false,false
3215,SAMPLE,IDLE,true,true,0,0,688,160.0,160.0,0.0,0.0,true,false,false,false
3220,SAMPLE,IDLE,true,true,0,0,693,160.0,160.0,0.0,0.0,true,false,false,false
3225,SAMPLE,IDLE,true,true,0,0,698,160.0,160.0,0.0,0.0,true,false,false,false
3230,SAMPLE,IDLE,true,true,0,0,703,160.0,160.0,0.0,0.0,true,false,false,false
3235,SAMPLE,IDLE,true,true,0,0,708,160.0,160.0,0.0,0.0,true,false,false,false
3240,SAMPLE,IDLE,true,true,0,0,713,160.0,160.0,0.0,0.0,true,false,false,false
3245,SAMPLE,IDLE,true,true,0,0,718,160.0,160.0,0.0,0.0,true,false,false,false
3250,SAMPLE,IDLE,true,true,0,0,723,160.0,160.0,0.0,0.0,true,false,false,false
3255,SAMPLE,IDLE,true,true,0,0,728,160.0,160.0,0.0,0.0,true,false,false,false
3260,SAMPLE,CONVERGING,true,true,45,0,733,131.41923522949,131.41923522949,-148.35021972656,0.14882242679596,false,true,true,true
3265,SAMPLE,CONVERGING,true,true,45,0,738,144.36608886719,144.36608886719,-81.781875610352,0.08185350894928,false,true,true,true
3270,SAMPLE,CONVERGING,true,true,45,0,743,151.44812011719,151.44812011719,-44.840576171875,0.044845700263977,false,true,true,true
3275,SAMPLE,CONVERGING,true,true,45,0,748,155.32205200195,155.32205200195,-24.545459747314,0.024472117424011,false,true,true,true
3279,AUTO_SHOT,FIRED,true,false,41,2,0,157.44111633301,157.44111633301,-13.429445266724,0.01339864730835,true,false,false,false
3280,SAMPLE,FIRED,true,false,40,2,1,158.10745239258,158.10745239258,-9.932806968689,0.0098512172698975,true,false,false,false
3285,SAMPLE,FIRED,true,false,35,2,6,158.96476745605,158.96476745605,-5.4334812164307,0.0053930282592773,true,false,false,false
3290,SAMPLE,FIRED,true,false,30,2,11,159.43371582031,159.43371582031,-2.9722077846527,0.002900242805481,true,false,false,false
3291,REARMED,IDLE,true,true,0,0,0,159.58117675781,159.58117675781,-2.1982464790344,0.002900242805481,true,false,false,false
3295,SAMPLE,IDLE,true,true,0,0,4,159.69023132324,159.69023132324,-1.6258616447449,0.0015579462051392,true,false,false,false
3300,SAMPLE,IDLE,true,true,0,0,9,159.87467956543,159.87467956543,-0.65776145458221,0.00059926509857178,true,false,false,false
3305,SAMPLE,IDLE,true,true,0,0,14,159.93144226074,159.93144226074,-0.3598347902298,0.00031161308288574,true,false,false,false
3310,SAMPLE,IDLE,true,true,0,0,19,159.96250915527,159.96250915527,-0.1967758834362,0.00011980533599854,true,false,false,false
3315,SAMPLE,IDLE,true,true,0,0,24,159.9794921875,159.9794921875,-0.10763809084892,2.3961067199707e-05,true,false,false,false
3320,SAMPLE,IDLE,true,true,0,0,29,159.98878479004,159.98878479004,-0.058864582329988,-2.3841857910156e-05,true,false,false,false
3325,SAMPLE,IDLE,true,true,0,0,34,159.99546813965,159.99546813965,-0.023786095902324,-2.3841857910156e-05,true,false,false,false
3330,SAMPLE,IDLE,true,true,0,0,39,159.99751281738,159.99751281738,-0.013054322451353,-2.3841857910156e-05,true,false,false,false
3335,SAMPLE,CONVERGING,true,true,45,0,44,147.49945068359,147.49945068359,-65.470100402832,0.06545877456665,false,true,true,true
3340,SAMPLE,CONVERGING,true,true,45,0,49,133.75918579102,133.75918579102,-136.43930053711,0.13683795928955,false,true,true,true
3345,SAMPLE,CONVERGING,true,true,45,0,54,127.36372375488,127.36372375488,-168.83436584473,0.16962730884552,false,true,true,true
3350,SAMPLE,CONVERGING,true,true,45,0,59,121.6446762085,121.6446762085,-197.35256958008,0.19858157634735,false,true,true,true
3355,SAMPLE,CONVERGING,true,true,45,0,64,119.50425720215,119.50425720215,-207.88288879395,0.20936763286591,false,true,true,true
3360,SAMPLE,CONVERGING,true,true,45,0,69,117.93846130371,117.93846130371,-215.4983215332,0.21722936630249,false,true,true,true
3365,SAMPLE,CONVERGING,true,true,45,0,74,116.5032043457,116.5032043457,-222.38362121582,0.22442007064819,false,true,true,true
3370,SAMPLE,CONVERGING,true,true,45,0,79,115.37682342529,115.37682342529,-227.68865966797,0.23002862930298,false,true,true,true
3375,SAMPLE,CONVERGING,true,true,45,0,84,112.99291992188,112.99291992188,-238.84492492676,0.23721933364868,false,true,true,true
3380,SAMPLE,CONVERGING,true,true,45,0,89,110.55544281006,110.55544281006,-250.24044799805,0.25390160083771,false,true,true,true
3385,SAMPLE,CONVERGING,true,true,45,0,94,108.48278808594,108.48278808594,-259.81774902344,0.26401650905609,false,true,true,true
3390,SAMPLE,CONVERGING,true,true,45,0,99,105.98458862305,105.98458862305,-271.27941894531,0.2762405872345,false,true,true,true
3395,SAMPLE,CONVERGING,true,true,45,0,104,104.25024414063,104.25024414063,-279.15863037109,0.28462970256805,false,true,true,true
3400,SAMPLE,CONVERGING,true,true,45,0,109,102.84238433838,102.84238433838,-285.50485229492,0.29143679141998,false,true,true,true
3405,SAMPLE,CONVERGING,true,true,45,0,114,101.45492553711,101.45492553711,-291.71994018555,0.29805219173431,false,true,true,true
3410,SAMPLE,CONVERGING,true,true,45,0,119,100.44050598145,100.44050598145,-296.26565551758,0.30294191837311,false,true,true,true
3415,SAMPLE,CONVERGING,true,true,45,0,124,99.698570251465,99.698570251465,-299.56854248047,0.30648922920227,false,true,true,true
3420,SAMPLE,CONVERGING,true,true,45,0,129,99.147705078125,99.147705078125,-302.005859375,0.30907797813416,false,true,true,true
3425,SAMPLE,CONVERGING,true,true,45,0,134,98.764671325684,98.764671325684,-303.67938232422,0.31094753742218,false,true,true,true
3430,SAMPLE,CONVERGING,true,true,45,0,139,98.627281188965,98.627281188965,-304.23571777344,0.31157064437866,false,true,true,true
3435,SAMPLE,CONVERGING,true,true,45,0,144,98.526351928711,98.526351928711,-304.65161132813,0.31204998493195,false,true,true,true
3440,SAMPLE,CONVERGING,true,true,45,0,149,98.444816589355,98.444816589355,-304.99411010742,0.31243348121643,false,true,true,true
3445,SAMPLE,CONVERGING,true,true,45,0,154,98.446365356445,98.446365356445,-304.95230102539,0.31243348121643,false,true,true,true
3450,SAMPLE,CONVERGING,true,true,45,0,159,98.416801452637,98.416801452637,-305.0725402832,0.31257736682892,false,true,true,true
3455,SAMPLE,CONVERGING,true,true,45,0,164,98.380661010742,98.380661010742,-305.49520874023,0.31276905536652,false,true,true,true
3460,SAMPLE,CONVERGING,true,true,45,0,169,98.737899780273,98.737899780273,-304.35876464844,0.31104338169098,false,true,true,true
3465,SAMPLE,CONVERGING,true,true,45,0,174,126.56349182129,126.56349182129,-172.57266235352,0.17370200157166,false,true,true,true
3470,SAMPLE,CONVERGING,true,true,45,0,179,144.27056884766,144.27056884766,-82.24772644043,0.082332849502563,false,true,true,true
3475,SAMPLE,CONVERGING,true,true,45,0,184,151.39587402344,151.39587402344,-45.108947753906,0.045085430145264,false,true,true,true
3480,SAMPLE,CONVERGING,true,true,44,0,189,156.51904296875,156.51904296875,-18.266901016235,0.018192291259766,false,false,false,false
3484,AUTO_SHOT,FIRED,true,false,40,2,0,157.42549133301,157.42549133301,-13.511297225952,0.013446569442749,true,false,false,false
3485,SAMPLE,FIRED,true,false,39,2,1,158.09588623047,158.09588623047,-9.9934511184692,0.0099470615386963,true,false,false,false
3490,SAMPLE,FIRED,true,false,34,2,6,159.10426330566,159.10426330566,-4.7013401985168,0.004673957824707,true,false,false,false
3495,SAMPLE,FIRED,true,false,29,2,11,159.51002502441,159.51002502441,-2.5716919898987,0.0025167465209961,true,false,false,false
3496,REARMED,IDLE,true,true,0,0,0,159.51002502441,159.51002502441,-2.5716919898987,0.0025167465209961,true,false,false,false
3500,SAMPLE,IDLE,true,true,0,0,4,159.76950073242,159.76950073242,-1.2098063230515,0.0011265277862549,true,false,false,false
3505,SAMPLE,IDLE,true,true,0,0,9,159.89157104492,159.89157104492,-0.5691043138504,0.0005033016204834,true,false,false,false
3510,SAMPLE,IDLE,true,true,0,0,14,159.94068908691,159.94068908691,-0.3113015294075,0.00026369094848633,true,false,false,false
3515,SAMPLE,IDLE,true,true,0,0,19,159.9759979248,159.9759979248,-0.12597821652889,0.00011980533599854,true,false,false,false
3520,SAMPLE,IDLE,true,true,0,0,24,159.98687744141,159.98687744141,-0.068875558674335,2.3961067199707e-05,true,false,false,false
3525,SAMPLE,IDLE,true,true,0,0,29,159.99281311035,159.99281311035,-0.037721384316683,-2.3841857910156e-05,true,false,false,false
3530,SAMPLE,CONVERGING,true,true,45,0,34,136.66812133789,136.66812133789,-121.55076599121,0.12178564071655,false,true,true,true
3535,SAMPLE,CONVERGING,true,true,45,0,39,141.71588134766,141.71588134766,-95.524230957031,0.095659494400024,false,true,true,true
3540,SAMPLE,CONVERGING,true,true,45,0,44,151.49661254883,151.49661254883,-44.585338592529,0.044558048248291,false,true,true,true
3545,SAMPLE,CONVERGING,true,true,43,0,49,156.62696838379,156.62696838379,-17.700048446655,0.017665028572083,false,false,false,false
3547,AUTO_SHOT,FIRED,true,false,41,2,0,158.28903198242,158.28903198242,-8.9791765213013,0.0089403390884399,true,false,false,false
3550,SAMPLE,FIRED,true,false,38,2,3,160.17127990723,160.17127990723,0.89888870716095,-0.0008387565612793,true,false,false,false
3555,SAMPLE,FIRED,true,false,33,2,8,161.04772949219,161.04772949219,5.4984912872314,-0.0054411888122559,true,false,false,false
3559,REARMED,IDLE,true,true,0,0,0,161.69032287598,161.69032287598,8.8706903457642,-0.0087966918945313,true,false,false,false
3560,SAMPLE,IDLE,true,true,0,0,1,161.69032287598,161.69032287598,8.8706903457642,-0.0087966918945313,true,false,false,false
3565,SAMPLE,IDLE,true,true,0,0,6,162.38775634766,162.38775634766,12.530268669128,-0.012487888336182,true,false,false,false
3570,SAMPLE,IDLE,true,true,0,0,11,162.69589233398,162.69589233398,14.146922111511,-0.014069557189941,true,false,false,false
3575,SAMPLE,IDLE,true,true,0,0,16,162.88934326172,162.88934326172,15.161761283875,-0.015076160430908,true,false,false,false
3580,SAMPLE,IDLE,true,true,0,0,21,163.01831054688,163.01831054688,15.838256835938,-0.015795230865479,false,false,false,false
3585,SAMPLE,IDLE,true,true,0,0,26,163.1742401123,163.1742401123,16.656114578247,-0.016322612762451,false,false,false,false
3590,SAMPLE,IDLE,true,true,0,0,31,163.26750183105,163.26750183105,17.145204544067,-0.01708984375,false,false,false,false
3595,SAMPLE,IDLE,true,true,0,0,36,163.25898742676,163.25898742676,17.100292205811,-0.017041683197021,false,false,false,false
3600,SAMPLE,IDLE,true,true,0,0,41,163.15840148926,163.15840148926,16.572202682495,-0.016514301300049,false,false,false,false
3605,SAMPLE,IDLE,true,true,0,0,46,163.0756072998,163.0756072998,16.137105941772,-0.016083240509033,false,false,false,false
3610,SAMPLE,IDLE,true,true,0,0,51,163.19345092773,163.19345092773,16.753965377808,-0.016705989837646,false,false,false,false
3615,SAMPLE,IDLE,true,true,0,0,56,163.46467590332,163.46467590332,18.17409324646,-0.018096446990967,false,false,false,false
3620,SAMPLE,IDLE,true,true,0,0,61,163.73638916016,163.73638916016,19.597164154053,-0.019534587860107,false,false,false,false
3625,SAMPLE,CONVERGING,true,true,45,0,66,163.97473144531,163.97473144531,20.84525680542,-0.02078104019165,false,true,true,true
3630,SAMPLE,CONVERGING,true,true,45,0,71,164.29579162598,164.29579162598,22.526811599731,-0.022458553314209,false,true,true,true
3635,SAMPLE,CONVERGING,true,true,45,0,76,165.15161132813,165.15161132813,27.007364273071,-0.026965141296387,false,true,true,true
3640,SAMPLE,CONVERGING,true,true,45,0,81,165.45274353027,165.45274353027,28.581972122192,-0.028546810150146,false,true,true,true
3645,SAMPLE,CONVERGING,true,true,45,0,86,165.5749206543,165.5749206543,29.220943450928,-0.029170036315918,false,true,true,true
3650,SAMPLE,CONVERGING,true,true,45,0,91,165.6118927002,165.6118927002,29.414533615112,-0.029361724853516,false,true,true,true
3655,SAMPLE,CONVERGING,true,true,45,0,96,165.6741027832,165.6741027832,29.739854812622,-0.029697418212891,false,true,true,true
3660,SAMPLE,CONVERGING,true,true,45,0,101,165.74598693848,165.74598693848,30.115901947021,-0.030080795288086,false,true,true,true
3665,SAMPLE,CONVERGING,true,true,45,0,106,165.77076721191,165.77076721191,30.245658874512,-0.030224800109863,false,true,true,true
3670,SAMPLE,CONVERGING,true,true,45,0,111,165.77348327637,165.77348327637,30.260051727295,-0.030224800109863,false,true,true,true
3675,SAMPLE,CONVERGING,true,true,45,0,116,165.79615783691,165.79615783691,30.378938674927,-0.030368328094482,false,true,true,true
3680,SAMPLE,CONVERGING,true,true,45,0,121,165.82437133789,165.82437133789,30.526823043823,-0.03051233291626,false,true,true,true
3685,SAMPLE,CONVERGING,true,true,45,0,126,165.8479309082,165.8479309082,30.650098800659,-0.030608177185059,false,true,true,true
3690,SAMPLE,CONVERGING,true,true,45,0,131,165.90985107422,165.90985107422,30.974334716797,-0.030943870544434,false,true,true,true
3695,SAMPLE,CONVERGING,true,true,45,0,136,165.79736328125,165.79736328125,30.388563156128,-0.031039714813232,false,true,true,true
3700,SAMPLE,CONVERGING,true,true,45,0,141,165.49891662598,165.49891662598,28.832792282104,-0.028786659240723,false,true,true,true
3705,SAMPLE,CONVERGING,true,true,45,0,146,165.44540405273,165.44540405273,28.558692932129,-0.028499126434326,false,true,true,true
3710,SAMPLE,CONVERGING,true,true,45,0,151,165.51611328125,165.51611328125,28.934524536133,-0.028882503509521,false,true,true,true
3715,SAMPLE,CONVERGING,true,true,45,0,156,165.3370513916,165.3370513916,27.999544143677,-0.027923583984375,false,true,true,true
3720,SAMPLE,CONVERGING,true,true,45,0,161,164.99549865723,164.99549865723,26.210020065308,-0.026150226593018,false,true,true,true
3725,SAMPLE,CONVERGING,true,true,45,0,166,164.5632019043,164.5632019043,23.943552017212,-0.02389669418335,false,true,true,true
3730,SAMPLE,CONVERGING,true,true,45,0,171,163.89378356934,163.89378356934,20.432752609253,-0.020349502563477,false,true,true,true
3735,SAMPLE,SHOT_READY,true,true,40,1,0,162.50601196289,162.50601196289,13.152010917664,-0.013062953948975,true,false,false,false
3736,AUTO_SHOT,FIRED,true,false,39,2,0,162.50601196289,162.50601196289,13.152010917664,-0.013062953948975,true,false,false,false
3740,SAMPLE,FIRED,true,false,35,2,4,161.45581054688,161.45581054688,7.6407833099365,-0.0075984001159668,true,false,false,false
3745,SAMPLE,FIRED,true,false,30,2,9,160.37403869629,160.37403869629,1.9631713628769,-0.0018935203552246,true,false,false,false
3748,REARMED,IDLE,true,true,0,0,0,159.78364562988,159.78364562988,-1.1355434656143,0.0010786056518555,true,false,false,false
3750,SAMPLE,IDLE,true,true,0,0,2,159.52528381348,159.52528381348,-2.4915456771851,0.0024207830429077,true,false,false,false
3755,SAMPLE,IDLE,true,true,0,0,7,159.25207519531,159.25207519531,-3.9254412651062,0.0038589239120483,true,false,false,false
3760,SAMPLE,CONVERGING,true,true,45,0,12,169.99328613281,169.99328613281,52.377147674561,-0.052371978759766,false,true,true,true
3765,SAMPLE,CONVERGING,true,true,45,0,17,176.62628173828,176.62628173828,86.932151794434,-0.086982727050781,false,true,true,true
3770,SAMPLE,CONVERGING,true,true,45,0,22,180.96244812012,180.96244812012,109.36251068115,-0.10956144332886,false,true,true,true
3775,SAMPLE,CONVERGING,true,true,45,0,27,183.93664550781,183.93664550781,124.65406799316,-0.12494945526123,false,true,true,true
3780,SAMPLE,CONVERGING,true,true,45,0,32,186.06986999512,186.06986999512,135.56791687012,-0.1359748840332,false,true,true,true
3785,SAMPLE,CONVERGING,true,true,45,0,37,188.14488220215,188.14488220215,146.13636779785,-0.14661741256714,false,true,true,true
3790,SAMPLE,CONVERGING,true,true,45,0,42,189.15446472168,189.15446472168,151.26043701172,-0.15179443359375,false,true,true,true
3795,SAMPLE,CONVERGING,true,true,45,0,47,174.24543762207,174.24543762207,74.560989379883,-0.074615001678467,false,true,true,true
3800,SAMPLE,CONVERGING,true,true,45,0,52,165.76324462891,165.76324462891,30.2353515625,-0.030176639556885,false,true,true,true
3805,SAMPLE,CONVERGING,true,true,43,0,57,163.15254211426,163.15254211426,16.544288635254,-0.016514301300049,false,false,false,false
3807,AUTO_SHOT,FIRED,true,false,41,2,0,162.3316192627,162.3316192627,12.236910820007,-0.012152194976807,true,false,false,false
3810,SAMPLE,FIRED,true,false,38,2,3,161.27542114258,161.27542114258,6.6940741539001,-0.0066394805908203,true,false,false,false
3815,SAMPLE,FIRED,true,false,33,2,8,160.51599121094,160.51599121094,2.7082412242889,-0.0026602745056152,true,false,false,false
3819,REARMED,IDLE,true,true,0,0,0,160.28225708008,160.28225708008,1.4814636707306,-0.0014142990112305,true,false,false,false
3820,SAMPLE,IDLE,true,true,0,0,1,160.20875549316,160.20875549316,1.0956813097,-0.001030445098877,true,false,false,false
3825,SAMPLE,IDLE,true,true,0,0,6,160.08445739746,160.08445739746,0.44328626990318,-0.00035953521728516,true,false,false,false
3830,SAMPLE,IDLE,true,true,0,0,11,160.03416442871,160.03416442871,0.17931672930717,-0.00011968612670898,true,false,false,false
3835,SAMPLE,IDLE,true,true,0,0,16,160.01382446289,160.01382446289,0.072559602558613,-2.3841857910156e-05,true,false,false,false
3840,SAMPLE,IDLE,true,true,0,0,21,160.00756835938,160.00756835938,0.039723582565784,2.3961067199707e-05,true,false,false,false
3845,SAMPLE,IDLE,true,true,0,0,26,160.00305175781,160.00305175781,0.016017572954297,-2.3841857910156e-05,true,false,false,false
3850,SAMPLE,IDLE,true,true,0,0,31,160.00143432617,160.00143432617,0.0075282589532435,-2.3841857910156e-05,true,false,false,false
3855,SAMPLE,IDLE,true,true,0,0,36,160.00057983398,160.00057983398,0.0030433388892561,-2.3841857910156e-05,true,false,false,false
3860,SAMPLE,IDLE,true,true,0,0,41,160.00022888184,160.00022888184,0.0012013179948553,-2.3841857910156e-05,true,false,false,false
3865,SAMPLE,CONVERGING,true,true,45,0,46,177.46942138672,177.46942138672,91.307655334473,-0.091392993927002,false,true,true,true
3870,SAMPLE,CONVERGING,true,true,45,0,51,191.2995300293,191.2995300293,162.1070098877,-0.1627721786499,false,true,true,true
3875,SAMPLE,CONVERGING,true,true,45,0,56,174.72415161133,174.72415161133,77.05199432373,-0.077107906341553,false,true,true,true
3880,SAMPLE,CONVERGING,true,true,45,0,61,168.05422973633,168.05422973633,42.236015319824,-0.042209148406982,false,true,true,true
3885,SAMPLE,CONVERGING,true,true,44,0,66,163.25848388672,163.25848388672,17.100101470947,-0.017041683197021,false,false,false,false
3889,AUTO_SHOT,FIRED,true,false,40,2,0,162.07257080078,162.07257080078,10.877531051636,-0.010809898376465,true,false,false,false
3890,SAMPLE,FIRED,true,false,39,2,1,161.53288269043,161.53288269043,8.0452871322632,-0.0079817771911621,true,false,false,false
3895,SAMPLE,FIRED,true,false,34,2,6,160.83850097656,160.83850097656,4.4009461402893,-0.004338264465332,true,false,false,false
3900,SAMPLE,FIRED,true,false,29,2,11,172.95785522461,172.95785522461,67.854347229004,-0.067855834960938,false,true,true,true
3901,REARMED,IDLE,true,true,0,0,0,172.95785522461,172.95785522461,67.854347229004,-0.067855834960938,false,true,true,true
3905,SAMPLE,CONVERGING,true,true,45,0,4,193.82308959961,193.82308959961,174.79222106934,-0.17566728591919,false,true,true,true
3910,SAMPLE,CONVERGING,true,true,45,0,9,192.48742675781,192.48742675781,168.08142089844,-0.16886043548584,false,true,true,true
3915,SAMPLE,CONVERGING,true,true,45,0,14,184.08917236328,184.08917236328,125.42562103271,-0.12571668624878,false,true,true,true
3920,SAMPLE,CONVERGING,true,true,45,0,19,180.08757019043,180.08757019043,104.83060455322,-0.10500764846802,false,true,true,true
3925,SAMPLE,CONVERGING,true,true,45,0,24,179.29808044434,179.29808044434,100.71276855469,-0.099350929260254,false,true,true,true
3930,SAMPLE,CONVERGING,true,true,45,0,29,181.28880310059,181.28880310059,110.93934631348,-0.11123895645142,false,true,true,true
3935,SAMPLE,CONVERGING,true,true,45,0,34,184.76586914063,184.76586914063,128.74797058105,-0.12921571731567,false,true,true,true
3940,SAMPLE,CONVERGING,true,true,45,0,39,189.11459350586,189.11459350586,150.87171936035,-0.15160274505615,false,true,true,true
3945,SAMPLE,CONVERGING,true,true,45,0,44,195.24906921387,195.24906921387,181.73468017578,-0.18290615081787,false,true,true,true
3950,SAMPLE,CONVERGING,true,true,45,0,49,198.58325195313,198.58325195313,198.31811523438,-0.19973230361938,false,true,true,true
3955,SAMPLE,CONVERGING,true,true,45,0,54,201.09931945801,201.09931945801,210.74085998535,-0.21243572235107,false,true,true,true
3960,SAMPLE,CONVERGING,true,true,45,0,59,202.64305114746,202.64305114746,218.33108520508,-0.22015333175659,false,true,true,true
3965,SAMPLE,CONVERGING,true,true,45,0,64,202.86155700684,202.86155700684,219.41760253906,-0.22125625610352,false,true,true,true
3970,SAMPLE,CONVERGING,true,true,45,0,69,203.17504882813,203.17504882813,220.96011352539,-0.22279024124146,false,true,true,true
3975,SAMPLE,CONVERGING,true,true,45,0,74,203.61157226563,203.61157226563,223.08781433105,-0.22499513626099,false,true,true,true
3980,SAMPLE,CONVERGING,true,true,45,0,79,204.20985412598,204.20985412598,225.99186706543,-0.22796726226807,false,true,true,true
3985,SAMPLE,CONVERGING,true,true,45,0,84,204.45227050781,204.45227050781,227.16407775879,-0.22921371459961,false,true,true,true
3990,SAMPLE,CONVERGING,true,true,45,0,89,204.48931884766,204.48931884766,227.33831787109,-0.22935771942139,false,true,true,true
3995,SAMPLE,CONVERGING,true,true,45,0,94,204.27244567871,204.27244567871,226.28210449219,-0.22830295562744,false,true,true,true
4000,SAMPLE,CONVERGING,true,true,45,0,99,204.39906311035,204.39906311035,226.88598632813,-0.22892618179321,false,true,true,true
4005,SAMPLE,CONVERGING,true,true,45,0,104,204.8903503418,204.8903503418,229.24975585938,-0.23137092590332,false,true,true,true
4010,SAMPLE,CONVERGING,true,true,45,0,109,205.31149291992,205.31149291992,231.28091430664,-0.23347997665405,false,true,true,true
4015,SAMPLE,CONVERGING,true,true,45,0,114,206.16491699219,206.16491699219,235.38391113281,-0.23769855499268,false,true,true,true
4020,SAMPLE,CONVERGING,true,true,45,0,119,206.68228149414,206.68228149414,237.86001586914,-0.24023962020874,false,true,true,true
4025,SAMPLE,CONVERGING,true,true,45,0,124,207.60566711426,207.60566711426,242.25660705566,-0.24484157562256,false,true,true,true
4030,SAMPLE,CONVERGING,true,true,45,0,129,208.0401763916,208.0401763916,244.31632995605,-0.24699878692627,false,true,true,true
4035,SAMPLE,CONVERGING,true,true,45,0,134,208.12097167969,208.12097167969,244.70414733887,-0.24738216400146,false,true,true,true
4040,SAMPLE,CONVERGING,true,true,45,0,139,207.97923278809,207.97923278809,244.03930664063,-0.24666309356689,false,true,true,true
4045,SAMPLE,CONVERGING,true,true,45,0,144,207.73318481445,207.73318481445,242.87838745117,-0.24546480178833,false,true,true,true
4050,SAMPLE,CONVERGING,true,true,45,0,149,207.61682128906,207.61682128906,242.32702636719,-0.24488925933838,false,true,true,true
4055,SAMPLE,CONVERGING,true,true,45,0,154,207.53540039063,207.53540039063,241.94248962402,-0.2446494102478,false,true,true,true
4060,SAMPLE,CONVERGING,true,true,45,0,159,207.52230834961,207.52230834961,241.88298034668,-0.24445772171021,false,true,true,true
4065,SAMPLE,CONVERGING,true,true,45,0,164,207.52059936523,207.52059936523,241.87687683105,-0.24441003799438,false,true,true,true
4070,SAMPLE,CONVERGING,true,true,45,0,169,207.4956817627,207.4956817627,241.76106262207,-0.24426603317261,false,true,true,true
4075,SAMPLE,CONVERGING,true,true,45,0,174,207.50694274902,207.50694274902,241.81718444824,-0.24436187744141,false,true,true,true
4080,SAMPLE,CONVERGING,true,true,45,0,179,207.51773071289,207.51773071289,241.86996459961,-0.24441003799438,false,true,true,true
4085,SAMPLE,CONVERGING,true,true,45,0,184,207.52258300781,207.52258300781,241.89375305176,-0.24445772171021,false,true,true,true
4090,SAMPLE,CONVERGING,true,true,45,0,189,207.509765625,207.509765625,241.83241271973,-0.24436187744141,false,true,true,true
4095,SAMPLE,CONVERGING,true,true,45,0,194,207.50749206543,207.50749206543,241.8208770752,-0.24436187744141,false,true,true,true
4100,SAMPLE,CONVERGING,true,true,45,0,199,207.33734130859,207.33734130859,241.03227233887,-0.24349927902222,false,true,true,true
4105,SAMPLE,CONVERGING,true,true,45,0,204,203.86787414551,203.86787414551,224.33056640625,-0.22628974914551,false,true,true,true
4110,SAMPLE,CONVERGING,true,true,45,0,209,199.7781829834,199.7781829834,204.35621643066,-0.20577239990234,false,true,true,true
4115,SAMPLE,CONVERGING,true,true,45,0,214,194.0590057373,194.0590057373,175.97073364258,-0.17686605453491,false,true,true,true
4120,SAMPLE,CONVERGING,true,true,45,0,219,189.21366882324,189.21366882324,151.56045532227,-0.15213012695313,false,true,true,true
4125,SAMPLE,CONVERGING,true,true,45,0,224,184.83045959473,184.83045959473,129.23316955566,-0.12955141067505,false,true,true,true
4130,SAMPLE,CONVERGING,true,true,45,0,229,180.509765625,180.509765625,107.02983856201,-0.10721254348755,false,true,true,true
4135,SAMPLE,CONVERGING,true,true,45,0,234,176.11070251465,176.11070251465,84.258544921875,-0.084298610687256,false,true,true,true
4140,SAMPLE,CONVERGING,true,true,45,0,239,174.17810058594,174.17810058594,74.210525512695,-0.074231624603271,false,true,true,true
4145,SAMPLE,CONVERGING,true,true,45,0,244,172.7268371582,172.7268371582,66.649993896484,-0.066657543182373,false,true,true,true
4150,SAMPLE,CONVERGING,true,true,45,0,249,170.95573425293,170.95573425293,57.40758895874,-0.060425281524658,false,true,true,true
4155,SAMPLE,CONVERGING,true,true,45,0,254,169.8740234375,169.8740234375,51.755168914795,-0.051748752593994,false,true,true,true
4160,SAMPLE,CONVERGING,true,true,45,0,259,168.47061157227,168.47061157227,44.414356231689,-0.046667575836182,false,true,true,true
4165,SAMPLE,CONVERGING,true,true,45,0,264,167.69355773926,167.69355773926,40.346939086914,-0.040339469909668,false,true,true,true
4170,SAMPLE,CONVERGING,true,true,45,0,269,166.84259033203,166.84259033203,35.890785217285,-0.036888122558594,false,true,true,true
4175,SAMPLE,CONVERGING,true,true,45,0,274,166.68273925781,166.68273925781,35.053707122803,-0.035018444061279,false,true,true,true
4180,SAMPLE,CONVERGING,true,true,45,0,279,166.74252319336,166.74252319336,35.366729736328,-0.035210132598877,false,true,true,true
4185,SAMPLE,CONVERGING,true,true,45,0,284,166.7582244873,166.7582244873,35.448799133301,-0.035401821136475,false,true,true,true
4190,SAMPLE,CONVERGING,true,true,45,0,289,166.75901794434,166.75901794434,35.4528465271,-0.035401821136475,false,true,true,true
4195,SAMPLE,CONVERGING,true,true,45,0,294,166.75807189941,166.75807189941,35.447891235352,-0.035401821136475,false,true,true,true
4200,SAMPLE,CONVERGING,true,true,45,0,299,166.76382446289,166.76382446289,35.478065490723,-0.035449981689453,false,true,true,true
4205,SAMPLE,CONVERGING,true,true,45,0,304,167.06986999512,167.06986999512,37.081287384033,-0.037031650543213,false,true,true,true
4210,SAMPLE,CONVERGING,true,true,45,0,309,167.25703430176,167.25703430176,38.061656951904,-0.038038730621338,false,true,true,true
4215,SAMPLE,CONVERGING,true,true,45,0,314,167.13131713867,167.13131713867,37.403442382813,-0.037367343902588,false,true,true,true
4220,SAMPLE,CONVERGING,true,true,45,0,319,166.83770751953,166.83770751953,35.865562438965,-0.035833358764648,false,true,true,true
4225,SAMPLE,CONVERGING,true,true,45,0,324,166.41696166992,166.41696166992,33.660911560059,-0.033580303192139,false,true,true,true
4230,SAMPLE,CONVERGING,true,true,45,0,329,165.95834350586,165.95834350586,31.256929397583,-0.03123140335083,false,true,true,true
4235,SAMPLE,CONVERGING,true,true,45,0,334,165.16807556152,165.16807556152,27.111776351929,-0.027060985565186,false,true,true,true
4240,SAMPLE,CONVERGING,true,true,45,0,339,164.25532531738,164.25532531738,22.316291809082,-0.022266864776611,false,true,true,true
4245,SAMPLE,CONVERGING,true,true,43,0,344,163.70977783203,163.70977783203,19.444738388062,-0.01939058303833,false,false,false,false
4250,SAMPLE,SHOT_READY,true,true,38,1,0,162.98536682129,162.98536682129,15.630431175232,-0.016754150390625,true,false,false,false
4251,AUTO_SHOT,FIRED,true,false,37,2,0,162.98536682129,162.98536682129,15.630431175232,-0.015603542327881,true,false,false,false
4255,SAMPLE,FIRED,true,false,33,2,4,162.55494689941,162.55494689941,13.365797042847,-0.013350486755371,true,false,false,false
4260,SAMPLE,FIRED,true,false,28,2,9,162.08630371094,162.08630371094,10.905126571655,-0.010858058929443,true,false,false,false
4263,REARMED,IDLE,true,true,0,0,0,162.00694274902,162.00694274902,10.488735198975,-0.01047420501709,true,false,false,false
4265,SAMPLE,IDLE,true,true,0,0,2,162.00042724609,162.00042724609,10.453161239624,-0.010330677032471,true,false,false,false
4270,SAMPLE,IDLE,true,true,0,0,7,162.23999023438,162.23999023438,11.705816268921,-0.011720657348633,true,false,false,false
4275,SAMPLE,IDLE,true,true,0,0,12,162.72685241699,162.72685241699,14.253520965576,-0.014213562011719,true,false,false,false
4280,SAMPLE,IDLE,true,true,0,0,17,163.11415100098,163.11415100098,16.280643463135,-0.016274929046631,false,false,false,false
4285,SAMPLE,IDLE,true,true,0,0,22,163.26045227051,163.26045227051,17.046657562256,-0.017041683197021,false,false,false,false
4290,SAMPLE,IDLE,true,true,0,0,27,163.34436035156,163.34436035156,17.486303329468,-0.017521381378174,false,false,false,false
4295,SAMPLE,IDLE,true,true,0,0,32,163.45405578613,163.45405578613,18.061124801636,-0.018048763275146,false,false,false,false
4300,SAMPLE,IDLE,true,true,0,0,37,163.55508422852,163.55508422852,18.590129852295,-0.018623828887939,false,false,false,false
4305,SAMPLE,IDLE,true,true,0,0,42,163.65928649902,163.65928649902,19.135969161987,-0.019151210784912,false,false,false,false
4310,SAMPLE,IDLE,true,true,0,0,47,163.7278137207,163.7278137207,19.495212554932,-0.019486904144287,false,false,false,false
4315,SAMPLE,CONVERGING,true,true,45,0,52,163.85360717773,163.85360717773,20.154041290283,-0.020157814025879,false,true,true,true
4320,SAMPLE,CONVERGING,true,true,45,0,57,164.06478881836,164.06478881836,21.259260177612,-0.021260261535645,false,true,true,true
4325,SAMPLE,CONVERGING,true,true,45,0,62,164.19155883789,164.19155883789,21.922533035278,-0.021931648254395,false,true,true,true
4330,SAMPLE,CONVERGING,true,true,45,0,67,164.30647277832,164.30647277832,22.524457931519,-0.022554874420166,false,true,true,true
4335,SAMPLE,CONVERGING,true,true,45,0,72,164.46022033691,164.46022033691,23.329326629639,-0.023321628570557,false,true,true,true
4340,SAMPLE,CONVERGING,true,true,45,0,77,164.61761474609,164.61761474609,24.152809143066,-0.024136543273926,false,true,true,true
4345,SAMPLE,CONVERGING,true,true,45,0,82,164.74880981445,164.74880981445,24.839382171631,-0.024855613708496,false,true,true,true
4350,SAMPLE,CONVERGING,true,true,45,0,87,164.83491516113,164.83491516113,25.290102005005,-0.02533483505249,false,true,true,true
4355,SAMPLE,CONVERGING,true,true,45,0,92,164.92384338379,164.92384338379,25.755582809448,-0.025766372680664,false,true,true,true
4360,SAMPLE,CONVERGING,true,true,45,0,97,164.99580383301,164.99580383301,26.1321849823,-0.026150226593018,false,true,true,true
4365,SAMPLE,CONVERGING,true,true,45,0,102,165.07905578613,165.07905578613,26.567825317383,-0.026581287384033,false,true,true,true
4370,SAMPLE,CONVERGING,true,true,45,0,107,164.90400695801,164.90400695801,25.653894424438,-0.025670528411865,false,true,true,true
4375,SAMPLE,CONVERGING,true,true,45,0,112,163.84452819824,163.84452819824,20.124101638794,-0.0201096534729,false,true,true,true
4380,AUTO_SHOT,FIRED,true,false,40,2,0,162.97665405273,162.97665405273,15.590920448303,-0.015555858612061,true,false,false,false
4380,SAMPLE,FIRED,true,false,40,2,0,162.97665405273,162.97665405273,15.590920448303,-0.015555858612061,true,false,false,false
4385,SAMPLE,FIRED,true,false,35,2,5,161.78981018066,161.78981018066,9.3813133239746,-0.0093235969543457,true,false,false,false
4390,SAMPLE,FIRED,true,false,30,2,10,160.89260864258,160.89260864258,4.680983543396,-0.0046257972717285,true,false,false,false
4392,REARMED,IDLE,true,true,0,0,0,160.64337158203,160.64337158203,3.3744068145752,-0.0033316612243652,true,false,false,false
4395,SAMPLE,IDLE,true,true,0,0,3,160.50340270996,160.50340270996,2.6404747962952,-0.0025649070739746,true,false,false,false
4400,SAMPLE,IDLE,true,true,0,0,8,160.35415649414,160.35415649414,1.8577202558517,-0.0017976760864258,true,false,false,false
4405,SAMPLE,IDLE,true,true,0,0,13,160.30879211426,160.30879211426,1.6197596788406,-0.0015578269958496,true,false,false,false
4410,SAMPLE,IDLE,true,true,0,0,18,160.14448547363,160.14448547363,0.75787860155106,-0.00069522857666016,true,false,false,false
4415,SAMPLE,IDLE,true,true,0,0,23,159.86810302734,159.86810302734,-0.69181716442108,0.00064718723297119,true,false,false,false
4420,SAMPLE,IDLE,true,true,0,0,28,159.41261291504,159.41261291504,-3.0807085037231,0.0030440092086792,true,false,false,false
4425,SAMPLE,IDLE,true,true,0,0,33,158.85656738281,158.85656738281,-5.9964785575867,0.0059202909469604,true,false,false,false
4430,SAMPLE,IDLE,true,true,0,0,38,158.27502441406,158.27502441406,-9.0454530715942,0.0089882612228394,true,false,false,false
4435,SAMPLE,IDLE,true,true,0,0,43,157.91784667969,157.91784667969,-10.91953086853,0.010857820510864,true,false,false,false
4440,SAMPLE,IDLE,true,true,0,0,48,157.85153198242,157.85153198242,-11.269192695618,0.01119339466095,true,false,false,false
4445,SAMPLE,IDLE,true,true,0,0,53,157.87356567383,157.87356567383,-11.156311035156,0.011097550392151,true,false,false,false
4450,SAMPLE,IDLE,true,true,0,0,58,158.17079162598,158.17079162598,-9.5988168716431,0.009515643119812,true,false,false,false
4455,SAMPLE,IDLE,true,true,0,0,63,158.61633300781,158.61633300781,-7.2619886398315,0.0071667432785034,true,false,false,false
4460,SAMPLE,IDLE,true,true,0,0,68,158.93765258789,158.93765258789,-5.5757803916931,0.0054888725280762,true,false,false,false
4465,SAMPLE,IDLE,true,true,0,0,73,159.17733764648,159.17733764648,-4.3178157806396,0.0042424201965332,true,false,false,false
4470,SAMPLE,IDLE,true,true,0,0,78,159.12979125977,159.12979125977,-4.5673432350159,0.0044822692871094,true,false,false,false
4475,SAMPLE,IDLE,true,true,0,0,83,159.75912475586,159.75912475586,-1.2642613649368,0.0012223720550537,true,false,false,false
4480,SAMPLE,IDLE,true,true,0,0,88,161.20465087891,161.20465087891,6.3225922584534,-0.0062556266784668,true,false,false,false
4485,SAMPLE,IDLE,true,true,0,0,93,162.46691894531,162.46691894531,12.946787834167,-0.012871265411377,true,false,false,false
4490,SAMPLE,IDLE,true,true,0,0,98,163.44134521484,163.44134521484,18.059404373169,-0.018000602722168,false,false,false,false
4495,SAMPLE,CONVERGING,true,true,45,0,103,164.82440185547,164.82440185547,25.313390731812,-0.025238990783691,false,true,true,true
4500,SAMPLE,CONVERGING,true,true,45,0,108,165.26622009277,165.26622009277,27.629796981812,-0.027588367462158,false,true,true,true
4505,SAMPLE,CONVERGING,true,true,45,0,113,165.50398254395,165.50398254395,28.876001358032,-0.028834342956543,false,true,true,true
4510,SAMPLE,CONVERGING,true,true,45,0,118,165.34729003906,165.34729003906,28.054306030273,-0.028019428253174,false,true,true,true
4515,SAMPLE,CONVERGING,true,true,45,0,123,165.26261901855,165.26261901855,27.609888076782,-0.02754020690918,false,true,true,true
4520,SAMPLE,CONVERGING,true,true,45,0,128,165.20608520508,165.20608520508,27.31307220459,-0.027252674102783,false,true,true,true
4525,SAMPLE,CONVERGING,true,true,45,0,133,165.12588500977,165.12588500977,26.892061233521,-0.026821136474609,false,true,true,true
4530,SAMPLE,CONVERGING,true,true,45,0,138,165.03544616699,165.03544616699,26.417375564575,-0.026341915130615,false,true,true,true
4535,SAMPLE,CONVERGING,true,true,45,0,143,164.96560668945,164.96560668945,26.050756454468,-0.02600622177124,false,true,true,true
4540,SAMPLE,CONVERGING,true,true,45,0,148,164.74574279785,164.74574279785,24.897432327271,-0.024807453155518,false,true,true,true
4545,SAMPLE,CONVERGING,true,true,43,0,153,163.2138671875,163.2138671875,16.862554550171,-0.016802310943604,false,false,false,false
4548,AUTO_SHOT,FIRED,true,false,40,2,0,160.80618286133,160.80618286133,4.2298521995544,-0.0041465759277344,true,false,false,false
4550,SAMPLE,FIRED,true,false,38,2,2,158.00942993164,158.00942993164,-10.441795349121,0.010378479957581,true,false,false,false
4555,SAMPLE,FIRED,true,false,33,2,7,149.77563476563,149.77563476563,-53.544353485107,0.05357027053833,false,true,true,true
4560,REARMED,IDLE,true,true,0,0,0,141.04040527344,141.04040527344,-98.958526611328,0.099159002304077,false,true,true,true
4560,SAMPLE,IDLE,true,true,0,0,0,141.04040527344,141.04040527344,-98.958526611328,0.099159002304077,false,true,true,true
4565,SAMPLE,CONVERGING,true,true,45,0,5,127.2021484375,127.2021484375,-169.58061218262,0.17044222354889,false,true,true,true
4570,SAMPLE,CONVERGING,true,true,45,0,10,117.99925231934,117.99925231934,-215.19975280762,0.21694183349609,false,true,true,true
4575,SAMPLE,CONVERGING,true,true,45,0,15,109.05002593994,109.05002593994,-258.2258605957,0.26128399372101,false,true,true,true
4580,SAMPLE,CONVERGING,true,true,45,0,20,100.72244262695,100.72244262695,-296.9192199707,0.30159962177277,false,true,true,true
4585,SAMPLE,CONVERGING,true,true,45,0,25,127.57469177246,127.57469177246,-167.74732971191,0.16852486133575,false,true,true,true
4590,SAMPLE,CONVERGING,true,true,45,0,30,146.88177490234,146.88177490234,-68.688201904297,0.068718671798706,false,true,true,true
4595,SAMPLE,CONVERGING,true,true,45,0,35,153.82884216309,153.82884216309,-32.372993469238,0.032285928726196,false,true,true,true
4600,SAMPLE,SHOT_READY,true,true,44,1,0,157.09692382813,157.09692382813,-15.235407829285,0.015172243118286,true,false,false,false
4601,AUTO_SHOT,FIRED,true,false,43,2,0,157.09692382813,157.09692382813,-15.235407829285,0.015172243118286,true,false,false,false
4605,SAMPLE,FIRED,true,false,39,2,4,158.41198730469,158.41198730469,-8.3346109390259,0.008269190788269,true,false,false,false
4610,SAMPLE,FIRED,true,false,34,2,9,159.13134765625,159.13134765625,-4.5591940879822,0.0044822692871094,true,false,false,false
4613,REARMED,IDLE,true,true,0,0,0,159.35754394531,159.35754394531,-3.3719999790192,0.0033316612243652,true,false,false,false
4615,SAMPLE,IDLE,true,true,0,0,2,159.52484130859,159.52484130859,-2.4939284324646,0.0024207830429077,true,false,false,false
4620,SAMPLE,IDLE,true,true,0,0,7,159.80776977539,159.80776977539,-1.0089464187622,0.00098276138305664,true,false,false,false
4625,SAMPLE,IDLE,true,true,0,0,12,159.89485168457,159.89485168457,-0.55188536643982,0.0005033016204834,true,false,false,false
4630,SAMPLE,IDLE,true,true,0,0,17,159.94247436523,159.94247436523,-0.3019312620163,0.00021576881408691,true,false,false,false
4635,SAMPLE,IDLE,true,true,0,0,22,159.96853637695,159.96853637695,-0.16514118015766,0.00011980533599854,true,false,false,false
4640,SAMPLE,IDLE,true,true,0,0,27,159.98278808594,159.98278808594,-0.090339109301567,2.3961067199707e-05,true,false,false,false
4645,SAMPLE,IDLE,true,true,0,0,32,159.99058532715,159.99058532715,-0.049414210021496,-2.3841857910156e-05,true,false,false,false
4650,SAMPLE,IDLE,true,true,0,0,37,159.99671936035,159.99671936035,-0.017218889668584,-2.3841857910156e-05,true,false,false,false
4655,SAMPLE,IDLE,true,true,0,0,42,159.9984588623,159.9984588623,-0.0080888736993074,-2.3841857910156e-05,true,false,false,false
4660,SAMPLE,CONVERGING,true,true,45,0,47,134.57977294922,134.57977294922,-132.24966430664,0.13261950016022,false,true,true,true
4665,SAMPLE,CONVERGING,true,true,45,0,52,130.7419128418,130.7419128418,-151.78544616699,0.15232181549072,false,true,true,true
4670,SAMPLE,CONVERGING,true,true,45,0,57,137.47633361816,137.47633361816,-117.39987182617,0.11761498451233,false,true,true,true
4675,SAMPLE,CONVERGING,true,true,45,0,62,140.95042419434,140.95042419434,-99.484817504883,0.099590420722961,false,true,true,true
4680,SAMPLE,CONVERGING,true,true,45,0,67,142.24000549316,142.24000549316,-92.806945800781,0.092927098274231,false,true,true,true
4685,SAMPLE,CONVERGING,true,true,45,0,72,142.84568786621,142.84568786621,-89.664352416992,0.089763164520264,false,true,true,true
4690,SAMPLE,CONVERGING,true,true,45,0,77,143.05697631836,143.05697631836,-88.565589904785,0.088660597801208,false,true,true,true
4695,SAMPLE,CONVERGING,true,true,45,0,82,143.02546691895,143.02546691895,-88.727226257324,0.088804483413696,false,true,true,true
4700,SAMPLE,CONVERGING,true,true,45,0,87,143.00016784668,143.00016784668,-88.856704711914,0.088948249816895,false,true,true,true
4705,SAMPLE,CONVERGING,true,true,45,0,92,142.95231628418,142.95231628418,-89.103202819824,0.089187979698181,false,true,true,true
4710,SAMPLE,CONVERGING,true,true,45,0,97,142.89517211914,142.89517211914,-89.398719787598,0.089475512504578,false,true,true,true
4715,SAMPLE,CONVERGING,true,true,45,0,102,142.72338867188,142.72338867188,-90.292434692383,0.090386509895325,false,true,true,true
4720,SAMPLE,CONVERGING,true,true,45,0,107,142.02243041992,142.02243041992,-93.934257507324,0.094029664993286,false,true,true,true
4725,SAMPLE,CONVERGING,true,true,45,0,112,141.45780944824,141.45780944824,-96.862243652344,0.096953868865967,false,true,true,true
4730,SAMPLE,CONVERGING,true,true,45,0,117,141.04025268555,141.04025268555,-99.023735046387,0.099159002304077,false,true,true,true
4735,SAMPLE,CONVERGING,true,true,45,0,122,140.9132232666,140.9132232666,-99.679275512695,0.099830150604248,false,true,true,true
4740,SAMPLE,CONVERGING,true,true,45,0,127,140.9162902832,140.9162902832,-99.659950256348,0.099782228469849,false,true,true,true
4745,SAMPLE,CONVERGING,true,true,45,0,132,140.91290283203,140.91290283203,-99.675132751465,0.099830150604248,false,true,true,true
4750,SAMPLE,CONVERGING,true,true,45,0,137,140.93562316895,140.93562316895,-99.557777404785,0.09968638420105,false,true,true,true
4755,SAMPLE,CONVERGING,true,true,45,0,142,140.92501831055,140.92501831055,-99.613395690918,0.099782228469849,false,true,true,true
4760,SAMPLE,CONVERGING,true,true,45,0,147,140.90559387207,140.90559387207,-99.714897155762,0.099830150604248,false,true,true,true
4765,SAMPLE,CONVERGING,true,true,45,0,152,140.93162536621,140.93162536621,-99.580955505371,0.099734306335449,false,true,true,true
4770,SAMPLE,CONVERGING,true,true,45,0,157,140.93797302246,140.93797302246,-99.548561096191,0.09968638420105,false,true,true,true
4775,SAMPLE,CONVERGING,true,true,45,0,162,140.92784118652,140.92784118652,-99.601165771484,0.099734306335449,false,true,true,true
4780,SAMPLE,CONVERGING,true,true,45,0,167,141.05776977539,141.05776977539,-98.929885864258,0.099063158035278,false,true,true,true
4785,SAMPLE,CONVERGING,true,true,45,0,172,141.04373168945,141.04373168945,-99.002479553223,0.099159002304077,false,true,true,true
4790,SAMPLE,CONVERGING,true,true,45,0,177,141.15641784668,141.15641784668,-98.41796875,0.098583817481995,false,true,true,true
4795,SAMPLE,CONVERGING,true,true,45,0,182,141.15913391113,141.15913391113,-98.401847839355,0.098535895347595,false,true,true,true
4800,SAMPLE,CONVERGING,true,true,45,0,187,140.90440368652,140.90440368652,-99.718017578125,0.099830150604248,false,true,true,true
4805,SAMPLE,CONVERGING,true,true,45,0,192,140.32664489746,140.32664489746,-102.70279693604,0.10285019874573,false,true,true,true
4810,SAMPLE,CONVERGING,true,true,45,0,197,139.02459716797,139.02459716797,-109.42481994629,0.10721254348755,false,true,true,true
4815,SAMPLE,CONVERGING,true,true,45,0,202,138.08911132813,138.08911132813,-114.24647521973,0.11445116996765,false,true,true,true
4820,SAMPLE,CONVERGING,true,true,45,0,207,136.97229003906,136.97229003906,-119.99072265625,0.12025153636932,false,true,true,true
4825,SAMPLE,CONVERGING,true,true,45,0,212,136.283203125,136.283203125,-123.52680206299,0.12379896640778,false,true,true,true
4830,SAMPLE,CONVERGING,true,true,45,0,217,135.7266998291,135.7266998291,-126.37632751465,0.12667512893677,false,true,true,true
4835,SAMPLE,CONVERGING,true,true,45,0,222,135.45265197754,135.45265197754,-127.77508544922,0.12811326980591,false,true,true,true
4840,SAMPLE,CONVERGING,true,true,45,0,227,135.25257873535,135.25257873535,-128.7918548584,0.12911999225616,false,true,true,true
4845,SAMPLE,CONVERGING,true,true,45,0,232,135.45121765137,135.45121765137,-127.76901245117,0.12811326980591,false,true,true,true
4850,SAMPLE,CONVERGING,true,true,45,0,237,135.70315551758,135.70315551758,-126.47211456299,0.12681901454926,false,true,true,true
4855,SAMPLE,CONVERGING,true,true,45,0,242,135.8508605957,135.8508605957,-125.7087020874,0.12605202198029,false,true,true,true
4860,SAMPLE,CONVERGING,true,true,45,0,247,135.88502502441,135.88502502441,-125.52935791016,0.1258602142334,false,true,true,true
4865,SAMPLE,CONVERGING,true,true,45,0,252,135.86380004883,135.86380004883,-125.63667297363,0.12600409984589,false,true,true,true
4870,SAMPLE,CONVERGING,true,true,45,0,257,135.8282623291,135.8282623291,-125.8162689209,0.12614786624908,false,true,true,true
4875,SAMPLE,CONVERGING,true,true,45,0,262,135.8413848877,135.8413848877,-125.74764251709,0.12609994411469,false,true,true,true
4880,SAMPLE,CONVERGING,true,true,45,0,267,135.84609985352,135.84609985352,-125.72285461426,0.12609994411469,false,true,true,true
4885,SAMPLE,CONVERGING,true,true,45,0,272,135.81837463379,135.81837463379,-125.86474609375,0.12619578838348,false,true,true,true
4890,SAMPLE,CONVERGING,true,true,45,0,277,135.80541992188,135.80541992188,-125.93135070801,0.12624371051788,false,true,true,true
4895,SAMPLE,CONVERGING,true,true,45,0,282,135.81121826172,135.81121826172,-125.90120697021,0.12624371051788,false,true,true,true
4900,SAMPLE,CONVERGING,true,true,45,0,287,135.81362915039,135.81362915039,-125.88848876953,0.12624371051788,false,true,true,true
4905,SAMPLE,CONVERGING,true,true,45,0,292,135.81842041016,135.81842041016,-125.86388397217,0.12619578838348,false,true,true,true
4910,SAMPLE,CONVERGING,true,true,45,0,297,135.89057922363,135.89057922363,-125.49337005615,0.125812292099,false,true,true,true
4915,SAMPLE,CONVERGING,true,true,45,0,302,135.92433166504,135.92433166504,-125.32050323486,0.1256685256958,false,true,true,true
4920,SAMPLE,CONVERGING,true,true,45,0,307,135.95574951172,135.95574951172,-125.15960693359,0.12547671794891,false,true,true,true
4925,SAMPLE,CONVERGING,true,true,45,0,312,135.60736083984,135.60736083984,-126.95581054688,0.12729835510254,false,true,true,true
4930,SAMPLE,CONVERGING,true,true,45,0,317,134.88558959961,134.88558959961,-130.66110229492,0.13103759288788,false,true,true,true
4935,SAMPLE,CONVERGING,true,true,45,0,322,133.53228759766,133.53228759766,-137.58131408691,0.13798856735229,false,true,true,true
4940,SAMPLE,CONVERGING,true,true,45,0,327,132.68772888184,132.68772888184,-141.88864135742,0.14235079288483,false,true,true,true
4945,SAMPLE,CONVERGING,true,true,45,0,332,131.64642333984,131.64642333984,-147.19290161133,0.1477198600769,false,true,true,true
4950,SAMPLE,CONVERGING,true,true,45,0,337,130.28602600098,130.28602600098,-154.09428405762,0.15467083454132,false,true,true,true
4955,SAMPLE,CONVERGING,true,true,45,0,342,128.18447875977,128.18447875977,-164.70751953125,0.1654087305069,false,true,true,true
4960,SAMPLE,CONVERGING,true,true,45,0,347,126.94035339355,126.94035339355,-170.96337890625,0.17173659801483,false,true,true,true
4965,SAMPLE,CONVERGING,true,true,45,0,352,125.96229553223,125.96229553223,-175.86665344238,0.17677009105682,false,true,true,true
4970,SAMPLE,CONVERGING,true,true,45,0,357,125.41170501709,125.41170501709,-178.62098693848,0.17955040931702,false,true,true,true
4975,SAMPLE,CONVERGING,true,true,45,0,362,124.44686126709,124.44686126709,-183.43643188477,0.18444013595581,false,true,true,true
4980,SAMPLE,CONVERGING,true,true,45,0,367,124.09417724609,124.09417724609,-185.19218444824,0.18621373176575,false,true,true,true
4985,SAMPLE,CONVERGING,true,true,45,0,372,124.07607269287,124.07607269287,-185.28056335449,0.18630957603455,false,true,true,true
4990,SAMPLE,CONVERGING,true,true,45,0,377,124.13604736328,124.13604736328,-184.97985839844,0.18602204322815,false,true,true,true
4995,SAMPLE,CONVERGING,true,true,45,0,382,124.08343505859,124.08343505859,-185.23959350586,0.18630957603455,false,true,true,true
5000,SAMPLE,CONVERGING,true,true,45,0,387,123.4839630127,123.4839630127,-188.22117614746,0.18928170204163,false,true,true,true
5005,SAMPLE,CONVERGING,true,true,45,0,392,120.99853515625,120.99853515625,-200.52684020996,0.19618475437164,false,true,true,true
5010,SAMPLE,CONVERGING,true,true,45,0,397,119.77574157715,119.77574157715,-206.54750061035,0.20802545547485,false,true,true,true
5015,SAMPLE,CONVERGING,true,true,45,0,402,117.23365783691,117.23365783691,-218.9969329834,0.22077679634094,false,true,true,true
5020,SAMPLE,CONVERGING,true,true,45,0,407,115.13862609863,115.13862609863,-229.18612670898,0.23122727870941,false,true,true,true
5025,SAMPLE,CONVERGING,true,true,45,0,412,113.77868652344,113.77868652344,-235.75999450684,0.23798632621765,false,true,true,true
5030,SAMPLE,CONVERGING,true,true,45,0,417,112.74343109131,112.74343109131,-240.73597717285,0.24311566352844,false,true,true,true
5035,SAMPLE,CONVERGING,true,true,45,0,422,111.75175476074,111.75175476074,-245.47850036621,0.24800539016724,false,true,true,true
5040,SAMPLE,CONVERGING,true,true,45,0,427,110.87127685547,110.87127685547,-249.67098999023,0.25231969356537,false,true,true,true
5045,SAMPLE,CONVERGING,true,true,45,0,432,123.4921875,123.4921875,-188.1676940918,0.18928170204163,false,true,true,true
5050,SAMPLE,CONVERGING,true,true,45,0,437,164.01550292969,164.01550292969,21.06862449646,-0.021020412445068,false,true,true,true
5055,SAMPLE,CONVERGING,true,true,45,0,442,188.68446350098,188.68446350098,148.84962463379,-0.14939737319946,false,true,true,true
5060,SAMPLE,CONVERGING,true,true,45,0,447,203.60768127441,203.60768127441,223.03129577637,-0.22494745254517,false,true,true,true
5065,SAMPLE,CONVERGING,true,true,45,0,452,209.20883178711,209.20883178711,249.9356842041,-0.25275087356567,false,true,true,true
5070,SAMPLE,CONVERGING,true,true,45,0,457,213.0703125,213.0703125,268.11624145508,-0.2716383934021,false,true,true,true
5075,SAMPLE,CONVERGING,true,true,45,0,462,216.27139282227,216.27139282227,282.95193481445,-0.28717041015625,false,true,true,true
5080,SAMPLE,CONVERGING,true,true,45,0,467,217.30145263672,217.30145263672,287.68551635742,-0.29210805892944,false,true,true,true
5085,SAMPLE,CONVERGING,true,true,45,0,472,217.99095153809,217.99095153809,290.85107421875,-0.29541540145874,false,true,true,true
5090,SAMPLE,CONVERGING,true,true,45,0,477,218.34991455078,218.34991455078,292.49807739258,-0.29714155197144,false,true,true,true
5095,SAMPLE,CONVERGING,true,true,45,0,482,218.62565612793,218.62565612793,293.75329589844,-0.2984356880188,false,true,true,true
5100,SAMPLE,CONVERGING,true,true,45,0,487,218.84950256348,218.84950256348,294.76858520508,-0.29953813552856,false,true,true,true
5105,SAMPLE,CONVERGING,true,true,45,0,492,219.05653381348,219.05653381348,295.70684814453,-0.30054521560669,false,true,true,true
5110,SAMPLE,CONVERGING,true,true,45,0,497,219.21838378906,219.21838378906,296.44049072266,-0.30131196975708,false,true,true,true
5115,SAMPLE,CONVERGING,true,true,45,0,502,219.15718078613,219.15718078613,296.15902709961,-0.30102443695068,false,true,true,true
5120,SAMPLE,CONVERGING,true,true,45,0,507,218.95994567871,218.95994567871,295.25527954102,-0.30006551742554,false,true,true,true
5125,SAMPLE,CONVERGING,true,true,45,0,512,218.74116516113,218.74116516113,294.24697875977,-0.29901075363159,false,true,true,true
5130,SAMPLE,CONVERGING,true,true,45,0,517,218.08543395996,218.08543395996,291.22994995117,-0.29589509963989,false,true,true,true
5135,SAMPLE,CONVERGING,true,true,45,0,522,216.6194152832,216.6194152832,284.45785522461,-0.28884840011597,false,true,true,true
5140,SAMPLE,CONVERGING,true,true,45,0,527,215.39007568359,215.39007568359,278.75582885742,-0.28290414810181,false,true,true,true
5145,SAMPLE,CONVERGING,true,true,45,0,532,213.65063476563,213.65063476563,270.67977905273,-0.27446699142456,false,true,true,true
5150,SAMPLE,CONVERGING,true,true,45,0,537,212.76840209961,212.76840209961,266.60400390625,-0.27015256881714,false,true,true,true
5155,SAMPLE,CONVERGING,true,true,45,0,542,212.72613525391,212.72613525391,266.4782409668,-0.26996088027954,false,true,true,true
5160,SAMPLE,CONVERGING,true,true,45,0,547,212.92404174805,212.92404174805,267.46127319336,-0.27091932296753,false,true,true,true
5165,SAMPLE,CONVERGING,true,true,45,0,552,213.08033752441,213.08033752441,268.22555541992,-0.2716383934021,false,true,true,true
5170,SAMPLE,CONVERGING,true,true,45,0,557,200.07015991211,200.07015991211,205.71304321289,-0.20721054077148,false,true,true,true
5175,SAMPLE,CONVERGING,true,true,45,0,562,179.05165100098,179.05165100098,99.455825805664,-0.09963846206665,false,true,true,true
5180,SAMPLE,CONVERGING,true,true,45,0,567,140.37133789063,140.37133789063,-102.43835449219,0.10265839099884,false,true,true,true
5185,SAMPLE,CONVERGING,true,true,45,0,572,124.61577606201,124.61577606201,-182.51412963867,0.18357706069946,false,true,true,true
5190,SAMPLE,CONVERGING,true,true,45,0,577,114.11715698242,114.11715698242,-233.98139953613,0.23630857467651,false,true,true,true
5195,SAMPLE,CONVERGING,true,true,45,0,582,116.25967407227,116.25967407227,-223.5107421875,0.22561848163605,false,true,true,true
5200,SAMPLE,CONVERGING,true,true,45,0,587,122.5043182373,122.5043182373,-192.79319763184,0.19426727294922,false,true,true,true
5205,SAMPLE,CONVERGING,true,true,45,0,592,133.01121520996,133.01121520996,-140.04829406738,0.14067304134369,false,true,true,true
5210,SAMPLE,CONVERGING,true,true,45,0,597,143.16090393066,143.16090393066,-87.947532653809,0.088085412979126,false,true,true,true
5215,SAMPLE,SHOT_READY,true,true,44,1,0,158.35176086426,158.35176086426,-8.644437789917,0.0086047649383545,true,false,false,false
5216,AUTO_SHOT,FIRED,true,false,43,2,0,158.35176086426,158.35176086426,-8.644437789917,0.0086047649383545,true,false,false,false
5220,SAMPLE,FIRED,true,false,39,2,4,167.83320617676,167.83320617676,41.048191070557,-0.041058540344238,false,true,true,true
5225,SAMPLE,FIRED,true,false,34,2,9,176.77847290039,176.77847290039,87.646842956543,-0.08779764175415,false,true,true,true
5228,REARMED,IDLE,true,true,0,0,0,185.14379882813,185.14379882813,130.73469543457,-0.13118124008179,false,true,true,true
5230,SAMPLE,CONVERGING,true,true,45,0,2,189.36730957031,189.36730957031,152.23641967773,-0.15289735794067,false,true,true,true
5235,SAMPLE,CONVERGING,true,true,45,0,7,197.85098266602,197.85098266602,194.78225708008,-0.19604110717773,false,true,true,true
5240,SAMPLE,CONVERGING,true,true,45,0,12,206.0608215332,206.0608215332,234.93058776855,-0.23717164993286,false,true,true,true
5245,SAMPLE,CONVERGING,true,true,45,0,17,213.91983032227,213.91983032227,272.23638916016,-0.27576112747192,false,true,true,true
5250,SAMPLE,CONVERGING,true,true,45,0,22,223.87153625488,223.87153625488,317.70425415039,-0.31109142303467,false,true,true,true
5255,SAMPLE,CONVERGING,true,true,45,0,27,194.93826293945,194.93826293945,180.34346008301,-0.18132400512695,false,true,true,true
5260,SAMPLE,CONVERGING,true,true,45,0,32,179.11151123047,179.11151123047,99.803916931152,-0.099925994873047,false,true,true,true
5265,SAMPLE,CONVERGING,true,true,45,0,37,170.45414733887,170.45414733887,54.786865234375,-0.054768562316895,false,true,true,true
5270,SAMPLE,CONVERGING,true,true,45,0,42,165.71850585938,165.71850585938,30.000732421875,-0.029937267303467,false,true,true,true
5275,SAMPLE,SHOT_READY,true,true,42,1,0,162.31352233887,162.31352233887,12.141938209534,-0.016322612762451,true,false,false,false
5276,AUTO_SHOT,FIRED,true,false,41,2,0,162.31352233887,162.31352233887,12.141938209534,-0.012056350708008,true,false,false,false
5280,SAMPLE,FIRED,true,false,37,2,4,161.7110748291,161.7110748291,8.980447769165,-0.0089402198791504,true,false,false,false
5285,SAMPLE,FIRED,true,false,32,2,9,160.80493164063,160.80493164063,4.224757194519,-0.0041465759277344,true,false,false,false
5288,REARMED,IDLE,true,true,0,0,0,160.37866210938,160.37866210938,1.9874567985535,-0.0019412040710449,true,false,false,false
5290,SAMPLE,IDLE,true,true,0,0,2,160.37866210938,160.37866210938,1.9874567985535,-0.0019412040710449,true,false,false,false
5295,SAMPLE,IDLE,true,true,0,0,7,160.15319824219,160.15319824219,0.80408191680908,-0.00074291229248047,true,false,false,false
5300,SAMPLE,IDLE,true,true,0,0,12,160.08380126953,160.08380126953,0.439842492342,-0.00035953521728516,true,false,false,false
5305,SAMPLE,IDLE,true,true,0,0,17,160.03942871094,160.03942871094,0.20694704353809,-0.00011968612670898,true,false,false,false
5310,SAMPLE,IDLE,true,true,0,0,22,160.01853942871,160.01853942871,0.097306758165359,-2.3841857910156e-05,true,false,false,false
5315,SAMPLE,IDLE,true,true,0,0,27,160.01014709473,160.01014709473,0.053258430212736,2.3961067199707e-05,true,false,false,false
5320,SAMPLE,CONVERGING,true,true,45,0,32,184.84646606445,184.84646606445,129.26988220215,-0.12964725494385,false,true,true,true
5325,SAMPLE,CONVERGING,true,true,45,0,37,178.45124816895,178.45124816895,96.133239746094,-0.096522331237793,false,true,true,true
5330,SAMPLE,CONVERGING,true,true,45,0,42,170.32806396484,170.32806396484,53.901332855225,-0.054097652435303,false,true,true,true
5335,SAMPLE,CONVERGING,true,true,45,0,47,164.21241760254,164.21241760254,21.981204986572,-0.022027492523193,false,true,true,true
5340,SAMPLE,SHOT_READY,true,true,42,1,0,162.20050048828,162.20050048828,11.479211807251,-0.011481285095215,true,false,false,false
5341,AUTO_SHOT,FIRED,true,false,41,2,0,162.20050048828,162.20050048828,11.479211807251,-0.011481285095215,true,false,false,false
5345,SAMPLE,FIRED,true,false,37,2,4,160.81785583496,160.81785583496,4.2656979560852,-0.0042424201965332,true,false,false,false
5350,SAMPLE,FIRED,true,false,32,2,9,159.80290222168,159.80290222168,-1.0278347730637,0.00098276138305664,true,false,false,false
5353,REARMED,IDLE,true,true,0,0,0,159.41651916504,159.41651916504,-3.0425796508789,0.0029960870742798,true,false,false,false
5355,SAMPLE,IDLE,true,true,0,0,2,159.12126159668,159.12126159668,-4.5820050239563,0.0045781135559082,true,false,false,false
5360,SAMPLE,IDLE,true,true,0,0,7,158.70141601563,158.70141601563,-6.7707777023315,0.0067352056503296,true,false,false,false
5365,SAMPLE,IDLE,true,true,0,0,12,158.13053894043,158.13053894043,-9.7474870681763,0.0097552537918091,true,false,false,false
5370,SAMPLE,IDLE,true,true,0,0,17,157.85585021973,157.85585021973,-11.180612564087,0.01119339466095,true,false,false,false
5375,SAMPLE,IDLE,true,true,0,0,22,157.82008361816,157.82008361816,-11.367700576782,0.011385083198547,true,false,false,false
5380,SAMPLE,IDLE,true,true,0,0,27,157.85346984863,157.85346984863,-11.19407081604,0.01119339466095,true,false,false,false
5385,SAMPLE,IDLE,true,true,0,0,32,157.90878295898,157.90878295898,-10.906038284302,0.010905742645264,true,false,false,false
5390,SAMPLE,IDLE,true,true,0,0,37,157.91827392578,157.91827392578,-10.856906890869,0.010857820510864,true,false,false,false
5395,SAMPLE,IDLE,true,true,0,0,42,157.65728759766,157.65728759766,-12.225455284119,0.012200117111206,true,false,false,false
5400,SAMPLE,IDLE,true,true,0,0,47,157.5578918457,157.5578918457,-12.753960609436,0.012727499008179,true,false,false,false
5405,SAMPLE,IDLE,true,true,0,0,52,157.7342376709,157.7342376709,-11.847177505493,0.011816620826721,true,false,false,false
5410,SAMPLE,IDLE,true,true,0,0,57,157.88815307617,157.88815307617,-11.049118995667,0.011049628257751,true,false,false,false
5415,SAMPLE,IDLE,true,true,0,0,62,157.97409057617,157.97409057617,-10.605673789978,0.010570168495178,true,false,false,false
5420,SAMPLE,IDLE,true,true,0,0,67,158.02227783203,158.02227783203,-10.358830451965,0.010330557823181,true,false,false,false
5425,SAMPLE,IDLE,true,true,0,0,72,157.96156311035,157.96156311035,-10.679294586182,0.010618090629578,true,false,false,false
5430,SAMPLE,IDLE,true,true,0,0,77,157.90991210938,157.90991210938,-10.950521469116,0.010905742645264,true,false,false,false
5435,SAMPLE,IDLE,true,true,0,0,82,157.85334777832,157.85334777832,-11.246918678284,0.01119339466095,true,false,false,false
5440,SAMPLE,IDLE,true,true,0,0,87,157.6722869873,157.6722869873,-12.194435119629,0.012152075767517,true,false,false,false
5445,SAMPLE,IDLE,true,true,0,0,92,157.22149658203,157.22149658203,-14.554363250732,0.014501214027405,true,false,false,false
5450,SAMPLE,IDLE,true,true,0,0,97,156.66438293457,156.66438293457,-17.469757080078,0.017425298690796,false,false,false,false
5455,SAMPLE,IDLE,true,true,0,0,102,156.33239746094,156.33239746094,-19.200881958008,0.019199013710022,false,false,false,false
5460,SAMPLE,IDLE,true,true,0,0,107,156.48852539063,156.48852539063,-18.371782302856,0.018336057662964,false,false,false,false
5465,SAMPLE,IDLE,true,true,0,0,112,156.71952819824,156.71952819824,-17.143169403076,0.017185568809509,false,false,false,false
5470,SAMPLE,IDLE,true,true,0,0,117,156.63844299316,156.63844299316,-17.550207138062,0.017617106437683,false,false,false,false
5475,SAMPLE,IDLE,true,true,0,0,122,157.02307128906,157.02307128906,-15.530108451843,0.015555739402771,true,false,false,false
5480,SAMPLE,IDLE,true,true,0,0,127,157.48997497559,157.48997497559,-13.086511611938,0.013110995292664,true,false,false,false
5485,SAMPLE,IDLE,true,true,0,0,132,157.48486328125,157.48486328125,-13.114619255066,0.013158917427063,true,false,false,false
5490,SAMPLE,IDLE,true,true,0,0,137,157.00140380859,157.00140380859,-15.648852348328,0.015651702880859,true,false,false,false
5495,SAMPLE,IDLE,true,true,0,0,142,156.41241455078,156.41241455078,-18.736528396606,0.018767595291138,false,false,false,false
5500,SAMPLE,CONVERGING,true,true,45,0,147,154.93269348145,154.93269348145,-26.493057250977,0.026533484458923,false,true,true,true
5505,SAMPLE,CONVERGING,true,true,45,0,152,153.77984619141,153.77984619141,-32.545936584473,0.032573580741882,false,true,true,true
5510,SAMPLE,CONVERGING,true,true,45,0,157,152.8226776123,152.8226776123,-37.578804016113,0.037607073783875,false,true,true,true
5515,SAMPLE,CONVERGING,true,true,45,0,162,151.96192932129,151.96192932129,-42.109043121338,0.042161107063293,false,true,true,true
5520,SAMPLE,CONVERGING,true,true,45,0,167,151.27142333984,151.27142333984,-45.74373626709,0.045756459236145,false,true,true,true
5525,SAMPLE,CONVERGING,true,true,45,0,172,150.81781005859,150.81781005859,-48.121898651123,0.048153281211853,false,true,true,true
5530,SAMPLE,CONVERGING,true,true,45,0,177,150.35765075684,150.35765075684,-50.529159545898,0.050550222396851,false,true,true,true
5535,SAMPLE,CONVERGING,true,true,45,0,182,150.04032897949,150.04032897949,-52.187313079834,0.052180171012878,false,true,true,true
5540,SAMPLE,CONVERGING,true,true,45,0,187,149.8145904541,149.8145904541,-53.367259979248,0.053378582000732,false,true,true,true
5545,SAMPLE,CONVERGING,true,true,45,0,192,149.50289916992,149.50289916992,-54.99817276001,0.055008411407471,false,true,true,true
5550,SAMPLE,CONVERGING,true,true,45,0,197,149.53688049316,149.53688049316,-54.822570800781,0.054816722869873,false,true,true,true
5555,SAMPLE,CONVERGING,true,true,45,0,202,149.72927856445,149.72927856445,-53.819160461426,0.053810000419617,false,true,true,true
5560,SAMPLE,CONVERGING,true,true,45,0,207,150.00926208496,150.00926208496,-52.356754302979,0.052323937416077,false,true,true,true
5565,SAMPLE,CONVERGING,true,true,45,0,212,150.21098327637,150.21098327637,-51.302684783936,0.05131733417511,false,true,true,true
5570,SAMPLE,CONVERGING,true,true,45,0,217,150.23649597168,150.23649597168,-51.169364929199,0.051173329353333,false,true,true,true
5575,SAMPLE,CONVERGING,true,true,45,0,222,150.20965576172,150.20965576172,-51.309635162354,0.05131733417511,false,true,true,true
5580,SAMPLE,CONVERGING,true,true,45,0,227,150.15760803223,150.15760803223,-51.581665039063,0.051604866981506,false,true,true,true
5585,SAMPLE,CONVERGING,true,true,45,0,232,150.53504943848,150.53504943848,-49.608890533447,0.049591422080994,false,true,true,true
5590,SAMPLE,CONVERGING,true,true,45,0,237,151.05239868164,151.05239868164,-46.90315246582,0.0469069480896,false,true,true,true
5595,SAMPLE,CONVERGING,true,true,45,0,242,151.25328063965,151.25328063965,-45.850784301758,0.045852422714233,false,true,true,true
5600,SAMPLE,CONVERGING,true,true,45,0,247,151.26628112793,151.26628112793,-45.780540466309,0.045804381370544,false,true,true,true
5605,SAMPLE,CONVERGING,true,true,45,0,252,151.13131713867,151.13131713867,-46.482891082764,0.046475529670715,false,true,true,true
5610,SAMPLE,CONVERGING,true,true,45,0,257,150.31867980957,150.31867980957,-50.719718933105,0.050741910934448,false,true,true,true
5615,SAMPLE,CONVERGING,true,true,45,0,262,149.64234924316,149.64234924316,-54.235832214355,0.0542893409729,false,true,true,true
5620,SAMPLE,CONVERGING,true,true,45,0,267,148.87606811523,148.87606811523,-58.192272186279,0.058268189430237,false,true,true,true
5625,SAMPLE,CONVERGING,true,true,45,0,272,147.8616027832,147.8616027832,-63.352630615234,0.063589215278625,false,true,true,true
5630,SAMPLE,CONVERGING,true,true,45,0,277,147.24397277832,147.24397277832,-66.44554901123,0.066801071166992,false,true,true,true
5635,SAMPLE,CONVERGING,true,true,45,0,282,146.72192382813,146.72192382813,-69.024703979492,0.069533586502075,false,true,true,true
5640,SAMPLE,CONVERGING,true,true,45,0,287,146.01461791992,146.01461791992,-72.513305664063,0.072265982627869,false,true,true,true
5645,SAMPLE,CONVERGING,true,true,45,0,292,145.75285339355,145.75285339355,-73.797492980957,0.074614882469177,false,true,true,true
5650,SAMPLE,CONVERGING,true,true,45,0,297,145.85122680664,145.85122680664,-73.277694702148,0.074087619781494,false,true,true,true
5655,SAMPLE,CONVERGING,true,true,45,0,302,146.21034240723,146.21034240723,-71.441818237305,0.072218060493469,false,true,true,true
5660,SAMPLE,CONVERGING,true,true,45,0,307,146.65460205078,146.65460205078,-69.177841186523,0.069869160652161,false,true,true,true
5665,SAMPLE,CONVERGING,true,true,45,0,312,147.24006652832,147.24006652832,-66.184524536133,0.066848993301392,false,true,true,true
5670,SAMPLE,CONVERGING,true,true,45,0,317,147.43939208984,147.43939208984,-65.165542602539,0.065794348716736,false,true,true,true
5675,SAMPLE,CONVERGING,true,true,45,0,322,147.55903625488,147.55903625488,-64.554832458496,0.065171122550964,false,true,true,true
5680,SAMPLE,CONVERGING,true,true,45,0,327,147.66505432129,147.66505432129,-64.013557434082,0.064595937728882,false,true,true,true
5685,SAMPLE,CONVERGING,true,true,45,0,332,147.8484954834,147.8484954834,-63.071918487549,0.063637256622314,false,true,true,true
5690,SAMPLE,CONVERGING,true,true,45,0,337,147.97071838379,147.97071838379,-62.444652557373,0.063014030456543,false,true,true,true
5695,SAMPLE,CONVERGING,true,true,45,0,342,148.0446472168,148.0446472168,-62.065925598145,0.062630534172058,false,true,true,true
5700,SAMPLE,CONVERGING,true,true,45,0,347,148.19218444824,148.19218444824,-61.307373046875,0.061815619468689,false,true,true,true
5705,SAMPLE,CONVERGING,true,true,45,0,352,148.36529541016,148.36529541016,-60.413108825684,0.06095278263092,false,true,true,true
5710,SAMPLE,CONVERGING,true,true,45,0,357,148.57327270508,148.57327270508,-59.346935272217,0.059850215911865,false,true,true,true
5715,SAMPLE,CONVERGING,true,true,45,0,362,148.81242370605,148.81242370605,-58.184009552002,0.058603644371033,false,true,true,true
5720,SAMPLE,CONVERGING,true,true,45,0,367,148.43615722656,148.43615722656,-60.245830535889,0.060569286346436,false,true,true,true
5725,SAMPLE,CONVERGING,true,true,45,0,372,147.60411071777,147.60411071777,-64.679595947266,0.064931511878967,false,true,true,true
5730,SAMPLE,CONVERGING,true,true,45,0,377,147.09480285645,147.09480285645,-67.404251098633,0.067616105079651,false,true,true,true
5735,SAMPLE,CONVERGING,true,true,45,0,382,146.99914550781,146.99914550781,-67.938903808594,0.068095445632935,false,true,true,true
5740,SAMPLE,CONVERGING,true,true,45,0,387,147.07186889648,147.07186889648,-67.572250366211,0.06771194934845,false,true,true,true
5745,SAMPLE,CONVERGING,true,true,45,0,392,147.16194152832,147.16194152832,-67.106292724609,0.067232608795166,false,true,true,true
5750,SAMPLE,CONVERGING,true,true,45,0,397,147.26504516602,147.26504516602,-66.569465637207,0.066705107688904,false,true,true,true
5755,SAMPLE,CONVERGING,true,true,45,0,402,147.29508972168,147.29508972168,-66.412071228027,0.066561341285706,false,true,true,true
5760,SAMPLE,CONVERGING,true,true,45,0,407,147.30166625977,147.30166625977,-66.376174926758,0.066513419151306,false,true,true,true
5765,SAMPLE,CONVERGING,true,true,45,0,412,147.28343200684,147.28343200684,-66.46711730957,0.066609263420105,false,true,true,true
5770,SAMPLE,CONVERGING,true,true,45,0,417,147.35256958008,147.35256958008,-66.105621337891,0.06622576713562,false,true,true,true
5775,SAMPLE,CONVERGING,true,true,45,0,422,146.97004699707,146.97004699707,-68.083824157715,0.068239212036133,false,true,true,true
5780,SAMPLE,CONVERGING,true,true,45,0,427,145.93902587891,145.93902587891,-73.406768798828,0.073608160018921,false,true,true,true
5785,SAMPLE,CONVERGING,true,true,45,0,432,145.28968811035,145.28968811035,-76.748291015625,0.077011823654175,false,true,true,true
5790,SAMPLE,CONVERGING,true,true,45,0,437,143.49644470215,143.49644470215,-85.941123962402,0.083962798118591,false,true,true,true
5795,SAMPLE,CONVERGING,true,true,45,0,442,142.7652130127,142.7652130127,-89.679992675781,0.090194582939148,false,true,true,true
5800,SAMPLE,CONVERGING,true,true,45,0,447,140.74801635742,140.74801635742,-99.960258483887,0.097960472106934,false,true,true,true
5805,SAMPLE,CONVERGING,true,true,45,0,452,139.59869384766,139.59869384766,-105.80325317383,0.10663735866547,false,true,true,true
5810,SAMPLE,CONVERGING,true,true,45,0,457,138.67181396484,138.67181396484,-110.52352142334,0.11147892475128,false,true,true,true
5815,SAMPLE,CONVERGING,true,true,45,0,462,138.14894104004,138.14894104004,-113.25067901611,0.11416351795197,false,true,true,true
5820,SAMPLE,CONVERGING,true,true,45,0,467,137.89978027344,137.89978027344,-114.62770843506,0.11545777320862,false,true,true,true
5825,SAMPLE,CONVERGING,true,true,45,0,472,137.80480957031,137.80480957031,-115.26421356201,0.11593723297119,false,true,true,true
5830,SAMPLE,CONVERGING,true,true,45,0,477,137.80458068848,137.80458068848,-115.40364837646,0.11593723297119,false,true,true,true
5835,SAMPLE,CONVERGING,true,true,45,0,482,137.98382568359,137.98382568359,-114.56660461426,0.11502635478973,false,true,true,true
5840,SAMPLE,CONVERGING,true,true,45,0,487,138.46557617188,138.46557617188,-112.15384674072,0.11253356933594,false,true,true,true
5845,SAMPLE,CONVERGING,true,true,45,0,492,139.36447143555,139.36447143555,-107.56362915039,0.10788369178772,false,true,true,true
5850,SAMPLE,CONVERGING,true,true,45,0,497,139.76860046387,139.76860046387,-105.49996185303,0.10572636127472,false,true,true,true
5855,SAMPLE,CONVERGING,true,true,45,0,502,141.0334777832,141.0334777832,-98.989906311035,0.099159002304077,false,true,true,true
5860,SAMPLE,CONVERGING,true,true,45,0,507,142.0386505127,142.0386505127,-93.810188293457,0.093933820724487,false,true,true,true
5865,SAMPLE,CONVERGING,true,true,45,0,512,142.59805297852,142.59805297852,-90.931755065918,0.091057538986206,false,true,true,true
5870,SAMPLE,CONVERGING,true,true,45,0,517,142.48789978027,142.48789978027,-91.514663696289,0.091632843017578,false,true,true,true
5875,SAMPLE,CONVERGING,true,true,45,0,522,142.40704345703,142.40704345703,-91.936325073242,0.092016339302063,false,true,true,true
5880,SAMPLE,CONVERGING,true,true,45,0,527,141.91297912598,141.91297912598,-94.49634552002,0.094604969024658,false,true,true,true
5885,SAMPLE,CONVERGING,true,true,45,0,532,141.05807495117,141.05807495117,-98.919723510742,0.099063158035278,false,true,true,true
5890,SAMPLE,CONVERGING,true,true,45,0,537,140.10832214355,140.10832214355,-103.82525634766,0.10400068759918,false,true,true,true
5895,SAMPLE,CONVERGING,true,true,45,0,542,139.5986328125,139.5986328125,-106.45362091064,0.10663735866547,false,true,true,true
5900,SAMPLE,CONVERGING,true,true,45,0,547,139.16082763672,139.16082763672,-108.70859527588,0.10889029502869,false,true,true,true
5905,SAMPLE,CONVERGING,true,true,45,0,552,138.83499145508,138.83499145508,-110.3851776123,0.11061608791351,false,true,true,true
5910,SAMPLE,CONVERGING,true,true,45,0,557,138.58955383301,138.58955383301,-111.64791870117,0.11191034317017,false,true,true,true
5915,SAMPLE,CONVERGING,true,true,45,0,562,138.29174804688,138.29174804688,-113.17971038818,0.11344432830811,false,true,true,true
5920,SAMPLE,CONVERGING,true,true,45,0,567,138.32009887695,138.32009887695,-113.03071594238,0.11325263977051,false,true,true,true
5925,SAMPLE,CONVERGING,true,true,45,0,572,138.71549987793,138.71549987793,-110.99594116211,0.1111912727356,false,true,true,true
5930,SAMPLE,CONVERGING,true,true,45,0,577,138.92713928223,138.92713928223,-109.90553283691,0.11013674736023,false,true,true,true
5935,SAMPLE,CONVERGING,true,true,45,0,582,138.82652282715,138.82652282715,-110.42488861084,0.11066401004791,false,true,true,true
5940,SAMPLE,CONVERGING,true,true,45,0,587,138.75210571289,138.75210571289,-110.8099899292,0.1110475063324,false,true,true,true
5945,SAMPLE,CONVERGING,true,true,45,0,592,138.96983337402,138.96983337402,-109.6897354126,0.10989701747894,false,true,true,true
5950,SAMPLE,CONVERGING,true,true,45,0,597,138.97358703613,138.97358703613,-109.66856384277,0.10989701747894,false,true,true,true
5955,SAMPLE,CONVERGING,true,true,45,0,602,139.14338684082,139.14338684082,-108.7924041748,0.10898625850677,false,true,true,true
5960,SAMPLE,CONVERGING,true,true,45,0,607,139.21856689453,139.21856689453,-108.4036026001,0.10860276222229,false,true,true,true
5965,SAMPLE,CONVERGING,true,true,45,0,612,139.2131652832,139.2131652832,-108.43448638916,0.10865068435669,false,true,true,true
5970,SAMPLE,CONVERGING,true,true,45,0,617,139.36184692383,139.36184692383,-107.68262481689,0.10788369178772,false,true,true,true
5975,SAMPLE,CONVERGING,true,true,45,0,622,139.09544372559,139.09544372559,-109.065574646,0.10922586917877,false,true,true,true
5980,SAMPLE,CONVERGING,true,true,45,0,627,138.7064666748,138.7064666748,-111.07032012939,0.11128723621368,false,true,true,true
5985,SAMPLE,CONVERGING,true,true,45,0,632,137.67657470703,137.67657470703,-116.36599731445,0.11660826206207,false,true,true,true
5990,SAMPLE,CONVERGING,true,true,45,0,637,136.5676574707,136.5676574707,-122.05401611328,0.12231290340424,false,true,true,true
5995,SAMPLE,CONVERGING,true,true,45,0,642,135.70896911621,135.70896911621,-126.45465087891,0.12677109241486,false,true,true,true
6000,SAMPLE,CONVERGING,true,true,45,0,647,135.4049987793,135.4049987793,-128.01220703125,0.12835299968719,false,true,true,true
6005,SAMPLE,CONVERGING,true,true,45,0,652,134.91766357422,134.91766357422,-130.50848388672,0.13084578514099,false,true,true,true
6010,SAMPLE,CONVERGING,true,true,45,0,657,134.56314086914,134.56314086914,-132.32325744629,0.13271534442902,false,true,true,true
6015,SAMPLE,CONVERGING,true,true,45,0,662,134.41635131836,134.41635131836,-133.07466125488,0.13343441486359,false,true,true,true
6020,SAMPLE,CONVERGING,true,true,45,0,667,134.2424621582,134.2424621582,-133.9640045166,0.13434517383575,false,true,true,true
6025,SAMPLE,CONVERGING,true,true,45,0,672,134.27838134766,134.27838134766,-133.78131103516,0.13444101810455,false,true,true,true
6030,SAMPLE,CONVERGING,true,true,45,0,677,134.35733032227,134.35733032227,-133.37843322754,0.13376998901367,false,true,true,true
6035,SAMPLE,CONVERGING,true,true,45,0,682,134.48341369629,134.48341369629,-132.73454284668,0.1330988407135,false,true,true,true
6040,SAMPLE,CONVERGING,true,true,45,0,687,134.11044311523,134.11044311523,-134.6400604248,0.13501632213593,false,true,true,true
6045,SAMPLE,CONVERGING,true,true,45,0,692,133.70977783203,133.70977783203,-136.68641662598,0.13712549209595,false,true,true,true
6050,SAMPLE,CONVERGING,true,true,45,0,697,133.50256347656,133.50256347656,-137.74398803711,0.13755714893341,false,true,true,true
6055,SAMPLE,CONVERGING,true,true,45,0,702,133.44845581055,133.44845581055,-138.01991271973,0.13841998577118,false,true,true,true
6060,SAMPLE,CONVERGING,true,true,45,0,707,133.3733215332,133.3733215332,-138.4029083252,0.13885140419006,false,true,true,true
6065,SAMPLE,CONVERGING,true,true,45,0,712,133.35810852051,133.35810852051,-138.48042297363,0.13889932632446,false,true,true,true
6070,SAMPLE,CONVERGING,true,true,45,0,717,133.40133666992,133.40133666992,-138.2600402832,0.13865959644318,false,true,true,true
6075,SAMPLE,CONVERGING,true,true,45,0,722,133.17170715332,133.17170715332,-139.43235778809,0.13985800743103,false,true,true,true
6080,SAMPLE,CONVERGING,true,true,45,0,727,132.85546875,132.85546875,-141.04557800293,0.14148795604706,false,true,true,true
6085,SAMPLE,CONVERGING,true,true,45,0,732,131.07347106934,131.07347106934,-150.10404968262,0.1506439447403,false,true,true,true
6090,SAMPLE,CONVERGING,true,true,45,0,737,127.42600250244,127.42600250244,-168.51216125488,0.16929185390472,false,true,true,true
6095,SAMPLE,CONVERGING,true,true,45,0,742,122.87367248535,122.87367248535,-191.24739074707,0.19239771366119,false,true,true,true
6100,SAMPLE,CONVERGING,true,true,45,0,747,118.78370666504,118.78370666504,-211.43014526367,0.21301078796387,false,true,true,true
6105,SAMPLE,CONVERGING,true,true,45,0,752,116.2467880249,116.2467880249,-223.81784057617,0.22566640377045,false,true,true,true
6110,SAMPLE,CONVERGING,true,true,45,0,757,114.84143066406,114.84143066406,-230.63061523438,0.23271322250366,false,true,true,true
6115,SAMPLE,CONVERGING,true,true,45,0,762,114.53137207031,114.53137207031,-232.1254119873,0.2342472076416,false,true,true,true
6120,SAMPLE,CONVERGING,true,true,45,0,767,114.48254394531,114.48254394531,-232.35823059082,0.23448693752289,false,true,true,true
6125,SAMPLE,CONVERGING,true,true,45,0,772,138.58735656738,138.58735656738,-111.68329620361,0.11191034317017,false,true,true,true
6130,SAMPLE,CONVERGING,true,true,45,0,777,149.92691040039,149.92691040039,-52.796184539795,0.052755355834961,false,true,true,true
6135,SAMPLE,CONVERGING,true,true,45,0,782,154.48994445801,154.48994445801,-28.90818977356,0.028834581375122,false,true,true,true
6140,SAMPLE,CONVERGING,true,true,43,0,787,156.98594665527,156.98594665527,-15.817694664001,0.015747547149658,false,false,false,false
6142,AUTO_SHOT,FIRED,true,false,41,2,0,158.08290100098,158.08290100098,-10.06164932251,0.0099949836730957,true,false,false,false
6145,SAMPLE,FIRED,true,false,38,2,3,158.78060913086,158.78060913086,-6.4000105857849,0.0063517093658447,true,false,false,false
6150,SAMPLE,FIRED,true,false,33,2,8,159.42636108398,159.42636108398,-3.0108096599579,0.0029481649398804,true,false,false,false
6154,REARMED,IDLE,true,true,0,0,0,147.5652923584,147.5652923584,-65.124687194824,0.065123200416565,false,true,true,true
6155,SAMPLE,AUTO_AIM_DETECTED,true,true,45,0,1,147.5652923584,147.5652923584,-65.124687194824,0.065123200416565,false,true,true,true
6160,SAMPLE,CONVERGING,true,true,45,0,6,128.8423614502,128.8423614502,-161.34303283691,0.16205322742462,false,true,true,true
6165,SAMPLE,CONVERGING,true,true,45,0,11,117.91268920898,117.91268920898,-215.50047302246,0.21737325191498,false,true,true,true
6170,SAMPLE,CONVERGING,true,true,45,0,16,113.60220336914,113.60220336914,-236.22688293457,0.23884928226471,false,true,true,true
6175,SAMPLE,CONVERGING,true,true,45,0,21,109.66741943359,109.66741943359,-254.77909851074,0.25826394557953,false,true,true,true
6180,SAMPLE,CONVERGING,true,true,45,0,26,106.63632202148,106.63632202148,-268.76385498047,0.27307677268982,false,true,true,true
6185,SAMPLE,CONVERGING,true,true,45,0,31,103.56123352051,103.56123352051,-282.74353027344,0.28793740272522,false,true,true,true
6190,SAMPLE,CONVERGING,true,true,45,0,36,101.30921173096,101.30921173096,-292.82760620117,0.29877126216888,false,true,true,true
6195,SAMPLE,CONVERGING,true,true,45,0,41,99.667442321777,99.667442321777,-300.09707641602,0.30663299560547,false,true,true,true
6200,SAMPLE,CONVERGING,true,true,45,0,46,105.05928039551,105.05928039551,-275.36233520508,0.28069877624512,false,true,true,true
6205,SAMPLE,CONVERGING,true,true,45,0,51,134.64505004883,134.64505004883,-131.04719543457,0.13228392601013,false,true,true,true
6210,SAMPLE,CONVERGING,true,true,45,0,56,149.82987976074,149.82987976074,-52.925903320313,0.053282737731934,false,true,true,true
6215,AUTO_SHOT,FIRED,true,false,43,2,0,159.65872192383,159.65872192383,-1.7773594856262,0.0017017126083374,true,false,false,false
6215,SAMPLE,FIRED,true,false,43,2,0,159.65872192383,159.65872192383,-1.7773594856262,0.0017017126083374,true,false,false,false
6220,SAMPLE,FIRED,true,false,38,2,5,162.91979980469,162.91979980469,15.198073387146,-0.015267848968506,true,false,false,false
6225,SAMPLE,FIRED,true,false,33,2,10,166.62072753906,166.62072753906,34.462661743164,-0.034682750701904,false,true,true,true
6227,REARMED,IDLE,true,true,0,0,0,167.03251647949,167.03251647949,36.641006469727,-0.036839962005615,false,true,true,true
6230,SAMPLE,CONVERGING,true,true,45,0,3,167.38122558594,167.38122558594,38.511318206787,-0.038661479949951,false,true,true,true
6235,SAMPLE,CONVERGING,true,true,45,0,8,168.00805664063,168.00805664063,41.883682250977,-0.041969299316406,false,true,true,true
6240,SAMPLE,CONVERGING,true,true,45,0,13,168.33882141113,168.33882141113,43.651988983154,-0.043694972991943,false,true,true,true
6245,SAMPLE,CONVERGING,true,true,45,0,18,167.99070739746,167.99070739746,41.841655731201,-0.041873455047607,false,true,true,true
6250,SAMPLE,CONVERGING,true,true,45,0,23,167.68905639648,167.68905639648,40.263561248779,-0.040291309356689,false,true,true,true
6255,SAMPLE,CONVERGING,true,true,45,0,28,167.44784545898,167.44784545898,39.000148773193,-0.038997173309326,false,true,true,true
6260,SAMPLE,CONVERGING,true,true,45,0,33,166.83215332031,166.83215332031,35.774333953857,-0.03578519821167,false,true,true,true
6265,SAMPLE,CONVERGING,true,true,45,0,38,166.03871154785,166.03871154785,31.615339279175,-0.031614780426025,false,true,true,true
6270,SAMPLE,CONVERGING,true,true,45,0,43,164.98445129395,164.98445129395,26.086616516113,-0.027875900268555,false,true,true,true
6275,SAMPLE,CONVERGING,true,true,45,0,48,164.26786804199,164.26786804199,22.333459854126,-0.02231502532959,false,true,true,true
6280,SAMPLE,CONVERGING,true,true,43,0,53,163.49307250977,163.49307250977,18.280818939209,-0.018288135528564,false,false,false,false
6285,SAMPLE,SHOT_READY,true,true,38,1,0,162.97602844238,162.97602844238,15.581287384033,-0.015555858612061,true,false,false,false
6286,AUTO_SHOT,FIRED,true,false,37,2,0,162.97602844238,162.97602844238,15.581287384033,-0.015555858612061,true,false,false,false
6290,SAMPLE,FIRED,true,false,33,2,4,162.96217346191,162.96217346191,15.51469707489,-0.015507698059082,true,false,false,false
6295,SAMPLE,FIRED,true,false,28,2,9,162.99794006348,162.99794006348,15.703923225403,-0.015651702880859,true,false,false,false
6298,REARMED,IDLE,true,true,0,0,0,163.20816040039,163.20816040039,16.806373596191,-0.016754150390625,false,false,false,false
6300,SAMPLE,IDLE,true,true,0,0,2,163.52922058105,163.52922058105,18.488206863403,-0.018432140350342,false,false,false,false
6305,SAMPLE,CONVERGING,true,true,45,0,7,163.95927429199,163.95927429199,20.739709854126,-0.020685195922852,false,true,true,true
6310,SAMPLE,CONVERGING,true,true,45,0,12,164.52574157715,164.52574157715,23.705657958984,-0.023705005645752,false,true,true,true
6315,SAMPLE,CONVERGING,true,true,45,0,17,165.4207611084,165.4207611084,28.396598815918,-0.028355121612549,false,true,true,true
6320,SAMPLE,CONVERGING,true,true,45,0,22,165.67599487305,165.67599487305,29.738054275513,-0.029697418212891,false,true,true,true
6325,SAMPLE,CONVERGING,true,true,45,0,27,165.62399291992,165.62399291992,29.468530654907,-0.029457569122314,false,true,true,true
6330,SAMPLE,CONVERGING,true,true,45,0,32,165.28984069824,165.28984069824,27.719295501709,-0.027683734893799,false,true,true,true
6335,SAMPLE,CONVERGING,true,true,45,0,37,165.18496704102,165.18496704102,27.168251037598,-0.027156829833984,false,true,true,true
6340,SAMPLE,CONVERGING,true,true,45,0,42,165.07067871094,165.07067871094,26.569086074829,-0.026533603668213,false,true,true,true
6345,SAMPLE,CONVERGING,true,true,45,0,47,165.10108947754,165.10108947754,26.732137680054,-0.026677131652832,false,true,true,true
6350,SAMPLE,CONVERGING,true,true,45,0,52,165.12171936035,165.12171936035,26.841787338257,-0.026821136474609,false,true,true,true
6355,SAMPLE,CONVERGING,true,true,45,0,57,165.19110107422,165.19110107422,27.204843521118,-0.027156829833984,false,true,true,true
6360,SAMPLE,CONVERGING,true,true,45,0,62,165.2986907959,165.2986907959,27.766582489014,-0.027731895446777,false,true,true,true
6365,SAMPLE,CONVERGING,true,true,45,0,67,165.83578491211,165.83578491211,30.579908370972,-0.03056001663208,false,true,true,true
6370,SAMPLE,CONVERGING,true,true,45,0,72,166.75578308105,166.75578308105,35.397922515869,-0.035401821136475,false,true,true,true
6375,SAMPLE,CONVERGING,true,true,45,0,77,167.37754821777,167.37754821777,38.6540184021,-0.038661479949951,false,true,true,true
6380,SAMPLE,CONVERGING,true,true,45,0,82,167.91558837891,167.91558837891,41.471130371094,-0.041490077972412,false,true,true,true
6385,SAMPLE,CONVERGING,true,true,45,0,87,168.36128234863,168.36128234863,43.807144165039,-0.043838977813721,false,true,true,true
6390,SAMPLE,CONVERGING,true,true,45,0,92,168.59867858887,168.59867858887,45.053787231445,-0.045085430145264,false,true,true,true
6395,SAMPLE,CONVERGING,true,true,45,0,97,168.73666381836,168.73666381836,45.778762817383,-0.045804500579834,false,true,true,true
6400,SAMPLE,CONVERGING,true,true,45,0,102,168.7590637207,168.7590637207,45.898986816406,-0.04609203338623,false,true,true,true
6405,SAMPLE,CONVERGING,true,true,45,0,107,168.69046020508,168.69046020508,45.541931152344,-0.045564651489258,false,true,true,true
6410,SAMPLE,CONVERGING,true,true,45,0,112,168.51008605957,168.51008605957,44.600303649902,-0.045085430145264,false,true,true,true
6415,SAMPLE,CONVERGING,true,true,45,0,117,168.36019897461,168.36019897461,43.816947937012,-0.043838977813721,false,true,true,true
6420,SAMPLE,CONVERGING,true,true,45,0,122,168.19778442383,168.19778442383,42.967800140381,-0.042975902557373,false,true,true,true
6425,SAMPLE,CONVERGING,true,true,45,0,127,167.85217285156,167.85217285156,41.160907745361,-0.041154384613037,false,true,true,true
6430,SAMPLE,CONVERGING,true,true,45,0,132,167.44236755371,167.44236755371,39.017871856689,-0.038997173309326,false,true,true,true
6435,SAMPLE,CONVERGING,true,true,45,0,137,167.20550537109,167.20550537109,37.779228210449,-0.037750720977783,false,true,true,true
6440,SAMPLE,CONVERGING,true,true,45,0,142,166.9690246582,166.9690246582,36.542827606201,-0.036792278289795,false,true,true,true
6445,SAMPLE,CONVERGING,true,true,45,0,147,166.93803405762,166.93803405762,36.380958557129,-0.036360740661621,false,true,true,true
6450,SAMPLE,CONVERGING,true,true,45,0,152,167.00123596191,167.00123596191,36.712432861328,-0.036696434020996,false,true,true,true
6455,SAMPLE,CONVERGING,true,true,45,0,157,167.30642700195,167.30642700195,38.310585021973,-0.038278102874756,false,true,true,true
6460,SAMPLE,CONVERGING,true,true,45,0,162,167.50350952148,167.50350952148,39.342319488525,-0.039332866668701,false,true,true,true
6465,SAMPLE,CONVERGING,true,true,45,0,167,167.88708496094,167.88708496094,41.34977722168,-0.041346073150635,false,true,true,true
6470,SAMPLE,CONVERGING,true,true,45,0,172,167.87330627441,167.87330627441,41.277618408203,-0.041250228881836,false,true,true,true
6475,SAMPLE,CONVERGING,true,true,45,0,177,167.75787353516,167.75787353516,40.672828674316,-0.040675163269043,false,true,true,true
6480,SAMPLE,CONVERGING,true,true,45,0,182,168.05052185059,168.05052185059,42.203716278076,-0.042209148406982,false,true,true,true
6485,SAMPLE,CONVERGING,true,true,45,0,187,168.4359588623,168.4359588623,44.220783233643,-0.044222354888916,false,true,true,true
6490,SAMPLE,CONVERGING,true,true,45,0,192,168.59390258789,168.59390258789,45.04683303833,-0.045037269592285,false,true,true,true
6495,SAMPLE,CONVERGING,true,true,45,0,197,168.46722412109,168.46722412109,44.384624481201,-0.044366359710693,false,true,true,true
6500,SAMPLE,CONVERGING,true,true,45,0,202,168.41339111328,168.41339111328,44.104042053223,-0.044078826904297,false,true,true,true
6505,SAMPLE,CONVERGING,true,true,45,0,207,168.6407623291,168.6407623291,45.293685913086,-0.045277118682861,false,true,true,true
6510,SAMPLE,CONVERGING,true,true,45,0,212,168.57881164551,168.57881164551,44.968788146973,-0.044941425323486,false,true,true,true
6515,SAMPLE,CONVERGING,true,true,45,0,217,168.69140625,168.69140625,45.557201385498,-0.045564651489258,false,true,true,true
6520,SAMPLE,CONVERGING,true,true,45,0,222,168.64756774902,168.64756774902,45.328285217285,-0.045324802398682,false,true,true,true
6525,SAMPLE,CONVERGING,true,true,45,0,227,168.4363861084,168.4363861084,44.226963043213,-0.044222354888916,false,true,true,true
6530,SAMPLE,CONVERGING,true,true,45,0,232,168.32797241211,168.32797241211,43.665908813477,-0.043647289276123,false,true,true,true
6535,SAMPLE,CONVERGING,true,true,45,0,237,168.74200439453,168.74200439453,45.835372924805,-0.045804500579834,false,true,true,true
6540,SAMPLE,CONVERGING,true,true,45,0,242,168.7742767334,168.7742767334,46.003444671631,-0.045996189117432,false,true,true,true
6545,SAMPLE,CONVERGING,true,true,45,0,247,168.59446716309,168.59446716309,45.059745788574,-0.045037269592285,false,true,true,true
6550,SAMPLE,CONVERGING,true,true,45,0,252,168.37394714355,168.37394714355,43.905536651611,-0.043886661529541,false,true,true,true
6555,SAMPLE,CONVERGING,true,true,45,0,257,167.93240356445,167.93240356445,41.595104217529,-0.041585922241211,false,true,true,true
6560,SAMPLE,CONVERGING,true,true,45,0,262,167.74342346191,167.74342346191,40.606105804443,-0.040579319000244,false,true,true,true
6565,SAMPLE,CONVERGING,true,true,45,0,267,167.44784545898,167.44784545898,39.05933380127,-0.038997173309326,false,true,true,true
6570,SAMPLE,CONVERGING,true,true,45,0,272,167.33592224121,167.33592224121,38.473510742188,-0.038422107696533,false,true,true,true
6575,SAMPLE,CONVERGING,true,true,45,0,277,167.0637512207,167.0637512207,37.048500061035,-0.037031650543213,false,true,true,true
6580,SAMPLE,CONVERGING,true,true,45,0,282,166.98518371582,166.98518371582,36.637096405029,-0.036600589752197,false,true,true,true
6585,SAMPLE,CONVERGING,true,true,45,0,287,166.90480041504,166.90480041504,36.216087341309,-0.036169052124023,false,true,true,true
6590,SAMPLE,CONVERGING,true,true,45,0,292,166.77084350586,166.77084350586,35.514362335205,-0.035449981689453,false,true,true,true
6595,SAMPLE,CONVERGING,true,true,45,0,297,166.79493713379,166.79493713379,35.640129089355,-0.035593509674072,false,true,true,true
6600,SAMPLE,CONVERGING,true,true,45,0,302,167.17018127441,167.17018127441,37.605018615723,-0.037559032440186,false,true,true,true
6605,SAMPLE,CONVERGING,true,true,45,0,307,167.60711669922,167.60711669922,39.893207550049,-0.039860248565674,false,true,true,true
6610,SAMPLE,CONVERGING,true,true,45,0,312,168.02365112305,168.02365112305,42.073776245117,-0.042065143585205,false,true,true,true
6615,SAMPLE,CONVERGING,true,true,45,0,317,168.96936035156,168.96936035156,47.024440765381,-0.047002792358398,false,true,true,true
6620,SAMPLE,CONVERGING,true,true,45,0,322,169.97087097168,169.97087097168,52.261787414551,-0.052276134490967,false,true,true,true
6625,SAMPLE,CONVERGING,true,true,45,0,327,170.42237854004,170.42237854004,54.620738983154,-0.054625034332275,false,true,true,true
6630,SAMPLE,CONVERGING,true,true,45,0,332,171.12835693359,171.12835693359,58.305988311768,-0.058316230773926,false,true,true,true
6635,SAMPLE,CONVERGING,true,true,45,0,337,171.6551361084,171.6551361084,61.053123474121,-0.06104850769043,false,true,true,true
6640,SAMPLE,CONVERGING,true,true,45,0,342,171.87995910645,171.87995910645,62.224960327148,-0.062246799468994,false,true,true,true
6645,SAMPLE,CONVERGING,true,true,45,0,347,172.2593536377,172.2593536377,64.201766967773,-0.064212322235107,false,true,true,true
6650,SAMPLE,CONVERGING,true,true,45,0,352,172.49890136719,172.49890136719,65.448997497559,-0.06545877456665,false,true,true,true
6655,SAMPLE,CONVERGING,true,true,45,0,357,172.42376708984,172.42376708984,65.05591583252,-0.065075397491455,false,true,true,true
6660,SAMPLE,CONVERGING,true,true,45,0,362,172.154296875,172.154296875,63.644100189209,-0.063684940338135,false,true,true,true
6665,SAMPLE,CONVERGING,true,true,45,0,367,172.08036804199,172.08036804199,63.24711227417,-0.063253879547119,false,true,true,true
6670,SAMPLE,CONVERGING,true,true,45,0,372,172.16540527344,172.16540527344,63.679973602295,-0.063684940338135,false,true,true,true
6675,SAMPLE,CONVERGING,true,true,45,0,377,172.33689880371,172.33689880371,64.536041259766,-0.064643859863281,false,true,true,true
6680,SAMPLE,CONVERGING,true,true,45,0,382,172.82952880859,172.82952880859,67.023460388184,-0.067184925079346,false,true,true,true
6685,SAMPLE,CONVERGING,true,true,45,0,387,173.06690979004,173.06690979004,68.14656829834,-0.06843090057373,false,true,true,true
6690,SAMPLE,CONVERGING,true,true,45,0,392,173.2215423584,173.2215423584,68.879974365234,-0.0692458152771,false,true,true,true
6695,SAMPLE,CONVERGING,true,true,45,0,397,173.49395751953,173.49395751953,70.019714355469,-0.07063627243042,false,true,true,true
6700,SAMPLE,CONVERGING,true,true,45,0,402,174.03981018066,174.03981018066,72.531684875488,-0.073512554168701,false,true,true,true
6705,SAMPLE,CONVERGING,true,true,45,0,407,174.4354095459,174.4354095459,74.386283874512,-0.075573444366455,false,true,true,true
6710,SAMPLE,CONVERGING,true,true,45,0,412,174.38229370117,174.38229370117,73.984931945801,-0.075285911560059,false,true,true,true
6715,SAMPLE,CONVERGING,true,true,45,0,417,174.15399169922,174.15399169922,72.708686828613,-0.074135780334473,false,true,true,true
6720,SAMPLE,CONVERGING,true,true,45,0,422,173.98669433594,173.98669433594,71.779174804688,-0.073272705078125,false,true,true,true
6725,SAMPLE,CONVERGING,true,true,45,0,427,173.70655822754,173.70655822754,70.289604187012,-0.071786403656006,false,true,true,true
6730,SAMPLE,CONVERGING,true,true,45,0,432,173.36004638672,173.36004638672,68.490142822266,-0.06996488571167,false,true,true,true
6735,SAMPLE,CONVERGING,true,true,45,0,437,173.26472473145,173.26472473145,67.990798950195,-0.069437503814697,false,true,true,true
6740,SAMPLE,CONVERGING,true,true,45,0,442,173.26123046875,173.26123046875,67.947463989258,-0.069437503814697,false,true,true,true
6745,SAMPLE,CONVERGING,true,true,45,0,447,173.27308654785,173.27308654785,68.044731140137,-0.069533824920654,false,true,true,true
6750,SAMPLE,CONVERGING,true,true,45,0,452,173.06022644043,173.06022644043,67.194969177246,-0.06838321685791,false,true,true,true
6755,SAMPLE,CONVERGING,true,true,45,0,457,173.1989440918,173.1989440918,68.085327148438,-0.069101810455322,false,true,true,true
6760,SAMPLE,CONVERGING,true,true,45,0,462,174.09028625488,174.09028625488,72.983505249023,-0.073800086975098,false,true,true,true
6765,SAMPLE,CONVERGING,true,true,45,0,467,174.99388122559,174.99388122559,77.890625,-0.078497886657715,false,true,true,true
6770,SAMPLE,CONVERGING,true,true,45,0,472,175.18061828613,175.18061828613,78.934364318848,-0.079456806182861,false,true,true,true
6775,SAMPLE,CONVERGING,true,true,45,0,477,175.10757446289,175.10757446289,78.635269165039,-0.079121112823486,false,true,true,true
6780,SAMPLE,CONVERGING,true,true,45,0,482,175.04026794434,175.04026794434,78.303596496582,-0.078737735748291,false,true,true,true
6785,SAMPLE,CONVERGING,true,true,45,0,487,174.9616394043,174.9616394043,77.906997680664,-0.078353881835938,false,true,true,true
6790,SAMPLE,CONVERGING,true,true,45,0,492,174.92562866211,174.92562866211,77.719665527344,-0.078258037567139,false,true,true,true
6795,SAMPLE,CONVERGING,true,true,45,0,497,174.8966217041,174.8966217041,77.568824768066,-0.078018665313721,false,true,true,true
6800,SAMPLE,CONVERGING,true,true,45,0,502,174.9712677002,174.9712677002,77.948059082031,-0.078353881835938,false,true,true,true
6805,SAMPLE,CONVERGING,true,true,45,0,507,175.08172607422,175.08172607422,78.514404296875,-0.078929424285889,false,true,true,true
6810,SAMPLE,CONVERGING,true,true,45,0,512,175.10760498047,175.10760498047,78.64720916748,-0.079121112823486,false,true,true,true
6815,SAMPLE,CONVERGING,true,true,45,0,517,175.58073425293,175.58073425293,81.090492248535,-0.081565856933594,false,true,true,true
6820,SAMPLE,CONVERGING,true,true,45,0,522,175.92526245117,175.92526245117,82.866691589355,-0.083339691162109,false,true,true,true
6825,SAMPLE,CONVERGING,true,true,45,0,527,176.71786499023,176.71786499023,86.95580291748,-0.087510108947754,false,true,true,true
6830,SAMPLE,CONVERGING,true,true,45,0,532,177.44064331055,177.44064331055,90.720962524414,-0.091249465942383,false,true,true,true
6835,SAMPLE,CONVERGING,true,true,45,0,537,177.67016601563,177.67016601563,91.938735961914,-0.092400074005127,false,true,true,true
6840,SAMPLE,CONVERGING,true,true,45,0,542,178.62324523926,178.62324523926,96.924217224121,-0.097385406494141,false,true,true,true
6845,SAMPLE,CONVERGING,true,true,45,0,547,179.57801818848,179.57801818848,101.91289520264,-0.10237073898315,false,true,true,true
6850,SAMPLE,CONVERGING,true,true,45,0,552,179.90571594238,179.90571594238,103.64257049561,-0.10404872894287,false,true,true,true
6855,SAMPLE,CONVERGING,true,true,45,0,557,180.48832702637,180.48832702637,106.72109222412,-0.10711669921875,false,true,true,true
6860,SAMPLE,CONVERGING,true,true,45,0,562,181.06707763672,181.06707763672,109.71628570557,-0.1080756187439,false,true,true,true
6865,SAMPLE,CONVERGING,true,true,45,0,567,181.2405090332,181.2405090332,110.61878204346,-0.110999584198,false,true,true,true
6870,SAMPLE,CONVERGING,true,true,45,0,572,181.59014892578,181.59014892578,112.4534072876,-0.11282110214233,false,true,true,true
6875,SAMPLE,CONVERGING,true,true,45,0,577,182.49574279785,182.49574279785,117.1344909668,-0.11751890182495,false,true,true,true
6880,SAMPLE,CONVERGING,true,true,45,0,582,182.9923248291,182.9923248291,119.69068908691,-0.12005949020386,false,true,true,true
6885,SAMPLE,CONVERGING,true,true,45,0,587,183.62817382813,183.62817382813,122.96115875244,-0.12336778640747,false,true,true,true
6890,SAMPLE,CONVERGING,true,true,45,0,592,184.04071044922,184.04071044922,125.07986450195,-0.1254768371582,false,true,true,true
6895,SAMPLE,CONVERGING,true,true,45,0,597,184.20483398438,184.20483398438,125.9224319458,-0.12633943557739,false,true,true,true
6900,SAMPLE,CONVERGING,true,true,45,0,602,184.50315856934,184.50315856934,127.45296478271,-0.12787342071533,false,true,true,true
6905,SAMPLE,CONVERGING,true,true,45,0,607,185.03833007813,185.03833007813,130.19094848633,-0.13065385818481,false,true,true,true
6910,SAMPLE,CONVERGING,true,true,45,0,612,185.64628601074,185.64628601074,133.29411315918,-0.13376998901367,false,true,true,true
6915,SAMPLE,CONVERGING,true,true,45,0,617,185.8621673584,185.8621673584,134.38604736328,-0.13487243652344,false,true,true,true
6920,SAMPLE,CONVERGING,true,true,45,0,622,185.27452087402,185.27452087402,131.35911560059,-0.13185262680054,false,true,true,true
6925,SAMPLE,CONVERGING,true,true,45,0,627,184.59585571289,184.59585571289,127.84893798828,-0.12835311889648,false,true,true,true
6930,SAMPLE,CONVERGING,true,true,45,0,632,183.70195007324,183.70195007324,123.219871521,-0.12375116348267,false,true,true,true
6935,SAMPLE,CONVERGING,true,true,45,0,637,182.5952911377,182.5952911377,117.44330596924,-0.1179986000061,false,true,true,true
6940,SAMPLE,CONVERGING,true,true,45,0,642,181.56968688965,181.56968688965,111.9877166748,-0.11272525787354,false,true,true,true
6945,SAMPLE,CONVERGING,true,true,45,0,647,180.30213928223,180.30213928223,105.08550262451,-0.10611009597778,false,true,true,true
6950,SAMPLE,CONVERGING,true,true,45,0,652,179.35969543457,179.35969543457,99.860824584961,-0.10122013092041,false,true,true,true
6955,SAMPLE,CONVERGING,true,true,45,0,657,178.37933349609,178.37933349609,94.420707702637,-0.096138954162598,false,true,true,true
6960,SAMPLE,CONVERGING,true,true,45,0,662,177.8423614502,177.8423614502,91.487480163574,-0.093358516693115,false,true,true,true
6965,SAMPLE,CONVERGING,true,true,45,0,667,177.75679016113,177.75679016113,90.983093261719,-0.092879295349121,false,true,true,true
6970,SAMPLE,CONVERGING,true,true,45,0,672,178.07476806641,178.07476806641,92.602691650391,-0.09455680847168,false,true,true,true
6975,SAMPLE,CONVERGING,true,true,45,0,677,178.71076965332,178.71076965332,95.892868041992,-0.097864627838135,false,true,true,true
6980,SAMPLE,CONVERGING,true,true,45,0,682,179.35507202148,179.35507202148,99.217414855957,-0.10122013092041,false,true,true,true
6985,SAMPLE,CONVERGING,true,true,45,0,687,179.67817687988,179.67817687988,100.89929962158,-0.10289812088013,false,true,true,true
6990,SAMPLE,CONVERGING,true,true,45,0,692,179.98219299316,179.98219299316,102.47832489014,-0.10448026657104,false,true,true,true
6995,SAMPLE,CONVERGING,true,true,45,0,697,180.16596984863,180.16596984863,103.44135284424,-0.10539102554321,false,true,true,true
7000,SAMPLE,CONVERGING,true,true,45,0,702,180.3583984375,180.3583984375,104.44119262695,-0.10644578933716,false,true,true,true
7005,SAMPLE,CONVERGING,true,true,45,0,707,180.62478637695,180.62478637695,105.83155059814,-0.10745239257813,false,true,true,true
7010,SAMPLE,CONVERGING,true,true,45,0,712,180.82281494141,180.82281494141,106.86346435547,-0.10812330245972,false,true,true,true
7015,SAMPLE,CONVERGING,true,true,45,0,717,181.10772705078,181.10772705078,108.32665252686,-0.11032819747925,false,true,true,true
7020,SAMPLE,CONVERGING,true,true,45,0,722,181.26205444336,181.26205444336,109.11920166016,-0.11114358901978,false,true,true,true
7025,SAMPLE,CONVERGING,true,true,45,0,727,181.61619567871,181.61619567871,110.93211364746,-0.11291742324829,false,true,true,true
7030,SAMPLE,CONVERGING,true,true,45,0,732,181.90188598633,181.90188598633,112.39420318604,-0.11445093154907,false,true,true,true
7035,SAMPLE,CONVERGING,true,true,45,0,737,182.32179260254,182.32179260254,114.59418487549,-0.11660814285278,false,true,true,true
7040,SAMPLE,CONVERGING,true,true,45,0,742,182.67768859863,182.67768859863,116.54802703857,-0.11842966079712,false,true,true,true
7045,SAMPLE,CONVERGING,true,true,45,0,747,182.85467529297,182.85467529297,117.7719039917,-0.11934041976929,false,true,true,true
7050,SAMPLE,CONVERGING,true,true,45,0,752,182.30241394043,182.30241394043,115.32316589355,-0.11651229858398,false,true,true,true
7055,SAMPLE,CONVERGING,true,true,45,0,757,181.36114501953,181.36114501953,110.80964660645,-0.11162281036377,false,true,true,true
7060,SAMPLE,CONVERGING,true,true,45,0,762,180.87228393555,180.87228393555,108.47703552246,-0.10908222198486,false,true,true,true
7065,SAMPLE,CONVERGING,true,true,45,0,767,180.91613769531,180.91613769531,108.76631164551,-0.10932159423828,false,true,true,true
7070,SAMPLE,CONVERGING,true,true,45,0,772,181.03369140625,181.03369140625,109.38706970215,-0.10994482040405,false,true,true,true
7075,SAMPLE,CONVERGING,true,true,45,0,777,181.15925598145,181.15925598145,110.03721618652,-0.11056804656982,false,true,true,true
7080,SAMPLE,CONVERGING,true,true,45,0,782,181.30313110352,181.30313110352,110.7776184082,-0.11133527755737,false,true,true,true
7085,SAMPLE,CONVERGING,true,true,45,0,787,181.46058654785,181.46058654785,111.58423614502,-0.11215019226074,false,true,true,true
7090,SAMPLE,CONVERGING,true,true,45,0,792,181.57824707031,181.57824707031,112.1849899292,-0.11248540878296,false,true,true,true
7095,SAMPLE,CONVERGING,true,true,45,0,797,181.60606384277,181.60606384277,112.32498168945,-0.11291742324829,false,true,true,true
7100,SAMPLE,CONVERGING,true,true,45,0,802,181.52822875977,181.52822875977,111.92082977295,-0.11248540878296,false,true,true,true
7105,SAMPLE,CONVERGING,true,true,45,0,807,181.28668212891,181.28668212891,110.67137145996,-0.11123895645142,false,true,true,true
7110,SAMPLE,CONVERGING,true,true,45,0,812,180.72761535645,180.72761535645,107.78217315674,-0.10831499099731,false,true,true,true
7115,SAMPLE,CONVERGING,true,true,45,0,817,180.24610900879,180.24610900879,105.29077148438,-0.10582208633423,false,true,true,true
7120,SAMPLE,CONVERGING,true,true,45,0,822,179.63629150391,179.63629150391,102.13697814941,-0.10265827178955,false,true,true,true
7125,SAMPLE,CONVERGING,true,true,45,0,827,178.96534729004,178.96534729004,98.675300598145,-0.10054922103882,false,true,true,true
7130,SAMPLE,CONVERGING,true,true,45,0,832,178.76559448242,178.76559448242,97.671531677246,-0.098152637481689,false,true,true,true
7135,SAMPLE,CONVERGING,true,true,45,0,837,178.65837097168,178.65837097168,97.179634094238,-0.097577095031738,false,true,true,true
7140,SAMPLE,CONVERGING,true,true,45,0,842,178.72895812988,178.72895812988,97.63761138916,-0.097960472106934,false,true,true,true
7145,SAMPLE,CONVERGING,true,true,45,0,847,178.89855957031,178.89855957031,98.593963623047,-0.098823547363281,false,true,true,true
7150,SAMPLE,CONVERGING,true,true,45,0,852,179.39199829102,179.39199829102,101.19300842285,-0.10136413574219,false,true,true,true
7155,SAMPLE,CONVERGING,true,true,45,0,857,180.0998840332,180.0998840332,104.87090301514,-0.10505533218384,false,true,true,true
7160,SAMPLE,CONVERGING,true,true,45,0,862,180.52374267578,180.52374267578,107.0634765625,-0.10726022720337,false,true,true,true
7165,SAMPLE,CONVERGING,true,true,45,0,867,181.19209289551,181.19209289551,110.51965332031,-0.11075973510742,false,true,true,true
7170,SAMPLE,CONVERGING,true,true,45,0,872,182.41415405273,182.41415405273,116.81923675537,-0.11708784103394,false,true,true,true
7175,SAMPLE,CONVERGING,true,true,45,0,877,183.48951721191,183.48951721191,122.35424804688,-0.1226487159729,false,true,true,true
7180,SAMPLE,CONVERGING,true,true,45,0,882,184.25241088867,184.25241088867,126.27103424072,-0.12657928466797,false,true,true,true
7185,SAMPLE,CONVERGING,true,true,45,0,887,184.94842529297,184.94842529297,129.83638000488,-0.13017463684082,false,true,true,true
7190,SAMPLE,CONVERGING,true,true,45,0,892,185.03921508789,185.03921508789,130.30128479004,-0.13065385818481,false,true,true,true
7195,SAMPLE,CONVERGING,true,true,45,0,897,185.04765319824,185.04765319824,130.34443664551,-0.13065385818481,false,true,true,true
7200,SAMPLE,CONVERGING,true,true,45,0,902,185.52499389648,185.52499389648,132.78489685059,-0.1331467628479,false,true,true,true
7205,SAMPLE,CONVERGING,true,true,45,0,907,187.10847473145,187.10847473145,140.86250305176,-0.14129590988159,false,true,true,true
7210,SAMPLE,CONVERGING,true,true,45,0,912,187.97883605957,187.97883605957,145.29077148438,-0.14575433731079,false,true,true,true
7215,SAMPLE,CONVERGING,true,true,45,0,917,189.65263366699,189.65263366699,153.78405761719,-0.15433549880981,false,true,true,true
7220,SAMPLE,CONVERGING,true,true,45,0,922,191.18981933594,191.18981933594,161.55313110352,-0.16219711303711,false,true,true,true
7225,SAMPLE,CONVERGING,true,true,45,0,927,193.31854248047,193.31854248047,172.25090026855,-0.17307901382446,false,true,true,true
7230,SAMPLE,CONVERGING,true,true,45,0,932,194.50662231445,194.50662231445,178.1717376709,-0.17911911010742,false,true,true,true
7235,SAMPLE,CONVERGING,true,true,45,0,937,194.66195678711,194.66195678711,178.89476013184,-0.17988586425781,false,true,true,true
7240,SAMPLE,CONVERGING,true,true,45,0,942,194.70489501953,194.70489501953,179.07609558105,-0.18017339706421,false,true,true,true
7245,SAMPLE,CONVERGING,true,true,45,0,947,194.12788391113,194.12788391113,176.09704589844,-0.17720174789429,false,true,true,true
7250,SAMPLE,CONVERGING,true,true,45,0,952,193.46182250977,193.46182250977,172.63130187988,-0.17384576797485,false,true,true,true
7255,SAMPLE,CONVERGING,true,true,45,0,957,192.73670959473,192.73670959473,168.60661315918,-0.17010641098022,false,true,true,true
7260,SAMPLE,CONVERGING,true,true,45,0,962,191.8844909668,191.8844909668,163.44340515137,-0.1657919883728,false,true,true,true
7265,SAMPLE,CONVERGING,true,true,45,0,967,191.15646362305,191.15646362305,158.79815673828,-0.16205310821533,false,true,true,true
7270,SAMPLE,CONVERGING,true,true,45,0,972,190.42056274414,190.42056274414,154.11283874512,-0.15826606750488,false,true,true,true
7275,SAMPLE,CONVERGING,true,true,45,0,977,189.87741088867,189.87741088867,150.70487976074,-0.1554856300354,false,true,true,true
7280,SAMPLE,CONVERGING,true,true,45,0,982,189.81996154785,189.81996154785,149.98178100586,-0.155198097229,false,true,true,true
7285,SAMPLE,CONVERGING,true,true,45,0,987,190.5524597168,190.5524597168,153.51458740234,-0.15893697738647,false,true,true,true
7290,SAMPLE,CONVERGING,true,true,45,0,992,191.4854888916,191.4854888916,158.15333557129,-0.16373109817505,false,true,true,true
7295,SAMPLE,CONVERGING,true,true,45,0,997,192.42127990723,192.42127990723,162.81996154785,-0.16852474212646,false,true,true,true
7300,SAMPLE,CONVERGING,true,true,45,0,1002,192.85406494141,192.85406494141,164.97761535645,-0.17073011398315,false,true,true,true
7305,SAMPLE,CONVERGING,true,true,45,0,1007,193.07830810547,193.07830810547,166.1065826416,-0.17188024520874,false,true,true,true
7310,SAMPLE,CONVERGING,true,true,45,0,1012,193.3062286377,193.3062286377,167.24031066895,-0.17303085327148,false,true,true,true
7315,SAMPLE,CONVERGING,true,true,45,0,1017,193.59579467773,193.59579467773,168.68263244629,-0.1745171546936,false,true,true,true
7320,SAMPLE,CONVERGING,true,true,45,0,1022,193.80010986328,193.80010986328,169.70811462402,-0.17552375793457,false,true,true,true
7325,SAMPLE,CONVERGING,true,true,45,0,1027,194.21841430664,194.21841430664,171.78530883789,-0.17686605453491,false,true,true,true
7330,SAMPLE,CONVERGING,true,true,45,0,1032,194.44400024414,194.44400024414,172.8900604248,-0.17883157730103,false,true,true,true
7335,SAMPLE,CONVERGING,true,true,45,0,1037,194.77990722656,194.77990722656,174.53495788574,-0.18050909042358,false,true,true,true
7340,SAMPLE,CONVERGING,true,true,45,0,1042,195.05616760254,195.05616760254,175.89381408691,-0.18194723129272,false,true,true,true
7345,SAMPLE,CONVERGING,true,true,45,0,1047,195.00549316406,195.00549316406,176.14447021484,-0.18165969848633,false,true,true,true
7350,SAMPLE,CONVERGING,true,true,45,0,1052,195.08224487305,195.08224487305,177.67068481445,-0.18204307556152,false,true,true,true
7355,SAMPLE,CONVERGING,true,true,45,0,1057,194.58529663086,194.58529663086,176.2663269043,-0.1795506477356,false,true,true,true
7360,SAMPLE,CONVERGING,true,true,45,0,1062,193.50259399414,193.50259399414,171.61538696289,-0.17403745651245,false,true,true,true
7365,SAMPLE,CONVERGING,true,true,45,0,1067,192.36396789551,192.36396789551,166.39814758301,-0.16823720932007,false,true,true,true
7370,SAMPLE,CONVERGING,true,true,45,0,1072,191.58316040039,191.58316040039,162.69515991211,-0.16421031951904,false,true,true,true
7375,SAMPLE,CONVERGING,true,true,45,0,1077,191.17922973633,191.17922973633,160.74194335938,-0.16214895248413,false,true,true,true
7380,SAMPLE,CONVERGING,true,true,45,0,1082,190.9095916748,190.9095916748,159.42227172852,-0.16080665588379,false,true,true,true
7385,SAMPLE,CONVERGING,true,true,45,0,1087,190.68418884277,190.68418884277,158.30729675293,-0.15960836410522,false,true,true,true
7390,SAMPLE,CONVERGING,true,true,45,0,1092,190.54672241211,190.54672241211,157.62504577637,-0.15893697738647,false,true,true,true
7395,SAMPLE,CONVERGING,true,true,45,0,1097,190.51031494141,190.51031494141,157.44528198242,-0.15874528884888,false,true,true,true
7400,SAMPLE,CONVERGING,true,true,45,0,1102,190.51422119141,190.51422119141,157.46324157715,-0.15874528884888,false,true,true,true
7405,SAMPLE,CONVERGING,true,true,45,0,1107,190.51284790039,190.51284790039,157.45472717285,-0.15874528884888,false,true,true,true
7410,SAMPLE,CONVERGING,true,true,45,0,1112,190.4513092041,190.4513092041,157.14073181152,-0.1584095954895,false,true,true,true
7415,SAMPLE,CONVERGING,true,true,45,0,1117,190.29086303711,190.29086303711,156.32569885254,-0.15759515762329,false,true,true,true
7420,SAMPLE,CONVERGING,true,true,45,0,1122,189.97232055664,189.97232055664,154.70648193359,-0.15601301193237,false,true,true,true
7425,SAMPLE,CONVERGING,true,true,45,0,1127,189.35429382324,189.35429382324,151.56173706055,-0.15280103683472,false,true,true,true
7430,SAMPLE,CONVERGING,true,true,45,0,1132,188.71377563477,188.71377563477,148.29795837402,-0.14954137802124,false,true,true,true
7435,SAMPLE,CONVERGING,true,true,45,0,1137,188.01295471191,188.01295471191,144.73121643066,-0.14594602584839,false,true,true,true
7440,SAMPLE,CONVERGING,true,true,45,0,1142,187.60272216797,187.60272216797,142.66058349609,-0.14383697509766,false,true,true,true
7445,SAMPLE,CONVERGING,true,true,45,0,1147,187.28532409668,187.28532409668,141.15951538086,-0.14220666885376,false,true,true,true
7450,SAMPLE,CONVERGING,true,true,45,0,1152,187.33615112305,187.33615112305,141.54058837891,-0.14244651794434,false,true,true,true
7455,SAMPLE,CONVERGING,true,true,45,0,1157,187.91386413574,187.91386413574,144.62214660645,-0.14541864395142,false,true,true,true
7460,SAMPLE,CONVERGING,true,true,45,0,1162,189.03779602051,189.03779602051,150.41304016113,-0.15117120742798,false,true,true,true
7465,SAMPLE,CONVERGING,true,true,45,0,1167,191.31854248047,191.31854248047,162.01582336426,-0.1628680229187,false,true,true,true
7470,SAMPLE,CONVERGING,true,true,45,0,1172,194.75057983398,194.75057983398,179.28509521484,-0.18036508560181,false,true,true,true
7475,SAMPLE,CONVERGING,true,true,45,0,1177,198.60844421387,198.60844421387,198.42364501953,-0.199875831604,false,true,true,true
7480,SAMPLE,CONVERGING,true,true,45,0,1182,201.20980834961,201.20980834961,211.18394470215,-0.21296262741089,false,true,true,true
7485,SAMPLE,CONVERGING,true,true,45,0,1187,204.12966918945,204.12966918945,225.36972045898,-0.22758388519287,false,true,true,true
7490,SAMPLE,CONVERGING,true,true,45,0,1192,206.77880859375,206.77880859375,238.14166259766,-0.24076700210571,false,true,true,true
7495,SAMPLE,CONVERGING,true,true,45,0,1197,210.14163208008,210.14163208008,254.23226928711,-0.25730514526367,false,true,true,true
7500,SAMPLE,CONVERGING,true,true,45,0,1202,211.82885742188,211.82885742188,262.23678588867,-0.26559829711914,false,true,true,true
7505,SAMPLE,CONVERGING,true,true,45,0,1207,214.1918182373,214.1918182373,273.34262084961,-0.27350807189941,false,true,true,true
7510,SAMPLE,CONVERGING,true,true,45,0,1212,215.09100341797,215.09100341797,277.54907226563,-0.28141784667969,false,true,true,true
7515,SAMPLE,CONVERGING,true,true,45,0,1217,215.76071166992,215.76071166992,280.68161010742,-0.28467798233032,false,true,true,true
7520,SAMPLE,CONVERGING,true,true,45,0,1222,215.47666931152,215.47666931152,279.36901855469,-0.283287525177,false,true,true,true
7525,SAMPLE,CONVERGING,true,true,45,0,1227,215.37403869629,215.37403869629,278.89093017578,-0.28280782699585,false,true,true,true
7530,SAMPLE,CONVERGING,true,true,45,0,1232,215.30476379395,215.30476379395,278.56549072266,-0.28247261047363,false,true,true,true
7535,SAMPLE,CONVERGING,true,true,45,0,1237,215.21633911133,215.21633911133,278.14733886719,-0.28204107284546,false,true,true,true
7540,SAMPLE,CONVERGING,true,true,45,0,1242,215.10766601563,215.10766601563,277.63336181641,-0.28151369094849,false,true,true,true
7545,SAMPLE,CONVERGING,true,true,45,0,1247,215.00836181641,215.00836181641,277.16372680664,-0.28103446960449,false,true,true,true
7550,SAMPLE,CONVERGING,true,true,45,0,1252,215.00187683105,215.00187683105,277.12847900391,-0.28103446960449,false,true,true,true
7555,SAMPLE,CONVERGING,true,true,45,0,1257,215.01313781738,215.01313781738,277.17712402344,-0.28103446960449,false,true,true,true
7560,SAMPLE,CONVERGING,true,true,45,0,1262,214.90914916992,214.90914916992,276.6858215332,-0.2805552482605,false,true,true,true
7565,SAMPLE,CONVERGING,true,true,45,0,1267,214.45245361328,214.45245361328,274.50875854492,-0.27834987640381,false,true,true,true
7570,SAMPLE,CONVERGING,true,true,45,0,1272,214.06909179688,214.06909179688,272.64886474609,-0.27648019790649,false,true,true,true
7575,SAMPLE,CONVERGING,true,true,45,0,1277,214.16194152832,214.16194152832,272.9533996582,-0.27691173553467,false,true,true,true
7580,SAMPLE,CONVERGING,true,true,45,0,1282,214.20852661133,214.20852661133,272.93865966797,-0.27719926834106,false,true,true,true
7585,SAMPLE,CONVERGING,true,true,45,0,1287,214.55438232422,214.55438232422,274.22772216797,-0.2788290977478,false,true,true,true
7590,SAMPLE,CONVERGING,true,true,45,0,1292,214.7873840332,214.7873840332,274.74240112305,-0.27997970581055,false,true,true,true
7595,SAMPLE,CONVERGING,true,true,45,0,1297,214.63014221191,214.63014221191,273.3440246582,-0.279212474823,false,true,true,true
7600,SAMPLE,CONVERGING,true,true,45,0,1302,214.38897705078,214.38897705078,271.47955322266,-0.27806234359741,false,true,true,true
7605,SAMPLE,CONVERGING,true,true,45,0,1307,214.27494812012,214.27494812012,269.92663574219,-0.27748727798462,false,true,true,true
7610,SAMPLE,CONVERGING,true,true,45,0,1312,214.59872436523,214.59872436523,270.66400146484,-0.27906894683838,false,true,true,true
7615,SAMPLE,CONVERGING,true,true,45,0,1317,214.70573425293,214.70573425293,270.80169677734,-0.27959632873535,false,true,true,true
7620,SAMPLE,CONVERGING,true,true,45,0,1322,214.27944946289,214.27944946289,268.77416992188,-0.27748727798462,false,true,true,true
7625,SAMPLE,CONVERGING,true,true,45,0,1327,213.95562744141,213.95562744141,267.28170776367,-0.27595281600952,false,true,true,true
7630,SAMPLE,CONVERGING,true,true,45,0,1332,213.50286865234,213.50286865234,265.22451782227,-0.27518606185913,false,true,true,true
7635,SAMPLE,CONVERGING,true,true,45,0,1337,213.23712158203,213.23712158203,264.02252197266,-0.27245378494263,false,true,true,true
7640,SAMPLE,CONVERGING,true,true,45,0,1342,212.87481689453,212.87481689453,262.36938476563,-0.27067995071411,false,true,true,true
7645,SAMPLE,CONVERGING,true,true,45,0,1347,212.13255310059,212.13255310059,259.49456787109,-0.26703643798828,false,true,true,true
7650,SAMPLE,CONVERGING,true,true,45,0,1352,210.71041870117,210.71041870117,253.94750976563,-0.26008558273315,false,true,true,true
7655,SAMPLE,CONVERGING,true,true,45,0,1357,209.8048248291,209.8048248291,250.61660766602,-0.25567531585693,false,true,true,true
7660,SAMPLE,CONVERGING,true,true,45,0,1362,209.63441467285,209.63441467285,250.17037963867,-0.25481271743774,false,true,true,true
7665,SAMPLE,CONVERGING,true,true,45,0,1367,209.74227905273,209.74227905273,251.22496032715,-0.25534009933472,false,true,true,true
7670,SAMPLE,CONVERGING,true,true,45,0,1372,210.02561950684,210.02561950684,252.85087585449,-0.25673007965088,false,true,true,true
7675,SAMPLE,CONVERGING,true,true,45,0,1377,210.08508300781,210.08508300781,253.20477294922,-0.25701761245728,false,true,true,true
7680,SAMPLE,CONVERGING,true,true,45,0,1382,210.13035583496,210.13035583496,253.49716186523,-0.25725746154785,false,true,true,true
7685,SAMPLE,CONVERGING,true,true,45,0,1387,210.22122192383,210.22122192383,253.95024108887,-0.25768899917603,false,true,true,true
7690,SAMPLE,CONVERGING,true,true,45,0,1392,210.28768920898,210.28768920898,254.26681518555,-0.25802421569824,false,true,true,true
7695,SAMPLE,CONVERGING,true,true,45,0,1397,210.28796386719,210.28796386719,254.26898193359,-0.25802421569824,false,true,true,true
7700,SAMPLE,CONVERGING,true,true,45,0,1402,210.37115478516,210.37115478516,254.65223693848,-0.25845575332642,false,true,true,true
7705,SAMPLE,CONVERGING,true,true,45,0,1407,210.52589416504,210.52589416504,255.36358642578,-0.25922250747681,false,true,true,true
7710,SAMPLE,CONVERGING,true,true,45,0,1412,210.60308837891,210.60308837891,255.7294921875,-0.25960636138916,false,true,true,true
7715,SAMPLE,CONVERGING,true,true,45,0,1417,210.81909179688,210.81909179688,256.74331665039,-0.26061296463013,false,true,true,true
7720,SAMPLE,CONVERGING,true,true,45,0,1422,211.46672058105,211.46672058105,259.77291870117,-0.26382493972778,false,true,true,true
7725,SAMPLE,CONVERGING,true,true,45,0,1427,211.96572875977,211.96572875977,262.18246459961,-0.26626968383789,false,true,true,true
7730,SAMPLE,CONVERGING,true,true,45,0,1432,212.26399230957,212.26399230957,263.71435546875,-0.26770782470703,false,true,true,true
7735,SAMPLE,CONVERGING,true,true,45,0,1437,212.2326965332,212.2326965332,263.77398681641,-0.26756381988525,false,true,true,true
7740,SAMPLE,CONVERGING,true,true,45,0,1442,211.83212280273,211.83212280273,262.12142944336,-0.26559829711914,false,true,true,true
7745,SAMPLE,CONVERGING,true,true,45,0,1447,192.81036376953,192.81036376953,169.63417053223,-0.26440000534058,false,true,true,true
7750,SAMPLE,CONVERGING,true,true,45,0,1452,180.86923217773,180.86923217773,108.86334991455,-0.10908222198486,false,true,true,true
7755,SAMPLE,CONVERGING,true,true,45,0,1457,168.44300842285,168.44300842285,44.269474029541,-0.044270515441895,false,true,true,true
7760,SAMPLE,CONVERGING,true,true,43,0,1462,163.41575622559,163.41575622559,17.925098419189,-0.017856597900391,false,false,false,false
7763,AUTO_SHOT,FIRED,true,false,40,2,0,162.17262268066,162.17262268066,11.402546882629,-0.011337280273438,true,false,false,false
7765,SAMPLE,FIRED,true,false,38,2,2,161.38191223145,161.38191223145,7.2529611587524,-0.0071663856506348,true,false,false,false
7770,SAMPLE,FIRED,true,false,33,2,7,160.55906677246,160.55906677246,2.9343264102936,-0.0029001235961914,true,false,false,false
7775,REARMED,IDLE,true,true,0,0,0,160.22618103027,160.22618103027,1.1871415376663,-0.001126766204834,true,false,false,false
7775,SAMPLE,IDLE,true,true,0,0,0,160.22618103027,160.22618103027,1.1871415376663,-0.001126766204834,true,false,false,false
7780,SAMPLE,IDLE,true,true,0,0,5,160.14385986328,160.14385986328,0.75506818294525,-0.00069522857666016,true,false,false,false
7785,SAMPLE,IDLE,true,true,0,0,10,160.05819702148,160.05819702148,0.30545511841774,-0.00026369094848633,true,false,false,false
7790,SAMPLE,IDLE,true,true,0,0,15,160.02354431152,160.02354431152,0.12357557564974,-7.2002410888672e-05,true,false,false,false
7795,SAMPLE,IDLE,true,true,0,0,20,160.00952148438,160.00952148438,0.049974828958511,2.3961067199707e-05,true,false,false,false
7800,SAMPLE,IDLE,true,true,0,0,25,160.00386047363,160.00386047363,0.020262230187654,-2.3841857910156e-05,true,false,false,false
7805,SAMPLE,IDLE,true,true,0,0,30,160.00155639648,160.00155639648,0.0081689618527889,-2.3841857910156e-05,true,false,false,false
7810,SAMPLE,CONVERGING,true,true,45,0,35,185.90921020508,185.90921020508,134.73344421387,-0.13511228561401,false,true,true,true
7815,SAMPLE,SHOT_READY,true,true,44,1,0,160.58226013184,160.58226013184,3.0546264648438,-0.0029959678649902,true,false,false,false
7816,AUTO_SHOT,FIRED,true,false,43,2,0,160.58226013184,160.58226013184,3.0546264648438,-0.0029959678649902,true,false,false,false
7820,SAMPLE,FIRED,true,false,39,2,4,149.30407714844,149.30407714844,-56.012222290039,0.056063055992126,false,true,true,true
7825,SAMPLE,FIRED,true,false,34,2,9,137.11770629883,137.11770629883,-119.04851531982,0.11948454380035,false,true,true,true
7828,REARMED,IDLE,true,true,0,0,0,133.88677978516,133.88677978516,-135.43963623047,0.13616681098938,false,true,true,true
7830,SAMPLE,CONVERGING,true,true,45,0,2,131.74165344238,131.74165344238,-146.14418029785,0.14719247817993,false,true,true,true
7835,SAMPLE,CONVERGING,true,true,45,0,7,129.17921447754,129.17921447754,-158.56050109863,0.16032731533051,false,true,true,true
7840,SAMPLE,CONVERGING,true,true,45,0,12,127.98300170898,127.98300170898,-164.0671081543,0.16646337509155,false,true,true,true
7845,SAMPLE,CONVERGING,true,true,45,0,17,127.25317382813,127.25317382813,-167.34684753418,0.17015469074249,false,true,true,true
7850,SAMPLE,CONVERGING,true,true,45,0,22,127.01298522949,127.01298522949,-168.35060119629,0.17140102386475,false,true,true,true
7855,SAMPLE,CONVERGING,true,true,45,0,27,127.43891906738,127.43891906738,-166.25338745117,0.16919589042664,false,true,true,true
7860,SAMPLE,CONVERGING,true,true,45,0,32,128.10975646973,128.10975646973,-163.01271057129,0.16579222679138,false,true,true,true
7865,SAMPLE,CONVERGING,true,true,45,0,37,128.86395263672,128.86395263672,-159.33979797363,0.16195738315582,false,true,true,true
7870,SAMPLE,CONVERGING,true,true,45,0,42,129.1664276123,129.1664276123,-157.86709594727,0.1603752374649,false,true,true,true
7875,SAMPLE,CONVERGING,true,true,45,0,47,129.45220947266,129.45220947266,-156.47639465332,0.15893721580505,false,true,true,true
7880,SAMPLE,CONVERGING,true,true,45,0,52,129.72406005859,129.72406005859,-155.1483001709,0.15754699707031,false,true,true,true
7885,SAMPLE,CONVERGING,true,true,45,0,57,129.97248840332,129.97248840332,-153.93075561523,0.15625274181366,false,true,true,true
7890,SAMPLE,CONVERGING,true,true,45,0,62,130.18019104004,130.18019104004,-152.9162902832,0.155198097229,false,true,true,true
7895,SAMPLE,CONVERGING,true,true,45,0,67,130.51428222656,130.51428222656,-151.26820373535,0.15347242355347,false,true,true,true
7900,SAMPLE,CONVERGING,true,true,45,0,72,130.69676208496,130.69676208496,-150.35968017578,0.15256142616272,false,true,true,true
7905,SAMPLE,CONVERGING,true,true,45,0,77,130.96965026855,130.96965026855,-149.00074768066,0.15117132663727,false,true,true,true
7910,SAMPLE,CONVERGING,true,true,45,0,82,131.22532653809,131.22532653809,-147.732421875,0.14987695217133,false,true,true,true
7915,SAMPLE,CONVERGING,true,true,45,0,87,131.54391479492,131.54391479492,-146.14297485352,0.14824712276459,false,true,true,true
7920,SAMPLE,CONVERGING,true,true,45,0,92,131.85595703125,131.85595703125,-144.66413879395,0.14661729335785,false,true,true,true
7925,SAMPLE,CONVERGING,true,true,45,0,97,131.30625915527,131.30625915527,-147.70172119141,0.14944553375244,false,true,true,true
7930,SAMPLE,CONVERGING,true,true,45,0,102,129.7918548584,129.7918548584,-155.66952514648,0.15721142292023,false,true,true,true
7935,SAMPLE,CONVERGING,true,true,45,0,107,128.49481201172,128.49481201172,-162.45756530762,0.16382682323456,false,true,true,true
7940,SAMPLE,CONVERGING,true,true,45,0,112,128.08279418945,128.08279418945,-164.61778259277,0.16593611240387,false,true,true,true
7945,SAMPLE,CONVERGING,true,true,45,0,117,127.62608337402,127.62608337402,-167.02838134766,0.16828501224518,false,true,true,true
7950,SAMPLE,CONVERGING,true,true,45,0,122,126.06958007813,126.06958007813,-174.85832214355,0.17624258995056,false,true,true,true
7955,SAMPLE,CONVERGING,true,true,45,0,127,124.30307769775,124.30307769775,-183.66854858398,0.18515920639038,false,true,true,true
7960,SAMPLE,CONVERGING,true,true,45,0,132,122.88288879395,122.88288879395,-190.71315002441,0.19234979152679,false,true,true,true
7965,SAMPLE,CONVERGING,true,true,45,0,137,121.88725280762,121.88725280762,-195.62913513184,0.1973831653595,false,true,true,true
7970,SAMPLE,CONVERGING,true,true,45,0,142,121.51187133789,121.51187133789,-197.47744750977,0.19930064678192,false,true,true,true
7975,SAMPLE,CONVERGING,true,true,45,0,147,120.92962646484,120.92962646484,-200.33779907227,0.20222496986389,false,true,true,true
7980,SAMPLE,CONVERGING,true,true,45,0,152,120.41893005371,120.41893005371,-202.83839416504,0.2047655582428,false,true,true,true
7985,SAMPLE,CONVERGING,true,true,45,0,157,119.88861083984,119.88861083984,-205.42462158203,0.20745003223419,false,true,true,true
7990,SAMPLE,CONVERGING,true,true,45,0,162,119.06782531738,119.06782531738,-209.40838623047,0.21157276630402,false,true,true,true
7995,SAMPLE,CONVERGING,true,true,45,0,167,118.36605072021,118.36605072021,-212.80120849609,0.21512007713318,false,true,true,true
8000,SAMPLE,CONVERGING,true,true,45,0,172,117.31768798828,117.31768798828,-217.86898803711,0.22034525871277,false,true,true,true
8005,SAMPLE,CONVERGING,true,true,45,0,177,116.27624511719,116.27624511719,-222.97431945801,0.22557055950165,false,true,true,true
8010,SAMPLE,CONVERGING,true,true,45,0,182,114.24143218994,114.24143218994,-232.90557861328,0.23012459278107,false,true,true,true
8015,SAMPLE,CONVERGING,true,true,45,0,187,112.75926971436,112.75926971436,-240.10354614258,0.24301981925964,false,true,true,true
8020,SAMPLE,CONVERGING,true,true,45,0,192,109.62994384766,109.62994384766,-255.14862060547,0.25845575332642,false,true,true,true
8025,SAMPLE,CONVERGING,true,true,45,0,197,106.02611541748,106.02611541748,-272.20501708984,0.27604877948761,false,true,true,true
8030,SAMPLE,CONVERGING,true,true,45,0,202,103.63565063477,103.63565063477,-283.36618041992,0.28760182857513,false,true,true,true
8035,SAMPLE,CONVERGING,true,true,45,0,207,102.60671234131,102.60671234131,-288.11859130859,0.29258728027344,false,true,true,true
8040,SAMPLE,CONVERGING,true,true,45,0,212,101.91449737549,101.91449737549,-291.30892944336,0.29589509963989,false,true,true,true
8045,SAMPLE,CONVERGING,true,true,45,0,217,102.34443664551,102.34443664551,-289.34301757813,0.29378581047058,false,true,true,true
8050,SAMPLE,CONVERGING,true,true,45,0,222,103.15872192383,103.15872192383,-285.65155029297,0.28990280628204,false,true,true,true
8055,SAMPLE,CONVERGING,true,true,45,0,227,103.75790405273,103.75790405273,-282.93811035156,0.28697872161865,false,true,true,true
8060,SAMPLE,CONVERGING,true,true,45,0,232,104.25727844238,104.25727844238,-280.67141723633,0.28462970256805,false,true,true,true
8065,SAMPLE,CONVERGING,true,true,45,0,237,104.91609954834,104.91609954834,-277.63433837891,0.28141784667969,false,true,true,true
8070,SAMPLE,CONVERGING,true,true,45,0,242,105.31231689453,105.31231689453,-275.81167602539,0.27950036525726,false,true,true,true
8075,SAMPLE,CONVERGING,true,true,45,0,247,105.2596282959,105.2596282959,-276.07690429688,0.27926075458527,false,true,true,true
8080,SAMPLE,CONVERGING,true,true,45,0,252,104.85181427002,104.85181427002,-277.98010253906,0.28170549869537,false,true,true,true
8085,SAMPLE,CONVERGING,true,true,45,0,257,104.57183837891,104.57183837891,-279.28457641602,0.28309571743011,false,true,true,true
8090,SAMPLE,CONVERGING,true,true,45,0,262,104.41375732422,104.41375732422,-280.01910400391,0.28386270999908,false,true,true,true
8095,SAMPLE,CONVERGING,true,true,45,0,267,104.31580352783,104.31580352783,-280.47210693359,0.28434205055237,false,true,true,true
8100,SAMPLE,CONVERGING,true,true,45,0,272,104.24122619629,104.24122619629,-280.81579589844,0.28467762470245,false,true,true,true
8105,SAMPLE,CONVERGING,true,true,45,0,277,104.19654846191,104.19654846191,-281.02066040039,0.28491723537445,false,true,true,true
8110,SAMPLE,CONVERGING,true,true,45,0,282,104.81957244873,104.81957244873,-278.12576293945,0.28189718723297,false,true,true,true
8115,SAMPLE,CONVERGING,true,true,45,0,287,105.10464477539,105.10464477539,-276.7956237793,0.28045916557312,false,true,true,true
8120,SAMPLE,CONVERGING,true,true,45,0,292,104.880859375,104.880859375,-277.82095336914,0.28160965442657,false,true,true,true
8125,SAMPLE,CONVERGING,true,true,45,0,297,104.47499084473,104.47499084473,-279.67697143555,0.283527135849,false,true,true,true
8130,SAMPLE,CONVERGING,true,true,45,0,302,103.93082427979,103.93082427979,-282.16409301758,0.28616380691528,false,true,true,true
8135,SAMPLE,CONVERGING,true,true,45,0,307,103.27326965332,103.27326965332,-285.14407348633,0.28932762145996,false,true,true,true
8140,SAMPLE,CONVERGING,true,true,45,0,312,102.39141845703,102.39141845703,-289.04791259766,0.29359412193298,false,true,true,true
8145,SAMPLE,CONVERGING,true,true,45,0,317,101.48374938965,101.48374938965,-292.82434082031,0.29795634746552,false,true,true,true
8150,SAMPLE,CONVERGING,true,true,45,0,322,100.83584594727,100.83584594727,-295.30038452148,0.30102431774139,false,true,true,true
8155,SAMPLE,CONVERGING,true,true,45,0,327,100.28246307373,100.28246307373,-297.27001953125,0.30370891094208,false,true,true,true
8160,SAMPLE,CONVERGING,true,true,45,0,332,99.682106018066,99.682106018066,-299.29598999023,0.30653715133667,false,true,true,true
8165,SAMPLE,CONVERGING,true,true,45,0,337,99.13737487793,99.13737487793,-301.18496704102,0.30912590026855,false,true,true,true
8170,SAMPLE,CONVERGING,true,true,45,0,342,99.057418823242,99.057418823242,-301.35723876953,0.30950939655304,false,true,true,true
8175,SAMPLE,CONVERGING,true,true,45,0,347,99.382179260254,99.382179260254,-299.91708374023,0.30797529220581,false,true,true,true
8180,SAMPLE,CONVERGING,true,true,45,0,352,99.956512451172,99.956512451172,-297.44937133789,0.30524289608002,false,true,true,true
8185,SAMPLE,CONVERGING,true,true,45,0,357,100.54618835449,100.54618835449,-294.89270019531,0.30241465568542,false,true,true,true
8190,SAMPLE,CONVERGING,true,true,45,0,362,100.84994506836,100.84994506836,-293.59069824219,0.30097639560699,false,true,true,true
8195,SAMPLE,CONVERGING,true,true,45,0,367,101.09313201904,101.09313201904,-292.5361328125,0.29977798461914,false,true,true,true
8200,SAMPLE,CONVERGING,true,true,45,0,372,101.27698516846,101.27698516846,-291.74487304688,0.29891502857208,false,true,true,true
8205,SAMPLE,CONVERGING,true,true,45,0,377,101.50800323486,101.50800323486,-290.73461914063,0.29781258106232,false,true,true,true
8210,SAMPLE,CONVERGING,true,true,45,0,382,101.69338226318,101.69338226318,-289.91882324219,0.29694962501526,false,true,true,true
8215,SAMPLE,CONVERGING,true,true,45,0,387,101.77377319336,101.77377319336,-289.57220458984,0.29656612873077,false,true,true,true
8220,SAMPLE,CONVERGING,true,true,45,0,392,101.90837860107,101.90837860107,-288.97897338867,0.29589509963989,false,true,true,true
8225,SAMPLE,CONVERGING,true,true,45,0,397,102.09539794922,102.09539794922,-288.14492797852,0.29503214359283,false,true,true,true
8230,SAMPLE,CONVERGING,true,true,45,0,402,102.39573669434,102.39573669434,-286.78402709961,0.29354619979858,false,true,true,true
8235,SAMPLE,CONVERGING,true,true,45,0,407,102.57041931152,102.57041931152,-285.99548339844,0.29273104667664,false,true,true,true
8240,SAMPLE,CONVERGING,true,true,45,0,412,102.74773406982,102.74773406982,-285.19290161133,0.29186820983887,false,true,true,true
8245,SAMPLE,CONVERGING,true,true,45,0,417,102.97882843018,102.97882843018,-284.14074707031,0.29076564311981,false,true,true,true
8250,SAMPLE,CONVERGING,true,true,45,0,422,102.90996551514,102.90996551514,-284.63729858398,0.2911012172699,false,true,true,true
8255,SAMPLE,CONVERGING,true,true,45,0,427,102.83303833008,102.83303833008,-285.32553100586,0.29143679141998,false,true,true,true
8260,SAMPLE,CONVERGING,true,true,45,0,432,102.9568862915,102.9568862915,-285.13375854492,0.2908616065979,false,true,true,true
8265,SAMPLE,CONVERGING,true,true,45,0,437,102.92301940918,102.92301940918,-285.64953613281,0.2910532951355,false,true,true,true
8270,SAMPLE,CONVERGING,true,true,45,0,442,117.65214538574,117.65214538574,-216.49114990234,0.21866750717163,false,true,true,true
8275,SAMPLE,CONVERGING,true,true,45,0,447,142.86744689941,142.86744689941,-89.527183532715,0.089619398117065,false,true,true,true
8280,SAMPLE,CONVERGING,true,true,45,0,452,153.06872558594,153.06872558594,-36.353424072266,0.036312818527222,false,true,true,true
8285,SAMPLE,CONVERGING,true,true,44,0,457,156.20854187012,156.20854187012,-19.895681381226,0.019822120666504,false,false,false,false
8288,AUTO_SHOT,FIRED,true,false,41,2,0,157.19583129883,157.19583129883,-14.716322898865,0.014644980430603,true,false,false,false
8290,SAMPLE,FIRED,true,false,39,2,2,157.92604064941,157.92604064941,-10.884757041931,0.010809898376465,true,false,false,false
8295,SAMPLE,FIRED,true,false,34,2,7,159.16094970703,159.16094970703,-4.4038248062134,0.004338264465332,true,false,false,false
8300,REARMED,IDLE,true,true,0,0,0,159.66053771973,159.66053771973,-1.7817118167877,0.0017017126083374,true,false,false,false
8300,SAMPLE,IDLE,true,true,0,0,0,159.66053771973,159.66053771973,-1.7817118167877,0.0017017126083374,true,false,false,false
8305,SAMPLE,IDLE,true,true,0,0,5,159.8143157959,159.8143157959,-0.97458881139755,0.00088679790496826,true,false,false,false
8310,SAMPLE,CONVERGING,true,true,45,0,10,147.39923095703,147.39923095703,-65.992713928223,0.065986156463623,false,true,true,true
8315,SAMPLE,CONVERGING,true,true,45,0,15,143.22496032715,143.22496032715,-87.653610229492,0.087749838829041,false,true,true,true
8320,SAMPLE,CONVERGING,true,true,45,0,20,166.19697570801,166.19697570801,32.469348907471,-0.032477855682373,false,true,true,true
8325,SAMPLE,CONVERGING,true,true,45,0,25,204.8130645752,204.8130645752,228.51765441895,-0.23098754882813,false,true,true,true
8330,SAMPLE,CONVERGING,true,true,45,0,30,218.21676635742,218.21676635742,291.51510620117,-0.29651832580566,false,true,true,true
8335,SAMPLE,CONVERGING,true,true,45,0,35,227.13470458984,227.13470458984,331.40707397461,-0.33875131607056,false,true,true,true
8340,SAMPLE,CONVERGING,true,true,45,0,40,230.72328186035,230.72328186035,346.97045898438,-0.35538578033447,false,true,true,true
8345,SAMPLE,CONVERGING,true,true,45,0,45,213.75875854492,213.75875854492,271.07711791992,-0.36444616317749,false,true,true,true
8350,SAMPLE,CONVERGING,true,true,45,0,50,189.40647888184,189.40647888184,152.45252990723,-0.15308904647827,false,true,true,true
8355,SAMPLE,CONVERGING,true,true,45,0,55,176.08558654785,176.08558654785,84.113815307617,-0.084202289581299,false,true,true,true
8360,SAMPLE,CONVERGING,true,true,45,0,60,168.79895019531,168.79895019531,46.130973815918,-0.046140193939209,false,true,true,true
8365,SAMPLE,CONVERGING,true,true,45,0,65,163.55976867676,163.55976867676,18.680521011353,-0.025191307067871,false,false,true,true
8369,AUTO_SHOT,FIRED,true,false,41,2,0,162.63279724121,162.63279724121,13.817217826843,-0.013734340667725,true,false,false,false
8370,SAMPLE,FIRED,true,false,40,2,1,161.94721984863,161.94721984863,10.219694137573,-0.010138988494873,true,false,false,false
8375,SAMPLE,FIRED,true,false,35,2,6,161.06513977051,161.06513977051,5.5904417037964,-0.0055365562438965,true,false,false,false
8380,SAMPLE,FIRED,true,false,30,2,11,160.58264160156,160.58264160156,3.0580599308014,-0.0029959678649902,true,false,false,false
8381,REARMED,IDLE,true,true,0,0,0,172.93011474609,172.93011474609,67.709739685059,-0.06771183013916,false,true,true,true
8385,SAMPLE,CONVERGING,true,true,45,0,4,190.3967590332,190.3967590332,157.5245513916,-0.15817022323608,false,true,true,true
8390,SAMPLE,CONVERGING,true,true,45,0,9,178.63671875,178.63671875,97.329132080078,-0.097433567047119,false,true,true,true
8395,SAMPLE,CONVERGING,true,true,45,0,14,165.55479431152,165.55479431152,29.134771347046,-0.029074192047119,false,true,true,true
8400,AUTO_SHOT,FIRED,true,false,41,2,0,162.17323303223,162.17323303223,11.403334617615,-0.011337280273438,true,false,false,false
8400,SAMPLE,FIRED,true,false,41,2,0,162.17323303223,162.17323303223,11.403334617615,-0.011337280273438,true,false,false,false
8405,SAMPLE,FIRED,true,false,36,2,5,160.16361999512,160.16361999512,0.85867148637772,-0.00079107284545898,true,false,false,false
8410,SAMPLE,FIRED,true,false,31,2,10,159.93090820313,159.93090820313,-0.36260309815407,0.00031161308288574,true,false,false,false
8412,REARMED,IDLE,true,true,0,0,0,160.00746154785,160.00746154785,0.039159674197435,2.3961067199707e-05,true,false,false,false
8415,SAMPLE,IDLE,true,true,0,0,3,160.07997131348,160.07997131348,0.41970938444138,-0.00035953521728516,true,false,false,false
8420,SAMPLE,IDLE,true,true,0,0,8,160.14758300781,160.14758300781,0.7745748758316,-0.00069522857666016,true,false,false,false
8425,SAMPLE,IDLE,true,true,0,0,13,159.99267578125,159.99267578125,-0.038440860807896,-2.3841857910156e-05,true,false,false,false
8430,SAMPLE,IDLE,true,true,0,0,18,159.63558959961,159.63558959961,-1.9125987291336,0.0018455982208252,true,false,false,false
8435,SAMPLE,IDLE,true,true,0,0,23,159.52290344238,159.52290344238,-2.5040261745453,0.0024687051773071,true,false,false,false
8440,SAMPLE,IDLE,true,true,0,0,28,159.41618347168,159.41618347168,-3.0641324520111,0.0029960870742798,true,false,false,false
8445,SAMPLE,IDLE,true,true,0,0,33,159.35554504395,159.35554504395,-3.3823795318604,0.0033316612243652,true,false,false,false
8450,SAMPLE,IDLE,true,true,0,0,38,159.27406311035,159.27406311035,-3.810010433197,0.0037151575088501,true,false,false,false
8455,SAMPLE,IDLE,true,true,0,0,43,159.23422241211,159.23422241211,-4.0191025733948,0.0039547681808472,true,false,false,false
8460,SAMPLE,IDLE,true,true,0,0,48,159.13803100586,159.13803100586,-4.5239391326904,0.0044822692871094,true,false,false,false
8465,SAMPLE,IDLE,true,true,0,0,53,159.09452819824,159.09452819824,-4.7522311210632,0.004673957824707,true,false,false,false
8470,SAMPLE,IDLE,true,true,0,0,58,159.50941467285,159.50941467285,-2.5747842788696,0.0025167465209961,true,false,false,false
8475,SAMPLE,IDLE,true,true,0,0,63,159.72969055176,159.72969055176,-1.4186971187592,0.0013662576675415,true,false,false,false
8480,SAMPLE,IDLE,true,true,0,0,68,159.9094543457,159.9094543457,-0.47522208094597,0.00040745735168457,true,false,false,false
8485,SAMPLE,IDLE,true,true,0,0,73,159.88397216797,159.88397216797,-0.60896569490433,0.00055122375488281,true,false,false,false
8490,SAMPLE,IDLE,true,true,0,0,78,159.90518188477,159.90518188477,-0.4976524412632,0.00045537948608398,true,false,false,false
8495,SAMPLE,IDLE,true,true,0,0,83,160.1272277832,160.1272277832,0.66775554418564,-0.00059938430786133,true,false,false,false
8500,SAMPLE,IDLE,true,true,0,0,88,160.1916809082,160.1916809082,1.0060343742371,-0.00093460083007813,true,false,false,false
8505,SAMPLE,IDLE,true,true,0,0,93,160.33422851563,160.33422851563,1.7541897296906,-0.001701831817627,true,false,false,false
8510,SAMPLE,IDLE,true,true,0,0,98,160.47409057617,160.47409057617,2.4882433414459,-0.0024209022521973,true,false,false,false
8515,SAMPLE,IDLE,true,true,0,0,103,160.54544067383,160.54544067383,2.8627166748047,-0.0028042793273926,true,false,false,false
8520,SAMPLE,IDLE,true,true,0,0,108,160.73402404785,160.73402404785,3.852480173111,-0.0038113594055176,true,false,false,false
8525,SAMPLE,IDLE,true,true,0,0,113,160.8791809082,160.8791809082,4.6143312454224,-0.0045781135559082,true,false,false,false
8530,SAMPLE,IDLE,true,true,0,0,118,160.92236328125,160.92236328125,4.8409581184387,-0.0047698020935059,true,false,false,false
8535,SAMPLE,IDLE,true,true,0,0,123,160.60502624512,160.60502624512,3.1754791736603,-0.0031399726867676,true,false,false,false
8540,SAMPLE,IDLE,true,true,0,0,128,160.29898071289,160.29898071289,1.5692143440247,-0.0015101432800293,true,false,false,false
8545,SAMPLE,IDLE,true,true,0,0,133,160.31266784668,160.31266784668,1.64100086689,-0.0012221336364746,true,false,false,false
8550,SAMPLE,IDLE,true,true,0,0,138,160.57542419434,160.57542419434,3.019784450531,-0.0029482841491699,true,false,false,false
8555,SAMPLE,IDLE,true,true,0,0,143,160.95230102539,160.95230102539,4.9967966079712,-0.0049138069152832,true,false,false,false
8560,SAMPLE,IDLE,true,true,0,0,148,161.39309692383,161.39309692383,7.3081049919128,-0.0072627067565918,true,false,false,false
8565,SAMPLE,IDLE,true,true,0,0,153,161.75813293457,161.75813293457,9.2205286026001,-0.0091800689697266,true,false,false,false
8570,SAMPLE,IDLE,true,true,0,0,158,162.36590576172,162.36590576172,12.409715652466,-0.012343883514404,true,false,false,false
8575,SAMPLE,IDLE,true,true,0,0,163,162.15933227539,162.15933227539,11.329792022705,-0.011289119720459,true,false,false,false
8580,SAMPLE,IDLE,true,true,0,0,168,161.1082611084,161.1082611084,5.8164629936218,-0.0057287216186523,true,false,false,false
8585,SAMPLE,IDLE,true,true,0,0,173,160.51951599121,160.51951599121,2.72674036026,-0.0036673545837402,true,false,false,false
8590,SAMPLE,IDLE,true,true,0,0,178,160.48947143555,160.48947143555,2.5690348148346,-0.0025167465209961,true,false,false,false
8595,SAMPLE,IDLE,true,true,0,0,183,160.41987609863,160.41987609863,2.2037515640259,-0.0021328926086426,true,false,false,false
8600,SAMPLE,IDLE,true,true,0,0,188,160.0552520752,160.0552520752,0.28999647498131,-0.00021553039550781,true,false,false,false
8605,SAMPLE,IDLE,true,true,0,0,193,159.73165893555,159.73165893555,-1.4084230661392,0.0013662576675415,true,false,false,false
8610,SAMPLE,IDLE,true,true,0,0,198,159.64938354492,159.64938354492,-1.8402557373047,0.0017976760864258,true,false,false,false
8615,SAMPLE,IDLE,true,true,0,0,203,159.63682556152,159.63682556152,-1.9061670303345,0.0018455982208252,true,false,false,false
8620,SAMPLE,IDLE,true,true,0,0,208,159.65055847168,159.65055847168,-1.834086894989,0.0017976760864258,true,false,false,false
8625,SAMPLE,IDLE,true,true,0,0,213,159.70516967773,159.70516967773,-1.5474529266357,0.0014621019363403,true,false,false,false
8630,SAMPLE,IDLE,true,true,0,0,218,159.82470703125,159.82470703125,-0.92004626989365,0.00088679790496826,true,false,false,false
8635,SAMPLE,IDLE,true,true,0,0,223,160.23835754395,160.23835754395,1.2510446310043,-0.0011744499206543,true,false,false,false
8640,SAMPLE,IDLE,true,true,0,0,228,160.67958068848,160.67958068848,3.5667662620544,-0.0034756660461426,true,false,false,false
8645,SAMPLE,IDLE,true,true,0,0,233,160.85873413086,160.85873413086,4.5068306922913,-0.0044341087341309,true,false,false,false
8650,SAMPLE,IDLE,true,true,0,0,238,160.80297851563,160.80297851563,4.2138957977295,-0.0041465759277344,true,false,false,false
8655,SAMPLE,IDLE,true,true,0,0,243,161.07803344727,161.07803344727,5.6564483642578,-0.005584716796875,true,false,false,false
8660,SAMPLE,IDLE,true,true,0,0,248,161.34390258789,161.34390258789,7.0492935180664,-0.0070228576660156,true,false,false,false
8665,SAMPLE,IDLE,true,true,0,0,253,161.63325500488,161.63325500488,8.5632085800171,-0.0085091590881348,true,false,false,false
8670,SAMPLE,IDLE,true,true,0,0,258,162.03077697754,162.03077697754,10.639873504639,-0.010618209838867,true,false,false,false
8675,SAMPLE,IDLE,true,true,0,0,263,162.2140045166,162.2140045166,11.586188316345,-0.011528968811035,true,false,false,false
8680,SAMPLE,IDLE,true,true,0,0,268,162.1563873291,162.1563873291,11.26810836792,-0.011241436004639,true,false,false,false
8685,SAMPLE,IDLE,true,true,0,0,273,162.15115356445,162.15115356445,11.211733818054,-0.01119327545166,true,false,false,false
8690,SAMPLE,IDLE,true,true,0,0,278,162.34843444824,162.34843444824,12.22102355957,-0.012248039245605,true,false,false,false
8695,SAMPLE,IDLE,true,true,0,0,283,162.61053466797,162.61053466797,13.574591636658,-0.013638019561768,true,false,false,false
8700,SAMPLE,IDLE,true,true,0,0,288,162.5336151123,162.5336151123,13.169734954834,-0.013206958770752,true,false,false,false
8705,SAMPLE,IDLE,true,true,0,0,293,162.29019165039,162.29019165039,11.903134346008,-0.011960506439209,true,false,false,false
8710,SAMPLE,IDLE,true,true,0,0,298,162.04594421387,162.04594421387,10.633689880371,-0.010665893554688,true,false,false,false
8715,SAMPLE,IDLE,true,true,0,0,303,161.81402587891,161.81402587891,9.4286699295044,-0.009467601776123,true,false,false,false
8720,SAMPLE,IDLE,true,true,0,0,308,161.43948364258,161.43948364258,7.482816696167,-0.0075020790100098,true,false,false,false
8725,SAMPLE,IDLE,true,true,0,0,313,161.15013122559,161.15013122559,5.9793004989624,-0.0059680938720703,true,false,false,false
8730,SAMPLE,IDLE,true,true,0,0,318,160.98542785645,160.98542785645,5.1232762336731,-0.0051054954528809,true,false,false,false
8735,SAMPLE,IDLE,true,true,0,0,323,160.94194030762,160.94194030762,4.8972606658936,-0.0048656463623047,true,false,false,false
8740,SAMPLE,IDLE,true,true,0,0,328,161.03611755371,161.03611755371,5.3866300582886,-0.0053930282592773,true,false,false,false
8745,SAMPLE,IDLE,true,true,0,0,333,161.06178283691,161.06178283691,5.5199785232544,-0.0054888725280762,true,false,false,false
8750,SAMPLE,IDLE,true,true,0,0,338,161.04901123047,161.04901123047,5.4536371231079,-0.0054411888122559,true,false,false,false
8755,SAMPLE,IDLE,true,true,0,0,343,161.1316986084,161.1316986084,5.8845868110657,-0.0058722496032715,true,false,false,false
8760,SAMPLE,IDLE,true,true,0,0,348,161.00061035156,161.00061035156,5.2112355232239,-0.0052013397216797,true,false,false,false
8765,SAMPLE,IDLE,true,true,0,0,353,159.95198059082,159.95198059082,-0.25065264105797,0.00021576881408691,true,false,false,false
8770,SAMPLE,IDLE,true,true,0,0,358,159.1276550293,159.1276550293,-4.561496257782,0.0045301914215088,true,false,false,false
8775,SAMPLE,IDLE,true,true,0,0,363,158.92942810059,158.92942810059,-5.6037359237671,0.005584716796875,true,false,false,false
8780,SAMPLE,IDLE,true,true,0,0,368,157.24563598633,157.24563598633,-14.422810554504,0.014405250549316,true,false,false,false
8785,SAMPLE,IDLE,true,true,0,0,373,156.21430969238,156.21430969238,-19.823438644409,0.019774198532104,false,false,false,false
8790,SAMPLE,CONVERGING,true,true,45,0,378,154.44116210938,154.44116210938,-29.103210449219,0.029122114181519,false,true,true,true
8795,SAMPLE,CONVERGING,true,true,45,0,383,153.37705993652,153.37705993652,-34.668922424316,0.034682869911194,false,true,true,true
8800,SAMPLE,CONVERGING,true,true,45,0,388,152.4698638916,152.4698638916,-39.411991119385,0.039476633071899,false,true,true,true
8805,SAMPLE,CONVERGING,true,true,45,0,393,152.03729248047,152.03729248047,-41.671634674072,0.041729688644409,false,true,true,true
8810,SAMPLE,CONVERGING,true,true,45,0,398,151.95314025879,151.95314025879,-42.112411499023,0.042161107063293,false,true,true,true
8815,SAMPLE,CONVERGING,true,true,45,0,403,151.94921875,151.94921875,-42.1418800354,0.042209029197693,false,true,true,true
8820,SAMPLE,CONVERGING,true,true,45,0,408,152.1083984375,152.1083984375,-41.326251983643,0.041394114494324,false,true,true,true
8825,SAMPLE,CONVERGING,true,true,45,0,413,151.93502807617,151.93502807617,-42.254547119141,0.042256951332092,false,true,true,true
8830,SAMPLE,CONVERGING,true,true,45,0,418,150.88688659668,150.88688659668,-47.755046844482,0.047769784927368,false,true,true,true
8835,SAMPLE,CONVERGING,true,true,45,0,423,149.47770690918,149.47770690918,-55.13346862793,0.05510425567627,false,true,true,true
8840,SAMPLE,CONVERGING,true,true,45,0,428,147.69296264648,147.69296264648,-64.455581665039,0.064452171325684,false,true,true,true
8845,SAMPLE,CONVERGING,true,true,45,0,433,146.48442077637,146.48442077637,-70.754852294922,0.070779919624329,false,true,true,true
8850,SAMPLE,CONVERGING,true,true,45,0,438,145.63777160645,145.63777160645,-75.164215087891,0.075238108634949,false,true,true,true
8855,SAMPLE,CONVERGING,true,true,45,0,443,145.13368225098,145.13368225098,-77.788696289063,0.077826738357544,false,true,true,true
8860,SAMPLE,CONVERGING,true,true,45,0,448,144.99040222168,144.99040222168,-78.534606933594,0.078593730926514,false,true,true,true
8865,SAMPLE,CONVERGING,true,true,45,0,453,145.00686645508,145.00686645508,-78.44947052002,0.078497886657715,false,true,true,true
8870,SAMPLE,CONVERGING,true,true,45,0,458,144.9620513916,144.9620513916,-78.682632446289,0.078737616539001,false,true,true,true
8875,SAMPLE,CONVERGING,true,true,45,0,463,144.95655822754,144.95655822754,-78.711280822754,0.078785538673401,false,true,true,true
8880,SAMPLE,CONVERGING,true,true,45,0,468,144.99058532715,144.99058532715,-78.534385681152,0.078593730926514,false,true,true,true
8885,SAMPLE,CONVERGING,true,true,45,0,473,145.03761291504,145.03761291504,-78.289840698242,0.078354120254517,false,true,true,true
8890,SAMPLE,CONVERGING,true,true,45,0,478,144.91218566895,144.91218566895,-78.942016601563,0.078977227210999,false,true,true,true
8895,SAMPLE,CONVERGING,true,true,45,0,483,144.74433898926,144.74433898926,-79.814186096191,0.079887986183167,false,true,true,true
8900,SAMPLE,CONVERGING,true,true,45,0,488,145.02267456055,145.02267456055,-78.366661071777,0.078402042388916,false,true,true,true
8905,SAMPLE,CONVERGING,true,true,45,0,493,145.0225982666,145.0225982666,-78.368186950684,0.078402042388916,false,true,true,true
8910,SAMPLE,CONVERGING,true,true,45,0,498,144.62106323242,144.62106323242,-80.456069946289,0.080511212348938,false,true,true,true
8915,SAMPLE,CONVERGING,true,true,45,0,503,144.27250671387,144.27250671387,-82.267097473145,0.082332849502563,false,true,true,true
8920,SAMPLE,CONVERGING,true,true,45,0,508,144.01315307617,144.01315307617,-83.612289428711,0.083675146102905,false,true,true,true
8925,SAMPLE,CONVERGING,true,true,45,0,513,144.10670471191,144.10670471191,-83.121421813965,0.083195805549622,false,true,true,true
8930,SAMPLE,CONVERGING,true,true,45,0,518,143.96994018555,143.96994018555,-83.823348999023,0.083771109580994,false,true,true,true
8935,SAMPLE,CONVERGING,true,true,45,0,523,144.02000427246,144.02000427246,-83.554489135742,0.083771109580994,false,true,true,true
8940,SAMPLE,CONVERGING,true,true,45,0,528,144.03239440918,144.03239440918,-83.480049133301,0.083579301834106,false,true,true,true
8945,SAMPLE,CONVERGING,true,true,45,0,533,144.03623962402,144.03623962402,-83.455718994141,0.083531379699707,false,true,true,true
8950,SAMPLE,CONVERGING,true,true,45,0,538,144.13929748535,144.13929748535,-82.91325378418,0.083004117012024,false,true,true,true
8955,SAMPLE,CONVERGING,true,true,45,0,543,144.2886505127,144.2886505127,-82.133666992188,0.082237005233765,false,true,true,true
8960,SAMPLE,CONVERGING,true,true,45,0,548,144.4328918457,144.4328918457,-81.379570007324,0.081470012664795,false,true,true,true
8965,SAMPLE,CONVERGING,true,true,45,0,553,144.66470336914,144.66470336914,-80.173477172852,0.080271482467651,false,true,true,true
8970,SAMPLE,CONVERGING,true,true,45,0,558,144.86833190918,144.86833190918,-79.113426208496,0.079216957092285,false,true,true,true
8975,SAMPLE,CONVERGING,true,true,45,0,563,145.07531738281,145.07531738281,-78.035614013672,0.07811439037323,false,true,true,true
8980,SAMPLE,CONVERGING,true,true,45,0,568,145.34045410156,145.34045410156,-76.655624389648,0.076724171638489,false,true,true,true
8985,SAMPLE,CONVERGING,true,true,45,0,573,145.76620483398,145.76620483398,-74.45915222168,0.074519038200378,false,true,true,true
8990,SAMPLE,CONVERGING,true,true,45,0,578,145.56651306152,145.56651306152,-75.52229309082,0.075573682785034,false,true,true,true
8995,SAMPLE,CONVERGING,true,true,45,0,583,144.88505554199,144.88505554199,-79.082427978516,0.079121112823486,false,true,true,true
9000,SAMPLE,CONVERGING,true,true,45,0,588,144.58863830566,144.58863830566,-80.625267028809,0.080654978752136,false,true,true,true
9005,SAMPLE,CONVERGING,true,true,45,0,593,144.43074035645,144.43074035645,-81.444694519043,0.081470012664795,false,true,true,true
9010,SAMPLE,CONVERGING,true,true,45,0,598,144.69734191895,144.69734191895,-80.057739257813,0.080127716064453,false,true,true,true
9015,SAMPLE,CONVERGING,true,true,45,0,603,145.15948486328,145.15948486328,-77.654716491699,0.077682971954346,false,true,true,true
9020,SAMPLE,CONVERGING,true,true,45,0,608,145.11828613281,145.11828613281,-77.869323730469,0.077922582626343,false,true,true,true
9025,SAMPLE,CONVERGING,true,true,45,0,613,144.85708618164,144.85708618164,-79.228218078613,0.079264879226685,false,true,true,true
9030,SAMPLE,CONVERGING,true,true,45,0,618,144.75411987305,144.75411987305,-79.764099121094,0.079792141914368,false,true,true,true
9035,SAMPLE,CONVERGING,true,true,45,0,623,144.66212463379,144.66212463379,-80.242431640625,0.08031952381134,false,true,true,true
9040,SAMPLE,CONVERGING,true,true,45,0,628,144.61764526367,144.61764526367,-80.472900390625,0.080511212348938,false,true,true,true
9045,SAMPLE,CONVERGING,true,true,45,0,633,144.05055236816,144.05055236816,-83.419059753418,0.083483457565308,false,true,true,true
9050,SAMPLE,CONVERGING,true,true,45,0,638,143.2966003418,143.2966003418,-87.33447265625,0.085784435272217,false,true,true,true
9055,SAMPLE,CONVERGING,true,true,45,0,643,142.82318115234,142.82318115234,-89.790634155273,0.089859008789063,false,true,true,true
9060,SAMPLE,CONVERGING,true,true,45,0,648,141.93258666992,141.93258666992,-94.405311584473,0.09450900554657,false,true,true,true
9065,SAMPLE,CONVERGING,true,true,45,0,653,141.4704284668,141.4704284668,-96.795349121094,0.096905827522278,false,true,true,true
9070,SAMPLE,CONVERGING,true,true,45,0,658,141.4973449707,141.4973449707,-96.654014587402,0.09676206111908,false,true,true,true
9075,SAMPLE,CONVERGING,true,true,45,0,663,141.49647521973,141.49647521973,-96.656509399414,0.09676206111908,false,true,true,true
9080,SAMPLE,CONVERGING,true,true,45,0,668,141.31533813477,141.31533813477,-97.5927734375,0.097720861434937,false,true,true,true
9085,SAMPLE,CONVERGING,true,true,45,0,673,141.24700927734,141.24700927734,-97.946701049805,0.098056316375732,false,true,true,true
9090,SAMPLE,CONVERGING,true,true,45,0,678,141.43020629883,141.43020629883,-96.998970031738,0.097097635269165,false,true,true,true
9095,SAMPLE,CONVERGING,true,true,45,0,683,141.47994995117,141.47994995117,-96.740509033203,0.096857905387878,false,true,true,true
9100,SAMPLE,CONVERGING,true,true,45,0,688,141.68084716797,141.68084716797,-95.70027923584,0.095851302146912,false,true,true,true
9105,SAMPLE,CONVERGING,true,true,45,0,693,141.78439331055,141.78439331055,-95.16389465332,0.09527599811554,false,true,true,true
9110,SAMPLE,CONVERGING,true,true,45,0,698,141.88304138184,141.88304138184,-94.652893066406,0.094748735427856,false,true,true,true
9115,SAMPLE,CONVERGING,true,true,45,0,703,142.04768371582,142.04768371582,-93.80012512207,0.093885898590088,false,true,true,true
9120,SAMPLE,CONVERGING,true,true,45,0,708,142.24755859375,142.24755859375,-92.7646484375,0.093262672424316,false,true,true,true
9125,SAMPLE,CONVERGING,true,true,45,0,713,142.33502197266,142.33502197266,-92.311332702637,0.092399835586548,false,true,true,true
9130,SAMPLE,CONVERGING,true,true,45,0,718,142.49397277832,142.49397277832,-91.487861633301,0.091584920883179,false,true,true,true
9135,SAMPLE,CONVERGING,true,true,45,0,723,142.68775939941,142.68775939941,-90.483459472656,0.090578198432922,false,true,true,true
9140,SAMPLE,CONVERGING,true,true,45,0,728,142.84906005859,142.84906005859,-89.646812438965,0.089715242385864,false,true,true,true
9145,SAMPLE,CONVERGING,true,true,45,0,733,143.0139465332,143.0139465332,-88.791603088379,0.088852405548096,false,true,true,true
9150,SAMPLE,CONVERGING,true,true,45,0,738,143.20095825195,143.20095825195,-87.821090698242,0.087893605232239,false,true,true,true
9155,SAMPLE,CONVERGING,true,true,45,0,743,142.76014709473,142.76014709473,-90.111991882324,0.090194582939148,false,true,true,true
9160,SAMPLE,CONVERGING,true,true,45,0,748,142.44171142578,142.44171142578,-91.767860412598,0.091824531555176,false,true,true,true
9165,SAMPLE,CONVERGING,true,true,45,0,753,142.50595092773,142.50595092773,-91.435188293457,0.091536998748779,false,true,true,true
9170,SAMPLE,CONVERGING,true,true,45,0,758,142.7378692627,142.7378692627,-90.227210998535,0.090290427207947,false,true,true,true
9175,SAMPLE,CONVERGING,true,true,45,0,763,142.99374389648,142.99374389648,-88.890380859375,0.088996171951294,false,true,true,true
9180,SAMPLE,CONVERGING,true,true,45,0,768,142.92202758789,142.92202758789,-89.259246826172,0.089379668235779,false,true,true,true
9185,SAMPLE,CONVERGING,true,true,45,0,773,142.28907775879,142.28907775879,-92.541412353516,0.092639446258545,false,true,true,true
9190,SAMPLE,CONVERGING,true,true,45,0,778,141.55340576172,141.55340576172,-96.35424041748,0.096474409103394,false,true,true,true
9195,SAMPLE,CONVERGING,true,true,45,0,783,141.13133239746,141.13133239746,-98.540649414063,0.098679661750793,false,true,true,true
9200,SAMPLE,CONVERGING,true,true,45,0,788,140.95762634277,140.95762634277,-99.439720153809,0.099590420722961,false,true,true,true
9205,SAMPLE,CONVERGING,true,true,45,0,793,140.72457885742,140.72457885742,-100.64554595947,0.1007889509201,false,true,true,true
9210,SAMPLE,CONVERGING,true,true,45,0,798,140.55601501465,140.55601501465,-101.51741790771,0.10165178775787,false,true,true,true
9215,SAMPLE,CONVERGING,true,true,45,0,803,140.46279907227,140.46279907227,-101.99966430664,0.10213112831116,false,true,true,true
9220,SAMPLE,CONVERGING,true,true,45,0,808,140.3531036377,140.3531036377,-102.56681060791,0.10275435447693,false,true,true,true
9225,SAMPLE,CONVERGING,true,true,45,0,813,140.16401672363,140.16401672363,-103.54414367676,0.10323369503021,false,true,true,true
9230,SAMPLE,CONVERGING,true,true,45,0,818,140.03033447266,140.03033447266,-104.23514556885,0.10438418388367,false,true,true,true
9235,SAMPLE,CONVERGING,true,true,45,0,823,139.6813659668,139.6813659668,-106.03617095947,0.10620582103729,false,true,true,true
9240,SAMPLE,CONVERGING,true,true,45,0,828,138.51942443848,138.51942443848,-112.02217102051,0.11224591732025,false,true,true,true
9245,SAMPLE,CONVERGING,true,true,45,0,833,137.86972045898,137.86972045898,-115.36527252197,0.11560165882111,false,true,true,true
9250,SAMPLE,CONVERGING,true,true,45,0,838,136.5390625,136.5390625,-122.20571899414,0.12250471115112,false,true,true,true
9255,SAMPLE,CONVERGING,true,true,45,0,843,135.61262512207,135.61262512207,-126.96014404297,0.12729835510254,false,true,true,true
9260,SAMPLE,CONVERGING,true,true,45,0,848,134.96124267578,134.96124267578,-130.29801940918,0.13065409660339,false,true,true,true
9265,SAMPLE,CONVERGING,true,true,45,0,853,134.70449829102,134.70449829102,-131.61180114746,0.13194835186005,false,true,true,true
9270,SAMPLE,CONVERGING,true,true,45,0,858,134.38397216797,134.38397216797,-133.25019836426,0.13362610340118,false,true,true,true
9275,SAMPLE,CONVERGING,true,true,45,0,863,134.13301086426,134.13301086426,-134.53140258789,0.13492047786713,false,true,true,true
9280,SAMPLE,CONVERGING,true,true,45,0,868,134.02001953125,134.02001953125,-135.10791015625,0.13549566268921,false,true,true,true
9285,SAMPLE,CONVERGING,true,true,45,0,873,133.99368286133,133.99368286133,-135.24153137207,0.1356395483017,false,true,true,true
9290,SAMPLE,CONVERGING,true,true,45,0,878,133.99142456055,133.99142456055,-135.25224304199,0.1356395483017,false,true,true,true
9295,SAMPLE,CONVERGING,true,true,45,0,883,133.96054077148,133.96054077148,-135.40965270996,0.13583123683929,false,true,true,true
9300,SAMPLE,CONVERGING,true,true,45,0,888,134.05104064941,134.05104064941,-134.94741821289,0.13530397415161,false,true,true,true
9305,SAMPLE,CONVERGING,true,true,45,0,893,134.11657714844,134.11657714844,-134.61247253418,0.13496840000153,false,true,true,true
9310,SAMPLE,CONVERGING,true,true,45,0,898,134.14448547363,134.14448547363,-134.46968078613,0.13487255573273,false,true,true,true
9315,SAMPLE,CONVERGING,true,true,45,0,903,134.23510742188,134.23510742188,-134.00665283203,0.13439309597015,false,true,true,true
9320,SAMPLE,CONVERGING,true,true,45,0,908,134.35820007324,134.35820007324,-133.37754821777,0.13376998901367,false,true,true,true
9325,SAMPLE,CONVERGING,true,true,45,0,913,134.35820007324,134.35820007324,-133.37754821777,0.13376998901367,false,true,true,true
9330,SAMPLE,CONVERGING,true,true,45,0,918,155.11987304688,155.11987304688,-25.605590820313,0.025574684143066,false,true,true,true
9335,SAMPLE,SHOT_READY,true,true,44,1,0,157.70425415039,157.70425415039,-12.048662185669,0.011960387229919,true,false,false,false
9336,AUTO_SHOT,FIRED,true,false,43,2,0,157.70425415039,157.70425415039,-12.048662185669,0.011960387229919,true,false,false,false
9340,SAMPLE,FIRED,true,false,39,2,4,158.74420166016,158.74420166016,-6.5910873413086,0.0064955949783325,true,false,false,false
9345,SAMPLE,FIRED,true,false,34,2,9,159.3130645752,159.17607116699,-4.3244643211365,0.0035712718963623,true,false,false,false
9348,REARMED,IDLE,true,true,0,0,0,159.62423706055,159.45942687988,-2.8372614383698,0.0018935203552246,true,false,false,false
9350,SAMPLE,IDLE,true,true,0,0,2,159.62423706055,159.45942687988,-2.8372614383698,0.0018935203552246,true,false,false,false
9355,SAMPLE,IDLE,true,true,0,0,7,159.88757324219,159.7673034668,-1.2213389873505,0.00055122375488281,true,false,false,false
9360,SAMPLE,IDLE,true,true,0,0,12,159.93849182129,159.84732055664,-0.80135899782181,0.00026369094848633,true,false,false,false
9365,SAMPLE,IDLE,true,true,0,0,17,159.97511291504,159.91886901855,-0.42582711577415,7.1883201599121e-05,true,false,false,false
9370,SAMPLE,IDLE,true,true,0,0,22,159.98417663574,159.94085693359,-0.3104205429554,2.3961067199707e-05,true,false,false,false
9375,SAMPLE,IDLE,true,true,0,0,27,159.99449157715,159.97171020508,-0.14848290383816,-2.3841857910156e-05,true,false,false,false
9380,SAMPLE,IDLE,true,true,0,0,32,159.9977722168,159.98497009277,-0.078886546194553,-2.3841857910156e-05,true,false,false,false
9385,SAMPLE,IDLE,true,true,0,0,37,159.99894714355,159.99111938477,-0.04661113768816,-2.3841857910156e-05,true,false,false,false
9390,SAMPLE,IDLE,true,true,0,0,42,159.99942016602,159.99417114258,-0.030593564733863,-2.3841857910156e-05,true,false,false,false
9395,SAMPLE,IDLE,true,true,0,0,47,159.99967956543,159.99618530273,-0.02002196572721,-2.3841857910156e-05,true,false,false,false
9400,SAMPLE,IDLE,true,true,0,0,52,159.99990844727,159.99835205078,-0.0086494889110327,-2.3841857910156e-05,true,false,false,false
9405,SAMPLE,IDLE,true,true,0,0,57,159.99995422363,159.99891662598,-0.0056862384080887,-2.3841857910156e-05,true,false,false,false
9410,SAMPLE,IDLE,true,true,0,0,62,159.99996948242,159.99920654297,-0.0041645690798759,-2.3841857910156e-05,true,false,false,false
9415,SAMPLE,IDLE,true,true,0,0,67,159.99998474121,159.99954223633,-0.0024026359897107,-2.3841857910156e-05,true,false,false,false
9420,SAMPLE,IDLE,true,true,0,0,72,160.0,159.99977111816,-0.0012013179948553,0.0,true,false,false,false
9425,SAMPLE,IDLE,true,true,0,0,77,160.0,159.99984741211,-0.00080087862443179,0.0,true,false,false,false
9430,SAMPLE,IDLE,true,true,0,0,82,160.0,159.99990844727,-0.0004805272037629,0.0,true,false,false,false
9435,SAMPLE,IDLE,true,true,0,0,87,160.0,159.99995422363,-0.00024026360188145,0.0,true,false,false,false
9440,SAMPLE,IDLE,true,true,0,0,92,160.0,159.99996948242,-0.00016017572488636,0.0,true,false,false,false
9445,SAMPLE,IDLE,true,true,0,0,97,160.0,159.99998474121,-8.0087862443179e-05,0.0,true,false,false,false
9450,SAMPLE,IDLE,true,true,0,0,102,160.0,159.99998474121,-8.0087862443179e-05,0.0,true,false,false,false
9455,SAMPLE,IDLE,true,true,0,0,107,160.0,160.0,0.0,0.0,true,false,false,false
9460,SAMPLE,IDLE,true,true,0,0,112,160.0,160.0,0.0,0.0,true,false,false,false
9465,SAMPLE,IDLE,true,true,0,0,117,160.0,160.0,0.0,0.0,true,false,false,false
