frame,event,state,enabled,acquisition,memory_remaining,stable_count,lost_count,normalized_x,normalized_y,target_x,target_y,error_x,error_y,screen_x,screen_y,raw_x,raw_y,acquired_signal,aligned_x,aligned_y,aligned,command_x,command_y,error_velocity_x,error_velocity_y
5156,SAMPLE,IDLE,false,0,0,0,0,0.0,-0.069813169538975,0.0,-0.07,0.0,0.00018683046102524,160.0,120.0,0.0,0.0,false,true,true,true,0,0,0.0,0.0
5157,SAMPLE,IDLE,false,0,0,0,0,0.0,-0.069813169538975,0.0,-0.07,0.0,0.00018683046102524,160.0,120.0,0.0,0.0,false,true,true,true,0,0,0.0,0.0
5158,SAMPLE,IDLE,false,0,0,0,0,0.0,-0.069813169538975,0.0,-0.07,0.0,0.00018683046102524,160.0,120.0,0.0,0.0,false,true,true,true,0,0,0.0,0.0
5159,SAMPLE,IDLE,false,0,0,0,0,0.0,-0.069813169538975,0.0,-0.07,0.0,0.00018683046102524,160.0,120.0,0.0,0.0,false,true,true,true,0,0,0.0,0.0
5160,SAMPLE,IDLE,false,0,0,0,0,0.0,-0.069813169538975,0.0,-0.07,0.0,0.00018683046102524,160.0,120.0,0.0,0.0,false,true,true,true,0,0,0.0,0.0
5161,SAMPLE,IDLE,false,0,0,0,0,0.0,-0.069813169538975,0.0,-0.07,0.0,0.00018683046102524,160.0,120.0,0.0,0.0,false,true,true,true,0,0,0.0,0.0
5162,SAMPLE,IDLE,false,0,0,0,0,0.0,-0.069813169538975,0.0,-0.07,0.0,0.00018683046102524,160.0,120.0,0.0,0.0,false,true,true,true,0,0,0.0,0.0
5163,SAMPLE,IDLE,false,0,0,0,0,0.0,-0.069813169538975,0.0,-0.07,0.0,0.00018683046102524,160.0,120.0,0.0,0.0,false,true,true,true,0,0,0.0,0.0
5164,SAMPLE,IDLE,false,0,0,0,0,0.0,-0.069813169538975,0.0,-0.07,0.0,0.00018683046102524,160.0,120.0,0.0,0.0,false,true,true,true,0,0,0.0,0.0
5165,SAMPLE,IDLE,false,0,0,0,0,0.0,-0.069813169538975,0.0,-0.07,0.0,0.00018683046102524,160.0,120.0,0.0,0.0,false,true,true,true,0,0,0.0,0.0
5166,SAMPLE,IDLE,false,0,0,0,0,0.0,-0.069813169538975,0.0,-0.07,0.0,0.00018683046102524,160.0,120.0,0.0,0.0,false,true,true,true,0,0,0.0,0.0
5167,SAMPLE,IDLE,false,0,0,0,0,0.0,-0.069813169538975,0.0,-0.07,0.0,0.00018683046102524,160.0,120.0,0.0,0.0,false,true,true,true,0,0,0.0,0.0
5168,SAMPLE,IDLE,false,0,0,0,0,0.0,-0.069813169538975,0.0,-0.07,0.0,0.00018683046102524,160.0,120.0,0.0,0.0,false,true,true,true,0,0,0.0,0.0
5169,SAMPLE,IDLE,false,0,0,0,0,0.0,-0.069813169538975,0.0,-0.07,0.0,0.00018683046102524,160.0,120.0,0.0,0.0,false,true,true,true,0,0,0.0,0.0
5170,SAMPLE,IDLE,false,0,0,0,0,0.0,-0.069813169538975,0.0,-0.07,0.0,0.00018683046102524,160.0,120.0,0.0,0.0,false,true,true,true,0,0,0.0,0.0
5171,SAMPLE,IDLE,false,0,0,0,0,0.0,-0.069813169538975,0.0,-0.07,0.0,0.00018683046102524,160.0,120.0,0.0,0.0,false,true,true,true,0,0,0.0,0.0
5172,SAMPLE,IDLE,false,0,0,0,0,0.0,-0.069813169538975,0.0,-0.07,0.0,0.00018683046102524,160.0,120.0,0.0,0.0,false,true,true,true,0,0,0.0,0.0
5173,SAMPLE,IDLE,false,0,0,0,0,0.0,-0.069813169538975,0.0,-0.07,0.0,0.00018683046102524,160.0,120.0,0.0,0.0,false,true,true,true,0,0,0.0,0.0
5174,SAMPLE,IDLE,false,0,0,0,0,0.0,-0.069813169538975,0.0,-0.07,0.0,0.00018683046102524,160.0,120.0,0.0,0.0,false,true,true,true,0,0,0.0,0.0
5175,SAMPLE,IDLE,false,0,0,0,0,0.0,-0.069813169538975,0.0,-0.07,0.0,0.00018683046102524,160.0,120.0,0.0,0.0,false,true,true,true,0,0,0.0,0.0
5176,SAMPLE,IDLE,false,0,0,0,0,0.0,-0.069813169538975,0.0,-0.07,0.0,0.00018683046102524,160.0,120.0,0.0,0.0,false,true,true,true,0,0,0.0,0.0
5177,SAMPLE,IDLE,false,0,0,0,0,0.0,-0.069813169538975,0.0,-0.07,0.0,0.00018683046102524,160.0,120.0,0.0,0.0,false,true,true,true,0,0,0.0,0.0
5178,SAMPLE,IDLE,false,0,0,0,0,0.0,-0.069813169538975,0.0,-0.07,0.0,0.00018683046102524,160.0,120.0,0.0,0.0,false,true,true,true,0,0,0.0,0.0
5179,SAMPLE,IDLE,false,0,0,0,0,0.0,-0.069813169538975,0.0,-0.07,0.0,0.00018683046102524,160.0,120.0,0.0,0.0,false,true,true,true,0,0,0.0,0.0
5180,SAMPLE,IDLE,false,0,0,0,0,0.0,-0.069813169538975,0.0,-0.07,0.0,0.00018683046102524,160.0,120.0,0.0,0.0,false,true,true,true,0,0,0.0,0.0
5181,SAMPLE,IDLE,false,0,0,0,0,0.0,-0.069813169538975,0.0,-0.07,0.0,0.00018683046102524,160.0,120.0,0.0,0.0,false,true,true,true,0,0,0.0,0.0
5182,SAMPLE,IDLE,false,0,0,0,0,0.0,-0.069813169538975,0.0,-0.07,0.0,0.00018683046102524,160.0,120.0,0.0,0.0,false,true,true,true,0,0,0.0,0.0
5183,SAMPLE,IDLE,false,0,0,0,0,0.0,-0.069813169538975,0.0,-0.07,0.0,0.00018683046102524,160.0,120.0,0.0,0.0,false,true,true,true,0,0,0.0,0.0
5184,SAMPLE,IDLE,false,0,0,0,0,0.0,-0.069813169538975,0.0,-0.07,0.0,0.00018683046102524,160.0,120.0,0.0,0.0,false,true,true,true,0,0,0.0,0.0
5185,SAMPLE,IDLE,false,0,0,0,0,0.0,-0.069813169538975,0.0,-0.07,0.0,0.00018683046102524,160.0,120.0,0.0,0.0,false,true,true,true,0,0,0.0,0.0
5186,SAMPLE,IDLE,false,0,0,0,0,0.0,-0.069813169538975,0.0,-0.07,0.0,0.00018683046102524,160.0,120.0,0.0,0.0,false,true,true,true,0,0,0.0,0.0
5187,SAMPLE,IDLE,false,0,0,0,0,0.0,-0.069813169538975,0.0,-0.07,0.0,0.00018683046102524,160.0,120.0,0.0,0.0,false,true,true,true,0,0,0.0,0.0
5188,SAMPLE,IDLE,false,0,0,0,0,0.0,-0.069813169538975,0.0,-0.07,0.0,0.00018683046102524,160.0,120.0,0.0,0.0,false,true,true,true,0,0,0.0,0.0
5189,SAMPLE,IDLE,false,0,0,0,0,0.0,-0.069813169538975,0.0,-0.07,0.0,0.00018683046102524,160.0,120.0,0.0,0.0,false,true,true,true,0,0,0.0,0.0
5190,SAMPLE,IDLE,false,0,0,0,0,0.0,-0.069813169538975,0.0,-0.07,0.0,0.00018683046102524,160.0,120.0,0.0,0.0,false,true,true,true,0,0,0.0,0.0
5191,SAMPLE,IDLE,false,0,0,0,0,0.0,-0.069813169538975,0.0,-0.07,0.0,0.00018683046102524,160.0,120.0,0.0,0.0,false,true,true,true,0,0,0.0,0.0
5192,SAMPLE,IDLE,false,0,0,0,0,0.0,-0.069813169538975,0.0,-0.07,0.0,0.00018683046102524,160.0,120.0,0.0,0.0,false,true,true,true,0,0,0.0,0.0
5193,SAMPLE,IDLE,false,0,0,0,0,0.0,-0.069813169538975,0.0,-0.07,0.0,0.00018683046102524,160.0,120.0,0.0,0.0,false,true,true,true,0,0,0.0,0.0
5194,SAMPLE,IDLE,false,0,0,0,0,0.0,-0.069813169538975,0.0,-0.07,0.0,0.00018683046102524,160.0,120.0,0.0,0.0,false,true,true,true,0,0,0.0,0.0
5195,SAMPLE,IDLE,false,0,0,0,0,0.0,-0.069813169538975,0.0,-0.07,0.0,0.00018683046102524,160.0,120.0,0.0,0.0,false,true,true,true,0,0,0.0,0.0
5196,SAMPLE,IDLE,false,0,0,0,0,0.0,-0.069813169538975,0.0,-0.07,0.0,0.00018683046102524,160.0,120.0,0.0,0.0,false,true,true,true,0,0,0.0,0.0
5197,SAMPLE,IDLE,false,0,0,0,0,0.0,-0.069813169538975,0.0,-0.07,0.0,0.00018683046102524,160.0,120.0,0.0,0.0,false,true,true,true,0,0,0.0,0.0
5198,SAMPLE,IDLE,false,0,0,0,0,0.0,-0.069813169538975,0.0,-0.07,0.0,0.00018683046102524,160.0,120.0,0.0,0.0,false,true,true,true,0,0,0.0,0.0
5199,SAMPLE,IDLE,false,0,0,0,0,0.0,-0.069813169538975,0.0,-0.07,0.0,0.00018683046102524,160.0,120.0,0.0,0.0,false,true,true,true,0,0,0.0,0.0
5200,SAMPLE,IDLE,false,0,0,0,0,0.0,-0.069813169538975,0.0,-0.07,0.0,0.00018683046102524,160.0,120.0,0.0,0.0,false,true,true,true,0,0,0.0,0.0
5201,SAMPLE,IDLE,false,0,0,0,0,0.0,-0.069813169538975,0.0,-0.07,0.0,0.00018683046102524,160.0,120.0,0.0,0.0,false,true,true,true,0,0,0.0,0.0
5202,SAMPLE,IDLE,false,0,0,0,0,0.0,-0.069813169538975,0.0,-0.07,0.0,0.00018683046102524,160.0,120.0,0.0,0.0,false,true,true,true,0,0,0.0,0.0
5203,SAMPLE,IDLE,false,0,0,0,0,0.0,-0.069813169538975,0.0,-0.07,0.0,0.00018683046102524,160.0,120.0,0.0,0.0,false,true,true,true,0,0,0.0,0.0
5204,SAMPLE,IDLE,false,0,0,0,0,0.0,-0.069813169538975,0.0,-0.07,0.0,0.00018683046102524,160.0,120.0,0.0,0.0,false,true,true,true,0,0,0.0,0.0
5205,SAMPLE,IDLE,false,0,0,0,0,0.0,-0.069813169538975,0.0,-0.07,0.0,0.00018683046102524,160.0,120.0,0.0,0.0,false,true,true,true,0,0,0.0,0.0
5206,SAMPLE,IDLE,false,0,0,0,0,0.0,-0.069813169538975,0.0,-0.07,0.0,0.00018683046102524,160.0,120.0,0.0,0.0,false,true,true,true,0,0,0.0,0.0
5207,SAMPLE,IDLE,false,0,0,0,0,0.0,-0.069813169538975,0.0,-0.07,0.0,0.00018683046102524,160.0,120.0,0.0,0.0,false,true,true,true,0,0,0.0,0.0
5208,SAMPLE,IDLE,false,0,0,0,0,0.0,-0.069813169538975,0.0,-0.07,0.0,0.00018683046102524,160.0,120.0,0.0,0.0,false,true,true,true,0,0,0.0,0.0
5209,SAMPLE,IDLE,false,0,0,0,0,0.0,-0.069813169538975,0.0,-0.07,0.0,0.00018683046102524,160.0,120.0,0.0,0.0,false,true,true,true,0,0,0.0,0.0
5210,SAMPLE,IDLE,false,0,0,0,0,0.0,-0.069813169538975,0.0,-0.07,0.0,0.00018683046102524,160.0,120.0,0.0,0.0,false,true,true,true,0,0,0.0,0.0
5211,SAMPLE,IDLE,false,0,0,0,0,0.0,-0.069813169538975,0.0,-0.07,0.0,0.00018683046102524,160.0,120.0,0.0,0.0,false,true,true,true,0,0,0.0,0.0
5212,SAMPLE,IDLE,false,0,0,0,0,0.0,-0.069813169538975,0.0,-0.07,0.0,0.00018683046102524,160.0,120.0,0.0,0.0,false,true,true,true,0,0,0.0,0.0
5213,SAMPLE,IDLE,false,0,0,0,0,0.0,-0.069813169538975,0.0,-0.07,0.0,0.00018683046102524,160.0,120.0,0.0,0.0,false,true,true,true,0,0,0.0,0.0
5214,SAMPLE,IDLE,false,0,0,0,0,0.0,-0.069813169538975,0.0,-0.07,0.0,0.00018683046102524,160.0,120.0,0.0,0.0,false,true,true,true,0,0,0.0,0.0
5215,SAMPLE,IDLE,false,0,0,0,0,0.0,-0.069813169538975,0.0,-0.07,0.0,0.00018683046102524,160.0,120.0,0.0,0.0,false,true,true,true,0,0,0.0,0.0
5216,SAMPLE,IDLE,false,0,0,0,0,0.0,-0.069813169538975,0.0,-0.07,0.0,0.00018683046102524,160.0,120.0,0.0,0.0,false,true,true,true,0,0,0.0,0.0
5217,SAMPLE,IDLE,false,0,0,0,0,0.0,-0.069813169538975,0.0,-0.07,0.0,0.00018683046102524,160.0,120.0,0.0,0.0,false,true,true,true,0,0,0.0,0.0
5218,SAMPLE,IDLE,false,0,0,0,0,0.0,-0.069813169538975,0.0,-0.07,0.0,0.00018683046102524,160.0,120.0,0.0,0.0,false,true,true,true,0,0,0.0,0.0
5219,SAMPLE,IDLE,false,0,0,0,0,0.0,-0.069813169538975,0.0,-0.07,0.0,0.00018683046102524,160.0,120.0,0.0,0.0,false,true,true,true,0,0,0.0,0.0
5220,SAMPLE,IDLE,false,0,0,0,0,0.0,-0.069813169538975,0.0,-0.07,0.0,0.00018683046102524,160.0,120.0,0.0,0.0,false,true,true,true,0,0,0.0,0.0
5221,SAMPLE,IDLE,false,0,0,0,0,0.0,-0.069813169538975,0.0,-0.07,0.0,0.00018683046102524,160.0,120.0,0.0,0.0,false,true,true,true,0,0,0.0,0.0
5222,SAMPLE,IDLE,false,0,0,0,0,0.0,-0.069813169538975,0.0,-0.07,0.0,0.00018683046102524,160.0,120.0,0.0,0.0,false,true,true,true,0,0,0.0,0.0
5223,SAMPLE,IDLE,false,0,0,0,0,0.0,-0.069813169538975,0.0,-0.07,0.0,0.00018683046102524,160.0,120.0,0.0,0.0,false,true,true,true,0,0,0.0,0.0
5224,SAMPLE,IDLE,false,0,0,0,0,0.0,-0.069813169538975,0.0,-0.07,0.0,0.00018683046102524,160.0,120.0,0.0,0.0,false,true,true,true,0,0,0.0,0.0
5225,SAMPLE,IDLE,false,0,0,0,0,0.0,-0.069813169538975,0.0,-0.07,0.0,0.00018683046102524,160.0,120.0,0.0,0.0,false,true,true,true,0,0,0.0,0.0
5226,SAMPLE,IDLE,false,0,0,0,0,0.0,-0.069813169538975,0.0,-0.07,0.0,0.00018683046102524,160.0,120.0,0.0,0.0,false,true,true,true,0,0,0.0,0.0
5227,SAMPLE,IDLE,false,0,0,0,0,0.0,-0.069813169538975,0.0,-0.07,0.0,0.00018683046102524,160.0,120.0,0.0,0.0,false,true,true,true,0,0,0.0,0.0
5228,SAMPLE,IDLE,false,0,0,0,0,0.0,-0.069813169538975,0.0,-0.07,0.0,0.00018683046102524,160.0,120.0,0.0,0.0,false,true,true,true,0,0,0.0,0.0
5229,SAMPLE,IDLE,false,0,0,0,0,0.0,-0.069813169538975,0.0,-0.07,0.0,0.00018683046102524,160.0,120.0,0.0,0.0,false,true,true,true,0,0,0.0,0.0
5230,SAMPLE,IDLE,false,0,0,0,0,0.0,-0.069813169538975,0.0,-0.07,0.0,0.00018683046102524,160.0,120.0,0.0,0.0,false,true,true,true,0,0,0.0,0.0
5231,SAMPLE,IDLE,false,0,0,0,0,0.0,-0.069813169538975,0.0,-0.07,0.0,0.00018683046102524,160.0,120.0,0.0,0.0,false,true,true,true,0,0,0.0,0.0
5232,SAMPLE,IDLE,false,0,0,0,0,0.0,-0.069813169538975,0.0,-0.07,0.0,0.00018683046102524,160.0,120.0,0.0,0.0,false,true,true,true,0,0,0.0,0.0
5233,SAMPLE,IDLE,false,0,0,0,0,0.0,-0.069813169538975,0.0,-0.07,0.0,0.00018683046102524,160.0,120.0,0.0,0.0,false,true,true,true,0,0,0.0,0.0
5234,SAMPLE,IDLE,false,0,0,0,0,0.0,-0.069813169538975,0.0,-0.07,0.0,0.00018683046102524,160.0,120.0,0.0,0.0,false,true,true,true,0,0,0.0,0.0
5235,SAMPLE,IDLE,false,0,0,0,0,0.0,-0.069813169538975,0.0,-0.07,0.0,0.00018683046102524,160.0,120.0,0.0,0.0,false,true,true,true,0,0,0.0,0.0
5236,SAMPLE,IDLE,false,0,0,0,0,0.0,-0.069813169538975,0.0,-0.07,0.0,0.00018683046102524,160.0,120.0,0.0,0.0,false,true,true,true,0,0,0.0,0.0
5237,SAMPLE,IDLE,false,0,0,0,0,0.0,-0.069813169538975,0.0,-0.07,0.0,0.00018683046102524,160.0,120.0,0.0,0.0,false,true,true,true,0,0,0.0,0.0
5238,SAMPLE,IDLE,false,0,0,0,0,0.0,-0.069813169538975,0.0,-0.07,0.0,0.00018683046102524,160.0,120.0,0.0,0.0,false,true,true,true,0,0,0.0,0.0
5239,SAMPLE,IDLE,false,0,0,0,0,0.0,-0.069813169538975,0.0,-0.07,0.0,0.00018683046102524,160.0,120.0,0.0,0.0,false,true,true,true,0,0,0.0,0.0
5240,SAMPLE,IDLE,false,0,0,0,0,0.0,-0.069813169538975,0.0,-0.07,0.0,0.00018683046102524,160.0,120.0,0.0,0.0,false,true,true,true,0,0,0.0,0.0
5241,SAMPLE,IDLE,false,0,0,0,0,0.0,-0.069813169538975,0.0,-0.07,0.0,0.00018683046102524,160.0,120.0,0.0,0.0,false,true,true,true,0,0,0.0,0.0
5242,SAMPLE,IDLE,false,0,0,0,0,0.0,-0.069813169538975,0.0,-0.07,0.0,0.00018683046102524,160.0,120.0,0.0,0.0,false,true,true,true,0,0,0.0,0.0
5243,SAMPLE,IDLE,false,0,0,0,0,0.0,-0.069813169538975,0.0,-0.07,0.0,0.00018683046102524,160.0,120.0,0.0,0.0,false,true,true,true,0,0,0.0,0.0
5244,SAMPLE,IDLE,false,0,0,0,0,0.0,-0.069813169538975,0.0,-0.07,0.0,0.00018683046102524,160.0,120.0,0.0,0.0,false,true,true,true,0,0,0.0,0.0
5245,SAMPLE,IDLE,false,0,0,0,0,0.0,-0.069813169538975,0.0,-0.07,0.0,0.00018683046102524,160.0,120.0,0.0,0.0,false,true,true,true,0,0,0.0,0.0
5246,SAMPLE,IDLE,false,0,0,0,0,0.0,-0.069813169538975,0.0,-0.07,0.0,0.00018683046102524,160.0,120.0,0.0,0.0,false,true,true,true,0,0,0.0,0.0
5247,SAMPLE,IDLE,false,0,0,0,0,0.0,-0.069813169538975,0.0,-0.07,0.0,0.00018683046102524,160.0,120.0,0.0,0.0,false,true,true,true,0,0,0.0,0.0
5248,SAMPLE,IDLE,false,0,0,0,0,0.0,-0.069813169538975,0.0,-0.07,0.0,0.00018683046102524,160.0,120.0,0.0,0.0,false,true,true,true,0,0,0.0,0.0
5249,SAMPLE,IDLE,false,0,0,0,0,0.0,-0.069813169538975,0.0,-0.07,0.0,0.00018683046102524,160.0,120.0,0.0,0.0,false,true,true,true,0,0,0.0,0.0
5250,SAMPLE,IDLE,false,0,0,0,0,0.0,-0.069813169538975,0.0,-0.07,0.0,0.00018683046102524,160.0,120.0,0.0,0.0,false,true,true,true,0,0,0.0,0.0
5251,SAMPLE,IDLE,false,0,0,0,0,0.0,-0.069813169538975,0.0,-0.07,0.0,0.00018683046102524,160.0,120.0,0.0,0.0,false,true,true,true,0,0,0.0,0.0
5252,SAMPLE,IDLE,false,0,0,0,0,0.0,-0.069813169538975,0.0,-0.07,0.0,0.00018683046102524,160.0,120.0,0.0,0.0,false,true,true,true,0,0,0.0,0.0
5253,SAMPLE,IDLE,false,0,0,0,0,0.0,-0.069813169538975,0.0,-0.07,0.0,0.00018683046102524,160.0,120.0,0.0,0.0,false,true,true,true,0,0,0.0,0.0
5254,SAMPLE,IDLE,false,0,0,0,0,0.0,-0.069813169538975,0.0,-0.07,0.0,0.00018683046102524,160.0,120.0,0.0,0.0,false,true,true,true,0,0,0.0,0.0
5255,SAMPLE,IDLE,false,0,0,0,0,0.0,-0.069813169538975,0.0,-0.07,0.0,0.00018683046102524,160.0,120.0,0.0,0.0,false,true,true,true,0,0,0.0,0.0
5256,SAMPLE,IDLE,false,0,0,0,0,0.0,-0.069813169538975,0.0,-0.07,0.0,0.00018683046102524,160.0,120.0,0.0,0.0,false,true,true,true,0,0,0.0,0.0
5257,SAMPLE,IDLE,false,0,0,0,0,0.0,-0.069813169538975,0.0,-0.07,0.0,0.00018683046102524,160.0,120.0,0.0,0.0,false,true,true,true,0,0,0.0,0.0
5258,SAMPLE,IDLE,false,0,0,0,0,0.0,-0.069813169538975,0.0,-0.07,0.0,0.00018683046102524,160.0,120.0,0.0,0.0,false,true,true,true,0,0,0.0,0.0
5259,SAMPLE,IDLE,false,0,0,0,0,0.0,-0.069813169538975,0.0,-0.07,0.0,0.00018683046102524,160.0,120.0,0.0,0.0,false,true,true,true,0,0,0.0,0.0
5260,SAMPLE,IDLE,false,0,0,0,0,0.0,-0.069813169538975,0.0,-0.07,0.0,0.00018683046102524,160.0,120.0,0.0,0.0,false,true,true,true,0,0,0.0,0.0
5261,SAMPLE,IDLE,false,0,0,0,0,0.0,-0.069813169538975,0.0,-0.07,0.0,0.00018683046102524,160.0,120.0,0.0,0.0,false,true,true,true,0,0,0.0,0.0
5262,SAMPLE,IDLE,false,0,0,0,0,0.0,-0.069813169538975,0.0,-0.07,0.0,0.00018683046102524,160.0,120.0,0.0,0.0,false,true,true,true,0,0,0.0,0.0
5263,SAMPLE,IDLE,false,0,0,0,0,0.0,-0.069813169538975,0.0,-0.07,0.0,0.00018683046102524,160.0,120.0,0.0,0.0,false,true,true,true,0,0,0.0,0.0
5264,SAMPLE,IDLE,false,0,0,0,0,0.0,-0.069813169538975,0.0,-0.07,0.0,0.00018683046102524,160.0,120.0,0.0,0.0,false,true,true,true,0,0,0.0,0.0
5265,SAMPLE,IDLE,false,0,0,0,0,0.0,-0.069813169538975,0.0,-0.07,0.0,0.00018683046102524,160.0,120.0,0.0,0.0,false,true,true,true,0,0,0.0,0.0
5266,SAMPLE,IDLE,false,0,0,0,0,0.0,-0.069813169538975,0.0,-0.07,0.0,0.00018683046102524,160.0,120.0,0.0,0.0,false,true,true,true,0,0,0.0,0.0
5267,SAMPLE,IDLE,false,0,0,0,0,0.0,-0.069813169538975,0.0,-0.07,0.0,0.00018683046102524,160.0,120.0,0.0,0.0,false,true,true,true,0,0,0.0,0.0
5268,SAMPLE,IDLE,false,0,0,0,0,0.0,-0.069813169538975,0.0,-0.07,0.0,0.00018683046102524,160.0,120.0,0.0,0.0,false,true,true,true,0,0,0.0,0.0
5269,SAMPLE,IDLE,false,0,0,0,0,0.0,-0.069813169538975,0.0,-0.07,0.0,0.00018683046102524,160.0,120.0,0.0,0.0,false,true,true,true,0,0,0.0,0.0
5270,SAMPLE,IDLE,false,0,0,0,0,0.0,-0.069813169538975,0.0,-0.07,0.0,0.00018683046102524,160.0,120.0,0.0,0.0,false,true,true,true,0,0,0.0,0.0
5271,SAMPLE,IDLE,false,0,0,0,0,0.0,-0.069813169538975,0.0,-0.07,0.0,0.00018683046102524,160.0,120.0,0.0,0.0,false,true,true,true,0,0,0.0,0.0
5272,SAMPLE,IDLE,false,0,0,0,0,0.0,-0.069813169538975,0.0,-0.07,0.0,0.00018683046102524,160.0,120.0,0.0,0.0,false,true,true,true,0,0,0.0,0.0
5273,SAMPLE,IDLE,false,0,0,0,0,0.0,-0.069813169538975,0.0,-0.07,0.0,0.00018683046102524,160.0,120.0,0.0,0.0,false,true,true,true,0,0,0.0,0.0
5274,SAMPLE,IDLE,false,0,0,0,0,0.0,-0.069813169538975,0.0,-0.07,0.0,0.00018683046102524,160.0,120.0,0.0,0.0,false,true,true,true,0,0,0.0,0.0
5275,SAMPLE,IDLE,false,0,0,0,0,0.0,-0.069813169538975,0.0,-0.07,0.0,0.00018683046102524,160.0,120.0,0.0,0.0,false,true,true,true,0,0,0.0,0.0
5276,SAMPLE,IDLE,false,0,0,0,0,0.0,-0.069813169538975,0.0,-0.07,0.0,0.00018683046102524,160.0,120.0,0.0,0.0,false,true,true,true,0,0,0.0,0.0
5277,SAMPLE,IDLE,false,0,0,0,0,0.0,-0.069813169538975,0.0,-0.07,0.0,0.00018683046102524,160.0,120.0,0.0,0.0,false,true,true,true,0,0,0.0,0.0
5278,SAMPLE,IDLE,false,0,0,0,0,0.0,-0.069813169538975,0.0,-0.07,0.0,0.00018683046102524,160.0,120.0,0.0,0.0,false,true,true,true,0,0,0.0,0.0
5279,SAMPLE,IDLE,false,0,0,0,0,0.0,-0.069813169538975,0.0,-0.07,0.0,0.00018683046102524,160.0,120.0,0.0,0.0,false,true,true,true,0,0,0.0,0.0
5280,SAMPLE,IDLE,false,0,0,0,0,0.0,-0.069813169538975,0.0,-0.07,0.0,0.00018683046102524,160.0,120.0,0.0,0.0,false,true,true,true,0,0,0.0,0.0
5281,SAMPLE,IDLE,false,0,0,0,0,0.0,-0.069813169538975,0.0,-0.07,0.0,0.00018683046102524,160.0,120.0,0.0,0.0,false,true,true,true,0,0,0.0,0.0
5282,SAMPLE,IDLE,false,0,0,0,0,0.0,-0.069813169538975,0.0,-0.07,0.0,0.00018683046102524,160.0,120.0,0.0,0.0,false,true,true,true,0,0,0.0,0.0
5283,SAMPLE,IDLE,false,0,0,0,0,0.0,-0.069813169538975,0.0,-0.07,0.0,0.00018683046102524,160.0,120.0,0.0,0.0,false,true,true,true,0,0,0.0,0.0
5284,SAMPLE,IDLE,false,0,0,0,0,0.06545877456665,-0.069813169538975,0.0,-0.07,0.06545877456665,0.00018683046102524,147.50079345703,120.0,-65.463096618652,-0.55800002813339,true,false,true,false,0,0,0.06545877456665,0.0
5285,ACQUIRED,ACQUIRED,false,1,45,0,0,0.06545877456665,-0.069813169538975,0.0,-0.07,0.06545877456665,0.00018683046102524,147.50079345703,120.0,-65.463096618652,-0.55800002813339,true,false,true,false,0,0,0.0,0.0
5286,ALIGNING,ALIGNING,false,1,45,0,0,0.11358821392059,-0.069813169538975,0.0,-0.07,0.11358821392059,0.00018683046102524,138.25639343262,120.0,-113.38831329346,-0.9706968665123,true,false,true,false,0,0,0.048129439353943,0.0
5287,SAMPLE,ALIGNING,false,1,45,0,0,0.11358821392059,-0.069813169538975,0.0,-0.07,0.11358821392059,0.00018683046102524,138.25639343262,120.0,-113.38831329346,-0.9706968665123,true,false,true,false,0,0,0.0,0.0
5288,SAMPLE,ALIGNING,false,1,45,0,0,0.084154605865479,-0.069813169538975,0.0,-0.07,0.084154605865479,0.00018683046102524,143.91842651367,120.0,-84.107284545898,-0.71792739629745,true,false,true,false,0,0,-0.029433608055115,0.0
5289,SAMPLE,ALIGNING,false,1,45,0,0,0.084154605865479,-0.069813169538975,0.0,-0.07,0.084154605865479,0.00018683046102524,143.91842651367,120.0,-84.107284545898,-0.71792739629745,true,false,true,false,0,0,0.0,0.0
5290,SAMPLE,ALIGNING,false,1,45,0,0,0.062294960021973,-0.069813169538975,0.0,-0.07,0.062294960021973,0.00018683046102524,148.10606384277,120.0,-62.305679321289,-0.5309790968895,true,false,true,false,0,0,-0.021859645843506,0.0
5291,SAMPLE,ALIGNING,false,1,45,0,0,0.062294960021973,-0.069813169538975,0.0,-0.07,0.062294960021973,0.00018683046102524,148.10606384277,120.0,-62.305679321289,-0.5309790968895,true,false,true,false,0,0,0.0,0.0
5292,SAMPLE,ALIGNING,false,1,45,0,0,0.062294960021973,-0.069813169538975,0.0,-0.07,0.062294960021973,0.00018683046102524,148.10606384277,120.0,-62.305679321289,-0.5309790968895,true,false,true,false,0,0,0.0,0.0
5293,SAMPLE,ALIGNING,false,1,45,0,0,0.04613995552063,-0.069813169538975,0.0,-0.07,0.04613995552063,0.00018683046102524,151.20324707031,120.0,-46.121841430664,-0.39271214604378,true,false,true,false,0,0,-0.016155004501343,0.0
5294,SAMPLE,ALIGNING,false,1,45,0,0,0.04613995552063,-0.069813169538975,0.0,-0.07,0.04613995552063,0.00018683046102524,151.20324707031,120.0,-46.121841430664,-0.39271214604378,true,false,true,false,0,0,0.0,0.0
5295,SAMPLE,ALIGNING,false,1,45,0,0,0.034107565879822,-0.069813169538975,0.0,-0.07,0.034107565879822,0.00018683046102524,153.49392700195,120.0,-34.128128051758,-0.29044991731644,true,false,true,false,0,0,-0.012032389640808,0.0
5296,SAMPLE,ALIGNING,false,1,45,0,0,0.034107565879822,-0.069813169538975,0.0,-0.07,0.034107565879822,0.00018683046102524,153.49392700195,120.0,-34.128128051758,-0.29044991731644,true,false,true,false,0,0,0.0,0.0
5297,SAMPLE,ALIGNING,false,1,45,0,0,0.025191187858582,-0.069813169538975,0.0,-0.07,0.025191187858582,0.00018683046102524,155.18811035156,120.0,-25.247816085815,-0.21481676399708,true,false,true,false,0,0,-0.0089163780212402,0.0
5298,SAMPLE,ALIGNING,false,1,45,0,0,0.025191187858582,-0.069813169538975,0.0,-0.07,0.025191187858582,0.00018683046102524,155.18811035156,120.0,-25.247816085815,-0.21481676399708,true,false,true,false,0,0,0.0,0.0
5299,SAMPLE,ALIGNING,false,1,44,1,0,0.01862370967865,-0.069813169538975,0.0,-0.07,0.01862370967865,0.00018683046102524,156.44111633301,120.0,-18.676034927368,-0.15887849032879,false,true,true,true,0,0,-0.0065674781799316,0.0
5300,SAMPLE,ALIGNING,false,1,43,2,0,0.01862370967865,-0.069813169538975,0.0,-0.07,0.01862370967865,0.00018683046102524,156.44111633301,120.0,-18.676034927368,-0.15887849032879,false,true,true,true,0,0,0.0,0.0
5301,SAMPLE,ALIGNING,false,1,42,3,0,0.013734221458435,-0.069813169538975,0.0,-0.07,0.013734221458435,0.00018683046102524,157.36785888672,120.0,-13.813839912415,-0.11750652641058,false,true,true,true,0,0,-0.0048894882202148,0.0
5302,SAMPLE,ALIGNING,false,1,41,4,0,0.013734221458435,-0.069813169538975,0.0,-0.07,0.013734221458435,0.00018683046102524,157.36785888672,120.0,-13.813839912415,-0.11750652641058,false,true,true,true,0,0,0.0,0.0
5303,STABLE,STABLE,false,1,40,5,0,0.013734221458435,-0.069813169538975,0.0,-0.07,0.013734221458435,0.00018683046102524,157.36785888672,120.0,-13.813839912415,-0.11750652641058,false,true,true,true,0,0,0.0,0.0
5304,SAMPLE,STABLE,false,1,45,6,0,0.010138750076294,-0.069813169538975,0.0,-0.07,0.010138750076294,0.00018683046102524,158.05326843262,120.0,-10.217156410217,-0.08690782636404,false,true,true,true,0,0,-0.0035954713821411,0.0
5305,SAMPLE,STABLE,false,1,45,7,0,0.010138750076294,-0.069813169538975,0.0,-0.07,0.010138750076294,0.00018683046102524,158.05326843262,120.0,-10.217156410217,-0.08690782636404,false,true,true,true,0,0,0.0,0.0
5306,SAMPLE,STABLE,false,1,45,8,0,0.0075021982192993,-0.069813169538975,0.0,-0.07,0.0075021982192993,0.00018683046102524,158.56019592285,120.0,-7.5567951202393,-0.064277030527592,false,true,true,true,0,0,-0.0026365518569946,0.0
5307,SAMPLE,STABLE,false,1,45,9,0,0.0075021982192993,-0.069813169538975,0.0,-0.07,0.0075021982192993,0.00018683046102524,158.56019592285,120.0,-7.5567951202393,-0.064277030527592,false,true,true,true,0,0,0.0,0.0
5308,SAMPLE,STABLE,false,1,45,10,0,0.0055367946624756,-0.069813169538975,0.0,-0.07,0.0055367946624756,0.00018683046102524,158.93511962891,120.0,-5.5890846252441,-0.047539290040731,false,true,true,true,0,0,-0.0019654035568237,0.0
5309,SAMPLE,STABLE,false,1,45,11,0,0.0055367946624756,-0.069813169538975,0.0,-0.07,0.0055367946624756,0.00018683046102524,158.93511962891,120.0,-5.5890846252441,-0.047539290040731,false,true,true,true,0,0,0.0,0.0
5310,ALIGNING,ALIGNING,false,1,45,0,0,0.069581508636475,-0.069813169538975,0.0,-0.07,0.069581508636475,0.00018683046102524,146.71321105957,120.0,-69.568580627441,-0.59316003322601,true,false,true,false,0,0,0.064044713973999,0.0
5311,SAMPLE,ALIGNING,false,1,45,0,0,0.069581508636475,-0.069813169538975,0.0,-0.07,0.069581508636475,0.00018683046102524,146.71321105957,120.0,-69.568580627441,-0.59316003322601,true,false,true,false,0,0,0.0,0.0
5312,SAMPLE,ALIGNING,false,1,45,0,0,0.069581508636475,-0.069813169538975,0.0,-0.07,0.069581508636475,0.00018683046102524,137.67388916016,120.0,-116.3853225708,-0.99670124053955,true,false,true,false,0,0,0.0,0.0
5313,SAMPLE,ALIGNING,false,1,45,0,0,0.11660826206207,-0.069813169538975,0.0,-0.07,0.11660826206207,0.00018683046102524,137.67388916016,120.0,-116.3853225708,-0.99670124053955,true,false,true,false,0,0,0.047026753425598,0.0
5314,SAMPLE,ALIGNING,false,1,45,0,0,0.11660826206207,-0.069813169538975,0.0,-0.07,0.11660826206207,0.00018683046102524,137.67388916016,120.0,-116.3853225708,-0.99670124053955,true,false,true,false,0,0,0.0,0.0
5315,SAMPLE,ALIGNING,false,1,45,0,0,0.086407542228699,-0.069813169538975,0.0,-0.07,0.086407542228699,0.00018683046102524,143.48760986328,120.0,-86.343894958496,-0.73716026544571,true,false,true,false,0,0,-0.030200719833374,0.0
5316,SAMPLE,ALIGNING,false,1,45,0,0,0.086407542228699,-0.069813169538975,0.0,-0.07,0.086407542228699,0.00018683046102524,143.48760986328,120.0,-86.343894958496,-0.73716026544571,true,false,true,false,0,0,0.0,0.0
5317,SAMPLE,ALIGNING,false,1,45,0,0,0.05505633354187,-0.069813169538975,0.0,-0.07,0.05505633354187,0.00018683046102524,149.49719238281,120.0,-55.041870117188,-0.46887522935867,true,false,true,false,0,0,-0.031351208686829,0.0
5318,SAMPLE,ALIGNING,false,1,45,0,0,0.05505633354187,-0.069813169538975,0.0,-0.07,0.05505633354187,0.00018683046102524,149.49719238281,120.0,-55.041870117188,-0.46887522935867,true,false,true,false,0,0,0.0,0.0
5319,SAMPLE,ALIGNING,false,1,45,0,0,0.040675044059753,-0.069813169538975,0.0,-0.07,0.040675044059753,0.00018683046102524,152.23213195801,120.0,-40.736885070801,-0.34678012132645,true,false,true,false,0,0,-0.014381289482117,0.0
5320,SAMPLE,ALIGNING,false,1,45,0,0,0.040675044059753,-0.069813169538975,0.0,-0.07,0.040675044059753,0.00018683046102524,152.23213195801,120.0,-40.736885070801,-0.34678012132645,true,false,true,false,0,0,0.0,0.0
5321,SAMPLE,ALIGNING,false,1,45,0,0,0.040675044059753,-0.069813169538975,0.0,-0.07,0.040675044059753,0.00018683046102524,154.2548828125,120.0,-30.140340805054,-0.25647857785225,true,false,true,false,0,0,0.0,0.0
5322,SAMPLE,ALIGNING,false,1,45,0,0,0.030080914497375,-0.069813169538975,0.0,-0.07,0.030080914497375,0.00018683046102524,154.2548828125,120.0,-30.140340805054,-0.25647857785225,true,false,true,false,0,0,-0.010594129562378,0.0
5323,SAMPLE,ALIGNING,false,1,45,0,0,0.030080914497375,-0.069813169538975,0.0,-0.07,0.030080914497375,0.00018683046102524,154.2548828125,120.0,-30.140340805054,-0.25647857785225,true,false,true,false,0,0,0.0,0.0
5324,SAMPLE,ALIGNING,false,1,45,0,0,0.022219061851501,-0.069813169538975,0.0,-0.07,0.022219061851501,0.00018683046102524,155.75091552734,120.0,-22.296363830566,-0.18969155848026,true,false,true,false,0,0,-0.007861852645874,0.0
5325,SAMPLE,ALIGNING,false,1,45,0,0,0.022219061851501,-0.069813169538975,0.0,-0.07,0.022219061851501,0.00018683046102524,155.75091552734,120.0,-22.296363830566,-0.18969155848026,true,false,true,false,0,0,0.0,0.0
5326,SAMPLE,ALIGNING,false,1,44,1,0,0.01641857624054,-0.069813169538975,0.0,-0.07,0.01641857624054,0.00018683046102524,156.85737609863,120.0,-16.492252349854,-0.14029587805271,false,true,true,true,0,0,-0.0058004856109619,0.0
5327,SAMPLE,ALIGNING,false,1,43,2,0,0.01641857624054,-0.069813169538975,0.0,-0.07,0.01641857624054,0.00018683046102524,156.85737609863,120.0,-16.492252349854,-0.14029587805271,false,true,true,true,0,0,0.0,0.0
5328,SAMPLE,ALIGNING,false,1,42,3,0,0.012152075767517,-0.069813169538975,0.0,-0.07,0.012152075767517,0.00018683046102524,157.67572021484,120.0,-12.198396682739,-0.10376283526421,false,true,true,true,0,0,-0.0042665004730225,0.0
5329,SAMPLE,ALIGNING,false,1,41,4,0,0.012152075767517,-0.069813169538975,0.0,-0.07,0.012152075767517,0.00018683046102524,157.67572021484,120.0,-12.198396682739,-0.10376283526421,false,true,true,true,0,0,0.0,0.0
5330,STABLE,STABLE,false,1,40,5,0,0.0089403390884399,-0.069813169538975,0.0,-0.07,0.0089403390884399,0.00018683046102524,158.28096008301,120.0,-9.0222520828247,-0.076742999255657,false,true,true,true,0,0,-0.0032117366790771,0.0
5331,SAMPLE,STABLE,false,1,45,6,0,0.0089403390884399,-0.069813169538975,0.0,-0.07,0.0089403390884399,0.00018683046102524,158.28096008301,120.0,-9.0222520828247,-0.076742999255657,false,true,true,true,0,0,0.0,0.0
5332,SAMPLE,STABLE,false,1,45,7,0,0.0089403390884399,-0.069813169538975,0.0,-0.07,0.0089403390884399,0.00018683046102524,158.72859191895,120.0,-6.6730127334595,-0.056759122759104,false,true,true,true,0,0,0.0,0.0
5333,SAMPLE,STABLE,false,1,45,8,0,0.0065914392471313,-0.069813169538975,0.0,-0.07,0.0065914392471313,0.00018683046102524,158.72859191895,120.0,-6.6730127334595,-0.056759122759104,false,true,true,true,0,0,-0.0023488998413086,0.0
5334,SAMPLE,STABLE,false,1,45,9,0,0.0065914392471313,-0.069813169538975,0.0,-0.07,0.0065914392471313,0.00018683046102524,158.72859191895,120.0,-6.6730127334595,-0.056759122759104,false,true,true,true,0,0,0.0,0.0
5335,SAMPLE,STABLE,false,1,45,10,0,0.0048657655715942,-0.069813169538975,0.0,-0.07,0.0048657655715942,0.00018683046102524,159.05966186523,120.0,-4.9354348182678,-0.041979048401117,false,true,true,true,0,0,-0.0017256736755371,0.0
5336,SAMPLE,STABLE,false,1,45,11,0,0.0048657655715942,-0.069813169538975,0.0,-0.07,0.0048657655715942,0.00018683046102524,159.05966186523,120.0,-4.9354348182678,-0.041979048401117,false,true,true,true,0,0,0.0,0.0
5337,SAMPLE,STABLE,false,1,45,12,0,0.0035712718963623,-0.069813169538975,0.0,-0.07,0.0035712718963623,0.00018683046102524,159.30453491211,120.0,-3.6502203941345,-0.031047705560923,false,true,true,true,0,0,-0.0012944936752319,0.0
5338,SAMPLE,STABLE,false,1,45,13,0,0.0035712718963623,-0.069813169538975,0.0,-0.07,0.0035712718963623,0.00018683046102524,159.30453491211,120.0,-3.6502203941345,-0.031047705560923,false,true,true,true,0,0,0.0,0.0
5339,SAMPLE,STABLE,false,1,45,14,0,0.0026605129241943,-0.069813169538975,0.0,-0.07,0.0026605129241943,0.00018683046102524,159.4856262207,120.0,-2.6997520923615,-0.02296288497746,false,true,true,true,0,0,-0.00091075897216797,0.0
5340,SAMPLE,STABLE,false,1,45,15,0,0.0026605129241943,-0.069813169538975,0.0,-0.07,0.0026605129241943,0.00018683046102524,159.4856262207,120.0,-2.6997520923615,-0.02296288497746,false,true,true,true,0,0,0.0,0.0
5341,SAMPLE,STABLE,false,1,45,16,0,0.001941442489624,-0.069813169538975,0.0,-0.07,0.001941442489624,0.00018683046102524,159.61956787109,120.0,-1.9967468976974,-0.016983348876238,false,true,true,true,0,0,-0.00071907043457031,0.0
5342,SAMPLE,STABLE,false,1,45,17,0,0.001941442489624,-0.069813169538975,0.0,-0.07,0.001941442489624,0.00018683046102524,159.61956787109,120.0,-1.9967468976974,-0.016983348876238,false,true,true,true,0,0,0.0,0.0
5343,SAMPLE,STABLE,false,1,45,18,0,0.0014141798019409,-0.069813169538975,0.0,-0.07,0.0014141798019409,0.00018683046102524,159.71864318848,120.0,-1.4767384529114,-0.01256088539958,false,true,true,true,0,0,-0.00052726268768311,0.0
5344,SAMPLE,STABLE,false,1,45,19,0,0.0014141798019409,-0.069813169538975,0.0,-0.07,0.0014141798019409,0.00018683046102524,159.71864318848,120.0,-1.4767384529114,-0.01256088539958,false,true,true,true,0,0,0.0,0.0
5345,SAMPLE,STABLE,false,1,45,20,0,0.0014141798019409,-0.069813169538975,0.0,-0.07,0.0014141798019409,0.00018683046102524,159.79190063477,120.0,-1.0922377109528,-0.009290031157434,false,true,true,true,0,0,0.0,0.0
5346,SAMPLE,STABLE,false,1,45,21,0,0.0010306835174561,-0.069813169538975,0.0,-0.07,0.0010306835174561,0.00018683046102524,159.79190063477,120.0,-1.0922377109528,-0.009290031157434,false,true,true,true,0,0,-0.00038349628448486,0.0
5347,SAMPLE,STABLE,false,1,45,22,0,0.0010306835174561,-0.069813169538975,0.0,-0.07,0.0010306835174561,0.00018683046102524,159.84608459473,120.0,-0.80784612894058,-0.0068709072656929,false,true,true,true,0,0,0.0,0.0
5348,SAMPLE,STABLE,false,1,45,23,0,0.00074303150177002,-0.069813169538975,0.0,-0.07,0.00074303150177002,0.00018683046102524,159.84608459473,120.0,-0.80784612894058,-0.0068709072656929,false,true,true,true,0,0,-0.00028765201568604,0.0
5349,SAMPLE,STABLE,false,1,45,24,0,0.00074303150177002,-0.069813169538975,0.0,-0.07,0.00074303150177002,0.00018683046102524,159.84608459473,120.0,-0.80784612894058,-0.0068709072656929,false,true,true,true,0,0,0.0,0.0
5350,SAMPLE,STABLE,false,1,45,25,0,0.00055122375488281,-0.069813169538975,0.0,-0.07,0.00055122375488281,0.00018683046102524,159.88616943359,120.0,-0.59745538234711,-0.0050817234441638,false,true,true,true,0,0,-0.00019180774688721,0.0
5351,SAMPLE,STABLE,false,1,45,26,0,0.00055122375488281,-0.069813169538975,0.0,-0.07,0.00055122375488281,0.00018683046102524,159.88616943359,120.0,-0.59745538234711,-0.0050817234441638,false,true,true,true,0,0,0.0,0.0
5352,SAMPLE,STABLE,false,1,45,27,0,0.00035953521728516,-0.069813169538975,0.0,-0.07,0.00035953521728516,0.00018683046102524,159.91581726074,120.0,-0.44184470176697,-0.0037584428209811,false,true,true,true,0,0,-0.00019168853759766,0.0
5353,SAMPLE,STABLE,false,1,45,28,0,0.00035953521728516,-0.069813169538975,0.0,-0.07,0.00035953521728516,0.00018683046102524,159.91581726074,120.0,-0.44184470176697,-0.0037584428209811,false,true,true,true,0,0,0.0,0.0
5354,SAMPLE,STABLE,false,1,45,29,0,0.00026369094848633,-0.069813169538975,0.0,-0.07,0.00026369094848633,0.00018683046102524,159.93772888184,120.0,-0.32683858275414,-0.0027797443326563,false,true,true,true,0,0,-9.5844268798828e-05,0.0
5355,SAMPLE,STABLE,false,1,45,30,0,0.00026369094848633,-0.069813169538975,0.0,-0.07,0.00026369094848633,0.00018683046102524,159.93772888184,120.0,-0.32683858275414,-0.0027797443326563,false,true,true,true,0,0,0.0,0.0
5356,SAMPLE,STABLE,false,1,45,31,0,0.00016772747039795,-0.069813169538975,0.0,-0.07,0.00016772747039795,0.00018683046102524,159.95394897461,120.0,-0.24170517921448,-0.0020558990072459,false,true,true,true,0,0,-9.5963478088379e-05,0.0
5357,SAMPLE,STABLE,false,1,45,32,0,0.00016772747039795,-0.069813169538975,0.0,-0.07,0.00016772747039795,0.00018683046102524,159.95394897461,120.0,-0.24170517921448,-0.0020558990072459,false,true,true,true,0,0,0.0,0.0
5358,SAMPLE,STABLE,false,1,45,33,0,0.00011980533599854,-0.069813169538975,0.0,-0.07,0.00011980533599854,0.00018683046102524,159.96594238281,120.0,-0.17875611782074,-0.0015205430099741,false,true,true,true,0,0,-4.7922134399414e-05,0.0
5359,SAMPLE,STABLE,false,1,45,34,0,0.00011980533599854,-0.069813169538975,0.0,-0.07,0.00011980533599854,0.00018683046102524,159.96594238281,120.0,-0.17875611782074,-0.0015205430099741,false,true,true,true,0,0,0.0,0.0
5360,SAMPLE,STABLE,false,1,45,35,0,0.00011980533599854,-0.069813169538975,0.0,-0.07,0.00011980533599854,0.00018683046102524,159.96594238281,120.0,-0.17875611782074,-0.0015205430099741,false,true,true,true,0,0,0.0,0.0
5361,ALIGNING,ALIGNING,false,1,45,0,0,0.065602660179138,-0.069813169538975,0.0,-0.07,0.065602660179138,0.00018683046102524,147.47561645508,120.0,-65.594390869141,-0.55912458896637,true,false,true,false,0,0,0.06548285484314,0.0
5362,SAMPLE,ALIGNING,false,1,45,0,0,0.065602660179138,-0.069813169538975,0.0,-0.07,0.065602660179138,0.00018683046102524,147.47561645508,120.0,-65.594390869141,-0.55912458896637,true,false,true,false,0,0,0.0,0.0
5363,SAMPLE,ALIGNING,false,1,45,0,0,0.11205422878265,-0.064755715429783,0.0,-0.07,0.11205422878265,0.0052442845702171,138.55827331543,119.02233886719,-111.8324432373,-0.95722001791,true,false,true,false,0,0,0.046451568603516,0.0050574541091919
5364,SAMPLE,ALIGNING,false,1,45,0,0,0.11205422878265,-0.064755715429783,0.0,-0.07,0.11205422878265,0.0052442845702171,138.55827331543,119.02233886719,-111.8324432373,-0.95722001791,true,false,true,false,0,0,0.0,0.0
5365,SAMPLE,ALIGNING,false,1,45,0,0,0.11517024040222,-0.060633100569248,0.0,-0.07,0.11517024040222,0.0093668994307518,137.95249938965,118.2264175415,-114.94734191895,-0.98426365852356,true,false,true,false,0,0,0.0031160116195679,0.0041226148605347
5366,SAMPLE,ALIGNING,false,1,45,0,0,0.11517024040222,-0.060633100569248,0.0,-0.07,0.11517024040222,0.0093668994307518,137.95249938965,118.2264175415,-114.94734191895,-0.98426365852356,true,false,true,false,0,0,0.0,0.0
5367,SAMPLE,ALIGNING,false,1,45,0,0,0.11910104751587,-0.05756501108408,0.0,-0.07,0.11910104751587,0.01243498891592,137.19401550293,117.63805389404,-118.84292602539,-1.0181245803833,true,false,true,false,0,0,0.0039308071136475,0.0030680894851685
5368,SAMPLE,ALIGNING,false,1,45,0,0,0.11910104751587,-0.05756501108408,0.0,-0.07,0.11910104751587,0.01243498891592,137.19401550293,117.63805389404,-118.84292602539,-1.0181245803833,true,false,true,false,0,0,0.0,0.0
5369,SAMPLE,ALIGNING,false,1,45,0,0,0.12351131439209,-0.055455841124058,0.0,-0.07,0.12351131439209,0.014544158875942,136.34097290039,117.23029327393,-123.21836853027,-1.0562064647675,true,false,true,false,0,0,0.0044102668762207,0.002109169960022
5370,SAMPLE,ALIGNING,false,1,45,0,0,0.12351131439209,-0.055455841124058,0.0,-0.07,0.12351131439209,0.014544158875942,136.34097290039,117.23029327393,-123.21836853027,-1.0562064647675,true,false,true,false,0,0,0.0,0.0
5371,SAMPLE,ALIGNING,false,1,45,0,0,0.12816119194031,-0.054161466658115,0.0,-0.07,0.12816119194031,0.015838533341885,135.43641662598,116.98564910889,-127.85133361816,-1.0965883731842,true,false,true,false,0,0,0.0046498775482178,0.0012943744659424
5372,SAMPLE,ALIGNING,false,1,45,0,0,0.12816119194031,-0.054161466658115,0.0,-0.07,0.12816119194031,0.015838533341885,135.43641662598,116.98564910889,-127.85133361816,-1.0965883731842,true,false,true,false,0,0,0.0,0.0
5373,SAMPLE,ALIGNING,false,1,45,0,0,0.12816119194031,-0.054161466658115,0.0,-0.07,0.12816119194031,0.015838533341885,135.43641662598,116.98564910889,-127.85133361816,-1.0965883731842,true,false,true,false,0,0,0.0,0.0
5374,SAMPLE,ALIGNING,false,1,45,0,0,0.13290703296661,-0.05377808958292,0.0,-0.07,0.13290703296661,0.01622191041708,134.52307128906,116.9068145752,-132.5223236084,-1.1373634338379,true,false,true,false,0,0,0.0047458410263062,0.00038337707519531
5375,SAMPLE,ALIGNING,false,1,45,0,0,0.13290703296661,-0.05377808958292,0.0,-0.07,0.13290703296661,0.01622191041708,134.52307128906,116.9068145752,-132.5223236084,-1.1373634338379,true,false,true,false,0,0,0.0,0.0
5376,SAMPLE,ALIGNING,false,1,45,0,0,0.13750910758972,-0.054209508001804,0.0,-0.07,0.13750910758972,0.015790491998196,133.62951660156,116.98268890381,-137.08525085449,-1.1772541999817,true,false,true,false,0,0,0.0046020746231079,-0.00043141841888428
5377,SAMPLE,ALIGNING,false,1,45,0,0,0.13750910758972,-0.054209508001804,0.0,-0.07,0.13750910758972,0.015790491998196,133.62951660156,116.98268890381,-137.08525085449,-1.1772541999817,true,false,true,false,0,0,0.0,0.0
5378,SAMPLE,ALIGNING,false,1,45,0,0,0.14201521873474,-0.055216111242771,0.0,-0.07,0.14201521873474,0.014783888757229,132.75300598145,117.17780303955,-141.55404663086,-1.2163834571838,true,false,true,false,0,0,0.0045061111450195,-0.0010066032409668
5379,SAMPLE,ALIGNING,false,1,45,0,0,0.14201521873474,-0.055216111242771,0.0,-0.07,0.14201521873474,0.014783888757229,132.75300598145,117.17780303955,-141.55404663086,-1.2163834571838,true,false,true,false,0,0,0.0,0.0
5380,SAMPLE,ALIGNING,false,1,45,0,0,0.14201521873474,-0.055216111242771,0.0,-0.07,0.14201521873474,0.014783888757229,132.75300598145,117.17780303955,-141.55404663086,-1.2163834571838,true,false,true,false,0,0,0.0,0.0
5381,SAMPLE,ALIGNING,false,1,45,0,0,0.14623379707336,-0.056366600096226,0.0,-0.07,0.14623379707336,0.013633399903774,131.92556762695,117.39809417725,-145.76510620117,-1.2533226013184,true,false,true,false,0,0,0.004218578338623,-0.0011504888534546
5382,SAMPLE,ALIGNING,false,1,45,0,0,0.14623379707336,-0.056366600096226,0.0,-0.07,0.14623379707336,0.013633399903774,131.92556762695,117.39809417725,-145.76510620117,-1.2533226013184,true,false,true,false,0,0,0.0,0.0
5383,SAMPLE,ALIGNING,false,1,45,0,0,0.14623379707336,-0.056366600096226,0.0,-0.07,0.14623379707336,0.013633399903774,131.92556762695,117.39809417725,-145.76510620117,-1.2533226013184,true,false,true,false,0,0,0.0,0.0
5384,SAMPLE,ALIGNING,false,1,45,0,0,0.15160274505615,-0.057756938040257,0.0,-0.07,0.15160274505615,0.012243061959744,130.88070678711,117.65929412842,-151.07110595703,-1.2999687194824,true,false,true,false,0,0,0.0053689479827881,-0.0013903379440308
5385,SAMPLE,ALIGNING,false,1,45,0,0,0.15160274505615,-0.057756938040257,0.0,-0.07,0.15160274505615,0.012243061959744,130.88070678711,117.65929412842,-151.07110595703,-1.2999687194824,true,false,true,false,0,0,0.0,0.0
5386,SAMPLE,ALIGNING,false,1,45,0,0,0.15486252307892,-0.058619774878025,0.0,-0.07,0.15486252307892,0.011380225121975,130.24444580078,117.82665252686,-154.29585266113,-1.3283734321594,true,false,true,false,0,0,0.0032597780227661,-0.00086283683776855
5387,SAMPLE,ALIGNING,false,1,45,0,0,0.15486252307892,-0.058619774878025,0.0,-0.07,0.15486252307892,0.011380225121975,130.24444580078,117.82665252686,-154.29585266113,-1.3283734321594,true,false,true,false,0,0,0.0,0.0
5388,SAMPLE,ALIGNING,false,1,45,0,0,0.1578825712204,-0.059530533850193,0.0,-0.07,0.1578825712204,0.010469466149807,129.65016174316,118.00772857666,-157.30354309082,-1.354903459549,true,false,true,false,0,0,0.0030200481414795,-0.00091075897216797
5389,SAMPLE,ALIGNING,false,1,45,0,0,0.1578825712204,-0.059530533850193,0.0,-0.07,0.1578825712204,0.010469466149807,129.65016174316,118.00772857666,-157.30354309082,-1.354903459549,true,false,true,false,0,0,0.0,0.0
5390,SAMPLE,ALIGNING,false,1,45,0,0,0.1578825712204,-0.059530533850193,0.0,-0.07,0.1578825712204,0.010469466149807,129.18649291992,118.44711303711,-159.6492767334,-1.375602722168,true,false,true,false,0,0,0.0,0.0
5391,SAMPLE,ALIGNING,false,1,45,0,0,0.16027939319611,-0.061831511557102,0.0,-0.07,0.16027939319611,0.0081684884428978,129.18649291992,118.44711303711,-159.6492767334,-1.375602722168,true,false,true,false,0,0,0.002396821975708,-0.0023009777069092
5392,SAMPLE,ALIGNING,false,1,45,0,0,0.16027939319611,-0.061831511557102,0.0,-0.07,0.16027939319611,0.0081684884428978,129.18649291992,118.44711303711,-159.6492767334,-1.375602722168,true,false,true,false,0,0,0.0,0.0
5393,SAMPLE,ALIGNING,false,1,45,0,0,0.16190934181213,-0.064755715429783,0.0,-0.07,0.16190934181213,0.0052442845702171,128.87275695801,119.01192474365,-161.23585510254,-1.3896092176437,true,false,true,false,0,0,0.0016299486160278,-0.0029242038726807
5394,SAMPLE,ALIGNING,false,1,45,0,0,0.16190934181213,-0.064755715429783,0.0,-0.07,0.16190934181213,0.0052442845702171,128.87275695801,119.01192474365,-161.23585510254,-1.3896092176437,true,false,true,false,0,0,0.0,0.0
5395,SAMPLE,ALIGNING,false,1,45,0,0,0.16325163841248,-0.06791964918375,0.0,-0.07,0.16325163841248,0.0020803508162499,128.61109924316,119.62582397461,-162.5573425293,-1.401290178299,true,false,true,false,0,0,0.0013422966003418,-0.0031639337539673
5396,SAMPLE,ALIGNING,false,1,45,0,0,0.16325163841248,-0.06791964918375,0.0,-0.07,0.16325163841248,0.0020803508162499,128.61109924316,119.62582397461,-162.5573425293,-1.401290178299,true,false,true,false,0,0,0.0,0.0
5397,SAMPLE,ALIGNING,false,1,45,0,0,0.16459381580353,-0.071131706237793,0.0,-0.07,0.16459381580353,-0.001131706237793,128.34635925293,120.26721954346,-163.8918762207,-1.4131088256836,true,false,true,false,0,0,0.0013421773910522,-0.0032120570540428
5398,SAMPLE,ALIGNING,false,1,45,0,0,0.16459381580353,-0.071131706237793,0.0,-0.07,0.16459381580353,-0.001131706237793,128.34635925293,120.26721954346,-163.8918762207,-1.4131088256836,true,false,true,false,0,0,0.0,0.0
5399,SAMPLE,ALIGNING,false,1,45,0,0,0.16584026813507,-0.074583053588867,0.0,-0.07,0.16584026813507,-0.0045830535888672,128.10220336914,120.93622589111,-165.11990356445,-1.4240090847015,true,false,true,false,0,0,0.001246452331543,-0.0034513473510742
5400,SAMPLE,ALIGNING,false,1,45,0,0,0.16584026813507,-0.074583053588867,0.0,-0.07,0.16584026813507,-0.0045830535888672,128.10220336914,120.93622589111,-165.11990356445,-1.4240090847015,true,false,true,false,0,0,0.0,0.0
5401,SAMPLE,ALIGNING,false,1,45,0,0,0.16584026813507,-0.074583053588867,0.0,-0.07,0.16584026813507,-0.0045830535888672,127.87591552734,121.61238861084,-166.25518798828,-1.4341109991074,true,false,true,false,0,0,0.0,0.0
5402,SAMPLE,ALIGNING,false,1,45,0,0,0.16699075698853,-0.07808256149292,0.0,-0.07,0.16699075698853,-0.0080825614929199,127.87591552734,121.61238861084,-166.25518798828,-1.4341109991074,true,false,true,false,0,0,0.0011504888534546,-0.0034995079040527
5403,SAMPLE,ALIGNING,false,1,45,0,0,0.16699075698853,-0.07808256149292,0.0,-0.07,0.16699075698853,-0.0080825614929199,127.87591552734,121.61238861084,-166.25518798828,-1.4341109991074,true,false,true,false,0,0,0.0,0.0
5404,SAMPLE,ALIGNING,false,1,45,0,0,0.16814124584198,-0.081486225128174,0.0,-0.07,0.16814124584198,-0.011486225128174,127.65028381348,122.26628112793,-167.38464355469,-1.4441837072372,true,false,true,false,0,0,0.0011504888534546,-0.0034036636352539
5405,SAMPLE,ALIGNING,false,1,45,0,0,0.16814124584198,-0.081486225128174,0.0,-0.07,0.16814124584198,-0.011486225128174,127.65028381348,122.26628112793,-167.38464355469,-1.4441837072372,true,false,true,false,0,0,0.0,0.0
5406,SAMPLE,ALIGNING,false,1,45,0,0,0.16929185390472,-0.084697723388672,0.0,-0.07,0.16929185390472,-0.014697723388672,127.422706604,122.89600372314,-168.52149963379,-1.4543435573578,true,false,true,false,0,0,0.0011506080627441,-0.003211498260498
5407,SAMPLE,ALIGNING,false,1,45,0,0,0.16929185390472,-0.084697723388672,0.0,-0.07,0.16929185390472,-0.014697723388672,127.422706604,122.89600372314,-168.52149963379,-1.4543435573578,true,false,true,false,0,0,0.0,0.0
5408,SAMPLE,ALIGNING,false,1,45,0,0,0.17053818702698,-0.087669849395752,0.0,-0.07,0.17053818702698,-0.017669849395752,127.177734375,123.46840667725,-169.74409484863,-1.4652798175812,true,false,true,false,0,0,0.0012463331222534,-0.0029721260070801
5409,SAMPLE,ALIGNING,false,1,45,0,0,0.17053818702698,-0.087669849395752,0.0,-0.07,0.17053818702698,-0.017669849395752,127.177734375,123.46840667725,-169.74409484863,-1.4652798175812,true,false,true,false,0,0,0.0,0.0
5410,SAMPLE,ALIGNING,false,1,45,0,0,0.17188036441803,-0.090162754058838,0.0,-0.07,0.17188036441803,-0.020162754058838,126.91917419434,123.95113372803,-171.03410339355,-1.4768226146698,true,false,true,false,0,0,0.0013421773910522,-0.0024929046630859
5411,SAMPLE,ALIGNING,false,1,45,0,0,0.17188036441803,-0.090162754058838,0.0,-0.07,0.17188036441803,-0.020162754058838,126.91917419434,123.95113372803,-171.03410339355,-1.4768226146698,true,false,true,false,0,0,0.0,0.0
5412,SAMPLE,ALIGNING,false,1,45,0,0,0.17317473888397,-0.09217643737793,0.0,-0.07,0.17317473888397,-0.02217643737793,126.66961669922,124.34475708008,-172.27868652344,-1.4879639148712,true,false,true,false,0,0,0.0012943744659424,-0.0020136833190918
5413,SAMPLE,ALIGNING,false,1,45,0,0,0.17317473888397,-0.09217643737793,0.0,-0.07,0.17317473888397,-0.02217643737793,126.66961669922,124.34475708008,-172.27868652344,-1.4879639148712,true,false,true,false,0,0,0.0,0.0
5414,SAMPLE,ALIGNING,false,1,45,0,0,0.17317473888397,-0.09217643737793,0.0,-0.07,0.17317473888397,-0.02217643737793,126.45193481445,124.6736907959,-173.36326599121,-1.4976816177368,true,false,true,false,0,0,0.0,0.0
5415,SAMPLE,ALIGNING,false,1,45,0,0,0.17427718639374,-0.093901634216309,0.0,-0.07,0.17427718639374,-0.023901634216309,126.45193481445,124.6736907959,-173.36326599121,-1.4976816177368,true,false,true,false,0,0,0.0011024475097656,-0.0017251968383789
5416,SAMPLE,ALIGNING,false,1,45,0,0,0.17427718639374,-0.093901634216309,0.0,-0.07,0.17427718639374,-0.023901634216309,126.45193481445,124.6736907959,-173.36326599121,-1.4976816177368,true,false,true,false,0,0,0.0,0.0
5417,SAMPLE,ALIGNING,false,1,45,0,0,0.17499625682831,-0.095483779907227,0.0,-0.07,0.17499625682831,-0.025483779907227,126.30579376221,124.97515869141,-174.0888671875,-1.5042058229446,true,false,true,false,0,0,0.00071907043457031,-0.001582145690918
5418,SAMPLE,ALIGNING,false,1,45,0,0,0.17499625682831,-0.095483779907227,0.0,-0.07,0.17499625682831,-0.025483779907227,126.30579376221,124.97515869141,-174.0888671875,-1.5042058229446,true,false,true,false,0,0,0.0,0.0
5419,SAMPLE,ALIGNING,false,1,45,0,0,0.1751880645752,-0.09749698638916,0.0,-0.07,0.1751880645752,-0.02749698638916,126.2679901123,125.37420654297,-174.26866149902,-1.5058935880661,true,false,true,false,0,0,0.00019180774688721,-0.0020132064819336
5420,SAMPLE,ALIGNING,false,1,45,0,0,0.1751880645752,-0.09749698638916,0.0,-0.07,0.1751880645752,-0.02749698638916,126.2679901123,125.37420654297,-174.26866149902,-1.5058935880661,true,false,true,false,0,0,0.0,0.0
5421,SAMPLE,ALIGNING,false,1,45,0,0,0.17605090141296,-0.097784996032715,0.0,-0.07,0.17605090141296,-0.027784996032715,126.09733581543,125.42771148682,-175.12197875977,-1.5135117769241,true,false,true,false,0,0,0.00086283683776855,-0.00028800964355469
5422,SAMPLE,ALIGNING,false,1,45,0,0,0.17605090141296,-0.097784996032715,0.0,-0.07,0.17605090141296,-0.027784996032715,126.09733581543,125.42771148682,-175.12197875977,-1.5135117769241,true,false,true,false,0,0,0.0,0.0
5423,SAMPLE,ALIGNING,false,1,45,0,0,0.17825615406036,-0.098264217376709,0.0,-0.07,0.17825615406036,-0.028264217376709,125.66987609863,125.52388763428,-177.25852966309,-1.5325949192047,true,false,true,false,0,0,0.0022052526473999,-0.00047922134399414
5424,SAMPLE,ALIGNING,false,1,45,0,0,0.17825615406036,-0.098264217376709,0.0,-0.07,0.17825615406036,-0.028264217376709,125.66987609863,125.52388763428,-177.25852966309,-1.5325949192047,true,false,true,false,0,0,0.0,0.0
5425,SAMPLE,ALIGNING,false,1,45,0,0,0.17825615406036,-0.098264217376709,0.0,-0.07,0.17825615406036,-0.028264217376709,125.04718017578,125.70223999023,-180.365234375,-1.5603940486908,true,false,true,false,0,0,0.0,0.0
5426,SAMPLE,ALIGNING,false,1,45,0,0,0.18141996860504,-0.099174976348877,0.0,-0.07,0.18141996860504,-0.029174976348877,125.04718017578,125.70223999023,-180.365234375,-1.5603940486908,true,false,true,false,0,0,0.0031638145446777,-0.00091075897216797
5427,SAMPLE,ALIGNING,false,1,45,0,0,0.18141996860504,-0.099174976348877,0.0,-0.07,0.18141996860504,-0.029174976348877,125.04718017578,125.70223999023,-180.365234375,-1.5603940486908,true,false,true,false,0,0,0.0,0.0
5428,SAMPLE,ALIGNING,false,1,45,0,0,0.18544673919678,-0.10032558441162,0.0,-0.07,0.18544673919678,-0.030325584411621,124.2540435791,125.9351272583,-184.31384277344,-1.5958018302917,true,false,false,false,0,0,0.0040267705917358,-0.0011506080627441
5429,SAMPLE,ALIGNING,false,1,45,0,0,0.18544673919678,-0.10032558441162,0.0,-0.07,0.18544673919678,-0.030325584411621,124.2540435791,125.9351272583,-184.31384277344,-1.5958018302917,true,false,false,false,0,0,0.0,0.0
5430,SAMPLE,ALIGNING,false,1,45,0,0,0.1898090839386,-0.10257863998413,0.0,-0.07,0.1898090839386,-0.032578639984131,123.37890625,126.37233734131,-188.65397644043,-1.6348701715469,true,false,false,false,0,0,0.0043623447418213,-0.0022530555725098
5431,SAMPLE,ALIGNING,false,1,45,0,0,0.1898090839386,-0.10257863998413,0.0,-0.07,0.1898090839386,-0.032578639984131,123.37890625,126.37233734131,-188.65397644043,-1.6348701715469,true,false,false,false,0,0,0.0,0.0
5432,SAMPLE,ALIGNING,false,1,45,0,0,0.1946028470993,-0.10540676116943,0.0,-0.07,0.1946028470993,-0.035406761169434,122.44386291504,126.92544555664,-193.27423095703,-1.6766132116318,true,false,false,false,0,0,0.0047937631607056,-0.0028281211853027
5433,SAMPLE,ALIGNING,false,1,45,0,0,0.1946028470993,-0.10540676116943,0.0,-0.07,0.1946028470993,-0.035406761169434,122.44386291504,126.92544555664,-193.27423095703,-1.6766132116318,true,false,false,false,0,0,0.0,0.0
5434,SAMPLE,ALIGNING,false,1,45,0,0,0.19944441318512,-0.10866641998291,0.0,-0.07,0.19944441318512,-0.03866641998291,121.47145080566,127.55905151367,-198.060546875,-1.7200249433517,true,false,false,false,0,0,0.0048415660858154,-0.0032596588134766
5435,SAMPLE,ALIGNING,false,1,45,0,0,0.19944441318512,-0.10866641998291,0.0,-0.07,0.19944441318512,-0.03866641998291,121.47145080566,127.55905151367,-198.060546875,-1.7200249433517,true,false,false,false,0,0,0.0,0.0
5436,SAMPLE,ALIGNING,false,1,45,0,0,0.19944441318512,-0.10866641998291,0.0,-0.07,0.19944441318512,-0.03866641998291,121.47145080566,127.55905151367,-198.060546875,-1.7200249433517,true,false,false,false,0,0,0.0,0.0
5437,SAMPLE,ALIGNING,false,1,45,0,0,0.20438206195831,-0.11202239990234,0.0,-0.07,0.20438206195831,-0.042022399902344,120.49805450439,128.22999572754,-202.83255004883,-1.7634799480438,true,false,false,false,0,0,0.0049376487731934,-0.0033559799194336
5438,SAMPLE,ALIGNING,false,1,45,0,0,0.20438206195831,-0.11202239990234,0.0,-0.07,0.20438206195831,-0.042022399902344,120.49805450439,128.22999572754,-202.83255004883,-1.7634799480438,true,false,false,false,0,0,0.0,0.0
5439,SAMPLE,ALIGNING,false,1,45,0,0,0.21099746227264,-0.11676788330078,0.0,-0.07,0.21099746227264,-0.046767883300781,119.18041992188,129.15676879883,-209.26216125488,-1.8223029375076,true,false,false,false,0,0,0.0066154003143311,-0.0047454833984375
5440,SAMPLE,ALIGNING,false,1,45,0,0,0.21099746227264,-0.11676788330078,0.0,-0.07,0.21099746227264,-0.046767883300781,119.18041992188,129.15676879883,-209.26216125488,-1.8223029375076,true,false,false,false,0,0,0.0,0.0
5441,SAMPLE,ALIGNING,false,1,45,0,0,0.21540784835815,-0.11997985839844,0.0,-0.07,0.21540784835815,-0.049979858398437,118.30938720703,129.79251098633,-213.49223327637,-1.8611884117126,true,false,false,false,0,0,0.0044103860855103,-0.0032119750976563
5442,SAMPLE,ALIGNING,false,1,45,0,0,0.21540784835815,-0.11997985839844,0.0,-0.07,0.21540784835815,-0.049979858398437,118.30938720703,129.79251098633,-213.49223327637,-1.8611884117126,true,false,false,false,0,0,0.0,0.0
5443,SAMPLE,ALIGNING,false,1,45,0,0,0.21540784835815,-0.11997985839844,0.0,-0.07,0.21540784835815,-0.049979858398437,118.30938720703,129.79251098633,-213.49223327637,-1.8611884117126,true,false,false,false,0,0,0.0,0.0
5444,SAMPLE,ALIGNING,false,1,45,0,0,0.26722836494446,-0.1254448890686,0.0,-0.07,0.26722836494446,-0.055444889068604,107.82915496826,131.00415039063,-263.69467163086,-2.3290557861328,true,false,false,false,0,0,0.051820516586304,-0.005465030670166
5445,SAMPLE,ALIGNING,false,1,45,0,0,0.26722836494446,-0.1254448890686,0.0,-0.07,0.26722836494446,-0.055444889068604,107.82915496826,131.00415039063,-263.69467163086,-2.3290557861328,true,false,false,false,0,0,0.0,0.0
5446,SAMPLE,ALIGNING,false,1,45,0,0,0.26722836494446,-0.1254448890686,0.0,-0.07,0.26722836494446,-0.055444889068604,121.41444396973,128.138671875,-198.31820678711,-1.7225698232651,true,false,false,false,0,0,0.0,0.0
5447,SAMPLE,ALIGNING,false,1,45,0,0,0.1997321844101,-0.11159086227417,0.0,-0.07,0.1997321844101,-0.04159086227417,121.41444396973,128.138671875,-198.31820678711,-1.7225698232651,true,false,false,false,0,0,-0.067496180534363,0.013854026794434
5448,SAMPLE,ALIGNING,false,1,45,0,0,0.1997321844101,-0.11159086227417,0.0,-0.07,0.1997321844101,-0.04159086227417,121.41444396973,128.138671875,-198.31820678711,-1.7225698232651,true,false,false,false,0,0,0.0,0.0
5449,SAMPLE,ALIGNING,false,1,45,0,0,0.14863061904907,-0.10099697113037,0.0,-0.07,0.14863061904907,-0.030996971130371,131.46211242676,126.01936340332,-148.06030273438,-1.2740126848221,true,false,false,false,0,0,-0.051101565361023,0.010593891143799
5450,SAMPLE,ALIGNING,false,1,45,0,0,0.14863061904907,-0.10099697113037,0.0,-0.07,0.14863061904907,-0.030996971130371,131.46211242676,126.01936340332,-148.06030273438,-1.2740126848221,true,false,false,false,0,0,0.0,0.0
5451,SAMPLE,ALIGNING,false,1,45,0,0,0.11028051376343,-0.09294319152832,0.0,-0.07,0.11028051376343,-0.02294319152832,138.89338684082,124.45191955566,-110.0777130127,-0.94225978851318,true,false,true,false,0,0,-0.038350105285645,0.0080537796020508
5452,SAMPLE,ALIGNING,false,1,45,0,0,0.11028051376343,-0.09294319152832,0.0,-0.07,0.11028051376343,-0.02294319152832,138.89338684082,124.45191955566,-110.0777130127,-0.94225978851318,true,false,true,false,0,0,0.0,0.0
5453,SAMPLE,ALIGNING,false,1,45,0,0,0.081709623336792,-0.08699893951416,0.0,-0.07,0.081709623336792,-0.01699893951416,144.38954162598,123.29264068604,-81.647903442383,-0.69689536094666,true,false,true,false,0,0,-0.028570890426636,0.0059442520141602
5454,SAMPLE,ALIGNING,false,1,45,0,0,0.081709623336792,-0.08699893951416,0.0,-0.07,0.081709623336792,-0.01699893951416,144.38954162598,123.29264068604,-81.647903442383,-0.69689536094666,true,false,true,false,0,0,0.0,0.0
5455,SAMPLE,ALIGNING,false,1,45,0,0,0.081709623336792,-0.08699893951416,0.0,-0.07,0.081709623336792,-0.01699893951416,144.38954162598,123.29264068604,-81.647903442383,-0.69689536094666,true,false,true,false,0,0,0.0,0.0
5456,SAMPLE,ALIGNING,false,1,45,0,0,0.05203640460968,-0.080718994140625,0.0,-0.07,0.05203640460968,-0.010718994140625,150.0708770752,122.0943069458,-52.04061126709,-0.44326451420784,true,false,true,false,0,0,-0.029673218727112,0.0062799453735352
5457,SAMPLE,ALIGNING,false,1,45,0,0,0.05203640460968,-0.080718994140625,0.0,-0.07,0.05203640460968,-0.010718994140625,150.0708770752,122.0943069458,-52.04061126709,-0.44326451420784,true,false,true,false,0,0,0.0,0.0
5458,SAMPLE,ALIGNING,false,1,45,0,0,0.038517951965332,-0.077890872955322,0.0,-0.07,0.038517951965332,-0.0078908729553223,152.65641784668,121.54895019531,-38.513935089111,-0.32783845067024,true,false,true,false,0,0,-0.013518452644348,0.0028281211853027
5459,SAMPLE,ALIGNING,false,1,45,0,0,0.038517951965332,-0.077890872955322,0.0,-0.07,0.038517951965332,-0.0078908729553223,152.65641784668,121.54895019531,-38.513935089111,-0.32783845067024,true,false,true,false,0,0,0.0,0.0
5460,SAMPLE,ALIGNING,false,1,45,0,0,0.038517951965332,-0.077890872955322,0.0,-0.07,0.038517951965332,-0.0078908729553223,152.65641784668,121.54895019531,-38.513935089111,-0.32783845067024,true,false,true,false,0,0,0.0,0.0
5461,SAMPLE,ALIGNING,false,1,45,0,0,0.028451085090637,-0.075733661651611,0.0,-0.07,0.028451085090637,-0.0057336616516113,154.56867980957,121.14559936523,-28.494945526123,-0.24246934056282,true,false,true,false,0,0,-0.010066866874695,0.0021572113037109
5462,SAMPLE,ALIGNING,false,1,45,0,0,0.028451085090637,-0.075733661651611,0.0,-0.07,0.028451085090637,-0.0057336616516113,154.56867980957,121.14559936523,-28.494945526123,-0.24246934056282,true,false,true,false,0,0,0.0,0.0
5463,SAMPLE,ALIGNING,false,1,45,0,0,0.021020650863647,-0.074199676513672,0.0,-0.07,0.021020650863647,-0.0041996765136719,155.98300170898,120.84729003906,-21.07887840271,-0.17933031916618,true,false,true,false,0,0,-0.0074304342269897,0.0015339851379395
5464,SAMPLE,ALIGNING,false,1,45,0,0,0.021020650863647,-0.074199676513672,0.0,-0.07,0.021020650863647,-0.0041996765136719,155.98300170898,120.84729003906,-21.07887840271,-0.17933031916618,true,false,true,false,0,0,0.0,0.0
5465,SAMPLE,ALIGNING,false,1,44,1,0,0.015507817268372,-0.073049068450928,0.0,-0.07,0.015507817268372,-0.0030490684509277,157.0290222168,120.62665557861,-15.59160900116,-0.1326327174902,false,true,true,true,0,0,-0.0055128335952759,0.0011506080627441
5466,SAMPLE,ALIGNING,false,1,43,2,0,0.015507817268372,-0.073049068450928,0.0,-0.07,0.015507817268372,-0.0030490684509277,157.0290222168,120.62665557861,-15.59160900116,-0.1326327174902,false,true,true,true,0,0,0.0,0.0
5467,SAMPLE,ALIGNING,false,1,42,3,0,0.015507817268372,-0.073049068450928,0.0,-0.07,0.015507817268372,-0.0030490684509277,157.0290222168,120.62665557861,-15.59160900116,-0.1326327174902,false,true,true,true,0,0,0.0,0.0
5468,SAMPLE,ALIGNING,false,1,41,4,0,0.011481046676636,-0.07218599319458,0.0,-0.07,0.011481046676636,-0.0021859931945801,157.80267333984,120.46347045898,-11.532172203064,-0.098095163702965,false,true,true,true,0,0,-0.0040267705917358,0.00086307525634766
5469,STABLE,STABLE,false,1,40,5,0,0.011481046676636,-0.07218599319458,0.0,-0.07,0.011481046676636,-0.0021859931945801,157.80267333984,120.46347045898,-11.532172203064,-0.098095163702965,false,true,true,true,0,0,0.0,0.0
5470,SAMPLE,STABLE,false,1,45,6,0,0.0072625875473022,-0.071275234222412,0.0,-0.07,0.0072625875473022,-0.0012752342224121,158.60237121582,120.29479217529,-7.3354425430298,-0.062394019216299,false,true,true,true,0,0,-0.0042184591293335,0.00091075897216797
5471,SAMPLE,STABLE,false,1,45,7,0,0.0072625875473022,-0.071275234222412,0.0,-0.07,0.0072625875473022,-0.0012752342224121,158.60237121582,120.29479217529,-7.3354425430298,-0.062394019216299,false,true,true,true,0,0,0.0,0.0
5472,SAMPLE,STABLE,false,1,45,8,0,0.0072625875473022,-0.071275234222412,0.0,-0.07,0.0072625875473022,-0.0012752342224121,158.60237121582,120.29479217529,-7.3354425430298,-0.062394019216299,false,true,true,true,0,0,0.0,0.0
5473,SAMPLE,STABLE,false,1,45,9,0,0.0045781135559082,-0.070747852325439,0.0,-0.07,0.0045781135559082,-0.00074785232543945,159.11103820801,120.18750762939,-4.6657862663269,-0.039686094969511,false,true,true,true,0,0,-0.002684473991394,0.00052738189697266
5474,SAMPLE,STABLE,false,1,45,10,0,0.0045781135559082,-0.070747852325439,0.0,-0.07,0.0045781135559082,-0.00074785232543945,159.11103820801,120.18750762939,-4.6657862663269,-0.039686094969511,false,true,true,true,0,0,0.0,0.0
5475,SAMPLE,STABLE,false,1,45,11,0,0.0033795833587646,-0.070460319519043,0.0,-0.07,0.0033795833587646,-0.00046031951904296,159.34251403809,120.13867950439,-3.4508845806122,-0.029351836070418,false,true,true,true,0,0,-0.0011985301971436,0.00028753280639648
5476,SAMPLE,STABLE,false,1,45,12,0,0.0033795833587646,-0.070460319519043,0.0,-0.07,0.0033795833587646,-0.00046031951904296,159.34251403809,120.13867950439,-3.4508845806122,-0.029351836070418,false,true,true,true,0,0,0.0,0.0
5477,SAMPLE,STABLE,false,1,45,13,0,0.0033795833587646,-0.070460319519043,0.0,-0.07,0.0033795833587646,-0.00046031951904296,159.34251403809,120.13867950439,-3.4508845806122,-0.029351836070418,false,true,true,true,0,0,0.0,0.0
5478,SAMPLE,STABLE,false,1,45,14,0,0.0024687051773071,-0.070268630981445,0.0,-0.07,0.0024687051773071,-0.00026863098144531,159.51373291016,120.10256958008,-2.5522315502167,-0.021708618849516,false,true,true,true,0,0,-0.00091087818145752,0.00019168853759766
5479,SAMPLE,STABLE,false,1,45,15,0,0.0024687051773071,-0.070268630981445,0.0,-0.07,0.0024687051773071,-0.00026863098144531,159.51373291016,120.10256958008,-2.5522315502167,-0.021708618849516,false,true,true,true,0,0,0.0,0.0
5480,ALIGNING,ALIGNING,false,1,45,0,0,0.09302294254303,-0.070124626159668,0.0,-0.07,0.09302294254303,-0.00012462615966796,142.22138977051,120.06523895264,-92.909858703613,-0.79368793964386,true,false,true,false,0,0,0.090554237365723,0.00014400482177734
5481,SAMPLE,ALIGNING,false,1,45,0,0,0.09302294254303,-0.070124626159668,0.0,-0.07,0.09302294254303,-0.00012462615966796,142.22138977051,120.06523895264,-92.909858703613,-0.79368793964386,true,false,true,false,0,0,0.0,0.0
5482,SAMPLE,ALIGNING,false,1,45,0,0,0.09302294254303,-0.070124626159668,0.0,-0.07,0.09302294254303,-0.00012462615966796,142.22138977051,120.06523895264,-92.909858703613,-0.79368793964386,true,false,true,false,0,0,0.0,0.0
5483,SAMPLE,ALIGNING,false,1,45,0,0,0.14987695217133,-0.069981098175049,0.0,-0.07,0.14987695217133,1.8901824951179e-05,131.22250366211,120.04149627686,-149.34866333008,-1.2847100496292,true,false,true,false,0,0,0.056854009628296,0.00014352798461914
5484,SAMPLE,ALIGNING,false,1,45,0,0,0.14987695217133,-0.069981098175049,0.0,-0.07,0.14987695217133,1.8901824951179e-05,131.22250366211,120.04149627686,-149.34866333008,-1.2847100496292,true,false,true,false,0,0,0.0,0.0
5485,SAMPLE,ALIGNING,false,1,45,0,0,0.17571532726288,-0.07443904876709,0.0,-0.07,0.17571532726288,-0.0044390487670898,126.17027282715,120.90658569336,-174.82356262207,-1.5102555751801,true,false,true,false,0,0,0.025838375091553,-0.004457950592041
5486,SAMPLE,ALIGNING,false,1,45,0,0,0.17571532726288,-0.07443904876709,0.0,-0.07,0.17571532726288,-0.0044390487670898,126.17027282715,120.90658569336,-174.82356262207,-1.5102555751801,true,false,true,false,0,0,0.0,0.0
5487,SAMPLE,ALIGNING,false,1,45,0,0,0.19695174694061,-0.076308727264404,0.0,-0.07,0.19695174694061,-0.0063087272644043,121.97248840332,121.27526092529,-195.72779846191,-1.6976571083069,true,false,true,false,0,0,0.021236419677734,-0.0018696784973145
5488,SAMPLE,ALIGNING,false,1,45,0,0,0.19695174694061,-0.076308727264404,0.0,-0.07,0.19695174694061,-0.0063087272644043,121.97248840332,121.27526092529,-195.72779846191,-1.6976571083069,true,false,true,false,0,0,0.0,0.0
5489,SAMPLE,ALIGNING,false,1,45,0,0,0.19695174694061,-0.076308727264404,0.0,-0.07,0.19695174694061,-0.0063087272644043,121.97248840332,121.27526092529,-195.72779846191,-1.6976571083069,true,false,true,false,0,0,0.0,0.0
5490,SAMPLE,ALIGNING,false,1,45,0,0,0.21497631072998,-0.076404571533203,0.0,-0.07,0.21497631072998,-0.0064045715332031,118.38812255859,121.296043396,-213.37112426758,-1.857673406601,true,false,true,false,0,0,0.018024563789368,-9.5844268798828e-05
5491,SAMPLE,ALIGNING,false,1,45,0,0,0.21497631072998,-0.076404571533203,0.0,-0.07,0.21497631072998,-0.0064045715332031,118.38812255859,121.296043396,-213.37112426758,-1.857673406601,true,false,true,false,0,0,0.0,0.0
5492,SAMPLE,ALIGNING,false,1,45,0,0,0.23630857467651,-0.075302124023438,0.0,-0.07,0.23630857467651,-0.0053021240234375,114.10991668701,121.09326171875,-234.16020202637,-2.0486645698547,true,false,true,false,0,0,0.021332263946533,0.0011024475097656
5493,SAMPLE,ALIGNING,false,1,45,0,0,0.23630857467651,-0.075302124023438,0.0,-0.07,0.23630857467651,-0.0053021240234375,114.10991668701,121.09326171875,-234.16020202637,-2.0486645698547,true,false,true,false,0,0,0.0,0.0
5494,SAMPLE,ALIGNING,false,1,45,0,0,0.23630857467651,-0.075302124023438,0.0,-0.07,0.23630857467651,-0.0053021240234375,114.10991668701,121.09326171875,-234.16020202637,-2.0486645698547,true,false,true,false,0,0,0.0,0.0
5495,SAMPLE,ALIGNING,false,1,45,0,0,0.24838888645172,-0.07439136505127,0.0,-0.07,0.24838888645172,-0.0043913650512695,111.67124938965,120.90829467773,-245.87063598633,-2.1575336456299,true,false,true,false,0,0,0.012080311775208,0.00091075897216797
5496,SAMPLE,ALIGNING,false,1,45,0,0,0.24838888645172,-0.07439136505127,0.0,-0.07,0.24838888645172,-0.0043913650512695,111.67124938965,120.90829467773,-245.87063598633,-2.1575336456299,true,false,true,false,0,0,0.0,0.0
5497,SAMPLE,ALIGNING,false,1,45,0,0,0.25840783119202,-0.073863983154297,0.0,-0.07,0.25840783119202,-0.0038639831542969,109.63848876953,120.80973815918,-255.55018615723,-2.2482821941376,true,false,true,false,0,0,0.010018944740295,0.00052738189697266
5498,SAMPLE,ALIGNING,false,1,45,0,0,0.25840783119202,-0.073863983154297,0.0,-0.07,0.25840783119202,-0.0038639831542969,109.63848876953,120.80973815918,-255.55018615723,-2.2482821941376,true,false,true,false,0,0,0.0,0.0
5499,SAMPLE,ALIGNING,false,1,45,0,0,0.26727628707886,-0.073816299438477,0.0,-0.07,0.26727628707886,-0.0038162994384766,107.82559204102,120.79606628418,-264.11819458008,-2.3292150497437,true,false,true,false,0,0,0.0088684558868408,4.7683715820313e-05
5500,SAMPLE,ALIGNING,false,1,45,0,0,0.26727628707886,-0.073816299438477,0.0,-0.07,0.26727628707886,-0.0038162994384766,107.82559204102,120.79606628418,-264.11819458008,-2.3292150497437,true,false,true,false,0,0,0.0,0.0
5501,SAMPLE,ALIGNING,false,1,45,0,0,0.27480244636536,-0.074151515960693,0.0,-0.07,0.27480244636536,-0.0041515159606934,106.27879333496,120.86867523193,-271.37899780273,-2.3982682228088,true,false,true,false,0,0,0.007526159286499,-0.0003352165222168
5502,SAMPLE,ALIGNING,false,1,45,0,0,0.27480244636536,-0.074151515960693,0.0,-0.07,0.27480244636536,-0.0041515159606934,106.27879333496,120.86867523193,-271.37899780273,-2.3982682228088,true,false,true,false,0,0,0.0,0.0
5503,SAMPLE,ALIGNING,false,1,45,0,0,0.27480244636536,-0.074151515960693,0.0,-0.07,0.27480244636536,-0.0041515159606934,106.27879333496,120.86867523193,-271.37899780273,-2.3982682228088,true,false,true,false,0,0,0.0,0.0
5504,SAMPLE,ALIGNING,false,1,45,0,0,0.28328740596771,-0.07506275177002,0.0,-0.07,0.28328740596771,-0.0050627517700195,104.53282165527,121.04995727539,-279.51867675781,-2.4762134552002,true,false,true,false,0,0,0.008484959602356,-0.00091123580932617
5505,SAMPLE,ALIGNING,false,1,45,0,0,0.28328740596771,-0.07506275177002,0.0,-0.07,0.28328740596771,-0.0050627517700195,104.53282165527,121.04995727539,-279.51867675781,-2.4762134552002,true,false,true,false,0,0,0.0,0.0
5506,SAMPLE,ALIGNING,false,1,45,0,0,0.28880023956299,-0.07587718963623,0.0,-0.07,0.28880023956299,-0.0058771896362305,103.38961791992,121.22336578369,-284.81527709961,-2.5272493362427,true,false,true,false,0,0,0.0055128335952759,-0.00081443786621094
5507,SAMPLE,ALIGNING,false,1,45,0,0,0.28880023956299,-0.07587718963623,0.0,-0.07,0.28880023956299,-0.0058771896362305,103.38961791992,121.22336578369,-284.81527709961,-2.5272493362427,true,false,true,false,0,0,0.0,0.0
5508,SAMPLE,ALIGNING,false,1,45,0,0,0.28880023956299,-0.07587718963623,0.0,-0.07,0.28880023956299,-0.0058771896362305,103.38961791992,121.22336578369,-284.81527709961,-2.5272493362427,true,false,true,false,0,0,0.0,0.0
5509,SAMPLE,ALIGNING,false,1,45,0,0,0.29599094390869,-0.077171802520752,0.0,-0.07,0.29599094390869,-0.0071718025207519,101.89144134521,121.47583770752,-291.71643066406,-2.5941324234009,true,false,true,false,0,0,0.0071907043457031,-0.0012946128845215
5510,SAMPLE,ALIGNING,false,1,45,0,0,0.29599094390869,-0.077171802520752,0.0,-0.07,0.29599094390869,-0.0071718025207519,101.89144134521,121.47583770752,-291.71643066406,-2.5941324234009,true,false,true,false,0,0,0.0,0.0
5511,SAMPLE,ALIGNING,false,1,45,0,0,0.30164766311646,-0.078274250030518,0.0,-0.07,0.30164766311646,-0.0082742500305176,100.71078491211,121.69898986816,-297.12243652344,-2.64684009552,true,false,true,false,0,0,0.0056567192077637,-0.0011024475097656
5512,SAMPLE,ALIGNING,false,1,45,0,0,0.30164766311646,-0.078274250030518,0.0,-0.07,0.30164766311646,-0.0082742500305176,100.71078491211,121.69898986816,-297.12243652344,-2.64684009552,true,false,true,false,0,0,0.0,0.0
5513,SAMPLE,ALIGNING,false,1,45,0,0,0.30164766311646,-0.078274250030518,0.0,-0.07,0.30164766311646,-0.0082742500305176,100.71078491211,121.69898986816,-297.12243652344,-2.64684009552,true,false,true,false,0,0,0.0,0.0
5514,SAMPLE,ALIGNING,false,1,45,0,0,0.30744802951813,-0.079424858093262,0.0,-0.07,0.30744802951813,-0.0094248580932617,99.490356445313,121.92966461182,-302.68011474609,-2.7013235092163,true,false,true,false,0,0,0.0058003664016724,-0.0011506080627441
5515,SAMPLE,ALIGNING,false,1,45,0,0,0.30744802951813,-0.079424858093262,0.0,-0.07,0.30744802951813,-0.0094248580932617,99.490356445313,121.92966461182,-302.68011474609,-2.7013235092163,true,false,true,false,0,0,0.0,0.0
5516,SAMPLE,ALIGNING,false,1,45,0,0,0.31008458137512,-0.079952239990234,0.0,-0.07,0.31008458137512,-0.0099522399902344,98.934951782227,122.03464508057,-305.19906616211,-2.7261185646057,true,false,true,false,0,0,0.0026365518569946,-0.00052738189697266
5517,SAMPLE,ALIGNING,false,1,45,0,0,0.31008458137512,-0.079952239990234,0.0,-0.07,0.31008458137512,-0.0099522399902344,98.934951782227,122.03464508057,-305.19906616211,-2.7261185646057,true,false,true,false,0,0,0.0,0.0
5518,SAMPLE,ALIGNING,false,1,45,0,0,0.31008458137512,-0.079952239990234,0.0,-0.07,0.31008458137512,-0.0099522399902344,98.934951782227,122.03464508057,-305.19906616211,-2.7261185646057,true,false,true,false,0,0,0.0,0.0
5519,SAMPLE,ALIGNING,false,1,45,0,0,0.23271322250366,-0.077411651611328,0.0,-0.07,0.23271322250366,-0.0074116516113281,114.83628845215,121.50482177734,-230.64924621582,-2.0162372589111,true,false,true,false,0,0,-0.07737135887146,0.0025405883789063
5520,SAMPLE,ALIGNING,false,1,45,0,0,0.23271322250366,-0.077411651611328,0.0,-0.07,0.23271322250366,-0.0074116516113281,114.83628845215,121.50482177734,-230.64924621582,-2.0162372589111,true,false,true,false,0,0,0.0,0.0
5521,SAMPLE,ALIGNING,false,1,45,0,0,0.17351019382477,-0.075493812561035,0.0,-0.07,0.17351019382477,-0.0054938125610351,126.59691619873,121.11296844482,-172.68395996094,-1.4912091493607,true,false,true,false,0,0,-0.059203028678894,0.001917839050293
5522,SAMPLE,ALIGNING,false,1,45,0,0,0.17351019382477,-0.075493812561035,0.0,-0.07,0.17351019382477,-0.0054938125610351,126.59691619873,121.11296844482,-172.68395996094,-1.4912091493607,true,false,true,false,0,0,0.0,0.0
5523,SAMPLE,ALIGNING,false,1,45,0,0,0.12892818450928,-0.074055671691895,0.0,-0.07,0.12892818450928,-0.0040556716918945,135.29507446289,120.82315063477,-128.58950805664,-1.1028983592987,true,false,true,false,0,0,-0.044582009315491,0.0014381408691406
5524,SAMPLE,ALIGNING,false,1,45,0,0,0.12892818450928,-0.074055671691895,0.0,-0.07,0.12892818450928,-0.0040556716918945,135.29507446289,120.82315063477,-128.58950805664,-1.1028983592987,true,false,true,false,0,0,0.0,0.0
5525,SAMPLE,ALIGNING,false,1,45,0,0,0.095563650131226,-0.072953224182129,0.0,-0.07,0.095563650131226,-0.0029532241821289,141.7282409668,120.60880279541,-95.46337890625,-0.81570363044739,true,false,true,false,0,0,-0.033364534378052,0.0011024475097656
5526,SAMPLE,ALIGNING,false,1,45,0,0,0.095563650131226,-0.072953224182129,0.0,-0.07,0.095563650131226,-0.0029532241821289,141.7282409668,120.60880279541,-95.46337890625,-0.81570363044739,true,false,true,false,0,0,0.0,0.0
5527,SAMPLE,ALIGNING,false,1,45,0,0,0.095563650131226,-0.072953224182129,0.0,-0.07,0.095563650131226,-0.0029532241821289,141.7282409668,120.60880279541,-95.46337890625,-0.81570363044739,true,false,true,false,0,0,0.0,0.0
5528,SAMPLE,ALIGNING,false,1,45,0,0,0.060904741287231,-0.071802616119385,0.0,-0.07,0.060904741287231,-0.0018026161193848,148.37814331055,120.38722991943,-60.885631561279,-0.51883322000504,true,false,true,false,0,0,-0.034658908843994,0.0011506080627441
5529,SAMPLE,ALIGNING,false,1,45,0,0,0.060904741287231,-0.071802616119385,0.0,-0.07,0.060904741287231,-0.0018026161193848,148.37814331055,120.38722991943,-60.885631561279,-0.51883322000504,true,false,true,false,0,0,0.0,0.0
5530,SAMPLE,ALIGNING,false,1,45,0,0,0.045037388801575,-0.071275234222412,0.0,-0.07,0.045037388801575,-0.0012752342224121,151.40446472168,120.28639984131,-45.068962097168,-0.38372907042503,true,false,true,false,0,0,-0.015867352485657,0.00052738189697266
5531,SAMPLE,ALIGNING,false,1,45,0,0,0.045037388801575,-0.071275234222412,0.0,-0.07,0.045037388801575,-0.0012752342224121,151.40446472168,120.28639984131,-45.068962097168,-0.38372907042503,true,false,true,false,0,0,0.0,0.0
5532,SAMPLE,ALIGNING,false,1,45,0,0,0.033292651176453,-0.070843696594238,0.0,-0.07,0.033292651176453,-0.00084369659423827,153.64274597168,120.21182250977,-33.348342895508,-0.2838060259819,true,false,true,false,0,0,-0.011744737625122,0.00043153762817383
5533,SAMPLE,ALIGNING,false,1,45,0,0,0.033292651176453,-0.070843696594238,0.0,-0.07,0.033292651176453,-0.00084369659423827,153.64274597168,120.21182250977,-33.348342895508,-0.2838060259819,true,false,true,false,0,0,0.0,0.0
5534,SAMPLE,ALIGNING,false,1,45,0,0,0.033292651176453,-0.070843696594238,0.0,-0.07,0.033292651176453,-0.00084369659423827,155.29817199707,120.1566619873,-24.670673370361,-0.20990294218063,true,false,true,false,0,0,0.0,0.0
5535,SAMPLE,ALIGNING,false,1,45,0,0,0.024616003036499,-0.070556163787842,0.0,-0.07,0.024616003036499,-0.00055616378784179,155.29817199707,120.1566619873,-24.670673370361,-0.20990294218063,true,false,true,false,0,0,-0.0086766481399536,0.00028753280639648
5536,SAMPLE,ALIGNING,false,1,45,0,0,0.024616003036499,-0.070556163787842,0.0,-0.07,0.024616003036499,-0.00055616378784179,155.29817199707,120.1566619873,-24.670673370361,-0.20990294218063,true,false,true,false,0,0,0.0,0.0
5537,SAMPLE,ALIGNING,false,1,44,1,0,0.018192291259766,-0.070364475250244,0.0,-0.07,0.018192291259766,-0.00036447525024413,156.52253723145,120.11586761475,-18.248901367188,-0.1552442163229,false,true,true,true,0,0,-0.0064237117767334,0.00019168853759766
5538,SAMPLE,ALIGNING,false,1,43,2,0,0.018192291259766,-0.070364475250244,0.0,-0.07,0.018192291259766,-0.00036447525024413,156.52253723145,120.11586761475,-18.248901367188,-0.1552442163229,false,true,true,true,0,0,0.0,0.0
5539,SAMPLE,ALIGNING,false,1,42,3,0,0.013446569442749,-0.070172786712646,0.0,-0.07,0.013446569442749,-0.00017278671264648,157.42807006836,120.08569335938,-13.497900009155,-0.11481862515211,false,true,true,true,0,0,-0.0047457218170166,0.00019168853759766
5540,SAMPLE,ALIGNING,false,1,41,4,0,0.013446569442749,-0.070172786712646,0.0,-0.07,0.013446569442749,-0.00017278671264648,157.42807006836,120.08569335938,-13.497900009155,-0.11481862515211,false,true,true,true,0,0,0.0,0.0
5541,STABLE,STABLE,false,1,40,5,0,0.0099470615386963,-0.070076942443848,0.0,-0.07,0.0099470615386963,-7.694244384765e-05,158.0977935791,120.06337738037,-9.9834957122803,-0.084919854998589,false,true,true,true,0,0,-0.0034995079040527,9.5844268798828e-05
5542,SAMPLE,STABLE,false,1,45,6,0,0.0099470615386963,-0.070076942443848,0.0,-0.07,0.0099470615386963,-7.694244384765e-05,158.0977935791,120.06337738037,-9.9834957122803,-0.084919854998589,false,true,true,true,0,0,0.0,0.0
5543,SAMPLE,STABLE,false,1,45,7,0,0.0073105096817017,-0.070028781890869,0.0,-0.07,0.0073105096817017,-2.8781890869134e-05,158.59312438965,120.046875,-7.3839797973633,-0.062806725502014,false,true,true,true,0,0,-0.0026365518569946,4.8160552978516e-05
5544,SAMPLE,STABLE,false,1,45,8,0,0.0073105096817017,-0.070028781890869,0.0,-0.07,0.0073105096817017,-2.8781890869134e-05,158.59312438965,120.046875,-7.3839797973633,-0.062806725502014,false,true,true,true,0,0,0.0,0.0
5545,SAMPLE,STABLE,false,1,45,9,0,0.0073105096817017,-0.070028781890869,0.0,-0.07,0.0073105096817017,-2.8781890869134e-05,158.59312438965,120.046875,-7.3839797973633,-0.062806725502014,false,true,true,true,0,0,0.0,0.0
5546,SAMPLE,STABLE,false,1,45,10,0,0.0053930282592773,-0.06993293762207,0.0,-0.07,0.0053930282592773,6.7062377929694e-05,158.95947265625,120.03466796875,-5.4612703323364,-0.046451855450869,false,true,true,true,0,0,-0.0019174814224243,9.5844268798828e-05
5547,SAMPLE,STABLE,false,1,45,11,0,0.0053930282592773,-0.06993293762207,0.0,-0.07,0.0053930282592773,6.7062377929694e-05,158.95947265625,120.03466796875,-5.4612703323364,-0.046451855450869,false,true,true,true,0,0,0.0,0.0
5548,SAMPLE,STABLE,false,1,45,12,0,0.0033795833587646,-0.069837093353271,0.0,-0.07,0.0033795833587646,0.00016290664672852,159.3381652832,120.0220489502,-3.4737102985382,-0.029545983299613,false,true,true,true,0,0,-0.0020134449005127,9.5844268798828e-05
5549,SAMPLE,STABLE,false,1,45,13,0,0.0033795833587646,-0.069837093353271,0.0,-0.07,0.0033795833587646,0.00016290664672852,159.3381652832,120.0220489502,-3.4737102985382,-0.029545983299613,false,true,true,true,0,0,0.0,0.0
5550,ALIGNING,ALIGNING,false,1,45,0,0,0.067999601364136,-0.069837093353271,0.0,-0.07,0.067999601364136,0.00016290664672852,147.0113067627,120.01631164551,-68.015083312988,-0.5798522233963,true,false,true,false,0,0,0.064620018005371,0.0
5551,SAMPLE,ALIGNING,false,1,45,0,0,0.067999601364136,-0.069837093353271,0.0,-0.07,0.067999601364136,0.00016290664672852,147.0113067627,120.01631164551,-68.015083312988,-0.5798522233963,true,false,true,false,0,0,0.0,0.0
5552,SAMPLE,ALIGNING,false,1,45,0,0,0.067999601364136,-0.069837093353271,0.0,-0.07,0.067999601364136,0.00016290664672852,147.0113067627,120.01631164551,-68.015083312988,-0.5798522233963,true,false,true,false,0,0,0.0,0.0
5553,SAMPLE,ALIGNING,false,1,45,0,0,0.17614674568176,-0.086903095245361,0.0,-0.07,0.17614674568176,-0.016903095245361,126.07600402832,123.31955718994,-175.2718963623,-1.5144640207291,true,false,true,false,0,0,0.10814714431763,-0.01706600189209
5554,SAMPLE,ALIGNING,false,1,45,0,0,0.17614674568176,-0.086903095245361,0.0,-0.07,0.17614674568176,-0.016903095245361,126.07600402832,123.31955718994,-175.2718963623,-1.5144640207291,true,false,true,false,0,0,0.0,0.0
5555,SAMPLE,ALIGNING,false,1,45,0,0,0.17629075050354,-0.093806266784668,0.0,-0.07,0.17629075050354,-0.023806266784668,126.04620361328,124.6561050415,-175.39617919922,-1.515794634819,true,false,true,false,0,0,0.00014400482177734,-0.0069031715393066
5556,SAMPLE,ALIGNING,false,1,45,0,0,0.17629075050354,-0.093806266784668,0.0,-0.07,0.17629075050354,-0.023806266784668,126.04620361328,124.6561050415,-175.39617919922,-1.515794634819,true,false,true,false,0,0,0.0,0.0
5557,SAMPLE,ALIGNING,false,1,45,0,0,0.17629075050354,-0.093806266784668,0.0,-0.07,0.17629075050354,-0.023806266784668,126.04620361328,124.6561050415,-175.39617919922,-1.515794634819,true,false,true,false,0,0,0.0,0.0
5558,SAMPLE,ALIGNING,false,1,45,0,0,0.17710566520691,-0.099654197692871,0.0,-0.07,0.17710566520691,-0.029654197692871,125.89277648926,125.79204559326,-176.1363067627,-1.5226439237595,true,false,true,false,0,0,0.00081491470336914,-0.0058479309082031
5559,SAMPLE,ALIGNING,false,1,45,0,0,0.17710566520691,-0.099654197692871,0.0,-0.07,0.17710566520691,-0.029654197692871,125.89277648926,125.79204559326,-176.1363067627,-1.5226439237595,true,false,true,false,0,0,0.0,0.0
5560,SAMPLE,ALIGNING,false,1,45,0,0,0.17825615406036,-0.10468769073486,0.0,-0.07,0.17825615406036,-0.034687690734863,125.66970825195,126.76505279541,-177.2233581543,-1.5326026678085,true,false,false,false,0,0,0.0011504888534546,-0.0050334930419922
5561,SAMPLE,ALIGNING,false,1,45,0,0,0.17825615406036,-0.10468769073486,0.0,-0.07,0.17825615406036,-0.034687690734863,125.66970825195,126.76505279541,-177.2233581543,-1.5326026678085,true,false,false,false,0,0,0.0,0.0
5562,SAMPLE,ALIGNING,false,1,45,0,0,0.17955040931702,-0.10900211334229,0.0,-0.07,0.17955040931702,-0.039002113342285,125.41413116455,127.60422515869,-178.47216796875,-1.5440121889114,true,false,false,false,0,0,0.0012942552566528,-0.0043144226074219
5563,SAMPLE,ALIGNING,false,1,45,0,0,0.17955040931702,-0.10900211334229,0.0,-0.07,0.17955040931702,-0.039002113342285,125.41413116455,127.60422515869,-178.47216796875,-1.5440121889114,true,false,false,false,0,0,0.0,0.0
5564,SAMPLE,ALIGNING,false,1,45,0,0,0.18103647232056,-0.11278915405273,0.0,-0.07,0.18103647232056,-0.042789154052734,125.11859130859,128.33319091797,-179.92024230957,-1.5572057962418,true,false,false,false,0,0,0.00148606300354,-0.0037870407104492
5565,SAMPLE,ALIGNING,false,1,45,0,0,0.18103647232056,-0.11278915405273,0.0,-0.07,0.18103647232056,-0.042789154052734,125.11859130859,128.33319091797,-179.92024230957,-1.5572057962418,true,false,false,false,0,0,0.0,0.0
5566,SAMPLE,ALIGNING,false,1,45,0,0,0.18103647232056,-0.11278915405273,0.0,-0.07,0.18103647232056,-0.042789154052734,124.80795288086,128.98190307617,-181.44290161133,-1.5710735321045,true,false,false,false,0,0,0.0,0.0
5567,SAMPLE,ALIGNING,false,1,45,0,0,0.1826183795929,-0.11609697341919,0.0,-0.07,0.1826183795929,-0.046096973419189,124.80795288086,128.98190307617,-181.44290161133,-1.5710735321045,true,false,false,false,0,0,0.0015819072723389,-0.0033078193664551
5568,SAMPLE,ALIGNING,false,1,45,0,0,0.1826183795929,-0.11609697341919,0.0,-0.07,0.1826183795929,-0.046096973419189,124.80795288086,128.98190307617,-181.44290161133,-1.5710735321045,true,false,false,false,0,0,0.0,0.0
5569,SAMPLE,ALIGNING,false,1,45,0,0,0.18429625034332,-0.11921310424805,0.0,-0.07,0.18429625034332,-0.049213104248047,124.47566223145,129.58340454102,-183.07177734375,-1.5859081745148,true,false,false,false,0,0,0.0016778707504272,-0.0031161308288574
5570,SAMPLE,ALIGNING,false,1,45,0,0,0.18429625034332,-0.11921310424805,0.0,-0.07,0.18429625034332,-0.049213104248047,124.47566223145,129.58340454102,-183.07177734375,-1.5859081745148,true,false,false,false,0,0,0.0,0.0
5571,SAMPLE,ALIGNING,false,1,45,0,0,0.18602204322815,-0.12213706970215,0.0,-0.07,0.18602204322815,-0.052137069702148,124.12733459473,130.15548706055,-184.7781829834,-1.6014584302902,true,false,false,false,0,0,0.0017257928848267,-0.0029239654541016
5572,SAMPLE,ALIGNING,false,1,45,0,0,0.18602204322815,-0.12213706970215,0.0,-0.07,0.18602204322815,-0.052137069702148,124.12733459473,130.15548706055,-184.7781829834,-1.6014584302902,true,false,false,false,0,0,0.0,0.0
5573,SAMPLE,ALIGNING,false,1,45,0,0,0.18798744678497,-0.12501335144043,0.0,-0.07,0.18798744678497,-0.05501335144043,123.74639892578,130.7225189209,-186.64302062988,-1.6184644699097,true,false,false,false,0,0,0.0019654035568237,-0.0028762817382813
5574,SAMPLE,ALIGNING,false,1,45,0,0,0.18798744678497,-0.12501335144043,0.0,-0.07,0.18798744678497,-0.05501335144043,123.74639892578,130.7225189209,-186.64302062988,-1.6184644699097,true,false,false,false,0,0,0.0,0.0
5575,SAMPLE,ALIGNING,false,1,45,0,0,0.18966519832611,-0.12812948226929,0.0,-0.07,0.18966519832611,-0.058129482269287,123.41683959961,131.33541870117,-188.24609375,-1.6331768035889,true,false,false,false,0,0,0.0016777515411377,-0.0031161308288574
5576,SAMPLE,ALIGNING,false,1,45,0,0,0.18966519832611,-0.12812948226929,0.0,-0.07,0.18966519832611,-0.058129482269287,123.41683959961,131.33541870117,-188.24609375,-1.6331768035889,true,false,false,false,0,0,0.0,0.0
5577,SAMPLE,ALIGNING,false,1,45,0,0,0.19119918346405,-0.13129329681396,0.0,-0.07,0.19119918346405,-0.061293296813965,123.11192321777,131.95477294922,-189.72261047363,-1.6467890739441,true,false,false,false,0,0,0.0015339851379395,-0.0031638145446777
5578,SAMPLE,ALIGNING,false,1,45,0,0,0.19119918346405,-0.13129329681396,0.0,-0.07,0.19119918346405,-0.061293296813965,123.11192321777,131.95477294922,-189.72261047363,-1.6467890739441,true,false,false,false,0,0,0.0,0.0
5579,SAMPLE,ALIGNING,false,1,45,0,0,0.19119918346405,-0.13129329681396,0.0,-0.07,0.19119918346405,-0.061293296813965,123.11192321777,131.95477294922,-189.72261047363,-1.6467890739441,true,false,false,false,0,0,0.0,0.0
5580,SAMPLE,ALIGNING,false,1,45,0,0,0.1923018693924,-0.13479280471802,0.0,-0.07,0.1923018693924,-0.064792804718018,122.89147186279,132.64279174805,-190.77261352539,-1.6566307544708,true,false,false,false,0,0,0.0011026859283447,-0.0034995079040527
5581,SAMPLE,ALIGNING,false,1,45,0,0,0.1923018693924,-0.13479280471802,0.0,-0.07,0.1923018693924,-0.064792804718018,122.89147186279,132.64279174805,-190.77261352539,-1.6566307544708,true,false,false,false,0,0,0.0,0.0
5582,SAMPLE,ALIGNING,false,1,45,0,0,0.1923018693924,-0.13479280471802,0.0,-0.07,0.1923018693924,-0.064792804718018,122.89147186279,132.64279174805,-190.77261352539,-1.6566307544708,true,false,false,false,0,0,0.0,0.0
5583,SAMPLE,ALIGNING,false,1,45,0,0,0.23784255981445,-0.14064121246338,0.0,-0.07,0.23784255981445,-0.070641212463379,113.798828125,133.91188049316,-235.07225036621,-2.0625524520874,true,false,false,false,0,0,0.045540690422058,-0.0058484077453613
5584,SAMPLE,ALIGNING,false,1,45,0,0,0.23784255981445,-0.14064121246338,0.0,-0.07,0.23784255981445,-0.070641212463379,113.798828125,133.91188049316,-235.07225036621,-2.0625524520874,true,false,false,false,0,0,0.0,0.0
5585,SAMPLE,ALIGNING,false,1,45,0,0,0.26588606834412,-0.14591407775879,0.0,-0.07,0.26588606834412,-0.075914077758789,108.1056060791,135.06182861328,-262.03979492188,-2.3167145252228,true,false,false,false,0,0,0.028043508529663,-0.0052728652954102
5586,SAMPLE,ALIGNING,false,1,45,0,0,0.26588606834412,-0.14591407775879,0.0,-0.07,0.26588606834412,-0.075914077758789,108.1056060791,135.06182861328,-262.03979492188,-2.3167145252228,true,false,false,false,0,0,0.0,0.0
5587,SAMPLE,ALIGNING,false,1,45,0,0,0.2785416841507,-0.14946174621582,0.0,-0.07,0.2785416841507,-0.07946174621582,105.50492858887,135.82385253906,-274.12469482422,-2.432816028595,true,false,false,false,0,0,0.01265561580658,-0.0035476684570313
5588,SAMPLE,ALIGNING,false,1,45,0,0,0.2785416841507,-0.14946174621582,0.0,-0.07,0.2785416841507,-0.07946174621582,105.50492858887,135.82385253906,-274.12469482422,-2.432816028595,true,false,false,false,0,0,0.0,0.0
5589,SAMPLE,ALIGNING,false,1,45,0,0,0.2785416841507,-0.14946174621582,0.0,-0.07,0.2785416841507,-0.07946174621582,103.73197174072,136.55242919922,-282.25869750977,-2.5119657516479,true,false,false,false,0,0,0.0,0.0
5590,SAMPLE,ALIGNING,false,1,45,0,0,0.28712248802185,-0.15291309356689,0.0,-0.07,0.28712248802185,-0.082913093566895,103.73197174072,136.55242919922,-282.25869750977,-2.5119657516479,true,false,false,false,0,0,0.0085808038711548,-0.0034513473510742
5591,SAMPLE,ALIGNING,false,1,45,0,0,0.28712248802185,-0.15291309356689,0.0,-0.07,0.28712248802185,-0.082913093566895,103.73197174072,136.55242919922,-282.25869750977,-2.5119657516479,true,false,false,false,0,0,0.0,0.0
5592,SAMPLE,ALIGNING,false,1,45,0,0,0.29325842857361,-0.155837059021,0.0,-0.07,0.29325842857361,-0.085837059020996,102.4634475708,137.17123413086,-288.02386474609,-2.5685963630676,true,false,false,false,0,0,0.0061359405517578,-0.0029239654541016
5593,SAMPLE,ALIGNING,false,1,45,0,0,0.29325842857361,-0.155837059021,0.0,-0.07,0.29325842857361,-0.085837059020996,102.4634475708,137.17123413086,-288.02386474609,-2.5685963630676,true,false,false,false,0,0,0.0,0.0
5594,SAMPLE,ALIGNING,false,1,45,0,0,0.29762077331543,-0.15842580795288,0.0,-0.07,0.29762077331543,-0.088425807952881,101.549659729,137.71517944336,-292.14114379883,-2.6093904972076,true,false,false,false,0,0,0.0043623447418213,-0.0025887489318848
5595,SAMPLE,ALIGNING,false,1,45,0,0,0.29762077331543,-0.15842580795288,0.0,-0.07,0.29762077331543,-0.088425807952881,101.549659729,137.71517944336,-292.14114379883,-2.6093904972076,true,false,false,false,0,0,0.0,0.0
5596,SAMPLE,ALIGNING,false,1,45,0,0,0.30059289932251,-0.16091871261597,0.0,-0.07,0.30059289932251,-0.090918712615967,100.93087768555,138.2314453125,-294.89788818359,-2.6370143890381,true,false,false,false,0,0,0.0029721260070801,-0.0024929046630859
5597,SAMPLE,ALIGNING,false,1,45,0,0,0.30059289932251,-0.16091871261597,0.0,-0.07,0.30059289932251,-0.090918712615967,100.93087768555,138.2314453125,-294.89788818359,-2.6370143890381,true,false,false,false,0,0,0.0,0.0
5598,SAMPLE,ALIGNING,false,1,45,0,0,0.30275011062622,-0.16278839111328,0.0,-0.07,0.30275011062622,-0.092788391113281,100.47142028809,138.61967468262,-296.93719482422,-2.6575260162354,true,false,false,false,0,0,0.0021572113037109,-0.0018696784973145
5599,SAMPLE,ALIGNING,false,1,45,0,0,0.30275011062622,-0.16278839111328,0.0,-0.07,0.30275011062622,-0.092788391113281,100.47142028809,138.61967468262,-296.93719482422,-2.6575260162354,true,false,false,false,0,0,0.0,0.0
5600,SAMPLE,ALIGNING,false,1,45,0,0,0.30390059947968,-0.16460990905762,0.0,-0.07,0.30390059947968,-0.094609909057617,100.23850250244,138.99858093262,-297.94323730469,-2.6679241657257,true,false,false,false,0,0,0.0011504888534546,-0.0018215179443359
5601,SAMPLE,ALIGNING,false,1,45,0,0,0.30390059947968,-0.16460990905762,0.0,-0.07,0.30390059947968,-0.094609909057617,100.23850250244,138.99858093262,-297.94323730469,-2.6679241657257,true,false,false,false,0,0,0.0,0.0
5602,SAMPLE,ALIGNING,false,1,45,0,0,0.30327749252319,-0.16715049743652,0.0,-0.07,0.30327749252319,-0.097150497436523,100.36987304688,139.49856567383,-297.27514648438,-2.662059545517,true,false,false,false,0,0,-0.00062310695648193,-0.0025405883789063
5603,SAMPLE,ALIGNING,false,1,45,0,0,0.30327749252319,-0.16715049743652,0.0,-0.07,0.30327749252319,-0.097150497436523,100.36987304688,139.49856567383,-297.27514648438,-2.662059545517,true,false,false,false,0,0,0.0,0.0
5604,SAMPLE,ALIGNING,false,1,45,0,0,0.30327749252319,-0.16715049743652,0.0,-0.07,0.30327749252319,-0.097150497436523,100.36987304688,139.49856567383,-297.27514648438,-2.662059545517,true,false,false,false,0,0,0.0,0.0
5605,SAMPLE,ALIGNING,false,1,45,0,0,0.30169558525085,-0.1700267791748,0.0,-0.07,0.30169558525085,-0.1000267791748,100.69188690186,140.07357788086,-295.72692871094,-2.6476838588715,true,false,false,false,0,0,-0.0015819072723389,-0.0028762817382813
5606,SAMPLE,ALIGNING,false,1,45,0,0,0.30169558525085,-0.1700267791748,0.0,-0.07,0.30169558525085,-0.1000267791748,100.69188690186,140.07357788086,-295.72692871094,-2.6476838588715,true,false,false,false,0,0,0.0,0.0
5607,SAMPLE,ALIGNING,false,1,45,0,0,0.30054497718811,-0.17256736755371,0.0,-0.07,0.30054497718811,-0.10256736755371,100.93403625488,140.57263183594,-294.55020141602,-2.6368737220764,true,false,false,false,0,0,-0.0011506080627441,-0.0025405883789063
5608,SAMPLE,ALIGNING,false,1,45,0,0,0.30054497718811,-0.17256736755371,0.0,-0.07,0.30054497718811,-0.10256736755371,100.93403625488,140.57263183594,-294.55020141602,-2.6368737220764,true,false,false,false,0,0,0.0,0.0
5609,SAMPLE,ALIGNING,false,1,45,0,0,0.29977798461914,-0.17482089996338,0.0,-0.07,0.29977798461914,-0.10482089996338,101.09899902344,141.02590942383,-293.72973632813,-2.6295094490051,true,false,false,false,0,0,-0.00076699256896973,-0.002253532409668
5610,SAMPLE,ALIGNING,false,1,45,0,0,0.29977798461914,-0.17482089996338,0.0,-0.07,0.29977798461914,-0.10482089996338,101.09899902344,141.02590942383,-293.72973632813,-2.6295094490051,true,false,false,false,0,0,0.0,0.0
5611,SAMPLE,ALIGNING,false,1,45,0,0,0.29881918430328,-0.17736148834229,0.0,-0.07,0.29881918430328,-0.10736148834229,101.29772186279,141.52638244629,-292.74630737305,-2.6206376552582,true,false,false,false,0,0,-0.00095880031585693,-0.0025405883789063
5612,SAMPLE,ALIGNING,false,1,45,0,0,0.29881918430328,-0.17736148834229,0.0,-0.07,0.29881918430328,-0.10736148834229,101.29772186279,141.52638244629,-292.74630737305,-2.6206376552582,true,false,false,false,0,0,0.0,0.0
5613,SAMPLE,ALIGNING,false,1,45,0,0,0.2982439994812,-0.17956638336182,0.0,-0.07,0.2982439994812,-0.10956638336182,101.41778564453,141.97673034668,-292.12753295898,-2.6152775287628,true,false,false,false,0,0,-0.00057518482208252,-0.0022048950195313
5614,SAMPLE,ALIGNING,false,1,45,0,0,0.2982439994812,-0.17956638336182,0.0,-0.07,0.2982439994812,-0.10956638336182,101.41778564453,141.97673034668,-292.12753295898,-2.6152775287628,true,false,false,false,0,0,0.0,0.0
5615,SAMPLE,ALIGNING,false,1,45,0,0,0.2982439994812,-0.17956638336182,0.0,-0.07,0.2982439994812,-0.10956638336182,101.41778564453,141.97673034668,-292.12753295898,-2.6152775287628,true,false,false,false,0,0,0.0,0.0
5616,SAMPLE,ALIGNING,false,1,45,0,0,0.29800426959991,-0.18086051940918,0.0,-0.07,0.29800426959991,-0.11086051940918,101.4694519043,142.22601318359,-291.85186767578,-2.6129713058472,true,false,false,false,0,0,-0.00023972988128662,-0.0012941360473633
5617,SAMPLE,ALIGNING,false,1,45,0,0,0.29800426959991,-0.18086051940918,0.0,-0.07,0.29800426959991,-0.11086051940918,101.4694519043,142.22601318359,-291.85186767578,-2.6129713058472,true,false,false,false,0,0,0.0,0.0
5618,SAMPLE,ALIGNING,false,1,45,0,0,0.29786050319672,-0.18143606185913,0.0,-0.07,0.29786050319672,-0.11143606185913,101.49548339844,142.3445892334,-291.71398925781,-2.6118092536926,true,false,false,false,0,0,-0.00014376640319824,-0.00057554244995117
5619,SAMPLE,ALIGNING,false,1,45,0,0,0.29786050319672,-0.18143606185913,0.0,-0.07,0.29786050319672,-0.11143606185913,101.49548339844,142.3445892334,-291.71398925781,-2.6118092536926,true,false,false,false,0,0,0.0,0.0
5620,SAMPLE,ALIGNING,false,1,45,0,0,0.29776453971863,-0.18172359466553,0.0,-0.07,0.29776453971863,-0.11172359466553,101.51231384277,142.40715026855,-291.62701416016,-2.6110575199127,true,false,false,false,0,0,-9.5963478088379e-05,-0.00028753280639648
5621,SAMPLE,ALIGNING,false,1,45,0,0,0.29776453971863,-0.18172359466553,0.0,-0.07,0.29776453971863,-0.11172359466553,101.51231384277,142.40715026855,-291.62701416016,-2.6110575199127,true,false,false,false,0,0,0.0,0.0
5622,SAMPLE,ALIGNING,false,1,45,0,0,0.29800426959991,-0.1820592880249,0.0,-0.07,0.29800426959991,-0.1120592880249,101.46900939941,142.46580505371,-291.81503295898,-2.6129910945892,true,false,false,false,0,0,0.00023972988128662,-0.000335693359375
5623,SAMPLE,ALIGNING,false,1,45,0,0,0.29800426959991,-0.1820592880249,0.0,-0.07,0.29800426959991,-0.1120592880249,101.46900939941,142.46580505371,-291.81503295898,-2.6129910945892,true,false,false,false,0,0,0.0,0.0
5624,SAMPLE,ALIGNING,false,1,45,0,0,0.29800426959991,-0.1820592880249,0.0,-0.07,0.29800426959991,-0.1120592880249,101.46900939941,142.46580505371,-291.81503295898,-2.6129910945892,true,false,false,false,0,0,0.0,0.0
5625,SAMPLE,ALIGNING,false,1,45,0,0,0.2982439994812,-0.1822509765625,0.0,-0.07,0.2982439994812,-0.1122509765625,101.42065429688,142.51362609863,-292.02774047852,-2.6151494979858,true,false,false,false,0,0,0.00023972988128662,-0.00019168853759766
5626,SAMPLE,ALIGNING,false,1,45,0,0,0.2982439994812,-0.1822509765625,0.0,-0.07,0.2982439994812,-0.1122509765625,101.42065429688,142.51362609863,-292.02774047852,-2.6151494979858,true,false,false,false,0,0,0.0,0.0
5627,SAMPLE,ALIGNING,false,1,45,0,0,0.29814803600311,-0.18282604217529,0.0,-0.07,0.29814803600311,-0.11282604217529,101.44523620605,142.62658691406,-291.89715576172,-2.6140522956848,true,false,false,false,0,0,-9.5963478088379e-05,-0.00057506561279297
5628,SAMPLE,ALIGNING,false,1,45,0,0,0.29814803600311,-0.18282604217529,0.0,-0.07,0.29814803600311,-0.11282604217529,101.44523620605,142.62658691406,-291.89715576172,-2.6140522956848,true,false,false,false,0,0,0.0,0.0
5629,SAMPLE,ALIGNING,false,1,45,0,0,0.29786050319672,-0.18325757980347,0.0,-0.07,0.29786050319672,-0.11325757980347,101.49403381348,142.71789550781,-291.65960693359,-2.611873626709,true,false,false,false,0,0,-0.00028753280639648,-0.00043153762817383
5630,SAMPLE,ALIGNING,false,1,45,0,0,0.29786050319672,-0.18325757980347,0.0,-0.07,0.29786050319672,-0.11325757980347,101.49403381348,142.71789550781,-291.65960693359,-2.611873626709,true,false,false,false,0,0,0.0,0.0
5631,SAMPLE,ALIGNING,false,1,45,0,0,0.29771661758423,-0.18373680114746,0.0,-0.07,0.29771661758423,-0.11373680114746,101.52988433838,142.81036376953,-291.48080444336,-2.6102733612061,true,false,false,false,0,0,-0.00014388561248779,-0.00047922134399414
5632,SAMPLE,ALIGNING,false,1,45,0,0,0.29771661758423,-0.18373680114746,0.0,-0.07,0.29771661758423,-0.11373680114746,101.52988433838,142.81036376953,-291.48080444336,-2.6102733612061,true,false,false,false,0,0,0.0,0.0
5633,SAMPLE,ALIGNING,false,1,45,0,0,0.29757285118103,-0.18407249450684,0.0,-0.07,0.29757285118103,-0.11407249450684,101.55722045898,142.87640380859,-291.34521484375,-2.6090531349182,true,false,false,false,0,0,-0.00014376640319824,-0.000335693359375
5634,SAMPLE,ALIGNING,false,1,45,0,0,0.29757285118103,-0.18407249450684,0.0,-0.07,0.29757285118103,-0.11407249450684,101.55722045898,142.87640380859,-291.34521484375,-2.6090531349182,true,false,false,false,0,0,0.0,0.0
5635,SAMPLE,ALIGNING,false,1,45,0,0,0.29757285118103,-0.18407249450684,0.0,-0.07,0.29757285118103,-0.11407249450684,101.58538818359,142.91340637207,-291.21054077148,-2.607795715332,true,false,false,false,0,0,0.0,0.0
5636,SAMPLE,ALIGNING,false,1,45,0,0,0.29742908477783,-0.18426418304443,0.0,-0.07,0.29742908477783,-0.11426418304443,101.58538818359,142.91340637207,-291.21054077148,-2.607795715332,true,false,false,false,0,0,-0.00014376640319824,-0.00019168853759766
5637,SAMPLE,ALIGNING,false,1,45,0,0,0.29742908477783,-0.18426418304443,0.0,-0.07,0.29742908477783,-0.11426418304443,101.58538818359,142.91340637207,-291.21054077148,-2.607795715332,true,false,false,false,0,0,0.0,0.0
5638,SAMPLE,ALIGNING,false,1,45,0,0,0.29738104343414,-0.18459987640381,0.0,-0.07,0.29738104343414,-0.11459987640381,101.59204101563,142.98321533203,-291.16857910156,-2.6074981689453,true,false,false,false,0,0,-4.8041343688965e-05,-0.000335693359375
5639,SAMPLE,ALIGNING,false,1,45,0,0,0.29738104343414,-0.18459987640381,0.0,-0.07,0.29738104343414,-0.11459987640381,101.59204101563,142.98321533203,-291.16857910156,-2.6074981689453,true,false,false,false,0,0,0.0,0.0
5640,SAMPLE,ALIGNING,false,1,45,0,0,0.29757285118103,-0.18469572067261,0.0,-0.07,0.29757285118103,-0.11469572067261,101.56399536133,143.00338745117,-291.29321289063,-2.6087503433228,true,false,false,false,0,0,0.00019180774688721,-9.5844268798828e-05
5641,SAMPLE,ALIGNING,false,1,45,0,0,0.29757285118103,-0.18469572067261,0.0,-0.07,0.29757285118103,-0.11469572067261,101.56399536133,143.00338745117,-291.29321289063,-2.6087503433228,true,false,false,false,0,0,0.0,0.0
5642,SAMPLE,ALIGNING,false,1,45,0,0,0.29757285118103,-0.18469572067261,0.0,-0.07,0.29757285118103,-0.11469572067261,101.54689788818,143.0188293457,-291.36862182617,-2.609513759613,true,false,false,false,0,0,0.0,0.0
5643,SAMPLE,ALIGNING,false,1,45,0,0,0.29762077331543,-0.18479156494141,0.0,-0.07,0.29762077331543,-0.11479156494141,101.54689788818,143.0188293457,-291.36862182617,-2.609513759613,true,false,false,false,0,0,4.7922134399414e-05,-9.5844268798828e-05
5644,SAMPLE,ALIGNING,false,1,45,0,0,0.29762077331543,-0.18479156494141,0.0,-0.07,0.29762077331543,-0.11479156494141,101.54689788818,143.0188293457,-291.36862182617,-2.609513759613,true,false,false,false,0,0,0.0,0.0
5645,SAMPLE,ALIGNING,false,1,45,0,0,0.29766869544983,-0.18479156494141,0.0,-0.07,0.29766869544983,-0.11479156494141,101.53286743164,143.02111816406,-291.43222045898,-2.6101403236389,true,false,false,false,0,0,4.7922134399414e-05,0.0
5646,SAMPLE,ALIGNING,false,1,45,0,0,0.29766869544983,-0.18479156494141,0.0,-0.07,0.29766869544983,-0.11479156494141,101.53286743164,143.02111816406,-291.43222045898,-2.6101403236389,true,false,false,false,0,0,0.0,0.0
5647,SAMPLE,ALIGNING,false,1,45,0,0,0.29771661758423,-0.18493556976318,0.0,-0.07,0.29771661758423,-0.11493556976318,101.52964782715,143.05830383301,-291.4407043457,-2.6102838516235,true,false,false,false,0,0,4.7922134399414e-05,-0.00014400482177734
5648,SAMPLE,ALIGNING,false,1,45,0,0,0.29771661758423,-0.18493556976318,0.0,-0.07,0.29771661758423,-0.11493556976318,101.52964782715,143.05830383301,-291.4407043457,-2.6102838516235,true,false,false,false,0,0,0.0,0.0
5649,SAMPLE,ALIGNING,false,1,45,0,0,0.29766869544983,-0.18522310256958,0.0,-0.07,0.29766869544983,-0.11522310256958,101.5334854126,143.10420227051,-291.41555786133,-2.6101126670837,true,false,false,false,0,0,-4.7922134399414e-05,-0.00028753280639648
5650,SAMPLE,ALIGNING,false,1,45,0,0,0.29766869544983,-0.18522310256958,0.0,-0.07,0.29766869544983,-0.11522310256958,101.5334854126,143.10420227051,-291.41555786133,-2.6101126670837,true,false,false,false,0,0,0.0,0.0
5651,SAMPLE,ALIGNING,false,1,45,0,0,0.29766869544983,-0.18522310256958,0.0,-0.07,0.29766869544983,-0.11522310256958,101.5334854126,143.10420227051,-291.41555786133,-2.6101126670837,true,false,false,false,0,0,0.0,0.0
5652,SAMPLE,ALIGNING,true,1,45,0,0,0.29742908477783,-0.18368911743164,0.0,-0.07,0.29742908477783,-0.11368911743164,101.59009552002,142.79322814941,-291.20895385742,-2.6075854301453,true,false,false,false,-46,-26,-0.00023961067199707,0.0015339851379395
5653,SAMPLE,ALIGNING,true,1,45,0,0,0.29742908477783,-0.18368911743164,0.0,-0.07,0.29742908477783,-0.11368911743164,101.59009552002,142.79322814941,-291.20895385742,-2.6075854301453,true,false,false,false,-46,-26,0.0,0.0
5654,SAMPLE,ALIGNING,true,1,45,0,0,0.29671001434326,-0.17899131774902,0.0,-0.07,0.29671001434326,-0.10899131774902,101.7420501709,141.84217834473,-290.66879272461,-2.6008014678955,true,false,false,false,-46,-25,-0.00071907043457031,0.0046977996826172
5655,SAMPLE,ALIGNING,true,1,45,0,0,0.29671001434326,-0.17899131774902,0.0,-0.07,0.29671001434326,-0.10899131774902,101.7420501709,141.84217834473,-290.66879272461,-2.6008014678955,true,false,false,false,-46,-25,0.0,0.0
5656,SAMPLE,ALIGNING,true,1,45,0,0,0.29671001434326,-0.17899131774902,0.0,-0.07,0.29671001434326,-0.10899131774902,101.7420501709,141.84217834473,-290.66879272461,-2.6008014678955,true,false,false,false,-46,-25,0.0,0.0
5657,SAMPLE,ALIGNING,true,1,45,0,0,0.29623067378998,-0.17328643798828,0.0,-0.07,0.29623067378998,-0.10328643798828,101.83964538574,140.69346618652,-290.39965820313,-2.5964448451996,true,false,false,false,-46,-24,-0.00047934055328369,0.0057048797607422
5658,SAMPLE,ALIGNING,true,1,45,0,0,0.29623067378998,-0.17328643798828,0.0,-0.07,0.29623067378998,-0.10328643798828,101.83964538574,140.69346618652,-290.39965820313,-2.5964448451996,true,false,false,false,-46,-24,0.0,0.0
5659,SAMPLE,ALIGNING,true,1,45,0,0,0.29632651805878,-0.16691112518311,0.0,-0.07,0.29632651805878,-0.096911125183105,101.82286071777,139.41744995117,-290.66186523438,-2.5971941947937,true,false,false,false,-46,-22,9.5844268798828e-05,0.0063753128051758
5660,SAMPLE,ALIGNING,true,1,45,0,0,0.29632651805878,-0.16691112518311,0.0,-0.07,0.29632651805878,-0.096911125183105,101.82286071777,139.41744995117,-290.66186523438,-2.5971941947937,true,false,false,false,-46,-22,0.0,0.0
5661,SAMPLE,ALIGNING,true,1,45,0,0,0.29699766635895,-0.159912109375,0.0,-0.07,0.29699766635895,-0.089912109375,101.68394470215,138.00798034668,-291.4889831543,-2.6033954620361,true,false,false,false,-46,-21,0.0006711483001709,0.0069990158081055
5662,SAMPLE,ALIGNING,true,1,45,0,0,0.29699766635895,-0.159912109375,0.0,-0.07,0.29699766635895,-0.089912109375,101.68394470215,138.00798034668,-291.4889831543,-2.6033954620361,true,false,false,false,-46,-21,0.0,0.0
5663,SAMPLE,ALIGNING,true,1,45,0,0,0.29699766635895,-0.159912109375,0.0,-0.07,0.29699766635895,-0.089912109375,101.68394470215,138.00798034668,-291.4889831543,-2.6033954620361,true,false,false,false,-46,-21,0.0,0.0
5664,SAMPLE,ALIGNING,true,1,45,0,0,0.29872334003448,-0.14950942993164,0.0,-0.07,0.29872334003448,-0.079509429931641,101.32191467285,135.93450927734,-293.40133666992,-2.6195576190948,true,false,false,false,-46,-18,0.0017256736755371,0.010402679443359
5665,SAMPLE,ALIGNING,true,1,45,0,0,0.29872334003448,-0.14950942993164,0.0,-0.07,0.29872334003448,-0.079509429931641,101.32191467285,135.93450927734,-293.40133666992,-2.6195576190948,true,false,false,false,-46,-18,0.0,0.0
5666,SAMPLE,ALIGNING,true,1,45,0,0,0.3009284734726,-0.14140796661377,0.0,-0.07,0.3009284734726,-0.07140796661377,100.85836791992,134.31344604492,-295.69848632813,-2.6402516365051,true,false,false,false,-46,-17,0.0022051334381104,0.0081014633178711
5667,SAMPLE,ALIGNING,true,1,45,0,0,0.3009284734726,-0.14140796661377,0.0,-0.07,0.3009284734726,-0.07140796661377,100.85836791992,134.31344604492,-295.69848632813,-2.6402516365051,true,false,false,false,-46,-17,0.0,0.0
5668,SAMPLE,ALIGNING,true,1,45,0,0,0.3009284734726,-0.14140796661377,0.0,-0.07,0.3009284734726,-0.07140796661377,100.85836791992,134.31344604492,-295.69848632813,-2.6402516365051,true,false,false,false,-46,-17,0.0,0.0
5669,SAMPLE,ALIGNING,true,1,45,0,0,0.30394852161407,-0.13052654266357,0.0,-0.07,0.30394852161407,-0.060526542663574,100.223777771,132.14633178711,-298.80368041992,-2.6685814857483,true,false,false,false,-46,-14,0.0030200481414795,0.010881423950195
5670,SAMPLE,ALIGNING,true,1,45,0,0,0.30394852161407,-0.13052654266357,0.0,-0.07,0.30394852161407,-0.060526542663574,100.223777771,132.14633178711,-298.80368041992,-2.6685814857483,true,false,false,false,-46,-14,0.0,0.0
5671,SAMPLE,ALIGNING,true,1,45,0,0,0.30394852161407,-0.13052654266357,0.0,-0.07,0.30394852161407,-0.060526542663574,100.223777771,132.14633178711,-298.80368041992,-2.6685814857483,true,false,false,false,-46,-14,0.0,0.0
5672,SAMPLE,ALIGNING,true,1,45,0,0,0.30634546279907,-0.12093877792358,0.0,-0.07,0.30634546279907,-0.050938777923584,99.723030090332,130.23310852051,-301.24166870117,-2.6909365653992,true,false,false,false,-46,-12,0.0023969411849976,0.0095877647399902
5673,SAMPLE,ALIGNING,true,1,45,0,0,0.30634546279907,-0.12093877792358,0.0,-0.07,0.30634546279907,-0.050938777923584,99.723030090332,130.23310852051,-301.24166870117,-2.6909365653992,true,false,false,false,-46,-12,0.0,0.0
5674,SAMPLE,ALIGNING,true,1,45,0,0,0.30754387378693,-0.1154260635376,0.0,-0.07,0.30754387378693,-0.045426063537598,99.477569580078,129.13461303711,-302.43676757813,-2.7018945217133,true,false,false,false,-46,-11,0.001198410987854,0.0055127143859863
5675,SAMPLE,ALIGNING,true,1,45,0,0,0.30754387378693,-0.1154260635376,0.0,-0.07,0.30754387378693,-0.045426063537598,99.477569580078,129.13461303711,-302.43676757813,-2.7018945217133,true,false,false,false,-46,-11,0.0,0.0
5676,SAMPLE,ALIGNING,true,1,45,0,0,0.30754387378693,-0.1154260635376,0.0,-0.07,0.30754387378693,-0.045426063537598,99.477569580078,129.13461303711,-302.43676757813,-2.7018945217133,true,false,false,false,-46,-11,0.0,0.0
5677,SAMPLE,ALIGNING,true,1,45,0,0,0.30874228477478,-0.10919380187988,0.0,-0.07,0.30874228477478,-0.039193801879883,99.223083496094,127.88734436035,-303.671875,-2.713255405426,true,false,false,false,-46,-10,0.001198410987854,0.0062322616577148
5678,SAMPLE,ALIGNING,true,1,45,0,0,0.30874228477478,-0.10919380187988,0.0,-0.07,0.30874228477478,-0.039193801879883,99.223083496094,127.88734436035,-303.671875,-2.713255405426,true,false,false,false,-46,-10,0.0,0.0
5679,SAMPLE,ALIGNING,true,1,45,0,0,0.30960524082184,-0.10555076599121,0.0,-0.07,0.30960524082184,-0.035550765991211,99.037551879883,127.1644744873,-304.55438232422,-2.7215383052826,true,false,false,false,-46,-9,0.00086295604705811,0.0036430358886719
5680,SAMPLE,ALIGNING,true,1,45,0,0,0.30960524082184,-0.10555076599121,0.0,-0.07,0.30960524082184,-0.035550765991211,99.037551879883,127.1644744873,-304.55438232422,-2.7215383052826,true,false,false,false,-46,-9,0.0,0.0
5681,SAMPLE,ALIGNING,true,1,45,0,0,0.30960524082184,-0.10555076599121,0.0,-0.07,0.30960524082184,-0.035550765991211,99.037551879883,127.1644744873,-304.55438232422,-2.7215383052826,true,false,false,false,-46,-9,0.0,0.0
5682,SAMPLE,ALIGNING,true,1,45,0,0,0.31046807765961,-0.1035852432251,0.0,-0.07,0.31046807765961,-0.033585243225098,98.857940673828,126.77485656738,-305.38885498047,-2.7295565605164,true,false,false,false,-46,-8,0.00086283683776855,0.0019655227661133
5683,SAMPLE,ALIGNING,true,1,45,0,0,0.31046807765961,-0.1035852432251,0.0,-0.07,0.31046807765961,-0.033585243225098,98.857940673828,126.77485656738,-305.38885498047,-2.7295565605164,true,false,false,false,-46,-8,0.0,0.0
5684,SAMPLE,ALIGNING,true,1,45,0,0,0.31113922595978,-0.10286617279053,0.0,-0.07,0.31113922595978,-0.032866172790527,98.717697143555,126.62789916992,-306.03131103516,-2.735817193985,true,false,false,false,-46,-8,0.0006711483001709,0.00071907043457031
5685,SAMPLE,ALIGNING,true,1,45,0,0,0.31113922595978,-0.10286617279053,0.0,-0.07,0.31113922595978,-0.032866172790527,98.717697143555,126.62789916992,-306.03131103516,-2.735817193985,true,false,false,false,-46,-8,0.0,0.0
5686,SAMPLE,ALIGNING,true,1,45,0,0,0.31113922595978,-0.10286617279053,0.0,-0.07,0.31113922595978,-0.032866172790527,98.717697143555,126.62789916992,-306.03131103516,-2.735817193985,true,false,false,false,-46,-8,0.0,0.0
5687,SAMPLE,ALIGNING,true,1,45,0,0,0.31176245212555,-0.10243463516235,0.0,-0.07,0.31176245212555,-0.032434635162354,98.584396362305,126.54496002197,-306.63864135742,-2.7417683601379,true,false,false,false,-46,-8,0.00062322616577148,0.00043153762817383
5688,SAMPLE,ALIGNING,true,1,45,0,0,0.31176245212555,-0.10243463516235,0.0,-0.07,0.31176245212555,-0.032434635162354,98.584396362305,126.54496002197,-306.63864135742,-2.7417683601379,true,false,false,false,-46,-8,0.0,0.0
5689,SAMPLE,ALIGNING,true,1,45,0,0,0.31228971481323,-0.10219526290894,0.0,-0.07,0.31228971481323,-0.032195262908936,98.476676940918,126.4934387207,-307.12832641602,-2.7465772628784,true,false,false,false,-46,-8,0.00052726268768311,0.00023937225341797
5690,SAMPLE,ALIGNING,true,1,45,0,0,0.31228971481323,-0.10219526290894,0.0,-0.07,0.31228971481323,-0.032195262908936,98.476676940918,126.4934387207,-307.12832641602,-2.7465772628784,true,false,false,false,-46,-8,0.0,0.0
5691,SAMPLE,ALIGNING,true,1,45,0,0,0.31228971481323,-0.10219526290894,0.0,-0.07,0.31228971481323,-0.032195262908936,98.39128112793,126.50154876709,-307.51391601563,-2.7503895759583,true,false,false,false,-46,-8,0.0,0.0
5692,SAMPLE,ALIGNING,true,1,45,0,0,0.31267321109772,-0.10219526290894,0.0,-0.07,0.31267321109772,-0.032195262908936,98.39128112793,126.50154876709,-307.51391601563,-2.7503895759583,true,false,false,false,-46,-8,0.00038349628448486,0.0
5693,SAMPLE,ALIGNING,true,1,45,0,0,0.31267321109772,-0.10219526290894,0.0,-0.07,0.31267321109772,-0.032195262908936,98.39128112793,126.50154876709,-307.51391601563,-2.7503895759583,true,false,false,false,-46,-8,0.0,0.0
5694,SAMPLE,ALIGNING,true,1,45,0,0,0.3132004737854,-0.10224294662476,0.0,-0.07,0.3132004737854,-0.032242946624756,98.286315917969,126.50890350342,-307.98782348633,-2.7550754547119,true,false,false,false,-46,-8,0.00052726268768311,-4.7683715820313e-05
5695,SAMPLE,ALIGNING,true,1,45,0,0,0.3132004737854,-0.10224294662476,0.0,-0.07,0.3132004737854,-0.032242946624756,98.286315917969,126.50890350342,-307.98782348633,-2.7550754547119,true,false,false,false,-46,-8,0.0,0.0
5696,SAMPLE,ALIGNING,true,1,45,0,0,0.3132004737854,-0.10224294662476,0.0,-0.07,0.3132004737854,-0.032242946624756,98.157470703125,126.47302246094,-308.57147216797,-2.7608275413513,true,false,false,false,-46,-8,0.0,0.0
5697,SAMPLE,ALIGNING,true,1,45,0,0,0.31382369995117,-0.10205125808716,0.0,-0.07,0.31382369995117,-0.032051258087158,98.157470703125,126.47302246094,-308.57147216797,-2.7608275413513,true,false,false,false,-46,-8,0.00062322616577148,0.00019168853759766
5698,SAMPLE,ALIGNING,true,1,45,0,0,0.31382369995117,-0.10205125808716,0.0,-0.07,0.31382369995117,-0.032051258087158,98.157470703125,126.47302246094,-308.57147216797,-2.7608275413513,true,false,false,false,-46,-8,0.0,0.0
5699,SAMPLE,ALIGNING,true,1,45,0,0,0.31497418880463,-0.10152387619019,0.0,-0.07,0.31497418880463,-0.031523876190186,97.910202026367,126.36950683594,-309.69226074219,-2.7718660831451,true,false,false,false,-46,-8,0.0011504888534546,0.00052738189697266
5700,SAMPLE,ALIGNING,true,1,45,0,0,0.31497418880463,-0.10152387619019,0.0,-0.07,0.31497418880463,-0.031523876190186,97.910202026367,126.36950683594,-309.69226074219,-2.7718660831451,true,false,false,false,-46,-8,0.0,0.0
5701,SAMPLE,ALIGNING,true,1,45,0,0,0.31669986248016,-0.100661277771,0.0,-0.07,0.31669986248016,-0.030661277770996,97.544570922852,126.19732666016,-311.34802246094,-2.7881889343262,true,false,false,false,-46,-8,0.0017256736755371,0.00086259841918945
5702,SAMPLE,ALIGNING,true,1,45,0,0,0.31669986248016,-0.100661277771,0.0,-0.07,0.31669986248016,-0.030661277770996,97.544570922852,126.19732666016,-311.34802246094,-2.7881889343262,true,false,false,false,-46,-8,0.0,0.0
5703,SAMPLE,ALIGNING,true,1,45,0,0,0.31876134872437,-0.099654197692871,0.0,-0.07,0.31876134872437,-0.029654197692871,97.108665466309,126.00686645508,-313.31747436523,-2.8076491355896,true,false,true,false,-46,-8,0.0020614862442017,0.001007080078125
5704,SAMPLE,ALIGNING,true,1,45,0,0,0.31876134872437,-0.099654197692871,0.0,-0.07,0.31876134872437,-0.029654197692871,97.108665466309,126.00686645508,-313.31747436523,-2.8076491355896,true,false,true,false,-46,-8,0.0,0.0
5705,SAMPLE,ALIGNING,true,1,45,0,0,0.32115817070007,-0.098647594451904,0.0,-0.07,0.32115817070007,-0.028647594451904,96.599822998047,125.80962371826,-315.60998535156,-2.8303654193878,true,false,true,false,-46,-7,0.002396821975708,0.0010066032409668
5706,SAMPLE,ALIGNING,true,1,45,0,0,0.32115817070007,-0.098647594451904,0.0,-0.07,0.32115817070007,-0.028647594451904,96.599822998047,125.80962371826,-315.60998535156,-2.8303654193878,true,false,true,false,-46,-7,0.0,0.0
5707,SAMPLE,ALIGNING,true,1,45,0,0,0.32115817070007,-0.098647594451904,0.0,-0.07,0.32115817070007,-0.028647594451904,96.599822998047,125.80962371826,-315.60998535156,-2.8303654193878,true,false,true,false,-46,-7,0.0,0.0
5708,SAMPLE,ALIGNING,true,1,45,0,0,0.32384264469147,-0.097640991210938,0.0,-0.07,0.32384264469147,-0.027640991210937,96.044357299805,125.60750579834,-318.10549926758,-2.855162858963,true,false,true,false,-46,-7,0.002684473991394,0.0010066032409668
5709,SAMPLE,ALIGNING,true,1,45,0,0,0.32384264469147,-0.097640991210938,0.0,-0.07,0.32384264469147,-0.027640991210937,96.044357299805,125.60750579834,-318.10549926758,-2.855162858963,true,false,true,false,-46,-7,0.0,0.0
5710,SAMPLE,ALIGNING,true,1,45,0,0,0.32643139362335,-0.096586227416992,0.0,-0.07,0.32643139362335,-0.026586227416992,95.489151000977,125.40048980713,-320.59329223633,-2.879949092865,true,false,true,false,-46,-7,0.0025887489318848,0.0010547637939453
5711,SAMPLE,ALIGNING,true,1,45,0,0,0.32643139362335,-0.096586227416992,0.0,-0.07,0.32643139362335,-0.026586227416992,95.489151000977,125.40048980713,-320.59329223633,-2.879949092865,true,false,true,false,-46,-7,0.0,0.0
5712,SAMPLE,ALIGNING,true,1,45,0,0,0.32897198200226,-0.095483779907227,0.0,-0.07,0.32897198200226,-0.025483779907227,94.95100402832,125.18519592285,-322.99880981445,-2.9039733409882,true,false,true,false,-46,-7,0.0025405883789063,0.0011024475097656
5713,SAMPLE,ALIGNING,true,1,45,0,0,0.32897198200226,-0.095483779907227,0.0,-0.07,0.32897198200226,-0.025483779907227,94.95100402832,125.18519592285,-322.99880981445,-2.9039733409882,true,false,true,false,-46,-7,0.0,0.0
5714,SAMPLE,ALIGNING,true,1,45,0,0,0.32897198200226,-0.095483779907227,0.0,-0.07,0.32897198200226,-0.025483779907227,94.95100402832,125.18519592285,-322.99880981445,-2.9039733409882,true,false,true,false,-46,-7,0.0,0.0
5715,SAMPLE,ALIGNING,true,1,45,0,0,0.33132088184357,-0.09447717666626,0.0,-0.07,0.33132088184357,-0.02447717666626,94.45475769043,124.97765350342,-325.2116394043,-2.9261271953583,true,false,true,false,-46,-6,0.0023488998413086,0.0010066032409668
5716,SAMPLE,ALIGNING,true,1,45,0,0,0.33132088184357,-0.09447717666626,0.0,-0.07,0.33132088184357,-0.02447717666626,94.45475769043,124.97765350342,-325.2116394043,-2.9261271953583,true,false,true,false,-46,-6,0.0,0.0
5717,SAMPLE,ALIGNING,true,1,45,0,0,0.33323848247528,-0.093470573425293,0.0,-0.07,0.33323848247528,-0.023470573425293,94.050186157227,124.78038787842,-327.01266479492,-2.9441883563995,true,false,true,false,-46,-6,0.0019176006317139,0.0010066032409668
5718,SAMPLE,ALIGNING,true,1,45,0,0,0.33323848247528,-0.093470573425293,0.0,-0.07,0.33323848247528,-0.023470573425293,94.050186157227,124.78038787842,-327.01266479492,-2.9441883563995,true,false,true,false,-46,-6,0.0,0.0
5719,SAMPLE,ALIGNING,true,1,45,0,0,0.21665418148041,-0.085320949554443,0.0,-0.07,0.21665418148041,-0.015320949554443,118.05222320557,123.0405960083,-214.99282836914,-1.8726687431335,true,false,true,false,-46,-5,-0.11658430099487,0.0081496238708496
5720,SAMPLE,ALIGNING,true,1,45,0,0,0.21665418148041,-0.085320949554443,0.0,-0.07,0.21665418148041,-0.015320949554443,118.05222320557,123.0405960083,-214.99282836914,-1.8726687431335,true,false,true,false,-46,-5,0.0,0.0
5721,SAMPLE,ALIGNING,true,1,45,0,0,0.21665418148041,-0.085320949554443,0.0,-0.07,0.21665418148041,-0.015320949554443,118.05222320557,123.0405960083,-214.99282836914,-1.8726687431335,true,false,true,false,-46,-5,0.0,0.0
5722,SAMPLE,ALIGNING,true,1,45,0,0,0.13909101486206,-0.079808235168457,0.0,-0.07,0.13909101486206,-0.009808235168457,133.31886291504,121.93399047852,-138.67935180664,-1.1911222934723,true,false,true,false,-40,-5,-0.077563166618347,0.0055127143859863
5723,SAMPLE,ALIGNING,true,1,45,0,0,0.13909101486206,-0.079808235168457,0.0,-0.07,0.13909101486206,-0.009808235168457,133.31886291504,121.93399047852,-138.67935180664,-1.1911222934723,true,false,true,false,-40,-5,0.0,0.0
5724,SAMPLE,ALIGNING,true,1,45,0,0,0.10318577289581,-0.077219486236572,0.0,-0.07,0.10318577289581,-0.0072194862365723,140.26663208008,121.43037414551,-103.01934051514,-0.88095408678055,true,false,true,false,-30,-5,-0.035905241966248,0.0025887489318848
5725,SAMPLE,ALIGNING,true,1,45,0,0,0.10318577289581,-0.077219486236572,0.0,-0.07,0.10318577289581,-0.0072194862365723,140.26663208008,121.43037414551,-103.01934051514,-0.88095408678055,true,false,true,false,-30,-5,0.0,0.0
5726,SAMPLE,ALIGNING,true,1,45,0,0,0.10318577289581,-0.077219486236572,0.0,-0.07,0.10318577289581,-0.0072194862365723,140.26663208008,121.43037414551,-103.01934051514,-0.88095408678055,true,false,true,false,-30,-5,0.0,0.0
5727,SAMPLE,ALIGNING,true,1,45,0,0,0.076388597488403,-0.075302124023438,0.0,-0.07,0.076388597488403,-0.0053021240234375,145.40519714355,121.05790710449,-76.377899169922,-0.65155363082886,true,false,true,false,-22,-5,-0.02679717540741,0.0019173622131348
5728,SAMPLE,ALIGNING,true,1,45,0,0,0.076388597488403,-0.075302124023438,0.0,-0.07,0.076388597488403,-0.0053021240234375,145.40519714355,121.05790710449,-76.377899169922,-0.65155363082886,true,false,true,false,-22,-5,0.0,0.0
5729,SAMPLE,ALIGNING,true,1,45,0,0,0.05654239654541,-0.073863983154297,0.0,-0.07,0.05654239654541,-0.0038639831542969,149.20568847656,120.78242492676,-56.564250946045,-0.48188906908035,true,false,true,false,-17,-5,-0.019846200942993,0.0014381408691406
5730,SAMPLE,ALIGNING,true,1,45,0,0,0.05654239654541,-0.073863983154297,0.0,-0.07,0.05654239654541,-0.0038639831542969,149.20568847656,120.78242492676,-56.564250946045,-0.48188906908035,true,false,true,false,-17,-5,0.0,0.0
5731,SAMPLE,ALIGNING,true,1,45,0,0,0.05654239654541,-0.073863983154297,0.0,-0.07,0.05654239654541,-0.0038639831542969,152.01652526855,120.5786819458,-41.865440368652,-0.35640516877174,true,false,true,false,-17,-5,0.0,0.0
5732,SAMPLE,ALIGNING,true,1,45,0,0,0.041825532913208,-0.072809219360352,0.0,-0.07,0.041825532913208,-0.0028092193603516,152.01652526855,120.5786819458,-41.865440368652,-0.35640516877174,true,false,true,false,-13,-5,-0.014716863632202,0.0010547637939453
5733,SAMPLE,ALIGNING,true,1,45,0,0,0.041825532913208,-0.072809219360352,0.0,-0.07,0.041825532913208,-0.0028092193603516,152.01652526855,120.5786819458,-41.865440368652,-0.35640516877174,true,false,true,false,-13,-5,0.0,0.0
5734,SAMPLE,ALIGNING,true,1,45,0,0,0.030895829200745,-0.071994304656982,0.0,-0.07,0.030895829200745,-0.0019943046569824,154.0954284668,120.42799377441,-30.976009368896,-0.26359727978706,true,false,true,false,-10,-5,-0.010929703712463,0.00081491470336914
5735,SAMPLE,ALIGNING,true,1,45,0,0,0.030895829200745,-0.071994304656982,0.0,-0.07,0.030895829200745,-0.0019943046569824,154.0954284668,120.42799377441,-30.976009368896,-0.26359727978706,true,false,true,false,-10,-5,0.0,0.0
5736,SAMPLE,ALIGNING,true,1,44,1,0,0.019630432128906,-0.071179389953613,0.0,-0.07,0.019630432128906,-0.0011793899536133,156.24435424805,120.27223205566,-19.708177566528,-0.16766263544559,false,true,true,true,-6,-5,-0.011265397071838,0.00081491470336914
5737,SAMPLE,ALIGNING,true,1,43,2,0,0.019630432128906,-0.071179389953613,0.0,-0.07,0.019630432128906,-0.0011793899536133,156.24435424805,120.27223205566,-19.708177566528,-0.16766263544559,false,true,true,true,-6,-5,0.0,0.0
5738,SAMPLE,ALIGNING,true,1,42,3,0,0.019630432128906,-0.071179389953613,0.0,-0.07,0.019630432128906,-0.0011793899536133,156.24435424805,120.27223205566,-19.708177566528,-0.16766263544559,false,true,true,true,-6,-5,0.0,0.0
5739,SAMPLE,ALIGNING,true,1,41,4,0,0.014501214027405,-0.070796012878418,0.0,-0.07,0.014501214027405,-0.00079601287841796,157.22232055664,120.20133972168,-14.577477455139,-0.12400328367949,false,true,true,true,-5,-5,-0.0051292181015015,0.00038337707519531
5740,STABLE,STABLE,true,1,40,5,0,0.014501214027405,-0.070796012878418,0.0,-0.07,0.014501214027405,-0.00079601287841796,157.22232055664,120.20133972168,-14.577477455139,-0.12400328367949,false,true,true,true,0,0,0.0,0.0
5741,SAMPLE,STABLE,true,1,45,6,0,0.010714054107666,-0.070508480072021,0.0,-0.07,0.010714054107666,-0.00050848007202148,157.94563293457,120.14891052246,-10.782000541687,-0.091712832450867,false,true,true,true,0,0,-0.0037871599197388,0.00028753280639648
5742,SAMPLE,STABLE,true,1,45,7,0,0.010714054107666,-0.070508480072021,0.0,-0.07,0.010714054107666,-0.00050848007202148,157.94563293457,120.14891052246,-10.782000541687,-0.091712832450867,false,true,true,true,0,0,0.0,0.0
5743,SAMPLE,STABLE,true,1,45,8,0,0.0079337358474731,-0.070316314697266,0.0,-0.07,0.0079337358474731,-0.00031631469726562,158.48059082031,120.11013793945,-7.9745750427246,-0.067830815911293,false,true,true,true,0,0,-0.0027803182601929,0.00019216537475586
5744,SAMPLE,STABLE,true,1,45,9,0,0.0079337358474731,-0.070316314697266,0.0,-0.07,0.0079337358474731,-0.00031631469726562,158.48059082031,120.11013793945,-7.9745750427246,-0.067830815911293,false,true,true,true,0,0,0.0,0.0
5745,SAMPLE,STABLE,true,1,45,10,0,0.0079337358474731,-0.070316314697266,0.0,-0.07,0.0079337358474731,-0.00031631469726562,158.48059082031,120.11013793945,-7.9745750427246,-0.067830815911293,false,true,true,true,0,0,0.0,0.0
5746,SAMPLE,STABLE,true,1,45,11,0,0.0050095319747925,-0.070124626159668,0.0,-0.07,0.0050095319747925,-0.00012462615966796,159.03356933594,120.07005310059,-5.0723795890808,-0.043144199997187,false,true,true,true,0,0,-0.0029242038726807,0.00019168853759766
5747,SAMPLE,STABLE,true,1,45,12,0,0.0050095319747925,-0.070124626159668,0.0,-0.07,0.0050095319747925,-0.00012462615966796,159.03356933594,120.07005310059,-5.0723795890808,-0.043144199997187,false,true,true,true,0,0,0.0,0.0
5748,SAMPLE,STABLE,true,1,45,13,0,0.0036672353744507,-0.070028781890869,0.0,-0.07,0.0036672353744507,-2.8781890869134e-05,159.28523254395,120.05181121826,-3.7515296936035,-0.031909454613924,false,true,true,true,0,0,-0.0013422966003418,9.5844268798828e-05
5749,SAMPLE,STABLE,true,1,45,14,0,0.0036672353744507,-0.070028781890869,0.0,-0.07,0.0036672353744507,-2.8781890869134e-05,159.28523254395,120.05181121826,-3.7515296936035,-0.031909454613924,false,true,true,true,0,0,0.0,0.0
5750,SAMPLE,STABLE,true,1,45,15,0,0.0036672353744507,-0.070028781890869,0.0,-0.07,0.0036672353744507,-2.8781890869134e-05,159.28523254395,120.05181121826,-3.7515296936035,-0.031909454613924,false,true,true,true,0,0,0.0,0.0
5751,SAMPLE,STABLE,true,1,45,16,0,0.0027084350585938,-0.06993293762207,0.0,-0.07,0.0027084350585938,6.7062377929694e-05,159.47135925293,120.03832244873,-2.7746336460114,-0.023600233718753,false,true,true,true,0,0,-0.00095880031585693,9.5844268798828e-05
5752,SAMPLE,STABLE,true,1,45,17,0,0.0027084350585938,-0.06993293762207,0.0,-0.07,0.0027084350585938,6.7062377929694e-05,159.47135925293,120.03832244873,-2.7746336460114,-0.023600233718753,false,true,true,true,0,0,0.0,0.0
5753,SAMPLE,STABLE,true,1,45,18,0,0.0019893646240234,-0.06988525390625,0.0,-0.07,0.0019893646240234,0.00011474609375001,159.60900878906,120.02834320068,-2.0521669387817,-0.017454734072089,false,true,true,true,0,0,-0.00071907043457031,4.7683715820313e-05
5754,SAMPLE,STABLE,true,1,45,19,0,0.0019893646240234,-0.06988525390625,0.0,-0.07,0.0019893646240234,0.00011474609375001,159.60900878906,120.02834320068,-2.0521669387817,-0.017454734072089,false,true,true,true,0,0,0.0,0.0
5755,SAMPLE,STABLE,true,1,45,20,0,0.0014621019363403,-0.069837093353271,0.0,-0.07,0.0014621019363403,0.00016290664672852,159.71083068848,120.02095794678,-1.5177434682846,-0.012909521348774,false,true,true,true,0,0,-0.00052726268768311,4.8160552978516e-05
5756,SAMPLE,STABLE,true,1,45,21,0,0.0014621019363403,-0.069837093353271,0.0,-0.07,0.0014621019363403,0.00016290664672852,159.71083068848,120.02095794678,-1.5177434682846,-0.012909521348774,false,true,true,true,0,0,0.0,0.0
5757,SAMPLE,STABLE,true,1,45,22,0,0.0014621019363403,-0.069837093353271,0.0,-0.07,0.0014621019363403,0.00016290664672852,159.71083068848,120.02095794678,-1.5177434682846,-0.012909521348774,false,true,true,true,0,0,0.0,0.0
5758,SAMPLE,STABLE,true,1,45,23,0,0.0010306835174561,-0.069837093353271,0.0,-0.07,0.0010306835174561,0.00016290664672852,159.7861328125,120.01550292969,-1.1225109100342,-0.0095478817820549,false,true,true,true,0,0,-0.00043141841888428,0.0
5759,SAMPLE,STABLE,true,1,45,24,0,0.0010306835174561,-0.069837093353271,0.0,-0.07,0.0010306835174561,0.00016290664672852,159.7861328125,120.01550292969,-1.1225109100342,-0.0095478817820549,false,true,true,true,0,0,0.0,0.0
5760,SAMPLE,STABLE,true,1,45,25,0,0.00079095363616943,-0.069789208471775,0.0,-0.07,0.00079095363616943,0.00021079152822495,159.84182739258,120.01146697998,-0.83019053936005,-0.0070616137236357,false,true,true,true,0,0,-0.00023972988128662,4.7884881496429e-05
5761,SAMPLE,STABLE,true,1,45,26,0,0.00079095363616943,-0.069789208471775,0.0,-0.07,0.00079095363616943,0.00021079152822495,159.84182739258,120.01146697998,-0.83019053936005,-0.0070616137236357,false,true,true,true,0,0,0.0,0.0
5762,SAMPLE,STABLE,true,1,45,27,0,0.00055122375488281,-0.069789208471775,0.0,-0.07,0.00055122375488281,0.00021079152822495,159.88301086426,120.00847625732,-0.61403357982635,-0.0052227694541216,false,true,true,true,0,0,-0.00023972988128662,0.0
5763,SAMPLE,STABLE,true,1,45,28,0,0.00055122375488281,-0.069789208471775,0.0,-0.07,0.00055122375488281,0.00021079152822495,159.88301086426,120.00847625732,-0.61403357982635,-0.0052227694541216,false,true,true,true,0,0,0.0,0.0
5764,SAMPLE,STABLE,true,1,45,29,0,0.00055122375488281,-0.069789208471775,0.0,-0.07,0.00055122375488281,0.00021079152822495,159.88301086426,120.00847625732,-0.61403357982635,-0.0052227694541216,false,true,true,true,0,0,0.0,0.0
5765,SAMPLE,STABLE,true,1,45,30,0,0.00035953521728516,-0.069789208471775,0.0,-0.07,0.00035953521728516,0.00021079152822495,159.91346740723,120.0062713623,-0.45417821407318,-0.0038627602625638,false,true,true,true,0,0,-0.00019168853759766,0.0
5766,SAMPLE,STABLE,true,1,45,31,0,0.00035953521728516,-0.069789208471775,0.0,-0.07,0.00035953521728516,0.00021079152822495,159.91346740723,120.0062713623,-0.45417821407318,-0.0038627602625638,false,true,true,true,0,0,0.0,0.0
5767,SAMPLE,STABLE,true,1,45,32,0,0.00031161308288574,-0.069837093353271,0.0,-0.07,0.00031161308288574,0.00016290664672852,159.93600463867,120.00463867188,-0.33588850498199,-0.0028568976558745,false,true,true,true,0,0,-4.7922134399414e-05,-4.7884881496429e-05
5768,SAMPLE,STABLE,true,1,45,33,0,0.00031161308288574,-0.069837093353271,0.0,-0.07,0.00031161308288574,0.00016290664672852,159.93600463867,120.00463867188,-0.33588850498199,-0.0028568976558745,false,true,true,true,0,0,0.0,0.0
5769,SAMPLE,STABLE,true,1,45,34,0,0.00021576881408691,-0.069837093353271,0.0,-0.07,0.00021576881408691,0.00016290664672852,159.95266723633,120.00343322754,-0.24843256175518,-0.0021129616070539,false,true,true,true,0,0,-9.5844268798828e-05,0.0
5770,SAMPLE,STABLE,true,1,45,35,0,0.00021576881408691,-0.069837093353271,0.0,-0.07,0.00021576881408691,0.00016290664672852,159.95266723633,120.00343322754,-0.24843256175518,-0.0021129616070539,false,true,true,true,0,0,0.0,0.0
5771,SAMPLE,STABLE,true,1,45,36,0,0.00021576881408691,-0.069837093353271,0.0,-0.07,0.00021576881408691,0.00016290664672852,159.95266723633,120.00343322754,-0.24843256175518,-0.0021129616070539,false,true,true,true,0,0,0.0,0.0
5772,SAMPLE,STABLE,true,1,45,37,0,0.00011980533599854,-0.069837093353271,0.0,-0.07,0.00011980533599854,0.00016290664672852,159.96989440918,120.00218200684,-0.1580133587122,-0.0013439620379359,false,true,true,true,0,0,-9.5963478088379e-05,0.0
5773,SAMPLE,STABLE,true,1,45,38,0,0.00011980533599854,-0.069837093353271,0.0,-0.07,0.00011980533599854,0.00016290664672852,159.96989440918,120.00218200684,-0.1580133587122,-0.0013439620379359,false,true,true,true,0,0,0.0,0.0
5774,SAMPLE,STABLE,true,1,45,39,0,2.3961067199707e-05,-0.069837093353271,0.0,-0.07,2.3961067199707e-05,0.00016290664672852,159.97773742676,120.00161743164,-0.11684820055962,-0.00099399441387504,false,true,true,true,0,0,-9.5844268798828e-05,0.0
5775,SAMPLE,STABLE,true,1,45,40,0,2.3961067199707e-05,-0.069837093353271,0.0,-0.07,2.3961067199707e-05,0.00016290664672852,159.97773742676,120.00161743164,-0.11684820055962,-0.00099399441387504,false,true,true,true,0,0,0.0,0.0
5776,SAMPLE,STABLE,true,1,45,41,0,2.3961067199707e-05,-0.069837093353271,0.0,-0.07,2.3961067199707e-05,0.00016290664672852,159.9835357666,120.00119018555,-0.086414806544781,-0.0007351582753472,false,true,true,true,0,0,0.0,0.0
5777,SAMPLE,STABLE,true,1,45,42,0,2.3961067199707e-05,-0.069837093353271,0.0,-0.07,2.3961067199707e-05,0.00016290664672852,159.9835357666,120.00119018555,-0.086414806544781,-0.0007351582753472,false,true,true,true,0,0,0.0,0.0
5778,SAMPLE,STABLE,true,1,45,43,0,2.3961067199707e-05,-0.069837093353271,0.0,-0.07,2.3961067199707e-05,0.00016290664672852,159.9835357666,120.00119018555,-0.086414806544781,-0.0007351582753472,false,true,true,true,0,0,0.0,0.0
5779,SAMPLE,STABLE,true,1,45,44,0,-2.3841857910156e-05,-0.069837093353271,0.0,-0.07,-2.3841857910156e-05,0.00016290664672852,159.9895324707,120.00076293945,-0.054940275847912,-0.0004676018434111,false,true,true,true,0,0,-4.7802925109863e-05,0.0
5780,SAMPLE,STABLE,true,1,45,45,0,-2.3841857910156e-05,-0.069837093353271,0.0,-0.07,-2.3841857910156e-05,0.00016290664672852,159.9895324707,120.00076293945,-0.054940275847912,-0.0004676018434111,false,true,true,true,0,0,0.0,0.0
5781,SAMPLE,STABLE,true,1,45,46,0,-2.3841857910156e-05,-0.069837093353271,0.0,-0.07,-2.3841857910156e-05,0.00016290664672852,159.99224853516,120.0005645752,-0.040684632956982,-0.00034583831438795,false,true,true,true,0,0,0.0,0.0
5782,SAMPLE,STABLE,true,1,45,47,0,-2.3841857910156e-05,-0.069837093353271,0.0,-0.07,-2.3841857910156e-05,0.00016290664672852,159.99224853516,120.0005645752,-0.040684632956982,-0.00034583831438795,false,true,true,true,0,0,0.0,0.0
5783,SAMPLE,STABLE,true,1,45,48,0,-2.3841857910156e-05,-0.069837093353271,0.0,-0.07,-2.3841857910156e-05,0.00016290664672852,159.99224853516,120.0005645752,-0.040684632956982,-0.00034583831438795,false,true,true,true,0,0,0.0,0.0
5784,ALIGNING,ALIGNING,true,1,45,0,0,0.12389481067657,-0.075014591217041,0.0,-0.07,0.12389481067657,-0.005014591217041,136.26885986328,121.00887298584,-123.59935760498,-1.0594263076782,true,false,true,false,-36,-5,0.12391865253448,-0.0051774978637695
5785,SAMPLE,ALIGNING,true,1,45,0,0,0.12389481067657,-0.075014591217041,0.0,-0.07,0.12389481067657,-0.005014591217041,136.26885986328,121.00887298584,-123.59935760498,-1.0594263076782,true,false,true,false,-36,-5,0.0,0.0
5786,SAMPLE,ALIGNING,true,1,45,0,0,0.17327058315277,-0.079616546630859,0.0,-0.07,0.17327058315277,-0.0096165466308594,126.6453704834,121.90893554688,-172.43537902832,-1.489046216011,true,false,true,false,-46,-5,0.049375772476196,-0.0046019554138184
5787,SAMPLE,ALIGNING,true,1,45,0,0,0.17327058315277,-0.079616546630859,0.0,-0.07,0.17327058315277,-0.0096165466308594,126.6453704834,121.90893554688,-172.43537902832,-1.489046216011,true,false,true,false,-46,-5,0.0,0.0
5788,SAMPLE,ALIGNING,true,1,45,0,0,0.17327058315277,-0.079616546630859,0.0,-0.07,0.17327058315277,-0.0096165466308594,120.42948913574,122.96832275391,-203.32807922363,-1.7665407657623,true,false,true,false,-46,-5,0.0,0.0
5789,SAMPLE,ALIGNING,true,1,45,0,0,0.2047176361084,-0.084985733032227,0.0,-0.07,0.2047176361084,-0.014985733032227,120.42948913574,122.96832275391,-203.32807922363,-1.7665407657623,true,false,true,false,-46,-5,0.031447052955627,-0.0053691864013672
5790,SAMPLE,ALIGNING,true,1,45,0,0,0.2047176361084,-0.084985733032227,0.0,-0.07,0.2047176361084,-0.014985733032227,120.42948913574,122.96832275391,-203.32807922363,-1.7665407657623,true,false,true,false,-46,-5,0.0,0.0
5791,SAMPLE,ALIGNING,true,1,45,0,0,0.22221481800079,-0.090498447418213,0.0,-0.07,0.22221481800079,-0.020498447418213,116.94006347656,124.0601348877,-220.39848327637,-1.9223189353943,true,false,true,false,-46,-6,0.017497181892395,-0.0055127143859863
5792,SAMPLE,ALIGNING,true,1,45,0,0,0.22221481800079,-0.090498447418213,0.0,-0.07,0.22221481800079,-0.020498447418213,116.94006347656,124.0601348877,-220.39848327637,-1.9223189353943,true,false,true,false,-46,-6,0.0,0.0
5793,SAMPLE,ALIGNING,true,1,45,0,0,0.22959721088409,-0.094620704650879,0.0,-0.07,0.22959721088409,-0.024620704650879,115.46296691895,124.86262512207,-227.55221557617,-1.9882605075836,true,false,true,false,-46,-6,0.0073823928833008,-0.004122257232666
5794,SAMPLE,ALIGNING,true,1,45,0,0,0.22959721088409,-0.094620704650879,0.0,-0.07,0.22959721088409,-0.024620704650879,115.46296691895,124.86262512207,-227.55221557617,-1.9882605075836,true,false,true,false,-46,-6,0.0,0.0
5795,SAMPLE,ALIGNING,true,1,45,0,0,0.2294055223465,-0.096442699432373,0.0,-0.07,0.2294055223465,-0.026442699432373,115.50831604004,125.22447967529,-227.32168579102,-1.9862360954285,true,false,true,false,-46,-7,-0.00019168853759766,-0.0018219947814941
5796,SAMPLE,ALIGNING,true,1,45,0,0,0.2294055223465,-0.096442699432373,0.0,-0.07,0.2294055223465,-0.026442699432373,115.50831604004,125.22447967529,-227.32168579102,-1.9862360954285,true,false,true,false,-46,-7,0.0,0.0
5797,SAMPLE,ALIGNING,true,1,45,0,0,0.2294055223465,-0.096442699432373,0.0,-0.07,0.2294055223465,-0.026442699432373,115.50831604004,125.22447967529,-227.32168579102,-1.9862360954285,true,false,true,false,-46,-7,0.0,0.0
5798,SAMPLE,ALIGNING,true,1,45,0,0,0.22350931167603,-0.096202850341797,0.0,-0.07,0.22350931167603,-0.026202850341797,116.68999481201,125.1693649292,-221.58604431152,-1.9334824085236,true,false,true,false,-46,-7,-0.0058962106704712,0.00023984909057617
5799,SAMPLE,ALIGNING,true,1,45,0,0,0.22350931167603,-0.096202850341797,0.0,-0.07,0.22350931167603,-0.026202850341797,116.68999481201,125.1693649292,-221.58604431152,-1.9334824085236,true,false,true,false,-46,-7,0.0,0.0
5800,SAMPLE,ALIGNING,true,1,45,0,0,0.20941555500031,-0.093374729156494,0.0,-0.07,0.20941555500031,-0.023374729156494,119.49967956543,124.60084533691,-207.86770629883,-1.8080501556396,true,false,true,false,-46,-6,-0.01409375667572,0.0028281211853027
5801,SAMPLE,ALIGNING,true,1,45,0,0,0.20941555500031,-0.093374729156494,0.0,-0.07,0.20941555500031,-0.023374729156494,119.49967956543,124.60084533691,-207.86770629883,-1.8080501556396,true,false,true,false,-46,-6,0.0,0.0
5802,SAMPLE,ALIGNING,true,1,45,0,0,0.20941555500031,-0.093374729156494,0.0,-0.07,0.20941555500031,-0.023374729156494,119.49967956543,124.60084533691,-207.86770629883,-1.8080501556396,true,false,true,false,-46,-6,0.0,0.0
5803,SAMPLE,ALIGNING,true,1,45,0,0,0.19450700283051,-0.090162754058838,0.0,-0.07,0.19450700283051,-0.020162754058838,122.45034790039,123.96508026123,-193.32464599609,-1.676323890686,true,false,true,false,-46,-5,-0.0149085521698,0.0032119750976563
5804,SAMPLE,ALIGNING,true,1,45,0,0,0.19450700283051,-0.090162754058838,0.0,-0.07,0.19450700283051,-0.020162754058838,122.45034790039,123.96508026123,-193.32464599609,-1.676323890686,true,false,true,false,-46,-5,0.0,0.0
5805,SAMPLE,ALIGNING,true,1,45,0,0,0.17820823192596,-0.087430000305176,0.0,-0.07,0.17820823192596,-0.017430000305176,125.67585754395,123.42462921143,-177.27304077148,-1.5323277711868,true,false,true,false,-46,-5,-0.016298770904541,0.0027327537536621
5806,SAMPLE,ALIGNING,true,1,45,0,0,0.17820823192596,-0.087430000305176,0.0,-0.07,0.17820823192596,-0.017430000305176,125.67585754395,123.42462921143,-177.27304077148,-1.5323277711868,true,false,true,false,-46,-5,0.0,0.0
5807,SAMPLE,ALIGNING,true,1,45,0,0,0.16095066070557,-0.085369110107422,0.0,-0.07,0.16095066070557,-0.015369110107422,129.05364990234,123.01108551025,-160.30558776855,-1.3815336227417,true,false,true,false,-46,-5,-0.017257571220398,0.0020608901977539
5808,SAMPLE,ALIGNING,true,1,45,0,0,0.16095066070557,-0.085369110107422,0.0,-0.07,0.16095066070557,-0.015369110107422,129.05364990234,123.01108551025,-160.30558776855,-1.3815336227417,true,false,true,false,-46,-5,0.0,0.0
5809,SAMPLE,ALIGNING,true,1,45,0,0,0.16095066070557,-0.085369110107422,0.0,-0.07,0.16095066070557,-0.015369110107422,129.05364990234,123.01108551025,-160.30558776855,-1.3815336227417,true,false,true,false,-46,-5,0.0,0.0
5810,SAMPLE,ALIGNING,true,1,45,0,0,0.13616681098938,-0.083067893981934,0.0,-0.07,0.13616681098938,-0.013067893981934,133.88552856445,122.55962371826,-135.78373718262,-1.1658248901367,true,false,true,false,-39,-5,-0.024783849716187,0.0023012161254883
5811,SAMPLE,ALIGNING,true,1,45,0,0,0.13616681098938,-0.083067893981934,0.0,-0.07,0.13616681098938,-0.013067893981934,133.88552856445,122.55962371826,-135.78373718262,-1.1658248901367,true,false,true,false,-39,-5,0.0,0.0
5812,SAMPLE,ALIGNING,true,1,45,0,0,0.11727941036224,-0.082636833190918,0.0,-0.07,0.11727941036224,-0.012636833190918,137.54396057129,122.47058105469,-117.04368591309,-1.0025017261505,true,false,true,false,-34,-5,-0.018887400627136,0.00043106079101563
5813,SAMPLE,ALIGNING,true,1,45,0,0,0.11727941036224,-0.082636833190918,0.0,-0.07,0.11727941036224,-0.012636833190918,137.54396057129,122.47058105469,-117.04368591309,-1.0025017261505,true,false,true,false,-34,-5,0.0,0.0
5814,SAMPLE,ALIGNING,true,1,45,0,0,0.098535895347595,-0.082636833190918,0.0,-0.07,0.098535895347595,-0.012636833190918,141.16122436523,122.47133636475,-98.389877319336,-0.84101670980453,true,false,true,false,-29,-5,-0.018743515014648,0.0
5815,SAMPLE,ALIGNING,true,1,45,0,0,0.098535895347595,-0.082636833190918,0.0,-0.07,0.098535895347595,-0.012636833190918,141.16122436523,122.47133636475,-98.389877319336,-0.84101670980453,true,false,true,false,-29,-5,0.0,0.0
5816,SAMPLE,ALIGNING,true,1,45,0,0,0.098535895347595,-0.082636833190918,0.0,-0.07,0.098535895347595,-0.012636833190918,141.16122436523,122.47133636475,-98.389877319336,-0.84101670980453,true,false,true,false,-29,-5,0.0,0.0
5817,SAMPLE,ALIGNING,true,1,45,0,0,0.07960045337677,-0.083691120147705,0.0,-0.07,0.07960045337677,-0.013691120147705,144.79516601563,122.66514587402,-79.544021606445,-0.67878699302673,true,false,true,false,-23,-5,-0.018935441970825,-0.0010542869567871
5818,SAMPLE,ALIGNING,true,1,45,0,0,0.07960045337677,-0.083691120147705,0.0,-0.07,0.07960045337677,-0.013691120147705,144.79516601563,122.66514587402,-79.544021606445,-0.67878699302673,true,false,true,false,-23,-5,0.0,0.0
5819,SAMPLE,ALIGNING,true,1,45,0,0,0.054193496704102,-0.085513114929199,0.0,-0.07,0.054193496704102,-0.015513114929199,149.66073608398,123.01075744629,-54.180583953857,-0.46157440543175,true,false,true,false,-16,-5,-0.025406956672668,-0.0018219947814941
5820,SAMPLE,ALIGNING,true,1,45,0,0,0.054193496704102,-0.085513114929199,0.0,-0.07,0.054193496704102,-0.015513114929199,149.66073608398,123.01075744629,-54.180583953857,-0.46157440543175,true,false,true,false,-16,-5,0.0,0.0
5821,SAMPLE,ALIGNING,true,1,45,0,0,0.035881400108337,-0.084985733032227,0.0,-0.07,0.035881400108337,-0.014985733032227,153.15629577637,122.9055480957,-35.892807006836,-0.30552238225937,true,false,true,false,-11,-5,-0.018312096595764,0.00052738189697266
5822,SAMPLE,ALIGNING,true,1,45,0,0,0.035881400108337,-0.084985733032227,0.0,-0.07,0.035881400108337,-0.014985733032227,153.15629577637,122.9055480957,-35.892807006836,-0.30552238225937,true,false,true,false,-11,-5,0.0,0.0
5823,SAMPLE,ALIGNING,true,1,45,0,0,0.035881400108337,-0.084985733032227,0.0,-0.07,0.035881400108337,-0.014985733032227,153.15629577637,122.9055480957,-35.892807006836,-0.30552238225937,true,false,true,false,-11,-5,0.0,0.0
5824,SAMPLE,ALIGNING,true,1,44,1,0,0.01713764667511,-0.083691120147705,0.0,-0.07,0.01713764667511,-0.013691120147705,156.72134399414,122.653465271,-17.204263687134,-0.14636842906475,false,true,true,true,-6,-5,-0.018743753433228,0.0012946128845215
5825,SAMPLE,ALIGNING,true,1,43,2,0,0.01713764667511,-0.083691120147705,0.0,-0.07,0.01713764667511,-0.013691120147705,156.72134399414,122.653465271,-17.204263687134,-0.14636842906475,false,true,true,true,-6,-5,0.0,0.0
5826,SAMPLE,ALIGNING,true,1,42,3,0,-0.0021328926086426,-0.081438064575195,0.0,-0.07,-0.0021328926086426,-0.011438064575195,160.41505432129,122.23150634766,2.1783156394958,0.018529161810875,false,true,true,true,4,-5,-0.019270539283752,0.0022530555725098
5827,SAMPLE,ALIGNING,true,1,41,4,0,-0.0021328926086426,-0.081438064575195,0.0,-0.07,-0.0021328926086426,-0.011438064575195,160.41505432129,122.23150634766,2.1783156394958,0.018529161810875,false,true,true,true,4,-5,0.0,0.0
5828,STABLE,STABLE,true,1,40,5,0,-0.0021328926086426,-0.081438064575195,0.0,-0.07,-0.0021328926086426,-0.011438064575195,164.2281036377,121.77217102051,22.18536567688,0.18875455856323,false,true,true,true,0,0,0.0,0.0
5829,ALIGNING,ALIGNING,true,1,40,0,0,-0.022123336791992,-0.079041481018066,0.0,-0.07,-0.022123336791992,-0.0090414810180664,164.2281036377,121.77217102051,22.18536567688,0.18875455856323,true,false,true,false,6,-5,-0.01999044418335,0.0023965835571289
5830,SAMPLE,ALIGNING,true,1,45,0,0,-0.022123336791992,-0.079041481018066,0.0,-0.07,-0.022123336791992,-0.0090414810180664,164.2281036377,121.77217102051,22.18536567688,0.18875455856323,true,false,true,false,6,-5,0.0,0.0
5831,SAMPLE,ALIGNING,true,1,45,0,0,-0.042544841766357,-0.077219486236572,0.0,-0.07,-0.042544841766357,-0.0072194862365723,168.12098693848,121.42365264893,42.584266662598,0.36254435777664,true,false,true,false,12,-5,-0.020421504974365,0.0018219947814941
5832,SAMPLE,ALIGNING,true,1,45,0,0,-0.042544841766357,-0.077219486236572,0.0,-0.07,-0.042544841766357,-0.0072194862365723,168.12098693848,121.42365264893,42.584266662598,0.36254435777664,true,false,true,false,12,-5,0.0,0.0
5833,SAMPLE,ALIGNING,true,1,45,0,0,-0.063253879547119,-0.076787948608398,0.0,-0.07,-0.063253879547119,-0.0067879486083984,172.07270812988,121.34506225586,63.236877441406,0.5389603972435,true,false,true,false,18,-5,-0.020709037780762,0.00043153762817383
5834,SAMPLE,ALIGNING,true,1,45,0,0,-0.063253879547119,-0.076787948608398,0.0,-0.07,-0.063253879547119,-0.0067879486083984,172.07270812988,121.34506225586,63.236877441406,0.5389603972435,true,false,true,false,18,-5,0.0,0.0
5835,SAMPLE,ALIGNING,true,1,45,0,0,-0.078306198120117,-0.078561782836914,0.0,-0.07,-0.078306198120117,-0.0085617828369141,174.95529174805,121.68547058105,78.251167297363,0.66764682531357,true,false,true,false,22,-5,-0.015052318572998,-0.0017738342285156
5836,SAMPLE,ALIGNING,true,1,45,0,0,-0.078306198120117,-0.078561782836914,0.0,-0.07,-0.078306198120117,-0.0085617828369141,174.95529174805,121.68547058105,78.251167297363,0.66764682531357,true,false,true,false,22,-5,0.0,0.0
5837,SAMPLE,ALIGNING,true,1,45,0,0,-0.078306198120117,-0.078561782836914,0.0,-0.07,-0.078306198120117,-0.0085617828369141,174.95529174805,121.68547058105,78.251167297363,0.66764682531357,true,false,true,false,22,-5,0.0,0.0
5838,SAMPLE,ALIGNING,true,1,45,0,0,-0.093502521514893,-0.082588672637939,0.0,-0.07,-0.093502521514893,-0.012588672637939,177.88165283203,122.45431518555,93.435989379883,0.79828834533691,true,false,true,false,26,-5,-0.015196323394775,-0.0040268898010254
5839,SAMPLE,ALIGNING,true,1,45,0,0,-0.093502521514893,-0.082588672637939,0.0,-0.07,-0.093502521514893,-0.012588672637939,177.88165283203,122.45431518555,93.435989379883,0.79828834533691,true,false,true,false,26,-5,0.0,0.0
5840,SAMPLE,ALIGNING,true,1,45,0,0,-0.1080756187439,-0.086950778961182,0.0,-0.07,-0.1080756187439,-0.016950778961182,180.67774963379,123.29846191406,107.88046264648,0.9231139421463,true,false,true,false,30,-5,-0.014573097229004,-0.0043621063232422
5841,SAMPLE,ALIGNING,true,1,45,0,0,-0.1080756187439,-0.086950778961182,0.0,-0.07,-0.1080756187439,-0.016950778961182,180.67774963379,123.29846191406,107.88046264648,0.9231139421463,true,false,true,false,30,-5,0.0,0.0
5842,SAMPLE,ALIGNING,true,1,45,0,0,-0.1080756187439,-0.086950778961182,0.0,-0.07,-0.1080756187439,-0.016950778961182,180.67774963379,123.29846191406,107.88046264648,0.9231139421463,true,false,true,false,30,-5,0.0,0.0
5843,SAMPLE,ALIGNING,true,1,45,0,0,-0.12883234024048,-0.08925199508667,0.0,-0.07,-0.12883234024048,-0.01925199508667,184.68896484375,123.75039672852,128.48449707031,1.1021859645844,true,false,true,false,36,-5,-0.020756721496582,-0.0023012161254883
5844,SAMPLE,ALIGNING,true,1,45,0,0,-0.12883234024048,-0.08925199508667,0.0,-0.07,-0.12883234024048,-0.01925199508667,184.68896484375,123.75039672852,128.48449707031,1.1021859645844,true,false,true,false,36,-5,0.0,0.0
5845,SAMPLE,ALIGNING,true,1,45,0,0,-0.14316558837891,-0.089300155639648,0.0,-0.07,-0.14316558837891,-0.019300155639648,187.47428894043,123.76390075684,142.69902038574,1.226530790329,true,false,true,false,40,-5,-0.014333248138428,-4.8160552978516e-05
5846,SAMPLE,ALIGNING,true,1,45,0,0,-0.14316558837891,-0.089300155639648,0.0,-0.07,-0.14316558837891,-0.019300155639648,187.47428894043,123.76390075684,142.69902038574,1.226530790329,true,false,true,false,40,-5,0.0,0.0
5847,SAMPLE,ALIGNING,true,1,45,0,0,-0.14316558837891,-0.089300155639648,0.0,-0.07,-0.14316558837891,-0.019300155639648,187.47428894043,123.76390075684,142.69902038574,1.226530790329,true,false,true,false,40,-5,0.0,0.0
5848,SAMPLE,ALIGNING,true,1,45,0,0,-0.15999174118042,-0.089491844177246,0.0,-0.07,-0.15999174118042,-0.019491844177246,190.75157165527,123.80856323242,159.31069946289,1.3728379011154,true,false,true,false,45,-5,-0.016826152801514,-0.00019168853759766
5849,SAMPLE,ALIGNING,true,1,45,0,0,-0.15999174118042,-0.089491844177246,0.0,-0.07,-0.15999174118042,-0.019491844177246,190.75157165527,123.80856323242,159.31069946289,1.3728379011154,true,false,true,false,45,-5,0.0,0.0
5850,SAMPLE,ALIGNING,true,1,45,0,0,-0.16914796829224,-0.089875221252441,0.0,-0.07,-0.16914796829224,-0.019875221252441,192.54634094238,123.88909912109,168.35075378418,1.452961564064,true,false,true,false,45,-5,-0.0091562271118164,-0.00038337707519531
5851,SAMPLE,ALIGNING,true,1,45,0,0,-0.16914796829224,-0.089875221252441,0.0,-0.07,-0.16914796829224,-0.019875221252441,192.54634094238,123.88909912109,168.35075378418,1.452961564064,true,false,true,false,45,-5,0.0,0.0
5852,SAMPLE,ALIGNING,true,1,45,0,0,-0.16914796829224,-0.089875221252441,0.0,-0.07,-0.16914796829224,-0.019875221252441,192.54634094238,123.88909912109,168.35075378418,1.452961564064,true,false,true,false,45,-5,0.0,0.0
5853,SAMPLE,ALIGNING,true,1,45,0,0,-0.17614698410034,-0.090306758880615,0.0,-0.07,-0.17614698410034,-0.020306758880615,193.91700744629,123.98022460938,175.22561645508,1.5141524076462,true,false,true,false,45,-5,-0.0069990158081055,-0.00043153762817383
5854,SAMPLE,ALIGNING,true,1,45,0,0,-0.17614698410034,-0.090306758880615,0.0,-0.07,-0.17614698410034,-0.020306758880615,193.91700744629,123.98022460938,175.22561645508,1.5141524076462,true,false,true,false,45,-5,0.0,0.0
5855,SAMPLE,ALIGNING,true,1,45,0,0,-0.18386507034302,-0.091025829315186,0.0,-0.07,-0.18386507034302,-0.021025829315186,195.44429016113,124.12856292725,182.85478210449,1.5823346376419,true,false,true,false,45,-6,-0.0077180862426758,-0.00071907043457031
5856,SAMPLE,ALIGNING,true,1,45,0,0,-0.18386507034302,-0.091025829315186,0.0,-0.07,-0.18386507034302,-0.021025829315186,195.44429016113,124.12856292725,182.85478210449,1.5823346376419,true,false,true,false,45,-6,0.0,0.0
5857,SAMPLE,ALIGNING,true,1,45,0,0,-0.18386507034302,-0.091025829315186,0.0,-0.07,-0.18386507034302,-0.021025829315186,195.44429016113,124.12856292725,182.85478210449,1.5823346376419,true,false,true,false,45,-6,0.0,0.0
5858,SAMPLE,ALIGNING,true,1,45,0,0,-0.19028854370117,-0.091840744018555,0.0,-0.07,-0.19028854370117,-0.021840744018555,196.70555114746,124.28988647461,189.12924194336,1.6386406421661,true,false,true,false,45,-6,-0.0064234733581543,-0.00081491470336914
5859,SAMPLE,ALIGNING,true,1,45,0,0,-0.19028854370117,-0.091840744018555,0.0,-0.07,-0.19028854370117,-0.021840744018555,196.70555114746,124.28988647461,189.12924194336,1.6386406421661,true,false,true,false,45,-6,0.0,0.0
5860,SAMPLE,ALIGNING,true,1,45,0,0,-0.19565725326538,-0.092751502990723,0.0,-0.07,-0.19565725326538,-0.022751502990723,197.76675415039,124.46900939941,194.38934326172,1.6860158443451,true,false,true,false,45,-6,-0.005368709564209,-0.00091075897216797
5861,SAMPLE,ALIGNING,true,1,45,0,0,-0.19565725326538,-0.092751502990723,0.0,-0.07,-0.19565725326538,-0.022751502990723,197.76675415039,124.46900939941,194.38934326172,1.6860158443451,true,false,true,false,45,-6,0.0,0.0
5862,SAMPLE,ALIGNING,true,1,45,0,0,-0.19565725326538,-0.092751502990723,0.0,-0.07,-0.19565725326538,-0.022751502990723,198.49314880371,124.65184020996,197.97856140137,1.7184443473816,true,false,true,false,45,-6,0.0,0.0
5863,SAMPLE,ALIGNING,true,1,45,0,0,-0.19930076599121,-0.093662261962891,0.0,-0.07,-0.19930076599121,-0.023662261962891,198.49314880371,124.65184020996,197.97856140137,1.7184443473816,true,false,true,false,45,-6,-0.0036435127258301,-0.00091075897216797
5864,SAMPLE,ALIGNING,true,1,45,0,0,-0.19930076599121,-0.093662261962891,0.0,-0.07,-0.19930076599121,-0.023662261962891,198.49314880371,124.65184020996,197.97856140137,1.7184443473816,true,false,true,false,45,-6,0.0,0.0
5865,SAMPLE,ALIGNING,true,1,45,0,0,-0.20457410812378,-0.094956398010254,0.0,-0.07,-0.20457410812378,-0.024956398010254,199.54026794434,124.90483093262,203.13822937012,1.7651907205582,true,false,true,false,45,-6,-0.0052733421325684,-0.0012941360473633
5866,SAMPLE,ALIGNING,true,1,45,0,0,-0.20457410812378,-0.094956398010254,0.0,-0.07,-0.20457410812378,-0.024956398010254,199.54026794434,124.90483093262,203.13822937012,1.7651907205582,true,false,true,false,45,-6,0.0,0.0
5867,SAMPLE,ALIGNING,true,1,45,0,0,-0.20773792266846,-0.095627784729004,0.0,-0.07,-0.20773792266846,-0.025627784729004,200.16758728027,125.03783416748,206.22143554688,1.7931962013245,true,false,true,false,45,-7,-0.0031638145446777,-0.00067138671875
5868,SAMPLE,ALIGNING,true,1,45,0,0,-0.20773792266846,-0.095627784729004,0.0,-0.07,-0.20773792266846,-0.025627784729004,200.16758728027,125.03783416748,206.22143554688,1.7931962013245,true,false,true,false,45,-7,0.0,0.0
5869,SAMPLE,ALIGNING,true,1,45,0,0,-0.20773792266846,-0.095627784729004,0.0,-0.07,-0.20773792266846,-0.025627784729004,200.16758728027,125.03783416748,206.22143554688,1.7931962013245,true,false,true,false,45,-7,0.0,0.0
5870,SAMPLE,ALIGNING,true,1,45,0,0,-0.21138095855713,-0.096874237060547,0.0,-0.07,-0.21138095855713,-0.026874237060547,200.89709472656,125.28311157227,209.7963104248,1.8257637023926,true,false,true,false,45,-7,-0.0036430358886719,-0.001246452331543
5871,SAMPLE,ALIGNING,true,1,45,0,0,-0.21138095855713,-0.096874237060547,0.0,-0.07,-0.21138095855713,-0.026874237060547,200.89709472656,125.28311157227,209.7963104248,1.8257637023926,true,false,true,false,45,-7,0.0,0.0
5872,SAMPLE,ALIGNING,true,1,45,0,0,-0.21425724029541,-0.098455905914307,0.0,-0.07,-0.21425724029541,-0.028455905914307,201.46517944336,125.60092926025,212.5700378418,1.8511244058609,true,false,true,false,45,-7,-0.0028762817382813,-0.0015816688537598
5873,SAMPLE,ALIGNING,true,1,45,0,0,-0.21425724029541,-0.098455905914307,0.0,-0.07,-0.21425724029541,-0.028455905914307,201.46517944336,125.60092926025,212.5700378418,1.8511244058609,true,false,true,false,45,-7,0.0,0.0
5874,SAMPLE,ALIGNING,true,1,45,0,0,-0.21425724029541,-0.098455905914307,0.0,-0.07,-0.21425724029541,-0.028455905914307,201.46517944336,125.60092926025,212.5700378418,1.8511244058609,true,false,true,false,45,-7,0.0,0.0
5875,SAMPLE,ALIGNING,true,1,45,0,0,-0.21607875823975,-0.099750518798828,0.0,-0.07,-0.21607875823975,-0.029750518798828,201.82781982422,125.84902954102,214.33604431152,1.8673133850098,true,false,true,false,45,-8,-0.0018215179443359,-0.0012946128845215
5876,SAMPLE,ALIGNING,true,1,45,0,0,-0.21607875823975,-0.099750518798828,0.0,-0.07,-0.21607875823975,-0.029750518798828,201.82781982422,125.84902954102,214.33604431152,1.8673133850098,true,false,true,false,45,-8,0.0,0.0
5877,SAMPLE,ALIGNING,true,1,45,0,0,-0.21833181381226,-0.10128402709961,0.0,-0.07,-0.21833181381226,-0.031284027099609,202.28515625,126.1568069458,216.55967712402,1.8877302408218,true,false,false,false,45,-8,-0.0022530555725098,-0.0015335083007813
5878,SAMPLE,ALIGNING,true,1,45,0,0,-0.21833181381226,-0.10128402709961,0.0,-0.07,-0.21833181381226,-0.031284027099609,202.28515625,126.1568069458,216.55967712402,1.8877302408218,true,false,false,false,45,-8,0.0,0.0
5879,SAMPLE,ALIGNING,true,1,45,0,0,-0.21833181381226,-0.10128402709961,0.0,-0.07,-0.21833181381226,-0.031284027099609,202.28515625,126.1568069458,216.55967712402,1.8877302408218,true,false,false,false,45,-8,0.0,0.0
5880,SAMPLE,ALIGNING,true,1,45,0,0,-0.22044134140015,-0.10281848907471,0.0,-0.07,-0.22044134140015,-0.032818489074707,202.69787597656,126.45525360107,218.5620880127,1.9061554670334,true,false,false,false,45,-8,-0.0021095275878906,-0.0015344619750977
5881,SAMPLE,ALIGNING,true,1,45,0,0,-0.22044134140015,-0.10281848907471,0.0,-0.07,-0.22044134140015,-0.032818489074707,202.69787597656,126.45525360107,218.5620880127,1.9061554670334,true,false,false,false,45,-8,0.0,0.0
5882,SAMPLE,ALIGNING,true,1,45,0,0,-0.22355699539185,-0.10406446456909,0.0,-0.07,-0.22355699539185,-0.034064464569092,203.32690429688,126.70941162109,221.61520385742,1.9342367649078,true,false,false,false,45,-8,-0.0031156539916992,-0.0012459754943848
5883,SAMPLE,ALIGNING,true,1,45,0,0,-0.22355699539185,-0.10406446456909,0.0,-0.07,-0.22355699539185,-0.034064464569092,203.32690429688,126.70941162109,221.61520385742,1.9342367649078,true,false,false,false,45,-8,0.0,0.0
5884,SAMPLE,ALIGNING,true,1,45,0,0,-0.2272481918335,-0.10440015792847,0.0,-0.07,-0.2272481918335,-0.034400157928467,204.06259155273,126.78337097168,225.18597412109,1.9670803546906,true,false,false,false,45,-9,-0.0036911964416504,-0.000335693359375
5885,SAMPLE,ALIGNING,true,1,45,0,0,-0.2272481918335,-0.10440015792847,0.0,-0.07,-0.2272481918335,-0.034400157928467,204.06259155273,126.78337097168,225.18597412109,1.9670803546906,true,false,false,false,45,-9,0.0,0.0
5886,SAMPLE,ALIGNING,true,1,45,0,0,-0.2272481918335,-0.10440015792847,0.0,-0.07,-0.2272481918335,-0.034400157928467,204.06259155273,126.78337097168,225.18597412109,1.9670803546906,true,false,false,false,45,-9,0.0,0.0
5887,SAMPLE,ALIGNING,true,1,45,0,0,-0.23156261444092,-0.10416030883789,0.0,-0.07,-0.23156261444092,-0.034160308837891,204.92651367188,126.73281860352,229.37300109863,2.0056478977203,true,false,false,false,45,-9,-0.0043144226074219,0.00023984909057617
5888,SAMPLE,ALIGNING,true,1,45,0,0,-0.23156261444092,-0.10416030883789,0.0,-0.07,-0.23156261444092,-0.034160308837891,204.92651367188,126.73281860352,229.37300109863,2.0056478977203,true,false,false,false,45,-9,0.0,0.0
5889,SAMPLE,ALIGNING,true,1,45,0,0,-0.23592519760132,-0.10468769073486,0.0,-0.07,-0.23592519760132,-0.034687690734863,205.80673217773,126.84140014648,233.61943054199,2.0449430942535,true,false,false,false,45,-9,-0.0043625831604004,-0.00052738189697266
5890,SAMPLE,ALIGNING,true,1,45,0,0,-0.23592519760132,-0.10468769073486,0.0,-0.07,-0.23592519760132,-0.034687690734863,205.80673217773,126.84140014648,233.61943054199,2.0449430942535,true,false,false,false,45,-9,0.0,0.0
5891,SAMPLE,ALIGNING,true,1,45,0,0,-0.23592519760132,-0.10468769073486,0.0,-0.07,-0.23592519760132,-0.034687690734863,205.80673217773,126.84140014648,233.61943054199,2.0449430942535,true,false,false,false,45,-9,0.0,0.0
5892,SAMPLE,ALIGNING,true,1,45,0,0,-0.2417254447937,-0.10617399215698,0.0,-0.07,-0.2417254447937,-0.036173992156982,206.97604370117,127.14762878418,239.23243713379,2.0971448421478,true,false,false,false,45,-9,-0.0058002471923828,-0.0014863014221191
5893,SAMPLE,ALIGNING,true,1,45,0,0,-0.2417254447937,-0.10617399215698,0.0,-0.07,-0.2417254447937,-0.036173992156982,206.97604370117,127.14762878418,239.23243713379,2.0971448421478,true,false,false,false,45,-9,0.0,0.0
5894,SAMPLE,ALIGNING,true,1,45,0,0,-0.24493741989136,-0.1080436706543,0.0,-0.07,-0.24493741989136,-0.038043670654297,207.62640380859,127.52089691162,242.33404541016,2.1261792182922,true,false,false,false,45,-9,-0.0032119750976563,-0.0018696784973145
5895,SAMPLE,ALIGNING,true,1,45,0,0,-0.24493741989136,-0.1080436706543,0.0,-0.07,-0.24493741989136,-0.038043670654297,207.62640380859,127.52089691162,242.33404541016,2.1261792182922,true,false,false,false,45,-9,0.0,0.0
5896,SAMPLE,ALIGNING,true,1,45,0,0,-0.24493741989136,-0.1080436706543,0.0,-0.07,-0.24493741989136,-0.038043670654297,207.62640380859,127.52089691162,242.33404541016,2.1261792182922,true,false,false,false,45,-9,0.0,0.0
5897,SAMPLE,ALIGNING,true,1,45,0,0,-0.24790954589844,-0.11029672622681,0.0,-0.07,-0.24790954589844,-0.040296726226807,208.22789001465,127.96807861328,245.18965148926,2.1530311107635,true,false,false,false,45,-10,-0.0029721260070801,-0.0022530555725098
5898,SAMPLE,ALIGNING,true,1,45,0,0,-0.24790954589844,-0.11029672622681,0.0,-0.07,-0.24790954589844,-0.040296726226807,208.22789001465,127.96807861328,245.18965148926,2.1530311107635,true,false,false,false,45,-10,0.0,0.0
5899,SAMPLE,ALIGNING,true,1,45,0,0,-0.25116920471191,-0.11288547515869,0.0,-0.07,-0.25116920471191,-0.042885475158691,208.89086914063,128.48974609375,248.32615661621,2.1826286315918,true,false,false,false,45,-10,-0.0032596588134766,-0.0025887489318848
5900,SAMPLE,ALIGNING,true,1,45,0,0,-0.25116920471191,-0.11288547515869,0.0,-0.07,-0.25116920471191,-0.042885475158691,208.89086914063,128.48974609375,248.32615661621,2.1826286315918,true,false,false,false,45,-10,0.0,0.0
5901,SAMPLE,ALIGNING,true,1,45,0,0,-0.25471639633179,-0.11585712432861,0.0,-0.07,-0.25471639633179,-0.045857124328613,209.61416625977,129.07647705078,251.7352142334,2.2149186134338,true,false,false,false,45,-11,-0.003547191619873,-0.0029716491699219
5902,SAMPLE,ALIGNING,true,1,45,0,0,-0.25471639633179,-0.11585712432861,0.0,-0.07,-0.25471639633179,-0.045857124328613,209.61416625977,129.07647705078,251.7352142334,2.2149186134338,true,false,false,false,45,-11,0.0,0.0
5903,SAMPLE,ALIGNING,true,1,45,0,0,-0.25471639633179,-0.11585712432861,0.0,-0.07,-0.25471639633179,-0.045857124328613,209.61416625977,129.07647705078,251.7352142334,2.2149186134338,true,false,false,false,45,-11,0.0,0.0
5904,SAMPLE,ALIGNING,true,1,45,0,0,-0.25812005996704,-0.11887741088867,0.0,-0.07,-0.25812005996704,-0.048877410888672,210.30529785156,129.68482971191,254.97792053223,2.2457723617554,true,false,false,false,45,-12,-0.0034036636352539,-0.0030202865600586
5905,SAMPLE,ALIGNING,true,1,45,0,0,-0.25812005996704,-0.11887741088867,0.0,-0.07,-0.25812005996704,-0.048877410888672,210.30529785156,129.68482971191,254.97792053223,2.2457723617554,true,false,false,false,45,-12,0.0,0.0
5906,SAMPLE,ALIGNING,true,1,45,0,0,-0.2614278793335,-0.12184953689575,0.0,-0.07,-0.2614278793335,-0.051849536895752,210.97901916504,130.28067016602,258.12719726563,2.2758493423462,true,false,false,false,45,-12,-0.0033078193664551,-0.0029721260070801
5907,SAMPLE,ALIGNING,true,1,45,0,0,-0.2614278793335,-0.12184953689575,0.0,-0.07,-0.2614278793335,-0.051849536895752,210.97901916504,130.28067016602,258.12719726563,2.2758493423462,true,false,false,false,45,-12,0.0,0.0
5908,SAMPLE,ALIGNING,true,1,45,0,0,-0.2614278793335,-0.12184953689575,0.0,-0.07,-0.2614278793335,-0.051849536895752,211.56686401367,130.81396484375,260.86462402344,2.3020923137665,true,false,false,false,45,-12,0.0,0.0
5909,SAMPLE,ALIGNING,true,1,45,0,0,-0.26430416107178,-0.12453413009644,0.0,-0.07,-0.26430416107178,-0.054534130096436,211.56686401367,130.81396484375,260.86462402344,2.3020923137665,true,false,false,false,45,-13,-0.0028762817382813,-0.0026845932006836
5910,SAMPLE,ALIGNING,true,1,45,0,0,-0.26430416107178,-0.12453413009644,0.0,-0.07,-0.26430416107178,-0.054534130096436,211.56686401367,130.81396484375,260.86462402344,2.3020923137665,true,false,false,false,45,-13,0.0,0.0
5911,SAMPLE,ALIGNING,true,1,45,0,0,-0.26670122146606,-0.12688302993774,0.0,-0.07,-0.26670122146606,-0.056883029937744,212.06466674805,131.28424072266,263.17425537109,2.3243157863617,true,false,false,false,45,-14,-0.0023970603942871,-0.0023488998413086
5912,SAMPLE,ALIGNING,true,1,45,0,0,-0.26670122146606,-0.12688302993774,0.0,-0.07,-0.26670122146606,-0.056883029937744,212.06466674805,131.28424072266,263.17425537109,2.3243157863617,true,false,false,false,45,-14,0.0,0.0
5913,SAMPLE,ALIGNING,true,1,45,0,0,-0.2689061164856,-0.12889671325684,0.0,-0.07,-0.2689061164856,-0.058896713256836,212.5178527832,131.69232177734,265.27267456055,2.3445477485657,true,false,false,false,45,-14,-0.0022048950195313,-0.0020136833190918
5914,SAMPLE,ALIGNING,true,1,45,0,0,-0.2689061164856,-0.12889671325684,0.0,-0.07,-0.2689061164856,-0.058896713256836,212.5178527832,131.69232177734,265.27267456055,2.3445477485657,true,false,false,false,45,-14,0.0,0.0
5915,SAMPLE,ALIGNING,true,1,45,0,0,-0.2689061164856,-0.12889671325684,0.0,-0.07,-0.2689061164856,-0.058896713256836,212.5178527832,131.69232177734,265.27267456055,2.3445477485657,true,false,false,false,45,-14,0.0,0.0
5916,SAMPLE,ALIGNING,true,1,45,0,0,-0.27312469482422,-0.13172483444214,0.0,-0.07,-0.27312469482422,-0.061724834442139,213.37756347656,132.27661132813,269.25457763672,2.382926940918,true,false,false,false,45,-15,-0.004218578338623,-0.0028281211853027
5917,SAMPLE,ALIGNING,true,1,45,0,0,-0.27312469482422,-0.13172483444214,0.0,-0.07,-0.27312469482422,-0.061724834442139,213.37756347656,132.27661132813,269.25457763672,2.382926940918,true,false,false,false,45,-15,0.0,0.0
5918,SAMPLE,ALIGNING,true,1,45,0,0,-0.27585697174072,-0.1330189704895,0.0,-0.07,-0.27585697174072,-0.063018970489502,213.9468536377,132.53619384766,271.89273071289,2.408341884613,true,false,false,false,45,-15,-0.0027322769165039,-0.0012941360473633
5919,SAMPLE,ALIGNING,true,1,45,0,0,-0.27585697174072,-0.1330189704895,0.0,-0.07,-0.27585697174072,-0.063018970489502,213.9468536377,132.53619384766,271.89273071289,2.408341884613,true,false,false,false,45,-15,0.0,0.0
5920,SAMPLE,ALIGNING,true,1,45,0,0,-0.27585697174072,-0.1330189704895,0.0,-0.07,-0.27585697174072,-0.063018970489502,213.9468536377,132.53619384766,271.89273071289,2.408341884613,true,false,false,false,45,-15,0.0,0.0
5921,SAMPLE,ALIGNING,true,1,45,0,0,-0.27811002731323,-0.13383388519287,0.0,-0.07,-0.27811002731323,-0.063833885192871,214.404296875,132.71350097656,274.01025390625,2.4287633895874,true,false,false,false,45,-15,-0.0022530555725098,-0.00081491470336914
5922,SAMPLE,ALIGNING,true,1,45,0,0,-0.27811002731323,-0.13383388519287,0.0,-0.07,-0.27811002731323,-0.063833885192871,214.404296875,132.71350097656,274.01025390625,2.4287633895874,true,false,false,false,45,-15,0.0,0.0
5923,SAMPLE,ALIGNING,true,1,45,0,0,-0.27993154525757,-0.13460063934326,0.0,-0.07,-0.27993154525757,-0.064600639343262,214.77833557129,132.86967468262,275.73739624023,2.4454617500305,true,false,false,false,45,-15,-0.0018215179443359,-0.00076675415039063
5924,SAMPLE,ALIGNING,true,1,45,0,0,-0.27993154525757,-0.13460063934326,0.0,-0.07,-0.27993154525757,-0.064600639343262,214.77833557129,132.86967468262,275.73739624023,2.4454617500305,true,false,false,false,45,-15,0.0,0.0
5925,SAMPLE,ALIGNING,true,1,45,0,0,-0.27993154525757,-0.13460063934326,0.0,-0.07,-0.27993154525757,-0.064600639343262,215.07119750977,133.02322387695,277.08465576172,2.4585356712341,true,false,false,false,45,-15,0.0,0.0
5926,SAMPLE,ALIGNING,true,1,45,0,0,-0.28132200241089,-0.13536787033081,0.0,-0.07,-0.28132200241089,-0.065367870330811,215.07119750977,133.02322387695,277.08465576172,2.4585356712341,true,false,false,false,45,-15,-0.0013904571533203,-0.00076723098754883
5927,SAMPLE,ALIGNING,true,1,45,0,0,-0.28132200241089,-0.13536787033081,0.0,-0.07,-0.28132200241089,-0.065367870330811,215.07119750977,133.02322387695,277.08465576172,2.4585356712341,true,false,false,false,45,-15,0.0,0.0
5928,SAMPLE,ALIGNING,true,1,45,0,0,-0.28276014328003,-0.13637447357178,0.0,-0.07,-0.28276014328003,-0.066374473571777,215.35621643066,133.23620605469,278.38815307617,2.4712600708008,true,false,false,false,45,-16,-0.0014381408691406,-0.0010066032409668
5929,SAMPLE,ALIGNING,true,1,45,0,0,-0.28276014328003,-0.13637447357178,0.0,-0.07,-0.28276014328003,-0.066374473571777,215.35621643066,133.23620605469,278.38815307617,2.4712600708008,true,false,false,false,45,-16,0.0,0.0
5930,SAMPLE,ALIGNING,true,1,45,0,0,-0.2833833694458,-0.13704586029053,0.0,-0.07,-0.2833833694458,-0.067045860290527,215.48832702637,133.37515258789,278.98782348633,2.4771575927734,true,false,false,false,45,-16,-0.00062322616577148,-0.00067138671875
5931,SAMPLE,ALIGNING,true,1,45,0,0,-0.2833833694458,-0.13704586029053,0.0,-0.07,-0.2833833694458,-0.067045860290527,215.48832702637,133.37515258789,278.98782348633,2.4771575927734,true,false,false,false,45,-16,0.0,0.0
5932,SAMPLE,ALIGNING,true,1,45,0,0,-0.2833833694458,-0.13704586029053,0.0,-0.07,-0.2833833694458,-0.067045860290527,215.48832702637,133.37515258789,278.98782348633,2.4771575927734,true,false,false,false,45,-16,0.0,0.0
5933,SAMPLE,ALIGNING,true,1,45,0,0,-0.28415012359619,-0.13790893554688,0.0,-0.07,-0.28415012359619,-0.067908935546875,215.64889526367,133.54911804199,279.71551513672,2.4843263626099,true,false,false,false,45,-16,-0.00076675415039063,-0.00086307525634766
5934,SAMPLE,ALIGNING,true,1,45,0,0,-0.28415012359619,-0.13790893554688,0.0,-0.07,-0.28415012359619,-0.067908935546875,215.64889526367,133.54911804199,279.71551513672,2.4843263626099,true,false,false,false,45,-16,0.0,0.0
5935,SAMPLE,ALIGNING,true,1,45,0,0,-0.28453397750854,-0.13857984542847,0.0,-0.07,-0.28453397750854,-0.068579845428467,215.72882080078,133.67556762695,280.07360839844,2.4878940582275,true,false,false,false,45,-16,-0.00038385391235352,-0.0006709098815918
5936,SAMPLE,ALIGNING,true,1,45,0,0,-0.28453397750854,-0.13857984542847,0.0,-0.07,-0.28453397750854,-0.068579845428467,215.72882080078,133.67556762695,280.07360839844,2.4878940582275,true,false,false,false,45,-16,0.0,0.0
5937,SAMPLE,ALIGNING,true,1,45,0,0,-0.28453397750854,-0.13857984542847,0.0,-0.07,-0.28453397750854,-0.068579845428467,215.72882080078,133.67556762695,280.07360839844,2.4878940582275,true,false,false,false,45,-16,0.0,0.0
5938,SAMPLE,ALIGNING,true,1,45,0,0,-0.28462934494019,-0.13925075531006,0.0,-0.07,-0.28462934494019,-0.069250755310059,215.75245666504,133.81185913086,280.16979980469,2.4889490604401,true,false,false,false,45,-16,-9.5367431640625e-05,-0.0006709098815918
5939,SAMPLE,ALIGNING,true,1,45,0,0,-0.28462934494019,-0.13925075531006,0.0,-0.07,-0.28462934494019,-0.069250755310059,215.75245666504,133.81185913086,280.16979980469,2.4889490604401,true,false,false,false,45,-16,0.0,0.0
5940,SAMPLE,ALIGNING,true,1,45,0,0,-0.28462934494019,-0.13925075531006,0.0,-0.07,-0.28462934494019,-0.069250755310059,215.75245666504,133.81185913086,280.16979980469,2.4889490604401,true,false,false,false,45,-16,0.0,0.0
5941,SAMPLE,ALIGNING,true,1,45,0,0,-0.2833833694458,-0.13901138305664,0.0,-0.07,-0.2833833694458,-0.069011383056641,215.4913482666,133.76397705078,278.96463012695,2.4772925376892,true,false,false,false,45,-16,0.0012459754943848,0.00023937225341797
5942,SAMPLE,ALIGNING,true,1,45,0,0,-0.2833833694458,-0.13901138305664,0.0,-0.07,-0.2833833694458,-0.069011383056641,215.4913482666,133.76397705078,278.96463012695,2.4772925376892,true,false,false,false,45,-16,0.0,0.0
5943,SAMPLE,ALIGNING,true,1,45,0,0,-0.28146600723267,-0.13843584060669,0.0,-0.07,-0.28146600723267,-0.068435840606689,215.09231567383,133.63513183594,277.12554931641,2.4594788551331,true,false,false,false,45,-16,0.0019173622131348,0.00057554244995117
5944,SAMPLE,ALIGNING,true,1,45,0,0,-0.28146600723267,-0.13843584060669,0.0,-0.07,-0.28146600723267,-0.068435840606689,215.09231567383,133.63513183594,277.12554931641,2.4594788551331,true,false,false,false,45,-16,0.0,0.0
5945,SAMPLE,ALIGNING,true,1,45,0,0,-0.28146600723267,-0.13843584060669,0.0,-0.07,-0.28146600723267,-0.068435840606689,215.09231567383,133.63513183594,277.12554931641,2.4594788551331,true,false,false,false,45,-16,0.0,0.0
5946,SAMPLE,ALIGNING,true,1,45,0,0,-0.28041124343872,-0.13824415206909,0.0,-0.07,-0.28041124343872,-0.068244152069092,214.87774658203,133.59286499023,276.13272094727,2.4498996734619,true,false,false,false,45,-16,0.0010547637939453,0.00019168853759766
5947,SAMPLE,ALIGNING,true,1,45,0,0,-0.28041124343872,-0.13824415206909,0.0,-0.07,-0.28041124343872,-0.068244152069092,214.87774658203,133.59286499023,276.13272094727,2.4498996734619,true,false,false,false,45,-16,0.0,0.0
5948,SAMPLE,ALIGNING,true,1,45,0,0,-0.28041124343872,-0.13824415206909,0.0,-0.07,-0.28041124343872,-0.068244152069092,214.87774658203,133.59286499023,276.13272094727,2.4498996734619,true,false,false,false,45,-16,0.0,0.0
5949,SAMPLE,ALIGNING,true,1,45,0,0,-0.28045892715454,-0.13838815689087,0.0,-0.07,-0.28045892715454,-0.068388156890869,214.89454650879,133.62599182129,276.20761108398,2.4506494998932,true,false,false,false,45,-16,-4.7683715820313e-05,-0.00014400482177734
5950,SAMPLE,ALIGNING,true,1,45,0,0,-0.28045892715454,-0.13838815689087,0.0,-0.07,-0.28045892715454,-0.068388156890869,214.89454650879,133.62599182129,276.20761108398,2.4506494998932,true,false,false,false,45,-16,0.0,0.0
5951,SAMPLE,ALIGNING,true,1,45,0,0,-0.28160953521729,-0.13901138305664,0.0,-0.07,-0.28160953521729,-0.069011383056641,215.12451171875,133.75216674805,277.26382446289,2.4609155654907,true,false,false,false,45,-16,-0.0011506080627441,-0.00062322616577148
5952,SAMPLE,ALIGNING,true,1,45,0,0,-0.28160953521729,-0.13901138305664,0.0,-0.07,-0.28160953521729,-0.069011383056641,215.12451171875,133.75216674805,277.26382446289,2.4609155654907,true,false,false,false,45,-16,0.0,0.0
5953,SAMPLE,ALIGNING,true,1,45,0,0,-0.28160953521729,-0.13901138305664,0.0,-0.07,-0.28160953521729,-0.069011383056641,215.12451171875,133.75216674805,277.26382446289,2.4609155654907,true,false,false,false,45,-16,0.0,0.0
5954,SAMPLE,ALIGNING,true,1,45,0,0,-0.28266429901123,-0.13968229293823,0.0,-0.07,-0.28266429901123,-0.069682292938232,215.34605407715,133.88784790039,278.27880859375,2.4708063602448,true,false,false,false,45,-16,-0.0010547637939453,-0.0006709098815918
5955,SAMPLE,ALIGNING,true,1,45,0,0,-0.28266429901123,-0.13968229293823,0.0,-0.07,-0.28266429901123,-0.069682292938232,215.34605407715,133.88784790039,278.27880859375,2.4708063602448,true,false,false,false,45,-16,0.0,0.0
5956,SAMPLE,ALIGNING,true,1,45,0,0,-0.28266429901123,-0.13968229293823,0.0,-0.07,-0.28266429901123,-0.069682292938232,215.34605407715,133.88784790039,278.27880859375,2.4708063602448,true,false,false,false,45,-16,0.0,0.0
5957,SAMPLE,ALIGNING,true,1,45,0,0,-0.28333520889282,-0.14001798629761,0.0,-0.07,-0.28333520889282,-0.070017986297607,215.48442077637,133.96466064453,278.91290283203,2.4769833087921,true,false,false,false,45,-16,-0.0006709098815918,-0.000335693359375
5958,SAMPLE,ALIGNING,true,1,45,0,0,-0.28333520889282,-0.14001798629761,0.0,-0.07,-0.28333520889282,-0.070017986297607,215.48442077637,133.96466064453,278.91290283203,2.4769833087921,true,false,false,false,45,-16,0.0,0.0
5959,SAMPLE,ALIGNING,true,1,45,0,0,-0.283766746521,-0.14025783538818,0.0,-0.07,-0.283766746521,-0.070257835388184,215.57513427734,134.01351928711,279.32852172852,2.4810328483582,true,false,false,false,45,-16,-0.00043153762817383,-0.00023984909057617
5960,SAMPLE,ALIGNING,true,1,45,0,0,-0.283766746521,-0.14025783538818,0.0,-0.07,-0.283766746521,-0.070257835388184,215.57513427734,134.01351928711,279.32852172852,2.4810328483582,true,false,false,false,45,-16,0.0,0.0
5961,SAMPLE,ALIGNING,true,1,45,0,0,-0.283766746521,-0.14025783538818,0.0,-0.07,-0.283766746521,-0.070257835388184,215.57513427734,134.01351928711,279.32852172852,2.4810328483582,true,false,false,false,45,-16,0.0,0.0
5962,SAMPLE,ALIGNING,true,1,45,0,0,-0.28400659561157,-0.1404972076416,0.0,-0.07,-0.28400659561157,-0.070497207641602,215.6213684082,134.05796813965,279.5383605957,2.483097076416,true,false,false,false,45,-17,-0.00023984909057617,-0.00023937225341797
5963,SAMPLE,ALIGNING,true,1,45,0,0,-0.28400659561157,-0.1404972076416,0.0,-0.07,-0.28400659561157,-0.070497207641602,215.6213684082,134.05796813965,279.5383605957,2.483097076416,true,false,false,false,45,-17,0.0,0.0
5964,SAMPLE,ALIGNING,true,1,45,0,0,-0.28400659561157,-0.1404972076416,0.0,-0.07,-0.28400659561157,-0.070497207641602,215.59284973145,134.03497314453,279.40850830078,2.4818239212036,true,false,false,false,45,-17,0.0,0.0
5965,SAMPLE,ALIGNING,true,1,45,0,0,-0.28386259078979,-0.14035320281982,0.0,-0.07,-0.28386259078979,-0.070353202819824,215.59284973145,134.03497314453,279.40850830078,2.4818239212036,true,false,false,false,45,-16,0.00014400482177734,0.00014400482177734
5966,SAMPLE,ALIGNING,true,1,45,0,0,-0.28386259078979,-0.14035320281982,0.0,-0.07,-0.28386259078979,-0.070353202819824,215.59284973145,134.03497314453,279.40850830078,2.4818239212036,true,false,false,false,45,-16,0.0,0.0
5967,SAMPLE,ALIGNING,true,1,45,0,0,-0.28266429901123,-0.13762092590332,0.0,-0.07,-0.28266429901123,-0.06762092590332,215.3401184082,133.48153686523,278.29037475586,2.4705410003662,true,false,false,false,45,-16,0.0011982917785645,0.0027322769165039
5968,SAMPLE,ALIGNING,true,1,45,0,0,-0.28266429901123,-0.13762092590332,0.0,-0.07,-0.28266429901123,-0.06762092590332,215.3401184082,133.48153686523,278.29037475586,2.4705410003662,true,false,false,false,45,-16,0.0,0.0
5969,SAMPLE,ALIGNING,true,1,45,0,0,-0.28266429901123,-0.13762092590332,0.0,-0.07,-0.28266429901123,-0.06762092590332,215.3401184082,133.48153686523,278.29037475586,2.4705410003662,true,false,false,false,45,-16,0.0,0.0
5970,SAMPLE,ALIGNING,true,1,45,0,0,-0.28160953521729,-0.13239574432373,0.0,-0.07,-0.28160953521729,-0.06239574432373,215.12553405762,132.43681335449,277.38949584961,2.4609615802765,true,false,false,false,45,-15,0.0010547637939453,0.0052251815795898
5971,SAMPLE,ALIGNING,true,1,45,0,0,-0.28160953521729,-0.13239574432373,0.0,-0.07,-0.28160953521729,-0.06239574432373,215.12553405762,132.43681335449,277.38949584961,2.4609615802765,true,false,false,false,45,-15,0.0,0.0
5972,SAMPLE,ALIGNING,true,1,45,0,0,-0.28160953521729,-0.13239574432373,0.0,-0.07,-0.28160953521729,-0.06239574432373,215.12553405762,132.43681335449,277.38949584961,2.4609615802765,true,false,false,false,45,-15,0.0,0.0
5973,SAMPLE,ALIGNING,true,1,45,0,0,-0.28218507766724,-0.12467765808105,0.0,-0.07,-0.28218507766724,-0.054677658081055,215.23797607422,130.90478515625,278.03747558594,2.4659814834595,true,false,false,false,45,-13,-0.00057554244995117,0.0077180862426758
5974,SAMPLE,ALIGNING,true,1,45,0,0,-0.28218507766724,-0.12467765808105,0.0,-0.07,-0.28218507766724,-0.054677658081055,215.23797607422,130.90478515625,278.03747558594,2.4659814834595,true,false,false,false,45,-13,0.0,0.0
5975,SAMPLE,ALIGNING,true,1,45,0,0,-0.28218507766724,-0.12467765808105,0.0,-0.07,-0.28218507766724,-0.054677658081055,215.23797607422,130.90478515625,278.03747558594,2.4659814834595,true,false,false,false,45,-13,0.0,0.0
5976,SAMPLE,ALIGNING,true,1,45,0,0,-0.28299951553345,-0.11576175689697,0.0,-0.07,-0.28299951553345,-0.045761756896973,215.41593933105,129.12528991699,278.98959350586,2.4739260673523,true,false,false,false,45,-11,-0.00081443786621094,0.008915901184082
5977,SAMPLE,ALIGNING,true,1,45,0,0,-0.28299951553345,-0.11576175689697,0.0,-0.07,-0.28299951553345,-0.045761756896973,215.41593933105,129.12528991699,278.98959350586,2.4739260673523,true,false,false,false,45,-11,0.0,0.0
5978,SAMPLE,ALIGNING,true,1,45,0,0,-0.28299951553345,-0.11576175689697,0.0,-0.07,-0.28299951553345,-0.045761756896973,215.41593933105,129.12528991699,278.98959350586,2.4739260673523,true,false,false,false,45,-11,0.0,0.0
5979,SAMPLE,ALIGNING,true,1,45,0,0,-0.2833833694458,-0.10545492172241,0.0,-0.07,-0.2833833694458,-0.035454921722412,215.48992919922,127.08851623535,279.45001220703,2.4772288799286,true,false,false,false,45,-9,-0.00038385391235352,0.010306835174561
5980,SAMPLE,ALIGNING,true,1,45,0,0,-0.2833833694458,-0.10545492172241,0.0,-0.07,-0.2833833694458,-0.035454921722412,215.48992919922,127.08851623535,279.45001220703,2.4772288799286,true,false,false,false,45,-9,0.0,0.0
5981,SAMPLE,ALIGNING,true,1,45,0,0,-0.2833833694458,-0.10545492172241,0.0,-0.07,-0.2833833694458,-0.035454921722412,215.48992919922,127.08851623535,279.45001220703,2.4772288799286,true,false,false,false,45,-9,0.0,0.0
5982,SAMPLE,ALIGNING,true,1,45,0,0,-0.28266429901123,-0.098504066467285,0.0,-0.07,-0.28266429901123,-0.028504066467285,215.34136962891,125.7102355957,278.82250976563,2.4705970287323,true,false,true,false,45,-7,0.00071907043457031,0.006950855255127
5983,SAMPLE,ALIGNING,true,1,45,0,0,-0.28266429901123,-0.098504066467285,0.0,-0.07,-0.28266429901123,-0.028504066467285,215.34136962891,125.7102355957,278.82250976563,2.4705970287323,true,false,true,false,45,-7,0.0,0.0
5984,SAMPLE,ALIGNING,true,1,45,0,0,-0.28266429901123,-0.098504066467285,0.0,-0.07,-0.28266429901123,-0.028504066467285,215.34136962891,125.7102355957,278.82250976563,2.4705970287323,true,false,true,false,45,-7,0.0,0.0
5985,SAMPLE,ALIGNING,true,1,45,0,0,-0.28175354003906,-0.09222412109375,0.0,-0.07,-0.28175354003906,-0.02222412109375,215.15570068359,124.46080780029,278.00430297852,2.4623084068298,true,false,true,false,45,-6,0.00091075897216797,0.0062799453735352
5986,SAMPLE,ALIGNING,true,1,45,0,0,-0.28175354003906,-0.09222412109375,0.0,-0.07,-0.28175354003906,-0.02222412109375,215.15570068359,124.46080780029,278.00430297852,2.4623084068298,true,false,true,false,45,-6,0.0,0.0
5987,SAMPLE,ALIGNING,true,1,45,0,0,-0.28175354003906,-0.09222412109375,0.0,-0.07,-0.28175354003906,-0.02222412109375,215.15570068359,124.46080780029,278.00430297852,2.4623084068298,true,false,true,false,45,-6,0.0,0.0
5988,SAMPLE,ALIGNING,true,1,45,0,0,-0.2805552482605,-0.086471557617188,0.0,-0.07,-0.2805552482605,-0.016471557617187,214.90545654297,123.31887817383,276.87115478516,2.4511368274689,true,false,true,false,45,-5,0.0011982917785645,0.0057525634765625
5989,SAMPLE,ALIGNING,true,1,45,0,0,-0.2805552482605,-0.086471557617188,0.0,-0.07,-0.2805552482605,-0.016471557617187,214.90545654297,123.31887817383,276.87115478516,2.4511368274689,true,false,true,false,45,-5,0.0,0.0
5990,SAMPLE,ALIGNING,true,1,45,0,0,-0.2805552482605,-0.086471557617188,0.0,-0.07,-0.2805552482605,-0.016471557617187,214.90545654297,123.31887817383,276.87115478516,2.4511368274689,true,false,true,false,45,-5,0.0,0.0
5991,SAMPLE,ALIGNING,true,1,45,0,0,-0.27897310256958,-0.081438064575195,0.0,-0.07,-0.27897310256958,-0.011438064575195,214.58428955078,122.32135009766,275.39440917969,2.436799287796,true,false,true,false,45,-5,0.001582145690918,0.0050334930419922
5992,SAMPLE,ALIGNING,true,1,45,0,0,-0.27897310256958,-0.081438064575195,0.0,-0.07,-0.27897310256958,-0.011438064575195,214.58428955078,122.32135009766,275.39440917969,2.436799287796,true,false,true,false,45,-5,0.0,0.0
5993,SAMPLE,ALIGNING,true,1,45,0,0,-0.27710342407227,-0.077842712402344,0.0,-0.07,-0.27710342407227,-0.0078427124023437,214.1985168457,121.59630584717,273.60415649414,2.4195766448975,true,false,true,false,45,-5,0.0018696784973145,0.0035953521728516
5994,SAMPLE,ALIGNING,true,1,45,0,0,-0.27710342407227,-0.077842712402344,0.0,-0.07,-0.27710342407227,-0.0078427124023437,214.1985168457,121.59630584717,273.60415649414,2.4195766448975,true,false,true,false,45,-5,0.0,0.0
5995,SAMPLE,ALIGNING,true,1,45,0,0,-0.27710342407227,-0.077842712402344,0.0,-0.07,-0.27710342407227,-0.0078427124023437,214.1985168457,121.59630584717,273.60415649414,2.4195766448975,true,false,true,false,45,-5,0.0,0.0
5996,SAMPLE,ALIGNING,true,1,45,0,0,-0.27542543411255,-0.075925350189209,0.0,-0.07,-0.27542543411255,-0.005925350189209,213.85482788086,121.2232131958,272.00155639648,2.404233455658,true,false,true,false,45,-5,0.0016779899597168,0.0019173622131348
5997,SAMPLE,ALIGNING,true,1,45,0,0,-0.27542543411255,-0.075925350189209,0.0,-0.07,-0.27542543411255,-0.005925350189209,213.85482788086,121.2232131958,272.00155639648,2.404233455658,true,false,true,false,45,-5,0.0,0.0
5998,SAMPLE,ALIGNING,true,1,45,0,0,-0.27542543411255,-0.075925350189209,0.0,-0.07,-0.27542543411255,-0.005925350189209,213.85482788086,121.2232131958,272.00155639648,2.404233455658,true,false,true,false,45,-5,0.0,0.0
5999,SAMPLE,ALIGNING,true,1,45,0,0,-0.27379560470581,-0.075206279754639,0.0,-0.07,-0.27379560470581,-0.0052062797546387,213.51086425781,121.08009338379,270.3928527832,2.3888783454895,true,false,true,false,45,-5,0.0016298294067383,0.00071907043457031
6000,SAMPLE,ALIGNING,true,1,45,0,0,-0.27379560470581,-0.075206279754639,0.0,-0.07,-0.27379560470581,-0.0052062797546387,213.51086425781,121.08009338379,270.3928527832,2.3888783454895,true,false,true,false,45,-5,0.0,0.0
6001,SAMPLE,ALIGNING,true,1,45,0,0,-0.27379560470581,-0.075206279754639,0.0,-0.07,-0.27379560470581,-0.0052062797546387,213.51086425781,121.08009338379,270.3928527832,2.3888783454895,true,false,true,false,45,-5,0.0,0.0
6002,SAMPLE,ALIGNING,true,1,45,0,0,-0.17677021026611,-0.073288917541504,0.0,-0.07,-0.17677021026611,-0.0032889175415039,194.03591918945,120.68699645996,175.85708618164,1.5194605588913,true,false,true,false,45,-5,0.097025394439697,0.0019173622131348
6003,SAMPLE,ALIGNING,true,1,45,0,0,-0.17677021026611,-0.073288917541504,0.0,-0.07,-0.17677021026611,-0.0032889175415039,194.03591918945,120.68699645996,175.85708618164,1.5194605588913,true,false,true,false,45,-5,0.0,0.0
6004,SAMPLE,ALIGNING,true,1,45,0,0,-0.17677021026611,-0.073288917541504,0.0,-0.07,-0.17677021026611,-0.0032889175415039,194.03591918945,120.68699645996,175.85708618164,1.5194605588913,true,false,true,false,45,-5,0.0,0.0
6005,SAMPLE,ALIGNING,true,1,45,0,0,-0.11310911178589,-0.072042465209961,0.0,-0.07,-0.11310911178589,-0.0020424652099609,181.64874267578,120.43697357178,112.89963531494,0.9664620757103,true,false,true,false,32,-5,0.063661098480225,0.001246452331543
6006,SAMPLE,ALIGNING,true,1,45,0,0,-0.11310911178589,-0.072042465209961,0.0,-0.07,-0.11310911178589,-0.0020424652099609,181.64874267578,120.43697357178,112.89963531494,0.9664620757103,true,false,true,false,32,-5,0.0,0.0
6007,SAMPLE,ALIGNING,true,1,45,0,0,-0.11310911178589,-0.072042465209961,0.0,-0.07,-0.11310911178589,-0.0020424652099609,181.64874267578,120.43697357178,112.89963531494,0.9664620757103,true,false,true,false,32,-5,0.0,0.0
6008,SAMPLE,ALIGNING,true,1,45,0,0,-0.072122097015381,-0.071179389953613,0.0,-0.07,-0.072122097015381,-0.0011793899536133,173.76982116699,120.27793884277,72.084716796875,0.61472404003143,true,false,true,false,20,-5,0.040987014770508,0.00086307525634766
6009,SAMPLE,ALIGNING,true,1,45,0,0,-0.072122097015381,-0.071179389953613,0.0,-0.07,-0.072122097015381,-0.0011793899536133,173.76982116699,120.27793884277,72.084716796875,0.61472404003143,true,false,true,false,20,-5,0.0,0.0
6010,SAMPLE,ALIGNING,true,1,45,0,0,-0.045900344848633,-0.070700168609619,0.0,-0.07,-0.045900344848633,-0.00070016860961913,168.7583770752,120.17678070068,45.921043395996,0.390998929739,true,false,true,false,13,-5,0.026221752166748,0.00047922134399414
6011,SAMPLE,ALIGNING,true,1,45,0,0,-0.045900344848633,-0.070700168609619,0.0,-0.07,-0.045900344848633,-0.00070016860961913,168.7583770752,120.17678070068,45.921043395996,0.390998929739,true,false,true,false,13,-5,0.0,0.0
6012,SAMPLE,ALIGNING,true,1,45,0,0,-0.045900344848633,-0.070700168609619,0.0,-0.07,-0.045900344848633,-0.00070016860961913,168.7583770752,120.17678070068,45.921043395996,0.390998929739,true,false,true,false,13,-5,0.0,0.0
6013,SAMPLE,ALIGNING,true,1,45,0,0,-0.029170036315918,-0.070364475250244,0.0,-0.07,-0.029170036315918,-0.00036447525024413,165.57081604004,120.1124420166,29.226699829102,0.24869725108147,true,false,true,false,8,-5,0.016730308532715,0.000335693359375
6014,SAMPLE,ALIGNING,true,1,45,0,0,-0.029170036315918,-0.070364475250244,0.0,-0.07,-0.029170036315918,-0.00036447525024413,165.57081604004,120.1124420166,29.226699829102,0.24869725108147,true,false,true,false,8,-5,0.0,0.0
6015,SAMPLE,ALIGNING,true,1,45,0,0,-0.029170036315918,-0.070364475250244,0.0,-0.07,-0.029170036315918,-0.00036447525024413,165.57081604004,120.1124420166,29.226699829102,0.24869725108147,true,false,true,false,8,-5,0.0,0.0
6016,SAMPLE,ALIGNING,true,1,44,1,0,-0.018527984619141,-0.070124626159668,0.0,-0.07,-0.018527984619141,-0.00012462615966796,163.54335021973,120.07151794434,18.594547271729,0.15818539261818,false,true,true,true,5,-5,0.010642051696777,0.00023984909057617
6017,SAMPLE,ALIGNING,true,1,43,2,0,-0.018527984619141,-0.070124626159668,0.0,-0.07,-0.018527984619141,-0.00012462615966796,163.54335021973,120.07151794434,18.594547271729,0.15818539261818,false,true,true,true,5,-5,0.0,0.0
6018,SAMPLE,ALIGNING,true,1,42,3,0,-0.011768817901611,-0.069981098175049,0.0,-0.07,-0.011768817901611,1.8901824951179e-05,162.2537689209,120.04549407959,11.82839012146,0.10061477124691,false,true,true,true,4,4,0.0067591667175293,0.00014352798461914
6019,SAMPLE,ALIGNING,true,1,41,4,0,-0.011768817901611,-0.069981098175049,0.0,-0.07,-0.011768817901611,1.8901824951179e-05,162.2537689209,120.04549407959,11.82839012146,0.10061477124691,false,true,true,true,4,4,0.0,0.0
6020,STABLE,STABLE,true,1,40,5,0,-0.011768817901611,-0.069981098175049,0.0,-0.07,-0.011768817901611,1.8901824951179e-05,162.2537689209,120.04549407959,11.82839012146,0.10061477124691,false,true,true,true,0,0,0.0,0.0
6021,SAMPLE,STABLE,true,1,45,6,0,-0.0087008476257324,-0.06993293762207,0.0,-0.07,-0.0087008476257324,6.7062377929694e-05,161.66688537598,120.03364562988,8.7485437393188,0.074414685368538,false,true,true,true,0,0,0.0030679702758789,4.8160552978516e-05
6022,SAMPLE,STABLE,true,1,45,7,0,-0.0087008476257324,-0.06993293762207,0.0,-0.07,-0.0087008476257324,6.7062377929694e-05,161.66688537598,120.03364562988,8.7485437393188,0.074414685368538,false,true,true,true,0,0,0.0,0.0
6023,SAMPLE,STABLE,true,1,45,8,0,-0.0054888725280762,-0.069837093353271,0.0,-0.07,-0.0054888725280762,0.00016290664672852,161.06024169922,120.02140045166,5.5647387504578,0.047331906855106,false,true,true,true,0,0,0.0032119750976563,9.5844268798828e-05
6024,SAMPLE,STABLE,true,1,45,9,0,-0.0054888725280762,-0.069837093353271,0.0,-0.07,-0.0054888725280762,0.00016290664672852,161.06024169922,120.02140045166,5.5647387504578,0.047331906855106,false,true,true,true,0,0,0.0,0.0
6025,SAMPLE,STABLE,true,1,45,10,0,-0.0054888725280762,-0.069837093353271,0.0,-0.07,-0.0054888725280762,0.00016290664672852,161.06024169922,120.02140045166,5.5647387504578,0.047331906855106,false,true,true,true,0,0,0.0,0.0
6026,SAMPLE,STABLE,true,1,45,11,0,-0.0034756660461426,-0.069837093353271,0.0,-0.07,-0.0034756660461426,0.00016290664672852,160.67436218262,120.01361083984,3.5394613742828,0.03010574541986,false,true,true,true,0,0,0.0020132064819336,0.0
6027,SAMPLE,STABLE,true,1,45,12,0,-0.0034756660461426,-0.069837093353271,0.0,-0.07,-0.0034756660461426,0.00016290664672852,160.67436218262,120.01361083984,3.5394613742828,0.03010574541986,false,true,true,true,0,0,0.0,0.0
6028,SAMPLE,STABLE,true,1,45,13,0,-0.0034756660461426,-0.069837093353271,0.0,-0.07,-0.0034756660461426,0.00016290664672852,160.67436218262,120.01361083984,3.5394613742828,0.03010574541986,false,true,true,true,0,0,0.0,0.0
6029,SAMPLE,STABLE,true,1,45,14,0,-0.0025649070739746,-0.069789208471775,0.0,-0.07,-0.0025649070739746,0.00021079152822495,160.49876403809,120.01007080078,2.6178228855133,0.022266209125519,false,true,true,true,0,0,0.00091075897216797,4.7884881496429e-05
6030,SAMPLE,STABLE,true,1,45,15,0,-0.0025649070739746,-0.069789208471775,0.0,-0.07,-0.0025649070739746,0.00021079152822495,160.49876403809,120.01007080078,2.6178228855133,0.022266209125519,false,true,true,true,0,0,0.0,0.0
6031,ALIGNING,ALIGNING,true,1,45,0,0,-0.091153621673584,-0.071946144104004,0.0,-0.07,-0.091153621673584,-0.0019461441040039,177.42721557617,120.41757202148,91.088676452637,0.77800095081329,true,false,true,false,26,-5,-0.088588714599609,-0.0021569356322289
6032,SAMPLE,ALIGNING,true,1,45,0,0,-0.091153621673584,-0.071946144104004,0.0,-0.07,-0.091153621673584,-0.0019461441040039,177.42721557617,120.41757202148,91.088676452637,0.77800095081329,true,false,true,false,26,-5,0.0,0.0
6033,SAMPLE,ALIGNING,true,1,45,0,0,-0.091153621673584,-0.071946144104004,0.0,-0.07,-0.091153621673584,-0.0019461441040039,177.42721557617,120.41757202148,91.088676452637,0.77800095081329,true,false,true,false,26,-5,0.0,0.0
6034,SAMPLE,ALIGNING,true,1,45,0,0,-0.14618587493896,-0.072617530822754,0.0,-0.07,-0.14618587493896,-0.0026175308227539,188.060546875,120.55494689941,145.70724487305,1.252702832222,true,false,true,false,41,-5,-0.055032253265381,-0.00067138671875
6035,SAMPLE,ALIGNING,true,1,45,0,0,-0.14618587493896,-0.072617530822754,0.0,-0.07,-0.14618587493896,-0.0026175308227539,188.060546875,120.55494689941,145.70724487305,1.252702832222,true,false,true,false,41,-5,0.0,0.0
6036,SAMPLE,ALIGNING,true,1,45,0,0,-0.14618587493896,-0.072617530822754,0.0,-0.07,-0.14618587493896,-0.0026175308227539,194.60957336426,120.58837890625,178.7274017334,1.5450702905655,true,false,true,false,41,-5,0.0,0.0
6037,SAMPLE,ALIGNING,true,1,45,0,0,-0.17964601516724,-0.072809219360352,0.0,-0.07,-0.17964601516724,-0.0028092193603516,194.60957336426,120.58837890625,178.7274017334,1.5450702905655,true,false,true,false,45,-5,-0.033460140228271,-0.00019168853759766
6038,SAMPLE,ALIGNING,true,1,45,0,0,-0.17964601516724,-0.072809219360352,0.0,-0.07,-0.17964601516724,-0.0028092193603516,194.60957336426,120.58837890625,178.7274017334,1.5450702905655,true,false,true,false,45,-5,0.0,0.0
6039,SAMPLE,ALIGNING,true,1,45,0,0,-0.20030736923218,-0.072378158569336,0.0,-0.07,-0.20030736923218,-0.0023781585693359,198.69509887695,120.51010131836,199.0325012207,1.7274595499039,true,false,true,false,45,-5,-0.020661354064941,0.00043106079101563
6040,SAMPLE,ALIGNING,true,1,45,0,0,-0.20030736923218,-0.072378158569336,0.0,-0.07,-0.20030736923218,-0.0023781585693359,198.69509887695,120.51010131836,199.0325012207,1.7274595499039,true,false,true,false,45,-5,0.0,0.0
6041,SAMPLE,ALIGNING,true,1,45,0,0,-0.20030736923218,-0.072378158569336,0.0,-0.07,-0.20030736923218,-0.0023781585693359,198.69509887695,120.51010131836,199.0325012207,1.7274595499039,true,false,true,false,45,-5,0.0,0.0
6042,SAMPLE,ALIGNING,true,1,45,0,0,-0.21296262741089,-0.07146692276001,0.0,-0.07,-0.21296262741089,-0.0014669227600098,201.20774841309,120.32917785645,211.39631652832,1.8396320343018,true,false,true,false,45,-5,-0.012655258178711,0.00091123580932617
6043,SAMPLE,ALIGNING,true,1,45,0,0,-0.21296262741089,-0.07146692276001,0.0,-0.07,-0.21296262741089,-0.0014669227600098,201.20774841309,120.32917785645,211.39631652832,1.8396320343018,true,false,true,false,45,-5,0.0,0.0
6044,SAMPLE,ALIGNING,true,1,45,0,0,-0.21818828582764,-0.070987701416016,0.0,-0.07,-0.21818828582764,-0.00098770141601562,202.24920654297,120.24052429199,216.49168395996,1.886125087738,true,false,true,false,45,-5,-0.005225658416748,0.00047922134399414
6045,SAMPLE,ALIGNING,true,1,45,0,0,-0.21818828582764,-0.070987701416016,0.0,-0.07,-0.21818828582764,-0.00098770141601562,202.24920654297,120.24052429199,216.49168395996,1.886125087738,true,false,true,false,45,-5,0.0,0.0
6046,SAMPLE,ALIGNING,true,1,45,0,0,-0.21818828582764,-0.070987701416016,0.0,-0.07,-0.21818828582764,-0.00098770141601562,202.24920654297,120.24052429199,216.49168395996,1.886125087738,true,false,true,false,45,-5,0.0,0.0
6047,SAMPLE,ALIGNING,true,1,45,0,0,-0.22322177886963,-0.07060432434082,0.0,-0.07,-0.22322177886963,-0.00060432434082031,203.25335693359,120.16175842285,221.38781738281,1.9309532642365,true,false,true,false,45,-5,-0.0050334930419922,0.00038337707519531
6048,SAMPLE,ALIGNING,true,1,45,0,0,-0.22322177886963,-0.07060432434082,0.0,-0.07,-0.22322177886963,-0.00060432434082031,203.25335693359,120.16175842285,221.38781738281,1.9309532642365,true,false,true,false,45,-5,0.0,0.0
6049,SAMPLE,ALIGNING,true,1,45,0,0,-0.22547483444214,-0.070700168609619,0.0,-0.07,-0.22547483444214,-0.00070016860961913,203.70883178711,120.1851348877,223.6031036377,1.9512876272202,true,false,true,false,45,-5,-0.0022530555725098,-9.5844268798828e-05
6050,SAMPLE,ALIGNING,true,1,45,0,0,-0.22547483444214,-0.070700168609619,0.0,-0.07,-0.22547483444214,-0.00070016860961913,203.70883178711,120.1851348877,223.6031036377,1.9512876272202,true,false,true,false,45,-5,0.0,0.0
6051,SAMPLE,ALIGNING,true,1,45,0,0,-0.22547483444214,-0.070700168609619,0.0,-0.07,-0.22547483444214,-0.00070016860961913,203.70883178711,120.1851348877,223.6031036377,1.9512876272202,true,false,true,false,45,-5,0.0,0.0
6052,SAMPLE,ALIGNING,true,1,45,0,0,-0.22662496566772,-0.070747852325439,0.0,-0.07,-0.22662496566772,-0.00074785232543945,203.93989562988,120.19688415527,224.72560119629,1.9616025686264,true,false,true,false,45,-5,-0.0011501312255859,-4.7683715820313e-05
6053,SAMPLE,ALIGNING,true,1,45,0,0,-0.22662496566772,-0.070747852325439,0.0,-0.07,-0.22662496566772,-0.00074785232543945,203.93989562988,120.19688415527,224.72560119629,1.9616025686264,true,false,true,false,45,-5,0.0,0.0
6054,SAMPLE,ALIGNING,true,1,45,0,0,-0.22662496566772,-0.070747852325439,0.0,-0.07,-0.22662496566772,-0.00074785232543945,203.93989562988,120.19688415527,224.72560119629,1.9616025686264,true,false,true,false,45,-5,0.0,0.0
6055,SAMPLE,ALIGNING,true,1,45,0,0,-0.22758388519287,-0.070700168609619,0.0,-0.07,-0.22758388519287,-0.00070016860961913,204.12768554688,120.18626403809,225.63725280762,1.9699859619141,true,false,true,false,45,-5,-0.00095891952514648,4.7683715820313e-05
6056,SAMPLE,ALIGNING,true,1,45,0,0,-0.22758388519287,-0.070700168609619,0.0,-0.07,-0.22758388519287,-0.00070016860961913,204.12768554688,120.18626403809,225.63725280762,1.9699859619141,true,false,true,false,45,-5,0.0,0.0
6057,SAMPLE,ALIGNING,true,1,45,0,0,-0.2272481918335,-0.071035385131836,0.0,-0.07,-0.2272481918335,-0.0010353851318359,204.05882263184,120.25370788574,225.30293273926,1.9669120311737,true,false,true,false,45,-5,0.000335693359375,-0.0003352165222168
6058,SAMPLE,ALIGNING,true,1,45,0,0,-0.2272481918335,-0.071035385131836,0.0,-0.07,-0.2272481918335,-0.0010353851318359,204.05882263184,120.25370788574,225.30293273926,1.9669120311737,true,false,true,false,45,-5,0.0,0.0
6059,SAMPLE,ALIGNING,true,1,45,0,0,-0.2272481918335,-0.071035385131836,0.0,-0.07,-0.2272481918335,-0.0010353851318359,204.05882263184,120.25370788574,225.30293273926,1.9669120311737,true,false,true,false,45,-5,0.0,0.0
6060,SAMPLE,ALIGNING,true,1,45,0,0,-0.2266731262207,-0.071275234222412,0.0,-0.07,-0.2266731262207,-0.0012752342224121,203.95399475098,120.29978179932,224.79391479492,1.9622322320938,true,false,true,false,45,-5,0.00057506561279297,-0.00023984909057617
6061,SAMPLE,ALIGNING,true,1,45,0,0,-0.2266731262207,-0.071275234222412,0.0,-0.07,-0.2266731262207,-0.0012752342224121,203.95399475098,120.29978179932,224.79391479492,1.9622322320938,true,false,true,false,45,-5,0.0,0.0
6062,SAMPLE,ALIGNING,true,1,45,0,0,-0.2266731262207,-0.071275234222412,0.0,-0.07,-0.2266731262207,-0.0012752342224121,203.95399475098,120.29978179932,224.79391479492,1.9622322320938,true,false,true,false,45,-5,0.0,0.0
6063,SAMPLE,ALIGNING,true,1,45,0,0,-0.14565849304199,-0.070747852325439,0.0,-0.07,-0.14565849304199,-0.00074785232543945,187.95721435547,120.19068145752,145.18254089355,1.2480896711349,true,false,true,false,41,-5,0.081014633178711,0.00052738189697266
6064,SAMPLE,ALIGNING,true,1,45,0,0,-0.14565849304199,-0.070747852325439,0.0,-0.07,-0.14565849304199,-0.00074785232543945,187.95721435547,120.19068145752,145.18254089355,1.2480896711349,true,false,true,false,41,-5,0.0,0.0
6065,SAMPLE,ALIGNING,true,1,45,0,0,-0.09302282333374,-0.070364475250244,0.0,-0.07,-0.09302282333374,-0.00036447525024413,177.78234863281,120.12128448486,92.929222106934,0.79385495185852,true,false,true,false,26,-5,0.052635669708252,0.00038337707519531
6066,SAMPLE,ALIGNING,true,1,45,0,0,-0.09302282333374,-0.070364475250244,0.0,-0.07,-0.09302282333374,-0.00036447525024413,177.78234863281,120.12128448486,92.929222106934,0.79385495185852,true,false,true,false,26,-5,0.0,0.0
6067,SAMPLE,ALIGNING,true,1,45,0,0,-0.09302282333374,-0.070364475250244,0.0,-0.07,-0.09302282333374,-0.00036447525024413,177.78234863281,120.12128448486,92.929222106934,0.79385495185852,true,false,true,false,26,-5,0.0,0.0
6068,SAMPLE,ALIGNING,true,1,45,0,0,-0.059226989746094,-0.070172786712646,0.0,-0.07,-0.059226989746094,-0.00017278671264648,171.31057739258,120.07714080811,59.260795593262,0.50493621826172,true,false,true,false,17,-5,0.033795833587646,0.00019168853759766
6069,SAMPLE,ALIGNING,true,1,45,0,0,-0.059226989746094,-0.070172786712646,0.0,-0.07,-0.059226989746094,-0.00017278671264648,171.31057739258,120.07714080811,59.260795593262,0.50493621826172,true,false,true,false,17,-5,0.0,0.0
6070,SAMPLE,ALIGNING,true,1,45,0,0,-0.059226989746094,-0.070172786712646,0.0,-0.07,-0.059226989746094,-0.00017278671264648,171.31057739258,120.07714080811,59.260795593262,0.50493621826172,true,false,true,false,17,-5,0.0,0.0
6071,SAMPLE,ALIGNING,true,1,45,0,0,-0.037703037261963,-0.070028781890869,0.0,-0.07,-0.037703037261963,-2.8781890869134e-05,167.19415283203,120.04906463623,37.732616424561,0.32116773724556,true,false,true,false,11,-5,0.021523952484131,0.00014400482177734
6072,SAMPLE,ALIGNING,true,1,45,0,0,-0.037703037261963,-0.070028781890869,0.0,-0.07,-0.037703037261963,-2.8781890869134e-05,167.19415283203,120.04906463623,37.732616424561,0.32116773724556,true,false,true,false,11,-5,0.0,0.0
6073,SAMPLE,ALIGNING,true,1,45,0,0,-0.037703037261963,-0.070028781890869,0.0,-0.07,-0.037703037261963,-2.8781890869134e-05,164.57588195801,120.03121185303,24.010225296021,0.20428067445755,true,false,true,false,11,-5,0.0,0.0
6074,SAMPLE,ALIGNING,true,1,45,0,0,-0.023944854736328,-0.06993293762207,0.0,-0.07,-0.023944854736328,6.7062377929694e-05,164.57588195801,120.03121185303,24.010225296021,0.20428067445755,true,false,true,false,7,4,0.013758182525635,9.5844268798828e-05
6075,SAMPLE,ALIGNING,true,1,45,0,0,-0.023944854736328,-0.06993293762207,0.0,-0.07,-0.023944854736328,6.7062377929694e-05,164.57588195801,120.03121185303,24.010225296021,0.20428067445755,true,false,true,false,7,4,0.0,0.0
6076,SAMPLE,ALIGNING,true,1,44,1,0,-0.015220165252686,-0.069837093353271,0.0,-0.07,-0.015220165252686,0.00016290664672852,162.91052246094,120.01985168457,15.274497032166,0.12993395328522,false,true,true,true,4,4,0.0087246894836426,9.5844268798828e-05
6077,SAMPLE,ALIGNING,true,1,43,2,0,-0.015220165252686,-0.069837093353271,0.0,-0.07,-0.015220165252686,0.00016290664672852,162.91052246094,120.01985168457,15.274497032166,0.12993395328522,false,true,true,true,4,4,0.0,0.0
6078,SAMPLE,ALIGNING,true,1,42,3,0,-0.015220165252686,-0.069837093353271,0.0,-0.07,-0.015220165252686,0.00016290664672852,162.91052246094,120.01985168457,15.274497032166,0.12993395328522,false,true,true,true,4,4,0.0,0.0
6079,SAMPLE,ALIGNING,true,1,41,4,0,-0.0096592903137207,-0.069837093353271,0.0,-0.07,-0.0096592903137207,0.00016290664672852,161.85125732422,120.01262664795,9.7161226272583,0.082645282149315,false,true,true,true,4,4,0.0055608749389648,0.0
6080,STABLE,STABLE,true,1,40,5,0,-0.0096592903137207,-0.069837093353271,0.0,-0.07,-0.0096592903137207,0.00016290664672852,161.85125732422,120.01262664795,9.7161226272583,0.082645282149315,false,true,true,true,0,0,0.0,0.0
6081,SAMPLE,STABLE,true,1,45,6,0,-0.0061120986938477,-0.069789208471775,0.0,-0.07,-0.0061120986938477,0.00021079152822495,161.17750549316,120.00803375244,6.1801824569702,0.052567027509212,false,true,true,true,0,0,0.003547191619873,4.7884881496429e-05
6082,SAMPLE,STABLE,true,1,45,7,0,-0.0061120986938477,-0.069789208471775,0.0,-0.07,-0.0061120986938477,0.00021079152822495,161.17750549316,120.00803375244,6.1801824569702,0.052567027509212,false,true,true,true,0,0,0.0,0.0
6083,SAMPLE,STABLE,true,1,45,8,0,-0.0061120986938477,-0.069789208471775,0.0,-0.07,-0.0061120986938477,0.00021079152822495,161.17750549316,120.00803375244,6.1801824569702,0.052567027509212,false,true,true,true,0,0,0.0,0.0
6084,SAMPLE,STABLE,true,1,45,9,0,-0.0038590431213379,-0.069837093353271,0.0,-0.07,-0.0038590431213379,0.00016290664672852,160.74896240234,120.00511169434,3.9310023784637,0.033435575664043,false,true,true,true,0,0,0.0022530555725098,-4.7884881496429e-05
6085,SAMPLE,STABLE,true,1,45,10,0,-0.0038590431213379,-0.069837093353271,0.0,-0.07,-0.0038590431213379,0.00016290664672852,160.74896240234,120.00511169434,3.9310023784637,0.033435575664043,false,true,true,true,0,0,0.0,0.0
6086,SAMPLE,STABLE,true,1,45,11,0,-0.0038590431213379,-0.069837093353271,0.0,-0.07,-0.0038590431213379,0.00016290664672852,160.74896240234,120.00511169434,3.9310023784637,0.033435575664043,false,true,true,true,0,0,0.0,0.0
6087,SAMPLE,STABLE,true,1,45,12,0,-0.0024209022521973,-0.069837093353271,0.0,-0.07,-0.0024209022521973,0.00016290664672852,160.47637939453,120.00325012207,2.5003354549408,0.021266898140311,false,true,true,true,0,0,0.0014381408691406,0.0
6088,SAMPLE,STABLE,true,1,45,13,0,-0.0024209022521973,-0.069837093353271,0.0,-0.07,-0.0024209022521973,0.00016290664672852,160.47637939453,120.00325012207,2.5003354549408,0.021266898140311,false,true,true,true,0,0,0.0,0.0
6089,SAMPLE,STABLE,true,1,45,14,0,-0.0024209022521973,-0.069837093353271,0.0,-0.07,-0.0024209022521973,0.00016290664672852,160.47637939453,120.00325012207,2.5003354549408,0.021266898140311,false,true,true,true,0,0,0.0,0.0
6090,SAMPLE,STABLE,true,1,45,15,0,-0.0015578269958496,-0.069837093353271,0.0,-0.07,-0.0015578269958496,0.00016290664672852,160.3030090332,120.00206756592,1.5903829336166,0.013526938855648,false,true,true,true,0,0,0.00086307525634766,0.0
6091,SAMPLE,STABLE,true,1,45,16,0,-0.0015578269958496,-0.069837093353271,0.0,-0.07,-0.0015578269958496,0.00016290664672852,160.3030090332,120.00206756592,1.5903829336166,0.013526938855648,false,true,true,true,0,0,0.0,0.0
6092,SAMPLE,STABLE,true,1,45,17,0,-0.0015578269958496,-0.069837093353271,0.0,-0.07,-0.0015578269958496,0.00016290664672852,160.3030090332,120.00206756592,1.5903829336166,0.013526938855648,false,true,true,true,0,0,0.0,0.0
6093,ALIGNING,ALIGNING,true,1,45,0,0,-0.081997394561768,-0.069501556456089,0.0,-0.07,-0.081997394561768,0.00049844354391099,175.66613769531,119.92532348633,81.949317932129,0.69938147068024,true,false,true,false,23,4,-0.080439567565918,0.00033553689718246
6094,SAMPLE,ALIGNING,true,1,45,0,0,-0.081997394561768,-0.069501556456089,0.0,-0.07,-0.081997394561768,0.00049844354391099,175.66613769531,119.92532348633,81.949317932129,0.69938147068024,true,false,true,false,23,4,0.0,0.0
6095,SAMPLE,ALIGNING,true,1,45,0,0,-0.081997394561768,-0.069501556456089,0.0,-0.07,-0.081997394561768,0.00049844354391099,175.66613769531,119.92532348633,81.949317932129,0.69938147068024,true,false,true,false,23,4,0.0,0.0
6096,SAMPLE,ALIGNING,true,1,45,0,0,-0.13238000869751,-0.069357790052891,0.0,-0.07,-0.13238000869751,0.00064220994710923,185.37683105469,119.89552307129,132.02781677246,1.1328945159912,true,false,true,false,37,4,-0.050382614135742,0.00014376640319824
6097,SAMPLE,ALIGNING,true,1,45,0,0,-0.13238000869751,-0.069357790052891,0.0,-0.07,-0.13238000869751,0.00064220994710923,185.37683105469,119.89552307129,132.02781677246,1.1328945159912,true,false,true,false,37,4,0.0,0.0
6098,SAMPLE,ALIGNING,true,1,45,0,0,-0.16397047042847,-0.069261945784092,0.0,-0.07,-0.16397047042847,0.00073805421590806,191.52572631836,119.88238525391,163.24739074707,1.4073987007141,true,false,true,false,45,4,-0.031590461730957,9.5844268798828e-05
6099,SAMPLE,ALIGNING,true,1,45,0,0,-0.16397047042847,-0.069261945784092,0.0,-0.07,-0.16397047042847,0.00073805421590806,191.52572631836,119.88238525391,163.24739074707,1.4073987007141,true,false,true,false,45,4,0.0,0.0
6100,SAMPLE,ALIGNING,true,1,45,0,0,-0.16397047042847,-0.069261945784092,0.0,-0.07,-0.16397047042847,0.00073805421590806,191.52572631836,119.88238525391,163.24739074707,1.4073987007141,true,false,true,false,45,4,0.0,0.0
6101,SAMPLE,ALIGNING,true,1,45,0,0,-0.18463182449341,-0.069118060171604,0.0,-0.07,-0.18463182449341,0.00088193982839585,195.58963012695,119.85230255127,183.6209564209,1.5888231992722,true,false,true,false,45,4,-0.020661354064941,0.00014388561248779
6102,SAMPLE,ALIGNING,true,1,45,0,0,-0.18463182449341,-0.069118060171604,0.0,-0.07,-0.18463182449341,0.00088193982839585,195.58963012695,119.85230255127,183.6209564209,1.5888231992722,true,false,true,false,45,4,0.0,0.0
6103,SAMPLE,ALIGNING,true,1,45,0,0,-0.18463182449341,-0.069118060171604,0.0,-0.07,-0.18463182449341,0.00088193982839585,195.58963012695,119.85230255127,183.6209564209,1.5888231992722,true,false,true,false,45,4,0.0,0.0
6104,SAMPLE,ALIGNING,true,1,45,0,0,-0.19834184646606,-0.069165982306004,0.0,-0.07,-0.19834184646606,0.00083401769399644,198.30406188965,119.85984039307,197.10028076172,1.7100028991699,true,false,true,false,45,4,-0.013710021972656,-4.7922134399414e-05
6105,SAMPLE,ALIGNING,true,1,45,0,0,-0.19834184646606,-0.069165982306004,0.0,-0.07,-0.19834184646606,0.00083401769399644,198.30406188965,119.85984039307,197.10028076172,1.7100028991699,true,false,true,false,45,4,0.0,0.0
6106,SAMPLE,ALIGNING,true,1,45,0,0,-0.19834184646606,-0.069165982306004,0.0,-0.07,-0.19834184646606,0.00083401769399644,198.30406188965,119.85984039307,197.10028076172,1.7100028991699,true,false,true,false,45,4,0.0,0.0
6107,SAMPLE,ALIGNING,true,1,45,0,0,-0.20759391784668,-0.06940571218729,0.0,-0.07,-0.20759391784668,0.00059428781270982,200.14538574219,119.90927124023,206.18124389648,1.7922044992447,true,false,true,false,45,4,-0.0092520713806152,-0.00023972988128662
6108,SAMPLE,ALIGNING,true,1,45,0,0,-0.20759391784668,-0.06940571218729,0.0,-0.07,-0.20759391784668,0.00059428781270982,200.14538574219,119.90927124023,206.18124389648,1.7922044992447,true,false,true,false,45,4,0.0,0.0
6109,SAMPLE,ALIGNING,true,1,45,0,0,-0.20759391784668,-0.06940571218729,0.0,-0.07,-0.20759391784668,0.00059428781270982,201.31579589844,120.02510070801,211.92604064941,1.8444555997849,true,false,true,false,45,4,0.0,0.0
6110,SAMPLE,ALIGNING,true,1,45,0,0,-0.21349000930786,-0.06988525390625,0.0,-0.07,-0.21349000930786,0.00011474609375001,201.31579589844,120.02510070801,211.92604064941,1.8444555997849,true,false,true,false,45,4,-0.0058960914611816,-0.00047954171895981
6111,SAMPLE,ALIGNING,true,1,45,0,0,-0.21349000930786,-0.06988525390625,0.0,-0.07,-0.21349000930786,0.00011474609375001,201.31579589844,120.02510070801,211.92604064941,1.8444555997849,true,false,true,false,45,4,0.0,0.0
6112,SAMPLE,ALIGNING,true,1,45,0,0,-0.21694183349609,-0.071227550506592,0.0,-0.07,-0.21694183349609,-0.0012275505065918,202.00108337402,120.29044342041,215.279296875,1.8750485181808,true,false,true,false,45,-5,-0.0034518241882324,-0.0013422966003418
6113,SAMPLE,ALIGNING,true,1,45,0,0,-0.21694183349609,-0.071227550506592,0.0,-0.07,-0.21694183349609,-0.0012275505065918,202.00108337402,120.29044342041,215.279296875,1.8750485181808,true,false,true,false,45,-5,0.0,0.0
6114,SAMPLE,ALIGNING,true,1,45,0,0,-0.21694183349609,-0.071227550506592,0.0,-0.07,-0.21694183349609,-0.0012275505065918,202.00108337402,120.29044342041,215.279296875,1.8750485181808,true,false,true,false,45,-5,0.0,0.0
6115,SAMPLE,ALIGNING,true,1,45,0,0,-0.21881151199341,-0.072617530822754,0.0,-0.07,-0.21881151199341,-0.0026175308227539,202.36976623535,120.55696868896,217.0796661377,1.8915073871613,true,false,true,false,45,-5,-0.0018696784973145,-0.0013899803161621
6116,SAMPLE,ALIGNING,true,1,45,0,0,-0.21881151199341,-0.072617530822754,0.0,-0.07,-0.21881151199341,-0.0026175308227539,202.36976623535,120.55696868896,217.0796661377,1.8915073871613,true,false,true,false,45,-5,0.0,0.0
6117,SAMPLE,ALIGNING,true,1,45,0,0,-0.2197699546814,-0.074199676513672,0.0,-0.07,-0.2197699546814,-0.0041996765136719,202.56503295898,120.87023162842,218.03137207031,1.9002248048782,true,false,true,false,45,-5,-0.00095844268798828,-0.001582145690918
6118,SAMPLE,ALIGNING,true,1,45,0,0,-0.2197699546814,-0.074199676513672,0.0,-0.07,-0.2197699546814,-0.0041996765136719,202.56503295898,120.87023162842,218.03137207031,1.9002248048782,true,false,true,false,45,-5,0.0,0.0
6119,SAMPLE,ALIGNING,true,1,45,0,0,-0.2197699546814,-0.074199676513672,0.0,-0.07,-0.2197699546814,-0.0041996765136719,202.56503295898,120.87023162842,218.03137207031,1.9002248048782,true,false,true,false,45,-5,0.0,0.0
6120,SAMPLE,ALIGNING,true,1,45,0,0,-0.21933889389038,-0.076500415802002,0.0,-0.07,-0.21933889389038,-0.0065004158020019,202.4856262207,121.31795501709,217.64111328125,1.8966796398163,true,false,true,false,45,-5,0.00043106079101563,-0.0023007392883301
6121,SAMPLE,ALIGNING,true,1,45,0,0,-0.21933889389038,-0.076500415802002,0.0,-0.07,-0.21933889389038,-0.0065004158020019,202.4856262207,121.31795501709,217.64111328125,1.8966796398163,true,false,true,false,45,-5,0.0,0.0
6122,SAMPLE,ALIGNING,true,1,45,0,0,-0.21933889389038,-0.076500415802002,0.0,-0.07,-0.21933889389038,-0.0065004158020019,202.4856262207,121.31795501709,217.64111328125,1.8966796398163,true,false,true,false,45,-5,0.0,0.0
6123,SAMPLE,ALIGNING,true,1,45,0,0,-0.21857166290283,-0.078322410583496,0.0,-0.07,-0.21857166290283,-0.0083224105834961,202.32974243164,121.6710357666,216.87718200684,1.8897206783295,true,false,true,false,45,-5,0.00076723098754883,-0.0018219947814941
6124,SAMPLE,ALIGNING,true,1,45,0,0,-0.21857166290283,-0.078322410583496,0.0,-0.07,-0.21857166290283,-0.0083224105834961,202.32974243164,121.6710357666,216.87718200684,1.8897206783295,true,false,true,false,45,-5,0.0,0.0
6125,SAMPLE,ALIGNING,true,1,45,0,0,-0.21737337112427,-0.081006526947021,0.0,-0.07,-0.21737337112427,-0.011006526947021,202.09030151367,122.20203399658,215.70182800293,1.8790310621262,true,false,true,false,45,-5,0.0011982917785645,-0.0026841163635254
6126,SAMPLE,ALIGNING,true,1,45,0,0,-0.21737337112427,-0.081006526947021,0.0,-0.07,-0.21737337112427,-0.011006526947021,202.09030151367,122.20203399658,215.70182800293,1.8790310621262,true,false,true,false,45,-5,0.0,0.0
6127,SAMPLE,ALIGNING,true,1,45,0,0,-0.21737337112427,-0.081006526947021,0.0,-0.07,-0.21737337112427,-0.011006526947021,202.09030151367,122.20203399658,215.70182800293,1.8790310621262,true,false,true,false,45,-5,0.0,0.0
6128,SAMPLE,ALIGNING,true,1,45,0,0,-0.21555185317993,-0.084841728210449,0.0,-0.07,-0.21555185317993,-0.014841728210449,201.72891235352,122.94535064697,213.92414855957,1.8628981113434,true,false,true,false,45,-5,0.0018215179443359,-0.0038352012634277
6129,SAMPLE,ALIGNING,true,1,45,0,0,-0.21555185317993,-0.084841728210449,0.0,-0.07,-0.21555185317993,-0.014841728210449,201.72891235352,122.94535064697,213.92414855957,1.8628981113434,true,false,true,false,45,-5,0.0,0.0
6130,SAMPLE,ALIGNING,true,1,45,0,0,-0.21555185317993,-0.084841728210449,0.0,-0.07,-0.21555185317993,-0.014841728210449,201.72891235352,122.94535064697,213.92414855957,1.8628981113434,true,false,true,false,45,-5,0.0,0.0
6131,SAMPLE,ALIGNING,true,1,45,0,0,-0.21349000930786,-0.091121673583984,0.0,-0.07,-0.21349000930786,-0.021121673583984,201.30920410156,124.17025756836,211.84527587891,1.8441609144211,true,false,true,false,45,-6,0.0020618438720703,-0.0062799453735352
6132,SAMPLE,ALIGNING,true,1,45,0,0,-0.21349000930786,-0.091121673583984,0.0,-0.07,-0.21349000930786,-0.021121673583984,201.30920410156,124.17025756836,211.84527587891,1.8441609144211,true,false,true,false,45,-6,0.0,0.0
6133,SAMPLE,ALIGNING,true,1,45,0,0,-0.2117166519165,-0.097736835479736,0.0,-0.07,-0.2117166519165,-0.027736835479736,200.96426391602,125.45416259766,210.12060546875,1.8287620544434,true,false,true,false,45,-7,0.0017733573913574,-0.006615161895752
6134,SAMPLE,ALIGNING,true,1,45,0,0,-0.2117166519165,-0.097736835479736,0.0,-0.07,-0.2117166519165,-0.027736835479736,200.96426391602,125.45416259766,210.12060546875,1.8287620544434,true,false,true,false,45,-7,0.0,0.0
6135,SAMPLE,ALIGNING,true,1,45,0,0,-0.21018266677856,-0.10430431365967,0.0,-0.07,-0.21018266677856,-0.034304313659668,200.65377807617,126.73188018799,208.55480957031,1.814900636673,true,false,false,false,45,-9,0.0015339851379395,-0.0065674781799316
6136,SAMPLE,ALIGNING,true,1,45,0,0,-0.21018266677856,-0.10430431365967,0.0,-0.07,-0.21018266677856,-0.034304313659668,200.65377807617,126.73188018799,208.55480957031,1.814900636673,true,false,false,false,45,-9,0.0,0.0
6137,SAMPLE,ALIGNING,true,1,45,0,0,-0.21018266677856,-0.10430431365967,0.0,-0.07,-0.21018266677856,-0.034304313659668,200.65377807617,126.73188018799,208.55480957031,1.814900636673,true,false,false,false,45,-9,0.0,0.0
6138,SAMPLE,ALIGNING,true,1,45,0,0,-0.20812129974365,-0.11475467681885,0.0,-0.07,-0.20812129974365,-0.044754676818848,200.24270629883,128.75946044922,206.4510345459,1.7965500354767,true,false,false,false,45,-11,0.0020613670349121,-0.01045036315918
6139,SAMPLE,ALIGNING,true,1,45,0,0,-0.20812129974365,-0.11475467681885,0.0,-0.07,-0.20812129974365,-0.044754676818848,200.24270629883,128.75946044922,206.4510345459,1.7965500354767,true,false,false,false,45,-11,0.0,0.0
6140,SAMPLE,ALIGNING,true,1,45,0,0,-0.20812129974365,-0.11475467681885,0.0,-0.07,-0.20812129974365,-0.044754676818848,200.24270629883,128.75946044922,206.4510345459,1.7965500354767,true,false,false,false,45,-11,0.0,0.0
6141,SAMPLE,ALIGNING,true,1,45,0,0,-0.20658731460571,-0.12223291397095,0.0,-0.07,-0.20658731460571,-0.052232913970947,199.94085693359,130.22497558594,204.89273071289,1.7830741405487,true,false,false,false,45,-12,0.0015339851379395,-0.0074782371520996
6142,SAMPLE,ALIGNING,true,1,45,0,0,-0.20658731460571,-0.12223291397095,0.0,-0.07,-0.20658731460571,-0.052232913970947,199.94085693359,130.22497558594,204.89273071289,1.7830741405487,true,false,false,false,45,-12,0.0,0.0
6143,SAMPLE,ALIGNING,true,1,45,0,0,-0.20519685745239,-0.12937593460083,0.0,-0.07,-0.20519685745239,-0.05937593460083,199.66273498535,131.61325073242,203.44407653809,1.7706581354141,true,false,false,false,45,-14,0.0013904571533203,-0.0071430206298828
6144,SAMPLE,ALIGNING,true,1,45,0,0,-0.20519685745239,-0.12937593460083,0.0,-0.07,-0.20519685745239,-0.05937593460083,199.66273498535,131.61325073242,203.44407653809,1.7706581354141,true,false,false,false,45,-14,0.0,0.0
6145,SAMPLE,ALIGNING,true,1,45,0,0,-0.20519685745239,-0.12937593460083,0.0,-0.07,-0.20519685745239,-0.05937593460083,199.66273498535,131.61325073242,203.44407653809,1.7706581354141,true,false,false,false,45,-14,0.0,0.0
6146,SAMPLE,ALIGNING,true,1,45,0,0,-0.20342350006104,-0.13867568969727,0.0,-0.07,-0.20342350006104,-0.068675689697266,199.31661987305,133.4289855957,201.62066650391,1.7552061080933,true,false,false,false,45,-16,0.0017733573913574,-0.0092997550964355
6147,SAMPLE,ALIGNING,true,1,45,0,0,-0.20342350006104,-0.13867568969727,0.0,-0.07,-0.20342350006104,-0.068675689697266,199.31661987305,133.4289855957,201.62066650391,1.7552061080933,true,false,false,false,45,-16,0.0,0.0
6148,SAMPLE,ALIGNING,true,1,45,0,0,-0.20179319381714,-0.14735221862793,0.0,-0.07,-0.20179319381714,-0.07735221862793,198.99160766602,135.11532592773,199.89434814453,1.740697145462,true,false,false,false,45,-18,0.0016303062438965,-0.0086765289306641
6149,SAMPLE,ALIGNING,true,1,45,0,0,-0.20179319381714,-0.14735221862793,0.0,-0.07,-0.20179319381714,-0.07735221862793,198.99160766602,135.11532592773,199.89434814453,1.740697145462,true,false,false,false,45,-18,0.0,0.0
6150,SAMPLE,ALIGNING,true,1,45,0,0,-0.20179319381714,-0.14735221862793,0.0,-0.07,-0.20179319381714,-0.07735221862793,198.99160766602,135.11532592773,199.89434814453,1.740697145462,true,false,false,false,45,-18,0.0,0.0
6151,SAMPLE,ALIGNING,true,1,45,0,0,-0.2001633644104,-0.15487861633301,0.0,-0.07,-0.2001633644104,-0.084878616333008,198.6681060791,136.583984375,198.18006896973,1.726254940033,true,false,false,false,45,-20,0.0016298294067383,-0.0075263977050781
6152,SAMPLE,ALIGNING,true,1,45,0,0,-0.2001633644104,-0.15487861633301,0.0,-0.07,-0.2001633644104,-0.084878616333008,198.6681060791,136.583984375,198.18006896973,1.726254940033,true,false,false,false,45,-20,0.0,0.0
6153,SAMPLE,ALIGNING,true,1,45,0,0,-0.19896507263184,-0.15976810455322,0.0,-0.07,-0.19896507263184,-0.089768104553223,198.42971801758,137.53775024414,196.92167663574,1.7156122922897,true,false,false,false,45,-21,0.0011982917785645,-0.0048894882202148
6154,SAMPLE,ALIGNING,true,1,45,0,0,-0.19896507263184,-0.15976810455322,0.0,-0.07,-0.19896507263184,-0.089768104553223,198.42971801758,137.53775024414,196.92167663574,1.7156122922897,true,false,false,false,45,-21,0.0,0.0
6155,SAMPLE,ALIGNING,true,1,45,0,0,-0.19896507263184,-0.15976810455322,0.0,-0.07,-0.19896507263184,-0.089768104553223,198.42971801758,137.53775024414,196.92167663574,1.7156122922897,true,false,false,false,45,-21,0.0,0.0
6156,SAMPLE,ALIGNING,true,1,45,0,0,-0.19824600219727,-0.16278839111328,0.0,-0.07,-0.19824600219727,-0.092788391113281,198.28451538086,138.1275177002,196.15214538574,1.7091302871704,true,false,false,false,45,-21,0.00071907043457031,-0.0030202865600586
6157,SAMPLE,ALIGNING,true,1,45,0,0,-0.19824600219727,-0.16278839111328,0.0,-0.07,-0.19824600219727,-0.092788391113281,198.28451538086,138.1275177002,196.15214538574,1.7091302871704,true,false,false,false,45,-21,0.0,0.0
6158,SAMPLE,ALIGNING,true,1,45,0,0,-0.19824600219727,-0.16278839111328,0.0,-0.07,-0.19824600219727,-0.092788391113281,198.24597167969,138.47547912598,195.92950439453,1.7074093818665,true,false,false,false,45,-21,0.0,0.0
6159,SAMPLE,ALIGNING,true,1,45,0,0,-0.19805431365967,-0.1645622253418,0.0,-0.07,-0.19805431365967,-0.094562225341797,198.24597167969,138.47547912598,195.92950439453,1.7074093818665,true,false,false,false,45,-22,0.00019168853759766,-0.0017738342285156
6160,SAMPLE,ALIGNING,true,1,45,0,0,-0.19805431365967,-0.1645622253418,0.0,-0.07,-0.19805431365967,-0.094562225341797,198.24597167969,138.47547912598,195.92950439453,1.7074093818665,true,false,false,false,45,-22,0.0,0.0
6161,SAMPLE,ALIGNING,true,1,45,0,0,-0.19858169555664,-0.16470575332642,0.0,-0.07,-0.19858169555664,-0.094705753326416,198.35717773438,138.51034545898,196.4739074707,1.7123745679855,true,false,false,false,45,-22,-0.00052738189697266,-0.00014352798461914
6162,SAMPLE,ALIGNING,true,1,45,0,0,-0.19858169555664,-0.16470575332642,0.0,-0.07,-0.19858169555664,-0.094705753326416,198.35717773438,138.51034545898,196.4739074707,1.7123745679855,true,false,false,false,45,-22,0.0,0.0
6163,SAMPLE,ALIGNING,true,1,45,0,0,-0.19858169555664,-0.16470575332642,0.0,-0.07,-0.19858169555664,-0.094705753326416,198.35717773438,138.51034545898,196.4739074707,1.7123745679855,true,false,false,false,45,-22,0.0,0.0
6164,SAMPLE,ALIGNING,true,1,45,0,0,-0.19973230361938,-0.16379499435425,0.0,-0.07,-0.19973230361938,-0.093794994354248,198.58238220215,138.33276367188,197.59950256348,1.7224278450012,true,false,false,false,45,-22,-0.0011506080627441,0.00091075897216797
6165,SAMPLE,ALIGNING,true,1,45,0,0,-0.19973230361938,-0.16379499435425,0.0,-0.07,-0.19973230361938,-0.093794994354248,198.58238220215,138.33276367188,197.59950256348,1.7224278450012,true,false,false,false,45,-22,0.0,0.0
6166,SAMPLE,ALIGNING,true,1,45,0,0,-0.20107460021973,-0.16230869293213,0.0,-0.07,-0.20107460021973,-0.092308692932129,198.84609985352,138.04856872559,198.92384338379,1.7342010736465,true,false,false,false,45,-21,-0.0013422966003418,0.0014863014221191
6167,SAMPLE,ALIGNING,true,1,45,0,0,-0.20107460021973,-0.16230869293213,0.0,-0.07,-0.20107460021973,-0.092308692932129,198.84609985352,138.04856872559,198.92384338379,1.7342010736465,true,false,false,false,45,-21,0.0,0.0
6168,SAMPLE,ALIGNING,true,1,45,0,0,-0.20107460021973,-0.16230869293213,0.0,-0.07,-0.20107460021973,-0.092308692932129,199.0492401123,137.86471557617,199.93989562988,1.7432699203491,true,false,false,false,45,-21,0.0,0.0
6169,SAMPLE,ALIGNING,true,1,45,0,0,-0.20212888717651,-0.16139793395996,0.0,-0.07,-0.20212888717651,-0.091397933959961,199.0492401123,137.86471557617,199.93989562988,1.7432699203491,true,false,false,false,45,-21,-0.0010542869567871,0.00091075897216797
6170,SAMPLE,ALIGNING,true,1,45,0,0,-0.20212888717651,-0.16139793395996,0.0,-0.07,-0.20212888717651,-0.091397933959961,199.0492401123,137.86471557617,199.93989562988,1.7432699203491,true,false,false,false,45,-21,0.0,0.0
6171,SAMPLE,ALIGNING,true,1,45,0,0,-0.20327949523926,-0.16043949127197,0.0,-0.07,-0.20327949523926,-0.090439491271973,199.2839050293,137.69055175781,201.10929870605,1.7537461519241,true,false,false,false,45,-21,-0.0011506080627441,0.00095844268798828
6172,SAMPLE,ALIGNING,true,1,45,0,0,-0.20327949523926,-0.16043949127197,0.0,-0.07,-0.20327949523926,-0.090439491271973,199.2839050293,137.69055175781,201.10929870605,1.7537461519241,true,false,false,false,45,-21,0.0,0.0
6173,SAMPLE,ALIGNING,true,1,45,0,0,-0.20395040512085,-0.15976810455322,0.0,-0.07,-0.20395040512085,-0.089768104553223,199.4221496582,137.55368041992,201.80101013184,1.7599172592163,true,false,false,false,45,-21,-0.0006709098815918,0.00067138671875
6174,SAMPLE,ALIGNING,true,1,45,0,0,-0.20395040512085,-0.15976810455322,0.0,-0.07,-0.20395040512085,-0.089768104553223,199.4221496582,137.55368041992,201.80101013184,1.7599172592163,true,false,false,false,45,-21,0.0,0.0
6175,SAMPLE,ALIGNING,true,1,45,0,0,-0.204430103302,-0.15919303894043,0.0,-0.07,-0.204430103302,-0.08919303894043,199.51251220703,137.44546508789,202.25471496582,1.7639511823654,true,false,false,false,45,-21,-0.00047969818115234,0.00057506561279297
6176,SAMPLE,ALIGNING,true,1,45,0,0,-0.204430103302,-0.15919303894043,0.0,-0.07,-0.204430103302,-0.08919303894043,199.51251220703,137.44546508789,202.25471496582,1.7639511823654,true,false,false,false,45,-21,0.0,0.0
6177,SAMPLE,ALIGNING,true,1,45,0,0,-0.204430103302,-0.15919303894043,0.0,-0.07,-0.204430103302,-0.08919303894043,199.51251220703,137.44546508789,202.25471496582,1.7639511823654,true,false,false,false,45,-21,0.0,0.0
6178,SAMPLE,ALIGNING,true,1,45,0,0,-0.20514917373657,-0.15856981277466,0.0,-0.07,-0.20514917373657,-0.088569812774658,199.65914916992,137.32763671875,202.98532104492,1.7704976797104,true,false,false,false,45,-20,-0.00071907043457031,0.00062322616577148
6179,SAMPLE,ALIGNING,true,1,45,0,0,-0.20514917373657,-0.15856981277466,0.0,-0.07,-0.20514917373657,-0.088569812774658,199.65914916992,137.32763671875,202.98532104492,1.7704976797104,true,false,false,false,45,-20,0.0,0.0
6180,SAMPLE,ALIGNING,true,1,45,0,0,-0.20548486709595,-0.1581859588623,0.0,-0.07,-0.20548486709595,-0.088185958862305,199.72863769531,137.25489807129,203.33299255371,1.7735998630524,true,false,false,false,45,-20,-0.000335693359375,0.00038385391235352
6181,SAMPLE,ALIGNING,true,1,45,0,0,-0.20548486709595,-0.1581859588623,0.0,-0.07,-0.20548486709595,-0.088185958862305,199.72863769531,137.25489807129,203.33299255371,1.7735998630524,true,false,false,false,45,-20,0.0,0.0
6182,SAMPLE,ALIGNING,true,1,45,0,0,-0.20582008361816,-0.15789890289307,0.0,-0.07,-0.20582008361816,-0.087898902893066,199.78852844238,137.19708251953,203.63214111328,1.776273727417,true,false,false,false,45,-20,-0.0003352165222168,0.00028705596923828
6183,SAMPLE,ALIGNING,true,1,45,0,0,-0.20582008361816,-0.15789890289307,0.0,-0.07,-0.20582008361816,-0.087898902893066,199.78852844238,137.19708251953,203.63214111328,1.776273727417,true,false,false,false,45,-20,0.0,0.0
6184,SAMPLE,ALIGNING,true,1,45,0,0,-0.20582008361816,-0.15789890289307,0.0,-0.07,-0.20582008361816,-0.087898902893066,199.78852844238,137.19708251953,203.63214111328,1.776273727417,true,false,false,false,45,-20,0.0,0.0
6185,SAMPLE,ALIGNING,true,1,45,0,0,-0.20610761642456,-0.15761089324951,0.0,-0.07,-0.20610761642456,-0.087610893249512,199.84623718262,137.14134216309,203.92031860352,1.7788500785828,true,false,false,false,45,-20,-0.00028753280639648,0.00028800964355469
6186,SAMPLE,ALIGNING,true,1,45,0,0,-0.20610761642456,-0.15761089324951,0.0,-0.07,-0.20610761642456,-0.087610893249512,199.84623718262,137.14134216309,203.92031860352,1.7788500785828,true,false,false,false,45,-20,0.0,0.0
6187,SAMPLE,ALIGNING,true,1,45,0,0,-0.20639562606812,-0.15727519989014,0.0,-0.07,-0.20639562606812,-0.087275199890137,199.90905761719,137.07849121094,204.23417663574,1.7816544771194,true,false,false,false,45,-20,-0.00028800964355469,0.000335693359375
6188,SAMPLE,ALIGNING,true,1,45,0,0,-0.20639562606812,-0.15727519989014,0.0,-0.07,-0.20639562606812,-0.087275199890137,199.90905761719,137.07849121094,204.23417663574,1.7816544771194,true,false,false,false,45,-20,0.0,0.0
6189,SAMPLE,ALIGNING,true,1,45,0,0,-0.20673131942749,-0.15708351135254,0.0,-0.07,-0.20673131942749,-0.087083511352539,199.97247314453,137.03430175781,204.54916381836,1.784485578537,true,false,false,false,45,-20,-0.000335693359375,0.00019168853759766
6190,SAMPLE,ALIGNING,true,1,45,0,0,-0.20673131942749,-0.15708351135254,0.0,-0.07,-0.20673131942749,-0.087083511352539,199.97247314453,137.03430175781,204.54916381836,1.784485578537,true,false,false,false,45,-20,0.0,0.0
6191,SAMPLE,ALIGNING,true,1,45,0,0,-0.20673131942749,-0.15708351135254,0.0,-0.07,-0.20673131942749,-0.087083511352539,200.03591918945,136.99647521973,204.86367797852,1.7873179912567,true,false,false,false,45,-20,0.0,0.0
6192,SAMPLE,ALIGNING,true,1,45,0,0,-0.20706653594971,-0.15684413909912,0.0,-0.07,-0.20706653594971,-0.086844139099121,200.03591918945,136.99647521973,204.86367797852,1.7873179912567,true,false,false,false,45,-20,-0.0003352165222168,0.00023937225341797
6193,SAMPLE,ALIGNING,true,1,45,0,0,-0.20706653594971,-0.15684413909912,0.0,-0.07,-0.20706653594971,-0.086844139099121,200.03591918945,136.99647521973,204.86367797852,1.7873179912567,true,false,false,false,45,-20,0.0,0.0
6194,SAMPLE,ALIGNING,true,1,45,0,0,-0.2075457572937,-0.15650844573975,0.0,-0.07,-0.2075457572937,-0.086508445739746,200.13162231445,136.92935180664,205.33891296387,1.7915905714035,true,false,false,false,45,-20,-0.00047922134399414,0.000335693359375
6195,SAMPLE,ALIGNING,true,1,45,0,0,-0.2075457572937,-0.15650844573975,0.0,-0.07,-0.2075457572937,-0.086508445739746,200.13162231445,136.92935180664,205.33891296387,1.7915905714035,true,false,false,false,45,-20,0.0,0.0
6196,SAMPLE,ALIGNING,true,1,45,0,0,-0.2075457572937,-0.15650844573975,0.0,-0.07,-0.2075457572937,-0.086508445739746,200.13162231445,136.92935180664,205.33891296387,1.7915905714035,true,false,false,false,45,-20,0.0,0.0
6197,SAMPLE,ALIGNING,true,1,45,0,0,-0.20783376693726,-0.15631675720215,0.0,-0.07,-0.20783376693726,-0.086316757202148,200.19155883789,136.88659667969,205.63648986816,1.794266462326,true,false,false,false,45,-20,-0.00028800964355469,0.00019168853759766
6198,SAMPLE,ALIGNING,true,1,45,0,0,-0.20783376693726,-0.15631675720215,0.0,-0.07,-0.20783376693726,-0.086316757202148,200.19155883789,136.88659667969,205.63648986816,1.794266462326,true,false,false,false,45,-20,0.0,0.0
6199,SAMPLE,ALIGNING,true,1,45,0,0,-0.20807313919067,-0.15602922439575,0.0,-0.07,-0.20807313919067,-0.086029224395752,200.23608398438,136.84176635742,205.85871887207,1.7962539196014,true,false,false,false,45,-20,-0.00023937225341797,0.00028753280639648
6200,SAMPLE,ALIGNING,true,1,45,0,0,-0.20807313919067,-0.15602922439575,0.0,-0.07,-0.20807313919067,-0.086029224395752,200.23608398438,136.84176635742,205.85871887207,1.7962539196014,true,false,false,false,45,-20,0.0,0.0
6201,SAMPLE,ALIGNING,true,1,45,0,0,-0.20826482772827,-0.15578937530518,0.0,-0.07,-0.20826482772827,-0.085789375305176,200.27502441406,136.7961730957,206.05364990234,1.797992348671,true,false,false,false,45,-20,-0.00019168853759766,0.00023984909057617
6202,SAMPLE,ALIGNING,true,1,45,0,0,-0.20826482772827,-0.15578937530518,0.0,-0.07,-0.20826482772827,-0.085789375305176,200.27502441406,136.7961730957,206.05364990234,1.797992348671,true,false,false,false,45,-20,0.0,0.0
6203,SAMPLE,ALIGNING,true,1,45,0,0,-0.20826482772827,-0.15578937530518,0.0,-0.07,-0.20826482772827,-0.085789375305176,200.27502441406,136.7961730957,206.05364990234,1.797992348671,true,false,false,false,45,-20,0.0,0.0
6204,SAMPLE,ALIGNING,true,1,45,0,0,-0.20864868164063,-0.15550184249878,0.0,-0.07,-0.20864868164063,-0.085501842498779,200.34819030762,136.7333984375,206.41770935059,1.8012585639954,true,false,false,false,45,-20,-0.00038385391235352,0.00028753280639648
6205,SAMPLE,ALIGNING,true,1,45,0,0,-0.20864868164063,-0.15550184249878,0.0,-0.07,-0.20864868164063,-0.085501842498779,200.34819030762,136.7333984375,206.41770935059,1.8012585639954,true,false,false,false,45,-20,0.0,0.0
6206,SAMPLE,ALIGNING,true,1,45,0,0,-0.20903205871582,-0.15521430969238,0.0,-0.07,-0.20903205871582,-0.085214309692383,200.42535400391,136.67526245117,206.80087280273,1.8047035932541,true,false,false,false,45,-20,-0.00038337707519531,0.00028753280639648
6207,SAMPLE,ALIGNING,true,1,45,0,0,-0.20903205871582,-0.15521430969238,0.0,-0.07,-0.20903205871582,-0.085214309692383,200.42535400391,136.67526245117,206.80087280273,1.8047035932541,true,false,false,false,45,-20,0.0,0.0
6208,SAMPLE,ALIGNING,true,1,45,0,0,-0.20903205871582,-0.15521430969238,0.0,-0.07,-0.20903205871582,-0.085214309692383,200.42535400391,136.67526245117,206.80087280273,1.8047035932541,true,false,false,false,45,-20,0.0,0.0
6209,SAMPLE,ALIGNING,true,1,45,0,0,-0.20946359634399,-0.15492630004883,0.0,-0.07,-0.20946359634399,-0.084926300048828,200.50912475586,136.62713623047,207.21536254883,1.8084435462952,true,false,false,false,45,-20,-0.00043153762817383,0.00028800964355469
6210,SAMPLE,ALIGNING,true,1,45,0,0,-0.20946359634399,-0.15492630004883,0.0,-0.07,-0.20946359634399,-0.084926300048828,200.50912475586,136.62713623047,207.21536254883,1.8084435462952,true,false,false,false,45,-20,0.0,0.0
6211,SAMPLE,ALIGNING,true,1,45,0,0,-0.20989465713501,-0.15478277206421,0.0,-0.07,-0.20989465713501,-0.084782772064209,200.59512329102,136.59802246094,207.63897705078,1.8122823238373,true,false,false,false,45,-20,-0.00043106079101563,0.00014352798461914
6212,SAMPLE,ALIGNING,true,1,45,0,0,-0.20989465713501,-0.15478277206421,0.0,-0.07,-0.20989465713501,-0.084782772064209,200.59512329102,136.59802246094,207.63897705078,1.8122823238373,true,false,false,false,45,-20,0.0,0.0
6213,SAMPLE,ALIGNING,true,1,45,0,0,-0.20989465713501,-0.15478277206421,0.0,-0.07,-0.20989465713501,-0.084782772064209,200.70703125,136.55728149414,208.19024658203,1.8172783851624,true,false,false,false,45,-20,0.0,0.0
6214,SAMPLE,ALIGNING,true,1,45,0,0,-0.21042203903198,-0.15454292297363,0.0,-0.07,-0.21042203903198,-0.084542922973633,200.70703125,136.55728149414,208.19024658203,1.8172783851624,true,false,false,false,45,-20,-0.00052738189697266,0.00023984909057617
6215,SAMPLE,ALIGNING,true,1,45,0,0,-0.21042203903198,-0.15454292297363,0.0,-0.07,-0.21042203903198,-0.084542922973633,200.70703125,136.55728149414,208.19024658203,1.8172783851624,true,false,false,false,45,-20,0.0,0.0
6216,SAMPLE,ALIGNING,true,1,45,0,0,-0.21099758148193,-0.15454292297363,0.0,-0.07,-0.21099758148193,-0.084542922973633,200.81466674805,136.55661010742,208.71685791016,1.8220835924149,true,false,false,false,45,-20,-0.00057554244995117,0.0
6217,SAMPLE,ALIGNING,true,1,45,0,0,-0.21099758148193,-0.15454292297363,0.0,-0.07,-0.21099758148193,-0.084542922973633,200.81466674805,136.55661010742,208.71685791016,1.8220835924149,true,false,false,false,45,-20,0.0,0.0
6218,SAMPLE,ALIGNING,true,1,45,0,0,-0.21099758148193,-0.15454292297363,0.0,-0.07,-0.21099758148193,-0.084542922973633,200.81466674805,136.55661010742,208.71685791016,1.8220835924149,true,false,false,false,45,-20,0.0,0.0
6219,SAMPLE,ALIGNING,true,1,45,0,0,-0.21152496337891,-0.15425539016724,0.0,-0.07,-0.21152496337891,-0.084255390167236,200.91940307617,136.50564575195,209.23365783691,1.8267593383789,true,false,false,false,45,-20,-0.00052738189697266,0.00028753280639648
6220,SAMPLE,ALIGNING,true,1,45,0,0,-0.21152496337891,-0.15425539016724,0.0,-0.07,-0.21152496337891,-0.084255390167236,200.91940307617,136.50564575195,209.23365783691,1.8267593383789,true,false,false,false,45,-20,0.0,0.0
6221,SAMPLE,ALIGNING,true,1,45,0,0,-0.2118124961853,-0.15401554107666,0.0,-0.07,-0.2118124961853,-0.08401554107666,200.98217773438,136.45739746094,209.54489135742,1.8295614719391,true,false,false,false,45,-19,-0.00028753280639648,0.00023984909057617
6222,SAMPLE,ALIGNING,true,1,45,0,0,-0.2118124961853,-0.15401554107666,0.0,-0.07,-0.2118124961853,-0.08401554107666,200.98217773438,136.45739746094,209.54489135742,1.8295614719391,true,false,false,false,45,-19,0.0,0.0
6223,SAMPLE,ALIGNING,true,1,45,0,0,-0.2118124961853,-0.15401554107666,0.0,-0.07,-0.2118124961853,-0.08401554107666,201.05715942383,136.41394042969,209.91534423828,1.8329088687897,true,false,false,false,45,-19,0.0,0.0
6224,SAMPLE,ALIGNING,true,1,45,0,0,-0.2121958732605,-0.15377616882324,0.0,-0.07,-0.2121958732605,-0.083776168823242,201.05715942383,136.41394042969,209.91534423828,1.8329088687897,true,false,false,false,45,-19,-0.00038337707519531,0.00023937225341797
6225,SAMPLE,ALIGNING,true,1,45,0,0,-0.2121958732605,-0.15377616882324,0.0,-0.07,-0.2121958732605,-0.083776168823242,201.05715942383,136.41394042969,209.91534423828,1.8329088687897,true,false,false,false,45,-19,0.0,0.0
6226,SAMPLE,ALIGNING,true,1,45,0,0,-0.21281909942627,-0.15358448028564,0.0,-0.07,-0.21281909942627,-0.083584480285645,201.18383789063,136.37002563477,210.53829956055,1.8385643959045,true,false,false,false,45,-19,-0.00062322616577148,0.00019168853759766
6227,SAMPLE,ALIGNING,true,1,45,0,0,-0.21281909942627,-0.15358448028564,0.0,-0.07,-0.21281909942627,-0.083584480285645,201.18383789063,136.37002563477,210.53829956055,1.8385643959045,true,false,false,false,45,-19,0.0,0.0
6228,SAMPLE,ALIGNING,true,1,45,0,0,-0.21281909942627,-0.15358448028564,0.0,-0.07,-0.21281909942627,-0.083584480285645,201.27169799805,136.34121704102,210.97009277344,1.8424865007401,true,false,false,false,45,-19,0.0,0.0
6229,SAMPLE,ALIGNING,true,1,45,0,0,-0.21329832077026,-0.15344047546387,0.0,-0.07,-0.21329832077026,-0.083440475463867,201.27169799805,136.34121704102,210.97009277344,1.8424865007401,true,false,false,false,45,-19,-0.00047922134399414,0.00014400482177734
6230,SAMPLE,ALIGNING,true,1,45,0,0,-0.21329832077026,-0.15344047546387,0.0,-0.07,-0.21329832077026,-0.083440475463867,201.27169799805,136.34121704102,210.97009277344,1.8424865007401,true,false,false,false,45,-19,0.0,0.0
6231,SAMPLE,ALIGNING,true,1,45,0,0,-0.21396970748901,-0.15324878692627,0.0,-0.07,-0.21396970748901,-0.08324878692627,201.41027832031,136.30880737305,211.64970397949,1.848673582077,true,false,false,false,45,-19,-0.00067138671875,0.00019168853759766
6232,SAMPLE,ALIGNING,true,1,45,0,0,-0.21396970748901,-0.15324878692627,0.0,-0.07,-0.21396970748901,-0.08324878692627,201.41027832031,136.30880737305,211.64970397949,1.848673582077,true,false,false,false,45,-19,0.0,0.0
6233,SAMPLE,ALIGNING,true,1,45,0,0,-0.21396970748901,-0.15324878692627,0.0,-0.07,-0.21396970748901,-0.08324878692627,201.41027832031,136.30880737305,211.64970397949,1.848673582077,true,false,false,false,45,-19,0.0,0.0
6234,SAMPLE,ALIGNING,true,1,45,0,0,-0.21440124511719,-0.15310478210449,0.0,-0.07,-0.21440124511719,-0.083104782104492,201.49588012695,136.28857421875,212.06938171387,1.852494597435,true,false,false,false,45,-19,-0.00043153762817383,0.00014400482177734
6235,SAMPLE,ALIGNING,true,1,45,0,0,-0.21440124511719,-0.15310478210449,0.0,-0.07,-0.21440124511719,-0.083104782104492,201.49588012695,136.28857421875,212.06938171387,1.852494597435,true,false,false,false,45,-19,0.0,0.0
6236,SAMPLE,ALIGNING,true,1,45,0,0,-0.2147364616394,-0.15300893783569,0.0,-0.07,-0.2147364616394,-0.083008937835693,201.56372070313,136.26271057129,212.40280151367,1.8555232286453,true,false,false,false,45,-19,-0.0003352165222168,9.5844268798828e-05
6237,SAMPLE,ALIGNING,true,1,45,0,0,-0.2147364616394,-0.15300893783569,0.0,-0.07,-0.2147364616394,-0.083008937835693,201.56372070313,136.26271057129,212.40280151367,1.8555232286453,true,false,false,false,45,-19,0.0,0.0
6238,SAMPLE,ALIGNING,true,1,45,0,0,-0.21512031555176,-0.15286540985107,0.0,-0.07,-0.21512031555176,-0.082865409851074,201.634765625,136.24076843262,212.75141906738,1.8586949110031,true,false,false,false,45,-19,-0.00038385391235352,0.00014352798461914
6239,SAMPLE,ALIGNING,true,1,45,0,0,-0.21512031555176,-0.15286540985107,0.0,-0.07,-0.21512031555176,-0.082865409851074,201.634765625,136.24076843262,212.75141906738,1.8586949110031,true,false,false,false,45,-19,0.0,0.0
6240,SAMPLE,ALIGNING,true,1,45,0,0,-0.21512031555176,-0.15286540985107,0.0,-0.07,-0.21512031555176,-0.082865409851074,201.634765625,136.24076843262,212.75141906738,1.8586949110031,true,false,false,false,45,-19,0.0,0.0
6241,SAMPLE,ALIGNING,true,1,45,0,0,-0.21545553207397,-0.1527214050293,0.0,-0.07,-0.21545553207397,-0.082721405029297,201.70425415039,136.22201538086,213.09211730957,1.8617975711823,true,false,false,false,45,-19,-0.0003352165222168,0.00014400482177734
6242,SAMPLE,ALIGNING,true,1,45,0,0,-0.21545553207397,-0.1527214050293,0.0,-0.07,-0.21545553207397,-0.082721405029297,201.70425415039,136.22201538086,213.09211730957,1.8617975711823,true,false,false,false,45,-19,0.0,0.0
6243,SAMPLE,ALIGNING,true,1,45,0,0,-0.21574354171753,-0.15257740020752,0.0,-0.07,-0.21574354171753,-0.08257740020752,201.7639465332,136.18890380859,213.38619995117,1.8644622564316,true,false,false,false,45,-19,-0.00028800964355469,0.00014400482177734
6244,SAMPLE,ALIGNING,true,1,45,0,0,-0.21574354171753,-0.15257740020752,0.0,-0.07,-0.21574354171753,-0.08257740020752,201.7639465332,136.18890380859,213.38619995117,1.8644622564316,true,false,false,false,45,-19,0.0,0.0
6245,SAMPLE,ALIGNING,true,1,45,0,0,-0.21603107452393,-0.1525297164917,0.0,-0.07,-0.21603107452393,-0.082529716491699,201.82392883301,136.17727661133,213.67973327637,1.8671399354935,true,false,false,false,45,-19,-0.00028753280639648,4.7683715820313e-05
6246,SAMPLE,ALIGNING,true,1,45,0,0,-0.21603107452393,-0.1525297164917,0.0,-0.07,-0.21603107452393,-0.082529716491699,201.82392883301,136.17727661133,213.67973327637,1.8671399354935,true,false,false,false,45,-19,0.0,0.0
6247,SAMPLE,ALIGNING,true,1,45,0,0,-0.21603107452393,-0.1525297164917,0.0,-0.07,-0.21603107452393,-0.082529716491699,201.82392883301,136.17727661133,213.67973327637,1.8671399354935,true,false,false,false,45,-19,0.0,0.0
6248,SAMPLE,ALIGNING,true,1,45,0,0,-0.21651029586792,-0.1523380279541,0.0,-0.07,-0.21651029586792,-0.082338027954102,201.91537475586,136.13729858398,214.12915039063,1.8712220191956,true,false,false,false,45,-19,-0.00047922134399414,0.00019168853759766
6249,SAMPLE,ALIGNING,true,1,45,0,0,-0.21651029586792,-0.1523380279541,0.0,-0.07,-0.21651029586792,-0.082338027954102,201.91537475586,136.13729858398,214.12915039063,1.8712220191956,true,false,false,false,45,-19,0.0,0.0
6250,SAMPLE,ALIGNING,true,1,45,0,0,-0.21679782867432,-0.1522421836853,0.0,-0.07,-0.21679782867432,-0.082242183685303,201.97521972656,136.11912536621,214.42248535156,1.8738942146301,true,false,false,false,45,-19,-0.00028753280639648,9.5844268798828e-05
6251,SAMPLE,ALIGNING,true,1,45,0,0,-0.21679782867432,-0.1522421836853,0.0,-0.07,-0.21679782867432,-0.082242183685303,201.97521972656,136.11912536621,214.42248535156,1.8738942146301,true,false,false,false,45,-19,0.0,0.0
6252,SAMPLE,ALIGNING,true,1,45,0,0,-0.21679782867432,-0.1522421836853,0.0,-0.07,-0.21679782867432,-0.082242183685303,202.03982543945,136.10342407227,214.73870849609,1.8767782449722,true,false,false,false,45,-19,0.0,0.0
6253,SAMPLE,ALIGNING,true,1,45,0,0,-0.21713352203369,-0.1521463394165,0.0,-0.07,-0.21713352203369,-0.082146339416504,202.03982543945,136.10342407227,214.73870849609,1.8767782449722,true,false,false,false,45,-19,-0.000335693359375,9.5844268798828e-05
6254,SAMPLE,ALIGNING,true,1,45,0,0,-0.21713352203369,-0.1521463394165,0.0,-0.07,-0.21713352203369,-0.082146339416504,202.03982543945,136.10342407227,214.73870849609,1.8767782449722,true,false,false,false,45,-19,0.0,0.0
6255,SAMPLE,ALIGNING,true,1,45,0,0,-0.21722936630249,-0.150803565979,0.0,-0.07,-0.21722936630249,-0.080803565979004,202.05715942383,135.84559631348,214.84625244141,1.8775516748428,true,false,false,false,45,-19,-9.5844268798828e-05,0.0013427734375
6256,SAMPLE,ALIGNING,true,1,45,0,0,-0.21722936630249,-0.150803565979,0.0,-0.07,-0.21722936630249,-0.080803565979004,202.05715942383,135.84559631348,214.84625244141,1.8775516748428,true,false,false,false,45,-19,0.0,0.0
6257,SAMPLE,ALIGNING,true,1,45,0,0,-0.21732521057129,-0.14883852005005,0.0,-0.07,-0.21732521057129,-0.078838520050049,202.07693481445,135.46189880371,214.97631835938,1.8784350156784,true,false,false,false,45,-18,-9.5844268798828e-05,0.0019650459289551
6258,SAMPLE,ALIGNING,true,1,45,0,0,-0.21732521057129,-0.14883852005005,0.0,-0.07,-0.21732521057129,-0.078838520050049,202.07693481445,135.46189880371,214.97631835938,1.8784350156784,true,false,false,false,45,-18,0.0,0.0
6259,SAMPLE,ALIGNING,true,1,45,0,0,-0.21732521057129,-0.14883852005005,0.0,-0.07,-0.21732521057129,-0.078838520050049,202.07693481445,135.46189880371,214.97631835938,1.8784350156784,true,false,false,false,45,-18,0.0,0.0
6260,SAMPLE,ALIGNING,true,1,45,0,0,-0.21775674819946,-0.14567470550537,0.0,-0.07,-0.21775674819946,-0.075674705505371,202.16427612305,134.83651733398,215.45513916016,1.8823339939117,true,false,false,false,45,-18,-0.00043153762817383,0.0031638145446777
6261,SAMPLE,ALIGNING,true,1,45,0,0,-0.21775674819946,-0.14567470550537,0.0,-0.07,-0.21775674819946,-0.075674705505371,202.16427612305,134.83651733398,215.45513916016,1.8823339939117,true,false,false,false,45,-18,0.0,0.0
6262,SAMPLE,ALIGNING,true,1,45,0,0,-0.21871519088745,-0.14246273040771,0.0,-0.07,-0.21871519088745,-0.072462730407715,202.35375976563,134.21005249023,216.42953491211,1.8907927274704,true,false,false,false,45,-17,-0.00095844268798828,0.0032119750976563
6263,SAMPLE,ALIGNING,true,1,45,0,0,-0.21871519088745,-0.14246273040771,0.0,-0.07,-0.21871519088745,-0.072462730407715,202.35375976563,134.21005249023,216.42953491211,1.8907927274704,true,false,false,false,45,-17,0.0,0.0
6264,SAMPLE,ALIGNING,true,1,45,0,0,-0.21871519088745,-0.14246273040771,0.0,-0.07,-0.21871519088745,-0.072462730407715,202.35375976563,134.21005249023,216.42953491211,1.8907927274704,true,false,false,false,45,-17,0.0,0.0
6265,SAMPLE,ALIGNING,true,1,45,0,0,-0.22005796432495,-0.13877153396606,0.0,-0.07,-0.22005796432495,-0.068771533966064,202.61953735352,133.48715209961,217.78039550781,1.9026583433151,true,false,false,false,45,-16,-0.0013427734375,0.0036911964416504
6266,SAMPLE,ALIGNING,true,1,45,0,0,-0.22005796432495,-0.13877153396606,0.0,-0.07,-0.22005796432495,-0.068771533966064,202.61953735352,133.48715209961,217.78039550781,1.9026583433151,true,false,false,false,45,-16,0.0,0.0
6267,SAMPLE,ALIGNING,true,1,45,0,0,-0.22221517562866,-0.1331148147583,0.0,-0.07,-0.22221517562866,-0.063114814758301,203.05953979492,132.38928222656,220.00205993652,1.922300696373,true,false,false,false,45,-15,-0.0021572113037109,0.0056567192077637
6268,SAMPLE,ALIGNING,true,1,45,0,0,-0.22221517562866,-0.1331148147583,0.0,-0.07,-0.22221517562866,-0.063114814758301,203.05953979492,132.38928222656,220.00205993652,1.922300696373,true,false,false,false,45,-15,0.0,0.0
6269,SAMPLE,ALIGNING,true,1,45,0,0,-0.22221517562866,-0.1331148147583,0.0,-0.07,-0.22221517562866,-0.063114814758301,203.05953979492,132.38928222656,220.00205993652,1.922300696373,true,false,false,false,45,-15,0.0,0.0
6270,SAMPLE,ALIGNING,true,1,45,0,0,-0.22370100021362,-0.12904024124146,0.0,-0.07,-0.22370100021362,-0.059040241241455,203.34645080566,131.58898925781,221.45178222656,1.9351093769073,true,false,false,false,45,-14,-0.0014858245849609,0.0040745735168457
6271,SAMPLE,ALIGNING,true,1,45,0,0,-0.22370100021362,-0.12904024124146,0.0,-0.07,-0.22370100021362,-0.059040241241455,203.34645080566,131.58898925781,221.45178222656,1.9351093769073,true,false,false,false,45,-14,0.0,0.0
6272,SAMPLE,ALIGNING,true,1,45,0,0,-0.22537851333618,-0.12371921539307,0.0,-0.07,-0.22537851333618,-0.053719215393066,203.68505859375,130.5534362793,223.16265869141,1.950226187706,true,false,false,false,45,-13,-0.0016775131225586,0.0053210258483887
6273,SAMPLE,ALIGNING,true,1,45,0,0,-0.22537851333618,-0.12371921539307,0.0,-0.07,-0.22537851333618,-0.053719215393066,203.68505859375,130.5534362793,223.16265869141,1.950226187706,true,false,false,false,45,-13,0.0,0.0
6274,SAMPLE,ALIGNING,true,1,45,0,0,-0.22537851333618,-0.12371921539307,0.0,-0.07,-0.22537851333618,-0.053719215393066,203.68505859375,130.5534362793,223.16265869141,1.950226187706,true,false,false,false,45,-13,0.0,0.0
6275,SAMPLE,ALIGNING,true,1,45,0,0,-0.22643327713013,-0.11921310424805,0.0,-0.07,-0.22643327713013,-0.049213104248047,203.89880371094,129.66851806641,224.25212097168,1.9597681760788,true,false,false,false,45,-12,-0.0010547637939453,0.0045061111450195
6276,SAMPLE,ALIGNING,true,1,45,0,0,-0.22643327713013,-0.11921310424805,0.0,-0.07,-0.22643327713013,-0.049213104248047,203.89880371094,129.66851806641,224.25212097168,1.9597681760788,true,false,false,false,45,-12,0.0,0.0
6277,SAMPLE,ALIGNING,true,1,45,0,0,-0.2267689704895,-0.11648082733154,0.0,-0.07,-0.2267689704895,-0.046480827331543,203.97023010254,129.13519287109,224.62800598145,1.962956905365,true,false,false,false,45,-11,-0.000335693359375,0.0027322769165039
6278,SAMPLE,ALIGNING,true,1,45,0,0,-0.2267689704895,-0.11648082733154,0.0,-0.07,-0.2267689704895,-0.046480827331543,203.97023010254,129.13519287109,224.62800598145,1.962956905365,true,false,false,false,45,-11,0.0,0.0
6279,SAMPLE,ALIGNING,true,1,45,0,0,-0.2269606590271,-0.11413145065308,0.0,-0.07,-0.2269606590271,-0.044131450653076,204.00984191895,128.67832946777,224.84400939941,1.9647253751755,true,false,false,false,45,-11,-0.00019168853759766,0.0023493766784668
6280,SAMPLE,ALIGNING,true,1,45,0,0,-0.2269606590271,-0.11413145065308,0.0,-0.07,-0.2269606590271,-0.044131450653076,204.00984191895,128.67832946777,224.84400939941,1.9647253751755,true,false,false,false,45,-11,0.0,0.0
6281,SAMPLE,ALIGNING,true,1,45,0,0,-0.2269606590271,-0.11413145065308,0.0,-0.07,-0.2269606590271,-0.044131450653076,204.00984191895,128.67832946777,224.84400939941,1.9647253751755,true,false,false,false,45,-11,0.0,0.0
6282,SAMPLE,ALIGNING,true,1,45,0,0,-0.2271523475647,-0.11154270172119,0.0,-0.07,-0.2271523475647,-0.041542701721191,204.0471496582,128.1662902832,225.05030822754,1.9663906097412,true,false,false,false,45,-10,-0.00019168853759766,0.0025887489318848
6283,SAMPLE,ALIGNING,true,1,45,0,0,-0.2271523475647,-0.11154270172119,0.0,-0.07,-0.2271523475647,-0.041542701721191,204.0471496582,128.1662902832,225.05030822754,1.9663906097412,true,false,false,false,45,-10,0.0,0.0
6284,SAMPLE,ALIGNING,true,1,45,0,0,-0.2271523475647,-0.11154270172119,0.0,-0.07,-0.2271523475647,-0.041542701721191,204.0471496582,128.1662902832,225.05030822754,1.9663906097412,true,false,false,false,45,-10,0.0,0.0
6285,SAMPLE,ALIGNING,true,1,45,0,0,-0.22739219665527,-0.10976934432983,0.0,-0.07,-0.22739219665527,-0.039769344329834,204.08764648438,127.82720947266,225.2626953125,1.9681988954544,true,false,false,false,45,-10,-0.00023984909057617,0.0017733573913574
6286,SAMPLE,ALIGNING,true,1,45,0,0,-0.22739219665527,-0.10976934432983,0.0,-0.07,-0.22739219665527,-0.039769344329834,204.08764648438,127.82720947266,225.2626953125,1.9681988954544,true,false,false,false,45,-10,0.0,0.0
6287,SAMPLE,ALIGNING,true,1,45,0,0,-0.22753572463989,-0.10905027389526,0.0,-0.07,-0.22753572463989,-0.039050273895264,204.12019348145,127.69086456299,225.42674255371,1.9696519374847,true,false,false,false,45,-10,-0.00014352798461914,0.00071907043457031
6288,SAMPLE,ALIGNING,true,1,45,0,0,-0.22753572463989,-0.10905027389526,0.0,-0.07,-0.22753572463989,-0.039050273895264,204.12019348145,127.69086456299,225.42674255371,1.9696519374847,true,false,false,false,45,-10,0.0,0.0
6289,SAMPLE,ALIGNING,true,1,45,0,0,-0.22767972946167,-0.10857105255127,0.0,-0.07,-0.22767972946167,-0.03857105255127,204.15383911133,127.59605407715,225.59419250488,1.9711534976959,true,false,false,false,45,-9,-0.00014400482177734,0.00047922134399414
6290,SAMPLE,ALIGNING,true,1,45,0,0,-0.22767972946167,-0.10857105255127,0.0,-0.07,-0.22767972946167,-0.03857105255127,204.15383911133,127.59605407715,225.59419250488,1.9711534976959,true,false,false,false,45,-9,0.0,0.0
6291,SAMPLE,ALIGNING,true,1,45,0,0,-0.22767972946167,-0.10857105255127,0.0,-0.07,-0.22767972946167,-0.03857105255127,204.15383911133,127.59605407715,225.59419250488,1.9711534976959,true,false,false,false,45,-9,0.0,0.0
6292,SAMPLE,ALIGNING,true,1,45,0,0,-0.22791957855225,-0.1081395149231,0.0,-0.07,-0.22791957855225,-0.038139514923096,204.19630432129,127.50899505615,225.80397033691,1.9730495214462,true,false,false,false,45,-9,-0.00023984909057617,0.00043153762817383
6293,SAMPLE,ALIGNING,true,1,45,0,0,-0.22791957855225,-0.1081395149231,0.0,-0.07,-0.22791957855225,-0.038139514923096,204.19630432129,127.50899505615,225.80397033691,1.9730495214462,true,false,false,false,45,-9,0.0,0.0
6294,SAMPLE,ALIGNING,true,1,45,0,0,-0.22806310653687,-0.10794734954834,0.0,-0.07,-0.22806310653687,-0.03794734954834,204.23066711426,127.47019958496,225.97229003906,1.9745835065842,true,false,false,false,45,-9,-0.00014352798461914,0.00019216537475586
6295,SAMPLE,ALIGNING,true,1,45,0,0,-0.22806310653687,-0.10794734954834,0.0,-0.07,-0.22806310653687,-0.03794734954834,204.23066711426,127.47019958496,225.97229003906,1.9745835065842,true,false,false,false,45,-9,0.0,0.0
6296,SAMPLE,ALIGNING,true,1,45,0,0,-0.22806310653687,-0.10794734954834,0.0,-0.07,-0.22806310653687,-0.03794734954834,204.23066711426,127.47019958496,225.97229003906,1.9745835065842,true,false,false,false,45,-9,0.0,0.0
6297,SAMPLE,ALIGNING,true,1,45,0,0,-0.22820711135864,-0.10789966583252,0.0,-0.07,-0.22820711135864,-0.03789966583252,204.2511138916,127.45584106445,226.07200622559,1.9754964113235,true,false,false,false,45,-9,-0.00014400482177734,4.7683715820313e-05
6298,SAMPLE,ALIGNING,true,1,45,0,0,-0.22820711135864,-0.10789966583252,0.0,-0.07,-0.22820711135864,-0.03789966583252,204.2511138916,127.45584106445,226.07200622559,1.9754964113235,true,false,false,false,45,-9,0.0,0.0
6299,SAMPLE,ALIGNING,true,1,45,0,0,-0.22820711135864,-0.10789966583252,0.0,-0.07,-0.22820711135864,-0.03789966583252,204.25411987305,127.45542907715,226.08662414551,1.975630402565,true,false,false,false,45,-9,0.0,0.0
6300,SAMPLE,ALIGNING,true,1,45,0,0,-0.22820711135864,-0.10789966583252,0.0,-0.07,-0.22820711135864,-0.03789966583252,204.25411987305,127.45542907715,226.08662414551,1.975630402565,true,false,false,false,45,-9,0.0,0.0
6301,SAMPLE,ALIGNING,true,1,45,0,0,-0.22820711135864,-0.10789966583252,0.0,-0.07,-0.22820711135864,-0.03789966583252,204.25411987305,127.45542907715,226.08662414551,1.975630402565,true,false,false,false,45,-9,0.0,0.0
6302,SAMPLE,ALIGNING,true,1,45,0,0,-0.22811126708984,-0.10789966583252,0.0,-0.07,-0.22811126708984,-0.03789966583252,204.24258422852,127.46216583252,226.03039550781,1.9751160144806,true,false,false,false,45,-9,9.5844268798828e-05,0.0
6303,SAMPLE,ALIGNING,true,1,45,0,0,-0.22811126708984,-0.10789966583252,0.0,-0.07,-0.22811126708984,-0.03789966583252,204.24258422852,127.46216583252,226.03039550781,1.9751160144806,true,false,false,false,45,-9,0.0,0.0
6304,SAMPLE,ALIGNING,true,1,45,0,0,-0.22796726226807,-0.10794734954834,0.0,-0.07,-0.22796726226807,-0.03794734954834,204.21099853516,127.47705841064,225.87661743164,1.973705291748,true,false,false,false,45,-9,0.00014400482177734,-4.7683715820313e-05
6305,SAMPLE,ALIGNING,true,1,45,0,0,-0.22796726226807,-0.10794734954834,0.0,-0.07,-0.22796726226807,-0.03794734954834,204.21099853516,127.47705841064,225.87661743164,1.973705291748,true,false,false,false,45,-9,0.0,0.0
6306,SAMPLE,ALIGNING,true,1,45,0,0,-0.22796726226807,-0.10794734954834,0.0,-0.07,-0.22796726226807,-0.03794734954834,204.16171264648,127.50368499756,225.63645935059,1.9715052843094,true,false,false,false,45,-9,0.0,0.0
6307,SAMPLE,ALIGNING,true,1,45,0,0,-0.22772741317749,-0.1081395149231,0.0,-0.07,-0.22772741317749,-0.038139514923096,204.16171264648,127.50368499756,225.63645935059,1.9715052843094,true,false,false,false,45,-9,0.00023984909057617,-0.00019216537475586
6308,SAMPLE,ALIGNING,true,1,45,0,0,-0.22772741317749,-0.1081395149231,0.0,-0.07,-0.22772741317749,-0.038139514923096,204.16171264648,127.50368499756,225.63645935059,1.9715052843094,true,false,false,false,45,-9,0.0,0.0
6309,SAMPLE,ALIGNING,true,1,45,0,0,-0.22753572463989,-0.10823535919189,0.0,-0.07,-0.22753572463989,-0.038235359191895,204.12091064453,127.52541351318,225.43762207031,1.9696836471558,true,false,false,false,45,-9,0.00019168853759766,-9.5844268798828e-05
6310,SAMPLE,ALIGNING,true,1,45,0,0,-0.22753572463989,-0.10823535919189,0.0,-0.07,-0.22753572463989,-0.038235359191895,204.12091064453,127.52541351318,225.43762207031,1.9696836471558,true,false,false,false,45,-9,0.0,0.0
6311,SAMPLE,ALIGNING,true,1,45,0,0,-0.2270565032959,-0.10847473144531,0.0,-0.07,-0.2270565032959,-0.038474731445312,204.02252197266,127.57848358154,224.95802307129,1.9652913808823,true,false,false,false,45,-9,0.00047922134399414,-0.00023937225341797
6312,SAMPLE,ALIGNING,true,1,45,0,0,-0.2270565032959,-0.10847473144531,0.0,-0.07,-0.2270565032959,-0.038474731445312,204.02252197266,127.57848358154,224.95802307129,1.9652913808823,true,false,false,false,45,-9,0.0,0.0
6313,SAMPLE,ALIGNING,true,1,45,0,0,-0.22624158859253,-0.10890626907349,0.0,-0.07,-0.22624158859253,-0.038906269073486,203.86611938477,127.65886688232,224.19546508789,1.9583089351654,true,false,false,false,45,-10,0.00081491470336914,-0.00043153762817383
6314,SAMPLE,ALIGNING,true,1,45,0,0,-0.22624158859253,-0.10890626907349,0.0,-0.07,-0.22624158859253,-0.038906269073486,203.86611938477,127.65886688232,224.19546508789,1.9583089351654,true,false,false,false,45,-10,0.0,0.0
6315,SAMPLE,ALIGNING,true,1,45,0,0,-0.22624158859253,-0.10890626907349,0.0,-0.07,-0.22624158859253,-0.038906269073486,203.86611938477,127.65886688232,224.19546508789,1.9583089351654,true,false,false,false,45,-10,0.0,0.0
6316,SAMPLE,ALIGNING,true,1,45,0,0,-0.22504329681396,-0.10967350006104,0.0,-0.07,-0.22504329681396,-0.039673500061035,203.6248626709,127.80365753174,223.01737976074,1.9475388526917,true,false,false,false,45,-10,0.0011982917785645,-0.00076723098754883
6317,SAMPLE,ALIGNING,true,1,45,0,0,-0.22504329681396,-0.10967350006104,0.0,-0.07,-0.22504329681396,-0.039673500061035,203.6248626709,127.80365753174,223.01737976074,1.9475388526917,true,false,false,false,45,-10,0.0,0.0
6318,SAMPLE,ALIGNING,true,1,45,0,0,-0.2242283821106,-0.11015272140503,0.0,-0.07,-0.2242283821106,-0.040152721405029,203.46464538574,127.89464569092,222.23471069336,1.9403860569,true,false,false,false,45,-10,0.00081491470336914,-0.00047922134399414
6319,SAMPLE,ALIGNING,true,1,45,0,0,-0.2242283821106,-0.11015272140503,0.0,-0.07,-0.2242283821106,-0.040152721405029,203.46464538574,127.89464569092,222.23471069336,1.9403860569,true,false,false,false,45,-10,0.0,0.0
6320,SAMPLE,ALIGNING,true,1,45,0,0,-0.22341346740723,-0.110680103302,0.0,-0.07,-0.22341346740723,-0.040680103302002,203.29067993164,127.99599456787,221.38423156738,1.9326198101044,true,false,false,false,45,-10,0.00081491470336914,-0.00052738189697266
6321,SAMPLE,ALIGNING,true,1,45,0,0,-0.22341346740723,-0.110680103302,0.0,-0.07,-0.22341346740723,-0.040680103302002,203.29067993164,127.99599456787,221.38423156738,1.9326198101044,true,false,false,false,45,-10,0.0,0.0
6322,SAMPLE,ALIGNING,true,1,45,0,0,-0.22341346740723,-0.110680103302,0.0,-0.07,-0.22341346740723,-0.040680103302002,203.29067993164,127.99599456787,221.38423156738,1.9326198101044,true,false,false,false,45,-10,0.0,0.0
6323,SAMPLE,ALIGNING,true,1,45,0,0,-0.22250270843506,-0.11111164093018,0.0,-0.07,-0.22250270843506,-0.041111640930176,203.11190795898,128.08067321777,220.51062011719,1.9246386289597,true,false,false,false,45,-10,0.00091075897216797,-0.00043153762817383
6324,SAMPLE,ALIGNING,true,1,45,0,0,-0.22250270843506,-0.11111164093018,0.0,-0.07,-0.22250270843506,-0.041111640930176,203.11190795898,128.08067321777,220.51062011719,1.9246386289597,true,false,false,false,45,-10,0.0,0.0
6325,SAMPLE,ALIGNING,true,1,45,0,0,-0.22159147262573,-0.11144733428955,0.0,-0.07,-0.22159147262573,-0.041447334289551,202.93856811523,128.14845275879,219.66374206543,1.9169005155563,true,false,false,false,45,-10,0.00091123580932617,-0.000335693359375
6326,SAMPLE,ALIGNING,true,1,45,0,0,-0.22159147262573,-0.11144733428955,0.0,-0.07,-0.22159147262573,-0.041447334289551,202.93856811523,128.14845275879,219.66374206543,1.9169005155563,true,false,false,false,45,-10,0.0,0.0
6327,SAMPLE,ALIGNING,true,1,45,0,0,-0.22068071365356,-0.11187839508057,0.0,-0.07,-0.22068071365356,-0.041878395080566,202.74937438965,128.21899414063,218.73895263672,1.9084541797638,true,false,false,false,45,-10,0.00091075897216797,-0.00043106079101563
6328,SAMPLE,ALIGNING,true,1,45,0,0,-0.22068071365356,-0.11187839508057,0.0,-0.07,-0.22068071365356,-0.041878395080566,202.74937438965,128.21899414063,218.73895263672,1.9084541797638,true,false,false,false,45,-10,0.0,0.0
6329,SAMPLE,ALIGNING,true,1,45,0,0,-0.22068071365356,-0.11187839508057,0.0,-0.07,-0.22068071365356,-0.041878395080566,202.74937438965,128.21899414063,218.73895263672,1.9084541797638,true,false,false,false,45,-10,0.0,0.0
6330,SAMPLE,ALIGNING,true,1,45,0,0,-0.21943426132202,-0.11226177215576,0.0,-0.07,-0.21943426132202,-0.042261772155762,202.49908447266,128.29681396484,217.51538085938,1.8972810506821,true,false,false,false,45,-10,0.001246452331543,-0.00038337707519531
6331,SAMPLE,ALIGNING,true,1,45,0,0,-0.21943426132202,-0.11226177215576,0.0,-0.07,-0.21943426132202,-0.042261772155762,202.49908447266,128.29681396484,217.51538085938,1.8972810506821,true,false,false,false,45,-10,0.0,0.0
6332,SAMPLE,ALIGNING,true,1,45,0,0,-0.21943426132202,-0.11226177215576,0.0,-0.07,-0.21943426132202,-0.042261772155762,202.49908447266,128.29681396484,217.51538085938,1.8972810506821,true,false,false,false,45,-10,0.0,0.0
6333,SAMPLE,ALIGNING,true,1,45,0,0,-0.1409125328064,-0.097161769866943,0.0,-0.07,-0.1409125328064,-0.027161769866943,187.03179931641,125.27723693848,140.42053222656,1.2067770957947,true,false,true,false,39,-7,0.078521728515625,0.015100002288818
6334,SAMPLE,ALIGNING,true,1,45,0,0,-0.1409125328064,-0.097161769866943,0.0,-0.07,-0.1409125328064,-0.027161769866943,187.03179931641,125.27723693848,140.42053222656,1.2067770957947,true,false,true,false,39,-7,0.0,0.0
6335,SAMPLE,ALIGNING,true,1,45,0,0,-0.1409125328064,-0.097161769866943,0.0,-0.07,-0.1409125328064,-0.027161769866943,187.03179931641,125.27723693848,140.42053222656,1.2067770957947,true,false,true,false,39,-7,0.0,0.0
6336,SAMPLE,ALIGNING,true,1,45,0,0,-0.089954853057861,-0.087286472320557,0.0,-0.07,-0.089954853057861,-0.017286472320557,177.19374084473,123.35662078857,89.864654541016,0.76757782697678,true,false,true,false,25,-5,0.050957679748535,0.0098752975463867
6337,SAMPLE,ALIGNING,true,1,45,0,0,-0.089954853057861,-0.087286472320557,0.0,-0.07,-0.089954853057861,-0.017286472320557,177.19374084473,123.35662078857,89.864654541016,0.76757782697678,true,false,true,false,25,-5,0.0,0.0
6338,SAMPLE,ALIGNING,true,1,45,0,0,-0.057309627532959,-0.080958843231201,0.0,-0.07,-0.057309627532959,-0.010958843231201,170.93618774414,122.13500213623,57.302177429199,0.4882225394249,true,false,true,false,16,-5,0.032645225524902,0.0063276290893555
6339,SAMPLE,ALIGNING,true,1,45,0,0,-0.057309627532959,-0.080958843231201,0.0,-0.07,-0.057309627532959,-0.010958843231201,170.93618774414,122.13500213623,57.302177429199,0.4882225394249,true,false,true,false,16,-5,0.0,0.0
6340,SAMPLE,ALIGNING,true,1,45,0,0,-0.057309627532959,-0.080958843231201,0.0,-0.07,-0.057309627532959,-0.010958843231201,170.93618774414,122.13500213623,57.302177429199,0.4882225394249,true,false,true,false,16,-5,0.0,0.0
6341,SAMPLE,ALIGNING,true,1,45,0,0,-0.03645658493042,-0.076884269714355,0.0,-0.07,-0.03645658493042,-0.0068842697143555,166.95602416992,121.3579788208,36.484420776367,0.310536891222,true,false,true,false,10,-5,0.020853042602539,0.0040745735168457
6342,SAMPLE,ALIGNING,true,1,45,0,0,-0.03645658493042,-0.076884269714355,0.0,-0.07,-0.03645658493042,-0.0068842697143555,166.95602416992,121.3579788208,36.484420776367,0.310536891222,true,false,true,false,10,-5,0.0,0.0
6343,SAMPLE,ALIGNING,true,1,45,0,0,-0.03645658493042,-0.076884269714355,0.0,-0.07,-0.03645658493042,-0.0068842697143555,166.95602416992,121.3579788208,36.484420776367,0.310536891222,true,false,true,false,10,-5,0.0,0.0
6344,SAMPLE,ALIGNING,true,1,45,0,0,-0.023129940032959,-0.074295520782471,0.0,-0.07,-0.023129940032959,-0.0042955207824707,164.42442321777,120.86375427246,23.215698242188,0.19751887023449,true,false,true,false,6,-5,0.013326644897461,0.0025887489318848
6345,SAMPLE,ALIGNING,true,1,45,0,0,-0.023129940032959,-0.074295520782471,0.0,-0.07,-0.023129940032959,-0.0042955207824707,164.42442321777,120.86375427246,23.215698242188,0.19751887023449,true,false,true,false,6,-5,0.0,0.0
6346,SAMPLE,ALIGNING,true,1,45,0,0,-0.023129940032959,-0.074295520782471,0.0,-0.07,-0.023129940032959,-0.0042955207824707,164.42442321777,120.86375427246,23.215698242188,0.19751887023449,true,false,true,false,6,-5,0.0,0.0
6347,SAMPLE,ALIGNING,true,1,44,1,0,-0.014692783355713,-0.072617530822754,0.0,-0.07,-0.014692783355713,-0.0026175308227539,162.8141784668,120.5493927002,14.768932342529,0.12563307583332,false,true,true,true,4,-5,0.0084371566772461,0.0016779899597168
6348,SAMPLE,ALIGNING,true,1,43,2,0,-0.014692783355713,-0.072617530822754,0.0,-0.07,-0.014692783355713,-0.0026175308227539,162.8141784668,120.5493927002,14.768932342529,0.12563307583332,false,true,true,true,4,-5,0.0,0.0
6349,SAMPLE,ALIGNING,true,1,42,3,0,-0.014692783355713,-0.072617530822754,0.0,-0.07,-0.014692783355713,-0.0026175308227539,162.8141784668,120.5493927002,14.768932342529,0.12563307583332,false,true,true,true,4,-5,0.0,0.0
6350,SAMPLE,ALIGNING,true,1,41,4,0,-0.0093235969543457,-0.071610927581787,0.0,-0.07,-0.0093235969543457,-0.0016109275817871,161.78997802734,120.34944152832,9.3945169448853,0.079909674823284,false,true,true,true,4,-5,0.0053691864013672,0.0010066032409668
6351,STABLE,STABLE,true,1,40,5,0,-0.0093235969543457,-0.071610927581787,0.0,-0.07,-0.0093235969543457,-0.0016109275817871,161.78997802734,120.34944152832,9.3945169448853,0.079909674823284,false,true,true,true,0,0,0.0,0.0
6352,SAMPLE,STABLE,true,1,45,6,0,-0.0093235969543457,-0.071610927581787,0.0,-0.07,-0.0093235969543457,-0.0016109275817871,161.78997802734,120.34944152832,9.3945169448853,0.079909674823284,false,true,true,true,0,0,0.0,0.0
6353,SAMPLE,STABLE,true,1,45,7,0,-0.00592041015625,-0.070940017700195,0.0,-0.07,-0.00592041015625,-0.00094001770019531,161.13851928711,120.22226715088,5.9755654335022,0.050827030092478,false,true,true,true,0,0,0.0034031867980957,0.0006709098815918
6354,SAMPLE,STABLE,true,1,45,8,0,-0.00592041015625,-0.070940017700195,0.0,-0.07,-0.00592041015625,-0.00094001770019531,161.13851928711,120.22226715088,5.9755654335022,0.050827030092478,false,true,true,true,0,0,0.0,0.0
6355,SAMPLE,STABLE,true,1,45,9,0,-0.004338264465332,-0.07060432434082,0.0,-0.07,-0.004338264465332,-0.00060432434082031,160.84205627441,120.16439056396,4.4196043014526,0.03759166970849,false,true,true,true,0,0,0.001582145690918,0.000335693359375
6356,SAMPLE,STABLE,true,1,45,10,0,-0.004338264465332,-0.07060432434082,0.0,-0.07,-0.004338264465332,-0.00060432434082031,160.84205627441,120.16439056396,4.4196043014526,0.03759166970849,false,true,true,true,0,0,0.0,0.0
6357,SAMPLE,STABLE,true,1,45,11,0,-0.004338264465332,-0.07060432434082,0.0,-0.07,-0.004338264465332,-0.00060432434082031,160.53559875488,120.10456085205,2.8111526966095,0.023910408839583,false,true,true,true,0,0,0.0,0.0
6358,SAMPLE,STABLE,true,1,45,12,0,-0.0027565956115723,-0.070268630981445,0.0,-0.07,-0.0027565956115723,-0.00026863098144531,160.53559875488,120.10456085205,2.8111526966095,0.023910408839583,false,true,true,true,0,0,0.0015816688537598,0.000335693359375
6359,SAMPLE,STABLE,true,1,45,13,0,-0.0027565956115723,-0.070268630981445,0.0,-0.07,-0.0027565956115723,-0.00026863098144531,160.53559875488,120.10456085205,2.8111526966095,0.023910408839583,false,true,true,true,0,0,0.0,0.0
6360,SAMPLE,STABLE,true,1,45,14,0,-0.001701831817627,-0.070124626159668,0.0,-0.07,-0.001701831817627,-0.00012462615966796,160.34066772461,120.06650543213,1.7880387306213,0.01520835980773,false,true,true,true,0,0,0.0010547637939453,0.00014400482177734
6361,SAMPLE,STABLE,true,1,45,15,0,-0.001701831817627,-0.070124626159668,0.0,-0.07,-0.001701831817627,-0.00012462615966796,160.34066772461,120.06650543213,1.7880387306213,0.01520835980773,false,true,true,true,0,0,0.0,0.0
6362,SAMPLE,STABLE,true,1,45,16,0,-0.001701831817627,-0.070124626159668,0.0,-0.07,-0.001701831817627,-0.00012462615966796,160.34066772461,120.06650543213,1.7880387306213,0.01520835980773,false,true,true,true,0,0,0.0,0.0
6363,SAMPLE,STABLE,true,1,45,17,0,-0.0012702941894531,-0.070028781890869,0.0,-0.07,-0.0012702941894531,-2.8781890869134e-05,160.251953125,120.04918670654,1.3224097490311,0.01124810334295,false,true,true,true,0,0,0.00043153762817383,9.5844268798828e-05
6364,SAMPLE,STABLE,true,1,45,18,0,-0.0012702941894531,-0.070028781890869,0.0,-0.07,-0.0012702941894531,-2.8781890869134e-05,160.251953125,120.04918670654,1.3224097490311,0.01124810334295,false,true,true,true,0,0,0.0,0.0
6365,SAMPLE,STABLE,true,1,45,19,0,-0.0012702941894531,-0.070028781890869,0.0,-0.07,-0.0012702941894531,-2.8781890869134e-05,160.16026306152,120.03128814697,0.8411625623703,0.0071544242091477,false,true,true,true,0,0,0.0,0.0
6366,SAMPLE,STABLE,true,1,45,20,0,-0.00079107284545898,-0.06993293762207,0.0,-0.07,-0.00079107284545898,6.7062377929694e-05,160.16026306152,120.03128814697,0.8411625623703,0.0071544242091477,false,true,true,true,0,0,0.00047922134399414,9.5844268798828e-05
6367,SAMPLE,STABLE,true,1,45,21,0,-0.00079107284545898,-0.06993293762207,0.0,-0.07,-0.00079107284545898,6.7062377929694e-05,160.16026306152,120.03128814697,0.8411625623703,0.0071544242091477,false,true,true,true,0,0,0.0,0.0
6368,SAMPLE,STABLE,true,1,45,22,0,-0.00079107284545898,-0.06993293762207,0.0,-0.07,-0.00079107284545898,6.7062377929694e-05,160.10192871094,120.01989746094,0.53498691320419,0.0045506143942475,false,true,true,true,0,0,0.0,0.0
6369,SAMPLE,STABLE,true,1,45,23,0,-0.00045537948608398,-0.069837093353271,0.0,-0.07,-0.00045537948608398,0.00016290664672852,160.10192871094,120.01989746094,0.53498691320419,0.0045506143942475,false,true,true,true,0,0,0.000335693359375,9.5844268798828e-05
6370,SAMPLE,STABLE,true,1,45,24,0,-0.00045537948608398,-0.069837093353271,0.0,-0.07,-0.00045537948608398,0.00016290664672852,160.10192871094,120.01989746094,0.53498691320419,0.0045506143942475,false,true,true,true,0,0,0.0,0.0
6371,SAMPLE,STABLE,true,1,45,25,0,-0.00031137466430664,-0.069837093353271,0.0,-0.07,-0.00031137466430664,0.00016290664672852,160.07539367676,120.01471710205,0.39571413397789,0.0033656344749033,false,true,true,true,0,0,0.00014400482177734,0.0
6372,SAMPLE,STABLE,true,1,45,26,0,-0.00031137466430664,-0.069837093353271,0.0,-0.07,-0.00031137466430664,0.00016290664672852,160.07539367676,120.01471710205,0.39571413397789,0.0033656344749033,false,true,true,true,0,0,0.0,0.0
6373,SAMPLE,STABLE,true,1,45,27,0,-0.00021553039550781,-0.069789208471775,0.0,-0.07,-0.00021553039550781,0.00021079152822495,160.05575561523,120.010887146,0.29264104366302,0.0024892233777791,false,true,true,true,0,0,9.5844268798828e-05,4.7884881496429e-05
6374,SAMPLE,STABLE,true,1,45,28,0,-0.00021553039550781,-0.069789208471775,0.0,-0.07,-0.00021553039550781,0.00021079152822495,160.05575561523,120.010887146,0.29264104366302,0.0024892233777791,false,true,true,true,0,0,0.0,0.0
6375,SAMPLE,STABLE,true,1,45,29,0,-0.00021553039550781,-0.069789208471775,0.0,-0.07,-0.00021553039550781,0.00021079152822495,160.05575561523,120.010887146,0.29264104366302,0.0024892233777791,false,true,true,true,0,0,0.0,0.0
6376,SAMPLE,STABLE,true,1,45,30,0,-0.00011968612670898,-0.069789208471775,0.0,-0.07,-0.00011968612670898,0.00021079152822495,160.03546142578,120.00692749023,0.18612420558929,0.0015832856297493,false,true,true,true,0,0,9.5844268798828e-05,0.0
6377,SAMPLE,STABLE,true,1,45,31,0,-0.00011968612670898,-0.069789208471775,0.0,-0.07,-0.00011968612670898,0.00021079152822495,160.03546142578,120.00692749023,0.18612420558929,0.0015832856297493,false,true,true,true,0,0,0.0,0.0
6378,SAMPLE,STABLE,true,1,45,32,0,-0.00011968612670898,-0.069789208471775,0.0,-0.07,-0.00011968612670898,0.00021079152822495,160.02255249023,120.00440216064,0.11836986243725,0.0010070584248751,false,true,true,true,0,0,0.0,0.0
6379,SAMPLE,STABLE,true,1,45,33,0,-2.3841857910156e-05,-0.069837093353271,0.0,-0.07,-2.3841857910156e-05,0.00016290664672852,160.02255249023,120.00440216064,0.11836986243725,0.0010070584248751,false,true,true,true,0,0,9.5844268798828e-05,-4.7884881496429e-05
6380,SAMPLE,STABLE,true,1,45,34,0,-2.3841857910156e-05,-0.069837093353271,0.0,-0.07,-2.3841857910156e-05,0.00016290664672852,160.02255249023,120.00440216064,0.11836986243725,0.0010070584248751,false,true,true,true,0,0,0.0,0.0
6381,SAMPLE,STABLE,true,1,45,35,0,-2.3841857910156e-05,-0.069837093353271,0.0,-0.07,-2.3841857910156e-05,0.00016290664672852,160.01667785645,120.00325775146,0.087536036968231,0.00074482045602053,false,true,true,true,0,0,0.0,0.0
6382,SAMPLE,STABLE,true,1,45,36,0,-2.3841857910156e-05,-0.069837093353271,0.0,-0.07,-2.3841857910156e-05,0.00016290664672852,160.01667785645,120.00325775146,0.087536036968231,0.00074482045602053,false,true,true,true,0,0,0.0,0.0
6383,SAMPLE,STABLE,true,1,45,37,0,-2.3841857910156e-05,-0.069837093353271,0.0,-0.07,-2.3841857910156e-05,0.00016290664672852,160.0106048584,120.00207519531,0.05566106364131,0.00047374758287333,false,true,true,true,0,0,0.0,0.0
6384,SAMPLE,STABLE,true,1,45,38,0,2.3961067199707e-05,-0.069837093353271,0.0,-0.07,2.3961067199707e-05,0.00016290664672852,160.0106048584,120.00207519531,0.05566106364131,0.00047374758287333,false,true,true,true,0,0,4.7802925109863e-05,0.0
6385,SAMPLE,STABLE,true,1,45,39,0,2.3961067199707e-05,-0.069837093353271,0.0,-0.07,2.3961067199707e-05,0.00016290664672852,160.0106048584,120.00207519531,0.05566106364131,0.00047374758287333,false,true,true,true,0,0,0.0,0.0
6386,SAMPLE,STABLE,true,1,45,40,0,2.3961067199707e-05,-0.069837093353271,0.0,-0.07,2.3961067199707e-05,0.00016290664672852,160.0106048584,120.00207519531,0.05566106364131,0.00047374758287333,false,true,true,true,0,0,0.0,0.0
6387,SAMPLE,STABLE,true,1,45,41,0,2.3961067199707e-05,-0.069837093353271,0.0,-0.07,2.3961067199707e-05,0.00016290664672852,160.00674438477,120.00131988525,0.035398837178946,0.00030133000109345,false,true,true,true,0,0,0.0,0.0
6388,SAMPLE,STABLE,true,1,45,42,0,2.3961067199707e-05,-0.069837093353271,0.0,-0.07,2.3961067199707e-05,0.00016290664672852,160.00674438477,120.00131988525,0.035398837178946,0.00030133000109345,false,true,true,true,0,0,0.0,0.0
6389,SAMPLE,STABLE,true,1,45,43,0,-2.3841857910156e-05,-0.069837093353271,0.0,-0.07,-2.3841857910156e-05,0.00016290664672852,160.00498962402,120.0009765625,0.026188733056188,0.00022286367311608,false,true,true,true,0,0,-4.7802925109863e-05,0.0
6390,SAMPLE,STABLE,true,1,45,44,0,-2.3841857910156e-05,-0.069837093353271,0.0,-0.07,-2.3841857910156e-05,0.00016290664672852,160.00498962402,120.0009765625,0.026188733056188,0.00022286367311608,false,true,true,true,0,0,0.0,0.0
6391,SAMPLE,STABLE,true,1,45,45,0,-2.3841857910156e-05,-0.069837093353271,0.0,-0.07,-2.3841857910156e-05,0.00016290664672852,160.00498962402,120.0009765625,0.026188733056188,0.00022286367311608,false,true,true,true,0,0,0.0,0.0
6392,SAMPLE,STABLE,true,1,45,46,0,-2.3841857910156e-05,-0.069837093353271,0.0,-0.07,-2.3841857910156e-05,0.00016290664672852,160.00369262695,120.00071716309,0.019381262362003,0.00016482998034917,false,true,true,true,0,0,0.0,0.0
6393,SAMPLE,STABLE,true,1,45,47,0,-2.3841857910156e-05,-0.069837093353271,0.0,-0.07,-2.3841857910156e-05,0.00016290664672852,160.00369262695,120.00071716309,0.019381262362003,0.00016482998034917,false,true,true,true,0,0,0.0,0.0
6394,SAMPLE,STABLE,true,1,45,48,0,-2.3841857910156e-05,-0.069837093353271,0.0,-0.07,-2.3841857910156e-05,0.00016290664672852,160.00234985352,120.00045776367,0.012333530932665,0.00010484109952813,false,true,true,true,0,0,0.0,0.0
6395,SAMPLE,STABLE,true,1,45,49,0,-2.3841857910156e-05,-0.069837093353271,0.0,-0.07,-2.3841857910156e-05,0.00016290664672852,160.00234985352,120.00045776367,0.012333530932665,0.00010484109952813,false,true,true,true,0,0,0.0,0.0
6396,SAMPLE,STABLE,true,1,45,50,0,-2.3841857910156e-05,-0.069837093353271,0.0,-0.07,-2.3841857910156e-05,0.00016290664672852,160.00234985352,120.00045776367,0.012333530932665,0.00010484109952813,false,true,true,true,0,0,0.0,0.0
6397,SAMPLE,STABLE,true,1,45,51,0,-2.3841857910156e-05,-0.069837093353271,0.0,-0.07,-2.3841857910156e-05,0.00016290664672852,160.00149536133,120.00028991699,0.0078486111015081,6.6684813646134e-05,false,true,true,true,0,0,0.0,0.0
6398,SAMPLE,STABLE,true,1,45,52,0,-2.3841857910156e-05,-0.069837093353271,0.0,-0.07,-2.3841857910156e-05,0.00016290664672852,160.00149536133,120.00028991699,0.0078486111015081,6.6684813646134e-05,false,true,true,true,0,0,0.0,0.0
6399,SAMPLE,STABLE,true,1,45,53,0,-2.3841857910156e-05,-0.069837093353271,0.0,-0.07,-2.3841857910156e-05,0.00016290664672852,160.00149536133,120.00028991699,0.0078486111015081,6.6684813646134e-05,false,true,true,true,0,0,0.0,0.0
6400,SAMPLE,STABLE,true,1,45,54,0,-2.3841857910156e-05,-0.069837093353271,0.0,-0.07,-2.3841857910156e-05,0.00016290664672852,160.00094604492,120.00018310547,0.0049654478207231,4.2415278585395e-05,false,true,true,true,0,0,0.0,0.0
6401,SAMPLE,STABLE,true,1,45,55,0,-2.3841857910156e-05,-0.069837093353271,0.0,-0.07,-2.3841857910156e-05,0.00016290664672852,160.00094604492,120.00018310547,0.0049654478207231,4.2415278585395e-05,false,true,true,true,0,0,0.0,0.0
6402,SAMPLE,STABLE,true,1,45,56,0,-2.3841857910156e-05,-0.069837093353271,0.0,-0.07,-2.3841857910156e-05,0.00016290664672852,160.00094604492,120.00018310547,0.0049654478207231,4.2415278585395e-05,false,true,true,true,0,0,0.0,0.0
6403,SAMPLE,STABLE,true,1,45,57,0,-2.3841857910156e-05,-0.069837093353271,0.0,-0.07,-2.3841857910156e-05,0.00016290664672852,160.00061035156,120.00011444092,0.0032035144977272,2.69784941338e-05,false,true,true,true,0,0,0.0,0.0
6404,SAMPLE,STABLE,true,1,45,58,0,-2.3841857910156e-05,-0.069837093353271,0.0,-0.07,-2.3841857910156e-05,0.00016290664672852,160.00061035156,120.00011444092,0.0032035144977272,2.69784941338e-05,false,true,true,true,0,0,0.0,0.0
6405,SAMPLE,STABLE,true,1,45,59,0,-2.3841857910156e-05,-0.069837093353271,0.0,-0.07,-2.3841857910156e-05,0.00016290664672852,160.00044250488,120.00008392334,0.0023225483018905,1.9953295122832e-05,false,true,true,true,0,0,0.0,0.0
6406,SAMPLE,STABLE,true,1,45,60,0,-2.3841857910156e-05,-0.069837093353271,0.0,-0.07,-2.3841857910156e-05,0.00016290664672852,160.00044250488,120.00008392334,0.0023225483018905,1.9953295122832e-05,false,true,true,true,0,0,0.0,0.0
6407,SAMPLE,STABLE,true,1,45,61,0,-2.3841857910156e-05,-0.069837093353271,0.0,-0.07,-2.3841857910156e-05,0.00016290664672852,160.00044250488,120.00008392334,0.0023225483018905,1.9953295122832e-05,false,true,true,true,0,0,0.0,0.0
6408,SAMPLE,STABLE,true,1,45,62,0,-2.3841857910156e-05,-0.069837093353271,0.0,-0.07,-2.3841857910156e-05,0.00016290664672852,160.00028991699,120.00005340576,0.0015216694446281,1.2691414667643e-05,false,true,true,true,0,0,0.0,0.0
6409,SAMPLE,STABLE,true,1,45,63,0,-2.3841857910156e-05,-0.069837093353271,0.0,-0.07,-2.3841857910156e-05,0.00016290664672852,160.00028991699,120.00005340576,0.0015216694446281,1.2691414667643e-05,false,true,true,true,0,0,0.0,0.0
6410,SAMPLE,STABLE,true,1,45,64,0,-2.3841857910156e-05,-0.069837093353271,0.0,-0.07,-2.3841857910156e-05,0.00016290664672852,160.00021362305,120.00003814697,0.0011212300742045,9.3865701273899e-06,false,true,true,true,0,0,0.0,0.0
6411,SAMPLE,STABLE,true,1,45,65,0,-2.3841857910156e-05,-0.069837093353271,0.0,-0.07,-2.3841857910156e-05,0.00016290664672852,160.00021362305,120.00003814697,0.0011212300742045,9.3865701273899e-06,false,true,true,true,0,0,0.0,0.0
6412,SAMPLE,STABLE,true,1,45,66,0,-2.3841857910156e-05,-0.069837093353271,0.0,-0.07,-2.3841857910156e-05,0.00016290664672852,160.00021362305,120.00003814697,0.0011212300742045,9.3865701273899e-06,false,true,true,true,0,0,0.0,0.0
6413,SAMPLE,STABLE,true,1,45,67,0,-2.3841857910156e-05,-0.069837093353271,0.0,-0.07,-2.3841857910156e-05,0.00016290664672852,160.0001373291,120.00002288818,0.00072079082019627,5.9703843362513e-06,false,true,true,true,0,0,0.0,0.0
6414,SAMPLE,STABLE,true,1,45,68,0,-2.3841857910156e-05,-0.069837093353271,0.0,-0.07,-2.3841857910156e-05,0.00016290664672852,160.0001373291,120.00002288818,0.00072079082019627,5.9703843362513e-06,false,true,true,true,0,0,0.0,0.0
6415,SAMPLE,STABLE,true,1,45,69,0,-2.3841857910156e-05,-0.069837093353271,0.0,-0.07,-2.3841857910156e-05,0.00016290664672852,160.00009155273,120.00002288818,0.0004805272037629,4.4156963667774e-06,false,true,true,true,0,0,0.0,0.0
6416,SAMPLE,STABLE,true,1,45,70,0,-2.3841857910156e-05,-0.069837093353271,0.0,-0.07,-2.3841857910156e-05,0.00016290664672852,160.00009155273,120.00002288818,0.0004805272037629,4.4156963667774e-06,false,true,true,true,0,0,0.0,0.0
6417,SAMPLE,STABLE,true,1,45,71,0,-2.3841857910156e-05,-0.069837093353271,0.0,-0.07,-2.3841857910156e-05,0.00016290664672852,160.00009155273,120.00002288818,0.0004805272037629,4.4156963667774e-06,false,true,true,true,0,0,0.0,0.0
6418,SAMPLE,STABLE,true,1,45,72,0,-2.3841857910156e-05,-0.069837093353271,0.0,-0.07,-2.3841857910156e-05,0.00016290664672852,160.00006103516,120.00001525879,0.00032035144977272,2.8086301426811e-06,false,true,true,true,0,0,0.0,0.0
6419,SAMPLE,STABLE,true,1,45,73,0,-2.3841857910156e-05,-0.069837093353271,0.0,-0.07,-2.3841857910156e-05,0.00016290664672852,160.00006103516,120.00001525879,0.00032035144977272,2.8086301426811e-06,false,true,true,true,0,0,0.0,0.0
6420,SAMPLE,STABLE,true,1,45,74,0,-2.3841857910156e-05,-0.069837093353271,0.0,-0.07,-2.3841857910156e-05,0.00016290664672852,160.00006103516,120.00001525879,0.00032035144977272,2.8086301426811e-06,false,true,true,true,0,0,0.0,0.0
6421,SAMPLE,STABLE,true,1,45,75,0,-2.3841857910156e-05,-0.069837093353271,0.0,-0.07,-2.3841857910156e-05,0.00016290664672852,160.00004577637,120.00000762939,0.00024026360188145,2.0772629341081e-06,false,true,true,true,0,0,0.0,0.0
6422,SAMPLE,STABLE,true,1,45,76,0,-2.3841857910156e-05,-0.069837093353271,0.0,-0.07,-2.3841857910156e-05,0.00016290664672852,160.00004577637,120.00000762939,0.00024026360188145,2.0772629341081e-06,false,true,true,true,0,0,0.0,0.0
6423,SAMPLE,STABLE,true,1,45,77,0,-2.3841857910156e-05,-0.069837093353271,0.0,-0.07,-2.3841857910156e-05,0.00016290664672852,160.00003051758,120.00000762939,0.00016017572488636,1.3212556950748e-06,false,true,true,true,0,0,0.0,0.0
6424,SAMPLE,STABLE,true,1,45,78,0,-2.3841857910156e-05,-0.069837093353271,0.0,-0.07,-2.3841857910156e-05,0.00016290664672852,160.00003051758,120.00000762939,0.00016017572488636,1.3212556950748e-06,false,true,true,true,0,0,0.0,0.0
6425,SAMPLE,STABLE,true,1,45,79,0,-2.3841857910156e-05,-0.069837093353271,0.0,-0.07,-2.3841857910156e-05,0.00016290664672852,160.00003051758,120.00000762939,0.00016017572488636,1.3212556950748e-06,false,true,true,true,0,0,0.0,0.0
6426,SAMPLE,STABLE,true,1,45,80,0,-2.3841857910156e-05,-0.069813169538975,0.0,-0.07,-2.3841857910156e-05,0.00018683046102524,160.00001525879,120.0,8.0087862443179e-05,8.4039271541769e-07,false,true,true,true,0,0,0.0,2.3923814296722e-05
6427,SAMPLE,STABLE,true,1,45,81,0,-2.3841857910156e-05,-0.069813169538975,0.0,-0.07,-2.3841857910156e-05,0.00018683046102524,160.00001525879,120.0,8.0087862443179e-05,8.4039271541769e-07,false,true,true,true,0,0,0.0,0.0
6428,SAMPLE,STABLE,true,1,45,82,0,-2.3841857910156e-05,-0.069813169538975,0.0,-0.07,-2.3841857910156e-05,0.00018683046102524,160.00001525879,120.0,8.0087862443179e-05,5.3453686632565e-07,false,true,true,true,0,0,0.0,0.0
6429,SAMPLE,STABLE,true,1,45,83,0,-2.3841857910156e-05,-0.069813169538975,0.0,-0.07,-2.3841857910156e-05,0.00018683046102524,160.00001525879,120.0,8.0087862443179e-05,5.3453686632565e-07,false,true,true,true,0,0,0.0,0.0
6430,SAMPLE,STABLE,true,1,45,84,0,-2.3841857910156e-05,-0.069813169538975,0.0,-0.07,-2.3841857910156e-05,0.00018683046102524,160.00001525879,120.0,8.0087862443179e-05,5.3453686632565e-07,false,true,true,true,0,0,0.0,0.0
6431,SAMPLE,STABLE,true,1,45,85,0,-2.3841857910156e-05,-0.069813169538975,0.0,-0.07,-2.3841857910156e-05,0.00018683046102524,160.00001525879,120.0,8.0087862443179e-05,3.9534347706649e-07,false,true,true,true,0,0,0.0,0.0
6432,SAMPLE,STABLE,true,1,45,86,0,-2.3841857910156e-05,-0.069813169538975,0.0,-0.07,-2.3841857910156e-05,0.00018683046102524,160.00001525879,120.0,8.0087862443179e-05,3.9534347706649e-07,false,true,true,true,0,0,0.0,0.0
6433,SAMPLE,STABLE,true,1,45,87,0,0.0,-0.069813169538975,0.0,-0.07,0.0,0.00018683046102524,160.0,120.0,0.0,2.5146061943815e-07,false,true,true,true,0,0,2.3841857910156e-05,0.0
6434,SAMPLE,STABLE,true,1,45,88,0,0.0,-0.069813169538975,0.0,-0.07,0.0,0.00018683046102524,160.0,120.0,0.0,2.5146061943815e-07,false,true,true,true,0,0,0.0,0.0
6435,SAMPLE,STABLE,true,1,45,89,0,0.0,-0.069813169538975,0.0,-0.07,0.0,0.00018683046102524,160.0,120.0,0.0,2.5146061943815e-07,false,true,true,true,0,0,0.0,0.0
6436,SAMPLE,STABLE,true,1,45,90,0,0.0,-0.069813169538975,0.0,-0.07,0.0,0.00018683046102524,160.0,120.0,0.0,1.5994304192191e-07,false,true,true,true,0,0,0.0,0.0
6437,SAMPLE,STABLE,true,1,45,91,0,0.0,-0.069813169538975,0.0,-0.07,0.0,0.00018683046102524,160.0,120.0,0.0,1.5994304192191e-07,false,true,true,true,0,0,0.0,0.0
6438,SAMPLE,STABLE,true,1,45,92,0,0.0,-0.069813169538975,0.0,-0.07,0.0,0.00018683046102524,160.0,120.0,0.0,1.5994304192191e-07,false,true,true,true,0,0,0.0,0.0
6439,SAMPLE,STABLE,true,1,45,93,0,0.0,-0.069813169538975,0.0,-0.07,0.0,0.00018683046102524,160.0,120.0,0.0,1.0173273778946e-07,false,true,true,true,0,0,0.0,0.0
6440,SAMPLE,STABLE,true,1,45,94,0,0.0,-0.069813169538975,0.0,-0.07,0.0,0.00018683046102524,160.0,120.0,0.0,1.0173273778946e-07,false,true,true,true,0,0,0.0,0.0
6441,SAMPLE,STABLE,true,1,45,95,0,0.0,-0.069813169538975,0.0,-0.07,0.0,0.00018683046102524,160.0,120.0,0.0,7.5241537444981e-08,false,true,true,true,0,0,0.0,0.0
6442,SAMPLE,STABLE,true,1,45,96,0,0.0,-0.069813169538975,0.0,-0.07,0.0,0.00018683046102524,160.0,120.0,0.0,7.5241537444981e-08,false,true,true,true,0,0,0.0,0.0
6443,SAMPLE,STABLE,true,1,45,97,0,0.0,-0.069813169538975,0.0,-0.07,0.0,0.00018683046102524,160.0,120.0,0.0,4.785783147554e-08,false,true,true,true,0,0,0.0,0.0
6444,SAMPLE,STABLE,true,1,45,98,0,0.0,-0.069813169538975,0.0,-0.07,0.0,0.00018683046102524,160.0,120.0,0.0,4.785783147554e-08,false,true,true,true,0,0,0.0,0.0
6445,SAMPLE,STABLE,true,1,45,99,0,0.0,-0.069813169538975,0.0,-0.07,0.0,0.00018683046102524,160.0,120.0,0.0,4.785783147554e-08,false,true,true,true,0,0,0.0,0.0
6446,SAMPLE,STABLE,true,1,45,100,0,0.0,-0.069813169538975,0.0,-0.07,0.0,0.00018683046102524,160.0,120.0,0.0,3.0440261866715e-08,false,true,true,true,0,0,0.0,0.0
6447,SAMPLE,STABLE,true,1,45,101,0,0.0,-0.069813169538975,0.0,-0.07,0.0,0.00018683046102524,160.0,120.0,0.0,3.0440261866715e-08,false,true,true,true,0,0,0.0,0.0
6448,SAMPLE,STABLE,true,1,45,102,0,0.0,-0.069813169538975,0.0,-0.07,0.0,0.00018683046102524,160.0,120.0,0.0,3.0440261866715e-08,false,true,true,true,0,0,0.0,0.0
6449,ALIGNING,ALIGNING,true,1,45,0,0,-0.086311817169189,-0.073863983154297,0.0,-0.07,-0.086311817169189,-0.0038639831542969,176.49565124512,120.78553009033,86.256294250488,0.73641288280487,true,false,true,false,24,-5,-0.086311817169189,-0.0040508136153221
6450,SAMPLE,ALIGNING,true,1,45,0,0,-0.086311817169189,-0.073863983154297,0.0,-0.07,-0.086311817169189,-0.0038639831542969,176.49565124512,120.78553009033,86.256294250488,0.73641288280487,true,false,true,false,24,-5,0.0,0.0
6451,SAMPLE,ALIGNING,true,1,45,0,0,-0.13937854766846,-0.077938556671143,0.0,-0.07,-0.13937854766846,-0.0079385566711426,186.73649597168,121.57583618164,138.96388244629,1.1935938596725,true,false,true,false,39,-5,-0.053066730499268,-0.0040745735168457
6452,SAMPLE,ALIGNING,true,1,45,0,0,-0.13937854766846,-0.077938556671143,0.0,-0.07,-0.13937854766846,-0.0079385566711426,186.73649597168,121.57583618164,138.96388244629,1.1935938596725,true,false,true,false,39,-5,0.0,0.0
6453,SAMPLE,ALIGNING,true,1,45,0,0,-0.13937854766846,-0.077938556671143,0.0,-0.07,-0.13937854766846,-0.0079385566711426,186.73649597168,121.57583618164,138.96388244629,1.1935938596725,true,false,true,false,39,-5,0.0,0.0
6454,SAMPLE,ALIGNING,true,1,45,0,0,-0.17096948623657,-0.081198692321777,0.0,-0.07,-0.17096948623657,-0.011198692321777,192.90368652344,122.20890045166,170.16926574707,1.4689146280289,true,false,true,false,45,-5,-0.031590938568115,-0.0032601356506348
6455,SAMPLE,ALIGNING,true,1,45,0,0,-0.17096948623657,-0.081198692321777,0.0,-0.07,-0.17096948623657,-0.011198692321777,192.90368652344,122.20890045166,170.16926574707,1.4689146280289,true,false,true,false,45,-5,0.0,0.0
6456,SAMPLE,ALIGNING,true,1,45,0,0,-0.18367338180542,-0.082636833190918,0.0,-0.07,-0.18367338180542,-0.012636833190918,195.40473937988,122.50144195557,182.68377685547,1.5805686712265,true,false,true,false,45,-5,-0.012703895568848,-0.0014381408691406
6457,SAMPLE,ALIGNING,true,1,45,0,0,-0.18367338180542,-0.082636833190918,0.0,-0.07,-0.18367338180542,-0.012636833190918,195.40473937988,122.50144195557,182.68377685547,1.5805686712265,true,false,true,false,45,-5,0.0,0.0
6458,SAMPLE,ALIGNING,true,1,45,0,0,-0.18367338180542,-0.082636833190918,0.0,-0.07,-0.18367338180542,-0.012636833190918,195.40473937988,122.50144195557,182.68377685547,1.5805686712265,true,false,true,false,45,-5,0.0,0.0
6459,SAMPLE,ALIGNING,true,1,45,0,0,-0.19503450393677,-0.083451271057129,0.0,-0.07,-0.19503450393677,-0.013451271057129,197.65342712402,122.66250610352,193.86106872559,1.6809566020966,true,false,true,false,45,-5,-0.011361122131348,-0.00081443786621094
6460,SAMPLE,ALIGNING,true,1,45,0,0,-0.19503450393677,-0.083451271057129,0.0,-0.07,-0.19503450393677,-0.013451271057129,197.65342712402,122.66250610352,193.86106872559,1.6809566020966,true,false,true,false,45,-5,0.0,0.0
6461,SAMPLE,ALIGNING,true,1,45,0,0,-0.19805431365967,-0.082109451293945,0.0,-0.07,-0.19805431365967,-0.012109451293945,198.24821472168,122.40046691895,196.80911254883,1.7075097560883,true,false,true,false,45,-5,-0.0030198097229004,0.0013418197631836
6462,SAMPLE,ALIGNING,true,1,45,0,0,-0.19805431365967,-0.082109451293945,0.0,-0.07,-0.19805431365967,-0.012109451293945,198.24821472168,122.40046691895,196.80911254883,1.7075097560883,true,false,true,false,45,-5,0.0,0.0
6463,SAMPLE,ALIGNING,true,1,45,0,0,-0.19805431365967,-0.082109451293945,0.0,-0.07,-0.19805431365967,-0.012109451293945,198.24821472168,122.40046691895,196.80911254883,1.7075097560883,true,false,true,false,45,-5,0.0,0.0
6464,SAMPLE,ALIGNING,true,1,45,0,0,-0.19882154464722,-0.078417778015137,0.0,-0.07,-0.19882154464722,-0.0084177780151367,198.3970489502,121.68257904053,197.55278015137,1.7141542434692,true,false,true,false,45,-5,-0.00076723098754883,0.0036916732788086
6465,SAMPLE,ALIGNING,true,1,45,0,0,-0.19882154464722,-0.078417778015137,0.0,-0.07,-0.19882154464722,-0.0084177780151367,198.3970489502,121.68257904053,197.55278015137,1.7141542434692,true,false,true,false,45,-5,0.0,0.0
6466,SAMPLE,ALIGNING,true,1,45,0,0,-0.19628047943115,-0.073384761810303,0.0,-0.07,-0.19628047943115,-0.0033847618103027,197.89430236816,120.70775604248,195.07119750977,1.6917101144791,true,false,true,false,45,-5,0.0025410652160645,0.005033016204834
6467,SAMPLE,ALIGNING,true,1,45,0,0,-0.19628047943115,-0.073384761810303,0.0,-0.07,-0.19628047943115,-0.0033847618103027,197.89430236816,120.70775604248,195.07119750977,1.6917101144791,true,false,true,false,45,-5,0.0,0.0
6468,SAMPLE,ALIGNING,true,1,45,0,0,-0.19628047943115,-0.073384761810303,0.0,-0.07,-0.19628047943115,-0.0033847618103027,197.89430236816,120.70775604248,195.07119750977,1.6917101144791,true,false,true,false,45,-5,0.0,0.0
6469,SAMPLE,ALIGNING,true,1,45,0,0,-0.19062376022339,-0.064755715429783,0.0,-0.07,-0.19062376022339,0.0052442845702171,196.77146911621,119.00093078613,189.50047302246,1.6415835618973,true,false,true,false,45,4,0.0056567192077637,0.0086290463805199
6470,SAMPLE,ALIGNING,true,1,45,0,0,-0.19062376022339,-0.064755715429783,0.0,-0.07,-0.19062376022339,0.0052442845702171,196.77146911621,119.00093078613,189.50047302246,1.6415835618973,true,false,true,false,45,4,0.0,0.0
6471,SAMPLE,ALIGNING,true,1,45,0,0,-0.18453598022461,-0.057037748396397,0.0,-0.07,-0.18453598022461,0.012962251603603,195.57679748535,117.51277160645,183.54191589355,1.5882501602173,true,false,true,false,45,4,0.0060877799987793,0.0077179670333862
6472,SAMPLE,ALIGNING,true,1,45,0,0,-0.18453598022461,-0.057037748396397,0.0,-0.07,-0.18453598022461,0.012962251603603,195.57679748535,117.51277160645,183.54191589355,1.5882501602173,true,false,true,false,45,4,0.0,0.0
6473,SAMPLE,ALIGNING,true,1,45,0,0,-0.18453598022461,-0.057037748396397,0.0,-0.07,-0.18453598022461,0.012962251603603,195.57679748535,117.51277160645,183.54191589355,1.5882501602173,true,false,true,false,45,4,0.0,0.0
6474,SAMPLE,ALIGNING,true,1,45,0,0,-0.1751880645752,-0.046012081205845,0.0,-0.07,-0.1751880645752,0.023987918794155,193.73379516602,115.37581634521,174.29504394531,1.5059729814529,true,false,true,false,45,5,0.0093479156494141,0.011025667190552
6475,SAMPLE,ALIGNING,true,1,45,0,0,-0.1751880645752,-0.046012081205845,0.0,-0.07,-0.1751880645752,0.023987918794155,193.73379516602,115.37581634521,174.29504394531,1.5059729814529,true,false,true,false,45,5,0.0,0.0
6476,SAMPLE,ALIGNING,true,1,45,0,0,-0.16809320449829,-0.038342155516148,0.0,-0.07,-0.16809320449829,0.031657844483852,192.33444213867,113.89887237549,167.23599243164,1.443501830101,true,false,false,false,45,7,0.0070948600769043,0.0076699256896973
6477,SAMPLE,ALIGNING,true,1,45,0,0,-0.16809320449829,-0.038342155516148,0.0,-0.07,-0.16809320449829,0.031657844483852,192.33444213867,113.89887237549,167.23599243164,1.443501830101,true,false,false,false,45,7,0.0,0.0
6478,SAMPLE,ALIGNING,true,1,45,0,0,-0.16809320449829,-0.038342155516148,0.0,-0.07,-0.16809320449829,0.031657844483852,192.33444213867,113.89887237549,167.23599243164,1.443501830101,true,false,false,false,45,7,0.0,0.0
6479,SAMPLE,ALIGNING,true,1,45,0,0,-0.15836191177368,-0.028850473463535,0.0,-0.07,-0.15836191177368,0.041149526536465,190.44229125977,112.08968353271,157.64678955078,1.3590309619904,true,false,false,false,44,9,0.0097312927246094,0.0094916820526123
6480,SAMPLE,ALIGNING,true,1,45,0,0,-0.15836191177368,-0.028850473463535,0.0,-0.07,-0.15836191177368,0.041149526536465,190.44229125977,112.08968353271,157.64678955078,1.3590309619904,true,false,false,false,44,9,0.0,0.0
6481,SAMPLE,ALIGNING,true,1,45,0,0,-0.15150690078735,-0.023864902555943,0.0,-0.07,-0.15150690078735,0.046135097444057,189.09358215332,111.12940979004,150.79228210449,1.2988206148148,true,false,false,false,42,10,0.0068550109863281,0.0049855709075928
6482,SAMPLE,ALIGNING,true,1,45,0,0,-0.15150690078735,-0.023864902555943,0.0,-0.07,-0.15150690078735,0.046135097444057,189.09358215332,111.12940979004,150.79228210449,1.2988206148148,true,false,false,false,42,10,0.0,0.0
6483,SAMPLE,ALIGNING,true,1,45,0,0,-0.15150690078735,-0.023864902555943,0.0,-0.07,-0.15150690078735,0.046135097444057,189.09358215332,111.12940979004,150.79228210449,1.2988206148148,true,false,false,false,42,10,0.0,0.0
6484,SAMPLE,ALIGNING,true,1,45,0,0,-0.14191961288452,-0.018543757498264,0.0,-0.07,-0.14191961288452,0.051456242501736,187.22608947754,110.11441040039,141.27659606934,1.2154506444931,true,false,false,false,40,11,0.009587287902832,0.0053211450576782
6485,SAMPLE,ALIGNING,true,1,45,0,0,-0.14191961288452,-0.018543757498264,0.0,-0.07,-0.14191961288452,0.051456242501736,187.22608947754,110.11441040039,141.27659606934,1.2154506444931,true,false,false,false,40,11,0.0,0.0
6486,SAMPLE,ALIGNING,true,1,45,0,0,-0.13214015960693,-0.015715517103672,0.0,-0.07,-0.13214015960693,0.054284482896328,185.32777404785,109.58734130859,131.58409118652,1.1307044029236,true,false,false,false,37,12,0.0097794532775879,0.0028282403945923
6487,SAMPLE,ALIGNING,true,1,45,0,0,-0.13214015960693,-0.015715517103672,0.0,-0.07,-0.13214015960693,0.054284482896328,185.32777404785,109.58734130859,131.58409118652,1.1307044029236,true,false,false,false,37,12,0.0,0.0
6488,SAMPLE,ALIGNING,true,1,45,0,0,-0.13214015960693,-0.015715517103672,0.0,-0.07,-0.13214015960693,0.054284482896328,185.32777404785,109.58734130859,131.58409118652,1.1307044029236,true,false,false,false,37,12,0.0,0.0
6489,SAMPLE,ALIGNING,true,1,45,0,0,-0.12236070632935,-0.01585940271616,0.0,-0.07,-0.12236070632935,0.05414059728384,183.43695068359,109.62532043457,121.91389465332,1.0462925434113,true,false,false,false,34,12,0.0097794532775879,-0.00014388561248779
6490,SAMPLE,ALIGNING,true,1,45,0,0,-0.12236070632935,-0.01585940271616,0.0,-0.07,-0.12236070632935,0.05414059728384,183.43695068359,109.62532043457,121.91389465332,1.0462925434113,true,false,false,false,34,12,0.0,0.0
6491,SAMPLE,ALIGNING,true,1,45,0,0,-0.11531400680542,-0.018016494810581,0.0,-0.07,-0.11531400680542,0.051983505189419,182.07734680176,110.05123901367,114.95127105713,0.98559588193893,true,false,false,false,32,11,0.0070466995239258,-0.0021570920944214
6492,SAMPLE,ALIGNING,true,1,45,0,0,-0.11531400680542,-0.018016494810581,0.0,-0.07,-0.11531400680542,0.051983505189419,182.07734680176,110.05123901367,114.95127105713,0.98559588193893,true,false,false,false,32,11,0.0,0.0
6493,SAMPLE,ALIGNING,true,1,45,0,0,-0.11531400680542,-0.018016494810581,0.0,-0.07,-0.11531400680542,0.051983505189419,182.07734680176,110.05123901367,114.95127105713,0.98559588193893,true,false,false,false,32,11,0.0,0.0
6494,SAMPLE,ALIGNING,true,1,45,0,0,-0.10548686981201,-0.022810257971287,0.0,-0.07,-0.10548686981201,0.047189742028713,180.17993164063,110.98425292969,105.21157836914,0.90089011192322,true,false,false,false,30,10,0.0098271369934082,-0.0047937631607056
6495,SAMPLE,ALIGNING,true,1,45,0,0,-0.10548686981201,-0.022810257971287,0.0,-0.07,-0.10548686981201,0.047189742028713,180.17993164063,110.98425292969,105.21157836914,0.90089011192322,true,false,false,false,30,10,0.0,0.0
6496,SAMPLE,ALIGNING,true,1,45,0,0,-0.10548686981201,-0.022810257971287,0.0,-0.07,-0.10548686981201,0.047189742028713,180.17993164063,110.98425292969,105.21157836914,0.90089011192322,true,false,false,false,30,10,0.0,0.0
6497,SAMPLE,ALIGNING,true,1,45,0,0,-0.095132350921631,-0.03072003275156,0.0,-0.07,-0.095132350921631,0.03927996724844,178.19000244141,112.51103210449,94.967903137207,0.8120533823967,true,false,false,false,27,9,0.010354518890381,-0.0079097747802734
6498,SAMPLE,ALIGNING,true,1,45,0,0,-0.095132350921631,-0.03072003275156,0.0,-0.07,-0.095132350921631,0.03927996724844,178.19000244141,112.51103210449,94.967903137207,0.8120533823967,true,false,false,false,27,9,0.0,0.0
6499,SAMPLE,ALIGNING,true,1,45,0,0,-0.095132350921631,-0.03072003275156,0.0,-0.07,-0.095132350921631,0.03927996724844,176.17135620117,114.54666900635,84.539131164551,0.72193562984467,true,false,false,false,27,9,0.0,0.0
6500,SAMPLE,ALIGNING,true,1,45,0,0,-0.084633827209473,-0.041362084448338,0.0,-0.07,-0.084633827209473,0.028637915551662,176.17135620117,114.54666900635,84.539131164551,0.72193562984467,true,false,true,false,24,6,0.010498523712158,-0.010642051696777
6501,SAMPLE,ALIGNING,true,1,45,0,0,-0.084633827209473,-0.041362084448338,0.0,-0.07,-0.084633827209473,0.028637915551662,176.17135620117,114.54666900635,84.539131164551,0.72193562984467,true,false,true,false,24,6,0.0,0.0
6502,SAMPLE,ALIGNING,true,1,45,0,0,-0.084633827209473,-0.041362084448338,0.0,-0.07,-0.084633827209473,0.028637915551662,174.27258300781,116.49014282227,74.689712524414,0.63716906309128,true,false,true,false,24,6,0.0,0.0
6503,SAMPLE,ALIGNING,true,1,45,0,0,-0.074710845947266,-0.05152503401041,0.0,-0.07,-0.074710845947266,0.01847496598959,174.27258300781,116.49014282227,74.689712524414,0.63716906309128,true,false,true,false,21,4,0.009922981262207,-0.010162949562073
6504,SAMPLE,ALIGNING,true,1,45,0,0,-0.074710845947266,-0.05152503401041,0.0,-0.07,-0.074710845947266,0.01847496598959,174.27258300781,116.49014282227,74.689712524414,0.63716906309128,true,false,true,false,21,4,0.0,0.0
6505,SAMPLE,ALIGNING,true,1,45,0,0,-0.06843090057373,-0.057421244680882,0.0,-0.07,-0.06843090057373,0.012578755319119,173.06781005859,117.61818695068,68.42212677002,0.58338475227356,true,false,true,false,19,4,0.0062799453735352,-0.0058962106704712
6506,SAMPLE,ALIGNING,true,1,45,0,0,-0.06843090057373,-0.057421244680882,0.0,-0.07,-0.06843090057373,0.012578755319119,173.06781005859,117.61818695068,68.42212677002,0.58338475227356,true,false,true,false,19,4,0.0,0.0
6507,SAMPLE,ALIGNING,true,1,45,0,0,-0.062870025634766,-0.06197539716959,0.0,-0.07,-0.062870025634766,0.00802460283041,171.99668884277,118.49243927002,62.839866638184,0.53556662797928,true,false,true,false,18,4,0.0055608749389648,-0.0045541524887085
6508,SAMPLE,ALIGNING,true,1,45,0,0,-0.062870025634766,-0.06197539716959,0.0,-0.07,-0.062870025634766,0.00802460283041,171.99668884277,118.49243927002,62.839866638184,0.53556662797928,true,false,true,false,18,4,0.0,0.0
6509,SAMPLE,ALIGNING,true,1,45,0,0,-0.057932376861572,-0.065139211714268,0.0,-0.07,-0.057932376861572,0.0048607882857323,171.05619812012,119.10292053223,57.931888580322,0.49358013272285,true,false,true,false,16,4,0.0049376487731934,-0.0031638145446777
6510,SAMPLE,ALIGNING,true,1,45,0,0,-0.057932376861572,-0.065139211714268,0.0,-0.07,-0.057932376861572,0.0048607882857323,171.05619812012,119.10292053223,57.931888580322,0.49358013272285,true,false,true,false,16,4,0.0,0.0
6511,SAMPLE,ALIGNING,true,1,45,0,0,-0.057932376861572,-0.065139211714268,0.0,-0.07,-0.057932376861572,0.0048607882857323,171.05619812012,119.10292053223,57.931888580322,0.49358013272285,true,false,true,false,16,4,0.0,0.0
6512,SAMPLE,ALIGNING,true,1,45,0,0,-0.051988124847412,-0.067871727049351,0.0,-0.07,-0.051988124847412,0.0021282729506493,169.92575073242,119.61767578125,52.026016235352,0.44311383366585,true,false,true,false,15,4,0.0059442520141602,-0.002732515335083
6513,SAMPLE,ALIGNING,true,1,45,0,0,-0.051988124847412,-0.067871727049351,0.0,-0.07,-0.051988124847412,0.0021282729506493,169.92575073242,119.61767578125,52.026016235352,0.44311383366585,true,false,true,false,15,4,0.0,0.0
6514,SAMPLE,ALIGNING,true,1,45,0,0,-0.051988124847412,-0.067871727049351,0.0,-0.07,-0.051988124847412,0.0021282729506493,169.03240966797,119.69033050537,47.354598999023,0.40323230624199,true,false,true,false,15,4,0.0,0.0
6515,SAMPLE,ALIGNING,true,1,45,0,0,-0.047338485717773,-0.068255223333836,0.0,-0.07,-0.047338485717773,0.0017447766661644,169.03240966797,119.69033050537,47.354598999023,0.40323230624199,true,false,true,false,13,4,0.0046496391296387,-0.00038349628448486
6516,SAMPLE,ALIGNING,true,1,45,0,0,-0.047338485717773,-0.068255223333836,0.0,-0.07,-0.047338485717773,0.0017447766661644,169.03240966797,119.69033050537,47.354598999023,0.40323230624199,true,false,true,false,13,4,0.0,0.0
6517,SAMPLE,ALIGNING,true,1,45,0,0,-0.044126510620117,-0.068015493452549,0.0,-0.07,-0.044126510620117,0.001984506547451,168.41854858398,119.64125061035,44.142768859863,0.37582817673683,true,false,true,false,12,4,0.0032119750976563,0.00023972988128662
6518,SAMPLE,ALIGNING,true,1,45,0,0,-0.044126510620117,-0.068015493452549,0.0,-0.07,-0.044126510620117,0.001984506547451,168.41854858398,119.64125061035,44.142768859863,0.37582817673683,true,false,true,false,12,4,0.0,0.0
6519,SAMPLE,ALIGNING,true,1,45,0,0,-0.044126510620117,-0.068015493452549,0.0,-0.07,-0.044126510620117,0.001984506547451,168.14533996582,119.35368347168,42.712677001953,0.36363112926483,true,false,true,false,12,4,0.0,0.0
6520,SAMPLE,ALIGNING,true,1,45,0,0,-0.042688369750977,-0.06648150831461,0.0,-0.07,-0.042688369750977,0.0035184916853905,168.14533996582,119.35368347168,42.712677001953,0.36363112926483,true,false,true,false,12,4,0.0014381408691406,0.0015339851379395
6521,SAMPLE,ALIGNING,true,1,45,0,0,-0.042688369750977,-0.06648150831461,0.0,-0.07,-0.042688369750977,0.0035184916853905,168.14533996582,119.35368347168,42.712677001953,0.36363112926483,true,false,true,false,12,4,0.0,0.0
6522,SAMPLE,ALIGNING,true,1,45,0,0,-0.04240083694458,-0.063653148710728,0.0,-0.07,-0.04240083694458,0.0063468512892723,168.08613586426,118.81255340576,42.402210235596,0.36098825931549,true,false,true,false,12,4,0.00028753280639648,0.0028283596038818
6523,SAMPLE,ALIGNING,true,1,45,0,0,-0.04240083694458,-0.063653148710728,0.0,-0.07,-0.04240083694458,0.0063468512892723,168.08613586426,118.81255340576,42.402210235596,0.36098825931549,true,false,true,false,12,4,0.0,0.0
6524,SAMPLE,ALIGNING,true,1,45,0,0,-0.04240083694458,-0.063653148710728,0.0,-0.07,-0.04240083694458,0.0063468512892723,168.08613586426,118.81255340576,42.402210235596,0.36098825931549,true,false,true,false,12,4,0.0,0.0
6525,SAMPLE,ALIGNING,true,1,45,0,0,-0.042736530303955,-0.060345448553562,0.0,-0.07,-0.042736530303955,0.0096545514464378,168.15353393555,118.18351745605,42.753875732422,0.36399722099304,true,false,true,false,12,4,-0.000335693359375,0.0033077001571655
6526,SAMPLE,ALIGNING,true,1,45,0,0,-0.042736530303955,-0.060345448553562,0.0,-0.07,-0.042736530303955,0.0096545514464378,168.15353393555,118.18351745605,42.753875732422,0.36399722099304,true,false,true,false,12,4,0.0,0.0
6527,SAMPLE,ALIGNING,true,1,45,0,0,-0.043455600738525,-0.056845940649509,0.0,-0.07,-0.043455600738525,0.013154059350491,168.28851318359,117.51538848877,43.458610534668,0.37002310156822,true,false,true,false,12,4,-0.00071907043457031,0.0034995079040527
6528,SAMPLE,ALIGNING,true,1,45,0,0,-0.043455600738525,-0.056845940649509,0.0,-0.07,-0.043455600738525,0.013154059350491,168.28851318359,117.51538848877,43.458610534668,0.37002310156822,true,false,true,false,12,4,0.0,0.0
6529,SAMPLE,ALIGNING,true,1,45,0,0,-0.043455600738525,-0.056845940649509,0.0,-0.07,-0.043455600738525,0.013154059350491,168.28851318359,117.51538848877,43.458610534668,0.37002310156822,true,false,true,false,12,4,0.0,0.0
6530,SAMPLE,ALIGNING,true,1,45,0,0,-0.044318199157715,-0.053298629820347,0.0,-0.07,-0.044318199157715,0.016701370179653,168.45127868652,116.84022521973,44.308048248291,0.37728926539421,true,false,true,false,12,4,-0.00086259841918945,0.0035473108291626
6531,SAMPLE,ALIGNING,true,1,45,0,0,-0.044318199157715,-0.053298629820347,0.0,-0.07,-0.044318199157715,0.016701370179653,168.45127868652,116.84022521973,44.308048248291,0.37728926539421,true,false,true,false,12,4,0.0,0.0
6532,SAMPLE,ALIGNING,true,1,45,0,0,-0.044318199157715,-0.053298629820347,0.0,-0.07,-0.044318199157715,0.016701370179653,168.54425048828,116.47241210938,44.792995452881,0.38143971562386,true,false,true,false,12,4,0.0,0.0
6533,SAMPLE,ALIGNING,true,1,45,0,0,-0.044749736785889,-0.051381148397923,0.0,-0.07,-0.044749736785889,0.018618851602077,168.54425048828,116.47241210938,44.792995452881,0.38143971562386,true,false,true,false,13,4,-0.00043153762817383,0.0019174814224243
6534,SAMPLE,ALIGNING,true,1,45,0,0,-0.044749736785889,-0.051381148397923,0.0,-0.07,-0.044749736785889,0.018618851602077,168.54425048828,116.47241210938,44.792995452881,0.38143971562386,true,false,true,false,13,4,0.0,0.0
6535,SAMPLE,ALIGNING,true,1,45,0,0,-0.046283721923828,-0.04936770349741,0.0,-0.07,-0.046283721923828,0.02063229650259,168.83283996582,116.08829498291,46.300903320313,0.39432311058044,true,false,true,false,13,5,-0.0015339851379395,0.0020134449005127
6536,SAMPLE,ALIGNING,true,1,45,0,0,-0.046283721923828,-0.04936770349741,0.0,-0.07,-0.046283721923828,0.02063229650259,168.83283996582,116.08829498291,46.300903320313,0.39432311058044,true,false,true,false,13,5,0.0,0.0
6537,SAMPLE,ALIGNING,true,1,45,0,0,-0.046283721923828,-0.04936770349741,0.0,-0.07,-0.046283721923828,0.02063229650259,168.83283996582,116.08829498291,46.300903320313,0.39432311058044,true,false,true,false,13,5,0.0,0.0
6538,SAMPLE,ALIGNING,true,1,45,0,0,-0.047386169433594,-0.048121370375156,0.0,-0.07,-0.047386169433594,0.021878629624844,169.04020690918,115.85157012939,47.384246826172,0.40358093380928,true,false,true,false,13,5,-0.0011024475097656,0.0012463331222534
6539,SAMPLE,ALIGNING,true,1,45,0,0,-0.047386169433594,-0.048121370375156,0.0,-0.07,-0.047386169433594,0.021878629624844,169.04020690918,115.85157012939,47.384246826172,0.40358093380928,true,false,true,false,13,5,0.0,0.0
6540,SAMPLE,ALIGNING,true,1,45,0,0,-0.047386169433594,-0.048121370375156,0.0,-0.07,-0.047386169433594,0.021878629624844,169.1922454834,115.71865844727,48.178581237793,0.4103684425354,true,false,true,false,13,5,0.0,0.0
6541,SAMPLE,ALIGNING,true,1,45,0,0,-0.048201084136963,-0.047450222074986,0.0,-0.07,-0.048201084136963,0.022549777925015,169.1922454834,115.71865844727,48.178581237793,0.4103684425354,true,false,true,false,13,5,-0.00081491470336914,0.0006711483001709
6542,SAMPLE,ALIGNING,true,1,45,0,0,-0.048201084136963,-0.047450222074986,0.0,-0.07,-0.048201084136963,0.022549777925015,169.1922454834,115.71865844727,48.178581237793,0.4103684425354,true,false,true,false,13,5,0.0,0.0
6543,SAMPLE,ALIGNING,true,1,45,0,0,-0.048392772674561,-0.047162570059299,0.0,-0.07,-0.048392772674561,0.022837429940701,169.2380065918,115.67053222656,48.417591094971,0.41241073608398,true,false,true,false,14,5,-0.00019168853759766,0.00028765201568604
6544,SAMPLE,ALIGNING,true,1,45,0,0,-0.048392772674561,-0.047162570059299,0.0,-0.07,-0.048392772674561,0.022837429940701,169.2380065918,115.67053222656,48.417591094971,0.41241073608398,true,false,true,false,14,5,0.0,0.0
6545,SAMPLE,ALIGNING,true,1,45,0,0,-0.048392772674561,-0.047162570059299,0.0,-0.07,-0.048392772674561,0.022837429940701,169.2380065918,115.67053222656,48.417591094971,0.41241073608398,true,false,true,false,14,5,0.0,0.0
6546,SAMPLE,ALIGNING,true,1,45,0,0,-0.047961711883545,-0.047498144209385,0.0,-0.07,-0.047961711883545,0.022501855790615,169.14791870117,115.72657012939,47.946834564209,0.40838944911957,true,false,true,false,13,5,0.00043106079101563,-0.00033557415008545
6547,SAMPLE,ALIGNING,true,1,45,0,0,-0.047961711883545,-0.047498144209385,0.0,-0.07,-0.047961711883545,0.022501855790615,169.14791870117,115.72657012939,47.946834564209,0.40838944911957,true,false,true,false,13,5,0.0,0.0
6548,SAMPLE,ALIGNING,true,1,45,0,0,-0.047290325164795,-0.048169292509556,0.0,-0.07,-0.047290325164795,0.021830707490444,169.01928710938,115.86443328857,47.274913787842,0.40264657139778,true,false,true,false,13,5,0.00067138671875,-0.0006711483001709
6549,SAMPLE,ALIGNING,true,1,45,0,0,-0.047290325164795,-0.048169292509556,0.0,-0.07,-0.047290325164795,0.021830707490444,169.01928710938,115.86443328857,47.274913787842,0.40264657139778,true,false,true,false,13,5,0.0,0.0
6550,SAMPLE,ALIGNING,true,1,45,0,0,-0.047290325164795,-0.048169292509556,0.0,-0.07,-0.047290325164795,0.021830707490444,169.01928710938,115.86443328857,47.274913787842,0.40264657139778,true,false,true,false,13,5,0.0,0.0
6551,SAMPLE,ALIGNING,true,1,45,0,0,-0.046859264373779,-0.048792518675327,0.0,-0.07,-0.046859264373779,0.021207481324673,168.93698120117,115.97138214111,46.845012664795,0.39897269010544,true,false,true,false,13,5,0.00043106079101563,-0.00062322616577148
6552,SAMPLE,ALIGNING,true,1,45,0,0,-0.046859264373779,-0.048792518675327,0.0,-0.07,-0.046859264373779,0.021207481324673,168.93698120117,115.97138214111,46.845012664795,0.39897269010544,true,false,true,false,13,5,0.0,0.0
6553,SAMPLE,ALIGNING,true,1,45,0,0,-0.046331882476807,-0.049703277647495,0.0,-0.07,-0.046331882476807,0.020296722352505,168.83782958984,116.14936065674,46.327308654785,0.394545763731,true,false,true,false,13,4,0.00052738189697266,-0.00091075897216797
6554,SAMPLE,ALIGNING,true,1,45,0,0,-0.046331882476807,-0.049703277647495,0.0,-0.07,-0.046331882476807,0.020296722352505,168.83782958984,116.14936065674,46.327308654785,0.394545763731,true,false,true,false,13,4,0.0,0.0
6555,SAMPLE,ALIGNING,true,1,45,0,0,-0.046331882476807,-0.049703277647495,0.0,-0.07,-0.046331882476807,0.020296722352505,168.83782958984,116.14936065674,46.327308654785,0.394545763731,true,false,true,false,13,4,0.0,0.0
6556,SAMPLE,ALIGNING,true,1,45,0,0,-0.045277118682861,-0.051093615591526,0.0,-0.07,-0.045277118682861,0.018906384408474,168.63972473145,116.41973876953,45.292255401611,0.38570177555084,true,false,true,false,13,4,0.0010547637939453,-0.0013903379440308
6557,SAMPLE,ALIGNING,true,1,45,0,0,-0.045277118682861,-0.051093615591526,0.0,-0.07,-0.045277118682861,0.018906384408474,168.63972473145,116.41973876953,45.292255401611,0.38570177555084,true,false,true,false,13,4,0.0,0.0
6558,SAMPLE,ALIGNING,true,1,45,0,0,-0.044510364532471,-0.052244104444981,0.0,-0.07,-0.044510364532471,0.017755895555019,168.49737548828,116.63671112061,44.548439025879,0.37934699654579,true,false,true,false,12,4,0.00076675415039063,-0.0011504888534546
6559,SAMPLE,ALIGNING,true,1,45,0,0,-0.044510364532471,-0.052244104444981,0.0,-0.07,-0.044510364532471,0.017755895555019,168.49737548828,116.63671112061,44.548439025879,0.37934699654579,true,false,true,false,12,4,0.0,0.0
6560,SAMPLE,ALIGNING,true,1,45,0,0,-0.044510364532471,-0.052244104444981,0.0,-0.07,-0.044510364532471,0.017755895555019,168.49737548828,116.63671112061,44.548439025879,0.37934699654579,true,false,true,false,12,4,0.0,0.0
6561,SAMPLE,ALIGNING,true,1,45,0,0,-0.043407440185547,-0.054065622389317,0.0,-0.07,-0.043407440185547,0.015934377610683,168.28726196289,116.97969818115,43.450302124023,0.36996674537659,true,false,true,false,12,4,0.0011029243469238,-0.0018215179443359
6562,SAMPLE,ALIGNING,true,1,45,0,0,-0.043407440185547,-0.054065622389317,0.0,-0.07,-0.043407440185547,0.015934377610683,168.28726196289,116.97969818115,43.450302124023,0.36996674537659,true,false,true,false,12,4,0.0,0.0
6563,SAMPLE,ALIGNING,true,1,45,0,0,-0.0424485206604,-0.056174911558628,0.0,-0.07,-0.0424485206604,0.013825088441372,168.09576416016,117.38964080811,42.44945526123,0.36141780018806,true,false,true,false,12,4,0.00095891952514648,-0.0021092891693115
6564,SAMPLE,ALIGNING,true,1,45,0,0,-0.0424485206604,-0.056174911558628,0.0,-0.07,-0.0424485206604,0.013825088441372,168.09576416016,117.38964080811,42.44945526123,0.36141780018806,true,false,true,false,12,4,0.0,0.0
6565,SAMPLE,ALIGNING,true,1,45,0,0,-0.0424485206604,-0.056174911558628,0.0,-0.07,-0.0424485206604,0.013825088441372,168.09576416016,117.38964080811,42.44945526123,0.36141780018806,true,false,true,false,12,4,0.0,0.0
6566,SAMPLE,ALIGNING,true,1,45,0,0,-0.040962696075439,-0.060297526419163,0.0,-0.07,-0.040962696075439,0.0097024735808373,167.81797790527,118.16926574707,40.9973487854,0.349016726017,true,false,true,false,11,4,0.0014858245849609,-0.0041226148605347
6567,SAMPLE,ALIGNING,true,1,45,0,0,-0.040962696075439,-0.060297526419163,0.0,-0.07,-0.040962696075439,0.0097024735808373,167.81797790527,118.16926574707,40.9973487854,0.349016726017,true,false,true,false,11,4,0.0,0.0
6568,SAMPLE,ALIGNING,true,1,45,0,0,-0.039812088012695,-0.064755715429783,0.0,-0.07,-0.039812088012695,0.0052442845702171,167.59703063965,119.01886749268,39.841876983643,0.33915311098099,true,false,true,false,11,4,0.0011506080627441,-0.0044581890106201
6569,SAMPLE,ALIGNING,true,1,45,0,0,-0.039812088012695,-0.064755715429783,0.0,-0.07,-0.039812088012695,0.0052442845702171,167.59703063965,119.01886749268,39.841876983643,0.33915311098099,true,false,true,false,11,4,0.0,0.0
6570,SAMPLE,ALIGNING,true,1,45,0,0,-0.039812088012695,-0.064755715429783,0.0,-0.07,-0.039812088012695,0.0052442845702171,167.59703063965,119.01886749268,39.841876983643,0.33915311098099,true,false,true,false,11,4,0.0,0.0
6571,SAMPLE,ALIGNING,true,1,45,0,0,-0.038805484771729,-0.069165982306004,0.0,-0.07,-0.038805484771729,0.00083401769399644,167.40176391602,119.86699676514,38.819889068604,0.33043560385704,true,false,true,false,11,4,0.0010066032409668,-0.0044102668762207
6572,SAMPLE,ALIGNING,true,1,45,0,0,-0.038805484771729,-0.069165982306004,0.0,-0.07,-0.038805484771729,0.00083401769399644,167.40176391602,119.86699676514,38.819889068604,0.33043560385704,true,false,true,false,11,4,0.0,0.0
6573,SAMPLE,ALIGNING,true,1,45,0,0,-0.037798881530762,-0.074151515960693,0.0,-0.07,-0.037798881530762,-0.0041515159606934,167.22023010254,120.83480834961,37.868831634521,0.32233157753944,true,false,true,false,11,-5,0.0010066032409668,-0.0049855336546898
6574,SAMPLE,ALIGNING,true,1,45,0,0,-0.037798881530762,-0.074151515960693,0.0,-0.07,-0.037798881530762,-0.0041515159606934,167.22023010254,120.83480834961,37.868831634521,0.32233157753944,true,false,true,false,11,-5,0.0,0.0
6575,SAMPLE,ALIGNING,true,1,45,0,0,-0.037798881530762,-0.074151515960693,0.0,-0.07,-0.037798881530762,-0.0041515159606934,167.03802490234,121.80635070801,36.91321182251,0.3141972720623,true,false,true,false,11,-5,0.0,0.0
6576,SAMPLE,ALIGNING,true,1,45,0,0,-0.036888122558594,-0.079233169555664,0.0,-0.07,-0.036888122558594,-0.0092331695556641,167.03802490234,121.80635070801,36.91321182251,0.3141972720623,true,false,true,false,10,-5,0.00091075897216797,-0.0050816535949707
6577,SAMPLE,ALIGNING,true,1,45,0,0,-0.036888122558594,-0.079233169555664,0.0,-0.07,-0.036888122558594,-0.0092331695556641,167.03802490234,121.80635070801,36.91321182251,0.3141972720623,true,false,true,false,10,-5,0.0,0.0
6578,SAMPLE,ALIGNING,true,1,45,0,0,-0.035545825958252,-0.086088180541992,0.0,-0.07,-0.035545825958252,-0.016088180541992,166.78816223145,123.11580657959,35.601261138916,0.30304324626923,true,false,true,false,10,-5,0.0013422966003418,-0.0068550109863281
6579,SAMPLE,ALIGNING,true,1,45,0,0,-0.035545825958252,-0.086088180541992,0.0,-0.07,-0.035545825958252,-0.016088180541992,166.78816223145,123.11580657959,35.601261138916,0.30304324626923,true,false,true,false,10,-5,0.0,0.0
6580,SAMPLE,ALIGNING,true,1,45,0,0,-0.035545825958252,-0.086088180541992,0.0,-0.07,-0.035545825958252,-0.016088180541992,166.64028930664,123.98561859131,34.823719024658,0.29644158482552,true,false,true,false,10,-5,0.0,0.0
6581,SAMPLE,ALIGNING,true,1,45,0,0,-0.034779071807861,-0.090641975402832,0.0,-0.07,-0.034779071807861,-0.020641975402832,166.64028930664,123.98561859131,34.823719024658,0.29644158482552,true,false,true,false,10,-6,0.00076675415039063,-0.0045537948608398
6582,SAMPLE,ALIGNING,true,1,45,0,0,-0.034779071807861,-0.090641975402832,0.0,-0.07,-0.034779071807861,-0.020641975402832,166.64028930664,123.98561859131,34.823719024658,0.29644158482552,true,false,true,false,10,-6,0.0,0.0
6583,SAMPLE,ALIGNING,true,1,45,0,0,-0.033771991729736,-0.096634387969971,0.0,-0.07,-0.033771991729736,-0.026634387969971,166.44682312012,125.12565612793,33.805469512939,0.28780463337898,true,false,true,false,9,-7,0.001007080078125,-0.0059924125671387
6584,SAMPLE,ALIGNING,true,1,45,0,0,-0.033771991729736,-0.096634387969971,0.0,-0.07,-0.033771991729736,-0.026634387969971,166.44682312012,125.12565612793,33.805469512939,0.28780463337898,true,false,true,false,9,-7,0.0,0.0
6585,SAMPLE,ALIGNING,true,1,45,0,0,-0.033005237579346,-0.10070896148682,0.0,-0.07,-0.033005237579346,-0.030708961486816,166.30220031738,125.90278625488,33.044052124023,0.28134849667549,true,false,false,false,9,-8,0.00076675415039063,-0.0040745735168457
6586,SAMPLE,ALIGNING,true,1,45,0,0,-0.033005237579346,-0.10070896148682,0.0,-0.07,-0.033005237579346,-0.030708961486816,166.30220031738,125.90278625488,33.044052124023,0.28134849667549,true,false,false,false,9,-8,0.0,0.0
6587,SAMPLE,ALIGNING,true,1,45,0,0,-0.033005237579346,-0.10070896148682,0.0,-0.07,-0.033005237579346,-0.030708961486816,166.30220031738,125.90278625488,33.044052124023,0.28134849667549,true,false,false,false,9,-8,0.0,0.0
6588,SAMPLE,ALIGNING,true,1,45,0,0,-0.032046318054199,-0.10516738891602,0.0,-0.07,-0.032046318054199,-0.035167388916016,166.12211608887,126.75624847412,32.096042633057,0.27330881357193,true,false,false,false,9,-9,0.00095891952514648,-0.0044584274291992
6589,SAMPLE,ALIGNING,true,1,45,0,0,-0.032046318054199,-0.10516738891602,0.0,-0.07,-0.032046318054199,-0.035167388916016,166.12211608887,126.75624847412,32.096042633057,0.27330881357193,true,false,false,false,9,-9,0.0,0.0
6590,SAMPLE,ALIGNING,true,1,45,0,0,-0.032046318054199,-0.10516738891602,0.0,-0.07,-0.032046318054199,-0.035167388916016,166.0068359375,127.27309417725,31.489137649536,0.26816260814667,true,false,false,false,9,-9,0.0,0.0
6591,SAMPLE,ALIGNING,true,1,45,0,0,-0.031470775604248,-0.10789966583252,0.0,-0.07,-0.031470775604248,-0.03789966583252,166.0068359375,127.27309417725,31.489137649536,0.26816260814667,true,false,false,false,9,-9,0.00057554244995117,-0.0027322769165039
6592,SAMPLE,ALIGNING,true,1,45,0,0,-0.031470775604248,-0.10789966583252,0.0,-0.07,-0.031470775604248,-0.03789966583252,166.0068359375,127.27309417725,31.489137649536,0.26816260814667,true,false,false,false,9,-9,0.0,0.0
6593,SAMPLE,ALIGNING,true,1,45,0,0,-0.03123140335083,-0.10905027389526,0.0,-0.07,-0.03123140335083,-0.039050273895264,165.9635925293,127.49715423584,31.261251449585,0.26623213291168,true,false,false,false,9,-10,0.00023937225341797,-0.0011506080627441
6594,SAMPLE,ALIGNING,true,1,45,0,0,-0.03123140335083,-0.10905027389526,0.0,-0.07,-0.03123140335083,-0.039050273895264,165.9635925293,127.49715423584,31.261251449585,0.26623213291168,true,false,false,false,9,-10,0.0,0.0
6595,SAMPLE,ALIGNING,true,1,45,0,0,-0.03118371963501,-0.10986518859863,0.0,-0.07,-0.03118371963501,-0.039865188598633,165.9557800293,127.6469039917,31.219362258911,0.26588302850723,true,false,false,false,9,-10,4.7683715820313e-05,-0.00081491470336914
6596,SAMPLE,ALIGNING,true,1,45,0,0,-0.03118371963501,-0.10986518859863,0.0,-0.07,-0.03118371963501,-0.039865188598633,165.9557800293,127.6469039917,31.219362258911,0.26588302850723,true,false,false,false,9,-10,0.0,0.0
6597,SAMPLE,ALIGNING,true,1,45,0,0,-0.03118371963501,-0.10986518859863,0.0,-0.07,-0.03118371963501,-0.039865188598633,165.9557800293,127.6469039917,31.219362258911,0.26588302850723,true,false,false,false,9,-10,0.0,0.0
6598,SAMPLE,ALIGNING,true,1,45,0,0,-0.031375408172607,-0.11024856567383,0.0,-0.07,-0.031375408172607,-0.040248565673828,165.99592590332,127.71656036377,31.429132461548,0.2676750421524,true,false,false,false,9,-10,-0.00019168853759766,-0.00038337707519531
6599,SAMPLE,ALIGNING,true,1,45,0,0,-0.031375408172607,-0.11024856567383,0.0,-0.07,-0.031375408172607,-0.040248565673828,165.99592590332,127.71656036377,31.429132461548,0.2676750421524,true,false,false,false,9,-10,0.0,0.0
6600,SAMPLE,ALIGNING,true,1,45,0,0,-0.031375408172607,-0.11024856567383,0.0,-0.07,-0.031375408172607,-0.040248565673828,165.99592590332,127.71656036377,31.429132461548,0.2676750421524,true,false,false,false,9,-10,0.0,0.0
6601,SAMPLE,ALIGNING,true,1,45,0,0,-0.032189846038818,-0.10962533950806,0.0,-0.07,-0.032189846038818,-0.039625339508057,166.14338684082,127.60163116455,32.202072143555,0.27425819635391,true,false,false,false,9,-10,-0.00081443786621094,0.00062322616577148
6602,SAMPLE,ALIGNING,true,1,45,0,0,-0.032189846038818,-0.10962533950806,0.0,-0.07,-0.032189846038818,-0.039625339508057,166.14338684082,127.60163116455,32.202072143555,0.27425819635391,true,false,false,false,9,-10,0.0,0.0
6603,SAMPLE,ALIGNING,true,1,45,0,0,-0.032189846038818,-0.10962533950806,0.0,-0.07,-0.032189846038818,-0.039625339508057,166.14338684082,127.60163116455,32.202072143555,0.27425819635391,true,false,false,false,9,-10,0.0,0.0
6604,SAMPLE,ALIGNING,true,1,45,0,0,-0.033100605010986,-0.10871458053589,0.0,-0.07,-0.033100605010986,-0.038714580535889,166.31811523438,127.42576599121,33.118167877197,0.2820588350296,true,false,false,false,9,-10,-0.00091075897216797,0.00091075897216797
6605,SAMPLE,ALIGNING,true,1,45,0,0,-0.033100605010986,-0.10871458053589,0.0,-0.07,-0.033100605010986,-0.038714580535889,166.31811523438,127.42576599121,33.118167877197,0.2820588350296,true,false,false,false,9,-10,0.0,0.0
6606,SAMPLE,ALIGNING,true,1,45,0,0,-0.033100605010986,-0.10871458053589,0.0,-0.07,-0.033100605010986,-0.038714580535889,166.31811523438,127.42576599121,33.118167877197,0.2820588350296,true,false,false,false,9,-10,0.0,0.0
6607,SAMPLE,ALIGNING,true,1,45,0,0,-0.034155368804932,-0.10737228393555,0.0,-0.07,-0.034155368804932,-0.037372283935547,166.5161895752,127.16985321045,34.156986236572,0.29090133309364,true,false,false,false,10,-9,-0.0010547637939453,0.0013422966003418
6608,SAMPLE,ALIGNING,true,1,45,0,0,-0.034155368804932,-0.10737228393555,0.0,-0.07,-0.034155368804932,-0.037372283935547,166.5161895752,127.16985321045,34.156986236572,0.29090133309364,true,false,false,false,10,-9,0.0,0.0
6609,SAMPLE,ALIGNING,true,1,45,0,0,-0.034155368804932,-0.10737228393555,0.0,-0.07,-0.034155368804932,-0.037372283935547,166.5161895752,127.16985321045,34.156986236572,0.29090133309364,true,false,false,false,10,-9,0.0,0.0
6610,SAMPLE,ALIGNING,true,1,45,0,0,-0.035354137420654,-0.10636568069458,0.0,-0.07,-0.035354137420654,-0.03636568069458,166.74559020996,126.98383331299,35.359275817871,0.30114248394966,true,false,false,false,10,-9,-0.0011987686157227,0.0010066032409668
6611,SAMPLE,ALIGNING,true,1,45,0,0,-0.035354137420654,-0.10636568069458,0.0,-0.07,-0.035354137420654,-0.03636568069458,166.74559020996,126.98383331299,35.359275817871,0.30114248394966,true,false,false,false,10,-9,0.0,0.0
6612,SAMPLE,ALIGNING,true,1,45,0,0,-0.035354137420654,-0.10636568069458,0.0,-0.07,-0.035354137420654,-0.03636568069458,166.74559020996,126.98383331299,35.359275817871,0.30114248394966,true,false,false,false,10,-9,0.0,0.0
6613,SAMPLE,ALIGNING,true,1,45,0,0,-0.035881519317627,-0.10569477081299,0.0,-0.07,-0.035881519317627,-0.035694770812988,166.85220336914,126.85258483887,35.918308258057,0.30590209364891,true,false,false,false,10,-9,-0.00052738189697266,0.0006709098815918
6614,SAMPLE,ALIGNING,true,1,45,0,0,-0.035881519317627,-0.10569477081299,0.0,-0.07,-0.035881519317627,-0.035694770812988,166.85220336914,126.85258483887,35.918308258057,0.30590209364891,true,false,false,false,10,-9,0.0,0.0
6615,SAMPLE,ALIGNING,true,1,45,0,0,-0.035881519317627,-0.10569477081299,0.0,-0.07,-0.035881519317627,-0.035694770812988,166.85220336914,126.85258483887,35.918308258057,0.30590209364891,true,false,false,false,10,-9,0.0,0.0
6616,SAMPLE,ALIGNING,true,1,45,0,0,-0.0364089012146,-0.10521507263184,0.0,-0.07,-0.0364089012146,-0.035215072631836,166.95126342773,126.75946044922,36.437515258789,0.31032404303551,true,false,false,false,10,-9,-0.00052738189697266,0.00047969818115234
6617,SAMPLE,ALIGNING,true,1,45,0,0,-0.0364089012146,-0.10521507263184,0.0,-0.07,-0.0364089012146,-0.035215072631836,166.95126342773,126.75946044922,36.437515258789,0.31032404303551,true,false,false,false,10,-9,0.0,0.0
6618,SAMPLE,ALIGNING,true,1,45,0,0,-0.0364089012146,-0.10521507263184,0.0,-0.07,-0.0364089012146,-0.035215072631836,166.95126342773,126.75946044922,36.437515258789,0.31032404303551,true,false,false,false,10,-9,0.0,0.0
6619,SAMPLE,ALIGNING,true,1,45,0,0,-0.036744117736816,-0.10478401184082,0.0,-0.07,-0.036744117736816,-0.03478401184082,167.01531982422,126.68193817139,36.773365020752,0.31318405270576,true,false,false,false,10,-9,-0.0003352165222168,0.00043106079101563
6620,SAMPLE,ALIGNING,true,1,45,0,0,-0.036744117736816,-0.10478401184082,0.0,-0.07,-0.036744117736816,-0.03478401184082,167.01531982422,126.68193817139,36.773365020752,0.31318405270576,true,false,false,false,10,-9,0.0,0.0
6621,SAMPLE,ALIGNING,true,1,45,0,0,-0.036744117736816,-0.10478401184082,0.0,-0.07,-0.036744117736816,-0.03478401184082,167.01531982422,126.68193817139,36.773365020752,0.31318405270576,true,false,false,false,10,-9,0.0,0.0
6622,SAMPLE,ALIGNING,true,1,45,0,0,-0.037031650543213,-0.10454416275024,0.0,-0.07,-0.037031650543213,-0.034544162750244,167.06672668457,126.63153076172,37.042808532715,0.31547886133194,true,false,false,false,10,-9,-0.00028753280639648,0.00023984909057617
6623,SAMPLE,ALIGNING,true,1,45,0,0,-0.037031650543213,-0.10454416275024,0.0,-0.07,-0.037031650543213,-0.034544162750244,167.06672668457,126.63153076172,37.042808532715,0.31547886133194,true,false,false,false,10,-9,0.0,0.0
6624,SAMPLE,ALIGNING,true,1,45,0,0,-0.037031650543213,-0.10454416275024,0.0,-0.07,-0.037031650543213,-0.034544162750244,167.12286376953,126.56563568115,37.337104797363,0.31798499822617,true,false,false,false,10,-9,0.0,0.0
6625,SAMPLE,ALIGNING,true,1,45,0,0,-0.037319660186768,-0.10416030883789,0.0,-0.07,-0.037319660186768,-0.034160308837891,167.12286376953,126.56563568115,37.337104797363,0.31798499822617,true,false,false,false,10,-9,-0.00028800964355469,0.00038385391235352
6626,SAMPLE,ALIGNING,true,1,45,0,0,-0.037319660186768,-0.10416030883789,0.0,-0.07,-0.037319660186768,-0.034160308837891,167.12286376953,126.56563568115,37.337104797363,0.31798499822617,true,false,false,false,10,-9,0.0,0.0
6627,SAMPLE,ALIGNING,true,1,45,0,0,-0.037319660186768,-0.10416030883789,0.0,-0.07,-0.037319660186768,-0.034160308837891,167.12286376953,126.56563568115,37.337104797363,0.31798499822617,true,false,false,false,10,-9,0.0,0.0
6628,SAMPLE,ALIGNING,true,1,45,0,0,-0.037607192993164,-0.10401678085327,0.0,-0.07,-0.037607192993164,-0.034016780853271,167.17774963379,126.53735351563,37.62459564209,0.32043531537056,true,false,false,false,11,-8,-0.00028753280639648,0.00014352798461914
6629,SAMPLE,ALIGNING,true,1,45,0,0,-0.037607192993164,-0.10401678085327,0.0,-0.07,-0.037607192993164,-0.034016780853271,167.17774963379,126.53735351563,37.62459564209,0.32043531537056,true,false,false,false,11,-8,0.0,0.0
6630,SAMPLE,ALIGNING,true,1,45,0,0,-0.037942409515381,-0.1037769317627,0.0,-0.07,-0.037942409515381,-0.033776931762695,167.24069213867,126.48847961426,37.954387664795,0.32324489951134,true,false,false,false,11,-8,-0.0003352165222168,0.00023984909057617
6631,SAMPLE,ALIGNING,true,1,45,0,0,-0.037942409515381,-0.1037769317627,0.0,-0.07,-0.037942409515381,-0.033776931762695,167.24069213867,126.48847961426,37.954387664795,0.32324489951134,true,false,false,false,11,-8,0.0,0.0
6632,SAMPLE,ALIGNING,true,1,45,0,0,-0.037942409515381,-0.1037769317627,0.0,-0.07,-0.037942409515381,-0.033776931762695,167.24069213867,126.48847961426,37.954387664795,0.32324489951134,true,false,false,false,11,-8,0.0,0.0
6633,SAMPLE,ALIGNING,true,1,45,0,0,-0.037942409515381,-0.1037769317627,0.0,-0.07,-0.037942409515381,-0.033776931762695,167.24069213867,126.48847961426,37.954387664795,0.32324489951134,true,false,false,false,11,-8,0.0,0.0
6634,SAMPLE,ALIGNING,true,1,45,0,0,-0.038230419158936,-0.1035852432251,0.0,-0.07,-0.038230419158936,-0.033585243225098,167.2935333252,126.4496383667,38.23123550415,0.3256039917469,true,false,false,false,11,-8,-0.00028800964355469,0.00019168853759766
6635,SAMPLE,ALIGNING,true,1,45,0,0,-0.038230419158936,-0.1035852432251,0.0,-0.07,-0.038230419158936,-0.033585243225098,167.2935333252,126.4496383667,38.23123550415,0.3256039917469,true,false,false,false,11,-8,0.0,0.0
6636,SAMPLE,ALIGNING,true,1,45,0,0,-0.038230419158936,-0.1035852432251,0.0,-0.07,-0.038230419158936,-0.033585243225098,167.2935333252,126.4496383667,38.23123550415,0.3256039917469,true,false,false,false,11,-8,0.0,0.0
6637,SAMPLE,ALIGNING,true,1,45,0,0,-0.038422107696533,-0.1033935546875,0.0,-0.07,-0.038422107696533,-0.0333935546875,167.32846069336,126.41105651855,38.414306640625,0.32716339826584,true,false,false,false,11,-8,-0.00019168853759766,0.00019168853759766
6638,SAMPLE,ALIGNING,true,1,45,0,0,-0.038422107696533,-0.1033935546875,0.0,-0.07,-0.038422107696533,-0.0333935546875,167.32846069336,126.41105651855,38.414306640625,0.32716339826584,true,false,false,false,11,-8,0.0,0.0
6639,SAMPLE,ALIGNING,true,1,45,0,0,-0.038422107696533,-0.1033935546875,0.0,-0.07,-0.038422107696533,-0.0333935546875,167.32846069336,126.41105651855,38.414306640625,0.32716339826584,true,false,false,false,11,-8,0.0,0.0
6640,SAMPLE,ALIGNING,true,1,45,0,0,-0.038661479949951,-0.10315370559692,0.0,-0.07,-0.038661479949951,-0.033153705596924,167.37327575684,126.37422943115,38.649120330811,0.32916396856308,true,false,false,false,11,-8,-0.00023937225341797,0.00023984909057617
6641,SAMPLE,ALIGNING,true,1,45,0,0,-0.038661479949951,-0.10315370559692,0.0,-0.07,-0.038661479949951,-0.033153705596924,167.37327575684,126.37422943115,38.649120330811,0.32916396856308,true,false,false,false,11,-8,0.0,0.0
6642,SAMPLE,ALIGNING,true,1,45,0,0,-0.038661479949951,-0.10315370559692,0.0,-0.07,-0.038661479949951,-0.033153705596924,167.37327575684,126.37422943115,38.649120330811,0.32916396856308,true,false,false,false,11,-8,0.0,0.0
6643,SAMPLE,ALIGNING,true,1,45,0,0,-0.038997173309326,-0.10291385650635,0.0,-0.07,-0.038997173309326,-0.032913856506348,167.44059753418,126.32734680176,39.001789093018,0.33216971158981,true,false,false,false,11,-8,-0.000335693359375,0.00023984909057617
6644,SAMPLE,ALIGNING,true,1,45,0,0,-0.038997173309326,-0.10291385650635,0.0,-0.07,-0.038997173309326,-0.032913856506348,167.44059753418,126.32734680176,39.001789093018,0.33216971158981,true,false,false,false,11,-8,0.0,0.0
6645,SAMPLE,ALIGNING,true,1,45,0,0,-0.038997173309326,-0.10291385650635,0.0,-0.07,-0.038997173309326,-0.032913856506348,167.44059753418,126.32734680176,39.001789093018,0.33216971158981,true,false,false,false,11,-8,0.0,0.0
6646,SAMPLE,ALIGNING,true,1,45,0,0,-0.0394287109375,-0.10281848907471,0.0,-0.07,-0.0394287109375,-0.032818489074707,167.5196685791,126.30469512939,39.415775299072,0.33569982647896,true,false,false,false,11,-8,-0.00043153762817383,9.5367431640625e-05
6647,SAMPLE,ALIGNING,true,1,45,0,0,-0.0394287109375,-0.10281848907471,0.0,-0.07,-0.0394287109375,-0.032818489074707,167.5196685791,126.30469512939,39.415775299072,0.33569982647896,true,false,false,false,11,-8,0.0,0.0
6648,SAMPLE,ALIGNING,true,1,45,0,0,-0.0394287109375,-0.10281848907471,0.0,-0.07,-0.0394287109375,-0.032818489074707,167.5196685791,126.30469512939,39.415775299072,0.33569982647896,true,false,false,false,11,-8,0.0,0.0
6649,SAMPLE,ALIGNING,true,1,45,0,0,-0.039764404296875,-0.10272216796875,0.0,-0.07,-0.039764404296875,-0.03272216796875,167.59133911133,126.29230499268,39.790943145752,0.33889934420586,true,false,false,false,11,-8,-0.000335693359375,9.6321105957031e-05
6650,SAMPLE,ALIGNING,true,1,45,0,0,-0.039764404296875,-0.10272216796875,0.0,-0.07,-0.039764404296875,-0.03272216796875,167.59133911133,126.29230499268,39.790943145752,0.33889934420586,true,false,false,false,11,-8,0.0,0.0
6651,SAMPLE,ALIGNING,true,1,45,0,0,-0.039764404296875,-0.10272216796875,0.0,-0.07,-0.039764404296875,-0.03272216796875,167.59133911133,126.29230499268,39.790943145752,0.33889934420586,true,false,false,false,11,-8,0.0,0.0
6652,SAMPLE,ALIGNING,true,1,45,0,0,-0.04014778137207,-0.10281848907471,0.0,-0.07,-0.04014778137207,-0.032818489074707,167.65823364258,126.3111114502,40.140884399414,0.34188580513,true,false,false,false,11,-8,-0.00038337707519531,-9.6321105957031e-05
6653,SAMPLE,ALIGNING,true,1,45,0,0,-0.04014778137207,-0.10281848907471,0.0,-0.07,-0.04014778137207,-0.032818489074707,167.65823364258,126.3111114502,40.140884399414,0.34188580513,true,false,false,false,11,-8,0.0,0.0
6654,SAMPLE,ALIGNING,true,1,45,0,0,-0.04014778137207,-0.10281848907471,0.0,-0.07,-0.04014778137207,-0.032818489074707,167.65823364258,126.3111114502,40.140884399414,0.34188580513,true,false,false,false,11,-8,0.0,0.0
6655,SAMPLE,ALIGNING,true,1,45,0,0,-0.040435314178467,-0.10277032852173,0.0,-0.07,-0.040435314178467,-0.032770328521729,167.7201385498,126.29782104492,40.464923858643,0.34464901685715,true,false,false,false,11,-8,-0.00028753280639648,4.8160552978516e-05
6656,SAMPLE,ALIGNING,true,1,45,0,0,-0.040435314178467,-0.10277032852173,0.0,-0.07,-0.040435314178467,-0.032770328521729,167.7201385498,126.29782104492,40.464923858643,0.34464901685715,true,false,false,false,11,-8,0.0,0.0
6657,SAMPLE,ALIGNING,true,1,45,0,0,-0.040435314178467,-0.10277032852173,0.0,-0.07,-0.040435314178467,-0.032770328521729,167.7201385498,126.29782104492,40.464923858643,0.34464901685715,true,false,false,false,11,-8,0.0,0.0
6658,SAMPLE,ALIGNING,true,1,45,0,0,-0.040675163269043,-0.10262680053711,0.0,-0.07,-0.040675163269043,-0.032626800537109,167.76617431641,126.27454376221,40.705986022949,0.34670439362526,true,false,false,false,11,-8,-0.00023984909057617,0.00014352798461914
6659,SAMPLE,ALIGNING,true,1,45,0,0,-0.040675163269043,-0.10262680053711,0.0,-0.07,-0.040675163269043,-0.032626800537109,167.76617431641,126.27454376221,40.705986022949,0.34670439362526,true,false,false,false,11,-8,0.0,0.0
6660,SAMPLE,ALIGNING,true,1,45,0,0,-0.040675163269043,-0.10262680053711,0.0,-0.07,-0.040675163269043,-0.032626800537109,167.76617431641,126.27454376221,40.705986022949,0.34670439362526,true,false,false,false,11,-8,0.0,0.0
6661,SAMPLE,ALIGNING,true,1,45,0,0,-0.041058540344238,-0.10257863998413,0.0,-0.07,-0.041058540344238,-0.032578639984131,167.83178710938,126.26336669922,41.049392700195,0.34963312745094,true,false,false,false,11,-8,-0.00038337707519531,4.8160552978516e-05
6662,SAMPLE,ALIGNING,true,1,45,0,0,-0.041058540344238,-0.10257863998413,0.0,-0.07,-0.041058540344238,-0.032578639984131,167.83178710938,126.26336669922,41.049392700195,0.34963312745094,true,false,false,false,11,-8,0.0,0.0
6663,SAMPLE,ALIGNING,true,1,45,0,0,-0.041058540344238,-0.10257863998413,0.0,-0.07,-0.041058540344238,-0.032578639984131,167.83178710938,126.26336669922,41.049392700195,0.34963312745094,true,false,false,false,11,-8,0.0,0.0
6664,SAMPLE,ALIGNING,true,1,45,0,0,-0.041394233703613,-0.10253047943115,0.0,-0.07,-0.041394233703613,-0.032530479431152,167.8956451416,126.25930786133,41.383556365967,0.35248389840126,true,false,false,false,12,-8,-0.000335693359375,4.8160552978516e-05
6665,SAMPLE,ALIGNING,true,1,45,0,0,-0.041394233703613,-0.10253047943115,0.0,-0.07,-0.041394233703613,-0.032530479431152,167.8956451416,126.25930786133,41.383556365967,0.35248389840126,true,false,false,false,12,-8,0.0,0.0
6666,SAMPLE,ALIGNING,true,1,45,0,0,-0.041394233703613,-0.10253047943115,0.0,-0.07,-0.041394233703613,-0.032530479431152,167.8956451416,126.25930786133,41.383556365967,0.35248389840126,true,false,false,false,12,-8,0.0,0.0
6667,SAMPLE,ALIGNING,true,1,45,0,0,-0.041777610778809,-0.10262680053711,0.0,-0.07,-0.041777610778809,-0.032626800537109,167.97717285156,126.27114868164,41.810035705566,0.35612368583679,true,false,false,false,12,-8,-0.00038337707519531,-9.6321105957031e-05
6668,SAMPLE,ALIGNING,true,1,45,0,0,-0.041777610778809,-0.10262680053711,0.0,-0.07,-0.041777610778809,-0.032626800537109,167.97717285156,126.27114868164,41.810035705566,0.35612368583679,true,false,false,false,12,-8,0.0,0.0
6669,SAMPLE,ALIGNING,true,1,45,0,0,-0.041777610778809,-0.10262680053711,0.0,-0.07,-0.041777610778809,-0.032626800537109,167.97717285156,126.27114868164,41.810035705566,0.35612368583679,true,false,false,false,12,-8,0.0,0.0
6670,SAMPLE,ALIGNING,true,1,45,0,0,-0.042160987854004,-0.10272216796875,0.0,-0.07,-0.042160987854004,-0.03272216796875,168.04153442383,126.28839111328,42.146656036377,0.35899722576141,true,false,false,false,12,-8,-0.00038337707519531,-9.5367431640625e-05
6671,SAMPLE,ALIGNING,true,1,45,0,0,-0.042160987854004,-0.10272216796875,0.0,-0.07,-0.042160987854004,-0.03272216796875,168.04153442383,126.28839111328,42.146656036377,0.35899722576141,true,false,false,false,12,-8,0.0,0.0
6672,SAMPLE,ALIGNING,true,1,45,0,0,-0.042160987854004,-0.10272216796875,0.0,-0.07,-0.042160987854004,-0.03272216796875,168.04153442383,126.28839111328,42.146656036377,0.35899722576141,true,false,false,false,12,-8,0.0,0.0
6673,SAMPLE,ALIGNING,true,1,45,0,0,-0.04240083694458,-0.10281848907471,0.0,-0.07,-0.04240083694458,-0.032818489074707,168.08909606934,126.30262756348,42.395374298096,0.36112058162689,true,false,false,false,12,-8,-0.00023984909057617,-9.6321105957031e-05
6674,SAMPLE,ALIGNING,true,1,45,0,0,-0.04240083694458,-0.10281848907471,0.0,-0.07,-0.04240083694458,-0.032818489074707,168.08909606934,126.30262756348,42.395374298096,0.36112058162689,true,false,false,false,12,-8,0.0,0.0
6675,SAMPLE,ALIGNING,true,1,45,0,0,-0.04240083694458,-0.10281848907471,0.0,-0.07,-0.04240083694458,-0.032818489074707,168.08909606934,126.30262756348,42.395374298096,0.36112058162689,true,false,false,false,12,-8,0.0,0.0
6676,SAMPLE,ALIGNING,true,1,45,0,0,-0.042640686035156,-0.10286617279053,0.0,-0.07,-0.042640686035156,-0.032866172790527,168.13542175293,126.3235244751,42.637580871582,0.36318826675415,true,false,false,false,12,-8,-0.00023984909057617,-4.7683715820313e-05
6677,SAMPLE,ALIGNING,true,1,45,0,0,-0.042640686035156,-0.10286617279053,0.0,-0.07,-0.042640686035156,-0.032866172790527,168.13542175293,126.3235244751,42.637580871582,0.36318826675415,true,false,false,false,12,-8,0.0,0.0
6678,SAMPLE,ALIGNING,true,1,45,0,0,-0.042640686035156,-0.10286617279053,0.0,-0.07,-0.042640686035156,-0.032866172790527,168.13542175293,126.3235244751,42.637580871582,0.36318826675415,true,false,false,false,12,-8,0.0,0.0
6679,SAMPLE,ALIGNING,true,1,45,0,0,-0.042832374572754,-0.10296201705933,0.0,-0.07,-0.042832374572754,-0.032962017059326,168.17164611816,126.34098815918,42.826953887939,0.36480587720871,true,false,false,false,12,-8,-0.00019168853759766,-9.5844268798828e-05
6680,SAMPLE,ALIGNING,true,1,45,0,0,-0.042832374572754,-0.10296201705933,0.0,-0.07,-0.042832374572754,-0.032962017059326,168.17164611816,126.34098815918,42.826953887939,0.36480587720871,true,false,false,false,12,-8,0.0,0.0
6681,SAMPLE,ALIGNING,true,1,45,0,0,-0.042832374572754,-0.10296201705933,0.0,-0.07,-0.042832374572754,-0.032962017059326,168.17164611816,126.34098815918,42.826953887939,0.36480587720871,true,false,false,false,12,-8,0.0,0.0
6682,SAMPLE,ALIGNING,true,1,45,0,0,-0.04307222366333,-0.10305786132813,0.0,-0.07,-0.04307222366333,-0.033057861328125,168.21235656738,126.35562133789,43.039810180664,0.36662316322327,true,false,false,false,12,-8,-0.00023984909057617,-9.5844268798828e-05
6683,SAMPLE,ALIGNING,true,1,45,0,0,-0.04307222366333,-0.10305786132813,0.0,-0.07,-0.04307222366333,-0.033057861328125,168.21235656738,126.35562133789,43.039810180664,0.36662316322327,true,false,false,false,12,-8,0.0,0.0
6684,SAMPLE,ALIGNING,true,1,45,0,0,-0.04307222366333,-0.10305786132813,0.0,-0.07,-0.04307222366333,-0.033057861328125,168.21235656738,126.35562133789,43.039810180664,0.36662316322327,true,false,false,false,12,-8,0.0,0.0
6685,SAMPLE,ALIGNING,true,1,45,0,0,-0.043215751647949,-0.1032018661499,0.0,-0.07,-0.043215751647949,-0.033201866149902,168.2465057373,126.38227844238,43.218242645264,0.36814752221107,true,false,false,false,12,-8,-0.00014352798461914,-0.00014400482177734
6686,SAMPLE,ALIGNING,true,1,45,0,0,-0.043215751647949,-0.1032018661499,0.0,-0.07,-0.043215751647949,-0.033201866149902,168.2465057373,126.38227844238,43.218242645264,0.36814752221107,true,false,false,false,12,-8,0.0,0.0
6687,SAMPLE,ALIGNING,true,1,45,0,0,-0.043215751647949,-0.1032018661499,0.0,-0.07,-0.043215751647949,-0.033201866149902,168.2465057373,126.38227844238,43.218242645264,0.36814752221107,true,false,false,false,12,-8,0.0,0.0
6688,SAMPLE,ALIGNING,true,1,45,0,0,-0.043455600738525,-0.1033935546875,0.0,-0.07,-0.043455600738525,-0.0333935546875,168.29034423828,126.41669464111,43.447296142578,0.37010473012924,true,false,false,false,12,-8,-0.00023984909057617,-0.00019168853759766
6689,SAMPLE,ALIGNING,true,1,45,0,0,-0.043455600738525,-0.1033935546875,0.0,-0.07,-0.043455600738525,-0.0333935546875,168.29034423828,126.41669464111,43.447296142578,0.37010473012924,true,false,false,false,12,-8,0.0,0.0
6690,SAMPLE,ALIGNING,true,1,45,0,0,-0.043455600738525,-0.1033935546875,0.0,-0.07,-0.043455600738525,-0.0333935546875,168.29034423828,126.41669464111,43.447296142578,0.37010473012924,true,false,false,false,12,-8,0.0,0.0
6691,SAMPLE,ALIGNING,true,1,45,0,0,-0.043599605560303,-0.10353755950928,0.0,-0.07,-0.043599605560303,-0.033537559509277,168.32023620605,126.44361877441,43.603443145752,0.37143889069557,true,false,false,false,12,-8,-0.00014400482177734,-0.00014400482177734
6692,SAMPLE,ALIGNING,true,1,45,0,0,-0.043599605560303,-0.10353755950928,0.0,-0.07,-0.043599605560303,-0.033537559509277,168.32023620605,126.44361877441,43.603443145752,0.37143889069557,true,false,false,false,12,-8,0.0,0.0
6693,SAMPLE,ALIGNING,true,1,45,0,0,-0.043599605560303,-0.10353755950928,0.0,-0.07,-0.043599605560303,-0.033537559509277,168.32023620605,126.44361877441,43.603443145752,0.37143889069557,true,false,false,false,12,-8,0.0,0.0
6694,SAMPLE,ALIGNING,true,1,45,0,0,-0.043599605560303,-0.10353755950928,0.0,-0.07,-0.043599605560303,-0.033537559509277,168.32023620605,126.44361877441,43.603443145752,0.37143889069557,true,false,false,false,12,-8,0.0,0.0
6695,SAMPLE,ALIGNING,true,1,45,0,0,-0.043743133544922,-0.10363292694092,0.0,-0.07,-0.043743133544922,-0.033632926940918,168.34523010254,126.465965271,43.734008789063,0.37255522608757,true,false,false,false,12,-8,-0.00014352798461914,-9.5367431640625e-05
6696,SAMPLE,ALIGNING,true,1,45,0,0,-0.043743133544922,-0.10363292694092,0.0,-0.07,-0.043743133544922,-0.033632926940918,168.34523010254,126.465965271,43.734008789063,0.37255522608757,true,false,false,false,12,-8,0.0,0.0
6697,SAMPLE,ALIGNING,true,1,45,0,0,-0.043982982635498,-0.10372924804688,0.0,-0.07,-0.043982982635498,-0.033729248046875,168.38888549805,126.48208618164,43.962223052979,0.37450361251831,true,false,false,false,12,-8,-0.00023984909057617,-9.6321105957031e-05
6698,SAMPLE,ALIGNING,true,1,45,0,0,-0.043982982635498,-0.10372924804688,0.0,-0.07,-0.043982982635498,-0.033729248046875,168.38888549805,126.48208618164,43.962223052979,0.37450361251831,true,false,false,false,12,-8,0.0,0.0
6699,SAMPLE,ALIGNING,true,1,45,0,0,-0.043982982635498,-0.10372924804688,0.0,-0.07,-0.043982982635498,-0.033729248046875,168.38888549805,126.48208618164,43.962223052979,0.37450361251831,true,false,false,false,12,-8,0.0,0.0
6700,SAMPLE,ALIGNING,true,1,45,0,0,-0.043982982635498,-0.10372924804688,0.0,-0.07,-0.043982982635498,-0.033729248046875,168.38888549805,126.48208618164,43.962223052979,0.37450361251831,true,false,false,false,12,-8,0.0,0.0
6701,SAMPLE,ALIGNING,true,1,45,0,0,-0.044174671173096,-0.10382509231567,0.0,-0.07,-0.044174671173096,-0.033825092315674,168.42500305176,126.50177001953,44.150974273682,0.37611603736877,true,false,false,false,12,-8,-0.00019168853759766,-9.5844268798828e-05
6702,SAMPLE,ALIGNING,true,1,45,0,0,-0.044174671173096,-0.10382509231567,0.0,-0.07,-0.044174671173096,-0.033825092315674,168.42500305176,126.50177001953,44.150974273682,0.37611603736877,true,false,false,false,12,-8,0.0,0.0
6703,SAMPLE,ALIGNING,true,1,45,0,0,-0.044174671173096,-0.10382509231567,0.0,-0.07,-0.044174671173096,-0.033825092315674,168.4476776123,126.51881408691,44.269428253174,0.37712860107422,true,false,false,false,12,-8,0.0,0.0
6704,SAMPLE,ALIGNING,true,1,45,0,0,-0.044270515441895,-0.10392093658447,0.0,-0.07,-0.044270515441895,-0.033920936584473,168.4476776123,126.51881408691,44.269428253174,0.37712860107422,true,false,false,false,12,-8,-9.5844268798828e-05,-9.5844268798828e-05
6705,SAMPLE,ALIGNING,true,1,45,0,0,-0.044270515441895,-0.10392093658447,0.0,-0.07,-0.044270515441895,-0.033920936584473,168.4476776123,126.51881408691,44.269428253174,0.37712860107422,true,false,false,false,12,-8,0.0,0.0
6706,SAMPLE,ALIGNING,true,1,45,0,0,-0.044318199157715,-0.10406446456909,0.0,-0.07,-0.044318199157715,-0.034064464569092,168.46206665039,126.54173278809,44.344505310059,0.37777110934258,true,false,false,false,12,-8,-4.7683715820313e-05,-0.00014352798461914
6707,SAMPLE,ALIGNING,true,1,45,0,0,-0.044318199157715,-0.10406446456909,0.0,-0.07,-0.044318199157715,-0.034064464569092,168.46206665039,126.54173278809,44.344505310059,0.37777110934258,true,false,false,false,12,-8,0.0,0.0
6708,SAMPLE,ALIGNING,true,1,45,0,0,-0.044318199157715,-0.10406446456909,0.0,-0.07,-0.044318199157715,-0.034064464569092,168.46206665039,126.54173278809,44.344505310059,0.37777110934258,true,false,false,false,12,-8,0.0,0.0
6709,SAMPLE,ALIGNING,true,1,45,0,0,-0.044318199157715,-0.10406446456909,0.0,-0.07,-0.044318199157715,-0.034064464569092,168.47651672363,126.56359100342,44.419902801514,0.3784162402153,true,false,false,false,12,-8,0.0,0.0
6710,SAMPLE,ALIGNING,true,1,45,0,0,-0.044414043426514,-0.10416030883789,0.0,-0.07,-0.044414043426514,-0.034160308837891,168.47651672363,126.56359100342,44.419902801514,0.3784162402153,true,false,false,false,12,-9,-9.5844268798828e-05,-9.5844268798828e-05
6711,SAMPLE,ALIGNING,true,1,45,0,0,-0.044414043426514,-0.10416030883789,0.0,-0.07,-0.044414043426514,-0.034160308837891,168.47651672363,126.56359100342,44.419902801514,0.3784162402153,true,false,false,false,12,-9,0.0,0.0
6712,SAMPLE,ALIGNING,true,1,45,0,0,-0.044414043426514,-0.10416030883789,0.0,-0.07,-0.044414043426514,-0.034160308837891,168.47651672363,126.56359100342,44.419902801514,0.3784162402153,true,false,false,false,12,-9,0.0,0.0
6713,SAMPLE,ALIGNING,true,1,45,0,0,-0.044078826904297,-0.1033935546875,0.0,-0.07,-0.044078826904297,-0.0333935546875,168.41552734375,126.41331481934,44.102104187012,0.37569290399551,true,false,false,false,12,-8,0.0003352165222168,0.00076675415039063
6714,SAMPLE,ALIGNING,true,1,45,0,0,-0.044078826904297,-0.1033935546875,0.0,-0.07,-0.044078826904297,-0.0333935546875,168.41552734375,126.41331481934,44.102104187012,0.37569290399551,true,false,false,false,12,-8,0.0,0.0
6715,SAMPLE,ALIGNING,true,1,45,0,0,-0.044078826904297,-0.1033935546875,0.0,-0.07,-0.044078826904297,-0.0333935546875,168.41552734375,126.41331481934,44.102104187012,0.37569290399551,true,false,false,false,12,-8,0.0,0.0
6716,SAMPLE,ALIGNING,true,1,45,0,0,-0.043503284454346,-0.10118865966797,0.0,-0.07,-0.043503284454346,-0.031188659667969,168.30368041992,125.99421691895,43.520191192627,0.37069997191429,true,false,false,false,12,-8,0.00057554244995117,0.0022048950195313
6717,SAMPLE,ALIGNING,true,1,45,0,0,-0.043503284454346,-0.10118865966797,0.0,-0.07,-0.043503284454346,-0.031188659667969,168.30368041992,125.99421691895,43.520191192627,0.37069997191429,true,false,false,false,12,-8,0.0,0.0
6718,SAMPLE,ALIGNING,true,1,45,0,0,-0.043503284454346,-0.10118865966797,0.0,-0.07,-0.043503284454346,-0.031188659667969,168.30368041992,125.99421691895,43.520191192627,0.37069997191429,true,false,false,false,12,-8,0.0,0.0
6719,SAMPLE,ALIGNING,true,1,45,0,0,-0.043215751647949,-0.098599910736084,0.0,-0.07,-0.043215751647949,-0.028599910736084,168.24871826172,125.50208282471,43.236026763916,0.36824622750282,true,false,true,false,12,-7,0.00028753280639648,0.0025887489318848
6720,SAMPLE,ALIGNING,true,1,45,0,0,-0.043215751647949,-0.098599910736084,0.0,-0.07,-0.043215751647949,-0.028599910736084,168.24871826172,125.50208282471,43.236026763916,0.36824622750282,true,false,true,false,12,-7,0.0,0.0
6721,SAMPLE,ALIGNING,true,1,45,0,0,-0.043215751647949,-0.098599910736084,0.0,-0.07,-0.043215751647949,-0.028599910736084,168.24871826172,125.50208282471,43.236026763916,0.36824622750282,true,false,true,false,12,-7,0.0,0.0
6722,SAMPLE,ALIGNING,true,1,45,0,0,-0.043359756469727,-0.095531463623047,0.0,-0.07,-0.043359756469727,-0.025531463623047,168.27062988281,124.91413116455,43.354312896729,0.36922481656075,true,false,true,false,12,-7,-0.00014400482177734,0.0030684471130371
6723,SAMPLE,ALIGNING,true,1,45,0,0,-0.043359756469727,-0.095531463623047,0.0,-0.07,-0.043359756469727,-0.025531463623047,168.27062988281,124.91413116455,43.354312896729,0.36922481656075,true,false,true,false,12,-7,0.0,0.0
6724,SAMPLE,ALIGNING,true,1,45,0,0,-0.043359756469727,-0.095531463623047,0.0,-0.07,-0.043359756469727,-0.025531463623047,168.27062988281,124.91413116455,43.354312896729,0.36922481656075,true,false,true,false,12,-7,0.0,0.0
6725,SAMPLE,ALIGNING,true,1,45,0,0,-0.04393482208252,-0.091840744018555,0.0,-0.07,-0.04393482208252,-0.021840744018555,168.38496398926,124.22035217285,43.956321716309,0.37432897090912,true,false,true,false,12,-6,-0.00057506561279297,0.0036907196044922
6726,SAMPLE,ALIGNING,true,1,45,0,0,-0.04393482208252,-0.091840744018555,0.0,-0.07,-0.04393482208252,-0.021840744018555,168.38496398926,124.22035217285,43.956321716309,0.37432897090912,true,false,true,false,12,-6,0.0,0.0
6727,SAMPLE,ALIGNING,true,1,45,0,0,-0.04393482208252,-0.091840744018555,0.0,-0.07,-0.04393482208252,-0.021840744018555,168.38496398926,124.22035217285,43.956321716309,0.37432897090912,true,false,true,false,12,-6,0.0,0.0
6728,SAMPLE,ALIGNING,true,1,45,0,0,-0.04393482208252,-0.091840744018555,0.0,-0.07,-0.04393482208252,-0.021840744018555,168.38496398926,124.22035217285,43.956321716309,0.37432897090912,true,false,true,false,12,-6,0.0,0.0
6729,SAMPLE,ALIGNING,true,1,45,0,0,-0.044510364532471,-0.088149070739746,0.0,-0.07,-0.044510364532471,-0.018149070739746,168.49514770508,123.51142120361,44.536151885986,0.37924739718437,true,false,true,false,12,-5,-0.00057554244995117,0.0036916732788086
6730,SAMPLE,ALIGNING,true,1,45,0,0,-0.044510364532471,-0.088149070739746,0.0,-0.07,-0.044510364532471,-0.018149070739746,168.49514770508,123.51142120361,44.536151885986,0.37924739718437,true,false,true,false,12,-5,0.0,0.0
6731,SAMPLE,ALIGNING,true,1,45,0,0,-0.044510364532471,-0.088149070739746,0.0,-0.07,-0.044510364532471,-0.018149070739746,168.49514770508,123.51142120361,44.536151885986,0.37924739718437,true,false,true,false,12,-5,0.0,0.0
6732,SAMPLE,ALIGNING,true,1,45,0,0,-0.044845581054688,-0.084794044494629,0.0,-0.07,-0.044845581054688,-0.014794044494629,168.56178283691,122.87187957764,44.887302398682,0.38222271203995,true,false,true,false,13,-5,-0.0003352165222168,0.0033550262451172
6733,SAMPLE,ALIGNING,true,1,45,0,0,-0.044845581054688,-0.084794044494629,0.0,-0.07,-0.044845581054688,-0.014794044494629,168.56178283691,122.87187957764,44.887302398682,0.38222271203995,true,false,true,false,13,-5,0.0,0.0
6734,SAMPLE,ALIGNING,true,1,45,0,0,-0.044845581054688,-0.084794044494629,0.0,-0.07,-0.044845581054688,-0.014794044494629,168.56178283691,122.87187957764,44.887302398682,0.38222271203995,true,false,true,false,13,-5,0.0,0.0
6735,SAMPLE,ALIGNING,true,1,45,0,0,-0.044797897338867,-0.082157135009766,0.0,-0.07,-0.044797897338867,-0.012157135009766,168.54942321777,122.36877441406,44.824264526367,0.38167068362236,true,false,true,false,13,-5,4.7683715820313e-05,0.0026369094848633
6736,SAMPLE,ALIGNING,true,1,45,0,0,-0.044797897338867,-0.082157135009766,0.0,-0.07,-0.044797897338867,-0.012157135009766,168.54942321777,122.36877441406,44.824264526367,0.38167068362236,true,false,true,false,13,-5,0.0,0.0
6737,SAMPLE,ALIGNING,true,1,45,0,0,-0.044797897338867,-0.082157135009766,0.0,-0.07,-0.044797897338867,-0.012157135009766,168.54942321777,122.36877441406,44.824264526367,0.38167068362236,true,false,true,false,13,-5,0.0,0.0
6738,SAMPLE,ALIGNING,true,1,45,0,0,-0.044318199157715,-0.080431461334229,0.0,-0.07,-0.044318199157715,-0.010431461334229,168.45288085938,122.04232025146,44.319972991943,0.37736067175865,true,false,true,false,12,-5,0.00047969818115234,0.0017256736755371
6739,SAMPLE,ALIGNING,true,1,45,0,0,-0.044318199157715,-0.080431461334229,0.0,-0.07,-0.044318199157715,-0.010431461334229,168.45288085938,122.04232025146,44.319972991943,0.37736067175865,true,false,true,false,12,-5,0.0,0.0
6740,SAMPLE,ALIGNING,true,1,45,0,0,-0.044318199157715,-0.080431461334229,0.0,-0.07,-0.044318199157715,-0.010431461334229,168.45288085938,122.04232025146,44.319972991943,0.37736067175865,true,false,true,false,12,-5,0.0,0.0
6741,SAMPLE,ALIGNING,true,1,45,0,0,-0.043407440185547,-0.07966423034668,0.0,-0.07,-0.043407440185547,-0.0096642303466797,168.27883911133,121.89304351807,43.409530639648,0.36959084868431,true,false,true,false,12,-5,0.00091075897216797,0.00076723098754883
6742,SAMPLE,ALIGNING,true,1,45,0,0,-0.043407440185547,-0.07966423034668,0.0,-0.07,-0.043407440185547,-0.0096642303466797,168.27883911133,121.89304351807,43.409530639648,0.36959084868431,true,false,true,false,12,-5,0.0,0.0
6743,SAMPLE,ALIGNING,true,1,45,0,0,-0.043407440185547,-0.07966423034668,0.0,-0.07,-0.043407440185547,-0.0096642303466797,168.27883911133,121.89304351807,43.409530639648,0.36959084868431,true,false,true,false,12,-5,0.0,0.0
6744,SAMPLE,ALIGNING,true,1,45,0,0,-0.04240083694458,-0.079616546630859,0.0,-0.07,-0.04240083694458,-0.0096165466308594,168.09432983398,121.87637329102,42.443870544434,0.36135372519493,true,false,true,false,12,-5,0.0010066032409668,4.7683715820313e-05
6745,SAMPLE,ALIGNING,true,1,45,0,0,-0.04240083694458,-0.079616546630859,0.0,-0.07,-0.04240083694458,-0.0096165466308594,168.09432983398,121.87637329102,42.443870544434,0.36135372519493,true,false,true,false,12,-5,0.0,0.0
6746,SAMPLE,ALIGNING,true,1,45,0,0,-0.04240083694458,-0.079616546630859,0.0,-0.07,-0.04240083694458,-0.0096165466308594,168.09432983398,121.87637329102,42.443870544434,0.36135372519493,true,false,true,false,12,-5,0.0,0.0
6747,SAMPLE,ALIGNING,true,1,45,0,0,-0.040962696075439,-0.080191612243652,0.0,-0.07,-0.040962696075439,-0.010191612243652,167.81755065918,121.98622131348,40.994773864746,0.34899768233299,true,false,true,false,11,-5,0.0014381408691406,-0.00057506561279297
6748,SAMPLE,ALIGNING,true,1,45,0,0,-0.040962696075439,-0.080191612243652,0.0,-0.07,-0.040962696075439,-0.010191612243652,167.81755065918,121.98622131348,40.994773864746,0.34899768233299,true,false,true,false,11,-5,0.0,0.0
6749,SAMPLE,ALIGNING,true,1,45,0,0,-0.040962696075439,-0.080191612243652,0.0,-0.07,-0.040962696075439,-0.010191612243652,167.81755065918,121.98622131348,40.994773864746,0.34899768233299,true,false,true,false,11,-5,0.0,0.0
6750,SAMPLE,ALIGNING,true,1,45,0,0,-0.039332866668701,-0.081150531768799,0.0,-0.07,-0.039332866668701,-0.011150531768799,167.50335693359,122.17389678955,39.349338531494,0.33497098088264,true,false,true,false,11,-5,0.0016298294067383,-0.00095891952514648
6751,SAMPLE,ALIGNING,true,1,45,0,0,-0.039332866668701,-0.081150531768799,0.0,-0.07,-0.039332866668701,-0.011150531768799,167.50335693359,122.17389678955,39.349338531494,0.33497098088264,true,false,true,false,11,-5,0.0,0.0
6752,SAMPLE,ALIGNING,true,1,45,0,0,-0.039332866668701,-0.081150531768799,0.0,-0.07,-0.039332866668701,-0.011150531768799,167.50335693359,122.17389678955,39.349338531494,0.33497098088264,true,false,true,false,11,-5,0.0,0.0
6753,SAMPLE,ALIGNING,true,1,45,0,0,-0.039332866668701,-0.081150531768799,0.0,-0.07,-0.039332866668701,-0.011150531768799,167.50335693359,122.17389678955,39.349338531494,0.33497098088264,true,false,true,false,11,-5,0.0,0.0
6754,SAMPLE,ALIGNING,true,1,45,0,0,-0.037798881530762,-0.082109451293945,0.0,-0.07,-0.037798881530762,-0.012109451293945,167.22087097168,122.35818481445,37.869655609131,0.32236048579216,true,false,true,false,11,-5,0.0015339851379395,-0.00095891952514648
6755,SAMPLE,ALIGNING,true,1,45,0,0,-0.037798881530762,-0.082109451293945,0.0,-0.07,-0.037798881530762,-0.012109451293945,167.22087097168,122.35818481445,37.869655609131,0.32236048579216,true,false,true,false,11,-5,0.0,0.0
6756,SAMPLE,ALIGNING,true,1,45,0,0,-0.037798881530762,-0.082109451293945,0.0,-0.07,-0.037798881530762,-0.012109451293945,167.22087097168,122.35818481445,37.869655609131,0.32236048579216,true,false,true,false,11,-5,0.0,0.0
6757,SAMPLE,ALIGNING,true,1,45,0,0,-0.036312580108643,-0.083211898803711,0.0,-0.07,-0.036312580108643,-0.013211898803711,166.92657470703,122.56378173828,36.327800750732,0.30922219157219,true,false,true,false,10,-5,0.0014863014221191,-0.0011024475097656
6758,SAMPLE,ALIGNING,true,1,45,0,0,-0.036312580108643,-0.083211898803711,0.0,-0.07,-0.036312580108643,-0.013211898803711,166.92657470703,122.56378173828,36.327800750732,0.30922219157219,true,false,true,false,10,-5,0.0,0.0
6759,SAMPLE,ALIGNING,true,1,45,0,0,-0.036312580108643,-0.083211898803711,0.0,-0.07,-0.036312580108643,-0.013211898803711,166.92657470703,122.56378173828,36.327800750732,0.30922219157219,true,false,true,false,10,-5,0.0,0.0
6760,SAMPLE,ALIGNING,true,1,45,0,0,-0.034874439239502,-0.08402681350708,0.0,-0.07,-0.034874439239502,-0.01402681350708,166.65812683105,122.72261810303,34.92121887207,0.29723754525185,true,false,true,false,10,-5,0.0014381408691406,-0.00081491470336914
6761,SAMPLE,ALIGNING,true,1,45,0,0,-0.034874439239502,-0.08402681350708,0.0,-0.07,-0.034874439239502,-0.01402681350708,166.65812683105,122.72261810303,34.92121887207,0.29723754525185,true,false,true,false,10,-5,0.0,0.0
6762,SAMPLE,ALIGNING,true,1,45,0,0,-0.034874439239502,-0.08402681350708,0.0,-0.07,-0.034874439239502,-0.01402681350708,166.65812683105,122.72261810303,34.92121887207,0.29723754525185,true,false,true,false,10,-5,0.0,0.0
6763,SAMPLE,ALIGNING,true,1,45,0,0,-0.033388614654541,-0.08488941192627,0.0,-0.07,-0.033388614654541,-0.01488941192627,166.37063598633,122.88381195068,33.414661407471,0.28440341353416,true,false,true,false,9,-5,0.0014858245849609,-0.00086259841918945
6764,SAMPLE,ALIGNING,true,1,45,0,0,-0.033388614654541,-0.08488941192627,0.0,-0.07,-0.033388614654541,-0.01488941192627,166.37063598633,122.88381195068,33.414661407471,0.28440341353416,true,false,true,false,9,-5,0.0,0.0
6765,SAMPLE,ALIGNING,true,1,45,0,0,-0.033388614654541,-0.08488941192627,0.0,-0.07,-0.033388614654541,-0.01488941192627,166.37063598633,122.88381195068,33.414661407471,0.28440341353416,true,false,true,false,9,-5,0.0,0.0
6766,SAMPLE,ALIGNING,true,1,45,0,0,-0.032333850860596,-0.085033416748047,0.0,-0.07,-0.032333850860596,-0.015033416748047,166.17524719238,122.91491699219,32.390842437744,0.27568084001541,true,false,true,false,9,-5,0.0010547637939453,-0.00014400482177734
6767,SAMPLE,ALIGNING,true,1,45,0,0,-0.032333850860596,-0.085033416748047,0.0,-0.07,-0.032333850860596,-0.015033416748047,166.17524719238,122.91491699219,32.390842437744,0.27568084001541,true,false,true,false,9,-5,0.0,0.0
6768,SAMPLE,ALIGNING,true,1,45,0,0,-0.032333850860596,-0.085033416748047,0.0,-0.07,-0.032333850860596,-0.015033416748047,166.17524719238,122.91491699219,32.390842437744,0.27568084001541,true,false,true,false,9,-5,0.0,0.0
6769,SAMPLE,ALIGNING,true,1,45,0,0,-0.031518936157227,-0.083691120147705,0.0,-0.07,-0.031518936157227,-0.013691120147705,166.01693725586,122.65545654297,31.561925888062,0.26861336827278,true,false,true,false,9,-5,0.00081491470336914,0.0013422966003418
6770,SAMPLE,ALIGNING,true,1,45,0,0,-0.031518936157227,-0.083691120147705,0.0,-0.07,-0.031518936157227,-0.013691120147705,166.01693725586,122.65545654297,31.561925888062,0.26861336827278,true,false,true,false,9,-5,0.0,0.0
6771,SAMPLE,ALIGNING,true,1,45,0,0,-0.031518936157227,-0.083691120147705,0.0,-0.07,-0.031518936157227,-0.013691120147705,166.01693725586,122.65545654297,31.561925888062,0.26861336827278,true,false,true,false,9,-5,0.0,0.0
6772,SAMPLE,ALIGNING,true,1,45,0,0,-0.030799865722656,-0.081821441650391,0.0,-0.07,-0.030799865722656,-0.011821441650391,165.88090515137,122.30126190186,30.849802017212,0.26254034042358,true,false,true,false,9,-5,0.00071907043457031,0.0018696784973145
6773,SAMPLE,ALIGNING,true,1,45,0,0,-0.030799865722656,-0.081821441650391,0.0,-0.07,-0.030799865722656,-0.011821441650391,165.88090515137,122.30126190186,30.849802017212,0.26254034042358,true,false,true,false,9,-5,0.0,0.0
6774,SAMPLE,ALIGNING,true,1,45,0,0,-0.030799865722656,-0.081821441650391,0.0,-0.07,-0.030799865722656,-0.011821441650391,165.88090515137,122.30126190186,30.849802017212,0.26254034042358,true,false,true,false,9,-5,0.0,0.0
6775,SAMPLE,ALIGNING,true,1,45,0,0,-0.030128955841064,-0.078561782836914,0.0,-0.07,-0.030128955841064,-0.0085617828369141,165.7585144043,121.67729949951,30.209396362305,0.25707668066025,true,false,true,false,8,-5,0.0006709098815918,0.0032596588134766
6776,SAMPLE,ALIGNING,true,1,45,0,0,-0.030128955841064,-0.078561782836914,0.0,-0.07,-0.030128955841064,-0.0085617828369141,165.7585144043,121.67729949951,30.209396362305,0.25707668066025,true,false,true,false,8,-5,0.0,0.0
6777,SAMPLE,ALIGNING,true,1,45,0,0,-0.030128955841064,-0.078561782836914,0.0,-0.07,-0.030128955841064,-0.0085617828369141,165.7585144043,121.67729949951,30.209396362305,0.25707668066025,true,false,true,false,8,-5,0.0,0.0
6778,SAMPLE,ALIGNING,true,1,45,0,0,-0.029601573944092,-0.074103832244873,0.0,-0.07,-0.029601573944092,-0.004103832244873,165.65185546875,120.83135223389,29.651218414307,0.25231477618217,true,false,true,false,8,-5,0.00052738189697266,0.004457950592041
6779,SAMPLE,ALIGNING,true,1,45,0,0,-0.029601573944092,-0.074103832244873,0.0,-0.07,-0.029601573944092,-0.004103832244873,165.65185546875,120.83135223389,29.651218414307,0.25231477618217,true,false,true,false,8,-5,0.0,0.0
6780,SAMPLE,ALIGNING,true,1,45,0,0,-0.029601573944092,-0.074103832244873,0.0,-0.07,-0.029601573944092,-0.004103832244873,165.65185546875,120.83135223389,29.651218414307,0.25231477618217,true,false,true,false,8,-5,0.0,0.0
6781,SAMPLE,ALIGNING,true,1,45,0,0,-0.029649257659912,-0.069741286337376,0.0,-0.07,-0.029649257659912,0.00025871366262437,165.66401672363,119.9761428833,29.71524810791,0.25285810232162,true,false,true,false,8,4,-4.7683715820313e-05,0.0043625459074974
6782,SAMPLE,ALIGNING,true,1,45,0,0,-0.029649257659912,-0.069741286337376,0.0,-0.07,-0.029649257659912,0.00025871366262437,165.66401672363,119.9761428833,29.71524810791,0.25285810232162,true,false,true,false,8,4,0.0,0.0
6783,SAMPLE,ALIGNING,true,1,45,0,0,-0.029984951019287,-0.066769160330296,0.0,-0.07,-0.029984951019287,0.0032308396697044,165.72848510742,119.41000366211,30.053022384644,0.25573617219925,true,false,true,false,8,4,-0.000335693359375,0.0029721260070801
6784,SAMPLE,ALIGNING,true,1,45,0,0,-0.029984951019287,-0.066769160330296,0.0,-0.07,-0.029984951019287,0.0032308396697044,165.72848510742,119.41000366211,30.053022384644,0.25573617219925,true,false,true,false,8,4,0.0,0.0
6785,SAMPLE,ALIGNING,true,1,45,0,0,-0.030464649200439,-0.064084567129612,0.0,-0.07,-0.030464649200439,0.005915432870388,165.82196044922,118.89197540283,30.542589187622,0.25990867614746,true,false,true,false,9,4,-0.00047969818115234,0.0026845932006836
6786,SAMPLE,ALIGNING,true,1,45,0,0,-0.030464649200439,-0.064084567129612,0.0,-0.07,-0.030464649200439,0.005915432870388,165.82196044922,118.89197540283,30.542589187622,0.25990867614746,true,false,true,false,9,4,0.0,0.0
6787,SAMPLE,ALIGNING,true,1,45,0,0,-0.030464649200439,-0.064084567129612,0.0,-0.07,-0.030464649200439,0.005915432870388,165.82196044922,118.89197540283,30.542589187622,0.25990867614746,true,false,true,false,9,4,0.0,0.0
6788,SAMPLE,ALIGNING,true,1,45,0,0,-0.031614780426025,-0.060585178434849,0.0,-0.07,-0.031614780426025,0.0094148215651512,166.04039001465,118.22607421875,31.686529159546,0.26966047286987,true,false,true,false,9,4,-0.0011501312255859,0.0034993886947632
6789,SAMPLE,ALIGNING,true,1,45,0,0,-0.031614780426025,-0.060585178434849,0.0,-0.07,-0.031614780426025,0.0094148215651512,166.04039001465,118.22607421875,31.686529159546,0.26966047286987,true,false,true,false,9,4,0.0,0.0
6790,SAMPLE,ALIGNING,true,1,45,0,0,-0.033292770385742,-0.058140434324741,0.0,-0.07,-0.033292770385742,0.011859565675259,166.35768127441,117.76210784912,33.348308563232,0.28382530808449,true,false,true,false,9,4,-0.0016779899597168,0.0024447441101074
6791,SAMPLE,ALIGNING,true,1,45,0,0,-0.033292770385742,-0.058140434324741,0.0,-0.07,-0.033292770385742,0.011859565675259,166.35768127441,117.76210784912,33.348308563232,0.28382530808449,true,false,true,false,9,4,0.0,0.0
6792,SAMPLE,ALIGNING,true,1,45,0,0,-0.033292770385742,-0.058140434324741,0.0,-0.07,-0.033292770385742,0.011859565675259,166.35768127441,117.76210784912,33.348308563232,0.28382530808449,true,false,true,false,9,4,0.0,0.0
6793,SAMPLE,ALIGNING,true,1,45,0,0,-0.035258293151855,-0.05607894808054,0.0,-0.07,-0.035258293151855,0.01392105191946,166.72994995117,117.3645324707,35.297679901123,0.30044394731522,true,false,true,false,10,4,-0.0019655227661133,0.0020614862442017
6794,SAMPLE,ALIGNING,true,1,45,0,0,-0.035258293151855,-0.05607894808054,0.0,-0.07,-0.035258293151855,0.01392105191946,166.72994995117,117.3645324707,35.297679901123,0.30044394731522,true,false,true,false,10,4,0.0,0.0
6795,SAMPLE,ALIGNING,true,1,45,0,0,-0.036983966827393,-0.054209508001804,0.0,-0.07,-0.036983966827393,0.015790491998196,167.06146240234,117.01235198975,37.033084869385,0.31524419784546,true,false,true,false,10,4,-0.0017256736755371,0.0018694400787354
6796,SAMPLE,ALIGNING,true,1,45,0,0,-0.036983966827393,-0.054209508001804,0.0,-0.07,-0.036983966827393,0.015790491998196,167.06146240234,117.01235198975,37.033084869385,0.31524419784546,true,false,true,false,10,4,0.0,0.0
6797,SAMPLE,ALIGNING,true,1,45,0,0,-0.036983966827393,-0.054209508001804,0.0,-0.07,-0.036983966827393,0.015790491998196,167.06146240234,117.01235198975,37.033084869385,0.31524419784546,true,false,true,false,10,4,0.0,0.0
6798,SAMPLE,ALIGNING,true,1,45,0,0,-0.039668560028076,-0.052387870848179,0.0,-0.07,-0.039668560028076,0.017612129151821,167.57496643066,116.66857910156,39.720806121826,0.33816808462143,true,false,true,false,11,4,-0.0026845932006836,0.0018216371536255
6799,SAMPLE,ALIGNING,true,1,45,0,0,-0.039668560028076,-0.052387870848179,0.0,-0.07,-0.039668560028076,0.017612129151821,167.57496643066,116.66857910156,39.720806121826,0.33816808462143,true,false,true,false,11,4,0.0,0.0
6800,SAMPLE,ALIGNING,true,1,45,0,0,-0.041634082794189,-0.052100218832493,0.0,-0.07,-0.041634082794189,0.017899781167507,167.94389343262,116.6102142334,41.651847839355,0.35463806986809,true,false,true,false,12,4,-0.0019655227661133,0.00028765201568604
6801,SAMPLE,ALIGNING,true,1,45,0,0,-0.041634082794189,-0.052100218832493,0.0,-0.07,-0.041634082794189,0.017899781167507,167.94389343262,116.6102142334,41.651847839355,0.35463806986809,true,false,true,false,12,4,0.0,0.0
6802,SAMPLE,ALIGNING,true,1,45,0,0,-0.041634082794189,-0.052100218832493,0.0,-0.07,-0.041634082794189,0.017899781167507,167.94389343262,116.6102142334,41.651847839355,0.35463806986809,true,false,true,false,12,4,0.0,0.0
6803,SAMPLE,ALIGNING,true,1,45,0,0,-0.043647289276123,-0.052004374563694,0.0,-0.07,-0.043647289276123,0.017995625436306,168.32443237305,116.59143829346,43.64331817627,0.37162634730339,true,false,true,false,12,4,-0.0020132064819336,9.5844268798828e-05
6804,SAMPLE,ALIGNING,true,1,45,0,0,-0.043647289276123,-0.052004374563694,0.0,-0.07,-0.043647289276123,0.017995625436306,168.32443237305,116.59143829346,43.64331817627,0.37162634730339,true,false,true,false,12,4,0.0,0.0
6805,SAMPLE,ALIGNING,true,1,45,0,0,-0.044893741607666,-0.051716722548008,0.0,-0.07,-0.044893741607666,0.018283277451992,168.56567382813,116.53428649902,44.905345916748,0.38239654898643,true,false,true,false,13,4,-0.001246452331543,0.00028765201568604
6806,SAMPLE,ALIGNING,true,1,45,0,0,-0.044893741607666,-0.051716722548008,0.0,-0.07,-0.044893741607666,0.018283277451992,168.56567382813,116.53428649902,44.905345916748,0.38239654898643,true,false,true,false,13,4,0.0,0.0
6807,SAMPLE,ALIGNING,true,1,45,0,0,-0.044893741607666,-0.051716722548008,0.0,-0.07,-0.044893741607666,0.018283277451992,168.56567382813,116.53428649902,44.905345916748,0.38239654898643,true,false,true,false,13,4,0.0,0.0
6808,SAMPLE,ALIGNING,true,1,45,0,0,-0.04695463180542,-0.051620878279209,0.0,-0.07,-0.04695463180542,0.018379121720791,168.95788574219,116.5191192627,46.957000732422,0.39990586042404,true,false,true,false,13,4,-0.0020608901977539,9.5844268798828e-05
6809,SAMPLE,ALIGNING,true,1,45,0,0,-0.04695463180542,-0.051620878279209,0.0,-0.07,-0.04695463180542,0.018379121720791,168.95788574219,116.5191192627,46.957000732422,0.39990586042404,true,false,true,false,13,4,0.0,0.0
6810,SAMPLE,ALIGNING,true,1,45,0,0,-0.04829740524292,-0.050997652113438,0.0,-0.07,-0.04829740524292,0.019002347886562,169.21138000488,116.40084838867,48.282203674316,0.41122260689735,true,false,true,false,14,4,-0.0013427734375,0.00062322616577148
6811,SAMPLE,ALIGNING,true,1,45,0,0,-0.04829740524292,-0.050997652113438,0.0,-0.07,-0.04829740524292,0.019002347886562,169.21138000488,116.40084838867,48.282203674316,0.41122260689735,true,false,true,false,14,4,0.0,0.0
6812,SAMPLE,ALIGNING,true,1,45,0,0,-0.04829740524292,-0.050997652113438,0.0,-0.07,-0.04829740524292,0.019002347886562,169.21138000488,116.40084838867,48.282203674316,0.41122260689735,true,false,true,false,14,4,0.0,0.0
6813,SAMPLE,ALIGNING,true,1,45,0,0,-0.049639225006104,-0.049991048872471,0.0,-0.07,-0.049639225006104,0.020008951127529,169.47758483887,116.20747375488,49.673168182373,0.42310664057732,true,false,true,false,14,4,-0.0013418197631836,0.0010066032409668
6814,SAMPLE,ALIGNING,true,1,45,0,0,-0.049639225006104,-0.049991048872471,0.0,-0.07,-0.049639225006104,0.020008951127529,169.47758483887,116.20747375488,49.673168182373,0.42310664057732,true,false,true,false,14,4,0.0,0.0
6815,SAMPLE,ALIGNING,true,1,45,0,0,-0.052371978759766,-0.048265136778355,0.0,-0.07,-0.052371978759766,0.021734863221645,169.99479675293,115.87899780273,52.374820709229,0.44619655609131,true,false,true,false,15,5,-0.0027327537536621,0.0017259120941162
6816,SAMPLE,ALIGNING,true,1,45,0,0,-0.052371978759766,-0.048265136778355,0.0,-0.07,-0.052371978759766,0.021734863221645,169.99479675293,115.87899780273,52.374820709229,0.44619655609131,true,false,true,false,15,5,0.0,0.0
6817,SAMPLE,ALIGNING,true,1,45,0,0,-0.052371978759766,-0.048265136778355,0.0,-0.07,-0.052371978759766,0.021734863221645,169.99479675293,115.87899780273,52.374820709229,0.44619655609131,true,false,true,false,15,5,0.0,0.0
6818,SAMPLE,ALIGNING,true,1,45,0,0,-0.054337024688721,-0.047594107687473,0.0,-0.07,-0.054337024688721,0.022405892312527,170.37316894531,115.74385070801,54.350982666016,0.46308800578117,true,false,true,false,15,5,-0.0019650459289551,0.00067102909088135
6819,SAMPLE,ALIGNING,true,1,45,0,0,-0.054337024688721,-0.047594107687473,0.0,-0.07,-0.054337024688721,0.022405892312527,170.37316894531,115.74385070801,54.350982666016,0.46308800578117,true,false,true,false,15,5,0.0,0.0
6820,SAMPLE,ALIGNING,true,1,45,0,0,-0.057213306427002,-0.046922959387302,0.0,-0.07,-0.057213306427002,0.023077040612698,170.9225769043,115.62361907959,57.219635009766,0.48761543631554,true,false,true,false,16,5,-0.0028762817382813,0.0006711483001709
6821,SAMPLE,ALIGNING,true,1,45,0,0,-0.057213306427002,-0.046922959387302,0.0,-0.07,-0.057213306427002,0.023077040612698,170.9225769043,115.62361907959,57.219635009766,0.48761543631554,true,false,true,false,16,5,0.0,0.0
6822,SAMPLE,ALIGNING,true,1,45,0,0,-0.057213306427002,-0.046922959387302,0.0,-0.07,-0.057213306427002,0.023077040612698,170.9225769043,115.62361907959,57.219635009766,0.48761543631554,true,false,true,false,16,5,0.0,0.0
6823,SAMPLE,ALIGNING,true,1,45,0,0,-0.059754371643066,-0.046779073774815,0.0,-0.07,-0.059754371643066,0.023220926225185,171.40676879883,115.58634185791,59.747024536133,0.50923073291779,true,false,true,false,17,5,-0.0025410652160645,0.00014388561248779
6824,SAMPLE,ALIGNING,true,1,45,0,0,-0.059754371643066,-0.046779073774815,0.0,-0.07,-0.059754371643066,0.023220926225185,171.40676879883,115.58634185791,59.747024536133,0.50923073291779,true,false,true,false,17,5,0.0,0.0
6825,SAMPLE,ALIGNING,true,1,45,0,0,-0.06402063369751,-0.046539463102818,0.0,-0.07,-0.06402063369751,0.023460536897182,172.22134399414,115.54497528076,63.996429443359,0.54559552669525,true,false,true,false,18,5,-0.0042662620544434,0.00023961067199707
6826,SAMPLE,ALIGNING,true,1,45,0,0,-0.06402063369751,-0.046539463102818,0.0,-0.07,-0.06402063369751,0.023460536897182,172.22134399414,115.54497528076,63.996429443359,0.54559552669525,true,false,true,false,18,5,0.0,0.0
6827,SAMPLE,ALIGNING,true,1,45,0,0,-0.06402063369751,-0.046539463102818,0.0,-0.07,-0.06402063369751,0.023460536897182,172.22134399414,115.54497528076,63.996429443359,0.54559552669525,true,false,true,false,18,5,0.0,0.0
6828,SAMPLE,ALIGNING,true,1,45,0,0,-0.069533824920654,-0.046155966818333,0.0,-0.07,-0.069533824920654,0.023844033181667,173.27752685547,115.47521209717,69.500823974609,0.59274661540985,true,false,true,false,19,5,-0.0055131912231445,0.00038349628448486
6829,SAMPLE,ALIGNING,true,1,45,0,0,-0.069533824920654,-0.046155966818333,0.0,-0.07,-0.069533824920654,0.023844033181667,173.27752685547,115.47521209717,69.500823974609,0.59274661540985,true,false,true,false,19,5,0.0,0.0
6830,SAMPLE,ALIGNING,true,1,45,0,0,-0.073176860809326,-0.0471146479249,0.0,-0.07,-0.073176860809326,0.0228853520751,173.97145080566,115.64580535889,73.115730285645,0.62372559309006,true,false,true,false,20,5,-0.0036430358886719,-0.00095868110656738
6831,SAMPLE,ALIGNING,true,1,45,0,0,-0.073176860809326,-0.0471146479249,0.0,-0.07,-0.073176860809326,0.0228853520751,173.97145080566,115.64580535889,73.115730285645,0.62372559309006,true,false,true,false,20,5,0.0,0.0
6832,SAMPLE,ALIGNING,true,1,45,0,0,-0.073176860809326,-0.0471146479249,0.0,-0.07,-0.073176860809326,0.0228853520751,173.97145080566,115.64580535889,73.115730285645,0.62372559309006,true,false,true,false,20,5,0.0,0.0
6833,SAMPLE,ALIGNING,true,1,45,0,0,-0.077682971954346,-0.048504866659641,0.0,-0.07,-0.077682971954346,0.021495133340359,174.83340454102,115.91662597656,77.602569580078,0.66220593452454,true,false,true,false,22,5,-0.0045061111450195,-0.0013902187347412
6834,SAMPLE,ALIGNING,true,1,45,0,0,-0.077682971954346,-0.048504866659641,0.0,-0.07,-0.077682971954346,0.021495133340359,174.83340454102,115.91662597656,77.602569580078,0.66220593452454,true,false,true,false,22,5,0.0,0.0
6835,SAMPLE,ALIGNING,true,1,45,0,0,-0.077682971954346,-0.048504866659641,0.0,-0.07,-0.077682971954346,0.021495133340359,174.83340454102,115.91662597656,77.602569580078,0.66220593452454,true,false,true,false,22,5,0.0,0.0
6836,SAMPLE,ALIGNING,true,1,45,0,0,-0.08180570602417,-0.050518311560154,0.0,-0.07,-0.08180570602417,0.019481688439846,175.62771606445,116.29665374756,81.734352111816,0.69766587018967,true,false,true,false,23,4,-0.0041227340698242,-0.0020134449005127
6837,SAMPLE,ALIGNING,true,1,45,0,0,-0.08180570602417,-0.050518311560154,0.0,-0.07,-0.08180570602417,0.019481688439846,175.62771606445,116.29665374756,81.734352111816,0.69766587018967,true,false,true,false,23,4,0.0,0.0
6838,SAMPLE,ALIGNING,true,1,45,0,0,-0.084873676300049,-0.052723444998264,0.0,-0.07,-0.084873676300049,0.017276555001736,176.21562194824,116.71513366699,84.790832519531,0.72391152381897,true,false,true,false,24,4,-0.0030679702758789,-0.0022051334381104
6839,SAMPLE,ALIGNING,true,1,45,0,0,-0.084873676300049,-0.052723444998264,0.0,-0.07,-0.084873676300049,0.017276555001736,176.21562194824,116.71513366699,84.790832519531,0.72391152381897,true,false,true,false,24,4,0.0,0.0
6840,SAMPLE,ALIGNING,true,1,45,0,0,-0.084873676300049,-0.052723444998264,0.0,-0.07,-0.084873676300049,0.017276555001736,176.46453857422,117.04237365723,86.085235595703,0.73502403497696,true,false,true,false,24,4,0.0,0.0
6841,SAMPLE,ALIGNING,true,1,45,0,0,-0.086167812347412,-0.054401196539402,0.0,-0.07,-0.086167812347412,0.015598803460598,176.46453857422,117.04237365723,86.085235595703,0.73502403497696,true,false,true,false,24,4,-0.0012941360473633,-0.0016777515411377
6842,SAMPLE,ALIGNING,true,1,45,0,0,-0.086167812347412,-0.054401196539402,0.0,-0.07,-0.086167812347412,0.015598803460598,176.46453857422,117.04237365723,86.085235595703,0.73502403497696,true,false,true,false,24,4,0.0,0.0
6843,SAMPLE,ALIGNING,true,1,45,0,0,-0.088133335113525,-0.05679801851511,0.0,-0.07,-0.088133335113525,0.01320198148489,176.84436035156,117.49621582031,88.058898925781,0.75198036432266,true,false,true,false,25,4,-0.0019655227661133,-0.002396821975708
6844,SAMPLE,ALIGNING,true,1,45,0,0,-0.088133335113525,-0.05679801851511,0.0,-0.07,-0.088133335113525,0.01320198148489,176.84436035156,117.49621582031,88.058898925781,0.75198036432266,true,false,true,false,25,4,0.0,0.0
6845,SAMPLE,ALIGNING,true,1,45,0,0,-0.089379787445068,-0.058428086340427,0.0,-0.07,-0.089379787445068,0.011571913659573,177.0838470459,117.80684661865,89.302757263184,0.76267182826996,true,false,true,false,25,4,-0.001246452331543,-0.0016300678253174
6846,SAMPLE,ALIGNING,true,1,45,0,0,-0.089379787445068,-0.058428086340427,0.0,-0.07,-0.089379787445068,0.011571913659573,177.0838470459,117.80684661865,89.302757263184,0.76267182826996,true,false,true,false,25,4,0.0,0.0
6847,SAMPLE,ALIGNING,true,1,45,0,0,-0.089379787445068,-0.058428086340427,0.0,-0.07,-0.089379787445068,0.011571913659573,177.0838470459,117.80684661865,89.302757263184,0.76267182826996,true,false,true,false,25,4,0.0,0.0
6848,SAMPLE,ALIGNING,true,1,45,0,0,-0.0915846824646,-0.059434689581394,0.0,-0.07,-0.0915846824646,0.010565310418606,177.50152587891,118.00192260742,91.46907043457,0.78131783008575,true,false,true,false,26,4,-0.0022048950195313,-0.0010066032409668
6849,SAMPLE,ALIGNING,true,1,45,0,0,-0.0915846824646,-0.059434689581394,0.0,-0.07,-0.0915846824646,0.010565310418606,177.50152587891,118.00192260742,91.46907043457,0.78131783008575,true,false,true,false,26,4,0.0,0.0
6850,SAMPLE,ALIGNING,true,1,45,0,0,-0.093837738037109,-0.059914030134678,0.0,-0.07,-0.093837738037109,0.010085969865322,177.93984985352,118.09395599365,93.74047088623,0.80088603496552,true,false,true,false,26,4,-0.0022530555725098,-0.00047934055328369
6851,SAMPLE,ALIGNING,true,1,45,0,0,-0.093837738037109,-0.059914030134678,0.0,-0.07,-0.093837738037109,0.010085969865322,177.93984985352,118.09395599365,93.74047088623,0.80088603496552,true,false,true,false,26,4,0.0,0.0
6852,SAMPLE,ALIGNING,true,1,45,0,0,-0.093837738037109,-0.059914030134678,0.0,-0.07,-0.093837738037109,0.010085969865322,177.93984985352,118.09395599365,93.74047088623,0.80088603496552,true,false,true,false,26,4,0.0,0.0
6853,SAMPLE,ALIGNING,true,1,45,0,0,-0.095899105072021,-0.060824908316135,0.0,-0.07,-0.095899105072021,0.0091750916838646,178.33436584473,118.26893615723,95.784042358398,0.81849849224091,true,false,true,false,27,4,-0.0020613670349121,-0.00091087818145752
6854,SAMPLE,ALIGNING,true,1,45,0,0,-0.095899105072021,-0.060824908316135,0.0,-0.07,-0.095899105072021,0.0091750916838646,178.33436584473,118.26893615723,95.784042358398,0.81849849224091,true,false,true,false,27,4,0.0,0.0
6855,SAMPLE,ALIGNING,true,1,45,0,0,-0.095899105072021,-0.060824908316135,0.0,-0.07,-0.095899105072021,0.0091750916838646,178.68551635742,118.66317749023,97.602867126465,0.83417475223541,true,false,true,false,27,4,0.0,0.0
6856,SAMPLE,ALIGNING,true,1,45,0,0,-0.097720623016357,-0.062886156141758,0.0,-0.07,-0.097720623016357,0.007113843858242,178.68551635742,118.66317749023,97.602867126465,0.83417475223541,true,false,true,false,27,4,-0.0018215179443359,-0.0020612478256226
6857,SAMPLE,ALIGNING,true,1,45,0,0,-0.097720623016357,-0.062886156141758,0.0,-0.07,-0.097720623016357,0.007113843858242,178.68551635742,118.66317749023,97.602867126465,0.83417475223541,true,false,true,false,27,4,0.0,0.0
6858,SAMPLE,ALIGNING,true,1,45,0,0,-0.099302768707275,-0.065474905073643,0.0,-0.07,-0.099302768707275,0.0045250949263573,178.98902893066,119.15625,99.174217224121,0.84772437810898,true,false,true,false,28,4,-0.001582145690918,-0.0025887489318848
6859,SAMPLE,ALIGNING,true,1,45,0,0,-0.099302768707275,-0.065474905073643,0.0,-0.07,-0.099302768707275,0.0045250949263573,178.98902893066,119.15625,99.174217224121,0.84772437810898,true,false,true,false,28,4,0.0,0.0
6860,SAMPLE,ALIGNING,true,1,45,0,0,-0.099302768707275,-0.065474905073643,0.0,-0.07,-0.099302768707275,0.0045250949263573,179.17457580566,119.52864837646,100.13429260254,0.85600781440735,true,false,true,false,28,4,0.0,0.0
6861,SAMPLE,ALIGNING,true,1,45,0,0,-0.10026168823242,-0.067440308630466,0.0,-0.07,-0.10026168823242,0.0025596913695335,179.17457580566,119.52864837646,100.13429260254,0.85600781440735,true,false,true,false,28,4,-0.00095891952514648,-0.0019654035568237
6862,SAMPLE,ALIGNING,true,1,45,0,0,-0.10026168823242,-0.067440308630466,0.0,-0.07,-0.10026168823242,0.0025596913695335,179.17457580566,119.52864837646,100.13429260254,0.85600781440735,true,false,true,false,28,4,0.0,0.0
6863,SAMPLE,ALIGNING,true,1,45,0,0,-0.10112428665161,-0.069261945784092,0.0,-0.07,-0.10112428665161,0.00073805421590806,179.34452819824,119.88526153564,101.01308441162,0.86359494924545,true,false,true,false,28,4,-0.00086259841918945,-0.0018216371536255
6864,SAMPLE,ALIGNING,true,1,45,0,0,-0.10112428665161,-0.069261945784092,0.0,-0.07,-0.10112428665161,0.00073805421590806,179.34452819824,119.88526153564,101.01308441162,0.86359494924545,true,false,true,false,28,4,0.0,0.0
6865,SAMPLE,ALIGNING,true,1,45,0,0,-0.10198736190796,-0.070843696594238,0.0,-0.07,-0.10198736190796,-0.00084369659423827,179.50369262695,120.21439361572,101.83557891846,0.87070089578629,true,false,true,false,29,-5,-0.00086307525634766,-0.0015817508101463
6866,SAMPLE,ALIGNING,true,1,45,0,0,-0.10198736190796,-0.070843696594238,0.0,-0.07,-0.10198736190796,-0.00084369659423827,179.50369262695,120.21439361572,101.83557891846,0.87070089578629,true,false,true,false,29,-5,0.0,0.0
6867,SAMPLE,ALIGNING,true,1,45,0,0,-0.10198736190796,-0.070843696594238,0.0,-0.07,-0.10198736190796,-0.00084369659423827,179.50369262695,120.21439361572,101.83557891846,0.87070089578629,true,false,true,false,29,-5,0.0,0.0
6868,SAMPLE,ALIGNING,true,1,45,0,0,-0.10232305526733,-0.072617530822754,0.0,-0.07,-0.10232305526733,-0.0026175308227539,179.56585693359,120.5504989624,102.15642547607,0.87347573041916,true,false,true,false,29,-5,-0.000335693359375,-0.0017738342285156
6869,SAMPLE,ALIGNING,true,1,45,0,0,-0.10232305526733,-0.072617530822754,0.0,-0.07,-0.10232305526733,-0.0026175308227539,179.56585693359,120.5504989624,102.15642547607,0.87347573041916,true,false,true,false,29,-5,0.0,0.0
6870,SAMPLE,ALIGNING,true,1,45,0,0,-0.10251474380493,-0.075349807739258,0.0,-0.07,-0.10251474380493,-0.0053498077392578,179.60922241211,121.0701675415,102.37929534912,0.8754118680954,true,false,true,false,29,-5,-0.00019168853759766,-0.0027322769165039
6871,SAMPLE,ALIGNING,true,1,45,0,0,-0.10251474380493,-0.075349807739258,0.0,-0.07,-0.10251474380493,-0.0053498077392578,179.60922241211,121.0701675415,102.37929534912,0.8754118680954,true,false,true,false,29,-5,0.0,0.0
6872,SAMPLE,ALIGNING,true,1,45,0,0,-0.10251474380493,-0.075349807739258,0.0,-0.07,-0.10251474380493,-0.0053498077392578,179.60922241211,121.0701675415,102.37929534912,0.8754118680954,true,false,true,false,29,-5,0.0,0.0
6873,SAMPLE,ALIGNING,true,1,45,0,0,-0.10203504562378,-0.078034400939941,0.0,-0.07,-0.10203504562378,-0.0080344009399414,179.51403808594,121.58452606201,101.88561248779,0.87116241455078,true,false,true,false,29,-5,0.00047969818115234,-0.0026845932006836
6874,SAMPLE,ALIGNING,true,1,45,0,0,-0.10203504562378,-0.078034400939941,0.0,-0.07,-0.10203504562378,-0.0080344009399414,179.51403808594,121.58452606201,101.88561248779,0.87116241455078,true,false,true,false,29,-5,0.0,0.0
6875,SAMPLE,ALIGNING,true,1,45,0,0,-0.10088491439819,-0.081438064575195,0.0,-0.07,-0.10088491439819,-0.011438064575195,179.29487609863,122.2438659668,100.74954223633,0.86137872934341,true,false,true,false,28,-5,0.0011501312255859,-0.0034036636352539
6876,SAMPLE,ALIGNING,true,1,45,0,0,-0.10088491439819,-0.081438064575195,0.0,-0.07,-0.10088491439819,-0.011438064575195,179.29487609863,122.2438659668,100.74954223633,0.86137872934341,true,false,true,false,28,-5,0.0,0.0
6877,SAMPLE,ALIGNING,true,1,45,0,0,-0.098871231079102,-0.08556079864502,0.0,-0.07,-0.098871231079102,-0.01556079864502,178.90423583984,123.02249908447,98.72435760498,0.84393894672394,true,false,true,false,28,-5,0.0020136833190918,-0.0041227340698242
6878,SAMPLE,ALIGNING,true,1,45,0,0,-0.098871231079102,-0.08556079864502,0.0,-0.07,-0.098871231079102,-0.01556079864502,178.90423583984,123.02249908447,98.72435760498,0.84393894672394,true,false,true,false,28,-5,0.0,0.0
6879,SAMPLE,ALIGNING,true,1,45,0,0,-0.098871231079102,-0.08556079864502,0.0,-0.07,-0.098871231079102,-0.01556079864502,178.90423583984,123.02249908447,98.72435760498,0.84393894672394,true,false,true,false,28,-5,0.0,0.0
6880,SAMPLE,ALIGNING,true,1,45,0,0,-0.095419883728027,-0.090258598327637,0.0,-0.07,-0.095419883728027,-0.020258598327637,178.24291992188,123.92953491211,95.294471740723,0.81441634893417,true,false,true,false,27,-5,0.0034513473510742,-0.0046977996826172
6881,SAMPLE,ALIGNING,true,1,45,0,0,-0.095419883728027,-0.090258598327637,0.0,-0.07,-0.095419883728027,-0.020258598327637,178.24291992188,123.92953491211,95.294471740723,0.81441634893417,true,false,true,false,27,-5,0.0,0.0
6882,SAMPLE,ALIGNING,true,1,45,0,0,-0.090194702148438,-0.096107006072998,0.0,-0.07,-0.090194702148438,-0.026107006072998,177.24533081055,125.04536437988,90.114646911621,0.76988077163696,true,false,true,false,25,-7,0.0052251815795898,-0.0058484077453613
6883,SAMPLE,ALIGNING,true,1,45,0,0,-0.090194702148438,-0.096107006072998,0.0,-0.07,-0.090194702148438,-0.026107006072998,177.24533081055,125.04536437988,90.114646911621,0.76988077163696,true,false,true,false,25,-7,0.0,0.0
6884,SAMPLE,ALIGNING,true,1,45,0,0,-0.090194702148438,-0.096107006072998,0.0,-0.07,-0.090194702148438,-0.026107006072998,177.24533081055,125.04536437988,90.114646911621,0.76988077163696,true,false,true,false,25,-7,0.0,0.0
6885,SAMPLE,ALIGNING,true,1,45,0,0,-0.083099842071533,-0.10238695144653,0.0,-0.07,-0.083099842071533,-0.032386951446533,175.87297058105,126.24105072021,82.979652404785,0.70861476659775,true,false,false,false,23,-8,0.0070948600769043,-0.0062799453735352
6886,SAMPLE,ALIGNING,true,1,45,0,0,-0.083099842071533,-0.10238695144653,0.0,-0.07,-0.083099842071533,-0.032386951446533,175.87297058105,126.24105072021,82.979652404785,0.70861476659775,true,false,false,false,23,-8,0.0,0.0
6887,SAMPLE,ALIGNING,true,1,45,0,0,-0.074279308319092,-0.1081395149231,0.0,-0.07,-0.074279308319092,-0.038139514923096,174.18040466309,127.33493804932,74.16788482666,0.63305371999741,true,false,false,false,21,-9,0.0088205337524414,-0.0057525634765625
6888,SAMPLE,ALIGNING,true,1,45,0,0,-0.074279308319092,-0.1081395149231,0.0,-0.07,-0.074279308319092,-0.038139514923096,174.18040466309,127.33493804932,74.16788482666,0.63305371999741,true,false,false,false,21,-9,0.0,0.0
6889,SAMPLE,ALIGNING,true,1,45,0,0,-0.06402063369751,-0.11341285705566,0.0,-0.07,-0.06402063369751,-0.043412857055664,172.22866821289,128.32968139648,63.991184234619,0.54592245817184,true,false,false,false,18,-11,0.010258674621582,-0.0052733421325684
6890,SAMPLE,ALIGNING,true,1,45,0,0,-0.06402063369751,-0.11341285705566,0.0,-0.07,-0.06402063369751,-0.043412857055664,172.22866821289,128.32968139648,63.991184234619,0.54592245817184,true,false,false,false,18,-11,0.0,0.0
6891,SAMPLE,ALIGNING,true,1,45,0,0,-0.06402063369751,-0.11341285705566,0.0,-0.07,-0.06402063369751,-0.043412857055664,172.22866821289,128.32968139648,63.991184234619,0.54592245817184,true,false,false,false,18,-11,0.0,0.0
6892,SAMPLE,ALIGNING,true,1,45,0,0,-0.052707195281982,-0.11734342575073,0.0,-0.07,-0.052707195281982,-0.047343425750732,170.05780029297,129.07975769043,52.656753540039,0.44900879263878,true,false,false,false,15,-11,0.011313438415527,-0.0039305686950684
6893,SAMPLE,ALIGNING,true,1,45,0,0,-0.052707195281982,-0.11734342575073,0.0,-0.07,-0.052707195281982,-0.047343425750732,170.05780029297,129.07975769043,52.656753540039,0.44900879263878,true,false,false,false,15,-11,0.0,0.0
6894,SAMPLE,ALIGNING,true,1,45,0,0,-0.036025047302246,-0.12060308456421,0.0,-0.07,-0.036025047302246,-0.050603084564209,166.87222290039,129.69674682617,35.999835968018,0.30679568648338,true,false,false,false,10,-12,0.016682147979736,-0.0032596588134766
6895,SAMPLE,ALIGNING,true,1,45,0,0,-0.036025047302246,-0.12060308456421,0.0,-0.07,-0.036025047302246,-0.050603084564209,166.87222290039,129.69674682617,35.999835968018,0.30679568648338,true,false,false,false,10,-12,0.0,0.0
6896,SAMPLE,ALIGNING,true,1,45,0,0,-0.036025047302246,-0.12060308456421,0.0,-0.07,-0.036025047302246,-0.050603084564209,166.87222290039,129.69674682617,35.999835968018,0.30679568648338,true,false,false,false,10,-12,0.0,0.0
6897,SAMPLE,ALIGNING,true,1,45,0,0,-0.086215972900391,-0.12122631072998,0.0,-0.07,-0.086215972900391,-0.05122631072998,176.47445678711,129.85147094727,86.032928466797,0.73546665906906,true,false,false,false,24,-12,-0.050190925598145,-0.00062322616577148
6898,SAMPLE,ALIGNING,true,1,45,0,0,-0.086215972900391,-0.12122631072998,0.0,-0.07,-0.086215972900391,-0.05122631072998,176.47445678711,129.85147094727,86.032928466797,0.73546665906906,true,false,false,false,24,-12,0.0,0.0
6899,SAMPLE,ALIGNING,true,1,45,0,0,-0.15730714797974,-0.12021970748901,0.0,-0.07,-0.15730714797974,-0.050219707489014,190.2350769043,129.73352050781,156.53260803223,1.3497805595398,true,false,false,false,44,-12,-0.071091175079346,0.0010066032409668
6900,SAMPLE,ALIGNING,true,1,45,0,0,-0.15730714797974,-0.12021970748901,0.0,-0.07,-0.15730714797974,-0.050219707489014,190.2350769043,129.73352050781,156.53260803223,1.3497805595398,true,false,false,false,44,-12,0.0,0.0
6901,SAMPLE,ALIGNING,true,1,45,0,0,-0.20821714401245,-0.1186375617981,0.0,-0.07,-0.20821714401245,-0.048637561798096,200.26370239258,129.52072143555,206.51631164551,1.797486782074,true,false,false,false,45,-12,-0.050909996032715,0.001582145690918
6902,SAMPLE,ALIGNING,true,1,45,0,0,-0.20821714401245,-0.1186375617981,0.0,-0.07,-0.20821714401245,-0.048637561798096,200.26370239258,129.52072143555,206.51631164551,1.797486782074,true,false,false,false,45,-12,0.0,0.0
6903,SAMPLE,ALIGNING,true,1,45,0,0,-0.20821714401245,-0.1186375617981,0.0,-0.07,-0.20821714401245,-0.048637561798096,207.57698059082,129.25521850586,242.00614929199,2.1239726543427,true,false,false,false,45,-12,0.0,0.0
6904,SAMPLE,ALIGNING,true,1,45,0,0,-0.24469757080078,-0.11686420440674,0.0,-0.07,-0.24469757080078,-0.046864204406738,207.57698059082,129.25521850586,242.00614929199,2.1239726543427,true,false,false,false,45,-11,-0.03648042678833,0.0017733573913574
6905,SAMPLE,ALIGNING,true,1,45,0,0,-0.24469757080078,-0.11686420440674,0.0,-0.07,-0.24469757080078,-0.046864204406738,207.57698059082,129.25521850586,242.00614929199,2.1239726543427,true,false,false,false,45,-11,0.0,0.0
6906,SAMPLE,ALIGNING,true,1,45,0,0,-0.28108215332031,-0.11422729492188,0.0,-0.07,-0.28108215332031,-0.044227294921875,215.01458740234,128.82122802734,277.14392089844,2.4560086727142,true,false,false,false,45,-11,-0.036384582519531,0.0026369094848633
6907,SAMPLE,ALIGNING,true,1,45,0,0,-0.28108215332031,-0.11422729492188,0.0,-0.07,-0.28108215332031,-0.044227294921875,215.01458740234,128.82122802734,277.14392089844,2.4560086727142,true,false,false,false,45,-11,0.0,0.0
6908,SAMPLE,ALIGNING,true,1,45,0,0,-0.29757261276245,-0.11278915405273,0.0,-0.07,-0.29757261276245,-0.042789154052734,218.43894958496,128.57446289063,292.96978759766,2.6088817119598,true,false,false,false,45,-10,-0.016490459442139,0.0014381408691406
6909,SAMPLE,ALIGNING,true,1,45,0,0,-0.29757261276245,-0.11278915405273,0.0,-0.07,-0.29757261276245,-0.042789154052734,218.43894958496,128.57446289063,292.96978759766,2.6088817119598,true,false,false,false,45,-10,0.0,0.0
6910,SAMPLE,ALIGNING,true,1,45,0,0,-0.29757261276245,-0.11278915405273,0.0,-0.07,-0.29757261276245,-0.042789154052734,218.43894958496,128.57446289063,292.96978759766,2.6088817119598,true,false,false,false,45,-10,0.0,0.0
6911,SAMPLE,ALIGNING,true,1,45,0,0,-0.31065988540649,-0.11187839508057,0.0,-0.07,-0.31065988540649,-0.041878395080566,221.18069458008,128.42860412598,305.46801757813,2.7312812805176,true,false,false,false,45,-10,-0.013087272644043,0.00091075897216797
6912,SAMPLE,ALIGNING,true,1,45,0,0,-0.31065988540649,-0.11187839508057,0.0,-0.07,-0.31065988540649,-0.041878395080566,221.18069458008,128.42860412598,305.46801757813,2.7312812805176,true,false,false,false,45,-10,0.0,0.0
6913,SAMPLE,ALIGNING,true,1,45,0,0,-0.31065988540649,-0.11187839508057,0.0,-0.07,-0.31065988540649,-0.041878395080566,221.18069458008,128.42860412598,305.46801757813,2.7312812805176,true,false,false,false,45,-10,0.0,0.0
6914,SAMPLE,ALIGNING,true,1,45,0,0,-0.3254246711731,-0.11053609848022,0.0,-0.07,-0.3254246711731,-0.040536098480225,224.29139709473,128.20527648926,319.46365356445,2.8701519966125,true,false,false,false,45,-10,-0.014764785766602,0.0013422966003418
6915,SAMPLE,ALIGNING,true,1,45,0,0,-0.3254246711731,-0.11053609848022,0.0,-0.07,-0.3254246711731,-0.040536098480225,224.29139709473,128.20527648926,319.46365356445,2.8701519966125,true,false,false,false,45,-10,0.0,0.0
6916,SAMPLE,ALIGNING,true,1,45,0,0,-0.33645009994507,-0.10948181152344,0.0,-0.07,-0.33645009994507,-0.039481811523437,226.64074707031,128.01600646973,329.89959716797,2.9750332832336,true,false,false,false,45,-10,-0.011025428771973,0.0010542869567871
6917,SAMPLE,ALIGNING,true,1,45,0,0,-0.33645009994507,-0.10948181152344,0.0,-0.07,-0.33645009994507,-0.039481811523437,226.64074707031,128.01600646973,329.89959716797,2.9750332832336,true,false,false,false,45,-10,0.0,0.0
6918,SAMPLE,ALIGNING,true,1,45,0,0,-0.34258604049683,-0.10871458053589,0.0,-0.07,-0.34258604049683,-0.038714580535889,227.95126342773,127.88620758057,335.67098999023,3.0335388183594,true,false,false,false,45,-10,-0.0061359405517578,0.00076723098754883
6919,SAMPLE,ALIGNING,true,1,45,0,0,-0.34258604049683,-0.10871458053589,0.0,-0.07,-0.34258604049683,-0.038714580535889,227.95126342773,127.88620758057,335.67098999023,3.0335388183594,true,false,false,false,45,-10,0.0,0.0
6920,SAMPLE,ALIGNING,true,1,45,0,0,-0.34258604049683,-0.10871458053589,0.0,-0.07,-0.34258604049683,-0.038714580535889,227.95126342773,127.88620758057,335.67098999023,3.0335388183594,true,false,false,false,45,-10,0.0,0.0
6921,SAMPLE,ALIGNING,true,1,45,0,0,-0.3474760055542,-0.10842704772949,0.0,-0.07,-0.3474760055542,-0.038427047729492,229.00286865234,127.83582305908,340.27166748047,3.0804853439331,true,false,false,false,45,-9,-0.004889965057373,0.00028753280639648
6922,SAMPLE,ALIGNING,true,1,45,0,0,-0.3474760055542,-0.10842704772949,0.0,-0.07,-0.3474760055542,-0.038427047729492,229.00286865234,127.83582305908,340.27166748047,3.0804853439331,true,false,false,false,45,-9,0.0,0.0
6923,SAMPLE,ALIGNING,true,1,45,0,0,-0.35150289535522,-0.10833120346069,0.0,-0.07,-0.35150289535522,-0.038331203460693,229.87649536133,127.83279418945,344.07275390625,3.1194868087769,true,false,false,false,45,-9,-0.0040268898010254,9.5844268798828e-05
6924,SAMPLE,ALIGNING,true,1,45,0,0,-0.35150289535522,-0.10833120346069,0.0,-0.07,-0.35150289535522,-0.038331203460693,229.87649536133,127.83279418945,344.07275390625,3.1194868087769,true,false,false,false,45,-9,0.0,0.0
6925,SAMPLE,ALIGNING,true,1,45,0,0,-0.35150289535522,-0.10833120346069,0.0,-0.07,-0.35150289535522,-0.038331203460693,229.87649536133,127.83279418945,344.07275390625,3.1194868087769,true,false,false,false,45,-9,0.0,0.0
6926,SAMPLE,ALIGNING,true,1,45,0,0,-0.35600900650024,-0.10857105255127,0.0,-0.07,-0.35600900650024,-0.03857105255127,230.85220336914,127.88523864746,348.29437255859,3.1630449295044,true,false,false,false,45,-9,-0.0045061111450195,-0.00023984909057617
6927,SAMPLE,ALIGNING,true,1,45,0,0,-0.35600900650024,-0.10857105255127,0.0,-0.07,-0.35600900650024,-0.03857105255127,230.85220336914,127.88523864746,348.29437255859,3.1630449295044,true,false,false,false,45,-9,0.0,0.0
6928,SAMPLE,ALIGNING,true,1,45,0,0,-0.35845375061035,-0.10890626907349,0.0,-0.07,-0.35845375061035,-0.038906269073486,231.38473510742,127.96446990967,350.58618164063,3.1868193149567,true,false,false,false,45,-10,-0.0024447441101074,-0.0003352165222168
6929,SAMPLE,ALIGNING,true,1,45,0,0,-0.35845375061035,-0.10890626907349,0.0,-0.07,-0.35845375061035,-0.038906269073486,231.38473510742,127.96446990967,350.58618164063,3.1868193149567,true,false,false,false,45,-10,0.0,0.0
6930,SAMPLE,ALIGNING,true,1,45,0,0,-0.35845375061035,-0.10890626907349,0.0,-0.07,-0.35845375061035,-0.038906269073486,231.38473510742,127.96446990967,350.58618164063,3.1868193149567,true,false,false,false,45,-10,0.0,0.0
6931,SAMPLE,ALIGNING,true,1,45,0,0,-0.36037111282349,-0.10933780670166,0.0,-0.07,-0.36037111282349,-0.03933780670166,231.79920959473,128.05456542969,352.36352539063,3.2053220272064,true,false,false,false,45,-10,-0.0019173622131348,-0.00043153762817383
6932,SAMPLE,ALIGNING,true,1,45,0,0,-0.36037111282349,-0.10933780670166,0.0,-0.07,-0.36037111282349,-0.03933780670166,231.79920959473,128.05456542969,352.36352539063,3.2053220272064,true,false,false,false,45,-10,0.0,0.0
6933,SAMPLE,ALIGNING,true,1,45,0,0,-0.36152172088623,-0.10991287231445,0.0,-0.07,-0.36152172088623,-0.039912872314453,232.05471801758,128.17520141602,353.45269775391,3.2167291641235,true,false,false,false,45,-10,-0.0011506080627441,-0.00057506561279297
6934,SAMPLE,ALIGNING,true,1,45,0,0,-0.36152172088623,-0.10991287231445,0.0,-0.07,-0.36152172088623,-0.039912872314453,232.05471801758,128.17520141602,353.45269775391,3.2167291641235,true,false,false,false,45,-10,0.0,0.0
6935,SAMPLE,ALIGNING,true,1,45,0,0,-0.36276769638062,-0.1110634803772,0.0,-0.07,-0.36276769638062,-0.041063480377197,232.32009887695,128.41983032227,354.57376098633,3.2285761833191,true,false,false,false,45,-10,-0.0012459754943848,-0.0011506080627441
6936,SAMPLE,ALIGNING,true,1,45,0,0,-0.36276769638062,-0.1110634803772,0.0,-0.07,-0.36276769638062,-0.041063480377197,232.32009887695,128.41983032227,354.57376098633,3.2285761833191,true,false,false,false,45,-10,0.0,0.0
6937,SAMPLE,ALIGNING,true,1,45,0,0,-0.36276769638062,-0.1110634803772,0.0,-0.07,-0.36276769638062,-0.041063480377197,232.32009887695,128.41983032227,354.57376098633,3.2285761833191,true,false,false,false,45,-10,0.0,0.0
6938,SAMPLE,ALIGNING,true,1,45,0,0,-0.36329555511475,-0.11264562606812,0.0,-0.07,-0.36329555511475,-0.042645626068115,232.44190979004,128.7414855957,355.07223510742,3.2340140342712,true,false,false,false,45,-10,-0.00052785873413086,-0.001582145690918
6939,SAMPLE,ALIGNING,true,1,45,0,0,-0.36329555511475,-0.11264562606812,0.0,-0.07,-0.36329555511475,-0.042645626068115,232.44190979004,128.7414855957,355.07223510742,3.2340140342712,true,false,false,false,45,-10,0.0,0.0
6940,SAMPLE,ALIGNING,true,1,45,0,0,-0.36291170120239,-0.11513805389404,0.0,-0.07,-0.36291170120239,-0.045138053894043,232.35107421875,129.25001525879,354.64404296875,3.2299590110779,true,false,false,false,45,-11,0.00038385391235352,-0.0024924278259277
6941,SAMPLE,ALIGNING,true,1,45,0,0,-0.36291170120239,-0.11513805389404,0.0,-0.07,-0.36291170120239,-0.045138053894043,232.35107421875,129.25001525879,354.64404296875,3.2299590110779,true,false,false,false,45,-11,0.0,0.0
6942,SAMPLE,ALIGNING,true,1,45,0,0,-0.36248064041138,-0.11748695373535,0.0,-0.07,-0.36248064041138,-0.047486953735352,232.25848388672,129.72573852539,354.20874023438,3.2258253097534,true,false,false,false,45,-11,0.00043106079101563,-0.0023488998413086
6943,SAMPLE,ALIGNING,true,1,45,0,0,-0.36248064041138,-0.11748695373535,0.0,-0.07,-0.36248064041138,-0.047486953735352,232.25848388672,129.72573852539,354.20874023438,3.2258253097534,true,false,false,false,45,-11,0.0,0.0
6944,SAMPLE,ALIGNING,true,1,45,0,0,-0.36248064041138,-0.11993217468262,0.0,-0.07,-0.36248064041138,-0.049932174682617,232.25820922852,130.22915649414,354.16482543945,3.2258129119873,true,false,false,false,45,-12,0.0,-0.0024452209472656
6945,SAMPLE,ALIGNING,true,1,45,0,0,-0.36248064041138,-0.11993217468262,0.0,-0.07,-0.36248064041138,-0.049932174682617,232.25820922852,130.22915649414,354.16482543945,3.2258129119873,true,false,false,false,45,-12,0.0,0.0
6946,SAMPLE,ALIGNING,true,1,45,0,0,-0.36248064041138,-0.11993217468262,0.0,-0.07,-0.36248064041138,-0.049932174682617,232.25820922852,130.22915649414,354.16482543945,3.2258129119873,true,false,false,false,45,-12,0.0,0.0
6947,SAMPLE,ALIGNING,true,1,45,0,0,-0.36319971084595,-0.12285614013672,0.0,-0.07,-0.36319971084595,-0.052856140136719,232.41979980469,130.83125305176,354.80316162109,3.2330274581909,true,false,false,false,45,-13,-0.00071907043457031,-0.0029239654541016
6948,SAMPLE,ALIGNING,true,1,45,0,0,-0.36319971084595,-0.12285614013672,0.0,-0.07,-0.36319971084595,-0.052856140136719,232.41979980469,130.83125305176,354.80316162109,3.2330274581909,true,false,false,false,45,-13,0.0,0.0
6949,SAMPLE,ALIGNING,true,1,45,0,0,-0.36387062072754,-0.12664318084717,0.0,-0.07,-0.36387062072754,-0.056643180847168,232.56729125977,131.60711669922,355.36041259766,3.2396116256714,true,false,false,false,45,-13,-0.0006709098815918,-0.0037870407104492
6950,SAMPLE,ALIGNING,true,1,45,0,0,-0.36387062072754,-0.12664318084717,0.0,-0.07,-0.36387062072754,-0.056643180847168,232.56729125977,131.60711669922,355.36041259766,3.2396116256714,true,false,false,false,45,-13,0.0,0.0
6951,SAMPLE,ALIGNING,true,1,45,0,0,-0.36387062072754,-0.12664318084717,0.0,-0.07,-0.36387062072754,-0.056643180847168,232.68054199219,132.44921875,355.75839233398,3.2446675300598,true,false,false,false,45,-13,0.0,0.0
6952,SAMPLE,ALIGNING,true,1,45,0,0,-0.36439800262451,-0.13071823120117,0.0,-0.07,-0.36439800262451,-0.060718231201172,232.68054199219,132.44921875,355.75839233398,3.2446675300598,true,false,false,false,45,-14,-0.00052738189697266,-0.0040750503540039
6953,SAMPLE,ALIGNING,true,1,45,0,0,-0.36439800262451,-0.13071823120117,0.0,-0.07,-0.36439800262451,-0.060718231201172,232.68054199219,132.44921875,355.75839233398,3.2446675300598,true,false,false,false,45,-14,0.0,0.0
6954,SAMPLE,ALIGNING,true,1,45,0,0,-0.36492538452148,-0.13570356369019,0.0,-0.07,-0.36492538452148,-0.065703563690186,232.79122924805,133.47396850586,356.11825561523,3.2496085166931,true,false,false,false,45,-15,-0.00052738189697266,-0.0049853324890137
6955,SAMPLE,ALIGNING,true,1,45,0,0,-0.36492538452148,-0.13570356369019,0.0,-0.07,-0.36492538452148,-0.065703563690186,232.79122924805,133.47396850586,356.11825561523,3.2496085166931,true,false,false,false,45,-15,0.0,0.0
6956,SAMPLE,ALIGNING,true,1,45,0,0,-0.36521291732788,-0.14150381088257,0.0,-0.07,-0.36521291732788,-0.071503810882568,232.85928344727,134.65969848633,356.26675415039,3.2526473999023,true,false,false,false,45,-17,-0.00028753280639648,-0.0058002471923828
6957,SAMPLE,ALIGNING,true,1,45,0,0,-0.36521291732788,-0.14150381088257,0.0,-0.07,-0.36521291732788,-0.071503810882568,232.85928344727,134.65969848633,356.26675415039,3.2526473999023,true,false,false,false,45,-17,0.0,0.0
6958,SAMPLE,ALIGNING,true,1,45,0,0,-0.36521291732788,-0.14150381088257,0.0,-0.07,-0.36521291732788,-0.071503810882568,232.99203491211,135.96624755859,356.66278076172,3.2585737705231,true,false,false,false,45,-17,0.0,0.0
6959,SAMPLE,ALIGNING,true,1,45,0,0,-0.36583614349365,-0.1478796005249,0.0,-0.07,-0.36583614349365,-0.077879600524902,232.99203491211,135.96624755859,356.66278076172,3.2585737705231,true,false,false,false,45,-18,-0.00062322616577148,-0.006375789642334
6960,SAMPLE,ALIGNING,true,1,45,0,0,-0.36583614349365,-0.1478796005249,0.0,-0.07,-0.36583614349365,-0.077879600524902,232.99203491211,135.96624755859,356.66278076172,3.2585737705231,true,false,false,false,45,-18,0.0,0.0
6961,SAMPLE,ALIGNING,true,1,45,0,0,-0.3669867515564,-0.15521430969238,0.0,-0.07,-0.3669867515564,-0.085214309692383,233.24584960938,137.47857666016,357.52893066406,3.2699041366577,true,false,false,false,45,-20,-0.0011506080627441,-0.0073347091674805
6962,SAMPLE,ALIGNING,true,1,45,0,0,-0.3669867515564,-0.15521430969238,0.0,-0.07,-0.3669867515564,-0.085214309692383,233.24584960938,137.47857666016,357.52893066406,3.2699041366577,true,false,false,false,45,-20,0.0,0.0
6963,SAMPLE,ALIGNING,true,1,45,0,0,-0.36808919906616,-0.16326761245728,0.0,-0.07,-0.36808919906616,-0.093267612457275,233.49281311035,139.150390625,358.31851196289,3.2809295654297,true,false,false,false,45,-22,-0.0011024475097656,-0.0080533027648926
6964,SAMPLE,ALIGNING,true,1,45,0,0,-0.36808919906616,-0.16326761245728,0.0,-0.07,-0.36808919906616,-0.093267612457275,233.49281311035,139.150390625,358.31851196289,3.2809295654297,true,false,false,false,45,-22,0.0,0.0
6965,SAMPLE,ALIGNING,true,1,45,0,0,-0.36808919906616,-0.16326761245728,0.0,-0.07,-0.36808919906616,-0.093267612457275,233.49281311035,139.150390625,358.31851196289,3.2809295654297,true,false,false,false,45,-22,0.0,0.0
6966,SAMPLE,ALIGNING,true,1,45,0,0,-0.36876010894775,-0.17218399047852,0.0,-0.07,-0.36876010894775,-0.10218399047852,233.63249206543,140.99165344238,358.59713745117,3.2871649265289,true,false,false,false,45,-23,-0.0006709098815918,-0.0089163780212402
6967,SAMPLE,ALIGNING,true,1,45,0,0,-0.36876010894775,-0.17218399047852,0.0,-0.07,-0.36876010894775,-0.10218399047852,233.63249206543,140.99165344238,358.59713745117,3.2871649265289,true,false,false,false,45,-23,0.0,0.0
6968,SAMPLE,ALIGNING,true,1,45,0,0,-0.36895179748535,-0.18153190612793,0.0,-0.07,-0.36895179748535,-0.11153190612793,233.66841125488,142.91828918457,358.39025878906,3.2887687683105,true,false,false,false,45,-26,-0.00019168853759766,-0.0093479156494141
6969,SAMPLE,ALIGNING,true,1,45,0,0,-0.36895179748535,-0.18153190612793,0.0,-0.07,-0.36895179748535,-0.11153190612793,233.66841125488,142.91828918457,358.39025878906,3.2887687683105,true,false,false,false,45,-26,0.0,0.0
6970,SAMPLE,ALIGNING,true,1,45,0,0,-0.36890411376953,-0.1897292137146,0.0,-0.07,-0.36890411376953,-0.1197292137146,233.66232299805,144.6268157959,358.02044677734,3.2884969711304,true,false,false,false,45,-27,4.7683715820313e-05,-0.0081973075866699
6971,SAMPLE,ALIGNING,true,1,45,0,0,-0.36890411376953,-0.1897292137146,0.0,-0.07,-0.36890411376953,-0.1197292137146,233.66232299805,144.6268157959,358.02044677734,3.2884969711304,true,false,false,false,45,-27,0.0,0.0
6972,SAMPLE,ALIGNING,true,1,45,0,0,-0.36856842041016,-0.19807052612305,0.0,-0.07,-0.36856842041016,-0.12807052612305,233.5902557373,146.34306335449,357.34588623047,3.285279750824,true,false,false,false,45,-29,0.000335693359375,-0.0083413124084473
6973,SAMPLE,ALIGNING,true,1,45,0,0,-0.36856842041016,-0.19807052612305,0.0,-0.07,-0.36856842041016,-0.12807052612305,233.5902557373,146.34306335449,357.34588623047,3.285279750824,true,false,false,false,45,-29,0.0,0.0
6974,SAMPLE,ALIGNING,true,1,45,0,0,-0.36856842041016,-0.19807052612305,0.0,-0.07,-0.36856842041016,-0.12807052612305,233.5902557373,146.34306335449,357.34588623047,3.285279750824,true,false,false,false,45,-29,0.0,0.0
6975,SAMPLE,ALIGNING,true,1,45,0,0,-0.36808919906616,-0.20684289932251,0.0,-0.07,-0.36808919906616,-0.13684289932251,233.48858642578,148.1649017334,356.49783325195,3.2807404994965,true,false,false,false,45,-31,0.00047922134399414,-0.0087723731994629
6976,SAMPLE,ALIGNING,true,1,45,0,0,-0.36808919906616,-0.20684289932251,0.0,-0.07,-0.36808919906616,-0.13684289932251,233.48858642578,148.1649017334,356.49783325195,3.2807404994965,true,false,false,false,45,-31,0.0,0.0
6977,SAMPLE,ALIGNING,true,1,45,0,0,-0.36756181716919,-0.21676635742188,0.0,-0.07,-0.36756181716919,-0.14676635742187,233.36949157715,150.22631835938,355.49002075195,3.2754242420197,true,false,false,false,45,-33,0.00052738189697266,-0.0099234580993652
6978,SAMPLE,ALIGNING,true,1,45,0,0,-0.36756181716919,-0.21676635742188,0.0,-0.07,-0.36756181716919,-0.14676635742187,233.36949157715,150.22631835938,355.49002075195,3.2754242420197,true,false,false,false,45,-33,0.0,0.0
6979,SAMPLE,ALIGNING,true,1,45,0,0,-0.36717844009399,-0.22716856002808,0.0,-0.07,-0.36717844009399,-0.15716856002808,233.28942871094,152.40153503418,354.58435058594,3.2718498706818,true,false,false,false,45,-36,0.00038337707519531,-0.010402202606201
6980,SAMPLE,ALIGNING,true,1,45,0,0,-0.36717844009399,-0.22716856002808,0.0,-0.07,-0.36717844009399,-0.15716856002808,233.28942871094,152.40153503418,354.58435058594,3.2718498706818,true,false,false,false,45,-36,0.0,0.0
6981,SAMPLE,ALIGNING,true,1,45,0,0,-0.36717844009399,-0.22716856002808,0.0,-0.07,-0.36717844009399,-0.15716856002808,233.28942871094,152.40153503418,354.58435058594,3.2718498706818,true,false,false,false,45,-36,0.0,0.0
6982,SAMPLE,ALIGNING,true,1,45,0,0,-0.36693859100342,-0.2415018081665,0.0,-0.07,-0.36693859100342,-0.1715018081665,233.23751831055,155.39950561523,353.52459716797,3.2695322036743,true,false,false,false,45,-39,0.00023984909057617,-0.014333248138428
6983,SAMPLE,ALIGNING,true,1,45,0,0,-0.36693859100342,-0.2415018081665,0.0,-0.07,-0.36693859100342,-0.1715018081665,233.23751831055,155.39950561523,353.52459716797,3.2695322036743,true,false,false,false,45,-39,0.0,0.0
6984,SAMPLE,ALIGNING,true,1,45,0,0,-0.36717844009399,-0.2490758895874,0.0,-0.07,-0.36717844009399,-0.1790758895874,233.28900146484,156.99987792969,353.26553344727,3.271831035614,true,false,false,false,45,-40,-0.00023984909057617,-0.0075740814208984
6985,SAMPLE,ALIGNING,true,1,45,0,0,-0.36717844009399,-0.2490758895874,0.0,-0.07,-0.36717844009399,-0.1790758895874,233.28900146484,156.99987792969,353.26553344727,3.271831035614,true,false,false,false,45,-40,0.0,0.0
6986,SAMPLE,ALIGNING,true,1,45,0,0,-0.36717844009399,-0.2490758895874,0.0,-0.07,-0.36717844009399,-0.1790758895874,233.28900146484,156.99987792969,353.26553344727,3.271831035614,true,false,false,false,45,-40,0.0,0.0
6987,SAMPLE,ALIGNING,true,1,45,0,0,-0.36775350570679,-0.25473260879517,0.0,-0.07,-0.36775350570679,-0.18473260879517,233.41023254395,158.20283508301,353.40576171875,3.277242898941,true,false,false,false,45,-42,-0.00057506561279297,-0.0056567192077637
6988,SAMPLE,ALIGNING,true,1,45,0,0,-0.36775350570679,-0.25473260879517,0.0,-0.07,-0.36775350570679,-0.18473260879517,233.41023254395,158.20283508301,353.40576171875,3.277242898941,true,false,false,false,45,-42,0.0,0.0
6989,SAMPLE,ALIGNING,true,1,45,0,0,-0.36861658096313,-0.25919055938721,0.0,-0.07,-0.36861658096313,-0.18919055938721,233.60116577148,159.15538024902,353.90786743164,3.2857666015625,true,false,false,false,45,-43,-0.00086307525634766,-0.004457950592041
6990,SAMPLE,ALIGNING,true,1,45,0,0,-0.36861658096313,-0.25919055938721,0.0,-0.07,-0.36861658096313,-0.18919055938721,233.60116577148,159.15538024902,353.90786743164,3.2857666015625,true,false,false,false,45,-43,0.0,0.0
6991,SAMPLE,ALIGNING,true,1,45,0,0,-0.3694314956665,-0.26269054412842,0.0,-0.07,-0.3694314956665,-0.19269054412842,233.78764343262,159.91647338867,354.44552612305,3.294091463089,true,false,false,false,45,-43,-0.00081491470336914,-0.0034999847412109
6992,SAMPLE,ALIGNING,true,1,45,0,0,-0.3694314956665,-0.26269054412842,0.0,-0.07,-0.3694314956665,-0.19269054412842,233.78764343262,159.91647338867,354.44552612305,3.294091463089,true,false,false,false,45,-43,0.0,0.0
6993,SAMPLE,ALIGNING,true,1,45,0,0,-0.36976671218872,-0.26532697677612,0.0,-0.07,-0.36976671218872,-0.19532697677612,233.85925292969,160.4808807373,354.56066894531,3.2972884178162,true,false,false,false,45,-44,-0.0003352165222168,-0.0026364326477051
6994,SAMPLE,ALIGNING,true,1,45,0,0,-0.36976671218872,-0.26532697677612,0.0,-0.07,-0.36976671218872,-0.19532697677612,233.85925292969,160.4808807373,354.56066894531,3.2972884178162,true,false,false,false,45,-44,0.0,0.0
6995,SAMPLE,ALIGNING,true,1,45,0,0,-0.36976671218872,-0.26532697677612,0.0,-0.07,-0.36976671218872,-0.19532697677612,233.85925292969,160.4808807373,354.56066894531,3.2972884178162,true,false,false,false,45,-44,0.0,0.0
6996,SAMPLE,ALIGNING,true,1,45,0,0,-0.3694314956665,-0.26777172088623,0.0,-0.07,-0.3694314956665,-0.19777172088623,233.78149414063,160.99822998047,354.06231689453,3.2938175201416,true,false,false,false,45,-45,0.0003352165222168,-0.0024447441101074
6997,SAMPLE,ALIGNING,true,1,45,0,0,-0.3694314956665,-0.26777172088623,0.0,-0.07,-0.3694314956665,-0.19777172088623,233.78149414063,160.99822998047,354.06231689453,3.2938175201416,true,false,false,false,45,-45,0.0,0.0
6998,SAMPLE,ALIGNING,true,1,45,0,0,-0.36861658096313,-0.2684907913208,0.0,-0.07,-0.36861658096313,-0.1984907913208,233.60717773438,161.13934326172,353.28317260742,3.286034822464,true,false,false,false,45,-45,0.00081491470336914,-0.00071907043457031
6999,SAMPLE,ALIGNING,true,1,45,0,0,-0.36861658096313,-0.2684907913208,0.0,-0.07,-0.36861658096313,-0.1984907913208,233.60717773438,161.13934326172,353.28317260742,3.286034822464,true,false,false,false,45,-45,0.0,0.0
7000,SAMPLE,ALIGNING,true,1,45,0,0,-0.36861658096313,-0.2684907913208,0.0,-0.07,-0.36861658096313,-0.1984907913208,233.60717773438,161.13934326172,353.28317260742,3.286034822464,true,false,false,false,45,-45,0.0,0.0
7001,SAMPLE,ALIGNING,true,1,45,0,0,-0.36784934997559,-0.26901817321777,0.0,-0.07,-0.36784934997559,-0.19901817321777,233.43179321289,161.23513793945,352.51403808594,3.2782051563263,true,false,false,false,45,-45,0.00076723098754883,-0.00052738189697266
7002,SAMPLE,ALIGNING,true,1,45,0,0,-0.36784934997559,-0.26901817321777,0.0,-0.07,-0.36784934997559,-0.19901817321777,233.43179321289,161.23513793945,352.51403808594,3.2782051563263,true,false,false,false,45,-45,0.0,0.0
7003,SAMPLE,ALIGNING,true,1,45,0,0,-0.36717844009399,-0.26920986175537,0.0,-0.07,-0.36717844009399,-0.19920986175537,233.29566955566,161.26483154297,351.93167114258,3.2721283435822,true,false,false,false,45,-45,0.0006709098815918,-0.00019168853759766
7004,SAMPLE,ALIGNING,true,1,45,0,0,-0.36717844009399,-0.26920986175537,0.0,-0.07,-0.36717844009399,-0.19920986175537,233.29566955566,161.26483154297,351.93167114258,3.2721283435822,true,false,false,false,45,-45,0.0,0.0
7005,SAMPLE,ALIGNING,true,1,45,0,0,-0.36641120910645,-0.26944971084595,0.0,-0.07,-0.36641120910645,-0.19944971084595,233.11907958984,161.30279541016,351.17572021484,3.2642452716827,true,false,false,false,45,-45,0.00076723098754883,-0.00023984909057617
7006,SAMPLE,ALIGNING,true,1,45,0,0,-0.36641120910645,-0.26944971084595,0.0,-0.07,-0.36641120910645,-0.19944971084595,233.11907958984,161.30279541016,351.17572021484,3.2642452716827,true,false,false,false,45,-45,0.0,0.0
7007,SAMPLE,ALIGNING,true,1,45,0,0,-0.36641120910645,-0.26944971084595,0.0,-0.07,-0.36641120910645,-0.19944971084595,233.11907958984,161.30279541016,351.17572021484,3.2642452716827,true,false,false,false,45,-45,0.0,0.0
7008,SAMPLE,ALIGNING,true,1,45,0,0,-0.36569213867188,-0.26944971084595,0.0,-0.07,-0.36569213867188,-0.19944971084595,232.96664428711,161.29537963867,350.5361328125,3.2574398517609,true,false,false,false,45,-45,0.00071907043457031,0.0
7009,SAMPLE,ALIGNING,true,1,45,0,0,-0.36569213867188,-0.26944971084595,0.0,-0.07,-0.36569213867188,-0.19944971084595,232.96664428711,161.29537963867,350.5361328125,3.2574398517609,true,false,false,false,45,-45,0.0,0.0
7010,SAMPLE,ALIGNING,true,1,45,0,0,-0.3652606010437,-0.26954555511475,0.0,-0.07,-0.3652606010437,-0.19954555511475,232.86116027832,161.29811096191,350.09063720703,3.252730846405,true,false,false,false,45,-45,0.00043153762817383,-9.5844268798828e-05
7011,SAMPLE,ALIGNING,true,1,45,0,0,-0.3652606010437,-0.26954555511475,0.0,-0.07,-0.3652606010437,-0.19954555511475,232.86116027832,161.29811096191,350.09063720703,3.252730846405,true,false,false,false,45,-45,0.0,0.0
7012,SAMPLE,ALIGNING,true,1,45,0,0,-0.3652606010437,-0.26954555511475,0.0,-0.07,-0.3652606010437,-0.19954555511475,232.86116027832,161.29811096191,350.09063720703,3.252730846405,true,false,false,false,45,-45,0.0,0.0
7013,SAMPLE,ALIGNING,true,1,45,0,0,-0.36444616317749,-0.26935386657715,0.0,-0.07,-0.36444616317749,-0.19935386657715,232.68440246582,161.25518798828,349.35940551758,3.2448396682739,true,false,false,false,45,-45,0.00081443786621094,0.00019168853759766
7014,SAMPLE,ALIGNING,true,1,45,0,0,-0.36444616317749,-0.26935386657715,0.0,-0.07,-0.36444616317749,-0.19935386657715,232.68440246582,161.25518798828,349.35940551758,3.2448396682739,true,false,false,false,45,-45,0.0,0.0
7015,SAMPLE,ALIGNING,true,1,45,0,0,-0.36348724365234,-0.26897048950195,0.0,-0.07,-0.36348724365234,-0.19897048950195,232.48080444336,161.15765380859,348.53216552734,3.23575091362,true,false,false,false,45,-45,0.00095891952514648,0.00038337707519531
7016,SAMPLE,ALIGNING,true,1,45,0,0,-0.36348724365234,-0.26897048950195,0.0,-0.07,-0.36348724365234,-0.19897048950195,232.48080444336,161.15765380859,348.53216552734,3.23575091362,true,false,false,false,45,-45,0.0,0.0
7017,SAMPLE,ALIGNING,true,1,45,0,0,-0.36276769638062,-0.26873064041138,0.0,-0.07,-0.36276769638062,-0.19873064041138,232.32252502441,161.0997467041,347.88241577148,3.228684425354,true,false,false,false,45,-45,0.00071954727172852,0.00023984909057617
7018,SAMPLE,ALIGNING,true,1,45,0,0,-0.36276769638062,-0.26873064041138,0.0,-0.07,-0.36276769638062,-0.19873064041138,232.32252502441,161.0997467041,347.88241577148,3.228684425354,true,false,false,false,45,-45,0.0,0.0
7019,SAMPLE,ALIGNING,true,1,45,0,0,-0.36276769638062,-0.26873064041138,0.0,-0.07,-0.36276769638062,-0.19873064041138,232.32252502441,161.0997467041,347.88241577148,3.228684425354,true,false,false,false,45,-45,0.0,0.0
7020,SAMPLE,ALIGNING,true,1,45,0,0,-0.3622407913208,-0.26863479614258,0.0,-0.07,-0.3622407913208,-0.19863479614258,232.20596313477,161.06436157227,347.40115356445,3.2234811782837,true,false,false,false,45,-45,0.00052690505981445,9.5844268798828e-05
7021,SAMPLE,ALIGNING,true,1,45,0,0,-0.3622407913208,-0.26863479614258,0.0,-0.07,-0.3622407913208,-0.19863479614258,232.20596313477,161.06436157227,347.40115356445,3.2234811782837,true,false,false,false,45,-45,0.0,0.0
7022,SAMPLE,ALIGNING,true,1,45,0,0,-0.36180925369263,-0.2684907913208,0.0,-0.07,-0.36180925369263,-0.1984907913208,232.10997009277,161.02992248535,347.00628662109,3.2191953659058,true,false,false,false,45,-45,0.00043153762817383,0.00014400482177734
7023,SAMPLE,ALIGNING,true,1,45,0,0,-0.36180925369263,-0.2684907913208,0.0,-0.07,-0.36180925369263,-0.1984907913208,232.10997009277,161.02992248535,347.00628662109,3.2191953659058,true,false,false,false,45,-45,0.0,0.0
7024,SAMPLE,ALIGNING,true,1,45,0,0,-0.36142587661743,-0.2684907913208,0.0,-0.07,-0.36142587661743,-0.1984907913208,232.03204345703,161.01840209961,346.68017578125,3.2157168388367,true,false,false,false,45,-45,0.00038337707519531,0.0
7025,SAMPLE,ALIGNING,true,1,45,0,0,-0.36142587661743,-0.2684907913208,0.0,-0.07,-0.36142587661743,-0.1984907913208,232.03204345703,161.01840209961,346.68017578125,3.2157168388367,true,false,false,false,45,-45,0.0,0.0
7026,SAMPLE,ALIGNING,true,1,45,0,0,-0.36142587661743,-0.2684907913208,0.0,-0.07,-0.36142587661743,-0.1984907913208,232.03204345703,161.01840209961,346.68017578125,3.2157168388367,true,false,false,false,45,-45,0.0,0.0
7027,SAMPLE,ALIGNING,true,1,45,0,0,-0.36113786697388,-0.2685866355896,0.0,-0.07,-0.36113786697388,-0.1985866355896,231.96722412109,161.03335571289,346.40072631836,3.2128224372864,true,false,false,false,45,-45,0.00028800964355469,-9.5844268798828e-05
7028,SAMPLE,ALIGNING,true,1,45,0,0,-0.36113786697388,-0.2685866355896,0.0,-0.07,-0.36113786697388,-0.1985866355896,231.96722412109,161.03335571289,346.40072631836,3.2128224372864,true,false,false,false,45,-45,0.0,0.0
7029,SAMPLE,ALIGNING,true,1,45,0,0,-0.36123418807983,-0.2686824798584,0.0,-0.07,-0.36123418807983,-0.1986824798584,231.98989868164,161.0609588623,346.48770141602,3.2138352394104,true,false,false,false,45,-45,-9.6321105957031e-05,-9.5844268798828e-05
7030,SAMPLE,ALIGNING,true,1,45,0,0,-0.36123418807983,-0.2686824798584,0.0,-0.07,-0.36123418807983,-0.1986824798584,231.98989868164,161.0609588623,346.48770141602,3.2138352394104,true,false,false,false,45,-45,0.0,0.0
7031,SAMPLE,ALIGNING,true,1,45,0,0,-0.36123418807983,-0.2686824798584,0.0,-0.07,-0.36123418807983,-0.1986824798584,231.98989868164,161.0609588623,346.48770141602,3.2138352394104,true,false,false,false,45,-45,0.0,0.0
7032,SAMPLE,ALIGNING,true,1,45,0,0,-0.36171340942383,-0.26906585693359,0.0,-0.07,-0.36171340942383,-0.19906585693359,232.09544372559,161.14419555664,346.90707397461,3.2185468673706,true,false,false,false,45,-45,-0.00047922134399414,-0.00038337707519531
7033,SAMPLE,ALIGNING,true,1,45,0,0,-0.36171340942383,-0.26906585693359,0.0,-0.07,-0.36171340942383,-0.19906585693359,232.09544372559,161.14419555664,346.90707397461,3.2185468673706,true,false,false,false,45,-45,0.0,0.0
7034,SAMPLE,ALIGNING,true,1,45,0,0,-0.3622407913208,-0.26944971084595,0.0,-0.07,-0.3622407913208,-0.19944971084595,232.21124267578,161.23477172852,347.36709594727,3.2237162590027,true,false,false,false,45,-45,-0.00052738189697266,-0.00038385391235352
7035,SAMPLE,ALIGNING,true,1,45,0,0,-0.3622407913208,-0.26944971084595,0.0,-0.07,-0.3622407913208,-0.19944971084595,232.21124267578,161.23477172852,347.36709594727,3.2237162590027,true,false,false,false,45,-45,0.0,0.0
7036,SAMPLE,ALIGNING,true,1,45,0,0,-0.3622407913208,-0.26944971084595,0.0,-0.07,-0.3622407913208,-0.19944971084595,232.21124267578,161.23477172852,347.36709594727,3.2237162590027,true,false,false,false,45,-45,0.0,0.0
7037,SAMPLE,ALIGNING,true,1,45,0,0,-0.36276769638062,-0.26978492736816,0.0,-0.07,-0.36276769638062,-0.19978492736816,232.31951904297,161.31962585449,347.79678344727,3.2285499572754,true,false,false,false,45,-45,-0.00052690505981445,-0.0003352165222168
7038,SAMPLE,ALIGNING,true,1,45,0,0,-0.36276769638062,-0.26978492736816,0.0,-0.07,-0.36276769638062,-0.19978492736816,232.31951904297,161.31962585449,347.79678344727,3.2285499572754,true,false,false,false,45,-45,0.0,0.0
7039,SAMPLE,ALIGNING,true,1,45,0,0,-0.36310338973999,-0.27016878128052,0.0,-0.07,-0.36310338973999,-0.20016878128052,232.39695739746,161.40272521973,348.09643554688,3.2320075035095,true,false,false,false,45,-45,-0.000335693359375,-0.00038385391235352
7040,SAMPLE,ALIGNING,true,1,45,0,0,-0.36310338973999,-0.27016878128052,0.0,-0.07,-0.36310338973999,-0.20016878128052,232.39695739746,161.40272521973,348.09643554688,3.2320075035095,true,false,false,false,45,-45,0.0,0.0
7041,SAMPLE,ALIGNING,true,1,45,0,0,-0.36310338973999,-0.27016878128052,0.0,-0.07,-0.36310338973999,-0.20016878128052,232.39695739746,161.40272521973,348.09643554688,3.2320075035095,true,false,false,false,45,-45,0.0,0.0
7042,SAMPLE,ALIGNING,true,1,45,0,0,-0.36319971084595,-0.2684907913208,0.0,-0.07,-0.36319971084595,-0.1984907913208,232.4248046875,161.05058288574,348.33102416992,3.2332501411438,true,false,false,false,45,-45,-9.6321105957031e-05,0.0016779899597168
7043,SAMPLE,ALIGNING,true,1,45,0,0,-0.36319971084595,-0.2684907913208,0.0,-0.07,-0.36319971084595,-0.1984907913208,232.4248046875,161.05058288574,348.33102416992,3.2332501411438,true,false,false,false,45,-45,0.0,0.0
7044,SAMPLE,ALIGNING,true,1,45,0,0,-0.36295986175537,-0.26259422302246,0.0,-0.07,-0.36295986175537,-0.19259422302246,232.36766052246,159.79205322266,348.49990844727,3.230699300766,true,false,false,false,45,-43,0.00023984909057617,0.0058965682983398
7045,SAMPLE,ALIGNING,true,1,45,0,0,-0.36295986175537,-0.26259422302246,0.0,-0.07,-0.36295986175537,-0.19259422302246,232.36766052246,159.79205322266,348.49990844727,3.230699300766,true,false,false,false,45,-43,0.0,0.0
7046,SAMPLE,ALIGNING,true,1,45,0,0,-0.36295986175537,-0.26259422302246,0.0,-0.07,-0.36295986175537,-0.19259422302246,232.36766052246,159.79205322266,348.49990844727,3.230699300766,true,false,false,false,45,-43,0.0,0.0
7047,SAMPLE,ALIGNING,true,1,45,0,0,-0.36310338973999,-0.25243186950684,0.0,-0.07,-0.36310338973999,-0.18243186950684,232.39276123047,157.64306640625,349.28067016602,3.2318198680878,true,false,false,false,45,-41,-0.00014352798461914,0.010162353515625
7048,SAMPLE,ALIGNING,true,1,45,0,0,-0.36310338973999,-0.25243186950684,0.0,-0.07,-0.36310338973999,-0.18243186950684,232.39276123047,157.64306640625,349.28067016602,3.2318198680878,true,false,false,false,45,-41,0.0,0.0
7049,SAMPLE,ALIGNING,true,1,45,0,0,-0.36310338973999,-0.25243186950684,0.0,-0.07,-0.36310338973999,-0.18243186950684,232.39276123047,157.64306640625,349.28067016602,3.2318198680878,true,false,false,false,45,-41,0.0,0.0
7050,SAMPLE,ALIGNING,true,1,45,0,0,-0.36482954025269,-0.23953628540039,0.0,-0.07,-0.36482954025269,-0.16953628540039,232.7700958252,154.96131896973,351.67446899414,3.2486653327942,true,false,false,false,45,-38,-0.0017261505126953,0.012895584106445
7051,SAMPLE,ALIGNING,true,1,45,0,0,-0.36482954025269,-0.23953628540039,0.0,-0.07,-0.36482954025269,-0.16953628540039,232.7700958252,154.96131896973,351.67446899414,3.2486653327942,true,false,false,false,45,-38,0.0,0.0
7052,SAMPLE,ALIGNING,true,1,45,0,0,-0.3667950630188,-0.22649765014648,0.0,-0.07,-0.3667950630188,-0.15649765014648,233.20333862305,152.26031494141,354.25802612305,3.2680070400238,true,false,false,false,45,-35,-0.0019655227661133,0.013038635253906
7053,SAMPLE,ALIGNING,true,1,45,0,0,-0.3667950630188,-0.22649765014648,0.0,-0.07,-0.3667950630188,-0.15649765014648,233.20333862305,152.26031494141,354.25802612305,3.2680070400238,true,false,false,false,45,-35,0.0,0.0
7054,SAMPLE,ALIGNING,true,1,45,0,0,-0.3667950630188,-0.22649765014648,0.0,-0.07,-0.3667950630188,-0.15649765014648,233.20333862305,152.26031494141,354.25802612305,3.2680070400238,true,false,false,false,45,-35,0.0,0.0
7055,SAMPLE,ALIGNING,true,1,45,0,0,-0.36780118942261,-0.21441745758057,0.0,-0.07,-0.36780118942261,-0.14441745758057,233.4296875,149.74479675293,355.86541748047,3.2781109809875,true,false,false,false,45,-33,-0.0010061264038086,0.012080192565918
7056,SAMPLE,ALIGNING,true,1,45,0,0,-0.36780118942261,-0.21441745758057,0.0,-0.07,-0.36780118942261,-0.14441745758057,233.4296875,149.74479675293,355.86541748047,3.2781109809875,true,false,false,false,45,-33,0.0,0.0
7057,SAMPLE,ALIGNING,true,1,45,0,0,-0.27767896652222,-0.18038129806519,0.0,-0.07,-0.27767896652222,-0.11038129806519,214.30859375,141.99925231934,272.45245361328,2.4244909286499,true,false,false,false,45,-25,0.090122222900391,0.034036159515381
7058,SAMPLE,ALIGNING,true,1,45,0,0,-0.27767896652222,-0.18038129806519,0.0,-0.07,-0.27767896652222,-0.11038129806519,214.30859375,141.99925231934,272.45245361328,2.4244909286499,true,false,false,false,45,-25,0.0,0.0
7059,SAMPLE,ALIGNING,true,1,45,0,0,-0.27767896652222,-0.18038129806519,0.0,-0.07,-0.27767896652222,-0.11038129806519,214.30859375,141.99925231934,272.45245361328,2.4244909286499,true,false,false,false,45,-25,0.0,0.0
7060,SAMPLE,ALIGNING,true,1,45,0,0,-0.20773792266846,-0.15315294265747,0.0,-0.07,-0.20773792266846,-0.083152942657471,200.16662597656,136.2706451416,205.56929016113,1.7931535243988,true,false,false,false,45,-19,0.06994104385376,0.027228355407715
7061,SAMPLE,ALIGNING,true,1,45,0,0,-0.20773792266846,-0.15315294265747,0.0,-0.07,-0.20773792266846,-0.083152942657471,200.16662597656,136.2706451416,205.56929016113,1.7931535243988,true,false,false,false,45,-19,0.0,0.0
7062,SAMPLE,ALIGNING,true,1,45,0,0,-0.1332426071167,-0.12357521057129,0.0,-0.07,-0.1332426071167,-0.053575210571289,185.54823303223,130.3490447998,132.71171569824,1.1405462026596,true,false,false,false,37,-13,0.074495315551758,0.029577732086182
7063,SAMPLE,ALIGNING,true,1,45,0,0,-0.1332426071167,-0.12357521057129,0.0,-0.07,-0.1332426071167,-0.053575210571289,185.54823303223,130.3490447998,132.71171569824,1.1405462026596,true,false,false,false,37,-13,0.0,0.0
7064,SAMPLE,ALIGNING,true,1,45,0,0,-0.1332426071167,-0.12357521057129,0.0,-0.07,-0.1332426071167,-0.053575210571289,185.54823303223,130.3490447998,132.71171569824,1.1405462026596,true,false,false,false,37,-13,0.0,0.0
7065,SAMPLE,ALIGNING,true,1,45,0,0,-0.085065364837646,-0.10416030883789,0.0,-0.07,-0.085065364837646,-0.034160308837891,176.25010681152,126.58257293701,84.932075500488,0.72545129060745,true,false,false,false,24,-9,0.048177242279053,0.019414901733398
7066,SAMPLE,ALIGNING,true,1,45,0,0,-0.085065364837646,-0.10416030883789,0.0,-0.07,-0.085065364837646,-0.034160308837891,176.25010681152,126.58257293701,84.932075500488,0.72545129060745,true,false,false,false,24,-9,0.0,0.0
7067,SAMPLE,ALIGNING,true,1,45,0,0,-0.085065364837646,-0.10416030883789,0.0,-0.07,-0.085065364837646,-0.034160308837891,170.33598327637,124.18688201904,54.157150268555,0.46142765879631,true,false,false,false,24,-9,0.0,0.0
7068,SAMPLE,ALIGNING,true,1,45,0,0,-0.054145336151123,-0.091696739196777,0.0,-0.07,-0.054145336151123,-0.021696739196777,170.33598327637,124.18688201904,54.157150268555,0.46142765879631,true,false,true,false,15,-6,0.030920028686523,0.012463569641113
7069,SAMPLE,ALIGNING,true,1,45,0,0,-0.054145336151123,-0.091696739196777,0.0,-0.07,-0.054145336151123,-0.021696739196777,170.33598327637,124.18688201904,54.157150268555,0.46142765879631,true,false,true,false,15,-6,0.0,0.0
7070,SAMPLE,ALIGNING,true,1,45,0,0,-0.034443378448486,-0.083691120147705,0.0,-0.07,-0.034443378448486,-0.013691120147705,166.57426452637,122.66309356689,34.482051849365,0.29349383711815,true,false,true,false,10,-5,0.019701957702637,0.0080056190490723
7071,SAMPLE,ALIGNING,true,1,45,0,0,-0.034443378448486,-0.083691120147705,0.0,-0.07,-0.034443378448486,-0.013691120147705,166.57426452637,122.66309356689,34.482051849365,0.29349383711815,true,false,true,false,10,-5,0.0,0.0
7072,SAMPLE,ALIGNING,true,1,45,0,0,-0.034443378448486,-0.083691120147705,0.0,-0.07,-0.034443378448486,-0.013691120147705,166.57426452637,122.66309356689,34.482051849365,0.29349383711815,true,false,true,false,10,-5,0.0,0.0
7073,SAMPLE,ALIGNING,true,1,45,0,0,-0.025431156158447,-0.080095767974854,0.0,-0.07,-0.025431156158447,-0.010095767974854,164.86231994629,121.96961975098,25.510890960693,0.21706803143024,true,false,true,false,7,-5,0.0090122222900391,0.0035953521728516
7074,SAMPLE,ALIGNING,true,1,45,0,0,-0.025431156158447,-0.080095767974854,0.0,-0.07,-0.025431156158447,-0.010095767974854,164.86231994629,121.96961975098,25.510890960693,0.21706803143024,true,false,true,false,7,-5,0.0,0.0
7075,SAMPLE,ALIGNING,true,1,44,1,0,-0.018815517425537,-0.077411651611328,0.0,-0.07,-0.018815517425537,-0.0074116516113281,163.59617614746,121.45673370361,18.871114730835,0.16054353117943,false,true,true,true,5,-5,0.0066156387329102,0.0026841163635254
7076,SAMPLE,ALIGNING,true,1,43,2,0,-0.018815517425537,-0.077411651611328,0.0,-0.07,-0.018815517425537,-0.0074116516113281,163.59617614746,121.45673370361,18.871114730835,0.16054353117943,false,true,true,true,5,-5,0.0,0.0
7077,SAMPLE,ALIGNING,true,1,42,3,0,-0.018815517425537,-0.077411651611328,0.0,-0.07,-0.018815517425537,-0.0074116516113281,163.59617614746,121.45673370361,18.871114730835,0.16054353117943,false,true,true,true,5,-5,0.0,0.0
7078,SAMPLE,ALIGNING,true,1,41,4,0,-0.011960506439209,-0.074630737304688,0.0,-0.07,-0.011960506439209,-0.0046307373046875,162.28736877441,120.92656707764,12.004565238953,0.10211468487978,false,true,true,true,4,-5,0.0068550109863281,0.0027809143066406
7079,STABLE,STABLE,true,1,40,5,0,-0.011960506439209,-0.074630737304688,0.0,-0.07,-0.011960506439209,-0.0046307373046875,162.28736877441,120.92656707764,12.004565238953,0.10211468487978,false,true,true,true,0,0,0.0,0.0
7080,SAMPLE,STABLE,true,1,45,6,0,-0.0075984001159668,-0.07285737991333,0.0,-0.07,-0.0075984001159668,-0.0028573799133301,161.45489501953,120.58934783936,7.635959148407,0.064950659871101,false,true,true,true,0,0,0.0043621063232422,0.0017733573913574
7081,SAMPLE,STABLE,true,1,45,7,0,-0.0075984001159668,-0.07285737991333,0.0,-0.07,-0.0075984001159668,-0.0028573799133301,161.45489501953,120.58934783936,7.635959148407,0.064950659871101,false,true,true,true,0,0,0.0,0.0
7082,SAMPLE,STABLE,true,1,45,8,0,-0.0075984001159668,-0.07285737991333,0.0,-0.07,-0.0075984001159668,-0.0028573799133301,161.45489501953,120.58934783936,7.635959148407,0.064950659871101,false,true,true,true,0,0,0.0,0.0
7083,SAMPLE,STABLE,true,1,45,9,0,-0.0048174858093262,-0.071706771850586,0.0,-0.07,-0.0048174858093262,-0.0017067718505859,160.92539978027,120.3748550415,4.8570222854614,0.041312258690596,false,true,true,true,0,0,0.0027809143066406,0.0011506080627441
7084,SAMPLE,STABLE,true,1,45,10,0,-0.0048174858093262,-0.071706771850586,0.0,-0.07,-0.0048174858093262,-0.0017067718505859,160.92539978027,120.3748550415,4.8570222854614,0.041312258690596,false,true,true,true,0,0,0.0,0.0
7085,SAMPLE,STABLE,true,1,45,11,0,-0.0048174858093262,-0.071706771850586,0.0,-0.07,-0.0048174858093262,-0.0017067718505859,160.68441772461,120.27724456787,3.5922341346741,0.030554547905922,false,true,true,true,0,0,0.0,0.0
7086,SAMPLE,STABLE,true,1,45,12,0,-0.0035233497619629,-0.071179389953613,0.0,-0.07,-0.0035233497619629,-0.0011793899536133,160.68441772461,120.27724456787,3.5922341346741,0.030554547905922,false,true,true,true,0,0,0.0012941360473633,0.00052738189697266
7087,SAMPLE,STABLE,true,1,45,13,0,-0.0035233497619629,-0.071179389953613,0.0,-0.07,-0.0035233497619629,-0.0011793899536133,160.68441772461,120.27724456787,3.5922341346741,0.030554547905922,false,true,true,true,0,0,0.0,0.0
7088,SAMPLE,STABLE,true,1,45,14,0,-0.0022292137145996,-0.070700168609619,0.0,-0.07,-0.0022292137145996,-0.00070016860961913,160.43533325195,120.1763458252,2.2848999500275,0.019434405490756,false,true,true,true,0,0,0.0012941360473633,0.00047922134399414
7089,SAMPLE,STABLE,true,1,45,15,0,-0.0022292137145996,-0.070700168609619,0.0,-0.07,-0.0022292137145996,-0.00070016860961913,160.43533325195,120.1763458252,2.2848999500275,0.019434405490756,false,true,true,true,0,0,0.0,0.0
7090,SAMPLE,STABLE,true,1,45,16,0,-0.0016536712646484,-0.070460319519043,0.0,-0.07,-0.0016536712646484,-0.00046031951904296,160.32197570801,120.13042449951,1.6899312734604,0.01437368709594,false,true,true,true,0,0,0.00057554244995117,0.00023984909057617
7091,SAMPLE,STABLE,true,1,45,17,0,-0.0016536712646484,-0.070460319519043,0.0,-0.07,-0.0016536712646484,-0.00046031951904296,160.32197570801,120.13042449951,1.6899312734604,0.01437368709594,false,true,true,true,0,0,0.0,0.0
7092,SAMPLE,STABLE,true,1,45,18,0,-0.0016536712646484,-0.070460319519043,0.0,-0.07,-0.0016536712646484,-0.00046031951904296,160.32197570801,120.13042449951,1.6899312734604,0.01437368709594,false,true,true,true,0,0,0.0,0.0
7093,SAMPLE,STABLE,true,1,45,19,0,-0.0011744499206543,-0.070268630981445,0.0,-0.07,-0.0011744499206543,-0.00026863098144531,160.23812866211,120.09645843506,1.249850153923,0.010630778968334,false,true,true,true,0,0,0.00047922134399414,0.00019168853759766
7094,SAMPLE,STABLE,true,1,45,20,0,-0.0011744499206543,-0.070268630981445,0.0,-0.07,-0.0011744499206543,-0.00026863098144531,160.23812866211,120.09645843506,1.249850153923,0.010630778968334,false,true,true,true,0,0,0.0,0.0
7095,SAMPLE,STABLE,true,1,45,21,0,-0.00088691711425781,-0.070124626159668,0.0,-0.07,-0.00088691711425781,-0.00012462615966796,160.17611694336,120.07134246826,0.92437368631363,0.0078625241294503,false,true,true,true,0,0,0.00028753280639648,0.00014400482177734
7096,SAMPLE,STABLE,true,1,45,22,0,-0.00088691711425781,-0.070124626159668,0.0,-0.07,-0.00088691711425781,-0.00012462615966796,160.17611694336,120.07134246826,0.92437368631363,0.0078625241294503,false,true,true,true,0,0,0.0,0.0
7097,SAMPLE,STABLE,true,1,45,23,0,-0.00088691711425781,-0.070124626159668,0.0,-0.07,-0.00088691711425781,-0.00012462615966796,160.13026428223,120.05276489258,0.68370991945267,0.0058151227422059,false,true,true,true,0,0,0.0,0.0
7098,SAMPLE,STABLE,true,1,45,24,0,-0.00064706802368164,-0.070028781890869,0.0,-0.07,-0.00064706802368164,-2.8781890869134e-05,160.13026428223,120.05276489258,0.68370991945267,0.0058151227422059,false,true,true,true,0,0,0.00023984909057617,9.5844268798828e-05
7099,SAMPLE,STABLE,true,1,45,25,0,-0.00064706802368164,-0.070028781890869,0.0,-0.07,-0.00064706802368164,-2.8781890869134e-05,160.13026428223,120.05276489258,0.68370991945267,0.0058151227422059,false,true,true,true,0,0,0.0,0.0
7100,SAMPLE,STABLE,true,1,45,26,0,-0.00035953521728516,-0.06993293762207,0.0,-0.07,-0.00035953521728516,6.7062377929694e-05,160.08285522461,120.03356170654,0.43487706780434,0.0036987438797951,false,true,true,true,0,0,0.00028753280639648,9.5844268798828e-05
7101,SAMPLE,STABLE,true,1,45,27,0,-0.00035953521728516,-0.06993293762207,0.0,-0.07,-0.00035953521728516,6.7062377929694e-05,160.08285522461,120.03356170654,0.43487706780434,0.0036987438797951,false,true,true,true,0,0,0.0,0.0
7102,SAMPLE,STABLE,true,1,45,28,0,-0.00035953521728516,-0.06993293762207,0.0,-0.07,-0.00035953521728516,6.7062377929694e-05,160.08285522461,120.03356170654,0.43487706780434,0.0036987438797951,false,true,true,true,0,0,0.0,0.0
7103,SAMPLE,STABLE,true,1,45,29,0,-0.00021553039550781,-0.069837093353271,0.0,-0.07,-0.00021553039550781,0.00016290664672852,160.05270385742,120.0213470459,0.27662348747253,0.0023526083678007,false,true,true,true,0,0,0.00014400482177734,9.5844268798828e-05
7104,SAMPLE,STABLE,true,1,45,30,0,-0.00021553039550781,-0.069837093353271,0.0,-0.07,-0.00021553039550781,0.00016290664672852,160.05270385742,120.0213470459,0.27662348747253,0.0023526083678007,false,true,true,true,0,0,0.0,0.0
7105,SAMPLE,STABLE,true,1,45,31,0,-0.00011968612670898,-0.069837093353271,0.0,-0.07,-0.00011968612670898,0.00016290664672852,160.03897094727,120.01578521729,0.20454441010952,0.0017399892676622,false,true,true,true,0,0,9.5844268798828e-05,0.0
7106,SAMPLE,STABLE,true,1,45,32,0,-0.00011968612670898,-0.069837093353271,0.0,-0.07,-0.00011968612670898,0.00016290664672852,160.03897094727,120.01578521729,0.20454441010952,0.0017399892676622,false,true,true,true,0,0,0.0,0.0
7107,SAMPLE,STABLE,true,1,45,33,0,-7.2002410888672e-05,-0.069837093353271,0.0,-0.07,-7.2002410888672e-05,0.00016290664672852,160.02882385254,120.01168060303,0.15128597617149,0.0012868960620835,false,true,true,true,0,0,4.7683715820313e-05,0.0
7108,SAMPLE,STABLE,true,1,45,34,0,-7.2002410888672e-05,-0.069837093353271,0.0,-0.07,-7.2002410888672e-05,0.00016290664672852,160.02882385254,120.01168060303,0.15128597617149,0.0012868960620835,false,true,true,true,0,0,0.0,0.0
7109,SAMPLE,STABLE,true,1,45,35,0,-7.2002410888672e-05,-0.069837093353271,0.0,-0.07,-7.2002410888672e-05,0.00016290664672852,160.02882385254,120.01168060303,0.15128597617149,0.0012868960620835,false,true,true,true,0,0,0.0,0.0
7110,SAMPLE,STABLE,true,1,45,36,0,-2.3841857910156e-05,-0.069789208471775,0.0,-0.07,-2.3841857910156e-05,0.00021079152822495,160.01834106445,120.00743103027,0.096265614032745,0.00081853801384568,false,true,true,true,0,0,4.8160552978516e-05,4.7884881496429e-05
7111,SAMPLE,STABLE,true,1,45,37,0,-2.3841857910156e-05,-0.069789208471775,0.0,-0.07,-2.3841857910156e-05,0.00021079152822495,160.01834106445,120.00743103027,0.096265614032745,0.00081853801384568,false,true,true,true,0,0,0.0,0.0
7112,SAMPLE,STABLE,true,1,45,38,0,-2.3841857910156e-05,-0.069837093353271,0.0,-0.07,-2.3841857910156e-05,0.00016290664672852,160.01356506348,120.00549316406,0.071198113262653,0.00060539075639099,false,true,true,true,0,0,0.0,-4.7884881496429e-05
7113,SAMPLE,STABLE,true,1,45,39,0,-2.3841857910156e-05,-0.069837093353271,0.0,-0.07,-2.3841857910156e-05,0.00016290664672852,160.01356506348,120.00549316406,0.071198113262653,0.00060539075639099,false,true,true,true,0,0,0.0,0.0
7114,SAMPLE,STABLE,true,1,45,40,0,-2.3841857910156e-05,-0.069837093353271,0.0,-0.07,-2.3841857910156e-05,0.00016290664672852,160.01356506348,120.00549316406,0.071198113262653,0.00060539075639099,false,true,true,true,0,0,0.0,0.0
7115,SAMPLE,STABLE,true,1,45,41,0,2.3961067199707e-05,-0.069837093353271,0.0,-0.07,2.3961067199707e-05,0.00016290664672852,160.00862121582,120.0034942627,0.04524964094162,0.0003850624198094,false,true,true,true,0,0,4.7802925109863e-05,0.0
7116,SAMPLE,STABLE,true,1,45,42,0,2.3961067199707e-05,-0.069837093353271,0.0,-0.07,2.3961067199707e-05,0.00016290664672852,160.00862121582,120.0034942627,0.04524964094162,0.0003850624198094,false,true,true,true,0,0,0.0,0.0
7117,SAMPLE,STABLE,true,1,45,43,0,-2.3841857910156e-05,-0.069837093353271,0.0,-0.07,-2.3841857910156e-05,0.00016290664672852,160.00549316406,120.00222015381,0.028831630945206,0.00024492127704434,false,true,true,true,0,0,-4.7802925109863e-05,0.0
7118,SAMPLE,STABLE,true,1,45,44,0,-2.3841857910156e-05,-0.069837093353271,0.0,-0.07,-2.3841857910156e-05,0.00016290664672852,160.00549316406,120.00222015381,0.028831630945206,0.00024492127704434,false,true,true,true,0,0,0.0,0.0
7119,SAMPLE,STABLE,true,1,45,45,0,-2.3841857910156e-05,-0.069837093353271,0.0,-0.07,-2.3841857910156e-05,0.00016290664672852,160.00549316406,120.00222015381,0.028831630945206,0.00024492127704434,false,true,true,true,0,0,0.0,0.0
7120,SAMPLE,STABLE,true,1,45,46,0,-2.3841857910156e-05,-0.069837093353271,0.0,-0.07,-2.3841857910156e-05,0.00016290664672852,160.0034942627,120.00141143799,0.018340120092034,0.00015578365128022,false,true,true,true,0,0,0.0,0.0
7121,SAMPLE,STABLE,true,1,45,47,0,-2.3841857910156e-05,-0.069837093353271,0.0,-0.07,-2.3841857910156e-05,0.00016290664672852,160.0034942627,120.00141143799,0.018340120092034,0.00015578365128022,false,true,true,true,0,0,0.0,0.0
7122,SAMPLE,STABLE,true,1,45,48,0,-2.3841857910156e-05,-0.069837093353271,0.0,-0.07,-2.3841857910156e-05,0.00016290664672852,160.00257873535,120.00104522705,0.013534849509597,0.00011521759006428,false,true,true,true,0,0,0.0,0.0
7123,SAMPLE,STABLE,true,1,45,49,0,-2.3841857910156e-05,-0.069837093353271,0.0,-0.07,-2.3841857910156e-05,0.00016290664672852,160.00257873535,120.00104522705,0.013534849509597,0.00011521759006428,false,true,true,true,0,0,0.0,0.0
7124,SAMPLE,STABLE,true,1,45,50,0,-2.3841857910156e-05,-0.069837093353271,0.0,-0.07,-2.3841857910156e-05,0.00016290664672852,160.00190734863,120.00077056885,0.010010982863605,8.5214931459632e-05,false,true,true,true,0,0,0.0,0.0
7125,SAMPLE,STABLE,true,1,45,51,0,-2.3841857910156e-05,-0.069837093353271,0.0,-0.07,-2.3841857910156e-05,0.00016290664672852,160.00190734863,120.00077056885,0.010010982863605,8.5214931459632e-05,false,true,true,true,0,0,0.0,0.0
7126,SAMPLE,STABLE,true,1,45,52,0,-2.3841857910156e-05,-0.069837093353271,0.0,-0.07,-2.3841857910156e-05,0.00016290664672852,160.00190734863,120.00077056885,0.010010982863605,8.5214931459632e-05,false,true,true,true,0,0,0.0,0.0
7127,SAMPLE,STABLE,true,1,45,53,0,-2.3841857910156e-05,-0.069837093353271,0.0,-0.07,-2.3841857910156e-05,0.00016290664672852,160.00141906738,120.00057220459,0.0074481712654233,6.3024963310454e-05,false,true,true,true,0,0,0.0,0.0
7128,SAMPLE,STABLE,true,1,45,54,0,-2.3841857910156e-05,-0.069837093353271,0.0,-0.07,-2.3841857910156e-05,0.00016290664672852,160.00141906738,120.00057220459,0.0074481712654233,6.3024963310454e-05,false,true,true,true,0,0,0.0,0.0
7129,SAMPLE,STABLE,true,1,45,55,0,-2.3841857910156e-05,-0.069837093353271,0.0,-0.07,-2.3841857910156e-05,0.00016290664672852,160.00103759766,120.0004196167,0.0054459748789668,4.6613262384199e-05,false,true,true,true,0,0,0.0,0.0
7130,SAMPLE,STABLE,true,1,45,56,0,-2.3841857910156e-05,-0.069837093353271,0.0,-0.07,-2.3841857910156e-05,0.00016290664672852,160.00103759766,120.0004196167,0.0054459748789668,4.6613262384199e-05,false,true,true,true,0,0,0.0,0.0
7131,SAMPLE,STABLE,true,1,45,57,0,-2.3841857910156e-05,-0.069837093353271,0.0,-0.07,-2.3841857910156e-05,0.00016290664672852,160.00103759766,120.0004196167,0.0054459748789668,4.6613262384199e-05,false,true,true,true,0,0,0.0,0.0
7132,SAMPLE,STABLE,true,1,45,58,0,-2.3841857910156e-05,-0.069837093353271,0.0,-0.07,-2.3841857910156e-05,0.00016290664672852,160.00067138672,120.00026702881,0.0035238661803305,2.9648645067937e-05,false,true,true,true,0,0,0.0,0.0
7133,SAMPLE,STABLE,true,1,45,59,0,-2.3841857910156e-05,-0.069837093353271,0.0,-0.07,-2.3841857910156e-05,0.00016290664672852,160.00067138672,120.00026702881,0.0035238661803305,2.9648645067937e-05,false,true,true,true,0,0,0.0,0.0
7134,SAMPLE,STABLE,true,1,45,60,0,-2.3841857910156e-05,-0.069837093353271,0.0,-0.07,-2.3841857910156e-05,0.00016290664672852,160.00042724609,120.00016784668,0.002242460148409,1.8858199837268e-05,false,true,true,true,0,0,0.0,0.0
7135,SAMPLE,STABLE,true,1,45,61,0,-2.3841857910156e-05,-0.069837093353271,0.0,-0.07,-2.3841857910156e-05,0.00016290664672852,160.00042724609,120.00016784668,0.002242460148409,1.8858199837268e-05,false,true,true,true,0,0,0.0,0.0
7136,SAMPLE,STABLE,true,1,45,62,0,-2.3841857910156e-05,-0.069837093353271,0.0,-0.07,-2.3841857910156e-05,0.00016290664672852,160.00042724609,120.00016784668,0.002242460148409,1.8858199837268e-05,false,true,true,true,0,0,0.0,0.0
7137,SAMPLE,STABLE,true,1,45,63,0,-2.3841857910156e-05,-0.069837093353271,0.0,-0.07,-2.3841857910156e-05,0.00016290664672852,160.0002746582,120.00010681152,0.0014415816403925,1.1994870874332e-05,false,true,true,true,0,0,0.0,0.0
7138,SAMPLE,STABLE,true,1,45,64,0,-2.3841857910156e-05,-0.069837093353271,0.0,-0.07,-2.3841857910156e-05,0.00016290664672852,160.0002746582,120.00010681152,0.0014415816403925,1.1994870874332e-05,false,true,true,true,0,0,0.0,0.0
7139,SAMPLE,STABLE,true,1,45,65,0,-2.3841857910156e-05,-0.069837093353271,0.0,-0.07,-2.3841857910156e-05,0.00016290664672852,160.00019836426,120.00008392334,0.001041142269969,8.871406862454e-06,false,true,true,true,0,0,0.0,0.0
7140,SAMPLE,STABLE,true,1,45,66,0,-2.3841857910156e-05,-0.069837093353271,0.0,-0.07,-2.3841857910156e-05,0.00016290664672852,160.00019836426,120.00008392334,0.001041142269969,8.871406862454e-06,false,true,true,true,0,0,0.0,0.0
7141,SAMPLE,STABLE,true,1,45,67,0,-2.3841857910156e-05,-0.069837093353271,0.0,-0.07,-2.3841857910156e-05,0.00016290664672852,160.00019836426,120.00008392334,0.001041142269969,8.871406862454e-06,false,true,true,true,0,0,0.0,0.0
7142,SAMPLE,STABLE,true,1,45,68,0,-2.3841857910156e-05,-0.069837093353271,0.0,-0.07,-2.3841857910156e-05,0.00016290664672852,160.00015258789,120.00006103516,0.00080087862443179,6.5612925936875e-06,false,true,true,true,0,0,0.0,0.0
7143,SAMPLE,STABLE,true,1,45,69,0,-2.3841857910156e-05,-0.069837093353271,0.0,-0.07,-2.3841857910156e-05,0.00016290664672852,160.00015258789,120.00006103516,0.00080087862443179,6.5612925936875e-06,false,true,true,true,0,0,0.0,0.0
7144,SAMPLE,STABLE,true,1,45,70,0,-2.3841857910156e-05,-0.069837093353271,0.0,-0.07,-2.3841857910156e-05,0.00016290664672852,160.00010681152,120.00004577637,0.00056061503710225,4.8527322178415e-06,false,true,true,true,0,0,0.0,0.0
7145,SAMPLE,STABLE,true,1,45,71,0,-2.3841857910156e-05,-0.069837093353271,0.0,-0.07,-2.3841857910156e-05,0.00016290664672852,160.00010681152,120.00004577637,0.00056061503710225,4.8527322178415e-06,false,true,true,true,0,0,0.0,0.0
7146,SAMPLE,STABLE,true,1,45,72,0,-2.3841857910156e-05,-0.069837093353271,0.0,-0.07,-2.3841857910156e-05,0.00016290664672852,160.00007629395,120.00003051758,0.00040043931221589,3.5890807339456e-06,false,true,true,true,0,0,0.0,0.0
7147,SAMPLE,STABLE,true,1,45,73,0,-2.3841857910156e-05,-0.069837093353271,0.0,-0.07,-2.3841857910156e-05,0.00016290664672852,160.00007629395,120.00003051758,0.00040043931221589,3.5890807339456e-06,false,true,true,true,0,0,0.0,0.0
7148,SAMPLE,STABLE,true,1,45,74,0,-2.3841857910156e-05,-0.069837093353271,0.0,-0.07,-2.3841857910156e-05,0.00016290664672852,160.00007629395,120.00003051758,0.00040043931221589,3.5890807339456e-06,false,true,true,true,0,0,0.0,0.0
7149,SAMPLE,STABLE,true,1,45,75,0,-2.3841857910156e-05,-0.069837093353271,0.0,-0.07,-2.3841857910156e-05,0.00016290664672852,160.00006103516,120.00002288818,0.00032035144977272,2.6544842057774e-06,false,true,true,true,0,0,0.0,0.0
7150,SAMPLE,STABLE,true,1,45,76,0,-2.3841857910156e-05,-0.069837093353271,0.0,-0.07,-2.3841857910156e-05,0.00016290664672852,160.00006103516,120.00002288818,0.00032035144977272,2.6544842057774e-06,false,true,true,true,0,0,0.0,0.0
7151,SAMPLE,STABLE,true,1,45,77,0,-2.3841857910156e-05,-0.069837093353271,0.0,-0.07,-2.3841857910156e-05,0.00016290664672852,160.00004577637,120.00001525879,0.00024026360188145,1.9632566363725e-06,false,true,true,true,0,0,0.0,0.0
7152,SAMPLE,STABLE,true,1,45,78,0,-2.3841857910156e-05,-0.069837093353271,0.0,-0.07,-2.3841857910156e-05,0.00016290664672852,160.00004577637,120.00001525879,0.00024026360188145,1.9632566363725e-06,false,true,true,true,0,0,0.0,0.0
7153,SAMPLE,STABLE,true,1,45,79,0,-2.3841857910156e-05,-0.069837093353271,0.0,-0.07,-2.3841857910156e-05,0.00016290664672852,160.00003051758,120.00001525879,0.00016017572488636,1.4520246622851e-06,false,true,true,true,0,0,0.0,0.0
7154,SAMPLE,STABLE,true,1,45,80,0,-2.3841857910156e-05,-0.069837093353271,0.0,-0.07,-2.3841857910156e-05,0.00016290664672852,160.00003051758,120.00001525879,0.00016017572488636,1.4520246622851e-06,false,true,true,true,0,0,0.0,0.0
7155,SAMPLE,STABLE,true,1,45,81,0,-2.3841857910156e-05,-0.069837093353271,0.0,-0.07,-2.3841857910156e-05,0.00016290664672852,160.00003051758,120.00001525879,0.00016017572488636,1.4520246622851e-06,false,true,true,true,0,0,0.0,0.0
7156,SAMPLE,STABLE,true,1,45,82,0,-2.3841857910156e-05,-0.069837093353271,0.0,-0.07,-2.3841857910156e-05,0.00016290664672852,160.00001525879,120.00000762939,8.0087862443179e-05,9.2356901859603e-07,false,true,true,true,0,0,0.0,0.0
7157,SAMPLE,STABLE,true,1,45,83,0,-2.3841857910156e-05,-0.069837093353271,0.0,-0.07,-2.3841857910156e-05,0.00016290664672852,160.00001525879,120.00000762939,8.0087862443179e-05,9.2356901859603e-07,false,true,true,true,0,0,0.0,0.0
7158,SAMPLE,STABLE,true,1,45,84,0,-2.3841857910156e-05,-0.069837093353271,0.0,-0.07,-2.3841857910156e-05,0.00016290664672852,160.00001525879,120.00000762939,8.0087862443179e-05,9.2356901859603e-07,false,true,true,true,0,0,0.0,0.0
7159,SAMPLE,STABLE,true,1,45,85,0,-2.3841857910156e-05,-0.069837093353271,0.0,-0.07,-2.3841857910156e-05,0.00016290664672852,160.00001525879,120.00000762939,8.0087862443179e-05,5.8744166153701e-07,false,true,true,true,0,0,0.0,0.0
7160,SAMPLE,STABLE,true,1,45,86,0,-2.3841857910156e-05,-0.069837093353271,0.0,-0.07,-2.3841857910156e-05,0.00016290664672852,160.00001525879,120.00000762939,8.0087862443179e-05,5.8744166153701e-07,false,true,true,true,0,0,0.0,0.0
7161,SAMPLE,STABLE,true,1,45,87,0,-2.3841857910156e-05,-0.069837093353271,0.0,-0.07,-2.3841857910156e-05,0.00016290664672852,160.00001525879,120.00000762939,8.0087862443179e-05,4.3447190023471e-07,false,true,true,true,0,0,0.0,0.0
7162,SAMPLE,STABLE,true,1,45,88,0,-2.3841857910156e-05,-0.069837093353271,0.0,-0.07,-2.3841857910156e-05,0.00016290664672852,160.00001525879,120.00000762939,8.0087862443179e-05,4.3447190023471e-07,false,true,true,true,0,0,0.0,0.0
7163,SAMPLE,STABLE,true,1,45,89,0,0.0,-0.069813169538975,0.0,-0.07,0.0,0.00018683046102524,160.0,120.0,0.0,3.2133542049451e-07,false,true,true,true,0,0,2.3841857910156e-05,2.3923814296722e-05
7164,SAMPLE,STABLE,true,1,45,90,0,0.0,-0.069813169538975,0.0,-0.07,0.0,0.00018683046102524,160.0,120.0,0.0,3.2133542049451e-07,false,true,true,true,0,0,0.0,0.0
7165,SAMPLE,STABLE,true,1,45,91,0,0.0,-0.069813169538975,0.0,-0.07,0.0,0.00018683046102524,160.0,120.0,0.0,3.2133542049451e-07,false,true,true,true,0,0,0.0,0.0
7166,SAMPLE,STABLE,true,1,45,92,0,0.0,-0.069813169538975,0.0,-0.07,0.0,0.00018683046102524,160.0,120.0,0.0,2.0438731951344e-07,false,true,true,true,0,0,0.0,0.0
7167,SAMPLE,STABLE,true,1,45,93,0,0.0,-0.069813169538975,0.0,-0.07,0.0,0.00018683046102524,160.0,120.0,0.0,2.0438731951344e-07,false,true,true,true,0,0,0.0,0.0
7168,SAMPLE,STABLE,true,1,45,94,0,0.0,-0.069813169538975,0.0,-0.07,0.0,0.00018683046102524,160.0,120.0,0.0,1.5116486906663e-07,false,true,true,true,0,0,0.0,0.0
7169,SAMPLE,STABLE,true,1,45,95,0,0.0,-0.069813169538975,0.0,-0.07,0.0,0.00018683046102524,160.0,120.0,0.0,1.5116486906663e-07,false,true,true,true,0,0,0.0,0.0
7170,SAMPLE,STABLE,true,1,45,96,0,0.0,-0.069813169538975,0.0,-0.07,0.0,0.00018683046102524,160.0,120.0,0.0,1.5116486906663e-07,false,true,true,true,0,0,0.0,0.0
7171,SAMPLE,STABLE,true,1,45,97,0,0.0,-0.069813169538975,0.0,-0.07,0.0,0.00018683046102524,160.0,120.0,0.0,1.118015475754e-07,false,true,true,true,0,0,0.0,0.0
7172,SAMPLE,STABLE,true,1,45,98,0,0.0,-0.069813169538975,0.0,-0.07,0.0,0.00018683046102524,160.0,120.0,0.0,1.118015475754e-07,false,true,true,true,0,0,0.0,0.0
7173,SAMPLE,STABLE,true,1,45,99,0,0.0,-0.069813169538975,0.0,-0.07,0.0,0.00018683046102524,160.0,120.0,0.0,8.2688430325106e-08,false,true,true,true,0,0,0.0,0.0
7174,SAMPLE,STABLE,true,1,45,100,0,0.0,-0.069813169538975,0.0,-0.07,0.0,0.00018683046102524,160.0,120.0,0.0,8.2688430325106e-08,false,true,true,true,0,0,0.0,0.0
7175,SAMPLE,STABLE,true,1,45,101,0,0.0,-0.069813169538975,0.0,-0.07,0.0,0.00018683046102524,160.0,120.0,0.0,6.115636352888e-08,false,true,true,true,0,0,0.0,0.0
7176,SAMPLE,STABLE,true,1,45,102,0,0.0,-0.069813169538975,0.0,-0.07,0.0,0.00018683046102524,160.0,120.0,0.0,6.115636352888e-08,false,true,true,true,0,0,0.0,0.0
7177,SAMPLE,STABLE,true,1,45,103,0,0.0,-0.069813169538975,0.0,-0.07,0.0,0.00018683046102524,160.0,120.0,0.0,6.115636352888e-08,false,true,true,true,0,0,0.0,0.0
7178,SAMPLE,STABLE,true,1,45,104,0,0.0,-0.069813169538975,0.0,-0.07,0.0,0.00018683046102524,160.0,120.0,0.0,3.8898871679294e-08,false,true,true,true,0,0,0.0,0.0
7179,SAMPLE,STABLE,true,1,45,105,0,0.0,-0.069813169538975,0.0,-0.07,0.0,0.00018683046102524,160.0,120.0,0.0,3.8898871679294e-08,false,true,true,true,0,0,0.0,0.0
7180,SAMPLE,STABLE,true,1,45,106,0,0.0,-0.069813169538975,0.0,-0.07,0.0,0.00018683046102524,160.0,120.0,0.0,2.4741861892608e-08,false,true,true,true,0,0,0.0,0.0
7181,SAMPLE,STABLE,true,1,45,107,0,0.0,-0.069813169538975,0.0,-0.07,0.0,0.00018683046102524,160.0,120.0,0.0,2.4741861892608e-08,false,true,true,true,0,0,0.0,0.0
7182,SAMPLE,STABLE,true,1,45,108,0,0.0,-0.069813169538975,0.0,-0.07,0.0,0.00018683046102524,160.0,120.0,0.0,2.4741861892608e-08,false,true,true,true,0,0,0.0,0.0
7183,SAMPLE,STABLE,true,1,45,109,0,0.0,-0.069813169538975,0.0,-0.07,0.0,0.00018683046102524,160.0,120.0,0.0,1.8299081361306e-08,false,true,true,true,0,0,0.0,0.0
7184,SAMPLE,STABLE,true,1,45,110,0,0.0,-0.069813169538975,0.0,-0.07,0.0,0.00018683046102524,160.0,120.0,0.0,1.8299081361306e-08,false,true,true,true,0,0,0.0,0.0
7185,SAMPLE,STABLE,true,1,45,111,0,0.0,-0.069813169538975,0.0,-0.07,0.0,0.00018683046102524,160.0,120.0,0.0,1.353400147508e-08,false,true,true,true,0,0,0.0,0.0
7186,SAMPLE,STABLE,true,1,45,112,0,0.0,-0.069813169538975,0.0,-0.07,0.0,0.00018683046102524,160.0,120.0,0.0,1.353400147508e-08,false,true,true,true,0,0,0.0,0.0
7187,SAMPLE,STABLE,true,1,45,113,0,0.0,-0.069813169538975,0.0,-0.07,0.0,0.00018683046102524,160.0,120.0,0.0,1.0009747697381e-08,false,true,true,true,0,0,0.0,0.0
7188,SAMPLE,STABLE,true,1,45,114,0,0.0,-0.069813169538975,0.0,-0.07,0.0,0.00018683046102524,160.0,120.0,0.0,1.0009747697381e-08,false,true,true,true,0,0,0.0,0.0
7189,SAMPLE,STABLE,true,1,45,115,0,0.0,-0.069813169538975,0.0,-0.07,0.0,0.00018683046102524,160.0,120.0,0.0,1.0009747697381e-08,false,true,true,true,0,0,0.0,0.0
7190,SAMPLE,STABLE,true,1,45,116,0,0.0,-0.069813169538975,0.0,-0.07,0.0,0.00018683046102524,160.0,120.0,0.0,7.4032096009091e-09,false,true,true,true,0,0,0.0,0.0
7191,SAMPLE,STABLE,true,1,45,117,0,0.0,-0.069813169538975,0.0,-0.07,0.0,0.00018683046102524,160.0,120.0,0.0,7.4032096009091e-09,false,true,true,true,0,0,0.0,0.0
7192,SAMPLE,STABLE,true,1,45,118,0,0.0,-0.069813169538975,0.0,-0.07,0.0,0.00018683046102524,160.0,120.0,0.0,5.4754139000579e-09,false,true,true,true,0,0,0.0,0.0
7193,SAMPLE,STABLE,true,1,45,119,0,0.0,-0.069813169538975,0.0,-0.07,0.0,0.00018683046102524,160.0,120.0,0.0,5.4754139000579e-09,false,true,true,true,0,0,0.0,0.0
7194,SAMPLE,STABLE,true,1,45,120,0,0.0,-0.069813169538975,0.0,-0.07,0.0,0.00018683046102524,160.0,120.0,0.0,5.4754139000579e-09,false,true,true,true,0,0,0.0,0.0
7195,SAMPLE,STABLE,true,1,45,121,0,0.0,-0.069813169538975,0.0,-0.07,0.0,0.00018683046102524,160.0,120.0,0.0,3.4826699302215e-09,false,true,true,true,0,0,0.0,0.0
7196,SAMPLE,STABLE,true,1,45,122,0,0.0,-0.069813169538975,0.0,-0.07,0.0,0.00018683046102524,160.0,120.0,0.0,3.4826699302215e-09,false,true,true,true,0,0,0.0,0.0
7197,SAMPLE,STABLE,true,1,45,123,0,0.0,-0.069813169538975,0.0,-0.07,0.0,0.00018683046102524,160.0,120.0,0.0,2.2151731560172e-09,false,true,true,true,0,0,0.0,0.0
7198,SAMPLE,STABLE,true,1,45,124,0,0.0,-0.069813169538975,0.0,-0.07,0.0,0.00018683046102524,160.0,120.0,0.0,2.2151731560172e-09,false,true,true,true,0,0,0.0,0.0
7199,SAMPLE,STABLE,true,1,45,125,0,0.0,-0.069813169538975,0.0,-0.07,0.0,0.00018683046102524,160.0,120.0,0.0,2.2151731560172e-09,false,true,true,true,0,0,0.0,0.0
7200,SAMPLE,STABLE,true,1,45,126,0,0.0,-0.069813169538975,0.0,-0.07,0.0,0.00018683046102524,160.0,120.0,0.0,1.4089742705892e-09,false,true,true,true,0,0,0.0,0.0
7201,SAMPLE,STABLE,true,1,45,127,0,0.0,-0.069813169538975,0.0,-0.07,0.0,0.00018683046102524,160.0,120.0,0.0,1.4089742705892e-09,false,true,true,true,0,0,0.0,0.0
7202,SAMPLE,STABLE,true,1,45,128,0,0.0,-0.069813169538975,0.0,-0.07,0.0,0.00018683046102524,160.0,120.0,0.0,8.961866249102e-10,false,true,true,true,0,0,0.0,0.0
7203,SAMPLE,STABLE,true,1,45,129,0,0.0,-0.069813169538975,0.0,-0.07,0.0,0.00018683046102524,160.0,120.0,0.0,8.961866249102e-10,false,true,true,true,0,0,0.0,0.0
7204,SAMPLE,STABLE,true,1,45,130,0,0.0,-0.069813169538975,0.0,-0.07,0.0,0.00018683046102524,160.0,120.0,0.0,8.961866249102e-10,false,true,true,true,0,0,0.0,0.0
7205,SAMPLE,STABLE,true,1,45,131,0,0.0,-0.069813169538975,0.0,-0.07,0.0,0.00018683046102524,160.0,120.0,0.0,6.6281963251313e-10,false,true,true,true,0,0,0.0,0.0
7206,SAMPLE,STABLE,true,1,45,132,0,0.0,-0.069813169538975,0.0,-0.07,0.0,0.00018683046102524,160.0,120.0,0.0,6.6281963251313e-10,false,true,true,true,0,0,0.0,0.0
7207,SAMPLE,STABLE,true,1,45,133,0,0.0,-0.069813169538975,0.0,-0.07,0.0,0.00018683046102524,160.0,120.0,0.0,4.9022141901389e-10,false,true,true,true,0,0,0.0,0.0
7208,SAMPLE,STABLE,true,1,45,134,0,0.0,-0.069813169538975,0.0,-0.07,0.0,0.00018683046102524,160.0,120.0,0.0,4.9022141901389e-10,false,true,true,true,0,0,0.0,0.0
7209,SAMPLE,STABLE,true,1,45,135,0,0.0,-0.069813169538975,0.0,-0.07,0.0,0.00018683046102524,160.0,120.0,0.0,3.6256778135346e-10,false,true,true,true,0,0,0.0,0.0
7210,SAMPLE,STABLE,true,1,45,136,0,0.0,-0.069813169538975,0.0,-0.07,0.0,0.00018683046102524,160.0,120.0,0.0,3.6256778135346e-10,false,true,true,true,0,0,0.0,0.0
7211,SAMPLE,STABLE,true,1,45,137,0,0.0,-0.069813169538975,0.0,-0.07,0.0,0.00018683046102524,160.0,120.0,0.0,3.6256778135346e-10,false,true,true,true,0,0,0.0,0.0
7212,SAMPLE,STABLE,true,1,45,138,0,0.0,-0.069813169538975,0.0,-0.07,0.0,0.00018683046102524,160.0,120.0,0.0,2.3061341725139e-10,false,true,true,true,0,0,0.0,0.0
7213,SAMPLE,STABLE,true,1,45,139,0,0.0,-0.069813169538975,0.0,-0.07,0.0,0.00018683046102524,160.0,120.0,0.0,2.3061341725139e-10,false,true,true,true,0,0,0.0,0.0
7214,SAMPLE,STABLE,true,1,45,140,0,0.0,-0.069813169538975,0.0,-0.07,0.0,0.00018683046102524,160.0,120.0,0.0,2.3061341725139e-10,false,true,true,true,0,0,0.0,0.0
7215,SAMPLE,STABLE,true,1,45,141,0,0.0,-0.069813169538975,0.0,-0.07,0.0,0.00018683046102524,160.0,120.0,0.0,1.4668305459153e-10,false,true,true,true,0,0,0.0,0.0
7216,SAMPLE,STABLE,true,1,45,142,0,0.0,-0.069813169538975,0.0,-0.07,0.0,0.00018683046102524,160.0,120.0,0.0,1.4668305459153e-10,false,true,true,true,0,0,0.0,0.0
7217,SAMPLE,STABLE,true,1,45,143,0,0.0,-0.069813169538975,0.0,-0.07,0.0,0.00018683046102524,160.0,120.0,0.0,9.3298639647355e-11,false,true,true,true,0,0,0.0,0.0
7218,SAMPLE,STABLE,true,1,45,144,0,0.0,-0.069813169538975,0.0,-0.07,0.0,0.00018683046102524,160.0,120.0,0.0,9.3298639647355e-11,false,true,true,true,0,0,0.0,0.0
7219,SAMPLE,STABLE,true,1,45,145,0,0.0,-0.069813169538975,0.0,-0.07,0.0,0.00018683046102524,160.0,120.0,0.0,9.3298639647355e-11,false,true,true,true,0,0,0.0,0.0
7220,SAMPLE,STABLE,true,1,45,146,0,0.0,-0.069813169538975,0.0,-0.07,0.0,0.00018683046102524,160.0,120.0,0.0,5.9343162328584e-11,false,true,true,true,0,0,0.0,0.0
7221,SAMPLE,STABLE,true,1,45,147,0,0.0,-0.069813169538975,0.0,-0.07,0.0,0.00018683046102524,160.0,120.0,0.0,5.9343162328584e-11,false,true,true,true,0,0,0.0,0.0
7222,SAMPLE,STABLE,true,1,45,148,0,0.0,-0.069813169538975,0.0,-0.07,0.0,0.00018683046102524,160.0,120.0,0.0,5.9343162328584e-11,false,true,true,true,0,0,0.0,0.0
7223,SAMPLE,STABLE,true,1,45,149,0,0.0,-0.069813169538975,0.0,-0.07,0.0,0.00018683046102524,160.0,120.0,0.0,3.7745577496917e-11,false,true,true,true,0,0,0.0,0.0
7224,SAMPLE,STABLE,true,1,45,150,0,0.0,-0.069813169538975,0.0,-0.07,0.0,0.00018683046102524,160.0,120.0,0.0,3.7745577496917e-11,false,true,true,true,0,0,0.0,0.0
7225,SAMPLE,STABLE,true,1,45,151,0,0.0,-0.069813169538975,0.0,-0.07,0.0,0.00018683046102524,160.0,120.0,0.0,2.4008300555933e-11,false,true,true,true,0,0,0.0,0.0
7226,SAMPLE,STABLE,true,1,45,152,0,0.0,-0.069813169538975,0.0,-0.07,0.0,0.00018683046102524,160.0,120.0,0.0,2.4008300555933e-11,false,true,true,true,0,0,0.0,0.0
7227,SAMPLE,STABLE,true,1,45,153,0,0.0,-0.069813169538975,0.0,-0.07,0.0,0.00018683046102524,160.0,120.0,0.0,2.4008300555933e-11,false,true,true,true,0,0,0.0,0.0
7228,SAMPLE,STABLE,true,1,45,154,0,0.0,-0.069813169538975,0.0,-0.07,0.0,0.00018683046102524,160.0,120.0,0.0,1.5270623307528e-11,false,true,true,true,0,0,0.0,0.0
7229,SAMPLE,STABLE,true,1,45,155,0,0.0,-0.069813169538975,0.0,-0.07,0.0,0.00018683046102524,160.0,120.0,0.0,1.5270623307528e-11,false,true,true,true,0,0,0.0,0.0
7230,SAMPLE,STABLE,true,1,45,156,0,0.0,-0.069813169538975,0.0,-0.07,0.0,0.00018683046102524,160.0,120.0,0.0,1.5270623307528e-11,false,true,true,true,0,0,0.0,0.0
7231,SAMPLE,STABLE,true,1,45,157,0,0.0,-0.069813169538975,0.0,-0.07,0.0,0.00018683046102524,160.0,120.0,0.0,9.7129717463451e-12,false,true,true,true,0,0,0.0,0.0
7232,SAMPLE,STABLE,true,1,45,158,0,0.0,-0.069813169538975,0.0,-0.07,0.0,0.00018683046102524,160.0,120.0,0.0,9.7129717463451e-12,false,true,true,true,0,0,0.0,0.0
7233,SAMPLE,STABLE,true,1,45,159,0,0.0,-0.069813169538975,0.0,-0.07,0.0,0.00018683046102524,160.0,120.0,0.0,6.1779943140439e-12,false,true,true,true,0,0,0.0,0.0
7234,SAMPLE,STABLE,true,1,45,160,0,0.0,-0.069813169538975,0.0,-0.07,0.0,0.00018683046102524,160.0,120.0,0.0,6.1779943140439e-12,false,true,true,true,0,0,0.0,0.0
7235,SAMPLE,STABLE,true,1,45,161,0,0.0,-0.069813169538975,0.0,-0.07,0.0,0.00018683046102524,160.0,120.0,0.0,6.1779943140439e-12,false,true,true,true,0,0,0.0,0.0
7236,SAMPLE,STABLE,true,1,45,162,0,0.0,-0.069813169538975,0.0,-0.07,0.0,0.00018683046102524,160.0,120.0,0.0,3.929550695253e-12,false,true,true,true,0,0,0.0,0.0
7237,SAMPLE,STABLE,true,1,45,163,0,0.0,-0.069813169538975,0.0,-0.07,0.0,0.00018683046102524,160.0,120.0,0.0,3.929550695253e-12,false,true,true,true,0,0,0.0,0.0
7238,SAMPLE,STABLE,true,1,45,164,0,0.0,-0.069813169538975,0.0,-0.07,0.0,0.00018683046102524,160.0,120.0,0.0,3.929550695253e-12,false,true,true,true,0,0,0.0,0.0
7239,SAMPLE,STABLE,true,1,45,165,0,0.0,-0.069813169538975,0.0,-0.07,0.0,0.00018683046102524,160.0,120.0,0.0,2.4994145208374e-12,false,true,true,true,0,0,0.0,0.0
7240,SAMPLE,STABLE,true,1,45,166,0,0.0,-0.069813169538975,0.0,-0.07,0.0,0.00018683046102524,160.0,120.0,0.0,2.4994145208374e-12,false,true,true,true,0,0,0.0,0.0
7241,SAMPLE,STABLE,true,1,45,167,0,0.0,-0.069813169538975,0.0,-0.07,0.0,0.00018683046102524,160.0,120.0,0.0,2.4994145208374e-12,false,true,true,true,0,0,0.0,0.0
7242,SAMPLE,STABLE,true,1,45,168,0,0.0,-0.069813169538975,0.0,-0.07,0.0,0.00018683046102524,160.0,120.0,0.0,1.5897677054996e-12,false,true,true,true,0,0,0.0,0.0
7243,SAMPLE,STABLE,true,1,45,169,0,0.0,-0.069813169538975,0.0,-0.07,0.0,0.00018683046102524,160.0,120.0,0.0,1.5897677054996e-12,false,true,true,true,0,0,0.0,0.0
7244,SAMPLE,STABLE,true,1,45,170,0,0.0,-0.069813169538975,0.0,-0.07,0.0,0.00018683046102524,160.0,120.0,0.0,1.011181373009e-12,false,true,true,true,0,0,0.0,0.0
7245,SAMPLE,STABLE,true,1,45,171,0,0.0,-0.069813169538975,0.0,-0.07,0.0,0.00018683046102524,160.0,120.0,0.0,1.011181373009e-12,false,true,true,true,0,0,0.0,0.0
7246,SAMPLE,STABLE,true,1,45,172,0,0.0,-0.069813169538975,0.0,-0.07,0.0,0.00018683046102524,160.0,120.0,0.0,1.011181373009e-12,false,true,true,true,0,0,0.0,0.0
7247,SAMPLE,STABLE,true,1,45,173,0,0.0,-0.069813169538975,0.0,-0.07,0.0,0.00018683046102524,160.0,120.0,0.0,6.4316802751707e-13,false,true,true,true,0,0,0.0,0.0
7248,SAMPLE,STABLE,true,1,45,174,0,0.0,-0.069813169538975,0.0,-0.07,0.0,0.00018683046102524,160.0,120.0,0.0,6.4316802751707e-13,false,true,true,true,0,0,0.0,0.0
7249,SAMPLE,STABLE,true,1,45,175,0,0.0,-0.069813169538975,0.0,-0.07,0.0,0.00018683046102524,160.0,120.0,0.0,6.4316802751707e-13,false,true,true,true,0,0,0.0,0.0
7250,SAMPLE,STABLE,true,1,45,176,0,0.0,-0.069813169538975,0.0,-0.07,0.0,0.00018683046102524,160.0,120.0,0.0,4.0909089267169e-13,false,true,true,true,0,0,0.0,0.0
7251,SAMPLE,STABLE,true,1,45,177,0,0.0,-0.069813169538975,0.0,-0.07,0.0,0.00018683046102524,160.0,120.0,0.0,4.0909089267169e-13,false,true,true,true,0,0,0.0,0.0
7252,SAMPLE,STABLE,true,1,45,178,0,0.0,-0.069813169538975,0.0,-0.07,0.0,0.00018683046102524,160.0,120.0,0.0,2.6020472668892e-13,false,true,true,true,0,0,0.0,0.0
7253,SAMPLE,STABLE,true,1,45,179,0,0.0,-0.069813169538975,0.0,-0.07,0.0,0.00018683046102524,160.0,120.0,0.0,2.6020472668892e-13,false,true,true,true,0,0,0.0,0.0
7254,SAMPLE,STABLE,true,1,45,180,0,0.0,-0.069813169538975,0.0,-0.07,0.0,0.00018683046102524,160.0,120.0,0.0,2.6020472668892e-13,false,true,true,true,0,0,0.0,0.0
7255,SAMPLE,STABLE,true,1,45,181,0,0.0,-0.069813169538975,0.0,-0.07,0.0,0.00018683046102524,160.0,120.0,0.0,1.6550477622505e-13,false,true,true,true,0,0,0.0,0.0
7256,SAMPLE,STABLE,true,1,45,182,0,0.0,-0.069813169538975,0.0,-0.07,0.0,0.00018683046102524,160.0,120.0,0.0,1.6550477622505e-13,false,true,true,true,0,0,0.0,0.0
7257,SAMPLE,STABLE,true,1,45,183,0,0.0,-0.069813169538975,0.0,-0.07,0.0,0.00018683046102524,160.0,120.0,0.0,1.6550477622505e-13,false,true,true,true,0,0,0.0,0.0
7258,SAMPLE,STABLE,true,1,45,184,0,0.0,-0.069813169538975,0.0,-0.07,0.0,0.00018683046102524,160.0,120.0,0.0,1.0527031855815e-13,false,true,true,true,0,0,0.0,0.0
7259,SAMPLE,STABLE,true,1,45,185,0,0.0,-0.069813169538975,0.0,-0.07,0.0,0.00018683046102524,160.0,120.0,0.0,1.0527031855815e-13,false,true,true,true,0,0,0.0,0.0
7260,SAMPLE,STABLE,true,1,45,186,0,0.0,-0.069813169538975,0.0,-0.07,0.0,0.00018683046102524,160.0,120.0,0.0,6.6957818955181e-14,false,true,true,true,0,0,0.0,0.0
7261,SAMPLE,STABLE,true,1,45,187,0,0.0,-0.069813169538975,0.0,-0.07,0.0,0.00018683046102524,160.0,120.0,0.0,6.6957818955181e-14,false,true,true,true,0,0,0.0,0.0
7262,SAMPLE,STABLE,true,1,45,188,0,0.0,-0.069813169538975,0.0,-0.07,0.0,0.00018683046102524,160.0,120.0,0.0,6.6957818955181e-14,false,true,true,true,0,0,0.0,0.0
7263,SAMPLE,STABLE,true,1,45,189,0,0.0,-0.069813169538975,0.0,-0.07,0.0,0.00018683046102524,160.0,120.0,0.0,4.2588925008163e-14,false,true,true,true,0,0,0.0,0.0
7264,SAMPLE,STABLE,true,1,45,190,0,0.0,-0.069813169538975,0.0,-0.07,0.0,0.00018683046102524,160.0,120.0,0.0,4.2588925008163e-14,false,true,true,true,0,0,0.0,0.0
7265,SAMPLE,STABLE,true,1,45,191,0,0.0,-0.069813169538975,0.0,-0.07,0.0,0.00018683046102524,160.0,120.0,0.0,4.2588925008163e-14,false,true,true,true,0,0,0.0,0.0
7266,SAMPLE,STABLE,true,1,45,192,0,0.0,-0.069813169538975,0.0,-0.07,0.0,0.00018683046102524,160.0,120.0,0.0,2.7088942051415e-14,false,true,true,true,0,0,0.0,0.0
7267,SAMPLE,STABLE,true,1,45,193,0,0.0,-0.069813169538975,0.0,-0.07,0.0,0.00018683046102524,160.0,120.0,0.0,2.7088942051415e-14,false,true,true,true,0,0,0.0,0.0
7268,SAMPLE,STABLE,true,1,45,194,0,0.0,-0.069813169538975,0.0,-0.07,0.0,0.00018683046102524,160.0,120.0,0.0,2.7088942051415e-14,false,true,true,true,0,0,0.0,0.0
7269,SAMPLE,STABLE,true,1,45,195,0,0.0,-0.069813169538975,0.0,-0.07,0.0,0.00018683046102524,160.0,120.0,0.0,1.7230085020965e-14,false,true,true,true,0,0,0.0,0.0
7270,SAMPLE,STABLE,true,1,45,196,0,0.0,-0.069813169538975,0.0,-0.07,0.0,0.00018683046102524,160.0,120.0,0.0,1.7230085020965e-14,false,true,true,true,0,0,0.0,0.0
7271,SAMPLE,STABLE,true,1,45,197,0,0.0,-0.069813169538975,0.0,-0.07,0.0,0.00018683046102524,160.0,120.0,0.0,1.0959300212666e-14,false,true,true,true,0,0,0.0,0.0
7272,SAMPLE,STABLE,true,1,45,198,0,0.0,-0.069813169538975,0.0,-0.07,0.0,0.00018683046102524,160.0,120.0,0.0,1.0959300212666e-14,false,true,true,true,0,0,0.0,0.0
7273,SAMPLE,STABLE,true,1,45,199,0,0.0,-0.069813169538975,0.0,-0.07,0.0,0.00018683046102524,160.0,120.0,0.0,1.0959300212666e-14,false,true,true,true,0,0,0.0,0.0
7274,SAMPLE,STABLE,true,1,45,200,0,0.0,-0.069813169538975,0.0,-0.07,0.0,0.00018683046102524,160.0,120.0,0.0,6.9707292137133e-15,false,true,true,true,0,0,0.0,0.0
7275,SAMPLE,STABLE,true,1,45,201,0,0.0,-0.069813169538975,0.0,-0.07,0.0,0.00018683046102524,160.0,120.0,0.0,6.9707292137133e-15,false,true,true,true,0,0,0.0,0.0
7276,SAMPLE,STABLE,true,1,45,202,0,0.0,-0.069813169538975,0.0,-0.07,0.0,0.00018683046102524,160.0,120.0,0.0,6.9707292137133e-15,false,true,true,true,0,0,0.0,0.0
7277,SAMPLE,STABLE,true,1,45,203,0,0.0,-0.069813169538975,0.0,-0.07,0.0,0.00018683046102524,160.0,120.0,0.0,4.4337744806448e-15,false,true,true,true,0,0,0.0,0.0
7278,SAMPLE,STABLE,true,1,45,204,0,0.0,-0.069813169538975,0.0,-0.07,0.0,0.00018683046102524,160.0,120.0,0.0,4.4337744806448e-15,false,true,true,true,0,0,0.0,0.0
7279,SAMPLE,STABLE,true,1,45,205,0,0.0,-0.069813169538975,0.0,-0.07,0.0,0.00018683046102524,160.0,120.0,0.0,2.8201290705221e-15,false,true,true,true,0,0,0.0,0.0
7280,SAMPLE,STABLE,true,1,45,206,0,0.0,-0.069813169538975,0.0,-0.07,0.0,0.00018683046102524,160.0,120.0,0.0,2.8201290705221e-15,false,true,true,true,0,0,0.0,0.0
7281,SAMPLE,STABLE,true,1,45,207,0,0.0,-0.069813169538975,0.0,-0.07,0.0,0.00018683046102524,160.0,120.0,0.0,2.8201290705221e-15,false,true,true,true,0,0,0.0,0.0
7282,SAMPLE,STABLE,true,1,45,208,0,0.0,-0.069813169538975,0.0,-0.07,0.0,0.00018683046102524,160.0,120.0,0.0,1.7937601900928e-15,false,true,true,true,0,0,0.0,0.0
7283,SAMPLE,STABLE,true,1,45,209,0,0.0,-0.069813169538975,0.0,-0.07,0.0,0.00018683046102524,160.0,120.0,0.0,1.7937601900928e-15,false,true,true,true,0,0,0.0,0.0
7284,SAMPLE,STABLE,true,1,45,210,0,0.0,-0.069813169538975,0.0,-0.07,0.0,0.00018683046102524,160.0,120.0,0.0,1.7937601900928e-15,false,true,true,true,0,0,0.0,0.0
7285,SAMPLE,STABLE,true,1,45,211,0,0.0,-0.069813169538975,0.0,-0.07,0.0,0.00018683046102524,160.0,120.0,0.0,1.1409319923696e-15,false,true,true,true,0,0,0.0,0.0
7286,SAMPLE,STABLE,true,1,45,212,0,0.0,-0.069813169538975,0.0,-0.07,0.0,0.00018683046102524,160.0,120.0,0.0,1.1409319923696e-15,false,true,true,true,0,0,0.0,0.0
7287,SAMPLE,STABLE,true,1,45,213,0,0.0,-0.069813169538975,0.0,-0.07,0.0,0.00018683046102524,160.0,120.0,0.0,7.2569664223042e-16,false,true,true,true,0,0,0.0,0.0
7288,SAMPLE,STABLE,true,1,45,214,0,0.0,-0.069813169538975,0.0,-0.07,0.0,0.00018683046102524,160.0,120.0,0.0,7.2569664223042e-16,false,true,true,true,0,0,0.0,0.0
7289,SAMPLE,STABLE,true,1,45,215,0,0.0,-0.069813169538975,0.0,-0.07,0.0,0.00018683046102524,160.0,120.0,0.0,7.2569664223042e-16,false,true,true,true,0,0,0.0,0.0
7290,SAMPLE,STABLE,true,1,45,216,0,0.0,-0.069813169538975,0.0,-0.07,0.0,0.00018683046102524,160.0,120.0,0.0,4.6158372246353e-16,false,true,true,true,0,0,0.0,0.0
7291,SAMPLE,STABLE,true,1,45,217,0,0.0,-0.069813169538975,0.0,-0.07,0.0,0.00018683046102524,160.0,120.0,0.0,4.6158372246353e-16,false,true,true,true,0,0,0.0,0.0
7292,SAMPLE,STABLE,true,1,45,218,0,0.0,-0.069813169538975,0.0,-0.07,0.0,0.00018683046102524,160.0,120.0,0.0,4.6158372246353e-16,false,true,true,true,0,0,0.0,0.0
7293,SAMPLE,STABLE,true,1,45,219,0,0.0,-0.069813169538975,0.0,-0.07,0.0,0.00018683046102524,160.0,120.0,0.0,2.9359310740269e-16,false,true,true,true,0,0,0.0,0.0
7294,SAMPLE,STABLE,true,1,45,220,0,0.0,-0.069813169538975,0.0,-0.07,0.0,0.00018683046102524,160.0,120.0,0.0,2.9359310740269e-16,false,true,true,true,0,0,0.0,0.0
7295,SAMPLE,STABLE,true,1,45,221,0,0.0,-0.069813169538975,0.0,-0.07,0.0,0.00018683046102524,160.0,120.0,0.0,1.867416613469e-16,false,true,true,true,0,0,0.0,0.0
7296,SAMPLE,STABLE,true,1,45,222,0,0.0,-0.069813169538975,0.0,-0.07,0.0,0.00018683046102524,160.0,120.0,0.0,1.867416613469e-16,false,true,true,true,0,0,0.0,0.0
7297,SAMPLE,STABLE,true,1,45,223,0,0.0,-0.069813169538975,0.0,-0.07,0.0,0.00018683046102524,160.0,120.0,0.0,1.867416613469e-16,false,true,true,true,0,0,0.0,0.0
7298,SAMPLE,STABLE,true,1,45,224,0,0.0,-0.069813169538975,0.0,-0.07,0.0,0.00018683046102524,160.0,120.0,0.0,1.1877815964405e-16,false,true,true,true,0,0,0.0,0.0
7299,SAMPLE,STABLE,true,1,45,225,0,0.0,-0.069813169538975,0.0,-0.07,0.0,0.00018683046102524,160.0,120.0,0.0,1.1877815964405e-16,false,true,true,true,0,0,0.0,0.0
7300,SAMPLE,STABLE,true,1,45,226,0,0.0,-0.069813169538975,0.0,-0.07,0.0,0.00018683046102524,160.0,120.0,0.0,1.1877815964405e-16,false,true,true,true,0,0,0.0,0.0
7301,SAMPLE,STABLE,true,1,45,227,0,0.0,-0.069813169538975,0.0,-0.07,0.0,0.00018683046102524,160.0,120.0,0.0,7.554956848313e-17,false,true,true,true,0,0,0.0,0.0
7302,SAMPLE,STABLE,true,1,45,228,0,0.0,-0.069813169538975,0.0,-0.07,0.0,0.00018683046102524,160.0,120.0,0.0,7.554956848313e-17,false,true,true,true,0,0,0.0,0.0
7303,SAMPLE,STABLE,true,1,45,229,0,0.0,-0.069813169538975,0.0,-0.07,0.0,0.00018683046102524,160.0,120.0,0.0,4.8053757358345e-17,false,true,true,true,0,0,0.0,0.0
7304,SAMPLE,STABLE,true,1,45,230,0,0.0,-0.069813169538975,0.0,-0.07,0.0,0.00018683046102524,160.0,120.0,0.0,4.8053757358345e-17,false,true,true,true,0,0,0.0,0.0
7305,SAMPLE,STABLE,true,1,45,231,0,0.0,-0.069813169538975,0.0,-0.07,0.0,0.00018683046102524,160.0,120.0,0.0,4.8053757358345e-17,false,true,true,true,0,0,0.0,0.0
7306,SAMPLE,STABLE,true,1,45,232,0,0.0,-0.069813169538975,0.0,-0.07,0.0,0.00018683046102524,160.0,120.0,0.0,3.0564882807928e-17,false,true,true,true,0,0,0.0,0.0
7307,SAMPLE,STABLE,true,1,45,233,0,0.0,-0.069813169538975,0.0,-0.07,0.0,0.00018683046102524,160.0,120.0,0.0,3.0564882807928e-17,false,true,true,true,0,0,0.0,0.0
7308,SAMPLE,STABLE,true,1,45,234,0,0.0,-0.069813169538975,0.0,-0.07,0.0,0.00018683046102524,160.0,120.0,0.0,3.0564882807928e-17,false,true,true,true,0,0,0.0,0.0
7309,SAMPLE,STABLE,true,1,45,235,0,0.0,-0.069813169538975,0.0,-0.07,0.0,0.00018683046102524,160.0,120.0,0.0,1.944097778265e-17,false,true,true,true,0,0,0.0,0.0
7310,SAMPLE,STABLE,true,1,45,236,0,0.0,-0.069813169538975,0.0,-0.07,0.0,0.00018683046102524,160.0,120.0,0.0,1.944097778265e-17,false,true,true,true,0,0,0.0,0.0
7311,SAMPLE,STABLE,true,1,45,237,0,0.0,-0.069813169538975,0.0,-0.07,0.0,0.00018683046102524,160.0,120.0,0.0,1.944097778265e-17,false,true,true,true,0,0,0.0,0.0
7312,SAMPLE,STABLE,true,1,45,238,0,0.0,-0.069813169538975,0.0,-0.07,0.0,0.00018683046102524,160.0,120.0,0.0,1.2365551928377e-17,false,true,true,true,0,0,0.0,0.0
7313,SAMPLE,STABLE,true,1,45,239,0,0.0,-0.069813169538975,0.0,-0.07,0.0,0.00018683046102524,160.0,120.0,0.0,1.2365551928377e-17,false,true,true,true,0,0,0.0,0.0
7314,SAMPLE,STABLE,true,1,45,240,0,0.0,-0.069813169538975,0.0,-0.07,0.0,0.00018683046102524,160.0,120.0,0.0,7.8651831615533e-18,false,true,true,true,0,0,0.0,0.0
7315,SAMPLE,STABLE,true,1,45,241,0,0.0,-0.069813169538975,0.0,-0.07,0.0,0.00018683046102524,160.0,120.0,0.0,7.8651831615533e-18,false,true,true,true,0,0,0.0,0.0
7316,SAMPLE,STABLE,true,1,45,242,0,0.0,-0.069813169538975,0.0,-0.07,0.0,0.00018683046102524,160.0,120.0,0.0,7.8651831615533e-18,false,true,true,true,0,0,0.0,0.0
7317,SAMPLE,STABLE,true,1,45,243,0,0.0,-0.069813169538975,0.0,-0.07,0.0,0.00018683046102524,160.0,120.0,0.0,5.0026973548533e-18,false,true,true,true,0,0,0.0,0.0
7318,SAMPLE,STABLE,true,1,45,244,0,0.0,-0.069813169538975,0.0,-0.07,0.0,0.00018683046102524,160.0,120.0,0.0,5.0026973548533e-18,false,true,true,true,0,0,0.0,0.0
7319,SAMPLE,STABLE,true,1,45,245,0,0.0,-0.069813169538975,0.0,-0.07,0.0,0.00018683046102524,160.0,120.0,0.0,5.0026973548533e-18,false,true,true,true,0,0,0.0,0.0
7320,SAMPLE,STABLE,true,1,45,246,0,0.0,-0.069813169538975,0.0,-0.07,0.0,0.00018683046102524,160.0,120.0,0.0,3.181995692032e-18,false,true,true,true,0,0,0.0,0.0
7321,SAMPLE,STABLE,true,1,45,247,0,0.0,-0.069813169538975,0.0,-0.07,0.0,0.00018683046102524,160.0,120.0,0.0,3.181995692032e-18,false,true,true,true,0,0,0.0,0.0
7322,SAMPLE,STABLE,true,1,45,248,0,0.0,-0.069813169538975,0.0,-0.07,0.0,0.00018683046102524,160.0,120.0,0.0,2.0239275316164e-18,false,true,true,true,0,0,0.0,0.0
7323,SAMPLE,STABLE,true,1,45,249,0,0.0,-0.069813169538975,0.0,-0.07,0.0,0.00018683046102524,160.0,120.0,0.0,2.0239275316164e-18,false,true,true,true,0,0,0.0,0.0
7324,SAMPLE,STABLE,true,1,45,250,0,0.0,-0.069813169538975,0.0,-0.07,0.0,0.00018683046102524,160.0,120.0,0.0,2.0239275316164e-18,false,true,true,true,0,0,0.0,0.0
7325,SAMPLE,STABLE,true,1,45,251,0,0.0,-0.069813169538975,0.0,-0.07,0.0,0.00018683046102524,160.0,120.0,0.0,1.2873312611489e-18,false,true,true,true,0,0,0.0,0.0
7326,SAMPLE,STABLE,true,1,45,252,0,0.0,-0.069813169538975,0.0,-0.07,0.0,0.00018683046102524,160.0,120.0,0.0,1.2873312611489e-18,false,true,true,true,0,0,0.0,0.0
7327,SAMPLE,STABLE,true,1,45,253,0,0.0,-0.069813169538975,0.0,-0.07,0.0,0.00018683046102524,160.0,120.0,0.0,1.2873312611489e-18,false,true,true,true,0,0,0.0,0.0
7328,SAMPLE,STABLE,true,1,45,254,0,0.0,-0.069813169538975,0.0,-0.07,0.0,0.00018683046102524,160.0,120.0,0.0,8.188148180304e-19,false,true,true,true,0,0,0.0,0.0
7329,SAMPLE,STABLE,true,1,45,255,0,0.0,-0.069813169538975,0.0,-0.07,0.0,0.00018683046102524,160.0,120.0,0.0,8.188148180304e-19,false,true,true,true,0,0,0.0,0.0
7330,SAMPLE,STABLE,true,1,45,256,0,0.0,-0.069813169538975,0.0,-0.07,0.0,0.00018683046102524,160.0,120.0,0.0,5.2081209391384e-19,false,true,true,true,0,0,0.0,0.0
7331,SAMPLE,STABLE,true,1,45,257,0,0.0,-0.069813169538975,0.0,-0.07,0.0,0.00018683046102524,160.0,120.0,0.0,5.2081209391384e-19,false,true,true,true,0,0,0.0,0.0
7332,SAMPLE,STABLE,true,1,45,258,0,0.0,-0.069813169538975,0.0,-0.07,0.0,0.00018683046102524,160.0,120.0,0.0,5.2081209391384e-19,false,true,true,true,0,0,0.0,0.0
7333,SAMPLE,STABLE,true,1,45,259,0,0.0,-0.069813169538975,0.0,-0.07,0.0,0.00018683046102524,160.0,120.0,0.0,3.3126567280006e-19,false,true,true,true,0,0,0.0,0.0
7334,SAMPLE,STABLE,true,1,45,260,0,0.0,-0.069813169538975,0.0,-0.07,0.0,0.00018683046102524,160.0,120.0,0.0,3.3126567280006e-19,false,true,true,true,0,0,0.0,0.0
7335,SAMPLE,STABLE,true,1,45,261,0,0.0,-0.069813169538975,0.0,-0.07,0.0,0.00018683046102524,160.0,120.0,0.0,2.1070352983378e-19,false,true,true,true,0,0,0.0,0.0
7336,SAMPLE,STABLE,true,1,45,262,0,0.0,-0.069813169538975,0.0,-0.07,0.0,0.00018683046102524,160.0,120.0,0.0,2.1070352983378e-19,false,true,true,true,0,0,0.0,0.0
7337,SAMPLE,STABLE,true,1,45,263,0,0.0,-0.069813169538975,0.0,-0.07,0.0,0.00018683046102524,160.0,120.0,0.0,2.1070352983378e-19,false,true,true,true,0,0,0.0,0.0
7338,SAMPLE,STABLE,true,1,45,264,0,0.0,-0.069813169538975,0.0,-0.07,0.0,0.00018683046102524,160.0,120.0,0.0,1.3401926000856e-19,false,true,true,true,0,0,0.0,0.0
7339,SAMPLE,STABLE,true,1,45,265,0,0.0,-0.069813169538975,0.0,-0.07,0.0,0.00018683046102524,160.0,120.0,0.0,1.3401926000856e-19,false,true,true,true,0,0,0.0,0.0
7340,SAMPLE,STABLE,true,1,45,266,0,0.0,-0.069813169538975,0.0,-0.07,0.0,0.00018683046102524,160.0,120.0,0.0,1.3401926000856e-19,false,true,true,true,0,0,0.0,0.0
7341,SAMPLE,STABLE,true,1,45,267,0,0.0,-0.069813169538975,0.0,-0.07,0.0,0.00018683046102524,160.0,120.0,0.0,8.5243760320505e-20,false,true,true,true,0,0,0.0,0.0
7342,SAMPLE,STABLE,true,1,45,268,0,0.0,-0.069813169538975,0.0,-0.07,0.0,0.00018683046102524,160.0,120.0,0.0,8.5243760320505e-20,false,true,true,true,0,0,0.0,0.0
7343,SAMPLE,STABLE,true,1,45,269,0,0.0,-0.069813169538975,0.0,-0.07,0.0,0.00018683046102524,160.0,120.0,0.0,5.4219808609427e-20,false,true,true,true,0,0,0.0,0.0
7344,SAMPLE,STABLE,true,1,45,270,0,0.0,-0.069813169538975,0.0,-0.07,0.0,0.00018683046102524,160.0,120.0,0.0,5.4219808609427e-20,false,true,true,true,0,0,0.0,0.0
7345,SAMPLE,STABLE,true,1,45,271,0,0.0,-0.069813169538975,0.0,-0.07,0.0,0.00018683046102524,160.0,120.0,0.0,5.4219808609427e-20,false,true,true,true,0,0,0.0,0.0
7346,ALIGNING,ALIGNING,true,1,45,0,0,-0.091392993927002,-0.069813169538975,0.0,-0.07,-0.091392993927002,0.00018683046102524,177.4693145752,120.0,91.307106018066,0.77988004684448,true,false,true,false,26,4,-0.091392993927002,0.0
7347,SAMPLE,ALIGNING,true,1,45,0,0,-0.091392993927002,-0.069813169538975,0.0,-0.07,-0.091392993927002,0.00018683046102524,177.4693145752,120.0,91.307106018066,0.77988004684448,true,false,true,false,26,4,0.0,0.0
7348,SAMPLE,ALIGNING,true,1,45,0,0,-0.091392993927002,-0.069813169538975,0.0,-0.07,-0.091392993927002,0.00018683046102524,177.4693145752,120.0,91.307106018066,0.77988004684448,true,false,true,false,26,4,0.0,0.0
7349,SAMPLE,ALIGNING,true,1,45,0,0,-0.14882230758667,-0.069813169538975,0.0,-0.07,-0.14882230758667,0.00018683046102524,188.58076477051,120.0,148.35021972656,1.2759273052216,true,false,true,false,42,4,-0.057429313659668,0.0
7350,SAMPLE,ALIGNING,true,1,45,0,0,-0.14882230758667,-0.069813169538975,0.0,-0.07,-0.14882230758667,0.00018683046102524,188.58076477051,120.0,148.35021972656,1.2759273052216,true,false,true,false,42,4,0.0,0.0
7351,SAMPLE,ALIGNING,true,1,45,0,0,-0.14882230758667,-0.069813169538975,0.0,-0.07,-0.14882230758667,0.00018683046102524,188.58076477051,120.0,148.35021972656,1.2759273052216,true,false,true,false,42,4,0.0,0.0
7352,SAMPLE,ALIGNING,true,1,45,0,0,-0.14882230758667,-0.069813169538975,0.0,-0.07,-0.14882230758667,0.00018683046102524,188.58076477051,120.0,148.35021972656,1.2759273052216,true,false,true,false,42,4,0.0,0.0
7353,SAMPLE,ALIGNING,true,1,45,0,0,-0.19560956954956,-0.06868664175272,0.0,-0.07,-0.19560956954956,0.0013133582472801,197.76483154297,119.76647949219,194.43112182617,1.6859301328659,true,false,true,false,45,4,-0.046787261962891,0.0011265277862549
7354,SAMPLE,ALIGNING,true,1,45,0,0,-0.19560956954956,-0.06868664175272,0.0,-0.07,-0.19560956954956,0.0013133582472801,197.76483154297,119.76647949219,194.43112182617,1.6859301328659,true,false,true,false,45,4,0.0,0.0
7355,SAMPLE,ALIGNING,true,1,45,0,0,-0.19560956954956,-0.06868664175272,0.0,-0.07,-0.19560956954956,0.0013133582472801,197.76483154297,119.76647949219,194.43112182617,1.6859301328659,true,false,true,false,45,4,0.0,0.0
7356,SAMPLE,ALIGNING,true,1,45,0,0,-0.15903329849243,-0.067392386496067,0.0,-0.07,-0.15903329849243,0.002607613503933,190.56967163086,119.52128601074,158.42239379883,1.3647172451019,true,false,true,false,45,4,0.036576271057129,0.0012942552566528
7357,SAMPLE,ALIGNING,true,1,45,0,0,-0.15903329849243,-0.067392386496067,0.0,-0.07,-0.15903329849243,0.002607613503933,190.56967163086,119.52128601074,158.42239379883,1.3647172451019,true,false,true,false,45,4,0.0,0.0
7358,SAMPLE,ALIGNING,true,1,45,0,0,-0.13616704940796,-0.068398989737034,0.0,-0.07,-0.13616704940796,0.0016010102629662,186.11376953125,119.71555328369,135.79203796387,1.1657935380936,true,false,true,false,38,4,0.022866249084473,-0.0010066032409668
7359,SAMPLE,ALIGNING,true,1,45,0,0,-0.13616704940796,-0.068398989737034,0.0,-0.07,-0.13616704940796,0.0016010102629662,186.11376953125,119.71555328369,135.79203796387,1.1657935380936,true,false,true,false,38,4,0.0,0.0
7360,SAMPLE,ALIGNING,true,1,45,0,0,-0.13616704940796,-0.068398989737034,0.0,-0.07,-0.13616704940796,0.0016010102629662,186.11376953125,119.71555328369,135.79203796387,1.1657935380936,true,false,true,false,38,4,0.0,0.0
7361,SAMPLE,ALIGNING,true,1,45,0,0,-0.12207317352295,-0.070652008056641,0.0,-0.07,-0.12207317352295,-0.00065200805664062,183.37950134277,120.17037200928,121.79693603516,1.043727517128,true,false,true,false,34,-5,0.01409387588501,-0.0022530183196068
7362,SAMPLE,ALIGNING,true,1,45,0,0,-0.12207317352295,-0.070652008056641,0.0,-0.07,-0.12207317352295,-0.00065200805664062,183.37950134277,120.17037200928,121.79693603516,1.043727517128,true,false,true,false,34,-5,0.0,0.0
7363,SAMPLE,ALIGNING,true,1,45,0,0,-0.11368417739868,-0.073816299438477,0.0,-0.07,-0.11368417739868,-0.0038162994384766,181.75622558594,120.77414703369,113.45234680176,0.9712598323822,true,false,true,false,32,-5,0.0083889961242676,-0.0031642913818359
7364,SAMPLE,ALIGNING,true,1,45,0,0,-0.11368417739868,-0.073816299438477,0.0,-0.07,-0.11368417739868,-0.0038162994384766,181.75622558594,120.77414703369,113.45234680176,0.9712598323822,true,false,true,false,32,-5,0.0,0.0
7365,SAMPLE,ALIGNING,true,1,45,0,0,-0.11368417739868,-0.073816299438477,0.0,-0.07,-0.11368417739868,-0.0038162994384766,181.75622558594,120.77414703369,113.45234680176,0.9712598323822,true,false,true,false,32,-5,0.0,0.0
7366,SAMPLE,ALIGNING,true,1,45,0,0,-0.11008882522583,-0.076692581176758,0.0,-0.07,-0.11008882522583,-0.0066925811767578,181.06039428711,121.32914733887,109.86656188965,0.94019627571106,true,false,true,false,31,-5,0.0035953521728516,-0.0028762817382813
7367,SAMPLE,ALIGNING,true,1,45,0,0,-0.11008882522583,-0.076692581176758,0.0,-0.07,-0.11008882522583,-0.0066925811767578,181.06039428711,121.32914733887,109.86656188965,0.94019627571106,true,false,true,false,31,-5,0.0,0.0
7368,SAMPLE,ALIGNING,true,1,45,0,0,-0.11008882522583,-0.076692581176758,0.0,-0.07,-0.11008882522583,-0.0066925811767578,181.06039428711,121.32914733887,109.86656188965,0.94019627571106,true,false,true,false,31,-5,0.0,0.0
7369,SAMPLE,ALIGNING,true,1,45,0,0,-0.10855484008789,-0.078993320465088,0.0,-0.07,-0.10855484008789,-0.0089933204650879,180.76873779297,121.7727432251,108.36103057861,0.9271759390831,true,false,true,false,30,-5,0.0015339851379395,-0.0023007392883301
7370,SAMPLE,ALIGNING,true,1,45,0,0,-0.10855484008789,-0.078993320465088,0.0,-0.07,-0.10855484008789,-0.0089933204650879,180.76873779297,121.7727432251,108.36103057861,0.9271759390831,true,false,true,false,30,-5,0.0,0.0
7371,SAMPLE,ALIGNING,true,1,45,0,0,-0.10821914672852,-0.080574989318848,0.0,-0.07,-0.10821914672852,-0.010574989318848,180.70611572266,122.07178497314,108.03642272949,0.92438036203384,true,false,true,false,30,-5,0.000335693359375,-0.0015816688537598
7372,SAMPLE,ALIGNING,true,1,45,0,0,-0.10821914672852,-0.080574989318848,0.0,-0.07,-0.10821914672852,-0.010574989318848,180.70611572266,122.07178497314,108.03642272949,0.92438036203384,true,false,true,false,30,-5,0.0,0.0
7373,SAMPLE,ALIGNING,true,1,45,0,0,-0.10821914672852,-0.082061290740967,0.0,-0.07,-0.10821914672852,-0.012061290740967,180.70162963867,122.36101531982,108.01139831543,0.92418015003204,true,false,true,false,30,-5,0.0,-0.0014863014221191
7374,SAMPLE,ALIGNING,true,1,45,0,0,-0.10821914672852,-0.082061290740967,0.0,-0.07,-0.10821914672852,-0.012061290740967,180.70162963867,122.36101531982,108.01139831543,0.92418015003204,true,false,true,false,30,-5,0.0,0.0
7375,SAMPLE,ALIGNING,true,1,45,0,0,-0.10821914672852,-0.082061290740967,0.0,-0.07,-0.10821914672852,-0.012061290740967,180.70162963867,122.36101531982,108.01139831543,0.92418015003204,true,false,true,false,30,-5,0.0,0.0
7376,SAMPLE,ALIGNING,true,1,45,0,0,-0.10831499099731,-0.08402681350708,0.0,-0.07,-0.10831499099731,-0.01402681350708,180.72747802734,122.73412322998,108.14189910889,0.92533427476883,true,false,true,false,30,-5,-9.5844268798828e-05,-0.0019655227661133
7377,SAMPLE,ALIGNING,true,1,45,0,0,-0.10831499099731,-0.08402681350708,0.0,-0.07,-0.10831499099731,-0.01402681350708,180.72747802734,122.73412322998,108.14189910889,0.92533427476883,true,false,true,false,30,-5,0.0,0.0
7378,SAMPLE,ALIGNING,true,1,45,0,0,-0.10845899581909,-0.085320949554443,0.0,-0.07,-0.10845899581909,-0.015320949554443,180.7481842041,122.9856338501,108.24654388428,0.92625844478607,true,false,true,false,30,-5,-0.00014400482177734,-0.0012941360473633
7379,SAMPLE,ALIGNING,true,1,45,0,0,-0.10845899581909,-0.085320949554443,0.0,-0.07,-0.10845899581909,-0.015320949554443,180.7481842041,122.9856338501,108.24654388428,0.92625844478607,true,false,true,false,30,-5,0.0,0.0
7380,SAMPLE,ALIGNING,true,1,45,0,0,-0.10845899581909,-0.085320949554443,0.0,-0.07,-0.10845899581909,-0.015320949554443,180.7481842041,122.9856338501,108.24654388428,0.92625844478607,true,false,true,false,30,-5,0.0,0.0
7381,SAMPLE,ALIGNING,true,1,45,0,0,-0.10841083526611,-0.08632755279541,0.0,-0.07,-0.10841083526611,-0.01632755279541,180.74201965332,123.17163848877,108.21307373047,0.9259831905365,true,false,true,false,30,-5,4.8160552978516e-05,-0.0010066032409668
7382,SAMPLE,ALIGNING,true,1,45,0,0,-0.10841083526611,-0.08632755279541,0.0,-0.07,-0.10841083526611,-0.01632755279541,180.74201965332,123.17163848877,108.21307373047,0.9259831905365,true,false,true,false,30,-5,0.0,0.0
7383,SAMPLE,ALIGNING,true,1,45,0,0,-0.10831499099731,-0.086950778961182,0.0,-0.07,-0.10831499099731,-0.016950778961182,180.7241973877,123.29744720459,108.119972229,0.92518776655197,true,false,true,false,30,-5,9.5844268798828e-05,-0.00062322616577148
7384,SAMPLE,ALIGNING,true,1,45,0,0,-0.10831499099731,-0.086950778961182,0.0,-0.07,-0.10831499099731,-0.016950778961182,180.7241973877,123.29744720459,108.119972229,0.92518776655197,true,false,true,false,30,-5,0.0,0.0
7385,SAMPLE,ALIGNING,true,1,45,0,0,-0.10826730728149,-0.087334632873535,0.0,-0.07,-0.10826730728149,-0.017334632873535,180.71090698242,123.36585235596,108.05078125,0.92459440231323,true,false,true,false,30,-5,4.7683715820313e-05,-0.00038385391235352
7386,SAMPLE,ALIGNING,true,1,45,0,0,-0.10826730728149,-0.087334632873535,0.0,-0.07,-0.10826730728149,-0.017334632873535,180.71090698242,123.36585235596,108.05078125,0.92459440231323,true,false,true,false,30,-5,0.0,0.0
7387,SAMPLE,ALIGNING,true,1,45,0,0,-0.10826730728149,-0.087334632873535,0.0,-0.07,-0.10826730728149,-0.017334632873535,180.71090698242,123.36585235596,108.05078125,0.92459440231323,true,false,true,false,30,-5,0.0,0.0
7388,SAMPLE,ALIGNING,true,1,45,0,0,-0.10831499099731,-0.08771800994873,0.0,-0.07,-0.10831499099731,-0.01771800994873,180.72142028809,123.44088745117,108.10422515869,0.92506378889084,true,false,true,false,30,-5,-4.7683715820313e-05,-0.00038337707519531
7389,SAMPLE,ALIGNING,true,1,45,0,0,-0.10831499099731,-0.08771800994873,0.0,-0.07,-0.10831499099731,-0.01771800994873,180.72142028809,123.44088745117,108.10422515869,0.92506378889084,true,false,true,false,30,-5,0.0,0.0
7390,SAMPLE,ALIGNING,true,1,45,0,0,-0.10898637771606,-0.088053703308105,0.0,-0.07,-0.10898637771606,-0.018053703308105,180.85643005371,123.50916290283,108.79956817627,0.93109095096588,true,false,true,false,31,-5,-0.00067138671875,-0.000335693359375
7391,SAMPLE,ALIGNING,true,1,45,0,0,-0.10898637771606,-0.088053703308105,0.0,-0.07,-0.10898637771606,-0.018053703308105,180.85643005371,123.50916290283,108.79956817627,0.93109095096588,true,false,true,false,31,-5,0.0,0.0
7392,SAMPLE,ALIGNING,true,1,45,0,0,-0.10980129241943,-0.088484764099121,0.0,-0.07,-0.10980129241943,-0.018484764099121,181.0086517334,123.59201812744,109.58326721191,0.93788653612137,true,false,true,false,31,-5,-0.00081491470336914,-0.00043106079101563
7393,SAMPLE,ALIGNING,true,1,45,0,0,-0.10980129241943,-0.088484764099121,0.0,-0.07,-0.10980129241943,-0.018484764099121,181.0086517334,123.59201812744,109.58326721191,0.93788653612137,true,false,true,false,31,-5,0.0,0.0
7394,SAMPLE,ALIGNING,true,1,45,0,0,-0.10980129241943,-0.088484764099121,0.0,-0.07,-0.10980129241943,-0.018484764099121,181.0086517334,123.59201812744,109.58326721191,0.93788653612137,true,false,true,false,31,-5,0.0,0.0
7395,SAMPLE,ALIGNING,true,1,45,0,0,-0.11018466949463,-0.089108467102051,0.0,-0.07,-0.11018466949463,-0.019108467102051,181.08201599121,123.70568084717,109.96009063721,0.9411615729332,true,false,true,false,31,-5,-0.00038337707519531,-0.00062370300292969
7396,SAMPLE,ALIGNING,true,1,45,0,0,-0.11018466949463,-0.089108467102051,0.0,-0.07,-0.11018466949463,-0.019108467102051,181.08201599121,123.70568084717,109.96009063721,0.9411615729332,true,false,true,false,31,-5,0.0,0.0
7397,SAMPLE,ALIGNING,true,1,45,0,0,-0.11037635803223,-0.090019226074219,0.0,-0.07,-0.11037635803223,-0.020019226074219,181.11358642578,123.88833618164,110.1206741333,0.94257068634033,true,false,true,false,31,-5,-0.00019168853759766,-0.00091075897216797
7398,SAMPLE,ALIGNING,true,1,45,0,0,-0.11037635803223,-0.090019226074219,0.0,-0.07,-0.11037635803223,-0.020019226074219,181.11358642578,123.88833618164,110.1206741333,0.94257068634033,true,false,true,false,31,-5,0.0,0.0
7399,SAMPLE,ALIGNING,true,1,45,0,0,-0.11037635803223,-0.090019226074219,0.0,-0.07,-0.11037635803223,-0.020019226074219,181.11358642578,123.88833618164,110.1206741333,0.94257068634033,true,false,true,false,31,-5,0.0,0.0
7400,SAMPLE,ALIGNING,true,1,45,0,0,-0.1106162071228,-0.090450286865234,0.0,-0.07,-0.1106162071228,-0.020450286865234,181.17127990723,123.97235107422,110.41693115234,0.94514662027359,true,false,true,false,31,-5,-0.00023984909057617,-0.00043106079101563
7401,SAMPLE,ALIGNING,true,1,45,0,0,-0.1106162071228,-0.090450286865234,0.0,-0.07,-0.1106162071228,-0.020450286865234,181.17127990723,123.97235107422,110.41693115234,0.94514662027359,true,false,true,false,31,-5,0.0,0.0
7402,SAMPLE,ALIGNING,true,1,45,0,0,-0.1110954284668,-0.090881824493408,0.0,-0.07,-0.1110954284668,-0.020881824493408,181.2569732666,124.05070495605,110.85742950439,0.9489723443985,true,false,true,false,31,-6,-0.00047922134399414,-0.00043153762817383
7403,SAMPLE,ALIGNING,true,1,45,0,0,-0.1110954284668,-0.090881824493408,0.0,-0.07,-0.1110954284668,-0.020881824493408,181.2569732666,124.05070495605,110.85742950439,0.9489723443985,true,false,true,false,31,-6,0.0,0.0
7404,SAMPLE,ALIGNING,true,1,45,0,0,-0.1110954284668,-0.090881824493408,0.0,-0.07,-0.1110954284668,-0.020881824493408,181.2569732666,124.05070495605,110.85742950439,0.9489723443985,true,false,true,false,31,-6,0.0,0.0
7405,SAMPLE,ALIGNING,true,1,45,0,0,-0.11167049407959,-0.091361045837402,0.0,-0.07,-0.11167049407959,-0.021361045837402,181.37094116211,124.13863372803,111.44333648682,0.95405966043472,true,false,true,false,31,-6,-0.00057506561279297,-0.00047922134399414
7406,SAMPLE,ALIGNING,true,1,45,0,0,-0.11167049407959,-0.091361045837402,0.0,-0.07,-0.11167049407959,-0.021361045837402,181.37094116211,124.13863372803,111.44333648682,0.95405966043472,true,false,true,false,31,-6,0.0,0.0
7407,SAMPLE,ALIGNING,true,1,45,0,0,-0.11195802688599,-0.091649055480957,0.0,-0.07,-0.11195802688599,-0.021649055480957,181.4213104248,124.20064544678,111.70193481445,0.95630878210068,true,false,true,false,31,-6,-0.00028753280639648,-0.00028800964355469
7408,SAMPLE,ALIGNING,true,1,45,0,0,-0.11195802688599,-0.091649055480957,0.0,-0.07,-0.11195802688599,-0.021649055480957,181.4213104248,124.20064544678,111.70193481445,0.95630878210068,true,false,true,false,31,-6,0.0,0.0
7409,SAMPLE,ALIGNING,true,1,45,0,0,-0.11215019226074,-0.091936588287354,0.0,-0.07,-0.11215019226074,-0.021936588287354,181.45907592773,124.25392150879,111.89572143555,0.95799481868744,true,false,true,false,31,-6,-0.00019216537475586,-0.00028753280639648
7410,SAMPLE,ALIGNING,true,1,45,0,0,-0.11215019226074,-0.091936588287354,0.0,-0.07,-0.11215019226074,-0.021936588287354,181.45907592773,124.25392150879,111.89572143555,0.95799481868744,true,false,true,false,31,-6,0.0,0.0
7411,SAMPLE,ALIGNING,true,1,45,0,0,-0.11215019226074,-0.091936588287354,0.0,-0.07,-0.11215019226074,-0.021936588287354,181.45907592773,124.25392150879,111.89572143555,0.95799481868744,true,false,true,false,31,-6,0.0,0.0
7412,SAMPLE,ALIGNING,true,1,45,0,0,-0.11238956451416,-0.09227180480957,0.0,-0.07,-0.11238956451416,-0.02227180480957,181.50738525391,124.31852722168,112.14360809326,0.9601514339447,true,false,true,false,31,-6,-0.00023937225341797,-0.0003352165222168
7413,SAMPLE,ALIGNING,true,1,45,0,0,-0.11238956451416,-0.09227180480957,0.0,-0.07,-0.11238956451416,-0.02227180480957,181.50738525391,124.31852722168,112.14360809326,0.9601514339447,true,false,true,false,31,-6,0.0,0.0
7414,SAMPLE,ALIGNING,true,1,45,0,0,-0.11248540878296,-0.092368125915527,0.0,-0.07,-0.11248540878296,-0.022368125915527,181.52401733398,124.33345794678,112.22904968262,0.96089345216751,true,false,true,false,31,-6,-9.5844268798828e-05,-9.6321105957031e-05
7415,SAMPLE,ALIGNING,true,1,45,0,0,-0.11248540878296,-0.092368125915527,0.0,-0.07,-0.11248540878296,-0.022368125915527,181.52401733398,124.33345794678,112.22904968262,0.96089345216751,true,false,true,false,31,-6,0.0,0.0
7416,SAMPLE,ALIGNING,true,1,45,0,0,-0.11248540878296,-0.092368125915527,0.0,-0.07,-0.11248540878296,-0.022368125915527,181.52401733398,124.33345794678,112.22904968262,0.96089345216751,true,false,true,false,31,-6,0.0,0.0
7417,SAMPLE,ALIGNING,true,1,45,0,0,-0.11253356933594,-0.092511653900146,0.0,-0.07,-0.11253356933594,-0.022511653900146,181.53443908691,124.36688232422,112.28225708008,0.9613590836525,true,false,true,false,32,-6,-4.8160552978516e-05,-0.00014352798461914
7418,SAMPLE,ALIGNING,true,1,45,0,0,-0.11253356933594,-0.092511653900146,0.0,-0.07,-0.11253356933594,-0.022511653900146,181.53443908691,124.36688232422,112.28225708008,0.9613590836525,true,false,true,false,32,-6,0.0,0.0
7419,SAMPLE,ALIGNING,true,1,45,0,0,-0.11282110214233,-0.092607498168945,0.0,-0.07,-0.11282110214233,-0.022607498168945,181.5940246582,124.38146972656,112.58880615234,0.96401876211166,true,false,true,false,32,-6,-0.00028753280639648,-9.5844268798828e-05
7420,SAMPLE,ALIGNING,true,1,45,0,0,-0.11282110214233,-0.092607498168945,0.0,-0.07,-0.11282110214233,-0.022607498168945,181.5940246582,124.38146972656,112.58880615234,0.96401876211166,true,false,true,false,32,-6,0.0,0.0
7421,SAMPLE,ALIGNING,true,1,45,0,0,-0.11282110214233,-0.092607498168945,0.0,-0.07,-0.11282110214233,-0.022607498168945,181.5940246582,124.38146972656,112.58880615234,0.96401876211166,true,false,true,false,32,-6,0.0,0.0
7422,SAMPLE,ALIGNING,true,1,45,0,0,-0.11344432830811,-0.092703342437744,0.0,-0.07,-0.11344432830811,-0.022703342437744,181.71505737305,124.39797210693,113.21157836914,0.9694219827652,true,false,true,false,32,-6,-0.00062322616577148,-9.5844268798828e-05
7423,SAMPLE,ALIGNING,true,1,45,0,0,-0.11344432830811,-0.092703342437744,0.0,-0.07,-0.11344432830811,-0.022703342437744,181.71505737305,124.39797210693,113.21157836914,0.9694219827652,true,false,true,false,32,-6,0.0,0.0
7424,SAMPLE,ALIGNING,true,1,45,0,0,-0.11378002166748,-0.092751502990723,0.0,-0.07,-0.11378002166748,-0.022751502990723,181.77444458008,124.410987854,113.5170211792,0.9720738530159,true,false,true,false,32,-6,-0.000335693359375,-4.8160552978516e-05
7425,SAMPLE,ALIGNING,true,1,45,0,0,-0.11378002166748,-0.092751502990723,0.0,-0.07,-0.11378002166748,-0.022751502990723,181.77444458008,124.410987854,113.5170211792,0.9720738530159,true,false,true,false,32,-6,0.0,0.0
7426,SAMPLE,ALIGNING,true,1,45,0,0,-0.11378002166748,-0.092751502990723,0.0,-0.07,-0.11378002166748,-0.022751502990723,181.77444458008,124.410987854,113.5170211792,0.9720738530159,true,false,true,false,32,-6,0.0,0.0
7427,SAMPLE,ALIGNING,true,1,45,0,0,-0.11401987075806,-0.092847347259521,0.0,-0.07,-0.11401987075806,-0.022847347259521,181.82936096191,124.43408203125,113.79930114746,0.97452521324158,true,false,true,false,32,-6,-0.00023984909057617,-9.5844268798828e-05
7428,SAMPLE,ALIGNING,true,1,45,0,0,-0.11401987075806,-0.092847347259521,0.0,-0.07,-0.11401987075806,-0.022847347259521,181.82936096191,124.43408203125,113.79930114746,0.97452521324158,true,false,true,false,32,-6,0.0,0.0
7429,SAMPLE,ALIGNING,true,1,45,0,0,-0.11425924301147,-0.09294319152832,0.0,-0.07,-0.11425924301147,-0.02294319152832,181.86981201172,124.4533996582,114.00718688965,0.9763308763504,true,false,true,false,32,-6,-0.00023937225341797,-9.5844268798828e-05
7430,SAMPLE,ALIGNING,true,1,45,0,0,-0.11425924301147,-0.09294319152832,0.0,-0.07,-0.11425924301147,-0.02294319152832,181.86981201172,124.4533996582,114.00718688965,0.9763308763504,true,false,true,false,32,-6,0.0,0.0
7431,SAMPLE,ALIGNING,true,1,45,0,0,-0.11435508728027,-0.092990875244141,0.0,-0.07,-0.11435508728027,-0.022990875244141,181.88819885254,124.45613861084,114.10173797607,0.97715175151825,true,false,true,false,32,-6,-9.5844268798828e-05,-4.7683715820313e-05
7432,SAMPLE,ALIGNING,true,1,45,0,0,-0.11435508728027,-0.092990875244141,0.0,-0.07,-0.11435508728027,-0.022990875244141,181.88819885254,124.45613861084,114.10173797607,0.97715175151825,true,false,true,false,32,-6,0.0,0.0
7433,SAMPLE,ALIGNING,true,1,45,0,0,-0.11435508728027,-0.092990875244141,0.0,-0.07,-0.11435508728027,-0.022990875244141,181.88819885254,124.45613861084,114.10173797607,0.97715175151825,true,false,true,false,32,-6,0.0,0.0
7434,SAMPLE,ALIGNING,true,1,45,0,0,-0.11454725265503,-0.0928955078125,0.0,-0.07,-0.11454725265503,-0.0228955078125,181.92303466797,124.43932342529,114.28119659424,0.97870713472366,true,false,true,false,32,-6,-0.00019216537475586,9.5367431640625e-05
7435,SAMPLE,ALIGNING,true,1,45,0,0,-0.11454725265503,-0.0928955078125,0.0,-0.07,-0.11454725265503,-0.0228955078125,181.92303466797,124.43932342529,114.28119659424,0.97870713472366,true,false,true,false,32,-6,0.0,0.0
7436,SAMPLE,ALIGNING,true,1,45,0,0,-0.11454725265503,-0.0928955078125,0.0,-0.07,-0.11454725265503,-0.0228955078125,182.03660583496,124.39479064941,114.86604309082,0.9837771654129,true,false,true,false,32,-6,0.0,0.0
7437,SAMPLE,ALIGNING,true,1,45,0,0,-0.11512231826782,-0.092655658721924,0.0,-0.07,-0.11512231826782,-0.022655658721924,182.03660583496,124.39479064941,114.86604309082,0.9837771654129,true,false,true,false,32,-6,-0.00057506561279297,0.00023984909057617
7438,SAMPLE,ALIGNING,true,1,45,0,0,-0.11512231826782,-0.092655658721924,0.0,-0.07,-0.11512231826782,-0.022655658721924,182.03660583496,124.39479064941,114.86604309082,0.9837771654129,true,false,true,false,32,-6,0.0,0.0
7439,SAMPLE,ALIGNING,true,1,45,0,0,-0.1154580116272,-0.092511653900146,0.0,-0.07,-0.1154580116272,-0.022511653900146,182.09976196289,124.37198638916,115.19120788574,0.98659664392471,true,false,true,false,32,-6,-0.000335693359375,0.00014400482177734
7440,SAMPLE,ALIGNING,true,1,45,0,0,-0.1154580116272,-0.092511653900146,0.0,-0.07,-0.1154580116272,-0.022511653900146,182.09976196289,124.37198638916,115.19120788574,0.98659664392471,true,false,true,false,32,-6,0.0,0.0
7441,SAMPLE,ALIGNING,true,1,45,0,0,-0.1154580116272,-0.092511653900146,0.0,-0.07,-0.1154580116272,-0.022511653900146,182.13885498047,124.37973022461,115.39215087891,0.98834162950516,true,false,true,false,32,-6,0.0,0.0
7442,SAMPLE,ALIGNING,true,1,45,0,0,-0.11564970016479,-0.092607498168945,0.0,-0.07,-0.11564970016479,-0.022607498168945,182.13885498047,124.37973022461,115.39215087891,0.98834162950516,true,false,true,false,32,-6,-0.00019168853759766,-9.5844268798828e-05
7443,SAMPLE,ALIGNING,true,1,45,0,0,-0.11564970016479,-0.092607498168945,0.0,-0.07,-0.11564970016479,-0.022607498168945,182.13885498047,124.37973022461,115.39215087891,0.98834162950516,true,false,true,false,32,-6,0.0,0.0
7444,SAMPLE,ALIGNING,true,1,45,0,0,-0.11598539352417,-0.092511653900146,0.0,-0.07,-0.11598539352417,-0.022511653900146,182.2006072998,124.36753845215,115.70988464355,0.99109894037247,true,false,true,false,32,-6,-0.000335693359375,9.5844268798828e-05
7445,SAMPLE,ALIGNING,true,1,45,0,0,-0.11598539352417,-0.092511653900146,0.0,-0.07,-0.11598539352417,-0.022511653900146,182.2006072998,124.36753845215,115.70988464355,0.99109894037247,true,false,true,false,32,-6,0.0,0.0
7446,SAMPLE,ALIGNING,true,1,45,0,0,-0.11612892150879,-0.092607498168945,0.0,-0.07,-0.11612892150879,-0.022607498168945,182.23051452637,124.38666534424,115.86340332031,0.99243408441544,true,false,true,false,33,-6,-0.00014352798461914,-9.5844268798828e-05
7447,SAMPLE,ALIGNING,true,1,45,0,0,-0.11612892150879,-0.092607498168945,0.0,-0.07,-0.11612892150879,-0.022607498168945,182.23051452637,124.38666534424,115.86340332031,0.99243408441544,true,false,true,false,33,-6,0.0,0.0
7448,SAMPLE,ALIGNING,true,1,45,0,0,-0.11612892150879,-0.092607498168945,0.0,-0.07,-0.11612892150879,-0.022607498168945,182.23051452637,124.38666534424,115.86340332031,0.99243408441544,true,false,true,false,33,-6,0.0,0.0
7449,SAMPLE,ALIGNING,true,1,45,0,0,-0.11627244949341,-0.092559814453125,0.0,-0.07,-0.11627244949341,-0.022559814453125,182.26164245605,124.375,116.02361297607,0.99382352828979,true,false,true,false,33,-6,-0.00014352798461914,4.7683715820313e-05
7450,SAMPLE,ALIGNING,true,1,45,0,0,-0.11627244949341,-0.092559814453125,0.0,-0.07,-0.11627244949341,-0.022559814453125,182.26164245605,124.375,116.02361297607,0.99382352828979,true,false,true,false,33,-6,0.0,0.0
7451,SAMPLE,ALIGNING,true,1,45,0,0,-0.11651229858398,-0.092463493347168,0.0,-0.07,-0.11651229858398,-0.022463493347168,182.30052185059,124.35880279541,116.22374725342,0.99555891752243,true,false,true,false,33,-6,-0.00023984909057617,9.6321105957031e-05
7452,SAMPLE,ALIGNING,true,1,45,0,0,-0.11651229858398,-0.092463493347168,0.0,-0.07,-0.11651229858398,-0.022463493347168,182.30052185059,124.35880279541,116.22374725342,0.99555891752243,true,false,true,false,33,-6,0.0,0.0
7453,SAMPLE,ALIGNING,true,1,45,0,0,-0.11651229858398,-0.092463493347168,0.0,-0.07,-0.11651229858398,-0.022463493347168,182.30052185059,124.35880279541,116.22374725342,0.99555891752243,true,false,true,false,33,-6,0.0,0.0
7454,SAMPLE,ALIGNING,true,1,45,0,0,-0.11670446395874,-0.092511653900146,0.0,-0.07,-0.11670446395874,-0.022511653900146,182.34283447266,124.37047576904,116.44111633301,0.9974479675293,true,false,true,false,33,-6,-0.00019216537475586,-4.8160552978516e-05
7455,SAMPLE,ALIGNING,true,1,45,0,0,-0.11670446395874,-0.092511653900146,0.0,-0.07,-0.11670446395874,-0.022511653900146,182.34283447266,124.37047576904,116.44111633301,0.9974479675293,true,false,true,false,33,-6,0.0,0.0
7456,SAMPLE,ALIGNING,true,1,45,0,0,-0.11708784103394,-0.092607498168945,0.0,-0.07,-0.11708784103394,-0.022607498168945,182.41510009766,124.38285064697,116.81242370605,1.0006740093231,true,false,true,false,33,-6,-0.00038337707519531,-9.5844268798828e-05
7457,SAMPLE,ALIGNING,true,1,45,0,0,-0.11708784103394,-0.092607498168945,0.0,-0.07,-0.11708784103394,-0.022607498168945,182.41510009766,124.38285064697,116.81242370605,1.0006740093231,true,false,true,false,33,-6,0.0,0.0
7458,SAMPLE,ALIGNING,true,1,45,0,0,-0.11708784103394,-0.092607498168945,0.0,-0.07,-0.11708784103394,-0.022607498168945,182.41510009766,124.38285064697,116.81242370605,1.0006740093231,true,false,true,false,33,-6,0.0,0.0
7459,SAMPLE,ALIGNING,true,1,45,0,0,-0.11723136901855,-0.091409206390381,0.0,-0.07,-0.11723136901855,-0.021409206390381,182.44596862793,124.15614318848,116.97417449951,1.0020523071289,true,false,true,false,33,-6,-0.00014352798461914,0.0011982917785645
7460,SAMPLE,ALIGNING,true,1,45,0,0,-0.11723136901855,-0.091409206390381,0.0,-0.07,-0.11723136901855,-0.021409206390381,182.44596862793,124.15614318848,116.97417449951,1.0020523071289,true,false,true,false,33,-6,0.0,0.0
7461,SAMPLE,ALIGNING,true,1,45,0,0,-0.11723136901855,-0.091409206390381,0.0,-0.07,-0.11723136901855,-0.021409206390381,182.42895507813,123.6056060791,116.89349365234,1.0012924671173,true,false,true,false,33,-6,0.0,0.0
7462,SAMPLE,ALIGNING,true,1,45,0,0,-0.11713552474976,-0.0885329246521,0.0,-0.07,-0.11713552474976,-0.0185329246521,182.42895507813,123.6056060791,116.89349365234,1.0012924671173,true,false,true,false,33,-5,9.5844268798828e-05,0.0028762817382813
7463,SAMPLE,ALIGNING,true,1,45,0,0,-0.11713552474976,-0.0885329246521,0.0,-0.07,-0.11713552474976,-0.0185329246521,182.42895507813,123.6056060791,116.89349365234,1.0012924671173,true,false,true,false,33,-5,0.0,0.0
7464,SAMPLE,ALIGNING,true,1,45,0,0,-0.11723136901855,-0.083547592163086,0.0,-0.07,-0.11723136901855,-0.013547592163086,182.44268798828,122.64956665039,116.97360229492,1.0019054412842,true,false,true,false,33,-5,-9.5844268798828e-05,0.0049853324890137
7465,SAMPLE,ALIGNING,true,1,45,0,0,-0.11723136901855,-0.083547592163086,0.0,-0.07,-0.11723136901855,-0.013547592163086,182.44268798828,122.64956665039,116.97360229492,1.0019054412842,true,false,true,false,33,-5,0.0,0.0
7466,SAMPLE,ALIGNING,true,1,45,0,0,-0.11723136901855,-0.083547592163086,0.0,-0.07,-0.11723136901855,-0.013547592163086,182.44268798828,122.64956665039,116.97360229492,1.0019054412842,true,false,true,false,33,-5,0.0,0.0
7467,SAMPLE,ALIGNING,true,1,45,0,0,-0.11512231826782,-0.079904079437256,0.0,-0.07,-0.11512231826782,-0.0099040794372559,182.03561401367,121.94470977783,114.88519287109,0.98373317718506,true,false,true,false,32,-5,0.0021090507507324,0.0036435127258301
7468,SAMPLE,ALIGNING,true,1,45,0,0,-0.11512231826782,-0.079904079437256,0.0,-0.07,-0.11512231826782,-0.0099040794372559,182.03561401367,121.94470977783,114.88519287109,0.98373317718506,true,false,true,false,32,-5,0.0,0.0
7469,SAMPLE,ALIGNING,true,1,45,0,0,-0.11205434799194,-0.076500415802002,0.0,-0.07,-0.11205434799194,-0.0065004158020019,181.43988037109,121.29201507568,111.8218536377,0.95713764429092,true,false,true,false,31,-5,0.0030679702758789,0.0034036636352539
7470,SAMPLE,ALIGNING,true,1,45,0,0,-0.11205434799194,-0.076500415802002,0.0,-0.07,-0.11205434799194,-0.0065004158020019,181.43988037109,121.29201507568,111.8218536377,0.95713764429092,true,false,true,false,31,-5,0.0,0.0
7471,SAMPLE,ALIGNING,true,1,45,0,0,-0.11205434799194,-0.076500415802002,0.0,-0.07,-0.11205434799194,-0.0065004158020019,181.43988037109,121.29201507568,111.8218536377,0.95713764429092,true,false,true,false,31,-5,0.0,0.0
7472,SAMPLE,ALIGNING,true,1,45,0,0,-0.10658931732178,-0.07213830947876,0.0,-0.07,-0.10658931732178,-0.0021383094787598,180.38612365723,120.4553527832,106.39179229736,0.91009503602982,true,false,true,false,30,-5,0.005465030670166,0.0043621063232422
7473,SAMPLE,ALIGNING,true,1,45,0,0,-0.10658931732178,-0.07213830947876,0.0,-0.07,-0.10658931732178,-0.0021383094787598,180.38612365723,120.4553527832,106.39179229736,0.91009503602982,true,false,true,false,30,-5,0.0,0.0
7474,SAMPLE,ALIGNING,true,1,45,0,0,-0.10045337677002,-0.068063415586948,0.0,-0.07,-0.10045337677002,0.0019365844130516,179.20422363281,119.65214538574,100.28768920898,0.85733139514923,true,false,true,false,28,4,0.0061359405517578,0.0040748938918114
7475,SAMPLE,ALIGNING,true,1,45,0,0,-0.10045337677002,-0.068063415586948,0.0,-0.07,-0.10045337677002,0.0019365844130516,179.20422363281,119.65214538574,100.28768920898,0.85733139514923,true,false,true,false,28,4,0.0,0.0
7476,SAMPLE,ALIGNING,true,1,45,0,0,-0.10045337677002,-0.068063415586948,0.0,-0.07,-0.10045337677002,0.0019365844130516,179.20422363281,119.65214538574,100.28768920898,0.85733139514923,true,false,true,false,28,4,0.0,0.0
7477,SAMPLE,ALIGNING,true,1,45,0,0,-0.093119144439697,-0.063844956457615,0.0,-0.07,-0.093119144439697,0.0061550435423851,177.794921875,118.84842681885,92.992683410645,0.7944164276123,true,false,true,false,26,4,0.0073342323303223,0.0042184591293335
7478,SAMPLE,ALIGNING,true,1,45,0,0,-0.093119144439697,-0.063844956457615,0.0,-0.07,-0.093119144439697,0.0061550435423851,177.794921875,118.84842681885,92.992683410645,0.7944164276123,true,false,true,false,26,4,0.0,0.0
7479,SAMPLE,ALIGNING,true,1,45,0,0,-0.088181018829346,-0.060824908316135,0.0,-0.07,-0.088181018829346,0.0091750916838646,176.85443115234,118.27133178711,88.115097045898,0.75243008136749,true,false,true,false,25,4,0.0049381256103516,0.0030200481414795
7480,SAMPLE,ALIGNING,true,1,45,0,0,-0.088181018829346,-0.060824908316135,0.0,-0.07,-0.088181018829346,0.0091750916838646,176.85443115234,118.27133178711,88.115097045898,0.75243008136749,true,false,true,false,25,4,0.0,0.0
7481,SAMPLE,ALIGNING,true,1,45,0,0,-0.088181018829346,-0.060824908316135,0.0,-0.07,-0.088181018829346,0.0091750916838646,176.85443115234,118.27133178711,88.115097045898,0.75243008136749,true,false,true,false,25,4,0.0,0.0
7482,SAMPLE,ALIGNING,true,1,45,0,0,-0.083627223968506,-0.058188356459141,0.0,-0.07,-0.083627223968506,0.011811643540859,175.97554016113,117.75922393799,83.550872802734,0.71319383382797,true,false,true,false,23,4,0.0045537948608398,0.0026365518569946
7483,SAMPLE,ALIGNING,true,1,45,0,0,-0.083627223968506,-0.058188356459141,0.0,-0.07,-0.083627223968506,0.011811643540859,175.97554016113,117.75922393799,83.550872802734,0.71319383382797,true,false,true,false,23,4,0.0,0.0
7484,SAMPLE,ALIGNING,true,1,45,0,0,-0.078018665313721,-0.055168189108372,0.0,-0.07,-0.078018665313721,0.014831810891628,174.90057373047,117.18591308594,77.961181640625,0.66520404815674,true,false,true,false,22,4,0.0056085586547852,0.003020167350769
7485,SAMPLE,ALIGNING,true,1,45,0,0,-0.078018665313721,-0.055168189108372,0.0,-0.07,-0.078018665313721,0.014831810891628,174.90057373047,117.18591308594,77.961181640625,0.66520404815674,true,false,true,false,22,4,0.0,0.0
7486,SAMPLE,ALIGNING,true,1,45,0,0,-0.078018665313721,-0.055168189108372,0.0,-0.07,-0.078018665313721,0.014831810891628,174.27705383301,116.98001861572,74.716255187988,0.63736879825592,true,false,true,false,22,4,0.0,0.0
7487,SAMPLE,ALIGNING,true,1,45,0,0,-0.074759006500244,-0.054065622389317,0.0,-0.07,-0.074759006500244,0.015934377610683,174.27705383301,116.98001861572,74.716255187988,0.63736879825592,true,false,true,false,21,4,0.0032596588134766,0.0011025667190552
7488,SAMPLE,ALIGNING,true,1,45,0,0,-0.074759006500244,-0.054065622389317,0.0,-0.07,-0.074759006500244,0.015934377610683,174.27705383301,116.98001861572,74.716255187988,0.63736879825592,true,false,true,false,21,4,0.0,0.0
7489,SAMPLE,ALIGNING,true,1,45,0,0,-0.070827960968018,-0.053394593298435,0.0,-0.07,-0.070827960968018,0.016605406701565,173.51786804199,116.84945678711,70.76286315918,0.60347634553909,true,false,true,false,20,4,0.0039310455322266,0.00067102909088135
7490,SAMPLE,ALIGNING,true,1,45,0,0,-0.070827960968018,-0.053394593298435,0.0,-0.07,-0.070827960968018,0.016605406701565,173.51786804199,116.84945678711,70.76286315918,0.60347634553909,true,false,true,false,20,4,0.0,0.0
7491,SAMPLE,ALIGNING,true,1,45,0,0,-0.070827960968018,-0.053394593298435,0.0,-0.07,-0.070827960968018,0.016605406701565,173.51786804199,116.84945678711,70.76286315918,0.60347634553909,true,false,true,false,20,4,0.0,0.0
7492,SAMPLE,ALIGNING,true,1,45,0,0,-0.068526744842529,-0.052148140966892,0.0,-0.07,-0.068526744842529,0.017851859033108,173.08731079102,116.60861206055,68.518272399902,0.58425486087799,true,false,true,false,19,4,0.0023012161254883,0.001246452331543
7493,SAMPLE,ALIGNING,true,1,45,0,0,-0.068526744842529,-0.052148140966892,0.0,-0.07,-0.068526744842529,0.017851859033108,173.08731079102,116.60861206055,68.518272399902,0.58425486087799,true,false,true,false,19,4,0.0,0.0
7494,SAMPLE,ALIGNING,true,1,45,0,0,-0.06699275970459,-0.051381148397923,0.0,-0.07,-0.06699275970459,0.018618851602077,172.79370117188,116.47207641602,66.987197875977,0.57114779949188,true,false,true,false,19,4,0.0015339851379395,0.00076699256896973
7495,SAMPLE,ALIGNING,true,1,45,0,0,-0.06699275970459,-0.051381148397923,0.0,-0.07,-0.06699275970459,0.018618851602077,172.79370117188,116.47207641602,66.987197875977,0.57114779949188,true,false,true,false,19,4,0.0,0.0
7496,SAMPLE,ALIGNING,true,1,45,0,0,-0.06699275970459,-0.051381148397923,0.0,-0.07,-0.06699275970459,0.018618851602077,172.79370117188,116.47207641602,66.987197875977,0.57114779949188,true,false,true,false,19,4,0.0,0.0
7497,SAMPLE,ALIGNING,true,1,45,0,0,-0.06627368927002,-0.051381148397923,0.0,-0.07,-0.06627368927002,0.018618851602077,172.65504455566,116.47270965576,66.264419555664,0.5649573802948,true,false,true,false,19,4,0.00071907043457031,0.0
7498,SAMPLE,ALIGNING,true,1,45,0,0,-0.06627368927002,-0.051381148397923,0.0,-0.07,-0.06627368927002,0.018618851602077,172.65504455566,116.47270965576,66.264419555664,0.5649573802948,true,false,true,false,19,4,0.0,0.0
7499,SAMPLE,ALIGNING,true,1,45,0,0,-0.06627368927002,-0.051381148397923,0.0,-0.07,-0.06627368927002,0.018618851602077,172.65504455566,116.47270965576,66.264419555664,0.5649573802948,true,false,true,false,19,4,0.0,0.0
7500,SAMPLE,ALIGNING,true,1,45,0,0,-0.066321849822998,-0.05152503401041,0.0,-0.07,-0.066321849822998,0.01847496598959,172.66825866699,116.49920654297,66.333457946777,0.5655472278595,true,false,true,false,19,4,-4.8160552978516e-05,-0.00014388561248779
7501,SAMPLE,ALIGNING,true,1,45,0,0,-0.066321849822998,-0.05152503401041,0.0,-0.07,-0.066321849822998,0.01847496598959,172.66825866699,116.49920654297,66.333457946777,0.5655472278595,true,false,true,false,19,4,0.0,0.0
7502,SAMPLE,ALIGNING,true,1,45,0,0,-0.067328453063965,-0.051860608160496,0.0,-0.07,-0.067328453063965,0.018139391839504,172.85293579102,116.56259918213,67.296524047852,0.57379186153412,true,false,true,false,19,4,-0.0010066032409668,-0.00033557415008545
7503,SAMPLE,ALIGNING,true,1,45,0,0,-0.067328453063965,-0.051860608160496,0.0,-0.07,-0.067328453063965,0.018139391839504,172.85293579102,116.56259918213,67.296524047852,0.57379186153412,true,false,true,false,19,4,0.0,0.0
7504,SAMPLE,ALIGNING,true,1,45,0,0,-0.067328453063965,-0.051860608160496,0.0,-0.07,-0.067328453063965,0.018139391839504,172.85293579102,116.56259918213,67.296524047852,0.57379186153412,true,false,true,false,19,4,0.0,0.0
7505,SAMPLE,ALIGNING,true,1,45,0,0,-0.069869041442871,-0.051812566816807,0.0,-0.07,-0.069869041442871,0.018187433183193,173.34341430664,116.55453491211,69.852272033691,0.59568822383881,true,false,true,false,20,4,-0.0025405883789063,4.8041343688965e-05
7506,SAMPLE,ALIGNING,true,1,45,0,0,-0.069869041442871,-0.051812566816807,0.0,-0.07,-0.069869041442871,0.018187433183193,173.34341430664,116.55453491211,69.852272033691,0.59568822383881,true,false,true,false,20,4,0.0,0.0
7507,SAMPLE,ALIGNING,true,1,45,0,0,-0.071978092193604,-0.051860608160496,0.0,-0.07,-0.071978092193604,0.018139391839504,173.7463684082,116.56224822998,71.95100402832,0.61367732286453,true,false,true,false,20,4,-0.0021090507507324,-4.8041343688965e-05
7508,SAMPLE,ALIGNING,true,1,45,0,0,-0.071978092193604,-0.051860608160496,0.0,-0.07,-0.071978092193604,0.018139391839504,173.7463684082,116.56224822998,71.95100402832,0.61367732286453,true,false,true,false,20,4,0.0,0.0
7509,SAMPLE,ALIGNING,true,1,45,0,0,-0.071978092193604,-0.051860608160496,0.0,-0.07,-0.071978092193604,0.018139391839504,174.11242675781,116.61516571045,73.857070922852,0.63001906871796,true,false,true,false,20,4,0.0,0.0
7510,SAMPLE,ALIGNING,true,1,45,0,0,-0.073895931243896,-0.052148140966892,0.0,-0.07,-0.073895931243896,0.017851859033108,174.11242675781,116.61516571045,73.857070922852,0.63001906871796,true,false,true,false,21,4,-0.001917839050293,-0.00028753280639648
7511,SAMPLE,ALIGNING,true,1,45,0,0,-0.073895931243896,-0.052148140966892,0.0,-0.07,-0.073895931243896,0.017851859033108,174.11242675781,116.61516571045,73.857070922852,0.63001906871796,true,false,true,false,21,4,0.0,0.0
7512,SAMPLE,ALIGNING,true,1,45,0,0,-0.075669765472412,-0.053202785551548,0.0,-0.07,-0.075669765472412,0.016797214448452,174.45251464844,116.81561279297,75.628219604492,0.64520144462585,true,false,true,false,21,4,-0.0017738342285156,-0.0010546445846558
7513,SAMPLE,ALIGNING,true,1,45,0,0,-0.075669765472412,-0.053202785551548,0.0,-0.07,-0.075669765472412,0.016797214448452,174.45251464844,116.81561279297,75.628219604492,0.64520144462585,true,false,true,false,21,4,0.0,0.0
7514,SAMPLE,ALIGNING,true,1,45,0,0,-0.078066349029541,-0.055359996855259,0.0,-0.07,-0.078066349029541,0.014640003144741,174.91261291504,117.22448730469,78.024024963379,0.66574174165726,true,false,true,false,22,4,-0.0023965835571289,-0.0021572113037109
7515,SAMPLE,ALIGNING,true,1,45,0,0,-0.078066349029541,-0.055359996855259,0.0,-0.07,-0.078066349029541,0.014640003144741,174.91261291504,117.22448730469,78.024024963379,0.66574174165726,true,false,true,false,22,4,0.0,0.0
7516,SAMPLE,ALIGNING,true,1,45,0,0,-0.078066349029541,-0.055359996855259,0.0,-0.07,-0.078066349029541,0.014640003144741,174.91261291504,117.22448730469,78.024024963379,0.66574174165726,true,false,true,false,22,4,0.0,0.0
7517,SAMPLE,ALIGNING,true,1,45,0,0,-0.07955265045166,-0.057325400412083,0.0,-0.07,-0.07955265045166,0.012674599587917,175.19645690918,117.60032653809,79.501937866211,0.67841303348541,true,false,true,false,22,4,-0.0014863014221191,-0.0019654035568237
7518,SAMPLE,ALIGNING,true,1,45,0,0,-0.07955265045166,-0.057325400412083,0.0,-0.07,-0.07955265045166,0.012674599587917,175.19645690918,117.60032653809,79.501937866211,0.67841303348541,true,false,true,false,22,4,0.0,0.0
7519,SAMPLE,ALIGNING,true,1,45,0,0,-0.080894947052002,-0.059338845312595,0.0,-0.07,-0.080894947052002,0.010661154687405,175.45286560059,117.9871673584,80.836555480957,0.68986034393311,true,false,true,false,23,4,-0.0013422966003418,-0.0020134449005127
7520,SAMPLE,ALIGNING,true,1,45,0,0,-0.080894947052002,-0.059338845312595,0.0,-0.07,-0.080894947052002,0.010661154687405,175.45286560059,117.9871673584,80.836555480957,0.68986034393311,true,false,true,false,23,4,0.0,0.0
7521,SAMPLE,ALIGNING,true,1,45,0,0,-0.080894947052002,-0.059338845312595,0.0,-0.07,-0.080894947052002,0.010661154687405,175.45286560059,117.9871673584,80.836555480957,0.68986034393311,true,false,true,false,23,4,0.0,0.0
7522,SAMPLE,ALIGNING,true,1,45,0,0,-0.082093238830566,-0.061352171003819,0.0,-0.07,-0.082093238830566,0.0086478289961815,175.68473815918,118.36859130859,82.042984008789,0.70021188259125,true,false,true,false,23,4,-0.0011982917785645,-0.0020133256912231
7523,SAMPLE,ALIGNING,true,1,45,0,0,-0.082093238830566,-0.061352171003819,0.0,-0.07,-0.082093238830566,0.0086478289961815,175.68473815918,118.36859130859,82.042984008789,0.70021188259125,true,false,true,false,23,4,0.0,0.0
7524,SAMPLE,ALIGNING,true,1,45,0,0,-0.083627223968506,-0.063988722860813,0.0,-0.07,-0.083627223968506,0.0060112771391869,175.97821044922,118.87923431396,83.569046020508,0.71331292390823,true,false,true,false,23,4,-0.0015339851379395,-0.0026365518569946
7525,SAMPLE,ALIGNING,true,1,45,0,0,-0.083627223968506,-0.063988722860813,0.0,-0.07,-0.083627223968506,0.0060112771391869,175.97821044922,118.87923431396,83.569046020508,0.71331292390823,true,false,true,false,23,4,0.0,0.0
7526,SAMPLE,ALIGNING,true,1,45,0,0,-0.083627223968506,-0.063988722860813,0.0,-0.07,-0.083627223968506,0.0060112771391869,175.97821044922,118.87923431396,83.569046020508,0.71331292390823,true,false,true,false,23,4,0.0,0.0
7527,SAMPLE,ALIGNING,true,1,45,0,0,-0.084586143493652,-0.065762437880039,0.0,-0.07,-0.084586143493652,0.0042375621199608,176.16241455078,119.21517944336,84.5263671875,0.72153609991074,true,false,true,false,24,4,-0.00095891952514648,-0.0017737150192261
7528,SAMPLE,ALIGNING,true,1,45,0,0,-0.084586143493652,-0.065762437880039,0.0,-0.07,-0.084586143493652,0.0042375621199608,176.16241455078,119.21517944336,84.5263671875,0.72153609991074,true,false,true,false,24,4,0.0,0.0
7529,SAMPLE,ALIGNING,true,1,45,0,0,-0.08549690246582,-0.067392386496067,0.0,-0.07,-0.08549690246582,0.002607613503933,176.33186340332,119.52233886719,85.406578063965,0.72910118103027,true,false,true,false,24,4,-0.00091075897216797,-0.0016299486160278
7530,SAMPLE,ALIGNING,true,1,45,0,0,-0.08549690246582,-0.067392386496067,0.0,-0.07,-0.08549690246582,0.002607613503933,176.33186340332,119.52233886719,85.406578063965,0.72910118103027,true,false,true,false,24,4,0.0,0.0
7531,SAMPLE,ALIGNING,true,1,45,0,0,-0.086311817169189,-0.068830408155918,0.0,-0.07,-0.086311817169189,0.0011695918440819,176.48934936523,119.8004989624,86.224258422852,0.73613196611404,true,false,true,false,24,4,-0.00081491470336914,-0.0014380216598511
7532,SAMPLE,ALIGNING,true,1,45,0,0,-0.086311817169189,-0.068830408155918,0.0,-0.07,-0.086311817169189,0.0011695918440819,176.48934936523,119.8004989624,86.224258422852,0.73613196611404,true,false,true,false,24,4,0.0,0.0
7533,SAMPLE,ALIGNING,true,1,45,0,0,-0.086311817169189,-0.068830408155918,0.0,-0.07,-0.086311817169189,0.0011695918440819,176.48934936523,119.8004989624,86.224258422852,0.73613196611404,true,false,true,false,24,4,0.0,0.0
7534,SAMPLE,ALIGNING,true,1,45,0,0,-0.086982727050781,-0.070028781890869,0.0,-0.07,-0.086982727050781,-2.8781890869134e-05,176.62445068359,120.04974365234,86.925453186035,0.74216276407242,true,false,true,false,24,-5,-0.0006709098815918,-0.001198373734951
7535,SAMPLE,ALIGNING,true,1,45,0,0,-0.086982727050781,-0.070028781890869,0.0,-0.07,-0.086982727050781,-2.8781890869134e-05,176.62445068359,120.04974365234,86.925453186035,0.74216276407242,true,false,true,false,24,-5,0.0,0.0
7536,SAMPLE,ALIGNING,true,1,45,0,0,-0.087414264678955,-0.071131706237793,0.0,-0.07,-0.087414264678955,-0.001131706237793,176.70545959473,120.25910949707,87.345718383789,0.74577927589417,true,false,true,false,24,-5,-0.00043153762817383,-0.0011029243469238
7537,SAMPLE,ALIGNING,true,1,45,0,0,-0.087414264678955,-0.071131706237793,0.0,-0.07,-0.087414264678955,-0.001131706237793,176.70545959473,120.25910949707,87.345718383789,0.74577927589417,true,false,true,false,24,-5,0.0,0.0
7538,SAMPLE,ALIGNING,true,1,45,0,0,-0.055919170379639,-0.07218599319458,0.0,-0.07,-0.055919170379639,-0.0021859931945801,170.67253112793,120.46461486816,55.928409576416,0.47645235061646,true,false,true,false,16,-5,0.031495094299316,-0.0010542869567871
7539,SAMPLE,ALIGNING,true,1,45,0,0,-0.055919170379639,-0.07218599319458,0.0,-0.07,-0.055919170379639,-0.0021859931945801,170.67253112793,120.46461486816,55.928409576416,0.47645235061646,true,false,true,false,16,-5,0.0,0.0
7540,SAMPLE,ALIGNING,true,1,45,0,0,-0.055919170379639,-0.07218599319458,0.0,-0.07,-0.055919170379639,-0.0021859931945801,170.67253112793,120.46461486816,55.928409576416,0.47645235061646,true,false,true,false,16,-5,0.0,0.0
7541,SAMPLE,ALIGNING,true,1,45,0,0,-0.032382011413574,-0.073288917541504,0.0,-0.07,-0.032382011413574,-0.0032889175415039,166.17878723145,120.68018341064,32.412975311279,0.27583879232407,true,false,true,false,9,-5,0.023537158966064,-0.0011029243469238
7542,SAMPLE,ALIGNING,true,1,45,0,0,-0.032382011413574,-0.073288917541504,0.0,-0.07,-0.032382011413574,-0.0032889175415039,166.17878723145,120.68018341064,32.412975311279,0.27583879232407,true,false,true,false,9,-5,0.0,0.0
7543,SAMPLE,ALIGNING,true,1,44,1,0,-0.0078377723693848,-0.074966430664063,0.0,-0.07,-0.0078377723693848,-0.0049664306640625,161.50047302246,120.99300384521,7.8750896453857,0.0669851526618,false,true,true,true,4,-5,0.024544239044189,-0.0016775131225586
7544,SAMPLE,ALIGNING,true,1,43,2,0,-0.0078377723693848,-0.074966430664063,0.0,-0.07,-0.0078377723693848,-0.0049664306640625,161.50047302246,120.99300384521,7.8750896453857,0.0669851526618,false,true,true,true,4,-5,0.0,0.0
7545,SAMPLE,ALIGNING,true,1,42,3,0,-0.0078377723693848,-0.074966430664063,0.0,-0.07,-0.0078377723693848,-0.0049664306640625,161.50047302246,120.99300384521,7.8750896453857,0.0669851526618,false,true,true,true,4,-5,0.0,0.0
7546,SAMPLE,ALIGNING,true,1,41,4,0,0.0034275054931641,-0.076212882995605,0.0,-0.07,0.0034275054931641,-0.0062128829956055,159.3321685791,121.23430633545,-3.5051107406616,-0.029814133420587,false,true,true,true,-5,-5,0.011265277862549,-0.001246452331543
7547,STABLE,STABLE,true,1,40,5,0,0.0034275054931641,-0.076212882995605,0.0,-0.07,0.0034275054931641,-0.0062128829956055,159.3321685791,121.23430633545,-3.5051107406616,-0.029814133420587,false,true,true,true,0,0,0.0,0.0
7548,SAMPLE,STABLE,true,1,45,6,0,0.014740824699402,-0.077890872955322,0.0,-0.07,0.014740824699402,-0.0078908729553223,157.1750793457,121.54992675781,-14.824868202209,-0.12611249089241,false,true,true,true,0,0,0.011313319206238,-0.0016779899597168
7549,SAMPLE,STABLE,true,1,45,7,0,0.014740824699402,-0.077890872955322,0.0,-0.07,0.014740824699402,-0.0078908729553223,157.1750793457,121.54992675781,-14.824868202209,-0.12611249089241,false,true,true,true,0,0,0.0,0.0
7550,SAMPLE,STABLE,true,1,45,8,0,0.019151091575623,-0.078609943389893,0.0,-0.07,0.019151091575623,-0.0086099433898926,156.33993530273,121.68395996094,-19.206062316895,-0.16339546442032,false,true,true,true,0,0,0.0044102668762207,-0.00071907043457031
7551,SAMPLE,STABLE,true,1,45,9,0,0.019151091575623,-0.078609943389893,0.0,-0.07,0.019151091575623,-0.0086099433898926,156.33993530273,121.68395996094,-19.206062316895,-0.16339546442032,false,true,true,true,0,0,0.0,0.0
7552,SAMPLE,STABLE,true,1,45,10,0,0.019151091575623,-0.078609943389893,0.0,-0.07,0.019151091575623,-0.0086099433898926,155.71028137207,121.76889801025,-22.508504867554,-0.1915050894022,false,true,true,true,0,0,0.0,0.0
7553,ALIGNING,ALIGNING,true,1,45,0,0,0.022458791732788,-0.079041481018066,0.0,-0.07,0.022458791732788,-0.0090414810180664,155.71028137207,121.76889801025,-22.508504867554,-0.1915050894022,true,false,true,false,-7,-5,0.0033077001571655,-0.00043153762817383
7554,SAMPLE,ALIGNING,true,1,45,0,0,0.022458791732788,-0.079041481018066,0.0,-0.07,0.022458791732788,-0.0090414810180664,155.71028137207,121.76889801025,-22.508504867554,-0.1915050894022,true,false,true,false,-7,-5,0.0,0.0
7555,SAMPLE,ALIGNING,true,1,45,0,0,0.024903535842896,-0.079376697540283,0.0,-0.07,0.024903535842896,-0.0093766975402832,155.24215698242,121.83419036865,-24.963256835938,-0.21240372955799,true,false,true,false,-8,-5,0.0024447441101074,-0.0003352165222168
7556,SAMPLE,ALIGNING,true,1,45,0,0,0.024903535842896,-0.079376697540283,0.0,-0.07,0.024903535842896,-0.0093766975402832,155.24215698242,121.83419036865,-24.963256835938,-0.21240372955799,true,false,true,false,-8,-5,0.0,0.0
7557,SAMPLE,ALIGNING,true,1,45,0,0,0.026629328727722,-0.079808235168457,0.0,-0.07,0.026629328727722,-0.009808235168457,154.91467285156,121.91771697998,-26.680192947388,-0.22702333331108,true,false,true,false,-8,-5,0.0017257928848267,-0.00043153762817383
7558,SAMPLE,ALIGNING,true,1,45,0,0,0.026629328727722,-0.079808235168457,0.0,-0.07,0.026629328727722,-0.009808235168457,154.91467285156,121.91771697998,-26.680192947388,-0.22702333331108,true,false,true,false,-8,-5,0.0,0.0
7559,SAMPLE,ALIGNING,true,1,45,0,0,0.027971625328064,-0.080191612243652,0.0,-0.07,0.027971625328064,-0.010191612243652,154.65925598145,121.98881530762,-28.019102096558,-0.23842611908913,true,false,true,false,-9,-5,0.0013422966003418,-0.00038337707519531
7560,SAMPLE,ALIGNING,true,1,45,0,0,0.027971625328064,-0.080191612243652,0.0,-0.07,0.027971625328064,-0.010191612243652,154.65925598145,121.98881530762,-28.019102096558,-0.23842611908913,true,false,true,false,-9,-5,0.0,0.0
7561,SAMPLE,ALIGNING,true,1,45,0,0,0.027971625328064,-0.080191612243652,0.0,-0.07,0.027971625328064,-0.010191612243652,154.65925598145,121.98881530762,-28.019102096558,-0.23842611908913,true,false,true,false,-9,-5,0.0,0.0
7562,SAMPLE,ALIGNING,true,1,45,0,0,0.02902626991272,-0.080527305603027,0.0,-0.07,0.02902626991272,-0.010527305603027,154.45974731445,122.05797576904,-29.064804077148,-0.24733301997185,true,false,true,false,-9,-5,0.0010546445846558,-0.000335693359375
7563,SAMPLE,ALIGNING,true,1,45,0,0,0.02902626991272,-0.080527305603027,0.0,-0.07,0.02902626991272,-0.010527305603027,154.45974731445,122.05797576904,-29.064804077148,-0.24733301997185,true,false,true,false,-9,-5,0.0,0.0
7564,SAMPLE,ALIGNING,true,1,45,0,0,0.029937028884888,-0.080958843231201,0.0,-0.07,0.029937028884888,-0.010958843231201,154.28504943848,122.13217926025,-29.980346679688,-0.25513207912445,true,false,true,false,-9,-5,0.00091075897216797,-0.00043153762817383
7565,SAMPLE,ALIGNING,true,1,45,0,0,0.029937028884888,-0.080958843231201,0.0,-0.07,0.029937028884888,-0.010958843231201,154.28504943848,122.13217926025,-29.980346679688,-0.25513207912445,true,false,true,false,-9,-5,0.0,0.0
7566,SAMPLE,ALIGNING,true,1,45,0,0,0.030847907066345,-0.08110237121582,0.0,-0.07,0.030847907066345,-0.01110237121582,154.11109924316,122.16032409668,-30.891971588135,-0.26289749145508,true,false,true,false,-10,-5,0.00091087818145752,-0.00014352798461914
7567,SAMPLE,ALIGNING,true,1,45,0,0,0.030847907066345,-0.08110237121582,0.0,-0.07,0.030847907066345,-0.01110237121582,154.11109924316,122.16032409668,-30.891971588135,-0.26289749145508,true,false,true,false,-10,-5,0.0,0.0
7568,SAMPLE,ALIGNING,true,1,45,0,0,0.031710743904114,-0.081006526947021,0.0,-0.07,0.031710743904114,-0.011006526947021,153.94883728027,122.14672851563,-31.742343902588,-0.27014094591141,true,false,true,false,-10,-5,0.00086283683776855,9.5844268798828e-05
7569,SAMPLE,ALIGNING,true,1,45,0,0,0.031710743904114,-0.081006526947021,0.0,-0.07,0.031710743904114,-0.011006526947021,153.94883728027,122.14672851563,-31.742343902588,-0.27014094591141,true,false,true,false,-10,-5,0.0,0.0
7570,SAMPLE,ALIGNING,true,1,45,0,0,0.031710743904114,-0.081006526947021,0.0,-0.07,0.031710743904114,-0.011006526947021,153.94883728027,122.14672851563,-31.742343902588,-0.27014094591141,true,false,true,false,-10,-5,0.0,0.0
7571,SAMPLE,ALIGNING,true,1,45,0,0,0.032429814338684,-0.080718994140625,0.0,-0.07,0.032429814338684,-0.010718994140625,153.80967712402,122.09320068359,-32.471672058105,-0.2763540148735,true,false,true,false,-10,-5,0.00071907043457031,0.00028753280639648
7572,SAMPLE,ALIGNING,true,1,45,0,0,0.032429814338684,-0.080718994140625,0.0,-0.07,0.032429814338684,-0.010718994140625,153.80967712402,122.09320068359,-32.471672058105,-0.2763540148735,true,false,true,false,-10,-5,0.0,0.0
7573,SAMPLE,ALIGNING,true,1,45,0,0,0.032957077026367,-0.080431461334229,0.0,-0.07,0.032957077026367,-0.010431461334229,153.70684814453,122.0394821167,-33.010585784912,-0.28094446659088,true,false,true,false,-10,-5,0.00052726268768311,0.00028753280639648
7574,SAMPLE,ALIGNING,true,1,45,0,0,0.032957077026367,-0.080431461334229,0.0,-0.07,0.032957077026367,-0.010431461334229,153.70684814453,122.0394821167,-33.010585784912,-0.28094446659088,true,false,true,false,-10,-5,0.0,0.0
7575,SAMPLE,ALIGNING,true,1,45,0,0,0.033052921295166,-0.080287456512451,0.0,-0.07,0.033052921295166,-0.010287456512451,153.68489074707,122.0071182251,-33.1256980896,-0.28192448616028,true,false,true,false,-10,-5,9.5844268798828e-05,0.00014400482177734
7576,SAMPLE,ALIGNING,true,1,45,0,0,0.033052921295166,-0.080287456512451,0.0,-0.07,0.033052921295166,-0.010287456512451,153.68489074707,122.0071182251,-33.1256980896,-0.28192448616028,true,false,true,false,-10,-5,0.0,0.0
7577,SAMPLE,ALIGNING,true,1,45,0,0,0.032669425010681,-0.080191612243652,0.0,-0.07,0.032669425010681,-0.010191612243652,153.76870727539,121.99076080322,-32.686542510986,-0.27818256616592,true,false,true,false,-10,-5,-0.00038349628448486,9.5844268798828e-05
7578,SAMPLE,ALIGNING,true,1,45,0,0,0.032669425010681,-0.080191612243652,0.0,-0.07,0.032669425010681,-0.010191612243652,153.76870727539,121.99076080322,-32.686542510986,-0.27818256616592,true,false,true,false,-10,-5,0.0,0.0
7579,SAMPLE,ALIGNING,true,1,45,0,0,0.032669425010681,-0.080191612243652,0.0,-0.07,0.032669425010681,-0.010191612243652,153.76870727539,121.99076080322,-32.686542510986,-0.27818256616592,true,false,true,false,-10,-5,0.0,0.0
7580,SAMPLE,ALIGNING,true,1,45,0,0,0.032381892204285,-0.08033561706543,0.0,-0.07,0.032381892204285,-0.01033561706543,153.8208770752,122.01727294922,-32.413120269775,-0.27585369348526,true,false,true,false,-10,-5,-0.00028753280639648,-0.00014400482177734
7581,SAMPLE,ALIGNING,true,1,45,0,0,0.032381892204285,-0.08033561706543,0.0,-0.07,0.032381892204285,-0.01033561706543,153.8208770752,122.01727294922,-32.413120269775,-0.27585369348526,true,false,true,false,-10,-5,0.0,0.0
7582,SAMPLE,ALIGNING,true,1,45,0,0,0.032381892204285,-0.08033561706543,0.0,-0.07,0.032381892204285,-0.01033561706543,153.77122497559,122.09228515625,-32.673164367676,-0.27807065844536,true,false,true,false,-10,-5,0.0,0.0
7583,SAMPLE,ALIGNING,true,1,45,0,0,0.032621502876282,-0.080718994140625,0.0,-0.07,0.032621502876282,-0.010718994140625,153.77122497559,122.09228515625,-32.673164367676,-0.27807065844536,true,false,true,false,-10,-5,0.00023961067199707,-0.00038337707519531
7584,SAMPLE,ALIGNING,true,1,45,0,0,0.032621502876282,-0.080718994140625,0.0,-0.07,0.032621502876282,-0.010718994140625,153.77122497559,122.09228515625,-32.673164367676,-0.27807065844536,true,false,true,false,-10,-5,0.0,0.0
7585,SAMPLE,ALIGNING,true,1,45,0,0,0.03271746635437,-0.081006526947021,0.0,-0.07,0.03271746635437,-0.011006526947021,153.74806213379,122.15018463135,-32.794422149658,-0.27910423278809,true,false,true,false,-10,-5,9.5963478088379e-05,-0.00028753280639648
7586,SAMPLE,ALIGNING,true,1,45,0,0,0.03271746635437,-0.081006526947021,0.0,-0.07,0.03271746635437,-0.011006526947021,153.74806213379,122.15018463135,-32.794422149658,-0.27910423278809,true,false,true,false,-10,-5,0.0,0.0
7587,SAMPLE,ALIGNING,true,1,45,0,0,0.032669425010681,-0.081246376037598,0.0,-0.07,0.032669425010681,-0.011246376037598,153.7649230957,122.18947601318,-32.705993652344,-0.27835202217102,true,false,true,false,-10,-5,-4.8041343688965e-05,-0.00023984909057617
7588,SAMPLE,ALIGNING,true,1,45,0,0,0.032669425010681,-0.081246376037598,0.0,-0.07,0.032669425010681,-0.011246376037598,153.7649230957,122.18947601318,-32.705993652344,-0.27835202217102,true,false,true,false,-10,-5,0.0,0.0
7589,SAMPLE,ALIGNING,true,1,45,0,0,0.032477736473083,-0.081438064575195,0.0,-0.07,0.032477736473083,-0.011438064575195,153.80035400391,122.22566986084,-32.52027130127,-0.27676999568939,true,false,true,false,-10,-5,-0.00019168853759766,-0.00019168853759766
7590,SAMPLE,ALIGNING,true,1,45,0,0,0.032477736473083,-0.081438064575195,0.0,-0.07,0.032477736473083,-0.011438064575195,153.80035400391,122.22566986084,-32.52027130127,-0.27676999568939,true,false,true,false,-10,-5,0.0,0.0
7591,SAMPLE,ALIGNING,true,1,45,0,0,0.032477736473083,-0.081438064575195,0.0,-0.07,0.032477736473083,-0.011438064575195,153.80035400391,122.22566986084,-32.52027130127,-0.27676999568939,true,false,true,false,-10,-5,0.0,0.0
7592,SAMPLE,ALIGNING,true,1,45,0,0,0.032285928726196,-0.081629753112793,0.0,-0.07,0.032285928726196,-0.011629753112793,153.83045959473,122.26052093506,-32.362449645996,-0.27542597055435,true,false,true,false,-10,-5,-0.00019180774688721,-0.00019168853759766
7593,SAMPLE,ALIGNING,true,1,45,0,0,0.032285928726196,-0.081629753112793,0.0,-0.07,0.032285928726196,-0.011629753112793,153.83045959473,122.26052093506,-32.362449645996,-0.27542597055435,true,false,true,false,-10,-5,0.0,0.0
7594,SAMPLE,ALIGNING,true,1,45,0,0,0.032190084457397,-0.081869602203369,0.0,-0.07,0.032190084457397,-0.011869602203369,153.8553314209,122.31524658203,-32.232002258301,-0.27431574463844,true,false,true,false,-10,-5,-9.5844268798828e-05,-0.00023984909057617
7595,SAMPLE,ALIGNING,true,1,45,0,0,0.032190084457397,-0.081869602203369,0.0,-0.07,0.032190084457397,-0.011869602203369,153.8553314209,122.31524658203,-32.232002258301,-0.27431574463844,true,false,true,false,-10,-5,0.0,0.0
7596,SAMPLE,ALIGNING,true,1,45,0,0,0.032190084457397,-0.081869602203369,0.0,-0.07,0.032190084457397,-0.011869602203369,153.86309814453,122.34928131104,-32.19123840332,-0.27396878600121,true,false,true,false,-10,-5,0.0,0.0
7597,SAMPLE,ALIGNING,true,1,45,0,0,0.032142162322998,-0.082061290740967,0.0,-0.07,0.032142162322998,-0.012061290740967,153.86309814453,122.34928131104,-32.19123840332,-0.27396878600121,true,false,true,false,-10,-5,-4.7922134399414e-05,-0.00019168853759766
7598,SAMPLE,ALIGNING,true,1,45,0,0,0.032142162322998,-0.082061290740967,0.0,-0.07,0.032142162322998,-0.012061290740967,153.86309814453,122.34928131104,-32.19123840332,-0.27396878600121,true,false,true,false,-10,-5,0.0,0.0
7599,SAMPLE,ALIGNING,true,1,45,0,0,0.032046318054199,-0.082301139831543,0.0,-0.07,0.032046318054199,-0.012301139831543,153.87698364258,122.38800048828,-32.118392944336,-0.27334922552109,true,false,true,false,-10,-5,-9.5844268798828e-05,-0.00023984909057617
7600,SAMPLE,ALIGNING,true,1,45,0,0,0.032046318054199,-0.082301139831543,0.0,-0.07,0.032046318054199,-0.012301139831543,153.87698364258,122.38800048828,-32.118392944336,-0.27334922552109,true,false,true,false,-10,-5,0.0,0.0
7601,SAMPLE,ALIGNING,true,1,45,0,0,0.032046318054199,-0.082301139831543,0.0,-0.07,0.032046318054199,-0.012301139831543,153.87698364258,122.38800048828,-32.118392944336,-0.27334922552109,true,false,true,false,-10,-5,0.0,0.0
7602,SAMPLE,ALIGNING,true,1,45,0,0,0.076724171638489,-0.082684516906738,0.0,-0.07,0.076724171638489,-0.012684516906738,145.34733581543,122.46842956543,-76.673706054688,-0.65413677692413,true,false,true,false,-22,-5,0.04467785358429,-0.00038337707519531
7603,SAMPLE,ALIGNING,true,1,45,0,0,0.076724171638489,-0.082684516906738,0.0,-0.07,0.076724171638489,-0.012684516906738,145.34733581543,122.46842956543,-76.673706054688,-0.65413677692413,true,false,true,false,-22,-5,0.0,0.0
7604,SAMPLE,ALIGNING,true,1,45,0,0,0.076724171638489,-0.082684516906738,0.0,-0.07,0.076724171638489,-0.012684516906738,145.34733581543,122.46842956543,-76.673706054688,-0.65413677692413,true,false,true,false,-22,-5,0.0,0.0
7605,SAMPLE,ALIGNING,true,1,45,0,0,0.048824429512024,-0.077986717224121,0.0,-0.07,0.048824429512024,-0.0079867172241211,150.68008422852,121.57006072998,-48.856792449951,-0.41606763005257,true,false,true,false,-15,-5,-0.027899742126465,0.0046977996826172
7606,SAMPLE,ALIGNING,true,1,45,0,0,0.048824429512024,-0.077986717224121,0.0,-0.07,0.048824429512024,-0.0079867172241211,150.68008422852,121.57006072998,-48.856792449951,-0.41606763005257,true,false,true,false,-15,-5,0.0,0.0
7607,SAMPLE,ALIGNING,true,1,45,0,0,0.036121010780334,-0.07582950592041,0.0,-0.07,0.036121010780334,-0.0058295059204101,153.10699462891,121.16121673584,-36.154563903809,-0.30772361159325,true,false,true,false,-11,-5,-0.012703418731689,0.0021572113037109
7608,SAMPLE,ALIGNING,true,1,45,0,0,0.036121010780334,-0.07582950592041,0.0,-0.07,0.036121010780334,-0.0058295059204101,153.10699462891,121.16121673584,-36.154563903809,-0.30772361159325,true,false,true,false,-11,-5,0.0,0.0
7609,SAMPLE,ALIGNING,true,1,45,0,0,0.036121010780334,-0.07582950592041,0.0,-0.07,0.036121010780334,-0.0058295059204101,155.61566162109,120.73860168457,-23.005542755127,-0.19572944939137,true,false,true,false,-11,-5,0.0,0.0
7610,SAMPLE,ALIGNING,true,1,45,0,0,0.022938132286072,-0.073624610900879,0.0,-0.07,0.022938132286072,-0.0036246109008789,155.61566162109,120.73860168457,-23.005542755127,-0.19572944939137,true,false,true,false,-7,-5,-0.013182878494263,0.0022048950195313
7611,SAMPLE,ALIGNING,true,1,45,0,0,0.022938132286072,-0.073624610900879,0.0,-0.07,0.022938132286072,-0.0036246109008789,155.61566162109,120.73860168457,-23.005542755127,-0.19572944939137,true,false,true,false,-7,-5,0.0,0.0
7612,SAMPLE,ALIGNING,true,1,44,1,0,0.014549136161804,-0.07218599319458,0.0,-0.07,0.014549136161804,-0.0021859931945801,157.21131896973,120.46978759766,-14.635167121887,-0.12449489533901,false,true,true,true,-5,-5,-0.0083889961242676,0.0014386177062988
7613,SAMPLE,ALIGNING,true,1,43,2,0,0.014549136161804,-0.07218599319458,0.0,-0.07,0.014549136161804,-0.0021859931945801,157.21131896973,120.46978759766,-14.635167121887,-0.12449489533901,false,true,true,true,-5,-5,0.0,0.0
7614,SAMPLE,ALIGNING,true,1,42,3,0,0.014549136161804,-0.07218599319458,0.0,-0.07,0.014549136161804,-0.0021859931945801,157.21131896973,120.46978759766,-14.635167121887,-0.12449489533901,false,true,true,true,-5,-5,0.0,0.0
7615,SAMPLE,ALIGNING,true,1,41,4,0,0.0092759132385254,-0.071323394775391,0.0,-0.07,0.0092759132385254,-0.0013233947753906,158.22624206543,120.29881286621,-9.3093996047974,-0.079185731709003,false,true,true,true,-5,-5,-0.0052732229232788,0.00086259841918945
7616,STABLE,STABLE,true,1,40,5,0,0.0092759132385254,-0.071323394775391,0.0,-0.07,0.0092759132385254,-0.0013233947753906,158.22624206543,120.29881286621,-9.3093996047974,-0.079185731709003,false,true,true,true,0,0,0.0,0.0
7617,SAMPLE,STABLE,true,1,45,6,0,0.005872368812561,-0.070747852325439,0.0,-0.07,0.005872368812561,-0.00074785232543945,158.8717956543,120.19006347656,-5.9214301109314,-0.050366561859846,false,true,true,true,0,0,-0.0034035444259644,0.00057554244995117
7618,SAMPLE,STABLE,true,1,45,7,0,0.005872368812561,-0.070747852325439,0.0,-0.07,0.005872368812561,-0.00074785232543945,158.8717956543,120.19006347656,-5.9214301109314,-0.050366561859846,false,true,true,true,0,0,0.0,0.0
7619,SAMPLE,STABLE,true,1,45,8,0,0.005872368812561,-0.070747852325439,0.0,-0.07,0.005872368812561,-0.00074785232543945,158.8717956543,120.19006347656,-5.9214301109314,-0.050366561859846,false,true,true,true,0,0,0.0,0.0
7620,SAMPLE,STABLE,true,1,45,9,0,0.0037151575088501,-0.070364475250244,0.0,-0.07,0.0037151575088501,-0.00036447525024413,159.28239440918,120.12088775635,-3.7664248943329,-0.032035954296589,false,true,true,true,0,0,-0.0021572113037109,0.00038337707519531
7621,SAMPLE,STABLE,true,1,45,10,0,0.0037151575088501,-0.070364475250244,0.0,-0.07,0.0037151575088501,-0.00036447525024413,159.28239440918,120.12088775635,-3.7664248943329,-0.032035954296589,false,true,true,true,0,0,0.0,0.0
7622,SAMPLE,STABLE,true,1,45,11,0,0.0027084350585938,-0.070220947265625,0.0,-0.07,0.0027084350585938,-0.00022094726562499,159.46925354004,120.08940887451,-2.785685300827,-0.023693792521954,false,true,true,true,0,0,-0.0010067224502563,0.00014352798461914
7623,SAMPLE,STABLE,true,1,45,12,0,0.0027084350585938,-0.070220947265625,0.0,-0.07,0.0027084350585938,-0.00022094726562499,159.46925354004,120.08940887451,-2.785685300827,-0.023693792521954,false,true,true,true,0,0,0.0,0.0
7624,SAMPLE,STABLE,true,1,45,13,0,0.0027084350585938,-0.070220947265625,0.0,-0.07,0.0027084350585938,-0.00022094726562499,159.46925354004,120.08940887451,-2.785685300827,-0.023693792521954,false,true,true,true,0,0,0.0,0.0
7625,SAMPLE,STABLE,true,1,45,14,0,0.0019893646240234,-0.070124626159668,0.0,-0.07,0.0019893646240234,-0.00012462615966796,159.60746765137,120.0661315918,-2.0602560043335,-0.017523929476738,false,true,true,true,0,0,-0.00071907043457031,9.6321105957031e-05
7626,SAMPLE,STABLE,true,1,45,15,0,0.0019893646240234,-0.070124626159668,0.0,-0.07,0.0019893646240234,-0.00012462615966796,159.60746765137,120.0661315918,-2.0602560043335,-0.017523929476738,false,true,true,true,0,0,0.0,0.0
7627,SAMPLE,STABLE,true,1,45,16,0,0.0014621019363403,-0.070028781890869,0.0,-0.07,0.0014621019363403,-2.8781890869134e-05,159.7096862793,120.04890441895,-1.5237499475479,-0.012960699386895,false,true,true,true,0,0,-0.00052726268768311,9.5844268798828e-05
7628,SAMPLE,STABLE,true,1,45,17,0,0.0014621019363403,-0.070028781890869,0.0,-0.07,0.0014621019363403,-2.8781890869134e-05,159.7096862793,120.04890441895,-1.5237499475479,-0.012960699386895,false,true,true,true,0,0,0.0,0.0
7629,SAMPLE,STABLE,true,1,45,18,0,0.0014621019363403,-0.070028781890869,0.0,-0.07,0.0014621019363403,-2.8781890869134e-05,159.78527832031,120.03617095947,-1.1269958019257,-0.009585733525455,false,true,true,true,0,0,0.0,0.0
7630,SAMPLE,STABLE,true,1,45,19,0,0.0010306835174561,-0.06993293762207,0.0,-0.07,0.0010306835174561,6.7062377929694e-05,159.78527832031,120.03617095947,-1.1269958019257,-0.009585733525455,false,true,true,true,0,0,-0.00043141841888428,9.5844268798828e-05
7631,SAMPLE,STABLE,true,1,45,20,0,0.0010306835174561,-0.06993293762207,0.0,-0.07,0.0010306835174561,6.7062377929694e-05,159.78527832031,120.03617095947,-1.1269958019257,-0.009585733525455,false,true,true,true,0,0,0.0,0.0
7632,SAMPLE,STABLE,true,1,45,21,0,0.00064718723297119,-0.069837093353271,0.0,-0.07,0.00064718723297119,0.00016290664672852,159.8634185791,120.02301025391,-0.71686631441116,-0.0060970638878644,false,true,true,true,0,0,-0.00038349628448486,9.5844268798828e-05
7633,SAMPLE,STABLE,true,1,45,22,0,0.00064718723297119,-0.069837093353271,0.0,-0.07,0.00064718723297119,0.00016290664672852,159.8634185791,120.02301025391,-0.71686631441116,-0.0060970638878644,false,true,true,true,0,0,0.0,0.0
7634,SAMPLE,STABLE,true,1,45,23,0,0.00064718723297119,-0.069837093353271,0.0,-0.07,0.00064718723297119,0.00016290664672852,159.8634185791,120.02301025391,-0.71686631441116,-0.0060970638878644,false,true,true,true,0,0,0.0,0.0
7635,SAMPLE,STABLE,true,1,45,24,0,0.00035953521728516,-0.069837093353271,0.0,-0.07,0.00035953521728516,0.00016290664672852,159.91313171387,120.01463317871,-0.45594018697739,-0.0038780742324889,false,true,true,true,0,0,-0.00028765201568604,0.0
7636,SAMPLE,STABLE,true,1,45,25,0,0.00035953521728516,-0.069837093353271,0.0,-0.07,0.00035953521728516,0.00016290664672852,159.91313171387,120.01463317871,-0.45594018697739,-0.0038780742324889,false,true,true,true,0,0,0.0,0.0
7637,SAMPLE,STABLE,true,1,45,26,0,0.00021576881408691,-0.069789208471775,0.0,-0.07,0.00021576881408691,0.00021079152822495,159.9447479248,120.00930786133,-0.28999817371368,-0.0024666723329574,false,true,true,true,0,0,-0.00014376640319824,4.7884881496429e-05
7638,SAMPLE,STABLE,true,1,45,27,0,0.00021576881408691,-0.069789208471775,0.0,-0.07,0.00021576881408691,0.00021079152822495,159.9447479248,120.00930786133,-0.28999817371368,-0.0024666723329574,false,true,true,true,0,0,0.0,0.0
7639,SAMPLE,STABLE,true,1,45,28,0,0.00021576881408691,-0.069789208471775,0.0,-0.07,0.00021576881408691,0.00021079152822495,159.9447479248,120.00930786133,-0.28999817371368,-0.0024666723329574,false,true,true,true,0,0,0.0,0.0
7640,SAMPLE,STABLE,true,1,45,29,0,0.00011980533599854,-0.069789208471775,0.0,-0.07,0.00011980533599854,0.00021079152822495,159.96485900879,120.00592041016,-0.18444235622883,-0.001568941748701,false,true,true,true,0,0,-9.5963478088379e-05,0.0
7641,SAMPLE,STABLE,true,1,45,30,0,0.00011980533599854,-0.069789208471775,0.0,-0.07,0.00011980533599854,0.00021079152822495,159.96485900879,120.00592041016,-0.18444235622883,-0.001568941748701,false,true,true,true,0,0,0.0,0.0
7642,SAMPLE,STABLE,true,1,45,31,0,0.00011980533599854,-0.069789208471775,0.0,-0.07,0.00011980533599854,0.00021079152822495,159.96485900879,120.00592041016,-0.18444235622883,-0.001568941748701,false,true,true,true,0,0,0.0,0.0
7643,SAMPLE,STABLE,true,1,45,32,0,2.3961067199707e-05,-0.069837093353271,0.0,-0.07,2.3961067199707e-05,0.00016290664672852,159.97764587402,120.0037689209,-0.11732872575521,-0.00099793483968824,false,true,true,true,0,0,-9.5844268798828e-05,-4.7884881496429e-05
7644,SAMPLE,STABLE,true,1,45,33,0,2.3961067199707e-05,-0.069837093353271,0.0,-0.07,2.3961067199707e-05,0.00016290664672852,159.97764587402,120.0037689209,-0.11732872575521,-0.00099793483968824,false,true,true,true,0,0,0.0,0.0
7645,SAMPLE,STABLE,true,1,45,34,0,2.3961067199707e-05,-0.069837093353271,0.0,-0.07,2.3961067199707e-05,0.00016290664672852,159.98347473145,120.002784729,-0.086735159158707,-0.00073807267472148,false,true,true,true,0,0,0.0,0.0
7646,SAMPLE,STABLE,true,1,45,35,0,2.3961067199707e-05,-0.069837093353271,0.0,-0.07,2.3961067199707e-05,0.00016290664672852,159.98347473145,120.002784729,-0.086735159158707,-0.00073807267472148,false,true,true,true,0,0,0.0,0.0
7647,SAMPLE,STABLE,true,1,45,36,0,2.3961067199707e-05,-0.069837093353271,0.0,-0.07,2.3961067199707e-05,0.00016290664672852,159.98777770996,120.00205993652,-0.064150378108025,-0.00054587854538113,false,true,true,true,0,0,0.0,0.0
7648,SAMPLE,STABLE,true,1,45,37,0,2.3961067199707e-05,-0.069837093353271,0.0,-0.07,2.3961067199707e-05,0.00016290664672852,159.98777770996,120.00205993652,-0.064150378108025,-0.00054587854538113,false,true,true,true,0,0,0.0,0.0
7649,SAMPLE,STABLE,true,1,45,38,0,2.3961067199707e-05,-0.069837093353271,0.0,-0.07,2.3961067199707e-05,0.00016290664672852,159.98777770996,120.00205993652,-0.064150378108025,-0.00054587854538113,false,true,true,true,0,0,0.0,0.0
7650,SAMPLE,STABLE,true,1,45,39,0,-2.3841857910156e-05,-0.069837093353271,0.0,-0.07,-2.3841857910156e-05,0.00016290664672852,159.99221801758,120.00131225586,-0.040844809263945,-0.0003472093376331,false,true,true,true,0,0,-4.7802925109863e-05,0.0
7651,SAMPLE,STABLE,true,1,45,40,0,-2.3841857910156e-05,-0.069837093353271,0.0,-0.07,-2.3841857910156e-05,0.00016290664672852,159.99221801758,120.00131225586,-0.040844809263945,-0.0003472093376331,false,true,true,true,0,0,0.0,0.0
7652,SAMPLE,STABLE,true,1,45,41,0,-2.3841857910156e-05,-0.069837093353271,0.0,-0.07,-2.3841857910156e-05,0.00016290664672852,159.99221801758,120.00131225586,-0.040844809263945,-0.0003472093376331,false,true,true,true,0,0,0.0,0.0
7653,SAMPLE,STABLE,true,1,45,42,0,-2.3841857910156e-05,-0.069837093353271,0.0,-0.07,-2.3841857910156e-05,0.00016290664672852,159.99505615234,120.000831604,-0.025948468595743,-0.00022084458032623,false,true,true,true,0,0,0.0,0.0
7654,SAMPLE,STABLE,true,1,45,43,0,-2.3841857910156e-05,-0.069837093353271,0.0,-0.07,-2.3841857910156e-05,0.00016290664672852,159.99505615234,120.000831604,-0.025948468595743,-0.00022084458032623,false,true,true,true,0,0,0.0,0.0
7655,SAMPLE,STABLE,true,1,45,44,0,-2.3841857910156e-05,-0.069837093353271,0.0,-0.07,-2.3841857910156e-05,0.00016290664672852,159.99685668945,120.00052642822,-0.016498101875186,-0.00014046953583602,false,true,true,true,0,0,0.0,0.0
7656,SAMPLE,STABLE,true,1,45,45,0,-2.3841857910156e-05,-0.069837093353271,0.0,-0.07,-2.3841857910156e-05,0.00016290664672852,159.99685668945,120.00052642822,-0.016498101875186,-0.00014046953583602,false,true,true,true,0,0,0.0,0.0
7657,SAMPLE,STABLE,true,1,45,46,0,-2.3841857910156e-05,-0.069837093353271,0.0,-0.07,-2.3841857910156e-05,0.00016290664672852,159.99685668945,120.00052642822,-0.016498101875186,-0.00014046953583602,false,true,true,true,0,0,0.0,0.0
7658,SAMPLE,STABLE,true,1,45,47,0,-2.3841857910156e-05,-0.069837093353271,0.0,-0.07,-2.3841857910156e-05,0.00016290664672852,159.99800109863,120.00033569336,-0.010491510853171,-8.9346496679354e-05,false,true,true,true,0,0,0.0,0.0
7659,SAMPLE,STABLE,true,1,45,48,0,-2.3841857910156e-05,-0.069837093353271,0.0,-0.07,-2.3841857910156e-05,0.00016290664672852,159.99800109863,120.00033569336,-0.010491510853171,-8.9346496679354e-05,false,true,true,true,0,0,0.0,0.0
7660,SAMPLE,STABLE,true,1,45,49,0,-2.3841857910156e-05,-0.069837093353271,0.0,-0.07,-2.3841857910156e-05,0.00016290664672852,159.99851989746,120.00025177002,-0.0077685224823654,-6.6080676333513e-05,false,true,true,true,0,0,0.0,0.0
7661,SAMPLE,STABLE,true,1,45,50,0,-2.3841857910156e-05,-0.069837093353271,0.0,-0.07,-2.3841857910156e-05,0.00016290664672852,159.99851989746,120.00025177002,-0.0077685224823654,-6.6080676333513e-05,false,true,true,true,0,0,0.0,0.0
7662,SAMPLE,STABLE,true,1,45,51,0,-2.3841857910156e-05,-0.069837093353271,0.0,-0.07,-2.3841857910156e-05,0.00016290664672852,159.99851989746,120.00025177002,-0.0077685224823654,-6.6080676333513e-05,false,true,true,true,0,0,0.0,0.0
7663,SAMPLE,STABLE,true,1,45,52,0,-2.3841857910156e-05,-0.069837093353271,0.0,-0.07,-2.3841857910156e-05,0.00016290664672852,159.99890136719,120.00018310547,-0.0057663265615702,-4.8873269406613e-05,false,true,true,true,0,0,0.0,0.0
7664,SAMPLE,STABLE,true,1,45,53,0,-2.3841857910156e-05,-0.069837093353271,0.0,-0.07,-2.3841857910156e-05,0.00016290664672852,159.99890136719,120.00018310547,-0.0057663265615702,-4.8873269406613e-05,false,true,true,true,0,0,0.0,0.0
7665,SAMPLE,STABLE,true,1,45,54,0,-2.3841857910156e-05,-0.069837093353271,0.0,-0.07,-2.3841857910156e-05,0.00016290664672852,159.99919128418,120.0001373291,-0.0042446567676961,-3.6146673664916e-05,false,true,true,true,0,0,0.0,0.0
7666,SAMPLE,STABLE,true,1,45,55,0,-2.3841857910156e-05,-0.069837093353271,0.0,-0.07,-2.3841857910156e-05,0.00016290664672852,159.99919128418,120.0001373291,-0.0042446567676961,-3.6146673664916e-05,false,true,true,true,0,0,0.0,0.0
7667,SAMPLE,STABLE,true,1,45,56,0,-2.3841857910156e-05,-0.069837093353271,0.0,-0.07,-2.3841857910156e-05,0.00016290664672852,159.99940490723,120.00009918213,-0.003123426809907,-2.6734080165625e-05,false,true,true,true,0,0,0.0,0.0
7668,SAMPLE,STABLE,true,1,45,57,0,-2.3841857910156e-05,-0.069837093353271,0.0,-0.07,-2.3841857910156e-05,0.00016290664672852,159.99940490723,120.00009918213,-0.003123426809907,-2.6734080165625e-05,false,true,true,true,0,0,0.0,0.0
7669,SAMPLE,STABLE,true,1,45,58,0,-2.3841857910156e-05,-0.069837093353271,0.0,-0.07,-2.3841857910156e-05,0.00016290664672852,159.99940490723,120.00009918213,-0.003123426809907,-2.6734080165625e-05,false,true,true,true,0,0,0.0,0.0
7670,SAMPLE,STABLE,true,1,45,59,0,-2.3841857910156e-05,-0.069837093353271,0.0,-0.07,-2.3841857910156e-05,0.00016290664672852,159.99961853027,120.00006103516,-0.0020021966192871,-1.7004373148666e-05,false,true,true,true,0,0,0.0,0.0
7671,SAMPLE,STABLE,true,1,45,60,0,-2.3841857910156e-05,-0.069837093353271,0.0,-0.07,-2.3841857910156e-05,0.00016290664672852,159.99961853027,120.00006103516,-0.0020021966192871,-1.7004373148666e-05,false,true,true,true,0,0,0.0,0.0
7672,SAMPLE,STABLE,true,1,45,61,0,-2.3841857910156e-05,-0.069837093353271,0.0,-0.07,-2.3841857910156e-05,0.00016290664672852,159.99961853027,120.00006103516,-0.0020021966192871,-1.7004373148666e-05,false,true,true,true,0,0,0.0,0.0
7673,SAMPLE,STABLE,true,1,45,62,0,-2.3841857910156e-05,-0.069837093353271,0.0,-0.07,-2.3841857910156e-05,0.00016290664672852,159.99975585938,120.00003814697,-0.0012814057990909,-1.0815733730851e-05,false,true,true,true,0,0,0.0,0.0
7674,SAMPLE,STABLE,true,1,45,63,0,-2.3841857910156e-05,-0.069837093353271,0.0,-0.07,-2.3841857910156e-05,0.00016290664672852,159.99975585938,120.00003814697,-0.0012814057990909,-1.0815733730851e-05,false,true,true,true,0,0,0.0,0.0
7675,SAMPLE,STABLE,true,1,45,64,0,-2.3841857910156e-05,-0.069837093353271,0.0,-0.07,-2.3841857910156e-05,0.00016290664672852,159.99984741211,120.00002288818,-0.00080087862443179,-6.8794124672422e-06,false,true,true,true,0,0,0.0,0.0
7676,SAMPLE,STABLE,true,1,45,65,0,-2.3841857910156e-05,-0.069837093353271,0.0,-0.07,-2.3841857910156e-05,0.00016290664672852,159.99984741211,120.00002288818,-0.00080087862443179,-6.8794124672422e-06,false,true,true,true,0,0,0.0,0.0
7677,SAMPLE,STABLE,true,1,45,66,0,-2.3841857910156e-05,-0.069837093353271,0.0,-0.07,-2.3841857910156e-05,0.00016290664672852,159.99984741211,120.00002288818,-0.00080087862443179,-6.8794124672422e-06,false,true,true,true,0,0,0.0,0.0
7678,SAMPLE,STABLE,true,1,45,67,0,-2.3841857910156e-05,-0.069837093353271,0.0,-0.07,-2.3841857910156e-05,0.00016290664672852,159.99990844727,120.00001525879,-0.0004805272037629,-4.3756917875726e-06,false,true,true,true,0,0,0.0,0.0
7679,SAMPLE,STABLE,true,1,45,68,0,-2.3841857910156e-05,-0.069837093353271,0.0,-0.07,-2.3841857910156e-05,0.00016290664672852,159.99990844727,120.00001525879,-0.0004805272037629,-4.3756917875726e-06,false,true,true,true,0,0,0.0,0.0
7680,SAMPLE,STABLE,true,1,45,69,0,-2.3841857910156e-05,-0.069837093353271,0.0,-0.07,-2.3841857910156e-05,0.00016290664672852,159.99990844727,120.00001525879,-0.0004805272037629,-4.3756917875726e-06,false,true,true,true,0,0,0.0,0.0
7681,SAMPLE,STABLE,true,1,45,70,0,-2.3841857910156e-05,-0.069837093353271,0.0,-0.07,-2.3841857910156e-05,0.00016290664672852,159.99993896484,120.00000762939,-0.00032035144977272,-2.7831852094096e-06,false,true,true,true,0,0,0.0,0.0
7682,SAMPLE,STABLE,true,1,45,71,0,-2.3841857910156e-05,-0.069837093353271,0.0,-0.07,-2.3841857910156e-05,0.00016290664672852,159.99993896484,120.00000762939,-0.00032035144977272,-2.7831852094096e-06,false,true,true,true,0,0,0.0,0.0
7683,SAMPLE,STABLE,true,1,45,72,0,-2.3841857910156e-05,-0.069837093353271,0.0,-0.07,-2.3841857910156e-05,0.00016290664672852,159.99995422363,120.00000762939,-0.00024026360188145,-1.7702617469695e-06,false,true,true,true,0,0,0.0,0.0
7684,SAMPLE,STABLE,true,1,45,73,0,-2.3841857910156e-05,-0.069837093353271,0.0,-0.07,-2.3841857910156e-05,0.00016290664672852,159.99995422363,120.00000762939,-0.00024026360188145,-1.7702617469695e-06,false,true,true,true,0,0,0.0,0.0
7685,SAMPLE,STABLE,true,1,45,74,0,-2.3841857910156e-05,-0.069837093353271,0.0,-0.07,-2.3841857910156e-05,0.00016290664672852,159.99995422363,120.00000762939,-0.00024026360188145,-1.7702617469695e-06,false,true,true,true,0,0,0.0,0.0
7686,SAMPLE,STABLE,true,1,45,75,0,-2.3841857910156e-05,-0.069837093353271,0.0,-0.07,-2.3841857910156e-05,0.00016290664672852,159.99996948242,120.00000762939,-0.00016017572488636,-1.1259855909884e-06,false,true,true,true,0,0,0.0,0.0
7687,SAMPLE,STABLE,true,1,45,76,0,-2.3841857910156e-05,-0.069837093353271,0.0,-0.07,-2.3841857910156e-05,0.00016290664672852,159.99996948242,120.00000762939,-0.00016017572488636,-1.1259855909884e-06,false,true,true,true,0,0,0.0,0.0
7688,SAMPLE,STABLE,true,1,45,77,0,-2.3841857910156e-05,-0.069837093353271,0.0,-0.07,-2.3841857910156e-05,0.00016290664672852,159.99996948242,120.00000762939,-0.00016017572488636,-1.1259855909884e-06,false,true,true,true,0,0,0.0,0.0
7689,SAMPLE,STABLE,true,1,45,78,0,-2.3841857910156e-05,-0.069813169538975,0.0,-0.07,-2.3841857910156e-05,0.00018683046102524,159.99998474121,120.0,-8.0087862443179e-05,-7.1618995889366e-07,false,true,true,true,0,0,0.0,2.3923814296722e-05
7690,SAMPLE,STABLE,true,1,45,79,0,-2.3841857910156e-05,-0.069813169538975,0.0,-0.07,-2.3841857910156e-05,0.00018683046102524,159.99998474121,120.0,-8.0087862443179e-05,-7.1618995889366e-07,false,true,true,true,0,0,0.0,0.0
7691,ALIGNING,ALIGNING,true,1,45,0,0,0.06545877456665,-0.069813169538975,0.0,-0.07,0.06545877456665,0.00018683046102524,147.50079345703,120.0,-65.463096618652,-0.5580005645752,true,false,true,false,-19,4,0.065482616424561,0.0
7692,SAMPLE,ALIGNING,true,1,45,0,0,0.06545877456665,-0.069813169538975,0.0,-0.07,0.06545877456665,0.00018683046102524,147.50079345703,120.0,-65.463096618652,-0.5580005645752,true,false,true,false,-19,4,0.0,0.0
7693,SAMPLE,ALIGNING,true,1,45,0,0,0.06545877456665,-0.069813169538975,0.0,-0.07,0.06545877456665,0.00018683046102524,147.50079345703,120.0,-65.463096618652,-0.5580005645752,true,false,true,false,-19,4,0.0,0.0
7694,SAMPLE,ALIGNING,true,1,45,0,0,0.13261950016022,-0.069813169538975,0.0,-0.07,0.13261950016022,0.00018683046102524,134.5804901123,120.0,-132.24598693848,-1.1347997188568,true,false,true,false,-38,4,0.067160725593567,0.0
7695,SAMPLE,ALIGNING,true,1,45,0,0,0.13261950016022,-0.069813169538975,0.0,-0.07,0.13261950016022,0.00018683046102524,134.5804901123,120.0,-132.24598693848,-1.1347997188568,true,false,true,false,-38,4,0.0,0.0
7696,SAMPLE,ALIGNING,true,1,45,0,0,0.13261950016022,-0.069813169538975,0.0,-0.07,0.13261950016022,0.00018683046102524,134.5804901123,120.0,-132.24598693848,-1.1347997188568,true,false,true,false,-38,4,0.0,0.0
7697,SAMPLE,ALIGNING,true,1,45,0,0,0.1453709602356,-0.064803637564182,0.0,-0.07,0.1453709602356,0.0051963624358177,132.09645080566,119.02227020264,-144.90789794922,-1.24569439888,true,false,true,false,-42,4,0.012751460075378,0.0050095319747925
7698,SAMPLE,ALIGNING,true,1,45,0,0,0.1453709602356,-0.064803637564182,0.0,-0.07,0.1453709602356,0.0051963624358177,132.09645080566,119.02227020264,-144.90789794922,-1.24569439888,true,false,true,false,-42,4,0.0,0.0
7699,SAMPLE,ALIGNING,true,1,45,0,0,0.15476667881012,-0.063796915113926,0.0,-0.07,0.15476667881012,0.0062030848860741,130.25823974609,118.83106231689,-154.2329864502,-1.327757358551,true,false,true,false,-44,4,0.0093957185745239,0.0010067224502563
7700,SAMPLE,ALIGNING,true,1,45,0,0,0.15476667881012,-0.063796915113926,0.0,-0.07,0.15476667881012,0.0062030848860741,130.25823974609,118.83106231689,-154.2329864502,-1.327757358551,true,false,true,false,-44,4,0.0,0.0
7701,SAMPLE,ALIGNING,true,1,45,0,0,0.15476667881012,-0.063796915113926,0.0,-0.07,0.15476667881012,0.0062030848860741,130.25823974609,118.83106231689,-154.2329864502,-1.327757358551,true,false,true,false,-44,4,0.0,0.0
7702,SAMPLE,ALIGNING,true,1,45,0,0,0.16186141967773,-0.065091289579868,0.0,-0.07,0.16186141967773,0.0049087104201317,128.87651062012,119.07956695557,-161.2172088623,-1.3894413709641,true,false,true,false,-46,4,0.0070947408676147,-0.0012943744659424
7703,SAMPLE,ALIGNING,true,1,45,0,0,0.16186141967773,-0.065091289579868,0.0,-0.07,0.16186141967773,0.0049087104201317,128.87651062012,119.07956695557,-161.2172088623,-1.3894413709641,true,false,true,false,-46,4,0.0,0.0
7704,SAMPLE,ALIGNING,true,1,45,0,0,0.16186141967773,-0.065091289579868,0.0,-0.07,0.16186141967773,0.0049087104201317,128.87651062012,119.07956695557,-161.2172088623,-1.3894413709641,true,false,true,false,-46,4,0.0,0.0
7705,SAMPLE,ALIGNING,true,1,45,0,0,0.16723036766052,-0.067584075033665,0.0,-0.07,0.16723036766052,0.0024159249663353,127.82746887207,119.553855896,-166.50433349609,-1.4362738132477,true,false,true,false,-46,4,0.0053689479827881,-0.0024927854537964
7706,SAMPLE,ALIGNING,true,1,45,0,0,0.16723036766052,-0.067584075033665,0.0,-0.07,0.16723036766052,0.0024159249663353,127.82746887207,119.553855896,-166.50433349609,-1.4362738132477,true,false,true,false,-46,4,0.0,0.0
7707,SAMPLE,ALIGNING,true,1,45,0,0,0.17130517959595,-0.070412635803223,0.0,-0.07,0.17130517959595,-0.00041263580322265,127.02893066406,120.12483978271,-170.51870727539,-1.4719231128693,true,false,true,false,-46,-5,0.0040748119354248,-0.002828560769558
7708,SAMPLE,ALIGNING,true,1,45,0,0,0.17130517959595,-0.070412635803223,0.0,-0.07,0.17130517959595,-0.00041263580322265,127.02893066406,120.12483978271,-170.51870727539,-1.4719231128693,true,false,true,false,-46,-5,0.0,0.0
7709,SAMPLE,ALIGNING,true,1,45,0,0,0.17130517959595,-0.070412635803223,0.0,-0.07,0.17130517959595,-0.00041263580322265,127.02893066406,120.12483978271,-170.51870727539,-1.4719231128693,true,false,true,false,-46,-5,0.0,0.0
7710,SAMPLE,ALIGNING,true,1,45,0,0,0.17437314987183,-0.073480606079102,0.0,-0.07,0.17437314987183,-0.0034806060791016,126.42669677734,120.71714019775,-173.5391998291,-1.4988081455231,true,false,true,false,-46,-5,0.0030679702758789,-0.0030679702758789
7711,SAMPLE,ALIGNING,true,1,45,0,0,0.17437314987183,-0.073480606079102,0.0,-0.07,0.17437314987183,-0.0034806060791016,126.42669677734,120.71714019775,-173.5391998291,-1.4988081455231,true,false,true,false,-46,-5,0.0,0.0
7712,SAMPLE,ALIGNING,true,1,45,0,0,0.17437314987183,-0.073480606079102,0.0,-0.07,0.17437314987183,-0.0034806060791016,126.08919525146,121.12609863281,-175.2286529541,-1.5138753652573,true,false,true,false,-46,-5,0.0,0.0
7713,SAMPLE,ALIGNING,true,1,45,0,0,0.17609882354736,-0.075541973114014,0.0,-0.07,0.17609882354736,-0.0055419731140137,126.08919525146,121.12609863281,-175.2286529541,-1.5138753652573,true,false,true,false,-46,-5,0.0017256736755371,-0.0020613670349121
7714,SAMPLE,ALIGNING,true,1,45,0,0,0.17609882354736,-0.075541973114014,0.0,-0.07,0.17609882354736,-0.0055419731140137,126.08919525146,121.12609863281,-175.2286529541,-1.5138753652573,true,false,true,false,-46,-5,0.0,0.0
7715,SAMPLE,ALIGNING,true,1,45,0,0,0.17758500576019,-0.078274250030518,0.0,-0.07,0.17758500576019,-0.0082742500305176,125.79998779297,121.64730072021,-176.67323303223,-1.5267865657806,true,false,true,false,-46,-5,0.0014861822128296,-0.0027322769165039
7716,SAMPLE,ALIGNING,true,1,45,0,0,0.17758500576019,-0.078274250030518,0.0,-0.07,0.17758500576019,-0.0082742500305176,125.79998779297,121.64730072021,-176.67323303223,-1.5267865657806,true,false,true,false,-46,-5,0.0,0.0
7717,SAMPLE,ALIGNING,true,1,45,0,0,0.17758500576019,-0.078274250030518,0.0,-0.07,0.17758500576019,-0.0082742500305176,125.79998779297,121.64730072021,-176.67323303223,-1.5267865657806,true,false,true,false,-46,-5,0.0,0.0
7718,SAMPLE,ALIGNING,true,1,45,0,0,0.17854368686676,-0.080718994140625,0.0,-0.07,0.17854368686676,-0.010718994140625,125.61012268066,122.12670135498,-177.61891174316,-1.5352623462677,true,false,true,false,-46,-5,0.00095868110656738,-0.0024447441101074
7719,SAMPLE,ALIGNING,true,1,45,0,0,0.17854368686676,-0.080718994140625,0.0,-0.07,0.17854368686676,-0.010718994140625,125.61012268066,122.12670135498,-177.61891174316,-1.5352623462677,true,false,true,false,-46,-5,0.0,0.0
7720,SAMPLE,ALIGNING,true,1,45,0,0,0.17835199832916,-0.083020210266113,0.0,-0.07,0.17835199832916,-0.013020210266113,125.65114593506,122.56565856934,-177.40881347656,-1.5334311723709,true,false,true,false,-46,-5,-0.00019168853759766,-0.0023012161254883
7721,SAMPLE,ALIGNING,true,1,45,0,0,0.17835199832916,-0.083020210266113,0.0,-0.07,0.17835199832916,-0.013020210266113,125.65114593506,122.56565856934,-177.40881347656,-1.5334311723709,true,false,true,false,-46,-5,0.0,0.0
7722,SAMPLE,ALIGNING,true,1,45,0,0,0.17835199832916,-0.083020210266113,0.0,-0.07,0.17835199832916,-0.013020210266113,125.65114593506,122.56565856934,-177.40881347656,-1.5334311723709,true,false,true,false,-46,-5,0.0,0.0
7723,SAMPLE,ALIGNING,true,1,45,0,0,0.17787265777588,-0.085320949554443,0.0,-0.07,0.17787265777588,-0.015320949554443,125.74375915527,123.01728057861,-176.93952941895,-1.529296875,true,false,true,false,-46,-5,-0.00047934055328369,-0.0023007392883301
7724,SAMPLE,ALIGNING,true,1,45,0,0,0.17787265777588,-0.085320949554443,0.0,-0.07,0.17787265777588,-0.015320949554443,125.74375915527,123.01728057861,-176.93952941895,-1.529296875,true,false,true,false,-46,-5,0.0,0.0
7725,SAMPLE,ALIGNING,true,1,45,0,0,0.17787265777588,-0.085320949554443,0.0,-0.07,0.17787265777588,-0.015320949554443,125.74375915527,123.01728057861,-176.93952941895,-1.529296875,true,false,true,false,-46,-5,0.0,0.0
7726,SAMPLE,ALIGNING,true,1,45,0,0,0.17739319801331,-0.08771800994873,0.0,-0.07,0.17739319801331,-0.01771800994873,125.83547210693,123.4765625,-176.47355651855,-1.5252022743225,true,false,true,false,-46,-5,-0.00047945976257324,-0.0023970603942871
7727,SAMPLE,ALIGNING,true,1,45,0,0,0.17739319801331,-0.08771800994873,0.0,-0.07,0.17739319801331,-0.01771800994873,125.83547210693,123.4765625,-176.47355651855,-1.5252022743225,true,false,true,false,-46,-5,0.0,0.0
7728,SAMPLE,ALIGNING,true,1,45,0,0,0.17710566520691,-0.089922904968262,0.0,-0.07,0.17710566520691,-0.019922904968262,125.89398193359,123.90712738037,-176.17324829102,-1.5225903987885,true,false,true,false,-46,-5,-0.00028753280639648,-0.0022048950195313
7729,SAMPLE,ALIGNING,true,1,45,0,0,0.17710566520691,-0.089922904968262,0.0,-0.07,0.17710566520691,-0.019922904968262,125.89398193359,123.90712738037,-176.17324829102,-1.5225903987885,true,false,true,false,-46,-5,0.0,0.0
7730,SAMPLE,ALIGNING,true,1,45,0,0,0.17710566520691,-0.089922904968262,0.0,-0.07,0.17710566520691,-0.019922904968262,125.89398193359,123.90712738037,-176.17324829102,-1.5225903987885,true,false,true,false,-46,-5,0.0,0.0
7731,SAMPLE,ALIGNING,true,1,45,0,0,0.17710566520691,-0.091936588287354,0.0,-0.07,0.17710566520691,-0.021936588287354,125.89291381836,124.29306793213,-176.17115783691,-1.5226378440857,true,false,true,false,-46,-6,0.0,-0.0020136833190918
7732,SAMPLE,ALIGNING,true,1,45,0,0,0.17710566520691,-0.091936588287354,0.0,-0.07,0.17710566520691,-0.021936588287354,125.89291381836,124.29306793213,-176.17115783691,-1.5226378440857,true,false,true,false,-46,-6,0.0,0.0
7733,SAMPLE,ALIGNING,true,1,45,0,0,0.17710566520691,-0.091936588287354,0.0,-0.07,0.17710566520691,-0.021936588287354,125.78630828857,124.65465545654,-176.6969909668,-1.5273970365524,true,false,true,false,-46,-6,0.0,0.0
7734,SAMPLE,ALIGNING,true,1,45,0,0,0.17763292789459,-0.093806266784668,0.0,-0.07,0.17763292789459,-0.023806266784668,125.78630828857,124.65465545654,-176.6969909668,-1.5273970365524,true,false,true,false,-46,-6,0.00052726268768311,-0.0018696784973145
7735,SAMPLE,ALIGNING,true,1,45,0,0,0.17763292789459,-0.093806266784668,0.0,-0.07,0.17763292789459,-0.023806266784668,125.78630828857,124.65465545654,-176.6969909668,-1.5273970365524,true,false,true,false,-46,-6,0.0,0.0
7736,SAMPLE,ALIGNING,true,1,45,0,0,0.17854368686676,-0.095148086547852,0.0,-0.07,0.17854368686676,-0.025148086547852,125.61027526855,124.92298126221,-177.57145690918,-1.5352559089661,true,false,true,false,-46,-7,0.00091075897216797,-0.0013418197631836
7737,SAMPLE,ALIGNING,true,1,45,0,0,0.17854368686676,-0.095148086547852,0.0,-0.07,0.17854368686676,-0.025148086547852,125.61027526855,124.92298126221,-177.57145690918,-1.5352559089661,true,false,true,false,-46,-7,0.0,0.0
7738,SAMPLE,ALIGNING,true,1,45,0,0,0.17854368686676,-0.095148086547852,0.0,-0.07,0.17854368686676,-0.025148086547852,125.61027526855,124.92298126221,-177.57145690918,-1.5352559089661,true,false,true,false,-46,-7,0.0,0.0
7739,SAMPLE,ALIGNING,true,1,45,0,0,0.17940664291382,-0.096778392791748,0.0,-0.07,0.17940664291382,-0.026778392791748,125.4381942749,125.23592376709,-178.42420959473,-1.542937874794,true,false,true,false,-46,-7,0.00086295604705811,-0.0016303062438965
7740,SAMPLE,ALIGNING,true,1,45,0,0,0.17940664291382,-0.096778392791748,0.0,-0.07,0.17940664291382,-0.026778392791748,125.4381942749,125.23592376709,-178.42420959473,-1.542937874794,true,false,true,false,-46,-7,0.0,0.0
7741,SAMPLE,ALIGNING,true,1,45,0,0,0.17940664291382,-0.096778392791748,0.0,-0.07,0.17940664291382,-0.026778392791748,125.4381942749,125.23592376709,-178.42420959473,-1.542937874794,true,false,true,false,-46,-7,0.0,0.0
7742,SAMPLE,ALIGNING,true,1,45,0,0,0.17950248718262,-0.09883975982666,0.0,-0.07,0.17950248718262,-0.02883975982666,125.41941833496,125.63094329834,-178.50784301758,-1.5437760353088,true,false,true,false,-46,-7,9.5844268798828e-05,-0.0020613670349121
7743,SAMPLE,ALIGNING,true,1,45,0,0,0.17950248718262,-0.09883975982666,0.0,-0.07,0.17950248718262,-0.02883975982666,125.41941833496,125.63094329834,-178.50784301758,-1.5437760353088,true,false,true,false,-46,-7,0.0,0.0
7744,SAMPLE,ALIGNING,true,1,45,0,0,0.17883133888245,-0.10118865966797,0.0,-0.07,0.17883133888245,-0.031188659667969,125.556640625,126.09324645996,-177.80909729004,-1.5376501083374,true,false,false,false,-46,-8,-0.0006711483001709,-0.0023488998413086
7745,SAMPLE,ALIGNING,true,1,45,0,0,0.17883133888245,-0.10118865966797,0.0,-0.07,0.17883133888245,-0.031188659667969,125.556640625,126.09324645996,-177.80909729004,-1.5376501083374,true,false,false,false,-46,-8,0.0,0.0
7746,SAMPLE,ALIGNING,true,1,45,0,0,0.17883133888245,-0.10118865966797,0.0,-0.07,0.17883133888245,-0.031188659667969,125.556640625,126.09324645996,-177.80909729004,-1.5376501083374,true,false,false,false,-46,-8,0.0,0.0
7747,SAMPLE,ALIGNING,true,1,45,0,0,0.17772877216339,-0.1032018661499,0.0,-0.07,0.17772877216339,-0.033201866149902,125.77531433105,126.48178863525,-176.70407104492,-1.5278878211975,true,false,false,false,-46,-8,-0.0011025667190552,-0.0020132064819336
7748,SAMPLE,ALIGNING,true,1,45,0,0,0.17772877216339,-0.1032018661499,0.0,-0.07,0.17772877216339,-0.033201866149902,125.77531433105,126.48178863525,-176.70407104492,-1.5278878211975,true,false,false,false,-46,-8,0.0,0.0
7749,SAMPLE,ALIGNING,true,1,45,0,0,0.17662620544434,-0.10425662994385,0.0,-0.07,0.17662620544434,-0.034256629943848,125.98810577393,126.67407226563,-175.63348388672,-1.5183882713318,true,false,false,false,-46,-9,-0.0011025667190552,-0.0010547637939453
7750,SAMPLE,ALIGNING,true,1,45,0,0,0.17662620544434,-0.10425662994385,0.0,-0.07,0.17662620544434,-0.034256629943848,125.98810577393,126.67407226563,-175.63348388672,-1.5183882713318,true,false,false,false,-46,-9,0.0,0.0
7751,SAMPLE,ALIGNING,true,1,45,0,0,0.17662620544434,-0.10425662994385,0.0,-0.07,0.17662620544434,-0.034256629943848,125.98810577393,126.67407226563,-175.63348388672,-1.5183882713318,true,false,false,false,-46,-9,0.0,0.0
7752,SAMPLE,ALIGNING,true,1,45,0,0,0.1751401424408,-0.10531139373779,0.0,-0.07,0.1751401424408,-0.035311393737793,126.28008270264,126.88227844238,-174.16511535645,-1.5053536891937,true,false,false,false,-46,-9,-0.00148606300354,-0.0010547637939453
7753,SAMPLE,ALIGNING,true,1,45,0,0,0.1751401424408,-0.10531139373779,0.0,-0.07,0.1751401424408,-0.035311393737793,126.28008270264,126.88227844238,-174.16511535645,-1.5053536891937,true,false,false,false,-46,-9,0.0,0.0
7754,SAMPLE,ALIGNING,true,1,45,0,0,0.1751401424408,-0.10531139373779,0.0,-0.07,0.1751401424408,-0.035311393737793,126.28008270264,126.88227844238,-174.16511535645,-1.5053536891937,true,false,false,false,-46,-9,0.0,0.0
7755,SAMPLE,ALIGNING,true,1,45,0,0,0.17360615730286,-0.10617399215698,0.0,-0.07,0.17360615730286,-0.036173992156982,126.58348083496,127.05252838135,-172.6395111084,-1.4918088912964,true,false,false,false,-46,-9,-0.0015339851379395,-0.00086259841918945
7756,SAMPLE,ALIGNING,true,1,45,0,0,0.17360615730286,-0.10617399215698,0.0,-0.07,0.17360615730286,-0.036173992156982,126.58348083496,127.05252838135,-172.6395111084,-1.4918088912964,true,false,false,false,-46,-9,0.0,0.0
7757,SAMPLE,ALIGNING,true,1,45,0,0,0.17360615730286,-0.10617399215698,0.0,-0.07,0.17360615730286,-0.036173992156982,127.05995941162,127.37715148926,-170.23908996582,-1.4705376625061,true,false,false,false,-46,-9,0.0,0.0
7758,SAMPLE,ALIGNING,true,1,45,0,0,0.17116129398346,-0.10789966583252,0.0,-0.07,0.17116129398346,-0.03789966583252,127.05995941162,127.37715148926,-170.23908996582,-1.4705376625061,true,false,false,false,-46,-9,-0.002444863319397,-0.0017256736755371
7759,SAMPLE,ALIGNING,true,1,45,0,0,0.17116129398346,-0.10789966583252,0.0,-0.07,0.17116129398346,-0.03789966583252,127.05995941162,127.37715148926,-170.23908996582,-1.4705376625061,true,false,false,false,-46,-9,0.0,0.0
7760,SAMPLE,ALIGNING,true,1,45,0,0,0.16914796829224,-0.10948181152344,0.0,-0.07,0.16914796829224,-0.039481811523437,127.46201324463,127.68486022949,-168.20993041992,-1.4525887966156,true,false,false,false,-46,-10,-0.0020133256912231,-0.001582145690918
7761,SAMPLE,ALIGNING,true,1,45,0,0,0.16914796829224,-0.10948181152344,0.0,-0.07,0.16914796829224,-0.039481811523437,127.46201324463,127.68486022949,-168.20993041992,-1.4525887966156,true,false,false,false,-46,-10,0.0,0.0
7762,SAMPLE,ALIGNING,true,1,45,0,0,0.16914796829224,-0.10948181152344,0.0,-0.07,0.16914796829224,-0.039481811523437,127.46201324463,127.68486022949,-168.20993041992,-1.4525887966156,true,false,false,false,-46,-10,0.0,0.0
7763,SAMPLE,ALIGNING,true,1,45,0,0,0.16718244552612,-0.11135101318359,0.0,-0.07,0.16718244552612,-0.041351013183594,127.8388671875,128.04248046875,-166.30342102051,-1.4357652664185,true,false,false,false,-46,-10,-0.0019655227661133,-0.0018692016601563
7764,SAMPLE,ALIGNING,true,1,45,0,0,0.16718244552612,-0.11135101318359,0.0,-0.07,0.16718244552612,-0.041351013183594,127.8388671875,128.04248046875,-166.30342102051,-1.4357652664185,true,false,false,false,-46,-10,0.0,0.0
7765,SAMPLE,ALIGNING,true,1,45,0,0,0.16449797153473,-0.11398792266846,0.0,-0.07,0.16449797153473,-0.043987922668457,128.36134338379,128.53747558594,-163.65672302246,-1.4124402999878,true,false,false,false,-46,-11,-0.002684473991394,-0.0026369094848633
7766,SAMPLE,ALIGNING,true,1,45,0,0,0.16449797153473,-0.11398792266846,0.0,-0.07,0.16449797153473,-0.043987922668457,128.36134338379,128.53747558594,-163.65672302246,-1.4124402999878,true,false,false,false,-46,-11,0.0,0.0
7767,SAMPLE,ALIGNING,true,1,45,0,0,0.16449797153473,-0.11398792266846,0.0,-0.07,0.16449797153473,-0.043987922668457,128.36134338379,128.53747558594,-163.65672302246,-1.4124402999878,true,false,false,false,-46,-11,0.0,0.0
7768,SAMPLE,ALIGNING,true,1,45,0,0,0.16210114955902,-0.11662435531616,0.0,-0.07,0.16210114955902,-0.046624355316162,128.82908630371,129.04360961914,-161.28141784668,-1.3915588855743,true,false,false,false,-46,-11,-0.002396821975708,-0.0026364326477051
7769,SAMPLE,ALIGNING,true,1,45,0,0,0.16210114955902,-0.11662435531616,0.0,-0.07,0.16210114955902,-0.046624355316162,128.82908630371,129.04360961914,-161.28141784668,-1.3915588855743,true,false,false,false,-46,-11,0.0,0.0
7770,SAMPLE,ALIGNING,true,1,45,0,0,0.16210114955902,-0.11662435531616,0.0,-0.07,0.16210114955902,-0.046624355316162,128.82908630371,129.04360961914,-161.28141784668,-1.3915588855743,true,false,false,false,-46,-11,0.0,0.0
7771,SAMPLE,ALIGNING,true,1,45,0,0,0.16071093082428,-0.1182541847229,0.0,-0.07,0.16071093082428,-0.0482541847229,129.10789489746,129.35946655273,-159.86343383789,-1.3791118860245,true,false,false,false,-46,-12,-0.0013902187347412,-0.0016298294067383
7772,SAMPLE,ALIGNING,true,1,45,0,0,0.16071093082428,-0.1182541847229,0.0,-0.07,0.16071093082428,-0.0482541847229,129.10789489746,129.35946655273,-159.86343383789,-1.3791118860245,true,false,false,false,-46,-12,0.0,0.0
7773,SAMPLE,ALIGNING,true,1,45,0,0,0.16071093082428,-0.1182541847229,0.0,-0.07,0.16071093082428,-0.0482541847229,129.18653869629,129.41473388672,-159.46459960938,-1.3756008148193,true,false,false,false,-46,-12,0.0,0.0
7774,SAMPLE,ALIGNING,true,1,45,0,0,0.16027939319611,-0.1185417175293,0.0,-0.07,0.16027939319611,-0.048541717529297,129.18653869629,129.41473388672,-159.46459960938,-1.3756008148193,true,false,false,false,-46,-12,-0.00043153762817383,-0.00028753280639648
7775,SAMPLE,ALIGNING,true,1,45,0,0,0.16027939319611,-0.1185417175293,0.0,-0.07,0.16027939319611,-0.048541717529297,129.18653869629,129.41473388672,-159.46459960938,-1.3756008148193,true,false,false,false,-46,-12,0.0,0.0
7776,SAMPLE,ALIGNING,true,1,45,0,0,0.16061496734619,-0.11839771270752,0.0,-0.07,0.16061496734619,-0.04839771270752,129.11901855469,129.39286804199,-159.80599975586,-1.3786153793335,true,false,false,false,-46,-12,0.00033557415008545,0.00014400482177734
7777,SAMPLE,ALIGNING,true,1,45,0,0,0.16061496734619,-0.11839771270752,0.0,-0.07,0.16061496734619,-0.04839771270752,129.11901855469,129.39286804199,-159.80599975586,-1.3786153793335,true,false,false,false,-46,-12,0.0,0.0
7778,SAMPLE,ALIGNING,true,1,45,0,0,0.16061496734619,-0.11839771270752,0.0,-0.07,0.16061496734619,-0.04839771270752,129.11901855469,129.39286804199,-159.80599975586,-1.3786153793335,true,false,false,false,-46,-12,0.0,0.0
7779,SAMPLE,ALIGNING,true,1,45,0,0,0.16133415699005,-0.11753511428833,0.0,-0.07,0.16133415699005,-0.04753511428833,128.98577880859,129.21903991699,-160.48472595215,-1.3845639228821,true,false,false,false,-46,-11,0.00071918964385986,0.00086259841918945
7780,SAMPLE,ALIGNING,true,1,45,0,0,0.16133415699005,-0.11753511428833,0.0,-0.07,0.16133415699005,-0.04753511428833,128.98577880859,129.21903991699,-160.48472595215,-1.3845639228821,true,false,false,false,-46,-11,0.0,0.0
7781,SAMPLE,ALIGNING,true,1,45,0,0,0.16205322742462,-0.11672019958496,0.0,-0.07,0.16205322742462,-0.046720199584961,128.83851623535,129.06723022461,-161.2329864502,-1.3911375999451,true,false,false,false,-46,-11,0.00071907043457031,0.00081491470336914
7782,SAMPLE,ALIGNING,true,1,45,0,0,0.16205322742462,-0.11672019958496,0.0,-0.07,0.16205322742462,-0.046720199584961,128.83851623535,129.06723022461,-161.2329864502,-1.3911375999451,true,false,false,false,-46,-11,0.0,0.0
7783,SAMPLE,ALIGNING,true,1,45,0,0,0.16205322742462,-0.11672019958496,0.0,-0.07,0.16205322742462,-0.046720199584961,128.83851623535,129.06723022461,-161.2329864502,-1.3911375999451,true,false,false,false,-46,-11,0.0,0.0
7784,SAMPLE,ALIGNING,true,1,45,0,0,0.16291606426239,-0.11590528488159,0.0,-0.07,0.16291606426239,-0.045905284881592,128.67906188965,128.91232299805,-162.04244995117,-1.3982565402985,true,false,false,false,-46,-11,0.00086283683776855,0.00081491470336914
7785,SAMPLE,ALIGNING,true,1,45,0,0,0.16291606426239,-0.11590528488159,0.0,-0.07,0.16291606426239,-0.045905284881592,128.67906188965,128.91232299805,-162.04244995117,-1.3982565402985,true,false,false,false,-46,-11,0.0,0.0
7786,SAMPLE,ALIGNING,true,1,45,0,0,0.16291606426239,-0.11590528488159,0.0,-0.07,0.16291606426239,-0.045905284881592,128.67906188965,128.91232299805,-162.04244995117,-1.3982565402985,true,false,false,false,-46,-11,0.0,0.0
7787,SAMPLE,ALIGNING,true,1,45,0,0,0.16353929042816,-0.1155219078064,0.0,-0.07,0.16353929042816,-0.045521907806396,128.54969787598,128.83171081543,-162.69715881348,-1.4040312767029,true,false,false,false,-46,-11,0.00062322616577148,0.00038337707519531
7788,SAMPLE,ALIGNING,true,1,45,0,0,0.16353929042816,-0.1155219078064,0.0,-0.07,0.16353929042816,-0.045521907806396,128.54969787598,128.83171081543,-162.69715881348,-1.4040312767029,true,false,false,false,-46,-11,0.0,0.0
7789,SAMPLE,ALIGNING,true,1,45,0,0,0.16353929042816,-0.1155219078064,0.0,-0.07,0.16353929042816,-0.045521907806396,128.54969787598,128.83171081543,-162.69715881348,-1.4040312767029,true,false,false,false,-46,-11,0.0,0.0
7790,SAMPLE,ALIGNING,true,1,45,0,0,0.16397070884705,-0.11518621444702,0.0,-0.07,0.16397070884705,-0.045186214447021,128.46673583984,128.77038574219,-163.11729431152,-1.4077349901199,true,false,false,false,-46,-11,0.00043141841888428,0.000335693359375
7791,SAMPLE,ALIGNING,true,1,45,0,0,0.16397070884705,-0.11518621444702,0.0,-0.07,0.16397070884705,-0.045186214447021,128.46673583984,128.77038574219,-163.11729431152,-1.4077349901199,true,false,false,false,-46,-11,0.0,0.0
7792,SAMPLE,ALIGNING,true,1,45,0,0,0.16425836086273,-0.11499452590942,0.0,-0.07,0.16425836086273,-0.044994525909424,128.4086151123,128.74322509766,-163.41093444824,-1.4103298187256,true,false,false,false,-46,-11,0.00028765201568604,0.00019168853759766
7793,SAMPLE,ALIGNING,true,1,45,0,0,0.16425836086273,-0.11499452590942,0.0,-0.07,0.16425836086273,-0.044994525909424,128.4086151123,128.74322509766,-163.41093444824,-1.4103298187256,true,false,false,false,-46,-11,0.0,0.0
7794,SAMPLE,ALIGNING,true,1,45,0,0,0.16425836086273,-0.11499452590942,0.0,-0.07,0.16425836086273,-0.044994525909424,128.4086151123,128.74322509766,-163.41093444824,-1.4103298187256,true,false,false,false,-46,-11,0.0,0.0
7795,SAMPLE,ALIGNING,true,1,45,0,0,0.16449797153473,-0.11485052108765,0.0,-0.07,0.16449797153473,-0.044850521087646,128.36679077148,128.7082824707,-163.62284851074,-1.4121966362,true,false,false,false,-46,-11,0.00023961067199707,0.00014400482177734
7796,SAMPLE,ALIGNING,true,1,45,0,0,0.16449797153473,-0.11485052108765,0.0,-0.07,0.16449797153473,-0.044850521087646,128.36679077148,128.7082824707,-163.62284851074,-1.4121966362,true,false,false,false,-46,-11,0.0,0.0
7797,SAMPLE,ALIGNING,true,1,45,0,0,0.16449797153473,-0.11485052108765,0.0,-0.07,0.16449797153473,-0.044850521087646,128.36679077148,128.7082824707,-163.62284851074,-1.4121966362,true,false,false,false,-46,-11,0.0,0.0
7798,SAMPLE,ALIGNING,true,1,45,0,0,0.16454589366913,-0.11480283737183,0.0,-0.07,0.16454589366913,-0.044802837371826,128.35491943359,128.69708251953,-163.6830291748,-1.4127271175385,true,false,false,false,-46,-11,4.7922134399414e-05,4.7683715820313e-05
7799,SAMPLE,ALIGNING,true,1,45,0,0,0.16454589366913,-0.11480283737183,0.0,-0.07,0.16454589366913,-0.044802837371826,128.35491943359,128.69708251953,-163.6830291748,-1.4127271175385,true,false,false,false,-46,-11,0.0,0.0
7800,SAMPLE,ALIGNING,true,1,45,0,0,0.16454589366913,-0.11480283737183,0.0,-0.07,0.16454589366913,-0.044802837371826,128.3526763916,128.6780090332,-163.69505310059,-1.4128268957138,true,false,false,false,-46,-11,0.0,0.0
7801,SAMPLE,ALIGNING,true,1,45,0,0,0.16454589366913,-0.11465883255005,0.0,-0.07,0.16454589366913,-0.044658832550049,128.3526763916,128.6780090332,-163.69505310059,-1.4128268957138,true,false,false,false,-46,-11,0.0,0.00014400482177734
7802,SAMPLE,ALIGNING,true,1,45,0,0,0.16454589366913,-0.11465883255005,0.0,-0.07,0.16454589366913,-0.044658832550049,128.3526763916,128.6780090332,-163.69505310059,-1.4128268957138,true,false,false,false,-46,-11,0.0,0.0
7803,SAMPLE,ALIGNING,true,1,45,0,0,0.16459381580353,-0.11451530456543,0.0,-0.07,0.16459381580353,-0.04451530456543,128.34307861328,128.63916015625,-163.74482727051,-1.4132552146912,true,false,false,false,-46,-11,4.7922134399414e-05,0.00014352798461914
