frame,relative_frame,is_lagged,lag_count,event,input_state
2489,0,0,111,"SESSION_START","A=0;A Down=0;A Left=0;A Right=0;A Up=0;B=0;C Down=0;C Left=0;C Right=0;C Up=0;DPad D=0;DPad L=0;DPad R=0;DPad U=0;L=0;R=0;Start=0;X Axis=0;Y Axis=0;Z=0"
2490,1,0,111,"","A=0;A Down=0;A Left=0;A Right=0;A Up=0;B=0;C Down=0;C Left=0;C Right=0;C Up=0;DPad D=0;DPad L=0;DPad R=0;DPad U=0;L=0;R=0;Start=0;X Axis=0;Y Axis=0;Z=0"
2491,2,0,111,"","A=0;A Down=0;A Left=0;A Right=0;A Up=0;B=0;C Down=0;C Left=0;C Right=0;C Up=0;DPad D=0;DPad L=0;DPad R=0;DPad U=0;L=0;R=0;Start=0;X Axis=0;Y Axis=0;Z=0"
2492,3,0,111,"","A=0;A Down=0;A Left=0;A Right=0;A Up=0;B=0;C Down=0;C Left=0;C Right=0;C Up=0;DPad D=0;DPad L=0;DPad R=0;DPad U=0;L=0;R=0;Start=0;X Axis=0;Y Axis=0;Z=0"
2493,4,0,111,"","A=0;A Down=0;A Left=0;A Right=0;A Up=0;B=0;C Down=0;C Left=0;C Right=0;C Up=0;DPad D=0;DPad L=0;DPad R=0;DPad U=0;L=0;R=0;Start=0;X Axis=0;Y Axis=0;Z=0"
2494,5,0,111,"","A=0;A Down=0;A Left=0;A Right=0;A Up=0;B=0;C Down=0;C Left=0;C Right=0;C Up=0;DPad D=0;DPad L=0;DPad R=0;DPad U=0;L=0;R=0;Start=0;X Axis=0;Y Axis=0;Z=0"
2495,6,0,111,"","A=0;A Down=0;A Left=0;A Right=0;A Up=0;B=0;C Down=0;C Left=0;C Right=0;C Up=0;DPad D=0;DPad L=0;DPad R=0;DPad U=0;L=0;R=0;Start=0;X Axis=0;Y Axis=0;Z=0"
2496,7,0,111,"","A=0;A Down=0;A Left=0;A Right=0;A Up=0;B=0;C Down=0;C Left=0;C Right=0;C Up=0;DPad D=0;DPad L=0;DPad R=0;DPad U=0;L=0;R=0;Start=0;X Axis=0;Y Axis=0;Z=0"
2497,8,0,111,"","A=0;A Down=0;A Left=0;A Right=0;A Up=0;B=0;C Down=0;C Left=0;C Right=0;C Up=0;DPad D=0;DPad L=0;DPad R=0;DPad U=0;L=0;R=0;Start=0;X Axis=0;Y Axis=0;Z=0"
2498,9,0,111,"","A=0;A Down=0;A Left=0;A Right=0;A Up=0;B=0;C Down=0;C Left=0;C Right=0;C Up=0;DPad D=0;DPad L=0;DPad R=0;DPad U=0;L=0;R=0;Start=0;X Axis=0;Y Axis=0;Z=0"
2499,10,0,111,"","A=0;A Down=0;A Left=0;A Right=0;A Up=0;B=0;C Down=0;C Left=0;C Right=0;C Up=0;DPad D=0;DPad L=0;DPad R=0;DPad U=0;L=0;R=0;Start=0;X Axis=0;Y Axis=0;Z=0"
2500,11,0,111,"","A=0;A Down=0;A Left=0;A Right=0;A Up=0;B=0;C Down=0;C Left=0;C Right=0;C Up=0;DPad D=0;DPad L=0;DPad R=0;DPad U=0;L=0;R=0;Start=0;X Axis=0;Y Axis=0;Z=0"
2501,12,0,111,"","A=0;A Down=0;A Left=0;A Right=0;A Up=0;B=0;C Down=0;C Left=0;C Right=0;C Up=0;DPad D=0;DPad L=0;DPad R=0;DPad U=0;L=0;R=0;Start=0;X Axis=0;Y Axis=0;Z=0"
2502,13,0,111,"","A=0;A Down=0;A Left=0;A Right=0;A Up=0;B=0;C Down=0;C Left=0;C Right=0;C Up=0;DPad D=0;DPad L=0;DPad R=0;DPad U=0;L=0;R=0;Start=0;X Axis=0;Y Axis=0;Z=0"
2503,14,0,111,"","A=0;A Down=0;A Left=0;A Right=0;A Up=0;B=0;C Down=0;C Left=0;C Right=0;C Up=0;DPad D=0;DPad L=0;DPad R=0;DPad U=0;L=0;R=0;Start=0;X Axis=0;Y Axis=0;Z=0"
2504,15,0,111,"","A=0;A Down=0;A Left=0;A Right=0;A Up=0;B=0;C Down=0;C Left=0;C Right=0;C Up=0;DPad D=0;DPad L=0;DPad R=0;DPad U=0;L=0;R=0;Start=0;X Axis=0;Y Axis=0;Z=0"
2505,16,0,111,"","A=0;A Down=0;A Left=0;A Right=0;A Up=0;B=0;C Down=0;C Left=0;C Right=0;C Up=0;DPad D=0;DPad L=0;DPad R=0;DPad U=0;L=0;R=0;Start=0;X Axis=0;Y Axis=0;Z=0"
2506,17,0,111,"","A=0;A Down=0;A Left=0;A Right=0;A Up=0;B=0;C Down=0;C Left=0;C Right=0;C Up=0;DPad D=0;DPad L=0;DPad R=0;DPad U=0;L=0;R=0;Start=0;X Axis=0;Y Axis=0;Z=0"
2507,18,0,111,"","A=0;A Down=0;A Left=0;A Right=0;A Up=0;B=0;C Down=0;C Left=0;C Right=0;C Up=0;DPad D=0;DPad L=0;DPad R=0;DPad U=0;L=0;R=0;Start=0;X Axis=0;Y Axis=0;Z=0"
2508,19,0,111,"","A=0;A Down=0;A Left=0;A Right=0;A Up=0;B=0;C Down=0;C Left=0;C Right=0;C Up=0;DPad D=0;DPad L=0;DPad R=0;DPad U=0;L=0;R=0;Start=0;X Axis=0;Y Axis=0;Z=0"
2509,20,0,111,"","A=0;A Down=0;A Left=0;A Right=0;A Up=0;B=0;C Down=0;C Left=0;C Right=0;C Up=0;DPad D=0;DPad L=0;DPad R=0;DPad U=0;L=0;R=0;Start=0;X Axis=0;Y Axis=0;Z=0"
2510,21,0,111,"","A=0;A Down=0;A Left=0;A Right=0;A Up=0;B=0;C Down=0;C Left=0;C Right=0;C Up=0;DPad D=0;DPad L=0;DPad R=0;DPad U=0;L=0;R=0;Start=0;X Axis=0;Y Axis=0;Z=0"
2511,22,0,111,"","A=0;A Down=0;A Left=0;A Right=0;A Up=0;B=0;C Down=0;C Left=0;C Right=0;C Up=0;DPad D=0;DPad L=0;DPad R=0;DPad U=0;L=0;R=0;Start=0;X Axis=0;Y Axis=0;Z=0"
2512,23,0,111,"","A=0;A Down=0;A Left=0;A Right=0;A Up=0;B=0;C Down=0;C Left=0;C Right=0;C Up=0;DPad D=0;DPad L=0;DPad R=0;DPad U=0;L=0;R=0;Start=0;X Axis=0;Y Axis=0;Z=0"
2513,24,0,111,"","A=0;A Down=0;A Left=0;A Right=0;A Up=0;B=0;C Down=0;C Left=0;C Right=0;C Up=0;DPad D=0;DPad L=0;DPad R=0;DPad U=0;L=0;R=0;Start=0;X Axis=0;Y Axis=0;Z=0"
2514,25,0,111,"","A=0;A Down=0;A Left=0;A Right=0;A Up=0;B=0;C Down=0;C Left=0;C Right=0;C Up=0;DPad D=0;DPad L=0;DPad R=0;DPad U=0;L=0;R=0;Start=0;X Axis=0;Y Axis=0;Z=0"
2515,26,0,111,"","A=0;A Down=0;A Left=0;A Right=0;A Up=0;B=0;C Down=0;C Left=0;C Right=0;C Up=0;DPad D=0;DPad L=0;DPad R=0;DPad U=0;L=0;R=0;Start=0;X Axis=0;Y Axis=0;Z=0"
2516,27,0,111,"","A=0;A Down=0;A Left=0;A Right=0;A Up=0;B=0;C Down=0;C Left=0;C Right=0;C Up=0;DPad D=0;DPad L=0;DPad R=0;DPad U=0;L=0;R=0;Start=0;X Axis=0;Y Axis=0;Z=0"
2517,28,0,111,"","A=0;A Down=0;A Left=0;A Right=0;A Up=0;B=0;C Down=0;C Left=0;C Right=0;C Up=0;DPad D=0;DPad L=0;DPad R=0;DPad U=0;L=0;R=0;Start=0;X Axis=0;Y Axis=0;Z=0"
2518,29,0,111,"","A=0;A Down=0;A Left=0;A Right=0;A Up=0;B=0;C Down=0;C Left=0;C Right=0;C Up=0;DPad D=0;DPad L=0;DPad R=0;DPad U=0;L=0;R=0;Start=0;X Axis=0;Y Axis=0;Z=0"
2519,30,0,111,"","A=0;A Down=0;A Left=0;A Right=0;A Up=0;B=0;C Down=0;C Left=0;C Right=0;C Up=0;DPad D=0;DPad L=0;DPad R=0;DPad U=0;L=0;R=0;Start=0;X Axis=0;Y Axis=0;Z=0"
2520,31,0,111,"","A=0;A Down=0;A Left=0;A Right=0;A Up=0;B=0;C Down=0;C Left=0;C Right=0;C Up=0;DPad D=0;DPad L=0;DPad R=0;DPad U=0;L=0;R=0;Start=0;X Axis=0;Y Axis=0;Z=0"
2521,32,0,111,"","A=0;A Down=0;A Left=0;A Right=0;A Up=0;B=0;C Down=0;C Left=0;C Right=0;C Up=0;DPad D=0;DPad L=0;DPad R=0;DPad U=0;L=0;R=0;Start=0;X Axis=0;Y Axis=0;Z=0"
2522,33,0,111,"","A=0;A Down=0;A Left=0;A Right=0;A Up=0;B=0;C Down=0;C Left=0;C Right=0;C Up=0;DPad D=0;DPad L=0;DPad R=0;DPad U=0;L=0;R=0;Start=0;X Axis=0;Y Axis=0;Z=0"
2523,34,0,111,"","A=0;A Down=0;A Left=0;A Right=0;A Up=0;B=0;C Down=0;C Left=0;C Right=0;C Up=0;DPad D=0;DPad L=0;DPad R=0;DPad U=0;L=0;R=0;Start=0;X Axis=0;Y Axis=0;Z=0"
2524,35,0,111,"","A=0;A Down=0;A Left=0;A Right=0;A Up=0;B=0;C Down=0;C Left=0;C Right=0;C Up=0;DPad D=0;DPad L=0;DPad R=0;DPad U=0;L=0;R=0;Start=0;X Axis=0;Y Axis=0;Z=0"
2525,36,0,111,"","A=0;A Down=0;A Left=0;A Right=0;A Up=0;B=0;C Down=0;C Left=0;C Right=0;C Up=0;DPad D=0;DPad L=0;DPad R=0;DPad U=0;L=0;R=0;Start=0;X Axis=0;Y Axis=0;Z=0"
2526,37,0,111,"","A=0;A Down=0;A Left=0;A Right=0;A Up=0;B=0;C Down=0;C Left=0;C Right=0;C Up=0;DPad D=0;DPad L=0;DPad R=0;DPad U=0;L=0;R=0;Start=0;X Axis=0;Y Axis=0;Z=0"
2527,38,0,111,"","A=0;A Down=0;A Left=0;A Right=0;A Up=0;B=0;C Down=0;C Left=0;C Right=0;C Up=0;DPad D=0;DPad L=0;DPad R=0;DPad U=0;L=0;R=0;Start=0;X Axis=0;Y Axis=0;Z=0"
2528,39,0,111,"","A=0;A Down=0;A Left=0;A Right=0;A Up=0;B=0;C Down=0;C Left=0;C Right=0;C Up=0;DPad D=0;DPad L=0;DPad R=0;DPad U=0;L=0;R=0;Start=0;X Axis=0;Y Axis=0;Z=0"
2529,40,0,111,"","A=0;A Down=0;A Left=0;A Right=0;A Up=0;B=0;C Down=0;C Left=0;C Right=0;C Up=0;DPad D=0;DPad L=0;DPad R=0;DPad U=0;L=0;R=0;Start=0;X Axis=0;Y Axis=0;Z=0"
2530,41,0,111,"","A=0;A Down=0;A Left=0;A Right=0;A Up=0;B=0;C Down=0;C Left=0;C Right=0;C Up=0;DPad D=0;DPad L=0;DPad R=0;DPad U=0;L=0;R=0;Start=0;X Axis=0;Y Axis=0;Z=0"
2531,42,0,111,"","A=0;A Down=0;A Left=0;A Right=0;A Up=0;B=0;C Down=0;C Left=0;C Right=0;C Up=0;DPad D=0;DPad L=0;DPad R=0;DPad U=0;L=0;R=0;Start=0;X Axis=0;Y Axis=0;Z=0"
2532,43,0,111,"","A=0;A Down=0;A Left=0;A Right=0;A Up=0;B=0;C Down=0;C Left=0;C Right=0;C Up=0;DPad D=0;DPad L=0;DPad R=0;DPad U=0;L=0;R=0;Start=0;X Axis=0;Y Axis=0;Z=0"
2533,44,0,111,"","A=0;A Down=0;A Left=0;A Right=0;A Up=0;B=0;C Down=0;C Left=0;C Right=0;C Up=0;DPad D=0;DPad L=0;DPad R=0;DPad U=0;L=0;R=0;Start=0;X Axis=0;Y Axis=0;Z=0"
2534,45,0,111,"","A=0;A Down=0;A Left=0;A Right=0;A Up=0;B=0;C Down=0;C Left=0;C Right=0;C Up=0;DPad D=0;DPad L=0;DPad R=0;DPad U=0;L=0;R=0;Start=0;X Axis=0;Y Axis=0;Z=0"
2535,46,0,111,"","A=0;A Down=0;A Left=0;A Right=0;A Up=0;B=0;C Down=0;C Left=0;C Right=0;C Up=0;DPad D=0;DPad L=0;DPad R=0;DPad U=0;L=0;R=0;Start=0;X Axis=0;Y Axis=0;Z=0"
2536,47,0,111,"","A=0;A Down=0;A Left=0;A Right=0;A Up=0;B=0;C Down=0;C Left=0;C Right=0;C Up=0;DPad D=0;DPad L=0;DPad R=0;DPad U=0;L=0;R=0;Start=0;X Axis=0;Y Axis=0;Z=0"
2537,48,0,111,"","A=0;A Down=0;A Left=0;A Right=0;A Up=0;B=0;C Down=0;C Left=0;C Right=0;C Up=0;DPad D=0;DPad L=0;DPad R=0;DPad U=0;L=0;R=0;Start=0;X Axis=0;Y Axis=0;Z=0"
2538,49,0,111,"","A=0;A Down=0;A Left=0;A Right=0;A Up=0;B=0;C Down=0;C Left=0;C Right=0;C Up=0;DPad D=0;DPad L=0;DPad R=0;DPad U=0;L=0;R=0;Start=0;X Axis=0;Y Axis=0;Z=0"
2539,50,0,111,"","A=0;A Down=0;A Left=0;A Right=0;A Up=0;B=0;C Down=0;C Left=0;C Right=0;C Up=0;DPad D=0;DPad L=0;DPad R=0;DPad U=0;L=0;R=0;Start=0;X Axis=0;Y Axis=0;Z=0"
2540,51,0,111,"","A=0;A Down=0;A Left=0;A Right=0;A Up=0;B=0;C Down=0;C Left=0;C Right=0;C Up=0;DPad D=0;DPad L=0;DPad R=0;DPad U=0;L=0;R=0;Start=0;X Axis=0;Y Axis=0;Z=0"
2541,52,0,111,"","A=0;A Down=0;A Left=0;A Right=0;A Up=0;B=0;C Down=0;C Left=0;C Right=0;C Up=0;DPad D=0;DPad L=0;DPad R=0;DPad U=0;L=0;R=0;Start=0;X Axis=0;Y Axis=0;Z=0"
2542,53,0,111,"","A=0;A Down=0;A Left=0;A Right=0;A Up=0;B=0;C Down=0;C Left=0;C Right=0;C Up=0;DPad D=0;DPad L=0;DPad R=0;DPad U=0;L=0;R=0;Start=0;X Axis=0;Y Axis=0;Z=0"
2543,54,0,111,"","A=0;A Down=0;A Left=0;A Right=0;A Up=0;B=0;C Down=0;C Left=0;C Right=0;C Up=0;DPad D=0;DPad L=0;DPad R=0;DPad U=0;L=0;R=0;Start=0;X Axis=0;Y Axis=0;Z=0"
2544,55,0,111,"","A=0;A Down=0;A Left=0;A Right=0;A Up=0;B=0;C Down=0;C Left=0;C Right=0;C Up=0;DPad D=0;DPad L=0;DPad R=0;DPad U=0;L=0;R=0;Start=0;X Axis=0;Y Axis=0;Z=0"
2545,56,0,111,"","A=0;A Down=0;A Left=0;A Right=0;A Up=0;B=0;C Down=0;C Left=0;C Right=0;C Up=0;DPad D=0;DPad L=0;DPad R=0;DPad U=0;L=0;R=0;Start=0;X Axis=0;Y Axis=0;Z=0"
2546,57,0,111,"","A=0;A Down=0;A Left=0;A Right=0;A Up=0;B=0;C Down=0;C Left=0;C Right=0;C Up=0;DPad D=0;DPad L=0;DPad R=0;DPad U=0;L=0;R=0;Start=0;X Axis=0;Y Axis=0;Z=0"
2547,58,0,111,"","A=0;A Down=0;A Left=0;A Right=0;A Up=0;B=0;C Down=0;C Left=0;C Right=0;C Up=0;DPad D=0;DPad L=0;DPad R=0;DPad U=0;L=0;R=0;Start=0;X Axis=0;Y Axis=0;Z=0"
2548,59,0,111,"","A=0;A Down=0;A Left=0;A Right=0;A Up=0;B=0;C Down=0;C Left=0;C Right=0;C Up=0;DPad D=0;DPad L=0;DPad R=0;DPad U=0;L=0;R=0;Start=0;X Axis=0;Y Axis=0;Z=0"
2549,60,0,111,"","A=0;A Down=0;A Left=0;A Right=0;A Up=0;B=0;C Down=0;C Left=0;C Right=0;C Up=0;DPad D=0;DPad L=0;DPad R=0;DPad U=0;L=0;R=0;Start=0;X Axis=0;Y Axis=0;Z=0"
2550,61,0,111,"","A=0;A Down=0;A Left=0;A Right=0;A Up=0;B=0;C Down=0;C Left=0;C Right=0;C Up=0;DPad D=0;DPad L=0;DPad R=0;DPad U=0;L=0;R=0;Start=0;X Axis=0;Y Axis=0;Z=0"
2551,62,0,111,"","A=0;A Down=0;A Left=0;A Right=0;A Up=0;B=0;C Down=0;C Left=0;C Right=0;C Up=0;DPad D=0;DPad L=0;DPad R=0;DPad U=0;L=0;R=0;Start=0;X Axis=0;Y Axis=0;Z=0"
2552,63,0,111,"","A=0;A Down=0;A Left=0;A Right=0;A Up=0;B=0;C Down=0;C Left=0;C Right=0;C Up=0;DPad D=0;DPad L=0;DPad R=0;DPad U=0;L=0;R=0;Start=0;X Axis=0;Y Axis=0;Z=0"
2553,64,0,111,"","A=0;A Down=0;A Left=0;A Right=0;A Up=0;B=0;C Down=0;C Left=0;C Right=0;C Up=0;DPad D=0;DPad L=0;DPad R=0;DPad U=0;L=0;R=0;Start=0;X Axis=0;Y Axis=0;Z=0"
2554,65,0,111,"","A=0;A Down=0;A Left=0;A Right=0;A Up=0;B=0;C Down=0;C Left=0;C Right=0;C Up=0;DPad D=0;DPad L=0;DPad R=0;DPad U=0;L=0;R=0;Start=0;X Axis=0;Y Axis=0;Z=0"
2555,66,0,111,"","A=0;A Down=0;A Left=0;A Right=0;A Up=0;B=0;C Down=0;C Left=0;C Right=0;C Up=0;DPad D=0;DPad L=0;DPad R=0;DPad U=0;L=0;R=0;Start=0;X Axis=0;Y Axis=0;Z=0"
2556,67,0,111,"","A=0;A Down=0;A Left=0;A Right=0;A Up=0;B=0;C Down=0;C Left=0;C Right=0;C Up=0;DPad D=0;DPad L=0;DPad R=0;DPad U=0;L=0;R=0;Start=0;X Axis=0;Y Axis=0;Z=0"
2557,68,0,111,"","A=0;A Down=0;A Left=0;A Right=0;A Up=0;B=0;C Down=0;C Left=0;C Right=0;C Up=0;DPad D=0;DPad L=0;DPad R=0;DPad U=0;L=0;R=0;Start=0;X Axis=0;Y Axis=0;Z=0"
2558,69,0,111,"","A=0;A Down=0;A Left=0;A Right=0;A Up=0;B=0;C Down=0;C Left=0;C Right=0;C Up=0;DPad D=0;DPad L=0;DPad R=0;DPad U=0;L=0;R=0;Start=0;X Axis=0;Y Axis=0;Z=0"
2559,70,0,111,"","A=0;A Down=0;A Left=0;A Right=0;A Up=0;B=0;C Down=0;C Left=0;C Right=0;C Up=0;DPad D=0;DPad L=0;DPad R=0;DPad U=0;L=0;R=0;Start=0;X Axis=0;Y Axis=0;Z=0"
2560,71,0,111,"","A=0;A Down=0;A Left=0;A Right=0;A Up=0;B=0;C Down=0;C Left=0;C Right=0;C Up=0;DPad D=0;DPad L=0;DPad R=0;DPad U=0;L=0;R=0;Start=0;X Axis=0;Y Axis=0;Z=0"
2561,72,0,111,"","A=0;A Down=0;A Left=0;A Right=0;A Up=0;B=0;C Down=0;C Left=0;C Right=0;C Up=0;DPad D=0;DPad L=0;DPad R=0;DPad U=0;L=0;R=0;Start=0;X Axis=0;Y Axis=0;Z=0"
2562,73,0,111,"","A=0;A Down=0;A Left=0;A Right=0;A Up=0;B=0;C Down=0;C Left=0;C Right=0;C Up=0;DPad D=0;DPad L=0;DPad R=0;DPad U=0;L=0;R=0;Start=0;X Axis=0;Y Axis=0;Z=0"
2563,74,0,111,"","A=0;A Down=0;A Left=0;A Right=0;A Up=0;B=0;C Down=0;C Left=0;C Right=0;C Up=0;DPad D=0;DPad L=0;DPad R=0;DPad U=0;L=0;R=0;Start=0;X Axis=0;Y Axis=0;Z=0"
2564,75,0,111,"","A=0;A Down=0;A Left=0;A Right=0;A Up=0;B=0;C Down=0;C Left=0;C Right=0;C Up=0;DPad D=0;DPad L=0;DPad R=0;DPad U=0;L=0;R=0;Start=0;X Axis=0;Y Axis=0;Z=0"
2565,76,0,111,"","A=0;A Down=0;A Left=0;A Right=0;A Up=0;B=0;C Down=0;C Left=0;C Right=0;C Up=0;DPad D=0;DPad L=0;DPad R=0;DPad U=0;L=0;R=0;Start=0;X Axis=0;Y Axis=0;Z=0"
2566,77,0,111,"","A=0;A Down=0;A Left=0;A Right=0;A Up=0;B=0;C Down=0;C Left=0;C Right=0;C Up=0;DPad D=0;DPad L=0;DPad R=0;DPad U=0;L=0;R=0;Start=0;X Axis=0;Y Axis=0;Z=0"
2567,78,0,111,"","A=0;A Down=0;A Left=0;A Right=0;A Up=0;B=0;C Down=0;C Left=0;C Right=0;C Up=0;DPad D=0;DPad L=0;DPad R=0;DPad U=0;L=0;R=0;Start=0;X Axis=0;Y Axis=0;Z=0"
2568,79,0,111,"","A=0;A Down=0;A Left=0;A Right=0;A Up=0;B=0;C Down=0;C Left=0;C Right=0;C Up=0;DPad D=0;DPad L=0;DPad R=0;DPad U=0;L=0;R=0;Start=0;X Axis=0;Y Axis=0;Z=0"
2569,80,0,111,"","A=0;A Down=0;A Left=0;A Right=0;A Up=0;B=0;C Down=0;C Left=0;C Right=0;C Up=0;DPad D=0;DPad L=0;DPad R=0;DPad U=0;L=0;R=0;Start=0;X Axis=0;Y Axis=0;Z=0"
2570,81,0,111,"","A=0;A Down=0;A Left=0;A Right=0;A Up=0;B=0;C Down=0;C Left=0;C Right=0;C Up=0;DPad D=0;DPad L=0;DPad R=0;DPad U=0;L=0;R=0;Start=0;X Axis=0;Y Axis=0;Z=0"
2571,82,0,111,"","A=0;A Down=0;A Left=0;A Right=0;A Up=0;B=0;C Down=0;C Left=0;C Right=0;C Up=0;DPad D=0;DPad L=0;DPad R=0;DPad U=0;L=0;R=0;Start=0;X Axis=0;Y Axis=0;Z=0"
2572,83,0,111,"","A=0;A Down=0;A Left=0;A Right=0;A Up=0;B=0;C Down=0;C Left=0;C Right=0;C Up=0;DPad D=0;DPad L=0;DPad R=0;DPad U=0;L=0;R=0;Start=0;X Axis=0;Y Axis=0;Z=0"
2573,84,0,111,"","A=0;A Down=0;A Left=0;A Right=0;A Up=0;B=0;C Down=0;C Left=0;C Right=0;C Up=0;DPad D=0;DPad L=0;DPad R=0;DPad U=0;L=0;R=0;Start=0;X Axis=0;Y Axis=0;Z=0"
2574,85,0,111,"","A=0;A Down=0;A Left=0;A Right=0;A Up=0;B=0;C Down=0;C Left=0;C Right=0;C Up=0;DPad D=0;DPad L=0;DPad R=0;DPad U=0;L=0;R=0;Start=0;X Axis=0;Y Axis=0;Z=0"
2575,86,0,111,"","A=0;A Down=0;A Left=0;A Right=0;A Up=0;B=0;C Down=0;C Left=0;C Right=0;C Up=0;DPad D=0;DPad L=0;DPad R=0;DPad U=0;L=0;R=0;Start=0;X Axis=0;Y Axis=0;Z=0"
2576,87,0,111,"","A=0;A Down=0;A Left=0;A Right=0;A Up=0;B=0;C Down=0;C Left=0;C Right=0;C Up=0;DPad D=0;DPad L=0;DPad R=0;DPad U=0;L=0;R=0;Start=0;X Axis=0;Y Axis=0;Z=0"
2577,88,0,111,"","A=0;A Down=0;A Left=0;A Right=0;A Up=0;B=0;C Down=0;C Left=0;C Right=0;C Up=0;DPad D=0;DPad L=0;DPad R=0;DPad U=0;L=0;R=0;Start=0;X Axis=0;Y Axis=0;Z=0"
2578,89,0,111,"","A=0;A Down=0;A Left=0;A Right=0;A Up=0;B=0;C Down=0;C Left=0;C Right=0;C Up=0;DPad D=0;DPad L=0;DPad R=0;DPad U=0;L=0;R=0;Start=0;X Axis=0;Y Axis=0;Z=0"
2579,90,0,111,"","A=0;A Down=0;A Left=0;A Right=0;A Up=0;B=0;C Down=0;C Left=0;C Right=0;C Up=0;DPad D=0;DPad L=0;DPad R=0;DPad U=0;L=0;R=0;Start=0;X Axis=0;Y Axis=0;Z=0"
2580,91,0,111,"","A=0;A Down=0;A Left=0;A Right=0;A Up=0;B=0;C Down=0;C Left=0;C Right=0;C Up=0;DPad D=0;DPad L=0;DPad R=0;DPad U=0;L=0;R=0;Start=0;X Axis=0;Y Axis=0;Z=0"
2581,92,0,111,"","A=0;A Down=0;A Left=0;A Right=0;A Up=0;B=0;C Down=0;C Left=0;C Right=0;C Up=0;DPad D=0;DPad L=0;DPad R=0;DPad U=0;L=0;R=0;Start=0;X Axis=0;Y Axis=0;Z=0"
2582,93,0,111,"","A=0;A Down=0;A Left=0;A Right=0;A Up=0;B=0;C Down=0;C Left=0;C Right=0;C Up=0;DPad D=0;DPad L=0;DPad R=0;DPad U=0;L=0;R=0;Start=0;X Axis=0;Y Axis=0;Z=0"
2583,94,0,111,"","A=0;A Down=0;A Left=0;A Right=0;A Up=0;B=0;C Down=0;C Left=0;C Right=0;C Up=0;DPad D=0;DPad L=0;DPad R=0;DPad U=0;L=0;R=0;Start=0;X Axis=0;Y Axis=0;Z=0"
2584,95,0,111,"","A=0;A Down=0;A Left=0;A Right=0;A Up=0;B=0;C Down=0;C Left=0;C Right=0;C Up=0;DPad D=0;DPad L=0;DPad R=0;DPad U=0;L=0;R=0;Start=0;X Axis=0;Y Axis=0;Z=0"
2585,96,0,111,"","A=0;A Down=0;A Left=0;A Right=0;A Up=0;B=0;C Down=0;C Left=0;C Right=0;C Up=0;DPad D=0;DPad L=0;DPad R=0;DPad U=0;L=0;R=0;Start=0;X Axis=0;Y Axis=0;Z=0"
2586,97,0,111,"","A=0;A Down=0;A Left=0;A Right=0;A Up=0;B=0;C Down=0;C Left=0;C Right=0;C Up=0;DPad D=0;DPad L=0;DPad R=0;DPad U=0;L=0;R=0;Start=0;X Axis=0;Y Axis=0;Z=0"
2587,98,0,111,"","A=0;A Down=0;A Left=0;A Right=0;A Up=0;B=0;C Down=0;C Left=0;C Right=0;C Up=0;DPad D=0;DPad L=0;DPad R=0;DPad U=0;L=0;R=0;Start=0;X Axis=0;Y Axis=0;Z=0"
2588,99,0,111,"","A=0;A Down=0;A Left=0;A Right=0;A Up=0;B=0;C Down=0;C Left=0;C Right=0;C Up=0;DPad D=0;DPad L=0;DPad R=0;DPad U=0;L=0;R=0;Start=0;X Axis=0;Y Axis=0;Z=0"
2589,100,0,111,"","A=0;A Down=0;A Left=0;A Right=0;A Up=0;B=0;C Down=0;C Left=0;C Right=0;C Up=0;DPad D=0;DPad L=0;DPad R=0;DPad U=0;L=0;R=0;Start=0;X Axis=0;Y Axis=0;Z=0"
2590,101,0,111,"","A=0;A Down=0;A Left=0;A Right=0;A Up=0;B=0;C Down=0;C Left=0;C Right=0;C Up=0;DPad D=0;DPad L=0;DPad R=0;DPad U=0;L=0;R=0;Start=0;X Axis=0;Y Axis=0;Z=0"
2591,102,0,111,"","A=0;A Down=0;A Left=0;A Right=0;A Up=0;B=0;C Down=0;C Left=0;C Right=0;C Up=0;DPad D=0;DPad L=0;DPad R=0;DPad U=0;L=0;R=0;Start=0;X Axis=0;Y Axis=0;Z=0"
2592,103,0,111,"","A=0;A Down=0;A Left=0;A Right=0;A Up=0;B=0;C Down=0;C Left=0;C Right=0;C Up=0;DPad D=0;DPad L=0;DPad R=0;DPad U=0;L=0;R=0;Start=0;X Axis=0;Y Axis=0;Z=0"
2593,104,0,111,"","A=0;A Down=0;A Left=0;A Right=0;A Up=0;B=0;C Down=0;C Left=0;C Right=0;C Up=0;DPad D=0;DPad L=0;DPad R=0;DPad U=0;L=0;R=0;Start=0;X Axis=0;Y Axis=0;Z=0"
2594,105,0,111,"","A=0;A Down=0;A Left=0;A Right=0;A Up=0;B=0;C Down=0;C Left=0;C Right=0;C Up=0;DPad D=0;DPad L=0;DPad R=0;DPad U=0;L=0;R=0;Start=0;X Axis=0;Y Axis=0;Z=0"
2595,106,0,111,"","A=0;A Down=0;A Left=0;A Right=0;A Up=0;B=0;C Down=0;C Left=0;C Right=0;C Up=0;DPad D=0;DPad L=0;DPad R=0;DPad U=0;L=0;R=0;Start=0;X Axis=0;Y Axis=0;Z=0"
2596,107,0,111,"","A=0;A Down=0;A Left=0;A Right=0;A Up=0;B=0;C Down=0;C Left=0;C Right=0;C Up=0;DPad D=0;DPad L=0;DPad R=0;DPad U=0;L=0;R=0;Start=0;X Axis=0;Y Axis=0;Z=0"
2597,108,0,111,"","A=0;A Down=0;A Left=0;A Right=0;A Up=0;B=0;C Down=0;C Left=0;C Right=0;C Up=0;DPad D=0;DPad L=0;DPad R=0;DPad U=0;L=0;R=0;Start=0;X Axis=0;Y Axis=0;Z=0"
2598,109,0,111,"","A=0;A Down=0;A Left=0;A Right=0;A Up=0;B=0;C Down=0;C Left=0;C Right=0;C Up=0;DPad D=0;DPad L=0;DPad R=0;DPad U=0;L=0;R=0;Start=0;X Axis=0;Y Axis=0;Z=0"
2599,110,0,111,"","A=0;A Down=0;A Left=0;A Right=0;A Up=0;B=0;C Down=0;C Left=0;C Right=0;C Up=0;DPad D=0;DPad L=0;DPad R=0;DPad U=0;L=0;R=0;Start=0;X Axis=0;Y Axis=0;Z=0"
2600,111,0,111,"","A=0;A Down=0;A Left=0;A Right=0;A Up=0;B=0;C Down=0;C Left=0;C Right=0;C Up=0;DPad D=0;DPad L=0;DPad R=0;DPad U=0;L=0;R=0;Start=0;X Axis=0;Y Axis=0;Z=0"
2601,112,0,111,"","A=0;A Down=0;A Left=0;A Right=0;A Up=0;B=0;C Down=0;C Left=0;C Right=0;C Up=0;DPad D=0;DPad L=0;DPad R=0;DPad U=0;L=0;R=0;Start=0;X Axis=0;Y Axis=0;Z=0"
2602,113,0,111,"","A=0;A Down=0;A Left=0;A Right=0;A Up=0;B=0;C Down=0;C Left=0;C Right=0;C Up=0;DPad D=0;DPad L=0;DPad R=0;DPad U=0;L=0;R=0;Start=0;X Axis=0;Y Axis=0;Z=0"
2603,114,0,111,"","A=0;A Down=0;A Left=0;A Right=0;A Up=0;B=0;C Down=0;C Left=0;C Right=0;C Up=0;DPad D=0;DPad L=0;DPad R=0;DPad U=0;L=0;R=0;Start=0;X Axis=0;Y Axis=0;Z=0"
2604,115,0,111,"","A=0;A Down=0;A Left=0;A Right=0;A Up=0;B=0;C Down=0;C Left=0;C Right=0;C Up=0;DPad D=0;DPad L=0;DPad R=0;DPad U=0;L=0;R=0;Start=0;X Axis=0;Y Axis=0;Z=0"
2605,116,0,111,"","A=0;A Down=0;A Left=0;A Right=0;A Up=0;B=0;C Down=0;C Left=0;C Right=0;C Up=0;DPad D=0;DPad L=0;DPad R=0;DPad U=0;L=0;R=0;Start=0;X Axis=0;Y Axis=0;Z=0"
2606,117,0,111,"","A=0;A Down=0;A Left=0;A Right=0;A Up=0;B=0;C Down=0;C Left=0;C Right=0;C Up=0;DPad D=0;DPad L=0;DPad R=0;DPad U=0;L=0;R=0;Start=0;X Axis=0;Y Axis=0;Z=0"
2607,118,0,111,"","A=0;A Down=0;A Left=0;A Right=0;A Up=0;B=0;C Down=0;C Left=0;C Right=0;C Up=0;DPad D=0;DPad L=0;DPad R=0;DPad U=0;L=0;R=0;Start=0;X Axis=0;Y Axis=0;Z=0"
2608,119,0,111,"","A=0;A Down=0;A Left=0;A Right=0;A Up=0;B=0;C Down=0;C Left=0;C Right=0;C Up=0;DPad D=0;DPad L=0;DPad R=0;DPad U=0;L=0;R=0;Start=0;X Axis=0;Y Axis=0;Z=0"
2609,120,0,111,"","A=0;A Down=0;A Left=0;A Right=0;A Up=0;B=0;C Down=0;C Left=0;C Right=0;C Up=0;DPad D=0;DPad L=0;DPad R=0;DPad U=0;L=0;R=0;Start=0;X Axis=0;Y Axis=0;Z=0"
2610,121,0,111,"","A=0;A Down=0;A Left=0;A Right=0;A Up=0;B=0;C Down=0;C Left=0;C Right=0;C Up=0;DPad D=0;DPad L=0;DPad R=0;DPad U=0;L=0;R=0;Start=0;X Axis=0;Y Axis=0;Z=0"
2611,122,0,111,"","A=0;A Down=0;A Left=0;A Right=0;A Up=0;B=0;C Down=0;C Left=0;C Right=0;C Up=0;DPad D=0;DPad L=0;DPad R=0;DPad U=0;L=0;R=0;Start=0;X Axis=0;Y Axis=0;Z=0"
2612,123,0,111,"","A=0;A Down=0;A Left=0;A Right=0;A Up=0;B=0;C Down=0;C Left=0;C Right=0;C Up=0;DPad D=0;DPad L=0;DPad R=0;DPad U=0;L=0;R=0;Start=0;X Axis=0;Y Axis=0;Z=0"
2613,124,0,111,"","A=0;A Down=0;A Left=0;A Right=0;A Up=0;B=0;C Down=0;C Left=0;C Right=0;C Up=0;DPad D=0;DPad L=0;DPad R=0;DPad U=0;L=0;R=0;Start=0;X Axis=0;Y Axis=0;Z=0"
2614,125,0,111,"","A=0;A Down=0;A Left=0;A Right=0;A Up=0;B=0;C Down=0;C Left=0;C Right=0;C Up=0;DPad D=0;DPad L=0;DPad R=0;DPad U=0;L=0;R=0;Start=0;X Axis=0;Y Axis=0;Z=0"
2615,126,0,111,"","A=0;A Down=0;A Left=0;A Right=0;A Up=0;B=0;C Down=0;C Left=0;C Right=0;C Up=0;DPad D=0;DPad L=0;DPad R=0;DPad U=0;L=0;R=0;Start=0;X Axis=0;Y Axis=0;Z=0"
2616,127,0,111,"","A=0;A Down=0;A Left=0;A Right=0;A Up=0;B=0;C Down=0;C Left=0;C Right=0;C Up=0;DPad D=0;DPad L=0;DPad R=0;DPad U=0;L=0;R=0;Start=0;X Axis=0;Y Axis=0;Z=0"
2617,128,0,111,"","A=0;A Down=0;A Left=0;A Right=0;A Up=0;B=0;C Down=0;C Left=0;C Right=0;C Up=0;DPad D=0;DPad L=0;DPad R=0;DPad U=0;L=0;R=0;Start=0;X Axis=0;Y Axis=0;Z=0"
2618,129,0,111,"","A=0;A Down=0;A Left=0;A Right=0;A Up=0;B=0;C Down=0;C Left=0;C Right=0;C Up=0;DPad D=0;DPad L=0;DPad R=0;DPad U=0;L=0;R=0;Start=0;X Axis=0;Y Axis=0;Z=0"
2619,130,0,111,"","A=0;A Down=0;A Left=0;A Right=0;A Up=0;B=0;C Down=0;C Left=0;C Right=0;C Up=0;DPad D=0;DPad L=0;DPad R=0;DPad U=0;L=0;R=0;Start=0;X Axis=0;Y Axis=0;Z=0"
2620,131,0,111,"","A=0;A Down=0;A Left=0;A Right=0;A Up=0;B=0;C Down=0;C Left=0;C Right=0;C Up=0;DPad D=0;DPad L=0;DPad R=0;DPad U=0;L=0;R=0;Start=0;X Axis=0;Y Axis=0;Z=0"
2621,132,0,111,"","A=0;A Down=0;A Left=0;A Right=0;A Up=0;B=0;C Down=0;C Left=0;C Right=0;C Up=0;DPad D=0;DPad L=0;DPad R=0;DPad U=0;L=0;R=0;Start=0;X Axis=0;Y Axis=0;Z=0"
2622,133,0,111,"","A=0;A Down=0;A Left=0;A Right=0;A Up=0;B=0;C Down=0;C Left=0;C Right=0;C Up=0;DPad D=0;DPad L=0;DPad R=0;DPad U=0;L=0;R=0;Start=0;X Axis=0;Y Axis=0;Z=0"
2623,134,0,111,"","A=0;A Down=0;A Left=0;A Right=0;A Up=0;B=0;C Down=0;C Left=0;C Right=0;C Up=0;DPad D=0;DPad L=0;DPad R=0;DPad U=0;L=0;R=0;Start=0;X Axis=0;Y Axis=0;Z=0"
2624,135,0,111,"","A=0;A Down=0;A Left=0;A Right=0;A Up=0;B=0;C Down=0;C Left=0;C Right=0;C Up=0;DPad D=0;DPad L=0;DPad R=0;DPad U=0;L=0;R=0;Start=0;X Axis=0;Y Axis=0;Z=0"
2625,136,0,111,"","A=0;A Down=0;A Left=0;A Right=0;A Up=0;B=0;C Down=0;C Left=0;C Right=0;C Up=0;DPad D=0;DPad L=0;DPad R=0;DPad U=0;L=0;R=0;Start=0;X Axis=0;Y Axis=0;Z=0"
2626,137,0,111,"","A=0;A Down=0;A Left=0;A Right=0;A Up=0;B=0;C Down=0;C Left=0;C Right=0;C Up=0;DPad D=0;DPad L=0;DPad R=0;DPad U=0;L=0;R=0;Start=0;X Axis=0;Y Axis=0;Z=0"
2627,138,0,111,"","A=0;A Down=0;A Left=0;A Right=0;A Up=0;B=0;C Down=0;C Left=0;C Right=0;C Up=0;DPad D=0;DPad L=0;DPad R=0;DPad U=0;L=0;R=0;Start=0;X Axis=0;Y Axis=0;Z=0"
2628,139,0,111,"","A=0;A Down=0;A Left=0;A Right=0;A Up=0;B=0;C Down=0;C Left=0;C Right=0;C Up=0;DPad D=0;DPad L=0;DPad R=0;DPad U=0;L=0;R=0;Start=0;X Axis=0;Y Axis=0;Z=0"
2629,140,0,111,"","A=0;A Down=0;A Left=0;A Right=0;A Up=0;B=0;C Down=0;C Left=0;C Right=0;C Up=0;DPad D=0;DPad L=0;DPad R=0;DPad U=0;L=0;R=0;Start=0;X Axis=0;Y Axis=0;Z=0"
2630,141,0,111,"","A=0;A Down=0;A Left=0;A Right=0;A Up=0;B=0;C Down=0;C Left=0;C Right=0;C Up=0;DPad D=0;DPad L=0;DPad R=0;DPad U=0;L=0;R=0;Start=0;X Axis=0;Y Axis=0;Z=0"
2631,142,0,111,"","A=0;A Down=0;A Left=0;A Right=0;A Up=0;B=0;C Down=0;C Left=0;C Right=0;C Up=0;DPad D=0;DPad L=0;DPad R=0;DPad U=0;L=0;R=0;Start=0;X Axis=0;Y Axis=0;Z=0"
2632,143,0,111,"","A=0;A Down=0;A Left=0;A Right=0;A Up=0;B=0;C Down=0;C Left=0;C Right=0;C Up=0;DPad D=0;DPad L=0;DPad R=0;DPad U=0;L=0;R=0;Start=0;X Axis=0;Y Axis=0;Z=0"
2633,144,0,111,"","A=0;A Down=0;A Left=0;A Right=0;A Up=0;B=0;C Down=0;C Left=0;C Right=0;C Up=0;DPad D=0;DPad L=0;DPad R=0;DPad U=0;L=0;R=0;Start=0;X Axis=0;Y Axis=0;Z=0"
2634,145,0,111,"","A=0;A Down=0;A Left=0;A Right=0;A Up=0;B=0;C Down=0;C Left=0;C Right=0;C Up=0;DPad D=0;DPad L=0;DPad R=0;DPad U=0;L=0;R=0;Start=0;X Axis=0;Y Axis=0;Z=0"
2635,146,0,111,"","A=0;A Down=0;A Left=0;A Right=0;A Up=0;B=0;C Down=0;C Left=0;C Right=0;C Up=0;DPad D=0;DPad L=0;DPad R=0;DPad U=0;L=0;R=0;Start=0;X Axis=0;Y Axis=0;Z=0"
2636,147,0,111,"","A=0;A Down=0;A Left=0;A Right=0;A Up=0;B=0;C Down=0;C Left=0;C Right=0;C Up=0;DPad D=0;DPad L=0;DPad R=0;DPad U=0;L=0;R=0;Start=0;X Axis=0;Y Axis=0;Z=0"
2637,148,0,111,"","A=0;A Down=0;A Left=0;A Right=0;A Up=0;B=0;C Down=0;C Left=0;C Right=0;C Up=0;DPad D=0;DPad L=0;DPad R=0;DPad U=0;L=0;R=0;Start=0;X Axis=0;Y Axis=0;Z=0"
2638,149,0,111,"","A=0;A Down=0;A Left=0;A Right=0;A Up=0;B=0;C Down=0;C Left=0;C Right=0;C Up=0;DPad D=0;DPad L=0;DPad R=0;DPad U=0;L=0;R=0;Start=0;X Axis=0;Y Axis=0;Z=0"
2639,150,0,111,"","A=0;A Down=0;A Left=0;A Right=0;A Up=0;B=0;C Down=0;C Left=0;C Right=0;C Up=0;DPad D=0;DPad L=0;DPad R=0;DPad U=0;L=0;R=0;Start=0;X Axis=0;Y Axis=0;Z=0"
2640,151,0,111,"","A=0;A Down=0;A Left=0;A Right=0;A Up=0;B=0;C Down=0;C Left=0;C Right=0;C Up=0;DPad D=0;DPad L=0;DPad R=0;DPad U=0;L=0;R=0;Start=0;X Axis=0;Y Axis=0;Z=0"
2641,152,0,111,"","A=0;A Down=0;A Left=0;A Right=0;A Up=0;B=0;C Down=0;C Left=0;C Right=0;C Up=0;DPad D=0;DPad L=0;DPad R=0;DPad U=0;L=0;R=0;Start=0;X Axis=0;Y Axis=0;Z=0"
2642,153,0,111,"","A=0;A Down=0;A Left=0;A Right=0;A Up=0;B=0;C Down=0;C Left=0;C Right=0;C Up=0;DPad D=0;DPad L=0;DPad R=0;DPad U=0;L=0;R=0;Start=0;X Axis=0;Y Axis=0;Z=0"
2643,154,0,111,"","A=0;A Down=0;A Left=0;A Right=0;A Up=0;B=0;C Down=0;C Left=0;C Right=0;C Up=0;DPad D=0;DPad L=0;DPad R=0;DPad U=0;L=0;R=0;Start=0;X Axis=0;Y Axis=0;Z=0"
2644,155,0,111,"","A=0;A Down=0;A Left=0;A Right=0;A Up=0;B=0;C Down=0;C Left=0;C Right=0;C Up=0;DPad D=0;DPad L=0;DPad R=0;DPad U=0;L=0;R=0;Start=0;X Axis=0;Y Axis=0;Z=0"
2645,156,0,111,"","A=0;A Down=0;A Left=0;A Right=0;A Up=0;B=0;C Down=0;C Left=0;C Right=0;C Up=0;DPad D=0;DPad L=0;DPad R=0;DPad U=0;L=0;R=0;Start=0;X Axis=0;Y Axis=0;Z=0"
2646,157,0,111,"","A=0;A Down=0;A Left=0;A Right=0;A Up=0;B=0;C Down=0;C Left=0;C Right=0;C Up=0;DPad D=0;DPad L=0;DPad R=0;DPad U=0;L=0;R=0;Start=0;X Axis=0;Y Axis=0;Z=0"
2647,158,0,111,"","A=0;A Down=0;A Left=0;A Right=0;A Up=0;B=0;C Down=0;C Left=0;C Right=0;C Up=0;DPad D=0;DPad L=0;DPad R=0;DPad U=0;L=0;R=0;Start=0;X Axis=0;Y Axis=0;Z=0"
2648,159,0,111,"","A=0;A Down=0;A Left=0;A Right=0;A Up=0;B=0;C Down=0;C Left=0;C Right=0;C Up=0;DPad D=0;DPad L=0;DPad R=0;DPad U=0;L=0;R=0;Start=0;X Axis=0;Y Axis=0;Z=0"
2649,160,0,111,"","A=0;A Down=0;A Left=0;A Right=0;A Up=0;B=0;C Down=0;C Left=0;C Right=0;C Up=0;DPad D=0;DPad L=0;DPad R=0;DPad U=0;L=0;R=0;Start=0;X Axis=0;Y Axis=0;Z=0"
2650,161,0,111,"","A=0;A Down=0;A Left=0;A Right=0;A Up=0;B=0;C Down=0;C Left=0;C Right=0;C Up=0;DPad D=0;DPad L=0;DPad R=0;DPad U=0;L=0;R=0;Start=0;X Axis=0;Y Axis=0;Z=0"
2651,162,0,111,"","A=0;A Down=0;A Left=0;A Right=0;A Up=0;B=0;C Down=0;C Left=0;C Right=0;C Up=0;DPad D=0;DPad L=0;DPad R=0;DPad U=0;L=0;R=0;Start=0;X Axis=0;Y Axis=0;Z=0"
2652,163,0,111,"","A=0;A Down=0;A Left=0;A Right=0;A Up=0;B=0;C Down=0;C Left=0;C Right=0;C Up=0;DPad D=0;DPad L=0;DPad R=0;DPad U=0;L=0;R=0;Start=0;X Axis=0;Y Axis=0;Z=0"
2653,164,0,111,"","A=0;A Down=0;A Left=0;A Right=0;A Up=0;B=0;C Down=0;C Left=0;C Right=0;C Up=0;DPad D=0;DPad L=0;DPad R=0;DPad U=0;L=0;R=0;Start=0;X Axis=0;Y Axis=0;Z=0"
2654,165,0,111,"","A=0;A Down=0;A Left=0;A Right=0;A Up=0;B=0;C Down=0;C Left=0;C Right=0;C Up=0;DPad D=0;DPad L=0;DPad R=0;DPad U=0;L=0;R=0;Start=0;X Axis=0;Y Axis=0;Z=0"
2655,166,0,111,"","A=0;A Down=0;A Left=0;A Right=0;A Up=0;B=0;C Down=0;C Left=0;C Right=0;C Up=0;DPad D=0;DPad L=0;DPad R=0;DPad U=0;L=0;R=0;Start=0;X Axis=0;Y Axis=0;Z=0"
2656,167,0,111,"","A=0;A Down=0;A Left=0;A Right=0;A Up=0;B=0;C Down=0;C Left=0;C Right=0;C Up=0;DPad D=0;DPad L=0;DPad R=0;DPad U=0;L=0;R=0;Start=0;X Axis=0;Y Axis=0;Z=0"
2657,168,0,111,"","A=0;A Down=0;A Left=0;A Right=0;A Up=0;B=0;C Down=0;C Left=0;C Right=0;C Up=0;DPad D=0;DPad L=0;DPad R=0;DPad U=0;L=0;R=0;Start=0;X Axis=0;Y Axis=0;Z=0"
2658,169,0,111,"","A=0;A Down=0;A Left=0;A Right=0;A Up=0;B=0;C Down=0;C Left=0;C Right=0;C Up=0;DPad D=0;DPad L=0;DPad R=0;DPad U=0;L=0;R=0;Start=0;X Axis=0;Y Axis=0;Z=0"
2659,170,0,111,"","A=0;A Down=0;A Left=0;A Right=0;A Up=0;B=0;C Down=0;C Left=0;C Right=0;C Up=0;DPad D=0;DPad L=0;DPad R=0;DPad U=0;L=0;R=0;Start=0;X Axis=0;Y Axis=0;Z=0"
2660,171,0,111,"","A=0;A Down=0;A Left=0;A Right=0;A Up=0;B=0;C Down=0;C Left=0;C Right=0;C Up=0;DPad D=0;DPad L=0;DPad R=0;DPad U=0;L=0;R=0;Start=0;X Axis=0;Y Axis=0;Z=0"
2661,172,0,111,"","A=0;A Down=0;A Left=0;A Right=0;A Up=0;B=0;C Down=0;C Left=0;C Right=0;C Up=0;DPad D=0;DPad L=0;DPad R=0;DPad U=0;L=0;R=0;Start=0;X Axis=0;Y Axis=0;Z=0"
2662,173,0,111,"","A=0;A Down=0;A Left=0;A Right=0;A Up=0;B=0;C Down=0;C Left=0;C Right=0;C Up=0;DPad D=0;DPad L=0;DPad R=0;DPad U=0;L=0;R=0;Start=0;X Axis=0;Y Axis=0;Z=0"
2663,174,0,111,"","A=0;A Down=0;A Left=0;A Right=0;A Up=0;B=0;C Down=0;C Left=0;C Right=0;C Up=0;DPad D=0;DPad L=0;DPad R=0;DPad U=0;L=0;R=0;Start=0;X Axis=0;Y Axis=0;Z=0"
2664,175,0,111,"","A=0;A Down=0;A Left=0;A Right=0;A Up=0;B=0;C Down=0;C Left=0;C Right=0;C Up=0;DPad D=0;DPad L=0;DPad R=0;DPad U=0;L=0;R=0;Start=0;X Axis=0;Y Axis=0;Z=0"
2665,176,0,111,"","A=0;A Down=0;A Left=0;A Right=0;A Up=0;B=0;C Down=0;C Left=0;C Right=0;C Up=0;DPad D=0;DPad L=0;DPad R=0;DPad U=0;L=0;R=0;Start=0;X Axis=0;Y Axis=0;Z=0"
2666,177,0,111,"","A=0;A Down=0;A Left=0;A Right=0;A Up=0;B=0;C Down=0;C Left=0;C Right=0;C Up=0;DPad D=0;DPad L=0;DPad R=0;DPad U=0;L=0;R=0;Start=0;X Axis=0;Y Axis=0;Z=0"
2667,178,0,111,"","A=0;A Down=0;A Left=0;A Right=0;A Up=0;B=0;C Down=0;C Left=0;C Right=0;C Up=0;DPad D=0;DPad L=0;DPad R=0;DPad U=0;L=0;R=0;Start=0;X Axis=0;Y Axis=0;Z=0"
2668,179,0,111,"","A=0;A Down=0;A Left=0;A Right=0;A Up=0;B=0;C Down=0;C Left=0;C Right=0;C Up=0;DPad D=0;DPad L=0;DPad R=0;DPad U=0;L=0;R=0;Start=0;X Axis=0;Y Axis=0;Z=0"
2669,180,0,111,"","A=0;A Down=0;A Left=0;A Right=0;A Up=0;B=0;C Down=0;C Left=0;C Right=0;C Up=0;DPad D=0;DPad L=0;DPad R=0;DPad U=0;L=0;R=0;Start=0;X Axis=0;Y Axis=0;Z=0"
2670,181,0,111,"","A=0;A Down=0;A Left=0;A Right=0;A Up=0;B=0;C Down=0;C Left=0;C Right=0;C Up=0;DPad D=0;DPad L=0;DPad R=0;DPad U=0;L=0;R=0;Start=0;X Axis=0;Y Axis=0;Z=0"
2671,182,0,111,"","A=0;A Down=0;A Left=0;A Right=0;A Up=0;B=0;C Down=0;C Left=0;C Right=0;C Up=0;DPad D=0;DPad L=0;DPad R=0;DPad U=0;L=0;R=0;Start=0;X Axis=0;Y Axis=0;Z=0"
2672,183,0,111,"","A=0;A Down=0;A Left=0;A Right=0;A Up=0;B=0;C Down=0;C Left=0;C Right=0;C Up=0;DPad D=0;DPad L=0;DPad R=0;DPad U=0;L=0;R=0;Start=0;X Axis=0;Y Axis=0;Z=0"
2673,184,0,111,"","A=0;A Down=0;A Left=0;A Right=0;A Up=0;B=0;C Down=0;C Left=0;C Right=0;C Up=0;DPad D=0;DPad L=0;DPad R=0;DPad U=0;L=0;R=0;Start=0;X Axis=0;Y Axis=0;Z=0"
2674,185,0,111,"","A=0;A Down=0;A Left=0;A Right=0;A Up=0;B=0;C Down=0;C Left=0;C Right=0;C Up=0;DPad D=0;DPad L=0;DPad R=0;DPad U=0;L=0;R=0;Start=0;X Axis=0;Y Axis=0;Z=0"
2675,186,0,111,"","A=0;A Down=0;A Left=0;A Right=0;A Up=0;B=0;C Down=0;C Left=0;C Right=0;C Up=0;DPad D=0;DPad L=0;DPad R=0;DPad U=0;L=0;R=0;Start=0;X Axis=0;Y Axis=0;Z=0"
2676,187,0,111,"","A=0;A Down=0;A Left=0;A Right=0;A Up=0;B=0;C Down=0;C Left=0;C Right=0;C Up=0;DPad D=0;DPad L=0;DPad R=0;DPad U=0;L=0;R=0;Start=0;X Axis=0;Y Axis=0;Z=0"
2677,188,0,111,"","A=0;A Down=0;A Left=0;A Right=0;A Up=0;B=0;C Down=0;C Left=0;C Right=0;C Up=0;DPad D=0;DPad L=0;DPad R=0;DPad U=0;L=0;R=0;Start=0;X Axis=0;Y Axis=0;Z=0"
2678,189,0,111,"","A=0;A Down=0;A Left=0;A Right=0;A Up=0;B=0;C Down=0;C Left=0;C Right=0;C Up=0;DPad D=0;DPad L=0;DPad R=0;DPad U=0;L=0;R=0;Start=0;X Axis=0;Y Axis=0;Z=0"
2679,190,0,111,"","A=0;A Down=0;A Left=0;A Right=0;A Up=0;B=0;C Down=0;C Left=0;C Right=0;C Up=0;DPad D=0;DPad L=0;DPad R=0;DPad U=0;L=0;R=0;Start=0;X Axis=0;Y Axis=0;Z=0"
2680,191,0,111,"","A=0;A Down=0;A Left=0;A Right=0;A Up=0;B=0;C Down=0;C Left=0;C Right=0;C Up=0;DPad D=0;DPad L=0;DPad R=0;DPad U=0;L=0;R=0;Start=0;X Axis=0;Y Axis=0;Z=0"
2681,192,0,111,"","A=0;A Down=0;A Left=0;A Right=0;A Up=0;B=0;C Down=0;C Left=0;C Right=0;C Up=0;DPad D=0;DPad L=0;DPad R=0;DPad U=0;L=0;R=0;Start=0;X Axis=0;Y Axis=0;Z=0"
2682,193,0,111,"","A=0;A Down=0;A Left=0;A Right=0;A Up=0;B=0;C Down=0;C Left=0;C Right=0;C Up=0;DPad D=0;DPad L=0;DPad R=0;DPad U=0;L=0;R=0;Start=0;X Axis=0;Y Axis=0;Z=0"
2683,194,0,111,"","A=0;A Down=0;A Left=0;A Right=0;A Up=0;B=0;C Down=0;C Left=0;C Right=0;C Up=0;DPad D=0;DPad L=0;DPad R=0;DPad U=0;L=0;R=0;Start=0;X Axis=0;Y Axis=0;Z=0"
2684,195,0,111,"","A=0;A Down=0;A Left=0;A Right=0;A Up=0;B=0;C Down=0;C Left=0;C Right=0;C Up=0;DPad D=0;DPad L=0;DPad R=0;DPad U=0;L=0;R=0;Start=0;X Axis=0;Y Axis=0;Z=0"
2685,196,0,111,"","A=0;A Down=0;A Left=0;A Right=0;A Up=0;B=0;C Down=0;C Left=0;C Right=0;C Up=0;DPad D=0;DPad L=0;DPad R=0;DPad U=0;L=0;R=0;Start=0;X Axis=0;Y Axis=0;Z=0"
2686,197,0,111,"","A=0;A Down=0;A Left=0;A Right=0;A Up=0;B=0;C Down=0;C Left=0;C Right=0;C Up=0;DPad D=0;DPad L=0;DPad R=0;DPad U=0;L=0;R=0;Start=0;X Axis=0;Y Axis=0;Z=0"
2687,198,0,111,"","A=0;A Down=0;A Left=0;A Right=0;A Up=0;B=0;C Down=0;C Left=0;C Right=0;C Up=0;DPad D=0;DPad L=0;DPad R=0;DPad U=0;L=0;R=0;Start=0;X Axis=0;Y Axis=0;Z=0"
2688,199,0,111,"","A=0;A Down=0;A Left=0;A Right=0;A Up=0;B=0;C Down=0;C Left=0;C Right=0;C Up=0;DPad D=0;DPad L=0;DPad R=0;DPad U=0;L=0;R=0;Start=0;X Axis=0;Y Axis=0;Z=0"
2689,200,0,111,"","A=0;A Down=0;A Left=0;A Right=0;A Up=0;B=0;C Down=0;C Left=0;C Right=0;C Up=0;DPad D=0;DPad L=0;DPad R=0;DPad U=0;L=0;R=0;Start=0;X Axis=0;Y Axis=0;Z=0"
2690,201,0,111,"","A=0;A Down=0;A Left=0;A Right=0;A Up=0;B=0;C Down=0;C Left=0;C Right=0;C Up=0;DPad D=0;DPad L=0;DPad R=0;DPad U=0;L=0;R=0;Start=0;X Axis=0;Y Axis=0;Z=0"
2691,202,0,111,"","A=0;A Down=0;A Left=0;A Right=0;A Up=0;B=0;C Down=0;C Left=0;C Right=0;C Up=0;DPad D=0;DPad L=0;DPad R=0;DPad U=0;L=0;R=0;Start=0;X Axis=0;Y Axis=0;Z=0"
2692,203,0,111,"","A=0;A Down=0;A Left=0;A Right=0;A Up=0;B=0;C Down=0;C Left=0;C Right=0;C Up=0;DPad D=0;DPad L=0;DPad R=0;DPad U=0;L=0;R=0;Start=0;X Axis=0;Y Axis=0;Z=0"
2693,204,0,111,"","A=0;A Down=0;A Left=0;A Right=0;A Up=0;B=0;C Down=0;C Left=0;C Right=0;C Up=0;DPad D=0;DPad L=0;DPad R=0;DPad U=0;L=0;R=0;Start=0;X Axis=0;Y Axis=0;Z=0"
2694,205,0,111,"","A=0;A Down=0;A Left=0;A Right=0;A Up=0;B=0;C Down=0;C Left=0;C Right=0;C Up=0;DPad D=0;DPad L=0;DPad R=0;DPad U=0;L=0;R=0;Start=0;X Axis=0;Y Axis=0;Z=0"
2695,206,0,111,"","A=0;A Down=0;A Left=0;A Right=0;A Up=0;B=0;C Down=0;C Left=0;C Right=0;C Up=0;DPad D=0;DPad L=0;DPad R=0;DPad U=0;L=0;R=0;Start=0;X Axis=0;Y Axis=0;Z=0"
2696,207,0,111,"","A=0;A Down=0;A Left=0;A Right=0;A Up=0;B=0;C Down=0;C Left=0;C Right=0;C Up=0;DPad D=0;DPad L=0;DPad R=0;DPad U=0;L=0;R=0;Start=0;X Axis=0;Y Axis=0;Z=0"
2697,208,0,111,"","A=0;A Down=0;A Left=0;A Right=0;A Up=0;B=0;C Down=0;C Left=0;C Right=0;C Up=0;DPad D=0;DPad L=0;DPad R=0;DPad U=0;L=0;R=0;Start=0;X Axis=0;Y Axis=0;Z=0"
2698,209,0,111,"","A=0;A Down=0;A Left=0;A Right=0;A Up=0;B=0;C Down=0;C Left=0;C Right=0;C Up=0;DPad D=0;DPad L=0;DPad R=0;DPad U=0;L=0;R=0;Start=0;X Axis=0;Y Axis=0;Z=0"
2699,210,0,111,"","A=0;A Down=0;A Left=0;A Right=0;A Up=0;B=0;C Down=0;C Left=0;C Right=0;C Up=0;DPad D=0;DPad L=0;DPad R=0;DPad U=0;L=0;R=0;Start=0;X Axis=0;Y Axis=0;Z=0"
2700,211,0,111,"","A=0;A Down=0;A Left=0;A Right=0;A Up=0;B=0;C Down=0;C Left=0;C Right=0;C Up=0;DPad D=0;DPad L=0;DPad R=0;DPad U=0;L=0;R=0;Start=0;X Axis=0;Y Axis=0;Z=0"
2701,212,0,111,"","A=0;A Down=0;A Left=0;A Right=0;A Up=0;B=0;C Down=0;C Left=0;C Right=0;C Up=0;DPad D=0;DPad L=0;DPad R=0;DPad U=0;L=0;R=0;Start=0;X Axis=0;Y Axis=0;Z=0"
2702,213,0,111,"","A=0;A Down=0;A Left=0;A Right=0;A Up=0;B=0;C Down=0;C Left=0;C Right=0;C Up=0;DPad D=0;DPad L=0;DPad R=0;DPad U=0;L=0;R=0;Start=0;X Axis=0;Y Axis=0;Z=0"
2703,214,0,111,"","A=0;A Down=0;A Left=0;A Right=0;A Up=0;B=0;C Down=0;C Left=0;C Right=0;C Up=0;DPad D=0;DPad L=0;DPad R=0;DPad U=0;L=0;R=0;Start=0;X Axis=0;Y Axis=0;Z=0"
2704,215,0,111,"","A=0;A Down=0;A Left=0;A Right=0;A Up=0;B=0;C Down=0;C Left=0;C Right=0;C Up=0;DPad D=0;DPad L=0;DPad R=0;DPad U=0;L=0;R=0;Start=0;X Axis=0;Y Axis=0;Z=0"
2705,216,0,111,"","A=0;A Down=0;A Left=0;A Right=0;A Up=0;B=0;C Down=0;C Left=0;C Right=0;C Up=0;DPad D=0;DPad L=0;DPad R=0;DPad U=0;L=0;R=0;Start=0;X Axis=0;Y Axis=0;Z=0"
2706,217,0,111,"","A=0;A Down=0;A Left=0;A Right=0;A Up=0;B=0;C Down=0;C Left=0;C Right=0;C Up=0;DPad D=0;DPad L=0;DPad R=0;DPad U=0;L=0;R=0;Start=0;X Axis=0;Y Axis=0;Z=0"
2707,218,0,111,"","A=0;A Down=0;A Left=0;A Right=0;A Up=0;B=0;C Down=0;C Left=0;C Right=0;C Up=0;DPad D=0;DPad L=0;DPad R=0;DPad U=0;L=0;R=0;Start=0;X Axis=0;Y Axis=0;Z=0"
2708,219,0,111,"","A=0;A Down=0;A Left=0;A Right=0;A Up=0;B=0;C Down=0;C Left=0;C Right=0;C Up=0;DPad D=0;DPad L=0;DPad R=0;DPad U=0;L=0;R=0;Start=0;X Axis=0;Y Axis=0;Z=0"
2709,220,0,111,"","A=0;A Down=0;A Left=0;A Right=0;A Up=0;B=0;C Down=0;C Left=0;C Right=0;C Up=0;DPad D=0;DPad L=0;DPad R=0;DPad U=0;L=0;R=0;Start=0;X Axis=0;Y Axis=0;Z=0"
2710,221,0,111,"","A=0;A Down=0;A Left=0;A Right=0;A Up=0;B=0;C Down=0;C Left=0;C Right=0;C Up=0;DPad D=0;DPad L=0;DPad R=0;DPad U=0;L=0;R=0;Start=0;X Axis=0;Y Axis=0;Z=0"
2711,222,0,111,"","A=0;A Down=0;A Left=0;A Right=0;A Up=0;B=0;C Down=0;C Left=0;C Right=0;C Up=0;DPad D=0;DPad L=0;DPad R=0;DPad U=0;L=0;R=0;Start=0;X Axis=0;Y Axis=0;Z=0"
2712,223,0,111,"","A=0;A Down=0;A Left=0;A Right=0;A Up=0;B=0;C Down=0;C Left=0;C Right=0;C Up=0;DPad D=0;DPad L=0;DPad R=0;DPad U=0;L=0;R=0;Start=0;X Axis=0;Y Axis=0;Z=0"
2713,224,0,111,"","A=0;A Down=0;A Left=0;A Right=0;A Up=0;B=0;C Down=0;C Left=0;C Right=0;C Up=0;DPad D=0;DPad L=0;DPad R=0;DPad U=0;L=0;R=0;Start=0;X Axis=0;Y Axis=0;Z=0"
2714,225,0,111,"","A=0;A Down=0;A Left=0;A Right=0;A Up=0;B=0;C Down=0;C Left=0;C Right=0;C Up=0;DPad D=0;DPad L=0;DPad R=0;DPad U=0;L=0;R=0;Start=0;X Axis=0;Y Axis=0;Z=0"
2715,226,0,111,"","A=0;A Down=0;A Left=0;A Right=0;A Up=0;B=0;C Down=0;C Left=0;C Right=0;C Up=0;DPad D=0;DPad L=0;DPad R=0;DPad U=0;L=0;R=0;Start=0;X Axis=0;Y Axis=0;Z=0"
2716,227,0,111,"","A=0;A Down=0;A Left=0;A Right=0;A Up=0;B=0;C Down=0;C Left=0;C Right=0;C Up=0;DPad D=0;DPad L=0;DPad R=0;DPad U=0;L=0;R=0;Start=0;X Axis=0;Y Axis=0;Z=0"
2717,228,0,111,"","A=0;A Down=0;A Left=0;A Right=0;A Up=0;B=0;C Down=0;C Left=0;C Right=0;C Up=0;DPad D=0;DPad L=0;DPad R=0;DPad U=0;L=0;R=0;Start=0;X Axis=0;Y Axis=0;Z=0"
2718,229,0,111,"","A=0;A Down=0;A Left=0;A Right=0;A Up=0;B=0;C Down=0;C Left=0;C Right=0;C Up=0;DPad D=0;DPad L=0;DPad R=0;DPad U=0;L=0;R=0;Start=0;X Axis=0;Y Axis=0;Z=0"
2719,230,0,111,"","A=0;A Down=0;A Left=0;A Right=0;A Up=0;B=0;C Down=0;C Left=0;C Right=0;C Up=0;DPad D=0;DPad L=0;DPad R=0;DPad U=0;L=0;R=0;Start=0;X Axis=0;Y Axis=0;Z=0"
2720,231,0,111,"","A=0;A Down=0;A Left=0;A Right=0;A Up=0;B=0;C Down=0;C Left=0;C Right=0;C Up=0;DPad D=0;DPad L=0;DPad R=0;DPad U=0;L=0;R=0;Start=0;X Axis=0;Y Axis=0;Z=0"
2721,232,0,111,"","A=0;A Down=0;A Left=0;A Right=0;A Up=0;B=0;C Down=0;C Left=0;C Right=0;C Up=0;DPad D=0;DPad L=0;DPad R=0;DPad U=0;L=0;R=0;Start=0;X Axis=0;Y Axis=0;Z=0"
2722,233,0,111,"","A=0;A Down=0;A Left=0;A Right=0;A Up=0;B=0;C Down=0;C Left=0;C Right=0;C Up=0;DPad D=0;DPad L=0;DPad R=0;DPad U=0;L=0;R=0;Start=0;X Axis=0;Y Axis=0;Z=0"
2723,234,0,111,"","A=0;A Down=0;A Left=0;A Right=0;A Up=0;B=0;C Down=0;C Left=0;C Right=0;C Up=0;DPad D=0;DPad L=0;DPad R=0;DPad U=0;L=0;R=0;Start=0;X Axis=0;Y Axis=0;Z=0"
2724,235,0,111,"","A=0;A Down=0;A Left=0;A Right=0;A Up=0;B=0;C Down=0;C Left=0;C Right=0;C Up=0;DPad D=0;DPad L=0;DPad R=0;DPad U=0;L=0;R=0;Start=0;X Axis=0;Y Axis=0;Z=0"
2725,236,0,111,"","A=0;A Down=0;A Left=0;A Right=0;A Up=0;B=0;C Down=0;C Left=0;C Right=0;C Up=0;DPad D=0;DPad L=0;DPad R=0;DPad U=0;L=0;R=0;Start=0;X Axis=0;Y Axis=0;Z=0"
2726,237,0,111,"","A=0;A Down=0;A Left=0;A Right=0;A Up=0;B=0;C Down=0;C Left=0;C Right=0;C Up=0;DPad D=0;DPad L=0;DPad R=0;DPad U=0;L=0;R=0;Start=0;X Axis=0;Y Axis=0;Z=0"
2727,238,0,111,"","A=0;A Down=0;A Left=0;A Right=0;A Up=0;B=0;C Down=0;C Left=0;C Right=0;C Up=0;DPad D=0;DPad L=0;DPad R=0;DPad U=0;L=0;R=0;Start=0;X Axis=0;Y Axis=0;Z=0"
2728,239,0,111,"","A=0;A Down=0;A Left=0;A Right=0;A Up=0;B=0;C Down=0;C Left=0;C Right=0;C Up=0;DPad D=0;DPad L=0;DPad R=0;DPad U=0;L=0;R=0;Start=0;X Axis=0;Y Axis=0;Z=0"
2729,240,0,111,"","A=0;A Down=0;A Left=0;A Right=0;A Up=0;B=0;C Down=0;C Left=0;C Right=0;C Up=0;DPad D=0;DPad L=0;DPad R=0;DPad U=0;L=0;R=0;Start=0;X Axis=0;Y Axis=0;Z=0"
2730,241,0,111,"","A=0;A Down=0;A Left=0;A Right=0;A Up=0;B=0;C Down=0;C Left=0;C Right=0;C Up=0;DPad D=0;DPad L=0;DPad R=0;DPad U=0;L=0;R=0;Start=0;X Axis=0;Y Axis=0;Z=0"
2731,242,0,111,"","A=0;A Down=0;A Left=0;A Right=0;A Up=0;B=0;C Down=0;C Left=0;C Right=0;C Up=0;DPad D=0;DPad L=0;DPad R=0;DPad U=0;L=0;R=0;Start=0;X Axis=0;Y Axis=0;Z=0"
2732,243,0,111,"","A=0;A Down=0;A Left=0;A Right=0;A Up=0;B=0;C Down=0;C Left=0;C Right=0;C Up=0;DPad D=0;DPad L=0;DPad R=0;DPad U=0;L=0;R=0;Start=0;X Axis=0;Y Axis=0;Z=0"
2733,244,0,111,"","A=0;A Down=0;A Left=0;A Right=0;A Up=0;B=0;C Down=0;C Left=0;C Right=0;C Up=0;DPad D=0;DPad L=0;DPad R=0;DPad U=0;L=0;R=0;Start=0;X Axis=0;Y Axis=0;Z=0"
2734,245,0,111,"","A=0;A Down=0;A Left=0;A Right=0;A Up=0;B=0;C Down=0;C Left=0;C Right=0;C Up=0;DPad D=0;DPad L=0;DPad R=0;DPad U=0;L=0;R=0;Start=0;X Axis=0;Y Axis=0;Z=0"
2735,246,0,111,"","A=0;A Down=0;A Left=0;A Right=0;A Up=0;B=0;C Down=0;C Left=0;C Right=0;C Up=0;DPad D=0;DPad L=0;DPad R=0;DPad U=0;L=0;R=0;Start=0;X Axis=0;Y Axis=0;Z=0"
2736,247,0,111,"","A=0;A Down=0;A Left=0;A Right=0;A Up=0;B=0;C Down=0;C Left=0;C Right=0;C Up=0;DPad D=0;DPad L=0;DPad R=0;DPad U=0;L=0;R=0;Start=0;X Axis=0;Y Axis=0;Z=0"
2737,248,0,111,"","A=0;A Down=0;A Left=0;A Right=0;A Up=0;B=0;C Down=0;C Left=0;C Right=0;C Up=0;DPad D=0;DPad L=0;DPad R=0;DPad U=0;L=0;R=0;Start=0;X Axis=0;Y Axis=0;Z=0"
2738,249,0,111,"","A=0;A Down=0;A Left=0;A Right=0;A Up=0;B=0;C Down=0;C Left=0;C Right=0;C Up=0;DPad D=0;DPad L=0;DPad R=0;DPad U=0;L=0;R=0;Start=0;X Axis=0;Y Axis=0;Z=0"
2739,250,0,111,"","A=0;A Down=0;A Left=0;A Right=0;A Up=0;B=0;C Down=0;C Left=0;C Right=0;C Up=0;DPad D=0;DPad L=0;DPad R=0;DPad U=0;L=0;R=0;Start=0;X Axis=0;Y Axis=0;Z=0"
2740,251,0,111,"","A=0;A Down=0;A Left=0;A Right=0;A Up=0;B=0;C Down=0;C Left=0;C Right=0;C Up=0;DPad D=0;DPad L=0;DPad R=0;DPad U=0;L=0;R=0;Start=0;X Axis=0;Y Axis=0;Z=0"
2741,252,0,111,"","A=0;A Down=0;A Left=0;A Right=0;A Up=0;B=0;C Down=0;C Left=0;C Right=0;C Up=0;DPad D=0;DPad L=0;DPad R=0;DPad U=0;L=0;R=0;Start=0;X Axis=0;Y Axis=0;Z=0"
2742,253,0,111,"","A=0;A Down=0;A Left=0;A Right=0;A Up=0;B=0;C Down=0;C Left=0;C Right=0;C Up=0;DPad D=0;DPad L=0;DPad R=0;DPad U=0;L=0;R=0;Start=0;X Axis=0;Y Axis=0;Z=0"
2743,254,0,111,"","A=0;A Down=0;A Left=0;A Right=0;A Up=0;B=0;C Down=0;C Left=0;C Right=0;C Up=0;DPad D=0;DPad L=0;DPad R=0;DPad U=0;L=0;R=0;Start=0;X Axis=0;Y Axis=0;Z=0"
2744,255,0,111,"","A=0;A Down=0;A Left=0;A Right=0;A Up=0;B=0;C Down=0;C Left=0;C Right=0;C Up=0;DPad D=0;DPad L=0;DPad R=0;DPad U=0;L=0;R=0;Start=0;X Axis=0;Y Axis=0;Z=0"
2745,256,0,111,"","A=0;A Down=0;A Left=0;A Right=0;A Up=0;B=0;C Down=0;C Left=0;C Right=0;C Up=0;DPad D=0;DPad L=0;DPad R=0;DPad U=0;L=0;R=0;Start=0;X Axis=0;Y Axis=0;Z=0"
2746,257,0,111,"","A=0;A Down=0;A Left=0;A Right=0;A Up=0;B=0;C Down=0;C Left=0;C Right=0;C Up=0;DPad D=0;DPad L=0;DPad R=0;DPad U=0;L=0;R=0;Start=0;X Axis=0;Y Axis=0;Z=0"
2747,258,0,111,"","A=0;A Down=0;A Left=0;A Right=0;A Up=0;B=0;C Down=0;C Left=0;C Right=0;C Up=0;DPad D=0;DPad L=0;DPad R=0;DPad U=0;L=0;R=0;Start=0;X Axis=0;Y Axis=0;Z=0"
2748,259,0,111,"","A=0;A Down=0;A Left=0;A Right=0;A Up=0;B=0;C Down=0;C Left=0;C Right=0;C Up=0;DPad D=0;DPad L=0;DPad R=0;DPad U=0;L=0;R=0;Start=0;X Axis=0;Y Axis=0;Z=0"
2749,260,0,111,"","A=0;A Down=0;A Left=0;A Right=0;A Up=0;B=0;C Down=0;C Left=0;C Right=0;C Up=0;DPad D=0;DPad L=0;DPad R=0;DPad U=0;L=0;R=0;Start=0;X Axis=0;Y Axis=0;Z=0"
2750,261,0,111,"","A=0;A Down=0;A Left=0;A Right=0;A Up=0;B=0;C Down=0;C Left=0;C Right=0;C Up=0;DPad D=0;DPad L=0;DPad R=0;DPad U=0;L=0;R=0;Start=0;X Axis=0;Y Axis=0;Z=0"
2751,262,0,111,"","A=0;A Down=0;A Left=0;A Right=0;A Up=0;B=0;C Down=0;C Left=0;C Right=0;C Up=0;DPad D=0;DPad L=0;DPad R=0;DPad U=0;L=0;R=0;Start=0;X Axis=0;Y Axis=0;Z=0"
2752,263,0,111,"","A=0;A Down=0;A Left=0;A Right=0;A Up=0;B=0;C Down=0;C Left=0;C Right=0;C Up=0;DPad D=0;DPad L=0;DPad R=0;DPad U=0;L=0;R=0;Start=0;X Axis=0;Y Axis=0;Z=0"
2753,264,0,111,"","A=0;A Down=0;A Left=0;A Right=0;A Up=0;B=0;C Down=0;C Left=0;C Right=0;C Up=0;DPad D=0;DPad L=0;DPad R=0;DPad U=0;L=0;R=0;Start=0;X Axis=0;Y Axis=0;Z=0"
2754,265,0,111,"","A=0;A Down=0;A Left=0;A Right=0;A Up=0;B=0;C Down=0;C Left=0;C Right=0;C Up=0;DPad D=0;DPad L=0;DPad R=0;DPad U=0;L=0;R=0;Start=0;X Axis=0;Y Axis=0;Z=0"
2755,266,0,111,"","A=0;A Down=0;A Left=0;A Right=0;A Up=0;B=0;C Down=0;C Left=0;C Right=0;C Up=0;DPad D=0;DPad L=0;DPad R=0;DPad U=0;L=0;R=0;Start=0;X Axis=0;Y Axis=0;Z=0"
2756,267,0,111,"","A=0;A Down=0;A Left=0;A Right=0;A Up=0;B=0;C Down=0;C Left=0;C Right=0;C Up=0;DPad D=0;DPad L=0;DPad R=0;DPad U=0;L=0;R=0;Start=0;X Axis=0;Y Axis=0;Z=0"
2757,268,0,111,"","A=0;A Down=0;A Left=0;A Right=0;A Up=0;B=0;C Down=0;C Left=0;C Right=0;C Up=0;DPad D=0;DPad L=0;DPad R=0;DPad U=0;L=0;R=0;Start=0;X Axis=0;Y Axis=0;Z=0"
2758,269,0,111,"","A=0;A Down=0;A Left=0;A Right=0;A Up=0;B=0;C Down=0;C Left=0;C Right=0;C Up=0;DPad D=0;DPad L=0;DPad R=0;DPad U=0;L=0;R=0;Start=0;X Axis=0;Y Axis=0;Z=0"
2759,270,0,111,"","A=0;A Down=0;A Left=0;A Right=0;A Up=0;B=0;C Down=0;C Left=0;C Right=0;C Up=0;DPad D=0;DPad L=0;DPad R=0;DPad U=0;L=0;R=0;Start=0;X Axis=0;Y Axis=0;Z=0"
2760,271,0,111,"","A=0;A Down=0;A Left=0;A Right=0;A Up=0;B=0;C Down=0;C Left=0;C Right=0;C Up=0;DPad D=0;DPad L=0;DPad R=0;DPad U=0;L=0;R=0;Start=0;X Axis=0;Y Axis=0;Z=0"
2761,272,0,111,"","A=0;A Down=0;A Left=0;A Right=0;A Up=0;B=0;C Down=0;C Left=0;C Right=0;C Up=0;DPad D=0;DPad L=0;DPad R=0;DPad U=0;L=0;R=0;Start=0;X Axis=0;Y Axis=0;Z=0"
2762,273,0,111,"","A=0;A Down=0;A Left=0;A Right=0;A Up=0;B=0;C Down=0;C Left=0;C Right=0;C Up=0;DPad D=0;DPad L=0;DPad R=0;DPad U=0;L=0;R=0;Start=0;X Axis=0;Y Axis=0;Z=0"
2763,274,0,111,"","A=0;A Down=0;A Left=0;A Right=0;A Up=0;B=0;C Down=0;C Left=0;C Right=0;C Up=0;DPad D=0;DPad L=0;DPad R=0;DPad U=0;L=0;R=0;Start=0;X Axis=0;Y Axis=0;Z=0"
2764,275,0,111,"","A=0;A Down=0;A Left=0;A Right=0;A Up=0;B=0;C Down=0;C Left=0;C Right=0;C Up=0;DPad D=0;DPad L=0;DPad R=0;DPad U=0;L=0;R=0;Start=0;X Axis=0;Y Axis=0;Z=0"
2765,276,0,111,"","A=0;A Down=0;A Left=0;A Right=0;A Up=0;B=0;C Down=0;C Left=0;C Right=0;C Up=0;DPad D=0;DPad L=0;DPad R=0;DPad U=0;L=0;R=0;Start=0;X Axis=0;Y Axis=0;Z=0"
2766,277,0,111,"","A=0;A Down=0;A Left=0;A Right=0;A Up=0;B=0;C Down=0;C Left=0;C Right=0;C Up=0;DPad D=0;DPad L=0;DPad R=0;DPad U=0;L=0;R=0;Start=0;X Axis=0;Y Axis=0;Z=0"
2767,278,0,111,"","A=0;A Down=0;A Left=0;A Right=0;A Up=0;B=0;C Down=0;C Left=0;C Right=0;C Up=0;DPad D=0;DPad L=0;DPad R=0;DPad U=0;L=0;R=0;Start=0;X Axis=0;Y Axis=0;Z=0"
2768,279,0,111,"","A=0;A Down=0;A Left=0;A Right=0;A Up=0;B=0;C Down=0;C Left=0;C Right=0;C Up=0;DPad D=0;DPad L=0;DPad R=0;DPad U=0;L=0;R=0;Start=0;X Axis=0;Y Axis=0;Z=0"
2769,280,0,111,"","A=0;A Down=0;A Left=0;A Right=0;A Up=0;B=0;C Down=0;C Left=0;C Right=0;C Up=0;DPad D=0;DPad L=0;DPad R=0;DPad U=0;L=0;R=0;Start=0;X Axis=0;Y Axis=0;Z=0"
2770,281,0,111,"","A=0;A Down=0;A Left=0;A Right=0;A Up=0;B=0;C Down=0;C Left=0;C Right=0;C Up=0;DPad D=0;DPad L=0;DPad R=0;DPad U=0;L=0;R=0;Start=0;X Axis=0;Y Axis=0;Z=0"
2771,282,0,111,"","A=0;A Down=0;A Left=0;A Right=0;A Up=0;B=0;C Down=0;C Left=0;C Right=0;C Up=0;DPad D=0;DPad L=0;DPad R=0;DPad U=0;L=0;R=0;Start=0;X Axis=0;Y Axis=0;Z=0"
2772,283,0,111,"","A=0;A Down=0;A Left=0;A Right=0;A Up=0;B=0;C Down=0;C Left=0;C Right=0;C Up=0;DPad D=0;DPad L=0;DPad R=0;DPad U=0;L=0;R=0;Start=0;X Axis=0;Y Axis=0;Z=0"
2773,284,0,111,"","A=0;A Down=0;A Left=0;A Right=0;A Up=0;B=0;C Down=0;C Left=0;C Right=0;C Up=0;DPad D=0;DPad L=0;DPad R=0;DPad U=0;L=0;R=0;Start=0;X Axis=0;Y Axis=0;Z=0"
2774,285,0,111,"","A=0;A Down=0;A Left=0;A Right=0;A Up=0;B=0;C Down=0;C Left=0;C Right=0;C Up=0;DPad D=0;DPad L=0;DPad R=0;DPad U=0;L=0;R=0;Start=0;X Axis=0;Y Axis=0;Z=0"
2775,286,0,111,"","A=0;A Down=0;A Left=0;A Right=0;A Up=0;B=0;C Down=0;C Left=0;C Right=0;C Up=0;DPad D=0;DPad L=0;DPad R=0;DPad U=0;L=0;R=0;Start=0;X Axis=0;Y Axis=0;Z=0"
2776,287,0,111,"","A=0;A Down=0;A Left=0;A Right=0;A Up=0;B=0;C Down=0;C Left=0;C Right=0;C Up=0;DPad D=0;DPad L=0;DPad R=0;DPad U=0;L=0;R=0;Start=0;X Axis=0;Y Axis=0;Z=0"
2777,288,0,111,"","A=0;A Down=0;A Left=0;A Right=0;A Up=0;B=0;C Down=0;C Left=0;C Right=0;C Up=0;DPad D=0;DPad L=0;DPad R=0;DPad U=0;L=0;R=0;Start=0;X Axis=0;Y Axis=0;Z=0"
2778,289,0,111,"","A=0;A Down=0;A Left=0;A Right=0;A Up=0;B=0;C Down=0;C Left=0;C Right=0;C Up=0;DPad D=0;DPad L=0;DPad R=0;DPad U=0;L=0;R=0;Start=0;X Axis=0;Y Axis=0;Z=0"
2779,290,0,111,"","A=0;A Down=0;A Left=0;A Right=0;A Up=0;B=0;C Down=0;C Left=0;C Right=0;C Up=0;DPad D=0;DPad L=0;DPad R=0;DPad U=0;L=0;R=0;Start=0;X Axis=0;Y Axis=0;Z=0"
2780,291,0,111,"","A=0;A Down=0;A Left=0;A Right=0;A Up=0;B=0;C Down=0;C Left=0;C Right=0;C Up=0;DPad D=0;DPad L=0;DPad R=0;DPad U=0;L=0;R=0;Start=0;X Axis=0;Y Axis=0;Z=0"
2781,292,0,111,"","A=0;A Down=0;A Left=0;A Right=0;A Up=0;B=0;C Down=0;C Left=0;C Right=0;C Up=0;DPad D=0;DPad L=0;DPad R=0;DPad U=0;L=0;R=0;Start=0;X Axis=0;Y Axis=0;Z=0"
2782,293,0,111,"","A=0;A Down=0;A Left=0;A Right=0;A Up=0;B=0;C Down=0;C Left=0;C Right=0;C Up=0;DPad D=0;DPad L=0;DPad R=0;DPad U=0;L=0;R=0;Start=0;X Axis=0;Y Axis=0;Z=0"
2783,294,0,111,"","A=0;A Down=0;A Left=0;A Right=0;A Up=0;B=0;C Down=0;C Left=0;C Right=0;C Up=0;DPad D=0;DPad L=0;DPad R=0;DPad U=0;L=0;R=0;Start=0;X Axis=0;Y Axis=0;Z=0"
2784,295,0,111,"","A=0;A Down=0;A Left=0;A Right=0;A Up=0;B=0;C Down=0;C Left=0;C Right=0;C Up=0;DPad D=0;DPad L=0;DPad R=0;DPad U=0;L=0;R=0;Start=0;X Axis=0;Y Axis=0;Z=0"
2785,296,0,111,"","A=0;A Down=0;A Left=0;A Right=0;A Up=0;B=0;C Down=0;C Left=0;C Right=0;C Up=0;DPad D=0;DPad L=0;DPad R=0;DPad U=0;L=0;R=0;Start=0;X Axis=0;Y Axis=0;Z=0"
2786,297,0,111,"","A=0;A Down=0;A Left=0;A Right=0;A Up=0;B=0;C Down=0;C Left=0;C Right=0;C Up=0;DPad D=0;DPad L=0;DPad R=0;DPad U=0;L=0;R=0;Start=0;X Axis=0;Y Axis=0;Z=0"
2787,298,0,111,"","A=0;A Down=0;A Left=0;A Right=0;A Up=0;B=0;C Down=0;C Left=0;C Right=0;C Up=0;DPad D=0;DPad L=0;DPad R=0;DPad U=0;L=0;R=0;Start=0;X Axis=0;Y Axis=0;Z=0"
2788,299,0,111,"","A=0;A Down=0;A Left=0;A Right=0;A Up=0;B=0;C Down=0;C Left=0;C Right=0;C Up=0;DPad D=0;DPad L=0;DPad R=0;DPad U=0;L=0;R=0;Start=0;X Axis=0;Y Axis=0;Z=0"
2789,300,0,111,"","A=0;A Down=0;A Left=0;A Right=0;A Up=0;B=0;C Down=0;C Left=0;C Right=0;C Up=0;DPad D=0;DPad L=0;DPad R=0;DPad U=0;L=0;R=0;Start=0;X Axis=0;Y Axis=0;Z=0"
2790,301,0,111,"","A=0;A Down=0;A Left=0;A Right=0;A Up=0;B=0;C Down=0;C Left=0;C Right=0;C Up=0;DPad D=0;DPad L=0;DPad R=0;DPad U=0;L=0;R=0;Start=0;X Axis=0;Y Axis=0;Z=0"
2791,302,0,111,"","A=0;A Down=0;A Left=0;A Right=0;A Up=0;B=0;C Down=0;C Left=0;C Right=0;C Up=0;DPad D=0;DPad L=0;DPad R=0;DPad U=0;L=0;R=0;Start=0;X Axis=0;Y Axis=0;Z=0"
2792,303,0,111,"","A=0;A Down=0;A Left=0;A Right=0;A Up=0;B=0;C Down=0;C Left=0;C Right=0;C Up=0;DPad D=0;DPad L=0;DPad R=0;DPad U=0;L=0;R=0;Start=0;X Axis=0;Y Axis=0;Z=0"
2793,304,0,111,"","A=0;A Down=0;A Left=0;A Right=0;A Up=0;B=0;C Down=0;C Left=0;C Right=0;C Up=0;DPad D=0;DPad L=0;DPad R=0;DPad U=0;L=0;R=0;Start=0;X Axis=0;Y Axis=0;Z=0"
2794,305,0,111,"","A=0;A Down=0;A Left=0;A Right=0;A Up=0;B=0;C Down=0;C Left=0;C Right=0;C Up=0;DPad D=0;DPad L=0;DPad R=0;DPad U=0;L=0;R=0;Start=0;X Axis=0;Y Axis=0;Z=0"
2795,306,0,111,"","A=0;A Down=0;A Left=0;A Right=0;A Up=0;B=0;C Down=0;C Left=0;C Right=0;C Up=0;DPad D=0;DPad L=0;DPad R=0;DPad U=0;L=0;R=0;Start=0;X Axis=0;Y Axis=0;Z=0"
2796,307,0,111,"","A=0;A Down=0;A Left=0;A Right=0;A Up=0;B=0;C Down=0;C Left=0;C Right=0;C Up=0;DPad D=0;DPad L=0;DPad R=0;DPad U=0;L=0;R=0;Start=0;X Axis=0;Y Axis=0;Z=0"
2797,308,0,111,"","A=0;A Down=0;A Left=0;A Right=0;A Up=0;B=0;C Down=0;C Left=0;C Right=0;C Up=0;DPad D=0;DPad L=0;DPad R=0;DPad U=0;L=0;R=0;Start=0;X Axis=0;Y Axis=0;Z=0"
2798,309,0,111,"","A=0;A Down=0;A Left=0;A Right=0;A Up=0;B=0;C Down=0;C Left=0;C Right=0;C Up=0;DPad D=0;DPad L=0;DPad R=0;DPad U=0;L=0;R=0;Start=0;X Axis=0;Y Axis=0;Z=0"
2799,310,0,111,"","A=0;A Down=0;A Left=0;A Right=0;A Up=0;B=0;C Down=0;C Left=0;C Right=0;C Up=0;DPad D=0;DPad L=0;DPad R=0;DPad U=0;L=0;R=0;Start=0;X Axis=0;Y Axis=0;Z=0"
2800,311,0,111,"","A=0;A Down=0;A Left=0;A Right=0;A Up=0;B=0;C Down=0;C Left=0;C Right=0;C Up=0;DPad D=0;DPad L=0;DPad R=0;DPad U=0;L=0;R=0;Start=0;X Axis=0;Y Axis=0;Z=0"
2801,312,0,111,"","A=0;A Down=0;A Left=0;A Right=0;A Up=0;B=0;C Down=0;C Left=0;C Right=0;C Up=0;DPad D=0;DPad L=0;DPad R=0;DPad U=0;L=0;R=0;Start=0;X Axis=0;Y Axis=0;Z=0"
2802,313,0,111,"","A=0;A Down=0;A Left=0;A Right=0;A Up=0;B=0;C Down=0;C Left=0;C Right=0;C Up=0;DPad D=0;DPad L=0;DPad R=0;DPad U=0;L=0;R=0;Start=0;X Axis=0;Y Axis=0;Z=0"
2803,314,0,111,"","A=0;A Down=0;A Left=0;A Right=0;A Up=0;B=0;C Down=0;C Left=0;C Right=0;C Up=0;DPad D=0;DPad L=0;DPad R=0;DPad U=0;L=0;R=0;Start=0;X Axis=0;Y Axis=0;Z=0"
2804,315,0,111,"","A=0;A Down=0;A Left=0;A Right=0;A Up=0;B=0;C Down=0;C Left=0;C Right=0;C Up=0;DPad D=0;DPad L=0;DPad R=0;DPad U=0;L=0;R=0;Start=0;X Axis=0;Y Axis=0;Z=0"
2805,316,0,111,"","A=0;A Down=0;A Left=0;A Right=0;A Up=0;B=0;C Down=0;C Left=0;C Right=0;C Up=0;DPad D=0;DPad L=0;DPad R=0;DPad U=0;L=0;R=0;Start=0;X Axis=0;Y Axis=0;Z=0"
2806,317,0,111,"","A=0;A Down=0;A Left=0;A Right=0;A Up=0;B=0;C Down=0;C Left=0;C Right=0;C Up=0;DPad D=0;DPad L=0;DPad R=0;DPad U=0;L=0;R=0;Start=0;X Axis=0;Y Axis=0;Z=0"
2807,318,0,111,"","A=0;A Down=0;A Left=0;A Right=0;A Up=0;B=0;C Down=0;C Left=0;C Right=0;C Up=0;DPad D=0;DPad L=0;DPad R=0;DPad U=0;L=0;R=0;Start=0;X Axis=0;Y Axis=0;Z=0"
2808,319,0,111,"","A=0;A Down=0;A Left=0;A Right=0;A Up=0;B=0;C Down=0;C Left=0;C Right=0;C Up=0;DPad D=0;DPad L=0;DPad R=0;DPad U=0;L=0;R=0;Start=0;X Axis=0;Y Axis=0;Z=0"
2809,320,0,111,"","A=0;A Down=0;A Left=0;A Right=0;A Up=0;B=0;C Down=0;C Left=0;C Right=0;C Up=0;DPad D=0;DPad L=0;DPad R=0;DPad U=0;L=0;R=0;Start=0;X Axis=0;Y Axis=0;Z=0"
2810,321,0,111,"","A=0;A Down=0;A Left=0;A Right=0;A Up=0;B=0;C Down=0;C Left=0;C Right=0;C Up=0;DPad D=0;DPad L=0;DPad R=0;DPad U=0;L=0;R=0;Start=0;X Axis=0;Y Axis=0;Z=0"
2811,322,0,111,"","A=0;A Down=0;A Left=0;A Right=0;A Up=0;B=0;C Down=0;C Left=0;C Right=0;C Up=0;DPad D=0;DPad L=0;DPad R=0;DPad U=0;L=0;R=0;Start=0;X Axis=0;Y Axis=0;Z=0"
2812,323,0,111,"","A=0;A Down=0;A Left=0;A Right=0;A Up=0;B=0;C Down=0;C Left=0;C Right=0;C Up=0;DPad D=0;DPad L=0;DPad R=0;DPad U=0;L=0;R=0;Start=0;X Axis=0;Y Axis=0;Z=0"
2813,324,0,111,"","A=0;A Down=0;A Left=0;A Right=0;A Up=0;B=0;C Down=0;C Left=0;C Right=0;C Up=0;DPad D=0;DPad L=0;DPad R=0;DPad U=0;L=0;R=0;Start=0;X Axis=0;Y Axis=0;Z=0"
2814,325,0,111,"","A=0;A Down=0;A Left=0;A Right=0;A Up=0;B=0;C Down=0;C Left=0;C Right=0;C Up=0;DPad D=0;DPad L=0;DPad R=0;DPad U=0;L=0;R=0;Start=0;X Axis=0;Y Axis=0;Z=0"
2815,326,0,111,"","A=0;A Down=0;A Left=0;A Right=0;A Up=0;B=0;C Down=0;C Left=0;C Right=0;C Up=0;DPad D=0;DPad L=0;DPad R=0;DPad U=0;L=0;R=0;Start=0;X Axis=0;Y Axis=0;Z=0"
2816,327,0,111,"","A=0;A Down=0;A Left=0;A Right=0;A Up=0;B=0;C Down=0;C Left=0;C Right=0;C Up=0;DPad D=0;DPad L=0;DPad R=0;DPad U=0;L=0;R=0;Start=0;X Axis=0;Y Axis=0;Z=0"
2817,328,0,111,"","A=0;A Down=0;A Left=0;A Right=0;A Up=0;B=0;C Down=0;C Left=0;C Right=0;C Up=0;DPad D=0;DPad L=0;DPad R=0;DPad U=0;L=0;R=0;Start=0;X Axis=0;Y Axis=0;Z=0"
2818,329,0,111,"","A=0;A Down=0;A Left=0;A Right=0;A Up=0;B=0;C Down=0;C Left=0;C Right=0;C Up=0;DPad D=0;DPad L=0;DPad R=0;DPad U=0;L=0;R=0;Start=0;X Axis=0;Y Axis=0;Z=0"
2819,330,0,111,"","A=0;A Down=0;A Left=0;A Right=0;A Up=0;B=0;C Down=0;C Left=0;C Right=0;C Up=0;DPad D=0;DPad L=0;DPad R=0;DPad U=0;L=0;R=0;Start=0;X Axis=0;Y Axis=0;Z=0"
2820,331,0,111,"","A=0;A Down=0;A Left=0;A Right=0;A Up=0;B=0;C Down=0;C Left=0;C Right=0;C Up=0;DPad D=0;DPad L=0;DPad R=0;DPad U=0;L=0;R=0;Start=0;X Axis=0;Y Axis=0;Z=0"
2821,332,0,111,"","A=0;A Down=0;A Left=0;A Right=0;A Up=0;B=0;C Down=0;C Left=0;C Right=0;C Up=0;DPad D=0;DPad L=0;DPad R=0;DPad U=0;L=0;R=0;Start=0;X Axis=0;Y Axis=0;Z=0"
2822,333,0,111,"","A=0;A Down=0;A Left=0;A Right=0;A Up=0;B=0;C Down=0;C Left=0;C Right=0;C Up=0;DPad D=0;DPad L=0;DPad R=0;DPad U=0;L=0;R=0;Start=0;X Axis=0;Y Axis=0;Z=0"
2823,334,0,111,"","A=0;A Down=0;A Left=0;A Right=0;A Up=0;B=0;C Down=0;C Left=0;C Right=0;C Up=0;DPad D=0;DPad L=0;DPad R=0;DPad U=0;L=0;R=0;Start=0;X Axis=0;Y Axis=0;Z=0"
2824,335,0,111,"","A=0;A Down=0;A Left=0;A Right=0;A Up=0;B=0;C Down=0;C Left=0;C Right=0;C Up=0;DPad D=0;DPad L=0;DPad R=0;DPad U=0;L=0;R=0;Start=0;X Axis=0;Y Axis=0;Z=0"
2825,336,0,111,"","A=0;A Down=0;A Left=0;A Right=0;A Up=0;B=0;C Down=0;C Left=0;C Right=0;C Up=0;DPad D=0;DPad L=0;DPad R=0;DPad U=0;L=0;R=0;Start=0;X Axis=0;Y Axis=0;Z=0"
2826,337,0,111,"","A=0;A Down=0;A Left=0;A Right=0;A Up=0;B=0;C Down=0;C Left=0;C Right=0;C Up=0;DPad D=0;DPad L=0;DPad R=0;DPad U=0;L=0;R=0;Start=0;X Axis=0;Y Axis=0;Z=0"
2827,338,0,111,"","A=0;A Down=0;A Left=0;A Right=0;A Up=0;B=0;C Down=0;C Left=0;C Right=0;C Up=0;DPad D=0;DPad L=0;DPad R=0;DPad U=0;L=0;R=0;Start=0;X Axis=0;Y Axis=0;Z=0"
2828,339,0,111,"START","A=0;A Down=0;A Left=0;A Right=0;A Up=0;B=0;C Down=0;C Left=0;C Right=0;C Up=0;DPad D=0;DPad L=0;DPad R=0;DPad U=0;L=0;R=0;Start=0;X Axis=0;Y Axis=0;Z=0"
2829,340,0,111,"","A=0;A Down=0;A Left=0;A Right=0;A Up=0;B=0;C Down=0;C Left=0;C Right=0;C Up=0;DPad D=0;DPad L=0;DPad R=0;DPad U=0;L=0;R=0;Start=0;X Axis=0;Y Axis=0;Z=0"
2830,341,0,111,"","A=0;A Down=0;A Left=0;A Right=0;A Up=0;B=0;C Down=0;C Left=0;C Right=0;C Up=0;DPad D=0;DPad L=0;DPad R=0;DPad U=0;L=0;R=0;Start=0;X Axis=0;Y Axis=0;Z=0"
2831,342,0,111,"","A=0;A Down=0;A Left=0;A Right=0;A Up=0;B=0;C Down=0;C Left=0;C Right=0;C Up=0;DPad D=0;DPad L=0;DPad R=0;DPad U=0;L=0;R=0;Start=0;X Axis=0;Y Axis=0;Z=0"
2832,343,0,111,"","A=0;A Down=0;A Left=0;A Right=0;A Up=0;B=0;C Down=0;C Left=0;C Right=0;C Up=0;DPad D=0;DPad L=0;DPad R=0;DPad U=0;L=0;R=0;Start=0;X Axis=0;Y Axis=0;Z=0"
2833,344,0,111,"","A=0;A Down=0;A Left=0;A Right=0;A Up=0;B=0;C Down=0;C Left=0;C Right=0;C Up=0;DPad D=0;DPad L=0;DPad R=0;DPad U=0;L=0;R=0;Start=0;X Axis=0;Y Axis=0;Z=0"
2834,345,0,111,"","A=0;A Down=0;A Left=0;A Right=0;A Up=0;B=0;C Down=0;C Left=0;C Right=0;C Up=0;DPad D=0;DPad L=0;DPad R=0;DPad U=0;L=0;R=0;Start=0;X Axis=0;Y Axis=0;Z=0"
2835,346,0,111,"","A=0;A Down=0;A Left=0;A Right=0;A Up=0;B=0;C Down=0;C Left=0;C Right=0;C Up=0;DPad D=0;DPad L=0;DPad R=0;DPad U=0;L=0;R=0;Start=0;X Axis=0;Y Axis=0;Z=0"
2836,347,0,111,"","A=0;A Down=0;A Left=0;A Right=0;A Up=0;B=0;C Down=0;C Left=0;C Right=0;C Up=0;DPad D=0;DPad L=0;DPad R=0;DPad U=0;L=0;R=0;Start=0;X Axis=0;Y Axis=0;Z=0"
2837,348,0,111,"","A=0;A Down=0;A Left=0;A Right=0;A Up=0;B=0;C Down=0;C Left=0;C Right=0;C Up=0;DPad D=0;DPad L=0;DPad R=0;DPad U=0;L=0;R=0;Start=0;X Axis=0;Y Axis=0;Z=0"
2838,349,0,111,"","A=0;A Down=0;A Left=0;A Right=0;A Up=0;B=0;C Down=0;C Left=0;C Right=0;C Up=0;DPad D=0;DPad L=0;DPad R=0;DPad U=0;L=0;R=0;Start=0;X Axis=0;Y Axis=0;Z=0"
2839,350,0,111,"","A=0;A Down=0;A Left=0;A Right=0;A Up=0;B=0;C Down=0;C Left=0;C Right=0;C Up=0;DPad D=0;DPad L=0;DPad R=0;DPad U=0;L=0;R=0;Start=0;X Axis=0;Y Axis=0;Z=0"
2840,351,0,111,"","A=0;A Down=0;A Left=0;A Right=0;A Up=0;B=0;C Down=0;C Left=0;C Right=0;C Up=0;DPad D=0;DPad L=0;DPad R=0;DPad U=0;L=0;R=0;Start=0;X Axis=0;Y Axis=0;Z=0"
2841,352,0,111,"","A=0;A Down=0;A Left=0;A Right=0;A Up=0;B=0;C Down=0;C Left=0;C Right=0;C Up=0;DPad D=0;DPad L=0;DPad R=0;DPad U=0;L=0;R=0;Start=0;X Axis=0;Y Axis=0;Z=0"
2842,353,0,111,"","A=0;A Down=0;A Left=0;A Right=0;A Up=0;B=0;C Down=0;C Left=0;C Right=0;C Up=0;DPad D=0;DPad L=0;DPad R=0;DPad U=0;L=0;R=0;Start=0;X Axis=0;Y Axis=0;Z=0"
2843,354,0,111,"","A=0;A Down=0;A Left=0;A Right=0;A Up=0;B=0;C Down=0;C Left=0;C Right=0;C Up=0;DPad D=0;DPad L=0;DPad R=0;DPad U=0;L=0;R=0;Start=0;X Axis=0;Y Axis=0;Z=0"
2844,355,0,111,"","A=0;A Down=0;A Left=0;A Right=0;A Up=0;B=0;C Down=0;C Left=0;C Right=0;C Up=0;DPad D=0;DPad L=0;DPad R=0;DPad U=0;L=0;R=0;Start=0;X Axis=0;Y Axis=0;Z=0"
2845,356,0,111,"","A=0;A Down=0;A Left=0;A Right=0;A Up=0;B=0;C Down=0;C Left=0;C Right=0;C Up=0;DPad D=0;DPad L=0;DPad R=0;DPad U=0;L=0;R=0;Start=0;X Axis=0;Y Axis=0;Z=0"
2846,357,0,111,"","A=0;A Down=0;A Left=0;A Right=0;A Up=0;B=0;C Down=0;C Left=0;C Right=0;C Up=0;DPad D=0;DPad L=0;DPad R=0;DPad U=0;L=0;R=0;Start=0;X Axis=0;Y Axis=0;Z=0"
2847,358,0,111,"","A=0;A Down=0;A Left=0;A Right=0;A Up=0;B=0;C Down=0;C Left=0;C Right=0;C Up=0;DPad D=0;DPad L=0;DPad R=0;DPad U=0;L=0;R=0;Start=0;X Axis=0;Y Axis=0;Z=0"
2848,359,0,111,"","A=0;A Down=0;A Left=0;A Right=0;A Up=0;B=0;C Down=0;C Left=0;C Right=0;C Up=0;DPad D=0;DPad L=0;DPad R=0;DPad U=0;L=0;R=0;Start=0;X Axis=0;Y Axis=0;Z=0"
2849,360,0,111,"","A=0;A Down=0;A Left=0;A Right=0;A Up=0;B=0;C Down=0;C Left=0;C Right=0;C Up=0;DPad D=0;DPad L=0;DPad R=0;DPad U=0;L=0;R=0;Start=0;X Axis=0;Y Axis=0;Z=0"
2850,361,0,111,"","A=0;A Down=0;A Left=0;A Right=0;A Up=0;B=0;C Down=0;C Left=0;C Right=0;C Up=0;DPad D=0;DPad L=0;DPad R=0;DPad U=0;L=0;R=0;Start=0;X Axis=0;Y Axis=0;Z=0"
2851,362,0,111,"","A=0;A Down=0;A Left=0;A Right=0;A Up=0;B=0;C Down=0;C Left=0;C Right=0;C Up=0;DPad D=0;DPad L=0;DPad R=0;DPad U=0;L=0;R=0;Start=0;X Axis=0;Y Axis=0;Z=0"
2852,363,0,111,"","A=0;A Down=0;A Left=0;A Right=0;A Up=0;B=0;C Down=0;C Left=0;C Right=0;C Up=0;DPad D=0;DPad L=0;DPad R=0;DPad U=0;L=0;R=0;Start=0;X Axis=0;Y Axis=0;Z=0"
2853,364,0,111,"","A=0;A Down=0;A Left=0;A Right=0;A Up=0;B=0;C Down=0;C Left=0;C Right=0;C Up=0;DPad D=0;DPad L=0;DPad R=0;DPad U=0;L=0;R=0;Start=0;X Axis=0;Y Axis=0;Z=0"
2854,365,0,111,"","A=0;A Down=0;A Left=0;A Right=0;A Up=0;B=0;C Down=0;C Left=0;C Right=0;C Up=0;DPad D=0;DPad L=0;DPad R=0;DPad U=0;L=0;R=0;Start=0;X Axis=0;Y Axis=0;Z=0"
2855,366,0,111,"","A=0;A Down=0;A Left=0;A Right=0;A Up=0;B=0;C Down=0;C Left=0;C Right=0;C Up=0;DPad D=0;DPad L=0;DPad R=0;DPad U=0;L=0;R=0;Start=0;X Axis=0;Y Axis=0;Z=0"
2856,367,0,111,"","A=0;A Down=0;A Left=0;A Right=0;A Up=0;B=0;C Down=0;C Left=0;C Right=0;C Up=0;DPad D=0;DPad L=0;DPad R=0;DPad U=0;L=0;R=0;Start=0;X Axis=0;Y Axis=0;Z=0"
2857,368,0,111,"","A=0;A Down=0;A Left=0;A Right=0;A Up=0;B=0;C Down=0;C Left=0;C Right=0;C Up=0;DPad D=0;DPad L=0;DPad R=0;DPad U=0;L=0;R=0;Start=0;X Axis=0;Y Axis=0;Z=0"
2858,369,0,111,"","A=0;A Down=0;A Left=0;A Right=0;A Up=0;B=0;C Down=0;C Left=0;C Right=0;C Up=0;DPad D=0;DPad L=0;DPad R=0;DPad U=0;L=0;R=0;Start=0;X Axis=0;Y Axis=0;Z=0"
2859,370,0,111,"","A=0;A Down=0;A Left=0;A Right=0;A Up=0;B=0;C Down=0;C Left=0;C Right=0;C Up=0;DPad D=0;DPad L=0;DPad R=0;DPad U=0;L=0;R=0;Start=0;X Axis=0;Y Axis=0;Z=0"
2860,371,0,111,"","A=0;A Down=0;A Left=0;A Right=0;A Up=0;B=0;C Down=0;C Left=0;C Right=0;C Up=0;DPad D=0;DPad L=0;DPad R=0;DPad U=0;L=0;R=0;Start=0;X Axis=0;Y Axis=0;Z=0"
2861,372,0,111,"","A=0;A Down=0;A Left=0;A Right=0;A Up=0;B=0;C Down=0;C Left=0;C Right=0;C Up=0;DPad D=0;DPad L=0;DPad R=0;DPad U=0;L=0;R=0;Start=0;X Axis=0;Y Axis=0;Z=0"
2862,373,0,111,"","A=0;A Down=0;A Left=0;A Right=0;A Up=0;B=0;C Down=0;C Left=0;C Right=0;C Up=0;DPad D=0;DPad L=0;DPad R=0;DPad U=0;L=0;R=0;Start=0;X Axis=0;Y Axis=0;Z=0"
2863,374,0,111,"","A=0;A Down=0;A Left=0;A Right=0;A Up=0;B=0;C Down=0;C Left=0;C Right=0;C Up=0;DPad D=0;DPad L=0;DPad R=0;DPad U=0;L=0;R=0;Start=0;X Axis=0;Y Axis=0;Z=0"
2864,375,0,111,"","A=0;A Down=0;A Left=0;A Right=0;A Up=0;B=0;C Down=0;C Left=0;C Right=0;C Up=0;DPad D=0;DPad L=0;DPad R=0;DPad U=0;L=0;R=0;Start=0;X Axis=0;Y Axis=0;Z=0"
2865,376,0,111,"","A=0;A Down=0;A Left=0;A Right=0;A Up=0;B=0;C Down=0;C Left=0;C Right=0;C Up=0;DPad D=0;DPad L=0;DPad R=0;DPad U=0;L=0;R=0;Start=0;X Axis=0;Y Axis=0;Z=0"
2866,377,0,111,"","A=0;A Down=0;A Left=0;A Right=0;A Up=0;B=0;C Down=0;C Left=0;C Right=0;C Up=0;DPad D=0;DPad L=0;DPad R=0;DPad U=0;L=0;R=0;Start=0;X Axis=0;Y Axis=0;Z=0"
2867,378,0,111,"","A=0;A Down=0;A Left=0;A Right=0;A Up=0;B=0;C Down=0;C Left=0;C Right=0;C Up=0;DPad D=0;DPad L=0;DPad R=0;DPad U=0;L=0;R=0;Start=0;X Axis=0;Y Axis=0;Z=0"
2868,379,0,111,"","A=0;A Down=0;A Left=0;A Right=0;A Up=0;B=0;C Down=0;C Left=0;C Right=0;C Up=0;DPad D=0;DPad L=0;DPad R=0;DPad U=0;L=0;R=0;Start=0;X Axis=0;Y Axis=0;Z=0"
2869,380,0,111,"","A=0;A Down=0;A Left=0;A Right=0;A Up=0;B=0;C Down=0;C Left=0;C Right=0;C Up=0;DPad D=0;DPad L=0;DPad R=0;DPad U=0;L=0;R=0;Start=0;X Axis=0;Y Axis=0;Z=0"
2870,381,0,111,"","A=0;A Down=0;A Left=0;A Right=0;A Up=0;B=0;C Down=0;C Left=0;C Right=0;C Up=0;DPad D=0;DPad L=0;DPad R=0;DPad U=0;L=0;R=0;Start=0;X Axis=0;Y Axis=0;Z=0"
2871,382,0,111,"","A=0;A Down=0;A Left=0;A Right=0;A Up=0;B=0;C Down=0;C Left=0;C Right=0;C Up=0;DPad D=0;DPad L=0;DPad R=0;DPad U=0;L=0;R=0;Start=0;X Axis=0;Y Axis=0;Z=0"
2872,383,0,111,"","A=0;A Down=0;A Left=0;A Right=0;A Up=0;B=0;C Down=0;C Left=0;C Right=0;C Up=0;DPad D=0;DPad L=0;DPad R=0;DPad U=0;L=0;R=0;Start=0;X Axis=0;Y Axis=0;Z=0"
2873,384,0,111,"","A=0;A Down=0;A Left=0;A Right=0;A Up=0;B=0;C Down=0;C Left=0;C Right=0;C Up=0;DPad D=0;DPad L=0;DPad R=0;DPad U=0;L=0;R=0;Start=0;X Axis=0;Y Axis=0;Z=0"
2874,385,0,111,"","A=0;A Down=0;A Left=0;A Right=0;A Up=0;B=0;C Down=0;C Left=0;C Right=0;C Up=0;DPad D=0;DPad L=0;DPad R=0;DPad U=0;L=0;R=0;Start=0;X Axis=0;Y Axis=0;Z=0"
2875,386,0,111,"","A=0;A Down=0;A Left=0;A Right=0;A Up=0;B=0;C Down=0;C Left=0;C Right=0;C Up=0;DPad D=0;DPad L=0;DPad R=0;DPad U=0;L=0;R=0;Start=0;X Axis=0;Y Axis=0;Z=0"
2876,387,0,111,"","A=0;A Down=0;A Left=0;A Right=0;A Up=0;B=0;C Down=0;C Left=0;C Right=0;C Up=0;DPad D=0;DPad L=0;DPad R=0;DPad U=0;L=0;R=0;Start=0;X Axis=0;Y Axis=0;Z=0"
2877,388,0,111,"","A=0;A Down=0;A Left=0;A Right=0;A Up=0;B=0;C Down=0;C Left=0;C Right=0;C Up=0;DPad D=0;DPad L=0;DPad R=0;DPad U=0;L=0;R=0;Start=0;X Axis=0;Y Axis=0;Z=0"
2878,389,0,111,"","A=0;A Down=0;A Left=0;A Right=0;A Up=0;B=0;C Down=0;C Left=0;C Right=0;C Up=0;DPad D=0;DPad L=0;DPad R=0;DPad U=0;L=0;R=0;Start=0;X Axis=0;Y Axis=0;Z=0"
2879,390,0,111,"","A=0;A Down=0;A Left=0;A Right=0;A Up=0;B=0;C Down=0;C Left=0;C Right=0;C Up=0;DPad D=0;DPad L=0;DPad R=0;DPad U=0;L=0;R=0;Start=0;X Axis=0;Y Axis=0;Z=0"
2880,391,0,111,"","A=0;A Down=0;A Left=0;A Right=0;A Up=0;B=0;C Down=0;C Left=0;C Right=0;C Up=0;DPad D=0;DPad L=0;DPad R=0;DPad U=0;L=0;R=0;Start=0;X Axis=0;Y Axis=0;Z=0"
2881,392,0,111,"","A=0;A Down=0;A Left=0;A Right=0;A Up=0;B=0;C Down=0;C Left=0;C Right=0;C Up=0;DPad D=0;DPad L=0;DPad R=0;DPad U=0;L=0;R=0;Start=0;X Axis=0;Y Axis=0;Z=0"
2882,393,0,111,"","A=0;A Down=0;A Left=0;A Right=0;A Up=0;B=0;C Down=0;C Left=0;C Right=0;C Up=0;DPad D=0;DPad L=0;DPad R=0;DPad U=0;L=0;R=0;Start=0;X Axis=0;Y Axis=0;Z=0"
2883,394,0,111,"","A=0;A Down=0;A Left=0;A Right=0;A Up=0;B=0;C Down=0;C Left=0;C Right=0;C Up=0;DPad D=0;DPad L=0;DPad R=0;DPad U=0;L=0;R=0;Start=0;X Axis=0;Y Axis=0;Z=0"
2884,395,0,111,"","A=0;A Down=0;A Left=0;A Right=0;A Up=0;B=0;C Down=0;C Left=0;C Right=0;C Up=0;DPad D=0;DPad L=0;DPad R=0;DPad U=0;L=0;R=0;Start=0;X Axis=0;Y Axis=0;Z=0"
2885,396,0,111,"","A=0;A Down=0;A Left=0;A Right=0;A Up=0;B=0;C Down=0;C Left=0;C Right=0;C Up=0;DPad D=0;DPad L=0;DPad R=0;DPad U=0;L=0;R=0;Start=0;X Axis=0;Y Axis=0;Z=0"
2886,397,0,111,"","A=0;A Down=0;A Left=0;A Right=0;A Up=0;B=0;C Down=0;C Left=0;C Right=0;C Up=0;DPad D=0;DPad L=0;DPad R=0;DPad U=0;L=0;R=0;Start=0;X Axis=0;Y Axis=0;Z=0"
2887,398,0,111,"","A=0;A Down=0;A Left=0;A Right=0;A Up=0;B=0;C Down=0;C Left=0;C Right=0;C Up=0;DPad D=0;DPad L=0;DPad R=0;DPad U=0;L=0;R=0;Start=0;X Axis=0;Y Axis=0;Z=0"
2888,399,0,111,"","A=0;A Down=0;A Left=0;A Right=0;A Up=0;B=0;C Down=0;C Left=0;C Right=0;C Up=0;DPad D=0;DPad L=0;DPad R=0;DPad U=0;L=0;R=0;Start=0;X Axis=0;Y Axis=0;Z=0"
2889,400,0,111,"","A=0;A Down=0;A Left=0;A Right=0;A Up=0;B=0;C Down=0;C Left=0;C Right=0;C Up=0;DPad D=0;DPad L=0;DPad R=0;DPad U=0;L=0;R=0;Start=0;X Axis=0;Y Axis=0;Z=0"
2890,401,0,111,"","A=0;A Down=0;A Left=0;A Right=0;A Up=0;B=0;C Down=0;C Left=0;C Right=0;C Up=0;DPad D=0;DPad L=0;DPad R=0;DPad U=0;L=0;R=0;Start=0;X Axis=0;Y Axis=0;Z=0"
2891,402,0,111,"","A=0;A Down=0;A Left=0;A Right=0;A Up=0;B=0;C Down=0;C Left=0;C Right=0;C Up=0;DPad D=0;DPad L=0;DPad R=0;DPad U=0;L=0;R=0;Start=0;X Axis=0;Y Axis=0;Z=0"
2892,403,0,111,"","A=0;A Down=0;A Left=0;A Right=0;A Up=0;B=0;C Down=0;C Left=0;C Right=0;C Up=0;DPad D=0;DPad L=0;DPad R=0;DPad U=0;L=0;R=0;Start=0;X Axis=0;Y Axis=0;Z=0"
2893,404,0,111,"","A=0;A Down=0;A Left=0;A Right=0;A Up=0;B=0;C Down=0;C Left=0;C Right=0;C Up=0;DPad D=0;DPad L=0;DPad R=0;DPad U=0;L=0;R=0;Start=0;X Axis=0;Y Axis=0;Z=0"
2894,405,0,111,"","A=0;A Down=0;A Left=0;A Right=0;A Up=0;B=0;C Down=0;C Left=0;C Right=0;C Up=0;DPad D=0;DPad L=0;DPad R=0;DPad U=0;L=0;R=0;Start=0;X Axis=0;Y Axis=0;Z=0"
2895,406,0,111,"","A=0;A Down=0;A Left=0;A Right=0;A Up=0;B=0;C Down=0;C Left=0;C Right=0;C Up=0;DPad D=0;DPad L=0;DPad R=0;DPad U=0;L=0;R=0;Start=0;X Axis=0;Y Axis=0;Z=0"
2896,407,0,111,"","A=0;A Down=0;A Left=0;A Right=0;A Up=0;B=0;C Down=0;C Left=0;C Right=0;C Up=0;DPad D=0;DPad L=0;DPad R=0;DPad U=0;L=0;R=0;Start=0;X Axis=0;Y Axis=0;Z=0"
2897,408,0,111,"","A=0;A Down=0;A Left=0;A Right=0;A Up=0;B=0;C Down=0;C Left=0;C Right=0;C Up=0;DPad D=0;DPad L=0;DPad R=0;DPad U=0;L=0;R=0;Start=0;X Axis=0;Y Axis=0;Z=0"
2898,409,0,111,"","A=0;A Down=0;A Left=0;A Right=0;A Up=0;B=0;C Down=0;C Left=0;C Right=0;C Up=0;DPad D=0;DPad L=0;DPad R=0;DPad U=0;L=0;R=0;Start=0;X Axis=0;Y Axis=0;Z=0"
2899,410,0,111,"","A=0;A Down=0;A Left=0;A Right=0;A Up=0;B=0;C Down=0;C Left=0;C Right=0;C Up=0;DPad D=0;DPad L=0;DPad R=0;DPad U=0;L=0;R=0;Start=0;X Axis=0;Y Axis=0;Z=0"
2900,411,0,111,"","A=0;A Down=0;A Left=0;A Right=0;A Up=0;B=0;C Down=0;C Left=0;C Right=0;C Up=0;DPad D=0;DPad L=0;DPad R=0;DPad U=0;L=0;R=0;Start=0;X Axis=0;Y Axis=0;Z=0"
2901,412,0,111,"","A=0;A Down=0;A Left=0;A Right=0;A Up=0;B=0;C Down=0;C Left=0;C Right=0;C Up=0;DPad D=0;DPad L=0;DPad R=0;DPad U=0;L=0;R=0;Start=0;X Axis=0;Y Axis=0;Z=0"
2902,413,0,111,"","A=0;A Down=0;A Left=0;A Right=0;A Up=0;B=0;C Down=0;C Left=0;C Right=0;C Up=0;DPad D=0;DPad L=0;DPad R=0;DPad U=0;L=0;R=0;Start=0;X Axis=0;Y Axis=0;Z=0"
2903,414,0,111,"","A=0;A Down=0;A Left=0;A Right=0;A Up=0;B=0;C Down=0;C Left=0;C Right=0;C Up=0;DPad D=0;DPad L=0;DPad R=0;DPad U=0;L=0;R=0;Start=0;X Axis=0;Y Axis=0;Z=0"
2904,415,0,111,"","A=0;A Down=0;A Left=0;A Right=0;A Up=0;B=0;C Down=0;C Left=0;C Right=0;C Up=0;DPad D=0;DPad L=0;DPad R=0;DPad U=0;L=0;R=0;Start=0;X Axis=0;Y Axis=0;Z=0"
2905,416,0,111,"","A=0;A Down=0;A Left=0;A Right=0;A Up=0;B=0;C Down=0;C Left=0;C Right=0;C Up=0;DPad D=0;DPad L=0;DPad R=0;DPad U=0;L=0;R=0;Start=0;X Axis=0;Y Axis=0;Z=0"
2906,417,0,111,"","A=0;A Down=0;A Left=0;A Right=0;A Up=0;B=0;C Down=0;C Left=0;C Right=0;C Up=0;DPad D=0;DPad L=0;DPad R=0;DPad U=0;L=0;R=0;Start=0;X Axis=0;Y Axis=0;Z=0"
2907,418,0,111,"","A=0;A Down=0;A Left=0;A Right=0;A Up=0;B=0;C Down=0;C Left=0;C Right=0;C Up=0;DPad D=0;DPad L=0;DPad R=0;DPad U=0;L=0;R=0;Start=0;X Axis=0;Y Axis=0;Z=0"
2908,419,0,111,"","A=0;A Down=0;A Left=0;A Right=0;A Up=0;B=0;C Down=0;C Left=0;C Right=0;C Up=0;DPad D=0;DPad L=0;DPad R=0;DPad U=0;L=0;R=0;Start=0;X Axis=0;Y Axis=0;Z=0"
2909,420,0,111,"","A=0;A Down=0;A Left=0;A Right=0;A Up=0;B=0;C Down=0;C Left=0;C Right=0;C Up=0;DPad D=0;DPad L=0;DPad R=0;DPad U=0;L=0;R=0;Start=0;X Axis=0;Y Axis=0;Z=0"
2910,421,0,111,"","A=0;A Down=0;A Left=0;A Right=0;A Up=0;B=0;C Down=0;C Left=0;C Right=0;C Up=0;DPad D=0;DPad L=0;DPad R=0;DPad U=0;L=0;R=0;Start=0;X Axis=0;Y Axis=0;Z=0"
2911,422,0,111,"","A=0;A Down=0;A Left=0;A Right=0;A Up=0;B=0;C Down=0;C Left=0;C Right=0;C Up=0;DPad D=0;DPad L=0;DPad R=0;DPad U=0;L=0;R=0;Start=0;X Axis=0;Y Axis=0;Z=0"
2912,423,0,111,"","A=0;A Down=0;A Left=0;A Right=0;A Up=0;B=0;C Down=0;C Left=0;C Right=0;C Up=0;DPad D=0;DPad L=0;DPad R=0;DPad U=0;L=0;R=0;Start=0;X Axis=0;Y Axis=0;Z=0"
2913,424,0,111,"","A=0;A Down=0;A Left=0;A Right=0;A Up=0;B=0;C Down=0;C Left=0;C Right=0;C Up=0;DPad D=0;DPad L=0;DPad R=0;DPad U=0;L=0;R=0;Start=0;X Axis=0;Y Axis=0;Z=0"
2914,425,0,111,"","A=0;A Down=0;A Left=0;A Right=0;A Up=0;B=0;C Down=0;C Left=0;C Right=0;C Up=0;DPad D=0;DPad L=0;DPad R=0;DPad U=0;L=0;R=0;Start=0;X Axis=0;Y Axis=0;Z=0"
2915,426,0,111,"","A=0;A Down=0;A Left=0;A Right=0;A Up=0;B=0;C Down=0;C Left=0;C Right=0;C Up=0;DPad D=0;DPad L=0;DPad R=0;DPad U=0;L=0;R=0;Start=0;X Axis=0;Y Axis=0;Z=0"
2916,427,0,111,"","A=0;A Down=0;A Left=0;A Right=0;A Up=0;B=0;C Down=0;C Left=0;C Right=0;C Up=0;DPad D=0;DPad L=0;DPad R=0;DPad U=0;L=0;R=0;Start=0;X Axis=0;Y Axis=0;Z=0"
2917,428,0,111,"","A=0;A Down=0;A Left=0;A Right=0;A Up=0;B=0;C Down=0;C Left=0;C Right=0;C Up=0;DPad D=0;DPad L=0;DPad R=0;DPad U=0;L=0;R=0;Start=0;X Axis=0;Y Axis=0;Z=0"
2918,429,0,111,"","A=0;A Down=0;A Left=0;A Right=0;A Up=0;B=0;C Down=0;C Left=0;C Right=0;C Up=0;DPad D=0;DPad L=0;DPad R=0;DPad U=0;L=0;R=0;Start=0;X Axis=0;Y Axis=0;Z=0"
2919,430,0,111,"","A=0;A Down=0;A Left=0;A Right=0;A Up=0;B=0;C Down=0;C Left=0;C Right=0;C Up=0;DPad D=0;DPad L=0;DPad R=0;DPad U=0;L=0;R=0;Start=0;X Axis=0;Y Axis=0;Z=0"
2920,431,0,111,"","A=0;A Down=0;A Left=0;A Right=0;A Up=0;B=0;C Down=0;C Left=0;C Right=0;C Up=0;DPad D=0;DPad L=0;DPad R=0;DPad U=0;L=0;R=0;Start=0;X Axis=0;Y Axis=0;Z=0"
2921,432,0,111,"","A=0;A Down=0;A Left=0;A Right=0;A Up=0;B=0;C Down=0;C Left=0;C Right=0;C Up=0;DPad D=0;DPad L=0;DPad R=0;DPad U=0;L=0;R=0;Start=0;X Axis=0;Y Axis=0;Z=0"
2922,433,0,111,"","A=0;A Down=0;A Left=0;A Right=0;A Up=0;B=0;C Down=0;C Left=0;C Right=0;C Up=0;DPad D=0;DPad L=0;DPad R=0;DPad U=0;L=0;R=0;Start=0;X Axis=0;Y Axis=0;Z=0"
2923,434,0,111,"","A=0;A Down=0;A Left=0;A Right=0;A Up=0;B=0;C Down=0;C Left=0;C Right=0;C Up=0;DPad D=0;DPad L=0;DPad R=0;DPad U=0;L=0;R=0;Start=0;X Axis=0;Y Axis=0;Z=0"
2924,435,0,111,"","A=0;A Down=0;A Left=0;A Right=0;A Up=0;B=0;C Down=0;C Left=0;C Right=0;C Up=0;DPad D=0;DPad L=0;DPad R=0;DPad U=0;L=0;R=0;Start=0;X Axis=0;Y Axis=0;Z=0"
2925,436,0,111,"","A=0;A Down=0;A Left=0;A Right=0;A Up=0;B=0;C Down=0;C Left=0;C Right=0;C Up=0;DPad D=0;DPad L=0;DPad R=0;DPad U=0;L=0;R=0;Start=0;X Axis=0;Y Axis=0;Z=0"
2926,437,0,111,"","A=0;A Down=0;A Left=0;A Right=0;A Up=0;B=0;C Down=0;C Left=0;C Right=0;C Up=0;DPad D=0;DPad L=0;DPad R=0;DPad U=0;L=0;R=0;Start=0;X Axis=0;Y Axis=0;Z=0"
2927,438,0,111,"","A=0;A Down=0;A Left=0;A Right=0;A Up=0;B=0;C Down=0;C Left=0;C Right=0;C Up=0;DPad D=0;DPad L=0;DPad R=0;DPad U=0;L=0;R=0;Start=0;X Axis=0;Y Axis=0;Z=0"
2928,439,0,111,"","A=0;A Down=0;A Left=0;A Right=0;A Up=0;B=0;C Down=0;C Left=0;C Right=0;C Up=0;DPad D=0;DPad L=0;DPad R=0;DPad U=0;L=0;R=0;Start=0;X Axis=0;Y Axis=0;Z=0"
2929,440,0,111,"","A=0;A Down=0;A Left=0;A Right=0;A Up=0;B=0;C Down=0;C Left=0;C Right=0;C Up=0;DPad D=0;DPad L=0;DPad R=0;DPad U=0;L=0;R=0;Start=0;X Axis=0;Y Axis=0;Z=0"
2930,441,0,111,"","A=0;A Down=0;A Left=0;A Right=0;A Up=0;B=0;C Down=0;C Left=0;C Right=0;C Up=0;DPad D=0;DPad L=0;DPad R=0;DPad U=0;L=0;R=0;Start=0;X Axis=0;Y Axis=0;Z=0"
2931,442,0,111,"","A=0;A Down=0;A Left=0;A Right=0;A Up=0;B=0;C Down=0;C Left=0;C Right=0;C Up=0;DPad D=0;DPad L=0;DPad R=0;DPad U=0;L=0;R=0;Start=0;X Axis=0;Y Axis=0;Z=0"
2932,443,0,111,"","A=0;A Down=0;A Left=0;A Right=0;A Up=0;B=0;C Down=0;C Left=0;C Right=0;C Up=0;DPad D=0;DPad L=0;DPad R=0;DPad U=0;L=0;R=0;Start=0;X Axis=0;Y Axis=0;Z=0"
2933,444,0,111,"","A=0;A Down=0;A Left=0;A Right=0;A Up=0;B=0;C Down=0;C Left=0;C Right=0;C Up=0;DPad D=0;DPad L=0;DPad R=0;DPad U=0;L=0;R=0;Start=0;X Axis=0;Y Axis=0;Z=0"
2934,445,0,111,"","A=0;A Down=0;A Left=0;A Right=0;A Up=0;B=0;C Down=0;C Left=0;C Right=0;C Up=0;DPad D=0;DPad L=0;DPad R=0;DPad U=0;L=0;R=0;Start=0;X Axis=0;Y Axis=0;Z=0"
2935,446,0,111,"","A=0;A Down=0;A Left=0;A Right=0;A Up=0;B=0;C Down=0;C Left=0;C Right=0;C Up=0;DPad D=0;DPad L=0;DPad R=0;DPad U=0;L=0;R=0;Start=0;X Axis=0;Y Axis=0;Z=0"
2936,447,0,111,"","A=0;A Down=0;A Left=0;A Right=0;A Up=0;B=0;C Down=0;C Left=0;C Right=0;C Up=0;DPad D=0;DPad L=0;DPad R=0;DPad U=0;L=0;R=0;Start=0;X Axis=0;Y Axis=0;Z=0"
2937,448,0,111,"","A=0;A Down=0;A Left=0;A Right=0;A Up=0;B=0;C Down=0;C Left=0;C Right=0;C Up=0;DPad D=0;DPad L=0;DPad R=0;DPad U=0;L=0;R=0;Start=0;X Axis=0;Y Axis=0;Z=0"
2938,449,0,111,"","A=0;A Down=0;A Left=0;A Right=0;A Up=1;B=0;C Down=0;C Left=0;C Right=0;C Up=0;DPad D=0;DPad L=0;DPad R=0;DPad U=0;L=0;R=0;Start=0;X Axis=0;Y Axis=0;Z=0"
2939,450,0,111,"","A=0;A Down=0;A Left=0;A Right=0;A Up=1;B=0;C Down=0;C Left=0;C Right=0;C Up=0;DPad D=0;DPad L=0;DPad R=0;DPad U=0;L=0;R=0;Start=0;X Axis=0;Y Axis=0;Z=0"
2940,451,0,111,"","A=0;A Down=0;A Left=0;A Right=0;A Up=1;B=0;C Down=0;C Left=0;C Right=0;C Up=0;DPad D=0;DPad L=0;DPad R=0;DPad U=0;L=0;R=0;Start=0;X Axis=0;Y Axis=0;Z=0"
2941,452,0,111,"","A=0;A Down=0;A Left=0;A Right=0;A Up=1;B=0;C Down=0;C Left=0;C Right=0;C Up=0;DPad D=0;DPad L=0;DPad R=0;DPad U=0;L=0;R=0;Start=0;X Axis=0;Y Axis=0;Z=0"
2942,453,0,111,"","A=0;A Down=0;A Left=0;A Right=0;A Up=1;B=0;C Down=0;C Left=0;C Right=0;C Up=0;DPad D=0;DPad L=0;DPad R=0;DPad U=0;L=0;R=0;Start=0;X Axis=0;Y Axis=0;Z=0"
2943,454,0,111,"","A=0;A Down=0;A Left=0;A Right=0;A Up=1;B=0;C Down=0;C Left=0;C Right=0;C Up=0;DPad D=0;DPad L=0;DPad R=0;DPad U=0;L=0;R=0;Start=0;X Axis=0;Y Axis=0;Z=0"
2944,455,0,111,"","A=0;A Down=0;A Left=0;A Right=0;A Up=1;B=0;C Down=0;C Left=0;C Right=0;C Up=0;DPad D=0;DPad L=0;DPad R=0;DPad U=0;L=0;R=0;Start=0;X Axis=0;Y Axis=0;Z=0"
2945,456,0,111,"","A=0;A Down=0;A Left=0;A Right=0;A Up=1;B=0;C Down=0;C Left=0;C Right=0;C Up=0;DPad D=0;DPad L=0;DPad R=0;DPad U=0;L=0;R=0;Start=0;X Axis=0;Y Axis=0;Z=0"
2946,457,0,111,"","A=0;A Down=0;A Left=0;A Right=0;A Up=1;B=0;C Down=0;C Left=0;C Right=0;C Up=0;DPad D=0;DPad L=0;DPad R=0;DPad U=0;L=0;R=0;Start=0;X Axis=0;Y Axis=0;Z=0"
2947,458,0,111,"","A=0;A Down=0;A Left=0;A Right=0;A Up=1;B=0;C Down=0;C Left=0;C Right=0;C Up=0;DPad D=0;DPad L=0;DPad R=0;DPad U=0;L=0;R=0;Start=0;X Axis=0;Y Axis=0;Z=0"
2948,459,0,111,"","A=0;A Down=0;A Left=0;A Right=0;A Up=1;B=0;C Down=0;C Left=0;C Right=0;C Up=0;DPad D=0;DPad L=0;DPad R=0;DPad U=0;L=0;R=0;Start=0;X Axis=0;Y Axis=0;Z=0"
2949,460,0,111,"","A=0;A Down=0;A Left=0;A Right=0;A Up=1;B=0;C Down=0;C Left=0;C Right=0;C Up=0;DPad D=0;DPad L=0;DPad R=0;DPad U=0;L=0;R=0;Start=0;X Axis=0;Y Axis=0;Z=0"
2950,461,0,111,"","A=0;A Down=0;A Left=0;A Right=0;A Up=1;B=0;C Down=0;C Left=0;C Right=0;C Up=0;DPad D=0;DPad L=0;DPad R=0;DPad U=0;L=0;R=0;Start=0;X Axis=0;Y Axis=0;Z=0"
2951,462,0,111,"","A=0;A Down=0;A Left=0;A Right=0;A Up=1;B=0;C Down=0;C Left=0;C Right=0;C Up=0;DPad D=0;DPad L=0;DPad R=0;DPad U=0;L=0;R=0;Start=0;X Axis=0;Y Axis=0;Z=0"
2952,463,0,111,"","A=0;A Down=0;A Left=0;A Right=0;A Up=1;B=0;C Down=0;C Left=0;C Right=0;C Up=0;DPad D=0;DPad L=0;DPad R=0;DPad U=0;L=0;R=0;Start=0;X Axis=0;Y Axis=0;Z=0"
2953,464,0,111,"","A=0;A Down=0;A Left=0;A Right=0;A Up=1;B=0;C Down=0;C Left=0;C Right=0;C Up=0;DPad D=0;DPad L=0;DPad R=0;DPad U=0;L=0;R=0;Start=0;X Axis=0;Y Axis=0;Z=0"
2954,465,0,111,"","A=0;A Down=0;A Left=0;A Right=0;A Up=1;B=0;C Down=0;C Left=0;C Right=0;C Up=0;DPad D=0;DPad L=0;DPad R=0;DPad U=0;L=0;R=0;Start=0;X Axis=0;Y Axis=0;Z=0"
2955,466,0,111,"","A=0;A Down=0;A Left=0;A Right=0;A Up=1;B=0;C Down=0;C Left=0;C Right=0;C Up=0;DPad D=0;DPad L=0;DPad R=0;DPad U=0;L=0;R=0;Start=0;X Axis=0;Y Axis=0;Z=0"
2956,467,0,111,"","A=0;A Down=0;A Left=0;A Right=0;A Up=1;B=0;C Down=0;C Left=0;C Right=0;C Up=0;DPad D=0;DPad L=0;DPad R=0;DPad U=0;L=0;R=0;Start=0;X Axis=0;Y Axis=0;Z=0"
2957,468,0,111,"","A=0;A Down=0;A Left=0;A Right=0;A Up=1;B=0;C Down=0;C Left=0;C Right=0;C Up=0;DPad D=0;DPad L=0;DPad R=0;DPad U=0;L=0;R=0;Start=0;X Axis=0;Y Axis=0;Z=0"
2958,469,0,111,"","A=0;A Down=0;A Left=0;A Right=0;A Up=1;B=0;C Down=0;C Left=0;C Right=0;C Up=0;DPad D=0;DPad L=0;DPad R=0;DPad U=0;L=0;R=0;Start=0;X Axis=0;Y Axis=0;Z=0"
2959,470,0,111,"","A=0;A Down=0;A Left=0;A Right=0;A Up=1;B=0;C Down=0;C Left=0;C Right=0;C Up=0;DPad D=0;DPad L=0;DPad R=0;DPad U=0;L=0;R=0;Start=0;X Axis=0;Y Axis=0;Z=0"
2960,471,0,111,"","A=0;A Down=0;A Left=0;A Right=0;A Up=1;B=0;C Down=0;C Left=0;C Right=0;C Up=0;DPad D=0;DPad L=0;DPad R=0;DPad U=0;L=0;R=0;Start=0;X Axis=0;Y Axis=0;Z=0"
2961,472,0,111,"","A=0;A Down=0;A Left=0;A Right=0;A Up=1;B=0;C Down=0;C Left=0;C Right=0;C Up=0;DPad D=0;DPad L=0;DPad R=0;DPad U=0;L=0;R=0;Start=0;X Axis=0;Y Axis=0;Z=0"
2962,473,0,111,"","A=0;A Down=0;A Left=0;A Right=0;A Up=1;B=0;C Down=0;C Left=0;C Right=0;C Up=0;DPad D=0;DPad L=0;DPad R=0;DPad U=0;L=0;R=0;Start=0;X Axis=0;Y Axis=0;Z=0"
2963,474,0,111,"","A=0;A Down=0;A Left=0;A Right=0;A Up=1;B=0;C Down=0;C Left=0;C Right=0;C Up=0;DPad D=0;DPad L=0;DPad R=0;DPad U=0;L=0;R=0;Start=0;X Axis=0;Y Axis=0;Z=0"
2964,475,0,111,"","A=0;A Down=0;A Left=0;A Right=0;A Up=1;B=0;C Down=0;C Left=0;C Right=0;C Up=0;DPad D=0;DPad L=0;DPad R=0;DPad U=0;L=0;R=0;Start=0;X Axis=0;Y Axis=0;Z=0"
2965,476,0,111,"","A=0;A Down=0;A Left=0;A Right=0;A Up=1;B=0;C Down=0;C Left=0;C Right=0;C Up=0;DPad D=0;DPad L=0;DPad R=0;DPad U=0;L=0;R=0;Start=0;X Axis=0;Y Axis=0;Z=0"
2966,477,0,111,"","A=0;A Down=0;A Left=0;A Right=0;A Up=1;B=0;C Down=0;C Left=0;C Right=0;C Up=0;DPad D=0;DPad L=0;DPad R=0;DPad U=0;L=0;R=0;Start=0;X Axis=0;Y Axis=0;Z=0"
2967,478,0,111,"","A=0;A Down=0;A Left=0;A Right=0;A Up=1;B=0;C Down=0;C Left=0;C Right=0;C Up=0;DPad D=0;DPad L=0;DPad R=0;DPad U=0;L=0;R=0;Start=0;X Axis=0;Y Axis=0;Z=0"
2968,479,0,111,"","A=0;A Down=0;A Left=0;A Right=0;A Up=1;B=0;C Down=0;C Left=0;C Right=0;C Up=0;DPad D=0;DPad L=0;DPad R=0;DPad U=0;L=0;R=0;Start=0;X Axis=0;Y Axis=0;Z=0"
2969,480,0,111,"","A=0;A Down=0;A Left=0;A Right=0;A Up=1;B=0;C Down=0;C Left=0;C Right=0;C Up=0;DPad D=0;DPad L=0;DPad R=0;DPad U=0;L=0;R=0;Start=0;X Axis=0;Y Axis=0;Z=0"
2970,481,0,111,"","A=0;A Down=0;A Left=1;A Right=0;A Up=1;B=0;C Down=0;C Left=0;C Right=0;C Up=0;DPad D=0;DPad L=0;DPad R=0;DPad U=0;L=0;R=0;Start=0;X Axis=0;Y Axis=0;Z=0"
2971,482,0,111,"","A=0;A Down=0;A Left=1;A Right=0;A Up=1;B=0;C Down=0;C Left=0;C Right=0;C Up=0;DPad D=0;DPad L=0;DPad R=0;DPad U=0;L=0;R=0;Start=0;X Axis=0;Y Axis=0;Z=0"
2972,483,0,111,"","A=0;A Down=0;A Left=1;A Right=0;A Up=1;B=0;C Down=0;C Left=0;C Right=0;C Up=0;DPad D=0;DPad L=0;DPad R=0;DPad U=0;L=0;R=0;Start=0;X Axis=0;Y Axis=0;Z=0"
2973,484,0,111,"","A=0;A Down=0;A Left=1;A Right=0;A Up=1;B=0;C Down=0;C Left=0;C Right=0;C Up=0;DPad D=0;DPad L=0;DPad R=0;DPad U=0;L=0;R=0;Start=0;X Axis=0;Y Axis=0;Z=0"
2974,485,0,111,"","A=0;A Down=0;A Left=1;A Right=0;A Up=1;B=0;C Down=0;C Left=0;C Right=0;C Up=0;DPad D=0;DPad L=0;DPad R=0;DPad U=0;L=0;R=0;Start=0;X Axis=0;Y Axis=0;Z=0"
2975,486,0,111,"","A=0;A Down=0;A Left=1;A Right=0;A Up=1;B=0;C Down=0;C Left=0;C Right=0;C Up=0;DPad D=0;DPad L=0;DPad R=0;DPad U=0;L=0;R=0;Start=0;X Axis=0;Y Axis=0;Z=0"
2976,487,0,111,"","A=0;A Down=0;A Left=1;A Right=0;A Up=1;B=0;C Down=0;C Left=0;C Right=0;C Up=0;DPad D=0;DPad L=0;DPad R=0;DPad U=0;L=0;R=0;Start=0;X Axis=0;Y Axis=0;Z=0"
2977,488,0,111,"","A=0;A Down=0;A Left=0;A Right=0;A Up=1;B=0;C Down=0;C Left=0;C Right=0;C Up=0;DPad D=0;DPad L=0;DPad R=0;DPad U=0;L=0;R=0;Start=0;X Axis=0;Y Axis=0;Z=0"
2978,489,0,111,"","A=0;A Down=0;A Left=0;A Right=0;A Up=1;B=0;C Down=0;C Left=0;C Right=0;C Up=0;DPad D=0;DPad L=0;DPad R=0;DPad U=0;L=0;R=0;Start=0;X Axis=0;Y Axis=0;Z=0"
2979,490,0,111,"","A=0;A Down=0;A Left=0;A Right=0;A Up=1;B=0;C Down=0;C Left=0;C Right=0;C Up=0;DPad D=0;DPad L=0;DPad R=0;DPad U=0;L=0;R=0;Start=0;X Axis=0;Y Axis=0;Z=0"
2980,491,0,111,"","A=0;A Down=0;A Left=0;A Right=0;A Up=1;B=0;C Down=0;C Left=0;C Right=0;C Up=0;DPad D=0;DPad L=0;DPad R=0;DPad U=0;L=0;R=0;Start=0;X Axis=0;Y Axis=0;Z=0"
2981,492,0,111,"","A=0;A Down=0;A Left=0;A Right=0;A Up=1;B=0;C Down=0;C Left=0;C Right=0;C Up=0;DPad D=0;DPad L=0;DPad R=0;DPad U=0;L=0;R=0;Start=0;X Axis=0;Y Axis=0;Z=0"
2982,493,0,111,"","A=0;A Down=0;A Left=0;A Right=0;A Up=1;B=0;C Down=0;C Left=0;C Right=0;C Up=0;DPad D=0;DPad L=0;DPad R=0;DPad U=0;L=0;R=0;Start=0;X Axis=0;Y Axis=0;Z=0"
2983,494,0,111,"","A=0;A Down=0;A Left=0;A Right=0;A Up=1;B=0;C Down=0;C Left=0;C Right=0;C Up=0;DPad D=0;DPad L=0;DPad R=0;DPad U=0;L=0;R=0;Start=0;X Axis=0;Y Axis=0;Z=0"
2984,495,0,111,"","A=0;A Down=0;A Left=0;A Right=0;A Up=1;B=0;C Down=0;C Left=0;C Right=0;C Up=0;DPad D=0;DPad L=0;DPad R=0;DPad U=0;L=0;R=0;Start=0;X Axis=0;Y Axis=0;Z=0"
2985,496,0,111,"","A=0;A Down=0;A Left=0;A Right=0;A Up=1;B=0;C Down=0;C Left=0;C Right=0;C Up=0;DPad D=0;DPad L=0;DPad R=0;DPad U=0;L=0;R=0;Start=0;X Axis=0;Y Axis=0;Z=0"
2986,497,0,111,"","A=0;A Down=0;A Left=0;A Right=0;A Up=1;B=0;C Down=0;C Left=0;C Right=0;C Up=0;DPad D=0;DPad L=0;DPad R=0;DPad U=0;L=0;R=0;Start=0;X Axis=0;Y Axis=0;Z=0"
2987,498,0,111,"","A=0;A Down=0;A Left=0;A Right=0;A Up=1;B=0;C Down=0;C Left=0;C Right=0;C Up=0;DPad D=0;DPad L=0;DPad R=0;DPad U=0;L=0;R=0;Start=0;X Axis=0;Y Axis=0;Z=0"
2988,499,0,111,"","A=0;A Down=0;A Left=0;A Right=0;A Up=1;B=0;C Down=0;C Left=0;C Right=0;C Up=0;DPad D=0;DPad L=0;DPad R=0;DPad U=0;L=0;R=0;Start=0;X Axis=0;Y Axis=0;Z=0"
2989,500,0,111,"","A=0;A Down=0;A Left=0;A Right=0;A Up=1;B=0;C Down=0;C Left=0;C Right=0;C Up=0;DPad D=0;DPad L=0;DPad R=0;DPad U=0;L=0;R=0;Start=0;X Axis=0;Y Axis=0;Z=0"
2990,501,0,111,"","A=0;A Down=0;A Left=0;A Right=0;A Up=1;B=0;C Down=0;C Left=0;C Right=0;C Up=0;DPad D=0;DPad L=0;DPad R=0;DPad U=0;L=0;R=0;Start=0;X Axis=0;Y Axis=0;Z=0"
2991,502,0,111,"","A=0;A Down=0;A Left=0;A Right=0;A Up=1;B=0;C Down=0;C Left=0;C Right=0;C Up=0;DPad D=0;DPad L=0;DPad R=0;DPad U=0;L=0;R=0;Start=0;X Axis=0;Y Axis=0;Z=0"
2992,503,0,111,"","A=0;A Down=0;A Left=0;A Right=0;A Up=1;B=0;C Down=0;C Left=0;C Right=0;C Up=0;DPad D=0;DPad L=0;DPad R=0;DPad U=0;L=0;R=0;Start=0;X Axis=0;Y Axis=0;Z=0"
2993,504,0,111,"","A=0;A Down=0;A Left=0;A Right=0;A Up=1;B=0;C Down=0;C Left=0;C Right=0;C Up=0;DPad D=0;DPad L=0;DPad R=0;DPad U=0;L=0;R=0;Start=0;X Axis=0;Y Axis=0;Z=0"
2994,505,0,111,"","A=0;A Down=0;A Left=0;A Right=0;A Up=1;B=0;C Down=0;C Left=0;C Right=0;C Up=0;DPad D=0;DPad L=0;DPad R=0;DPad U=0;L=0;R=0;Start=0;X Axis=0;Y Axis=0;Z=0"
2995,506,0,111,"","A=0;A Down=0;A Left=0;A Right=0;A Up=1;B=0;C Down=0;C Left=0;C Right=0;C Up=0;DPad D=0;DPad L=0;DPad R=0;DPad U=0;L=0;R=0;Start=0;X Axis=0;Y Axis=0;Z=0"
2996,507,0,111,"","A=0;A Down=0;A Left=0;A Right=0;A Up=1;B=0;C Down=0;C Left=0;C Right=0;C Up=0;DPad D=0;DPad L=0;DPad R=0;DPad U=0;L=0;R=0;Start=0;X Axis=0;Y Axis=0;Z=0"
2997,508,0,111,"","A=0;A Down=0;A Left=0;A Right=0;A Up=1;B=0;C Down=0;C Left=0;C Right=0;C Up=0;DPad D=0;DPad L=0;DPad R=0;DPad U=0;L=0;R=0;Start=0;X Axis=0;Y Axis=0;Z=0"
2998,509,0,111,"","A=0;A Down=0;A Left=0;A Right=0;A Up=1;B=0;C Down=0;C Left=0;C Right=0;C Up=0;DPad D=0;DPad L=0;DPad R=0;DPad U=0;L=0;R=0;Start=0;X Axis=0;Y Axis=0;Z=0"
2999,510,0,111,"","A=0;A Down=0;A Left=0;A Right=0;A Up=1;B=0;C Down=0;C Left=0;C Right=0;C Up=0;DPad D=0;DPad L=0;DPad R=0;DPad U=0;L=0;R=0;Start=0;X Axis=0;Y Axis=0;Z=0"
3000,511,0,111,"","A=0;A Down=0;A Left=0;A Right=0;A Up=1;B=0;C Down=0;C Left=0;C Right=0;C Up=0;DPad D=0;DPad L=0;DPad R=0;DPad U=0;L=0;R=0;Start=0;X Axis=0;Y Axis=0;Z=0"
3001,512,0,111,"","A=0;A Down=0;A Left=0;A Right=0;A Up=1;B=0;C Down=0;C Left=0;C Right=0;C Up=0;DPad D=0;DPad L=0;DPad R=0;DPad U=0;L=0;R=0;Start=0;X Axis=0;Y Axis=0;Z=0"
3002,513,0,111,"","A=0;A Down=0;A Left=0;A Right=0;A Up=1;B=0;C Down=0;C Left=0;C Right=0;C Up=0;DPad D=0;DPad L=0;DPad R=0;DPad U=0;L=0;R=0;Start=0;X Axis=0;Y Axis=0;Z=0"
3003,514,0,111,"","A=0;A Down=0;A Left=0;A Right=0;A Up=1;B=0;C Down=0;C Left=0;C Right=0;C Up=0;DPad D=0;DPad L=0;DPad R=0;DPad U=0;L=0;R=0;Start=0;X Axis=0;Y Axis=0;Z=0"
3004,515,0,111,"","A=0;A Down=0;A Left=0;A Right=0;A Up=1;B=0;C Down=0;C Left=0;C Right=0;C Up=0;DPad D=0;DPad L=0;DPad R=0;DPad U=0;L=0;R=0;Start=0;X Axis=0;Y Axis=0;Z=0"
3005,516,0,111,"","A=0;A Down=0;A Left=0;A Right=0;A Up=1;B=0;C Down=0;C Left=0;C Right=0;C Up=0;DPad D=0;DPad L=0;DPad R=0;DPad U=0;L=0;R=0;Start=0;X Axis=0;Y Axis=0;Z=0"
3006,517,0,111,"","A=0;A Down=0;A Left=0;A Right=0;A Up=1;B=0;C Down=0;C Left=0;C Right=0;C Up=0;DPad D=0;DPad L=0;DPad R=0;DPad U=0;L=0;R=0;Start=0;X Axis=0;Y Axis=0;Z=0"
3007,518,0,111,"","A=0;A Down=0;A Left=0;A Right=0;A Up=1;B=0;C Down=0;C Left=0;C Right=0;C Up=0;DPad D=0;DPad L=0;DPad R=0;DPad U=0;L=0;R=0;Start=0;X Axis=0;Y Axis=0;Z=0"
3008,519,0,111,"","A=0;A Down=0;A Left=0;A Right=0;A Up=1;B=0;C Down=0;C Left=0;C Right=0;C Up=0;DPad D=0;DPad L=0;DPad R=0;DPad U=0;L=0;R=0;Start=0;X Axis=0;Y Axis=0;Z=0"
3009,520,0,111,"","A=0;A Down=0;A Left=0;A Right=0;A Up=1;B=0;C Down=0;C Left=0;C Right=0;C Up=0;DPad D=0;DPad L=0;DPad R=0;DPad U=0;L=0;R=0;Start=0;X Axis=0;Y Axis=0;Z=0"
3010,521,0,111,"","A=0;A Down=0;A Left=0;A Right=0;A Up=1;B=0;C Down=0;C Left=0;C Right=0;C Up=0;DPad D=0;DPad L=0;DPad R=0;DPad U=0;L=0;R=0;Start=0;X Axis=0;Y Axis=0;Z=0"
3011,522,0,111,"","A=0;A Down=0;A Left=0;A Right=0;A Up=1;B=0;C Down=0;C Left=0;C Right=0;C Up=0;DPad D=0;DPad L=0;DPad R=0;DPad U=0;L=0;R=0;Start=0;X Axis=0;Y Axis=0;Z=0"
3012,523,0,111,"","A=0;A Down=0;A Left=0;A Right=0;A Up=1;B=0;C Down=0;C Left=0;C Right=0;C Up=0;DPad D=0;DPad L=0;DPad R=0;DPad U=0;L=0;R=0;Start=0;X Axis=0;Y Axis=0;Z=0"
3013,524,0,111,"","A=0;A Down=0;A Left=0;A Right=0;A Up=1;B=0;C Down=0;C Left=0;C Right=0;C Up=0;DPad D=0;DPad L=0;DPad R=0;DPad U=0;L=0;R=0;Start=0;X Axis=0;Y Axis=0;Z=0"
3014,525,0,111,"","A=0;A Down=0;A Left=0;A Right=0;A Up=1;B=0;C Down=0;C Left=0;C Right=0;C Up=0;DPad D=0;DPad L=0;DPad R=0;DPad U=0;L=0;R=0;Start=0;X Axis=0;Y Axis=0;Z=0"
3015,526,0,111,"","A=0;A Down=0;A Left=0;A Right=0;A Up=1;B=0;C Down=0;C Left=0;C Right=0;C Up=0;DPad D=0;DPad L=0;DPad R=0;DPad U=0;L=0;R=0;Start=0;X Axis=0;Y Axis=0;Z=0"
3016,527,0,111,"","A=0;A Down=0;A Left=0;A Right=0;A Up=1;B=0;C Down=0;C Left=0;C Right=0;C Up=0;DPad D=0;DPad L=0;DPad R=0;DPad U=0;L=0;R=0;Start=0;X Axis=0;Y Axis=0;Z=0"
3017,528,0,111,"","A=0;A Down=0;A Left=0;A Right=0;A Up=1;B=0;C Down=0;C Left=0;C Right=0;C Up=0;DPad D=0;DPad L=0;DPad R=0;DPad U=0;L=0;R=0;Start=0;X Axis=0;Y Axis=0;Z=0"
3018,529,0,111,"","A=0;A Down=0;A Left=0;A Right=0;A Up=1;B=0;C Down=0;C Left=0;C Right=0;C Up=0;DPad D=0;DPad L=0;DPad R=0;DPad U=0;L=0;R=0;Start=0;X Axis=0;Y Axis=0;Z=0"
3019,530,0,111,"","A=0;A Down=0;A Left=0;A Right=0;A Up=1;B=0;C Down=0;C Left=0;C Right=0;C Up=0;DPad D=0;DPad L=0;DPad R=0;DPad U=0;L=0;R=0;Start=0;X Axis=0;Y Axis=0;Z=0"
3020,531,0,111,"","A=0;A Down=0;A Left=0;A Right=0;A Up=1;B=0;C Down=0;C Left=0;C Right=0;C Up=0;DPad D=0;DPad L=0;DPad R=0;DPad U=0;L=0;R=0;Start=0;X Axis=0;Y Axis=0;Z=0"
3021,532,0,111,"","A=0;A Down=0;A Left=0;A Right=0;A Up=1;B=0;C Down=0;C Left=0;C Right=0;C Up=0;DPad D=0;DPad L=0;DPad R=0;DPad U=0;L=0;R=0;Start=0;X Axis=0;Y Axis=0;Z=0"
3022,533,0,111,"","A=0;A Down=0;A Left=0;A Right=0;A Up=1;B=0;C Down=0;C Left=0;C Right=0;C Up=0;DPad D=0;DPad L=0;DPad R=0;DPad U=0;L=0;R=0;Start=0;X Axis=0;Y Axis=0;Z=0"
3023,534,0,111,"","A=0;A Down=0;A Left=0;A Right=0;A Up=1;B=0;C Down=0;C Left=0;C Right=0;C Up=0;DPad D=0;DPad L=0;DPad R=0;DPad U=0;L=0;R=0;Start=0;X Axis=0;Y Axis=0;Z=0"
3024,535,0,111,"","A=0;A Down=0;A Left=0;A Right=0;A Up=1;B=0;C Down=0;C Left=0;C Right=0;C Up=0;DPad D=0;DPad L=0;DPad R=0;DPad U=0;L=0;R=0;Start=0;X Axis=0;Y Axis=0;Z=0"
3025,536,0,111,"","A=0;A Down=0;A Left=0;A Right=0;A Up=1;B=0;C Down=0;C Left=0;C Right=0;C Up=0;DPad D=0;DPad L=0;DPad R=0;DPad U=0;L=0;R=0;Start=0;X Axis=0;Y Axis=0;Z=0"
3026,537,0,111,"","A=0;A Down=0;A Left=0;A Right=0;A Up=1;B=0;C Down=0;C Left=0;C Right=0;C Up=0;DPad D=0;DPad L=0;DPad R=0;DPad U=0;L=0;R=0;Start=0;X Axis=0;Y Axis=0;Z=0"
3027,538,0,111,"","A=0;A Down=0;A Left=0;A Right=0;A Up=1;B=0;C Down=0;C Left=0;C Right=0;C Up=0;DPad D=0;DPad L=0;DPad R=0;DPad U=0;L=0;R=0;Start=0;X Axis=0;Y Axis=0;Z=0"
3028,539,0,111,"","A=0;A Down=0;A Left=0;A Right=0;A Up=1;B=0;C Down=0;C Left=0;C Right=0;C Up=0;DPad D=0;DPad L=0;DPad R=0;DPad U=0;L=0;R=0;Start=0;X Axis=0;Y Axis=0;Z=0"
3029,540,0,111,"","A=0;A Down=0;A Left=0;A Right=0;A Up=1;B=0;C Down=0;C Left=0;C Right=0;C Up=0;DPad D=0;DPad L=0;DPad R=0;DPad U=0;L=0;R=0;Start=0;X Axis=0;Y Axis=0;Z=0"
3030,541,0,111,"","A=0;A Down=0;A Left=0;A Right=0;A Up=1;B=0;C Down=0;C Left=0;C Right=0;C Up=0;DPad D=0;DPad L=0;DPad R=0;DPad U=0;L=0;R=0;Start=0;X Axis=0;Y Axis=0;Z=0"
3031,542,0,111,"","A=0;A Down=0;A Left=0;A Right=0;A Up=1;B=0;C Down=0;C Left=0;C Right=0;C Up=0;DPad D=0;DPad L=0;DPad R=0;DPad U=0;L=0;R=0;Start=0;X Axis=0;Y Axis=0;Z=0"
3032,543,0,111,"","A=0;A Down=0;A Left=0;A Right=0;A Up=1;B=0;C Down=0;C Left=0;C Right=0;C Up=0;DPad D=0;DPad L=0;DPad R=0;DPad U=0;L=0;R=0;Start=0;X Axis=0;Y Axis=0;Z=0"
3033,544,0,111,"","A=0;A Down=0;A Left=0;A Right=0;A Up=1;B=0;C Down=0;C Left=0;C Right=0;C Up=0;DPad D=0;DPad L=0;DPad R=0;DPad U=0;L=0;R=0;Start=0;X Axis=0;Y Axis=0;Z=0"
3034,545,0,111,"","A=0;A Down=0;A Left=0;A Right=0;A Up=1;B=0;C Down=0;C Left=0;C Right=0;C Up=0;DPad D=0;DPad L=0;DPad R=0;DPad U=0;L=0;R=0;Start=0;X Axis=0;Y Axis=0;Z=0"
3035,546,0,111,"","A=0;A Down=0;A Left=0;A Right=0;A Up=1;B=0;C Down=0;C Left=0;C Right=0;C Up=0;DPad D=0;DPad L=0;DPad R=0;DPad U=0;L=0;R=0;Start=0;X Axis=0;Y Axis=0;Z=0"
3036,547,0,111,"","A=0;A Down=0;A Left=0;A Right=0;A Up=1;B=0;C Down=0;C Left=0;C Right=0;C Up=0;DPad D=0;DPad L=0;DPad R=0;DPad U=0;L=0;R=0;Start=0;X Axis=0;Y Axis=0;Z=0"
3037,548,0,111,"","A=0;A Down=0;A Left=0;A Right=0;A Up=1;B=0;C Down=0;C Left=0;C Right=0;C Up=0;DPad D=0;DPad L=0;DPad R=0;DPad U=0;L=0;R=0;Start=0;X Axis=0;Y Axis=0;Z=0"
3038,549,0,111,"","A=0;A Down=0;A Left=0;A Right=0;A Up=1;B=0;C Down=0;C Left=0;C Right=0;C Up=0;DPad D=0;DPad L=0;DPad R=0;DPad U=0;L=0;R=0;Start=0;X Axis=0;Y Axis=0;Z=0"
3039,550,0,111,"","A=0;A Down=0;A Left=0;A Right=0;A Up=1;B=0;C Down=0;C Left=0;C Right=0;C Up=0;DPad D=0;DPad L=0;DPad R=0;DPad U=0;L=0;R=0;Start=0;X Axis=0;Y Axis=0;Z=0"
3040,551,0,111,"","A=0;A Down=0;A Left=0;A Right=0;A Up=1;B=0;C Down=0;C Left=0;C Right=0;C Up=0;DPad D=0;DPad L=0;DPad R=0;DPad U=0;L=0;R=0;Start=0;X Axis=0;Y Axis=0;Z=0"
3041,552,0,111,"","A=0;A Down=0;A Left=0;A Right=0;A Up=1;B=0;C Down=0;C Left=0;C Right=0;C Up=0;DPad D=0;DPad L=0;DPad R=0;DPad U=0;L=0;R=0;Start=0;X Axis=0;Y Axis=0;Z=0"
3042,553,0,111,"","A=0;A Down=0;A Left=0;A Right=0;A Up=1;B=0;C Down=0;C Left=0;C Right=0;C Up=0;DPad D=0;DPad L=0;DPad R=0;DPad U=0;L=0;R=0;Start=0;X Axis=0;Y Axis=0;Z=0"
3043,554,0,111,"","A=0;A Down=0;A Left=0;A Right=0;A Up=0;B=0;C Down=0;C Left=0;C Right=0;C Up=0;DPad D=0;DPad L=0;DPad R=0;DPad U=0;L=0;R=0;Start=0;X Axis=0;Y Axis=0;Z=0"
3044,555,0,111,"","A=0;A Down=0;A Left=0;A Right=0;A Up=0;B=0;C Down=0;C Left=0;C Right=0;C Up=0;DPad D=0;DPad L=0;DPad R=0;DPad U=0;L=0;R=0;Start=0;X Axis=0;Y Axis=0;Z=0"
3045,556,0,111,"","A=0;A Down=0;A Left=0;A Right=0;A Up=0;B=0;C Down=0;C Left=0;C Right=0;C Up=0;DPad D=0;DPad L=0;DPad R=0;DPad U=0;L=0;R=0;Start=0;X Axis=0;Y Axis=0;Z=0"
3046,557,0,111,"","A=0;A Down=0;A Left=0;A Right=0;A Up=0;B=0;C Down=0;C Left=0;C Right=0;C Up=0;DPad D=0;DPad L=0;DPad R=0;DPad U=0;L=0;R=0;Start=0;X Axis=0;Y Axis=0;Z=0"
3047,558,0,111,"","A=0;A Down=0;A Left=0;A Right=0;A Up=0;B=0;C Down=0;C Left=0;C Right=0;C Up=0;DPad D=0;DPad L=0;DPad R=0;DPad U=0;L=0;R=0;Start=0;X Axis=0;Y Axis=0;Z=0"
3048,559,0,111,"","A=0;A Down=0;A Left=0;A Right=0;A Up=0;B=0;C Down=0;C Left=0;C Right=0;C Up=0;DPad D=0;DPad L=0;DPad R=0;DPad U=0;L=0;R=0;Start=0;X Axis=0;Y Axis=0;Z=0"
3049,560,0,111,"","A=0;A Down=0;A Left=0;A Right=0;A Up=0;B=0;C Down=0;C Left=0;C Right=0;C Up=0;DPad D=0;DPad L=0;DPad R=0;DPad U=0;L=0;R=0;Start=0;X Axis=0;Y Axis=0;Z=0"
3050,561,0,111,"","A=0;A Down=0;A Left=0;A Right=0;A Up=0;B=0;C Down=0;C Left=0;C Right=0;C Up=0;DPad D=0;DPad L=0;DPad R=0;DPad U=0;L=0;R=0;Start=0;X Axis=0;Y Axis=0;Z=0"
3051,562,0,111,"","A=0;A Down=0;A Left=0;A Right=0;A Up=0;B=0;C Down=0;C Left=0;C Right=0;C Up=0;DPad D=0;DPad L=0;DPad R=0;DPad U=0;L=0;R=0;Start=0;X Axis=0;Y Axis=0;Z=0"
3052,563,0,111,"","A=0;A Down=0;A Left=0;A Right=0;A Up=0;B=0;C Down=0;C Left=0;C Right=0;C Up=0;DPad D=0;DPad L=0;DPad R=0;DPad U=0;L=0;R=0;Start=0;X Axis=0;Y Axis=0;Z=0"
3053,564,0,111,"","A=0;A Down=0;A Left=0;A Right=0;A Up=0;B=0;C Down=0;C Left=0;C Right=0;C Up=0;DPad D=0;DPad L=0;DPad R=0;DPad U=0;L=0;R=0;Start=0;X Axis=0;Y Axis=0;Z=0"
3054,565,0,111,"","A=0;A Down=0;A Left=0;A Right=0;A Up=0;B=0;C Down=0;C Left=0;C Right=0;C Up=0;DPad D=0;DPad L=0;DPad R=0;DPad U=0;L=0;R=0;Start=0;X Axis=0;Y Axis=0;Z=0"
3055,566,0,111,"","A=0;A Down=0;A Left=0;A Right=0;A Up=0;B=0;C Down=0;C Left=0;C Right=0;C Up=0;DPad D=0;DPad L=0;DPad R=0;DPad U=0;L=0;R=0;Start=0;X Axis=0;Y Axis=0;Z=0"
3056,567,0,111,"","A=0;A Down=0;A Left=0;A Right=0;A Up=0;B=0;C Down=0;C Left=0;C Right=0;C Up=0;DPad D=0;DPad L=0;DPad R=0;DPad U=0;L=0;R=0;Start=0;X Axis=0;Y Axis=0;Z=0"
3057,568,0,111,"","A=0;A Down=0;A Left=0;A Right=0;A Up=0;B=0;C Down=0;C Left=0;C Right=0;C Up=0;DPad D=0;DPad L=0;DPad R=0;DPad U=0;L=0;R=0;Start=0;X Axis=0;Y Axis=0;Z=0"
3058,569,0,111,"","A=0;A Down=0;A Left=0;A Right=0;A Up=0;B=0;C Down=0;C Left=0;C Right=0;C Up=0;DPad D=0;DPad L=0;DPad R=0;DPad U=0;L=0;R=0;Start=0;X Axis=0;Y Axis=0;Z=0"
3059,570,0,111,"","A=0;A Down=0;A Left=0;A Right=0;A Up=0;B=0;C Down=0;C Left=0;C Right=0;C Up=0;DPad D=0;DPad L=0;DPad R=0;DPad U=0;L=0;R=0;Start=0;X Axis=0;Y Axis=0;Z=0"
3060,571,0,111,"","A=0;A Down=0;A Left=0;A Right=0;A Up=0;B=0;C Down=0;C Left=0;C Right=0;C Up=0;DPad D=0;DPad L=0;DPad R=0;DPad U=0;L=0;R=0;Start=0;X Axis=0;Y Axis=0;Z=0"
3061,572,0,111,"","A=0;A Down=0;A Left=0;A Right=0;A Up=0;B=0;C Down=0;C Left=0;C Right=0;C Up=0;DPad D=0;DPad L=0;DPad R=0;DPad U=0;L=0;R=0;Start=0;X Axis=0;Y Axis=0;Z=0"
3062,573,0,111,"","A=0;A Down=0;A Left=0;A Right=0;A Up=0;B=0;C Down=0;C Left=0;C Right=0;C Up=0;DPad D=0;DPad L=0;DPad R=0;DPad U=0;L=0;R=0;Start=0;X Axis=0;Y Axis=0;Z=0"
3063,574,0,111,"","A=0;A Down=0;A Left=0;A Right=0;A Up=0;B=0;C Down=0;C Left=0;C Right=0;C Up=0;DPad D=0;DPad L=0;DPad R=0;DPad U=0;L=0;R=0;Start=0;X Axis=0;Y Axis=0;Z=0"
3064,575,0,111,"","A=0;A Down=0;A Left=0;A Right=0;A Up=0;B=0;C Down=0;C Left=0;C Right=0;C Up=0;DPad D=0;DPad L=0;DPad R=0;DPad U=0;L=0;R=0;Start=0;X Axis=0;Y Axis=0;Z=0"
3065,576,0,111,"","A=0;A Down=0;A Left=0;A Right=0;A Up=0;B=0;C Down=0;C Left=0;C Right=0;C Up=0;DPad D=0;DPad L=0;DPad R=0;DPad U=0;L=0;R=0;Start=0;X Axis=0;Y Axis=0;Z=0"
3066,577,0,111,"","A=0;A Down=0;A Left=0;A Right=0;A Up=0;B=0;C Down=0;C Left=0;C Right=0;C Up=0;DPad D=0;DPad L=0;DPad R=0;DPad U=0;L=0;R=0;Start=0;X Axis=0;Y Axis=0;Z=0"
3067,578,0,111,"","A=0;A Down=0;A Left=0;A Right=0;A Up=0;B=0;C Down=0;C Left=0;C Right=0;C Up=0;DPad D=0;DPad L=0;DPad R=0;DPad U=0;L=0;R=0;Start=0;X Axis=0;Y Axis=0;Z=0"
3068,579,0,111,"","A=0;A Down=0;A Left=0;A Right=0;A Up=0;B=0;C Down=0;C Left=0;C Right=0;C Up=0;DPad D=0;DPad L=0;DPad R=0;DPad U=0;L=0;R=0;Start=0;X Axis=0;Y Axis=0;Z=0"
3069,580,0,111,"","A=0;A Down=0;A Left=0;A Right=0;A Up=0;B=0;C Down=0;C Left=0;C Right=0;C Up=0;DPad D=0;DPad L=0;DPad R=0;DPad U=0;L=0;R=0;Start=0;X Axis=0;Y Axis=0;Z=0"
3070,581,0,111,"","A=0;A Down=0;A Left=0;A Right=0;A Up=0;B=0;C Down=0;C Left=0;C Right=0;C Up=0;DPad D=0;DPad L=0;DPad R=0;DPad U=0;L=0;R=0;Start=0;X Axis=0;Y Axis=0;Z=0"
3071,582,0,111,"","A=0;A Down=0;A Left=0;A Right=0;A Up=0;B=0;C Down=0;C Left=0;C Right=0;C Up=0;DPad D=0;DPad L=0;DPad R=0;DPad U=0;L=0;R=0;Start=0;X Axis=0;Y Axis=0;Z=0"
3072,583,0,111,"","A=0;A Down=0;A Left=0;A Right=0;A Up=0;B=0;C Down=0;C Left=0;C Right=0;C Up=0;DPad D=0;DPad L=0;DPad R=0;DPad U=0;L=0;R=0;Start=0;X Axis=0;Y Axis=0;Z=0"
3073,584,0,111,"","A=0;A Down=0;A Left=0;A Right=0;A Up=0;B=0;C Down=0;C Left=0;C Right=0;C Up=0;DPad D=0;DPad L=0;DPad R=0;DPad U=0;L=0;R=0;Start=0;X Axis=0;Y Axis=0;Z=0"
3074,585,0,111,"","A=0;A Down=0;A Left=0;A Right=0;A Up=0;B=0;C Down=0;C Left=0;C Right=0;C Up=0;DPad D=0;DPad L=0;DPad R=0;DPad U=0;L=0;R=0;Start=0;X Axis=0;Y Axis=0;Z=0"
3075,586,0,111,"","A=0;A Down=0;A Left=0;A Right=0;A Up=0;B=0;C Down=0;C Left=0;C Right=0;C Up=0;DPad D=0;DPad L=0;DPad R=0;DPad U=0;L=0;R=0;Start=0;X Axis=0;Y Axis=0;Z=0"
3076,587,0,111,"","A=0;A Down=0;A Left=0;A Right=0;A Up=0;B=0;C Down=0;C Left=0;C Right=0;C Up=0;DPad D=0;DPad L=0;DPad R=0;DPad U=0;L=0;R=0;Start=0;X Axis=0;Y Axis=0;Z=0"
3077,588,0,111,"","A=0;A Down=0;A Left=0;A Right=0;A Up=0;B=0;C Down=0;C Left=0;C Right=0;C Up=0;DPad D=0;DPad L=0;DPad R=0;DPad U=0;L=0;R=0;Start=0;X Axis=0;Y Axis=0;Z=0"
3078,589,0,111,"","A=0;A Down=0;A Left=0;A Right=0;A Up=0;B=0;C Down=0;C Left=0;C Right=0;C Up=0;DPad D=0;DPad L=0;DPad R=0;DPad U=0;L=0;R=0;Start=0;X Axis=0;Y Axis=0;Z=0"
3079,590,0,111,"","A=0;A Down=0;A Left=0;A Right=0;A Up=0;B=0;C Down=0;C Left=0;C Right=0;C Up=0;DPad D=0;DPad L=0;DPad R=0;DPad U=0;L=0;R=0;Start=0;X Axis=0;Y Axis=0;Z=0"
3080,591,0,111,"","A=0;A Down=0;A Left=0;A Right=0;A Up=0;B=0;C Down=0;C Left=0;C Right=0;C Up=0;DPad D=0;DPad L=0;DPad R=0;DPad U=0;L=0;R=0;Start=0;X Axis=0;Y Axis=0;Z=0"
3081,592,0,111,"","A=0;A Down=0;A Left=0;A Right=0;A Up=0;B=0;C Down=0;C Left=0;C Right=0;C Up=0;DPad D=0;DPad L=0;DPad R=0;DPad U=0;L=0;R=0;Start=0;X Axis=0;Y Axis=0;Z=0"
3082,593,0,111,"","A=0;A Down=0;A Left=0;A Right=0;A Up=0;B=0;C Down=0;C Left=0;C Right=0;C Up=0;DPad D=0;DPad L=0;DPad R=0;DPad U=0;L=0;R=0;Start=0;X Axis=0;Y Axis=0;Z=0"
3083,594,0,111,"","A=0;A Down=0;A Left=0;A Right=0;A Up=0;B=0;C Down=0;C Left=0;C Right=0;C Up=0;DPad D=0;DPad L=0;DPad R=0;DPad U=0;L=0;R=0;Start=0;X Axis=0;Y Axis=0;Z=0"
3084,595,0,111,"","A=0;A Down=0;A Left=0;A Right=0;A Up=0;B=0;C Down=0;C Left=0;C Right=0;C Up=0;DPad D=0;DPad L=0;DPad R=0;DPad U=0;L=0;R=0;Start=0;X Axis=0;Y Axis=0;Z=0"
3085,596,0,111,"","A=0;A Down=0;A Left=0;A Right=0;A Up=0;B=0;C Down=0;C Left=0;C Right=0;C Up=0;DPad D=0;DPad L=0;DPad R=0;DPad U=0;L=0;R=0;Start=0;X Axis=0;Y Axis=0;Z=0"
3086,597,0,111,"","A=0;A Down=0;A Left=0;A Right=0;A Up=0;B=0;C Down=0;C Left=0;C Right=0;C Up=0;DPad D=0;DPad L=0;DPad R=0;DPad U=0;L=0;R=0;Start=0;X Axis=0;Y Axis=0;Z=0"
3087,598,0,111,"","A=0;A Down=0;A Left=0;A Right=0;A Up=0;B=0;C Down=0;C Left=0;C Right=0;C Up=0;DPad D=0;DPad L=0;DPad R=0;DPad U=0;L=0;R=0;Start=0;X Axis=0;Y Axis=0;Z=0"
3088,599,0,111,"","A=0;A Down=0;A Left=0;A Right=0;A Up=0;B=0;C Down=0;C Left=0;C Right=0;C Up=0;DPad D=0;DPad L=0;DPad R=0;DPad U=0;L=0;R=0;Start=0;X Axis=0;Y Axis=0;Z=0"
3089,600,0,111,"","A=0;A Down=0;A Left=0;A Right=0;A Up=0;B=0;C Down=0;C Left=0;C Right=0;C Up=0;DPad D=0;DPad L=0;DPad R=0;DPad U=0;L=0;R=0;Start=0;X Axis=0;Y Axis=0;Z=0"
3090,601,0,111,"","A=0;A Down=0;A Left=0;A Right=0;A Up=0;B=0;C Down=0;C Left=0;C Right=0;C Up=0;DPad D=0;DPad L=0;DPad R=0;DPad U=0;L=0;R=0;Start=0;X Axis=0;Y Axis=0;Z=0"
3091,602,0,111,"","A=0;A Down=0;A Left=0;A Right=0;A Up=0;B=0;C Down=0;C Left=0;C Right=0;C Up=0;DPad D=0;DPad L=0;DPad R=0;DPad U=0;L=0;R=0;Start=0;X Axis=0;Y Axis=0;Z=0"
3092,603,0,111,"","A=0;A Down=0;A Left=0;A Right=0;A Up=0;B=0;C Down=0;C Left=0;C Right=0;C Up=0;DPad D=0;DPad L=0;DPad R=0;DPad U=0;L=0;R=0;Start=0;X Axis=0;Y Axis=0;Z=0"
3093,604,0,111,"","A=0;A Down=0;A Left=0;A Right=0;A Up=0;B=0;C Down=0;C Left=0;C Right=0;C Up=0;DPad D=0;DPad L=0;DPad R=0;DPad U=0;L=0;R=0;Start=0;X Axis=0;Y Axis=0;Z=0"
3094,605,0,111,"","A=0;A Down=0;A Left=0;A Right=0;A Up=0;B=0;C Down=0;C Left=0;C Right=0;C Up=0;DPad D=0;DPad L=0;DPad R=0;DPad U=0;L=0;R=0;Start=0;X Axis=0;Y Axis=0;Z=0"
3095,606,0,111,"","A=0;A Down=0;A Left=0;A Right=0;A Up=0;B=0;C Down=0;C Left=0;C Right=0;C Up=0;DPad D=0;DPad L=0;DPad R=0;DPad U=0;L=0;R=0;Start=0;X Axis=0;Y Axis=0;Z=0"
3096,607,0,111,"","A=0;A Down=0;A Left=0;A Right=0;A Up=0;B=0;C Down=0;C Left=0;C Right=0;C Up=0;DPad D=0;DPad L=0;DPad R=0;DPad U=0;L=0;R=0;Start=0;X Axis=0;Y Axis=0;Z=0"
3097,608,0,111,"","A=0;A Down=0;A Left=0;A Right=0;A Up=0;B=0;C Down=0;C Left=0;C Right=0;C Up=0;DPad D=0;DPad L=0;DPad R=0;DPad U=0;L=0;R=0;Start=0;X Axis=0;Y Axis=0;Z=0"
3098,609,0,111,"","A=0;A Down=0;A Left=0;A Right=0;A Up=0;B=0;C Down=0;C Left=0;C Right=0;C Up=0;DPad D=0;DPad L=0;DPad R=0;DPad U=0;L=0;R=0;Start=0;X Axis=0;Y Axis=0;Z=0"
3099,610,0,111,"","A=0;A Down=0;A Left=0;A Right=0;A Up=0;B=0;C Down=0;C Left=0;C Right=0;C Up=0;DPad D=0;DPad L=0;DPad R=0;DPad U=0;L=0;R=0;Start=0;X Axis=0;Y Axis=0;Z=0"
3100,611,0,111,"","A=0;A Down=0;A Left=0;A Right=0;A Up=0;B=0;C Down=0;C Left=0;C Right=0;C Up=0;DPad D=0;DPad L=0;DPad R=0;DPad U=0;L=0;R=0;Start=0;X Axis=0;Y Axis=0;Z=0"
3101,612,0,111,"","A=0;A Down=0;A Left=0;A Right=0;A Up=0;B=0;C Down=0;C Left=0;C Right=0;C Up=0;DPad D=0;DPad L=0;DPad R=0;DPad U=0;L=0;R=0;Start=0;X Axis=0;Y Axis=0;Z=0"
3102,613,0,111,"","A=0;A Down=0;A Left=0;A Right=0;A Up=0;B=0;C Down=0;C Left=0;C Right=0;C Up=0;DPad D=0;DPad L=0;DPad R=0;DPad U=0;L=0;R=0;Start=0;X Axis=0;Y Axis=0;Z=0"
3103,614,0,111,"","A=0;A Down=0;A Left=0;A Right=0;A Up=0;B=0;C Down=0;C Left=0;C Right=0;C Up=0;DPad D=0;DPad L=0;DPad R=0;DPad U=0;L=0;R=0;Start=0;X Axis=0;Y Axis=0;Z=0"
3104,615,0,111,"","A=0;A Down=0;A Left=0;A Right=0;A Up=0;B=0;C Down=0;C Left=0;C Right=0;C Up=0;DPad D=0;DPad L=0;DPad R=0;DPad U=0;L=0;R=0;Start=0;X Axis=0;Y Axis=0;Z=0"
3105,616,0,111,"","A=0;A Down=0;A Left=0;A Right=0;A Up=0;B=0;C Down=0;C Left=0;C Right=0;C Up=0;DPad D=0;DPad L=0;DPad R=0;DPad U=0;L=0;R=0;Start=0;X Axis=0;Y Axis=0;Z=0"
3106,617,0,111,"","A=0;A Down=0;A Left=0;A Right=0;A Up=0;B=0;C Down=0;C Left=0;C Right=0;C Up=0;DPad D=0;DPad L=0;DPad R=0;DPad U=0;L=0;R=0;Start=0;X Axis=0;Y Axis=0;Z=0"
3107,618,0,111,"","A=0;A Down=0;A Left=0;A Right=0;A Up=0;B=0;C Down=0;C Left=0;C Right=0;C Up=0;DPad D=0;DPad L=0;DPad R=0;DPad U=0;L=0;R=0;Start=0;X Axis=0;Y Axis=0;Z=0"
3108,619,0,111,"","A=0;A Down=0;A Left=0;A Right=0;A Up=0;B=0;C Down=0;C Left=0;C Right=0;C Up=0;DPad D=0;DPad L=0;DPad R=0;DPad U=0;L=0;R=0;Start=0;X Axis=0;Y Axis=0;Z=0"
3109,620,0,111,"","A=0;A Down=0;A Left=0;A Right=0;A Up=0;B=0;C Down=0;C Left=0;C Right=0;C Up=0;DPad D=0;DPad L=0;DPad R=0;DPad U=0;L=0;R=0;Start=0;X Axis=0;Y Axis=0;Z=0"
3110,621,0,111,"","A=0;A Down=0;A Left=0;A Right=0;A Up=0;B=0;C Down=0;C Left=0;C Right=0;C Up=0;DPad D=0;DPad L=0;DPad R=0;DPad U=0;L=0;R=0;Start=0;X Axis=0;Y Axis=0;Z=0"
3111,622,0,111,"","A=0;A Down=0;A Left=0;A Right=0;A Up=0;B=0;C Down=0;C Left=0;C Right=0;C Up=0;DPad D=0;DPad L=0;DPad R=0;DPad U=0;L=0;R=0;Start=0;X Axis=0;Y Axis=0;Z=0"
3112,623,0,111,"","A=0;A Down=0;A Left=0;A Right=0;A Up=0;B=0;C Down=0;C Left=0;C Right=0;C Up=0;DPad D=0;DPad L=0;DPad R=0;DPad U=0;L=0;R=0;Start=0;X Axis=0;Y Axis=0;Z=0"
3113,624,0,111,"","A=0;A Down=0;A Left=0;A Right=0;A Up=0;B=0;C Down=0;C Left=0;C Right=0;C Up=0;DPad D=0;DPad L=0;DPad R=0;DPad U=0;L=0;R=0;Start=0;X Axis=0;Y Axis=0;Z=0"
3114,625,0,111,"","A=0;A Down=0;A Left=0;A Right=0;A Up=0;B=0;C Down=0;C Left=0;C Right=0;C Up=0;DPad D=0;DPad L=0;DPad R=0;DPad U=0;L=0;R=0;Start=0;X Axis=0;Y Axis=0;Z=0"
3115,626,0,111,"","A=0;A Down=0;A Left=0;A Right=0;A Up=0;B=0;C Down=0;C Left=0;C Right=0;C Up=0;DPad D=0;DPad L=0;DPad R=0;DPad U=0;L=0;R=0;Start=0;X Axis=0;Y Axis=0;Z=0"
3116,627,0,111,"","A=0;A Down=0;A Left=0;A Right=0;A Up=0;B=0;C Down=0;C Left=0;C Right=0;C Up=0;DPad D=0;DPad L=0;DPad R=0;DPad U=0;L=0;R=0;Start=0;X Axis=0;Y Axis=0;Z=0"
3117,628,0,111,"","A=0;A Down=0;A Left=0;A Right=0;A Up=0;B=0;C Down=0;C Left=0;C Right=0;C Up=0;DPad D=0;DPad L=0;DPad R=0;DPad U=0;L=0;R=0;Start=0;X Axis=0;Y Axis=0;Z=0"
3118,629,0,111,"","A=0;A Down=0;A Left=0;A Right=0;A Up=0;B=0;C Down=0;C Left=0;C Right=0;C Up=0;DPad D=0;DPad L=0;DPad R=0;DPad U=0;L=0;R=0;Start=0;X Axis=0;Y Axis=0;Z=0"
3119,630,0,111,"","A=0;A Down=0;A Left=0;A Right=0;A Up=0;B=0;C Down=0;C Left=0;C Right=0;C Up=0;DPad D=0;DPad L=0;DPad R=0;DPad U=0;L=0;R=0;Start=0;X Axis=0;Y Axis=0;Z=0"
3120,631,0,111,"","A=0;A Down=0;A Left=0;A Right=0;A Up=0;B=0;C Down=0;C Left=0;C Right=0;C Up=0;DPad D=0;DPad L=0;DPad R=0;DPad U=0;L=0;R=0;Start=0;X Axis=0;Y Axis=0;Z=0"
3121,632,0,111,"","A=0;A Down=0;A Left=0;A Right=0;A Up=0;B=0;C Down=0;C Left=0;C Right=0;C Up=0;DPad D=0;DPad L=0;DPad R=0;DPad U=0;L=0;R=0;Start=0;X Axis=0;Y Axis=0;Z=0"
3122,633,0,111,"","A=0;A Down=0;A Left=0;A Right=0;A Up=0;B=0;C Down=0;C Left=0;C Right=0;C Up=0;DPad D=0;DPad L=0;DPad R=0;DPad U=0;L=0;R=0;Start=0;X Axis=0;Y Axis=0;Z=0"
3123,634,0,111,"","A=0;A Down=0;A Left=0;A Right=0;A Up=0;B=0;C Down=0;C Left=0;C Right=0;C Up=0;DPad D=0;DPad L=0;DPad R=0;DPad U=0;L=0;R=0;Start=0;X Axis=0;Y Axis=0;Z=0"
3124,635,0,111,"","A=0;A Down=0;A Left=0;A Right=0;A Up=0;B=0;C Down=0;C Left=0;C Right=0;C Up=0;DPad D=0;DPad L=0;DPad R=0;DPad U=0;L=0;R=0;Start=0;X Axis=0;Y Axis=0;Z=0"
3125,636,0,111,"","A=0;A Down=0;A Left=0;A Right=0;A Up=0;B=0;C Down=0;C Left=0;C Right=0;C Up=0;DPad D=0;DPad L=0;DPad R=0;DPad U=0;L=0;R=0;Start=0;X Axis=0;Y Axis=0;Z=0"
3126,637,0,111,"","A=0;A Down=0;A Left=0;A Right=0;A Up=0;B=0;C Down=0;C Left=0;C Right=0;C Up=0;DPad D=0;DPad L=0;DPad R=0;DPad U=0;L=0;R=0;Start=0;X Axis=0;Y Axis=0;Z=0"
3127,638,0,111,"","A=0;A Down=0;A Left=0;A Right=0;A Up=0;B=0;C Down=0;C Left=0;C Right=0;C Up=0;DPad D=0;DPad L=0;DPad R=0;DPad U=0;L=0;R=0;Start=0;X Axis=0;Y Axis=0;Z=0"
3128,639,0,111,"","A=0;A Down=0;A Left=0;A Right=0;A Up=0;B=0;C Down=0;C Left=0;C Right=0;C Up=0;DPad D=0;DPad L=0;DPad R=0;DPad U=0;L=0;R=0;Start=0;X Axis=0;Y Axis=0;Z=0"
3129,640,0,111,"","A=0;A Down=0;A Left=0;A Right=0;A Up=0;B=0;C Down=0;C Left=0;C Right=0;C Up=0;DPad D=0;DPad L=0;DPad R=0;DPad U=0;L=0;R=0;Start=0;X Axis=0;Y Axis=0;Z=0"
3130,641,0,111,"","A=0;A Down=0;A Left=0;A Right=0;A Up=0;B=0;C Down=0;C Left=0;C Right=0;C Up=0;DPad D=0;DPad L=0;DPad R=0;DPad U=0;L=0;R=0;Start=0;X Axis=0;Y Axis=0;Z=0"
3131,642,0,111,"","A=0;A Down=0;A Left=0;A Right=0;A Up=0;B=0;C Down=0;C Left=0;C Right=0;C Up=0;DPad D=0;DPad L=0;DPad R=0;DPad U=0;L=0;R=0;Start=0;X Axis=0;Y Axis=0;Z=0"
3132,643,0,111,"","A=0;A Down=0;A Left=0;A Right=0;A Up=0;B=0;C Down=0;C Left=0;C Right=0;C Up=0;DPad D=0;DPad L=0;DPad R=0;DPad U=0;L=0;R=0;Start=0;X Axis=0;Y Axis=0;Z=0"
3133,644,0,111,"","A=0;A Down=0;A Left=0;A Right=0;A Up=0;B=0;C Down=0;C Left=0;C Right=0;C Up=0;DPad D=0;DPad L=0;DPad R=0;DPad U=0;L=0;R=0;Start=0;X Axis=0;Y Axis=0;Z=0"
3134,645,0,111,"","A=0;A Down=0;A Left=0;A Right=0;A Up=0;B=0;C Down=0;C Left=0;C Right=0;C Up=0;DPad D=0;DPad L=0;DPad R=0;DPad U=0;L=0;R=0;Start=0;X Axis=0;Y Axis=0;Z=0"
3135,646,0,111,"","A=0;A Down=0;A Left=0;A Right=0;A Up=0;B=0;C Down=0;C Left=0;C Right=0;C Up=0;DPad D=0;DPad L=0;DPad R=0;DPad U=0;L=0;R=0;Start=0;X Axis=0;Y Axis=0;Z=0"
3136,647,0,111,"","A=0;A Down=0;A Left=0;A Right=0;A Up=0;B=0;C Down=0;C Left=0;C Right=0;C Up=0;DPad D=0;DPad L=0;DPad R=0;DPad U=0;L=0;R=0;Start=0;X Axis=0;Y Axis=0;Z=0"
3137,648,0,111,"","A=0;A Down=0;A Left=0;A Right=0;A Up=0;B=0;C Down=0;C Left=0;C Right=0;C Up=0;DPad D=0;DPad L=0;DPad R=0;DPad U=0;L=0;R=0;Start=0;X Axis=0;Y Axis=0;Z=0"
3138,649,0,111,"","A=0;A Down=0;A Left=0;A Right=0;A Up=0;B=0;C Down=0;C Left=0;C Right=0;C Up=0;DPad D=0;DPad L=0;DPad R=0;DPad U=0;L=0;R=0;Start=0;X Axis=0;Y Axis=0;Z=0"
3139,650,0,111,"","A=0;A Down=0;A Left=0;A Right=0;A Up=0;B=0;C Down=0;C Left=0;C Right=0;C Up=0;DPad D=0;DPad L=0;DPad R=0;DPad U=0;L=0;R=0;Start=0;X Axis=0;Y Axis=0;Z=0"
3140,651,0,111,"","A=0;A Down=0;A Left=0;A Right=0;A Up=0;B=0;C Down=0;C Left=0;C Right=0;C Up=0;DPad D=0;DPad L=0;DPad R=0;DPad U=0;L=0;R=0;Start=0;X Axis=0;Y Axis=0;Z=0"
3141,652,0,111,"","A=0;A Down=0;A Left=0;A Right=0;A Up=0;B=0;C Down=0;C Left=0;C Right=0;C Up=0;DPad D=0;DPad L=0;DPad R=0;DPad U=0;L=0;R=0;Start=0;X Axis=0;Y Axis=0;Z=0"
3142,653,0,111,"","A=0;A Down=0;A Left=0;A Right=0;A Up=0;B=0;C Down=0;C Left=0;C Right=0;C Up=0;DPad D=0;DPad L=0;DPad R=0;DPad U=0;L=0;R=0;Start=0;X Axis=0;Y Axis=0;Z=0"
3143,654,0,111,"","A=0;A Down=0;A Left=0;A Right=0;A Up=0;B=0;C Down=0;C Left=0;C Right=0;C Up=0;DPad D=0;DPad L=0;DPad R=0;DPad U=0;L=0;R=0;Start=0;X Axis=0;Y Axis=0;Z=0"
3144,655,0,111,"","A=0;A Down=0;A Left=0;A Right=0;A Up=0;B=0;C Down=0;C Left=0;C Right=0;C Up=0;DPad D=0;DPad L=0;DPad R=0;DPad U=0;L=0;R=0;Start=0;X Axis=0;Y Axis=0;Z=0"
3145,656,0,111,"","A=0;A Down=0;A Left=0;A Right=0;A Up=0;B=0;C Down=0;C Left=0;C Right=0;C Up=0;DPad D=0;DPad L=0;DPad R=0;DPad U=0;L=0;R=0;Start=0;X Axis=0;Y Axis=0;Z=0"
3146,657,0,111,"","A=0;A Down=0;A Left=0;A Right=0;A Up=0;B=0;C Down=0;C Left=0;C Right=0;C Up=0;DPad D=0;DPad L=0;DPad R=0;DPad U=0;L=0;R=0;Start=0;X Axis=0;Y Axis=0;Z=0"
3147,658,0,111,"","A=0;A Down=0;A Left=0;A Right=0;A Up=0;B=0;C Down=0;C Left=0;C Right=0;C Up=0;DPad D=0;DPad L=0;DPad R=0;DPad U=0;L=0;R=0;Start=0;X Axis=0;Y Axis=0;Z=0"
3148,659,0,111,"","A=0;A Down=0;A Left=0;A Right=0;A Up=0;B=0;C Down=0;C Left=0;C Right=0;C Up=0;DPad D=0;DPad L=0;DPad R=0;DPad U=0;L=0;R=0;Start=0;X Axis=0;Y Axis=0;Z=0"
3149,660,0,111,"","A=0;A Down=0;A Left=0;A Right=0;A Up=0;B=0;C Down=0;C Left=0;C Right=0;C Up=0;DPad D=0;DPad L=0;DPad R=0;DPad U=0;L=0;R=0;Start=0;X Axis=0;Y Axis=0;Z=0"
3150,661,0,111,"","A=0;A Down=0;A Left=0;A Right=0;A Up=0;B=0;C Down=0;C Left=0;C Right=0;C Up=0;DPad D=0;DPad L=0;DPad R=0;DPad U=0;L=0;R=0;Start=0;X Axis=0;Y Axis=0;Z=0"
3151,662,0,111,"","A=0;A Down=0;A Left=0;A Right=0;A Up=0;B=0;C Down=0;C Left=0;C Right=0;C Up=0;DPad D=0;DPad L=0;DPad R=0;DPad U=0;L=0;R=0;Start=0;X Axis=0;Y Axis=0;Z=0"
3152,663,0,111,"","A=0;A Down=0;A Left=0;A Right=0;A Up=0;B=0;C Down=0;C Left=0;C Right=0;C Up=0;DPad D=0;DPad L=0;DPad R=0;DPad U=0;L=0;R=0;Start=0;X Axis=0;Y Axis=0;Z=0"
3153,664,0,111,"","A=0;A Down=0;A Left=0;A Right=0;A Up=0;B=0;C Down=0;C Left=0;C Right=0;C Up=0;DPad D=0;DPad L=0;DPad R=0;DPad U=0;L=0;R=0;Start=0;X Axis=0;Y Axis=0;Z=0"
3154,665,0,111,"","A=0;A Down=0;A Left=0;A Right=0;A Up=0;B=0;C Down=0;C Left=0;C Right=0;C Up=0;DPad D=0;DPad L=0;DPad R=0;DPad U=0;L=0;R=0;Start=0;X Axis=0;Y Axis=0;Z=0"
3155,666,0,111,"","A=0;A Down=0;A Left=0;A Right=0;A Up=0;B=0;C Down=0;C Left=0;C Right=0;C Up=0;DPad D=0;DPad L=0;DPad R=0;DPad U=0;L=0;R=0;Start=0;X Axis=0;Y Axis=0;Z=0"
3156,667,0,111,"","A=0;A Down=0;A Left=0;A Right=0;A Up=0;B=0;C Down=0;C Left=0;C Right=0;C Up=0;DPad D=0;DPad L=0;DPad R=0;DPad U=0;L=0;R=0;Start=0;X Axis=0;Y Axis=0;Z=0"
3157,668,0,111,"","A=0;A Down=0;A Left=0;A Right=0;A Up=0;B=0;C Down=0;C Left=0;C Right=0;C Up=0;DPad D=0;DPad L=0;DPad R=0;DPad U=0;L=0;R=0;Start=0;X Axis=0;Y Axis=0;Z=0"
3158,669,0,111,"","A=0;A Down=0;A Left=0;A Right=0;A Up=0;B=0;C Down=0;C Left=0;C Right=0;C Up=0;DPad D=0;DPad L=0;DPad R=0;DPad U=0;L=0;R=0;Start=0;X Axis=0;Y Axis=0;Z=0"
3159,670,0,111,"","A=0;A Down=0;A Left=0;A Right=0;A Up=0;B=0;C Down=0;C Left=0;C Right=0;C Up=0;DPad D=0;DPad L=0;DPad R=0;DPad U=0;L=0;R=0;Start=0;X Axis=0;Y Axis=0;Z=0"
3160,671,0,111,"","A=0;A Down=0;A Left=0;A Right=0;A Up=0;B=0;C Down=0;C Left=0;C Right=0;C Up=0;DPad D=0;DPad L=0;DPad R=0;DPad U=0;L=0;R=0;Start=0;X Axis=0;Y Axis=0;Z=0"
3161,672,0,111,"","A=0;A Down=0;A Left=0;A Right=0;A Up=0;B=0;C Down=0;C Left=0;C Right=0;C Up=0;DPad D=0;DPad L=0;DPad R=0;DPad U=0;L=0;R=0;Start=0;X Axis=0;Y Axis=0;Z=0"
3162,673,0,111,"","A=0;A Down=0;A Left=0;A Right=0;A Up=0;B=0;C Down=0;C Left=0;C Right=0;C Up=0;DPad D=0;DPad L=0;DPad R=0;DPad U=0;L=0;R=0;Start=0;X Axis=0;Y Axis=0;Z=0"
3163,674,0,111,"","A=0;A Down=0;A Left=0;A Right=0;A Up=0;B=0;C Down=0;C Left=0;C Right=0;C Up=0;DPad D=0;DPad L=0;DPad R=0;DPad U=0;L=0;R=0;Start=0;X Axis=0;Y Axis=0;Z=0"
3164,675,0,111,"","A=0;A Down=0;A Left=0;A Right=0;A Up=0;B=0;C Down=0;C Left=0;C Right=0;C Up=0;DPad D=0;DPad L=0;DPad R=0;DPad U=0;L=0;R=0;Start=0;X Axis=0;Y Axis=0;Z=0"
3165,676,0,111,"","A=0;A Down=0;A Left=0;A Right=0;A Up=0;B=0;C Down=0;C Left=0;C Right=0;C Up=0;DPad D=0;DPad L=0;DPad R=0;DPad U=0;L=0;R=0;Start=0;X Axis=0;Y Axis=0;Z=0"
3166,677,0,111,"","A=0;A Down=0;A Left=0;A Right=0;A Up=0;B=0;C Down=0;C Left=0;C Right=0;C Up=0;DPad D=0;DPad L=0;DPad R=0;DPad U=0;L=0;R=0;Start=0;X Axis=0;Y Axis=0;Z=0"
3167,678,0,111,"","A=0;A Down=0;A Left=0;A Right=0;A Up=0;B=0;C Down=0;C Left=0;C Right=0;C Up=0;DPad D=0;DPad L=0;DPad R=0;DPad U=0;L=0;R=0;Start=0;X Axis=0;Y Axis=0;Z=0"
3168,679,0,111,"","A=0;A Down=0;A Left=0;A Right=0;A Up=0;B=0;C Down=0;C Left=0;C Right=0;C Up=0;DPad D=0;DPad L=0;DPad R=0;DPad U=0;L=0;R=0;Start=0;X Axis=0;Y Axis=0;Z=0"
3169,680,0,111,"","A=0;A Down=0;A Left=0;A Right=0;A Up=0;B=0;C Down=0;C Left=0;C Right=0;C Up=0;DPad D=0;DPad L=0;DPad R=0;DPad U=0;L=0;R=0;Start=0;X Axis=0;Y Axis=0;Z=0"
3170,681,0,111,"","A=0;A Down=0;A Left=0;A Right=0;A Up=0;B=0;C Down=0;C Left=0;C Right=0;C Up=0;DPad D=0;DPad L=0;DPad R=0;DPad U=0;L=0;R=0;Start=0;X Axis=0;Y Axis=0;Z=0"
3171,682,0,111,"","A=0;A Down=0;A Left=0;A Right=0;A Up=0;B=0;C Down=0;C Left=0;C Right=0;C Up=0;DPad D=0;DPad L=0;DPad R=0;DPad U=0;L=0;R=0;Start=0;X Axis=0;Y Axis=0;Z=0"
3172,683,0,111,"","A=0;A Down=0;A Left=0;A Right=0;A Up=0;B=0;C Down=0;C Left=0;C Right=0;C Up=0;DPad D=0;DPad L=0;DPad R=0;DPad U=0;L=0;R=0;Start=0;X Axis=0;Y Axis=0;Z=0"
3173,684,0,111,"","A=0;A Down=0;A Left=0;A Right=0;A Up=0;B=0;C Down=0;C Left=0;C Right=0;C Up=0;DPad D=0;DPad L=0;DPad R=0;DPad U=0;L=0;R=0;Start=0;X Axis=0;Y Axis=0;Z=0"
3174,685,0,111,"","A=0;A Down=0;A Left=0;A Right=0;A Up=0;B=0;C Down=0;C Left=0;C Right=0;C Up=0;DPad D=0;DPad L=0;DPad R=0;DPad U=0;L=0;R=0;Start=0;X Axis=0;Y Axis=0;Z=0"
3175,686,0,111,"","A=0;A Down=0;A Left=0;A Right=0;A Up=0;B=0;C Down=0;C Left=0;C Right=0;C Up=0;DPad D=0;DPad L=0;DPad R=0;DPad U=0;L=0;R=0;Start=0;X Axis=0;Y Axis=0;Z=0"
3176,687,0,111,"","A=0;A Down=0;A Left=0;A Right=0;A Up=0;B=0;C Down=0;C Left=0;C Right=0;C Up=0;DPad D=0;DPad L=0;DPad R=0;DPad U=0;L=0;R=0;Start=0;X Axis=0;Y Axis=0;Z=0"
3177,688,0,111,"","A=0;A Down=0;A Left=0;A Right=0;A Up=0;B=0;C Down=0;C Left=0;C Right=0;C Up=0;DPad D=0;DPad L=0;DPad R=0;DPad U=0;L=0;R=0;Start=0;X Axis=0;Y Axis=0;Z=0"
3178,689,0,111,"","A=0;A Down=0;A Left=0;A Right=0;A Up=0;B=0;C Down=0;C Left=0;C Right=0;C Up=0;DPad D=0;DPad L=0;DPad R=0;DPad U=0;L=0;R=0;Start=0;X Axis=0;Y Axis=0;Z=0"
3179,690,0,111,"","A=0;A Down=0;A Left=0;A Right=0;A Up=0;B=0;C Down=0;C Left=0;C Right=0;C Up=0;DPad D=0;DPad L=0;DPad R=0;DPad U=0;L=0;R=0;Start=0;X Axis=0;Y Axis=0;Z=0"
3180,691,0,111,"","A=0;A Down=0;A Left=0;A Right=0;A Up=0;B=0;C Down=0;C Left=0;C Right=0;C Up=0;DPad D=0;DPad L=0;DPad R=0;DPad U=0;L=0;R=0;Start=0;X Axis=0;Y Axis=0;Z=0"
3181,692,0,111,"","A=0;A Down=0;A Left=0;A Right=0;A Up=0;B=0;C Down=0;C Left=0;C Right=0;C Up=0;DPad D=0;DPad L=0;DPad R=0;DPad U=0;L=0;R=0;Start=0;X Axis=0;Y Axis=0;Z=0"
3182,693,0,111,"","A=0;A Down=0;A Left=0;A Right=0;A Up=0;B=0;C Down=0;C Left=0;C Right=0;C Up=0;DPad D=0;DPad L=0;DPad R=0;DPad U=0;L=0;R=0;Start=0;X Axis=0;Y Axis=0;Z=0"
3183,694,0,111,"","A=0;A Down=0;A Left=0;A Right=0;A Up=0;B=0;C Down=0;C Left=0;C Right=0;C Up=0;DPad D=0;DPad L=0;DPad R=0;DPad U=0;L=0;R=0;Start=0;X Axis=0;Y Axis=0;Z=0"
3184,695,0,111,"SOLDIER_VISIBLE","A=0;A Down=0;A Left=0;A Right=0;A Up=0;B=0;C Down=0;C Left=0;C Right=0;C Up=0;DPad D=0;DPad L=0;DPad R=0;DPad U=0;L=0;R=0;Start=0;X Axis=0;Y Axis=0;Z=0"
3185,696,0,111,"","A=0;A Down=0;A Left=0;A Right=0;A Up=0;B=0;C Down=0;C Left=0;C Right=0;C Up=0;DPad D=0;DPad L=0;DPad R=0;DPad U=0;L=0;R=0;Start=0;X Axis=0;Y Axis=0;Z=0"
3186,697,0,111,"","A=0;A Down=0;A Left=0;A Right=0;A Up=0;B=0;C Down=0;C Left=0;C Right=0;C Up=0;DPad D=0;DPad L=0;DPad R=0;DPad U=0;L=0;R=0;Start=0;X Axis=0;Y Axis=0;Z=0"
3187,698,0,111,"","A=0;A Down=0;A Left=0;A Right=0;A Up=0;B=0;C Down=0;C Left=0;C Right=0;C Up=0;DPad D=0;DPad L=0;DPad R=0;DPad U=0;L=0;R=0;Start=0;X Axis=0;Y Axis=0;Z=0"
3188,699,0,111,"","A=0;A Down=0;A Left=0;A Right=0;A Up=0;B=0;C Down=0;C Left=0;C Right=0;C Up=0;DPad D=0;DPad L=0;DPad R=0;DPad U=0;L=0;R=0;Start=0;X Axis=0;Y Axis=0;Z=0"
3189,700,0,111,"","A=0;A Down=0;A Left=0;A Right=0;A Up=0;B=0;C Down=0;C Left=0;C Right=0;C Up=0;DPad D=0;DPad L=0;DPad R=0;DPad U=0;L=0;R=0;Start=0;X Axis=0;Y Axis=0;Z=0"
3190,701,0,111,"","A=0;A Down=0;A Left=0;A Right=0;A Up=0;B=0;C Down=0;C Left=0;C Right=0;C Up=0;DPad D=0;DPad L=0;DPad R=0;DPad U=0;L=0;R=0;Start=0;X Axis=0;Y Axis=0;Z=0"
3191,702,0,111,"","A=0;A Down=0;A Left=0;A Right=0;A Up=0;B=0;C Down=0;C Left=0;C Right=0;C Up=0;DPad D=0;DPad L=0;DPad R=0;DPad U=0;L=0;R=0;Start=0;X Axis=0;Y Axis=0;Z=0"
3192,703,0,111,"","A=0;A Down=0;A Left=0;A Right=0;A Up=0;B=0;C Down=0;C Left=0;C Right=0;C Up=0;DPad D=0;DPad L=0;DPad R=0;DPad U=0;L=0;R=0;Start=0;X Axis=0;Y Axis=0;Z=0"
3193,704,0,111,"","A=0;A Down=0;A Left=0;A Right=0;A Up=0;B=0;C Down=0;C Left=0;C Right=0;C Up=0;DPad D=0;DPad L=0;DPad R=0;DPad U=0;L=0;R=0;Start=0;X Axis=0;Y Axis=0;Z=0"
3194,705,0,111,"","A=0;A Down=0;A Left=0;A Right=0;A Up=0;B=0;C Down=0;C Left=0;C Right=0;C Up=0;DPad D=0;DPad L=0;DPad R=0;DPad U=0;L=0;R=0;Start=0;X Axis=0;Y Axis=0;Z=0"
3195,706,0,111,"","A=0;A Down=0;A Left=0;A Right=0;A Up=0;B=0;C Down=0;C Left=0;C Right=0;C Up=0;DPad D=0;DPad L=0;DPad R=0;DPad U=0;L=0;R=0;Start=0;X Axis=0;Y Axis=0;Z=0"
3196,707,0,111,"","A=0;A Down=0;A Left=0;A Right=0;A Up=0;B=0;C Down=0;C Left=0;C Right=0;C Up=0;DPad D=0;DPad L=0;DPad R=0;DPad U=0;L=0;R=0;Start=0;X Axis=0;Y Axis=0;Z=0"
3197,708,0,111,"","A=0;A Down=0;A Left=0;A Right=0;A Up=0;B=0;C Down=0;C Left=0;C Right=0;C Up=0;DPad D=0;DPad L=0;DPad R=0;DPad U=0;L=0;R=0;Start=0;X Axis=0;Y Axis=0;Z=0"
3198,709,0,111,"","A=0;A Down=0;A Left=0;A Right=0;A Up=0;B=0;C Down=0;C Left=0;C Right=0;C Up=0;DPad D=0;DPad L=0;DPad R=0;DPad U=0;L=0;R=0;Start=0;X Axis=0;Y Axis=0;Z=0"
3199,710,0,111,"","A=0;A Down=0;A Left=0;A Right=0;A Up=0;B=0;C Down=0;C Left=0;C Right=0;C Up=0;DPad D=0;DPad L=0;DPad R=0;DPad U=0;L=0;R=0;Start=0;X Axis=0;Y Axis=0;Z=0"
3200,711,0,111,"","A=0;A Down=0;A Left=0;A Right=0;A Up=0;B=0;C Down=0;C Left=0;C Right=0;C Up=0;DPad D=0;DPad L=0;DPad R=0;DPad U=0;L=0;R=0;Start=0;X Axis=0;Y Axis=0;Z=0"
3201,712,0,111,"","A=0;A Down=0;A Left=0;A Right=0;A Up=0;B=0;C Down=0;C Left=0;C Right=0;C Up=0;DPad D=0;DPad L=0;DPad R=0;DPad U=0;L=0;R=0;Start=0;X Axis=0;Y Axis=0;Z=0"
3202,713,0,111,"","A=0;A Down=0;A Left=0;A Right=0;A Up=0;B=0;C Down=0;C Left=0;C Right=0;C Up=0;DPad D=0;DPad L=0;DPad R=0;DPad U=0;L=0;R=0;Start=0;X Axis=0;Y Axis=0;Z=0"
3203,714,0,111,"","A=0;A Down=0;A Left=0;A Right=0;A Up=0;B=0;C Down=0;C Left=0;C Right=0;C Up=0;DPad D=0;DPad L=0;DPad R=0;DPad U=0;L=0;R=0;Start=0;X Axis=0;Y Axis=0;Z=0"
3204,715,0,111,"","A=0;A Down=0;A Left=0;A Right=0;A Up=0;B=0;C Down=0;C Left=0;C Right=0;C Up=0;DPad D=0;DPad L=0;DPad R=0;DPad U=0;L=0;R=0;Start=0;X Axis=0;Y Axis=0;Z=0"
3205,716,0,111,"","A=0;A Down=0;A Left=0;A Right=0;A Up=0;B=0;C Down=0;C Left=0;C Right=0;C Up=0;DPad D=0;DPad L=0;DPad R=0;DPad U=0;L=0;R=0;Start=0;X Axis=0;Y Axis=0;Z=0"
3206,717,0,111,"","A=0;A Down=0;A Left=0;A Right=0;A Up=0;B=0;C Down=0;C Left=0;C Right=0;C Up=0;DPad D=0;DPad L=0;DPad R=0;DPad U=0;L=0;R=0;Start=0;X Axis=0;Y Axis=0;Z=0"
3207,718,0,111,"","A=0;A Down=0;A Left=0;A Right=0;A Up=0;B=0;C Down=0;C Left=0;C Right=0;C Up=0;DPad D=0;DPad L=0;DPad R=0;DPad U=0;L=0;R=0;Start=0;X Axis=0;Y Axis=0;Z=0"
3208,719,0,111,"","A=0;A Down=0;A Left=0;A Right=0;A Up=0;B=0;C Down=0;C Left=0;C Right=0;C Up=0;DPad D=0;DPad L=0;DPad R=0;DPad U=0;L=0;R=0;Start=0;X Axis=0;Y Axis=0;Z=0"
3209,720,0,111,"","A=0;A Down=0;A Left=0;A Right=0;A Up=0;B=0;C Down=0;C Left=0;C Right=0;C Up=0;DPad D=0;DPad L=0;DPad R=0;DPad U=0;L=0;R=0;Start=0;X Axis=0;Y Axis=0;Z=0"
3210,721,0,111,"","A=0;A Down=0;A Left=0;A Right=0;A Up=0;B=0;C Down=0;C Left=0;C Right=0;C Up=0;DPad D=0;DPad L=0;DPad R=0;DPad U=0;L=0;R=0;Start=0;X Axis=0;Y Axis=0;Z=0"
3211,722,0,111,"","A=0;A Down=0;A Left=0;A Right=0;A Up=0;B=0;C Down=0;C Left=0;C Right=0;C Up=0;DPad D=0;DPad L=0;DPad R=0;DPad U=0;L=0;R=0;Start=0;X Axis=0;Y Axis=0;Z=0"
3212,723,0,111,"","A=0;A Down=0;A Left=0;A Right=0;A Up=0;B=0;C Down=0;C Left=0;C Right=0;C Up=0;DPad D=0;DPad L=0;DPad R=0;DPad U=0;L=0;R=0;Start=0;X Axis=0;Y Axis=0;Z=0"
3213,724,0,111,"","A=0;A Down=0;A Left=0;A Right=0;A Up=0;B=0;C Down=0;C Left=0;C Right=0;C Up=0;DPad D=0;DPad L=0;DPad R=0;DPad U=0;L=0;R=0;Start=0;X Axis=0;Y Axis=0;Z=0"
3214,725,0,111,"","A=0;A Down=0;A Left=0;A Right=0;A Up=0;B=0;C Down=0;C Left=0;C Right=0;C Up=0;DPad D=0;DPad L=0;DPad R=0;DPad U=0;L=0;R=0;Start=0;X Axis=0;Y Axis=0;Z=0"
3215,726,0,111,"","A=0;A Down=0;A Left=0;A Right=0;A Up=0;B=0;C Down=0;C Left=0;C Right=0;C Up=0;DPad D=0;DPad L=0;DPad R=0;DPad U=0;L=0;R=0;Start=0;X Axis=0;Y Axis=0;Z=0"
3216,727,0,111,"","A=0;A Down=0;A Left=0;A Right=0;A Up=0;B=0;C Down=0;C Left=0;C Right=0;C Up=0;DPad D=0;DPad L=0;DPad R=0;DPad U=0;L=0;R=0;Start=0;X Axis=0;Y Axis=0;Z=0"
3217,728,0,111,"","A=0;A Down=0;A Left=0;A Right=0;A Up=0;B=0;C Down=0;C Left=0;C Right=0;C Up=0;DPad D=0;DPad L=0;DPad R=0;DPad U=0;L=0;R=0;Start=0;X Axis=0;Y Axis=0;Z=0"
3218,729,0,111,"","A=0;A Down=0;A Left=0;A Right=0;A Up=0;B=0;C Down=0;C Left=0;C Right=0;C Up=0;DPad D=0;DPad L=0;DPad R=0;DPad U=0;L=0;R=0;Start=0;X Axis=0;Y Axis=0;Z=0"
3219,730,0,111,"","A=0;A Down=0;A Left=0;A Right=0;A Up=0;B=0;C Down=0;C Left=0;C Right=0;C Up=0;DPad D=0;DPad L=0;DPad R=0;DPad U=0;L=0;R=0;Start=0;X Axis=0;Y Axis=0;Z=0"
3220,731,0,111,"","A=0;A Down=0;A Left=0;A Right=0;A Up=0;B=0;C Down=0;C Left=0;C Right=0;C Up=0;DPad D=0;DPad L=0;DPad R=0;DPad U=0;L=0;R=0;Start=0;X Axis=0;Y Axis=0;Z=0"
3221,732,0,111,"","A=0;A Down=0;A Left=0;A Right=0;A Up=0;B=0;C Down=0;C Left=0;C Right=0;C Up=0;DPad D=0;DPad L=0;DPad R=0;DPad U=0;L=0;R=0;Start=0;X Axis=0;Y Axis=0;Z=0"
3222,733,0,111,"","A=0;A Down=0;A Left=0;A Right=0;A Up=0;B=0;C Down=0;C Left=0;C Right=0;C Up=0;DPad D=0;DPad L=0;DPad R=0;DPad U=0;L=0;R=0;Start=0;X Axis=0;Y Axis=0;Z=0"
3223,734,0,111,"","A=0;A Down=0;A Left=0;A Right=0;A Up=0;B=0;C Down=0;C Left=0;C Right=0;C Up=0;DPad D=0;DPad L=0;DPad R=0;DPad U=0;L=0;R=0;Start=0;X Axis=0;Y Axis=0;Z=0"
3224,735,0,111,"","A=0;A Down=0;A Left=0;A Right=0;A Up=0;B=0;C Down=0;C Left=0;C Right=0;C Up=0;DPad D=0;DPad L=0;DPad R=0;DPad U=0;L=0;R=0;Start=0;X Axis=0;Y Axis=0;Z=0"
3225,736,0,111,"","A=0;A Down=0;A Left=0;A Right=0;A Up=0;B=0;C Down=0;C Left=0;C Right=0;C Up=0;DPad D=0;DPad L=0;DPad R=0;DPad U=0;L=0;R=0;Start=0;X Axis=0;Y Axis=0;Z=0"
3226,737,0,111,"","A=0;A Down=0;A Left=0;A Right=0;A Up=0;B=0;C Down=0;C Left=0;C Right=0;C Up=0;DPad D=0;DPad L=0;DPad R=0;DPad U=0;L=0;R=0;Start=0;X Axis=0;Y Axis=0;Z=0"
3227,738,0,111,"","A=0;A Down=0;A Left=0;A Right=0;A Up=0;B=0;C Down=0;C Left=0;C Right=0;C Up=0;DPad D=0;DPad L=0;DPad R=0;DPad U=0;L=0;R=0;Start=0;X Axis=0;Y Axis=0;Z=0"
3228,739,0,111,"","A=0;A Down=0;A Left=0;A Right=0;A Up=0;B=0;C Down=0;C Left=0;C Right=0;C Up=0;DPad D=0;DPad L=0;DPad R=0;DPad U=0;L=0;R=0;Start=0;X Axis=0;Y Axis=0;Z=0"
3229,740,0,111,"","A=0;A Down=0;A Left=0;A Right=0;A Up=0;B=0;C Down=0;C Left=0;C Right=0;C Up=0;DPad D=0;DPad L=0;DPad R=0;DPad U=0;L=0;R=0;Start=0;X Axis=0;Y Axis=0;Z=0"
3230,741,0,111,"","A=0;A Down=0;A Left=0;A Right=0;A Up=0;B=0;C Down=0;C Left=0;C Right=0;C Up=0;DPad D=0;DPad L=0;DPad R=0;DPad U=0;L=0;R=0;Start=0;X Axis=0;Y Axis=0;Z=0"
3231,742,0,111,"","A=0;A Down=0;A Left=0;A Right=0;A Up=0;B=0;C Down=0;C Left=0;C Right=0;C Up=0;DPad D=0;DPad L=0;DPad R=0;DPad U=0;L=0;R=0;Start=0;X Axis=0;Y Axis=0;Z=0"
3232,743,0,111,"","A=0;A Down=0;A Left=0;A Right=0;A Up=0;B=0;C Down=0;C Left=0;C Right=0;C Up=0;DPad D=0;DPad L=0;DPad R=0;DPad U=0;L=0;R=0;Start=0;X Axis=0;Y Axis=0;Z=0"
3233,744,0,111,"","A=0;A Down=0;A Left=0;A Right=0;A Up=0;B=0;C Down=0;C Left=0;C Right=0;C Up=0;DPad D=0;DPad L=0;DPad R=0;DPad U=0;L=0;R=0;Start=0;X Axis=0;Y Axis=0;Z=0"
3234,745,0,111,"","A=0;A Down=0;A Left=0;A Right=0;A Up=0;B=0;C Down=0;C Left=0;C Right=0;C Up=0;DPad D=0;DPad L=0;DPad R=0;DPad U=0;L=0;R=0;Start=0;X Axis=0;Y Axis=0;Z=0"
3235,746,0,111,"","A=0;A Down=0;A Left=0;A Right=0;A Up=0;B=0;C Down=0;C Left=0;C Right=0;C Up=0;DPad D=0;DPad L=0;DPad R=0;DPad U=0;L=0;R=0;Start=0;X Axis=0;Y Axis=0;Z=0"
3236,747,0,111,"","A=0;A Down=0;A Left=0;A Right=0;A Up=0;B=0;C Down=0;C Left=0;C Right=0;C Up=0;DPad D=0;DPad L=0;DPad R=0;DPad U=0;L=0;R=0;Start=0;X Axis=0;Y Axis=0;Z=0"
3237,748,0,111,"","A=0;A Down=0;A Left=0;A Right=0;A Up=0;B=0;C Down=0;C Left=0;C Right=0;C Up=0;DPad D=0;DPad L=0;DPad R=0;DPad U=0;L=0;R=0;Start=0;X Axis=0;Y Axis=0;Z=0"
3238,749,0,111,"","A=0;A Down=0;A Left=0;A Right=0;A Up=0;B=0;C Down=0;C Left=0;C Right=0;C Up=0;DPad D=0;DPad L=0;DPad R=0;DPad U=0;L=0;R=0;Start=0;X Axis=0;Y Axis=0;Z=0"
3239,750,0,111,"","A=0;A Down=0;A Left=0;A Right=0;A Up=0;B=0;C Down=0;C Left=0;C Right=0;C Up=0;DPad D=0;DPad L=0;DPad R=0;DPad U=0;L=0;R=0;Start=0;X Axis=0;Y Axis=0;Z=0"
3240,751,0,111,"","A=0;A Down=0;A Left=0;A Right=0;A Up=0;B=0;C Down=0;C Left=0;C Right=0;C Up=0;DPad D=0;DPad L=0;DPad R=0;DPad U=0;L=0;R=0;Start=0;X Axis=0;Y Axis=0;Z=0"
3241,752,0,111,"","A=0;A Down=0;A Left=0;A Right=0;A Up=0;B=0;C Down=0;C Left=0;C Right=0;C Up=0;DPad D=0;DPad L=0;DPad R=0;DPad U=0;L=0;R=0;Start=0;X Axis=0;Y Axis=0;Z=0"
3242,753,0,111,"","A=0;A Down=0;A Left=0;A Right=0;A Up=0;B=0;C Down=0;C Left=0;C Right=0;C Up=0;DPad D=0;DPad L=0;DPad R=0;DPad U=0;L=0;R=0;Start=0;X Axis=0;Y Axis=0;Z=0"
3243,754,0,111,"","A=0;A Down=0;A Left=0;A Right=0;A Up=0;B=0;C Down=0;C Left=0;C Right=0;C Up=0;DPad D=0;DPad L=0;DPad R=0;DPad U=0;L=0;R=0;Start=0;X Axis=0;Y Axis=0;Z=0"
3244,755,0,111,"","A=0;A Down=0;A Left=0;A Right=0;A Up=0;B=0;C Down=0;C Left=0;C Right=0;C Up=0;DPad D=0;DPad L=0;DPad R=0;DPad U=0;L=0;R=0;Start=0;X Axis=0;Y Axis=0;Z=0"
3245,756,0,111,"","A=0;A Down=0;A Left=0;A Right=0;A Up=0;B=0;C Down=0;C Left=0;C Right=0;C Up=0;DPad D=0;DPad L=0;DPad R=0;DPad U=0;L=0;R=0;Start=0;X Axis=0;Y Axis=0;Z=0"
3246,757,0,111,"","A=0;A Down=0;A Left=0;A Right=0;A Up=0;B=0;C Down=0;C Left=0;C Right=0;C Up=0;DPad D=0;DPad L=0;DPad R=0;DPad U=0;L=0;R=0;Start=0;X Axis=0;Y Axis=0;Z=0"
3247,758,0,111,"","A=0;A Down=0;A Left=0;A Right=0;A Up=0;B=0;C Down=0;C Left=0;C Right=0;C Up=0;DPad D=0;DPad L=0;DPad R=0;DPad U=0;L=0;R=0;Start=0;X Axis=0;Y Axis=0;Z=0"
3248,759,0,111,"","A=0;A Down=0;A Left=0;A Right=0;A Up=0;B=0;C Down=0;C Left=0;C Right=0;C Up=0;DPad D=0;DPad L=0;DPad R=0;DPad U=0;L=0;R=0;Start=0;X Axis=0;Y Axis=0;Z=0"
3249,760,0,111,"","A=0;A Down=0;A Left=0;A Right=0;A Up=0;B=0;C Down=0;C Left=0;C Right=0;C Up=0;DPad D=0;DPad L=0;DPad R=0;DPad U=0;L=0;R=0;Start=0;X Axis=0;Y Axis=0;Z=0"
3250,761,0,111,"","A=0;A Down=0;A Left=0;A Right=0;A Up=0;B=0;C Down=0;C Left=0;C Right=0;C Up=0;DPad D=0;DPad L=0;DPad R=0;DPad U=0;L=0;R=0;Start=0;X Axis=0;Y Axis=0;Z=0"
3251,762,0,111,"","A=0;A Down=0;A Left=0;A Right=0;A Up=0;B=0;C Down=0;C Left=0;C Right=0;C Up=0;DPad D=0;DPad L=0;DPad R=0;DPad U=0;L=0;R=0;Start=0;X Axis=0;Y Axis=0;Z=0"
3252,763,0,111,"","A=0;A Down=0;A Left=0;A Right=0;A Up=0;B=0;C Down=0;C Left=0;C Right=0;C Up=0;DPad D=0;DPad L=0;DPad R=0;DPad U=0;L=0;R=0;Start=0;X Axis=0;Y Axis=0;Z=0"
3253,764,0,111,"","A=0;A Down=0;A Left=0;A Right=0;A Up=0;B=0;C Down=0;C Left=0;C Right=0;C Up=0;DPad D=0;DPad L=0;DPad R=0;DPad U=0;L=0;R=0;Start=0;X Axis=0;Y Axis=0;Z=0"
3254,765,0,111,"","A=0;A Down=0;A Left=0;A Right=0;A Up=0;B=0;C Down=0;C Left=0;C Right=0;C Up=0;DPad D=0;DPad L=0;DPad R=0;DPad U=0;L=0;R=0;Start=0;X Axis=0;Y Axis=0;Z=0"
3255,766,0,111,"","A=0;A Down=0;A Left=0;A Right=0;A Up=0;B=0;C Down=0;C Left=0;C Right=0;C Up=0;DPad D=0;DPad L=0;DPad R=0;DPad U=0;L=0;R=0;Start=0;X Axis=0;Y Axis=0;Z=0"
3256,767,0,111,"","A=0;A Down=0;A Left=0;A Right=0;A Up=0;B=0;C Down=0;C Left=0;C Right=0;C Up=0;DPad D=0;DPad L=0;DPad R=0;DPad U=0;L=0;R=0;Start=0;X Axis=0;Y Axis=0;Z=0"
3257,768,0,111,"","A=0;A Down=0;A Left=0;A Right=0;A Up=0;B=0;C Down=0;C Left=0;C Right=0;C Up=0;DPad D=0;DPad L=0;DPad R=0;DPad U=0;L=0;R=0;Start=0;X Axis=0;Y Axis=0;Z=0"
3258,769,0,111,"","A=0;A Down=0;A Left=0;A Right=0;A Up=0;B=0;C Down=0;C Left=0;C Right=0;C Up=0;DPad D=0;DPad L=0;DPad R=0;DPad U=0;L=0;R=0;Start=0;X Axis=0;Y Axis=0;Z=0"
3259,770,0,111,"","A=0;A Down=0;A Left=0;A Right=0;A Up=0;B=0;C Down=0;C Left=0;C Right=0;C Up=0;DPad D=0;DPad L=0;DPad R=0;DPad U=0;L=0;R=0;Start=0;X Axis=0;Y Axis=0;Z=0"
3260,771,0,111,"","A=0;A Down=0;A Left=0;A Right=0;A Up=0;B=0;C Down=0;C Left=0;C Right=0;C Up=0;DPad D=0;DPad L=0;DPad R=0;DPad U=0;L=0;R=0;Start=0;X Axis=0;Y Axis=0;Z=0"
3261,772,0,111,"","A=0;A Down=0;A Left=0;A Right=0;A Up=0;B=0;C Down=0;C Left=0;C Right=0;C Up=0;DPad D=0;DPad L=0;DPad R=0;DPad U=0;L=0;R=0;Start=0;X Axis=0;Y Axis=0;Z=0"
3262,773,0,111,"","A=0;A Down=0;A Left=0;A Right=0;A Up=0;B=0;C Down=0;C Left=0;C Right=0;C Up=0;DPad D=0;DPad L=0;DPad R=0;DPad U=0;L=0;R=0;Start=0;X Axis=0;Y Axis=0;Z=0"
3263,774,0,111,"","A=0;A Down=0;A Left=0;A Right=0;A Up=0;B=0;C Down=0;C Left=0;C Right=0;C Up=0;DPad D=0;DPad L=0;DPad R=0;DPad U=0;L=0;R=0;Start=0;X Axis=0;Y Axis=0;Z=0"
3264,775,0,111,"","A=0;A Down=0;A Left=0;A Right=0;A Up=0;B=0;C Down=0;C Left=0;C Right=0;C Up=0;DPad D=0;DPad L=0;DPad R=0;DPad U=0;L=0;R=0;Start=0;X Axis=0;Y Axis=0;Z=0"
3265,776,0,111,"","A=0;A Down=0;A Left=0;A Right=0;A Up=0;B=0;C Down=0;C Left=0;C Right=0;C Up=0;DPad D=0;DPad L=0;DPad R=0;DPad U=0;L=0;R=0;Start=0;X Axis=0;Y Axis=0;Z=0"
3266,777,0,111,"","A=0;A Down=0;A Left=0;A Right=0;A Up=0;B=0;C Down=0;C Left=0;C Right=0;C Up=0;DPad D=0;DPad L=0;DPad R=0;DPad U=0;L=0;R=0;Start=0;X Axis=0;Y Axis=0;Z=0"
3267,778,0,111,"","A=0;A Down=0;A Left=1;A Right=0;A Up=1;B=0;C Down=0;C Left=0;C Right=0;C Up=0;DPad D=0;DPad L=0;DPad R=0;DPad U=0;L=0;R=0;Start=0;X Axis=0;Y Axis=0;Z=0"
3268,779,0,111,"","A=0;A Down=0;A Left=1;A Right=0;A Up=1;B=0;C Down=0;C Left=0;C Right=0;C Up=0;DPad D=0;DPad L=0;DPad R=0;DPad U=0;L=0;R=0;Start=0;X Axis=0;Y Axis=0;Z=0"
3269,780,0,111,"","A=0;A Down=0;A Left=1;A Right=0;A Up=1;B=0;C Down=0;C Left=0;C Right=0;C Up=0;DPad D=0;DPad L=0;DPad R=0;DPad U=0;L=0;R=0;Start=0;X Axis=0;Y Axis=0;Z=0"
3270,781,0,111,"","A=0;A Down=0;A Left=1;A Right=0;A Up=1;B=0;C Down=0;C Left=0;C Right=0;C Up=0;DPad D=0;DPad L=0;DPad R=0;DPad U=0;L=0;R=0;Start=0;X Axis=0;Y Axis=0;Z=0"
3271,782,0,111,"","A=0;A Down=0;A Left=1;A Right=0;A Up=1;B=0;C Down=0;C Left=0;C Right=0;C Up=0;DPad D=0;DPad L=0;DPad R=0;DPad U=0;L=0;R=0;Start=0;X Axis=0;Y Axis=0;Z=0"
3272,783,0,111,"","A=0;A Down=0;A Left=1;A Right=0;A Up=1;B=0;C Down=0;C Left=0;C Right=0;C Up=0;DPad D=0;DPad L=0;DPad R=0;DPad U=0;L=0;R=0;Start=0;X Axis=0;Y Axis=0;Z=0"
3273,784,0,111,"","A=0;A Down=0;A Left=1;A Right=0;A Up=1;B=0;C Down=0;C Left=0;C Right=0;C Up=0;DPad D=0;DPad L=0;DPad R=0;DPad U=0;L=0;R=0;Start=0;X Axis=0;Y Axis=0;Z=0"
3274,785,0,111,"","A=0;A Down=0;A Left=1;A Right=0;A Up=1;B=0;C Down=0;C Left=0;C Right=0;C Up=0;DPad D=0;DPad L=0;DPad R=0;DPad U=0;L=0;R=0;Start=0;X Axis=0;Y Axis=0;Z=0"
3275,786,0,111,"","A=0;A Down=0;A Left=1;A Right=0;A Up=1;B=0;C Down=0;C Left=0;C Right=0;C Up=0;DPad D=0;DPad L=0;DPad R=0;DPad U=0;L=0;R=0;Start=0;X Axis=0;Y Axis=0;Z=0"
3276,787,0,111,"","A=0;A Down=0;A Left=1;A Right=0;A Up=1;B=0;C Down=0;C Left=0;C Right=0;C Up=0;DPad D=0;DPad L=0;DPad R=0;DPad U=0;L=0;R=0;Start=0;X Axis=0;Y Axis=0;Z=0"
3277,788,0,111,"","A=0;A Down=0;A Left=0;A Right=0;A Up=0;B=0;C Down=0;C Left=0;C Right=0;C Up=0;DPad D=0;DPad L=0;DPad R=0;DPad U=0;L=0;R=0;Start=0;X Axis=0;Y Axis=0;Z=0"
3278,789,0,111,"","A=0;A Down=0;A Left=0;A Right=0;A Up=0;B=0;C Down=0;C Left=0;C Right=0;C Up=0;DPad D=0;DPad L=0;DPad R=0;DPad U=0;L=0;R=0;Start=0;X Axis=0;Y Axis=0;Z=0"
3279,790,0,111,"","A=0;A Down=0;A Left=0;A Right=0;A Up=0;B=0;C Down=0;C Left=0;C Right=0;C Up=0;DPad D=0;DPad L=0;DPad R=0;DPad U=0;L=0;R=0;Start=0;X Axis=0;Y Axis=0;Z=0"
3280,791,0,111,"","A=0;A Down=0;A Left=0;A Right=0;A Up=0;B=0;C Down=0;C Left=0;C Right=0;C Up=0;DPad D=0;DPad L=0;DPad R=0;DPad U=0;L=0;R=0;Start=0;X Axis=0;Y Axis=0;Z=0"
3281,792,0,111,"","A=0;A Down=0;A Left=0;A Right=0;A Up=0;B=0;C Down=0;C Left=0;C Right=0;C Up=0;DPad D=0;DPad L=0;DPad R=0;DPad U=0;L=0;R=0;Start=0;X Axis=0;Y Axis=0;Z=0"
3282,793,0,111,"","A=0;A Down=0;A Left=0;A Right=0;A Up=0;B=0;C Down=0;C Left=0;C Right=0;C Up=0;DPad D=0;DPad L=0;DPad R=0;DPad U=0;L=0;R=0;Start=0;X Axis=0;Y Axis=0;Z=0"
3283,794,0,111,"","A=0;A Down=0;A Left=0;A Right=0;A Up=0;B=0;C Down=0;C Left=0;C Right=0;C Up=0;DPad D=0;DPad L=0;DPad R=0;DPad U=0;L=0;R=0;Start=0;X Axis=0;Y Axis=0;Z=0"
3284,795,0,111,"","A=0;A Down=0;A Left=0;A Right=0;A Up=0;B=0;C Down=0;C Left=0;C Right=0;C Up=0;DPad D=0;DPad L=0;DPad R=0;DPad U=0;L=0;R=0;Start=0;X Axis=0;Y Axis=0;Z=0"
3285,796,0,111,"","A=0;A Down=0;A Left=0;A Right=0;A Up=0;B=0;C Down=0;C Left=0;C Right=0;C Up=0;DPad D=0;DPad L=0;DPad R=0;DPad U=0;L=0;R=0;Start=0;X Axis=0;Y Axis=0;Z=0"
3286,797,0,111,"","A=0;A Down=0;A Left=0;A Right=0;A Up=0;B=0;C Down=0;C Left=0;C Right=0;C Up=0;DPad D=0;DPad L=0;DPad R=0;DPad U=0;L=0;R=0;Start=0;X Axis=0;Y Axis=0;Z=0"
3287,798,0,111,"","A=0;A Down=0;A Left=0;A Right=0;A Up=0;B=0;C Down=0;C Left=0;C Right=0;C Up=0;DPad D=0;DPad L=0;DPad R=0;DPad U=0;L=0;R=0;Start=0;X Axis=0;Y Axis=0;Z=0"
3288,799,0,111,"","A=0;A Down=0;A Left=0;A Right=0;A Up=0;B=0;C Down=0;C Left=0;C Right=0;C Up=0;DPad D=0;DPad L=0;DPad R=0;DPad U=0;L=0;R=0;Start=0;X Axis=0;Y Axis=0;Z=0"
3289,800,0,111,"","A=0;A Down=0;A Left=0;A Right=0;A Up=0;B=0;C Down=0;C Left=0;C Right=0;C Up=0;DPad D=0;DPad L=0;DPad R=0;DPad U=0;L=0;R=0;Start=0;X Axis=0;Y Axis=0;Z=0"
3290,801,0,111,"","A=0;A Down=0;A Left=0;A Right=0;A Up=0;B=0;C Down=0;C Left=0;C Right=0;C Up=0;DPad D=0;DPad L=0;DPad R=0;DPad U=0;L=0;R=0;Start=0;X Axis=0;Y Axis=0;Z=0"
3291,802,0,111,"","A=0;A Down=0;A Left=0;A Right=0;A Up=0;B=0;C Down=0;C Left=0;C Right=0;C Up=0;DPad D=0;DPad L=0;DPad R=0;DPad U=0;L=0;R=0;Start=0;X Axis=0;Y Axis=0;Z=0"
3292,803,0,111,"","A=0;A Down=0;A Left=0;A Right=0;A Up=0;B=0;C Down=0;C Left=0;C Right=0;C Up=0;DPad D=0;DPad L=0;DPad R=0;DPad U=0;L=0;R=0;Start=0;X Axis=0;Y Axis=0;Z=0"
3293,804,0,111,"","A=0;A Down=0;A Left=0;A Right=0;A Up=0;B=0;C Down=0;C Left=0;C Right=0;C Up=0;DPad D=0;DPad L=0;DPad R=0;DPad U=0;L=0;R=0;Start=0;X Axis=0;Y Axis=0;Z=0"
3294,805,0,111,"","A=0;A Down=0;A Left=0;A Right=0;A Up=0;B=0;C Down=0;C Left=0;C Right=0;C Up=0;DPad D=0;DPad L=0;DPad R=0;DPad U=0;L=0;R=0;Start=0;X Axis=0;Y Axis=0;Z=0"
3295,806,0,111,"","A=0;A Down=0;A Left=0;A Right=0;A Up=0;B=0;C Down=0;C Left=0;C Right=0;C Up=0;DPad D=0;DPad L=0;DPad R=0;DPad U=0;L=0;R=0;Start=0;X Axis=0;Y Axis=0;Z=0"
3296,807,0,111,"","A=0;A Down=0;A Left=0;A Right=0;A Up=0;B=0;C Down=0;C Left=0;C Right=0;C Up=0;DPad D=0;DPad L=0;DPad R=0;DPad U=0;L=0;R=0;Start=0;X Axis=0;Y Axis=0;Z=0"
3297,808,0,111,"","A=0;A Down=0;A Left=0;A Right=0;A Up=0;B=0;C Down=0;C Left=0;C Right=0;C Up=0;DPad D=0;DPad L=0;DPad R=0;DPad U=0;L=0;R=0;Start=0;X Axis=0;Y Axis=0;Z=0"
3298,809,0,111,"","A=0;A Down=0;A Left=0;A Right=0;A Up=0;B=0;C Down=0;C Left=0;C Right=0;C Up=0;DPad D=0;DPad L=0;DPad R=0;DPad U=0;L=0;R=0;Start=0;X Axis=0;Y Axis=0;Z=0"
3299,810,0,111,"","A=0;A Down=0;A Left=0;A Right=0;A Up=0;B=0;C Down=0;C Left=0;C Right=0;C Up=0;DPad D=0;DPad L=0;DPad R=0;DPad U=0;L=0;R=0;Start=0;X Axis=0;Y Axis=0;Z=0"
3300,811,0,111,"","A=0;A Down=0;A Left=0;A Right=0;A Up=0;B=0;C Down=0;C Left=0;C Right=0;C Up=0;DPad D=0;DPad L=0;DPad R=0;DPad U=0;L=0;R=0;Start=0;X Axis=0;Y Axis=0;Z=0"
3301,812,0,111,"","A=0;A Down=0;A Left=0;A Right=0;A Up=0;B=0;C Down=0;C Left=0;C Right=0;C Up=0;DPad D=0;DPad L=0;DPad R=0;DPad U=0;L=0;R=0;Start=0;X Axis=0;Y Axis=0;Z=0"
3302,813,0,111,"","A=0;A Down=0;A Left=0;A Right=0;A Up=0;B=0;C Down=0;C Left=0;C Right=0;C Up=0;DPad D=0;DPad L=0;DPad R=0;DPad U=0;L=0;R=0;Start=0;X Axis=0;Y Axis=0;Z=0"
3303,814,0,111,"","A=0;A Down=0;A Left=0;A Right=0;A Up=0;B=0;C Down=0;C Left=0;C Right=0;C Up=0;DPad D=0;DPad L=0;DPad R=0;DPad U=0;L=0;R=0;Start=0;X Axis=0;Y Axis=0;Z=0"
3304,815,0,111,"","A=0;A Down=0;A Left=0;A Right=0;A Up=0;B=0;C Down=0;C Left=0;C Right=0;C Up=0;DPad D=0;DPad L=0;DPad R=0;DPad U=0;L=0;R=0;Start=0;X Axis=0;Y Axis=0;Z=0"
3305,816,0,111,"","A=0;A Down=0;A Left=0;A Right=1;A Up=1;B=0;C Down=0;C Left=0;C Right=0;C Up=0;DPad D=0;DPad L=0;DPad R=0;DPad U=0;L=0;R=0;Start=0;X Axis=0;Y Axis=0;Z=0"
3306,817,0,111,"","A=0;A Down=0;A Left=0;A Right=1;A Up=1;B=0;C Down=0;C Left=0;C Right=0;C Up=0;DPad D=0;DPad L=0;DPad R=0;DPad U=0;L=0;R=0;Start=0;X Axis=0;Y Axis=0;Z=0"
3307,818,0,111,"","A=0;A Down=0;A Left=0;A Right=1;A Up=1;B=0;C Down=0;C Left=0;C Right=0;C Up=0;DPad D=0;DPad L=0;DPad R=0;DPad U=0;L=0;R=0;Start=0;X Axis=0;Y Axis=0;Z=0"
3308,819,0,111,"","A=0;A Down=0;A Left=0;A Right=1;A Up=1;B=0;C Down=0;C Left=0;C Right=0;C Up=0;DPad D=0;DPad L=0;DPad R=0;DPad U=0;L=0;R=0;Start=0;X Axis=0;Y Axis=0;Z=0"
3309,820,0,111,"","A=0;A Down=0;A Left=0;A Right=1;A Up=1;B=0;C Down=0;C Left=0;C Right=0;C Up=0;DPad D=0;DPad L=0;DPad R=0;DPad U=0;L=0;R=0;Start=0;X Axis=0;Y Axis=0;Z=0"
3310,821,0,111,"","A=0;A Down=0;A Left=0;A Right=1;A Up=0;B=0;C Down=0;C Left=0;C Right=0;C Up=0;DPad D=0;DPad L=0;DPad R=0;DPad U=0;L=0;R=0;Start=0;X Axis=0;Y Axis=0;Z=0"
3311,822,0,111,"","A=0;A Down=0;A Left=0;A Right=0;A Up=0;B=0;C Down=0;C Left=0;C Right=0;C Up=0;DPad D=0;DPad L=0;DPad R=0;DPad U=0;L=0;R=0;Start=0;X Axis=0;Y Axis=0;Z=0"
3312,823,0,111,"","A=0;A Down=0;A Left=0;A Right=0;A Up=0;B=0;C Down=0;C Left=0;C Right=0;C Up=0;DPad D=0;DPad L=0;DPad R=0;DPad U=0;L=0;R=0;Start=0;X Axis=0;Y Axis=0;Z=0"
3313,824,0,111,"","A=0;A Down=0;A Left=0;A Right=0;A Up=0;B=0;C Down=0;C Left=0;C Right=0;C Up=0;DPad D=0;DPad L=0;DPad R=0;DPad U=0;L=0;R=0;Start=0;X Axis=0;Y Axis=0;Z=0"
3314,825,0,111,"","A=0;A Down=0;A Left=0;A Right=0;A Up=0;B=0;C Down=0;C Left=0;C Right=0;C Up=0;DPad D=0;DPad L=0;DPad R=0;DPad U=0;L=0;R=0;Start=0;X Axis=0;Y Axis=0;Z=0"
3315,826,0,111,"","A=0;A Down=0;A Left=0;A Right=0;A Up=0;B=0;C Down=0;C Left=0;C Right=0;C Up=0;DPad D=0;DPad L=0;DPad R=0;DPad U=0;L=0;R=0;Start=0;X Axis=0;Y Axis=0;Z=0"
3316,827,0,111,"","A=0;A Down=0;A Left=0;A Right=0;A Up=0;B=0;C Down=0;C Left=0;C Right=0;C Up=0;DPad D=0;DPad L=0;DPad R=0;DPad U=0;L=0;R=0;Start=0;X Axis=0;Y Axis=0;Z=0"
3317,828,0,111,"","A=0;A Down=0;A Left=0;A Right=0;A Up=0;B=0;C Down=0;C Left=0;C Right=0;C Up=0;DPad D=0;DPad L=0;DPad R=0;DPad U=0;L=0;R=0;Start=0;X Axis=0;Y Axis=0;Z=0"
3318,829,0,111,"","A=0;A Down=0;A Left=0;A Right=0;A Up=0;B=0;C Down=0;C Left=0;C Right=0;C Up=0;DPad D=0;DPad L=0;DPad R=0;DPad U=0;L=0;R=0;Start=0;X Axis=0;Y Axis=0;Z=0"
3319,830,0,111,"","A=0;A Down=0;A Left=0;A Right=0;A Up=0;B=0;C Down=0;C Left=0;C Right=0;C Up=0;DPad D=0;DPad L=0;DPad R=0;DPad U=0;L=0;R=0;Start=0;X Axis=0;Y Axis=0;Z=0"
3320,831,0,111,"","A=0;A Down=0;A Left=0;A Right=0;A Up=0;B=0;C Down=0;C Left=0;C Right=0;C Up=0;DPad D=0;DPad L=0;DPad R=0;DPad U=0;L=0;R=0;Start=0;X Axis=0;Y Axis=0;Z=0"
3321,832,0,111,"","A=0;A Down=0;A Left=0;A Right=0;A Up=0;B=0;C Down=0;C Left=0;C Right=0;C Up=0;DPad D=0;DPad L=0;DPad R=0;DPad U=0;L=0;R=0;Start=0;X Axis=0;Y Axis=0;Z=0"
3322,833,0,111,"","A=0;A Down=0;A Left=0;A Right=0;A Up=0;B=0;C Down=0;C Left=0;C Right=0;C Up=0;DPad D=0;DPad L=0;DPad R=0;DPad U=0;L=0;R=0;Start=0;X Axis=0;Y Axis=0;Z=0"
3323,834,0,111,"","A=0;A Down=0;A Left=0;A Right=0;A Up=0;B=0;C Down=0;C Left=0;C Right=0;C Up=0;DPad D=0;DPad L=0;DPad R=0;DPad U=0;L=0;R=0;Start=0;X Axis=0;Y Axis=0;Z=0"
3324,835,0,111,"","A=0;A Down=0;A Left=0;A Right=0;A Up=0;B=0;C Down=0;C Left=0;C Right=0;C Up=0;DPad D=0;DPad L=0;DPad R=0;DPad U=0;L=0;R=0;Start=0;X Axis=0;Y Axis=0;Z=0"
3325,836,0,111,"","A=0;A Down=0;A Left=0;A Right=0;A Up=0;B=0;C Down=0;C Left=0;C Right=0;C Up=0;DPad D=0;DPad L=0;DPad R=0;DPad U=0;L=0;R=0;Start=0;X Axis=0;Y Axis=0;Z=0"
3326,837,0,111,"","A=0;A Down=0;A Left=0;A Right=0;A Up=0;B=0;C Down=0;C Left=0;C Right=0;C Up=0;DPad D=0;DPad L=0;DPad R=0;DPad U=0;L=0;R=0;Start=0;X Axis=0;Y Axis=0;Z=0"
3327,838,0,111,"","A=0;A Down=0;A Left=0;A Right=0;A Up=0;B=0;C Down=0;C Left=0;C Right=0;C Up=0;DPad D=0;DPad L=0;DPad R=0;DPad U=0;L=0;R=0;Start=0;X Axis=0;Y Axis=0;Z=0"
3328,839,0,111,"","A=0;A Down=0;A Left=0;A Right=0;A Up=0;B=0;C Down=0;C Left=0;C Right=0;C Up=0;DPad D=0;DPad L=0;DPad R=0;DPad U=0;L=0;R=0;Start=0;X Axis=0;Y Axis=0;Z=0"
3329,840,0,111,"","A=0;A Down=0;A Left=0;A Right=0;A Up=0;B=0;C Down=0;C Left=0;C Right=0;C Up=0;DPad D=0;DPad L=0;DPad R=0;DPad U=0;L=0;R=0;Start=0;X Axis=0;Y Axis=0;Z=0"
3330,841,0,111,"","A=0;A Down=0;A Left=0;A Right=0;A Up=0;B=0;C Down=0;C Left=0;C Right=0;C Up=0;DPad D=0;DPad L=0;DPad R=0;DPad U=0;L=0;R=0;Start=0;X Axis=0;Y Axis=0;Z=0"
3331,842,0,111,"","A=0;A Down=0;A Left=0;A Right=0;A Up=0;B=0;C Down=0;C Left=0;C Right=0;C Up=0;DPad D=0;DPad L=0;DPad R=0;DPad U=0;L=0;R=0;Start=0;X Axis=0;Y Axis=0;Z=0"
3332,843,0,111,"","A=0;A Down=0;A Left=0;A Right=0;A Up=0;B=0;C Down=0;C Left=0;C Right=0;C Up=0;DPad D=0;DPad L=0;DPad R=0;DPad U=0;L=0;R=0;Start=0;X Axis=0;Y Axis=0;Z=0"
3333,844,0,111,"","A=0;A Down=0;A Left=0;A Right=0;A Up=0;B=0;C Down=0;C Left=0;C Right=0;C Up=0;DPad D=0;DPad L=0;DPad R=0;DPad U=0;L=0;R=0;Start=0;X Axis=0;Y Axis=0;Z=0"
3334,845,0,111,"","A=0;A Down=0;A Left=0;A Right=0;A Up=0;B=0;C Down=0;C Left=0;C Right=0;C Up=0;DPad D=0;DPad L=0;DPad R=0;DPad U=0;L=0;R=0;Start=0;X Axis=0;Y Axis=0;Z=0"
3335,846,0,111,"","A=0;A Down=0;A Left=0;A Right=0;A Up=0;B=0;C Down=0;C Left=0;C Right=0;C Up=0;DPad D=0;DPad L=0;DPad R=0;DPad U=0;L=0;R=0;Start=0;X Axis=0;Y Axis=0;Z=0"
3336,847,0,111,"","A=0;A Down=0;A Left=0;A Right=0;A Up=0;B=0;C Down=0;C Left=0;C Right=0;C Up=0;DPad D=0;DPad L=0;DPad R=0;DPad U=0;L=0;R=0;Start=0;X Axis=0;Y Axis=0;Z=0"
3337,848,0,111,"","A=0;A Down=0;A Left=0;A Right=0;A Up=0;B=0;C Down=0;C Left=0;C Right=0;C Up=0;DPad D=0;DPad L=0;DPad R=0;DPad U=0;L=0;R=0;Start=0;X Axis=0;Y Axis=0;Z=0"
3338,849,0,111,"","A=0;A Down=0;A Left=0;A Right=0;A Up=0;B=0;C Down=0;C Left=0;C Right=0;C Up=0;DPad D=0;DPad L=0;DPad R=0;DPad U=0;L=0;R=0;Start=0;X Axis=0;Y Axis=0;Z=0"
3339,850,0,111,"","A=0;A Down=0;A Left=0;A Right=0;A Up=0;B=0;C Down=0;C Left=0;C Right=0;C Up=0;DPad D=0;DPad L=0;DPad R=0;DPad U=0;L=0;R=0;Start=0;X Axis=0;Y Axis=0;Z=0"
3340,851,0,111,"","A=0;A Down=0;A Left=0;A Right=0;A Up=0;B=0;C Down=0;C Left=0;C Right=0;C Up=0;DPad D=0;DPad L=0;DPad R=0;DPad U=0;L=0;R=0;Start=0;X Axis=0;Y Axis=0;Z=0"
3341,852,0,111,"","A=0;A Down=0;A Left=0;A Right=0;A Up=0;B=0;C Down=0;C Left=0;C Right=0;C Up=0;DPad D=0;DPad L=0;DPad R=0;DPad U=0;L=0;R=0;Start=0;X Axis=0;Y Axis=0;Z=0"
3342,853,0,111,"","A=0;A Down=0;A Left=0;A Right=0;A Up=0;B=0;C Down=0;C Left=0;C Right=0;C Up=0;DPad D=0;DPad L=0;DPad R=0;DPad U=0;L=0;R=0;Start=0;X Axis=0;Y Axis=0;Z=0"
3343,854,0,111,"","A=0;A Down=0;A Left=0;A Right=0;A Up=0;B=0;C Down=0;C Left=0;C Right=0;C Up=0;DPad D=0;DPad L=0;DPad R=0;DPad U=0;L=0;R=0;Start=0;X Axis=0;Y Axis=0;Z=0"
3344,855,0,111,"","A=0;A Down=0;A Left=0;A Right=0;A Up=0;B=0;C Down=0;C Left=0;C Right=0;C Up=0;DPad D=0;DPad L=0;DPad R=0;DPad U=0;L=0;R=0;Start=0;X Axis=0;Y Axis=0;Z=0"
3345,856,0,111,"","A=0;A Down=0;A Left=0;A Right=0;A Up=0;B=0;C Down=0;C Left=0;C Right=0;C Up=0;DPad D=0;DPad L=0;DPad R=0;DPad U=0;L=0;R=0;Start=0;X Axis=0;Y Axis=0;Z=0"
3346,857,0,111,"","A=0;A Down=0;A Left=0;A Right=0;A Up=0;B=0;C Down=0;C Left=0;C Right=0;C Up=0;DPad D=0;DPad L=0;DPad R=0;DPad U=0;L=0;R=0;Start=0;X Axis=0;Y Axis=0;Z=0"
3347,858,0,111,"","A=0;A Down=0;A Left=0;A Right=0;A Up=0;B=0;C Down=0;C Left=0;C Right=0;C Up=0;DPad D=0;DPad L=0;DPad R=0;DPad U=0;L=0;R=0;Start=0;X Axis=0;Y Axis=0;Z=0"
3348,859,0,111,"","A=0;A Down=0;A Left=0;A Right=0;A Up=0;B=0;C Down=0;C Left=0;C Right=0;C Up=0;DPad D=0;DPad L=0;DPad R=0;DPad U=0;L=0;R=0;Start=0;X Axis=0;Y Axis=0;Z=0"
3349,860,0,111,"","A=0;A Down=0;A Left=0;A Right=0;A Up=0;B=0;C Down=0;C Left=0;C Right=0;C Up=0;DPad D=0;DPad L=0;DPad R=0;DPad U=0;L=0;R=0;Start=0;X Axis=0;Y Axis=0;Z=0"
3350,861,0,111,"","A=0;A Down=0;A Left=0;A Right=0;A Up=0;B=0;C Down=0;C Left=0;C Right=0;C Up=0;DPad D=0;DPad L=0;DPad R=0;DPad U=0;L=0;R=0;Start=0;X Axis=0;Y Axis=0;Z=0"
3351,862,0,111,"","A=0;A Down=0;A Left=0;A Right=0;A Up=0;B=0;C Down=0;C Left=0;C Right=0;C Up=0;DPad D=0;DPad L=0;DPad R=0;DPad U=0;L=0;R=0;Start=0;X Axis=0;Y Axis=0;Z=0"
3352,863,0,111,"","A=0;A Down=0;A Left=0;A Right=0;A Up=0;B=0;C Down=0;C Left=0;C Right=0;C Up=0;DPad D=0;DPad L=0;DPad R=0;DPad U=0;L=0;R=0;Start=0;X Axis=0;Y Axis=0;Z=0"
3353,864,0,111,"","A=0;A Down=0;A Left=0;A Right=0;A Up=0;B=0;C Down=0;C Left=0;C Right=0;C Up=0;DPad D=0;DPad L=0;DPad R=0;DPad U=0;L=0;R=0;Start=0;X Axis=0;Y Axis=0;Z=0"
3354,865,0,111,"","A=0;A Down=0;A Left=0;A Right=0;A Up=0;B=0;C Down=0;C Left=0;C Right=0;C Up=0;DPad D=0;DPad L=0;DPad R=0;DPad U=0;L=0;R=0;Start=0;X Axis=0;Y Axis=0;Z=0"
3355,866,0,111,"","A=0;A Down=0;A Left=0;A Right=0;A Up=0;B=0;C Down=0;C Left=0;C Right=0;C Up=0;DPad D=0;DPad L=0;DPad R=0;DPad U=0;L=0;R=0;Start=0;X Axis=0;Y Axis=0;Z=0"
3356,867,0,111,"","A=0;A Down=0;A Left=0;A Right=0;A Up=0;B=0;C Down=0;C Left=0;C Right=0;C Up=0;DPad D=0;DPad L=0;DPad R=0;DPad U=0;L=0;R=0;Start=0;X Axis=0;Y Axis=0;Z=1"
3357,868,0,111,"","A=0;A Down=0;A Left=0;A Right=0;A Up=0;B=0;C Down=0;C Left=0;C Right=0;C Up=0;DPad D=0;DPad L=0;DPad R=0;DPad U=0;L=0;R=0;Start=0;X Axis=0;Y Axis=0;Z=1"
3358,869,0,111,"","A=0;A Down=0;A Left=0;A Right=0;A Up=0;B=0;C Down=0;C Left=0;C Right=0;C Up=0;DPad D=0;DPad L=0;DPad R=0;DPad U=0;L=0;R=0;Start=0;X Axis=0;Y Axis=0;Z=1"
3359,870,0,111,"","A=0;A Down=0;A Left=0;A Right=0;A Up=0;B=0;C Down=0;C Left=0;C Right=0;C Up=0;DPad D=0;DPad L=0;DPad R=0;DPad U=0;L=0;R=0;Start=0;X Axis=0;Y Axis=0;Z=1"
3360,871,0,111,"","A=0;A Down=0;A Left=0;A Right=0;A Up=0;B=0;C Down=0;C Left=0;C Right=0;C Up=0;DPad D=0;DPad L=0;DPad R=0;DPad U=0;L=0;R=0;Start=0;X Axis=0;Y Axis=0;Z=1"
3361,872,0,111,"","A=0;A Down=0;A Left=0;A Right=0;A Up=0;B=0;C Down=0;C Left=0;C Right=0;C Up=0;DPad D=0;DPad L=0;DPad R=0;DPad U=0;L=0;R=0;Start=0;X Axis=0;Y Axis=0;Z=1"
3362,873,0,111,"","A=0;A Down=0;A Left=0;A Right=0;A Up=0;B=0;C Down=0;C Left=0;C Right=0;C Up=0;DPad D=0;DPad L=0;DPad R=0;DPad U=0;L=0;R=0;Start=0;X Axis=0;Y Axis=0;Z=0"
3363,874,0,111,"","A=0;A Down=0;A Left=0;A Right=0;A Up=0;B=0;C Down=0;C Left=0;C Right=0;C Up=0;DPad D=0;DPad L=0;DPad R=0;DPad U=0;L=0;R=0;Start=0;X Axis=0;Y Axis=0;Z=0"
3364,875,0,111,"","A=0;A Down=0;A Left=0;A Right=0;A Up=0;B=0;C Down=0;C Left=0;C Right=0;C Up=0;DPad D=0;DPad L=0;DPad R=0;DPad U=0;L=0;R=0;Start=0;X Axis=0;Y Axis=0;Z=0"
3365,876,0,111,"","A=0;A Down=0;A Left=0;A Right=0;A Up=0;B=0;C Down=0;C Left=0;C Right=0;C Up=0;DPad D=0;DPad L=0;DPad R=0;DPad U=0;L=0;R=0;Start=0;X Axis=0;Y Axis=0;Z=0"
3366,877,0,111,"","A=0;A Down=0;A Left=0;A Right=0;A Up=0;B=0;C Down=0;C Left=0;C Right=0;C Up=0;DPad D=0;DPad L=0;DPad R=0;DPad U=0;L=0;R=0;Start=0;X Axis=0;Y Axis=0;Z=0"
3367,878,0,111,"","A=0;A Down=0;A Left=0;A Right=0;A Up=0;B=0;C Down=0;C Left=0;C Right=0;C Up=0;DPad D=0;DPad L=0;DPad R=0;DPad U=0;L=0;R=0;Start=0;X Axis=0;Y Axis=0;Z=0"
3368,879,0,111,"","A=0;A Down=0;A Left=0;A Right=0;A Up=0;B=0;C Down=0;C Left=0;C Right=0;C Up=0;DPad D=0;DPad L=0;DPad R=0;DPad U=0;L=0;R=0;Start=0;X Axis=0;Y Axis=0;Z=0"
3369,880,0,111,"","A=0;A Down=0;A Left=0;A Right=0;A Up=0;B=0;C Down=0;C Left=0;C Right=0;C Up=0;DPad D=0;DPad L=0;DPad R=0;DPad U=0;L=0;R=0;Start=0;X Axis=0;Y Axis=0;Z=0"
3370,881,0,111,"","A=0;A Down=0;A Left=0;A Right=0;A Up=0;B=0;C Down=0;C Left=0;C Right=0;C Up=0;DPad D=0;DPad L=0;DPad R=0;DPad U=0;L=0;R=0;Start=0;X Axis=0;Y Axis=0;Z=0"
3371,882,0,111,"","A=0;A Down=0;A Left=0;A Right=0;A Up=0;B=0;C Down=0;C Left=0;C Right=0;C Up=0;DPad D=0;DPad L=0;DPad R=0;DPad U=0;L=0;R=0;Start=0;X Axis=0;Y Axis=0;Z=0"
3372,883,0,111,"","A=0;A Down=0;A Left=0;A Right=0;A Up=0;B=0;C Down=0;C Left=0;C Right=0;C Up=0;DPad D=0;DPad L=0;DPad R=0;DPad U=0;L=0;R=0;Start=0;X Axis=0;Y Axis=0;Z=0"
3373,884,0,111,"","A=0;A Down=0;A Left=0;A Right=0;A Up=0;B=0;C Down=0;C Left=0;C Right=0;C Up=0;DPad D=0;DPad L=0;DPad R=0;DPad U=0;L=0;R=0;Start=0;X Axis=0;Y Axis=0;Z=0"
3374,885,0,111,"","A=0;A Down=0;A Left=0;A Right=0;A Up=0;B=0;C Down=0;C Left=0;C Right=0;C Up=0;DPad D=0;DPad L=0;DPad R=0;DPad U=0;L=0;R=0;Start=0;X Axis=0;Y Axis=0;Z=0"
3375,886,0,111,"","A=0;A Down=0;A Left=0;A Right=0;A Up=0;B=0;C Down=0;C Left=0;C Right=0;C Up=0;DPad D=0;DPad L=0;DPad R=0;DPad U=0;L=0;R=0;Start=0;X Axis=0;Y Axis=0;Z=0"
3376,887,0,111,"","A=0;A Down=0;A Left=0;A Right=0;A Up=0;B=0;C Down=0;C Left=0;C Right=0;C Up=0;DPad D=0;DPad L=0;DPad R=0;DPad U=0;L=0;R=0;Start=0;X Axis=0;Y Axis=0;Z=0"
3377,888,0,111,"","A=0;A Down=0;A Left=0;A Right=0;A Up=0;B=0;C Down=0;C Left=0;C Right=0;C Up=0;DPad D=0;DPad L=0;DPad R=0;DPad U=0;L=0;R=0;Start=0;X Axis=0;Y Axis=0;Z=0"
3378,889,0,111,"","A=0;A Down=0;A Left=0;A Right=0;A Up=0;B=0;C Down=0;C Left=0;C Right=0;C Up=0;DPad D=0;DPad L=0;DPad R=0;DPad U=0;L=0;R=0;Start=0;X Axis=0;Y Axis=0;Z=0"
3379,890,0,111,"","A=0;A Down=0;A Left=0;A Right=0;A Up=0;B=0;C Down=0;C Left=0;C Right=0;C Up=0;DPad D=0;DPad L=0;DPad R=0;DPad U=0;L=0;R=0;Start=0;X Axis=0;Y Axis=0;Z=0"
3380,891,0,111,"","A=0;A Down=0;A Left=0;A Right=0;A Up=0;B=0;C Down=0;C Left=0;C Right=0;C Up=0;DPad D=0;DPad L=0;DPad R=0;DPad U=0;L=0;R=0;Start=0;X Axis=0;Y Axis=0;Z=0"
3381,892,0,111,"","A=0;A Down=0;A Left=0;A Right=0;A Up=0;B=0;C Down=0;C Left=0;C Right=0;C Up=0;DPad D=0;DPad L=0;DPad R=0;DPad U=0;L=0;R=0;Start=0;X Axis=0;Y Axis=0;Z=0"
3382,893,0,111,"","A=0;A Down=0;A Left=0;A Right=0;A Up=0;B=0;C Down=0;C Left=0;C Right=0;C Up=0;DPad D=0;DPad L=0;DPad R=0;DPad U=0;L=0;R=0;Start=0;X Axis=0;Y Axis=0;Z=0"
3383,894,0,111,"","A=0;A Down=0;A Left=0;A Right=0;A Up=0;B=0;C Down=0;C Left=0;C Right=0;C Up=0;DPad D=0;DPad L=0;DPad R=0;DPad U=0;L=0;R=0;Start=0;X Axis=0;Y Axis=0;Z=0"
3384,895,0,111,"","A=0;A Down=0;A Left=0;A Right=0;A Up=0;B=0;C Down=0;C Left=0;C Right=0;C Up=0;DPad D=0;DPad L=0;DPad R=0;DPad U=0;L=0;R=0;Start=0;X Axis=0;Y Axis=0;Z=0"
3385,896,0,111,"","A=0;A Down=0;A Left=0;A Right=0;A Up=0;B=0;C Down=0;C Left=0;C Right=0;C Up=0;DPad D=0;DPad L=0;DPad R=0;DPad U=0;L=0;R=0;Start=0;X Axis=0;Y Axis=0;Z=0"
3386,897,0,111,"","A=0;A Down=0;A Left=0;A Right=0;A Up=0;B=0;C Down=0;C Left=0;C Right=0;C Up=0;DPad D=0;DPad L=0;DPad R=0;DPad U=0;L=0;R=0;Start=0;X Axis=0;Y Axis=0;Z=0"
3387,898,0,111,"","A=0;A Down=0;A Left=0;A Right=0;A Up=0;B=0;C Down=0;C Left=0;C Right=0;C Up=0;DPad D=0;DPad L=0;DPad R=0;DPad U=0;L=0;R=0;Start=0;X Axis=0;Y Axis=0;Z=0"
3388,899,0,111,"","A=0;A Down=0;A Left=0;A Right=0;A Up=0;B=0;C Down=0;C Left=0;C Right=0;C Up=0;DPad D=0;DPad L=0;DPad R=0;DPad U=0;L=0;R=0;Start=0;X Axis=0;Y Axis=0;Z=0"
3389,900,0,111,"","A=0;A Down=0;A Left=0;A Right=0;A Up=0;B=0;C Down=0;C Left=0;C Right=0;C Up=0;DPad D=0;DPad L=0;DPad R=0;DPad U=0;L=0;R=0;Start=0;X Axis=0;Y Axis=0;Z=0"
3390,901,0,111,"","A=0;A Down=0;A Left=0;A Right=0;A Up=0;B=0;C Down=0;C Left=0;C Right=0;C Up=0;DPad D=0;DPad L=0;DPad R=0;DPad U=0;L=0;R=0;Start=0;X Axis=0;Y Axis=0;Z=0"
3391,902,0,111,"","A=0;A Down=0;A Left=0;A Right=0;A Up=0;B=0;C Down=0;C Left=0;C Right=0;C Up=0;DPad D=0;DPad L=0;DPad R=0;DPad U=0;L=0;R=0;Start=0;X Axis=0;Y Axis=0;Z=0"
3392,903,0,111,"","A=0;A Down=0;A Left=0;A Right=0;A Up=0;B=0;C Down=0;C Left=0;C Right=0;C Up=0;DPad D=0;DPad L=0;DPad R=0;DPad U=0;L=0;R=0;Start=0;X Axis=0;Y Axis=0;Z=0"
3393,904,0,111,"","A=0;A Down=0;A Left=0;A Right=0;A Up=0;B=0;C Down=0;C Left=0;C Right=0;C Up=0;DPad D=0;DPad L=0;DPad R=0;DPad U=0;L=0;R=0;Start=0;X Axis=0;Y Axis=0;Z=0"
3394,905,0,111,"","A=0;A Down=0;A Left=0;A Right=0;A Up=0;B=0;C Down=0;C Left=0;C Right=0;C Up=0;DPad D=0;DPad L=0;DPad R=0;DPad U=0;L=0;R=0;Start=0;X Axis=0;Y Axis=0;Z=0"
3395,906,0,111,"","A=0;A Down=0;A Left=0;A Right=0;A Up=0;B=0;C Down=0;C Left=0;C Right=0;C Up=0;DPad D=0;DPad L=0;DPad R=0;DPad U=0;L=0;R=0;Start=0;X Axis=0;Y Axis=0;Z=0"
3396,907,0,111,"","A=0;A Down=0;A Left=0;A Right=0;A Up=0;B=0;C Down=0;C Left=0;C Right=0;C Up=0;DPad D=0;DPad L=0;DPad R=0;DPad U=0;L=0;R=0;Start=0;X Axis=0;Y Axis=0;Z=0"
3397,908,0,111,"","A=0;A Down=0;A Left=0;A Right=0;A Up=0;B=0;C Down=0;C Left=0;C Right=0;C Up=0;DPad D=0;DPad L=0;DPad R=0;DPad U=0;L=0;R=0;Start=0;X Axis=0;Y Axis=0;Z=0"
3398,909,0,111,"","A=0;A Down=0;A Left=0;A Right=0;A Up=0;B=0;C Down=0;C Left=0;C Right=0;C Up=0;DPad D=0;DPad L=0;DPad R=0;DPad U=0;L=0;R=0;Start=0;X Axis=0;Y Axis=0;Z=0"
3399,910,0,111,"","A=0;A Down=0;A Left=0;A Right=0;A Up=0;B=0;C Down=0;C Left=0;C Right=0;C Up=0;DPad D=0;DPad L=0;DPad R=0;DPad U=0;L=0;R=0;Start=0;X Axis=0;Y Axis=0;Z=0"
3400,911,0,111,"","A=0;A Down=0;A Left=0;A Right=0;A Up=0;B=0;C Down=0;C Left=0;C Right=0;C Up=0;DPad D=0;DPad L=0;DPad R=0;DPad U=0;L=0;R=0;Start=0;X Axis=0;Y Axis=0;Z=0"
3401,912,0,111,"","A=0;A Down=0;A Left=0;A Right=0;A Up=0;B=0;C Down=0;C Left=0;C Right=0;C Up=0;DPad D=0;DPad L=0;DPad R=0;DPad U=0;L=0;R=0;Start=0;X Axis=0;Y Axis=0;Z=0"
3402,913,0,111,"","A=0;A Down=0;A Left=0;A Right=0;A Up=0;B=0;C Down=0;C Left=0;C Right=0;C Up=0;DPad D=0;DPad L=0;DPad R=0;DPad U=0;L=0;R=0;Start=0;X Axis=0;Y Axis=0;Z=0"
3403,914,0,111,"","A=0;A Down=0;A Left=0;A Right=0;A Up=0;B=0;C Down=0;C Left=0;C Right=0;C Up=0;DPad D=0;DPad L=0;DPad R=0;DPad U=0;L=0;R=0;Start=0;X Axis=0;Y Axis=0;Z=0"
3404,915,0,111,"","A=0;A Down=0;A Left=0;A Right=0;A Up=0;B=0;C Down=0;C Left=0;C Right=0;C Up=0;DPad D=0;DPad L=0;DPad R=0;DPad U=0;L=0;R=0;Start=0;X Axis=0;Y Axis=0;Z=0"
3405,916,0,111,"","A=0;A Down=0;A Left=0;A Right=0;A Up=0;B=0;C Down=0;C Left=0;C Right=0;C Up=0;DPad D=0;DPad L=0;DPad R=0;DPad U=0;L=0;R=0;Start=0;X Axis=0;Y Axis=0;Z=0"
3406,917,0,111,"","A=0;A Down=0;A Left=0;A Right=0;A Up=0;B=0;C Down=0;C Left=0;C Right=0;C Up=0;DPad D=0;DPad L=0;DPad R=0;DPad U=0;L=0;R=0;Start=0;X Axis=0;Y Axis=0;Z=0"
3407,918,0,111,"","A=0;A Down=0;A Left=0;A Right=0;A Up=0;B=0;C Down=0;C Left=0;C Right=0;C Up=0;DPad D=0;DPad L=0;DPad R=0;DPad U=0;L=0;R=0;Start=0;X Axis=0;Y Axis=0;Z=0"
3408,919,0,111,"","A=0;A Down=0;A Left=0;A Right=0;A Up=0;B=0;C Down=0;C Left=0;C Right=0;C Up=0;DPad D=0;DPad L=0;DPad R=0;DPad U=0;L=0;R=0;Start=0;X Axis=0;Y Axis=0;Z=0"
3409,920,0,111,"","A=0;A Down=0;A Left=0;A Right=0;A Up=0;B=0;C Down=0;C Left=0;C Right=0;C Up=0;DPad D=0;DPad L=0;DPad R=0;DPad U=0;L=0;R=0;Start=0;X Axis=0;Y Axis=0;Z=0"
3410,921,0,111,"","A=0;A Down=0;A Left=0;A Right=0;A Up=0;B=0;C Down=0;C Left=0;C Right=0;C Up=0;DPad D=0;DPad L=0;DPad R=0;DPad U=0;L=0;R=0;Start=0;X Axis=0;Y Axis=0;Z=0"
3411,922,0,111,"","A=0;A Down=0;A Left=0;A Right=0;A Up=0;B=0;C Down=0;C Left=0;C Right=0;C Up=0;DPad D=0;DPad L=0;DPad R=0;DPad U=0;L=0;R=0;Start=0;X Axis=0;Y Axis=0;Z=0"
3412,923,0,111,"","A=0;A Down=0;A Left=0;A Right=0;A Up=0;B=0;C Down=0;C Left=0;C Right=0;C Up=0;DPad D=0;DPad L=0;DPad R=0;DPad U=0;L=0;R=0;Start=0;X Axis=0;Y Axis=0;Z=0"
3413,924,0,111,"","A=0;A Down=0;A Left=0;A Right=0;A Up=0;B=0;C Down=0;C Left=0;C Right=0;C Up=0;DPad D=0;DPad L=0;DPad R=0;DPad U=0;L=0;R=0;Start=0;X Axis=0;Y Axis=0;Z=0"
3414,925,0,111,"","A=0;A Down=0;A Left=0;A Right=0;A Up=0;B=0;C Down=0;C Left=0;C Right=0;C Up=0;DPad D=0;DPad L=0;DPad R=0;DPad U=0;L=0;R=0;Start=0;X Axis=0;Y Axis=0;Z=0"
3415,926,0,111,"","A=0;A Down=0;A Left=0;A Right=0;A Up=0;B=0;C Down=0;C Left=0;C Right=0;C Up=0;DPad D=0;DPad L=0;DPad R=0;DPad U=0;L=0;R=0;Start=0;X Axis=0;Y Axis=0;Z=0"
3416,927,0,111,"","A=0;A Down=0;A Left=0;A Right=0;A Up=0;B=0;C Down=0;C Left=0;C Right=0;C Up=0;DPad D=0;DPad L=0;DPad R=0;DPad U=0;L=0;R=0;Start=0;X Axis=0;Y Axis=0;Z=0"
3417,928,0,111,"","A=0;A Down=0;A Left=0;A Right=0;A Up=0;B=0;C Down=0;C Left=0;C Right=0;C Up=0;DPad D=0;DPad L=0;DPad R=0;DPad U=0;L=0;R=0;Start=0;X Axis=0;Y Axis=0;Z=0"
3418,929,0,111,"","A=0;A Down=0;A Left=0;A Right=0;A Up=0;B=0;C Down=0;C Left=0;C Right=0;C Up=0;DPad D=0;DPad L=0;DPad R=0;DPad U=0;L=0;R=0;Start=0;X Axis=0;Y Axis=0;Z=0"
3419,930,0,111,"","A=0;A Down=0;A Left=0;A Right=0;A Up=0;B=0;C Down=0;C Left=0;C Right=0;C Up=0;DPad D=0;DPad L=0;DPad R=0;DPad U=0;L=0;R=0;Start=0;X Axis=0;Y Axis=0;Z=0"
3420,931,0,111,"","A=0;A Down=0;A Left=0;A Right=0;A Up=0;B=0;C Down=0;C Left=0;C Right=0;C Up=0;DPad D=0;DPad L=0;DPad R=0;DPad U=0;L=0;R=0;Start=0;X Axis=0;Y Axis=0;Z=0"
3421,932,0,111,"","A=0;A Down=0;A Left=0;A Right=0;A Up=0;B=0;C Down=0;C Left=0;C Right=0;C Up=0;DPad D=0;DPad L=0;DPad R=0;DPad U=0;L=0;R=0;Start=0;X Axis=0;Y Axis=0;Z=0"
3422,933,0,111,"","A=0;A Down=0;A Left=0;A Right=0;A Up=0;B=0;C Down=0;C Left=0;C Right=0;C Up=0;DPad D=0;DPad L=0;DPad R=0;DPad U=0;L=0;R=0;Start=0;X Axis=0;Y Axis=0;Z=0"
3423,934,0,111,"","A=0;A Down=0;A Left=0;A Right=0;A Up=0;B=0;C Down=0;C Left=0;C Right=0;C Up=0;DPad D=0;DPad L=0;DPad R=0;DPad U=0;L=0;R=0;Start=0;X Axis=0;Y Axis=0;Z=0"
3424,935,0,111,"","A=0;A Down=0;A Left=0;A Right=0;A Up=0;B=0;C Down=0;C Left=0;C Right=0;C Up=0;DPad D=0;DPad L=0;DPad R=0;DPad U=0;L=0;R=0;Start=0;X Axis=0;Y Axis=0;Z=0"
3425,936,0,111,"","A=0;A Down=0;A Left=0;A Right=0;A Up=0;B=0;C Down=0;C Left=0;C Right=0;C Up=0;DPad D=0;DPad L=0;DPad R=0;DPad U=0;L=0;R=0;Start=0;X Axis=0;Y Axis=0;Z=0"
3426,937,0,111,"","A=0;A Down=0;A Left=0;A Right=0;A Up=0;B=0;C Down=0;C Left=0;C Right=0;C Up=0;DPad D=0;DPad L=0;DPad R=0;DPad U=0;L=0;R=0;Start=0;X Axis=0;Y Axis=0;Z=0"
3427,938,0,111,"","A=0;A Down=0;A Left=0;A Right=0;A Up=0;B=0;C Down=0;C Left=0;C Right=0;C Up=0;DPad D=0;DPad L=0;DPad R=0;DPad U=0;L=0;R=0;Start=0;X Axis=0;Y Axis=0;Z=0"
3428,939,0,111,"","A=0;A Down=0;A Left=0;A Right=0;A Up=0;B=0;C Down=0;C Left=0;C Right=0;C Up=0;DPad D=0;DPad L=0;DPad R=0;DPad U=0;L=0;R=0;Start=0;X Axis=0;Y Axis=0;Z=0"
3429,940,0,111,"","A=0;A Down=0;A Left=0;A Right=0;A Up=0;B=0;C Down=0;C Left=0;C Right=0;C Up=0;DPad D=0;DPad L=0;DPad R=0;DPad U=0;L=0;R=0;Start=0;X Axis=0;Y Axis=0;Z=0"
3430,941,0,111,"","A=0;A Down=0;A Left=0;A Right=0;A Up=0;B=0;C Down=0;C Left=0;C Right=0;C Up=0;DPad D=0;DPad L=0;DPad R=0;DPad U=0;L=0;R=0;Start=0;X Axis=0;Y Axis=0;Z=0"
3431,942,0,111,"","A=0;A Down=0;A Left=0;A Right=0;A Up=0;B=0;C Down=0;C Left=0;C Right=0;C Up=0;DPad D=0;DPad L=0;DPad R=0;DPad U=0;L=0;R=0;Start=0;X Axis=0;Y Axis=0;Z=0"
3432,943,0,111,"","A=0;A Down=0;A Left=0;A Right=0;A Up=0;B=0;C Down=0;C Left=0;C Right=0;C Up=0;DPad D=0;DPad L=0;DPad R=0;DPad U=0;L=0;R=0;Start=0;X Axis=0;Y Axis=0;Z=0"
3433,944,0,111,"","A=0;A Down=0;A Left=0;A Right=0;A Up=0;B=0;C Down=0;C Left=0;C Right=0;C Up=0;DPad D=0;DPad L=0;DPad R=0;DPad U=0;L=0;R=0;Start=0;X Axis=0;Y Axis=0;Z=0"
3434,945,0,111,"","A=0;A Down=0;A Left=0;A Right=0;A Up=0;B=0;C Down=0;C Left=0;C Right=0;C Up=0;DPad D=0;DPad L=0;DPad R=0;DPad U=0;L=0;R=0;Start=0;X Axis=0;Y Axis=0;Z=0"
3435,946,0,111,"","A=0;A Down=0;A Left=0;A Right=0;A Up=0;B=0;C Down=0;C Left=0;C Right=0;C Up=0;DPad D=0;DPad L=0;DPad R=0;DPad U=0;L=0;R=0;Start=0;X Axis=0;Y Axis=0;Z=0"
3436,947,0,111,"","A=0;A Down=0;A Left=0;A Right=0;A Up=0;B=0;C Down=0;C Left=0;C Right=0;C Up=0;DPad D=0;DPad L=0;DPad R=0;DPad U=0;L=0;R=0;Start=0;X Axis=0;Y Axis=0;Z=0"
3437,948,0,111,"","A=0;A Down=0;A Left=0;A Right=0;A Up=0;B=0;C Down=0;C Left=0;C Right=0;C Up=0;DPad D=0;DPad L=0;DPad R=0;DPad U=0;L=0;R=0;Start=0;X Axis=0;Y Axis=0;Z=0"
3438,949,0,111,"","A=0;A Down=0;A Left=0;A Right=0;A Up=0;B=0;C Down=0;C Left=0;C Right=0;C Up=0;DPad D=0;DPad L=0;DPad R=0;DPad U=0;L=0;R=0;Start=0;X Axis=0;Y Axis=0;Z=0"
3439,950,0,111,"","A=0;A Down=0;A Left=0;A Right=0;A Up=0;B=0;C Down=0;C Left=0;C Right=0;C Up=0;DPad D=0;DPad L=0;DPad R=0;DPad U=0;L=0;R=0;Start=0;X Axis=0;Y Axis=0;Z=0"
3440,951,0,111,"","A=0;A Down=0;A Left=0;A Right=0;A Up=0;B=0;C Down=0;C Left=0;C Right=0;C Up=0;DPad D=0;DPad L=0;DPad R=0;DPad U=0;L=0;R=0;Start=0;X Axis=0;Y Axis=0;Z=0"
3441,952,0,111,"","A=0;A Down=0;A Left=0;A Right=0;A Up=0;B=0;C Down=0;C Left=0;C Right=0;C Up=0;DPad D=0;DPad L=0;DPad R=0;DPad U=0;L=0;R=0;Start=0;X Axis=0;Y Axis=0;Z=0"
3442,953,0,111,"","A=0;A Down=0;A Left=0;A Right=0;A Up=0;B=0;C Down=0;C Left=0;C Right=0;C Up=0;DPad D=0;DPad L=0;DPad R=0;DPad U=0;L=0;R=0;Start=0;X Axis=0;Y Axis=0;Z=0"
3443,954,0,111,"","A=0;A Down=0;A Left=0;A Right=0;A Up=0;B=0;C Down=0;C Left=0;C Right=0;C Up=0;DPad D=0;DPad L=0;DPad R=0;DPad U=0;L=0;R=0;Start=0;X Axis=0;Y Axis=0;Z=0"
3444,955,0,111,"","A=0;A Down=0;A Left=0;A Right=0;A Up=0;B=0;C Down=0;C Left=0;C Right=0;C Up=0;DPad D=0;DPad L=0;DPad R=0;DPad U=0;L=0;R=0;Start=0;X Axis=0;Y Axis=0;Z=0"
3445,956,0,111,"","A=0;A Down=0;A Left=0;A Right=0;A Up=0;B=0;C Down=0;C Left=0;C Right=0;C Up=0;DPad D=0;DPad L=0;DPad R=0;DPad U=0;L=0;R=0;Start=0;X Axis=0;Y Axis=0;Z=0"
3446,957,0,111,"","A=0;A Down=0;A Left=0;A Right=0;A Up=1;B=0;C Down=0;C Left=0;C Right=0;C Up=0;DPad D=0;DPad L=0;DPad R=0;DPad U=0;L=0;R=0;Start=0;X Axis=0;Y Axis=0;Z=0"
3447,958,0,111,"","A=0;A Down=0;A Left=0;A Right=0;A Up=1;B=0;C Down=0;C Left=0;C Right=0;C Up=0;DPad D=0;DPad L=0;DPad R=0;DPad U=0;L=0;R=0;Start=0;X Axis=0;Y Axis=0;Z=0"
3448,959,0,111,"","A=0;A Down=0;A Left=0;A Right=0;A Up=1;B=0;C Down=0;C Left=0;C Right=0;C Up=0;DPad D=0;DPad L=0;DPad R=0;DPad U=0;L=0;R=0;Start=0;X Axis=0;Y Axis=0;Z=0"
3449,960,0,111,"","A=0;A Down=0;A Left=0;A Right=0;A Up=1;B=0;C Down=0;C Left=0;C Right=0;C Up=0;DPad D=0;DPad L=0;DPad R=0;DPad U=0;L=0;R=0;Start=0;X Axis=0;Y Axis=0;Z=0"
3450,961,0,111,"","A=0;A Down=0;A Left=0;A Right=0;A Up=1;B=0;C Down=0;C Left=0;C Right=0;C Up=0;DPad D=0;DPad L=0;DPad R=0;DPad U=0;L=0;R=0;Start=0;X Axis=0;Y Axis=0;Z=0"
3451,962,0,111,"","A=0;A Down=0;A Left=0;A Right=0;A Up=1;B=0;C Down=0;C Left=0;C Right=0;C Up=0;DPad D=0;DPad L=0;DPad R=0;DPad U=0;L=0;R=0;Start=0;X Axis=0;Y Axis=0;Z=0"
3452,963,0,111,"","A=0;A Down=0;A Left=0;A Right=0;A Up=1;B=0;C Down=0;C Left=0;C Right=0;C Up=0;DPad D=0;DPad L=0;DPad R=0;DPad U=0;L=0;R=0;Start=0;X Axis=0;Y Axis=0;Z=0"
3453,964,0,111,"","A=0;A Down=0;A Left=0;A Right=0;A Up=1;B=0;C Down=0;C Left=0;C Right=0;C Up=0;DPad D=0;DPad L=0;DPad R=0;DPad U=0;L=0;R=0;Start=0;X Axis=0;Y Axis=0;Z=0"
3454,965,0,111,"","A=0;A Down=0;A Left=0;A Right=0;A Up=1;B=0;C Down=0;C Left=0;C Right=0;C Up=0;DPad D=0;DPad L=0;DPad R=0;DPad U=0;L=0;R=0;Start=0;X Axis=0;Y Axis=0;Z=0"
3455,966,0,111,"","A=0;A Down=0;A Left=0;A Right=0;A Up=1;B=0;C Down=0;C Left=0;C Right=0;C Up=0;DPad D=0;DPad L=0;DPad R=0;DPad U=0;L=0;R=0;Start=0;X Axis=0;Y Axis=0;Z=0"
3456,967,0,111,"","A=0;A Down=0;A Left=0;A Right=0;A Up=1;B=0;C Down=0;C Left=0;C Right=0;C Up=0;DPad D=0;DPad L=0;DPad R=0;DPad U=0;L=0;R=0;Start=0;X Axis=0;Y Axis=0;Z=0"
3457,968,0,111,"","A=0;A Down=0;A Left=0;A Right=0;A Up=1;B=0;C Down=0;C Left=0;C Right=0;C Up=0;DPad D=0;DPad L=0;DPad R=0;DPad U=0;L=0;R=0;Start=0;X Axis=0;Y Axis=0;Z=0"
3458,969,0,111,"","A=0;A Down=0;A Left=0;A Right=0;A Up=1;B=0;C Down=0;C Left=0;C Right=0;C Up=0;DPad D=0;DPad L=0;DPad R=0;DPad U=0;L=0;R=0;Start=0;X Axis=0;Y Axis=0;Z=0"
3459,970,0,111,"","A=0;A Down=0;A Left=0;A Right=0;A Up=1;B=0;C Down=0;C Left=0;C Right=0;C Up=0;DPad D=0;DPad L=0;DPad R=0;DPad U=0;L=0;R=0;Start=0;X Axis=0;Y Axis=0;Z=0"
3460,971,0,111,"","A=0;A Down=0;A Left=0;A Right=0;A Up=1;B=0;C Down=0;C Left=0;C Right=0;C Up=0;DPad D=0;DPad L=0;DPad R=0;DPad U=0;L=0;R=0;Start=0;X Axis=0;Y Axis=0;Z=0"
3461,972,0,111,"","A=0;A Down=0;A Left=0;A Right=0;A Up=1;B=0;C Down=0;C Left=0;C Right=0;C Up=0;DPad D=0;DPad L=0;DPad R=0;DPad U=0;L=0;R=0;Start=0;X Axis=0;Y Axis=0;Z=0"
3462,973,0,111,"","A=0;A Down=0;A Left=0;A Right=0;A Up=1;B=0;C Down=0;C Left=0;C Right=0;C Up=0;DPad D=0;DPad L=0;DPad R=0;DPad U=0;L=0;R=0;Start=0;X Axis=0;Y Axis=0;Z=0"
3463,974,0,111,"","A=0;A Down=0;A Left=0;A Right=0;A Up=1;B=0;C Down=0;C Left=0;C Right=0;C Up=0;DPad D=0;DPad L=0;DPad R=0;DPad U=0;L=0;R=0;Start=0;X Axis=0;Y Axis=0;Z=0"
3464,975,0,111,"","A=0;A Down=0;A Left=0;A Right=0;A Up=1;B=0;C Down=0;C Left=0;C Right=0;C Up=0;DPad D=0;DPad L=0;DPad R=0;DPad U=0;L=0;R=0;Start=0;X Axis=0;Y Axis=0;Z=0"
3465,976,0,111,"","A=0;A Down=0;A Left=0;A Right=0;A Up=1;B=0;C Down=0;C Left=0;C Right=0;C Up=0;DPad D=0;DPad L=0;DPad R=0;DPad U=0;L=0;R=0;Start=0;X Axis=0;Y Axis=0;Z=0"
3466,977,0,111,"","A=0;A Down=0;A Left=0;A Right=0;A Up=1;B=0;C Down=0;C Left=0;C Right=0;C Up=0;DPad D=0;DPad L=0;DPad R=0;DPad U=0;L=0;R=0;Start=0;X Axis=0;Y Axis=0;Z=0"
3467,978,0,111,"","A=0;A Down=0;A Left=0;A Right=0;A Up=1;B=0;C Down=0;C Left=0;C Right=0;C Up=0;DPad D=0;DPad L=0;DPad R=0;DPad U=0;L=0;R=0;Start=0;X Axis=0;Y Axis=0;Z=0"
3468,979,0,111,"","A=0;A Down=0;A Left=0;A Right=0;A Up=1;B=0;C Down=0;C Left=0;C Right=0;C Up=0;DPad D=0;DPad L=0;DPad R=0;DPad U=0;L=0;R=0;Start=0;X Axis=0;Y Axis=0;Z=0"
3469,980,0,111,"","A=0;A Down=0;A Left=0;A Right=0;A Up=1;B=0;C Down=0;C Left=0;C Right=0;C Up=0;DPad D=0;DPad L=0;DPad R=0;DPad U=0;L=0;R=0;Start=0;X Axis=0;Y Axis=0;Z=0"
3470,981,0,111,"","A=0;A Down=0;A Left=0;A Right=0;A Up=1;B=0;C Down=0;C Left=0;C Right=0;C Up=0;DPad D=0;DPad L=0;DPad R=0;DPad U=0;L=0;R=0;Start=0;X Axis=0;Y Axis=0;Z=0"
3471,982,0,111,"","A=0;A Down=0;A Left=0;A Right=0;A Up=1;B=0;C Down=0;C Left=0;C Right=0;C Up=0;DPad D=0;DPad L=0;DPad R=0;DPad U=0;L=0;R=0;Start=0;X Axis=0;Y Axis=0;Z=0"
3472,983,0,111,"","A=0;A Down=0;A Left=0;A Right=0;A Up=0;B=0;C Down=0;C Left=0;C Right=0;C Up=0;DPad D=0;DPad L=0;DPad R=0;DPad U=0;L=0;R=0;Start=0;X Axis=0;Y Axis=0;Z=0"
3473,984,0,111,"","A=0;A Down=0;A Left=0;A Right=0;A Up=0;B=0;C Down=0;C Left=0;C Right=0;C Up=0;DPad D=0;DPad L=0;DPad R=0;DPad U=0;L=0;R=0;Start=0;X Axis=0;Y Axis=0;Z=0"
3474,985,0,111,"","A=0;A Down=0;A Left=0;A Right=0;A Up=0;B=0;C Down=0;C Left=0;C Right=0;C Up=0;DPad D=0;DPad L=0;DPad R=0;DPad U=0;L=0;R=0;Start=0;X Axis=0;Y Axis=0;Z=0"
3475,986,0,111,"","A=0;A Down=0;A Left=0;A Right=0;A Up=0;B=0;C Down=0;C Left=0;C Right=0;C Up=0;DPad D=0;DPad L=0;DPad R=0;DPad U=0;L=0;R=0;Start=0;X Axis=0;Y Axis=0;Z=0"
3476,987,0,111,"","A=0;A Down=0;A Left=0;A Right=0;A Up=0;B=0;C Down=0;C Left=0;C Right=0;C Up=0;DPad D=0;DPad L=0;DPad R=0;DPad U=0;L=0;R=0;Start=0;X Axis=0;Y Axis=0;Z=0"
3477,988,0,111,"","A=0;A Down=0;A Left=0;A Right=0;A Up=0;B=0;C Down=0;C Left=0;C Right=0;C Up=0;DPad D=0;DPad L=0;DPad R=0;DPad U=0;L=0;R=0;Start=0;X Axis=0;Y Axis=0;Z=0"
3478,989,0,111,"","A=0;A Down=0;A Left=0;A Right=0;A Up=0;B=0;C Down=0;C Left=0;C Right=0;C Up=0;DPad D=0;DPad L=0;DPad R=0;DPad U=0;L=0;R=0;Start=0;X Axis=0;Y Axis=0;Z=0"
3479,990,0,111,"","A=0;A Down=0;A Left=0;A Right=0;A Up=0;B=0;C Down=0;C Left=0;C Right=0;C Up=0;DPad D=0;DPad L=0;DPad R=0;DPad U=0;L=0;R=0;Start=0;X Axis=0;Y Axis=0;Z=0"
3480,991,0,111,"","A=0;A Down=0;A Left=0;A Right=0;A Up=0;B=0;C Down=0;C Left=0;C Right=0;C Up=0;DPad D=0;DPad L=0;DPad R=0;DPad U=0;L=0;R=0;Start=0;X Axis=0;Y Axis=0;Z=0"
3481,992,0,111,"","A=0;A Down=0;A Left=0;A Right=0;A Up=0;B=0;C Down=0;C Left=0;C Right=0;C Up=0;DPad D=0;DPad L=0;DPad R=0;DPad U=0;L=0;R=0;Start=0;X Axis=0;Y Axis=0;Z=0"
3482,993,0,111,"","A=0;A Down=0;A Left=0;A Right=0;A Up=0;B=0;C Down=0;C Left=0;C Right=0;C Up=0;DPad D=0;DPad L=0;DPad R=0;DPad U=0;L=0;R=0;Start=0;X Axis=0;Y Axis=0;Z=0"
3483,994,0,111,"","A=0;A Down=0;A Left=0;A Right=0;A Up=0;B=0;C Down=0;C Left=0;C Right=0;C Up=0;DPad D=0;DPad L=0;DPad R=0;DPad U=0;L=0;R=0;Start=0;X Axis=0;Y Axis=0;Z=0"
3484,995,0,111,"","A=0;A Down=0;A Left=0;A Right=0;A Up=0;B=0;C Down=0;C Left=0;C Right=0;C Up=0;DPad D=0;DPad L=0;DPad R=0;DPad U=0;L=0;R=0;Start=0;X Axis=0;Y Axis=0;Z=0"
3485,996,0,111,"","A=0;A Down=0;A Left=0;A Right=0;A Up=0;B=0;C Down=0;C Left=0;C Right=0;C Up=0;DPad D=0;DPad L=0;DPad R=0;DPad U=0;L=0;R=0;Start=0;X Axis=0;Y Axis=0;Z=0"
3486,997,0,111,"","A=0;A Down=0;A Left=0;A Right=0;A Up=0;B=0;C Down=0;C Left=0;C Right=0;C Up=0;DPad D=0;DPad L=0;DPad R=0;DPad U=0;L=0;R=0;Start=0;X Axis=0;Y Axis=0;Z=0"
3487,998,0,111,"","A=0;A Down=0;A Left=0;A Right=0;A Up=0;B=0;C Down=0;C Left=0;C Right=0;C Up=0;DPad D=0;DPad L=0;DPad R=0;DPad U=0;L=0;R=0;Start=0;X Axis=0;Y Axis=0;Z=0"
3488,999,0,111,"","A=0;A Down=0;A Left=0;A Right=0;A Up=0;B=0;C Down=0;C Left=0;C Right=0;C Up=0;DPad D=0;DPad L=0;DPad R=0;DPad U=0;L=0;R=0;Start=0;X Axis=0;Y Axis=0;Z=0"
3489,1000,0,111,"","A=0;A Down=0;A Left=0;A Right=0;A Up=0;B=0;C Down=0;C Left=0;C Right=0;C Up=0;DPad D=0;DPad L=0;DPad R=0;DPad U=0;L=0;R=0;Start=0;X Axis=0;Y Axis=0;Z=0"
3490,1001,0,111,"","A=0;A Down=0;A Left=0;A Right=0;A Up=0;B=0;C Down=0;C Left=0;C Right=0;C Up=0;DPad D=0;DPad L=0;DPad R=0;DPad U=0;L=0;R=0;Start=0;X Axis=0;Y Axis=0;Z=0"
3491,1002,0,111,"","A=0;A Down=0;A Left=0;A Right=0;A Up=0;B=0;C Down=0;C Left=0;C Right=0;C Up=0;DPad D=0;DPad L=0;DPad R=0;DPad U=0;L=0;R=0;Start=0;X Axis=0;Y Axis=0;Z=0"
3492,1003,0,111,"","A=0;A Down=0;A Left=0;A Right=0;A Up=0;B=0;C Down=0;C Left=0;C Right=0;C Up=0;DPad D=0;DPad L=0;DPad R=0;DPad U=0;L=0;R=0;Start=0;X Axis=0;Y Axis=0;Z=0"
3493,1004,0,111,"","A=0;A Down=0;A Left=0;A Right=0;A Up=0;B=0;C Down=0;C Left=0;C Right=0;C Up=0;DPad D=0;DPad L=0;DPad R=0;DPad U=0;L=0;R=0;Start=0;X Axis=0;Y Axis=0;Z=0"
3494,1005,0,111,"","A=0;A Down=0;A Left=0;A Right=0;A Up=0;B=0;C Down=0;C Left=0;C Right=0;C Up=0;DPad D=0;DPad L=0;DPad R=0;DPad U=0;L=0;R=0;Start=0;X Axis=0;Y Axis=0;Z=0"
3495,1006,0,111,"","A=0;A Down=0;A Left=0;A Right=0;A Up=0;B=0;C Down=0;C Left=0;C Right=0;C Up=0;DPad D=0;DPad L=0;DPad R=0;DPad U=0;L=0;R=0;Start=0;X Axis=0;Y Axis=0;Z=0"
3496,1007,0,111,"","A=0;A Down=0;A Left=0;A Right=0;A Up=0;B=0;C Down=0;C Left=0;C Right=0;C Up=0;DPad D=0;DPad L=0;DPad R=0;DPad U=0;L=0;R=0;Start=0;X Axis=0;Y Axis=0;Z=0"
3497,1008,0,111,"","A=0;A Down=0;A Left=0;A Right=0;A Up=0;B=0;C Down=0;C Left=0;C Right=0;C Up=0;DPad D=0;DPad L=0;DPad R=0;DPad U=0;L=0;R=0;Start=0;X Axis=0;Y Axis=0;Z=1"
3498,1009,0,111,"","A=0;A Down=0;A Left=0;A Right=0;A Up=0;B=0;C Down=0;C Left=0;C Right=0;C Up=0;DPad D=0;DPad L=0;DPad R=0;DPad U=0;L=0;R=0;Start=0;X Axis=0;Y Axis=0;Z=1"
3499,1010,0,111,"","A=0;A Down=0;A Left=0;A Right=0;A Up=0;B=0;C Down=0;C Left=0;C Right=0;C Up=0;DPad D=0;DPad L=0;DPad R=0;DPad U=0;L=0;R=0;Start=0;X Axis=0;Y Axis=0;Z=1"
3500,1011,0,111,"","A=0;A Down=0;A Left=0;A Right=0;A Up=0;B=0;C Down=0;C Left=0;C Right=0;C Up=0;DPad D=0;DPad L=0;DPad R=0;DPad U=0;L=0;R=0;Start=0;X Axis=0;Y Axis=0;Z=1"
3501,1012,0,111,"","A=0;A Down=0;A Left=0;A Right=0;A Up=0;B=0;C Down=0;C Left=0;C Right=0;C Up=0;DPad D=0;DPad L=0;DPad R=0;DPad U=0;L=0;R=0;Start=0;X Axis=0;Y Axis=0;Z=1"
3502,1013,0,111,"","A=0;A Down=0;A Left=0;A Right=0;A Up=0;B=0;C Down=0;C Left=0;C Right=0;C Up=0;DPad D=0;DPad L=0;DPad R=0;DPad U=0;L=0;R=0;Start=0;X Axis=0;Y Axis=0;Z=1"
3503,1014,0,111,"","A=0;A Down=0;A Left=0;A Right=0;A Up=0;B=0;C Down=0;C Left=0;C Right=0;C Up=0;DPad D=0;DPad L=0;DPad R=0;DPad U=0;L=0;R=0;Start=0;X Axis=0;Y Axis=0;Z=0"
3504,1015,0,111,"","A=0;A Down=0;A Left=0;A Right=0;A Up=0;B=0;C Down=0;C Left=0;C Right=0;C Up=0;DPad D=0;DPad L=0;DPad R=0;DPad U=0;L=0;R=0;Start=0;X Axis=0;Y Axis=0;Z=0"
3505,1016,0,111,"","A=0;A Down=0;A Left=0;A Right=0;A Up=0;B=0;C Down=0;C Left=0;C Right=0;C Up=0;DPad D=0;DPad L=0;DPad R=0;DPad U=0;L=0;R=0;Start=0;X Axis=0;Y Axis=0;Z=0"
3506,1017,0,111,"","A=0;A Down=0;A Left=0;A Right=0;A Up=0;B=0;C Down=0;C Left=0;C Right=0;C Up=0;DPad D=0;DPad L=0;DPad R=0;DPad U=0;L=0;R=0;Start=0;X Axis=0;Y Axis=0;Z=0"
3507,1018,0,111,"","A=0;A Down=0;A Left=0;A Right=0;A Up=0;B=0;C Down=0;C Left=0;C Right=0;C Up=0;DPad D=0;DPad L=0;DPad R=0;DPad U=0;L=0;R=0;Start=0;X Axis=0;Y Axis=0;Z=0"
3508,1019,0,111,"","A=0;A Down=0;A Left=0;A Right=0;A Up=0;B=0;C Down=0;C Left=0;C Right=0;C Up=0;DPad D=0;DPad L=0;DPad R=0;DPad U=0;L=0;R=0;Start=0;X Axis=0;Y Axis=0;Z=0"
3509,1020,0,111,"","A=0;A Down=0;A Left=0;A Right=0;A Up=0;B=0;C Down=0;C Left=0;C Right=0;C Up=0;DPad D=0;DPad L=0;DPad R=0;DPad U=0;L=0;R=0;Start=0;X Axis=0;Y Axis=0;Z=0"
3510,1021,0,111,"","A=0;A Down=0;A Left=0;A Right=0;A Up=0;B=0;C Down=0;C Left=0;C Right=0;C Up=0;DPad D=0;DPad L=0;DPad R=0;DPad U=0;L=0;R=0;Start=0;X Axis=0;Y Axis=0;Z=0"
3511,1022,0,111,"","A=0;A Down=0;A Left=0;A Right=0;A Up=0;B=0;C Down=0;C Left=0;C Right=0;C Up=0;DPad D=0;DPad L=0;DPad R=0;DPad U=0;L=0;R=0;Start=0;X Axis=0;Y Axis=0;Z=0"
3512,1023,0,111,"","A=0;A Down=0;A Left=0;A Right=0;A Up=0;B=0;C Down=0;C Left=0;C Right=0;C Up=0;DPad D=0;DPad L=0;DPad R=0;DPad U=0;L=0;R=0;Start=0;X Axis=0;Y Axis=0;Z=0"
3513,1024,0,111,"","A=0;A Down=0;A Left=0;A Right=0;A Up=0;B=0;C Down=0;C Left=0;C Right=0;C Up=0;DPad D=0;DPad L=0;DPad R=0;DPad U=0;L=0;R=0;Start=0;X Axis=0;Y Axis=0;Z=0"
3514,1025,0,111,"","A=0;A Down=0;A Left=0;A Right=0;A Up=0;B=0;C Down=0;C Left=0;C Right=0;C Up=0;DPad D=0;DPad L=0;DPad R=0;DPad U=0;L=0;R=0;Start=0;X Axis=0;Y Axis=0;Z=0"
3515,1026,0,111,"","A=0;A Down=0;A Left=0;A Right=0;A Up=0;B=0;C Down=0;C Left=0;C Right=0;C Up=0;DPad D=0;DPad L=0;DPad R=0;DPad U=0;L=0;R=0;Start=0;X Axis=0;Y Axis=0;Z=0"
3516,1027,0,111,"","A=0;A Down=0;A Left=0;A Right=0;A Up=0;B=0;C Down=0;C Left=0;C Right=0;C Up=0;DPad D=0;DPad L=0;DPad R=0;DPad U=0;L=0;R=0;Start=0;X Axis=0;Y Axis=0;Z=0"
3517,1028,0,111,"","A=0;A Down=0;A Left=0;A Right=0;A Up=0;B=0;C Down=0;C Left=0;C Right=0;C Up=0;DPad D=0;DPad L=0;DPad R=0;DPad U=0;L=0;R=0;Start=0;X Axis=0;Y Axis=0;Z=0"
3518,1029,0,111,"","A=0;A Down=0;A Left=0;A Right=0;A Up=0;B=0;C Down=0;C Left=0;C Right=0;C Up=0;DPad D=0;DPad L=0;DPad R=0;DPad U=0;L=0;R=0;Start=0;X Axis=0;Y Axis=0;Z=0"
3519,1030,0,111,"","A=0;A Down=0;A Left=0;A Right=0;A Up=0;B=0;C Down=0;C Left=0;C Right=0;C Up=0;DPad D=0;DPad L=0;DPad R=0;DPad U=0;L=0;R=0;Start=0;X Axis=0;Y Axis=0;Z=0"
3520,1031,0,111,"","A=0;A Down=0;A Left=0;A Right=0;A Up=0;B=0;C Down=0;C Left=0;C Right=0;C Up=0;DPad D=0;DPad L=0;DPad R=0;DPad U=0;L=0;R=0;Start=0;X Axis=0;Y Axis=0;Z=0"
3521,1032,0,111,"","A=0;A Down=0;A Left=0;A Right=0;A Up=0;B=0;C Down=0;C Left=0;C Right=0;C Up=0;DPad D=0;DPad L=0;DPad R=0;DPad U=0;L=0;R=0;Start=0;X Axis=0;Y Axis=0;Z=0"
3522,1033,0,111,"","A=0;A Down=0;A Left=0;A Right=0;A Up=0;B=0;C Down=0;C Left=0;C Right=0;C Up=0;DPad D=0;DPad L=0;DPad R=0;DPad U=0;L=0;R=0;Start=0;X Axis=0;Y Axis=0;Z=0"
3523,1034,0,111,"","A=0;A Down=0;A Left=0;A Right=0;A Up=0;B=0;C Down=0;C Left=0;C Right=0;C Up=0;DPad D=0;DPad L=0;DPad R=0;DPad U=0;L=0;R=0;Start=0;X Axis=0;Y Axis=0;Z=0"
3524,1035,0,111,"","A=0;A Down=0;A Left=0;A Right=0;A Up=0;B=0;C Down=0;C Left=0;C Right=0;C Up=0;DPad D=0;DPad L=0;DPad R=0;DPad U=0;L=0;R=0;Start=0;X Axis=0;Y Axis=0;Z=0"
3525,1036,0,111,"","A=0;A Down=0;A Left=0;A Right=0;A Up=0;B=0;C Down=0;C Left=0;C Right=0;C Up=0;DPad D=0;DPad L=0;DPad R=0;DPad U=0;L=0;R=0;Start=0;X Axis=0;Y Axis=0;Z=0"
3526,1037,0,111,"","A=0;A Down=0;A Left=0;A Right=0;A Up=0;B=0;C Down=0;C Left=0;C Right=0;C Up=0;DPad D=0;DPad L=0;DPad R=0;DPad U=0;L=0;R=0;Start=0;X Axis=0;Y Axis=0;Z=0"
3527,1038,0,111,"","A=0;A Down=0;A Left=0;A Right=0;A Up=0;B=0;C Down=0;C Left=0;C Right=0;C Up=0;DPad D=0;DPad L=0;DPad R=0;DPad U=0;L=0;R=0;Start=0;X Axis=0;Y Axis=0;Z=0"
3528,1039,0,111,"","A=0;A Down=0;A Left=0;A Right=0;A Up=0;B=0;C Down=0;C Left=0;C Right=0;C Up=0;DPad D=0;DPad L=0;DPad R=0;DPad U=0;L=0;R=0;Start=0;X Axis=0;Y Axis=0;Z=0"
3529,1040,0,111,"","A=0;A Down=0;A Left=0;A Right=0;A Up=0;B=0;C Down=0;C Left=0;C Right=0;C Up=0;DPad D=0;DPad L=0;DPad R=0;DPad U=0;L=0;R=0;Start=0;X Axis=0;Y Axis=0;Z=0"
3530,1041,0,111,"","A=0;A Down=0;A Left=0;A Right=0;A Up=0;B=0;C Down=0;C Left=0;C Right=0;C Up=0;DPad D=0;DPad L=0;DPad R=0;DPad U=0;L=0;R=0;Start=0;X Axis=0;Y Axis=0;Z=0"
3531,1042,0,111,"","A=0;A Down=0;A Left=0;A Right=0;A Up=0;B=0;C Down=0;C Left=0;C Right=0;C Up=0;DPad D=0;DPad L=0;DPad R=0;DPad U=0;L=0;R=0;Start=0;X Axis=0;Y Axis=0;Z=0"
3532,1043,0,111,"","A=0;A Down=0;A Left=0;A Right=0;A Up=0;B=0;C Down=0;C Left=0;C Right=0;C Up=0;DPad D=0;DPad L=0;DPad R=0;DPad U=0;L=0;R=0;Start=0;X Axis=0;Y Axis=0;Z=0"
3533,1044,0,111,"","A=0;A Down=0;A Left=0;A Right=0;A Up=0;B=0;C Down=0;C Left=0;C Right=0;C Up=0;DPad D=0;DPad L=0;DPad R=0;DPad U=0;L=0;R=0;Start=0;X Axis=0;Y Axis=0;Z=0"
3534,1045,0,111,"","A=0;A Down=0;A Left=0;A Right=0;A Up=0;B=0;C Down=0;C Left=0;C Right=0;C Up=0;DPad D=0;DPad L=0;DPad R=0;DPad U=0;L=0;R=0;Start=0;X Axis=0;Y Axis=0;Z=0"
3535,1046,0,111,"","A=0;A Down=0;A Left=0;A Right=0;A Up=0;B=0;C Down=0;C Left=0;C Right=0;C Up=0;DPad D=0;DPad L=0;DPad R=0;DPad U=0;L=0;R=0;Start=0;X Axis=0;Y Axis=0;Z=0"
3536,1047,0,111,"","A=0;A Down=0;A Left=0;A Right=0;A Up=0;B=0;C Down=0;C Left=0;C Right=0;C Up=0;DPad D=0;DPad L=0;DPad R=0;DPad U=0;L=0;R=0;Start=0;X Axis=0;Y Axis=0;Z=0"
3537,1048,0,111,"","A=0;A Down=0;A Left=0;A Right=0;A Up=0;B=0;C Down=0;C Left=0;C Right=0;C Up=0;DPad D=0;DPad L=0;DPad R=0;DPad U=0;L=0;R=0;Start=0;X Axis=0;Y Axis=0;Z=0"
3538,1049,0,111,"","A=0;A Down=0;A Left=0;A Right=0;A Up=0;B=0;C Down=0;C Left=0;C Right=0;C Up=0;DPad D=0;DPad L=0;DPad R=0;DPad U=0;L=0;R=0;Start=0;X Axis=0;Y Axis=0;Z=0"
3539,1050,0,111,"","A=0;A Down=0;A Left=0;A Right=0;A Up=0;B=0;C Down=0;C Left=0;C Right=0;C Up=0;DPad D=0;DPad L=0;DPad R=0;DPad U=0;L=0;R=0;Start=0;X Axis=0;Y Axis=0;Z=0"
3540,1051,0,111,"","A=0;A Down=0;A Left=0;A Right=0;A Up=0;B=0;C Down=0;C Left=0;C Right=0;C Up=0;DPad D=0;DPad L=0;DPad R=0;DPad U=0;L=0;R=0;Start=0;X Axis=0;Y Axis=0;Z=0"
3541,1052,0,111,"","A=0;A Down=0;A Left=0;A Right=0;A Up=0;B=0;C Down=0;C Left=0;C Right=0;C Up=0;DPad D=0;DPad L=0;DPad R=0;DPad U=0;L=0;R=0;Start=0;X Axis=0;Y Axis=0;Z=0"
3542,1053,0,111,"","A=0;A Down=0;A Left=0;A Right=0;A Up=0;B=0;C Down=0;C Left=0;C Right=0;C Up=0;DPad D=0;DPad L=0;DPad R=0;DPad U=0;L=0;R=0;Start=0;X Axis=0;Y Axis=0;Z=0"
3543,1054,0,111,"","A=0;A Down=0;A Left=0;A Right=0;A Up=0;B=0;C Down=0;C Left=0;C Right=0;C Up=0;DPad D=0;DPad L=0;DPad R=0;DPad U=0;L=0;R=0;Start=0;X Axis=0;Y Axis=0;Z=0"
3544,1055,0,111,"","A=0;A Down=0;A Left=0;A Right=0;A Up=0;B=0;C Down=0;C Left=0;C Right=0;C Up=0;DPad D=0;DPad L=0;DPad R=0;DPad U=0;L=0;R=0;Start=0;X Axis=0;Y Axis=0;Z=0"
3545,1056,0,111,"","A=0;A Down=0;A Left=0;A Right=0;A Up=0;B=0;C Down=0;C Left=0;C Right=0;C Up=0;DPad D=0;DPad L=0;DPad R=0;DPad U=0;L=0;R=0;Start=0;X Axis=0;Y Axis=0;Z=0"
3546,1057,0,111,"","A=0;A Down=0;A Left=0;A Right=0;A Up=0;B=0;C Down=0;C Left=0;C Right=0;C Up=0;DPad D=0;DPad L=0;DPad R=0;DPad U=0;L=0;R=0;Start=0;X Axis=0;Y Axis=0;Z=0"
3547,1058,0,111,"","A=0;A Down=0;A Left=0;A Right=0;A Up=0;B=0;C Down=0;C Left=0;C Right=0;C Up=0;DPad D=0;DPad L=0;DPad R=0;DPad U=0;L=0;R=0;Start=0;X Axis=0;Y Axis=0;Z=0"
3548,1059,0,111,"","A=0;A Down=0;A Left=0;A Right=0;A Up=0;B=0;C Down=0;C Left=0;C Right=0;C Up=0;DPad D=0;DPad L=0;DPad R=0;DPad U=0;L=0;R=0;Start=0;X Axis=0;Y Axis=0;Z=0"
3549,1060,0,111,"","A=0;A Down=0;A Left=0;A Right=0;A Up=0;B=0;C Down=0;C Left=0;C Right=0;C Up=0;DPad D=0;DPad L=0;DPad R=0;DPad U=0;L=0;R=0;Start=0;X Axis=0;Y Axis=0;Z=0"
3550,1061,0,111,"","A=0;A Down=0;A Left=0;A Right=0;A Up=0;B=0;C Down=0;C Left=0;C Right=0;C Up=0;DPad D=0;DPad L=0;DPad R=0;DPad U=0;L=0;R=0;Start=0;X Axis=0;Y Axis=0;Z=0"
3551,1062,0,111,"","A=0;A Down=0;A Left=0;A Right=0;A Up=0;B=0;C Down=0;C Left=0;C Right=0;C Up=0;DPad D=0;DPad L=0;DPad R=0;DPad U=0;L=0;R=0;Start=0;X Axis=0;Y Axis=0;Z=0"
3552,1063,0,111,"","A=0;A Down=0;A Left=0;A Right=0;A Up=0;B=0;C Down=0;C Left=0;C Right=0;C Up=0;DPad D=0;DPad L=0;DPad R=0;DPad U=0;L=0;R=0;Start=0;X Axis=0;Y Axis=0;Z=0"
3553,1064,0,111,"","A=0;A Down=0;A Left=0;A Right=0;A Up=0;B=0;C Down=0;C Left=0;C Right=0;C Up=0;DPad D=0;DPad L=0;DPad R=0;DPad U=0;L=0;R=0;Start=0;X Axis=0;Y Axis=0;Z=0"
3554,1065,0,111,"","A=0;A Down=0;A Left=0;A Right=0;A Up=0;B=0;C Down=0;C Left=0;C Right=0;C Up=0;DPad D=0;DPad L=0;DPad R=0;DPad U=0;L=0;R=0;Start=0;X Axis=0;Y Axis=0;Z=0"
3555,1066,0,111,"","A=0;A Down=0;A Left=0;A Right=0;A Up=0;B=0;C Down=0;C Left=0;C Right=0;C Up=0;DPad D=0;DPad L=0;DPad R=0;DPad U=0;L=0;R=0;Start=0;X Axis=0;Y Axis=0;Z=0"
3556,1067,0,111,"","A=0;A Down=0;A Left=0;A Right=0;A Up=0;B=0;C Down=0;C Left=0;C Right=0;C Up=0;DPad D=0;DPad L=0;DPad R=0;DPad U=0;L=0;R=0;Start=0;X Axis=0;Y Axis=0;Z=0"
3557,1068,0,111,"","A=0;A Down=0;A Left=0;A Right=0;A Up=0;B=0;C Down=0;C Left=0;C Right=0;C Up=0;DPad D=0;DPad L=0;DPad R=0;DPad U=0;L=0;R=0;Start=0;X Axis=0;Y Axis=0;Z=0"
3558,1069,0,111,"","A=0;A Down=0;A Left=0;A Right=0;A Up=0;B=0;C Down=0;C Left=0;C Right=0;C Up=0;DPad D=0;DPad L=0;DPad R=0;DPad U=0;L=0;R=0;Start=0;X Axis=0;Y Axis=0;Z=0"
3559,1070,0,111,"","A=0;A Down=0;A Left=0;A Right=0;A Up=0;B=0;C Down=0;C Left=0;C Right=0;C Up=0;DPad D=0;DPad L=0;DPad R=0;DPad U=0;L=0;R=0;Start=0;X Axis=0;Y Axis=0;Z=0"
3560,1071,0,111,"","A=0;A Down=0;A Left=0;A Right=0;A Up=0;B=0;C Down=0;C Left=0;C Right=0;C Up=0;DPad D=0;DPad L=0;DPad R=0;DPad U=0;L=0;R=0;Start=0;X Axis=0;Y Axis=0;Z=0"
3561,1072,0,111,"","A=0;A Down=0;A Left=0;A Right=0;A Up=0;B=0;C Down=0;C Left=0;C Right=0;C Up=0;DPad D=0;DPad L=0;DPad R=0;DPad U=0;L=0;R=0;Start=0;X Axis=0;Y Axis=0;Z=0"
3562,1073,0,111,"","A=0;A Down=0;A Left=0;A Right=0;A Up=0;B=0;C Down=0;C Left=0;C Right=0;C Up=0;DPad D=0;DPad L=0;DPad R=0;DPad U=0;L=0;R=0;Start=0;X Axis=0;Y Axis=0;Z=0"
3563,1074,0,111,"","A=0;A Down=0;A Left=0;A Right=0;A Up=0;B=0;C Down=0;C Left=0;C Right=0;C Up=0;DPad D=0;DPad L=0;DPad R=0;DPad U=0;L=0;R=0;Start=0;X Axis=0;Y Axis=0;Z=0"
3564,1075,0,111,"","A=0;A Down=0;A Left=0;A Right=0;A Up=0;B=0;C Down=0;C Left=0;C Right=0;C Up=0;DPad D=0;DPad L=0;DPad R=0;DPad U=0;L=0;R=0;Start=0;X Axis=0;Y Axis=0;Z=0"
3565,1076,0,111,"","A=0;A Down=0;A Left=0;A Right=0;A Up=0;B=0;C Down=0;C Left=0;C Right=0;C Up=0;DPad D=0;DPad L=0;DPad R=0;DPad U=0;L=0;R=0;Start=0;X Axis=0;Y Axis=0;Z=0"
3566,1077,0,111,"","A=0;A Down=0;A Left=0;A Right=0;A Up=0;B=0;C Down=0;C Left=0;C Right=0;C Up=0;DPad D=0;DPad L=0;DPad R=0;DPad U=0;L=0;R=0;Start=0;X Axis=0;Y Axis=0;Z=0"
3567,1078,0,111,"","A=0;A Down=0;A Left=0;A Right=0;A Up=0;B=0;C Down=0;C Left=0;C Right=0;C Up=0;DPad D=0;DPad L=0;DPad R=0;DPad U=0;L=0;R=0;Start=0;X Axis=0;Y Axis=0;Z=0"
3568,1079,0,111,"","A=0;A Down=0;A Left=0;A Right=0;A Up=0;B=0;C Down=0;C Left=0;C Right=0;C Up=0;DPad D=0;DPad L=0;DPad R=0;DPad U=0;L=0;R=0;Start=0;X Axis=0;Y Axis=0;Z=0"
3569,1080,0,111,"","A=0;A Down=0;A Left=0;A Right=0;A Up=0;B=0;C Down=0;C Left=0;C Right=0;C Up=0;DPad D=0;DPad L=0;DPad R=0;DPad U=0;L=0;R=0;Start=0;X Axis=0;Y Axis=0;Z=0"
3570,1081,0,111,"","A=0;A Down=0;A Left=0;A Right=0;A Up=0;B=0;C Down=0;C Left=0;C Right=0;C Up=0;DPad D=0;DPad L=0;DPad R=0;DPad U=0;L=0;R=0;Start=0;X Axis=0;Y Axis=0;Z=0"
3571,1082,0,111,"","A=0;A Down=0;A Left=0;A Right=0;A Up=0;B=0;C Down=0;C Left=0;C Right=0;C Up=0;DPad D=0;DPad L=0;DPad R=0;DPad U=0;L=0;R=0;Start=0;X Axis=0;Y Axis=0;Z=0"
3572,1083,0,111,"","A=0;A Down=0;A Left=0;A Right=0;A Up=0;B=0;C Down=0;C Left=0;C Right=0;C Up=0;DPad D=0;DPad L=0;DPad R=0;DPad U=0;L=0;R=0;Start=0;X Axis=0;Y Axis=0;Z=0"
3573,1084,0,111,"","A=0;A Down=0;A Left=0;A Right=0;A Up=0;B=0;C Down=0;C Left=0;C Right=0;C Up=0;DPad D=0;DPad L=0;DPad R=0;DPad U=0;L=0;R=0;Start=0;X Axis=0;Y Axis=0;Z=0"
3574,1085,0,111,"","A=0;A Down=0;A Left=0;A Right=0;A Up=0;B=0;C Down=0;C Left=0;C Right=0;C Up=0;DPad D=0;DPad L=0;DPad R=0;DPad U=0;L=0;R=0;Start=0;X Axis=0;Y Axis=0;Z=0"
3575,1086,0,111,"","A=0;A Down=0;A Left=0;A Right=0;A Up=0;B=0;C Down=0;C Left=0;C Right=0;C Up=0;DPad D=0;DPad L=0;DPad R=0;DPad U=0;L=0;R=0;Start=0;X Axis=0;Y Axis=0;Z=0"
3576,1087,0,111,"","A=0;A Down=0;A Left=0;A Right=0;A Up=0;B=0;C Down=0;C Left=0;C Right=0;C Up=0;DPad D=0;DPad L=0;DPad R=0;DPad U=0;L=0;R=0;Start=0;X Axis=0;Y Axis=0;Z=0"
3577,1088,0,111,"","A=0;A Down=0;A Left=0;A Right=0;A Up=0;B=0;C Down=0;C Left=0;C Right=0;C Up=0;DPad D=0;DPad L=0;DPad R=0;DPad U=0;L=0;R=0;Start=0;X Axis=0;Y Axis=0;Z=0"
3578,1089,0,111,"","A=0;A Down=0;A Left=0;A Right=0;A Up=0;B=0;C Down=0;C Left=0;C Right=0;C Up=0;DPad D=0;DPad L=0;DPad R=0;DPad U=0;L=0;R=0;Start=0;X Axis=0;Y Axis=0;Z=0"
3579,1090,0,111,"","A=0;A Down=0;A Left=0;A Right=0;A Up=0;B=0;C Down=0;C Left=0;C Right=0;C Up=0;DPad D=0;DPad L=0;DPad R=0;DPad U=0;L=0;R=0;Start=0;X Axis=0;Y Axis=0;Z=0"
3580,1091,0,111,"","A=0;A Down=0;A Left=0;A Right=0;A Up=0;B=0;C Down=0;C Left=0;C Right=0;C Up=0;DPad D=0;DPad L=0;DPad R=0;DPad U=0;L=0;R=0;Start=0;X Axis=0;Y Axis=0;Z=0"
3581,1092,0,111,"","A=0;A Down=0;A Left=0;A Right=0;A Up=0;B=0;C Down=0;C Left=0;C Right=0;C Up=0;DPad D=0;DPad L=0;DPad R=0;DPad U=0;L=0;R=0;Start=0;X Axis=0;Y Axis=0;Z=0"
3582,1093,0,111,"","A=0;A Down=0;A Left=0;A Right=0;A Up=0;B=0;C Down=0;C Left=0;C Right=0;C Up=0;DPad D=0;DPad L=0;DPad R=0;DPad U=0;L=0;R=0;Start=0;X Axis=0;Y Axis=0;Z=0"
3583,1094,0,111,"","A=0;A Down=0;A Left=0;A Right=0;A Up=0;B=0;C Down=0;C Left=0;C Right=0;C Up=0;DPad D=0;DPad L=0;DPad R=0;DPad U=0;L=0;R=0;Start=0;X Axis=0;Y Axis=0;Z=0"
3584,1095,0,111,"","A=0;A Down=0;A Left=0;A Right=0;A Up=0;B=0;C Down=0;C Left=0;C Right=0;C Up=0;DPad D=0;DPad L=0;DPad R=0;DPad U=0;L=0;R=0;Start=0;X Axis=0;Y Axis=0;Z=0"
3585,1096,0,111,"","A=0;A Down=0;A Left=0;A Right=0;A Up=0;B=0;C Down=0;C Left=0;C Right=0;C Up=0;DPad D=0;DPad L=0;DPad R=0;DPad U=0;L=0;R=0;Start=0;X Axis=0;Y Axis=0;Z=0"
3586,1097,0,111,"","A=0;A Down=0;A Left=0;A Right=0;A Up=0;B=0;C Down=0;C Left=0;C Right=0;C Up=0;DPad D=0;DPad L=0;DPad R=0;DPad U=0;L=0;R=0;Start=0;X Axis=0;Y Axis=0;Z=0"
3587,1098,0,111,"","A=0;A Down=0;A Left=0;A Right=0;A Up=0;B=0;C Down=0;C Left=0;C Right=0;C Up=0;DPad D=0;DPad L=0;DPad R=0;DPad U=0;L=0;R=0;Start=0;X Axis=0;Y Axis=0;Z=0"
3588,1099,0,111,"","A=0;A Down=0;A Left=0;A Right=0;A Up=0;B=0;C Down=0;C Left=0;C Right=0;C Up=0;DPad D=0;DPad L=0;DPad R=0;DPad U=0;L=0;R=0;Start=0;X Axis=0;Y Axis=0;Z=0"
3589,1100,0,111,"","A=0;A Down=0;A Left=0;A Right=0;A Up=0;B=0;C Down=0;C Left=0;C Right=0;C Up=0;DPad D=0;DPad L=0;DPad R=0;DPad U=0;L=0;R=0;Start=0;X Axis=0;Y Axis=0;Z=0"
3590,1101,0,111,"","A=0;A Down=0;A Left=0;A Right=0;A Up=0;B=0;C Down=0;C Left=0;C Right=0;C Up=0;DPad D=0;DPad L=0;DPad R=0;DPad U=0;L=0;R=0;Start=0;X Axis=0;Y Axis=0;Z=0"
3591,1102,0,111,"","A=0;A Down=0;A Left=0;A Right=0;A Up=0;B=0;C Down=0;C Left=0;C Right=0;C Up=0;DPad D=0;DPad L=0;DPad R=0;DPad U=0;L=0;R=0;Start=0;X Axis=0;Y Axis=0;Z=0"
3592,1103,0,111,"","A=0;A Down=0;A Left=0;A Right=0;A Up=0;B=0;C Down=0;C Left=0;C Right=0;C Up=0;DPad D=0;DPad L=0;DPad R=0;DPad U=0;L=0;R=0;Start=0;X Axis=0;Y Axis=0;Z=0"
3593,1104,0,111,"","A=0;A Down=0;A Left=0;A Right=0;A Up=0;B=0;C Down=0;C Left=0;C Right=0;C Up=0;DPad D=0;DPad L=0;DPad R=0;DPad U=0;L=0;R=0;Start=0;X Axis=0;Y Axis=0;Z=0"
3594,1105,0,111,"","A=0;A Down=0;A Left=0;A Right=0;A Up=0;B=0;C Down=0;C Left=0;C Right=0;C Up=0;DPad D=0;DPad L=0;DPad R=0;DPad U=0;L=0;R=0;Start=0;X Axis=0;Y Axis=0;Z=0"
3595,1106,0,111,"","A=0;A Down=0;A Left=0;A Right=0;A Up=0;B=0;C Down=0;C Left=0;C Right=0;C Up=0;DPad D=0;DPad L=0;DPad R=0;DPad U=0;L=0;R=0;Start=0;X Axis=0;Y Axis=0;Z=0"
3596,1107,0,111,"","A=0;A Down=0;A Left=0;A Right=0;A Up=0;B=0;C Down=0;C Left=0;C Right=0;C Up=0;DPad D=0;DPad L=0;DPad R=0;DPad U=0;L=0;R=0;Start=0;X Axis=0;Y Axis=0;Z=0"
3597,1108,0,111,"","A=0;A Down=0;A Left=0;A Right=0;A Up=0;B=0;C Down=0;C Left=0;C Right=0;C Up=0;DPad D=0;DPad L=0;DPad R=0;DPad U=0;L=0;R=0;Start=0;X Axis=0;Y Axis=0;Z=0"
3598,1109,0,111,"","A=0;A Down=0;A Left=0;A Right=0;A Up=0;B=0;C Down=0;C Left=0;C Right=0;C Up=0;DPad D=0;DPad L=0;DPad R=0;DPad U=0;L=0;R=0;Start=0;X Axis=0;Y Axis=0;Z=0"
3599,1110,0,111,"","A=0;A Down=0;A Left=0;A Right=0;A Up=0;B=0;C Down=0;C Left=0;C Right=0;C Up=0;DPad D=0;DPad L=0;DPad R=0;DPad U=0;L=0;R=0;Start=0;X Axis=0;Y Axis=0;Z=0"
3600,1111,0,111,"","A=0;A Down=0;A Left=0;A Right=0;A Up=0;B=0;C Down=0;C Left=0;C Right=0;C Up=0;DPad D=0;DPad L=0;DPad R=0;DPad U=0;L=0;R=0;Start=0;X Axis=0;Y Axis=0;Z=0"
3601,1112,0,111,"","A=0;A Down=0;A Left=0;A Right=0;A Up=0;B=0;C Down=0;C Left=0;C Right=0;C Up=0;DPad D=0;DPad L=0;DPad R=0;DPad U=0;L=0;R=0;Start=0;X Axis=0;Y Axis=0;Z=0"
3602,1113,0,111,"","A=0;A Down=0;A Left=0;A Right=0;A Up=0;B=0;C Down=0;C Left=0;C Right=0;C Up=0;DPad D=0;DPad L=0;DPad R=0;DPad U=0;L=0;R=0;Start=0;X Axis=0;Y Axis=0;Z=0"
3603,1114,0,111,"","A=0;A Down=0;A Left=0;A Right=0;A Up=0;B=0;C Down=0;C Left=0;C Right=0;C Up=0;DPad D=0;DPad L=0;DPad R=0;DPad U=0;L=0;R=0;Start=0;X Axis=0;Y Axis=0;Z=0"
3604,1115,0,111,"","A=0;A Down=0;A Left=0;A Right=0;A Up=0;B=0;C Down=0;C Left=0;C Right=0;C Up=0;DPad D=0;DPad L=0;DPad R=0;DPad U=0;L=0;R=0;Start=0;X Axis=0;Y Axis=0;Z=0"
3605,1116,0,111,"","A=0;A Down=0;A Left=0;A Right=0;A Up=0;B=0;C Down=0;C Left=0;C Right=0;C Up=0;DPad D=0;DPad L=0;DPad R=0;DPad U=0;L=0;R=0;Start=0;X Axis=0;Y Axis=0;Z=0"
3606,1117,0,111,"","A=0;A Down=0;A Left=0;A Right=0;A Up=0;B=0;C Down=0;C Left=0;C Right=0;C Up=0;DPad D=0;DPad L=0;DPad R=0;DPad U=0;L=0;R=0;Start=0;X Axis=0;Y Axis=0;Z=0"
3607,1118,0,111,"","A=0;A Down=0;A Left=0;A Right=0;A Up=0;B=0;C Down=0;C Left=0;C Right=0;C Up=0;DPad D=0;DPad L=0;DPad R=0;DPad U=0;L=0;R=0;Start=0;X Axis=0;Y Axis=0;Z=0"
3608,1119,0,111,"","A=0;A Down=0;A Left=0;A Right=0;A Up=0;B=0;C Down=0;C Left=0;C Right=0;C Up=0;DPad D=0;DPad L=0;DPad R=0;DPad U=0;L=0;R=0;Start=0;X Axis=0;Y Axis=0;Z=0"
3609,1120,0,111,"","A=0;A Down=0;A Left=0;A Right=0;A Up=0;B=0;C Down=0;C Left=0;C Right=0;C Up=0;DPad D=0;DPad L=0;DPad R=0;DPad U=0;L=0;R=0;Start=0;X Axis=0;Y Axis=0;Z=0"
3610,1121,0,111,"","A=0;A Down=0;A Left=0;A Right=0;A Up=0;B=0;C Down=0;C Left=0;C Right=0;C Up=0;DPad D=0;DPad L=0;DPad R=0;DPad U=0;L=0;R=0;Start=0;X Axis=0;Y Axis=0;Z=0"
3611,1122,0,111,"","A=0;A Down=0;A Left=0;A Right=0;A Up=0;B=0;C Down=0;C Left=0;C Right=0;C Up=0;DPad D=0;DPad L=0;DPad R=0;DPad U=0;L=0;R=0;Start=0;X Axis=0;Y Axis=0;Z=0"
3612,1123,0,111,"","A=0;A Down=0;A Left=0;A Right=0;A Up=0;B=0;C Down=0;C Left=0;C Right=0;C Up=0;DPad D=0;DPad L=0;DPad R=0;DPad U=0;L=0;R=0;Start=0;X Axis=0;Y Axis=0;Z=0"
3613,1124,0,111,"","A=0;A Down=0;A Left=0;A Right=0;A Up=0;B=0;C Down=0;C Left=0;C Right=0;C Up=0;DPad D=0;DPad L=0;DPad R=0;DPad U=0;L=0;R=0;Start=0;X Axis=0;Y Axis=0;Z=0"
3614,1125,0,111,"","A=0;A Down=0;A Left=0;A Right=0;A Up=0;B=0;C Down=0;C Left=0;C Right=0;C Up=0;DPad D=0;DPad L=0;DPad R=0;DPad U=0;L=0;R=0;Start=0;X Axis=0;Y Axis=0;Z=0"
3615,1126,0,111,"","A=0;A Down=0;A Left=0;A Right=0;A Up=0;B=0;C Down=0;C Left=0;C Right=0;C Up=0;DPad D=0;DPad L=0;DPad R=0;DPad U=0;L=0;R=0;Start=0;X Axis=0;Y Axis=0;Z=0"
3616,1127,0,111,"","A=0;A Down=0;A Left=0;A Right=0;A Up=0;B=0;C Down=0;C Left=0;C Right=0;C Up=0;DPad D=0;DPad L=0;DPad R=0;DPad U=0;L=0;R=0;Start=0;X Axis=0;Y Axis=0;Z=0"
3617,1128,0,111,"","A=0;A Down=0;A Left=0;A Right=0;A Up=0;B=0;C Down=0;C Left=0;C Right=0;C Up=0;DPad D=0;DPad L=0;DPad R=0;DPad U=0;L=0;R=0;Start=0;X Axis=0;Y Axis=0;Z=0"
3618,1129,0,111,"SHOT","A=0;A Down=0;A Left=0;A Right=0;A Up=0;B=0;C Down=0;C Left=0;C Right=0;C Up=0;DPad D=0;DPad L=0;DPad R=0;DPad U=0;L=0;R=0;Start=0;X Axis=0;Y Axis=0;Z=0"
3619,1130,0,111,"","A=0;A Down=0;A Left=0;A Right=0;A Up=0;B=0;C Down=0;C Left=0;C Right=0;C Up=0;DPad D=0;DPad L=0;DPad R=0;DPad U=0;L=0;R=0;Start=0;X Axis=0;Y Axis=0;Z=0"
3620,1131,0,111,"","A=0;A Down=0;A Left=0;A Right=0;A Up=0;B=0;C Down=0;C Left=0;C Right=0;C Up=0;DPad D=0;DPad L=0;DPad R=0;DPad U=0;L=0;R=0;Start=0;X Axis=0;Y Axis=0;Z=0"
3621,1132,0,111,"","A=0;A Down=0;A Left=0;A Right=0;A Up=0;B=0;C Down=0;C Left=0;C Right=0;C Up=0;DPad D=0;DPad L=0;DPad R=0;DPad U=0;L=0;R=0;Start=0;X Axis=0;Y Axis=0;Z=0"
3622,1133,0,111,"","A=0;A Down=0;A Left=0;A Right=0;A Up=0;B=0;C Down=0;C Left=0;C Right=0;C Up=0;DPad D=0;DPad L=0;DPad R=0;DPad U=0;L=0;R=0;Start=0;X Axis=0;Y Axis=0;Z=0"
3623,1134,0,111,"","A=0;A Down=0;A Left=0;A Right=0;A Up=0;B=0;C Down=0;C Left=0;C Right=0;C Up=0;DPad D=0;DPad L=0;DPad R=0;DPad U=0;L=0;R=0;Start=0;X Axis=0;Y Axis=0;Z=0"
3624,1135,0,111,"","A=0;A Down=0;A Left=0;A Right=0;A Up=0;B=0;C Down=0;C Left=0;C Right=0;C Up=0;DPad D=0;DPad L=0;DPad R=0;DPad U=0;L=0;R=0;Start=0;X Axis=0;Y Axis=0;Z=0"
3625,1136,0,111,"","A=0;A Down=0;A Left=0;A Right=0;A Up=0;B=0;C Down=0;C Left=0;C Right=0;C Up=0;DPad D=0;DPad L=0;DPad R=0;DPad U=0;L=0;R=0;Start=0;X Axis=0;Y Axis=0;Z=0"
3626,1137,0,111,"","A=0;A Down=0;A Left=0;A Right=0;A Up=0;B=0;C Down=0;C Left=0;C Right=0;C Up=0;DPad D=0;DPad L=0;DPad R=0;DPad U=0;L=0;R=0;Start=0;X Axis=0;Y Axis=0;Z=0"
3627,1138,0,111,"","A=0;A Down=0;A Left=0;A Right=0;A Up=0;B=0;C Down=0;C Left=0;C Right=0;C Up=0;DPad D=0;DPad L=0;DPad R=0;DPad U=0;L=0;R=0;Start=0;X Axis=0;Y Axis=0;Z=0"
3628,1139,0,111,"","A=0;A Down=0;A Left=0;A Right=0;A Up=0;B=0;C Down=0;C Left=0;C Right=0;C Up=0;DPad D=0;DPad L=0;DPad R=0;DPad U=0;L=0;R=0;Start=0;X Axis=0;Y Axis=0;Z=0"
3629,1140,0,111,"","A=0;A Down=0;A Left=0;A Right=0;A Up=0;B=0;C Down=0;C Left=0;C Right=0;C Up=0;DPad D=0;DPad L=0;DPad R=0;DPad U=0;L=0;R=0;Start=0;X Axis=0;Y Axis=0;Z=0"
3630,1141,0,111,"","A=0;A Down=0;A Left=0;A Right=0;A Up=0;B=0;C Down=0;C Left=0;C Right=0;C Up=0;DPad D=0;DPad L=0;DPad R=0;DPad U=0;L=0;R=0;Start=0;X Axis=0;Y Axis=0;Z=0"
3631,1142,0,111,"","A=0;A Down=0;A Left=0;A Right=0;A Up=0;B=0;C Down=0;C Left=0;C Right=0;C Up=0;DPad D=0;DPad L=0;DPad R=0;DPad U=0;L=0;R=0;Start=0;X Axis=0;Y Axis=0;Z=0"
3632,1143,0,111,"","A=0;A Down=0;A Left=0;A Right=0;A Up=0;B=0;C Down=0;C Left=0;C Right=0;C Up=0;DPad D=0;DPad L=0;DPad R=0;DPad U=0;L=0;R=0;Start=0;X Axis=0;Y Axis=0;Z=0"
3633,1144,0,111,"","A=0;A Down=0;A Left=0;A Right=0;A Up=0;B=0;C Down=0;C Left=0;C Right=0;C Up=0;DPad D=0;DPad L=0;DPad R=0;DPad U=0;L=0;R=0;Start=0;X Axis=0;Y Axis=0;Z=0"
3634,1145,0,111,"","A=0;A Down=0;A Left=0;A Right=0;A Up=0;B=0;C Down=0;C Left=0;C Right=0;C Up=0;DPad D=0;DPad L=0;DPad R=0;DPad U=0;L=0;R=0;Start=0;X Axis=0;Y Axis=0;Z=0"
3635,1146,0,111,"","A=0;A Down=0;A Left=0;A Right=0;A Up=0;B=0;C Down=0;C Left=0;C Right=0;C Up=0;DPad D=0;DPad L=0;DPad R=0;DPad U=0;L=0;R=0;Start=0;X Axis=0;Y Axis=0;Z=0"
3636,1147,0,111,"","A=0;A Down=0;A Left=0;A Right=0;A Up=0;B=0;C Down=0;C Left=0;C Right=0;C Up=0;DPad D=0;DPad L=0;DPad R=0;DPad U=0;L=0;R=0;Start=0;X Axis=0;Y Axis=0;Z=0"
3637,1148,0,111,"","A=0;A Down=0;A Left=0;A Right=0;A Up=0;B=0;C Down=0;C Left=0;C Right=0;C Up=0;DPad D=0;DPad L=0;DPad R=0;DPad U=0;L=0;R=0;Start=0;X Axis=0;Y Axis=0;Z=0"
3638,1149,0,111,"","A=0;A Down=0;A Left=0;A Right=0;A Up=0;B=0;C Down=0;C Left=0;C Right=0;C Up=0;DPad D=0;DPad L=0;DPad R=0;DPad U=0;L=0;R=0;Start=0;X Axis=0;Y Axis=0;Z=0"
3639,1150,0,111,"","A=0;A Down=0;A Left=0;A Right=0;A Up=0;B=0;C Down=0;C Left=0;C Right=0;C Up=0;DPad D=0;DPad L=0;DPad R=0;DPad U=0;L=0;R=0;Start=0;X Axis=0;Y Axis=0;Z=0"
3640,1151,0,111,"","A=0;A Down=0;A Left=0;A Right=0;A Up=0;B=0;C Down=0;C Left=0;C Right=0;C Up=0;DPad D=0;DPad L=0;DPad R=0;DPad U=0;L=0;R=0;Start=0;X Axis=0;Y Axis=0;Z=0"
3641,1152,0,111,"","A=0;A Down=0;A Left=0;A Right=0;A Up=0;B=0;C Down=0;C Left=0;C Right=0;C Up=0;DPad D=0;DPad L=0;DPad R=0;DPad U=0;L=0;R=0;Start=0;X Axis=0;Y Axis=0;Z=0"
3642,1153,0,111,"","A=0;A Down=0;A Left=0;A Right=0;A Up=0;B=0;C Down=0;C Left=0;C Right=0;C Up=0;DPad D=0;DPad L=0;DPad R=0;DPad U=0;L=0;R=0;Start=0;X Axis=0;Y Axis=0;Z=0"
3643,1154,0,111,"","A=0;A Down=0;A Left=0;A Right=0;A Up=0;B=0;C Down=0;C Left=0;C Right=0;C Up=0;DPad D=0;DPad L=0;DPad R=0;DPad U=0;L=0;R=0;Start=0;X Axis=0;Y Axis=0;Z=0"
3644,1155,0,111,"","A=0;A Down=0;A Left=0;A Right=0;A Up=0;B=0;C Down=0;C Left=0;C Right=0;C Up=0;DPad D=0;DPad L=0;DPad R=0;DPad U=0;L=0;R=0;Start=0;X Axis=0;Y Axis=0;Z=0"
3645,1156,0,111,"","A=0;A Down=0;A Left=0;A Right=0;A Up=0;B=0;C Down=0;C Left=0;C Right=0;C Up=0;DPad D=0;DPad L=0;DPad R=0;DPad U=0;L=0;R=0;Start=0;X Axis=0;Y Axis=0;Z=0"
3646,1157,0,111,"","A=0;A Down=0;A Left=0;A Right=0;A Up=0;B=0;C Down=0;C Left=0;C Right=0;C Up=0;DPad D=0;DPad L=0;DPad R=0;DPad U=0;L=0;R=0;Start=0;X Axis=0;Y Axis=0;Z=0"
3647,1158,0,111,"","A=0;A Down=0;A Left=0;A Right=0;A Up=0;B=0;C Down=0;C Left=0;C Right=0;C Up=0;DPad D=0;DPad L=0;DPad R=0;DPad U=0;L=0;R=0;Start=0;X Axis=0;Y Axis=0;Z=0"
3648,1159,0,111,"","A=0;A Down=0;A Left=0;A Right=0;A Up=0;B=0;C Down=0;C Left=0;C Right=0;C Up=0;DPad D=0;DPad L=0;DPad R=0;DPad U=0;L=0;R=0;Start=0;X Axis=0;Y Axis=0;Z=0"
3649,1160,0,111,"","A=0;A Down=0;A Left=0;A Right=0;A Up=0;B=0;C Down=0;C Left=0;C Right=0;C Up=0;DPad D=0;DPad L=0;DPad R=0;DPad U=0;L=0;R=0;Start=0;X Axis=0;Y Axis=0;Z=0"
3650,1161,0,111,"","A=0;A Down=0;A Left=0;A Right=0;A Up=0;B=0;C Down=0;C Left=0;C Right=0;C Up=0;DPad D=0;DPad L=0;DPad R=0;DPad U=0;L=0;R=0;Start=0;X Axis=0;Y Axis=0;Z=0"
3651,1162,0,111,"","A=0;A Down=0;A Left=0;A Right=0;A Up=0;B=0;C Down=0;C Left=0;C Right=0;C Up=0;DPad D=0;DPad L=0;DPad R=0;DPad U=0;L=0;R=0;Start=0;X Axis=0;Y Axis=0;Z=0"
3652,1163,0,111,"","A=0;A Down=0;A Left=0;A Right=0;A Up=0;B=0;C Down=0;C Left=0;C Right=0;C Up=0;DPad D=0;DPad L=0;DPad R=0;DPad U=0;L=0;R=0;Start=0;X Axis=0;Y Axis=0;Z=0"
3653,1164,0,111,"","A=0;A Down=0;A Left=0;A Right=0;A Up=0;B=0;C Down=0;C Left=0;C Right=0;C Up=0;DPad D=0;DPad L=0;DPad R=0;DPad U=0;L=0;R=0;Start=0;X Axis=0;Y Axis=0;Z=0"
3654,1165,0,111,"","A=0;A Down=0;A Left=0;A Right=0;A Up=0;B=0;C Down=0;C Left=0;C Right=0;C Up=0;DPad D=0;DPad L=0;DPad R=0;DPad U=0;L=0;R=0;Start=0;X Axis=0;Y Axis=0;Z=0"
3655,1166,0,111,"","A=0;A Down=0;A Left=0;A Right=0;A Up=0;B=0;C Down=0;C Left=0;C Right=0;C Up=0;DPad D=0;DPad L=0;DPad R=0;DPad U=0;L=0;R=0;Start=0;X Axis=0;Y Axis=0;Z=0"
3656,1167,0,111,"","A=0;A Down=0;A Left=0;A Right=0;A Up=0;B=0;C Down=0;C Left=0;C Right=0;C Up=0;DPad D=0;DPad L=0;DPad R=0;DPad U=0;L=0;R=0;Start=0;X Axis=0;Y Axis=0;Z=0"
3657,1168,0,111,"","A=0;A Down=0;A Left=0;A Right=0;A Up=0;B=0;C Down=0;C Left=0;C Right=0;C Up=0;DPad D=0;DPad L=0;DPad R=0;DPad U=0;L=0;R=0;Start=0;X Axis=0;Y Axis=0;Z=0"
3658,1169,0,111,"","A=0;A Down=0;A Left=0;A Right=0;A Up=0;B=0;C Down=0;C Left=0;C Right=0;C Up=0;DPad D=0;DPad L=0;DPad R=0;DPad U=0;L=0;R=0;Start=0;X Axis=0;Y Axis=0;Z=0"
3659,1170,0,111,"","A=0;A Down=0;A Left=0;A Right=0;A Up=0;B=0;C Down=0;C Left=0;C Right=0;C Up=0;DPad D=0;DPad L=0;DPad R=0;DPad U=0;L=0;R=0;Start=0;X Axis=0;Y Axis=0;Z=0"
3660,1171,0,111,"","A=0;A Down=0;A Left=0;A Right=0;A Up=0;B=0;C Down=0;C Left=0;C Right=0;C Up=0;DPad D=0;DPad L=0;DPad R=0;DPad U=0;L=0;R=0;Start=0;X Axis=0;Y Axis=0;Z=0"
3661,1172,0,111,"","A=0;A Down=0;A Left=0;A Right=0;A Up=0;B=0;C Down=0;C Left=0;C Right=0;C Up=0;DPad D=0;DPad L=0;DPad R=0;DPad U=0;L=0;R=0;Start=0;X Axis=0;Y Axis=0;Z=0"
3662,1173,0,111,"","A=0;A Down=0;A Left=0;A Right=0;A Up=0;B=0;C Down=0;C Left=0;C Right=0;C Up=0;DPad D=0;DPad L=0;DPad R=0;DPad U=0;L=0;R=0;Start=0;X Axis=0;Y Axis=0;Z=0"
3663,1174,0,111,"","A=0;A Down=0;A Left=0;A Right=0;A Up=0;B=0;C Down=0;C Left=0;C Right=0;C Up=0;DPad D=0;DPad L=0;DPad R=0;DPad U=0;L=0;R=0;Start=0;X Axis=0;Y Axis=0;Z=0"
3664,1175,0,111,"","A=0;A Down=0;A Left=0;A Right=0;A Up=0;B=0;C Down=0;C Left=0;C Right=0;C Up=0;DPad D=0;DPad L=0;DPad R=0;DPad U=0;L=0;R=0;Start=0;X Axis=0;Y Axis=0;Z=0"
3665,1176,0,111,"","A=0;A Down=0;A Left=0;A Right=0;A Up=0;B=0;C Down=0;C Left=0;C Right=0;C Up=0;DPad D=0;DPad L=0;DPad R=0;DPad U=0;L=0;R=0;Start=0;X Axis=0;Y Axis=0;Z=0"
3666,1177,0,111,"","A=0;A Down=0;A Left=0;A Right=0;A Up=0;B=0;C Down=0;C Left=0;C Right=0;C Up=0;DPad D=0;DPad L=0;DPad R=0;DPad U=0;L=0;R=0;Start=0;X Axis=0;Y Axis=0;Z=0"
3667,1178,0,111,"","A=0;A Down=0;A Left=0;A Right=0;A Up=0;B=0;C Down=0;C Left=0;C Right=0;C Up=0;DPad D=0;DPad L=0;DPad R=0;DPad U=0;L=0;R=0;Start=0;X Axis=0;Y Axis=0;Z=0"
3668,1179,0,111,"","A=0;A Down=0;A Left=0;A Right=0;A Up=0;B=0;C Down=0;C Left=0;C Right=0;C Up=0;DPad D=0;DPad L=0;DPad R=0;DPad U=0;L=0;R=0;Start=0;X Axis=0;Y Axis=0;Z=0"
3669,1180,0,111,"","A=0;A Down=0;A Left=0;A Right=0;A Up=0;B=0;C Down=0;C Left=0;C Right=0;C Up=0;DPad D=0;DPad L=0;DPad R=0;DPad U=0;L=0;R=0;Start=0;X Axis=0;Y Axis=0;Z=0"
3670,1181,0,111,"","A=0;A Down=0;A Left=0;A Right=0;A Up=0;B=0;C Down=0;C Left=0;C Right=0;C Up=0;DPad D=0;DPad L=0;DPad R=0;DPad U=0;L=0;R=0;Start=0;X Axis=0;Y Axis=0;Z=0"
3671,1182,0,111,"","A=0;A Down=0;A Left=0;A Right=0;A Up=0;B=0;C Down=0;C Left=0;C Right=0;C Up=0;DPad D=0;DPad L=0;DPad R=0;DPad U=0;L=0;R=0;Start=0;X Axis=0;Y Axis=0;Z=0"
3672,1183,0,111,"","A=0;A Down=0;A Left=0;A Right=0;A Up=0;B=0;C Down=0;C Left=0;C Right=0;C Up=0;DPad D=0;DPad L=0;DPad R=0;DPad U=0;L=0;R=0;Start=0;X Axis=0;Y Axis=0;Z=0"
3673,1184,0,111,"","A=0;A Down=0;A Left=0;A Right=0;A Up=0;B=0;C Down=0;C Left=0;C Right=0;C Up=0;DPad D=0;DPad L=0;DPad R=0;DPad U=0;L=0;R=0;Start=0;X Axis=0;Y Axis=0;Z=0"
3674,1185,0,111,"","A=0;A Down=0;A Left=0;A Right=0;A Up=0;B=0;C Down=0;C Left=0;C Right=0;C Up=0;DPad D=0;DPad L=0;DPad R=0;DPad U=0;L=0;R=0;Start=0;X Axis=0;Y Axis=0;Z=0"
3675,1186,0,111,"","A=0;A Down=0;A Left=0;A Right=0;A Up=0;B=0;C Down=0;C Left=0;C Right=0;C Up=0;DPad D=0;DPad L=0;DPad R=0;DPad U=0;L=0;R=0;Start=0;X Axis=0;Y Axis=0;Z=0"
3676,1187,0,111,"","A=0;A Down=0;A Left=0;A Right=0;A Up=0;B=0;C Down=0;C Left=0;C Right=0;C Up=0;DPad D=0;DPad L=0;DPad R=0;DPad U=0;L=0;R=0;Start=0;X Axis=0;Y Axis=0;Z=0"
3677,1188,0,111,"","A=0;A Down=0;A Left=0;A Right=0;A Up=0;B=0;C Down=0;C Left=0;C Right=0;C Up=0;DPad D=0;DPad L=0;DPad R=0;DPad U=0;L=0;R=0;Start=0;X Axis=0;Y Axis=0;Z=0"
3678,1189,0,111,"","A=0;A Down=0;A Left=0;A Right=0;A Up=0;B=0;C Down=0;C Left=0;C Right=0;C Up=0;DPad D=0;DPad L=0;DPad R=0;DPad U=0;L=0;R=0;Start=0;X Axis=0;Y Axis=0;Z=0"
3679,1190,0,111,"","A=0;A Down=0;A Left=0;A Right=0;A Up=0;B=0;C Down=0;C Left=0;C Right=0;C Up=0;DPad D=0;DPad L=0;DPad R=0;DPad U=0;L=0;R=0;Start=0;X Axis=0;Y Axis=0;Z=0"
3680,1191,0,111,"","A=0;A Down=0;A Left=0;A Right=0;A Up=0;B=0;C Down=0;C Left=0;C Right=0;C Up=0;DPad D=0;DPad L=0;DPad R=0;DPad U=0;L=0;R=0;Start=0;X Axis=0;Y Axis=0;Z=0"
3681,1192,0,111,"","A=0;A Down=0;A Left=0;A Right=0;A Up=0;B=0;C Down=0;C Left=0;C Right=0;C Up=0;DPad D=0;DPad L=0;DPad R=0;DPad U=0;L=0;R=0;Start=0;X Axis=0;Y Axis=0;Z=0"
3682,1193,0,111,"","A=0;A Down=0;A Left=0;A Right=0;A Up=0;B=0;C Down=0;C Left=0;C Right=0;C Up=0;DPad D=0;DPad L=0;DPad R=0;DPad U=0;L=0;R=0;Start=0;X Axis=0;Y Axis=0;Z=0"
3683,1194,0,111,"","A=0;A Down=0;A Left=0;A Right=0;A Up=0;B=0;C Down=0;C Left=0;C Right=0;C Up=0;DPad D=0;DPad L=0;DPad R=0;DPad U=0;L=0;R=0;Start=0;X Axis=0;Y Axis=0;Z=0"
3684,1195,0,111,"","A=0;A Down=0;A Left=0;A Right=0;A Up=0;B=0;C Down=0;C Left=0;C Right=0;C Up=0;DPad D=0;DPad L=0;DPad R=0;DPad U=0;L=0;R=0;Start=0;X Axis=0;Y Axis=0;Z=0"
3685,1196,0,111,"","A=0;A Down=0;A Left=0;A Right=0;A Up=0;B=0;C Down=0;C Left=0;C Right=0;C Up=0;DPad D=0;DPad L=0;DPad R=0;DPad U=0;L=0;R=0;Start=0;X Axis=0;Y Axis=0;Z=0"
3686,1197,0,111,"","A=0;A Down=0;A Left=0;A Right=0;A Up=0;B=0;C Down=0;C Left=0;C Right=0;C Up=0;DPad D=0;DPad L=0;DPad R=0;DPad U=0;L=0;R=0;Start=0;X Axis=0;Y Axis=0;Z=0"
3687,1198,0,111,"","A=0;A Down=0;A Left=0;A Right=0;A Up=0;B=0;C Down=0;C Left=0;C Right=0;C Up=0;DPad D=0;DPad L=0;DPad R=0;DPad U=0;L=0;R=0;Start=0;X Axis=0;Y Axis=0;Z=0"
3688,1199,0,111,"","A=0;A Down=0;A Left=0;A Right=0;A Up=0;B=0;C Down=0;C Left=0;C Right=0;C Up=0;DPad D=0;DPad L=0;DPad R=0;DPad U=0;L=0;R=0;Start=0;X Axis=0;Y Axis=0;Z=0"
3689,1200,0,111,"","A=0;A Down=0;A Left=0;A Right=0;A Up=0;B=0;C Down=0;C Left=0;C Right=0;C Up=0;DPad D=0;DPad L=0;DPad R=0;DPad U=0;L=0;R=0;Start=0;X Axis=0;Y Axis=0;Z=0"
3690,1201,0,111,"","A=0;A Down=0;A Left=0;A Right=0;A Up=0;B=0;C Down=0;C Left=0;C Right=0;C Up=0;DPad D=0;DPad L=0;DPad R=0;DPad U=0;L=0;R=0;Start=0;X Axis=0;Y Axis=0;Z=0"
3691,1202,0,111,"","A=0;A Down=0;A Left=0;A Right=0;A Up=0;B=0;C Down=0;C Left=0;C Right=0;C Up=0;DPad D=0;DPad L=0;DPad R=0;DPad U=0;L=0;R=0;Start=0;X Axis=0;Y Axis=0;Z=0"
3692,1203,0,111,"","A=0;A Down=0;A Left=0;A Right=0;A Up=0;B=0;C Down=0;C Left=0;C Right=0;C Up=0;DPad D=0;DPad L=0;DPad R=0;DPad U=0;L=0;R=0;Start=0;X Axis=0;Y Axis=0;Z=0"
3693,1204,0,111,"","A=0;A Down=0;A Left=0;A Right=0;A Up=0;B=0;C Down=0;C Left=0;C Right=0;C Up=0;DPad D=0;DPad L=0;DPad R=0;DPad U=0;L=0;R=0;Start=0;X Axis=0;Y Axis=0;Z=0"
3694,1205,0,111,"","A=0;A Down=0;A Left=0;A Right=0;A Up=0;B=0;C Down=0;C Left=0;C Right=0;C Up=0;DPad D=0;DPad L=0;DPad R=0;DPad U=0;L=0;R=0;Start=0;X Axis=0;Y Axis=0;Z=0"
3695,1206,0,111,"","A=0;A Down=0;A Left=0;A Right=0;A Up=0;B=0;C Down=0;C Left=0;C Right=0;C Up=0;DPad D=0;DPad L=0;DPad R=0;DPad U=0;L=0;R=0;Start=0;X Axis=0;Y Axis=0;Z=0"
3696,1207,0,111,"","A=0;A Down=0;A Left=0;A Right=0;A Up=0;B=0;C Down=0;C Left=0;C Right=0;C Up=0;DPad D=0;DPad L=0;DPad R=0;DPad U=0;L=0;R=0;Start=0;X Axis=0;Y Axis=0;Z=0"
3697,1208,0,111,"","A=0;A Down=0;A Left=0;A Right=0;A Up=0;B=0;C Down=0;C Left=0;C Right=0;C Up=0;DPad D=0;DPad L=0;DPad R=0;DPad U=0;L=0;R=0;Start=0;X Axis=0;Y Axis=0;Z=0"
3698,1209,0,111,"","A=0;A Down=0;A Left=0;A Right=0;A Up=0;B=0;C Down=0;C Left=0;C Right=0;C Up=0;DPad D=0;DPad L=0;DPad R=0;DPad U=0;L=0;R=0;Start=0;X Axis=0;Y Axis=0;Z=0"
3699,1210,0,111,"","A=0;A Down=0;A Left=0;A Right=0;A Up=0;B=0;C Down=0;C Left=0;C Right=0;C Up=0;DPad D=0;DPad L=0;DPad R=0;DPad U=0;L=0;R=0;Start=0;X Axis=0;Y Axis=0;Z=0"
3700,1211,0,111,"","A=0;A Down=0;A Left=0;A Right=0;A Up=0;B=0;C Down=0;C Left=0;C Right=0;C Up=0;DPad D=0;DPad L=0;DPad R=0;DPad U=0;L=0;R=0;Start=0;X Axis=0;Y Axis=0;Z=0"
3701,1212,0,111,"","A=0;A Down=0;A Left=0;A Right=0;A Up=0;B=0;C Down=0;C Left=0;C Right=0;C Up=0;DPad D=0;DPad L=0;DPad R=0;DPad U=0;L=0;R=0;Start=0;X Axis=0;Y Axis=0;Z=0"
3702,1213,0,111,"","A=0;A Down=0;A Left=0;A Right=0;A Up=0;B=0;C Down=0;C Left=0;C Right=0;C Up=0;DPad D=0;DPad L=0;DPad R=0;DPad U=0;L=0;R=0;Start=0;X Axis=0;Y Axis=0;Z=0"
3703,1214,0,111,"","A=0;A Down=0;A Left=0;A Right=0;A Up=0;B=0;C Down=0;C Left=0;C Right=0;C Up=0;DPad D=0;DPad L=0;DPad R=0;DPad U=0;L=0;R=0;Start=0;X Axis=0;Y Axis=0;Z=0"
3704,1215,0,111,"","A=0;A Down=0;A Left=0;A Right=0;A Up=0;B=0;C Down=0;C Left=0;C Right=0;C Up=0;DPad D=0;DPad L=0;DPad R=0;DPad U=0;L=0;R=0;Start=0;X Axis=0;Y Axis=0;Z=0"
3705,1216,0,111,"","A=0;A Down=0;A Left=0;A Right=0;A Up=0;B=0;C Down=0;C Left=0;C Right=0;C Up=0;DPad D=0;DPad L=0;DPad R=0;DPad U=0;L=0;R=0;Start=0;X Axis=0;Y Axis=0;Z=0"
3706,1217,0,111,"","A=0;A Down=0;A Left=0;A Right=0;A Up=0;B=0;C Down=0;C Left=0;C Right=0;C Up=0;DPad D=0;DPad L=0;DPad R=0;DPad U=0;L=0;R=0;Start=0;X Axis=0;Y Axis=0;Z=0"
3707,1218,0,111,"","A=0;A Down=0;A Left=0;A Right=0;A Up=0;B=0;C Down=0;C Left=0;C Right=0;C Up=0;DPad D=0;DPad L=0;DPad R=0;DPad U=0;L=0;R=0;Start=0;X Axis=0;Y Axis=0;Z=0"
3708,1219,0,111,"","A=0;A Down=0;A Left=0;A Right=0;A Up=0;B=0;C Down=0;C Left=0;C Right=0;C Up=0;DPad D=0;DPad L=0;DPad R=0;DPad U=0;L=0;R=0;Start=0;X Axis=0;Y Axis=0;Z=0"
3709,1220,0,111,"","A=0;A Down=0;A Left=0;A Right=0;A Up=0;B=0;C Down=0;C Left=0;C Right=0;C Up=0;DPad D=0;DPad L=0;DPad R=0;DPad U=0;L=0;R=0;Start=0;X Axis=0;Y Axis=0;Z=0"
3710,1221,0,111,"","A=0;A Down=0;A Left=0;A Right=0;A Up=0;B=0;C Down=0;C Left=0;C Right=0;C Up=0;DPad D=0;DPad L=0;DPad R=0;DPad U=0;L=0;R=0;Start=0;X Axis=0;Y Axis=0;Z=0"
3711,1222,0,111,"","A=0;A Down=0;A Left=0;A Right=0;A Up=0;B=0;C Down=0;C Left=0;C Right=0;C Up=0;DPad D=0;DPad L=0;DPad R=0;DPad U=0;L=0;R=0;Start=0;X Axis=0;Y Axis=0;Z=0"
3712,1223,0,111,"","A=0;A Down=0;A Left=0;A Right=0;A Up=0;B=0;C Down=0;C Left=0;C Right=0;C Up=0;DPad D=0;DPad L=0;DPad R=0;DPad U=0;L=0;R=0;Start=0;X Axis=0;Y Axis=0;Z=0"
3713,1224,0,111,"","A=0;A Down=0;A Left=0;A Right=0;A Up=0;B=0;C Down=0;C Left=0;C Right=0;C Up=0;DPad D=0;DPad L=0;DPad R=0;DPad U=0;L=0;R=0;Start=0;X Axis=0;Y Axis=0;Z=0"
3714,1225,0,111,"","A=0;A Down=0;A Left=0;A Right=0;A Up=0;B=0;C Down=0;C Left=0;C Right=0;C Up=0;DPad D=0;DPad L=0;DPad R=0;DPad U=0;L=0;R=0;Start=0;X Axis=0;Y Axis=0;Z=0"
3715,1226,0,111,"","A=0;A Down=0;A Left=0;A Right=0;A Up=0;B=0;C Down=0;C Left=0;C Right=0;C Up=0;DPad D=0;DPad L=0;DPad R=0;DPad U=0;L=0;R=0;Start=0;X Axis=0;Y Axis=0;Z=0"
3716,1227,0,111,"","A=0;A Down=0;A Left=0;A Right=0;A Up=0;B=0;C Down=0;C Left=0;C Right=0;C Up=0;DPad D=0;DPad L=0;DPad R=0;DPad U=0;L=0;R=0;Start=0;X Axis=0;Y Axis=0;Z=0"
3717,1228,0,111,"","A=0;A Down=0;A Left=0;A Right=0;A Up=0;B=0;C Down=0;C Left=0;C Right=0;C Up=0;DPad D=0;DPad L=0;DPad R=0;DPad U=0;L=0;R=0;Start=0;X Axis=0;Y Axis=0;Z=0"
3718,1229,0,111,"","A=0;A Down=0;A Left=0;A Right=0;A Up=0;B=0;C Down=0;C Left=0;C Right=0;C Up=0;DPad D=0;DPad L=0;DPad R=0;DPad U=0;L=0;R=0;Start=0;X Axis=0;Y Axis=0;Z=0"
3719,1230,0,111,"","A=0;A Down=0;A Left=0;A Right=0;A Up=0;B=0;C Down=0;C Left=0;C Right=0;C Up=0;DPad D=0;DPad L=0;DPad R=0;DPad U=0;L=0;R=0;Start=0;X Axis=0;Y Axis=0;Z=0"
3720,1231,0,111,"","A=0;A Down=0;A Left=0;A Right=0;A Up=0;B=0;C Down=0;C Left=0;C Right=0;C Up=0;DPad D=0;DPad L=0;DPad R=0;DPad U=0;L=0;R=0;Start=0;X Axis=0;Y Axis=0;Z=0"
3721,1232,0,111,"","A=0;A Down=0;A Left=0;A Right=0;A Up=0;B=0;C Down=0;C Left=0;C Right=0;C Up=0;DPad D=0;DPad L=0;DPad R=0;DPad U=0;L=0;R=0;Start=0;X Axis=0;Y Axis=0;Z=0"
3722,1233,0,111,"","A=0;A Down=0;A Left=0;A Right=0;A Up=0;B=0;C Down=0;C Left=0;C Right=0;C Up=0;DPad D=0;DPad L=0;DPad R=0;DPad U=0;L=0;R=0;Start=0;X Axis=0;Y Axis=0;Z=0"
3723,1234,0,111,"","A=0;A Down=0;A Left=0;A Right=0;A Up=0;B=0;C Down=0;C Left=0;C Right=0;C Up=0;DPad D=0;DPad L=0;DPad R=0;DPad U=0;L=0;R=0;Start=0;X Axis=0;Y Axis=0;Z=0"
3724,1235,0,111,"","A=0;A Down=0;A Left=0;A Right=0;A Up=0;B=0;C Down=0;C Left=0;C Right=0;C Up=0;DPad D=0;DPad L=0;DPad R=0;DPad U=0;L=0;R=0;Start=0;X Axis=0;Y Axis=0;Z=0"
3725,1236,0,111,"","A=0;A Down=0;A Left=0;A Right=0;A Up=0;B=0;C Down=0;C Left=0;C Right=0;C Up=0;DPad D=0;DPad L=0;DPad R=0;DPad U=0;L=0;R=0;Start=0;X Axis=0;Y Axis=0;Z=0"
3726,1237,0,111,"","A=0;A Down=0;A Left=0;A Right=0;A Up=0;B=0;C Down=0;C Left=0;C Right=0;C Up=0;DPad D=0;DPad L=0;DPad R=0;DPad U=0;L=0;R=0;Start=0;X Axis=0;Y Axis=0;Z=0"
3727,1238,0,111,"","A=0;A Down=0;A Left=0;A Right=0;A Up=0;B=0;C Down=0;C Left=0;C Right=0;C Up=0;DPad D=0;DPad L=0;DPad R=0;DPad U=0;L=0;R=0;Start=0;X Axis=0;Y Axis=0;Z=0"
3728,1239,0,111,"","A=0;A Down=0;A Left=0;A Right=0;A Up=0;B=0;C Down=0;C Left=0;C Right=0;C Up=0;DPad D=0;DPad L=0;DPad R=0;DPad U=0;L=0;R=0;Start=0;X Axis=0;Y Axis=0;Z=0"
3729,1240,0,111,"","A=0;A Down=0;A Left=0;A Right=0;A Up=0;B=0;C Down=0;C Left=0;C Right=0;C Up=0;DPad D=0;DPad L=0;DPad R=0;DPad U=0;L=0;R=0;Start=0;X Axis=0;Y Axis=0;Z=0"
3730,1241,0,111,"","A=0;A Down=0;A Left=0;A Right=0;A Up=0;B=0;C Down=0;C Left=0;C Right=0;C Up=0;DPad D=0;DPad L=0;DPad R=0;DPad U=0;L=0;R=0;Start=0;X Axis=0;Y Axis=0;Z=0"
3731,1242,0,111,"","A=0;A Down=0;A Left=0;A Right=0;A Up=0;B=0;C Down=0;C Left=0;C Right=0;C Up=0;DPad D=0;DPad L=0;DPad R=0;DPad U=0;L=0;R=0;Start=0;X Axis=0;Y Axis=0;Z=0"
3732,1243,0,111,"","A=0;A Down=0;A Left=0;A Right=0;A Up=0;B=0;C Down=0;C Left=0;C Right=0;C Up=0;DPad D=0;DPad L=0;DPad R=0;DPad U=0;L=0;R=0;Start=0;X Axis=0;Y Axis=0;Z=0"
3733,1244,0,111,"","A=0;A Down=0;A Left=0;A Right=0;A Up=0;B=0;C Down=0;C Left=0;C Right=0;C Up=0;DPad D=0;DPad L=0;DPad R=0;DPad U=0;L=0;R=0;Start=0;X Axis=0;Y Axis=0;Z=0"
3734,1245,0,111,"","A=0;A Down=0;A Left=0;A Right=0;A Up=0;B=0;C Down=0;C Left=0;C Right=0;C Up=0;DPad D=0;DPad L=0;DPad R=0;DPad U=0;L=0;R=0;Start=0;X Axis=0;Y Axis=0;Z=0"
3735,1246,0,111,"","A=0;A Down=0;A Left=0;A Right=0;A Up=0;B=0;C Down=0;C Left=0;C Right=0;C Up=0;DPad D=0;DPad L=0;DPad R=0;DPad U=0;L=0;R=0;Start=0;X Axis=0;Y Axis=0;Z=0"
3736,1247,0,111,"","A=0;A Down=0;A Left=0;A Right=0;A Up=0;B=0;C Down=0;C Left=0;C Right=0;C Up=0;DPad D=0;DPad L=0;DPad R=0;DPad U=0;L=0;R=0;Start=0;X Axis=0;Y Axis=0;Z=0"
3737,1248,0,111,"","A=0;A Down=0;A Left=0;A Right=0;A Up=0;B=0;C Down=0;C Left=0;C Right=0;C Up=0;DPad D=0;DPad L=0;DPad R=0;DPad U=0;L=0;R=0;Start=0;X Axis=0;Y Axis=0;Z=0"
3738,1249,0,111,"","A=0;A Down=0;A Left=0;A Right=0;A Up=0;B=0;C Down=0;C Left=0;C Right=0;C Up=0;DPad D=0;DPad L=0;DPad R=0;DPad U=0;L=0;R=0;Start=0;X Axis=0;Y Axis=0;Z=0"
3739,1250,0,111,"","A=0;A Down=0;A Left=0;A Right=0;A Up=0;B=0;C Down=0;C Left=0;C Right=0;C Up=0;DPad D=0;DPad L=0;DPad R=0;DPad U=0;L=0;R=0;Start=0;X Axis=0;Y Axis=0;Z=0"
3740,1251,0,111,"","A=0;A Down=0;A Left=0;A Right=0;A Up=0;B=0;C Down=0;C Left=0;C Right=0;C Up=0;DPad D=0;DPad L=0;DPad R=0;DPad U=0;L=0;R=0;Start=0;X Axis=0;Y Axis=0;Z=0"
3741,1252,0,111,"","A=0;A Down=0;A Left=0;A Right=0;A Up=0;B=0;C Down=0;C Left=0;C Right=0;C Up=0;DPad D=0;DPad L=0;DPad R=0;DPad U=0;L=0;R=0;Start=0;X Axis=0;Y Axis=0;Z=0"
3742,1253,0,111,"","A=0;A Down=0;A Left=0;A Right=0;A Up=0;B=0;C Down=0;C Left=0;C Right=0;C Up=0;DPad D=0;DPad L=0;DPad R=0;DPad U=0;L=0;R=0;Start=0;X Axis=0;Y Axis=0;Z=0"
3743,1254,0,111,"","A=0;A Down=0;A Left=0;A Right=0;A Up=0;B=0;C Down=0;C Left=0;C Right=0;C Up=0;DPad D=0;DPad L=0;DPad R=0;DPad U=0;L=0;R=0;Start=0;X Axis=0;Y Axis=0;Z=0"
3744,1255,0,111,"","A=0;A Down=0;A Left=0;A Right=0;A Up=0;B=0;C Down=0;C Left=0;C Right=0;C Up=0;DPad D=0;DPad L=0;DPad R=0;DPad U=0;L=0;R=0;Start=0;X Axis=0;Y Axis=0;Z=0"
3745,1256,0,111,"","A=0;A Down=0;A Left=0;A Right=0;A Up=0;B=0;C Down=0;C Left=0;C Right=0;C Up=0;DPad D=0;DPad L=0;DPad R=0;DPad U=0;L=0;R=0;Start=0;X Axis=0;Y Axis=0;Z=0"
3746,1257,0,111,"","A=0;A Down=0;A Left=0;A Right=0;A Up=0;B=0;C Down=0;C Left=0;C Right=0;C Up=0;DPad D=0;DPad L=0;DPad R=0;DPad U=0;L=0;R=0;Start=0;X Axis=0;Y Axis=0;Z=0"
3747,1258,0,111,"","A=0;A Down=0;A Left=0;A Right=0;A Up=0;B=0;C Down=0;C Left=0;C Right=0;C Up=0;DPad D=0;DPad L=0;DPad R=0;DPad U=0;L=0;R=0;Start=0;X Axis=0;Y Axis=0;Z=0"
3748,1259,0,111,"","A=0;A Down=0;A Left=0;A Right=0;A Up=0;B=0;C Down=0;C Left=0;C Right=0;C Up=0;DPad D=0;DPad L=0;DPad R=0;DPad U=0;L=0;R=0;Start=0;X Axis=0;Y Axis=0;Z=0"
3749,1260,0,111,"","A=0;A Down=0;A Left=0;A Right=0;A Up=0;B=0;C Down=0;C Left=0;C Right=0;C Up=0;DPad D=0;DPad L=0;DPad R=0;DPad U=0;L=0;R=0;Start=0;X Axis=0;Y Axis=0;Z=0"
3750,1261,0,111,"","A=0;A Down=0;A Left=0;A Right=0;A Up=0;B=0;C Down=0;C Left=0;C Right=0;C Up=0;DPad D=0;DPad L=0;DPad R=0;DPad U=0;L=0;R=0;Start=0;X Axis=0;Y Axis=0;Z=0"
3751,1262,0,111,"","A=0;A Down=0;A Left=0;A Right=0;A Up=0;B=0;C Down=0;C Left=0;C Right=0;C Up=0;DPad D=0;DPad L=0;DPad R=0;DPad U=0;L=0;R=0;Start=0;X Axis=0;Y Axis=0;Z=0"
3752,1263,0,111,"","A=0;A Down=0;A Left=0;A Right=0;A Up=0;B=0;C Down=0;C Left=0;C Right=0;C Up=0;DPad D=0;DPad L=0;DPad R=0;DPad U=0;L=0;R=0;Start=0;X Axis=0;Y Axis=0;Z=0"
3753,1264,0,111,"","A=0;A Down=0;A Left=0;A Right=0;A Up=0;B=0;C Down=0;C Left=0;C Right=0;C Up=0;DPad D=0;DPad L=0;DPad R=0;DPad U=0;L=0;R=0;Start=0;X Axis=0;Y Axis=0;Z=0"
3754,1265,0,111,"","A=0;A Down=0;A Left=0;A Right=0;A Up=0;B=0;C Down=0;C Left=0;C Right=0;C Up=0;DPad D=0;DPad L=0;DPad R=0;DPad U=0;L=0;R=0;Start=0;X Axis=0;Y Axis=0;Z=0"
3755,1266,0,111,"","A=0;A Down=0;A Left=0;A Right=0;A Up=0;B=0;C Down=0;C Left=0;C Right=0;C Up=0;DPad D=0;DPad L=0;DPad R=0;DPad U=0;L=0;R=0;Start=0;X Axis=0;Y Axis=0;Z=0"
3756,1267,0,111,"","A=0;A Down=0;A Left=0;A Right=0;A Up=0;B=0;C Down=0;C Left=0;C Right=0;C Up=0;DPad D=0;DPad L=0;DPad R=0;DPad U=0;L=0;R=0;Start=0;X Axis=0;Y Axis=0;Z=0"
3757,1268,0,111,"","A=0;A Down=0;A Left=0;A Right=0;A Up=0;B=0;C Down=0;C Left=0;C Right=0;C Up=0;DPad D=0;DPad L=0;DPad R=0;DPad U=0;L=0;R=0;Start=0;X Axis=0;Y Axis=0;Z=0"
3758,1269,0,111,"","A=0;A Down=0;A Left=0;A Right=0;A Up=0;B=0;C Down=0;C Left=0;C Right=0;C Up=0;DPad D=0;DPad L=0;DPad R=0;DPad U=0;L=0;R=0;Start=0;X Axis=0;Y Axis=0;Z=0"
3759,1270,0,111,"","A=0;A Down=0;A Left=0;A Right=0;A Up=0;B=0;C Down=0;C Left=0;C Right=0;C Up=0;DPad D=0;DPad L=0;DPad R=0;DPad U=0;L=0;R=0;Start=0;X Axis=0;Y Axis=0;Z=0"
3760,1271,0,111,"","A=0;A Down=0;A Left=0;A Right=0;A Up=0;B=0;C Down=0;C Left=0;C Right=0;C Up=0;DPad D=0;DPad L=0;DPad R=0;DPad U=0;L=0;R=0;Start=0;X Axis=0;Y Axis=0;Z=0"
3761,1272,0,111,"","A=0;A Down=0;A Left=0;A Right=0;A Up=0;B=0;C Down=0;C Left=0;C Right=0;C Up=0;DPad D=0;DPad L=0;DPad R=0;DPad U=0;L=0;R=0;Start=0;X Axis=0;Y Axis=0;Z=0"
3762,1273,0,111,"","A=0;A Down=0;A Left=0;A Right=0;A Up=0;B=0;C Down=0;C Left=0;C Right=0;C Up=0;DPad D=0;DPad L=0;DPad R=0;DPad U=0;L=0;R=0;Start=0;X Axis=0;Y Axis=0;Z=0"
3763,1274,0,111,"","A=0;A Down=0;A Left=0;A Right=0;A Up=0;B=0;C Down=0;C Left=0;C Right=0;C Up=0;DPad D=0;DPad L=0;DPad R=0;DPad U=0;L=0;R=0;Start=0;X Axis=0;Y Axis=0;Z=0"
3764,1275,0,111,"","A=0;A Down=0;A Left=0;A Right=0;A Up=0;B=0;C Down=0;C Left=0;C Right=0;C Up=0;DPad D=0;DPad L=0;DPad R=0;DPad U=0;L=0;R=0;Start=0;X Axis=0;Y Axis=0;Z=0"
3765,1276,0,111,"","A=0;A Down=0;A Left=0;A Right=0;A Up=0;B=0;C Down=0;C Left=0;C Right=0;C Up=0;DPad D=0;DPad L=0;DPad R=0;DPad U=0;L=0;R=0;Start=0;X Axis=0;Y Axis=0;Z=0"
3766,1277,0,111,"","A=0;A Down=0;A Left=0;A Right=0;A Up=0;B=0;C Down=0;C Left=0;C Right=0;C Up=0;DPad D=0;DPad L=0;DPad R=0;DPad U=0;L=0;R=0;Start=0;X Axis=0;Y Axis=0;Z=0"
3767,1278,0,111,"","A=0;A Down=0;A Left=0;A Right=0;A Up=0;B=0;C Down=0;C Left=0;C Right=0;C Up=0;DPad D=0;DPad L=0;DPad R=0;DPad U=0;L=0;R=0;Start=0;X Axis=0;Y Axis=0;Z=0"
3768,1279,0,111,"","A=0;A Down=0;A Left=0;A Right=0;A Up=0;B=0;C Down=0;C Left=0;C Right=0;C Up=0;DPad D=0;DPad L=0;DPad R=0;DPad U=0;L=0;R=0;Start=0;X Axis=0;Y Axis=0;Z=0"
3769,1280,0,111,"","A=0;A Down=0;A Left=0;A Right=0;A Up=0;B=0;C Down=0;C Left=0;C Right=0;C Up=0;DPad D=0;DPad L=0;DPad R=0;DPad U=0;L=0;R=0;Start=0;X Axis=0;Y Axis=0;Z=0"
3770,1281,0,111,"","A=0;A Down=0;A Left=0;A Right=0;A Up=0;B=0;C Down=0;C Left=0;C Right=0;C Up=0;DPad D=0;DPad L=0;DPad R=0;DPad U=0;L=0;R=0;Start=0;X Axis=0;Y Axis=0;Z=0"
3771,1282,0,111,"","A=0;A Down=0;A Left=0;A Right=0;A Up=0;B=0;C Down=0;C Left=0;C Right=0;C Up=0;DPad D=0;DPad L=0;DPad R=0;DPad U=0;L=0;R=0;Start=0;X Axis=0;Y Axis=0;Z=0"
3772,1283,0,111,"","A=0;A Down=0;A Left=0;A Right=0;A Up=0;B=0;C Down=0;C Left=0;C Right=0;C Up=0;DPad D=0;DPad L=0;DPad R=0;DPad U=0;L=0;R=0;Start=0;X Axis=0;Y Axis=0;Z=0"
3773,1284,0,111,"","A=0;A Down=0;A Left=0;A Right=0;A Up=0;B=0;C Down=0;C Left=0;C Right=0;C Up=0;DPad D=0;DPad L=0;DPad R=0;DPad U=0;L=0;R=0;Start=0;X Axis=0;Y Axis=0;Z=0"
3774,1285,0,111,"","A=0;A Down=0;A Left=0;A Right=0;A Up=0;B=0;C Down=0;C Left=0;C Right=0;C Up=0;DPad D=0;DPad L=0;DPad R=0;DPad U=0;L=0;R=0;Start=0;X Axis=0;Y Axis=0;Z=0"
3775,1286,0,111,"","A=0;A Down=0;A Left=0;A Right=0;A Up=0;B=0;C Down=0;C Left=0;C Right=0;C Up=0;DPad D=0;DPad L=0;DPad R=0;DPad U=0;L=0;R=0;Start=0;X Axis=0;Y Axis=0;Z=0"
3776,1287,0,111,"","A=0;A Down=0;A Left=0;A Right=0;A Up=0;B=0;C Down=0;C Left=0;C Right=0;C Up=0;DPad D=0;DPad L=0;DPad R=0;DPad U=0;L=0;R=0;Start=0;X Axis=0;Y Axis=0;Z=0"
3777,1288,0,111,"","A=0;A Down=0;A Left=0;A Right=0;A Up=0;B=0;C Down=0;C Left=0;C Right=0;C Up=0;DPad D=0;DPad L=0;DPad R=0;DPad U=0;L=0;R=0;Start=0;X Axis=0;Y Axis=0;Z=0"
3778,1289,0,111,"","A=0;A Down=0;A Left=0;A Right=0;A Up=0;B=0;C Down=0;C Left=0;C Right=0;C Up=0;DPad D=0;DPad L=0;DPad R=0;DPad U=0;L=0;R=0;Start=0;X Axis=0;Y Axis=0;Z=0"
3779,1290,0,111,"","A=0;A Down=0;A Left=0;A Right=0;A Up=0;B=0;C Down=0;C Left=0;C Right=0;C Up=0;DPad D=0;DPad L=0;DPad R=0;DPad U=0;L=0;R=0;Start=0;X Axis=0;Y Axis=0;Z=0"
3780,1291,0,111,"","A=0;A Down=0;A Left=0;A Right=0;A Up=0;B=0;C Down=0;C Left=0;C Right=0;C Up=0;DPad D=0;DPad L=0;DPad R=0;DPad U=0;L=0;R=0;Start=0;X Axis=0;Y Axis=0;Z=0"
3781,1292,0,111,"","A=0;A Down=0;A Left=0;A Right=0;A Up=0;B=0;C Down=0;C Left=0;C Right=0;C Up=0;DPad D=0;DPad L=0;DPad R=0;DPad U=0;L=0;R=0;Start=0;X Axis=0;Y Axis=0;Z=0"
3782,1293,0,111,"","A=0;A Down=0;A Left=0;A Right=0;A Up=0;B=0;C Down=0;C Left=0;C Right=0;C Up=0;DPad D=0;DPad L=0;DPad R=0;DPad U=0;L=0;R=0;Start=0;X Axis=0;Y Axis=0;Z=0"
3783,1294,0,111,"","A=0;A Down=0;A Left=0;A Right=0;A Up=0;B=0;C Down=0;C Left=0;C Right=0;C Up=0;DPad D=0;DPad L=0;DPad R=0;DPad U=0;L=0;R=0;Start=0;X Axis=0;Y Axis=0;Z=0"
3784,1295,0,111,"","A=0;A Down=0;A Left=0;A Right=0;A Up=0;B=0;C Down=0;C Left=0;C Right=0;C Up=0;DPad D=0;DPad L=0;DPad R=0;DPad U=0;L=0;R=0;Start=0;X Axis=0;Y Axis=0;Z=0"
3785,1296,0,111,"","A=0;A Down=0;A Left=0;A Right=0;A Up=0;B=0;C Down=0;C Left=0;C Right=0;C Up=0;DPad D=0;DPad L=0;DPad R=0;DPad U=0;L=0;R=0;Start=0;X Axis=0;Y Axis=0;Z=0"
3786,1297,0,111,"","A=0;A Down=0;A Left=0;A Right=0;A Up=0;B=0;C Down=0;C Left=0;C Right=0;C Up=0;DPad D=0;DPad L=0;DPad R=0;DPad U=0;L=0;R=0;Start=0;X Axis=0;Y Axis=0;Z=0"
3787,1298,0,111,"","A=0;A Down=0;A Left=0;A Right=0;A Up=0;B=0;C Down=0;C Left=0;C Right=0;C Up=0;DPad D=0;DPad L=0;DPad R=0;DPad U=0;L=0;R=0;Start=0;X Axis=0;Y Axis=0;Z=0"
3788,1299,0,111,"","A=0;A Down=0;A Left=0;A Right=0;A Up=0;B=0;C Down=0;C Left=0;C Right=0;C Up=0;DPad D=0;DPad L=0;DPad R=0;DPad U=0;L=0;R=0;Start=0;X Axis=0;Y Axis=0;Z=0"
3789,1300,0,111,"","A=0;A Down=0;A Left=0;A Right=0;A Up=0;B=0;C Down=0;C Left=0;C Right=0;C Up=0;DPad D=0;DPad L=0;DPad R=0;DPad U=0;L=0;R=0;Start=0;X Axis=0;Y Axis=0;Z=0"
3790,1301,0,111,"","A=0;A Down=0;A Left=0;A Right=0;A Up=0;B=0;C Down=0;C Left=0;C Right=0;C Up=0;DPad D=0;DPad L=0;DPad R=0;DPad U=0;L=0;R=0;Start=0;X Axis=0;Y Axis=0;Z=0"
3791,1302,0,111,"","A=0;A Down=0;A Left=0;A Right=0;A Up=0;B=0;C Down=0;C Left=0;C Right=0;C Up=0;DPad D=0;DPad L=0;DPad R=0;DPad U=0;L=0;R=0;Start=0;X Axis=0;Y Axis=0;Z=0"
3792,1303,0,111,"","A=0;A Down=0;A Left=0;A Right=0;A Up=0;B=0;C Down=0;C Left=0;C Right=0;C Up=0;DPad D=0;DPad L=0;DPad R=0;DPad U=0;L=0;R=0;Start=0;X Axis=0;Y Axis=0;Z=0"
3793,1304,0,111,"","A=0;A Down=0;A Left=0;A Right=0;A Up=0;B=0;C Down=0;C Left=0;C Right=0;C Up=0;DPad D=0;DPad L=0;DPad R=0;DPad U=0;L=0;R=0;Start=0;X Axis=0;Y Axis=0;Z=0"
3794,1305,0,111,"","A=0;A Down=0;A Left=0;A Right=0;A Up=0;B=0;C Down=0;C Left=0;C Right=0;C Up=0;DPad D=0;DPad L=0;DPad R=0;DPad U=0;L=0;R=0;Start=0;X Axis=0;Y Axis=0;Z=0"
3795,1306,0,111,"","A=0;A Down=0;A Left=0;A Right=0;A Up=0;B=0;C Down=0;C Left=0;C Right=0;C Up=0;DPad D=0;DPad L=0;DPad R=0;DPad U=0;L=0;R=0;Start=0;X Axis=0;Y Axis=0;Z=0"
3796,1307,0,111,"","A=0;A Down=0;A Left=0;A Right=0;A Up=0;B=0;C Down=0;C Left=0;C Right=0;C Up=0;DPad D=0;DPad L=0;DPad R=0;DPad U=0;L=0;R=0;Start=0;X Axis=0;Y Axis=0;Z=0"
3797,1308,0,111,"","A=0;A Down=0;A Left=0;A Right=0;A Up=0;B=0;C Down=0;C Left=0;C Right=0;C Up=0;DPad D=0;DPad L=0;DPad R=0;DPad U=0;L=0;R=0;Start=0;X Axis=0;Y Axis=0;Z=0"
3798,1309,0,111,"","A=0;A Down=0;A Left=0;A Right=0;A Up=0;B=0;C Down=0;C Left=0;C Right=0;C Up=0;DPad D=0;DPad L=0;DPad R=0;DPad U=0;L=0;R=0;Start=0;X Axis=0;Y Axis=0;Z=0"
3799,1310,0,111,"","A=0;A Down=0;A Left=0;A Right=0;A Up=0;B=0;C Down=0;C Left=0;C Right=0;C Up=0;DPad D=0;DPad L=0;DPad R=0;DPad U=0;L=0;R=0;Start=0;X Axis=0;Y Axis=0;Z=0"
3800,1311,0,111,"","A=0;A Down=0;A Left=0;A Right=0;A Up=0;B=0;C Down=0;C Left=0;C Right=0;C Up=0;DPad D=0;DPad L=0;DPad R=0;DPad U=0;L=0;R=0;Start=0;X Axis=0;Y Axis=0;Z=0"
3801,1312,0,111,"","A=0;A Down=0;A Left=0;A Right=0;A Up=0;B=0;C Down=0;C Left=0;C Right=0;C Up=0;DPad D=0;DPad L=0;DPad R=0;DPad U=0;L=0;R=0;Start=0;X Axis=0;Y Axis=0;Z=0"
3802,1313,0,111,"","A=0;A Down=0;A Left=0;A Right=0;A Up=0;B=0;C Down=0;C Left=0;C Right=0;C Up=0;DPad D=0;DPad L=0;DPad R=0;DPad U=0;L=0;R=0;Start=0;X Axis=0;Y Axis=0;Z=0"
3803,1314,0,111,"","A=0;A Down=0;A Left=0;A Right=0;A Up=0;B=0;C Down=0;C Left=0;C Right=0;C Up=0;DPad D=0;DPad L=0;DPad R=0;DPad U=0;L=0;R=0;Start=0;X Axis=0;Y Axis=0;Z=0"
3804,1315,0,111,"","A=0;A Down=0;A Left=0;A Right=0;A Up=0;B=0;C Down=0;C Left=0;C Right=0;C Up=0;DPad D=0;DPad L=0;DPad R=0;DPad U=0;L=0;R=0;Start=0;X Axis=0;Y Axis=0;Z=0"
3805,1316,0,111,"","A=0;A Down=0;A Left=0;A Right=0;A Up=0;B=0;C Down=0;C Left=0;C Right=0;C Up=0;DPad D=0;DPad L=0;DPad R=0;DPad U=0;L=0;R=0;Start=0;X Axis=0;Y Axis=0;Z=0"
3806,1317,0,111,"","A=0;A Down=0;A Left=0;A Right=0;A Up=0;B=0;C Down=0;C Left=0;C Right=0;C Up=0;DPad D=0;DPad L=0;DPad R=0;DPad U=0;L=0;R=0;Start=0;X Axis=0;Y Axis=0;Z=0"
3807,1318,0,111,"","A=0;A Down=0;A Left=0;A Right=0;A Up=0;B=0;C Down=0;C Left=0;C Right=0;C Up=0;DPad D=0;DPad L=0;DPad R=0;DPad U=0;L=0;R=0;Start=0;X Axis=0;Y Axis=0;Z=0"
3808,1319,0,111,"","A=0;A Down=0;A Left=0;A Right=0;A Up=0;B=0;C Down=0;C Left=0;C Right=0;C Up=0;DPad D=0;DPad L=0;DPad R=0;DPad U=0;L=0;R=0;Start=0;X Axis=0;Y Axis=0;Z=0"
3809,1320,0,111,"","A=0;A Down=0;A Left=0;A Right=0;A Up=0;B=0;C Down=0;C Left=0;C Right=0;C Up=0;DPad D=0;DPad L=0;DPad R=0;DPad U=0;L=0;R=0;Start=0;X Axis=0;Y Axis=0;Z=0"
3810,1321,0,111,"","A=0;A Down=0;A Left=0;A Right=0;A Up=0;B=0;C Down=0;C Left=0;C Right=0;C Up=0;DPad D=0;DPad L=0;DPad R=0;DPad U=0;L=0;R=0;Start=0;X Axis=0;Y Axis=0;Z=0"
3811,1322,0,111,"","A=0;A Down=0;A Left=0;A Right=0;A Up=0;B=0;C Down=0;C Left=0;C Right=0;C Up=0;DPad D=0;DPad L=0;DPad R=0;DPad U=0;L=0;R=0;Start=0;X Axis=0;Y Axis=0;Z=0"
3812,1323,0,111,"","A=0;A Down=0;A Left=0;A Right=0;A Up=0;B=0;C Down=0;C Left=0;C Right=0;C Up=0;DPad D=0;DPad L=0;DPad R=0;DPad U=0;L=0;R=0;Start=0;X Axis=0;Y Axis=0;Z=0"
3813,1324,0,111,"","A=0;A Down=0;A Left=0;A Right=0;A Up=0;B=0;C Down=0;C Left=0;C Right=0;C Up=0;DPad D=0;DPad L=0;DPad R=0;DPad U=0;L=0;R=0;Start=0;X Axis=0;Y Axis=0;Z=0"
3814,1325,0,111,"","A=0;A Down=0;A Left=0;A Right=0;A Up=0;B=0;C Down=0;C Left=0;C Right=0;C Up=0;DPad D=0;DPad L=0;DPad R=0;DPad U=0;L=0;R=0;Start=0;X Axis=0;Y Axis=0;Z=0"
3815,1326,0,111,"","A=0;A Down=0;A Left=0;A Right=0;A Up=0;B=0;C Down=0;C Left=0;C Right=0;C Up=0;DPad D=0;DPad L=0;DPad R=0;DPad U=0;L=0;R=0;Start=0;X Axis=0;Y Axis=0;Z=0"
3816,1327,0,111,"","A=0;A Down=0;A Left=0;A Right=0;A Up=0;B=0;C Down=0;C Left=0;C Right=0;C Up=0;DPad D=0;DPad L=0;DPad R=0;DPad U=0;L=0;R=0;Start=0;X Axis=0;Y Axis=0;Z=0"
3817,1328,0,111,"","A=0;A Down=0;A Left=0;A Right=0;A Up=0;B=0;C Down=0;C Left=0;C Right=0;C Up=0;DPad D=0;DPad L=0;DPad R=0;DPad U=0;L=0;R=0;Start=0;X Axis=0;Y Axis=0;Z=0"
3818,1329,0,111,"","A=0;A Down=0;A Left=0;A Right=0;A Up=0;B=0;C Down=0;C Left=0;C Right=0;C Up=0;DPad D=0;DPad L=0;DPad R=0;DPad U=0;L=0;R=0;Start=0;X Axis=0;Y Axis=0;Z=0"
3819,1330,0,111,"","A=0;A Down=0;A Left=0;A Right=0;A Up=0;B=0;C Down=0;C Left=0;C Right=0;C Up=0;DPad D=0;DPad L=0;DPad R=0;DPad U=0;L=0;R=0;Start=0;X Axis=0;Y Axis=0;Z=0"
3820,1331,0,111,"","A=0;A Down=0;A Left=0;A Right=0;A Up=0;B=0;C Down=0;C Left=0;C Right=0;C Up=0;DPad D=0;DPad L=0;DPad R=0;DPad U=0;L=0;R=0;Start=0;X Axis=0;Y Axis=0;Z=0"
3821,1332,0,111,"","A=0;A Down=0;A Left=0;A Right=0;A Up=0;B=0;C Down=0;C Left=0;C Right=0;C Up=0;DPad D=0;DPad L=0;DPad R=0;DPad U=0;L=0;R=0;Start=0;X Axis=0;Y Axis=0;Z=0"
3822,1333,0,111,"","A=0;A Down=0;A Left=0;A Right=0;A Up=0;B=0;C Down=0;C Left=0;C Right=0;C Up=0;DPad D=0;DPad L=0;DPad R=0;DPad U=0;L=0;R=0;Start=0;X Axis=0;Y Axis=0;Z=0"
3823,1334,0,111,"","A=0;A Down=0;A Left=0;A Right=0;A Up=0;B=0;C Down=0;C Left=0;C Right=0;C Up=0;DPad D=0;DPad L=0;DPad R=0;DPad U=0;L=0;R=0;Start=0;X Axis=0;Y Axis=0;Z=0"
3824,1335,0,111,"","A=0;A Down=0;A Left=0;A Right=0;A Up=0;B=0;C Down=0;C Left=0;C Right=0;C Up=0;DPad D=0;DPad L=0;DPad R=0;DPad U=0;L=0;R=0;Start=0;X Axis=0;Y Axis=0;Z=0"
3825,1336,0,111,"","A=0;A Down=0;A Left=0;A Right=0;A Up=0;B=0;C Down=0;C Left=0;C Right=0;C Up=0;DPad D=0;DPad L=0;DPad R=0;DPad U=0;L=0;R=0;Start=0;X Axis=0;Y Axis=0;Z=0"
3826,1337,0,111,"","A=0;A Down=0;A Left=0;A Right=0;A Up=0;B=0;C Down=0;C Left=0;C Right=0;C Up=0;DPad D=0;DPad L=0;DPad R=0;DPad U=0;L=0;R=0;Start=0;X Axis=0;Y Axis=0;Z=0"
3827,1338,0,111,"","A=0;A Down=0;A Left=0;A Right=0;A Up=0;B=0;C Down=0;C Left=0;C Right=0;C Up=0;DPad D=0;DPad L=0;DPad R=0;DPad U=0;L=0;R=0;Start=0;X Axis=0;Y Axis=0;Z=0"
3828,1339,0,111,"","A=0;A Down=0;A Left=0;A Right=0;A Up=0;B=0;C Down=0;C Left=0;C Right=0;C Up=0;DPad D=0;DPad L=0;DPad R=0;DPad U=0;L=0;R=0;Start=0;X Axis=0;Y Axis=0;Z=0"
3829,1340,0,111,"","A=0;A Down=0;A Left=0;A Right=0;A Up=0;B=0;C Down=0;C Left=0;C Right=0;C Up=0;DPad D=0;DPad L=0;DPad R=0;DPad U=0;L=0;R=0;Start=0;X Axis=0;Y Axis=0;Z=0"
3830,1341,0,111,"","A=0;A Down=0;A Left=0;A Right=0;A Up=0;B=0;C Down=0;C Left=0;C Right=0;C Up=0;DPad D=0;DPad L=0;DPad R=0;DPad U=0;L=0;R=0;Start=0;X Axis=0;Y Axis=0;Z=0"
3831,1342,0,111,"","A=0;A Down=0;A Left=0;A Right=0;A Up=0;B=0;C Down=0;C Left=0;C Right=0;C Up=0;DPad D=0;DPad L=0;DPad R=0;DPad U=0;L=0;R=0;Start=0;X Axis=0;Y Axis=0;Z=0"
3832,1343,0,111,"","A=0;A Down=0;A Left=0;A Right=0;A Up=0;B=0;C Down=0;C Left=0;C Right=0;C Up=0;DPad D=0;DPad L=0;DPad R=0;DPad U=0;L=0;R=0;Start=0;X Axis=0;Y Axis=0;Z=0"
3833,1344,0,111,"","A=0;A Down=0;A Left=0;A Right=0;A Up=0;B=0;C Down=0;C Left=0;C Right=0;C Up=0;DPad D=0;DPad L=0;DPad R=0;DPad U=0;L=0;R=0;Start=0;X Axis=0;Y Axis=0;Z=0"
3834,1345,0,111,"","A=0;A Down=0;A Left=0;A Right=0;A Up=0;B=0;C Down=0;C Left=0;C Right=0;C Up=0;DPad D=0;DPad L=0;DPad R=0;DPad U=0;L=0;R=0;Start=0;X Axis=0;Y Axis=0;Z=0"
3835,1346,0,111,"","A=0;A Down=0;A Left=0;A Right=0;A Up=0;B=0;C Down=0;C Left=0;C Right=0;C Up=0;DPad D=0;DPad L=0;DPad R=0;DPad U=0;L=0;R=0;Start=0;X Axis=0;Y Axis=0;Z=0"
3836,1347,0,111,"","A=0;A Down=0;A Left=0;A Right=0;A Up=0;B=0;C Down=0;C Left=0;C Right=0;C Up=0;DPad D=0;DPad L=0;DPad R=0;DPad U=0;L=0;R=0;Start=0;X Axis=0;Y Axis=0;Z=0"
3837,1348,0,111,"","A=0;A Down=0;A Left=0;A Right=0;A Up=0;B=0;C Down=0;C Left=0;C Right=0;C Up=0;DPad D=0;DPad L=0;DPad R=0;DPad U=0;L=0;R=0;Start=0;X Axis=0;Y Axis=0;Z=0"
3838,1349,0,111,"","A=0;A Down=0;A Left=0;A Right=0;A Up=0;B=0;C Down=0;C Left=0;C Right=0;C Up=0;DPad D=0;DPad L=0;DPad R=0;DPad U=0;L=0;R=0;Start=0;X Axis=0;Y Axis=0;Z=0"
3839,1350,0,111,"","A=0;A Down=0;A Left=0;A Right=0;A Up=0;B=0;C Down=0;C Left=0;C Right=0;C Up=0;DPad D=0;DPad L=0;DPad R=0;DPad U=0;L=0;R=0;Start=0;X Axis=0;Y Axis=0;Z=0"
3840,1351,0,111,"","A=0;A Down=0;A Left=0;A Right=0;A Up=0;B=0;C Down=0;C Left=0;C Right=0;C Up=0;DPad D=0;DPad L=0;DPad R=0;DPad U=0;L=0;R=0;Start=0;X Axis=0;Y Axis=0;Z=0"
3841,1352,0,111,"","A=0;A Down=0;A Left=0;A Right=0;A Up=0;B=0;C Down=0;C Left=0;C Right=0;C Up=0;DPad D=0;DPad L=0;DPad R=0;DPad U=0;L=0;R=0;Start=0;X Axis=0;Y Axis=0;Z=0"
3842,1353,0,111,"","A=0;A Down=0;A Left=0;A Right=0;A Up=0;B=0;C Down=0;C Left=0;C Right=0;C Up=0;DPad D=0;DPad L=0;DPad R=0;DPad U=0;L=0;R=0;Start=0;X Axis=0;Y Axis=0;Z=0"
3843,1354,0,111,"","A=0;A Down=0;A Left=0;A Right=0;A Up=0;B=0;C Down=0;C Left=0;C Right=0;C Up=0;DPad D=0;DPad L=0;DPad R=0;DPad U=0;L=0;R=0;Start=0;X Axis=0;Y Axis=0;Z=0"
3844,1355,0,111,"","A=0;A Down=0;A Left=0;A Right=0;A Up=0;B=0;C Down=0;C Left=0;C Right=0;C Up=0;DPad D=0;DPad L=0;DPad R=0;DPad U=0;L=0;R=0;Start=0;X Axis=0;Y Axis=0;Z=0"
3845,1356,0,111,"","A=0;A Down=0;A Left=0;A Right=0;A Up=0;B=0;C Down=0;C Left=0;C Right=0;C Up=0;DPad D=0;DPad L=0;DPad R=0;DPad U=0;L=0;R=0;Start=0;X Axis=0;Y Axis=0;Z=0"
3846,1357,0,111,"","A=0;A Down=0;A Left=0;A Right=0;A Up=0;B=0;C Down=0;C Left=0;C Right=0;C Up=0;DPad D=0;DPad L=0;DPad R=0;DPad U=0;L=0;R=0;Start=0;X Axis=0;Y Axis=0;Z=0"
3847,1358,0,111,"","A=0;A Down=0;A Left=0;A Right=0;A Up=0;B=0;C Down=0;C Left=0;C Right=0;C Up=0;DPad D=0;DPad L=0;DPad R=0;DPad U=0;L=0;R=0;Start=0;X Axis=0;Y Axis=0;Z=0"
3848,1359,0,111,"","A=0;A Down=0;A Left=0;A Right=0;A Up=0;B=0;C Down=0;C Left=0;C Right=0;C Up=0;DPad D=0;DPad L=0;DPad R=0;DPad U=0;L=0;R=0;Start=0;X Axis=0;Y Axis=0;Z=0"
3849,1360,0,111,"","A=0;A Down=0;A Left=0;A Right=0;A Up=0;B=0;C Down=0;C Left=0;C Right=0;C Up=0;DPad D=0;DPad L=0;DPad R=0;DPad U=0;L=0;R=0;Start=0;X Axis=0;Y Axis=0;Z=0"
3850,1361,0,111,"","A=0;A Down=0;A Left=0;A Right=0;A Up=0;B=0;C Down=0;C Left=0;C Right=0;C Up=0;DPad D=0;DPad L=0;DPad R=0;DPad U=0;L=0;R=0;Start=0;X Axis=0;Y Axis=0;Z=0"
3851,1362,0,111,"","A=0;A Down=0;A Left=0;A Right=0;A Up=0;B=0;C Down=0;C Left=0;C Right=0;C Up=0;DPad D=0;DPad L=0;DPad R=0;DPad U=0;L=0;R=0;Start=0;X Axis=0;Y Axis=0;Z=0"
3852,1363,0,111,"","A=0;A Down=0;A Left=0;A Right=0;A Up=0;B=0;C Down=0;C Left=0;C Right=0;C Up=0;DPad D=0;DPad L=0;DPad R=0;DPad U=0;L=0;R=0;Start=0;X Axis=0;Y Axis=0;Z=0"
3853,1364,0,111,"","A=0;A Down=0;A Left=0;A Right=0;A Up=0;B=0;C Down=0;C Left=0;C Right=0;C Up=0;DPad D=0;DPad L=0;DPad R=0;DPad U=0;L=0;R=0;Start=0;X Axis=0;Y Axis=0;Z=0"
3854,1365,0,111,"","A=0;A Down=0;A Left=0;A Right=0;A Up=0;B=0;C Down=0;C Left=0;C Right=0;C Up=0;DPad D=0;DPad L=0;DPad R=0;DPad U=0;L=0;R=0;Start=0;X Axis=0;Y Axis=0;Z=0"
3855,1366,0,111,"","A=0;A Down=0;A Left=0;A Right=0;A Up=0;B=0;C Down=0;C Left=0;C Right=0;C Up=0;DPad D=0;DPad L=0;DPad R=0;DPad U=0;L=0;R=0;Start=0;X Axis=0;Y Axis=0;Z=0"
3856,1367,0,111,"","A=0;A Down=0;A Left=0;A Right=0;A Up=0;B=0;C Down=0;C Left=0;C Right=0;C Up=0;DPad D=0;DPad L=0;DPad R=0;DPad U=0;L=0;R=0;Start=0;X Axis=0;Y Axis=0;Z=0"
3857,1368,0,111,"","A=0;A Down=0;A Left=0;A Right=0;A Up=0;B=0;C Down=0;C Left=0;C Right=0;C Up=0;DPad D=0;DPad L=0;DPad R=0;DPad U=0;L=0;R=0;Start=0;X Axis=0;Y Axis=0;Z=0"
3858,1369,0,111,"","A=0;A Down=0;A Left=0;A Right=0;A Up=0;B=0;C Down=0;C Left=0;C Right=0;C Up=0;DPad D=0;DPad L=0;DPad R=0;DPad U=0;L=0;R=0;Start=0;X Axis=0;Y Axis=0;Z=0"
3859,1370,0,111,"","A=0;A Down=0;A Left=0;A Right=0;A Up=0;B=0;C Down=0;C Left=0;C Right=0;C Up=0;DPad D=0;DPad L=0;DPad R=0;DPad U=0;L=0;R=0;Start=0;X Axis=0;Y Axis=0;Z=0"
3860,1371,0,111,"","A=0;A Down=0;A Left=0;A Right=0;A Up=0;B=0;C Down=0;C Left=0;C Right=0;C Up=0;DPad D=0;DPad L=0;DPad R=0;DPad U=0;L=0;R=0;Start=0;X Axis=0;Y Axis=0;Z=0"
3861,1372,0,111,"","A=0;A Down=0;A Left=0;A Right=0;A Up=0;B=0;C Down=0;C Left=0;C Right=0;C Up=0;DPad D=0;DPad L=0;DPad R=0;DPad U=0;L=0;R=0;Start=0;X Axis=0;Y Axis=0;Z=0"
3862,1373,0,111,"","A=0;A Down=0;A Left=0;A Right=0;A Up=0;B=0;C Down=0;C Left=0;C Right=0;C Up=0;DPad D=0;DPad L=0;DPad R=0;DPad U=0;L=0;R=0;Start=0;X Axis=0;Y Axis=0;Z=0"
3863,1374,0,111,"","A=0;A Down=0;A Left=0;A Right=0;A Up=0;B=0;C Down=0;C Left=0;C Right=0;C Up=0;DPad D=0;DPad L=0;DPad R=0;DPad U=0;L=0;R=0;Start=0;X Axis=0;Y Axis=0;Z=0"
3864,1375,0,111,"","A=0;A Down=0;A Left=0;A Right=0;A Up=0;B=0;C Down=0;C Left=0;C Right=0;C Up=0;DPad D=0;DPad L=0;DPad R=0;DPad U=0;L=0;R=0;Start=0;X Axis=0;Y Axis=0;Z=0"
3865,1376,0,111,"","A=0;A Down=0;A Left=0;A Right=0;A Up=0;B=0;C Down=0;C Left=0;C Right=0;C Up=0;DPad D=0;DPad L=0;DPad R=0;DPad U=0;L=0;R=0;Start=0;X Axis=0;Y Axis=0;Z=0"
3866,1377,0,111,"","A=0;A Down=0;A Left=0;A Right=0;A Up=0;B=0;C Down=0;C Left=0;C Right=0;C Up=0;DPad D=0;DPad L=0;DPad R=0;DPad U=0;L=0;R=0;Start=0;X Axis=0;Y Axis=0;Z=0"
3867,1378,0,111,"","A=0;A Down=0;A Left=0;A Right=0;A Up=0;B=0;C Down=0;C Left=0;C Right=0;C Up=0;DPad D=0;DPad L=0;DPad R=0;DPad U=0;L=0;R=0;Start=0;X Axis=0;Y Axis=0;Z=0"
3868,1379,0,111,"","A=0;A Down=0;A Left=0;A Right=0;A Up=0;B=0;C Down=0;C Left=0;C Right=0;C Up=0;DPad D=0;DPad L=0;DPad R=0;DPad U=0;L=0;R=0;Start=0;X Axis=0;Y Axis=0;Z=0"
3869,1380,0,111,"","A=0;A Down=0;A Left=0;A Right=0;A Up=0;B=0;C Down=0;C Left=0;C Right=0;C Up=0;DPad D=0;DPad L=0;DPad R=0;DPad U=0;L=0;R=0;Start=0;X Axis=0;Y Axis=0;Z=0"
3870,1381,0,111,"","A=0;A Down=0;A Left=0;A Right=0;A Up=0;B=0;C Down=0;C Left=0;C Right=0;C Up=0;DPad D=0;DPad L=0;DPad R=0;DPad U=0;L=0;R=0;Start=0;X Axis=0;Y Axis=0;Z=0"
3871,1382,0,111,"","A=0;A Down=0;A Left=0;A Right=0;A Up=0;B=0;C Down=0;C Left=0;C Right=0;C Up=0;DPad D=0;DPad L=0;DPad R=0;DPad U=0;L=0;R=0;Start=0;X Axis=0;Y Axis=0;Z=0"
3872,1383,0,111,"","A=0;A Down=0;A Left=0;A Right=0;A Up=0;B=0;C Down=0;C Left=0;C Right=0;C Up=0;DPad D=0;DPad L=0;DPad R=0;DPad U=0;L=0;R=0;Start=0;X Axis=0;Y Axis=0;Z=0"
3873,1384,0,111,"","A=0;A Down=0;A Left=0;A Right=0;A Up=0;B=0;C Down=0;C Left=0;C Right=0;C Up=0;DPad D=0;DPad L=0;DPad R=0;DPad U=0;L=0;R=0;Start=0;X Axis=0;Y Axis=0;Z=0"
3874,1385,0,111,"","A=0;A Down=0;A Left=0;A Right=0;A Up=0;B=0;C Down=0;C Left=0;C Right=0;C Up=0;DPad D=0;DPad L=0;DPad R=0;DPad U=0;L=0;R=0;Start=0;X Axis=0;Y Axis=0;Z=0"
3875,1386,0,111,"","A=0;A Down=0;A Left=0;A Right=0;A Up=0;B=0;C Down=0;C Left=0;C Right=0;C Up=0;DPad D=0;DPad L=0;DPad R=0;DPad U=0;L=0;R=0;Start=0;X Axis=0;Y Axis=0;Z=0"
3876,1387,0,111,"","A=0;A Down=0;A Left=0;A Right=0;A Up=0;B=0;C Down=0;C Left=0;C Right=0;C Up=0;DPad D=0;DPad L=0;DPad R=0;DPad U=0;L=0;R=0;Start=0;X Axis=0;Y Axis=0;Z=0"
3877,1388,0,111,"","A=0;A Down=0;A Left=0;A Right=0;A Up=0;B=0;C Down=0;C Left=0;C Right=0;C Up=0;DPad D=0;DPad L=0;DPad R=0;DPad U=0;L=0;R=0;Start=0;X Axis=0;Y Axis=0;Z=0"
3878,1389,0,111,"","A=0;A Down=0;A Left=0;A Right=0;A Up=0;B=0;C Down=0;C Left=0;C Right=0;C Up=0;DPad D=0;DPad L=0;DPad R=0;DPad U=0;L=0;R=0;Start=0;X Axis=0;Y Axis=0;Z=0"
3879,1390,0,111,"","A=0;A Down=0;A Left=0;A Right=0;A Up=0;B=0;C Down=0;C Left=0;C Right=0;C Up=0;DPad D=0;DPad L=0;DPad R=0;DPad U=0;L=0;R=0;Start=0;X Axis=0;Y Axis=0;Z=0"
3880,1391,0,111,"","A=0;A Down=0;A Left=0;A Right=0;A Up=0;B=0;C Down=0;C Left=0;C Right=0;C Up=0;DPad D=0;DPad L=0;DPad R=0;DPad U=0;L=0;R=0;Start=0;X Axis=0;Y Axis=0;Z=0"
3881,1392,0,111,"","A=0;A Down=0;A Left=0;A Right=0;A Up=0;B=0;C Down=0;C Left=0;C Right=0;C Up=0;DPad D=0;DPad L=0;DPad R=0;DPad U=0;L=0;R=0;Start=0;X Axis=0;Y Axis=0;Z=0"
3882,1393,0,111,"","A=0;A Down=0;A Left=0;A Right=0;A Up=0;B=0;C Down=0;C Left=0;C Right=0;C Up=0;DPad D=0;DPad L=0;DPad R=0;DPad U=0;L=0;R=0;Start=0;X Axis=0;Y Axis=0;Z=0"
3883,1394,0,111,"","A=0;A Down=0;A Left=0;A Right=0;A Up=0;B=0;C Down=0;C Left=0;C Right=0;C Up=0;DPad D=0;DPad L=0;DPad R=0;DPad U=0;L=0;R=0;Start=0;X Axis=0;Y Axis=0;Z=0"
3884,1395,0,111,"","A=0;A Down=0;A Left=0;A Right=0;A Up=0;B=0;C Down=0;C Left=0;C Right=0;C Up=0;DPad D=0;DPad L=0;DPad R=0;DPad U=0;L=0;R=0;Start=0;X Axis=0;Y Axis=0;Z=0"
3885,1396,0,111,"","A=0;A Down=0;A Left=0;A Right=0;A Up=0;B=0;C Down=0;C Left=0;C Right=0;C Up=0;DPad D=0;DPad L=0;DPad R=0;DPad U=0;L=0;R=0;Start=0;X Axis=0;Y Axis=0;Z=0"
3886,1397,0,111,"","A=0;A Down=0;A Left=0;A Right=0;A Up=0;B=0;C Down=0;C Left=0;C Right=0;C Up=0;DPad D=0;DPad L=0;DPad R=0;DPad U=0;L=0;R=0;Start=0;X Axis=0;Y Axis=0;Z=0"
3887,1398,0,111,"","A=0;A Down=0;A Left=0;A Right=0;A Up=0;B=0;C Down=0;C Left=0;C Right=0;C Up=0;DPad D=0;DPad L=0;DPad R=0;DPad U=0;L=0;R=0;Start=0;X Axis=0;Y Axis=0;Z=0"
3888,1399,0,111,"","A=0;A Down=0;A Left=0;A Right=0;A Up=0;B=0;C Down=0;C Left=0;C Right=0;C Up=0;DPad D=0;DPad L=0;DPad R=0;DPad U=0;L=0;R=0;Start=0;X Axis=0;Y Axis=0;Z=0"
3889,1400,0,111,"","A=0;A Down=0;A Left=0;A Right=0;A Up=0;B=0;C Down=0;C Left=0;C Right=0;C Up=0;DPad D=0;DPad L=0;DPad R=0;DPad U=0;L=0;R=0;Start=0;X Axis=0;Y Axis=0;Z=0"
3890,1401,0,111,"","A=0;A Down=0;A Left=0;A Right=0;A Up=0;B=0;C Down=0;C Left=0;C Right=0;C Up=0;DPad D=0;DPad L=0;DPad R=0;DPad U=0;L=0;R=0;Start=0;X Axis=0;Y Axis=0;Z=0"
3891,1402,0,111,"","A=0;A Down=0;A Left=0;A Right=0;A Up=0;B=0;C Down=0;C Left=0;C Right=0;C Up=0;DPad D=0;DPad L=0;DPad R=0;DPad U=0;L=0;R=0;Start=0;X Axis=0;Y Axis=0;Z=0"
3892,1403,0,111,"","A=0;A Down=0;A Left=0;A Right=0;A Up=0;B=0;C Down=0;C Left=0;C Right=0;C Up=0;DPad D=0;DPad L=0;DPad R=0;DPad U=0;L=0;R=0;Start=0;X Axis=0;Y Axis=0;Z=0"
3893,1404,0,111,"","A=0;A Down=0;A Left=0;A Right=0;A Up=0;B=0;C Down=0;C Left=0;C Right=0;C Up=0;DPad D=0;DPad L=0;DPad R=0;DPad U=0;L=0;R=0;Start=0;X Axis=0;Y Axis=0;Z=0"
3894,1405,0,111,"","A=0;A Down=0;A Left=0;A Right=0;A Up=0;B=0;C Down=0;C Left=0;C Right=0;C Up=0;DPad D=0;DPad L=0;DPad R=0;DPad U=0;L=0;R=0;Start=0;X Axis=0;Y Axis=0;Z=0"
3895,1406,0,111,"","A=0;A Down=0;A Left=0;A Right=0;A Up=0;B=0;C Down=0;C Left=0;C Right=0;C Up=0;DPad D=0;DPad L=0;DPad R=0;DPad U=0;L=0;R=0;Start=0;X Axis=0;Y Axis=0;Z=0"
3896,1407,0,111,"","A=0;A Down=0;A Left=0;A Right=0;A Up=0;B=0;C Down=0;C Left=0;C Right=0;C Up=0;DPad D=0;DPad L=0;DPad R=0;DPad U=0;L=0;R=0;Start=0;X Axis=0;Y Axis=0;Z=0"
3897,1408,0,111,"","A=0;A Down=0;A Left=0;A Right=0;A Up=0;B=0;C Down=0;C Left=0;C Right=0;C Up=0;DPad D=0;DPad L=0;DPad R=0;DPad U=0;L=0;R=0;Start=0;X Axis=0;Y Axis=0;Z=0"
3898,1409,0,111,"","A=0;A Down=0;A Left=0;A Right=0;A Up=0;B=0;C Down=0;C Left=0;C Right=0;C Up=0;DPad D=0;DPad L=0;DPad R=0;DPad U=0;L=0;R=0;Start=0;X Axis=0;Y Axis=0;Z=0"
3899,1410,0,111,"","A=0;A Down=0;A Left=0;A Right=0;A Up=0;B=0;C Down=0;C Left=0;C Right=0;C Up=0;DPad D=0;DPad L=0;DPad R=0;DPad U=0;L=0;R=0;Start=0;X Axis=0;Y Axis=0;Z=0"
3900,1411,0,111,"","A=0;A Down=0;A Left=0;A Right=0;A Up=0;B=0;C Down=0;C Left=0;C Right=0;C Up=0;DPad D=0;DPad L=0;DPad R=0;DPad U=0;L=0;R=0;Start=0;X Axis=0;Y Axis=0;Z=0"
3901,1412,0,111,"","A=0;A Down=0;A Left=0;A Right=0;A Up=0;B=0;C Down=0;C Left=0;C Right=0;C Up=0;DPad D=0;DPad L=0;DPad R=0;DPad U=0;L=0;R=0;Start=0;X Axis=0;Y Axis=0;Z=0"
3902,1413,0,111,"","A=0;A Down=0;A Left=0;A Right=0;A Up=0;B=0;C Down=0;C Left=0;C Right=0;C Up=0;DPad D=0;DPad L=0;DPad R=0;DPad U=0;L=0;R=0;Start=0;X Axis=0;Y Axis=0;Z=0"
3903,1414,0,111,"","A=0;A Down=0;A Left=0;A Right=0;A Up=0;B=0;C Down=0;C Left=0;C Right=0;C Up=0;DPad D=0;DPad L=0;DPad R=0;DPad U=0;L=0;R=0;Start=0;X Axis=0;Y Axis=0;Z=0"
3904,1415,0,111,"","A=0;A Down=0;A Left=0;A Right=0;A Up=0;B=0;C Down=0;C Left=0;C Right=0;C Up=0;DPad D=0;DPad L=0;DPad R=0;DPad U=0;L=0;R=0;Start=0;X Axis=0;Y Axis=0;Z=0"
3905,1416,0,111,"","A=0;A Down=0;A Left=0;A Right=0;A Up=0;B=0;C Down=0;C Left=0;C Right=0;C Up=0;DPad D=0;DPad L=0;DPad R=0;DPad U=0;L=0;R=0;Start=0;X Axis=0;Y Axis=0;Z=0"
3906,1417,0,111,"","A=0;A Down=0;A Left=0;A Right=0;A Up=0;B=0;C Down=0;C Left=0;C Right=0;C Up=0;DPad D=0;DPad L=0;DPad R=0;DPad U=0;L=0;R=0;Start=0;X Axis=0;Y Axis=0;Z=0"
3907,1418,0,111,"","A=0;A Down=0;A Left=0;A Right=0;A Up=0;B=0;C Down=0;C Left=0;C Right=0;C Up=0;DPad D=0;DPad L=0;DPad R=0;DPad U=0;L=0;R=0;Start=0;X Axis=0;Y Axis=0;Z=0"
3908,1419,0,111,"","A=0;A Down=0;A Left=0;A Right=0;A Up=0;B=0;C Down=0;C Left=0;C Right=0;C Up=0;DPad D=0;DPad L=0;DPad R=0;DPad U=0;L=0;R=0;Start=0;X Axis=0;Y Axis=0;Z=0"
3909,1420,0,111,"","A=0;A Down=0;A Left=0;A Right=0;A Up=0;B=0;C Down=0;C Left=0;C Right=0;C Up=0;DPad D=0;DPad L=0;DPad R=0;DPad U=0;L=0;R=0;Start=0;X Axis=0;Y Axis=0;Z=0"
3910,1421,0,111,"","A=0;A Down=0;A Left=0;A Right=0;A Up=0;B=0;C Down=0;C Left=0;C Right=0;C Up=0;DPad D=0;DPad L=0;DPad R=0;DPad U=0;L=0;R=0;Start=0;X Axis=0;Y Axis=0;Z=0"
3911,1422,0,111,"","A=0;A Down=0;A Left=0;A Right=0;A Up=0;B=0;C Down=0;C Left=0;C Right=0;C Up=0;DPad D=0;DPad L=0;DPad R=0;DPad U=0;L=0;R=0;Start=0;X Axis=0;Y Axis=0;Z=0"
3912,1423,0,111,"","A=0;A Down=0;A Left=0;A Right=0;A Up=0;B=0;C Down=0;C Left=0;C Right=0;C Up=0;DPad D=0;DPad L=0;DPad R=0;DPad U=0;L=0;R=0;Start=0;X Axis=0;Y Axis=0;Z=0"
3913,1424,0,111,"","A=0;A Down=0;A Left=0;A Right=0;A Up=0;B=0;C Down=0;C Left=0;C Right=0;C Up=0;DPad D=0;DPad L=0;DPad R=0;DPad U=0;L=0;R=0;Start=0;X Axis=0;Y Axis=0;Z=0"
3914,1425,0,111,"","A=0;A Down=0;A Left=0;A Right=0;A Up=0;B=0;C Down=0;C Left=0;C Right=0;C Up=0;DPad D=0;DPad L=0;DPad R=0;DPad U=0;L=0;R=0;Start=0;X Axis=0;Y Axis=0;Z=0"
3915,1426,0,111,"","A=0;A Down=0;A Left=0;A Right=0;A Up=0;B=0;C Down=0;C Left=0;C Right=0;C Up=0;DPad D=0;DPad L=0;DPad R=0;DPad U=0;L=0;R=0;Start=0;X Axis=0;Y Axis=0;Z=0"
3916,1427,0,111,"","A=0;A Down=0;A Left=0;A Right=0;A Up=0;B=0;C Down=0;C Left=0;C Right=0;C Up=0;DPad D=0;DPad L=0;DPad R=0;DPad U=0;L=0;R=0;Start=0;X Axis=0;Y Axis=0;Z=0"
3917,1428,0,111,"","A=0;A Down=0;A Left=0;A Right=0;A Up=0;B=0;C Down=0;C Left=0;C Right=0;C Up=0;DPad D=0;DPad L=0;DPad R=0;DPad U=0;L=0;R=0;Start=0;X Axis=0;Y Axis=0;Z=0"
3918,1429,0,111,"","A=0;A Down=0;A Left=0;A Right=0;A Up=0;B=0;C Down=0;C Left=0;C Right=0;C Up=0;DPad D=0;DPad L=0;DPad R=0;DPad U=0;L=0;R=0;Start=0;X Axis=0;Y Axis=0;Z=0"
3919,1430,0,111,"","A=0;A Down=0;A Left=0;A Right=0;A Up=0;B=0;C Down=0;C Left=0;C Right=0;C Up=0;DPad D=0;DPad L=0;DPad R=0;DPad U=0;L=0;R=0;Start=0;X Axis=0;Y Axis=0;Z=0"
3920,1431,0,111,"","A=0;A Down=0;A Left=0;A Right=0;A Up=0;B=0;C Down=0;C Left=0;C Right=0;C Up=0;DPad D=0;DPad L=0;DPad R=0;DPad U=0;L=0;R=0;Start=0;X Axis=0;Y Axis=0;Z=0"
3921,1432,0,111,"","A=0;A Down=0;A Left=0;A Right=0;A Up=0;B=0;C Down=0;C Left=0;C Right=0;C Up=0;DPad D=0;DPad L=0;DPad R=0;DPad U=0;L=0;R=0;Start=0;X Axis=0;Y Axis=0;Z=0"
3922,1433,0,111,"","A=0;A Down=0;A Left=0;A Right=0;A Up=0;B=0;C Down=0;C Left=0;C Right=0;C Up=0;DPad D=0;DPad L=0;DPad R=0;DPad U=0;L=0;R=0;Start=0;X Axis=0;Y Axis=0;Z=0"
3923,1434,0,111,"","A=0;A Down=0;A Left=0;A Right=0;A Up=0;B=0;C Down=0;C Left=0;C Right=0;C Up=0;DPad D=0;DPad L=0;DPad R=0;DPad U=0;L=0;R=0;Start=0;X Axis=0;Y Axis=0;Z=0"
3924,1435,0,111,"","A=0;A Down=0;A Left=0;A Right=0;A Up=0;B=0;C Down=0;C Left=0;C Right=0;C Up=0;DPad D=0;DPad L=0;DPad R=0;DPad U=0;L=0;R=0;Start=0;X Axis=0;Y Axis=0;Z=0"
3925,1436,0,111,"","A=0;A Down=0;A Left=0;A Right=0;A Up=0;B=0;C Down=0;C Left=0;C Right=0;C Up=0;DPad D=0;DPad L=0;DPad R=0;DPad U=0;L=0;R=0;Start=0;X Axis=0;Y Axis=0;Z=0"
3926,1437,0,111,"","A=0;A Down=0;A Left=0;A Right=0;A Up=0;B=0;C Down=0;C Left=0;C Right=0;C Up=0;DPad D=0;DPad L=0;DPad R=0;DPad U=0;L=0;R=0;Start=0;X Axis=0;Y Axis=0;Z=0"
3927,1438,0,111,"","A=0;A Down=0;A Left=0;A Right=0;A Up=0;B=0;C Down=0;C Left=0;C Right=0;C Up=0;DPad D=0;DPad L=0;DPad R=0;DPad U=0;L=0;R=0;Start=0;X Axis=0;Y Axis=0;Z=0"
3928,1439,0,111,"","A=0;A Down=0;A Left=0;A Right=0;A Up=0;B=0;C Down=0;C Left=0;C Right=0;C Up=0;DPad D=0;DPad L=0;DPad R=0;DPad U=0;L=0;R=0;Start=0;X Axis=0;Y Axis=0;Z=0"
3929,1440,0,111,"","A=0;A Down=0;A Left=0;A Right=0;A Up=0;B=0;C Down=0;C Left=0;C Right=0;C Up=0;DPad D=0;DPad L=0;DPad R=0;DPad U=0;L=0;R=0;Start=0;X Axis=0;Y Axis=0;Z=0"
3930,1441,0,111,"","A=0;A Down=0;A Left=0;A Right=0;A Up=0;B=0;C Down=0;C Left=0;C Right=0;C Up=0;DPad D=0;DPad L=0;DPad R=0;DPad U=0;L=0;R=0;Start=0;X Axis=0;Y Axis=0;Z=0"
3931,1442,0,111,"","A=0;A Down=0;A Left=0;A Right=0;A Up=0;B=0;C Down=0;C Left=0;C Right=0;C Up=0;DPad D=0;DPad L=0;DPad R=0;DPad U=0;L=0;R=0;Start=0;X Axis=0;Y Axis=0;Z=0"
3932,1443,0,111,"","A=0;A Down=0;A Left=0;A Right=0;A Up=0;B=0;C Down=0;C Left=0;C Right=0;C Up=0;DPad D=0;DPad L=0;DPad R=0;DPad U=0;L=0;R=0;Start=0;X Axis=0;Y Axis=0;Z=0"
3933,1444,0,111,"","A=0;A Down=0;A Left=0;A Right=0;A Up=0;B=0;C Down=0;C Left=0;C Right=0;C Up=0;DPad D=0;DPad L=0;DPad R=0;DPad U=0;L=0;R=0;Start=0;X Axis=0;Y Axis=0;Z=0"
3934,1445,0,111,"","A=0;A Down=0;A Left=0;A Right=0;A Up=0;B=0;C Down=0;C Left=0;C Right=0;C Up=0;DPad D=0;DPad L=0;DPad R=0;DPad U=0;L=0;R=0;Start=0;X Axis=0;Y Axis=0;Z=0"
3935,1446,0,111,"","A=0;A Down=0;A Left=0;A Right=0;A Up=0;B=0;C Down=0;C Left=0;C Right=0;C Up=0;DPad D=0;DPad L=0;DPad R=0;DPad U=0;L=0;R=0;Start=0;X Axis=0;Y Axis=0;Z=0"
3936,1447,0,111,"","A=0;A Down=0;A Left=0;A Right=0;A Up=0;B=0;C Down=0;C Left=0;C Right=0;C Up=0;DPad D=0;DPad L=0;DPad R=0;DPad U=0;L=0;R=0;Start=0;X Axis=0;Y Axis=0;Z=0"
3937,1448,0,111,"","A=0;A Down=0;A Left=0;A Right=0;A Up=0;B=0;C Down=0;C Left=0;C Right=0;C Up=0;DPad D=0;DPad L=0;DPad R=0;DPad U=0;L=0;R=0;Start=0;X Axis=0;Y Axis=0;Z=0"
3938,1449,0,111,"","A=0;A Down=0;A Left=0;A Right=0;A Up=0;B=0;C Down=0;C Left=0;C Right=0;C Up=0;DPad D=0;DPad L=0;DPad R=0;DPad U=0;L=0;R=0;Start=0;X Axis=0;Y Axis=0;Z=0"
3939,1450,0,111,"","A=0;A Down=0;A Left=0;A Right=0;A Up=0;B=0;C Down=0;C Left=0;C Right=0;C Up=0;DPad D=0;DPad L=0;DPad R=0;DPad U=0;L=0;R=0;Start=0;X Axis=0;Y Axis=0;Z=0"
3940,1451,0,111,"","A=0;A Down=0;A Left=0;A Right=0;A Up=0;B=0;C Down=0;C Left=0;C Right=0;C Up=0;DPad D=0;DPad L=0;DPad R=0;DPad U=0;L=0;R=0;Start=0;X Axis=0;Y Axis=0;Z=0"
3941,1452,0,111,"","A=0;A Down=0;A Left=0;A Right=0;A Up=0;B=0;C Down=0;C Left=0;C Right=0;C Up=0;DPad D=0;DPad L=0;DPad R=0;DPad U=0;L=0;R=0;Start=0;X Axis=0;Y Axis=0;Z=0"
3942,1453,0,111,"","A=0;A Down=0;A Left=0;A Right=0;A Up=0;B=0;C Down=0;C Left=0;C Right=0;C Up=0;DPad D=0;DPad L=0;DPad R=0;DPad U=0;L=0;R=0;Start=0;X Axis=0;Y Axis=0;Z=0"
3943,1454,0,111,"","A=0;A Down=0;A Left=0;A Right=0;A Up=0;B=0;C Down=0;C Left=0;C Right=0;C Up=0;DPad D=0;DPad L=0;DPad R=0;DPad U=0;L=0;R=0;Start=0;X Axis=0;Y Axis=0;Z=0"
3944,1455,0,111,"","A=0;A Down=0;A Left=0;A Right=0;A Up=0;B=0;C Down=0;C Left=0;C Right=0;C Up=0;DPad D=0;DPad L=0;DPad R=0;DPad U=0;L=0;R=0;Start=0;X Axis=0;Y Axis=0;Z=0"
3945,1456,0,111,"","A=0;A Down=0;A Left=0;A Right=0;A Up=1;B=0;C Down=0;C Left=0;C Right=0;C Up=0;DPad D=0;DPad L=0;DPad R=0;DPad U=0;L=0;R=0;Start=0;X Axis=0;Y Axis=0;Z=0"
3946,1457,0,111,"","A=0;A Down=0;A Left=0;A Right=0;A Up=1;B=0;C Down=0;C Left=0;C Right=0;C Up=0;DPad D=0;DPad L=0;DPad R=0;DPad U=0;L=0;R=0;Start=0;X Axis=0;Y Axis=0;Z=0"
3947,1458,0,111,"","A=0;A Down=0;A Left=0;A Right=0;A Up=1;B=0;C Down=0;C Left=0;C Right=0;C Up=0;DPad D=0;DPad L=0;DPad R=0;DPad U=0;L=0;R=0;Start=0;X Axis=0;Y Axis=0;Z=0"
3948,1459,0,111,"","A=0;A Down=0;A Left=0;A Right=0;A Up=1;B=0;C Down=0;C Left=0;C Right=0;C Up=0;DPad D=0;DPad L=0;DPad R=0;DPad U=0;L=0;R=0;Start=0;X Axis=0;Y Axis=0;Z=0"
3949,1460,0,111,"","A=0;A Down=0;A Left=0;A Right=0;A Up=1;B=0;C Down=0;C Left=0;C Right=0;C Up=0;DPad D=0;DPad L=0;DPad R=0;DPad U=0;L=0;R=0;Start=0;X Axis=0;Y Axis=0;Z=0"
3950,1461,0,111,"","A=0;A Down=0;A Left=0;A Right=0;A Up=1;B=0;C Down=0;C Left=0;C Right=0;C Up=0;DPad D=0;DPad L=0;DPad R=0;DPad U=0;L=0;R=0;Start=0;X Axis=0;Y Axis=0;Z=0"
3951,1462,0,111,"","A=0;A Down=0;A Left=0;A Right=0;A Up=1;B=0;C Down=0;C Left=0;C Right=0;C Up=0;DPad D=0;DPad L=0;DPad R=0;DPad U=0;L=0;R=0;Start=0;X Axis=0;Y Axis=0;Z=0"
3952,1463,0,111,"","A=0;A Down=0;A Left=0;A Right=0;A Up=1;B=0;C Down=0;C Left=0;C Right=0;C Up=0;DPad D=0;DPad L=0;DPad R=0;DPad U=0;L=0;R=0;Start=0;X Axis=0;Y Axis=0;Z=0"
3953,1464,0,111,"","A=0;A Down=0;A Left=0;A Right=0;A Up=1;B=0;C Down=0;C Left=0;C Right=0;C Up=0;DPad D=0;DPad L=0;DPad R=0;DPad U=0;L=0;R=0;Start=0;X Axis=0;Y Axis=0;Z=0"
3954,1465,0,111,"","A=0;A Down=0;A Left=0;A Right=0;A Up=1;B=0;C Down=0;C Left=0;C Right=0;C Up=0;DPad D=0;DPad L=0;DPad R=0;DPad U=0;L=0;R=0;Start=0;X Axis=0;Y Axis=0;Z=0"
3955,1466,0,111,"","A=0;A Down=0;A Left=0;A Right=0;A Up=1;B=0;C Down=0;C Left=0;C Right=0;C Up=0;DPad D=0;DPad L=0;DPad R=0;DPad U=0;L=0;R=0;Start=0;X Axis=0;Y Axis=0;Z=0"
3956,1467,0,111,"","A=0;A Down=0;A Left=0;A Right=0;A Up=1;B=0;C Down=0;C Left=0;C Right=0;C Up=0;DPad D=0;DPad L=0;DPad R=0;DPad U=0;L=0;R=0;Start=0;X Axis=0;Y Axis=0;Z=0"
3957,1468,0,111,"","A=0;A Down=0;A Left=0;A Right=0;A Up=1;B=0;C Down=0;C Left=0;C Right=0;C Up=0;DPad D=0;DPad L=0;DPad R=0;DPad U=0;L=0;R=0;Start=0;X Axis=0;Y Axis=0;Z=0"
3958,1469,0,111,"","A=0;A Down=0;A Left=0;A Right=0;A Up=1;B=0;C Down=0;C Left=0;C Right=0;C Up=0;DPad D=0;DPad L=0;DPad R=0;DPad U=0;L=0;R=0;Start=0;X Axis=0;Y Axis=0;Z=0"
3959,1470,0,111,"","A=0;A Down=0;A Left=0;A Right=0;A Up=1;B=0;C Down=0;C Left=0;C Right=0;C Up=0;DPad D=0;DPad L=0;DPad R=0;DPad U=0;L=0;R=0;Start=0;X Axis=0;Y Axis=0;Z=0"
3960,1471,0,111,"","A=0;A Down=0;A Left=0;A Right=0;A Up=1;B=0;C Down=0;C Left=0;C Right=0;C Up=0;DPad D=0;DPad L=0;DPad R=0;DPad U=0;L=0;R=0;Start=0;X Axis=0;Y Axis=0;Z=0"
3961,1472,0,111,"","A=0;A Down=0;A Left=0;A Right=0;A Up=1;B=0;C Down=0;C Left=0;C Right=0;C Up=0;DPad D=0;DPad L=0;DPad R=0;DPad U=0;L=0;R=0;Start=0;X Axis=0;Y Axis=0;Z=0"
3962,1473,0,111,"","A=0;A Down=0;A Left=0;A Right=0;A Up=1;B=0;C Down=0;C Left=0;C Right=0;C Up=0;DPad D=0;DPad L=0;DPad R=0;DPad U=0;L=0;R=0;Start=0;X Axis=0;Y Axis=0;Z=0"
3963,1474,0,111,"","A=0;A Down=0;A Left=0;A Right=0;A Up=1;B=0;C Down=0;C Left=0;C Right=0;C Up=0;DPad D=0;DPad L=0;DPad R=0;DPad U=0;L=0;R=0;Start=0;X Axis=0;Y Axis=0;Z=0"
3964,1475,0,111,"","A=0;A Down=0;A Left=0;A Right=0;A Up=1;B=0;C Down=0;C Left=0;C Right=0;C Up=0;DPad D=0;DPad L=0;DPad R=0;DPad U=0;L=0;R=0;Start=0;X Axis=0;Y Axis=0;Z=0"
3965,1476,0,111,"","A=0;A Down=0;A Left=0;A Right=0;A Up=1;B=0;C Down=0;C Left=0;C Right=0;C Up=0;DPad D=0;DPad L=0;DPad R=0;DPad U=0;L=0;R=0;Start=0;X Axis=0;Y Axis=0;Z=0"
3966,1477,0,111,"","A=0;A Down=0;A Left=0;A Right=0;A Up=1;B=0;C Down=0;C Left=0;C Right=0;C Up=0;DPad D=0;DPad L=0;DPad R=0;DPad U=0;L=0;R=0;Start=0;X Axis=0;Y Axis=0;Z=0"
3967,1478,0,111,"","A=0;A Down=0;A Left=0;A Right=0;A Up=1;B=0;C Down=0;C Left=0;C Right=0;C Up=0;DPad D=0;DPad L=0;DPad R=0;DPad U=0;L=0;R=0;Start=0;X Axis=0;Y Axis=0;Z=0"
3968,1479,0,111,"","A=0;A Down=0;A Left=0;A Right=0;A Up=1;B=0;C Down=0;C Left=0;C Right=0;C Up=0;DPad D=0;DPad L=0;DPad R=0;DPad U=0;L=0;R=0;Start=0;X Axis=0;Y Axis=0;Z=0"
3969,1480,0,111,"","A=0;A Down=0;A Left=0;A Right=0;A Up=1;B=0;C Down=0;C Left=0;C Right=0;C Up=0;DPad D=0;DPad L=0;DPad R=0;DPad U=0;L=0;R=0;Start=0;X Axis=0;Y Axis=0;Z=0"
3970,1481,0,111,"","A=0;A Down=0;A Left=0;A Right=0;A Up=1;B=0;C Down=0;C Left=0;C Right=0;C Up=0;DPad D=0;DPad L=0;DPad R=0;DPad U=0;L=0;R=0;Start=0;X Axis=0;Y Axis=0;Z=0"
3971,1482,0,111,"","A=0;A Down=0;A Left=0;A Right=0;A Up=1;B=0;C Down=0;C Left=0;C Right=0;C Up=0;DPad D=0;DPad L=0;DPad R=0;DPad U=0;L=0;R=0;Start=0;X Axis=0;Y Axis=0;Z=0"
3972,1483,0,111,"","A=0;A Down=0;A Left=0;A Right=1;A Up=1;B=0;C Down=0;C Left=0;C Right=0;C Up=0;DPad D=0;DPad L=0;DPad R=0;DPad U=0;L=0;R=0;Start=0;X Axis=0;Y Axis=0;Z=0"
3973,1484,0,111,"","A=0;A Down=0;A Left=0;A Right=1;A Up=1;B=0;C Down=0;C Left=0;C Right=0;C Up=0;DPad D=0;DPad L=0;DPad R=0;DPad U=0;L=0;R=0;Start=0;X Axis=0;Y Axis=0;Z=0"
3974,1485,0,111,"","A=0;A Down=0;A Left=0;A Right=1;A Up=1;B=0;C Down=0;C Left=0;C Right=0;C Up=0;DPad D=0;DPad L=0;DPad R=0;DPad U=0;L=0;R=0;Start=0;X Axis=0;Y Axis=0;Z=0"
3975,1486,0,111,"","A=0;A Down=0;A Left=0;A Right=1;A Up=1;B=0;C Down=0;C Left=0;C Right=0;C Up=0;DPad D=0;DPad L=0;DPad R=0;DPad U=0;L=0;R=0;Start=0;X Axis=0;Y Axis=0;Z=0"
3976,1487,0,111,"","A=0;A Down=0;A Left=0;A Right=1;A Up=1;B=0;C Down=0;C Left=0;C Right=0;C Up=0;DPad D=0;DPad L=0;DPad R=0;DPad U=0;L=0;R=0;Start=0;X Axis=0;Y Axis=0;Z=0"
3977,1488,0,111,"","A=0;A Down=0;A Left=0;A Right=1;A Up=1;B=0;C Down=0;C Left=0;C Right=0;C Up=0;DPad D=0;DPad L=0;DPad R=0;DPad U=0;L=0;R=0;Start=0;X Axis=0;Y Axis=0;Z=0"
3978,1489,0,111,"","A=0;A Down=0;A Left=0;A Right=1;A Up=1;B=0;C Down=0;C Left=0;C Right=0;C Up=0;DPad D=0;DPad L=0;DPad R=0;DPad U=0;L=0;R=0;Start=0;X Axis=0;Y Axis=0;Z=0"
3979,1490,0,111,"","A=0;A Down=0;A Left=0;A Right=0;A Up=0;B=0;C Down=0;C Left=0;C Right=0;C Up=0;DPad D=0;DPad L=0;DPad R=0;DPad U=0;L=0;R=0;Start=0;X Axis=0;Y Axis=0;Z=0"
3980,1491,0,111,"","A=0;A Down=0;A Left=0;A Right=0;A Up=0;B=0;C Down=0;C Left=0;C Right=0;C Up=0;DPad D=0;DPad L=0;DPad R=0;DPad U=0;L=0;R=0;Start=0;X Axis=0;Y Axis=0;Z=0"
3981,1492,0,111,"","A=0;A Down=0;A Left=0;A Right=0;A Up=0;B=0;C Down=0;C Left=0;C Right=0;C Up=0;DPad D=0;DPad L=0;DPad R=0;DPad U=0;L=0;R=0;Start=0;X Axis=0;Y Axis=0;Z=0"
3982,1493,0,111,"","A=0;A Down=0;A Left=0;A Right=0;A Up=0;B=0;C Down=0;C Left=0;C Right=0;C Up=0;DPad D=0;DPad L=0;DPad R=0;DPad U=0;L=0;R=0;Start=0;X Axis=0;Y Axis=0;Z=0"
3983,1494,0,111,"","A=0;A Down=0;A Left=0;A Right=0;A Up=0;B=0;C Down=0;C Left=0;C Right=0;C Up=0;DPad D=0;DPad L=0;DPad R=0;DPad U=0;L=0;R=0;Start=0;X Axis=0;Y Axis=0;Z=0"
3984,1495,0,111,"","A=0;A Down=0;A Left=0;A Right=0;A Up=0;B=0;C Down=0;C Left=0;C Right=0;C Up=0;DPad D=0;DPad L=0;DPad R=0;DPad U=0;L=0;R=0;Start=0;X Axis=0;Y Axis=0;Z=0"
3985,1496,0,111,"","A=0;A Down=0;A Left=0;A Right=0;A Up=0;B=0;C Down=0;C Left=0;C Right=0;C Up=0;DPad D=0;DPad L=0;DPad R=0;DPad U=0;L=0;R=0;Start=0;X Axis=0;Y Axis=0;Z=0"
3986,1497,0,111,"","A=0;A Down=0;A Left=0;A Right=0;A Up=0;B=0;C Down=0;C Left=0;C Right=0;C Up=0;DPad D=0;DPad L=0;DPad R=0;DPad U=0;L=0;R=0;Start=0;X Axis=0;Y Axis=0;Z=0"
3987,1498,0,111,"","A=0;A Down=0;A Left=0;A Right=0;A Up=0;B=0;C Down=0;C Left=0;C Right=0;C Up=0;DPad D=0;DPad L=0;DPad R=0;DPad U=0;L=0;R=0;Start=0;X Axis=0;Y Axis=0;Z=0"
3988,1499,0,111,"","A=0;A Down=0;A Left=0;A Right=0;A Up=0;B=0;C Down=0;C Left=0;C Right=0;C Up=0;DPad D=0;DPad L=0;DPad R=0;DPad U=0;L=0;R=0;Start=0;X Axis=0;Y Axis=0;Z=0"
3989,1500,0,111,"","A=0;A Down=0;A Left=0;A Right=0;A Up=0;B=0;C Down=0;C Left=0;C Right=0;C Up=0;DPad D=0;DPad L=0;DPad R=0;DPad U=0;L=0;R=0;Start=0;X Axis=0;Y Axis=0;Z=0"
3990,1501,0,111,"","A=0;A Down=0;A Left=0;A Right=0;A Up=0;B=0;C Down=0;C Left=0;C Right=0;C Up=0;DPad D=0;DPad L=0;DPad R=0;DPad U=0;L=0;R=0;Start=0;X Axis=0;Y Axis=0;Z=0"
3991,1502,0,111,"","A=0;A Down=0;A Left=0;A Right=0;A Up=0;B=0;C Down=0;C Left=0;C Right=0;C Up=0;DPad D=0;DPad L=0;DPad R=0;DPad U=0;L=0;R=0;Start=0;X Axis=0;Y Axis=0;Z=0"
3992,1503,0,111,"","A=0;A Down=0;A Left=0;A Right=0;A Up=0;B=0;C Down=0;C Left=0;C Right=0;C Up=0;DPad D=0;DPad L=0;DPad R=0;DPad U=0;L=0;R=0;Start=0;X Axis=0;Y Axis=0;Z=0"
3993,1504,0,111,"","A=0;A Down=0;A Left=0;A Right=0;A Up=0;B=0;C Down=0;C Left=0;C Right=0;C Up=0;DPad D=0;DPad L=0;DPad R=0;DPad U=0;L=0;R=0;Start=0;X Axis=0;Y Axis=0;Z=0"
3994,1505,0,111,"","A=0;A Down=0;A Left=0;A Right=0;A Up=0;B=0;C Down=0;C Left=0;C Right=0;C Up=0;DPad D=0;DPad L=0;DPad R=0;DPad U=0;L=0;R=0;Start=0;X Axis=0;Y Axis=0;Z=0"
3995,1506,0,111,"","A=0;A Down=0;A Left=0;A Right=0;A Up=0;B=0;C Down=0;C Left=0;C Right=0;C Up=0;DPad D=0;DPad L=0;DPad R=0;DPad U=0;L=0;R=0;Start=0;X Axis=0;Y Axis=0;Z=0"
3996,1507,0,111,"","A=0;A Down=0;A Left=0;A Right=0;A Up=0;B=0;C Down=0;C Left=0;C Right=0;C Up=0;DPad D=0;DPad L=0;DPad R=0;DPad U=0;L=0;R=0;Start=0;X Axis=0;Y Axis=0;Z=0"
3997,1508,0,111,"","A=0;A Down=0;A Left=0;A Right=0;A Up=0;B=0;C Down=0;C Left=0;C Right=0;C Up=0;DPad D=0;DPad L=0;DPad R=0;DPad U=0;L=0;R=0;Start=0;X Axis=0;Y Axis=0;Z=0"
3998,1509,0,111,"","A=0;A Down=0;A Left=0;A Right=0;A Up=0;B=0;C Down=0;C Left=0;C Right=0;C Up=0;DPad D=0;DPad L=0;DPad R=0;DPad U=0;L=0;R=0;Start=0;X Axis=0;Y Axis=0;Z=0"
3999,1510,0,111,"","A=0;A Down=0;A Left=0;A Right=0;A Up=0;B=0;C Down=0;C Left=0;C Right=0;C Up=0;DPad D=0;DPad L=0;DPad R=0;DPad U=0;L=0;R=0;Start=0;X Axis=0;Y Axis=0;Z=0"
4000,1511,0,111,"","A=0;A Down=0;A Left=0;A Right=0;A Up=0;B=0;C Down=0;C Left=0;C Right=0;C Up=0;DPad D=0;DPad L=0;DPad R=0;DPad U=0;L=0;R=0;Start=0;X Axis=0;Y Axis=0;Z=0"
4001,1512,0,111,"","A=0;A Down=0;A Left=0;A Right=0;A Up=0;B=0;C Down=0;C Left=0;C Right=0;C Up=0;DPad D=0;DPad L=0;DPad R=0;DPad U=0;L=0;R=0;Start=0;X Axis=0;Y Axis=0;Z=0"
4002,1513,0,111,"","A=0;A Down=0;A Left=0;A Right=0;A Up=0;B=0;C Down=0;C Left=0;C Right=0;C Up=0;DPad D=0;DPad L=0;DPad R=0;DPad U=0;L=0;R=0;Start=0;X Axis=0;Y Axis=0;Z=0"
4003,1514,0,111,"","A=0;A Down=0;A Left=0;A Right=0;A Up=0;B=0;C Down=0;C Left=0;C Right=0;C Up=0;DPad D=0;DPad L=0;DPad R=0;DPad U=0;L=0;R=0;Start=0;X Axis=0;Y Axis=0;Z=0"
4004,1515,0,111,"","A=0;A Down=0;A Left=0;A Right=0;A Up=0;B=0;C Down=0;C Left=0;C Right=0;C Up=0;DPad D=0;DPad L=0;DPad R=0;DPad U=0;L=0;R=0;Start=0;X Axis=0;Y Axis=0;Z=0"
4005,1516,0,111,"","A=0;A Down=0;A Left=0;A Right=0;A Up=0;B=0;C Down=0;C Left=0;C Right=0;C Up=0;DPad D=0;DPad L=0;DPad R=0;DPad U=0;L=0;R=0;Start=0;X Axis=0;Y Axis=0;Z=0"
4006,1517,0,111,"","A=0;A Down=0;A Left=0;A Right=0;A Up=0;B=0;C Down=0;C Left=0;C Right=0;C Up=0;DPad D=0;DPad L=0;DPad R=0;DPad U=0;L=0;R=0;Start=0;X Axis=0;Y Axis=0;Z=0"
4007,1518,0,111,"","A=0;A Down=0;A Left=0;A Right=0;A Up=0;B=0;C Down=0;C Left=0;C Right=0;C Up=0;DPad D=0;DPad L=0;DPad R=0;DPad U=0;L=0;R=0;Start=0;X Axis=0;Y Axis=0;Z=0"
4008,1519,0,111,"","A=0;A Down=0;A Left=0;A Right=0;A Up=0;B=0;C Down=0;C Left=0;C Right=0;C Up=0;DPad D=0;DPad L=0;DPad R=0;DPad U=0;L=0;R=0;Start=0;X Axis=0;Y Axis=0;Z=0"
4009,1520,0,111,"","A=0;A Down=0;A Left=0;A Right=0;A Up=0;B=0;C Down=0;C Left=0;C Right=0;C Up=0;DPad D=0;DPad L=0;DPad R=0;DPad U=0;L=0;R=0;Start=0;X Axis=0;Y Axis=0;Z=0"
4010,1521,0,111,"","A=0;A Down=0;A Left=0;A Right=0;A Up=0;B=0;C Down=0;C Left=0;C Right=0;C Up=0;DPad D=0;DPad L=0;DPad R=0;DPad U=0;L=0;R=0;Start=0;X Axis=0;Y Axis=0;Z=0"
4011,1522,0,111,"","A=0;A Down=0;A Left=0;A Right=0;A Up=0;B=0;C Down=0;C Left=0;C Right=0;C Up=0;DPad D=0;DPad L=0;DPad R=0;DPad U=0;L=0;R=0;Start=0;X Axis=0;Y Axis=0;Z=0"
4012,1523,0,111,"","A=0;A Down=0;A Left=0;A Right=0;A Up=0;B=0;C Down=0;C Left=0;C Right=0;C Up=0;DPad D=0;DPad L=0;DPad R=0;DPad U=0;L=0;R=0;Start=0;X Axis=0;Y Axis=0;Z=0"
4013,1524,0,111,"","A=0;A Down=0;A Left=0;A Right=0;A Up=0;B=0;C Down=0;C Left=0;C Right=0;C Up=0;DPad D=0;DPad L=0;DPad R=0;DPad U=0;L=0;R=0;Start=0;X Axis=0;Y Axis=0;Z=0"
4014,1525,0,111,"","A=0;A Down=0;A Left=0;A Right=0;A Up=0;B=0;C Down=0;C Left=0;C Right=0;C Up=0;DPad D=0;DPad L=0;DPad R=0;DPad U=0;L=0;R=0;Start=0;X Axis=0;Y Axis=0;Z=1"
4015,1526,0,111,"","A=0;A Down=0;A Left=0;A Right=0;A Up=0;B=0;C Down=0;C Left=0;C Right=0;C Up=0;DPad D=0;DPad L=0;DPad R=0;DPad U=0;L=0;R=0;Start=0;X Axis=0;Y Axis=0;Z=1"
4016,1527,0,111,"","A=0;A Down=0;A Left=0;A Right=0;A Up=0;B=0;C Down=0;C Left=0;C Right=0;C Up=0;DPad D=0;DPad L=0;DPad R=0;DPad U=0;L=0;R=0;Start=0;X Axis=0;Y Axis=0;Z=1"
4017,1528,0,111,"","A=0;A Down=0;A Left=0;A Right=0;A Up=0;B=0;C Down=0;C Left=0;C Right=0;C Up=0;DPad D=0;DPad L=0;DPad R=0;DPad U=0;L=0;R=0;Start=0;X Axis=0;Y Axis=0;Z=1"
4018,1529,0,111,"","A=0;A Down=0;A Left=0;A Right=0;A Up=0;B=0;C Down=0;C Left=0;C Right=0;C Up=0;DPad D=0;DPad L=0;DPad R=0;DPad U=0;L=0;R=0;Start=0;X Axis=0;Y Axis=0;Z=1"
4019,1530,0,111,"","A=0;A Down=0;A Left=0;A Right=0;A Up=0;B=0;C Down=0;C Left=0;C Right=0;C Up=0;DPad D=0;DPad L=0;DPad R=0;DPad U=0;L=0;R=0;Start=0;X Axis=0;Y Axis=0;Z=1"
4020,1531,0,111,"","A=0;A Down=0;A Left=0;A Right=0;A Up=0;B=0;C Down=0;C Left=0;C Right=0;C Up=0;DPad D=0;DPad L=0;DPad R=0;DPad U=0;L=0;R=0;Start=0;X Axis=0;Y Axis=0;Z=1"
4021,1532,0,111,"","A=0;A Down=0;A Left=0;A Right=0;A Up=0;B=0;C Down=0;C Left=0;C Right=0;C Up=0;DPad D=0;DPad L=0;DPad R=0;DPad U=0;L=0;R=0;Start=0;X Axis=0;Y Axis=0;Z=1"
4022,1533,0,111,"","A=0;A Down=0;A Left=0;A Right=0;A Up=0;B=0;C Down=0;C Left=0;C Right=0;C Up=0;DPad D=0;DPad L=0;DPad R=0;DPad U=0;L=0;R=0;Start=0;X Axis=0;Y Axis=0;Z=1"
4023,1534,0,111,"","A=0;A Down=0;A Left=0;A Right=0;A Up=0;B=0;C Down=0;C Left=0;C Right=0;C Up=0;DPad D=0;DPad L=0;DPad R=0;DPad U=0;L=0;R=0;Start=0;X Axis=0;Y Axis=0;Z=0"
4024,1535,0,111,"","A=0;A Down=0;A Left=0;A Right=0;A Up=0;B=0;C Down=0;C Left=0;C Right=0;C Up=0;DPad D=0;DPad L=0;DPad R=0;DPad U=0;L=0;R=0;Start=0;X Axis=0;Y Axis=0;Z=0"
4025,1536,0,111,"","A=0;A Down=0;A Left=0;A Right=0;A Up=0;B=0;C Down=0;C Left=0;C Right=0;C Up=0;DPad D=0;DPad L=0;DPad R=0;DPad U=0;L=0;R=0;Start=0;X Axis=0;Y Axis=0;Z=0"
4026,1537,0,111,"","A=0;A Down=0;A Left=0;A Right=0;A Up=0;B=0;C Down=0;C Left=0;C Right=0;C Up=0;DPad D=0;DPad L=0;DPad R=0;DPad U=0;L=0;R=0;Start=0;X Axis=0;Y Axis=0;Z=0"
4027,1538,0,111,"","A=0;A Down=0;A Left=0;A Right=0;A Up=0;B=0;C Down=0;C Left=0;C Right=0;C Up=0;DPad D=0;DPad L=0;DPad R=0;DPad U=0;L=0;R=0;Start=0;X Axis=0;Y Axis=0;Z=0"
4028,1539,0,111,"","A=0;A Down=0;A Left=0;A Right=0;A Up=0;B=0;C Down=0;C Left=0;C Right=0;C Up=0;DPad D=0;DPad L=0;DPad R=0;DPad U=0;L=0;R=0;Start=0;X Axis=0;Y Axis=0;Z=0"
4029,1540,0,111,"","A=0;A Down=0;A Left=0;A Right=0;A Up=0;B=0;C Down=0;C Left=0;C Right=0;C Up=0;DPad D=0;DPad L=0;DPad R=0;DPad U=0;L=0;R=0;Start=0;X Axis=0;Y Axis=0;Z=0"
4030,1541,0,111,"","A=0;A Down=0;A Left=0;A Right=0;A Up=0;B=0;C Down=0;C Left=0;C Right=0;C Up=0;DPad D=0;DPad L=0;DPad R=0;DPad U=0;L=0;R=0;Start=0;X Axis=0;Y Axis=0;Z=0"
4031,1542,0,111,"","A=0;A Down=0;A Left=0;A Right=0;A Up=0;B=0;C Down=0;C Left=0;C Right=0;C Up=0;DPad D=0;DPad L=0;DPad R=0;DPad U=0;L=0;R=0;Start=0;X Axis=0;Y Axis=0;Z=0"
4032,1543,0,111,"","A=0;A Down=0;A Left=0;A Right=0;A Up=0;B=0;C Down=0;C Left=0;C Right=0;C Up=0;DPad D=0;DPad L=0;DPad R=0;DPad U=0;L=0;R=0;Start=0;X Axis=0;Y Axis=0;Z=0"
4033,1544,0,111,"","A=0;A Down=0;A Left=0;A Right=0;A Up=0;B=0;C Down=0;C Left=0;C Right=0;C Up=0;DPad D=0;DPad L=0;DPad R=0;DPad U=0;L=0;R=0;Start=0;X Axis=0;Y Axis=0;Z=0"
4034,1545,0,111,"","A=0;A Down=0;A Left=0;A Right=0;A Up=0;B=0;C Down=0;C Left=0;C Right=0;C Up=0;DPad D=0;DPad L=0;DPad R=0;DPad U=0;L=0;R=0;Start=0;X Axis=0;Y Axis=0;Z=0"
4035,1546,0,111,"","A=0;A Down=0;A Left=0;A Right=0;A Up=0;B=0;C Down=0;C Left=0;C Right=0;C Up=0;DPad D=0;DPad L=0;DPad R=0;DPad U=0;L=0;R=0;Start=0;X Axis=0;Y Axis=0;Z=0"
4036,1547,0,111,"","A=0;A Down=0;A Left=0;A Right=0;A Up=0;B=0;C Down=0;C Left=0;C Right=0;C Up=0;DPad D=0;DPad L=0;DPad R=0;DPad U=0;L=0;R=0;Start=0;X Axis=0;Y Axis=0;Z=0"
4037,1548,0,111,"","A=0;A Down=0;A Left=0;A Right=0;A Up=0;B=0;C Down=0;C Left=0;C Right=0;C Up=0;DPad D=0;DPad L=0;DPad R=0;DPad U=0;L=0;R=0;Start=0;X Axis=0;Y Axis=0;Z=0"
4038,1549,0,111,"","A=0;A Down=0;A Left=0;A Right=0;A Up=0;B=0;C Down=0;C Left=0;C Right=0;C Up=0;DPad D=0;DPad L=0;DPad R=0;DPad U=0;L=0;R=0;Start=0;X Axis=0;Y Axis=0;Z=0"
4039,1550,0,111,"","A=0;A Down=0;A Left=0;A Right=0;A Up=0;B=0;C Down=0;C Left=0;C Right=0;C Up=0;DPad D=0;DPad L=0;DPad R=0;DPad U=0;L=0;R=0;Start=0;X Axis=0;Y Axis=0;Z=0"
4040,1551,0,111,"","A=0;A Down=0;A Left=0;A Right=0;A Up=0;B=0;C Down=0;C Left=0;C Right=0;C Up=0;DPad D=0;DPad L=0;DPad R=0;DPad U=0;L=0;R=0;Start=0;X Axis=0;Y Axis=0;Z=0"
4041,1552,0,111,"","A=0;A Down=0;A Left=0;A Right=0;A Up=0;B=0;C Down=0;C Left=0;C Right=0;C Up=0;DPad D=0;DPad L=0;DPad R=0;DPad U=0;L=0;R=0;Start=0;X Axis=0;Y Axis=0;Z=0"
4042,1553,0,111,"","A=0;A Down=0;A Left=0;A Right=0;A Up=0;B=0;C Down=0;C Left=0;C Right=0;C Up=0;DPad D=0;DPad L=0;DPad R=0;DPad U=0;L=0;R=0;Start=0;X Axis=0;Y Axis=0;Z=0"
4043,1554,0,111,"","A=0;A Down=0;A Left=0;A Right=0;A Up=0;B=0;C Down=0;C Left=0;C Right=0;C Up=0;DPad D=0;DPad L=0;DPad R=0;DPad U=0;L=0;R=0;Start=0;X Axis=0;Y Axis=0;Z=0"
4044,1555,0,111,"","A=0;A Down=0;A Left=0;A Right=0;A Up=0;B=0;C Down=0;C Left=0;C Right=0;C Up=0;DPad D=0;DPad L=0;DPad R=0;DPad U=0;L=0;R=0;Start=0;X Axis=0;Y Axis=0;Z=0"
4045,1556,0,111,"","A=0;A Down=0;A Left=0;A Right=0;A Up=0;B=0;C Down=0;C Left=0;C Right=0;C Up=0;DPad D=0;DPad L=0;DPad R=0;DPad U=0;L=0;R=0;Start=0;X Axis=0;Y Axis=0;Z=0"
4046,1557,0,111,"","A=0;A Down=0;A Left=0;A Right=0;A Up=0;B=0;C Down=0;C Left=0;C Right=0;C Up=0;DPad D=0;DPad L=0;DPad R=0;DPad U=0;L=0;R=0;Start=0;X Axis=0;Y Axis=0;Z=0"
4047,1558,0,111,"","A=0;A Down=0;A Left=0;A Right=0;A Up=0;B=0;C Down=0;C Left=0;C Right=0;C Up=0;DPad D=0;DPad L=0;DPad R=0;DPad U=0;L=0;R=0;Start=0;X Axis=0;Y Axis=0;Z=0"
4048,1559,0,111,"","A=0;A Down=0;A Left=0;A Right=0;A Up=0;B=0;C Down=0;C Left=0;C Right=0;C Up=0;DPad D=0;DPad L=0;DPad R=0;DPad U=0;L=0;R=0;Start=0;X Axis=0;Y Axis=0;Z=0"
4049,1560,0,111,"","A=0;A Down=0;A Left=0;A Right=0;A Up=0;B=0;C Down=0;C Left=0;C Right=0;C Up=0;DPad D=0;DPad L=0;DPad R=0;DPad U=0;L=0;R=0;Start=0;X Axis=0;Y Axis=0;Z=0"
4050,1561,0,111,"","A=0;A Down=0;A Left=0;A Right=0;A Up=0;B=0;C Down=0;C Left=0;C Right=0;C Up=0;DPad D=0;DPad L=0;DPad R=0;DPad U=0;L=0;R=0;Start=0;X Axis=0;Y Axis=0;Z=0"
4051,1562,0,111,"","A=0;A Down=0;A Left=0;A Right=0;A Up=0;B=0;C Down=0;C Left=0;C Right=0;C Up=0;DPad D=0;DPad L=0;DPad R=0;DPad U=0;L=0;R=0;Start=0;X Axis=0;Y Axis=0;Z=0"
4052,1563,0,111,"","A=0;A Down=0;A Left=0;A Right=0;A Up=0;B=0;C Down=0;C Left=0;C Right=0;C Up=0;DPad D=0;DPad L=0;DPad R=0;DPad U=0;L=0;R=0;Start=0;X Axis=0;Y Axis=0;Z=0"
4053,1564,0,111,"","A=0;A Down=0;A Left=0;A Right=0;A Up=0;B=0;C Down=0;C Left=0;C Right=0;C Up=0;DPad D=0;DPad L=0;DPad R=0;DPad U=0;L=0;R=0;Start=0;X Axis=0;Y Axis=0;Z=0"
4054,1565,0,111,"","A=0;A Down=0;A Left=0;A Right=0;A Up=0;B=0;C Down=0;C Left=0;C Right=0;C Up=0;DPad D=0;DPad L=0;DPad R=0;DPad U=0;L=0;R=0;Start=0;X Axis=0;Y Axis=0;Z=0"
4055,1566,0,111,"","A=0;A Down=0;A Left=0;A Right=0;A Up=0;B=0;C Down=0;C Left=0;C Right=0;C Up=0;DPad D=0;DPad L=0;DPad R=0;DPad U=0;L=0;R=0;Start=0;X Axis=0;Y Axis=0;Z=0"
4056,1567,0,111,"","A=0;A Down=0;A Left=0;A Right=0;A Up=0;B=0;C Down=0;C Left=0;C Right=0;C Up=0;DPad D=0;DPad L=0;DPad R=0;DPad U=0;L=0;R=0;Start=0;X Axis=0;Y Axis=0;Z=0"
4057,1568,0,111,"","A=0;A Down=0;A Left=0;A Right=0;A Up=0;B=0;C Down=0;C Left=0;C Right=0;C Up=0;DPad D=0;DPad L=0;DPad R=0;DPad U=0;L=0;R=0;Start=0;X Axis=0;Y Axis=0;Z=0"
4058,1569,0,111,"","A=0;A Down=0;A Left=0;A Right=0;A Up=0;B=0;C Down=0;C Left=0;C Right=0;C Up=0;DPad D=0;DPad L=0;DPad R=0;DPad U=0;L=0;R=0;Start=0;X Axis=0;Y Axis=0;Z=0"
4059,1570,0,111,"","A=0;A Down=0;A Left=0;A Right=0;A Up=0;B=0;C Down=0;C Left=0;C Right=0;C Up=0;DPad D=0;DPad L=0;DPad R=0;DPad U=0;L=0;R=0;Start=0;X Axis=0;Y Axis=0;Z=0"
4060,1571,0,111,"","A=0;A Down=0;A Left=0;A Right=0;A Up=0;B=0;C Down=0;C Left=0;C Right=0;C Up=0;DPad D=0;DPad L=0;DPad R=0;DPad U=0;L=0;R=0;Start=0;X Axis=0;Y Axis=0;Z=0"
4061,1572,0,111,"","A=0;A Down=0;A Left=0;A Right=0;A Up=0;B=0;C Down=0;C Left=0;C Right=0;C Up=0;DPad D=0;DPad L=0;DPad R=0;DPad U=0;L=0;R=0;Start=0;X Axis=0;Y Axis=0;Z=0"
4062,1573,0,111,"","A=0;A Down=0;A Left=0;A Right=0;A Up=0;B=0;C Down=0;C Left=0;C Right=0;C Up=0;DPad D=0;DPad L=0;DPad R=0;DPad U=0;L=0;R=0;Start=0;X Axis=0;Y Axis=0;Z=0"
4063,1574,0,111,"","A=0;A Down=0;A Left=0;A Right=0;A Up=0;B=0;C Down=0;C Left=0;C Right=0;C Up=0;DPad D=0;DPad L=0;DPad R=0;DPad U=0;L=0;R=0;Start=0;X Axis=0;Y Axis=0;Z=0"
4064,1575,0,111,"","A=0;A Down=0;A Left=0;A Right=0;A Up=0;B=0;C Down=0;C Left=0;C Right=0;C Up=0;DPad D=0;DPad L=0;DPad R=0;DPad U=0;L=0;R=0;Start=0;X Axis=0;Y Axis=0;Z=0"
4065,1576,0,111,"","A=0;A Down=0;A Left=0;A Right=0;A Up=0;B=0;C Down=0;C Left=0;C Right=0;C Up=0;DPad D=0;DPad L=0;DPad R=0;DPad U=0;L=0;R=0;Start=0;X Axis=0;Y Axis=0;Z=0"
4066,1577,0,111,"","A=0;A Down=0;A Left=0;A Right=0;A Up=0;B=0;C Down=0;C Left=0;C Right=0;C Up=0;DPad D=0;DPad L=0;DPad R=0;DPad U=0;L=0;R=0;Start=0;X Axis=0;Y Axis=0;Z=0"
4067,1578,0,111,"","A=0;A Down=0;A Left=0;A Right=0;A Up=0;B=0;C Down=0;C Left=0;C Right=0;C Up=0;DPad D=0;DPad L=0;DPad R=0;DPad U=0;L=0;R=0;Start=0;X Axis=0;Y Axis=0;Z=0"
4068,1579,0,111,"","A=0;A Down=0;A Left=0;A Right=0;A Up=0;B=0;C Down=0;C Left=0;C Right=0;C Up=0;DPad D=0;DPad L=0;DPad R=0;DPad U=0;L=0;R=0;Start=0;X Axis=0;Y Axis=0;Z=0"
4069,1580,0,111,"","A=0;A Down=0;A Left=0;A Right=0;A Up=0;B=0;C Down=0;C Left=0;C Right=0;C Up=0;DPad D=0;DPad L=0;DPad R=0;DPad U=0;L=0;R=0;Start=0;X Axis=0;Y Axis=0;Z=0"
4070,1581,0,111,"","A=0;A Down=0;A Left=0;A Right=0;A Up=0;B=0;C Down=0;C Left=0;C Right=0;C Up=0;DPad D=0;DPad L=0;DPad R=0;DPad U=0;L=0;R=0;Start=0;X Axis=0;Y Axis=0;Z=0"
4071,1582,0,111,"","A=0;A Down=0;A Left=0;A Right=0;A Up=0;B=0;C Down=0;C Left=0;C Right=0;C Up=0;DPad D=0;DPad L=0;DPad R=0;DPad U=0;L=0;R=0;Start=0;X Axis=0;Y Axis=0;Z=0"
4072,1583,0,111,"","A=0;A Down=0;A Left=0;A Right=0;A Up=0;B=0;C Down=0;C Left=0;C Right=0;C Up=0;DPad D=0;DPad L=0;DPad R=0;DPad U=0;L=0;R=0;Start=0;X Axis=0;Y Axis=0;Z=0"
4073,1584,0,111,"","A=0;A Down=0;A Left=0;A Right=0;A Up=0;B=0;C Down=0;C Left=0;C Right=0;C Up=0;DPad D=0;DPad L=0;DPad R=0;DPad U=0;L=0;R=0;Start=0;X Axis=0;Y Axis=0;Z=0"
4074,1585,0,111,"","A=0;A Down=0;A Left=0;A Right=0;A Up=0;B=0;C Down=0;C Left=0;C Right=0;C Up=0;DPad D=0;DPad L=0;DPad R=0;DPad U=0;L=0;R=0;Start=0;X Axis=0;Y Axis=0;Z=0"
4075,1586,0,111,"","A=0;A Down=0;A Left=0;A Right=0;A Up=0;B=0;C Down=0;C Left=0;C Right=0;C Up=0;DPad D=0;DPad L=0;DPad R=0;DPad U=0;L=0;R=0;Start=0;X Axis=0;Y Axis=0;Z=0"
4076,1587,0,111,"","A=0;A Down=0;A Left=0;A Right=0;A Up=0;B=0;C Down=0;C Left=0;C Right=0;C Up=0;DPad D=0;DPad L=0;DPad R=0;DPad U=0;L=0;R=0;Start=0;X Axis=0;Y Axis=0;Z=0"
4077,1588,0,111,"","A=0;A Down=0;A Left=0;A Right=0;A Up=0;B=0;C Down=0;C Left=0;C Right=0;C Up=0;DPad D=0;DPad L=0;DPad R=0;DPad U=0;L=0;R=0;Start=0;X Axis=0;Y Axis=0;Z=0"
4078,1589,0,111,"","A=0;A Down=0;A Left=0;A Right=0;A Up=0;B=0;C Down=0;C Left=0;C Right=0;C Up=0;DPad D=0;DPad L=0;DPad R=0;DPad U=0;L=0;R=0;Start=0;X Axis=0;Y Axis=0;Z=0"
4079,1590,0,111,"","A=0;A Down=0;A Left=0;A Right=0;A Up=0;B=0;C Down=0;C Left=0;C Right=0;C Up=0;DPad D=0;DPad L=0;DPad R=0;DPad U=0;L=0;R=0;Start=0;X Axis=0;Y Axis=0;Z=0"
4080,1591,0,111,"","A=0;A Down=0;A Left=0;A Right=0;A Up=0;B=0;C Down=0;C Left=0;C Right=0;C Up=0;DPad D=0;DPad L=0;DPad R=0;DPad U=0;L=0;R=0;Start=0;X Axis=0;Y Axis=0;Z=0"
4081,1592,0,111,"","A=0;A Down=0;A Left=0;A Right=0;A Up=0;B=0;C Down=0;C Left=0;C Right=0;C Up=0;DPad D=0;DPad L=0;DPad R=0;DPad U=0;L=0;R=0;Start=0;X Axis=0;Y Axis=0;Z=0"
4082,1593,0,111,"","A=0;A Down=0;A Left=0;A Right=0;A Up=0;B=0;C Down=0;C Left=0;C Right=0;C Up=0;DPad D=0;DPad L=0;DPad R=0;DPad U=0;L=0;R=0;Start=0;X Axis=0;Y Axis=0;Z=0"
4083,1594,0,111,"","A=0;A Down=0;A Left=0;A Right=0;A Up=0;B=0;C Down=0;C Left=0;C Right=0;C Up=0;DPad D=0;DPad L=0;DPad R=0;DPad U=0;L=0;R=0;Start=0;X Axis=0;Y Axis=0;Z=0"
4084,1595,0,111,"","A=0;A Down=0;A Left=0;A Right=0;A Up=0;B=0;C Down=0;C Left=0;C Right=0;C Up=0;DPad D=0;DPad L=0;DPad R=0;DPad U=0;L=0;R=0;Start=0;X Axis=0;Y Axis=0;Z=0"
4085,1596,0,111,"","A=0;A Down=0;A Left=0;A Right=0;A Up=0;B=0;C Down=0;C Left=0;C Right=0;C Up=0;DPad D=0;DPad L=0;DPad R=0;DPad U=0;L=0;R=0;Start=0;X Axis=0;Y Axis=0;Z=0"
4086,1597,0,111,"","A=0;A Down=0;A Left=0;A Right=0;A Up=0;B=0;C Down=0;C Left=0;C Right=0;C Up=0;DPad D=0;DPad L=0;DPad R=0;DPad U=0;L=0;R=0;Start=0;X Axis=0;Y Axis=0;Z=0"
4087,1598,0,111,"","A=0;A Down=0;A Left=0;A Right=0;A Up=0;B=0;C Down=0;C Left=0;C Right=0;C Up=0;DPad D=0;DPad L=0;DPad R=0;DPad U=0;L=0;R=0;Start=0;X Axis=0;Y Axis=0;Z=0"
4088,1599,0,111,"","A=0;A Down=0;A Left=0;A Right=0;A Up=0;B=0;C Down=0;C Left=0;C Right=0;C Up=0;DPad D=0;DPad L=0;DPad R=0;DPad U=0;L=0;R=0;Start=0;X Axis=0;Y Axis=0;Z=0"
4089,1600,0,111,"","A=0;A Down=0;A Left=0;A Right=0;A Up=0;B=0;C Down=0;C Left=0;C Right=0;C Up=0;DPad D=0;DPad L=0;DPad R=0;DPad U=0;L=0;R=0;Start=0;X Axis=0;Y Axis=0;Z=0"
4090,1601,0,111,"","A=0;A Down=0;A Left=0;A Right=0;A Up=0;B=0;C Down=0;C Left=0;C Right=0;C Up=0;DPad D=0;DPad L=0;DPad R=0;DPad U=0;L=0;R=0;Start=0;X Axis=0;Y Axis=0;Z=0"
4091,1602,0,111,"","A=0;A Down=0;A Left=0;A Right=0;A Up=0;B=0;C Down=0;C Left=0;C Right=0;C Up=0;DPad D=0;DPad L=0;DPad R=0;DPad U=0;L=0;R=0;Start=0;X Axis=0;Y Axis=0;Z=0"
4092,1603,0,111,"","A=0;A Down=0;A Left=0;A Right=0;A Up=0;B=0;C Down=0;C Left=0;C Right=0;C Up=0;DPad D=0;DPad L=0;DPad R=0;DPad U=0;L=0;R=0;Start=0;X Axis=0;Y Axis=0;Z=0"
4093,1604,0,111,"","A=0;A Down=0;A Left=0;A Right=0;A Up=0;B=0;C Down=0;C Left=0;C Right=0;C Up=0;DPad D=0;DPad L=0;DPad R=0;DPad U=0;L=0;R=0;Start=0;X Axis=0;Y Axis=0;Z=0"
4094,1605,0,111,"","A=0;A Down=0;A Left=0;A Right=0;A Up=0;B=0;C Down=0;C Left=0;C Right=0;C Up=0;DPad D=0;DPad L=0;DPad R=0;DPad U=0;L=0;R=0;Start=0;X Axis=0;Y Axis=0;Z=0"
4095,1606,0,111,"","A=0;A Down=0;A Left=0;A Right=0;A Up=0;B=0;C Down=0;C Left=0;C Right=0;C Up=0;DPad D=0;DPad L=0;DPad R=0;DPad U=0;L=0;R=0;Start=0;X Axis=0;Y Axis=0;Z=0"
4096,1607,0,111,"","A=0;A Down=0;A Left=0;A Right=0;A Up=0;B=0;C Down=0;C Left=0;C Right=0;C Up=0;DPad D=0;DPad L=0;DPad R=0;DPad U=0;L=0;R=0;Start=0;X Axis=0;Y Axis=0;Z=0"
4097,1608,0,111,"","A=0;A Down=0;A Left=0;A Right=0;A Up=0;B=0;C Down=0;C Left=0;C Right=0;C Up=0;DPad D=0;DPad L=0;DPad R=0;DPad U=0;L=0;R=0;Start=0;X Axis=0;Y Axis=0;Z=0"
4098,1609,0,111,"","A=0;A Down=0;A Left=0;A Right=0;A Up=0;B=0;C Down=0;C Left=0;C Right=0;C Up=0;DPad D=0;DPad L=0;DPad R=0;DPad U=0;L=0;R=0;Start=0;X Axis=0;Y Axis=0;Z=0"
4099,1610,0,111,"","A=0;A Down=0;A Left=0;A Right=0;A Up=0;B=0;C Down=0;C Left=0;C Right=0;C Up=0;DPad D=0;DPad L=0;DPad R=0;DPad U=0;L=0;R=0;Start=0;X Axis=0;Y Axis=0;Z=0"
4100,1611,0,111,"","A=0;A Down=0;A Left=0;A Right=0;A Up=0;B=0;C Down=0;C Left=0;C Right=0;C Up=0;DPad D=0;DPad L=0;DPad R=0;DPad U=0;L=0;R=0;Start=0;X Axis=0;Y Axis=0;Z=0"
4101,1612,0,111,"","A=0;A Down=0;A Left=0;A Right=0;A Up=0;B=0;C Down=0;C Left=0;C Right=0;C Up=0;DPad D=0;DPad L=0;DPad R=0;DPad U=0;L=0;R=0;Start=0;X Axis=0;Y Axis=0;Z=0"
4102,1613,0,111,"","A=0;A Down=0;A Left=0;A Right=0;A Up=0;B=0;C Down=0;C Left=0;C Right=0;C Up=0;DPad D=0;DPad L=0;DPad R=0;DPad U=0;L=0;R=0;Start=0;X Axis=0;Y Axis=0;Z=0"
4103,1614,0,111,"","A=0;A Down=0;A Left=0;A Right=0;A Up=0;B=0;C Down=0;C Left=0;C Right=0;C Up=0;DPad D=0;DPad L=0;DPad R=0;DPad U=0;L=0;R=0;Start=0;X Axis=0;Y Axis=0;Z=0"
4104,1615,0,111,"","A=0;A Down=0;A Left=0;A Right=0;A Up=0;B=0;C Down=0;C Left=0;C Right=0;C Up=0;DPad D=0;DPad L=0;DPad R=0;DPad U=0;L=0;R=0;Start=0;X Axis=0;Y Axis=0;Z=0"
4105,1616,0,111,"","A=0;A Down=0;A Left=0;A Right=0;A Up=0;B=0;C Down=0;C Left=0;C Right=0;C Up=0;DPad D=0;DPad L=0;DPad R=0;DPad U=0;L=0;R=0;Start=0;X Axis=0;Y Axis=0;Z=0"
4106,1617,0,111,"","A=0;A Down=0;A Left=0;A Right=0;A Up=0;B=0;C Down=0;C Left=0;C Right=0;C Up=0;DPad D=0;DPad L=0;DPad R=0;DPad U=0;L=0;R=0;Start=0;X Axis=0;Y Axis=0;Z=0"
4107,1618,0,111,"","A=0;A Down=0;A Left=0;A Right=0;A Up=0;B=0;C Down=0;C Left=0;C Right=0;C Up=0;DPad D=0;DPad L=0;DPad R=0;DPad U=0;L=0;R=0;Start=0;X Axis=0;Y Axis=0;Z=0"
4108,1619,0,111,"","A=0;A Down=0;A Left=0;A Right=0;A Up=0;B=0;C Down=0;C Left=0;C Right=0;C Up=0;DPad D=0;DPad L=0;DPad R=0;DPad U=0;L=0;R=0;Start=0;X Axis=0;Y Axis=0;Z=0"
4109,1620,0,111,"","A=0;A Down=0;A Left=0;A Right=0;A Up=0;B=0;C Down=0;C Left=0;C Right=0;C Up=0;DPad D=0;DPad L=0;DPad R=0;DPad U=0;L=0;R=0;Start=0;X Axis=0;Y Axis=0;Z=0"
4110,1621,0,111,"","A=0;A Down=0;A Left=0;A Right=0;A Up=0;B=0;C Down=0;C Left=0;C Right=0;C Up=0;DPad D=0;DPad L=0;DPad R=0;DPad U=0;L=0;R=0;Start=0;X Axis=0;Y Axis=0;Z=0"
4111,1622,0,111,"","A=0;A Down=0;A Left=0;A Right=0;A Up=0;B=0;C Down=0;C Left=0;C Right=0;C Up=0;DPad D=0;DPad L=0;DPad R=0;DPad U=0;L=0;R=0;Start=0;X Axis=0;Y Axis=0;Z=0"
4112,1623,0,111,"","A=0;A Down=0;A Left=0;A Right=0;A Up=0;B=0;C Down=0;C Left=0;C Right=0;C Up=0;DPad D=0;DPad L=0;DPad R=0;DPad U=0;L=0;R=0;Start=0;X Axis=0;Y Axis=0;Z=0"
4113,1624,0,111,"","A=0;A Down=0;A Left=0;A Right=0;A Up=0;B=0;C Down=0;C Left=0;C Right=0;C Up=0;DPad D=0;DPad L=0;DPad R=0;DPad U=0;L=0;R=0;Start=0;X Axis=0;Y Axis=0;Z=0"
4114,1625,0,111,"","A=0;A Down=0;A Left=0;A Right=0;A Up=0;B=0;C Down=0;C Left=0;C Right=0;C Up=0;DPad D=0;DPad L=0;DPad R=0;DPad U=0;L=0;R=0;Start=0;X Axis=0;Y Axis=0;Z=0"
4115,1626,0,111,"","A=0;A Down=0;A Left=0;A Right=0;A Up=0;B=0;C Down=0;C Left=0;C Right=0;C Up=0;DPad D=0;DPad L=0;DPad R=0;DPad U=0;L=0;R=0;Start=0;X Axis=0;Y Axis=0;Z=0"
4116,1627,0,111,"","A=0;A Down=0;A Left=0;A Right=0;A Up=0;B=0;C Down=0;C Left=0;C Right=0;C Up=0;DPad D=0;DPad L=0;DPad R=0;DPad U=0;L=0;R=0;Start=0;X Axis=0;Y Axis=0;Z=0"
4117,1628,0,111,"","A=0;A Down=0;A Left=0;A Right=0;A Up=0;B=0;C Down=0;C Left=0;C Right=0;C Up=0;DPad D=0;DPad L=0;DPad R=0;DPad U=0;L=0;R=0;Start=0;X Axis=0;Y Axis=0;Z=0"
4118,1629,0,111,"","A=0;A Down=0;A Left=0;A Right=0;A Up=0;B=0;C Down=0;C Left=0;C Right=0;C Up=0;DPad D=0;DPad L=0;DPad R=0;DPad U=0;L=0;R=0;Start=0;X Axis=0;Y Axis=0;Z=0"
4119,1630,0,111,"","A=0;A Down=0;A Left=0;A Right=0;A Up=0;B=0;C Down=0;C Left=0;C Right=0;C Up=0;DPad D=0;DPad L=0;DPad R=0;DPad U=0;L=0;R=0;Start=0;X Axis=0;Y Axis=0;Z=0"
4120,1631,0,111,"","A=0;A Down=0;A Left=0;A Right=0;A Up=0;B=0;C Down=0;C Left=0;C Right=0;C Up=0;DPad D=0;DPad L=0;DPad R=0;DPad U=0;L=0;R=0;Start=0;X Axis=0;Y Axis=0;Z=0"
4121,1632,0,111,"","A=0;A Down=0;A Left=0;A Right=0;A Up=0;B=0;C Down=0;C Left=0;C Right=0;C Up=0;DPad D=0;DPad L=0;DPad R=0;DPad U=0;L=0;R=0;Start=0;X Axis=0;Y Axis=0;Z=0"
4122,1633,0,111,"","A=0;A Down=0;A Left=0;A Right=0;A Up=0;B=0;C Down=0;C Left=0;C Right=0;C Up=0;DPad D=0;DPad L=0;DPad R=0;DPad U=0;L=0;R=0;Start=0;X Axis=0;Y Axis=0;Z=0"
4123,1634,0,111,"","A=0;A Down=0;A Left=0;A Right=0;A Up=0;B=0;C Down=0;C Left=0;C Right=0;C Up=0;DPad D=0;DPad L=0;DPad R=0;DPad U=0;L=0;R=0;Start=0;X Axis=0;Y Axis=0;Z=0"
4124,1635,0,111,"","A=0;A Down=0;A Left=0;A Right=0;A Up=0;B=0;C Down=0;C Left=0;C Right=0;C Up=0;DPad D=0;DPad L=0;DPad R=0;DPad U=0;L=0;R=0;Start=0;X Axis=0;Y Axis=0;Z=0"
4125,1636,0,111,"","A=0;A Down=0;A Left=0;A Right=0;A Up=0;B=0;C Down=0;C Left=0;C Right=0;C Up=0;DPad D=0;DPad L=0;DPad R=0;DPad U=0;L=0;R=0;Start=0;X Axis=0;Y Axis=0;Z=0"
4126,1637,0,111,"","A=0;A Down=0;A Left=0;A Right=0;A Up=0;B=0;C Down=0;C Left=0;C Right=0;C Up=0;DPad D=0;DPad L=0;DPad R=0;DPad U=0;L=0;R=0;Start=0;X Axis=0;Y Axis=0;Z=0"
4127,1638,0,111,"","A=0;A Down=0;A Left=0;A Right=0;A Up=0;B=0;C Down=0;C Left=0;C Right=0;C Up=0;DPad D=0;DPad L=0;DPad R=0;DPad U=0;L=0;R=0;Start=0;X Axis=0;Y Axis=0;Z=0"
4128,1639,0,111,"","A=0;A Down=0;A Left=0;A Right=0;A Up=0;B=0;C Down=0;C Left=0;C Right=0;C Up=0;DPad D=0;DPad L=0;DPad R=0;DPad U=0;L=0;R=0;Start=0;X Axis=0;Y Axis=0;Z=0"
4129,1640,0,111,"SOLDIER_DEAD","A=0;A Down=0;A Left=0;A Right=0;A Up=0;B=0;C Down=0;C Left=0;C Right=0;C Up=0;DPad D=0;DPad L=0;DPad R=0;DPad U=0;L=0;R=0;Start=0;X Axis=0;Y Axis=0;Z=0"
4130,1641,0,111,"","A=0;A Down=0;A Left=0;A Right=0;A Up=0;B=0;C Down=0;C Left=0;C Right=0;C Up=0;DPad D=0;DPad L=0;DPad R=0;DPad U=0;L=0;R=0;Start=0;X Axis=0;Y Axis=0;Z=0"
4131,1642,0,111,"","A=0;A Down=0;A Left=0;A Right=0;A Up=0;B=0;C Down=0;C Left=0;C Right=0;C Up=0;DPad D=0;DPad L=0;DPad R=0;DPad U=0;L=0;R=0;Start=0;X Axis=0;Y Axis=0;Z=0"
4132,1643,0,111,"","A=0;A Down=0;A Left=0;A Right=0;A Up=0;B=0;C Down=0;C Left=0;C Right=0;C Up=0;DPad D=0;DPad L=0;DPad R=0;DPad U=0;L=0;R=0;Start=0;X Axis=0;Y Axis=0;Z=0"
4133,1644,0,111,"","A=0;A Down=0;A Left=0;A Right=0;A Up=0;B=0;C Down=0;C Left=0;C Right=0;C Up=0;DPad D=0;DPad L=0;DPad R=0;DPad U=0;L=0;R=0;Start=0;X Axis=0;Y Axis=0;Z=0"
4134,1645,0,111,"","A=0;A Down=0;A Left=0;A Right=0;A Up=0;B=0;C Down=0;C Left=0;C Right=0;C Up=0;DPad D=0;DPad L=0;DPad R=0;DPad U=0;L=0;R=0;Start=0;X Axis=0;Y Axis=0;Z=0"
4135,1646,0,111,"","A=0;A Down=0;A Left=0;A Right=0;A Up=0;B=0;C Down=0;C Left=0;C Right=0;C Up=0;DPad D=0;DPad L=0;DPad R=0;DPad U=0;L=0;R=0;Start=0;X Axis=0;Y Axis=0;Z=0"
4136,1647,0,111,"","A=0;A Down=0;A Left=0;A Right=0;A Up=0;B=0;C Down=0;C Left=0;C Right=0;C Up=0;DPad D=0;DPad L=0;DPad R=0;DPad U=0;L=0;R=0;Start=0;X Axis=0;Y Axis=0;Z=0"
4137,1648,0,111,"","A=0;A Down=0;A Left=0;A Right=0;A Up=0;B=0;C Down=0;C Left=0;C Right=0;C Up=0;DPad D=0;DPad L=0;DPad R=0;DPad U=0;L=0;R=0;Start=0;X Axis=0;Y Axis=0;Z=0"
4138,1649,0,111,"","A=0;A Down=0;A Left=0;A Right=0;A Up=0;B=0;C Down=0;C Left=0;C Right=0;C Up=0;DPad D=0;DPad L=0;DPad R=0;DPad U=0;L=0;R=0;Start=0;X Axis=0;Y Axis=0;Z=0"
4139,1650,0,111,"","A=0;A Down=0;A Left=0;A Right=0;A Up=0;B=0;C Down=0;C Left=0;C Right=0;C Up=0;DPad D=0;DPad L=0;DPad R=0;DPad U=0;L=0;R=0;Start=0;X Axis=0;Y Axis=0;Z=0"
4140,1651,0,111,"","A=0;A Down=0;A Left=0;A Right=0;A Up=0;B=0;C Down=0;C Left=0;C Right=0;C Up=0;DPad D=0;DPad L=0;DPad R=0;DPad U=0;L=0;R=0;Start=0;X Axis=0;Y Axis=0;Z=0"
4141,1652,0,111,"","A=0;A Down=0;A Left=0;A Right=0;A Up=0;B=0;C Down=0;C Left=0;C Right=0;C Up=0;DPad D=0;DPad L=0;DPad R=0;DPad U=0;L=0;R=0;Start=0;X Axis=0;Y Axis=0;Z=0"
4142,1653,0,111,"","A=0;A Down=0;A Left=0;A Right=0;A Up=0;B=0;C Down=0;C Left=0;C Right=0;C Up=0;DPad D=0;DPad L=0;DPad R=0;DPad U=0;L=0;R=0;Start=0;X Axis=0;Y Axis=0;Z=0"
4143,1654,0,111,"","A=0;A Down=0;A Left=0;A Right=0;A Up=0;B=0;C Down=0;C Left=0;C Right=0;C Up=0;DPad D=0;DPad L=0;DPad R=0;DPad U=0;L=0;R=0;Start=0;X Axis=0;Y Axis=0;Z=0"
4144,1655,0,111,"","A=0;A Down=0;A Left=0;A Right=0;A Up=0;B=0;C Down=0;C Left=0;C Right=0;C Up=0;DPad D=0;DPad L=0;DPad R=0;DPad U=0;L=0;R=0;Start=0;X Axis=0;Y Axis=0;Z=0"
4145,1656,0,111,"","A=0;A Down=0;A Left=0;A Right=0;A Up=0;B=0;C Down=0;C Left=0;C Right=0;C Up=0;DPad D=0;DPad L=0;DPad R=0;DPad U=0;L=0;R=0;Start=0;X Axis=0;Y Axis=0;Z=0"
4146,1657,0,111,"","A=0;A Down=0;A Left=0;A Right=0;A Up=0;B=0;C Down=0;C Left=0;C Right=0;C Up=0;DPad D=0;DPad L=0;DPad R=0;DPad U=0;L=0;R=0;Start=0;X Axis=0;Y Axis=0;Z=0"
4147,1658,0,111,"","A=0;A Down=0;A Left=0;A Right=0;A Up=0;B=0;C Down=0;C Left=0;C Right=0;C Up=0;DPad D=0;DPad L=0;DPad R=0;DPad U=0;L=0;R=0;Start=0;X Axis=0;Y Axis=0;Z=0"
4148,1659,0,111,"","A=0;A Down=0;A Left=0;A Right=0;A Up=0;B=0;C Down=0;C Left=0;C Right=0;C Up=0;DPad D=0;DPad L=0;DPad R=0;DPad U=0;L=0;R=0;Start=0;X Axis=0;Y Axis=0;Z=0"
4149,1660,0,111,"","A=0;A Down=0;A Left=0;A Right=0;A Up=0;B=0;C Down=0;C Left=0;C Right=0;C Up=0;DPad D=0;DPad L=0;DPad R=0;DPad U=0;L=0;R=0;Start=0;X Axis=0;Y Axis=0;Z=0"
4150,1661,0,111,"","A=0;A Down=0;A Left=0;A Right=0;A Up=0;B=0;C Down=0;C Left=0;C Right=0;C Up=0;DPad D=0;DPad L=0;DPad R=0;DPad U=0;L=0;R=0;Start=0;X Axis=0;Y Axis=0;Z=0"
4151,1662,0,111,"","A=0;A Down=0;A Left=0;A Right=0;A Up=0;B=0;C Down=0;C Left=0;C Right=0;C Up=0;DPad D=0;DPad L=0;DPad R=0;DPad U=0;L=0;R=0;Start=0;X Axis=0;Y Axis=0;Z=0"
4152,1663,0,111,"","A=0;A Down=0;A Left=0;A Right=0;A Up=0;B=0;C Down=0;C Left=0;C Right=0;C Up=0;DPad D=0;DPad L=0;DPad R=0;DPad U=0;L=0;R=0;Start=0;X Axis=0;Y Axis=0;Z=0"
4153,1664,0,111,"","A=0;A Down=0;A Left=0;A Right=0;A Up=0;B=0;C Down=0;C Left=0;C Right=0;C Up=0;DPad D=0;DPad L=0;DPad R=0;DPad U=0;L=0;R=0;Start=0;X Axis=0;Y Axis=0;Z=0"
4154,1665,0,111,"","A=0;A Down=0;A Left=0;A Right=0;A Up=0;B=0;C Down=0;C Left=0;C Right=0;C Up=0;DPad D=0;DPad L=0;DPad R=0;DPad U=0;L=0;R=0;Start=0;X Axis=0;Y Axis=0;Z=0"
4155,1666,0,111,"","A=0;A Down=0;A Left=0;A Right=0;A Up=0;B=0;C Down=0;C Left=0;C Right=0;C Up=0;DPad D=0;DPad L=0;DPad R=0;DPad U=0;L=0;R=0;Start=0;X Axis=0;Y Axis=0;Z=0"
4156,1667,0,111,"","A=0;A Down=0;A Left=0;A Right=0;A Up=0;B=0;C Down=0;C Left=0;C Right=0;C Up=0;DPad D=0;DPad L=0;DPad R=0;DPad U=0;L=0;R=0;Start=0;X Axis=0;Y Axis=0;Z=0"
4157,1668,0,111,"","A=0;A Down=0;A Left=0;A Right=0;A Up=0;B=0;C Down=0;C Left=0;C Right=0;C Up=0;DPad D=0;DPad L=0;DPad R=0;DPad U=0;L=0;R=0;Start=0;X Axis=0;Y Axis=0;Z=0"
4158,1669,0,111,"","A=0;A Down=0;A Left=0;A Right=0;A Up=0;B=0;C Down=0;C Left=0;C Right=0;C Up=0;DPad D=0;DPad L=0;DPad R=0;DPad U=0;L=0;R=0;Start=0;X Axis=0;Y Axis=0;Z=0"
4159,1670,0,111,"","A=0;A Down=0;A Left=0;A Right=0;A Up=0;B=0;C Down=0;C Left=0;C Right=0;C Up=0;DPad D=0;DPad L=0;DPad R=0;DPad U=0;L=0;R=0;Start=0;X Axis=0;Y Axis=0;Z=0"
4160,1671,0,111,"","A=0;A Down=0;A Left=0;A Right=0;A Up=0;B=0;C Down=0;C Left=0;C Right=0;C Up=0;DPad D=0;DPad L=0;DPad R=0;DPad U=0;L=0;R=0;Start=0;X Axis=0;Y Axis=0;Z=0"
4161,1672,0,111,"","A=0;A Down=0;A Left=0;A Right=0;A Up=0;B=0;C Down=0;C Left=0;C Right=0;C Up=0;DPad D=0;DPad L=0;DPad R=0;DPad U=0;L=0;R=0;Start=0;X Axis=0;Y Axis=0;Z=0"
4162,1673,0,111,"","A=0;A Down=0;A Left=0;A Right=0;A Up=0;B=0;C Down=0;C Left=0;C Right=0;C Up=0;DPad D=0;DPad L=0;DPad R=0;DPad U=0;L=0;R=0;Start=0;X Axis=0;Y Axis=0;Z=0"
4163,1674,0,111,"","A=0;A Down=0;A Left=0;A Right=0;A Up=0;B=0;C Down=0;C Left=0;C Right=0;C Up=0;DPad D=0;DPad L=0;DPad R=0;DPad U=0;L=0;R=0;Start=0;X Axis=0;Y Axis=0;Z=0"
4164,1675,0,111,"","A=0;A Down=0;A Left=0;A Right=0;A Up=0;B=0;C Down=0;C Left=0;C Right=0;C Up=0;DPad D=0;DPad L=0;DPad R=0;DPad U=0;L=0;R=0;Start=0;X Axis=0;Y Axis=0;Z=0"
4165,1676,0,111,"","A=0;A Down=0;A Left=0;A Right=0;A Up=0;B=0;C Down=0;C Left=0;C Right=0;C Up=0;DPad D=0;DPad L=0;DPad R=0;DPad U=0;L=0;R=0;Start=0;X Axis=0;Y Axis=0;Z=0"
4166,1677,0,111,"","A=0;A Down=0;A Left=0;A Right=0;A Up=0;B=0;C Down=0;C Left=0;C Right=0;C Up=0;DPad D=0;DPad L=0;DPad R=0;DPad U=0;L=0;R=0;Start=0;X Axis=0;Y Axis=0;Z=0"
4167,1678,0,111,"","A=0;A Down=0;A Left=0;A Right=0;A Up=0;B=0;C Down=0;C Left=0;C Right=0;C Up=0;DPad D=0;DPad L=0;DPad R=0;DPad U=0;L=0;R=0;Start=0;X Axis=0;Y Axis=0;Z=0"
4168,1679,0,111,"","A=0;A Down=0;A Left=0;A Right=0;A Up=0;B=0;C Down=0;C Left=0;C Right=0;C Up=0;DPad D=0;DPad L=0;DPad R=0;DPad U=0;L=0;R=0;Start=0;X Axis=0;Y Axis=0;Z=0"
4169,1680,0,111,"","A=0;A Down=0;A Left=0;A Right=0;A Up=0;B=0;C Down=0;C Left=0;C Right=0;C Up=0;DPad D=0;DPad L=0;DPad R=0;DPad U=0;L=0;R=0;Start=0;X Axis=0;Y Axis=0;Z=0"
4170,1681,0,111,"","A=0;A Down=0;A Left=0;A Right=0;A Up=0;B=0;C Down=0;C Left=0;C Right=0;C Up=0;DPad D=0;DPad L=0;DPad R=0;DPad U=0;L=0;R=0;Start=0;X Axis=0;Y Axis=0;Z=0"
4171,1682,0,111,"","A=0;A Down=0;A Left=0;A Right=0;A Up=0;B=0;C Down=0;C Left=0;C Right=0;C Up=0;DPad D=0;DPad L=0;DPad R=0;DPad U=0;L=0;R=0;Start=0;X Axis=0;Y Axis=0;Z=0"
4172,1683,0,111,"","A=0;A Down=0;A Left=0;A Right=0;A Up=0;B=0;C Down=0;C Left=0;C Right=0;C Up=0;DPad D=0;DPad L=0;DPad R=0;DPad U=0;L=0;R=0;Start=0;X Axis=0;Y Axis=0;Z=0"
4173,1684,0,111,"","A=0;A Down=0;A Left=0;A Right=0;A Up=0;B=0;C Down=0;C Left=0;C Right=0;C Up=0;DPad D=0;DPad L=0;DPad R=0;DPad U=0;L=0;R=0;Start=0;X Axis=0;Y Axis=0;Z=0"
4174,1685,0,111,"","A=0;A Down=0;A Left=0;A Right=0;A Up=0;B=0;C Down=0;C Left=0;C Right=0;C Up=0;DPad D=0;DPad L=0;DPad R=0;DPad U=0;L=0;R=0;Start=0;X Axis=0;Y Axis=0;Z=0"
4175,1686,0,111,"","A=0;A Down=0;A Left=0;A Right=0;A Up=0;B=0;C Down=0;C Left=0;C Right=0;C Up=0;DPad D=0;DPad L=0;DPad R=0;DPad U=0;L=0;R=0;Start=0;X Axis=0;Y Axis=0;Z=0"
4176,1687,0,111,"","A=0;A Down=0;A Left=0;A Right=0;A Up=0;B=0;C Down=0;C Left=0;C Right=0;C Up=0;DPad D=0;DPad L=0;DPad R=0;DPad U=0;L=0;R=0;Start=0;X Axis=0;Y Axis=0;Z=0"
4177,1688,0,111,"","A=0;A Down=0;A Left=0;A Right=0;A Up=0;B=0;C Down=0;C Left=0;C Right=0;C Up=0;DPad D=0;DPad L=0;DPad R=0;DPad U=0;L=0;R=0;Start=0;X Axis=0;Y Axis=0;Z=0"
4178,1689,0,111,"","A=0;A Down=0;A Left=0;A Right=0;A Up=0;B=0;C Down=0;C Left=0;C Right=0;C Up=0;DPad D=0;DPad L=0;DPad R=0;DPad U=0;L=0;R=0;Start=0;X Axis=0;Y Axis=0;Z=0"
4179,1690,0,111,"","A=0;A Down=0;A Left=0;A Right=0;A Up=0;B=0;C Down=0;C Left=0;C Right=0;C Up=0;DPad D=0;DPad L=0;DPad R=0;DPad U=0;L=0;R=0;Start=0;X Axis=0;Y Axis=0;Z=0"
4180,1691,0,111,"","A=0;A Down=0;A Left=0;A Right=0;A Up=0;B=0;C Down=0;C Left=0;C Right=0;C Up=0;DPad D=0;DPad L=0;DPad R=0;DPad U=0;L=0;R=0;Start=0;X Axis=0;Y Axis=0;Z=0"
4181,1692,0,111,"","A=0;A Down=0;A Left=0;A Right=0;A Up=0;B=0;C Down=0;C Left=0;C Right=0;C Up=0;DPad D=0;DPad L=0;DPad R=0;DPad U=0;L=0;R=0;Start=0;X Axis=0;Y Axis=0;Z=0"
4182,1693,0,111,"","A=0;A Down=0;A Left=0;A Right=0;A Up=0;B=0;C Down=0;C Left=0;C Right=0;C Up=0;DPad D=0;DPad L=0;DPad R=0;DPad U=0;L=0;R=0;Start=0;X Axis=0;Y Axis=0;Z=0"
4183,1694,0,111,"","A=0;A Down=0;A Left=0;A Right=0;A Up=0;B=0;C Down=0;C Left=0;C Right=0;C Up=0;DPad D=0;DPad L=0;DPad R=0;DPad U=0;L=0;R=0;Start=0;X Axis=0;Y Axis=0;Z=0"
4184,1695,0,111,"","A=0;A Down=0;A Left=0;A Right=0;A Up=0;B=0;C Down=0;C Left=0;C Right=0;C Up=0;DPad D=0;DPad L=0;DPad R=0;DPad U=0;L=0;R=0;Start=0;X Axis=0;Y Axis=0;Z=0"
4185,1696,0,111,"","A=0;A Down=0;A Left=0;A Right=0;A Up=0;B=0;C Down=0;C Left=0;C Right=0;C Up=0;DPad D=0;DPad L=0;DPad R=0;DPad U=0;L=0;R=0;Start=0;X Axis=0;Y Axis=0;Z=0"
4186,1697,0,111,"","A=0;A Down=0;A Left=0;A Right=0;A Up=0;B=0;C Down=0;C Left=0;C Right=0;C Up=0;DPad D=0;DPad L=0;DPad R=0;DPad U=0;L=0;R=0;Start=0;X Axis=0;Y Axis=0;Z=0"
4187,1698,0,111,"","A=0;A Down=0;A Left=0;A Right=0;A Up=0;B=0;C Down=0;C Left=0;C Right=0;C Up=0;DPad D=0;DPad L=0;DPad R=0;DPad U=0;L=0;R=0;Start=0;X Axis=0;Y Axis=0;Z=0"
4188,1699,0,111,"","A=0;A Down=0;A Left=0;A Right=0;A Up=0;B=0;C Down=0;C Left=0;C Right=0;C Up=0;DPad D=0;DPad L=0;DPad R=0;DPad U=0;L=0;R=0;Start=0;X Axis=0;Y Axis=0;Z=0"
4189,1700,0,111,"","A=0;A Down=0;A Left=0;A Right=0;A Up=0;B=0;C Down=0;C Left=0;C Right=0;C Up=0;DPad D=0;DPad L=0;DPad R=0;DPad U=0;L=0;R=0;Start=0;X Axis=0;Y Axis=0;Z=0"
4190,1701,0,111,"","A=0;A Down=0;A Left=0;A Right=0;A Up=0;B=0;C Down=0;C Left=0;C Right=0;C Up=0;DPad D=0;DPad L=0;DPad R=0;DPad U=0;L=0;R=0;Start=0;X Axis=0;Y Axis=0;Z=0"
4191,1702,0,111,"","A=0;A Down=0;A Left=0;A Right=0;A Up=0;B=0;C Down=0;C Left=0;C Right=0;C Up=0;DPad D=0;DPad L=0;DPad R=0;DPad U=0;L=0;R=0;Start=0;X Axis=0;Y Axis=0;Z=0"
4192,1703,0,111,"","A=0;A Down=0;A Left=0;A Right=0;A Up=0;B=0;C Down=0;C Left=0;C Right=0;C Up=0;DPad D=0;DPad L=0;DPad R=0;DPad U=0;L=0;R=0;Start=0;X Axis=0;Y Axis=0;Z=0"
4193,1704,0,111,"","A=0;A Down=0;A Left=0;A Right=0;A Up=0;B=0;C Down=0;C Left=0;C Right=0;C Up=0;DPad D=0;DPad L=0;DPad R=0;DPad U=0;L=0;R=0;Start=0;X Axis=0;Y Axis=0;Z=0"
4194,1705,0,111,"","A=0;A Down=0;A Left=0;A Right=0;A Up=0;B=0;C Down=0;C Left=0;C Right=0;C Up=0;DPad D=0;DPad L=0;DPad R=0;DPad U=0;L=0;R=0;Start=0;X Axis=0;Y Axis=0;Z=0"
4195,1706,0,111,"","A=0;A Down=0;A Left=0;A Right=0;A Up=0;B=0;C Down=0;C Left=0;C Right=0;C Up=0;DPad D=0;DPad L=0;DPad R=0;DPad U=0;L=0;R=0;Start=0;X Axis=0;Y Axis=0;Z=0"
4196,1707,0,111,"","A=0;A Down=0;A Left=0;A Right=0;A Up=0;B=0;C Down=0;C Left=0;C Right=0;C Up=0;DPad D=0;DPad L=0;DPad R=0;DPad U=0;L=0;R=0;Start=0;X Axis=0;Y Axis=0;Z=0"
4197,1708,0,111,"","A=0;A Down=0;A Left=0;A Right=0;A Up=0;B=0;C Down=0;C Left=0;C Right=0;C Up=0;DPad D=0;DPad L=0;DPad R=0;DPad U=0;L=0;R=0;Start=0;X Axis=0;Y Axis=0;Z=0"
4198,1709,0,111,"","A=0;A Down=0;A Left=0;A Right=0;A Up=0;B=0;C Down=0;C Left=0;C Right=0;C Up=0;DPad D=0;DPad L=0;DPad R=0;DPad U=0;L=0;R=0;Start=0;X Axis=0;Y Axis=0;Z=0"
4199,1710,0,111,"","A=0;A Down=0;A Left=0;A Right=0;A Up=0;B=0;C Down=0;C Left=0;C Right=0;C Up=0;DPad D=0;DPad L=0;DPad R=0;DPad U=0;L=0;R=0;Start=0;X Axis=0;Y Axis=0;Z=0"
4200,1711,0,111,"","A=0;A Down=0;A Left=0;A Right=0;A Up=0;B=0;C Down=0;C Left=0;C Right=0;C Up=0;DPad D=0;DPad L=0;DPad R=0;DPad U=0;L=0;R=0;Start=0;X Axis=0;Y Axis=0;Z=0"
4201,1712,0,111,"","A=0;A Down=0;A Left=0;A Right=0;A Up=0;B=0;C Down=0;C Left=0;C Right=0;C Up=0;DPad D=0;DPad L=0;DPad R=0;DPad U=0;L=0;R=0;Start=0;X Axis=0;Y Axis=0;Z=0"
4202,1713,0,111,"","A=0;A Down=0;A Left=0;A Right=0;A Up=0;B=0;C Down=0;C Left=0;C Right=0;C Up=0;DPad D=0;DPad L=0;DPad R=0;DPad U=0;L=0;R=0;Start=0;X Axis=0;Y Axis=0;Z=0"
4203,1714,0,111,"","A=0;A Down=0;A Left=0;A Right=0;A Up=0;B=0;C Down=0;C Left=0;C Right=0;C Up=0;DPad D=0;DPad L=0;DPad R=0;DPad U=0;L=0;R=0;Start=0;X Axis=0;Y Axis=0;Z=0"
4204,1715,0,111,"","A=0;A Down=0;A Left=0;A Right=0;A Up=0;B=0;C Down=0;C Left=0;C Right=0;C Up=0;DPad D=0;DPad L=0;DPad R=0;DPad U=0;L=0;R=0;Start=0;X Axis=0;Y Axis=0;Z=0"
4205,1716,0,111,"","A=0;A Down=0;A Left=0;A Right=0;A Up=0;B=0;C Down=0;C Left=0;C Right=0;C Up=0;DPad D=0;DPad L=0;DPad R=0;DPad U=0;L=0;R=0;Start=0;X Axis=0;Y Axis=0;Z=0"
4206,1717,0,111,"","A=0;A Down=0;A Left=0;A Right=0;A Up=0;B=0;C Down=0;C Left=0;C Right=0;C Up=0;DPad D=0;DPad L=0;DPad R=0;DPad U=0;L=0;R=0;Start=0;X Axis=0;Y Axis=0;Z=0"
4207,1718,0,111,"","A=0;A Down=0;A Left=0;A Right=0;A Up=0;B=0;C Down=0;C Left=0;C Right=0;C Up=0;DPad D=0;DPad L=0;DPad R=0;DPad U=0;L=0;R=0;Start=0;X Axis=0;Y Axis=0;Z=0"
4208,1719,0,111,"","A=0;A Down=0;A Left=0;A Right=0;A Up=0;B=0;C Down=0;C Left=0;C Right=0;C Up=0;DPad D=0;DPad L=0;DPad R=0;DPad U=0;L=0;R=0;Start=0;X Axis=0;Y Axis=0;Z=0"
4209,1720,0,111,"","A=0;A Down=0;A Left=0;A Right=0;A Up=0;B=0;C Down=0;C Left=0;C Right=0;C Up=0;DPad D=0;DPad L=0;DPad R=0;DPad U=0;L=0;R=0;Start=0;X Axis=0;Y Axis=0;Z=0"
4210,1721,0,111,"","A=0;A Down=0;A Left=0;A Right=0;A Up=0;B=0;C Down=0;C Left=0;C Right=0;C Up=0;DPad D=0;DPad L=0;DPad R=0;DPad U=0;L=0;R=0;Start=0;X Axis=0;Y Axis=0;Z=0"
4211,1722,0,111,"","A=0;A Down=0;A Left=0;A Right=0;A Up=0;B=0;C Down=0;C Left=0;C Right=0;C Up=0;DPad D=0;DPad L=0;DPad R=0;DPad U=0;L=0;R=0;Start=0;X Axis=0;Y Axis=0;Z=0"
4212,1723,0,111,"","A=0;A Down=0;A Left=0;A Right=0;A Up=0;B=0;C Down=0;C Left=0;C Right=0;C Up=0;DPad D=0;DPad L=0;DPad R=0;DPad U=0;L=0;R=0;Start=0;X Axis=0;Y Axis=0;Z=0"
4213,1724,0,111,"","A=0;A Down=0;A Left=0;A Right=0;A Up=0;B=0;C Down=0;C Left=0;C Right=0;C Up=0;DPad D=0;DPad L=0;DPad R=0;DPad U=0;L=0;R=0;Start=0;X Axis=0;Y Axis=0;Z=0"
4214,1725,0,111,"","A=0;A Down=0;A Left=0;A Right=0;A Up=0;B=0;C Down=0;C Left=0;C Right=0;C Up=0;DPad D=0;DPad L=0;DPad R=0;DPad U=0;L=0;R=0;Start=0;X Axis=0;Y Axis=0;Z=0"
4215,1726,0,111,"","A=0;A Down=0;A Left=0;A Right=0;A Up=0;B=0;C Down=0;C Left=0;C Right=0;C Up=0;DPad D=0;DPad L=0;DPad R=0;DPad U=0;L=0;R=0;Start=0;X Axis=0;Y Axis=0;Z=0"
4216,1727,0,111,"","A=0;A Down=0;A Left=0;A Right=0;A Up=0;B=0;C Down=0;C Left=0;C Right=0;C Up=0;DPad D=0;DPad L=0;DPad R=0;DPad U=0;L=0;R=0;Start=0;X Axis=0;Y Axis=0;Z=0"
4217,1728,0,111,"","A=0;A Down=0;A Left=0;A Right=0;A Up=0;B=0;C Down=0;C Left=0;C Right=0;C Up=0;DPad D=0;DPad L=0;DPad R=0;DPad U=0;L=0;R=0;Start=0;X Axis=0;Y Axis=0;Z=0"
4218,1729,0,111,"","A=0;A Down=0;A Left=0;A Right=0;A Up=0;B=0;C Down=0;C Left=0;C Right=0;C Up=0;DPad D=0;DPad L=0;DPad R=0;DPad U=0;L=0;R=0;Start=0;X Axis=0;Y Axis=0;Z=0"
4219,1730,0,111,"","A=0;A Down=0;A Left=0;A Right=0;A Up=0;B=0;C Down=0;C Left=0;C Right=0;C Up=0;DPad D=0;DPad L=0;DPad R=0;DPad U=0;L=0;R=0;Start=0;X Axis=0;Y Axis=0;Z=0"
4220,1731,0,111,"","A=0;A Down=0;A Left=0;A Right=0;A Up=0;B=0;C Down=0;C Left=0;C Right=0;C Up=0;DPad D=0;DPad L=0;DPad R=0;DPad U=0;L=0;R=0;Start=0;X Axis=0;Y Axis=0;Z=0"
4221,1732,0,111,"","A=0;A Down=0;A Left=0;A Right=0;A Up=0;B=0;C Down=0;C Left=0;C Right=0;C Up=0;DPad D=0;DPad L=0;DPad R=0;DPad U=0;L=0;R=0;Start=0;X Axis=0;Y Axis=0;Z=0"
4222,1733,0,111,"","A=0;A Down=0;A Left=0;A Right=0;A Up=0;B=0;C Down=0;C Left=0;C Right=0;C Up=0;DPad D=0;DPad L=0;DPad R=0;DPad U=0;L=0;R=0;Start=0;X Axis=0;Y Axis=0;Z=0"
4223,1734,0,111,"","A=0;A Down=0;A Left=0;A Right=0;A Up=0;B=0;C Down=0;C Left=0;C Right=0;C Up=0;DPad D=0;DPad L=0;DPad R=0;DPad U=0;L=0;R=0;Start=0;X Axis=0;Y Axis=0;Z=0"
4224,1735,0,111,"","A=0;A Down=0;A Left=0;A Right=0;A Up=0;B=0;C Down=0;C Left=0;C Right=0;C Up=0;DPad D=0;DPad L=0;DPad R=0;DPad U=0;L=0;R=0;Start=0;X Axis=0;Y Axis=0;Z=0"
4225,1736,0,111,"","A=0;A Down=0;A Left=0;A Right=0;A Up=0;B=0;C Down=0;C Left=0;C Right=0;C Up=0;DPad D=0;DPad L=0;DPad R=0;DPad U=0;L=0;R=0;Start=0;X Axis=0;Y Axis=0;Z=0"
4226,1737,0,111,"","A=0;A Down=0;A Left=0;A Right=0;A Up=0;B=0;C Down=0;C Left=0;C Right=0;C Up=0;DPad D=0;DPad L=0;DPad R=0;DPad U=0;L=0;R=0;Start=0;X Axis=0;Y Axis=0;Z=0"
4227,1738,0,111,"","A=0;A Down=0;A Left=0;A Right=0;A Up=0;B=0;C Down=0;C Left=0;C Right=0;C Up=0;DPad D=0;DPad L=0;DPad R=0;DPad U=0;L=0;R=0;Start=0;X Axis=0;Y Axis=0;Z=0"
4228,1739,0,111,"","A=0;A Down=0;A Left=0;A Right=0;A Up=0;B=0;C Down=0;C Left=0;C Right=0;C Up=0;DPad D=0;DPad L=0;DPad R=0;DPad U=0;L=0;R=0;Start=0;X Axis=0;Y Axis=0;Z=0"
4229,1740,0,111,"","A=0;A Down=0;A Left=0;A Right=0;A Up=0;B=0;C Down=0;C Left=0;C Right=0;C Up=0;DPad D=0;DPad L=0;DPad R=0;DPad U=0;L=0;R=0;Start=0;X Axis=0;Y Axis=0;Z=0"
4230,1741,0,111,"","A=0;A Down=0;A Left=0;A Right=0;A Up=0;B=0;C Down=0;C Left=0;C Right=0;C Up=0;DPad D=0;DPad L=0;DPad R=0;DPad U=0;L=0;R=0;Start=0;X Axis=0;Y Axis=0;Z=0"
4231,1742,0,111,"","A=0;A Down=0;A Left=0;A Right=0;A Up=0;B=0;C Down=0;C Left=0;C Right=0;C Up=0;DPad D=0;DPad L=0;DPad R=0;DPad U=0;L=0;R=0;Start=0;X Axis=0;Y Axis=0;Z=0"
4232,1743,0,111,"","A=0;A Down=0;A Left=0;A Right=0;A Up=0;B=0;C Down=0;C Left=0;C Right=0;C Up=0;DPad D=0;DPad L=0;DPad R=0;DPad U=0;L=0;R=0;Start=0;X Axis=0;Y Axis=0;Z=0"
4233,1744,0,111,"","A=0;A Down=0;A Left=0;A Right=0;A Up=0;B=0;C Down=0;C Left=0;C Right=0;C Up=0;DPad D=0;DPad L=0;DPad R=0;DPad U=0;L=0;R=0;Start=0;X Axis=0;Y Axis=0;Z=0"
4234,1745,0,111,"","A=0;A Down=0;A Left=0;A Right=0;A Up=0;B=0;C Down=0;C Left=0;C Right=0;C Up=0;DPad D=0;DPad L=0;DPad R=0;DPad U=0;L=0;R=0;Start=0;X Axis=0;Y Axis=0;Z=0"
4235,1746,0,111,"","A=0;A Down=0;A Left=0;A Right=0;A Up=0;B=0;C Down=0;C Left=0;C Right=0;C Up=0;DPad D=0;DPad L=0;DPad R=0;DPad U=0;L=0;R=0;Start=0;X Axis=0;Y Axis=0;Z=0"
4236,1747,0,111,"","A=0;A Down=0;A Left=0;A Right=0;A Up=0;B=0;C Down=0;C Left=0;C Right=0;C Up=0;DPad D=0;DPad L=0;DPad R=0;DPad U=0;L=0;R=0;Start=0;X Axis=0;Y Axis=0;Z=0"
4237,1748,0,111,"","A=0;A Down=0;A Left=0;A Right=0;A Up=0;B=0;C Down=0;C Left=0;C Right=0;C Up=0;DPad D=0;DPad L=0;DPad R=0;DPad U=0;L=0;R=0;Start=0;X Axis=0;Y Axis=0;Z=0"
4238,1749,0,111,"","A=0;A Down=0;A Left=0;A Right=0;A Up=0;B=0;C Down=0;C Left=0;C Right=0;C Up=0;DPad D=0;DPad L=0;DPad R=0;DPad U=0;L=0;R=0;Start=0;X Axis=0;Y Axis=0;Z=0"
4239,1750,0,111,"","A=0;A Down=0;A Left=0;A Right=0;A Up=0;B=0;C Down=0;C Left=0;C Right=0;C Up=0;DPad D=0;DPad L=0;DPad R=0;DPad U=0;L=0;R=0;Start=0;X Axis=0;Y Axis=0;Z=0"
4240,1751,0,111,"","A=0;A Down=0;A Left=0;A Right=0;A Up=0;B=0;C Down=0;C Left=0;C Right=0;C Up=0;DPad D=0;DPad L=0;DPad R=0;DPad U=0;L=0;R=0;Start=0;X Axis=0;Y Axis=0;Z=0"
4241,1752,0,111,"","A=0;A Down=0;A Left=0;A Right=0;A Up=0;B=0;C Down=0;C Left=0;C Right=0;C Up=0;DPad D=0;DPad L=0;DPad R=0;DPad U=0;L=0;R=0;Start=0;X Axis=0;Y Axis=0;Z=0"
4242,1753,0,111,"","A=0;A Down=0;A Left=0;A Right=0;A Up=0;B=0;C Down=0;C Left=0;C Right=0;C Up=0;DPad D=0;DPad L=0;DPad R=0;DPad U=0;L=0;R=0;Start=0;X Axis=0;Y Axis=0;Z=0"
4243,1754,0,111,"","A=0;A Down=0;A Left=0;A Right=0;A Up=0;B=0;C Down=0;C Left=0;C Right=0;C Up=0;DPad D=0;DPad L=0;DPad R=0;DPad U=0;L=0;R=0;Start=0;X Axis=0;Y Axis=0;Z=0"
4244,1755,0,111,"","A=0;A Down=0;A Left=0;A Right=0;A Up=0;B=0;C Down=0;C Left=0;C Right=0;C Up=0;DPad D=0;DPad L=0;DPad R=0;DPad U=0;L=0;R=0;Start=0;X Axis=0;Y Axis=0;Z=0"
4245,1756,0,111,"","A=0;A Down=0;A Left=0;A Right=0;A Up=0;B=0;C Down=0;C Left=0;C Right=0;C Up=0;DPad D=0;DPad L=0;DPad R=0;DPad U=0;L=0;R=0;Start=0;X Axis=0;Y Axis=0;Z=0"
4246,1757,0,111,"","A=0;A Down=0;A Left=0;A Right=0;A Up=0;B=0;C Down=0;C Left=0;C Right=0;C Up=0;DPad D=0;DPad L=0;DPad R=0;DPad U=0;L=0;R=0;Start=0;X Axis=0;Y Axis=0;Z=0"
4247,1758,0,111,"","A=0;A Down=0;A Left=0;A Right=0;A Up=0;B=0;C Down=0;C Left=0;C Right=0;C Up=0;DPad D=0;DPad L=0;DPad R=0;DPad U=0;L=0;R=0;Start=0;X Axis=0;Y Axis=0;Z=0"
4248,1759,0,111,"","A=0;A Down=0;A Left=0;A Right=0;A Up=0;B=0;C Down=0;C Left=0;C Right=0;C Up=0;DPad D=0;DPad L=0;DPad R=0;DPad U=0;L=0;R=0;Start=0;X Axis=0;Y Axis=0;Z=0"
4249,1760,0,111,"","A=0;A Down=0;A Left=0;A Right=0;A Up=0;B=0;C Down=0;C Left=0;C Right=0;C Up=0;DPad D=0;DPad L=0;DPad R=0;DPad U=0;L=0;R=0;Start=0;X Axis=0;Y Axis=0;Z=0"
4250,1761,0,111,"","A=0;A Down=0;A Left=0;A Right=0;A Up=0;B=0;C Down=0;C Left=0;C Right=0;C Up=0;DPad D=0;DPad L=0;DPad R=0;DPad U=0;L=0;R=0;Start=0;X Axis=0;Y Axis=0;Z=0"
4251,1762,0,111,"","A=0;A Down=0;A Left=0;A Right=0;A Up=0;B=0;C Down=0;C Left=0;C Right=0;C Up=0;DPad D=0;DPad L=0;DPad R=0;DPad U=0;L=0;R=0;Start=0;X Axis=0;Y Axis=0;Z=0"
4252,1763,0,111,"","A=0;A Down=0;A Left=0;A Right=0;A Up=0;B=0;C Down=0;C Left=0;C Right=0;C Up=0;DPad D=0;DPad L=0;DPad R=0;DPad U=0;L=0;R=0;Start=0;X Axis=0;Y Axis=0;Z=0"
4253,1764,0,111,"","A=0;A Down=0;A Left=0;A Right=0;A Up=0;B=0;C Down=0;C Left=0;C Right=0;C Up=0;DPad D=0;DPad L=0;DPad R=0;DPad U=0;L=0;R=0;Start=0;X Axis=0;Y Axis=0;Z=0"
4254,1765,0,111,"","A=0;A Down=0;A Left=0;A Right=0;A Up=0;B=0;C Down=0;C Left=0;C Right=0;C Up=0;DPad D=0;DPad L=0;DPad R=0;DPad U=0;L=0;R=0;Start=0;X Axis=0;Y Axis=0;Z=0"
4255,1766,0,111,"","A=0;A Down=0;A Left=0;A Right=0;A Up=0;B=0;C Down=0;C Left=0;C Right=0;C Up=0;DPad D=0;DPad L=0;DPad R=0;DPad U=0;L=0;R=0;Start=0;X Axis=0;Y Axis=0;Z=0"
4256,1767,0,111,"","A=0;A Down=0;A Left=0;A Right=0;A Up=0;B=0;C Down=0;C Left=0;C Right=0;C Up=0;DPad D=0;DPad L=0;DPad R=0;DPad U=0;L=0;R=0;Start=0;X Axis=0;Y Axis=0;Z=0"
4257,1768,0,111,"","A=0;A Down=0;A Left=0;A Right=0;A Up=0;B=0;C Down=0;C Left=0;C Right=0;C Up=0;DPad D=0;DPad L=0;DPad R=0;DPad U=0;L=0;R=0;Start=0;X Axis=0;Y Axis=0;Z=0"
4258,1769,0,111,"","A=0;A Down=0;A Left=0;A Right=0;A Up=0;B=0;C Down=0;C Left=0;C Right=0;C Up=0;DPad D=0;DPad L=0;DPad R=0;DPad U=0;L=0;R=0;Start=0;X Axis=0;Y Axis=0;Z=0"
4259,1770,0,111,"","A=0;A Down=0;A Left=0;A Right=0;A Up=0;B=0;C Down=0;C Left=0;C Right=0;C Up=0;DPad D=0;DPad L=0;DPad R=0;DPad U=0;L=0;R=0;Start=0;X Axis=0;Y Axis=0;Z=0"
