frame,relative_frame,is_lagged,lag_count,event,input_state
2522,0,0,111,"SESSION_START","A=0;A Down=0;A Left=0;A Right=0;A Up=0;B=0;C Down=0;C Left=0;C Right=0;C Up=0;DPad D=0;DPad L=0;DPad R=0;DPad U=0;L=0;R=0;Start=0;X Axis=0;Y Axis=0;Z=0"
2523,1,0,111,"","A=0;A Down=0;A Left=0;A Right=0;A Up=0;B=0;C Down=0;C Left=0;C Right=0;C Up=0;DPad D=0;DPad L=0;DPad R=0;DPad U=0;L=0;R=0;Start=0;X Axis=0;Y Axis=0;Z=0"
2524,2,0,111,"","A=0;A Down=0;A Left=0;A Right=0;A Up=0;B=0;C Down=0;C Left=0;C Right=0;C Up=0;DPad D=0;DPad L=0;DPad R=0;DPad U=0;L=0;R=0;Start=0;X Axis=0;Y Axis=0;Z=0"
2525,3,0,111,"","A=0;A Down=0;A Left=0;A Right=0;A Up=0;B=0;C Down=0;C Left=0;C Right=0;C Up=0;DPad D=0;DPad L=0;DPad R=0;DPad U=0;L=0;R=0;Start=0;X Axis=0;Y Axis=0;Z=0"
2526,4,0,111,"","A=0;A Down=0;A Left=0;A Right=0;A Up=0;B=0;C Down=0;C Left=0;C Right=0;C Up=0;DPad D=0;DPad L=0;DPad R=0;DPad U=0;L=0;R=0;Start=0;X Axis=0;Y Axis=0;Z=0"
2527,5,0,111,"","A=0;A Down=0;A Left=0;A Right=0;A Up=0;B=0;C Down=0;C Left=0;C Right=0;C Up=0;DPad D=0;DPad L=0;DPad R=0;DPad U=0;L=0;R=0;Start=0;X Axis=0;Y Axis=0;Z=0"
2528,6,0,111,"","A=0;A Down=0;A Left=0;A Right=0;A Up=0;B=0;C Down=0;C Left=0;C Right=0;C Up=0;DPad D=0;DPad L=0;DPad R=0;DPad U=0;L=0;R=0;Start=0;X Axis=0;Y Axis=0;Z=0"
2529,7,0,111,"","A=0;A Down=0;A Left=0;A Right=0;A Up=0;B=0;C Down=0;C Left=0;C Right=0;C Up=0;DPad D=0;DPad L=0;DPad R=0;DPad U=0;L=0;R=0;Start=0;X Axis=0;Y Axis=0;Z=0"
2530,8,0,111,"","A=0;A Down=0;A Left=0;A Right=0;A Up=0;B=0;C Down=0;C Left=0;C Right=0;C Up=0;DPad D=0;DPad L=0;DPad R=0;DPad U=0;L=0;R=0;Start=0;X Axis=0;Y Axis=0;Z=0"
2531,9,0,111,"","A=0;A Down=0;A Left=0;A Right=0;A Up=0;B=0;C Down=0;C Left=0;C Right=0;C Up=0;DPad D=0;DPad L=0;DPad R=0;DPad U=0;L=0;R=0;Start=0;X Axis=0;Y Axis=0;Z=0"
2532,10,0,111,"","A=0;A Down=0;A Left=0;A Right=0;A Up=0;B=0;C Down=0;C Left=0;C Right=0;C Up=0;DPad D=0;DPad L=0;DPad R=0;DPad U=0;L=0;R=0;Start=0;X Axis=0;Y Axis=0;Z=0"
2533,11,0,111,"","A=0;A Down=0;A Left=0;A Right=0;A Up=0;B=0;C Down=0;C Left=0;C Right=0;C Up=0;DPad D=0;DPad L=0;DPad R=0;DPad U=0;L=0;R=0;Start=0;X Axis=0;Y Axis=0;Z=0"
2534,12,0,111,"","A=0;A Down=0;A Left=0;A Right=0;A Up=0;B=0;C Down=0;C Left=0;C Right=0;C Up=0;DPad D=0;DPad L=0;DPad R=0;DPad U=0;L=0;R=0;Start=0;X Axis=0;Y Axis=0;Z=0"
2535,13,0,111,"","A=0;A Down=0;A Left=0;A Right=0;A Up=0;B=0;C Down=0;C Left=0;C Right=0;C Up=0;DPad D=0;DPad L=0;DPad R=0;DPad U=0;L=0;R=0;Start=0;X Axis=0;Y Axis=0;Z=0"
2536,14,0,111,"","A=0;A Down=0;A Left=0;A Right=0;A Up=0;B=0;C Down=0;C Left=0;C Right=0;C Up=0;DPad D=0;DPad L=0;DPad R=0;DPad U=0;L=0;R=0;Start=0;X Axis=0;Y Axis=0;Z=0"
2537,15,0,111,"","A=0;A Down=0;A Left=0;A Right=0;A Up=0;B=0;C Down=0;C Left=0;C Right=0;C Up=0;DPad D=0;DPad L=0;DPad R=0;DPad U=0;L=0;R=0;Start=0;X Axis=0;Y Axis=0;Z=0"
2538,16,0,111,"","A=0;A Down=0;A Left=0;A Right=0;A Up=0;B=0;C Down=0;C Left=0;C Right=0;C Up=0;DPad D=0;DPad L=0;DPad R=0;DPad U=0;L=0;R=0;Start=0;X Axis=0;Y Axis=0;Z=0"
2539,17,0,111,"","A=0;A Down=0;A Left=0;A Right=0;A Up=0;B=0;C Down=0;C Left=0;C Right=0;C Up=0;DPad D=0;DPad L=0;DPad R=0;DPad U=0;L=0;R=0;Start=0;X Axis=0;Y Axis=0;Z=0"
2540,18,0,111,"","A=0;A Down=0;A Left=0;A Right=0;A Up=0;B=0;C Down=0;C Left=0;C Right=0;C Up=0;DPad D=0;DPad L=0;DPad R=0;DPad U=0;L=0;R=0;Start=0;X Axis=0;Y Axis=0;Z=0"
2541,19,0,111,"","A=0;A Down=0;A Left=0;A Right=0;A Up=0;B=0;C Down=0;C Left=0;C Right=0;C Up=0;DPad D=0;DPad L=0;DPad R=0;DPad U=0;L=0;R=0;Start=0;X Axis=0;Y Axis=0;Z=0"
2542,20,0,111,"","A=0;A Down=0;A Left=0;A Right=0;A Up=0;B=0;C Down=0;C Left=0;C Right=0;C Up=0;DPad D=0;DPad L=0;DPad R=0;DPad U=0;L=0;R=0;Start=0;X Axis=0;Y Axis=0;Z=0"
2543,21,0,111,"","A=0;A Down=0;A Left=0;A Right=0;A Up=0;B=0;C Down=0;C Left=0;C Right=0;C Up=0;DPad D=0;DPad L=0;DPad R=0;DPad U=0;L=0;R=0;Start=0;X Axis=0;Y Axis=0;Z=0"
2544,22,0,111,"","A=0;A Down=0;A Left=0;A Right=0;A Up=0;B=0;C Down=0;C Left=0;C Right=0;C Up=0;DPad D=0;DPad L=0;DPad R=0;DPad U=0;L=0;R=0;Start=0;X Axis=0;Y Axis=0;Z=0"
2545,23,0,111,"","A=0;A Down=0;A Left=0;A Right=0;A Up=0;B=0;C Down=0;C Left=0;C Right=0;C Up=0;DPad D=0;DPad L=0;DPad R=0;DPad U=0;L=0;R=0;Start=0;X Axis=0;Y Axis=0;Z=0"
2546,24,0,111,"","A=0;A Down=0;A Left=0;A Right=0;A Up=0;B=0;C Down=0;C Left=0;C Right=0;C Up=0;DPad D=0;DPad L=0;DPad R=0;DPad U=0;L=0;R=0;Start=0;X Axis=0;Y Axis=0;Z=0"
2547,25,0,111,"","A=0;A Down=0;A Left=0;A Right=0;A Up=0;B=0;C Down=0;C Left=0;C Right=0;C Up=0;DPad D=0;DPad L=0;DPad R=0;DPad U=0;L=0;R=0;Start=0;X Axis=0;Y Axis=0;Z=0"
2548,26,0,111,"","A=0;A Down=0;A Left=0;A Right=0;A Up=0;B=0;C Down=0;C Left=0;C Right=0;C Up=0;DPad D=0;DPad L=0;DPad R=0;DPad U=0;L=0;R=0;Start=0;X Axis=0;Y Axis=0;Z=0"
2549,27,0,111,"","A=0;A Down=0;A Left=0;A Right=0;A Up=0;B=0;C Down=0;C Left=0;C Right=0;C Up=0;DPad D=0;DPad L=0;DPad R=0;DPad U=0;L=0;R=0;Start=0;X Axis=0;Y Axis=0;Z=0"
2550,28,0,111,"","A=0;A Down=0;A Left=0;A Right=0;A Up=0;B=0;C Down=0;C Left=0;C Right=0;C Up=0;DPad D=0;DPad L=0;DPad R=0;DPad U=0;L=0;R=0;Start=0;X Axis=0;Y Axis=0;Z=0"
2551,29,0,111,"","A=0;A Down=0;A Left=0;A Right=0;A Up=0;B=0;C Down=0;C Left=0;C Right=0;C Up=0;DPad D=0;DPad L=0;DPad R=0;DPad U=0;L=0;R=0;Start=0;X Axis=0;Y Axis=0;Z=0"
2552,30,0,111,"","A=0;A Down=0;A Left=0;A Right=0;A Up=0;B=0;C Down=0;C Left=0;C Right=0;C Up=0;DPad D=0;DPad L=0;DPad R=0;DPad U=0;L=0;R=0;Start=0;X Axis=0;Y Axis=0;Z=0"
2553,31,0,111,"","A=0;A Down=0;A Left=0;A Right=0;A Up=0;B=0;C Down=0;C Left=0;C Right=0;C Up=0;DPad D=0;DPad L=0;DPad R=0;DPad U=0;L=0;R=0;Start=0;X Axis=0;Y Axis=0;Z=0"
2554,32,0,111,"","A=0;A Down=0;A Left=0;A Right=0;A Up=0;B=0;C Down=0;C Left=0;C Right=0;C Up=0;DPad D=0;DPad L=0;DPad R=0;DPad U=0;L=0;R=0;Start=0;X Axis=0;Y Axis=0;Z=0"
2555,33,0,111,"","A=0;A Down=0;A Left=0;A Right=0;A Up=0;B=0;C Down=0;C Left=0;C Right=0;C Up=0;DPad D=0;DPad L=0;DPad R=0;DPad U=0;L=0;R=0;Start=0;X Axis=0;Y Axis=0;Z=0"
2556,34,0,111,"","A=0;A Down=0;A Left=0;A Right=0;A Up=0;B=0;C Down=0;C Left=0;C Right=0;C Up=0;DPad D=0;DPad L=0;DPad R=0;DPad U=0;L=0;R=0;Start=0;X Axis=0;Y Axis=0;Z=0"
2557,35,0,111,"","A=0;A Down=0;A Left=0;A Right=0;A Up=0;B=0;C Down=0;C Left=0;C Right=0;C Up=0;DPad D=0;DPad L=0;DPad R=0;DPad U=0;L=0;R=0;Start=0;X Axis=0;Y Axis=0;Z=0"
2558,36,0,111,"","A=0;A Down=0;A Left=0;A Right=0;A Up=0;B=0;C Down=0;C Left=0;C Right=0;C Up=0;DPad D=0;DPad L=0;DPad R=0;DPad U=0;L=0;R=0;Start=0;X Axis=0;Y Axis=0;Z=0"
2559,37,0,111,"","A=0;A Down=0;A Left=0;A Right=0;A Up=0;B=0;C Down=0;C Left=0;C Right=0;C Up=0;DPad D=0;DPad L=0;DPad R=0;DPad U=0;L=0;R=0;Start=0;X Axis=0;Y Axis=0;Z=0"
2560,38,0,111,"","A=0;A Down=0;A Left=0;A Right=0;A Up=0;B=0;C Down=0;C Left=0;C Right=0;C Up=0;DPad D=0;DPad L=0;DPad R=0;DPad U=0;L=0;R=0;Start=0;X Axis=0;Y Axis=0;Z=0"
2561,39,0,111,"","A=0;A Down=0;A Left=0;A Right=0;A Up=0;B=0;C Down=0;C Left=0;C Right=0;C Up=0;DPad D=0;DPad L=0;DPad R=0;DPad U=0;L=0;R=0;Start=0;X Axis=0;Y Axis=0;Z=0"
2562,40,0,111,"","A=0;A Down=0;A Left=0;A Right=0;A Up=0;B=0;C Down=0;C Left=0;C Right=0;C Up=0;DPad D=0;DPad L=0;DPad R=0;DPad U=0;L=0;R=0;Start=0;X Axis=0;Y Axis=0;Z=0"
2563,41,0,111,"","A=0;A Down=0;A Left=0;A Right=0;A Up=0;B=0;C Down=0;C Left=0;C Right=0;C Up=0;DPad D=0;DPad L=0;DPad R=0;DPad U=0;L=0;R=0;Start=0;X Axis=0;Y Axis=0;Z=0"
2564,42,0,111,"","A=0;A Down=0;A Left=0;A Right=0;A Up=0;B=0;C Down=0;C Left=0;C Right=0;C Up=0;DPad D=0;DPad L=0;DPad R=0;DPad U=0;L=0;R=0;Start=0;X Axis=0;Y Axis=0;Z=0"
2565,43,0,111,"","A=0;A Down=0;A Left=0;A Right=0;A Up=0;B=0;C Down=0;C Left=0;C Right=0;C Up=0;DPad D=0;DPad L=0;DPad R=0;DPad U=0;L=0;R=0;Start=0;X Axis=0;Y Axis=0;Z=0"
2566,44,0,111,"","A=0;A Down=0;A Left=0;A Right=0;A Up=0;B=0;C Down=0;C Left=0;C Right=0;C Up=0;DPad D=0;DPad L=0;DPad R=0;DPad U=0;L=0;R=0;Start=0;X Axis=0;Y Axis=0;Z=0"
2567,45,0,111,"","A=0;A Down=0;A Left=0;A Right=0;A Up=0;B=0;C Down=0;C Left=0;C Right=0;C Up=0;DPad D=0;DPad L=0;DPad R=0;DPad U=0;L=0;R=0;Start=0;X Axis=0;Y Axis=0;Z=0"
2568,46,0,111,"","A=0;A Down=0;A Left=0;A Right=0;A Up=0;B=0;C Down=0;C Left=0;C Right=0;C Up=0;DPad D=0;DPad L=0;DPad R=0;DPad U=0;L=0;R=0;Start=0;X Axis=0;Y Axis=0;Z=0"
2569,47,0,111,"","A=0;A Down=0;A Left=0;A Right=0;A Up=0;B=0;C Down=0;C Left=0;C Right=0;C Up=0;DPad D=0;DPad L=0;DPad R=0;DPad U=0;L=0;R=0;Start=0;X Axis=0;Y Axis=0;Z=0"
2570,48,0,111,"","A=0;A Down=0;A Left=0;A Right=0;A Up=0;B=0;C Down=0;C Left=0;C Right=0;C Up=0;DPad D=0;DPad L=0;DPad R=0;DPad U=0;L=0;R=0;Start=0;X Axis=0;Y Axis=0;Z=0"
2571,49,0,111,"","A=0;A Down=0;A Left=0;A Right=0;A Up=0;B=0;C Down=0;C Left=0;C Right=0;C Up=0;DPad D=0;DPad L=0;DPad R=0;DPad U=0;L=0;R=0;Start=0;X Axis=0;Y Axis=0;Z=0"
2572,50,0,111,"","A=0;A Down=0;A Left=0;A Right=0;A Up=0;B=0;C Down=0;C Left=0;C Right=0;C Up=0;DPad D=0;DPad L=0;DPad R=0;DPad U=0;L=0;R=0;Start=0;X Axis=0;Y Axis=0;Z=0"
2573,51,0,111,"","A=0;A Down=0;A Left=0;A Right=0;A Up=0;B=0;C Down=0;C Left=0;C Right=0;C Up=0;DPad D=0;DPad L=0;DPad R=0;DPad U=0;L=0;R=0;Start=0;X Axis=0;Y Axis=0;Z=0"
2574,52,0,111,"","A=0;A Down=0;A Left=0;A Right=0;A Up=0;B=0;C Down=0;C Left=0;C Right=0;C Up=0;DPad D=0;DPad L=0;DPad R=0;DPad U=0;L=0;R=0;Start=0;X Axis=0;Y Axis=0;Z=0"
2575,53,0,111,"","A=0;A Down=0;A Left=0;A Right=0;A Up=0;B=0;C Down=0;C Left=0;C Right=0;C Up=0;DPad D=0;DPad L=0;DPad R=0;DPad U=0;L=0;R=0;Start=0;X Axis=0;Y Axis=0;Z=0"
2576,54,0,111,"","A=0;A Down=0;A Left=0;A Right=0;A Up=0;B=0;C Down=0;C Left=0;C Right=0;C Up=0;DPad D=0;DPad L=0;DPad R=0;DPad U=0;L=0;R=0;Start=0;X Axis=0;Y Axis=0;Z=0"
2577,55,0,111,"","A=0;A Down=0;A Left=0;A Right=0;A Up=0;B=0;C Down=0;C Left=0;C Right=0;C Up=0;DPad D=0;DPad L=0;DPad R=0;DPad U=0;L=0;R=0;Start=0;X Axis=0;Y Axis=0;Z=0"
2578,56,0,111,"","A=0;A Down=0;A Left=0;A Right=0;A Up=0;B=0;C Down=0;C Left=0;C Right=0;C Up=0;DPad D=0;DPad L=0;DPad R=0;DPad U=0;L=0;R=0;Start=0;X Axis=0;Y Axis=0;Z=0"
2579,57,0,111,"","A=0;A Down=0;A Left=0;A Right=0;A Up=0;B=0;C Down=0;C Left=0;C Right=0;C Up=0;DPad D=0;DPad L=0;DPad R=0;DPad U=0;L=0;R=0;Start=0;X Axis=0;Y Axis=0;Z=0"
2580,58,0,111,"","A=0;A Down=0;A Left=0;A Right=0;A Up=0;B=0;C Down=0;C Left=0;C Right=0;C Up=0;DPad D=0;DPad L=0;DPad R=0;DPad U=0;L=0;R=0;Start=0;X Axis=0;Y Axis=0;Z=0"
2581,59,0,111,"","A=0;A Down=0;A Left=0;A Right=0;A Up=0;B=0;C Down=0;C Left=0;C Right=0;C Up=0;DPad D=0;DPad L=0;DPad R=0;DPad U=0;L=0;R=0;Start=0;X Axis=0;Y Axis=0;Z=0"
2582,60,0,111,"","A=0;A Down=0;A Left=0;A Right=0;A Up=0;B=0;C Down=0;C Left=0;C Right=0;C Up=0;DPad D=0;DPad L=0;DPad R=0;DPad U=0;L=0;R=0;Start=0;X Axis=0;Y Axis=0;Z=0"
2583,61,0,111,"","A=0;A Down=0;A Left=0;A Right=0;A Up=0;B=0;C Down=0;C Left=0;C Right=0;C Up=0;DPad D=0;DPad L=0;DPad R=0;DPad U=0;L=0;R=0;Start=0;X Axis=0;Y Axis=0;Z=0"
2584,62,0,111,"","A=0;A Down=0;A Left=0;A Right=0;A Up=0;B=0;C Down=0;C Left=0;C Right=0;C Up=0;DPad D=0;DPad L=0;DPad R=0;DPad U=0;L=0;R=0;Start=0;X Axis=0;Y Axis=0;Z=0"
2585,63,0,111,"","A=0;A Down=0;A Left=0;A Right=0;A Up=0;B=0;C Down=0;C Left=0;C Right=0;C Up=0;DPad D=0;DPad L=0;DPad R=0;DPad U=0;L=0;R=0;Start=0;X Axis=0;Y Axis=0;Z=0"
2586,64,0,111,"","A=0;A Down=0;A Left=0;A Right=0;A Up=0;B=0;C Down=0;C Left=0;C Right=0;C Up=0;DPad D=0;DPad L=0;DPad R=0;DPad U=0;L=0;R=0;Start=0;X Axis=0;Y Axis=0;Z=0"
2587,65,0,111,"","A=0;A Down=0;A Left=0;A Right=0;A Up=0;B=0;C Down=0;C Left=0;C Right=0;C Up=0;DPad D=0;DPad L=0;DPad R=0;DPad U=0;L=0;R=0;Start=0;X Axis=0;Y Axis=0;Z=0"
2588,66,0,111,"","A=0;A Down=0;A Left=0;A Right=0;A Up=0;B=0;C Down=0;C Left=0;C Right=0;C Up=0;DPad D=0;DPad L=0;DPad R=0;DPad U=0;L=0;R=0;Start=0;X Axis=0;Y Axis=0;Z=0"
2589,67,0,111,"","A=0;A Down=0;A Left=0;A Right=0;A Up=0;B=0;C Down=0;C Left=0;C Right=0;C Up=0;DPad D=0;DPad L=0;DPad R=0;DPad U=0;L=0;R=0;Start=0;X Axis=0;Y Axis=0;Z=0"
2590,68,0,111,"","A=0;A Down=0;A Left=0;A Right=0;A Up=0;B=0;C Down=0;C Left=0;C Right=0;C Up=0;DPad D=0;DPad L=0;DPad R=0;DPad U=0;L=0;R=0;Start=0;X Axis=0;Y Axis=0;Z=0"
2591,69,0,111,"","A=0;A Down=0;A Left=0;A Right=0;A Up=0;B=0;C Down=0;C Left=0;C Right=0;C Up=0;DPad D=0;DPad L=0;DPad R=0;DPad U=0;L=0;R=0;Start=0;X Axis=0;Y Axis=0;Z=0"
2592,70,0,111,"","A=0;A Down=0;A Left=0;A Right=0;A Up=0;B=0;C Down=0;C Left=0;C Right=0;C Up=0;DPad D=0;DPad L=0;DPad R=0;DPad U=0;L=0;R=0;Start=0;X Axis=0;Y Axis=0;Z=0"
2593,71,0,111,"","A=0;A Down=0;A Left=0;A Right=0;A Up=0;B=0;C Down=0;C Left=0;C Right=0;C Up=0;DPad D=0;DPad L=0;DPad R=0;DPad U=0;L=0;R=0;Start=0;X Axis=0;Y Axis=0;Z=0"
2594,72,0,111,"","A=0;A Down=0;A Left=0;A Right=0;A Up=0;B=0;C Down=0;C Left=0;C Right=0;C Up=0;DPad D=0;DPad L=0;DPad R=0;DPad U=0;L=0;R=0;Start=0;X Axis=0;Y Axis=0;Z=0"
2595,73,0,111,"","A=0;A Down=0;A Left=0;A Right=0;A Up=0;B=0;C Down=0;C Left=0;C Right=0;C Up=0;DPad D=0;DPad L=0;DPad R=0;DPad U=0;L=0;R=0;Start=0;X Axis=0;Y Axis=0;Z=0"
2596,74,0,111,"","A=0;A Down=0;A Left=0;A Right=0;A Up=0;B=0;C Down=0;C Left=0;C Right=0;C Up=0;DPad D=0;DPad L=0;DPad R=0;DPad U=0;L=0;R=0;Start=0;X Axis=0;Y Axis=0;Z=0"
2597,75,0,111,"","A=0;A Down=0;A Left=0;A Right=0;A Up=0;B=0;C Down=0;C Left=0;C Right=0;C Up=0;DPad D=0;DPad L=0;DPad R=0;DPad U=0;L=0;R=0;Start=0;X Axis=0;Y Axis=0;Z=0"
2598,76,0,111,"","A=0;A Down=0;A Left=0;A Right=0;A Up=0;B=0;C Down=0;C Left=0;C Right=0;C Up=0;DPad D=0;DPad L=0;DPad R=0;DPad U=0;L=0;R=0;Start=0;X Axis=0;Y Axis=0;Z=0"
2599,77,0,111,"","A=0;A Down=0;A Left=0;A Right=0;A Up=0;B=0;C Down=0;C Left=0;C Right=0;C Up=0;DPad D=0;DPad L=0;DPad R=0;DPad U=0;L=0;R=0;Start=0;X Axis=0;Y Axis=0;Z=0"
2600,78,0,111,"","A=0;A Down=0;A Left=0;A Right=0;A Up=0;B=0;C Down=0;C Left=0;C Right=0;C Up=0;DPad D=0;DPad L=0;DPad R=0;DPad U=0;L=0;R=0;Start=0;X Axis=0;Y Axis=0;Z=0"
2601,79,0,111,"","A=0;A Down=0;A Left=0;A Right=0;A Up=0;B=0;C Down=0;C Left=0;C Right=0;C Up=0;DPad D=0;DPad L=0;DPad R=0;DPad U=0;L=0;R=0;Start=0;X Axis=0;Y Axis=0;Z=0"
2602,80,0,111,"","A=0;A Down=0;A Left=0;A Right=0;A Up=0;B=0;C Down=0;C Left=0;C Right=0;C Up=0;DPad D=0;DPad L=0;DPad R=0;DPad U=0;L=0;R=0;Start=0;X Axis=0;Y Axis=0;Z=0"
2603,81,0,111,"","A=0;A Down=0;A Left=0;A Right=0;A Up=0;B=0;C Down=0;C Left=0;C Right=0;C Up=0;DPad D=0;DPad L=0;DPad R=0;DPad U=0;L=0;R=0;Start=0;X Axis=0;Y Axis=0;Z=0"
2604,82,0,111,"","A=0;A Down=0;A Left=0;A Right=0;A Up=0;B=0;C Down=0;C Left=0;C Right=0;C Up=0;DPad D=0;DPad L=0;DPad R=0;DPad U=0;L=0;R=0;Start=0;X Axis=0;Y Axis=0;Z=0"
2605,83,0,111,"","A=0;A Down=0;A Left=0;A Right=0;A Up=0;B=0;C Down=0;C Left=0;C Right=0;C Up=0;DPad D=0;DPad L=0;DPad R=0;DPad U=0;L=0;R=0;Start=0;X Axis=0;Y Axis=0;Z=0"
2606,84,0,111,"","A=0;A Down=0;A Left=0;A Right=0;A Up=0;B=0;C Down=0;C Left=0;C Right=0;C Up=0;DPad D=0;DPad L=0;DPad R=0;DPad U=0;L=0;R=0;Start=0;X Axis=0;Y Axis=0;Z=0"
2607,85,0,111,"","A=0;A Down=0;A Left=0;A Right=0;A Up=0;B=0;C Down=0;C Left=0;C Right=0;C Up=0;DPad D=0;DPad L=0;DPad R=0;DPad U=0;L=0;R=0;Start=0;X Axis=0;Y Axis=0;Z=0"
2608,86,0,111,"","A=0;A Down=0;A Left=0;A Right=0;A Up=0;B=0;C Down=0;C Left=0;C Right=0;C Up=0;DPad D=0;DPad L=0;DPad R=0;DPad U=0;L=0;R=0;Start=0;X Axis=0;Y Axis=0;Z=0"
2609,87,0,111,"","A=0;A Down=0;A Left=0;A Right=0;A Up=0;B=0;C Down=0;C Left=0;C Right=0;C Up=0;DPad D=0;DPad L=0;DPad R=0;DPad U=0;L=0;R=0;Start=0;X Axis=0;Y Axis=0;Z=0"
2610,88,0,111,"","A=0;A Down=0;A Left=0;A Right=0;A Up=0;B=0;C Down=0;C Left=0;C Right=0;C Up=0;DPad D=0;DPad L=0;DPad R=0;DPad U=0;L=0;R=0;Start=0;X Axis=0;Y Axis=0;Z=0"
2611,89,0,111,"","A=0;A Down=0;A Left=0;A Right=0;A Up=0;B=0;C Down=0;C Left=0;C Right=0;C Up=0;DPad D=0;DPad L=0;DPad R=0;DPad U=0;L=0;R=0;Start=0;X Axis=0;Y Axis=0;Z=0"
2612,90,0,111,"","A=0;A Down=0;A Left=0;A Right=0;A Up=0;B=0;C Down=0;C Left=0;C Right=0;C Up=0;DPad D=0;DPad L=0;DPad R=0;DPad U=0;L=0;R=0;Start=0;X Axis=0;Y Axis=0;Z=0"
2613,91,0,111,"","A=0;A Down=0;A Left=0;A Right=0;A Up=0;B=0;C Down=0;C Left=0;C Right=0;C Up=0;DPad D=0;DPad L=0;DPad R=0;DPad U=0;L=0;R=0;Start=0;X Axis=0;Y Axis=0;Z=0"
2614,92,0,111,"","A=0;A Down=0;A Left=0;A Right=0;A Up=0;B=0;C Down=0;C Left=0;C Right=0;C Up=0;DPad D=0;DPad L=0;DPad R=0;DPad U=0;L=0;R=0;Start=0;X Axis=0;Y Axis=0;Z=0"
2615,93,0,111,"","A=0;A Down=0;A Left=0;A Right=0;A Up=0;B=0;C Down=0;C Left=0;C Right=0;C Up=0;DPad D=0;DPad L=0;DPad R=0;DPad U=0;L=0;R=0;Start=0;X Axis=0;Y Axis=0;Z=0"
2616,94,0,111,"","A=0;A Down=0;A Left=0;A Right=0;A Up=0;B=0;C Down=0;C Left=0;C Right=0;C Up=0;DPad D=0;DPad L=0;DPad R=0;DPad U=0;L=0;R=0;Start=0;X Axis=0;Y Axis=0;Z=0"
2617,95,0,111,"","A=0;A Down=0;A Left=0;A Right=0;A Up=0;B=0;C Down=0;C Left=0;C Right=0;C Up=0;DPad D=0;DPad L=0;DPad R=0;DPad U=0;L=0;R=0;Start=0;X Axis=0;Y Axis=0;Z=0"
2618,96,0,111,"","A=0;A Down=0;A Left=0;A Right=0;A Up=0;B=0;C Down=0;C Left=0;C Right=0;C Up=0;DPad D=0;DPad L=0;DPad R=0;DPad U=0;L=0;R=0;Start=0;X Axis=0;Y Axis=0;Z=0"
2619,97,0,111,"","A=0;A Down=0;A Left=0;A Right=0;A Up=0;B=0;C Down=0;C Left=0;C Right=0;C Up=0;DPad D=0;DPad L=0;DPad R=0;DPad U=0;L=0;R=0;Start=0;X Axis=0;Y Axis=0;Z=0"
2620,98,0,111,"","A=0;A Down=0;A Left=0;A Right=0;A Up=0;B=0;C Down=0;C Left=0;C Right=0;C Up=0;DPad D=0;DPad L=0;DPad R=0;DPad U=0;L=0;R=0;Start=0;X Axis=0;Y Axis=0;Z=0"
2621,99,0,111,"","A=0;A Down=0;A Left=0;A Right=0;A Up=0;B=0;C Down=0;C Left=0;C Right=0;C Up=0;DPad D=0;DPad L=0;DPad R=0;DPad U=0;L=0;R=0;Start=0;X Axis=0;Y Axis=0;Z=0"
2622,100,0,111,"","A=0;A Down=0;A Left=0;A Right=0;A Up=0;B=0;C Down=0;C Left=0;C Right=0;C Up=0;DPad D=0;DPad L=0;DPad R=0;DPad U=0;L=0;R=0;Start=0;X Axis=0;Y Axis=0;Z=0"
2623,101,0,111,"","A=0;A Down=0;A Left=0;A Right=0;A Up=0;B=0;C Down=0;C Left=0;C Right=0;C Up=0;DPad D=0;DPad L=0;DPad R=0;DPad U=0;L=0;R=0;Start=0;X Axis=0;Y Axis=0;Z=0"
2624,102,0,111,"","A=0;A Down=0;A Left=0;A Right=0;A Up=0;B=0;C Down=0;C Left=0;C Right=0;C Up=0;DPad D=0;DPad L=0;DPad R=0;DPad U=0;L=0;R=0;Start=0;X Axis=0;Y Axis=0;Z=0"
2625,103,0,111,"","A=0;A Down=0;A Left=0;A Right=0;A Up=0;B=0;C Down=0;C Left=0;C Right=0;C Up=0;DPad D=0;DPad L=0;DPad R=0;DPad U=0;L=0;R=0;Start=0;X Axis=0;Y Axis=0;Z=0"
2626,104,0,111,"","A=0;A Down=0;A Left=0;A Right=0;A Up=0;B=0;C Down=0;C Left=0;C Right=0;C Up=0;DPad D=0;DPad L=0;DPad R=0;DPad U=0;L=0;R=0;Start=0;X Axis=0;Y Axis=0;Z=0"
2627,105,0,111,"","A=0;A Down=0;A Left=0;A Right=0;A Up=0;B=0;C Down=0;C Left=0;C Right=0;C Up=0;DPad D=0;DPad L=0;DPad R=0;DPad U=0;L=0;R=0;Start=0;X Axis=0;Y Axis=0;Z=0"
2628,106,0,111,"","A=0;A Down=0;A Left=0;A Right=0;A Up=0;B=0;C Down=0;C Left=0;C Right=0;C Up=0;DPad D=0;DPad L=0;DPad R=0;DPad U=0;L=0;R=0;Start=0;X Axis=0;Y Axis=0;Z=0"
2629,107,0,111,"","A=0;A Down=0;A Left=0;A Right=0;A Up=0;B=0;C Down=0;C Left=0;C Right=0;C Up=0;DPad D=0;DPad L=0;DPad R=0;DPad U=0;L=0;R=0;Start=0;X Axis=0;Y Axis=0;Z=0"
2630,108,0,111,"","A=0;A Down=0;A Left=0;A Right=0;A Up=0;B=0;C Down=0;C Left=0;C Right=0;C Up=0;DPad D=0;DPad L=0;DPad R=0;DPad U=0;L=0;R=0;Start=0;X Axis=0;Y Axis=0;Z=0"
2631,109,0,111,"","A=0;A Down=0;A Left=0;A Right=0;A Up=0;B=0;C Down=0;C Left=0;C Right=0;C Up=0;DPad D=0;DPad L=0;DPad R=0;DPad U=0;L=0;R=0;Start=0;X Axis=0;Y Axis=0;Z=0"
2632,110,0,111,"","A=0;A Down=0;A Left=0;A Right=0;A Up=0;B=0;C Down=0;C Left=0;C Right=0;C Up=0;DPad D=0;DPad L=0;DPad R=0;DPad U=0;L=0;R=0;Start=0;X Axis=0;Y Axis=0;Z=0"
2633,111,0,111,"","A=0;A Down=0;A Left=0;A Right=0;A Up=0;B=0;C Down=0;C Left=0;C Right=0;C Up=0;DPad D=0;DPad L=0;DPad R=0;DPad U=0;L=0;R=0;Start=0;X Axis=0;Y Axis=0;Z=0"
2634,112,0,111,"","A=0;A Down=0;A Left=0;A Right=0;A Up=0;B=0;C Down=0;C Left=0;C Right=0;C Up=0;DPad D=0;DPad L=0;DPad R=0;DPad U=0;L=0;R=0;Start=0;X Axis=0;Y Axis=0;Z=0"
2635,113,0,111,"","A=0;A Down=0;A Left=0;A Right=0;A Up=0;B=0;C Down=0;C Left=0;C Right=0;C Up=0;DPad D=0;DPad L=0;DPad R=0;DPad U=0;L=0;R=0;Start=0;X Axis=0;Y Axis=0;Z=0"
2636,114,0,111,"","A=0;A Down=0;A Left=0;A Right=0;A Up=0;B=0;C Down=0;C Left=0;C Right=0;C Up=0;DPad D=0;DPad L=0;DPad R=0;DPad U=0;L=0;R=0;Start=0;X Axis=0;Y Axis=0;Z=0"
2637,115,0,111,"","A=0;A Down=0;A Left=0;A Right=0;A Up=0;B=0;C Down=0;C Left=0;C Right=0;C Up=0;DPad D=0;DPad L=0;DPad R=0;DPad U=0;L=0;R=0;Start=0;X Axis=0;Y Axis=0;Z=0"
2638,116,0,111,"","A=0;A Down=0;A Left=0;A Right=0;A Up=0;B=0;C Down=0;C Left=0;C Right=0;C Up=0;DPad D=0;DPad L=0;DPad R=0;DPad U=0;L=0;R=0;Start=0;X Axis=0;Y Axis=0;Z=0"
2639,117,0,111,"","A=0;A Down=0;A Left=0;A Right=0;A Up=0;B=0;C Down=0;C Left=0;C Right=0;C Up=0;DPad D=0;DPad L=0;DPad R=0;DPad U=0;L=0;R=0;Start=0;X Axis=0;Y Axis=0;Z=0"
2640,118,0,111,"","A=0;A Down=0;A Left=0;A Right=0;A Up=0;B=0;C Down=0;C Left=0;C Right=0;C Up=0;DPad D=0;DPad L=0;DPad R=0;DPad U=0;L=0;R=0;Start=0;X Axis=0;Y Axis=0;Z=0"
2641,119,0,111,"","A=0;A Down=0;A Left=0;A Right=0;A Up=0;B=0;C Down=0;C Left=0;C Right=0;C Up=0;DPad D=0;DPad L=0;DPad R=0;DPad U=0;L=0;R=0;Start=0;X Axis=0;Y Axis=0;Z=0"
2642,120,0,111,"","A=0;A Down=0;A Left=0;A Right=0;A Up=0;B=0;C Down=0;C Left=0;C Right=0;C Up=0;DPad D=0;DPad L=0;DPad R=0;DPad U=0;L=0;R=0;Start=0;X Axis=0;Y Axis=0;Z=0"
2643,121,0,111,"","A=0;A Down=0;A Left=0;A Right=0;A Up=0;B=0;C Down=0;C Left=0;C Right=0;C Up=0;DPad D=0;DPad L=0;DPad R=0;DPad U=0;L=0;R=0;Start=0;X Axis=0;Y Axis=0;Z=0"
2644,122,0,111,"","A=0;A Down=0;A Left=0;A Right=0;A Up=0;B=0;C Down=0;C Left=0;C Right=0;C Up=0;DPad D=0;DPad L=0;DPad R=0;DPad U=0;L=0;R=0;Start=0;X Axis=0;Y Axis=0;Z=0"
2645,123,0,111,"","A=0;A Down=0;A Left=0;A Right=0;A Up=0;B=0;C Down=0;C Left=0;C Right=0;C Up=0;DPad D=0;DPad L=0;DPad R=0;DPad U=0;L=0;R=0;Start=0;X Axis=0;Y Axis=0;Z=0"
2646,124,0,111,"","A=0;A Down=0;A Left=0;A Right=0;A Up=0;B=0;C Down=0;C Left=0;C Right=0;C Up=0;DPad D=0;DPad L=0;DPad R=0;DPad U=0;L=0;R=0;Start=0;X Axis=0;Y Axis=0;Z=0"
2647,125,0,111,"","A=0;A Down=0;A Left=0;A Right=0;A Up=0;B=0;C Down=0;C Left=0;C Right=0;C Up=0;DPad D=0;DPad L=0;DPad R=0;DPad U=0;L=0;R=0;Start=0;X Axis=0;Y Axis=0;Z=0"
2648,126,0,111,"","A=0;A Down=0;A Left=0;A Right=0;A Up=0;B=0;C Down=0;C Left=0;C Right=0;C Up=0;DPad D=0;DPad L=0;DPad R=0;DPad U=0;L=0;R=0;Start=0;X Axis=0;Y Axis=0;Z=0"
2649,127,0,111,"","A=0;A Down=0;A Left=0;A Right=0;A Up=0;B=0;C Down=0;C Left=0;C Right=0;C Up=0;DPad D=0;DPad L=0;DPad R=0;DPad U=0;L=0;R=0;Start=0;X Axis=0;Y Axis=0;Z=0"
2650,128,0,111,"","A=0;A Down=0;A Left=0;A Right=0;A Up=0;B=0;C Down=0;C Left=0;C Right=0;C Up=0;DPad D=0;DPad L=0;DPad R=0;DPad U=0;L=0;R=0;Start=0;X Axis=0;Y Axis=0;Z=0"
2651,129,0,111,"","A=0;A Down=0;A Left=0;A Right=0;A Up=0;B=0;C Down=0;C Left=0;C Right=0;C Up=0;DPad D=0;DPad L=0;DPad R=0;DPad U=0;L=0;R=0;Start=0;X Axis=0;Y Axis=0;Z=0"
2652,130,0,111,"","A=0;A Down=0;A Left=0;A Right=0;A Up=0;B=0;C Down=0;C Left=0;C Right=0;C Up=0;DPad D=0;DPad L=0;DPad R=0;DPad U=0;L=0;R=0;Start=0;X Axis=0;Y Axis=0;Z=0"
2653,131,0,111,"","A=0;A Down=0;A Left=0;A Right=0;A Up=0;B=0;C Down=0;C Left=0;C Right=0;C Up=0;DPad D=0;DPad L=0;DPad R=0;DPad U=0;L=0;R=0;Start=0;X Axis=0;Y Axis=0;Z=0"
2654,132,0,111,"","A=0;A Down=0;A Left=0;A Right=0;A Up=0;B=0;C Down=0;C Left=0;C Right=0;C Up=0;DPad D=0;DPad L=0;DPad R=0;DPad U=0;L=0;R=0;Start=0;X Axis=0;Y Axis=0;Z=0"
2655,133,0,111,"","A=0;A Down=0;A Left=0;A Right=0;A Up=0;B=0;C Down=0;C Left=0;C Right=0;C Up=0;DPad D=0;DPad L=0;DPad R=0;DPad U=0;L=0;R=0;Start=0;X Axis=0;Y Axis=0;Z=0"
2656,134,0,111,"","A=0;A Down=0;A Left=0;A Right=0;A Up=0;B=0;C Down=0;C Left=0;C Right=0;C Up=0;DPad D=0;DPad L=0;DPad R=0;DPad U=0;L=0;R=0;Start=0;X Axis=0;Y Axis=0;Z=0"
2657,135,0,111,"","A=0;A Down=0;A Left=0;A Right=0;A Up=0;B=0;C Down=0;C Left=0;C Right=0;C Up=0;DPad D=0;DPad L=0;DPad R=0;DPad U=0;L=0;R=0;Start=0;X Axis=0;Y Axis=0;Z=0"
2658,136,0,111,"","A=0;A Down=0;A Left=0;A Right=0;A Up=0;B=0;C Down=0;C Left=0;C Right=0;C Up=0;DPad D=0;DPad L=0;DPad R=0;DPad U=0;L=0;R=0;Start=0;X Axis=0;Y Axis=0;Z=0"
2659,137,0,111,"","A=0;A Down=0;A Left=0;A Right=0;A Up=0;B=0;C Down=0;C Left=0;C Right=0;C Up=0;DPad D=0;DPad L=0;DPad R=0;DPad U=0;L=0;R=0;Start=0;X Axis=0;Y Axis=0;Z=0"
2660,138,0,111,"","A=0;A Down=0;A Left=0;A Right=0;A Up=0;B=0;C Down=0;C Left=0;C Right=0;C Up=0;DPad D=0;DPad L=0;DPad R=0;DPad U=0;L=0;R=0;Start=0;X Axis=0;Y Axis=0;Z=0"
2661,139,0,111,"","A=0;A Down=0;A Left=0;A Right=0;A Up=0;B=0;C Down=0;C Left=0;C Right=0;C Up=0;DPad D=0;DPad L=0;DPad R=0;DPad U=0;L=0;R=0;Start=0;X Axis=0;Y Axis=0;Z=0"
2662,140,0,111,"","A=0;A Down=0;A Left=0;A Right=0;A Up=0;B=0;C Down=0;C Left=0;C Right=0;C Up=0;DPad D=0;DPad L=0;DPad R=0;DPad U=0;L=0;R=0;Start=0;X Axis=0;Y Axis=0;Z=0"
2663,141,0,111,"","A=0;A Down=0;A Left=0;A Right=0;A Up=0;B=0;C Down=0;C Left=0;C Right=0;C Up=0;DPad D=0;DPad L=0;DPad R=0;DPad U=0;L=0;R=0;Start=0;X Axis=0;Y Axis=0;Z=0"
2664,142,0,111,"","A=0;A Down=0;A Left=0;A Right=0;A Up=0;B=0;C Down=0;C Left=0;C Right=0;C Up=0;DPad D=0;DPad L=0;DPad R=0;DPad U=0;L=0;R=0;Start=0;X Axis=0;Y Axis=0;Z=0"
2665,143,0,111,"","A=0;A Down=0;A Left=0;A Right=0;A Up=0;B=0;C Down=0;C Left=0;C Right=0;C Up=0;DPad D=0;DPad L=0;DPad R=0;DPad U=0;L=0;R=0;Start=0;X Axis=0;Y Axis=0;Z=0"
2666,144,0,111,"","A=0;A Down=0;A Left=0;A Right=0;A Up=0;B=0;C Down=0;C Left=0;C Right=0;C Up=0;DPad D=0;DPad L=0;DPad R=0;DPad U=0;L=0;R=0;Start=0;X Axis=0;Y Axis=0;Z=0"
2667,145,0,111,"","A=0;A Down=0;A Left=0;A Right=0;A Up=0;B=0;C Down=0;C Left=0;C Right=0;C Up=0;DPad D=0;DPad L=0;DPad R=0;DPad U=0;L=0;R=0;Start=0;X Axis=0;Y Axis=0;Z=0"
2668,146,0,111,"","A=0;A Down=0;A Left=0;A Right=0;A Up=0;B=0;C Down=0;C Left=0;C Right=0;C Up=0;DPad D=0;DPad L=0;DPad R=0;DPad U=0;L=0;R=0;Start=0;X Axis=0;Y Axis=0;Z=0"
2669,147,0,111,"","A=0;A Down=0;A Left=0;A Right=0;A Up=0;B=0;C Down=0;C Left=0;C Right=0;C Up=0;DPad D=0;DPad L=0;DPad R=0;DPad U=0;L=0;R=0;Start=0;X Axis=0;Y Axis=0;Z=0"
2670,148,0,111,"","A=0;A Down=0;A Left=0;A Right=0;A Up=0;B=0;C Down=0;C Left=0;C Right=0;C Up=0;DPad D=0;DPad L=0;DPad R=0;DPad U=0;L=0;R=0;Start=0;X Axis=0;Y Axis=0;Z=0"
2671,149,0,111,"","A=0;A Down=0;A Left=0;A Right=0;A Up=0;B=0;C Down=0;C Left=0;C Right=0;C Up=0;DPad D=0;DPad L=0;DPad R=0;DPad U=0;L=0;R=0;Start=0;X Axis=0;Y Axis=0;Z=0"
2672,150,0,111,"","A=0;A Down=0;A Left=0;A Right=0;A Up=0;B=0;C Down=0;C Left=0;C Right=0;C Up=0;DPad D=0;DPad L=0;DPad R=0;DPad U=0;L=0;R=0;Start=0;X Axis=0;Y Axis=0;Z=0"
2673,151,0,111,"","A=0;A Down=0;A Left=0;A Right=0;A Up=0;B=0;C Down=0;C Left=0;C Right=0;C Up=0;DPad D=0;DPad L=0;DPad R=0;DPad U=0;L=0;R=0;Start=0;X Axis=0;Y Axis=0;Z=0"
2674,152,0,111,"","A=0;A Down=0;A Left=0;A Right=0;A Up=0;B=0;C Down=0;C Left=0;C Right=0;C Up=0;DPad D=0;DPad L=0;DPad R=0;DPad U=0;L=0;R=0;Start=0;X Axis=0;Y Axis=0;Z=0"
2675,153,0,111,"","A=0;A Down=0;A Left=0;A Right=0;A Up=0;B=0;C Down=0;C Left=0;C Right=0;C Up=0;DPad D=0;DPad L=0;DPad R=0;DPad U=0;L=0;R=0;Start=0;X Axis=0;Y Axis=0;Z=0"
2676,154,0,111,"","A=0;A Down=0;A Left=0;A Right=0;A Up=0;B=0;C Down=0;C Left=0;C Right=0;C Up=0;DPad D=0;DPad L=0;DPad R=0;DPad U=0;L=0;R=0;Start=0;X Axis=0;Y Axis=0;Z=0"
2677,155,0,111,"","A=0;A Down=0;A Left=0;A Right=0;A Up=0;B=0;C Down=0;C Left=0;C Right=0;C Up=0;DPad D=0;DPad L=0;DPad R=0;DPad U=0;L=0;R=0;Start=0;X Axis=0;Y Axis=0;Z=0"
2678,156,0,111,"","A=0;A Down=0;A Left=0;A Right=0;A Up=0;B=0;C Down=0;C Left=0;C Right=0;C Up=0;DPad D=0;DPad L=0;DPad R=0;DPad U=0;L=0;R=0;Start=0;X Axis=0;Y Axis=0;Z=0"
2679,157,0,111,"","A=0;A Down=0;A Left=0;A Right=0;A Up=0;B=0;C Down=0;C Left=0;C Right=0;C Up=0;DPad D=0;DPad L=0;DPad R=0;DPad U=0;L=0;R=0;Start=0;X Axis=0;Y Axis=0;Z=0"
2680,158,0,111,"","A=0;A Down=0;A Left=0;A Right=0;A Up=0;B=0;C Down=0;C Left=0;C Right=0;C Up=0;DPad D=0;DPad L=0;DPad R=0;DPad U=0;L=0;R=0;Start=0;X Axis=0;Y Axis=0;Z=0"
2681,159,0,111,"","A=0;A Down=0;A Left=0;A Right=0;A Up=0;B=0;C Down=0;C Left=0;C Right=0;C Up=0;DPad D=0;DPad L=0;DPad R=0;DPad U=0;L=0;R=0;Start=0;X Axis=0;Y Axis=0;Z=0"
2682,160,0,111,"","A=0;A Down=0;A Left=0;A Right=0;A Up=0;B=0;C Down=0;C Left=0;C Right=0;C Up=0;DPad D=0;DPad L=0;DPad R=0;DPad U=0;L=0;R=0;Start=0;X Axis=0;Y Axis=0;Z=0"
2683,161,0,111,"","A=0;A Down=0;A Left=0;A Right=0;A Up=0;B=0;C Down=0;C Left=0;C Right=0;C Up=0;DPad D=0;DPad L=0;DPad R=0;DPad U=0;L=0;R=0;Start=0;X Axis=0;Y Axis=0;Z=0"
2684,162,0,111,"","A=0;A Down=0;A Left=0;A Right=0;A Up=0;B=0;C Down=0;C Left=0;C Right=0;C Up=0;DPad D=0;DPad L=0;DPad R=0;DPad U=0;L=0;R=0;Start=0;X Axis=0;Y Axis=0;Z=0"
2685,163,0,111,"","A=0;A Down=0;A Left=0;A Right=0;A Up=0;B=0;C Down=0;C Left=0;C Right=0;C Up=0;DPad D=0;DPad L=0;DPad R=0;DPad U=0;L=0;R=0;Start=0;X Axis=0;Y Axis=0;Z=0"
2686,164,0,111,"","A=0;A Down=0;A Left=0;A Right=0;A Up=0;B=0;C Down=0;C Left=0;C Right=0;C Up=0;DPad D=0;DPad L=0;DPad R=0;DPad U=0;L=0;R=0;Start=0;X Axis=0;Y Axis=0;Z=0"
2687,165,0,111,"","A=0;A Down=0;A Left=0;A Right=0;A Up=0;B=0;C Down=0;C Left=0;C Right=0;C Up=0;DPad D=0;DPad L=0;DPad R=0;DPad U=0;L=0;R=0;Start=0;X Axis=0;Y Axis=0;Z=0"
2688,166,0,111,"","A=0;A Down=0;A Left=0;A Right=0;A Up=0;B=0;C Down=0;C Left=0;C Right=0;C Up=0;DPad D=0;DPad L=0;DPad R=0;DPad U=0;L=0;R=0;Start=0;X Axis=0;Y Axis=0;Z=0"
2689,167,0,111,"","A=0;A Down=0;A Left=0;A Right=0;A Up=0;B=0;C Down=0;C Left=0;C Right=0;C Up=0;DPad D=0;DPad L=0;DPad R=0;DPad U=0;L=0;R=0;Start=0;X Axis=0;Y Axis=0;Z=0"
2690,168,0,111,"","A=0;A Down=0;A Left=0;A Right=0;A Up=0;B=0;C Down=0;C Left=0;C Right=0;C Up=0;DPad D=0;DPad L=0;DPad R=0;DPad U=0;L=0;R=0;Start=0;X Axis=0;Y Axis=0;Z=0"
2691,169,0,111,"","A=0;A Down=0;A Left=0;A Right=0;A Up=0;B=0;C Down=0;C Left=0;C Right=0;C Up=0;DPad D=0;DPad L=0;DPad R=0;DPad U=0;L=0;R=0;Start=0;X Axis=0;Y Axis=0;Z=0"
2692,170,0,111,"","A=0;A Down=0;A Left=0;A Right=0;A Up=0;B=0;C Down=0;C Left=0;C Right=0;C Up=0;DPad D=0;DPad L=0;DPad R=0;DPad U=0;L=0;R=0;Start=0;X Axis=0;Y Axis=0;Z=0"
2693,171,0,111,"","A=0;A Down=0;A Left=0;A Right=0;A Up=0;B=0;C Down=0;C Left=0;C Right=0;C Up=0;DPad D=0;DPad L=0;DPad R=0;DPad U=0;L=0;R=0;Start=0;X Axis=0;Y Axis=0;Z=0"
2694,172,0,111,"","A=0;A Down=0;A Left=0;A Right=0;A Up=0;B=0;C Down=0;C Left=0;C Right=0;C Up=0;DPad D=0;DPad L=0;DPad R=0;DPad U=0;L=0;R=0;Start=0;X Axis=0;Y Axis=0;Z=0"
2695,173,0,111,"","A=0;A Down=0;A Left=0;A Right=0;A Up=0;B=0;C Down=0;C Left=0;C Right=0;C Up=0;DPad D=0;DPad L=0;DPad R=0;DPad U=0;L=0;R=0;Start=0;X Axis=0;Y Axis=0;Z=0"
2696,174,0,111,"","A=0;A Down=0;A Left=0;A Right=0;A Up=0;B=0;C Down=0;C Left=0;C Right=0;C Up=0;DPad D=0;DPad L=0;DPad R=0;DPad U=0;L=0;R=0;Start=0;X Axis=0;Y Axis=0;Z=0"
2697,175,0,111,"","A=0;A Down=0;A Left=0;A Right=0;A Up=0;B=0;C Down=0;C Left=0;C Right=0;C Up=0;DPad D=0;DPad L=0;DPad R=0;DPad U=0;L=0;R=0;Start=0;X Axis=0;Y Axis=0;Z=0"
2698,176,0,111,"","A=0;A Down=0;A Left=0;A Right=0;A Up=0;B=0;C Down=0;C Left=0;C Right=0;C Up=0;DPad D=0;DPad L=0;DPad R=0;DPad U=0;L=0;R=0;Start=0;X Axis=0;Y Axis=0;Z=0"
2699,177,0,111,"","A=0;A Down=0;A Left=0;A Right=0;A Up=0;B=0;C Down=0;C Left=0;C Right=0;C Up=0;DPad D=0;DPad L=0;DPad R=0;DPad U=0;L=0;R=0;Start=0;X Axis=0;Y Axis=0;Z=0"
2700,178,0,111,"","A=0;A Down=0;A Left=0;A Right=0;A Up=0;B=0;C Down=0;C Left=0;C Right=0;C Up=0;DPad D=0;DPad L=0;DPad R=0;DPad U=0;L=0;R=0;Start=0;X Axis=0;Y Axis=0;Z=0"
2701,179,0,111,"","A=0;A Down=0;A Left=0;A Right=0;A Up=0;B=0;C Down=0;C Left=0;C Right=0;C Up=0;DPad D=0;DPad L=0;DPad R=0;DPad U=0;L=0;R=0;Start=0;X Axis=0;Y Axis=0;Z=0"
2702,180,0,111,"","A=0;A Down=0;A Left=0;A Right=0;A Up=0;B=0;C Down=0;C Left=0;C Right=0;C Up=0;DPad D=0;DPad L=0;DPad R=0;DPad U=0;L=0;R=0;Start=0;X Axis=0;Y Axis=0;Z=0"
2703,181,0,111,"","A=0;A Down=0;A Left=0;A Right=0;A Up=0;B=0;C Down=0;C Left=0;C Right=0;C Up=0;DPad D=0;DPad L=0;DPad R=0;DPad U=0;L=0;R=0;Start=0;X Axis=0;Y Axis=0;Z=0"
2704,182,0,111,"","A=0;A Down=0;A Left=0;A Right=0;A Up=0;B=0;C Down=0;C Left=0;C Right=0;C Up=0;DPad D=0;DPad L=0;DPad R=0;DPad U=0;L=0;R=0;Start=0;X Axis=0;Y Axis=0;Z=0"
2705,183,0,111,"","A=0;A Down=0;A Left=0;A Right=0;A Up=0;B=0;C Down=0;C Left=0;C Right=0;C Up=0;DPad D=0;DPad L=0;DPad R=0;DPad U=0;L=0;R=0;Start=0;X Axis=0;Y Axis=0;Z=0"
2706,184,0,111,"","A=0;A Down=0;A Left=0;A Right=0;A Up=0;B=0;C Down=0;C Left=0;C Right=0;C Up=0;DPad D=0;DPad L=0;DPad R=0;DPad U=0;L=0;R=0;Start=0;X Axis=0;Y Axis=0;Z=0"
2707,185,0,111,"","A=0;A Down=0;A Left=0;A Right=0;A Up=0;B=0;C Down=0;C Left=0;C Right=0;C Up=0;DPad D=0;DPad L=0;DPad R=0;DPad U=0;L=0;R=0;Start=0;X Axis=0;Y Axis=0;Z=0"
2708,186,0,111,"","A=0;A Down=0;A Left=0;A Right=0;A Up=0;B=0;C Down=0;C Left=0;C Right=0;C Up=0;DPad D=0;DPad L=0;DPad R=0;DPad U=0;L=0;R=0;Start=0;X Axis=0;Y Axis=0;Z=0"
2709,187,0,111,"","A=0;A Down=0;A Left=0;A Right=0;A Up=0;B=0;C Down=0;C Left=0;C Right=0;C Up=0;DPad D=0;DPad L=0;DPad R=0;DPad U=0;L=0;R=0;Start=0;X Axis=0;Y Axis=0;Z=0"
2710,188,0,111,"","A=0;A Down=0;A Left=0;A Right=0;A Up=0;B=0;C Down=0;C Left=0;C Right=0;C Up=0;DPad D=0;DPad L=0;DPad R=0;DPad U=0;L=0;R=0;Start=0;X Axis=0;Y Axis=0;Z=0"
2711,189,0,111,"","A=0;A Down=0;A Left=0;A Right=0;A Up=0;B=0;C Down=0;C Left=0;C Right=0;C Up=0;DPad D=0;DPad L=0;DPad R=0;DPad U=0;L=0;R=0;Start=0;X Axis=0;Y Axis=0;Z=0"
2712,190,0,111,"","A=0;A Down=0;A Left=0;A Right=0;A Up=0;B=0;C Down=0;C Left=0;C Right=0;C Up=0;DPad D=0;DPad L=0;DPad R=0;DPad U=0;L=0;R=0;Start=0;X Axis=0;Y Axis=0;Z=0"
2713,191,0,111,"","A=0;A Down=0;A Left=0;A Right=0;A Up=0;B=0;C Down=0;C Left=0;C Right=0;C Up=0;DPad D=0;DPad L=0;DPad R=0;DPad U=0;L=0;R=0;Start=0;X Axis=0;Y Axis=0;Z=0"
2714,192,0,111,"","A=0;A Down=0;A Left=0;A Right=0;A Up=0;B=0;C Down=0;C Left=0;C Right=0;C Up=0;DPad D=0;DPad L=0;DPad R=0;DPad U=0;L=0;R=0;Start=0;X Axis=0;Y Axis=0;Z=0"
2715,193,0,111,"","A=0;A Down=0;A Left=0;A Right=0;A Up=0;B=0;C Down=0;C Left=0;C Right=0;C Up=0;DPad D=0;DPad L=0;DPad R=0;DPad U=0;L=0;R=0;Start=0;X Axis=0;Y Axis=0;Z=0"
2716,194,0,111,"","A=0;A Down=0;A Left=0;A Right=0;A Up=0;B=0;C Down=0;C Left=0;C Right=0;C Up=0;DPad D=0;DPad L=0;DPad R=0;DPad U=0;L=0;R=0;Start=0;X Axis=0;Y Axis=0;Z=0"
2717,195,0,111,"","A=0;A Down=0;A Left=0;A Right=0;A Up=0;B=0;C Down=0;C Left=0;C Right=0;C Up=0;DPad D=0;DPad L=0;DPad R=0;DPad U=0;L=0;R=0;Start=0;X Axis=0;Y Axis=0;Z=0"
2718,196,0,111,"","A=0;A Down=0;A Left=0;A Right=0;A Up=0;B=0;C Down=0;C Left=0;C Right=0;C Up=0;DPad D=0;DPad L=0;DPad R=0;DPad U=0;L=0;R=0;Start=0;X Axis=0;Y Axis=0;Z=0"
2719,197,0,111,"","A=0;A Down=0;A Left=0;A Right=0;A Up=0;B=0;C Down=0;C Left=0;C Right=0;C Up=0;DPad D=0;DPad L=0;DPad R=0;DPad U=0;L=0;R=0;Start=0;X Axis=0;Y Axis=0;Z=0"
2720,198,0,111,"","A=0;A Down=0;A Left=0;A Right=0;A Up=0;B=0;C Down=0;C Left=0;C Right=0;C Up=0;DPad D=0;DPad L=0;DPad R=0;DPad U=0;L=0;R=0;Start=0;X Axis=0;Y Axis=0;Z=0"
2721,199,0,111,"","A=0;A Down=0;A Left=0;A Right=0;A Up=0;B=0;C Down=0;C Left=0;C Right=0;C Up=0;DPad D=0;DPad L=0;DPad R=0;DPad U=0;L=0;R=0;Start=0;X Axis=0;Y Axis=0;Z=0"
2722,200,0,111,"","A=0;A Down=0;A Left=0;A Right=0;A Up=0;B=0;C Down=0;C Left=0;C Right=0;C Up=0;DPad D=0;DPad L=0;DPad R=0;DPad U=0;L=0;R=0;Start=0;X Axis=0;Y Axis=0;Z=0"
2723,201,0,111,"","A=0;A Down=0;A Left=0;A Right=0;A Up=0;B=0;C Down=0;C Left=0;C Right=0;C Up=0;DPad D=0;DPad L=0;DPad R=0;DPad U=0;L=0;R=0;Start=0;X Axis=0;Y Axis=0;Z=0"
2724,202,0,111,"","A=0;A Down=0;A Left=0;A Right=0;A Up=0;B=0;C Down=0;C Left=0;C Right=0;C Up=0;DPad D=0;DPad L=0;DPad R=0;DPad U=0;L=0;R=0;Start=0;X Axis=0;Y Axis=0;Z=0"
2725,203,0,111,"","A=0;A Down=0;A Left=0;A Right=0;A Up=0;B=0;C Down=0;C Left=0;C Right=0;C Up=0;DPad D=0;DPad L=0;DPad R=0;DPad U=0;L=0;R=0;Start=0;X Axis=0;Y Axis=0;Z=0"
2726,204,0,111,"","A=0;A Down=0;A Left=0;A Right=0;A Up=0;B=0;C Down=0;C Left=0;C Right=0;C Up=0;DPad D=0;DPad L=0;DPad R=0;DPad U=0;L=0;R=0;Start=0;X Axis=0;Y Axis=0;Z=0"
2727,205,0,111,"","A=0;A Down=0;A Left=0;A Right=0;A Up=0;B=0;C Down=0;C Left=0;C Right=0;C Up=0;DPad D=0;DPad L=0;DPad R=0;DPad U=0;L=0;R=0;Start=0;X Axis=0;Y Axis=0;Z=0"
2728,206,0,111,"","A=0;A Down=0;A Left=0;A Right=0;A Up=0;B=0;C Down=0;C Left=0;C Right=0;C Up=0;DPad D=0;DPad L=0;DPad R=0;DPad U=0;L=0;R=0;Start=0;X Axis=0;Y Axis=0;Z=0"
2729,207,0,111,"","A=0;A Down=0;A Left=0;A Right=0;A Up=0;B=0;C Down=0;C Left=0;C Right=0;C Up=0;DPad D=0;DPad L=0;DPad R=0;DPad U=0;L=0;R=0;Start=0;X Axis=0;Y Axis=0;Z=0"
2730,208,0,111,"","A=0;A Down=0;A Left=0;A Right=0;A Up=0;B=0;C Down=0;C Left=0;C Right=0;C Up=0;DPad D=0;DPad L=0;DPad R=0;DPad U=0;L=0;R=0;Start=0;X Axis=0;Y Axis=0;Z=0"
2731,209,0,111,"","A=0;A Down=0;A Left=0;A Right=0;A Up=0;B=0;C Down=0;C Left=0;C Right=0;C Up=0;DPad D=0;DPad L=0;DPad R=0;DPad U=0;L=0;R=0;Start=0;X Axis=0;Y Axis=0;Z=0"
2732,210,0,111,"","A=0;A Down=0;A Left=0;A Right=0;A Up=0;B=0;C Down=0;C Left=0;C Right=0;C Up=0;DPad D=0;DPad L=0;DPad R=0;DPad U=0;L=0;R=0;Start=0;X Axis=0;Y Axis=0;Z=0"
2733,211,0,111,"","A=0;A Down=0;A Left=0;A Right=0;A Up=0;B=0;C Down=0;C Left=0;C Right=0;C Up=0;DPad D=0;DPad L=0;DPad R=0;DPad U=0;L=0;R=0;Start=0;X Axis=0;Y Axis=0;Z=0"
2734,212,0,111,"","A=0;A Down=0;A Left=0;A Right=0;A Up=0;B=0;C Down=0;C Left=0;C Right=0;C Up=0;DPad D=0;DPad L=0;DPad R=0;DPad U=0;L=0;R=0;Start=0;X Axis=0;Y Axis=0;Z=0"
2735,213,0,111,"","A=0;A Down=0;A Left=0;A Right=0;A Up=0;B=0;C Down=0;C Left=0;C Right=0;C Up=0;DPad D=0;DPad L=0;DPad R=0;DPad U=0;L=0;R=0;Start=0;X Axis=0;Y Axis=0;Z=0"
2736,214,0,111,"","A=0;A Down=0;A Left=0;A Right=0;A Up=0;B=0;C Down=0;C Left=0;C Right=0;C Up=0;DPad D=0;DPad L=0;DPad R=0;DPad U=0;L=0;R=0;Start=0;X Axis=0;Y Axis=0;Z=0"
2737,215,0,111,"","A=0;A Down=0;A Left=0;A Right=0;A Up=0;B=0;C Down=0;C Left=0;C Right=0;C Up=0;DPad D=0;DPad L=0;DPad R=0;DPad U=0;L=0;R=0;Start=0;X Axis=0;Y Axis=0;Z=0"
2738,216,0,111,"","A=0;A Down=0;A Left=0;A Right=0;A Up=0;B=0;C Down=0;C Left=0;C Right=0;C Up=0;DPad D=0;DPad L=0;DPad R=0;DPad U=0;L=0;R=0;Start=0;X Axis=0;Y Axis=0;Z=0"
2739,217,0,111,"","A=0;A Down=0;A Left=0;A Right=0;A Up=0;B=0;C Down=0;C Left=0;C Right=0;C Up=0;DPad D=0;DPad L=0;DPad R=0;DPad U=0;L=0;R=0;Start=0;X Axis=0;Y Axis=0;Z=0"
2740,218,0,111,"","A=0;A Down=0;A Left=0;A Right=0;A Up=0;B=0;C Down=0;C Left=0;C Right=0;C Up=0;DPad D=0;DPad L=0;DPad R=0;DPad U=0;L=0;R=0;Start=0;X Axis=0;Y Axis=0;Z=0"
2741,219,0,111,"","A=0;A Down=0;A Left=0;A Right=0;A Up=0;B=0;C Down=0;C Left=0;C Right=0;C Up=0;DPad D=0;DPad L=0;DPad R=0;DPad U=0;L=0;R=0;Start=0;X Axis=0;Y Axis=0;Z=0"
2742,220,0,111,"","A=0;A Down=0;A Left=0;A Right=0;A Up=0;B=0;C Down=0;C Left=0;C Right=0;C Up=0;DPad D=0;DPad L=0;DPad R=0;DPad U=0;L=0;R=0;Start=0;X Axis=0;Y Axis=0;Z=0"
2743,221,0,111,"","A=0;A Down=0;A Left=0;A Right=0;A Up=0;B=0;C Down=0;C Left=0;C Right=0;C Up=0;DPad D=0;DPad L=0;DPad R=0;DPad U=0;L=0;R=0;Start=0;X Axis=0;Y Axis=0;Z=0"
2744,222,0,111,"","A=0;A Down=0;A Left=0;A Right=0;A Up=0;B=0;C Down=0;C Left=0;C Right=0;C Up=0;DPad D=0;DPad L=0;DPad R=0;DPad U=0;L=0;R=0;Start=0;X Axis=0;Y Axis=0;Z=0"
2745,223,0,111,"","A=0;A Down=0;A Left=0;A Right=0;A Up=0;B=0;C Down=0;C Left=0;C Right=0;C Up=0;DPad D=0;DPad L=0;DPad R=0;DPad U=0;L=0;R=0;Start=0;X Axis=0;Y Axis=0;Z=0"
2746,224,0,111,"","A=0;A Down=0;A Left=0;A Right=0;A Up=0;B=0;C Down=0;C Left=0;C Right=0;C Up=0;DPad D=0;DPad L=0;DPad R=0;DPad U=0;L=0;R=0;Start=0;X Axis=0;Y Axis=0;Z=0"
2747,225,0,111,"","A=0;A Down=0;A Left=0;A Right=0;A Up=0;B=0;C Down=0;C Left=0;C Right=0;C Up=0;DPad D=0;DPad L=0;DPad R=0;DPad U=0;L=0;R=0;Start=0;X Axis=0;Y Axis=0;Z=0"
2748,226,0,111,"","A=0;A Down=0;A Left=0;A Right=0;A Up=0;B=0;C Down=0;C Left=0;C Right=0;C Up=0;DPad D=0;DPad L=0;DPad R=0;DPad U=0;L=0;R=0;Start=0;X Axis=0;Y Axis=0;Z=0"
2749,227,0,111,"","A=0;A Down=0;A Left=0;A Right=0;A Up=0;B=0;C Down=0;C Left=0;C Right=0;C Up=0;DPad D=0;DPad L=0;DPad R=0;DPad U=0;L=0;R=0;Start=0;X Axis=0;Y Axis=0;Z=0"
2750,228,0,111,"","A=0;A Down=0;A Left=0;A Right=0;A Up=0;B=0;C Down=0;C Left=0;C Right=0;C Up=0;DPad D=0;DPad L=0;DPad R=0;DPad U=0;L=0;R=0;Start=0;X Axis=0;Y Axis=0;Z=0"
2751,229,0,111,"","A=0;A Down=0;A Left=0;A Right=0;A Up=0;B=0;C Down=0;C Left=0;C Right=0;C Up=0;DPad D=0;DPad L=0;DPad R=0;DPad U=0;L=0;R=0;Start=0;X Axis=0;Y Axis=0;Z=0"
2752,230,0,111,"","A=0;A Down=0;A Left=0;A Right=0;A Up=0;B=0;C Down=0;C Left=0;C Right=0;C Up=0;DPad D=0;DPad L=0;DPad R=0;DPad U=0;L=0;R=0;Start=0;X Axis=0;Y Axis=0;Z=0"
2753,231,0,111,"","A=0;A Down=0;A Left=0;A Right=0;A Up=0;B=0;C Down=0;C Left=0;C Right=0;C Up=0;DPad D=0;DPad L=0;DPad R=0;DPad U=0;L=0;R=0;Start=0;X Axis=0;Y Axis=0;Z=0"
2754,232,0,111,"","A=0;A Down=0;A Left=0;A Right=0;A Up=0;B=0;C Down=0;C Left=0;C Right=0;C Up=0;DPad D=0;DPad L=0;DPad R=0;DPad U=0;L=0;R=0;Start=0;X Axis=0;Y Axis=0;Z=0"
2755,233,0,111,"","A=0;A Down=0;A Left=0;A Right=0;A Up=0;B=0;C Down=0;C Left=0;C Right=0;C Up=0;DPad D=0;DPad L=0;DPad R=0;DPad U=0;L=0;R=0;Start=0;X Axis=0;Y Axis=0;Z=0"
2756,234,0,111,"","A=0;A Down=0;A Left=0;A Right=0;A Up=0;B=0;C Down=0;C Left=0;C Right=0;C Up=0;DPad D=0;DPad L=0;DPad R=0;DPad U=0;L=0;R=0;Start=0;X Axis=0;Y Axis=0;Z=0"
2757,235,0,111,"","A=0;A Down=0;A Left=0;A Right=0;A Up=0;B=0;C Down=0;C Left=0;C Right=0;C Up=0;DPad D=0;DPad L=0;DPad R=0;DPad U=0;L=0;R=0;Start=0;X Axis=0;Y Axis=0;Z=0"
2758,236,0,111,"","A=0;A Down=0;A Left=0;A Right=0;A Up=0;B=0;C Down=0;C Left=0;C Right=0;C Up=0;DPad D=0;DPad L=0;DPad R=0;DPad U=0;L=0;R=0;Start=0;X Axis=0;Y Axis=0;Z=0"
2759,237,0,111,"","A=0;A Down=0;A Left=0;A Right=0;A Up=0;B=0;C Down=0;C Left=0;C Right=0;C Up=0;DPad D=0;DPad L=0;DPad R=0;DPad U=0;L=0;R=0;Start=0;X Axis=0;Y Axis=0;Z=0"
2760,238,0,111,"","A=0;A Down=0;A Left=0;A Right=0;A Up=0;B=0;C Down=0;C Left=0;C Right=0;C Up=0;DPad D=0;DPad L=0;DPad R=0;DPad U=0;L=0;R=0;Start=0;X Axis=0;Y Axis=0;Z=0"
2761,239,0,111,"","A=0;A Down=0;A Left=0;A Right=0;A Up=0;B=0;C Down=0;C Left=0;C Right=0;C Up=0;DPad D=0;DPad L=0;DPad R=0;DPad U=0;L=0;R=0;Start=0;X Axis=0;Y Axis=0;Z=0"
2762,240,0,111,"","A=0;A Down=0;A Left=0;A Right=0;A Up=0;B=0;C Down=0;C Left=0;C Right=0;C Up=0;DPad D=0;DPad L=0;DPad R=0;DPad U=0;L=0;R=0;Start=0;X Axis=0;Y Axis=0;Z=0"
2763,241,0,111,"","A=0;A Down=0;A Left=0;A Right=0;A Up=0;B=0;C Down=0;C Left=0;C Right=0;C Up=0;DPad D=0;DPad L=0;DPad R=0;DPad U=0;L=0;R=0;Start=0;X Axis=0;Y Axis=0;Z=0"
2764,242,0,111,"","A=0;A Down=0;A Left=0;A Right=0;A Up=0;B=0;C Down=0;C Left=0;C Right=0;C Up=0;DPad D=0;DPad L=0;DPad R=0;DPad U=0;L=0;R=0;Start=0;X Axis=0;Y Axis=0;Z=0"
2765,243,0,111,"","A=0;A Down=0;A Left=0;A Right=0;A Up=0;B=0;C Down=0;C Left=0;C Right=0;C Up=0;DPad D=0;DPad L=0;DPad R=0;DPad U=0;L=0;R=0;Start=0;X Axis=0;Y Axis=0;Z=0"
2766,244,0,111,"","A=0;A Down=0;A Left=0;A Right=0;A Up=0;B=0;C Down=0;C Left=0;C Right=0;C Up=0;DPad D=0;DPad L=0;DPad R=0;DPad U=0;L=0;R=0;Start=0;X Axis=0;Y Axis=0;Z=0"
2767,245,0,111,"","A=0;A Down=0;A Left=0;A Right=0;A Up=0;B=0;C Down=0;C Left=0;C Right=0;C Up=0;DPad D=0;DPad L=0;DPad R=0;DPad U=0;L=0;R=0;Start=0;X Axis=0;Y Axis=0;Z=0"
2768,246,0,111,"","A=0;A Down=0;A Left=0;A Right=0;A Up=0;B=0;C Down=0;C Left=0;C Right=0;C Up=0;DPad D=0;DPad L=0;DPad R=0;DPad U=0;L=0;R=0;Start=0;X Axis=0;Y Axis=0;Z=0"
2769,247,0,111,"","A=0;A Down=0;A Left=0;A Right=0;A Up=0;B=0;C Down=0;C Left=0;C Right=0;C Up=0;DPad D=0;DPad L=0;DPad R=0;DPad U=0;L=0;R=0;Start=0;X Axis=0;Y Axis=0;Z=0"
2770,248,0,111,"","A=0;A Down=0;A Left=0;A Right=0;A Up=0;B=0;C Down=0;C Left=0;C Right=0;C Up=0;DPad D=0;DPad L=0;DPad R=0;DPad U=0;L=0;R=0;Start=0;X Axis=0;Y Axis=0;Z=0"
2771,249,0,111,"","A=0;A Down=0;A Left=0;A Right=0;A Up=0;B=0;C Down=0;C Left=0;C Right=0;C Up=0;DPad D=0;DPad L=0;DPad R=0;DPad U=0;L=0;R=0;Start=0;X Axis=0;Y Axis=0;Z=0"
2772,250,0,111,"","A=0;A Down=0;A Left=0;A Right=0;A Up=0;B=0;C Down=0;C Left=0;C Right=0;C Up=0;DPad D=0;DPad L=0;DPad R=0;DPad U=0;L=0;R=0;Start=0;X Axis=0;Y Axis=0;Z=0"
2773,251,0,111,"","A=0;A Down=0;A Left=0;A Right=0;A Up=0;B=0;C Down=0;C Left=0;C Right=0;C Up=0;DPad D=0;DPad L=0;DPad R=0;DPad U=0;L=0;R=0;Start=0;X Axis=0;Y Axis=0;Z=0"
2774,252,0,111,"","A=0;A Down=0;A Left=0;A Right=0;A Up=0;B=0;C Down=0;C Left=0;C Right=0;C Up=0;DPad D=0;DPad L=0;DPad R=0;DPad U=0;L=0;R=0;Start=0;X Axis=0;Y Axis=0;Z=0"
2775,253,0,111,"","A=0;A Down=0;A Left=0;A Right=0;A Up=0;B=0;C Down=0;C Left=0;C Right=0;C Up=0;DPad D=0;DPad L=0;DPad R=0;DPad U=0;L=0;R=0;Start=0;X Axis=0;Y Axis=0;Z=0"
2776,254,0,111,"","A=0;A Down=0;A Left=0;A Right=0;A Up=0;B=0;C Down=0;C Left=0;C Right=0;C Up=0;DPad D=0;DPad L=0;DPad R=0;DPad U=0;L=0;R=0;Start=0;X Axis=0;Y Axis=0;Z=0"
2777,255,0,111,"","A=0;A Down=0;A Left=0;A Right=0;A Up=0;B=0;C Down=0;C Left=0;C Right=0;C Up=0;DPad D=0;DPad L=0;DPad R=0;DPad U=0;L=0;R=0;Start=0;X Axis=0;Y Axis=0;Z=0"
2778,256,0,111,"","A=0;A Down=0;A Left=0;A Right=0;A Up=0;B=0;C Down=0;C Left=0;C Right=0;C Up=0;DPad D=0;DPad L=0;DPad R=0;DPad U=0;L=0;R=0;Start=0;X Axis=0;Y Axis=0;Z=0"
2779,257,0,111,"","A=0;A Down=0;A Left=0;A Right=0;A Up=0;B=0;C Down=0;C Left=0;C Right=0;C Up=0;DPad D=0;DPad L=0;DPad R=0;DPad U=0;L=0;R=0;Start=0;X Axis=0;Y Axis=0;Z=0"
2780,258,0,111,"","A=0;A Down=0;A Left=0;A Right=0;A Up=0;B=0;C Down=0;C Left=0;C Right=0;C Up=0;DPad D=0;DPad L=0;DPad R=0;DPad U=0;L=0;R=0;Start=0;X Axis=0;Y Axis=0;Z=0"
2781,259,0,111,"","A=0;A Down=0;A Left=0;A Right=0;A Up=0;B=0;C Down=0;C Left=0;C Right=0;C Up=0;DPad D=0;DPad L=0;DPad R=0;DPad U=0;L=0;R=0;Start=0;X Axis=0;Y Axis=0;Z=0"
2782,260,0,111,"","A=0;A Down=0;A Left=0;A Right=0;A Up=0;B=0;C Down=0;C Left=0;C Right=0;C Up=0;DPad D=0;DPad L=0;DPad R=0;DPad U=0;L=0;R=0;Start=0;X Axis=0;Y Axis=0;Z=0"
2783,261,0,111,"","A=0;A Down=0;A Left=0;A Right=0;A Up=0;B=0;C Down=0;C Left=0;C Right=0;C Up=0;DPad D=0;DPad L=0;DPad R=0;DPad U=0;L=0;R=0;Start=0;X Axis=0;Y Axis=0;Z=0"
2784,262,0,111,"","A=0;A Down=0;A Left=0;A Right=0;A Up=0;B=0;C Down=0;C Left=0;C Right=0;C Up=0;DPad D=0;DPad L=0;DPad R=0;DPad U=0;L=0;R=0;Start=0;X Axis=0;Y Axis=0;Z=0"
2785,263,0,111,"","A=0;A Down=0;A Left=0;A Right=0;A Up=0;B=0;C Down=0;C Left=0;C Right=0;C Up=0;DPad D=0;DPad L=0;DPad R=0;DPad U=0;L=0;R=0;Start=0;X Axis=0;Y Axis=0;Z=0"
2786,264,0,111,"","A=0;A Down=0;A Left=0;A Right=0;A Up=0;B=0;C Down=0;C Left=0;C Right=0;C Up=0;DPad D=0;DPad L=0;DPad R=0;DPad U=0;L=0;R=0;Start=0;X Axis=0;Y Axis=0;Z=0"
2787,265,0,111,"","A=0;A Down=0;A Left=0;A Right=0;A Up=0;B=0;C Down=0;C Left=0;C Right=0;C Up=0;DPad D=0;DPad L=0;DPad R=0;DPad U=0;L=0;R=0;Start=0;X Axis=0;Y Axis=0;Z=0"
2788,266,0,111,"","A=0;A Down=0;A Left=0;A Right=0;A Up=0;B=0;C Down=0;C Left=0;C Right=0;C Up=0;DPad D=0;DPad L=0;DPad R=0;DPad U=0;L=0;R=0;Start=0;X Axis=0;Y Axis=0;Z=0"
2789,267,0,111,"","A=0;A Down=0;A Left=0;A Right=0;A Up=0;B=0;C Down=0;C Left=0;C Right=0;C Up=0;DPad D=0;DPad L=0;DPad R=0;DPad U=0;L=0;R=0;Start=0;X Axis=0;Y Axis=0;Z=0"
2790,268,0,111,"","A=0;A Down=0;A Left=0;A Right=0;A Up=0;B=0;C Down=0;C Left=0;C Right=0;C Up=0;DPad D=0;DPad L=0;DPad R=0;DPad U=0;L=0;R=0;Start=0;X Axis=0;Y Axis=0;Z=0"
2791,269,0,111,"","A=0;A Down=0;A Left=0;A Right=0;A Up=0;B=0;C Down=0;C Left=0;C Right=0;C Up=0;DPad D=0;DPad L=0;DPad R=0;DPad U=0;L=0;R=0;Start=0;X Axis=0;Y Axis=0;Z=0"
2792,270,0,111,"","A=0;A Down=0;A Left=0;A Right=0;A Up=0;B=0;C Down=0;C Left=0;C Right=0;C Up=0;DPad D=0;DPad L=0;DPad R=0;DPad U=0;L=0;R=0;Start=0;X Axis=0;Y Axis=0;Z=0"
2793,271,0,111,"","A=0;A Down=0;A Left=0;A Right=0;A Up=0;B=0;C Down=0;C Left=0;C Right=0;C Up=0;DPad D=0;DPad L=0;DPad R=0;DPad U=0;L=0;R=0;Start=0;X Axis=0;Y Axis=0;Z=0"
2794,272,0,111,"START","A=0;A Down=0;A Left=0;A Right=0;A Up=0;B=0;C Down=0;C Left=0;C Right=0;C Up=0;DPad D=0;DPad L=0;DPad R=0;DPad U=0;L=0;R=0;Start=0;X Axis=0;Y Axis=0;Z=0"
2795,273,0,111,"","A=0;A Down=0;A Left=0;A Right=0;A Up=0;B=0;C Down=0;C Left=0;C Right=0;C Up=0;DPad D=0;DPad L=0;DPad R=0;DPad U=0;L=0;R=0;Start=0;X Axis=0;Y Axis=0;Z=0"
2796,274,0,111,"","A=0;A Down=0;A Left=0;A Right=0;A Up=0;B=0;C Down=0;C Left=0;C Right=0;C Up=0;DPad D=0;DPad L=0;DPad R=0;DPad U=0;L=0;R=0;Start=0;X Axis=0;Y Axis=0;Z=0"
2797,275,0,111,"","A=0;A Down=0;A Left=0;A Right=0;A Up=0;B=0;C Down=0;C Left=0;C Right=0;C Up=0;DPad D=0;DPad L=0;DPad R=0;DPad U=0;L=0;R=0;Start=0;X Axis=0;Y Axis=0;Z=0"
2798,276,0,111,"","A=0;A Down=0;A Left=0;A Right=0;A Up=0;B=0;C Down=0;C Left=0;C Right=0;C Up=0;DPad D=0;DPad L=0;DPad R=0;DPad U=0;L=0;R=0;Start=0;X Axis=0;Y Axis=0;Z=0"
2799,277,0,111,"","A=0;A Down=0;A Left=0;A Right=0;A Up=0;B=0;C Down=0;C Left=0;C Right=0;C Up=0;DPad D=0;DPad L=0;DPad R=0;DPad U=0;L=0;R=0;Start=0;X Axis=0;Y Axis=0;Z=0"
2800,278,0,111,"","A=0;A Down=0;A Left=0;A Right=0;A Up=0;B=0;C Down=0;C Left=0;C Right=0;C Up=0;DPad D=0;DPad L=0;DPad R=0;DPad U=0;L=0;R=0;Start=0;X Axis=0;Y Axis=0;Z=0"
2801,279,0,111,"","A=0;A Down=0;A Left=0;A Right=0;A Up=0;B=0;C Down=0;C Left=0;C Right=0;C Up=0;DPad D=0;DPad L=0;DPad R=0;DPad U=0;L=0;R=0;Start=0;X Axis=0;Y Axis=0;Z=0"
2802,280,0,111,"","A=0;A Down=0;A Left=0;A Right=0;A Up=0;B=0;C Down=0;C Left=0;C Right=0;C Up=0;DPad D=0;DPad L=0;DPad R=0;DPad U=0;L=0;R=0;Start=0;X Axis=0;Y Axis=0;Z=0"
2803,281,0,111,"","A=0;A Down=0;A Left=0;A Right=0;A Up=0;B=0;C Down=0;C Left=0;C Right=0;C Up=0;DPad D=0;DPad L=0;DPad R=0;DPad U=0;L=0;R=0;Start=0;X Axis=0;Y Axis=0;Z=0"
2804,282,0,111,"","A=0;A Down=0;A Left=0;A Right=0;A Up=0;B=0;C Down=0;C Left=0;C Right=0;C Up=0;DPad D=0;DPad L=0;DPad R=0;DPad U=0;L=0;R=0;Start=0;X Axis=0;Y Axis=0;Z=0"
2805,283,0,111,"","A=0;A Down=0;A Left=0;A Right=0;A Up=0;B=0;C Down=0;C Left=0;C Right=0;C Up=0;DPad D=0;DPad L=0;DPad R=0;DPad U=0;L=0;R=0;Start=0;X Axis=0;Y Axis=0;Z=0"
2806,284,0,111,"","A=0;A Down=0;A Left=0;A Right=0;A Up=0;B=0;C Down=0;C Left=0;C Right=0;C Up=0;DPad D=0;DPad L=0;DPad R=0;DPad U=0;L=0;R=0;Start=0;X Axis=0;Y Axis=0;Z=0"
2807,285,0,111,"","A=0;A Down=0;A Left=0;A Right=0;A Up=0;B=0;C Down=0;C Left=0;C Right=0;C Up=0;DPad D=0;DPad L=0;DPad R=0;DPad U=0;L=0;R=0;Start=0;X Axis=0;Y Axis=0;Z=0"
2808,286,0,111,"","A=0;A Down=0;A Left=0;A Right=0;A Up=0;B=0;C Down=0;C Left=0;C Right=0;C Up=0;DPad D=0;DPad L=0;DPad R=0;DPad U=0;L=0;R=0;Start=0;X Axis=0;Y Axis=0;Z=0"
2809,287,0,111,"","A=0;A Down=0;A Left=0;A Right=0;A Up=0;B=0;C Down=0;C Left=0;C Right=0;C Up=0;DPad D=0;DPad L=0;DPad R=0;DPad U=0;L=0;R=0;Start=0;X Axis=0;Y Axis=0;Z=0"
2810,288,0,111,"","A=0;A Down=0;A Left=0;A Right=0;A Up=0;B=0;C Down=0;C Left=0;C Right=0;C Up=0;DPad D=0;DPad L=0;DPad R=0;DPad U=0;L=0;R=0;Start=0;X Axis=0;Y Axis=0;Z=0"
2811,289,0,111,"","A=0;A Down=0;A Left=0;A Right=0;A Up=0;B=0;C Down=0;C Left=0;C Right=0;C Up=0;DPad D=0;DPad L=0;DPad R=0;DPad U=0;L=0;R=0;Start=0;X Axis=0;Y Axis=0;Z=0"
2812,290,0,111,"","A=0;A Down=0;A Left=0;A Right=0;A Up=0;B=0;C Down=0;C Left=0;C Right=0;C Up=0;DPad D=0;DPad L=0;DPad R=0;DPad U=0;L=0;R=0;Start=0;X Axis=0;Y Axis=0;Z=0"
2813,291,0,111,"","A=0;A Down=0;A Left=0;A Right=0;A Up=0;B=0;C Down=0;C Left=0;C Right=0;C Up=0;DPad D=0;DPad L=0;DPad R=0;DPad U=0;L=0;R=0;Start=0;X Axis=0;Y Axis=0;Z=0"
2814,292,0,111,"","A=0;A Down=0;A Left=0;A Right=0;A Up=0;B=0;C Down=0;C Left=0;C Right=0;C Up=0;DPad D=0;DPad L=0;DPad R=0;DPad U=0;L=0;R=0;Start=0;X Axis=0;Y Axis=0;Z=0"
2815,293,0,111,"","A=0;A Down=0;A Left=0;A Right=0;A Up=0;B=0;C Down=0;C Left=0;C Right=0;C Up=0;DPad D=0;DPad L=0;DPad R=0;DPad U=0;L=0;R=0;Start=0;X Axis=0;Y Axis=0;Z=0"
2816,294,0,111,"","A=0;A Down=0;A Left=0;A Right=0;A Up=0;B=0;C Down=0;C Left=0;C Right=0;C Up=0;DPad D=0;DPad L=0;DPad R=0;DPad U=0;L=0;R=0;Start=0;X Axis=0;Y Axis=0;Z=0"
2817,295,0,111,"","A=0;A Down=0;A Left=0;A Right=0;A Up=0;B=0;C Down=0;C Left=0;C Right=0;C Up=0;DPad D=0;DPad L=0;DPad R=0;DPad U=0;L=0;R=0;Start=0;X Axis=0;Y Axis=0;Z=0"
2818,296,0,111,"","A=0;A Down=0;A Left=0;A Right=0;A Up=0;B=0;C Down=0;C Left=0;C Right=0;C Up=0;DPad D=0;DPad L=0;DPad R=0;DPad U=0;L=0;R=0;Start=0;X Axis=0;Y Axis=0;Z=0"
2819,297,0,111,"","A=0;A Down=0;A Left=0;A Right=0;A Up=0;B=0;C Down=0;C Left=0;C Right=0;C Up=0;DPad D=0;DPad L=0;DPad R=0;DPad U=0;L=0;R=0;Start=0;X Axis=0;Y Axis=0;Z=0"
2820,298,0,111,"","A=0;A Down=0;A Left=0;A Right=0;A Up=0;B=0;C Down=0;C Left=0;C Right=0;C Up=0;DPad D=0;DPad L=0;DPad R=0;DPad U=0;L=0;R=0;Start=0;X Axis=0;Y Axis=0;Z=0"
2821,299,0,111,"","A=0;A Down=0;A Left=0;A Right=0;A Up=0;B=0;C Down=0;C Left=0;C Right=0;C Up=0;DPad D=0;DPad L=0;DPad R=0;DPad U=0;L=0;R=0;Start=0;X Axis=0;Y Axis=0;Z=0"
2822,300,0,111,"","A=0;A Down=0;A Left=0;A Right=0;A Up=0;B=0;C Down=0;C Left=0;C Right=0;C Up=0;DPad D=0;DPad L=0;DPad R=0;DPad U=0;L=0;R=0;Start=0;X Axis=0;Y Axis=0;Z=0"
2823,301,0,111,"","A=0;A Down=0;A Left=0;A Right=0;A Up=0;B=0;C Down=0;C Left=0;C Right=0;C Up=0;DPad D=0;DPad L=0;DPad R=0;DPad U=0;L=0;R=0;Start=0;X Axis=0;Y Axis=0;Z=0"
2824,302,0,111,"","A=0;A Down=0;A Left=0;A Right=0;A Up=0;B=0;C Down=0;C Left=0;C Right=0;C Up=0;DPad D=0;DPad L=0;DPad R=0;DPad U=0;L=0;R=0;Start=0;X Axis=0;Y Axis=0;Z=0"
2825,303,0,111,"","A=0;A Down=0;A Left=0;A Right=0;A Up=0;B=0;C Down=0;C Left=0;C Right=0;C Up=0;DPad D=0;DPad L=0;DPad R=0;DPad U=0;L=0;R=0;Start=0;X Axis=0;Y Axis=0;Z=0"
2826,304,0,111,"","A=0;A Down=0;A Left=0;A Right=0;A Up=0;B=0;C Down=0;C Left=0;C Right=0;C Up=0;DPad D=0;DPad L=0;DPad R=0;DPad U=0;L=0;R=0;Start=0;X Axis=0;Y Axis=0;Z=0"
2827,305,0,111,"","A=0;A Down=0;A Left=0;A Right=0;A Up=0;B=0;C Down=0;C Left=0;C Right=0;C Up=0;DPad D=0;DPad L=0;DPad R=0;DPad U=0;L=0;R=0;Start=0;X Axis=0;Y Axis=0;Z=0"
2828,306,0,111,"","A=0;A Down=0;A Left=0;A Right=0;A Up=0;B=0;C Down=0;C Left=0;C Right=0;C Up=0;DPad D=0;DPad L=0;DPad R=0;DPad U=0;L=0;R=0;Start=0;X Axis=0;Y Axis=0;Z=0"
2829,307,0,111,"","A=0;A Down=0;A Left=0;A Right=0;A Up=0;B=0;C Down=0;C Left=0;C Right=0;C Up=0;DPad D=0;DPad L=0;DPad R=0;DPad U=0;L=0;R=0;Start=0;X Axis=0;Y Axis=0;Z=0"
2830,308,0,111,"","A=0;A Down=0;A Left=0;A Right=0;A Up=0;B=0;C Down=0;C Left=0;C Right=0;C Up=0;DPad D=0;DPad L=0;DPad R=0;DPad U=0;L=0;R=0;Start=0;X Axis=0;Y Axis=0;Z=0"
2831,309,0,111,"","A=0;A Down=0;A Left=0;A Right=0;A Up=0;B=0;C Down=0;C Left=0;C Right=0;C Up=0;DPad D=0;DPad L=0;DPad R=0;DPad U=0;L=0;R=0;Start=0;X Axis=0;Y Axis=0;Z=0"
2832,310,0,111,"","A=0;A Down=0;A Left=0;A Right=0;A Up=0;B=0;C Down=0;C Left=0;C Right=0;C Up=0;DPad D=0;DPad L=0;DPad R=0;DPad U=0;L=0;R=0;Start=0;X Axis=0;Y Axis=0;Z=0"
2833,311,0,111,"","A=0;A Down=0;A Left=0;A Right=0;A Up=0;B=0;C Down=0;C Left=0;C Right=0;C Up=0;DPad D=0;DPad L=0;DPad R=0;DPad U=0;L=0;R=0;Start=0;X Axis=0;Y Axis=0;Z=0"
2834,312,0,111,"","A=0;A Down=0;A Left=0;A Right=0;A Up=0;B=0;C Down=0;C Left=0;C Right=0;C Up=0;DPad D=0;DPad L=0;DPad R=0;DPad U=0;L=0;R=0;Start=0;X Axis=0;Y Axis=0;Z=0"
2835,313,0,111,"","A=0;A Down=0;A Left=0;A Right=0;A Up=0;B=0;C Down=0;C Left=0;C Right=0;C Up=0;DPad D=0;DPad L=0;DPad R=0;DPad U=0;L=0;R=0;Start=0;X Axis=0;Y Axis=0;Z=0"
2836,314,0,111,"","A=0;A Down=0;A Left=0;A Right=0;A Up=0;B=0;C Down=0;C Left=0;C Right=0;C Up=0;DPad D=0;DPad L=0;DPad R=0;DPad U=0;L=0;R=0;Start=0;X Axis=0;Y Axis=0;Z=0"
2837,315,0,111,"","A=0;A Down=0;A Left=0;A Right=0;A Up=0;B=0;C Down=0;C Left=0;C Right=0;C Up=0;DPad D=0;DPad L=0;DPad R=0;DPad U=0;L=0;R=0;Start=0;X Axis=0;Y Axis=0;Z=0"
2838,316,0,111,"","A=0;A Down=0;A Left=0;A Right=0;A Up=0;B=0;C Down=0;C Left=0;C Right=0;C Up=0;DPad D=0;DPad L=0;DPad R=0;DPad U=0;L=0;R=0;Start=0;X Axis=0;Y Axis=0;Z=0"
2839,317,0,111,"","A=0;A Down=0;A Left=0;A Right=0;A Up=0;B=0;C Down=0;C Left=0;C Right=0;C Up=0;DPad D=0;DPad L=0;DPad R=0;DPad U=0;L=0;R=0;Start=0;X Axis=0;Y Axis=0;Z=0"
2840,318,0,111,"","A=0;A Down=0;A Left=0;A Right=0;A Up=0;B=0;C Down=0;C Left=0;C Right=0;C Up=0;DPad D=0;DPad L=0;DPad R=0;DPad U=0;L=0;R=0;Start=0;X Axis=0;Y Axis=0;Z=0"
2841,319,0,111,"","A=0;A Down=0;A Left=0;A Right=0;A Up=0;B=0;C Down=0;C Left=0;C Right=0;C Up=0;DPad D=0;DPad L=0;DPad R=0;DPad U=0;L=0;R=0;Start=0;X Axis=0;Y Axis=0;Z=0"
2842,320,0,111,"","A=0;A Down=0;A Left=0;A Right=0;A Up=0;B=0;C Down=0;C Left=0;C Right=0;C Up=0;DPad D=0;DPad L=0;DPad R=0;DPad U=0;L=0;R=0;Start=0;X Axis=0;Y Axis=0;Z=0"
2843,321,0,111,"","A=0;A Down=0;A Left=0;A Right=0;A Up=0;B=0;C Down=0;C Left=0;C Right=0;C Up=0;DPad D=0;DPad L=0;DPad R=0;DPad U=0;L=0;R=0;Start=0;X Axis=0;Y Axis=0;Z=0"
2844,322,0,111,"","A=0;A Down=0;A Left=0;A Right=0;A Up=0;B=0;C Down=0;C Left=0;C Right=0;C Up=0;DPad D=0;DPad L=0;DPad R=0;DPad U=0;L=0;R=0;Start=0;X Axis=0;Y Axis=0;Z=0"
2845,323,0,111,"","A=0;A Down=0;A Left=0;A Right=0;A Up=0;B=0;C Down=0;C Left=0;C Right=0;C Up=0;DPad D=0;DPad L=0;DPad R=0;DPad U=0;L=0;R=0;Start=0;X Axis=0;Y Axis=0;Z=0"
2846,324,0,111,"","A=0;A Down=0;A Left=0;A Right=0;A Up=0;B=0;C Down=0;C Left=0;C Right=0;C Up=0;DPad D=0;DPad L=0;DPad R=0;DPad U=0;L=0;R=0;Start=0;X Axis=0;Y Axis=0;Z=0"
2847,325,0,111,"","A=0;A Down=0;A Left=0;A Right=0;A Up=0;B=0;C Down=0;C Left=0;C Right=0;C Up=0;DPad D=0;DPad L=0;DPad R=0;DPad U=0;L=0;R=0;Start=0;X Axis=0;Y Axis=0;Z=0"
2848,326,0,111,"","A=0;A Down=0;A Left=0;A Right=0;A Up=0;B=0;C Down=0;C Left=0;C Right=0;C Up=0;DPad D=0;DPad L=0;DPad R=0;DPad U=0;L=0;R=0;Start=0;X Axis=0;Y Axis=0;Z=0"
2849,327,0,111,"","A=0;A Down=0;A Left=0;A Right=0;A Up=0;B=0;C Down=0;C Left=0;C Right=0;C Up=0;DPad D=0;DPad L=0;DPad R=0;DPad U=0;L=0;R=0;Start=0;X Axis=0;Y Axis=0;Z=0"
2850,328,0,111,"","A=0;A Down=0;A Left=0;A Right=0;A Up=0;B=0;C Down=0;C Left=0;C Right=0;C Up=0;DPad D=0;DPad L=0;DPad R=0;DPad U=0;L=0;R=0;Start=0;X Axis=0;Y Axis=0;Z=0"
2851,329,0,111,"","A=0;A Down=0;A Left=0;A Right=0;A Up=0;B=0;C Down=0;C Left=0;C Right=0;C Up=0;DPad D=0;DPad L=0;DPad R=0;DPad U=0;L=0;R=0;Start=0;X Axis=0;Y Axis=0;Z=0"
2852,330,0,111,"","A=0;A Down=0;A Left=0;A Right=0;A Up=0;B=0;C Down=0;C Left=0;C Right=0;C Up=0;DPad D=0;DPad L=0;DPad R=0;DPad U=0;L=0;R=0;Start=0;X Axis=0;Y Axis=0;Z=0"
2853,331,0,111,"","A=0;A Down=0;A Left=0;A Right=0;A Up=0;B=0;C Down=0;C Left=0;C Right=0;C Up=0;DPad D=0;DPad L=0;DPad R=0;DPad U=0;L=0;R=0;Start=0;X Axis=0;Y Axis=0;Z=0"
2854,332,0,111,"","A=0;A Down=0;A Left=0;A Right=0;A Up=0;B=0;C Down=0;C Left=0;C Right=0;C Up=0;DPad D=0;DPad L=0;DPad R=0;DPad U=0;L=0;R=0;Start=0;X Axis=0;Y Axis=0;Z=0"
2855,333,0,111,"","A=0;A Down=0;A Left=0;A Right=0;A Up=0;B=0;C Down=0;C Left=0;C Right=0;C Up=0;DPad D=0;DPad L=0;DPad R=0;DPad U=0;L=0;R=0;Start=0;X Axis=0;Y Axis=0;Z=0"
2856,334,0,111,"","A=0;A Down=0;A Left=0;A Right=0;A Up=0;B=0;C Down=0;C Left=0;C Right=0;C Up=0;DPad D=0;DPad L=0;DPad R=0;DPad U=0;L=0;R=0;Start=0;X Axis=0;Y Axis=0;Z=0"
2857,335,0,111,"","A=0;A Down=0;A Left=0;A Right=0;A Up=0;B=0;C Down=0;C Left=0;C Right=0;C Up=0;DPad D=0;DPad L=0;DPad R=0;DPad U=0;L=0;R=0;Start=0;X Axis=0;Y Axis=0;Z=0"
2858,336,0,111,"","A=0;A Down=0;A Left=0;A Right=0;A Up=0;B=0;C Down=0;C Left=0;C Right=0;C Up=0;DPad D=0;DPad L=0;DPad R=0;DPad U=0;L=0;R=0;Start=0;X Axis=0;Y Axis=0;Z=0"
2859,337,0,111,"","A=0;A Down=0;A Left=0;A Right=0;A Up=0;B=0;C Down=0;C Left=0;C Right=0;C Up=0;DPad D=0;DPad L=0;DPad R=0;DPad U=0;L=0;R=0;Start=0;X Axis=0;Y Axis=0;Z=0"
2860,338,0,111,"","A=0;A Down=0;A Left=0;A Right=0;A Up=0;B=0;C Down=0;C Left=0;C Right=0;C Up=0;DPad D=0;DPad L=0;DPad R=0;DPad U=0;L=0;R=0;Start=0;X Axis=0;Y Axis=0;Z=0"
2861,339,0,111,"","A=0;A Down=0;A Left=0;A Right=0;A Up=0;B=0;C Down=0;C Left=0;C Right=0;C Up=0;DPad D=0;DPad L=0;DPad R=0;DPad U=0;L=0;R=0;Start=0;X Axis=0;Y Axis=0;Z=0"
2862,340,0,111,"","A=0;A Down=0;A Left=0;A Right=0;A Up=0;B=0;C Down=0;C Left=0;C Right=0;C Up=0;DPad D=0;DPad L=0;DPad R=0;DPad U=0;L=0;R=0;Start=0;X Axis=0;Y Axis=0;Z=0"
2863,341,0,111,"","A=0;A Down=0;A Left=0;A Right=0;A Up=0;B=0;C Down=0;C Left=0;C Right=0;C Up=0;DPad D=0;DPad L=0;DPad R=0;DPad U=0;L=0;R=0;Start=0;X Axis=0;Y Axis=0;Z=0"
2864,342,0,111,"","A=0;A Down=0;A Left=0;A Right=0;A Up=0;B=0;C Down=0;C Left=0;C Right=0;C Up=0;DPad D=0;DPad L=0;DPad R=0;DPad U=0;L=0;R=0;Start=0;X Axis=0;Y Axis=0;Z=0"
2865,343,0,111,"","A=0;A Down=0;A Left=0;A Right=0;A Up=0;B=0;C Down=0;C Left=0;C Right=0;C Up=0;DPad D=0;DPad L=0;DPad R=0;DPad U=0;L=0;R=0;Start=0;X Axis=0;Y Axis=0;Z=0"
2866,344,0,111,"","A=0;A Down=0;A Left=0;A Right=0;A Up=0;B=0;C Down=0;C Left=0;C Right=0;C Up=0;DPad D=0;DPad L=0;DPad R=0;DPad U=0;L=0;R=0;Start=0;X Axis=0;Y Axis=0;Z=0"
2867,345,0,111,"","A=0;A Down=0;A Left=0;A Right=0;A Up=0;B=0;C Down=0;C Left=0;C Right=0;C Up=0;DPad D=0;DPad L=0;DPad R=0;DPad U=0;L=0;R=0;Start=0;X Axis=0;Y Axis=0;Z=0"
2868,346,0,111,"","A=0;A Down=0;A Left=0;A Right=0;A Up=0;B=0;C Down=0;C Left=0;C Right=0;C Up=0;DPad D=0;DPad L=0;DPad R=0;DPad U=0;L=0;R=0;Start=0;X Axis=0;Y Axis=0;Z=0"
2869,347,0,111,"","A=0;A Down=0;A Left=0;A Right=0;A Up=0;B=0;C Down=0;C Left=0;C Right=0;C Up=0;DPad D=0;DPad L=0;DPad R=0;DPad U=0;L=0;R=0;Start=0;X Axis=0;Y Axis=0;Z=0"
2870,348,0,111,"","A=0;A Down=0;A Left=0;A Right=0;A Up=0;B=0;C Down=0;C Left=0;C Right=0;C Up=0;DPad D=0;DPad L=0;DPad R=0;DPad U=0;L=0;R=0;Start=0;X Axis=0;Y Axis=0;Z=0"
2871,349,0,111,"","A=0;A Down=0;A Left=0;A Right=0;A Up=0;B=0;C Down=0;C Left=0;C Right=0;C Up=0;DPad D=0;DPad L=0;DPad R=0;DPad U=0;L=0;R=0;Start=0;X Axis=0;Y Axis=0;Z=0"
2872,350,0,111,"","A=0;A Down=0;A Left=0;A Right=0;A Up=0;B=0;C Down=0;C Left=0;C Right=0;C Up=0;DPad D=0;DPad L=0;DPad R=0;DPad U=0;L=0;R=0;Start=0;X Axis=0;Y Axis=0;Z=0"
2873,351,0,111,"","A=0;A Down=0;A Left=0;A Right=0;A Up=0;B=0;C Down=0;C Left=0;C Right=0;C Up=0;DPad D=0;DPad L=0;DPad R=0;DPad U=0;L=0;R=0;Start=0;X Axis=0;Y Axis=0;Z=0"
2874,352,0,111,"","A=0;A Down=0;A Left=0;A Right=0;A Up=0;B=0;C Down=0;C Left=0;C Right=0;C Up=0;DPad D=0;DPad L=0;DPad R=0;DPad U=0;L=0;R=0;Start=0;X Axis=0;Y Axis=0;Z=0"
2875,353,0,111,"","A=0;A Down=0;A Left=0;A Right=0;A Up=0;B=0;C Down=0;C Left=0;C Right=0;C Up=0;DPad D=0;DPad L=0;DPad R=0;DPad U=0;L=0;R=0;Start=0;X Axis=0;Y Axis=0;Z=0"
2876,354,0,111,"","A=0;A Down=0;A Left=0;A Right=0;A Up=0;B=0;C Down=0;C Left=0;C Right=0;C Up=0;DPad D=0;DPad L=0;DPad R=0;DPad U=0;L=0;R=0;Start=0;X Axis=0;Y Axis=0;Z=0"
2877,355,0,111,"","A=0;A Down=0;A Left=0;A Right=0;A Up=0;B=0;C Down=0;C Left=0;C Right=0;C Up=0;DPad D=0;DPad L=0;DPad R=0;DPad U=0;L=0;R=0;Start=0;X Axis=0;Y Axis=0;Z=0"
2878,356,0,111,"","A=0;A Down=0;A Left=0;A Right=0;A Up=0;B=0;C Down=0;C Left=0;C Right=0;C Up=0;DPad D=0;DPad L=0;DPad R=0;DPad U=0;L=0;R=0;Start=0;X Axis=0;Y Axis=0;Z=0"
2879,357,0,111,"","A=0;A Down=0;A Left=0;A Right=0;A Up=0;B=0;C Down=0;C Left=0;C Right=0;C Up=0;DPad D=0;DPad L=0;DPad R=0;DPad U=0;L=0;R=0;Start=0;X Axis=0;Y Axis=0;Z=0"
2880,358,0,111,"","A=0;A Down=0;A Left=0;A Right=0;A Up=0;B=0;C Down=0;C Left=0;C Right=0;C Up=0;DPad D=0;DPad L=0;DPad R=0;DPad U=0;L=0;R=0;Start=0;X Axis=0;Y Axis=0;Z=0"
2881,359,0,111,"","A=0;A Down=0;A Left=0;A Right=0;A Up=0;B=0;C Down=0;C Left=0;C Right=0;C Up=0;DPad D=0;DPad L=0;DPad R=0;DPad U=0;L=0;R=0;Start=0;X Axis=0;Y Axis=0;Z=0"
2882,360,0,111,"","A=0;A Down=0;A Left=0;A Right=0;A Up=0;B=0;C Down=0;C Left=0;C Right=0;C Up=0;DPad D=0;DPad L=0;DPad R=0;DPad U=0;L=0;R=0;Start=0;X Axis=0;Y Axis=0;Z=0"
2883,361,0,111,"","A=0;A Down=0;A Left=0;A Right=0;A Up=0;B=0;C Down=0;C Left=0;C Right=0;C Up=0;DPad D=0;DPad L=0;DPad R=0;DPad U=0;L=0;R=0;Start=0;X Axis=0;Y Axis=0;Z=0"
2884,362,0,111,"","A=0;A Down=0;A Left=0;A Right=0;A Up=0;B=0;C Down=0;C Left=0;C Right=0;C Up=0;DPad D=0;DPad L=0;DPad R=0;DPad U=0;L=0;R=0;Start=0;X Axis=0;Y Axis=0;Z=0"
2885,363,0,111,"","A=0;A Down=0;A Left=0;A Right=0;A Up=0;B=0;C Down=0;C Left=0;C Right=0;C Up=0;DPad D=0;DPad L=0;DPad R=0;DPad U=0;L=0;R=0;Start=0;X Axis=0;Y Axis=0;Z=0"
2886,364,0,111,"","A=0;A Down=0;A Left=0;A Right=0;A Up=0;B=0;C Down=0;C Left=0;C Right=0;C Up=0;DPad D=0;DPad L=0;DPad R=0;DPad U=0;L=0;R=0;Start=0;X Axis=0;Y Axis=0;Z=0"
2887,365,0,111,"","A=0;A Down=0;A Left=0;A Right=0;A Up=0;B=0;C Down=0;C Left=0;C Right=0;C Up=0;DPad D=0;DPad L=0;DPad R=0;DPad U=0;L=0;R=0;Start=0;X Axis=0;Y Axis=0;Z=0"
2888,366,0,111,"","A=0;A Down=0;A Left=0;A Right=0;A Up=0;B=0;C Down=0;C Left=0;C Right=0;C Up=0;DPad D=0;DPad L=0;DPad R=0;DPad U=0;L=0;R=0;Start=0;X Axis=0;Y Axis=0;Z=0"
2889,367,0,111,"","A=0;A Down=0;A Left=0;A Right=0;A Up=0;B=0;C Down=0;C Left=0;C Right=0;C Up=0;DPad D=0;DPad L=0;DPad R=0;DPad U=0;L=0;R=0;Start=0;X Axis=0;Y Axis=0;Z=0"
2890,368,0,111,"","A=0;A Down=0;A Left=0;A Right=0;A Up=0;B=0;C Down=0;C Left=0;C Right=0;C Up=0;DPad D=0;DPad L=0;DPad R=0;DPad U=0;L=0;R=0;Start=0;X Axis=0;Y Axis=0;Z=0"
2891,369,0,111,"","A=0;A Down=0;A Left=0;A Right=0;A Up=0;B=0;C Down=0;C Left=0;C Right=0;C Up=0;DPad D=0;DPad L=0;DPad R=0;DPad U=0;L=0;R=0;Start=0;X Axis=0;Y Axis=0;Z=0"
2892,370,0,111,"","A=0;A Down=0;A Left=0;A Right=0;A Up=0;B=0;C Down=0;C Left=0;C Right=0;C Up=0;DPad D=0;DPad L=0;DPad R=0;DPad U=0;L=0;R=0;Start=0;X Axis=0;Y Axis=0;Z=0"
2893,371,0,111,"","A=0;A Down=0;A Left=0;A Right=0;A Up=0;B=0;C Down=0;C Left=0;C Right=0;C Up=0;DPad D=0;DPad L=0;DPad R=0;DPad U=0;L=0;R=0;Start=0;X Axis=0;Y Axis=0;Z=0"
2894,372,0,111,"","A=0;A Down=0;A Left=0;A Right=0;A Up=0;B=0;C Down=0;C Left=0;C Right=0;C Up=0;DPad D=0;DPad L=0;DPad R=0;DPad U=0;L=0;R=0;Start=0;X Axis=0;Y Axis=0;Z=0"
2895,373,0,111,"","A=0;A Down=0;A Left=0;A Right=0;A Up=0;B=0;C Down=0;C Left=0;C Right=0;C Up=0;DPad D=0;DPad L=0;DPad R=0;DPad U=0;L=0;R=0;Start=0;X Axis=0;Y Axis=0;Z=0"
2896,374,0,111,"","A=0;A Down=0;A Left=0;A Right=0;A Up=0;B=0;C Down=0;C Left=0;C Right=0;C Up=0;DPad D=0;DPad L=0;DPad R=0;DPad U=0;L=0;R=0;Start=0;X Axis=0;Y Axis=0;Z=0"
2897,375,0,111,"","A=0;A Down=0;A Left=0;A Right=0;A Up=0;B=0;C Down=0;C Left=0;C Right=0;C Up=0;DPad D=0;DPad L=0;DPad R=0;DPad U=0;L=0;R=0;Start=0;X Axis=0;Y Axis=0;Z=0"
2898,376,0,111,"","A=0;A Down=0;A Left=0;A Right=0;A Up=0;B=0;C Down=0;C Left=0;C Right=0;C Up=0;DPad D=0;DPad L=0;DPad R=0;DPad U=0;L=0;R=0;Start=0;X Axis=0;Y Axis=0;Z=0"
2899,377,0,111,"","A=0;A Down=0;A Left=0;A Right=0;A Up=1;B=0;C Down=0;C Left=0;C Right=0;C Up=0;DPad D=0;DPad L=0;DPad R=0;DPad U=0;L=0;R=0;Start=0;X Axis=0;Y Axis=0;Z=0"
2900,378,0,111,"","A=0;A Down=0;A Left=0;A Right=0;A Up=1;B=0;C Down=0;C Left=0;C Right=0;C Up=0;DPad D=0;DPad L=0;DPad R=0;DPad U=0;L=0;R=0;Start=0;X Axis=0;Y Axis=0;Z=0"
2901,379,0,111,"","A=0;A Down=0;A Left=0;A Right=0;A Up=1;B=0;C Down=0;C Left=0;C Right=0;C Up=0;DPad D=0;DPad L=0;DPad R=0;DPad U=0;L=0;R=0;Start=0;X Axis=0;Y Axis=0;Z=0"
2902,380,0,111,"","A=0;A Down=0;A Left=0;A Right=0;A Up=1;B=0;C Down=0;C Left=0;C Right=0;C Up=0;DPad D=0;DPad L=0;DPad R=0;DPad U=0;L=0;R=0;Start=0;X Axis=0;Y Axis=0;Z=0"
2903,381,0,111,"","A=0;A Down=0;A Left=0;A Right=0;A Up=1;B=0;C Down=0;C Left=0;C Right=0;C Up=0;DPad D=0;DPad L=0;DPad R=0;DPad U=0;L=0;R=0;Start=0;X Axis=0;Y Axis=0;Z=0"
2904,382,0,111,"","A=0;A Down=0;A Left=0;A Right=0;A Up=1;B=0;C Down=0;C Left=0;C Right=0;C Up=0;DPad D=0;DPad L=0;DPad R=0;DPad U=0;L=0;R=0;Start=0;X Axis=0;Y Axis=0;Z=0"
2905,383,0,111,"","A=0;A Down=0;A Left=0;A Right=0;A Up=1;B=0;C Down=0;C Left=0;C Right=0;C Up=0;DPad D=0;DPad L=0;DPad R=0;DPad U=0;L=0;R=0;Start=0;X Axis=0;Y Axis=0;Z=0"
2906,384,0,111,"","A=0;A Down=0;A Left=0;A Right=0;A Up=1;B=0;C Down=0;C Left=0;C Right=0;C Up=0;DPad D=0;DPad L=0;DPad R=0;DPad U=0;L=0;R=0;Start=0;X Axis=0;Y Axis=0;Z=0"
2907,385,0,111,"","A=0;A Down=0;A Left=0;A Right=0;A Up=1;B=0;C Down=0;C Left=0;C Right=0;C Up=0;DPad D=0;DPad L=0;DPad R=0;DPad U=0;L=0;R=0;Start=0;X Axis=0;Y Axis=0;Z=0"
2908,386,0,111,"","A=0;A Down=0;A Left=0;A Right=0;A Up=1;B=0;C Down=0;C Left=0;C Right=0;C Up=0;DPad D=0;DPad L=0;DPad R=0;DPad U=0;L=0;R=0;Start=0;X Axis=0;Y Axis=0;Z=0"
2909,387,0,111,"","A=0;A Down=0;A Left=0;A Right=0;A Up=1;B=0;C Down=0;C Left=0;C Right=0;C Up=0;DPad D=0;DPad L=0;DPad R=0;DPad U=0;L=0;R=0;Start=0;X Axis=0;Y Axis=0;Z=0"
2910,388,0,111,"","A=0;A Down=0;A Left=0;A Right=0;A Up=1;B=0;C Down=0;C Left=0;C Right=0;C Up=0;DPad D=0;DPad L=0;DPad R=0;DPad U=0;L=0;R=0;Start=0;X Axis=0;Y Axis=0;Z=0"
2911,389,0,111,"","A=0;A Down=0;A Left=0;A Right=0;A Up=1;B=0;C Down=0;C Left=0;C Right=0;C Up=0;DPad D=0;DPad L=0;DPad R=0;DPad U=0;L=0;R=0;Start=0;X Axis=0;Y Axis=0;Z=0"
2912,390,0,111,"","A=0;A Down=0;A Left=0;A Right=0;A Up=1;B=0;C Down=0;C Left=0;C Right=0;C Up=0;DPad D=0;DPad L=0;DPad R=0;DPad U=0;L=0;R=0;Start=0;X Axis=0;Y Axis=0;Z=0"
2913,391,0,111,"","A=0;A Down=0;A Left=0;A Right=0;A Up=1;B=0;C Down=0;C Left=0;C Right=0;C Up=0;DPad D=0;DPad L=0;DPad R=0;DPad U=0;L=0;R=0;Start=0;X Axis=0;Y Axis=0;Z=0"
2914,392,0,111,"","A=0;A Down=0;A Left=0;A Right=0;A Up=1;B=0;C Down=0;C Left=0;C Right=0;C Up=0;DPad D=0;DPad L=0;DPad R=0;DPad U=0;L=0;R=0;Start=0;X Axis=0;Y Axis=0;Z=0"
2915,393,0,111,"","A=0;A Down=0;A Left=0;A Right=0;A Up=1;B=0;C Down=0;C Left=0;C Right=0;C Up=0;DPad D=0;DPad L=0;DPad R=0;DPad U=0;L=0;R=0;Start=0;X Axis=0;Y Axis=0;Z=0"
2916,394,0,111,"","A=0;A Down=0;A Left=0;A Right=0;A Up=1;B=0;C Down=0;C Left=0;C Right=0;C Up=0;DPad D=0;DPad L=0;DPad R=0;DPad U=0;L=0;R=0;Start=0;X Axis=0;Y Axis=0;Z=0"
2917,395,0,111,"","A=0;A Down=0;A Left=0;A Right=0;A Up=1;B=0;C Down=0;C Left=0;C Right=0;C Up=0;DPad D=0;DPad L=0;DPad R=0;DPad U=0;L=0;R=0;Start=0;X Axis=0;Y Axis=0;Z=0"
2918,396,0,111,"","A=0;A Down=0;A Left=0;A Right=0;A Up=1;B=0;C Down=0;C Left=0;C Right=0;C Up=0;DPad D=0;DPad L=0;DPad R=0;DPad U=0;L=0;R=0;Start=0;X Axis=0;Y Axis=0;Z=0"
2919,397,0,111,"","A=0;A Down=0;A Left=0;A Right=0;A Up=1;B=0;C Down=0;C Left=0;C Right=0;C Up=0;DPad D=0;DPad L=0;DPad R=0;DPad U=0;L=0;R=0;Start=0;X Axis=0;Y Axis=0;Z=0"
2920,398,0,111,"","A=0;A Down=0;A Left=0;A Right=0;A Up=1;B=0;C Down=0;C Left=0;C Right=0;C Up=0;DPad D=0;DPad L=0;DPad R=0;DPad U=0;L=0;R=0;Start=0;X Axis=0;Y Axis=0;Z=0"
2921,399,0,111,"","A=0;A Down=0;A Left=0;A Right=0;A Up=1;B=0;C Down=0;C Left=0;C Right=0;C Up=0;DPad D=0;DPad L=0;DPad R=0;DPad U=0;L=0;R=0;Start=0;X Axis=0;Y Axis=0;Z=0"
2922,400,0,111,"","A=0;A Down=0;A Left=0;A Right=0;A Up=1;B=0;C Down=0;C Left=0;C Right=0;C Up=0;DPad D=0;DPad L=0;DPad R=0;DPad U=0;L=0;R=0;Start=0;X Axis=0;Y Axis=0;Z=0"
2923,401,0,111,"","A=0;A Down=0;A Left=0;A Right=0;A Up=1;B=0;C Down=0;C Left=0;C Right=0;C Up=0;DPad D=0;DPad L=0;DPad R=0;DPad U=0;L=0;R=0;Start=0;X Axis=0;Y Axis=0;Z=0"
2924,402,0,111,"","A=0;A Down=0;A Left=0;A Right=0;A Up=1;B=0;C Down=0;C Left=0;C Right=0;C Up=0;DPad D=0;DPad L=0;DPad R=0;DPad U=0;L=0;R=0;Start=0;X Axis=0;Y Axis=0;Z=0"
2925,403,0,111,"","A=0;A Down=0;A Left=0;A Right=0;A Up=1;B=0;C Down=0;C Left=0;C Right=0;C Up=0;DPad D=0;DPad L=0;DPad R=0;DPad U=0;L=0;R=0;Start=0;X Axis=0;Y Axis=0;Z=0"
2926,404,0,111,"","A=0;A Down=0;A Left=0;A Right=0;A Up=1;B=0;C Down=0;C Left=0;C Right=0;C Up=0;DPad D=0;DPad L=0;DPad R=0;DPad U=0;L=0;R=0;Start=0;X Axis=0;Y Axis=0;Z=0"
2927,405,0,111,"","A=0;A Down=0;A Left=0;A Right=0;A Up=1;B=0;C Down=0;C Left=0;C Right=0;C Up=0;DPad D=0;DPad L=0;DPad R=0;DPad U=0;L=0;R=0;Start=0;X Axis=0;Y Axis=0;Z=0"
2928,406,0,111,"","A=0;A Down=0;A Left=0;A Right=0;A Up=1;B=0;C Down=0;C Left=0;C Right=0;C Up=0;DPad D=0;DPad L=0;DPad R=0;DPad U=0;L=0;R=0;Start=0;X Axis=0;Y Axis=0;Z=0"
2929,407,0,111,"","A=0;A Down=0;A Left=0;A Right=0;A Up=1;B=0;C Down=0;C Left=0;C Right=0;C Up=0;DPad D=0;DPad L=0;DPad R=0;DPad U=0;L=0;R=0;Start=0;X Axis=0;Y Axis=0;Z=0"
2930,408,0,111,"","A=0;A Down=0;A Left=0;A Right=0;A Up=1;B=0;C Down=0;C Left=0;C Right=0;C Up=0;DPad D=0;DPad L=0;DPad R=0;DPad U=0;L=0;R=0;Start=0;X Axis=0;Y Axis=0;Z=0"
2931,409,0,111,"","A=0;A Down=0;A Left=0;A Right=0;A Up=1;B=0;C Down=0;C Left=0;C Right=0;C Up=0;DPad D=0;DPad L=0;DPad R=0;DPad U=0;L=0;R=0;Start=0;X Axis=0;Y Axis=0;Z=0"
2932,410,0,111,"","A=0;A Down=0;A Left=0;A Right=0;A Up=1;B=0;C Down=0;C Left=0;C Right=0;C Up=0;DPad D=0;DPad L=0;DPad R=0;DPad U=0;L=0;R=0;Start=0;X Axis=0;Y Axis=0;Z=0"
2933,411,0,111,"","A=0;A Down=0;A Left=0;A Right=0;A Up=1;B=0;C Down=0;C Left=0;C Right=0;C Up=0;DPad D=0;DPad L=0;DPad R=0;DPad U=0;L=0;R=0;Start=0;X Axis=0;Y Axis=0;Z=0"
2934,412,0,111,"","A=0;A Down=0;A Left=0;A Right=0;A Up=1;B=0;C Down=0;C Left=0;C Right=0;C Up=0;DPad D=0;DPad L=0;DPad R=0;DPad U=0;L=0;R=0;Start=0;X Axis=0;Y Axis=0;Z=0"
2935,413,0,111,"","A=0;A Down=0;A Left=0;A Right=0;A Up=1;B=0;C Down=0;C Left=0;C Right=0;C Up=0;DPad D=0;DPad L=0;DPad R=0;DPad U=0;L=0;R=0;Start=0;X Axis=0;Y Axis=0;Z=0"
2936,414,0,111,"","A=0;A Down=0;A Left=0;A Right=0;A Up=1;B=0;C Down=0;C Left=0;C Right=0;C Up=0;DPad D=0;DPad L=0;DPad R=0;DPad U=0;L=0;R=0;Start=0;X Axis=0;Y Axis=0;Z=0"
2937,415,0,111,"","A=0;A Down=0;A Left=0;A Right=0;A Up=1;B=0;C Down=0;C Left=0;C Right=0;C Up=0;DPad D=0;DPad L=0;DPad R=0;DPad U=0;L=0;R=0;Start=0;X Axis=0;Y Axis=0;Z=0"
2938,416,0,111,"","A=0;A Down=0;A Left=0;A Right=0;A Up=1;B=0;C Down=0;C Left=0;C Right=0;C Up=0;DPad D=0;DPad L=0;DPad R=0;DPad U=0;L=0;R=0;Start=0;X Axis=0;Y Axis=0;Z=0"
2939,417,0,111,"","A=0;A Down=0;A Left=1;A Right=0;A Up=1;B=0;C Down=0;C Left=0;C Right=0;C Up=0;DPad D=0;DPad L=0;DPad R=0;DPad U=0;L=0;R=0;Start=0;X Axis=0;Y Axis=0;Z=0"
2940,418,0,111,"","A=0;A Down=0;A Left=1;A Right=0;A Up=1;B=0;C Down=0;C Left=0;C Right=0;C Up=0;DPad D=0;DPad L=0;DPad R=0;DPad U=0;L=0;R=0;Start=0;X Axis=0;Y Axis=0;Z=0"
2941,419,0,111,"","A=0;A Down=0;A Left=1;A Right=0;A Up=1;B=0;C Down=0;C Left=0;C Right=0;C Up=0;DPad D=0;DPad L=0;DPad R=0;DPad U=0;L=0;R=0;Start=0;X Axis=0;Y Axis=0;Z=0"
2942,420,0,111,"","A=0;A Down=0;A Left=1;A Right=0;A Up=1;B=0;C Down=0;C Left=0;C Right=0;C Up=0;DPad D=0;DPad L=0;DPad R=0;DPad U=0;L=0;R=0;Start=0;X Axis=0;Y Axis=0;Z=0"
2943,421,0,111,"","A=0;A Down=0;A Left=1;A Right=0;A Up=1;B=0;C Down=0;C Left=0;C Right=0;C Up=0;DPad D=0;DPad L=0;DPad R=0;DPad U=0;L=0;R=0;Start=0;X Axis=0;Y Axis=0;Z=0"
2944,422,0,111,"","A=0;A Down=0;A Left=1;A Right=0;A Up=1;B=0;C Down=0;C Left=0;C Right=0;C Up=0;DPad D=0;DPad L=0;DPad R=0;DPad U=0;L=0;R=0;Start=0;X Axis=0;Y Axis=0;Z=0"
2945,423,0,111,"","A=0;A Down=0;A Left=1;A Right=0;A Up=1;B=0;C Down=0;C Left=0;C Right=0;C Up=0;DPad D=0;DPad L=0;DPad R=0;DPad U=0;L=0;R=0;Start=0;X Axis=0;Y Axis=0;Z=0"
2946,424,0,111,"","A=0;A Down=0;A Left=0;A Right=0;A Up=1;B=0;C Down=0;C Left=0;C Right=0;C Up=0;DPad D=0;DPad L=0;DPad R=0;DPad U=0;L=0;R=0;Start=0;X Axis=0;Y Axis=0;Z=0"
2947,425,0,111,"","A=0;A Down=0;A Left=0;A Right=0;A Up=1;B=0;C Down=0;C Left=0;C Right=0;C Up=0;DPad D=0;DPad L=0;DPad R=0;DPad U=0;L=0;R=0;Start=0;X Axis=0;Y Axis=0;Z=0"
2948,426,0,111,"","A=0;A Down=0;A Left=0;A Right=0;A Up=1;B=0;C Down=0;C Left=0;C Right=0;C Up=0;DPad D=0;DPad L=0;DPad R=0;DPad U=0;L=0;R=0;Start=0;X Axis=0;Y Axis=0;Z=0"
2949,427,0,111,"","A=0;A Down=0;A Left=0;A Right=0;A Up=1;B=0;C Down=0;C Left=0;C Right=0;C Up=0;DPad D=0;DPad L=0;DPad R=0;DPad U=0;L=0;R=0;Start=0;X Axis=0;Y Axis=0;Z=0"
2950,428,0,111,"","A=0;A Down=0;A Left=0;A Right=0;A Up=1;B=0;C Down=0;C Left=0;C Right=0;C Up=0;DPad D=0;DPad L=0;DPad R=0;DPad U=0;L=0;R=0;Start=0;X Axis=0;Y Axis=0;Z=0"
2951,429,0,111,"","A=0;A Down=0;A Left=0;A Right=0;A Up=1;B=0;C Down=0;C Left=0;C Right=0;C Up=0;DPad D=0;DPad L=0;DPad R=0;DPad U=0;L=0;R=0;Start=0;X Axis=0;Y Axis=0;Z=0"
2952,430,0,111,"","A=0;A Down=0;A Left=0;A Right=0;A Up=1;B=0;C Down=0;C Left=0;C Right=0;C Up=0;DPad D=0;DPad L=0;DPad R=0;DPad U=0;L=0;R=0;Start=0;X Axis=0;Y Axis=0;Z=0"
2953,431,0,111,"","A=0;A Down=0;A Left=0;A Right=0;A Up=1;B=0;C Down=0;C Left=0;C Right=0;C Up=0;DPad D=0;DPad L=0;DPad R=0;DPad U=0;L=0;R=0;Start=0;X Axis=0;Y Axis=0;Z=0"
2954,432,0,111,"","A=0;A Down=0;A Left=0;A Right=0;A Up=1;B=0;C Down=0;C Left=0;C Right=0;C Up=0;DPad D=0;DPad L=0;DPad R=0;DPad U=0;L=0;R=0;Start=0;X Axis=0;Y Axis=0;Z=0"
2955,433,0,111,"","A=0;A Down=0;A Left=0;A Right=0;A Up=1;B=0;C Down=0;C Left=0;C Right=0;C Up=0;DPad D=0;DPad L=0;DPad R=0;DPad U=0;L=0;R=0;Start=0;X Axis=0;Y Axis=0;Z=0"
2956,434,0,111,"","A=0;A Down=0;A Left=0;A Right=0;A Up=1;B=0;C Down=0;C Left=0;C Right=0;C Up=0;DPad D=0;DPad L=0;DPad R=0;DPad U=0;L=0;R=0;Start=0;X Axis=0;Y Axis=0;Z=0"
2957,435,0,111,"","A=0;A Down=0;A Left=0;A Right=0;A Up=1;B=0;C Down=0;C Left=0;C Right=0;C Up=0;DPad D=0;DPad L=0;DPad R=0;DPad U=0;L=0;R=0;Start=0;X Axis=0;Y Axis=0;Z=0"
2958,436,0,111,"","A=0;A Down=0;A Left=0;A Right=0;A Up=1;B=0;C Down=0;C Left=0;C Right=0;C Up=0;DPad D=0;DPad L=0;DPad R=0;DPad U=0;L=0;R=0;Start=0;X Axis=0;Y Axis=0;Z=0"
2959,437,0,111,"","A=0;A Down=0;A Left=0;A Right=0;A Up=1;B=0;C Down=0;C Left=0;C Right=0;C Up=0;DPad D=0;DPad L=0;DPad R=0;DPad U=0;L=0;R=0;Start=0;X Axis=0;Y Axis=0;Z=0"
2960,438,0,111,"","A=0;A Down=0;A Left=0;A Right=0;A Up=1;B=0;C Down=0;C Left=0;C Right=0;C Up=0;DPad D=0;DPad L=0;DPad R=0;DPad U=0;L=0;R=0;Start=0;X Axis=0;Y Axis=0;Z=0"
2961,439,0,111,"","A=0;A Down=0;A Left=0;A Right=0;A Up=1;B=0;C Down=0;C Left=0;C Right=0;C Up=0;DPad D=0;DPad L=0;DPad R=0;DPad U=0;L=0;R=0;Start=0;X Axis=0;Y Axis=0;Z=0"
2962,440,0,111,"","A=0;A Down=0;A Left=0;A Right=0;A Up=1;B=0;C Down=0;C Left=0;C Right=0;C Up=0;DPad D=0;DPad L=0;DPad R=0;DPad U=0;L=0;R=0;Start=0;X Axis=0;Y Axis=0;Z=0"
2963,441,0,111,"","A=0;A Down=0;A Left=0;A Right=0;A Up=1;B=0;C Down=0;C Left=0;C Right=0;C Up=0;DPad D=0;DPad L=0;DPad R=0;DPad U=0;L=0;R=0;Start=0;X Axis=0;Y Axis=0;Z=0"
2964,442,0,111,"","A=0;A Down=0;A Left=0;A Right=0;A Up=1;B=0;C Down=0;C Left=0;C Right=0;C Up=0;DPad D=0;DPad L=0;DPad R=0;DPad U=0;L=0;R=0;Start=0;X Axis=0;Y Axis=0;Z=0"
2965,443,0,111,"","A=0;A Down=0;A Left=0;A Right=0;A Up=1;B=0;C Down=0;C Left=0;C Right=0;C Up=0;DPad D=0;DPad L=0;DPad R=0;DPad U=0;L=0;R=0;Start=0;X Axis=0;Y Axis=0;Z=0"
2966,444,0,111,"","A=0;A Down=0;A Left=0;A Right=0;A Up=1;B=0;C Down=0;C Left=0;C Right=0;C Up=0;DPad D=0;DPad L=0;DPad R=0;DPad U=0;L=0;R=0;Start=0;X Axis=0;Y Axis=0;Z=0"
2967,445,0,111,"","A=0;A Down=0;A Left=0;A Right=0;A Up=1;B=0;C Down=0;C Left=0;C Right=0;C Up=0;DPad D=0;DPad L=0;DPad R=0;DPad U=0;L=0;R=0;Start=0;X Axis=0;Y Axis=0;Z=0"
2968,446,0,111,"","A=0;A Down=0;A Left=0;A Right=0;A Up=1;B=0;C Down=0;C Left=0;C Right=0;C Up=0;DPad D=0;DPad L=0;DPad R=0;DPad U=0;L=0;R=0;Start=0;X Axis=0;Y Axis=0;Z=0"
2969,447,0,111,"","A=0;A Down=0;A Left=0;A Right=0;A Up=1;B=0;C Down=0;C Left=0;C Right=0;C Up=0;DPad D=0;DPad L=0;DPad R=0;DPad U=0;L=0;R=0;Start=0;X Axis=0;Y Axis=0;Z=0"
2970,448,0,111,"","A=0;A Down=0;A Left=0;A Right=0;A Up=1;B=0;C Down=0;C Left=0;C Right=0;C Up=0;DPad D=0;DPad L=0;DPad R=0;DPad U=0;L=0;R=0;Start=0;X Axis=0;Y Axis=0;Z=0"
2971,449,0,111,"","A=0;A Down=0;A Left=0;A Right=0;A Up=1;B=0;C Down=0;C Left=0;C Right=0;C Up=0;DPad D=0;DPad L=0;DPad R=0;DPad U=0;L=0;R=0;Start=0;X Axis=0;Y Axis=0;Z=0"
2972,450,0,111,"","A=0;A Down=0;A Left=0;A Right=0;A Up=1;B=0;C Down=0;C Left=0;C Right=0;C Up=0;DPad D=0;DPad L=0;DPad R=0;DPad U=0;L=0;R=0;Start=0;X Axis=0;Y Axis=0;Z=0"
2973,451,0,111,"","A=0;A Down=0;A Left=0;A Right=0;A Up=1;B=0;C Down=0;C Left=0;C Right=0;C Up=0;DPad D=0;DPad L=0;DPad R=0;DPad U=0;L=0;R=0;Start=0;X Axis=0;Y Axis=0;Z=0"
2974,452,0,111,"","A=0;A Down=0;A Left=0;A Right=0;A Up=1;B=0;C Down=0;C Left=0;C Right=0;C Up=0;DPad D=0;DPad L=0;DPad R=0;DPad U=0;L=0;R=0;Start=0;X Axis=0;Y Axis=0;Z=0"
2975,453,0,111,"","A=0;A Down=0;A Left=0;A Right=0;A Up=1;B=0;C Down=0;C Left=0;C Right=0;C Up=0;DPad D=0;DPad L=0;DPad R=0;DPad U=0;L=0;R=0;Start=0;X Axis=0;Y Axis=0;Z=0"
2976,454,0,111,"","A=0;A Down=0;A Left=0;A Right=0;A Up=1;B=0;C Down=0;C Left=0;C Right=0;C Up=0;DPad D=0;DPad L=0;DPad R=0;DPad U=0;L=0;R=0;Start=0;X Axis=0;Y Axis=0;Z=0"
2977,455,0,111,"","A=0;A Down=0;A Left=0;A Right=0;A Up=1;B=0;C Down=0;C Left=0;C Right=0;C Up=0;DPad D=0;DPad L=0;DPad R=0;DPad U=0;L=0;R=0;Start=0;X Axis=0;Y Axis=0;Z=0"
2978,456,0,111,"","A=0;A Down=0;A Left=0;A Right=0;A Up=1;B=0;C Down=0;C Left=0;C Right=0;C Up=0;DPad D=0;DPad L=0;DPad R=0;DPad U=0;L=0;R=0;Start=0;X Axis=0;Y Axis=0;Z=0"
2979,457,0,111,"","A=0;A Down=0;A Left=0;A Right=0;A Up=1;B=0;C Down=0;C Left=0;C Right=0;C Up=0;DPad D=0;DPad L=0;DPad R=0;DPad U=0;L=0;R=0;Start=0;X Axis=0;Y Axis=0;Z=0"
2980,458,0,111,"","A=0;A Down=0;A Left=0;A Right=0;A Up=1;B=0;C Down=0;C Left=0;C Right=0;C Up=0;DPad D=0;DPad L=0;DPad R=0;DPad U=0;L=0;R=0;Start=0;X Axis=0;Y Axis=0;Z=0"
2981,459,0,111,"","A=0;A Down=0;A Left=0;A Right=0;A Up=1;B=0;C Down=0;C Left=0;C Right=0;C Up=0;DPad D=0;DPad L=0;DPad R=0;DPad U=0;L=0;R=0;Start=0;X Axis=0;Y Axis=0;Z=0"
2982,460,0,111,"","A=0;A Down=0;A Left=0;A Right=0;A Up=1;B=0;C Down=0;C Left=0;C Right=0;C Up=0;DPad D=0;DPad L=0;DPad R=0;DPad U=0;L=0;R=0;Start=0;X Axis=0;Y Axis=0;Z=0"
2983,461,0,111,"","A=0;A Down=0;A Left=0;A Right=0;A Up=1;B=0;C Down=0;C Left=0;C Right=0;C Up=0;DPad D=0;DPad L=0;DPad R=0;DPad U=0;L=0;R=0;Start=0;X Axis=0;Y Axis=0;Z=0"
2984,462,0,111,"","A=0;A Down=0;A Left=0;A Right=0;A Up=1;B=0;C Down=0;C Left=0;C Right=0;C Up=0;DPad D=0;DPad L=0;DPad R=0;DPad U=0;L=0;R=0;Start=0;X Axis=0;Y Axis=0;Z=0"
2985,463,0,111,"","A=0;A Down=0;A Left=0;A Right=0;A Up=1;B=0;C Down=0;C Left=0;C Right=0;C Up=0;DPad D=0;DPad L=0;DPad R=0;DPad U=0;L=0;R=0;Start=0;X Axis=0;Y Axis=0;Z=0"
2986,464,0,111,"","A=0;A Down=0;A Left=0;A Right=0;A Up=1;B=0;C Down=0;C Left=0;C Right=0;C Up=0;DPad D=0;DPad L=0;DPad R=0;DPad U=0;L=0;R=0;Start=0;X Axis=0;Y Axis=0;Z=0"
2987,465,0,111,"","A=0;A Down=0;A Left=0;A Right=0;A Up=0;B=0;C Down=0;C Left=0;C Right=0;C Up=0;DPad D=0;DPad L=0;DPad R=0;DPad U=0;L=0;R=0;Start=0;X Axis=0;Y Axis=0;Z=0"
2988,466,0,111,"","A=0;A Down=0;A Left=0;A Right=0;A Up=0;B=0;C Down=0;C Left=0;C Right=0;C Up=0;DPad D=0;DPad L=0;DPad R=0;DPad U=0;L=0;R=0;Start=0;X Axis=0;Y Axis=0;Z=0"
2989,467,0,111,"","A=0;A Down=0;A Left=0;A Right=0;A Up=0;B=0;C Down=0;C Left=0;C Right=0;C Up=0;DPad D=0;DPad L=0;DPad R=0;DPad U=0;L=0;R=0;Start=0;X Axis=0;Y Axis=0;Z=0"
2990,468,0,111,"","A=0;A Down=0;A Left=0;A Right=0;A Up=0;B=0;C Down=0;C Left=0;C Right=0;C Up=0;DPad D=0;DPad L=0;DPad R=0;DPad U=0;L=0;R=0;Start=0;X Axis=0;Y Axis=0;Z=0"
2991,469,0,111,"","A=0;A Down=0;A Left=0;A Right=0;A Up=0;B=0;C Down=0;C Left=0;C Right=0;C Up=0;DPad D=0;DPad L=0;DPad R=0;DPad U=0;L=0;R=0;Start=0;X Axis=0;Y Axis=0;Z=0"
2992,470,0,111,"","A=0;A Down=0;A Left=0;A Right=0;A Up=0;B=0;C Down=0;C Left=0;C Right=0;C Up=0;DPad D=0;DPad L=0;DPad R=0;DPad U=0;L=0;R=0;Start=0;X Axis=0;Y Axis=0;Z=0"
2993,471,0,111,"","A=0;A Down=0;A Left=0;A Right=0;A Up=0;B=0;C Down=0;C Left=0;C Right=0;C Up=0;DPad D=0;DPad L=0;DPad R=0;DPad U=0;L=0;R=0;Start=0;X Axis=0;Y Axis=0;Z=0"
2994,472,0,111,"","A=0;A Down=0;A Left=0;A Right=0;A Up=0;B=0;C Down=0;C Left=0;C Right=0;C Up=0;DPad D=0;DPad L=0;DPad R=0;DPad U=0;L=0;R=0;Start=0;X Axis=0;Y Axis=0;Z=0"
2995,473,0,111,"","A=0;A Down=0;A Left=0;A Right=0;A Up=0;B=0;C Down=0;C Left=0;C Right=0;C Up=0;DPad D=0;DPad L=0;DPad R=0;DPad U=0;L=0;R=0;Start=0;X Axis=0;Y Axis=0;Z=0"
2996,474,0,111,"","A=0;A Down=0;A Left=0;A Right=0;A Up=0;B=0;C Down=0;C Left=0;C Right=0;C Up=0;DPad D=0;DPad L=0;DPad R=0;DPad U=0;L=0;R=0;Start=0;X Axis=0;Y Axis=0;Z=0"
2997,475,0,111,"","A=0;A Down=0;A Left=0;A Right=0;A Up=0;B=0;C Down=0;C Left=0;C Right=0;C Up=0;DPad D=0;DPad L=0;DPad R=0;DPad U=0;L=0;R=0;Start=0;X Axis=0;Y Axis=0;Z=0"
2998,476,0,111,"","A=0;A Down=0;A Left=0;A Right=0;A Up=0;B=0;C Down=0;C Left=0;C Right=0;C Up=0;DPad D=0;DPad L=0;DPad R=0;DPad U=0;L=0;R=0;Start=0;X Axis=0;Y Axis=0;Z=0"
2999,477,0,111,"","A=0;A Down=0;A Left=0;A Right=0;A Up=0;B=0;C Down=0;C Left=0;C Right=0;C Up=0;DPad D=0;DPad L=0;DPad R=0;DPad U=0;L=0;R=0;Start=0;X Axis=0;Y Axis=0;Z=0"
3000,478,0,111,"","A=0;A Down=0;A Left=0;A Right=0;A Up=0;B=0;C Down=0;C Left=0;C Right=0;C Up=0;DPad D=0;DPad L=0;DPad R=0;DPad U=0;L=0;R=0;Start=0;X Axis=0;Y Axis=0;Z=0"
3001,479,0,111,"","A=0;A Down=0;A Left=0;A Right=0;A Up=0;B=0;C Down=0;C Left=0;C Right=0;C Up=0;DPad D=0;DPad L=0;DPad R=0;DPad U=0;L=0;R=0;Start=0;X Axis=0;Y Axis=0;Z=0"
3002,480,0,111,"","A=0;A Down=0;A Left=0;A Right=0;A Up=0;B=0;C Down=0;C Left=0;C Right=0;C Up=0;DPad D=0;DPad L=0;DPad R=0;DPad U=0;L=0;R=0;Start=0;X Axis=0;Y Axis=0;Z=0"
3003,481,0,111,"","A=0;A Down=0;A Left=0;A Right=0;A Up=0;B=0;C Down=0;C Left=0;C Right=0;C Up=0;DPad D=0;DPad L=0;DPad R=0;DPad U=0;L=0;R=0;Start=0;X Axis=0;Y Axis=0;Z=0"
3004,482,0,111,"","A=0;A Down=0;A Left=0;A Right=0;A Up=0;B=0;C Down=0;C Left=0;C Right=0;C Up=0;DPad D=0;DPad L=0;DPad R=0;DPad U=0;L=0;R=0;Start=0;X Axis=0;Y Axis=0;Z=0"
3005,483,0,111,"","A=0;A Down=0;A Left=0;A Right=0;A Up=0;B=0;C Down=0;C Left=0;C Right=0;C Up=0;DPad D=0;DPad L=0;DPad R=0;DPad U=0;L=0;R=0;Start=0;X Axis=0;Y Axis=0;Z=0"
3006,484,0,111,"","A=0;A Down=0;A Left=0;A Right=0;A Up=0;B=0;C Down=0;C Left=0;C Right=0;C Up=0;DPad D=0;DPad L=0;DPad R=0;DPad U=0;L=0;R=0;Start=0;X Axis=0;Y Axis=0;Z=0"
3007,485,0,111,"","A=0;A Down=0;A Left=0;A Right=0;A Up=0;B=0;C Down=0;C Left=0;C Right=0;C Up=0;DPad D=0;DPad L=0;DPad R=0;DPad U=0;L=0;R=0;Start=0;X Axis=0;Y Axis=0;Z=0"
3008,486,0,111,"","A=0;A Down=0;A Left=0;A Right=0;A Up=0;B=0;C Down=0;C Left=0;C Right=0;C Up=0;DPad D=0;DPad L=0;DPad R=0;DPad U=0;L=0;R=0;Start=0;X Axis=0;Y Axis=0;Z=0"
3009,487,0,111,"","A=0;A Down=0;A Left=0;A Right=0;A Up=1;B=0;C Down=0;C Left=0;C Right=0;C Up=0;DPad D=0;DPad L=0;DPad R=0;DPad U=0;L=0;R=0;Start=0;X Axis=0;Y Axis=0;Z=0"
3010,488,0,111,"","A=0;A Down=0;A Left=1;A Right=0;A Up=1;B=0;C Down=0;C Left=0;C Right=0;C Up=0;DPad D=0;DPad L=0;DPad R=0;DPad U=0;L=0;R=0;Start=0;X Axis=0;Y Axis=0;Z=0"
3011,489,0,111,"","A=0;A Down=0;A Left=1;A Right=0;A Up=1;B=0;C Down=0;C Left=0;C Right=0;C Up=0;DPad D=0;DPad L=0;DPad R=0;DPad U=0;L=0;R=0;Start=0;X Axis=0;Y Axis=0;Z=0"
3012,490,0,111,"","A=0;A Down=0;A Left=1;A Right=0;A Up=1;B=0;C Down=0;C Left=0;C Right=0;C Up=0;DPad D=0;DPad L=0;DPad R=0;DPad U=0;L=0;R=0;Start=0;X Axis=0;Y Axis=0;Z=0"
3013,491,0,111,"","A=0;A Down=0;A Left=1;A Right=0;A Up=1;B=0;C Down=0;C Left=0;C Right=0;C Up=0;DPad D=0;DPad L=0;DPad R=0;DPad U=0;L=0;R=0;Start=0;X Axis=0;Y Axis=0;Z=0"
3014,492,0,111,"","A=0;A Down=0;A Left=1;A Right=0;A Up=1;B=0;C Down=0;C Left=0;C Right=0;C Up=0;DPad D=0;DPad L=0;DPad R=0;DPad U=0;L=0;R=0;Start=0;X Axis=0;Y Axis=0;Z=0"
3015,493,0,111,"","A=0;A Down=0;A Left=1;A Right=0;A Up=1;B=0;C Down=0;C Left=0;C Right=0;C Up=0;DPad D=0;DPad L=0;DPad R=0;DPad U=0;L=0;R=0;Start=0;X Axis=0;Y Axis=0;Z=0"
3016,494,0,111,"","A=0;A Down=0;A Left=1;A Right=0;A Up=1;B=0;C Down=0;C Left=0;C Right=0;C Up=0;DPad D=0;DPad L=0;DPad R=0;DPad U=0;L=0;R=0;Start=0;X Axis=0;Y Axis=0;Z=0"
3017,495,0,111,"","A=0;A Down=0;A Left=0;A Right=0;A Up=0;B=0;C Down=0;C Left=0;C Right=0;C Up=0;DPad D=0;DPad L=0;DPad R=0;DPad U=0;L=0;R=0;Start=0;X Axis=0;Y Axis=0;Z=0"
3018,496,0,111,"","A=0;A Down=0;A Left=0;A Right=0;A Up=0;B=0;C Down=0;C Left=0;C Right=0;C Up=0;DPad D=0;DPad L=0;DPad R=0;DPad U=0;L=0;R=0;Start=0;X Axis=0;Y Axis=0;Z=0"
3019,497,0,111,"","A=0;A Down=0;A Left=0;A Right=0;A Up=0;B=0;C Down=0;C Left=0;C Right=0;C Up=0;DPad D=0;DPad L=0;DPad R=0;DPad U=0;L=0;R=0;Start=0;X Axis=0;Y Axis=0;Z=0"
3020,498,0,111,"","A=0;A Down=0;A Left=0;A Right=0;A Up=0;B=0;C Down=0;C Left=0;C Right=0;C Up=0;DPad D=0;DPad L=0;DPad R=0;DPad U=0;L=0;R=0;Start=0;X Axis=0;Y Axis=0;Z=0"
3021,499,0,111,"","A=0;A Down=0;A Left=0;A Right=0;A Up=0;B=0;C Down=0;C Left=0;C Right=0;C Up=0;DPad D=0;DPad L=0;DPad R=0;DPad U=0;L=0;R=0;Start=0;X Axis=0;Y Axis=0;Z=0"
3022,500,0,111,"","A=0;A Down=0;A Left=0;A Right=0;A Up=0;B=0;C Down=0;C Left=0;C Right=0;C Up=0;DPad D=0;DPad L=0;DPad R=0;DPad U=0;L=0;R=0;Start=0;X Axis=0;Y Axis=0;Z=0"
3023,501,0,111,"","A=0;A Down=0;A Left=0;A Right=0;A Up=0;B=0;C Down=0;C Left=0;C Right=0;C Up=0;DPad D=0;DPad L=0;DPad R=0;DPad U=0;L=0;R=0;Start=0;X Axis=0;Y Axis=0;Z=0"
3024,502,0,111,"","A=0;A Down=0;A Left=0;A Right=0;A Up=0;B=0;C Down=0;C Left=0;C Right=0;C Up=0;DPad D=0;DPad L=0;DPad R=0;DPad U=0;L=0;R=0;Start=0;X Axis=0;Y Axis=0;Z=0"
3025,503,0,111,"","A=0;A Down=0;A Left=0;A Right=0;A Up=0;B=0;C Down=0;C Left=0;C Right=0;C Up=0;DPad D=0;DPad L=0;DPad R=0;DPad U=0;L=0;R=0;Start=0;X Axis=0;Y Axis=0;Z=0"
3026,504,0,111,"","A=0;A Down=0;A Left=0;A Right=0;A Up=0;B=0;C Down=0;C Left=0;C Right=0;C Up=0;DPad D=0;DPad L=0;DPad R=0;DPad U=0;L=0;R=0;Start=0;X Axis=0;Y Axis=0;Z=0"
3027,505,0,111,"","A=0;A Down=0;A Left=0;A Right=0;A Up=0;B=0;C Down=0;C Left=0;C Right=0;C Up=0;DPad D=0;DPad L=0;DPad R=0;DPad U=0;L=0;R=0;Start=0;X Axis=0;Y Axis=0;Z=0"
3028,506,0,111,"","A=0;A Down=0;A Left=0;A Right=0;A Up=0;B=0;C Down=0;C Left=0;C Right=0;C Up=0;DPad D=0;DPad L=0;DPad R=0;DPad U=0;L=0;R=0;Start=0;X Axis=0;Y Axis=0;Z=0"
3029,507,0,111,"","A=0;A Down=0;A Left=0;A Right=0;A Up=0;B=0;C Down=0;C Left=0;C Right=0;C Up=0;DPad D=0;DPad L=0;DPad R=0;DPad U=0;L=0;R=0;Start=0;X Axis=0;Y Axis=0;Z=0"
3030,508,0,111,"","A=0;A Down=0;A Left=0;A Right=0;A Up=0;B=0;C Down=0;C Left=0;C Right=0;C Up=0;DPad D=0;DPad L=0;DPad R=0;DPad U=0;L=0;R=0;Start=0;X Axis=0;Y Axis=0;Z=0"
3031,509,0,111,"","A=0;A Down=0;A Left=0;A Right=0;A Up=0;B=0;C Down=0;C Left=0;C Right=0;C Up=0;DPad D=0;DPad L=0;DPad R=0;DPad U=0;L=0;R=0;Start=0;X Axis=0;Y Axis=0;Z=0"
3032,510,0,111,"","A=0;A Down=0;A Left=0;A Right=0;A Up=0;B=0;C Down=0;C Left=0;C Right=0;C Up=0;DPad D=0;DPad L=0;DPad R=0;DPad U=0;L=0;R=0;Start=0;X Axis=0;Y Axis=0;Z=0"
3033,511,0,111,"","A=0;A Down=0;A Left=0;A Right=0;A Up=0;B=0;C Down=0;C Left=0;C Right=0;C Up=0;DPad D=0;DPad L=0;DPad R=0;DPad U=0;L=0;R=0;Start=0;X Axis=0;Y Axis=0;Z=0"
3034,512,0,111,"","A=0;A Down=0;A Left=0;A Right=0;A Up=0;B=0;C Down=0;C Left=0;C Right=0;C Up=0;DPad D=0;DPad L=0;DPad R=0;DPad U=0;L=0;R=0;Start=0;X Axis=0;Y Axis=0;Z=0"
3035,513,0,111,"","A=0;A Down=0;A Left=0;A Right=0;A Up=0;B=0;C Down=0;C Left=0;C Right=0;C Up=0;DPad D=0;DPad L=0;DPad R=0;DPad U=0;L=0;R=0;Start=0;X Axis=0;Y Axis=0;Z=0"
3036,514,0,111,"","A=0;A Down=0;A Left=0;A Right=0;A Up=0;B=0;C Down=0;C Left=0;C Right=0;C Up=0;DPad D=0;DPad L=0;DPad R=0;DPad U=0;L=0;R=0;Start=0;X Axis=0;Y Axis=0;Z=0"
3037,515,0,111,"","A=0;A Down=0;A Left=0;A Right=0;A Up=0;B=0;C Down=0;C Left=0;C Right=0;C Up=0;DPad D=0;DPad L=0;DPad R=0;DPad U=0;L=0;R=0;Start=0;X Axis=0;Y Axis=0;Z=0"
3038,516,0,111,"","A=0;A Down=0;A Left=0;A Right=0;A Up=0;B=0;C Down=0;C Left=0;C Right=0;C Up=0;DPad D=0;DPad L=0;DPad R=0;DPad U=0;L=0;R=0;Start=0;X Axis=0;Y Axis=0;Z=0"
3039,517,0,111,"","A=0;A Down=0;A Left=0;A Right=0;A Up=0;B=0;C Down=0;C Left=0;C Right=0;C Up=0;DPad D=0;DPad L=0;DPad R=0;DPad U=0;L=0;R=0;Start=0;X Axis=0;Y Axis=0;Z=0"
3040,518,0,111,"","A=0;A Down=0;A Left=0;A Right=0;A Up=0;B=0;C Down=0;C Left=0;C Right=0;C Up=0;DPad D=0;DPad L=0;DPad R=0;DPad U=0;L=0;R=0;Start=0;X Axis=0;Y Axis=0;Z=0"
3041,519,0,111,"","A=0;A Down=0;A Left=0;A Right=0;A Up=0;B=0;C Down=0;C Left=0;C Right=0;C Up=0;DPad D=0;DPad L=0;DPad R=0;DPad U=0;L=0;R=0;Start=0;X Axis=0;Y Axis=0;Z=0"
3042,520,0,111,"","A=0;A Down=0;A Left=0;A Right=0;A Up=0;B=0;C Down=0;C Left=0;C Right=0;C Up=0;DPad D=0;DPad L=0;DPad R=0;DPad U=0;L=0;R=0;Start=0;X Axis=0;Y Axis=0;Z=0"
3043,521,0,111,"","A=0;A Down=0;A Left=0;A Right=0;A Up=0;B=0;C Down=0;C Left=0;C Right=0;C Up=0;DPad D=0;DPad L=0;DPad R=0;DPad U=0;L=0;R=0;Start=0;X Axis=0;Y Axis=0;Z=0"
3044,522,0,111,"","A=0;A Down=0;A Left=0;A Right=0;A Up=0;B=0;C Down=0;C Left=0;C Right=0;C Up=0;DPad D=0;DPad L=0;DPad R=0;DPad U=0;L=0;R=0;Start=0;X Axis=0;Y Axis=0;Z=0"
3045,523,0,111,"","A=0;A Down=0;A Left=0;A Right=0;A Up=0;B=0;C Down=0;C Left=0;C Right=0;C Up=0;DPad D=0;DPad L=0;DPad R=0;DPad U=0;L=0;R=0;Start=0;X Axis=0;Y Axis=0;Z=0"
3046,524,0,111,"","A=0;A Down=0;A Left=0;A Right=0;A Up=0;B=0;C Down=0;C Left=0;C Right=0;C Up=0;DPad D=0;DPad L=0;DPad R=0;DPad U=0;L=0;R=0;Start=0;X Axis=0;Y Axis=0;Z=0"
3047,525,0,111,"","A=0;A Down=0;A Left=0;A Right=0;A Up=0;B=0;C Down=0;C Left=0;C Right=0;C Up=0;DPad D=0;DPad L=0;DPad R=0;DPad U=0;L=0;R=0;Start=0;X Axis=0;Y Axis=0;Z=0"
3048,526,0,111,"","A=0;A Down=0;A Left=0;A Right=0;A Up=0;B=0;C Down=0;C Left=0;C Right=0;C Up=0;DPad D=0;DPad L=0;DPad R=0;DPad U=0;L=0;R=0;Start=0;X Axis=0;Y Axis=0;Z=0"
3049,527,0,111,"","A=0;A Down=0;A Left=0;A Right=0;A Up=0;B=0;C Down=0;C Left=0;C Right=0;C Up=0;DPad D=0;DPad L=0;DPad R=0;DPad U=0;L=0;R=0;Start=0;X Axis=0;Y Axis=0;Z=0"
3050,528,0,111,"","A=0;A Down=0;A Left=0;A Right=0;A Up=0;B=0;C Down=0;C Left=0;C Right=0;C Up=0;DPad D=0;DPad L=0;DPad R=0;DPad U=0;L=0;R=0;Start=0;X Axis=0;Y Axis=0;Z=0"
3051,529,0,111,"","A=0;A Down=0;A Left=0;A Right=0;A Up=0;B=0;C Down=0;C Left=0;C Right=0;C Up=0;DPad D=0;DPad L=0;DPad R=0;DPad U=0;L=0;R=0;Start=0;X Axis=0;Y Axis=0;Z=0"
3052,530,0,111,"","A=0;A Down=0;A Left=0;A Right=0;A Up=0;B=0;C Down=0;C Left=0;C Right=0;C Up=0;DPad D=0;DPad L=0;DPad R=0;DPad U=0;L=0;R=0;Start=0;X Axis=0;Y Axis=0;Z=0"
3053,531,0,111,"","A=0;A Down=0;A Left=0;A Right=0;A Up=0;B=0;C Down=0;C Left=0;C Right=0;C Up=0;DPad D=0;DPad L=0;DPad R=0;DPad U=0;L=0;R=0;Start=0;X Axis=0;Y Axis=0;Z=0"
3054,532,0,111,"","A=0;A Down=0;A Left=0;A Right=0;A Up=0;B=0;C Down=0;C Left=0;C Right=0;C Up=0;DPad D=0;DPad L=0;DPad R=0;DPad U=0;L=0;R=0;Start=0;X Axis=0;Y Axis=0;Z=0"
3055,533,0,111,"","A=0;A Down=0;A Left=0;A Right=0;A Up=0;B=0;C Down=0;C Left=0;C Right=0;C Up=0;DPad D=0;DPad L=0;DPad R=0;DPad U=0;L=0;R=0;Start=0;X Axis=0;Y Axis=0;Z=0"
3056,534,0,111,"","A=0;A Down=0;A Left=0;A Right=0;A Up=0;B=0;C Down=0;C Left=0;C Right=0;C Up=0;DPad D=0;DPad L=0;DPad R=0;DPad U=0;L=0;R=0;Start=0;X Axis=0;Y Axis=0;Z=0"
3057,535,0,111,"","A=0;A Down=0;A Left=0;A Right=0;A Up=0;B=0;C Down=0;C Left=0;C Right=0;C Up=0;DPad D=0;DPad L=0;DPad R=0;DPad U=0;L=0;R=0;Start=0;X Axis=0;Y Axis=0;Z=0"
3058,536,0,111,"","A=0;A Down=0;A Left=0;A Right=0;A Up=0;B=0;C Down=0;C Left=0;C Right=0;C Up=0;DPad D=0;DPad L=0;DPad R=0;DPad U=0;L=0;R=0;Start=0;X Axis=0;Y Axis=0;Z=0"
3059,537,0,111,"","A=0;A Down=0;A Left=0;A Right=0;A Up=0;B=0;C Down=0;C Left=0;C Right=0;C Up=0;DPad D=0;DPad L=0;DPad R=0;DPad U=0;L=0;R=0;Start=0;X Axis=0;Y Axis=0;Z=0"
3060,538,0,111,"","A=0;A Down=0;A Left=0;A Right=0;A Up=0;B=0;C Down=0;C Left=0;C Right=0;C Up=0;DPad D=0;DPad L=0;DPad R=0;DPad U=0;L=0;R=0;Start=0;X Axis=0;Y Axis=0;Z=0"
3061,539,0,111,"","A=0;A Down=0;A Left=0;A Right=0;A Up=0;B=0;C Down=0;C Left=0;C Right=0;C Up=0;DPad D=0;DPad L=0;DPad R=0;DPad U=0;L=0;R=0;Start=0;X Axis=0;Y Axis=0;Z=0"
3062,540,0,111,"","A=0;A Down=0;A Left=0;A Right=0;A Up=0;B=0;C Down=0;C Left=0;C Right=0;C Up=0;DPad D=0;DPad L=0;DPad R=0;DPad U=0;L=0;R=0;Start=0;X Axis=0;Y Axis=0;Z=0"
3063,541,0,111,"","A=0;A Down=0;A Left=0;A Right=0;A Up=0;B=0;C Down=0;C Left=0;C Right=0;C Up=0;DPad D=0;DPad L=0;DPad R=0;DPad U=0;L=0;R=0;Start=0;X Axis=0;Y Axis=0;Z=0"
3064,542,0,111,"","A=0;A Down=0;A Left=0;A Right=0;A Up=0;B=0;C Down=0;C Left=0;C Right=0;C Up=0;DPad D=0;DPad L=0;DPad R=0;DPad U=0;L=0;R=0;Start=0;X Axis=0;Y Axis=0;Z=0"
3065,543,0,111,"","A=0;A Down=0;A Left=0;A Right=0;A Up=0;B=0;C Down=0;C Left=0;C Right=0;C Up=0;DPad D=0;DPad L=0;DPad R=0;DPad U=0;L=0;R=0;Start=0;X Axis=0;Y Axis=0;Z=0"
3066,544,0,111,"","A=0;A Down=0;A Left=0;A Right=0;A Up=0;B=0;C Down=0;C Left=0;C Right=0;C Up=0;DPad D=0;DPad L=0;DPad R=0;DPad U=0;L=0;R=0;Start=0;X Axis=0;Y Axis=0;Z=0"
3067,545,0,111,"","A=0;A Down=0;A Left=0;A Right=0;A Up=0;B=0;C Down=0;C Left=0;C Right=0;C Up=0;DPad D=0;DPad L=0;DPad R=0;DPad U=0;L=0;R=0;Start=0;X Axis=0;Y Axis=0;Z=0"
3068,546,0,111,"","A=0;A Down=0;A Left=0;A Right=0;A Up=0;B=0;C Down=0;C Left=0;C Right=0;C Up=0;DPad D=0;DPad L=0;DPad R=0;DPad U=0;L=0;R=0;Start=0;X Axis=0;Y Axis=0;Z=0"
3069,547,0,111,"","A=0;A Down=0;A Left=0;A Right=0;A Up=0;B=0;C Down=0;C Left=0;C Right=0;C Up=0;DPad D=0;DPad L=0;DPad R=0;DPad U=0;L=0;R=0;Start=0;X Axis=0;Y Axis=0;Z=0"
3070,548,0,111,"","A=0;A Down=0;A Left=0;A Right=0;A Up=0;B=0;C Down=0;C Left=0;C Right=0;C Up=0;DPad D=0;DPad L=0;DPad R=0;DPad U=0;L=0;R=0;Start=0;X Axis=0;Y Axis=0;Z=0"
3071,549,0,111,"","A=0;A Down=0;A Left=0;A Right=0;A Up=0;B=0;C Down=0;C Left=0;C Right=0;C Up=0;DPad D=0;DPad L=0;DPad R=0;DPad U=0;L=0;R=0;Start=0;X Axis=0;Y Axis=0;Z=0"
3072,550,0,111,"","A=0;A Down=0;A Left=0;A Right=0;A Up=0;B=0;C Down=0;C Left=0;C Right=0;C Up=0;DPad D=0;DPad L=0;DPad R=0;DPad U=0;L=0;R=0;Start=0;X Axis=0;Y Axis=0;Z=0"
3073,551,0,111,"","A=0;A Down=0;A Left=0;A Right=0;A Up=0;B=0;C Down=0;C Left=0;C Right=0;C Up=0;DPad D=0;DPad L=0;DPad R=0;DPad U=0;L=0;R=0;Start=0;X Axis=0;Y Axis=0;Z=0"
3074,552,0,111,"","A=0;A Down=0;A Left=0;A Right=0;A Up=0;B=0;C Down=0;C Left=0;C Right=0;C Up=0;DPad D=0;DPad L=0;DPad R=0;DPad U=0;L=0;R=0;Start=0;X Axis=0;Y Axis=0;Z=0"
3075,553,0,111,"","A=0;A Down=0;A Left=0;A Right=0;A Up=0;B=0;C Down=0;C Left=0;C Right=0;C Up=0;DPad D=0;DPad L=0;DPad R=0;DPad U=0;L=0;R=0;Start=0;X Axis=0;Y Axis=0;Z=0"
3076,554,0,111,"","A=0;A Down=0;A Left=0;A Right=0;A Up=0;B=0;C Down=0;C Left=0;C Right=0;C Up=0;DPad D=0;DPad L=0;DPad R=0;DPad U=0;L=0;R=0;Start=0;X Axis=0;Y Axis=0;Z=0"
3077,555,0,111,"","A=0;A Down=0;A Left=0;A Right=0;A Up=0;B=0;C Down=0;C Left=0;C Right=0;C Up=0;DPad D=0;DPad L=0;DPad R=0;DPad U=0;L=0;R=0;Start=0;X Axis=0;Y Axis=0;Z=0"
3078,556,0,111,"","A=0;A Down=0;A Left=0;A Right=0;A Up=0;B=0;C Down=0;C Left=0;C Right=0;C Up=0;DPad D=0;DPad L=0;DPad R=0;DPad U=0;L=0;R=0;Start=0;X Axis=0;Y Axis=0;Z=0"
3079,557,0,111,"","A=0;A Down=0;A Left=0;A Right=0;A Up=0;B=0;C Down=0;C Left=0;C Right=0;C Up=0;DPad D=0;DPad L=0;DPad R=0;DPad U=0;L=0;R=0;Start=0;X Axis=0;Y Axis=0;Z=0"
3080,558,0,111,"","A=0;A Down=0;A Left=0;A Right=0;A Up=0;B=0;C Down=0;C Left=0;C Right=0;C Up=0;DPad D=0;DPad L=0;DPad R=0;DPad U=0;L=0;R=0;Start=0;X Axis=0;Y Axis=0;Z=0"
3081,559,0,111,"","A=0;A Down=0;A Left=0;A Right=0;A Up=0;B=0;C Down=0;C Left=0;C Right=0;C Up=0;DPad D=0;DPad L=0;DPad R=0;DPad U=0;L=0;R=0;Start=0;X Axis=0;Y Axis=0;Z=0"
3082,560,0,111,"","A=0;A Down=0;A Left=0;A Right=0;A Up=0;B=0;C Down=0;C Left=0;C Right=0;C Up=0;DPad D=0;DPad L=0;DPad R=0;DPad U=0;L=0;R=0;Start=0;X Axis=0;Y Axis=0;Z=0"
3083,561,0,111,"","A=0;A Down=0;A Left=0;A Right=0;A Up=0;B=0;C Down=0;C Left=0;C Right=0;C Up=0;DPad D=0;DPad L=0;DPad R=0;DPad U=0;L=0;R=0;Start=0;X Axis=0;Y Axis=0;Z=0"
3084,562,0,111,"","A=0;A Down=0;A Left=0;A Right=0;A Up=0;B=0;C Down=0;C Left=0;C Right=0;C Up=0;DPad D=0;DPad L=0;DPad R=0;DPad U=0;L=0;R=0;Start=0;X Axis=0;Y Axis=0;Z=0"
3085,563,0,111,"","A=0;A Down=0;A Left=0;A Right=0;A Up=0;B=0;C Down=0;C Left=0;C Right=0;C Up=0;DPad D=0;DPad L=0;DPad R=0;DPad U=0;L=0;R=0;Start=0;X Axis=0;Y Axis=0;Z=0"
3086,564,0,111,"","A=0;A Down=0;A Left=0;A Right=0;A Up=0;B=0;C Down=0;C Left=0;C Right=0;C Up=0;DPad D=0;DPad L=0;DPad R=0;DPad U=0;L=0;R=0;Start=0;X Axis=0;Y Axis=0;Z=0"
3087,565,0,111,"","A=0;A Down=0;A Left=0;A Right=0;A Up=0;B=0;C Down=0;C Left=0;C Right=0;C Up=0;DPad D=0;DPad L=0;DPad R=0;DPad U=0;L=0;R=0;Start=0;X Axis=0;Y Axis=0;Z=0"
3088,566,0,111,"","A=0;A Down=0;A Left=0;A Right=0;A Up=0;B=0;C Down=0;C Left=0;C Right=0;C Up=0;DPad D=0;DPad L=0;DPad R=0;DPad U=0;L=0;R=0;Start=0;X Axis=0;Y Axis=0;Z=0"
3089,567,0,111,"","A=0;A Down=0;A Left=0;A Right=0;A Up=0;B=0;C Down=0;C Left=0;C Right=0;C Up=0;DPad D=0;DPad L=0;DPad R=0;DPad U=0;L=0;R=0;Start=0;X Axis=0;Y Axis=0;Z=0"
3090,568,0,111,"","A=0;A Down=0;A Left=0;A Right=0;A Up=0;B=0;C Down=0;C Left=0;C Right=0;C Up=0;DPad D=0;DPad L=0;DPad R=0;DPad U=0;L=0;R=0;Start=0;X Axis=0;Y Axis=0;Z=0"
3091,569,0,111,"","A=0;A Down=0;A Left=0;A Right=0;A Up=0;B=0;C Down=0;C Left=0;C Right=0;C Up=0;DPad D=0;DPad L=0;DPad R=0;DPad U=0;L=0;R=0;Start=0;X Axis=0;Y Axis=0;Z=0"
3092,570,0,111,"","A=0;A Down=0;A Left=0;A Right=0;A Up=0;B=0;C Down=0;C Left=0;C Right=0;C Up=0;DPad D=0;DPad L=0;DPad R=0;DPad U=0;L=0;R=0;Start=0;X Axis=0;Y Axis=0;Z=0"
3093,571,0,111,"","A=0;A Down=0;A Left=0;A Right=0;A Up=0;B=0;C Down=0;C Left=0;C Right=0;C Up=0;DPad D=0;DPad L=0;DPad R=0;DPad U=0;L=0;R=0;Start=0;X Axis=0;Y Axis=0;Z=0"
3094,572,0,111,"","A=0;A Down=0;A Left=0;A Right=0;A Up=0;B=0;C Down=0;C Left=0;C Right=0;C Up=0;DPad D=0;DPad L=0;DPad R=0;DPad U=0;L=0;R=0;Start=0;X Axis=0;Y Axis=0;Z=0"
3095,573,0,111,"","A=0;A Down=0;A Left=0;A Right=0;A Up=0;B=0;C Down=0;C Left=0;C Right=0;C Up=0;DPad D=0;DPad L=0;DPad R=0;DPad U=0;L=0;R=0;Start=0;X Axis=0;Y Axis=0;Z=0"
3096,574,0,111,"","A=0;A Down=0;A Left=0;A Right=0;A Up=0;B=0;C Down=0;C Left=0;C Right=0;C Up=0;DPad D=0;DPad L=0;DPad R=0;DPad U=0;L=0;R=0;Start=0;X Axis=0;Y Axis=0;Z=0"
3097,575,0,111,"","A=0;A Down=0;A Left=0;A Right=0;A Up=0;B=0;C Down=0;C Left=0;C Right=0;C Up=0;DPad D=0;DPad L=0;DPad R=0;DPad U=0;L=0;R=0;Start=0;X Axis=0;Y Axis=0;Z=0"
3098,576,0,111,"","A=0;A Down=0;A Left=0;A Right=0;A Up=0;B=0;C Down=0;C Left=0;C Right=0;C Up=0;DPad D=0;DPad L=0;DPad R=0;DPad U=0;L=0;R=0;Start=0;X Axis=0;Y Axis=0;Z=0"
3099,577,0,111,"","A=0;A Down=0;A Left=0;A Right=0;A Up=0;B=0;C Down=0;C Left=0;C Right=0;C Up=0;DPad D=0;DPad L=0;DPad R=0;DPad U=0;L=0;R=0;Start=0;X Axis=0;Y Axis=0;Z=0"
3100,578,0,111,"","A=0;A Down=0;A Left=0;A Right=0;A Up=0;B=0;C Down=0;C Left=0;C Right=0;C Up=0;DPad D=0;DPad L=0;DPad R=0;DPad U=0;L=0;R=0;Start=0;X Axis=0;Y Axis=0;Z=0"
3101,579,0,111,"","A=0;A Down=0;A Left=0;A Right=0;A Up=0;B=0;C Down=0;C Left=0;C Right=0;C Up=0;DPad D=0;DPad L=0;DPad R=0;DPad U=0;L=0;R=0;Start=0;X Axis=0;Y Axis=0;Z=0"
3102,580,0,111,"","A=0;A Down=0;A Left=0;A Right=0;A Up=0;B=0;C Down=0;C Left=0;C Right=0;C Up=0;DPad D=0;DPad L=0;DPad R=0;DPad U=0;L=0;R=0;Start=0;X Axis=0;Y Axis=0;Z=0"
3103,581,0,111,"","A=0;A Down=0;A Left=0;A Right=0;A Up=0;B=0;C Down=0;C Left=0;C Right=0;C Up=0;DPad D=0;DPad L=0;DPad R=0;DPad U=0;L=0;R=0;Start=0;X Axis=0;Y Axis=0;Z=0"
3104,582,0,111,"","A=0;A Down=0;A Left=0;A Right=0;A Up=0;B=0;C Down=0;C Left=0;C Right=0;C Up=0;DPad D=0;DPad L=0;DPad R=0;DPad U=0;L=0;R=0;Start=0;X Axis=0;Y Axis=0;Z=0"
3105,583,0,111,"","A=0;A Down=0;A Left=0;A Right=0;A Up=0;B=0;C Down=0;C Left=0;C Right=0;C Up=0;DPad D=0;DPad L=0;DPad R=0;DPad U=0;L=0;R=0;Start=0;X Axis=0;Y Axis=0;Z=0"
3106,584,0,111,"","A=0;A Down=0;A Left=0;A Right=0;A Up=0;B=0;C Down=0;C Left=0;C Right=0;C Up=0;DPad D=0;DPad L=0;DPad R=0;DPad U=0;L=0;R=0;Start=0;X Axis=0;Y Axis=0;Z=0"
3107,585,0,111,"","A=0;A Down=0;A Left=0;A Right=0;A Up=0;B=0;C Down=0;C Left=0;C Right=0;C Up=0;DPad D=0;DPad L=0;DPad R=0;DPad U=0;L=0;R=0;Start=0;X Axis=0;Y Axis=0;Z=0"
3108,586,0,111,"","A=0;A Down=0;A Left=0;A Right=0;A Up=0;B=0;C Down=0;C Left=0;C Right=0;C Up=0;DPad D=0;DPad L=0;DPad R=0;DPad U=0;L=0;R=0;Start=0;X Axis=0;Y Axis=0;Z=0"
3109,587,0,111,"","A=0;A Down=0;A Left=0;A Right=0;A Up=0;B=0;C Down=0;C Left=0;C Right=0;C Up=0;DPad D=0;DPad L=0;DPad R=0;DPad U=0;L=0;R=0;Start=0;X Axis=0;Y Axis=0;Z=0"
3110,588,0,111,"","A=0;A Down=0;A Left=0;A Right=0;A Up=0;B=0;C Down=0;C Left=0;C Right=0;C Up=0;DPad D=0;DPad L=0;DPad R=0;DPad U=0;L=0;R=0;Start=0;X Axis=0;Y Axis=0;Z=0"
3111,589,0,111,"","A=0;A Down=0;A Left=0;A Right=0;A Up=0;B=0;C Down=0;C Left=0;C Right=0;C Up=0;DPad D=0;DPad L=0;DPad R=0;DPad U=0;L=0;R=0;Start=0;X Axis=0;Y Axis=0;Z=0"
3112,590,0,111,"","A=0;A Down=0;A Left=0;A Right=0;A Up=0;B=0;C Down=0;C Left=0;C Right=0;C Up=0;DPad D=0;DPad L=0;DPad R=0;DPad U=0;L=0;R=0;Start=0;X Axis=0;Y Axis=0;Z=0"
3113,591,0,111,"","A=0;A Down=0;A Left=0;A Right=0;A Up=0;B=0;C Down=0;C Left=0;C Right=0;C Up=0;DPad D=0;DPad L=0;DPad R=0;DPad U=0;L=0;R=0;Start=0;X Axis=0;Y Axis=0;Z=0"
3114,592,0,111,"","A=0;A Down=0;A Left=0;A Right=0;A Up=0;B=0;C Down=0;C Left=0;C Right=0;C Up=0;DPad D=0;DPad L=0;DPad R=0;DPad U=0;L=0;R=0;Start=0;X Axis=0;Y Axis=0;Z=0"
3115,593,0,111,"","A=0;A Down=0;A Left=0;A Right=0;A Up=0;B=0;C Down=0;C Left=0;C Right=0;C Up=0;DPad D=0;DPad L=0;DPad R=0;DPad U=0;L=0;R=0;Start=0;X Axis=0;Y Axis=0;Z=0"
3116,594,0,111,"","A=0;A Down=0;A Left=0;A Right=0;A Up=0;B=0;C Down=0;C Left=0;C Right=0;C Up=0;DPad D=0;DPad L=0;DPad R=0;DPad U=0;L=0;R=0;Start=0;X Axis=0;Y Axis=0;Z=0"
3117,595,0,111,"","A=0;A Down=0;A Left=0;A Right=0;A Up=0;B=0;C Down=0;C Left=0;C Right=0;C Up=0;DPad D=0;DPad L=0;DPad R=0;DPad U=0;L=0;R=0;Start=0;X Axis=0;Y Axis=0;Z=0"
3118,596,0,111,"","A=0;A Down=0;A Left=0;A Right=0;A Up=0;B=0;C Down=0;C Left=0;C Right=0;C Up=0;DPad D=0;DPad L=0;DPad R=0;DPad U=0;L=0;R=0;Start=0;X Axis=0;Y Axis=0;Z=0"
3119,597,0,111,"","A=0;A Down=0;A Left=0;A Right=0;A Up=0;B=0;C Down=0;C Left=0;C Right=0;C Up=0;DPad D=0;DPad L=0;DPad R=0;DPad U=0;L=0;R=0;Start=0;X Axis=0;Y Axis=0;Z=0"
3120,598,0,111,"","A=0;A Down=0;A Left=0;A Right=0;A Up=0;B=0;C Down=0;C Left=0;C Right=0;C Up=0;DPad D=0;DPad L=0;DPad R=0;DPad U=0;L=0;R=0;Start=0;X Axis=0;Y Axis=0;Z=0"
3121,599,0,111,"","A=0;A Down=0;A Left=0;A Right=0;A Up=0;B=0;C Down=0;C Left=0;C Right=0;C Up=0;DPad D=0;DPad L=0;DPad R=0;DPad U=0;L=0;R=0;Start=0;X Axis=0;Y Axis=0;Z=0"
3122,600,0,111,"","A=0;A Down=0;A Left=0;A Right=0;A Up=0;B=0;C Down=0;C Left=0;C Right=0;C Up=0;DPad D=0;DPad L=0;DPad R=0;DPad U=0;L=0;R=0;Start=0;X Axis=0;Y Axis=0;Z=0"
3123,601,0,111,"","A=0;A Down=0;A Left=0;A Right=0;A Up=0;B=0;C Down=0;C Left=0;C Right=0;C Up=0;DPad D=0;DPad L=0;DPad R=0;DPad U=0;L=0;R=0;Start=0;X Axis=0;Y Axis=0;Z=0"
3124,602,0,111,"","A=0;A Down=0;A Left=0;A Right=0;A Up=0;B=0;C Down=0;C Left=0;C Right=0;C Up=0;DPad D=0;DPad L=0;DPad R=0;DPad U=0;L=0;R=0;Start=0;X Axis=0;Y Axis=0;Z=0"
3125,603,0,111,"","A=0;A Down=0;A Left=0;A Right=0;A Up=0;B=0;C Down=0;C Left=0;C Right=0;C Up=0;DPad D=0;DPad L=0;DPad R=0;DPad U=0;L=0;R=0;Start=0;X Axis=0;Y Axis=0;Z=0"
3126,604,0,111,"","A=0;A Down=0;A Left=0;A Right=0;A Up=0;B=0;C Down=0;C Left=0;C Right=0;C Up=0;DPad D=0;DPad L=0;DPad R=0;DPad U=0;L=0;R=0;Start=0;X Axis=0;Y Axis=0;Z=0"
3127,605,0,111,"","A=0;A Down=0;A Left=0;A Right=0;A Up=0;B=0;C Down=0;C Left=0;C Right=0;C Up=0;DPad D=0;DPad L=0;DPad R=0;DPad U=0;L=0;R=0;Start=0;X Axis=0;Y Axis=0;Z=0"
3128,606,0,111,"","A=0;A Down=0;A Left=0;A Right=0;A Up=0;B=0;C Down=0;C Left=0;C Right=0;C Up=0;DPad D=0;DPad L=0;DPad R=0;DPad U=0;L=0;R=0;Start=0;X Axis=0;Y Axis=0;Z=0"
3129,607,0,111,"","A=0;A Down=0;A Left=0;A Right=0;A Up=0;B=0;C Down=0;C Left=0;C Right=0;C Up=0;DPad D=0;DPad L=0;DPad R=0;DPad U=0;L=0;R=0;Start=0;X Axis=0;Y Axis=0;Z=0"
3130,608,0,111,"","A=0;A Down=0;A Left=0;A Right=0;A Up=0;B=0;C Down=0;C Left=0;C Right=0;C Up=0;DPad D=0;DPad L=0;DPad R=0;DPad U=0;L=0;R=0;Start=0;X Axis=0;Y Axis=0;Z=0"
3131,609,0,111,"","A=0;A Down=0;A Left=0;A Right=0;A Up=0;B=0;C Down=0;C Left=0;C Right=0;C Up=0;DPad D=0;DPad L=0;DPad R=0;DPad U=0;L=0;R=0;Start=0;X Axis=0;Y Axis=0;Z=0"
3132,610,0,111,"SOLDIER_VISIBLE","A=0;A Down=0;A Left=0;A Right=0;A Up=0;B=0;C Down=0;C Left=0;C Right=0;C Up=0;DPad D=0;DPad L=0;DPad R=0;DPad U=0;L=0;R=0;Start=0;X Axis=0;Y Axis=0;Z=0"
3133,611,0,111,"","A=0;A Down=0;A Left=0;A Right=0;A Up=0;B=0;C Down=0;C Left=0;C Right=0;C Up=0;DPad D=0;DPad L=0;DPad R=0;DPad U=0;L=0;R=0;Start=0;X Axis=0;Y Axis=0;Z=0"
3134,612,0,111,"","A=0;A Down=0;A Left=0;A Right=0;A Up=0;B=0;C Down=0;C Left=0;C Right=0;C Up=0;DPad D=0;DPad L=0;DPad R=0;DPad U=0;L=0;R=0;Start=0;X Axis=0;Y Axis=0;Z=0"
3135,613,0,111,"","A=0;A Down=0;A Left=0;A Right=0;A Up=0;B=0;C Down=0;C Left=0;C Right=0;C Up=0;DPad D=0;DPad L=0;DPad R=0;DPad U=0;L=0;R=0;Start=0;X Axis=0;Y Axis=0;Z=0"
3136,614,0,111,"","A=0;A Down=0;A Left=0;A Right=0;A Up=0;B=0;C Down=0;C Left=0;C Right=0;C Up=0;DPad D=0;DPad L=0;DPad R=0;DPad U=0;L=0;R=0;Start=0;X Axis=0;Y Axis=0;Z=0"
3137,615,0,111,"","A=0;A Down=0;A Left=0;A Right=0;A Up=0;B=0;C Down=0;C Left=0;C Right=0;C Up=0;DPad D=0;DPad L=0;DPad R=0;DPad U=0;L=0;R=0;Start=0;X Axis=0;Y Axis=0;Z=0"
3138,616,0,111,"","A=0;A Down=0;A Left=0;A Right=0;A Up=0;B=0;C Down=0;C Left=0;C Right=0;C Up=0;DPad D=0;DPad L=0;DPad R=0;DPad U=0;L=0;R=0;Start=0;X Axis=0;Y Axis=0;Z=0"
3139,617,0,111,"","A=0;A Down=0;A Left=0;A Right=0;A Up=0;B=0;C Down=0;C Left=0;C Right=0;C Up=0;DPad D=0;DPad L=0;DPad R=0;DPad U=0;L=0;R=0;Start=0;X Axis=0;Y Axis=0;Z=0"
3140,618,0,111,"","A=0;A Down=0;A Left=0;A Right=0;A Up=0;B=0;C Down=0;C Left=0;C Right=0;C Up=0;DPad D=0;DPad L=0;DPad R=0;DPad U=0;L=0;R=0;Start=0;X Axis=0;Y Axis=0;Z=0"
3141,619,0,111,"","A=0;A Down=0;A Left=0;A Right=0;A Up=0;B=0;C Down=0;C Left=0;C Right=0;C Up=0;DPad D=0;DPad L=0;DPad R=0;DPad U=0;L=0;R=0;Start=0;X Axis=0;Y Axis=0;Z=0"
3142,620,0,111,"","A=0;A Down=0;A Left=0;A Right=0;A Up=0;B=0;C Down=0;C Left=0;C Right=0;C Up=0;DPad D=0;DPad L=0;DPad R=0;DPad U=0;L=0;R=0;Start=0;X Axis=0;Y Axis=0;Z=0"
3143,621,0,111,"","A=0;A Down=0;A Left=0;A Right=0;A Up=0;B=0;C Down=0;C Left=0;C Right=0;C Up=0;DPad D=0;DPad L=0;DPad R=0;DPad U=0;L=0;R=0;Start=0;X Axis=0;Y Axis=0;Z=0"
3144,622,0,111,"","A=0;A Down=0;A Left=0;A Right=0;A Up=0;B=0;C Down=0;C Left=0;C Right=0;C Up=0;DPad D=0;DPad L=0;DPad R=0;DPad U=0;L=0;R=0;Start=0;X Axis=0;Y Axis=0;Z=0"
3145,623,0,111,"","A=0;A Down=0;A Left=0;A Right=0;A Up=0;B=0;C Down=0;C Left=0;C Right=0;C Up=0;DPad D=0;DPad L=0;DPad R=0;DPad U=0;L=0;R=0;Start=0;X Axis=0;Y Axis=0;Z=0"
3146,624,0,111,"","A=0;A Down=0;A Left=0;A Right=0;A Up=0;B=0;C Down=0;C Left=0;C Right=0;C Up=0;DPad D=0;DPad L=0;DPad R=0;DPad U=0;L=0;R=0;Start=0;X Axis=0;Y Axis=0;Z=0"
3147,625,0,111,"","A=0;A Down=0;A Left=0;A Right=0;A Up=0;B=0;C Down=0;C Left=0;C Right=0;C Up=0;DPad D=0;DPad L=0;DPad R=0;DPad U=0;L=0;R=0;Start=0;X Axis=0;Y Axis=0;Z=0"
3148,626,0,111,"","A=0;A Down=0;A Left=0;A Right=0;A Up=0;B=0;C Down=0;C Left=0;C Right=0;C Up=0;DPad D=0;DPad L=0;DPad R=0;DPad U=0;L=0;R=0;Start=0;X Axis=0;Y Axis=0;Z=0"
3149,627,0,111,"","A=0;A Down=0;A Left=0;A Right=0;A Up=0;B=0;C Down=0;C Left=0;C Right=0;C Up=0;DPad D=0;DPad L=0;DPad R=0;DPad U=0;L=0;R=0;Start=0;X Axis=0;Y Axis=0;Z=0"
3150,628,0,111,"","A=0;A Down=0;A Left=0;A Right=0;A Up=0;B=0;C Down=0;C Left=0;C Right=0;C Up=0;DPad D=0;DPad L=0;DPad R=0;DPad U=0;L=0;R=0;Start=0;X Axis=0;Y Axis=0;Z=0"
3151,629,0,111,"","A=0;A Down=0;A Left=0;A Right=0;A Up=0;B=0;C Down=0;C Left=0;C Right=0;C Up=0;DPad D=0;DPad L=0;DPad R=0;DPad U=0;L=0;R=0;Start=0;X Axis=0;Y Axis=0;Z=0"
3152,630,0,111,"","A=0;A Down=0;A Left=0;A Right=0;A Up=0;B=0;C Down=0;C Left=0;C Right=0;C Up=0;DPad D=0;DPad L=0;DPad R=0;DPad U=0;L=0;R=0;Start=0;X Axis=0;Y Axis=0;Z=0"
3153,631,0,111,"","A=0;A Down=0;A Left=0;A Right=0;A Up=0;B=0;C Down=0;C Left=0;C Right=0;C Up=0;DPad D=0;DPad L=0;DPad R=0;DPad U=0;L=0;R=0;Start=0;X Axis=0;Y Axis=0;Z=0"
3154,632,0,111,"","A=0;A Down=0;A Left=0;A Right=0;A Up=0;B=0;C Down=0;C Left=0;C Right=0;C Up=0;DPad D=0;DPad L=0;DPad R=0;DPad U=0;L=0;R=0;Start=0;X Axis=0;Y Axis=0;Z=0"
3155,633,0,111,"","A=0;A Down=0;A Left=0;A Right=0;A Up=0;B=0;C Down=0;C Left=0;C Right=0;C Up=0;DPad D=0;DPad L=0;DPad R=0;DPad U=0;L=0;R=0;Start=0;X Axis=0;Y Axis=0;Z=0"
3156,634,0,111,"","A=0;A Down=0;A Left=0;A Right=0;A Up=0;B=0;C Down=0;C Left=0;C Right=0;C Up=0;DPad D=0;DPad L=0;DPad R=0;DPad U=0;L=0;R=0;Start=0;X Axis=0;Y Axis=0;Z=0"
3157,635,0,111,"","A=0;A Down=0;A Left=0;A Right=0;A Up=0;B=0;C Down=0;C Left=0;C Right=0;C Up=0;DPad D=0;DPad L=0;DPad R=0;DPad U=0;L=0;R=0;Start=0;X Axis=0;Y Axis=0;Z=0"
3158,636,0,111,"","A=0;A Down=0;A Left=0;A Right=0;A Up=0;B=0;C Down=0;C Left=0;C Right=0;C Up=0;DPad D=0;DPad L=0;DPad R=0;DPad U=0;L=0;R=0;Start=0;X Axis=0;Y Axis=0;Z=0"
3159,637,0,111,"","A=0;A Down=0;A Left=0;A Right=0;A Up=0;B=0;C Down=0;C Left=0;C Right=0;C Up=0;DPad D=0;DPad L=0;DPad R=0;DPad U=0;L=0;R=0;Start=0;X Axis=0;Y Axis=0;Z=0"
3160,638,0,111,"","A=0;A Down=0;A Left=0;A Right=0;A Up=0;B=0;C Down=0;C Left=0;C Right=0;C Up=0;DPad D=0;DPad L=0;DPad R=0;DPad U=0;L=0;R=0;Start=0;X Axis=0;Y Axis=0;Z=0"
3161,639,0,111,"","A=0;A Down=0;A Left=0;A Right=0;A Up=0;B=0;C Down=0;C Left=0;C Right=0;C Up=0;DPad D=0;DPad L=0;DPad R=0;DPad U=0;L=0;R=0;Start=0;X Axis=0;Y Axis=0;Z=0"
3162,640,0,111,"","A=0;A Down=0;A Left=0;A Right=0;A Up=0;B=0;C Down=0;C Left=0;C Right=0;C Up=0;DPad D=0;DPad L=0;DPad R=0;DPad U=0;L=0;R=0;Start=0;X Axis=0;Y Axis=0;Z=0"
3163,641,0,111,"","A=0;A Down=0;A Left=0;A Right=0;A Up=0;B=0;C Down=0;C Left=0;C Right=0;C Up=0;DPad D=0;DPad L=0;DPad R=0;DPad U=0;L=0;R=0;Start=0;X Axis=0;Y Axis=0;Z=0"
3164,642,0,111,"","A=0;A Down=0;A Left=0;A Right=0;A Up=0;B=0;C Down=0;C Left=0;C Right=0;C Up=0;DPad D=0;DPad L=0;DPad R=0;DPad U=0;L=0;R=0;Start=0;X Axis=0;Y Axis=0;Z=0"
3165,643,0,111,"","A=0;A Down=0;A Left=0;A Right=0;A Up=0;B=0;C Down=0;C Left=0;C Right=0;C Up=0;DPad D=0;DPad L=0;DPad R=0;DPad U=0;L=0;R=0;Start=0;X Axis=0;Y Axis=0;Z=0"
3166,644,0,111,"","A=0;A Down=0;A Left=0;A Right=0;A Up=0;B=0;C Down=0;C Left=0;C Right=0;C Up=0;DPad D=0;DPad L=0;DPad R=0;DPad U=0;L=0;R=0;Start=0;X Axis=0;Y Axis=0;Z=0"
3167,645,0,111,"","A=0;A Down=0;A Left=0;A Right=0;A Up=0;B=0;C Down=0;C Left=0;C Right=0;C Up=0;DPad D=0;DPad L=0;DPad R=0;DPad U=0;L=0;R=0;Start=0;X Axis=0;Y Axis=0;Z=0"
3168,646,0,111,"","A=0;A Down=0;A Left=0;A Right=0;A Up=0;B=0;C Down=0;C Left=0;C Right=0;C Up=0;DPad D=0;DPad L=0;DPad R=0;DPad U=0;L=0;R=0;Start=0;X Axis=0;Y Axis=0;Z=0"
3169,647,0,111,"","A=0;A Down=0;A Left=0;A Right=0;A Up=0;B=0;C Down=0;C Left=0;C Right=0;C Up=0;DPad D=0;DPad L=0;DPad R=0;DPad U=0;L=0;R=0;Start=0;X Axis=0;Y Axis=0;Z=0"
3170,648,0,111,"","A=0;A Down=0;A Left=0;A Right=0;A Up=0;B=0;C Down=0;C Left=0;C Right=0;C Up=0;DPad D=0;DPad L=0;DPad R=0;DPad U=0;L=0;R=0;Start=0;X Axis=0;Y Axis=0;Z=0"
3171,649,0,111,"","A=0;A Down=0;A Left=0;A Right=0;A Up=0;B=0;C Down=0;C Left=0;C Right=0;C Up=0;DPad D=0;DPad L=0;DPad R=0;DPad U=0;L=0;R=0;Start=0;X Axis=0;Y Axis=0;Z=0"
3172,650,0,111,"","A=0;A Down=0;A Left=0;A Right=0;A Up=0;B=0;C Down=0;C Left=0;C Right=0;C Up=0;DPad D=0;DPad L=0;DPad R=0;DPad U=0;L=0;R=0;Start=0;X Axis=0;Y Axis=0;Z=0"
3173,651,0,111,"","A=0;A Down=0;A Left=0;A Right=0;A Up=0;B=0;C Down=0;C Left=0;C Right=0;C Up=0;DPad D=0;DPad L=0;DPad R=0;DPad U=0;L=0;R=0;Start=0;X Axis=0;Y Axis=0;Z=0"
3174,652,0,111,"","A=0;A Down=0;A Left=0;A Right=0;A Up=0;B=0;C Down=0;C Left=0;C Right=0;C Up=0;DPad D=0;DPad L=0;DPad R=0;DPad U=0;L=0;R=0;Start=0;X Axis=0;Y Axis=0;Z=0"
3175,653,0,111,"","A=0;A Down=0;A Left=0;A Right=0;A Up=0;B=0;C Down=0;C Left=0;C Right=0;C Up=0;DPad D=0;DPad L=0;DPad R=0;DPad U=0;L=0;R=0;Start=0;X Axis=0;Y Axis=0;Z=0"
3176,654,0,111,"","A=0;A Down=0;A Left=0;A Right=0;A Up=0;B=0;C Down=0;C Left=0;C Right=0;C Up=0;DPad D=0;DPad L=0;DPad R=0;DPad U=0;L=0;R=0;Start=0;X Axis=0;Y Axis=0;Z=0"
3177,655,0,111,"","A=0;A Down=0;A Left=0;A Right=0;A Up=0;B=0;C Down=0;C Left=0;C Right=0;C Up=0;DPad D=0;DPad L=0;DPad R=0;DPad U=0;L=0;R=0;Start=0;X Axis=0;Y Axis=0;Z=0"
3178,656,0,111,"","A=0;A Down=0;A Left=0;A Right=0;A Up=0;B=0;C Down=0;C Left=0;C Right=0;C Up=0;DPad D=0;DPad L=0;DPad R=0;DPad U=0;L=0;R=0;Start=0;X Axis=0;Y Axis=0;Z=0"
3179,657,0,111,"","A=0;A Down=0;A Left=0;A Right=0;A Up=0;B=0;C Down=0;C Left=0;C Right=0;C Up=0;DPad D=0;DPad L=0;DPad R=0;DPad U=0;L=0;R=0;Start=0;X Axis=0;Y Axis=0;Z=0"
3180,658,0,111,"","A=0;A Down=0;A Left=0;A Right=0;A Up=0;B=0;C Down=0;C Left=0;C Right=0;C Up=0;DPad D=0;DPad L=0;DPad R=0;DPad U=0;L=0;R=0;Start=0;X Axis=0;Y Axis=0;Z=0"
3181,659,0,111,"","A=0;A Down=0;A Left=0;A Right=0;A Up=0;B=0;C Down=0;C Left=0;C Right=0;C Up=0;DPad D=0;DPad L=0;DPad R=0;DPad U=0;L=0;R=0;Start=0;X Axis=0;Y Axis=0;Z=0"
3182,660,0,111,"","A=0;A Down=0;A Left=0;A Right=0;A Up=0;B=0;C Down=0;C Left=0;C Right=0;C Up=0;DPad D=0;DPad L=0;DPad R=0;DPad U=0;L=0;R=0;Start=0;X Axis=0;Y Axis=0;Z=0"
3183,661,0,111,"","A=0;A Down=0;A Left=0;A Right=0;A Up=0;B=0;C Down=0;C Left=0;C Right=0;C Up=0;DPad D=0;DPad L=0;DPad R=0;DPad U=0;L=0;R=0;Start=0;X Axis=0;Y Axis=0;Z=0"
3184,662,0,111,"","A=0;A Down=0;A Left=0;A Right=0;A Up=0;B=0;C Down=0;C Left=0;C Right=0;C Up=0;DPad D=0;DPad L=0;DPad R=0;DPad U=0;L=0;R=0;Start=0;X Axis=0;Y Axis=0;Z=0"
3185,663,0,111,"","A=0;A Down=0;A Left=0;A Right=0;A Up=0;B=0;C Down=0;C Left=0;C Right=0;C Up=0;DPad D=0;DPad L=0;DPad R=0;DPad U=0;L=0;R=0;Start=0;X Axis=0;Y Axis=0;Z=0"
3186,664,0,111,"","A=0;A Down=0;A Left=0;A Right=0;A Up=0;B=0;C Down=0;C Left=0;C Right=0;C Up=0;DPad D=0;DPad L=0;DPad R=0;DPad U=0;L=0;R=0;Start=0;X Axis=0;Y Axis=0;Z=0"
3187,665,0,111,"","A=0;A Down=0;A Left=0;A Right=0;A Up=0;B=0;C Down=0;C Left=0;C Right=0;C Up=0;DPad D=0;DPad L=0;DPad R=0;DPad U=0;L=0;R=0;Start=0;X Axis=0;Y Axis=0;Z=0"
3188,666,0,111,"","A=0;A Down=0;A Left=0;A Right=0;A Up=0;B=0;C Down=0;C Left=0;C Right=0;C Up=0;DPad D=0;DPad L=0;DPad R=0;DPad U=0;L=0;R=0;Start=0;X Axis=0;Y Axis=0;Z=0"
3189,667,0,111,"","A=0;A Down=0;A Left=0;A Right=0;A Up=0;B=0;C Down=0;C Left=0;C Right=0;C Up=0;DPad D=0;DPad L=0;DPad R=0;DPad U=0;L=0;R=0;Start=0;X Axis=0;Y Axis=0;Z=0"
3190,668,0,111,"","A=0;A Down=0;A Left=0;A Right=0;A Up=0;B=0;C Down=0;C Left=0;C Right=0;C Up=0;DPad D=0;DPad L=0;DPad R=0;DPad U=0;L=0;R=0;Start=0;X Axis=0;Y Axis=0;Z=0"
3191,669,0,111,"","A=0;A Down=0;A Left=0;A Right=0;A Up=0;B=0;C Down=0;C Left=0;C Right=0;C Up=0;DPad D=0;DPad L=0;DPad R=0;DPad U=0;L=0;R=0;Start=0;X Axis=0;Y Axis=0;Z=0"
3192,670,0,111,"","A=0;A Down=0;A Left=0;A Right=0;A Up=0;B=0;C Down=0;C Left=0;C Right=0;C Up=0;DPad D=0;DPad L=0;DPad R=0;DPad U=0;L=0;R=0;Start=0;X Axis=0;Y Axis=0;Z=0"
3193,671,0,111,"","A=0;A Down=0;A Left=0;A Right=0;A Up=0;B=0;C Down=0;C Left=0;C Right=0;C Up=0;DPad D=0;DPad L=0;DPad R=0;DPad U=0;L=0;R=0;Start=0;X Axis=0;Y Axis=0;Z=0"
3194,672,0,111,"","A=0;A Down=0;A Left=0;A Right=0;A Up=0;B=0;C Down=0;C Left=0;C Right=0;C Up=0;DPad D=0;DPad L=0;DPad R=0;DPad U=0;L=0;R=0;Start=0;X Axis=0;Y Axis=0;Z=0"
3195,673,0,111,"","A=0;A Down=0;A Left=0;A Right=0;A Up=0;B=0;C Down=0;C Left=0;C Right=0;C Up=0;DPad D=0;DPad L=0;DPad R=0;DPad U=0;L=0;R=0;Start=0;X Axis=0;Y Axis=0;Z=0"
3196,674,0,111,"","A=0;A Down=0;A Left=0;A Right=0;A Up=0;B=0;C Down=0;C Left=0;C Right=0;C Up=0;DPad D=0;DPad L=0;DPad R=0;DPad U=0;L=0;R=0;Start=0;X Axis=0;Y Axis=0;Z=0"
3197,675,0,111,"","A=0;A Down=0;A Left=0;A Right=0;A Up=0;B=0;C Down=0;C Left=0;C Right=0;C Up=0;DPad D=0;DPad L=0;DPad R=0;DPad U=0;L=0;R=0;Start=0;X Axis=0;Y Axis=0;Z=0"
3198,676,0,111,"","A=0;A Down=0;A Left=0;A Right=0;A Up=0;B=0;C Down=0;C Left=0;C Right=0;C Up=0;DPad D=0;DPad L=0;DPad R=0;DPad U=0;L=0;R=0;Start=0;X Axis=0;Y Axis=0;Z=0"
3199,677,0,111,"","A=0;A Down=0;A Left=0;A Right=0;A Up=0;B=0;C Down=0;C Left=0;C Right=0;C Up=0;DPad D=0;DPad L=0;DPad R=0;DPad U=0;L=0;R=0;Start=0;X Axis=0;Y Axis=0;Z=0"
3200,678,0,111,"","A=0;A Down=0;A Left=0;A Right=0;A Up=0;B=0;C Down=0;C Left=0;C Right=0;C Up=0;DPad D=0;DPad L=0;DPad R=0;DPad U=0;L=0;R=0;Start=0;X Axis=0;Y Axis=0;Z=0"
3201,679,0,111,"","A=0;A Down=0;A Left=0;A Right=0;A Up=0;B=0;C Down=0;C Left=0;C Right=0;C Up=0;DPad D=0;DPad L=0;DPad R=0;DPad U=0;L=0;R=0;Start=0;X Axis=0;Y Axis=0;Z=0"
3202,680,0,111,"","A=0;A Down=0;A Left=0;A Right=0;A Up=0;B=0;C Down=0;C Left=0;C Right=0;C Up=0;DPad D=0;DPad L=0;DPad R=0;DPad U=0;L=0;R=0;Start=0;X Axis=0;Y Axis=0;Z=0"
3203,681,0,111,"","A=0;A Down=0;A Left=0;A Right=0;A Up=0;B=0;C Down=0;C Left=0;C Right=0;C Up=0;DPad D=0;DPad L=0;DPad R=0;DPad U=0;L=0;R=0;Start=0;X Axis=0;Y Axis=0;Z=0"
3204,682,0,111,"","A=0;A Down=0;A Left=0;A Right=0;A Up=0;B=0;C Down=0;C Left=0;C Right=0;C Up=0;DPad D=0;DPad L=0;DPad R=0;DPad U=0;L=0;R=0;Start=0;X Axis=0;Y Axis=0;Z=0"
3205,683,0,111,"","A=0;A Down=0;A Left=0;A Right=0;A Up=0;B=0;C Down=0;C Left=0;C Right=0;C Up=0;DPad D=0;DPad L=0;DPad R=0;DPad U=0;L=0;R=0;Start=0;X Axis=0;Y Axis=0;Z=0"
3206,684,0,111,"","A=0;A Down=0;A Left=0;A Right=0;A Up=0;B=0;C Down=0;C Left=0;C Right=0;C Up=0;DPad D=0;DPad L=0;DPad R=0;DPad U=0;L=0;R=0;Start=0;X Axis=0;Y Axis=0;Z=0"
3207,685,0,111,"","A=0;A Down=0;A Left=0;A Right=0;A Up=0;B=0;C Down=0;C Left=0;C Right=0;C Up=0;DPad D=0;DPad L=0;DPad R=0;DPad U=0;L=0;R=0;Start=0;X Axis=0;Y Axis=0;Z=0"
3208,686,0,111,"","A=0;A Down=0;A Left=0;A Right=0;A Up=0;B=0;C Down=0;C Left=0;C Right=0;C Up=0;DPad D=0;DPad L=0;DPad R=0;DPad U=0;L=0;R=0;Start=0;X Axis=0;Y Axis=0;Z=0"
3209,687,0,111,"","A=0;A Down=0;A Left=0;A Right=0;A Up=0;B=0;C Down=0;C Left=0;C Right=0;C Up=0;DPad D=0;DPad L=0;DPad R=0;DPad U=0;L=0;R=0;Start=0;X Axis=0;Y Axis=0;Z=0"
3210,688,0,111,"","A=0;A Down=0;A Left=0;A Right=0;A Up=0;B=0;C Down=0;C Left=0;C Right=0;C Up=0;DPad D=0;DPad L=0;DPad R=0;DPad U=0;L=0;R=0;Start=0;X Axis=0;Y Axis=0;Z=0"
3211,689,0,111,"","A=0;A Down=0;A Left=0;A Right=0;A Up=0;B=0;C Down=0;C Left=0;C Right=0;C Up=0;DPad D=0;DPad L=0;DPad R=0;DPad U=0;L=0;R=0;Start=0;X Axis=0;Y Axis=0;Z=0"
3212,690,0,111,"","A=0;A Down=0;A Left=0;A Right=0;A Up=0;B=0;C Down=0;C Left=0;C Right=0;C Up=0;DPad D=0;DPad L=0;DPad R=0;DPad U=0;L=0;R=0;Start=0;X Axis=0;Y Axis=0;Z=0"
3213,691,0,111,"","A=0;A Down=0;A Left=0;A Right=0;A Up=0;B=0;C Down=0;C Left=0;C Right=0;C Up=0;DPad D=0;DPad L=0;DPad R=0;DPad U=0;L=0;R=0;Start=0;X Axis=0;Y Axis=0;Z=0"
3214,692,0,111,"","A=0;A Down=0;A Left=0;A Right=0;A Up=0;B=0;C Down=0;C Left=0;C Right=0;C Up=0;DPad D=0;DPad L=0;DPad R=0;DPad U=0;L=0;R=0;Start=0;X Axis=0;Y Axis=0;Z=0"
3215,693,0,111,"","A=0;A Down=0;A Left=0;A Right=0;A Up=0;B=0;C Down=0;C Left=0;C Right=0;C Up=0;DPad D=0;DPad L=0;DPad R=0;DPad U=0;L=0;R=0;Start=0;X Axis=0;Y Axis=0;Z=0"
3216,694,0,111,"","A=0;A Down=0;A Left=0;A Right=0;A Up=0;B=0;C Down=0;C Left=0;C Right=0;C Up=0;DPad D=0;DPad L=0;DPad R=0;DPad U=0;L=0;R=0;Start=0;X Axis=0;Y Axis=0;Z=0"
3217,695,0,111,"","A=0;A Down=0;A Left=0;A Right=0;A Up=0;B=0;C Down=0;C Left=0;C Right=0;C Up=0;DPad D=0;DPad L=0;DPad R=0;DPad U=0;L=0;R=0;Start=0;X Axis=0;Y Axis=0;Z=0"
3218,696,0,111,"","A=0;A Down=0;A Left=0;A Right=0;A Up=0;B=0;C Down=0;C Left=0;C Right=0;C Up=0;DPad D=0;DPad L=0;DPad R=0;DPad U=0;L=0;R=0;Start=0;X Axis=0;Y Axis=0;Z=0"
3219,697,0,111,"","A=0;A Down=0;A Left=0;A Right=0;A Up=0;B=0;C Down=0;C Left=0;C Right=0;C Up=0;DPad D=0;DPad L=0;DPad R=0;DPad U=0;L=0;R=0;Start=0;X Axis=0;Y Axis=0;Z=0"
3220,698,0,111,"","A=0;A Down=0;A Left=0;A Right=0;A Up=0;B=0;C Down=0;C Left=0;C Right=0;C Up=0;DPad D=0;DPad L=0;DPad R=0;DPad U=0;L=0;R=0;Start=0;X Axis=0;Y Axis=0;Z=0"
3221,699,0,111,"","A=0;A Down=0;A Left=0;A Right=0;A Up=0;B=0;C Down=0;C Left=0;C Right=0;C Up=0;DPad D=0;DPad L=0;DPad R=0;DPad U=0;L=0;R=0;Start=0;X Axis=0;Y Axis=0;Z=0"
3222,700,0,111,"","A=0;A Down=0;A Left=0;A Right=0;A Up=0;B=0;C Down=0;C Left=0;C Right=0;C Up=0;DPad D=0;DPad L=0;DPad R=0;DPad U=0;L=0;R=0;Start=0;X Axis=0;Y Axis=0;Z=0"
3223,701,0,111,"","A=0;A Down=0;A Left=0;A Right=0;A Up=0;B=0;C Down=0;C Left=0;C Right=0;C Up=0;DPad D=0;DPad L=0;DPad R=0;DPad U=0;L=0;R=0;Start=0;X Axis=0;Y Axis=0;Z=0"
3224,702,0,111,"","A=0;A Down=0;A Left=0;A Right=0;A Up=0;B=0;C Down=0;C Left=0;C Right=0;C Up=0;DPad D=0;DPad L=0;DPad R=0;DPad U=0;L=0;R=0;Start=0;X Axis=0;Y Axis=0;Z=0"
3225,703,0,111,"","A=0;A Down=0;A Left=0;A Right=0;A Up=0;B=0;C Down=0;C Left=0;C Right=0;C Up=0;DPad D=0;DPad L=0;DPad R=0;DPad U=0;L=0;R=0;Start=0;X Axis=0;Y Axis=0;Z=0"
3226,704,0,111,"","A=0;A Down=0;A Left=0;A Right=0;A Up=0;B=0;C Down=0;C Left=0;C Right=0;C Up=0;DPad D=0;DPad L=0;DPad R=0;DPad U=0;L=0;R=0;Start=0;X Axis=0;Y Axis=0;Z=0"
3227,705,0,111,"","A=0;A Down=0;A Left=0;A Right=0;A Up=0;B=0;C Down=0;C Left=0;C Right=0;C Up=0;DPad D=0;DPad L=0;DPad R=0;DPad U=0;L=0;R=0;Start=0;X Axis=0;Y Axis=0;Z=0"
3228,706,0,111,"","A=0;A Down=0;A Left=0;A Right=0;A Up=0;B=0;C Down=0;C Left=0;C Right=0;C Up=0;DPad D=0;DPad L=0;DPad R=0;DPad U=0;L=0;R=0;Start=0;X Axis=0;Y Axis=0;Z=0"
3229,707,0,111,"","A=0;A Down=0;A Left=0;A Right=0;A Up=0;B=0;C Down=0;C Left=0;C Right=0;C Up=0;DPad D=0;DPad L=0;DPad R=0;DPad U=0;L=0;R=0;Start=0;X Axis=0;Y Axis=0;Z=0"
3230,708,0,111,"","A=0;A Down=0;A Left=0;A Right=0;A Up=0;B=0;C Down=0;C Left=0;C Right=0;C Up=0;DPad D=0;DPad L=0;DPad R=0;DPad U=0;L=0;R=0;Start=0;X Axis=0;Y Axis=0;Z=0"
3231,709,0,111,"","A=0;A Down=0;A Left=0;A Right=0;A Up=0;B=0;C Down=0;C Left=0;C Right=0;C Up=0;DPad D=0;DPad L=0;DPad R=0;DPad U=0;L=0;R=0;Start=0;X Axis=0;Y Axis=0;Z=0"
3232,710,0,111,"","A=0;A Down=0;A Left=0;A Right=0;A Up=0;B=0;C Down=0;C Left=0;C Right=0;C Up=0;DPad D=0;DPad L=0;DPad R=0;DPad U=0;L=0;R=0;Start=0;X Axis=0;Y Axis=0;Z=0"
3233,711,0,111,"","A=0;A Down=0;A Left=0;A Right=0;A Up=0;B=0;C Down=0;C Left=0;C Right=0;C Up=0;DPad D=0;DPad L=0;DPad R=0;DPad U=0;L=0;R=0;Start=0;X Axis=0;Y Axis=0;Z=0"
3234,712,0,111,"","A=0;A Down=0;A Left=0;A Right=0;A Up=0;B=0;C Down=0;C Left=0;C Right=0;C Up=0;DPad D=0;DPad L=0;DPad R=0;DPad U=0;L=0;R=0;Start=0;X Axis=0;Y Axis=0;Z=0"
3235,713,0,111,"","A=0;A Down=0;A Left=0;A Right=0;A Up=0;B=0;C Down=0;C Left=0;C Right=0;C Up=0;DPad D=0;DPad L=0;DPad R=0;DPad U=0;L=0;R=0;Start=0;X Axis=0;Y Axis=0;Z=0"
3236,714,0,111,"","A=0;A Down=0;A Left=0;A Right=0;A Up=0;B=0;C Down=0;C Left=0;C Right=0;C Up=0;DPad D=0;DPad L=0;DPad R=0;DPad U=0;L=0;R=0;Start=0;X Axis=0;Y Axis=0;Z=0"
3237,715,0,111,"","A=0;A Down=0;A Left=0;A Right=0;A Up=0;B=0;C Down=0;C Left=0;C Right=0;C Up=0;DPad D=0;DPad L=0;DPad R=0;DPad U=0;L=0;R=0;Start=0;X Axis=0;Y Axis=0;Z=0"
3238,716,0,111,"","A=0;A Down=0;A Left=0;A Right=0;A Up=0;B=0;C Down=0;C Left=0;C Right=0;C Up=0;DPad D=0;DPad L=0;DPad R=0;DPad U=0;L=0;R=0;Start=0;X Axis=0;Y Axis=0;Z=0"
3239,717,0,111,"","A=0;A Down=0;A Left=0;A Right=0;A Up=0;B=0;C Down=0;C Left=0;C Right=0;C Up=0;DPad D=0;DPad L=0;DPad R=0;DPad U=0;L=0;R=0;Start=0;X Axis=0;Y Axis=0;Z=0"
3240,718,0,111,"","A=0;A Down=0;A Left=0;A Right=0;A Up=0;B=0;C Down=0;C Left=0;C Right=0;C Up=0;DPad D=0;DPad L=0;DPad R=0;DPad U=0;L=0;R=0;Start=0;X Axis=0;Y Axis=0;Z=0"
3241,719,0,111,"","A=0;A Down=0;A Left=0;A Right=0;A Up=0;B=0;C Down=0;C Left=0;C Right=0;C Up=0;DPad D=0;DPad L=0;DPad R=0;DPad U=0;L=0;R=0;Start=0;X Axis=0;Y Axis=0;Z=0"
3242,720,0,111,"","A=0;A Down=0;A Left=0;A Right=0;A Up=0;B=0;C Down=0;C Left=0;C Right=0;C Up=0;DPad D=0;DPad L=0;DPad R=0;DPad U=0;L=0;R=0;Start=0;X Axis=0;Y Axis=0;Z=0"
3243,721,0,111,"","A=0;A Down=0;A Left=0;A Right=0;A Up=0;B=0;C Down=0;C Left=0;C Right=0;C Up=0;DPad D=0;DPad L=0;DPad R=0;DPad U=0;L=0;R=0;Start=0;X Axis=0;Y Axis=0;Z=0"
3244,722,0,111,"","A=0;A Down=0;A Left=0;A Right=0;A Up=0;B=0;C Down=0;C Left=0;C Right=0;C Up=0;DPad D=0;DPad L=0;DPad R=0;DPad U=0;L=0;R=0;Start=0;X Axis=0;Y Axis=0;Z=0"
3245,723,0,111,"","A=0;A Down=0;A Left=0;A Right=0;A Up=0;B=0;C Down=0;C Left=0;C Right=0;C Up=0;DPad D=0;DPad L=0;DPad R=0;DPad U=0;L=0;R=0;Start=0;X Axis=0;Y Axis=0;Z=0"
3246,724,0,111,"","A=0;A Down=0;A Left=0;A Right=0;A Up=0;B=0;C Down=0;C Left=0;C Right=0;C Up=0;DPad D=0;DPad L=0;DPad R=0;DPad U=0;L=0;R=0;Start=0;X Axis=0;Y Axis=0;Z=0"
3247,725,0,111,"","A=0;A Down=0;A Left=0;A Right=0;A Up=0;B=0;C Down=0;C Left=0;C Right=0;C Up=0;DPad D=0;DPad L=0;DPad R=0;DPad U=0;L=0;R=0;Start=0;X Axis=0;Y Axis=0;Z=0"
3248,726,0,111,"","A=0;A Down=0;A Left=0;A Right=0;A Up=0;B=0;C Down=0;C Left=0;C Right=0;C Up=0;DPad D=0;DPad L=0;DPad R=0;DPad U=0;L=0;R=0;Start=0;X Axis=0;Y Axis=0;Z=0"
3249,727,0,111,"","A=0;A Down=0;A Left=0;A Right=0;A Up=0;B=0;C Down=0;C Left=0;C Right=0;C Up=0;DPad D=0;DPad L=0;DPad R=0;DPad U=0;L=0;R=0;Start=0;X Axis=0;Y Axis=0;Z=0"
3250,728,0,111,"","A=0;A Down=0;A Left=0;A Right=0;A Up=0;B=0;C Down=0;C Left=0;C Right=0;C Up=0;DPad D=0;DPad L=0;DPad R=0;DPad U=0;L=0;R=0;Start=0;X Axis=0;Y Axis=0;Z=0"
3251,729,0,111,"","A=0;A Down=0;A Left=0;A Right=0;A Up=0;B=0;C Down=0;C Left=0;C Right=0;C Up=0;DPad D=0;DPad L=0;DPad R=0;DPad U=0;L=0;R=0;Start=0;X Axis=0;Y Axis=0;Z=0"
3252,730,0,111,"","A=0;A Down=0;A Left=0;A Right=0;A Up=0;B=0;C Down=0;C Left=0;C Right=0;C Up=0;DPad D=0;DPad L=0;DPad R=0;DPad U=0;L=0;R=0;Start=0;X Axis=0;Y Axis=0;Z=0"
3253,731,0,111,"","A=0;A Down=0;A Left=0;A Right=0;A Up=0;B=0;C Down=0;C Left=0;C Right=0;C Up=0;DPad D=0;DPad L=0;DPad R=0;DPad U=0;L=0;R=0;Start=0;X Axis=0;Y Axis=0;Z=0"
3254,732,0,111,"","A=0;A Down=0;A Left=0;A Right=0;A Up=0;B=0;C Down=0;C Left=0;C Right=0;C Up=0;DPad D=0;DPad L=0;DPad R=0;DPad U=0;L=0;R=0;Start=0;X Axis=0;Y Axis=0;Z=0"
3255,733,0,111,"","A=0;A Down=0;A Left=0;A Right=0;A Up=0;B=0;C Down=0;C Left=0;C Right=0;C Up=0;DPad D=0;DPad L=0;DPad R=0;DPad U=0;L=0;R=0;Start=0;X Axis=0;Y Axis=0;Z=0"
3256,734,0,111,"","A=0;A Down=0;A Left=0;A Right=0;A Up=0;B=0;C Down=0;C Left=0;C Right=0;C Up=0;DPad D=0;DPad L=0;DPad R=0;DPad U=0;L=0;R=0;Start=0;X Axis=0;Y Axis=0;Z=0"
3257,735,0,111,"","A=0;A Down=0;A Left=0;A Right=0;A Up=0;B=0;C Down=0;C Left=0;C Right=0;C Up=0;DPad D=0;DPad L=0;DPad R=0;DPad U=0;L=0;R=0;Start=0;X Axis=0;Y Axis=0;Z=0"
3258,736,0,111,"","A=0;A Down=0;A Left=0;A Right=0;A Up=0;B=0;C Down=0;C Left=0;C Right=0;C Up=0;DPad D=0;DPad L=0;DPad R=0;DPad U=0;L=0;R=0;Start=0;X Axis=0;Y Axis=0;Z=0"
3259,737,0,111,"","A=0;A Down=0;A Left=0;A Right=0;A Up=0;B=0;C Down=0;C Left=0;C Right=0;C Up=0;DPad D=0;DPad L=0;DPad R=0;DPad U=0;L=0;R=0;Start=0;X Axis=0;Y Axis=0;Z=0"
3260,738,0,111,"","A=0;A Down=0;A Left=0;A Right=0;A Up=0;B=0;C Down=0;C Left=0;C Right=0;C Up=0;DPad D=0;DPad L=0;DPad R=0;DPad U=0;L=0;R=0;Start=0;X Axis=0;Y Axis=0;Z=0"
3261,739,0,111,"","A=0;A Down=0;A Left=0;A Right=0;A Up=0;B=0;C Down=0;C Left=0;C Right=0;C Up=0;DPad D=0;DPad L=0;DPad R=0;DPad U=0;L=0;R=0;Start=0;X Axis=0;Y Axis=0;Z=0"
3262,740,0,111,"","A=0;A Down=0;A Left=0;A Right=0;A Up=0;B=0;C Down=0;C Left=0;C Right=0;C Up=0;DPad D=0;DPad L=0;DPad R=0;DPad U=0;L=0;R=0;Start=0;X Axis=0;Y Axis=0;Z=0"
3263,741,0,111,"","A=0;A Down=0;A Left=0;A Right=0;A Up=0;B=0;C Down=0;C Left=0;C Right=0;C Up=0;DPad D=0;DPad L=0;DPad R=0;DPad U=0;L=0;R=0;Start=0;X Axis=0;Y Axis=0;Z=0"
3264,742,0,111,"","A=0;A Down=0;A Left=0;A Right=0;A Up=0;B=0;C Down=0;C Left=0;C Right=0;C Up=0;DPad D=0;DPad L=0;DPad R=0;DPad U=0;L=0;R=0;Start=0;X Axis=0;Y Axis=0;Z=0"
3265,743,0,111,"","A=0;A Down=0;A Left=0;A Right=0;A Up=0;B=0;C Down=0;C Left=0;C Right=0;C Up=0;DPad D=0;DPad L=0;DPad R=0;DPad U=0;L=0;R=0;Start=0;X Axis=0;Y Axis=0;Z=0"
3266,744,0,111,"","A=0;A Down=0;A Left=0;A Right=0;A Up=0;B=0;C Down=0;C Left=0;C Right=0;C Up=0;DPad D=0;DPad L=0;DPad R=0;DPad U=0;L=0;R=0;Start=0;X Axis=0;Y Axis=0;Z=0"
3267,745,0,111,"","A=0;A Down=0;A Left=0;A Right=0;A Up=0;B=0;C Down=0;C Left=0;C Right=0;C Up=0;DPad D=0;DPad L=0;DPad R=0;DPad U=0;L=0;R=0;Start=0;X Axis=0;Y Axis=0;Z=0"
3268,746,0,111,"","A=0;A Down=0;A Left=0;A Right=0;A Up=0;B=0;C Down=0;C Left=0;C Right=0;C Up=0;DPad D=0;DPad L=0;DPad R=0;DPad U=0;L=0;R=0;Start=0;X Axis=0;Y Axis=0;Z=0"
3269,747,0,111,"","A=0;A Down=0;A Left=0;A Right=0;A Up=0;B=0;C Down=0;C Left=0;C Right=0;C Up=0;DPad D=0;DPad L=0;DPad R=0;DPad U=0;L=0;R=0;Start=0;X Axis=0;Y Axis=0;Z=0"
3270,748,0,111,"","A=0;A Down=0;A Left=0;A Right=0;A Up=0;B=0;C Down=0;C Left=0;C Right=0;C Up=0;DPad D=0;DPad L=0;DPad R=0;DPad U=0;L=0;R=0;Start=0;X Axis=0;Y Axis=0;Z=0"
3271,749,0,111,"","A=0;A Down=0;A Left=0;A Right=0;A Up=0;B=0;C Down=0;C Left=0;C Right=0;C Up=0;DPad D=0;DPad L=0;DPad R=0;DPad U=0;L=0;R=0;Start=0;X Axis=0;Y Axis=0;Z=0"
3272,750,0,111,"","A=0;A Down=0;A Left=0;A Right=0;A Up=0;B=0;C Down=0;C Left=0;C Right=0;C Up=0;DPad D=0;DPad L=0;DPad R=0;DPad U=0;L=0;R=0;Start=0;X Axis=0;Y Axis=0;Z=0"
3273,751,0,111,"","A=0;A Down=0;A Left=0;A Right=0;A Up=0;B=0;C Down=0;C Left=0;C Right=0;C Up=0;DPad D=0;DPad L=0;DPad R=0;DPad U=0;L=0;R=0;Start=0;X Axis=0;Y Axis=0;Z=0"
3274,752,0,111,"","A=0;A Down=0;A Left=0;A Right=0;A Up=0;B=0;C Down=0;C Left=0;C Right=0;C Up=0;DPad D=0;DPad L=0;DPad R=0;DPad U=0;L=0;R=0;Start=0;X Axis=0;Y Axis=0;Z=0"
3275,753,0,111,"","A=0;A Down=0;A Left=0;A Right=0;A Up=0;B=0;C Down=0;C Left=0;C Right=0;C Up=0;DPad D=0;DPad L=0;DPad R=0;DPad U=0;L=0;R=0;Start=0;X Axis=0;Y Axis=0;Z=0"
3276,754,0,111,"","A=0;A Down=0;A Left=0;A Right=0;A Up=0;B=0;C Down=0;C Left=0;C Right=0;C Up=0;DPad D=0;DPad L=0;DPad R=0;DPad U=0;L=0;R=0;Start=0;X Axis=0;Y Axis=0;Z=0"
3277,755,0,111,"","A=0;A Down=0;A Left=0;A Right=0;A Up=0;B=0;C Down=0;C Left=0;C Right=0;C Up=0;DPad D=0;DPad L=0;DPad R=0;DPad U=0;L=0;R=0;Start=0;X Axis=0;Y Axis=0;Z=0"
3278,756,0,111,"","A=0;A Down=0;A Left=0;A Right=0;A Up=0;B=0;C Down=0;C Left=0;C Right=0;C Up=0;DPad D=0;DPad L=0;DPad R=0;DPad U=0;L=0;R=0;Start=0;X Axis=0;Y Axis=0;Z=0"
3279,757,0,111,"","A=0;A Down=0;A Left=0;A Right=0;A Up=0;B=0;C Down=0;C Left=0;C Right=0;C Up=0;DPad D=0;DPad L=0;DPad R=0;DPad U=0;L=0;R=0;Start=0;X Axis=0;Y Axis=0;Z=0"
3280,758,0,111,"","A=0;A Down=0;A Left=0;A Right=0;A Up=0;B=0;C Down=0;C Left=0;C Right=0;C Up=0;DPad D=0;DPad L=0;DPad R=0;DPad U=0;L=0;R=0;Start=0;X Axis=0;Y Axis=0;Z=0"
3281,759,0,111,"","A=0;A Down=0;A Left=0;A Right=0;A Up=0;B=0;C Down=0;C Left=0;C Right=0;C Up=0;DPad D=0;DPad L=0;DPad R=0;DPad U=0;L=0;R=0;Start=0;X Axis=0;Y Axis=0;Z=0"
3282,760,0,111,"","A=0;A Down=0;A Left=0;A Right=0;A Up=0;B=0;C Down=0;C Left=0;C Right=0;C Up=0;DPad D=0;DPad L=0;DPad R=0;DPad U=0;L=0;R=0;Start=0;X Axis=0;Y Axis=0;Z=0"
3283,761,0,111,"","A=0;A Down=0;A Left=0;A Right=0;A Up=0;B=0;C Down=0;C Left=0;C Right=0;C Up=0;DPad D=0;DPad L=0;DPad R=0;DPad U=0;L=0;R=0;Start=0;X Axis=0;Y Axis=0;Z=0"
3284,762,0,111,"","A=0;A Down=0;A Left=0;A Right=0;A Up=0;B=0;C Down=0;C Left=0;C Right=0;C Up=0;DPad D=0;DPad L=0;DPad R=0;DPad U=0;L=0;R=0;Start=0;X Axis=0;Y Axis=0;Z=0"
3285,763,0,111,"","A=0;A Down=0;A Left=0;A Right=0;A Up=0;B=0;C Down=0;C Left=0;C Right=0;C Up=0;DPad D=0;DPad L=0;DPad R=0;DPad U=0;L=0;R=0;Start=0;X Axis=0;Y Axis=0;Z=0"
3286,764,0,111,"","A=0;A Down=0;A Left=0;A Right=0;A Up=0;B=0;C Down=0;C Left=0;C Right=0;C Up=0;DPad D=0;DPad L=0;DPad R=0;DPad U=0;L=0;R=0;Start=0;X Axis=0;Y Axis=0;Z=0"
3287,765,0,111,"","A=0;A Down=0;A Left=0;A Right=0;A Up=0;B=0;C Down=0;C Left=0;C Right=0;C Up=0;DPad D=0;DPad L=0;DPad R=0;DPad U=0;L=0;R=0;Start=0;X Axis=0;Y Axis=0;Z=0"
3288,766,0,111,"","A=0;A Down=0;A Left=0;A Right=0;A Up=0;B=0;C Down=0;C Left=0;C Right=0;C Up=0;DPad D=0;DPad L=0;DPad R=0;DPad U=0;L=0;R=0;Start=0;X Axis=0;Y Axis=0;Z=0"
3289,767,0,111,"","A=0;A Down=0;A Left=0;A Right=0;A Up=0;B=0;C Down=0;C Left=0;C Right=0;C Up=0;DPad D=0;DPad L=0;DPad R=0;DPad U=0;L=0;R=0;Start=0;X Axis=0;Y Axis=0;Z=0"
3290,768,0,111,"","A=0;A Down=0;A Left=0;A Right=0;A Up=0;B=0;C Down=0;C Left=0;C Right=0;C Up=0;DPad D=0;DPad L=0;DPad R=0;DPad U=0;L=0;R=0;Start=0;X Axis=0;Y Axis=0;Z=0"
3291,769,0,111,"","A=0;A Down=0;A Left=0;A Right=0;A Up=0;B=0;C Down=0;C Left=0;C Right=0;C Up=0;DPad D=0;DPad L=0;DPad R=0;DPad U=0;L=0;R=0;Start=0;X Axis=0;Y Axis=0;Z=0"
3292,770,0,111,"","A=0;A Down=0;A Left=0;A Right=0;A Up=0;B=0;C Down=0;C Left=0;C Right=0;C Up=0;DPad D=0;DPad L=0;DPad R=0;DPad U=0;L=0;R=0;Start=0;X Axis=0;Y Axis=0;Z=0"
3293,771,0,111,"","A=0;A Down=0;A Left=0;A Right=0;A Up=0;B=0;C Down=0;C Left=0;C Right=0;C Up=0;DPad D=0;DPad L=0;DPad R=0;DPad U=0;L=0;R=0;Start=0;X Axis=0;Y Axis=0;Z=0"
3294,772,0,111,"","A=0;A Down=0;A Left=0;A Right=0;A Up=0;B=0;C Down=0;C Left=0;C Right=0;C Up=0;DPad D=0;DPad L=0;DPad R=0;DPad U=0;L=0;R=0;Start=0;X Axis=0;Y Axis=0;Z=0"
3295,773,0,111,"","A=0;A Down=0;A Left=0;A Right=0;A Up=0;B=0;C Down=0;C Left=0;C Right=0;C Up=0;DPad D=0;DPad L=0;DPad R=0;DPad U=0;L=0;R=0;Start=0;X Axis=0;Y Axis=0;Z=0"
3296,774,0,111,"","A=0;A Down=0;A Left=0;A Right=0;A Up=0;B=0;C Down=0;C Left=0;C Right=0;C Up=0;DPad D=0;DPad L=0;DPad R=0;DPad U=0;L=0;R=0;Start=0;X Axis=0;Y Axis=0;Z=0"
3297,775,0,111,"","A=0;A Down=0;A Left=0;A Right=0;A Up=0;B=0;C Down=0;C Left=0;C Right=0;C Up=0;DPad D=0;DPad L=0;DPad R=0;DPad U=0;L=0;R=0;Start=0;X Axis=0;Y Axis=0;Z=0"
3298,776,0,111,"","A=0;A Down=0;A Left=0;A Right=0;A Up=0;B=0;C Down=0;C Left=0;C Right=0;C Up=0;DPad D=0;DPad L=0;DPad R=0;DPad U=0;L=0;R=0;Start=0;X Axis=0;Y Axis=0;Z=0"
3299,777,0,111,"","A=0;A Down=0;A Left=0;A Right=0;A Up=0;B=0;C Down=0;C Left=0;C Right=0;C Up=0;DPad D=0;DPad L=0;DPad R=0;DPad U=0;L=0;R=0;Start=0;X Axis=0;Y Axis=0;Z=0"
3300,778,0,111,"","A=0;A Down=0;A Left=0;A Right=0;A Up=0;B=0;C Down=0;C Left=0;C Right=0;C Up=0;DPad D=0;DPad L=0;DPad R=0;DPad U=0;L=0;R=0;Start=0;X Axis=0;Y Axis=0;Z=0"
3301,779,0,111,"","A=0;A Down=0;A Left=0;A Right=0;A Up=0;B=0;C Down=0;C Left=0;C Right=0;C Up=0;DPad D=0;DPad L=0;DPad R=0;DPad U=0;L=0;R=0;Start=0;X Axis=0;Y Axis=0;Z=0"
3302,780,0,111,"","A=0;A Down=0;A Left=0;A Right=0;A Up=0;B=0;C Down=0;C Left=0;C Right=0;C Up=0;DPad D=0;DPad L=0;DPad R=0;DPad U=0;L=0;R=0;Start=0;X Axis=0;Y Axis=0;Z=0"
3303,781,0,111,"","A=0;A Down=0;A Left=0;A Right=0;A Up=0;B=0;C Down=0;C Left=0;C Right=0;C Up=0;DPad D=0;DPad L=0;DPad R=0;DPad U=0;L=0;R=0;Start=0;X Axis=0;Y Axis=0;Z=0"
3304,782,0,111,"","A=0;A Down=0;A Left=0;A Right=0;A Up=0;B=0;C Down=0;C Left=0;C Right=0;C Up=0;DPad D=0;DPad L=0;DPad R=0;DPad U=0;L=0;R=0;Start=0;X Axis=0;Y Axis=0;Z=0"
3305,783,0,111,"","A=0;A Down=0;A Left=0;A Right=0;A Up=0;B=0;C Down=0;C Left=0;C Right=0;C Up=0;DPad D=0;DPad L=0;DPad R=0;DPad U=0;L=0;R=0;Start=0;X Axis=0;Y Axis=0;Z=0"
3306,784,0,111,"","A=0;A Down=0;A Left=0;A Right=0;A Up=0;B=0;C Down=0;C Left=0;C Right=0;C Up=0;DPad D=0;DPad L=0;DPad R=0;DPad U=0;L=0;R=0;Start=0;X Axis=0;Y Axis=0;Z=0"
3307,785,0,111,"","A=0;A Down=0;A Left=0;A Right=0;A Up=0;B=0;C Down=0;C Left=0;C Right=0;C Up=0;DPad D=0;DPad L=0;DPad R=0;DPad U=0;L=0;R=0;Start=0;X Axis=0;Y Axis=0;Z=0"
3308,786,0,111,"","A=0;A Down=0;A Left=0;A Right=0;A Up=0;B=0;C Down=0;C Left=0;C Right=0;C Up=0;DPad D=0;DPad L=0;DPad R=0;DPad U=0;L=0;R=0;Start=0;X Axis=0;Y Axis=0;Z=0"
3309,787,0,111,"","A=0;A Down=0;A Left=0;A Right=0;A Up=0;B=0;C Down=0;C Left=0;C Right=0;C Up=0;DPad D=0;DPad L=0;DPad R=0;DPad U=0;L=0;R=0;Start=0;X Axis=0;Y Axis=0;Z=0"
3310,788,0,111,"","A=0;A Down=0;A Left=0;A Right=0;A Up=0;B=0;C Down=0;C Left=0;C Right=0;C Up=0;DPad D=0;DPad L=0;DPad R=0;DPad U=0;L=0;R=0;Start=0;X Axis=0;Y Axis=0;Z=0"
3311,789,0,111,"","A=0;A Down=0;A Left=0;A Right=0;A Up=0;B=0;C Down=0;C Left=0;C Right=0;C Up=0;DPad D=0;DPad L=0;DPad R=0;DPad U=0;L=0;R=0;Start=0;X Axis=0;Y Axis=0;Z=0"
3312,790,0,111,"","A=0;A Down=0;A Left=0;A Right=0;A Up=0;B=0;C Down=0;C Left=0;C Right=0;C Up=0;DPad D=0;DPad L=0;DPad R=0;DPad U=0;L=0;R=0;Start=0;X Axis=0;Y Axis=0;Z=0"
3313,791,0,111,"","A=0;A Down=0;A Left=0;A Right=0;A Up=0;B=0;C Down=0;C Left=0;C Right=0;C Up=0;DPad D=0;DPad L=0;DPad R=0;DPad U=0;L=0;R=0;Start=0;X Axis=0;Y Axis=0;Z=0"
3314,792,0,111,"","A=0;A Down=0;A Left=0;A Right=0;A Up=0;B=0;C Down=0;C Left=0;C Right=0;C Up=0;DPad D=0;DPad L=0;DPad R=0;DPad U=0;L=0;R=0;Start=0;X Axis=0;Y Axis=0;Z=0"
3315,793,0,111,"","A=0;A Down=0;A Left=0;A Right=0;A Up=0;B=0;C Down=0;C Left=0;C Right=0;C Up=0;DPad D=0;DPad L=0;DPad R=0;DPad U=0;L=0;R=0;Start=0;X Axis=0;Y Axis=0;Z=0"
3316,794,0,111,"","A=0;A Down=0;A Left=0;A Right=0;A Up=0;B=0;C Down=0;C Left=0;C Right=0;C Up=0;DPad D=0;DPad L=0;DPad R=0;DPad U=0;L=0;R=0;Start=0;X Axis=0;Y Axis=0;Z=0"
3317,795,0,111,"","A=0;A Down=0;A Left=0;A Right=0;A Up=0;B=0;C Down=0;C Left=0;C Right=0;C Up=0;DPad D=0;DPad L=0;DPad R=0;DPad U=0;L=0;R=0;Start=0;X Axis=0;Y Axis=0;Z=0"
3318,796,0,111,"","A=0;A Down=0;A Left=0;A Right=0;A Up=0;B=0;C Down=0;C Left=0;C Right=0;C Up=0;DPad D=0;DPad L=0;DPad R=0;DPad U=0;L=0;R=0;Start=0;X Axis=0;Y Axis=0;Z=0"
3319,797,0,111,"","A=0;A Down=0;A Left=0;A Right=0;A Up=0;B=0;C Down=0;C Left=0;C Right=0;C Up=0;DPad D=0;DPad L=0;DPad R=0;DPad U=0;L=0;R=0;Start=0;X Axis=0;Y Axis=0;Z=0"
3320,798,0,111,"","A=0;A Down=0;A Left=0;A Right=0;A Up=0;B=0;C Down=0;C Left=0;C Right=0;C Up=0;DPad D=0;DPad L=0;DPad R=0;DPad U=0;L=0;R=0;Start=0;X Axis=0;Y Axis=0;Z=0"
3321,799,0,111,"","A=0;A Down=0;A Left=0;A Right=0;A Up=0;B=0;C Down=0;C Left=0;C Right=0;C Up=0;DPad D=0;DPad L=0;DPad R=0;DPad U=0;L=0;R=0;Start=0;X Axis=0;Y Axis=0;Z=0"
3322,800,0,111,"","A=0;A Down=0;A Left=0;A Right=0;A Up=0;B=0;C Down=0;C Left=0;C Right=0;C Up=0;DPad D=0;DPad L=0;DPad R=0;DPad U=0;L=0;R=0;Start=0;X Axis=0;Y Axis=0;Z=0"
3323,801,0,111,"","A=0;A Down=0;A Left=0;A Right=0;A Up=0;B=0;C Down=0;C Left=0;C Right=0;C Up=0;DPad D=0;DPad L=0;DPad R=0;DPad U=0;L=0;R=0;Start=0;X Axis=0;Y Axis=0;Z=0"
3324,802,0,111,"","A=0;A Down=0;A Left=0;A Right=0;A Up=0;B=0;C Down=0;C Left=0;C Right=0;C Up=0;DPad D=0;DPad L=0;DPad R=0;DPad U=0;L=0;R=0;Start=0;X Axis=0;Y Axis=0;Z=0"
3325,803,0,111,"","A=0;A Down=0;A Left=0;A Right=0;A Up=0;B=0;C Down=0;C Left=0;C Right=0;C Up=0;DPad D=0;DPad L=0;DPad R=0;DPad U=0;L=0;R=0;Start=0;X Axis=0;Y Axis=0;Z=0"
3326,804,0,111,"","A=0;A Down=0;A Left=0;A Right=0;A Up=0;B=0;C Down=0;C Left=0;C Right=0;C Up=0;DPad D=0;DPad L=0;DPad R=0;DPad U=0;L=0;R=0;Start=0;X Axis=0;Y Axis=0;Z=0"
3327,805,0,111,"","A=0;A Down=0;A Left=0;A Right=0;A Up=0;B=0;C Down=0;C Left=0;C Right=0;C Up=0;DPad D=0;DPad L=0;DPad R=0;DPad U=0;L=0;R=0;Start=0;X Axis=0;Y Axis=0;Z=0"
3328,806,0,111,"","A=0;A Down=0;A Left=0;A Right=0;A Up=0;B=0;C Down=0;C Left=0;C Right=0;C Up=0;DPad D=0;DPad L=0;DPad R=0;DPad U=0;L=0;R=0;Start=0;X Axis=0;Y Axis=0;Z=0"
3329,807,0,111,"","A=0;A Down=0;A Left=0;A Right=0;A Up=0;B=0;C Down=0;C Left=0;C Right=0;C Up=0;DPad D=0;DPad L=0;DPad R=0;DPad U=0;L=0;R=0;Start=0;X Axis=0;Y Axis=0;Z=0"
3330,808,0,111,"","A=0;A Down=0;A Left=0;A Right=0;A Up=0;B=0;C Down=0;C Left=0;C Right=0;C Up=0;DPad D=0;DPad L=0;DPad R=0;DPad U=0;L=0;R=0;Start=0;X Axis=0;Y Axis=0;Z=0"
3331,809,0,111,"","A=0;A Down=0;A Left=0;A Right=0;A Up=0;B=0;C Down=0;C Left=0;C Right=0;C Up=0;DPad D=0;DPad L=0;DPad R=0;DPad U=0;L=0;R=0;Start=0;X Axis=0;Y Axis=0;Z=0"
3332,810,0,111,"","A=0;A Down=0;A Left=0;A Right=0;A Up=0;B=0;C Down=0;C Left=0;C Right=0;C Up=0;DPad D=0;DPad L=0;DPad R=0;DPad U=0;L=0;R=0;Start=0;X Axis=0;Y Axis=0;Z=0"
3333,811,0,111,"","A=0;A Down=0;A Left=0;A Right=0;A Up=0;B=0;C Down=0;C Left=0;C Right=0;C Up=0;DPad D=0;DPad L=0;DPad R=0;DPad U=0;L=0;R=0;Start=0;X Axis=0;Y Axis=0;Z=0"
3334,812,0,111,"","A=0;A Down=0;A Left=0;A Right=0;A Up=0;B=0;C Down=0;C Left=0;C Right=0;C Up=0;DPad D=0;DPad L=0;DPad R=0;DPad U=0;L=0;R=0;Start=0;X Axis=0;Y Axis=0;Z=0"
3335,813,0,111,"","A=0;A Down=0;A Left=0;A Right=0;A Up=0;B=0;C Down=0;C Left=0;C Right=0;C Up=0;DPad D=0;DPad L=0;DPad R=0;DPad U=0;L=0;R=0;Start=0;X Axis=0;Y Axis=0;Z=0"
3336,814,0,111,"","A=0;A Down=0;A Left=0;A Right=0;A Up=0;B=0;C Down=0;C Left=0;C Right=0;C Up=0;DPad D=0;DPad L=0;DPad R=0;DPad U=0;L=0;R=0;Start=0;X Axis=0;Y Axis=0;Z=0"
3337,815,0,111,"","A=0;A Down=0;A Left=0;A Right=0;A Up=0;B=0;C Down=0;C Left=0;C Right=0;C Up=0;DPad D=0;DPad L=0;DPad R=0;DPad U=0;L=0;R=0;Start=0;X Axis=0;Y Axis=0;Z=0"
3338,816,0,111,"","A=0;A Down=0;A Left=0;A Right=0;A Up=0;B=0;C Down=0;C Left=0;C Right=0;C Up=0;DPad D=0;DPad L=0;DPad R=0;DPad U=0;L=0;R=0;Start=0;X Axis=0;Y Axis=0;Z=0"
3339,817,0,111,"","A=0;A Down=0;A Left=0;A Right=0;A Up=0;B=0;C Down=0;C Left=0;C Right=0;C Up=0;DPad D=0;DPad L=0;DPad R=0;DPad U=0;L=0;R=0;Start=0;X Axis=0;Y Axis=0;Z=0"
3340,818,0,111,"","A=0;A Down=0;A Left=0;A Right=0;A Up=0;B=0;C Down=0;C Left=0;C Right=0;C Up=0;DPad D=0;DPad L=0;DPad R=0;DPad U=0;L=0;R=0;Start=0;X Axis=0;Y Axis=0;Z=0"
3341,819,0,111,"","A=0;A Down=0;A Left=0;A Right=0;A Up=0;B=0;C Down=0;C Left=0;C Right=0;C Up=0;DPad D=0;DPad L=0;DPad R=0;DPad U=0;L=0;R=0;Start=0;X Axis=0;Y Axis=0;Z=0"
3342,820,0,111,"","A=0;A Down=0;A Left=0;A Right=0;A Up=0;B=0;C Down=0;C Left=0;C Right=0;C Up=0;DPad D=0;DPad L=0;DPad R=0;DPad U=0;L=0;R=0;Start=0;X Axis=0;Y Axis=0;Z=0"
3343,821,0,111,"","A=0;A Down=0;A Left=0;A Right=0;A Up=0;B=0;C Down=0;C Left=0;C Right=0;C Up=0;DPad D=0;DPad L=0;DPad R=0;DPad U=0;L=0;R=0;Start=0;X Axis=0;Y Axis=0;Z=0"
3344,822,0,111,"","A=0;A Down=0;A Left=0;A Right=0;A Up=0;B=0;C Down=0;C Left=0;C Right=0;C Up=0;DPad D=0;DPad L=0;DPad R=0;DPad U=0;L=0;R=0;Start=0;X Axis=0;Y Axis=0;Z=0"
3345,823,0,111,"","A=0;A Down=0;A Left=0;A Right=0;A Up=0;B=0;C Down=0;C Left=0;C Right=0;C Up=0;DPad D=0;DPad L=0;DPad R=0;DPad U=0;L=0;R=0;Start=0;X Axis=0;Y Axis=0;Z=0"
3346,824,0,111,"","A=0;A Down=0;A Left=0;A Right=0;A Up=0;B=0;C Down=0;C Left=0;C Right=0;C Up=0;DPad D=0;DPad L=0;DPad R=0;DPad U=0;L=0;R=0;Start=0;X Axis=0;Y Axis=0;Z=0"
3347,825,0,111,"","A=0;A Down=0;A Left=0;A Right=0;A Up=0;B=0;C Down=0;C Left=0;C Right=0;C Up=0;DPad D=0;DPad L=0;DPad R=0;DPad U=0;L=0;R=0;Start=0;X Axis=0;Y Axis=0;Z=0"
3348,826,0,111,"","A=0;A Down=0;A Left=0;A Right=0;A Up=0;B=0;C Down=0;C Left=0;C Right=0;C Up=0;DPad D=0;DPad L=0;DPad R=0;DPad U=0;L=0;R=0;Start=0;X Axis=0;Y Axis=0;Z=0"
3349,827,0,111,"","A=0;A Down=0;A Left=0;A Right=0;A Up=0;B=0;C Down=0;C Left=0;C Right=0;C Up=0;DPad D=0;DPad L=0;DPad R=0;DPad U=0;L=0;R=0;Start=0;X Axis=0;Y Axis=0;Z=0"
3350,828,0,111,"","A=0;A Down=0;A Left=0;A Right=0;A Up=0;B=0;C Down=0;C Left=0;C Right=0;C Up=0;DPad D=0;DPad L=0;DPad R=0;DPad U=0;L=0;R=0;Start=0;X Axis=0;Y Axis=0;Z=0"
3351,829,0,111,"","A=0;A Down=0;A Left=0;A Right=0;A Up=0;B=0;C Down=0;C Left=0;C Right=0;C Up=0;DPad D=0;DPad L=0;DPad R=0;DPad U=0;L=0;R=0;Start=0;X Axis=0;Y Axis=0;Z=0"
3352,830,0,111,"","A=0;A Down=0;A Left=0;A Right=0;A Up=0;B=0;C Down=0;C Left=0;C Right=0;C Up=0;DPad D=0;DPad L=0;DPad R=0;DPad U=0;L=0;R=0;Start=0;X Axis=0;Y Axis=0;Z=0"
3353,831,0,111,"","A=0;A Down=0;A Left=0;A Right=0;A Up=0;B=0;C Down=0;C Left=0;C Right=0;C Up=0;DPad D=0;DPad L=0;DPad R=0;DPad U=0;L=0;R=0;Start=0;X Axis=0;Y Axis=0;Z=0"
3354,832,0,111,"","A=0;A Down=0;A Left=0;A Right=0;A Up=0;B=0;C Down=0;C Left=0;C Right=0;C Up=0;DPad D=0;DPad L=0;DPad R=0;DPad U=0;L=0;R=0;Start=0;X Axis=0;Y Axis=0;Z=0"
3355,833,0,111,"","A=0;A Down=0;A Left=0;A Right=0;A Up=0;B=0;C Down=0;C Left=0;C Right=0;C Up=0;DPad D=0;DPad L=0;DPad R=0;DPad U=0;L=0;R=0;Start=0;X Axis=0;Y Axis=0;Z=0"
3356,834,0,111,"","A=0;A Down=0;A Left=0;A Right=0;A Up=0;B=0;C Down=0;C Left=0;C Right=0;C Up=0;DPad D=0;DPad L=0;DPad R=0;DPad U=0;L=0;R=0;Start=0;X Axis=0;Y Axis=0;Z=0"
3357,835,0,111,"","A=0;A Down=0;A Left=0;A Right=0;A Up=0;B=0;C Down=0;C Left=0;C Right=0;C Up=0;DPad D=0;DPad L=0;DPad R=0;DPad U=0;L=0;R=0;Start=0;X Axis=0;Y Axis=0;Z=0"
3358,836,0,111,"","A=0;A Down=0;A Left=0;A Right=0;A Up=0;B=0;C Down=0;C Left=0;C Right=0;C Up=0;DPad D=0;DPad L=0;DPad R=0;DPad U=0;L=0;R=0;Start=0;X Axis=0;Y Axis=0;Z=0"
3359,837,0,111,"","A=0;A Down=0;A Left=0;A Right=0;A Up=0;B=0;C Down=0;C Left=0;C Right=0;C Up=0;DPad D=0;DPad L=0;DPad R=0;DPad U=0;L=0;R=0;Start=0;X Axis=0;Y Axis=0;Z=0"
3360,838,0,111,"","A=0;A Down=0;A Left=0;A Right=0;A Up=0;B=0;C Down=0;C Left=0;C Right=0;C Up=0;DPad D=0;DPad L=0;DPad R=0;DPad U=0;L=0;R=0;Start=0;X Axis=0;Y Axis=0;Z=0"
3361,839,0,111,"","A=0;A Down=0;A Left=0;A Right=0;A Up=0;B=0;C Down=0;C Left=0;C Right=0;C Up=0;DPad D=0;DPad L=0;DPad R=0;DPad U=0;L=0;R=0;Start=0;X Axis=0;Y Axis=0;Z=0"
3362,840,0,111,"","A=0;A Down=0;A Left=0;A Right=0;A Up=0;B=0;C Down=0;C Left=0;C Right=0;C Up=0;DPad D=0;DPad L=0;DPad R=0;DPad U=0;L=0;R=0;Start=0;X Axis=0;Y Axis=0;Z=0"
3363,841,0,111,"","A=0;A Down=0;A Left=0;A Right=0;A Up=0;B=0;C Down=0;C Left=0;C Right=0;C Up=0;DPad D=0;DPad L=0;DPad R=0;DPad U=0;L=0;R=0;Start=0;X Axis=0;Y Axis=0;Z=0"
3364,842,0,111,"","A=0;A Down=0;A Left=0;A Right=0;A Up=0;B=0;C Down=0;C Left=0;C Right=0;C Up=0;DPad D=0;DPad L=0;DPad R=0;DPad U=0;L=0;R=0;Start=0;X Axis=0;Y Axis=0;Z=0"
3365,843,0,111,"","A=0;A Down=0;A Left=0;A Right=0;A Up=0;B=0;C Down=0;C Left=0;C Right=0;C Up=0;DPad D=0;DPad L=0;DPad R=0;DPad U=0;L=0;R=0;Start=0;X Axis=0;Y Axis=0;Z=0"
3366,844,0,111,"","A=0;A Down=0;A Left=0;A Right=0;A Up=0;B=0;C Down=0;C Left=0;C Right=0;C Up=0;DPad D=0;DPad L=0;DPad R=0;DPad U=0;L=0;R=0;Start=0;X Axis=0;Y Axis=0;Z=0"
3367,845,0,111,"","A=0;A Down=0;A Left=0;A Right=0;A Up=0;B=0;C Down=0;C Left=0;C Right=0;C Up=0;DPad D=0;DPad L=0;DPad R=0;DPad U=0;L=0;R=0;Start=0;X Axis=0;Y Axis=0;Z=0"
3368,846,0,111,"","A=0;A Down=0;A Left=0;A Right=0;A Up=0;B=0;C Down=0;C Left=0;C Right=0;C Up=0;DPad D=0;DPad L=0;DPad R=0;DPad U=0;L=0;R=0;Start=0;X Axis=0;Y Axis=0;Z=0"
3369,847,0,111,"","A=0;A Down=0;A Left=0;A Right=0;A Up=0;B=0;C Down=0;C Left=0;C Right=0;C Up=0;DPad D=0;DPad L=0;DPad R=0;DPad U=0;L=0;R=0;Start=0;X Axis=0;Y Axis=0;Z=0"
3370,848,0,111,"","A=0;A Down=0;A Left=0;A Right=0;A Up=0;B=0;C Down=0;C Left=0;C Right=0;C Up=0;DPad D=0;DPad L=0;DPad R=0;DPad U=0;L=0;R=0;Start=0;X Axis=0;Y Axis=0;Z=0"
3371,849,0,111,"","A=0;A Down=0;A Left=0;A Right=0;A Up=0;B=0;C Down=0;C Left=0;C Right=0;C Up=0;DPad D=0;DPad L=0;DPad R=0;DPad U=0;L=0;R=0;Start=0;X Axis=0;Y Axis=0;Z=0"
3372,850,0,111,"","A=0;A Down=0;A Left=0;A Right=0;A Up=0;B=0;C Down=0;C Left=0;C Right=0;C Up=0;DPad D=0;DPad L=0;DPad R=0;DPad U=0;L=0;R=0;Start=0;X Axis=0;Y Axis=0;Z=0"
3373,851,0,111,"","A=0;A Down=0;A Left=0;A Right=0;A Up=0;B=0;C Down=0;C Left=0;C Right=0;C Up=0;DPad D=0;DPad L=0;DPad R=0;DPad U=0;L=0;R=0;Start=0;X Axis=0;Y Axis=0;Z=0"
3374,852,0,111,"","A=0;A Down=0;A Left=0;A Right=0;A Up=0;B=0;C Down=0;C Left=0;C Right=0;C Up=0;DPad D=0;DPad L=0;DPad R=0;DPad U=0;L=0;R=0;Start=0;X Axis=0;Y Axis=0;Z=0"
3375,853,0,111,"","A=0;A Down=0;A Left=0;A Right=0;A Up=0;B=0;C Down=0;C Left=0;C Right=0;C Up=0;DPad D=0;DPad L=0;DPad R=0;DPad U=0;L=0;R=0;Start=0;X Axis=0;Y Axis=0;Z=0"
3376,854,0,111,"","A=0;A Down=0;A Left=0;A Right=0;A Up=0;B=0;C Down=0;C Left=0;C Right=0;C Up=0;DPad D=0;DPad L=0;DPad R=0;DPad U=0;L=0;R=0;Start=0;X Axis=0;Y Axis=0;Z=0"
3377,855,0,111,"","A=0;A Down=0;A Left=0;A Right=0;A Up=0;B=0;C Down=0;C Left=0;C Right=0;C Up=0;DPad D=0;DPad L=0;DPad R=0;DPad U=0;L=0;R=0;Start=0;X Axis=0;Y Axis=0;Z=0"
3378,856,0,111,"","A=0;A Down=0;A Left=0;A Right=0;A Up=0;B=0;C Down=0;C Left=0;C Right=0;C Up=0;DPad D=0;DPad L=0;DPad R=0;DPad U=0;L=0;R=0;Start=0;X Axis=0;Y Axis=0;Z=0"
3379,857,0,111,"","A=0;A Down=0;A Left=0;A Right=0;A Up=0;B=0;C Down=0;C Left=0;C Right=0;C Up=0;DPad D=0;DPad L=0;DPad R=0;DPad U=0;L=0;R=0;Start=0;X Axis=0;Y Axis=0;Z=0"
3380,858,0,111,"","A=0;A Down=0;A Left=0;A Right=0;A Up=0;B=0;C Down=0;C Left=0;C Right=0;C Up=0;DPad D=0;DPad L=0;DPad R=0;DPad U=0;L=0;R=0;Start=0;X Axis=0;Y Axis=0;Z=0"
3381,859,0,111,"","A=0;A Down=0;A Left=0;A Right=0;A Up=0;B=0;C Down=0;C Left=0;C Right=0;C Up=0;DPad D=0;DPad L=0;DPad R=0;DPad U=0;L=0;R=0;Start=0;X Axis=0;Y Axis=0;Z=0"
3382,860,0,111,"","A=0;A Down=0;A Left=0;A Right=0;A Up=0;B=0;C Down=0;C Left=0;C Right=0;C Up=0;DPad D=0;DPad L=0;DPad R=0;DPad U=0;L=0;R=0;Start=0;X Axis=0;Y Axis=0;Z=0"
3383,861,0,111,"","A=0;A Down=0;A Left=0;A Right=0;A Up=0;B=0;C Down=0;C Left=0;C Right=0;C Up=0;DPad D=0;DPad L=0;DPad R=0;DPad U=0;L=0;R=0;Start=0;X Axis=0;Y Axis=0;Z=0"
3384,862,0,111,"","A=0;A Down=0;A Left=0;A Right=0;A Up=0;B=0;C Down=0;C Left=0;C Right=0;C Up=0;DPad D=0;DPad L=0;DPad R=0;DPad U=0;L=0;R=0;Start=0;X Axis=0;Y Axis=0;Z=0"
3385,863,0,111,"","A=0;A Down=0;A Left=0;A Right=0;A Up=0;B=0;C Down=0;C Left=0;C Right=0;C Up=0;DPad D=0;DPad L=0;DPad R=0;DPad U=0;L=0;R=0;Start=0;X Axis=0;Y Axis=0;Z=0"
3386,864,0,111,"","A=0;A Down=0;A Left=0;A Right=0;A Up=0;B=0;C Down=0;C Left=0;C Right=0;C Up=0;DPad D=0;DPad L=0;DPad R=0;DPad U=0;L=0;R=0;Start=0;X Axis=0;Y Axis=0;Z=0"
3387,865,0,111,"","A=0;A Down=0;A Left=0;A Right=0;A Up=0;B=0;C Down=0;C Left=0;C Right=0;C Up=0;DPad D=0;DPad L=0;DPad R=0;DPad U=0;L=0;R=0;Start=0;X Axis=0;Y Axis=0;Z=0"
3388,866,0,111,"","A=0;A Down=0;A Left=0;A Right=0;A Up=0;B=0;C Down=0;C Left=0;C Right=0;C Up=0;DPad D=0;DPad L=0;DPad R=0;DPad U=0;L=0;R=0;Start=0;X Axis=0;Y Axis=0;Z=0"
3389,867,0,111,"","A=0;A Down=0;A Left=0;A Right=0;A Up=0;B=0;C Down=0;C Left=0;C Right=0;C Up=0;DPad D=0;DPad L=0;DPad R=0;DPad U=0;L=0;R=0;Start=0;X Axis=0;Y Axis=0;Z=0"
3390,868,0,111,"","A=0;A Down=0;A Left=0;A Right=0;A Up=0;B=0;C Down=0;C Left=0;C Right=0;C Up=0;DPad D=0;DPad L=0;DPad R=0;DPad U=0;L=0;R=0;Start=0;X Axis=0;Y Axis=0;Z=0"
3391,869,0,111,"","A=0;A Down=0;A Left=0;A Right=0;A Up=0;B=0;C Down=0;C Left=0;C Right=0;C Up=0;DPad D=0;DPad L=0;DPad R=0;DPad U=0;L=0;R=0;Start=0;X Axis=0;Y Axis=0;Z=0"
3392,870,0,111,"","A=0;A Down=0;A Left=0;A Right=0;A Up=0;B=0;C Down=0;C Left=0;C Right=0;C Up=0;DPad D=0;DPad L=0;DPad R=0;DPad U=0;L=0;R=0;Start=0;X Axis=0;Y Axis=0;Z=0"
3393,871,0,111,"","A=0;A Down=0;A Left=0;A Right=0;A Up=0;B=0;C Down=0;C Left=0;C Right=0;C Up=0;DPad D=0;DPad L=0;DPad R=0;DPad U=0;L=0;R=0;Start=0;X Axis=0;Y Axis=0;Z=0"
3394,872,0,111,"","A=0;A Down=0;A Left=0;A Right=0;A Up=0;B=0;C Down=0;C Left=0;C Right=0;C Up=0;DPad D=0;DPad L=0;DPad R=0;DPad U=0;L=0;R=0;Start=0;X Axis=0;Y Axis=0;Z=0"
3395,873,0,111,"","A=0;A Down=0;A Left=0;A Right=0;A Up=0;B=0;C Down=0;C Left=0;C Right=0;C Up=0;DPad D=0;DPad L=0;DPad R=0;DPad U=0;L=0;R=0;Start=0;X Axis=0;Y Axis=0;Z=0"
3396,874,0,111,"","A=0;A Down=0;A Left=0;A Right=0;A Up=0;B=0;C Down=0;C Left=0;C Right=0;C Up=0;DPad D=0;DPad L=0;DPad R=0;DPad U=0;L=0;R=0;Start=0;X Axis=0;Y Axis=0;Z=0"
3397,875,0,111,"","A=0;A Down=0;A Left=0;A Right=0;A Up=0;B=0;C Down=0;C Left=0;C Right=0;C Up=0;DPad D=0;DPad L=0;DPad R=0;DPad U=0;L=0;R=0;Start=0;X Axis=0;Y Axis=0;Z=0"
3398,876,0,111,"","A=0;A Down=0;A Left=0;A Right=0;A Up=0;B=0;C Down=0;C Left=0;C Right=0;C Up=0;DPad D=0;DPad L=0;DPad R=0;DPad U=0;L=0;R=0;Start=0;X Axis=0;Y Axis=0;Z=0"
3399,877,0,111,"","A=0;A Down=0;A Left=0;A Right=0;A Up=0;B=0;C Down=0;C Left=0;C Right=0;C Up=0;DPad D=0;DPad L=0;DPad R=0;DPad U=0;L=0;R=0;Start=0;X Axis=0;Y Axis=0;Z=0"
3400,878,0,111,"","A=0;A Down=0;A Left=0;A Right=0;A Up=0;B=0;C Down=0;C Left=0;C Right=0;C Up=0;DPad D=0;DPad L=0;DPad R=0;DPad U=0;L=0;R=0;Start=0;X Axis=0;Y Axis=0;Z=0"
3401,879,0,111,"","A=0;A Down=0;A Left=0;A Right=0;A Up=0;B=0;C Down=0;C Left=0;C Right=0;C Up=0;DPad D=0;DPad L=0;DPad R=0;DPad U=0;L=0;R=0;Start=0;X Axis=0;Y Axis=0;Z=0"
3402,880,0,111,"","A=0;A Down=0;A Left=0;A Right=0;A Up=0;B=0;C Down=0;C Left=0;C Right=0;C Up=0;DPad D=0;DPad L=0;DPad R=0;DPad U=0;L=0;R=0;Start=0;X Axis=0;Y Axis=0;Z=0"
3403,881,0,111,"","A=0;A Down=0;A Left=0;A Right=0;A Up=0;B=0;C Down=0;C Left=0;C Right=0;C Up=0;DPad D=0;DPad L=0;DPad R=0;DPad U=0;L=0;R=0;Start=0;X Axis=0;Y Axis=0;Z=0"
3404,882,0,111,"","A=0;A Down=0;A Left=0;A Right=0;A Up=0;B=0;C Down=0;C Left=0;C Right=0;C Up=0;DPad D=0;DPad L=0;DPad R=0;DPad U=0;L=0;R=0;Start=0;X Axis=0;Y Axis=0;Z=0"
3405,883,0,111,"","A=0;A Down=0;A Left=0;A Right=0;A Up=0;B=0;C Down=0;C Left=0;C Right=0;C Up=0;DPad D=0;DPad L=0;DPad R=0;DPad U=0;L=0;R=0;Start=0;X Axis=0;Y Axis=0;Z=0"
3406,884,0,111,"","A=0;A Down=0;A Left=0;A Right=0;A Up=0;B=0;C Down=0;C Left=0;C Right=0;C Up=0;DPad D=0;DPad L=0;DPad R=0;DPad U=0;L=0;R=0;Start=0;X Axis=0;Y Axis=0;Z=0"
3407,885,0,111,"","A=0;A Down=0;A Left=0;A Right=0;A Up=0;B=0;C Down=0;C Left=0;C Right=0;C Up=0;DPad D=0;DPad L=0;DPad R=0;DPad U=0;L=0;R=0;Start=0;X Axis=0;Y Axis=0;Z=0"
3408,886,0,111,"","A=0;A Down=0;A Left=0;A Right=0;A Up=0;B=0;C Down=0;C Left=0;C Right=0;C Up=0;DPad D=0;DPad L=0;DPad R=0;DPad U=0;L=0;R=0;Start=0;X Axis=0;Y Axis=0;Z=0"
3409,887,0,111,"","A=0;A Down=0;A Left=0;A Right=0;A Up=0;B=0;C Down=0;C Left=0;C Right=0;C Up=0;DPad D=0;DPad L=0;DPad R=0;DPad U=0;L=0;R=0;Start=0;X Axis=0;Y Axis=0;Z=0"
3410,888,0,111,"","A=0;A Down=0;A Left=0;A Right=0;A Up=0;B=0;C Down=0;C Left=0;C Right=0;C Up=0;DPad D=0;DPad L=0;DPad R=0;DPad U=0;L=0;R=0;Start=0;X Axis=0;Y Axis=0;Z=0"
3411,889,0,111,"","A=0;A Down=0;A Left=0;A Right=0;A Up=0;B=0;C Down=0;C Left=0;C Right=0;C Up=0;DPad D=0;DPad L=0;DPad R=0;DPad U=0;L=0;R=0;Start=0;X Axis=0;Y Axis=0;Z=0"
3412,890,0,111,"","A=0;A Down=0;A Left=0;A Right=0;A Up=0;B=0;C Down=0;C Left=0;C Right=0;C Up=0;DPad D=0;DPad L=0;DPad R=0;DPad U=0;L=0;R=0;Start=0;X Axis=0;Y Axis=0;Z=0"
3413,891,0,111,"","A=0;A Down=0;A Left=0;A Right=0;A Up=0;B=0;C Down=0;C Left=0;C Right=0;C Up=0;DPad D=0;DPad L=0;DPad R=0;DPad U=0;L=0;R=0;Start=0;X Axis=0;Y Axis=0;Z=0"
3414,892,0,111,"","A=0;A Down=0;A Left=0;A Right=0;A Up=0;B=0;C Down=0;C Left=0;C Right=0;C Up=0;DPad D=0;DPad L=0;DPad R=0;DPad U=0;L=0;R=0;Start=0;X Axis=0;Y Axis=0;Z=0"
3415,893,0,111,"","A=0;A Down=0;A Left=0;A Right=0;A Up=0;B=0;C Down=0;C Left=0;C Right=0;C Up=0;DPad D=0;DPad L=0;DPad R=0;DPad U=0;L=0;R=0;Start=0;X Axis=0;Y Axis=0;Z=0"
3416,894,0,111,"","A=0;A Down=0;A Left=0;A Right=0;A Up=0;B=0;C Down=0;C Left=0;C Right=0;C Up=0;DPad D=0;DPad L=0;DPad R=0;DPad U=0;L=0;R=0;Start=0;X Axis=0;Y Axis=0;Z=0"
3417,895,0,111,"","A=0;A Down=0;A Left=0;A Right=0;A Up=0;B=0;C Down=0;C Left=0;C Right=0;C Up=0;DPad D=0;DPad L=0;DPad R=0;DPad U=0;L=0;R=0;Start=0;X Axis=0;Y Axis=0;Z=0"
3418,896,0,111,"","A=0;A Down=0;A Left=0;A Right=0;A Up=0;B=0;C Down=0;C Left=0;C Right=0;C Up=0;DPad D=0;DPad L=0;DPad R=0;DPad U=0;L=0;R=0;Start=0;X Axis=0;Y Axis=0;Z=0"
3419,897,0,111,"","A=0;A Down=0;A Left=0;A Right=0;A Up=0;B=0;C Down=0;C Left=0;C Right=0;C Up=0;DPad D=0;DPad L=0;DPad R=0;DPad U=0;L=0;R=0;Start=0;X Axis=0;Y Axis=0;Z=0"
3420,898,0,111,"","A=0;A Down=0;A Left=0;A Right=0;A Up=0;B=0;C Down=0;C Left=0;C Right=0;C Up=0;DPad D=0;DPad L=0;DPad R=0;DPad U=0;L=0;R=0;Start=0;X Axis=0;Y Axis=0;Z=0"
3421,899,0,111,"","A=0;A Down=0;A Left=0;A Right=0;A Up=0;B=0;C Down=0;C Left=0;C Right=0;C Up=0;DPad D=0;DPad L=0;DPad R=0;DPad U=0;L=0;R=0;Start=0;X Axis=0;Y Axis=0;Z=0"
3422,900,0,111,"","A=0;A Down=0;A Left=0;A Right=0;A Up=0;B=0;C Down=0;C Left=0;C Right=0;C Up=0;DPad D=0;DPad L=0;DPad R=0;DPad U=0;L=0;R=0;Start=0;X Axis=0;Y Axis=0;Z=0"
3423,901,0,111,"","A=0;A Down=0;A Left=0;A Right=0;A Up=0;B=0;C Down=0;C Left=0;C Right=0;C Up=0;DPad D=0;DPad L=0;DPad R=0;DPad U=0;L=0;R=0;Start=0;X Axis=0;Y Axis=0;Z=0"
3424,902,0,111,"","A=0;A Down=0;A Left=0;A Right=0;A Up=0;B=0;C Down=0;C Left=0;C Right=0;C Up=0;DPad D=0;DPad L=0;DPad R=0;DPad U=0;L=0;R=0;Start=0;X Axis=0;Y Axis=0;Z=0"
3425,903,0,111,"","A=0;A Down=0;A Left=0;A Right=0;A Up=0;B=0;C Down=0;C Left=0;C Right=0;C Up=0;DPad D=0;DPad L=0;DPad R=0;DPad U=0;L=0;R=0;Start=0;X Axis=0;Y Axis=0;Z=0"
3426,904,0,111,"","A=0;A Down=0;A Left=0;A Right=0;A Up=1;B=0;C Down=0;C Left=0;C Right=0;C Up=0;DPad D=0;DPad L=0;DPad R=0;DPad U=0;L=0;R=0;Start=0;X Axis=0;Y Axis=0;Z=0"
3427,905,0,111,"","A=0;A Down=0;A Left=0;A Right=0;A Up=1;B=0;C Down=0;C Left=0;C Right=0;C Up=0;DPad D=0;DPad L=0;DPad R=0;DPad U=0;L=0;R=0;Start=0;X Axis=0;Y Axis=0;Z=0"
3428,906,0,111,"","A=0;A Down=0;A Left=0;A Right=0;A Up=1;B=0;C Down=0;C Left=0;C Right=0;C Up=0;DPad D=0;DPad L=0;DPad R=0;DPad U=0;L=0;R=0;Start=0;X Axis=0;Y Axis=0;Z=0"
3429,907,0,111,"","A=0;A Down=0;A Left=0;A Right=0;A Up=1;B=0;C Down=0;C Left=0;C Right=0;C Up=0;DPad D=0;DPad L=0;DPad R=0;DPad U=0;L=0;R=0;Start=0;X Axis=0;Y Axis=0;Z=0"
3430,908,0,111,"","A=0;A Down=0;A Left=0;A Right=0;A Up=1;B=0;C Down=0;C Left=0;C Right=0;C Up=0;DPad D=0;DPad L=0;DPad R=0;DPad U=0;L=0;R=0;Start=0;X Axis=0;Y Axis=0;Z=0"
3431,909,0,111,"","A=0;A Down=0;A Left=0;A Right=0;A Up=1;B=0;C Down=0;C Left=0;C Right=0;C Up=0;DPad D=0;DPad L=0;DPad R=0;DPad U=0;L=0;R=0;Start=0;X Axis=0;Y Axis=0;Z=0"
3432,910,0,111,"","A=0;A Down=0;A Left=0;A Right=0;A Up=1;B=0;C Down=0;C Left=0;C Right=0;C Up=0;DPad D=0;DPad L=0;DPad R=0;DPad U=0;L=0;R=0;Start=0;X Axis=0;Y Axis=0;Z=0"
3433,911,0,111,"","A=0;A Down=0;A Left=0;A Right=0;A Up=1;B=0;C Down=0;C Left=0;C Right=0;C Up=0;DPad D=0;DPad L=0;DPad R=0;DPad U=0;L=0;R=0;Start=0;X Axis=0;Y Axis=0;Z=0"
3434,912,0,111,"","A=0;A Down=0;A Left=0;A Right=0;A Up=1;B=0;C Down=0;C Left=0;C Right=0;C Up=0;DPad D=0;DPad L=0;DPad R=0;DPad U=0;L=0;R=0;Start=0;X Axis=0;Y Axis=0;Z=0"
3435,913,0,111,"","A=0;A Down=0;A Left=0;A Right=0;A Up=1;B=0;C Down=0;C Left=0;C Right=0;C Up=0;DPad D=0;DPad L=0;DPad R=0;DPad U=0;L=0;R=0;Start=0;X Axis=0;Y Axis=0;Z=0"
3436,914,0,111,"","A=0;A Down=0;A Left=0;A Right=0;A Up=1;B=0;C Down=0;C Left=0;C Right=0;C Up=0;DPad D=0;DPad L=0;DPad R=0;DPad U=0;L=0;R=0;Start=0;X Axis=0;Y Axis=0;Z=0"
3437,915,0,111,"","A=0;A Down=0;A Left=0;A Right=0;A Up=1;B=0;C Down=0;C Left=0;C Right=0;C Up=0;DPad D=0;DPad L=0;DPad R=0;DPad U=0;L=0;R=0;Start=0;X Axis=0;Y Axis=0;Z=0"
3438,916,0,111,"","A=0;A Down=0;A Left=0;A Right=0;A Up=1;B=0;C Down=0;C Left=0;C Right=0;C Up=0;DPad D=0;DPad L=0;DPad R=0;DPad U=0;L=0;R=0;Start=0;X Axis=0;Y Axis=0;Z=0"
3439,917,0,111,"","A=0;A Down=0;A Left=0;A Right=0;A Up=1;B=0;C Down=0;C Left=0;C Right=0;C Up=0;DPad D=0;DPad L=0;DPad R=0;DPad U=0;L=0;R=0;Start=0;X Axis=0;Y Axis=0;Z=0"
3440,918,0,111,"","A=0;A Down=0;A Left=0;A Right=0;A Up=1;B=0;C Down=0;C Left=0;C Right=0;C Up=0;DPad D=0;DPad L=0;DPad R=0;DPad U=0;L=0;R=0;Start=0;X Axis=0;Y Axis=0;Z=0"
3441,919,0,111,"","A=0;A Down=0;A Left=0;A Right=0;A Up=1;B=0;C Down=0;C Left=0;C Right=0;C Up=0;DPad D=0;DPad L=0;DPad R=0;DPad U=0;L=0;R=0;Start=0;X Axis=0;Y Axis=0;Z=0"
3442,920,0,111,"","A=0;A Down=0;A Left=0;A Right=0;A Up=1;B=0;C Down=0;C Left=0;C Right=0;C Up=0;DPad D=0;DPad L=0;DPad R=0;DPad U=0;L=0;R=0;Start=0;X Axis=0;Y Axis=0;Z=0"
3443,921,0,111,"","A=0;A Down=0;A Left=0;A Right=0;A Up=1;B=0;C Down=0;C Left=0;C Right=0;C Up=0;DPad D=0;DPad L=0;DPad R=0;DPad U=0;L=0;R=0;Start=0;X Axis=0;Y Axis=0;Z=0"
3444,922,0,111,"","A=0;A Down=0;A Left=0;A Right=0;A Up=1;B=0;C Down=0;C Left=0;C Right=0;C Up=0;DPad D=0;DPad L=0;DPad R=0;DPad U=0;L=0;R=0;Start=0;X Axis=0;Y Axis=0;Z=0"
3445,923,0,111,"","A=0;A Down=0;A Left=0;A Right=0;A Up=1;B=0;C Down=0;C Left=0;C Right=0;C Up=0;DPad D=0;DPad L=0;DPad R=0;DPad U=0;L=0;R=0;Start=0;X Axis=0;Y Axis=0;Z=0"
3446,924,0,111,"","A=0;A Down=0;A Left=0;A Right=0;A Up=1;B=0;C Down=0;C Left=0;C Right=0;C Up=0;DPad D=0;DPad L=0;DPad R=0;DPad U=0;L=0;R=0;Start=0;X Axis=0;Y Axis=0;Z=0"
3447,925,0,111,"","A=0;A Down=0;A Left=0;A Right=0;A Up=1;B=0;C Down=0;C Left=0;C Right=0;C Up=0;DPad D=0;DPad L=0;DPad R=0;DPad U=0;L=0;R=0;Start=0;X Axis=0;Y Axis=0;Z=0"
3448,926,0,111,"","A=0;A Down=0;A Left=0;A Right=0;A Up=1;B=0;C Down=0;C Left=0;C Right=0;C Up=0;DPad D=0;DPad L=0;DPad R=0;DPad U=0;L=0;R=0;Start=0;X Axis=0;Y Axis=0;Z=0"
3449,927,0,111,"","A=0;A Down=0;A Left=0;A Right=0;A Up=1;B=0;C Down=0;C Left=0;C Right=0;C Up=0;DPad D=0;DPad L=0;DPad R=0;DPad U=0;L=0;R=0;Start=0;X Axis=0;Y Axis=0;Z=0"
3450,928,0,111,"","A=0;A Down=0;A Left=0;A Right=0;A Up=1;B=0;C Down=0;C Left=0;C Right=0;C Up=0;DPad D=0;DPad L=0;DPad R=0;DPad U=0;L=0;R=0;Start=0;X Axis=0;Y Axis=0;Z=0"
3451,929,0,111,"","A=0;A Down=0;A Left=0;A Right=0;A Up=1;B=0;C Down=0;C Left=0;C Right=0;C Up=0;DPad D=0;DPad L=0;DPad R=0;DPad U=0;L=0;R=0;Start=0;X Axis=0;Y Axis=0;Z=0"
3452,930,0,111,"","A=0;A Down=0;A Left=0;A Right=0;A Up=1;B=0;C Down=0;C Left=0;C Right=0;C Up=0;DPad D=0;DPad L=0;DPad R=0;DPad U=0;L=0;R=0;Start=0;X Axis=0;Y Axis=0;Z=0"
3453,931,0,111,"","A=0;A Down=0;A Left=0;A Right=0;A Up=1;B=0;C Down=0;C Left=0;C Right=0;C Up=0;DPad D=0;DPad L=0;DPad R=0;DPad U=0;L=0;R=0;Start=0;X Axis=0;Y Axis=0;Z=0"
3454,932,0,111,"","A=0;A Down=0;A Left=0;A Right=0;A Up=1;B=0;C Down=0;C Left=0;C Right=0;C Up=0;DPad D=0;DPad L=0;DPad R=0;DPad U=0;L=0;R=0;Start=0;X Axis=0;Y Axis=0;Z=0"
3455,933,0,111,"","A=0;A Down=0;A Left=0;A Right=0;A Up=1;B=0;C Down=0;C Left=0;C Right=0;C Up=0;DPad D=0;DPad L=0;DPad R=0;DPad U=0;L=0;R=0;Start=0;X Axis=0;Y Axis=0;Z=0"
3456,934,0,111,"","A=0;A Down=0;A Left=0;A Right=0;A Up=1;B=0;C Down=0;C Left=0;C Right=0;C Up=0;DPad D=0;DPad L=0;DPad R=0;DPad U=0;L=0;R=0;Start=0;X Axis=0;Y Axis=0;Z=0"
3457,935,0,111,"","A=0;A Down=0;A Left=0;A Right=0;A Up=1;B=0;C Down=0;C Left=0;C Right=0;C Up=0;DPad D=0;DPad L=0;DPad R=0;DPad U=0;L=0;R=0;Start=0;X Axis=0;Y Axis=0;Z=0"
3458,936,0,111,"","A=0;A Down=0;A Left=0;A Right=0;A Up=1;B=0;C Down=0;C Left=0;C Right=0;C Up=0;DPad D=0;DPad L=0;DPad R=0;DPad U=0;L=0;R=0;Start=0;X Axis=0;Y Axis=0;Z=0"
3459,937,0,111,"","A=0;A Down=0;A Left=0;A Right=0;A Up=1;B=0;C Down=0;C Left=0;C Right=0;C Up=0;DPad D=0;DPad L=0;DPad R=0;DPad U=0;L=0;R=0;Start=0;X Axis=0;Y Axis=0;Z=0"
3460,938,0,111,"","A=0;A Down=0;A Left=0;A Right=0;A Up=1;B=0;C Down=0;C Left=0;C Right=0;C Up=0;DPad D=0;DPad L=0;DPad R=0;DPad U=0;L=0;R=0;Start=0;X Axis=0;Y Axis=0;Z=0"
3461,939,0,111,"","A=0;A Down=0;A Left=0;A Right=0;A Up=1;B=0;C Down=0;C Left=0;C Right=0;C Up=0;DPad D=0;DPad L=0;DPad R=0;DPad U=0;L=0;R=0;Start=0;X Axis=0;Y Axis=0;Z=0"
3462,940,0,111,"","A=0;A Down=0;A Left=0;A Right=0;A Up=1;B=0;C Down=0;C Left=0;C Right=0;C Up=0;DPad D=0;DPad L=0;DPad R=0;DPad U=0;L=0;R=0;Start=0;X Axis=0;Y Axis=0;Z=0"
3463,941,0,111,"","A=0;A Down=0;A Left=0;A Right=0;A Up=1;B=0;C Down=0;C Left=0;C Right=0;C Up=0;DPad D=0;DPad L=0;DPad R=0;DPad U=0;L=0;R=0;Start=0;X Axis=0;Y Axis=0;Z=0"
3464,942,0,111,"","A=0;A Down=0;A Left=0;A Right=0;A Up=1;B=0;C Down=0;C Left=0;C Right=0;C Up=0;DPad D=0;DPad L=0;DPad R=0;DPad U=0;L=0;R=0;Start=0;X Axis=0;Y Axis=0;Z=0"
3465,943,0,111,"","A=0;A Down=0;A Left=0;A Right=0;A Up=1;B=0;C Down=0;C Left=0;C Right=0;C Up=0;DPad D=0;DPad L=0;DPad R=0;DPad U=0;L=0;R=0;Start=0;X Axis=0;Y Axis=0;Z=0"
3466,944,0,111,"","A=0;A Down=0;A Left=0;A Right=0;A Up=1;B=0;C Down=0;C Left=0;C Right=0;C Up=0;DPad D=0;DPad L=0;DPad R=0;DPad U=0;L=0;R=0;Start=0;X Axis=0;Y Axis=0;Z=0"
3467,945,0,111,"","A=0;A Down=0;A Left=0;A Right=0;A Up=1;B=0;C Down=0;C Left=0;C Right=0;C Up=0;DPad D=0;DPad L=0;DPad R=0;DPad U=0;L=0;R=0;Start=0;X Axis=0;Y Axis=0;Z=0"
3468,946,0,111,"","A=0;A Down=0;A Left=0;A Right=0;A Up=1;B=0;C Down=0;C Left=0;C Right=0;C Up=0;DPad D=0;DPad L=0;DPad R=0;DPad U=0;L=0;R=0;Start=0;X Axis=0;Y Axis=0;Z=0"
3469,947,0,111,"","A=0;A Down=0;A Left=0;A Right=0;A Up=1;B=0;C Down=0;C Left=0;C Right=0;C Up=0;DPad D=0;DPad L=0;DPad R=0;DPad U=0;L=0;R=0;Start=0;X Axis=0;Y Axis=0;Z=0"
3470,948,0,111,"","A=0;A Down=0;A Left=0;A Right=1;A Up=1;B=0;C Down=0;C Left=0;C Right=0;C Up=0;DPad D=0;DPad L=0;DPad R=0;DPad U=0;L=0;R=0;Start=0;X Axis=0;Y Axis=0;Z=0"
3471,949,0,111,"","A=0;A Down=0;A Left=0;A Right=1;A Up=1;B=0;C Down=0;C Left=0;C Right=0;C Up=0;DPad D=0;DPad L=0;DPad R=0;DPad U=0;L=0;R=0;Start=0;X Axis=0;Y Axis=0;Z=0"
3472,950,0,111,"","A=0;A Down=0;A Left=0;A Right=1;A Up=1;B=0;C Down=0;C Left=0;C Right=0;C Up=0;DPad D=0;DPad L=0;DPad R=0;DPad U=0;L=0;R=0;Start=0;X Axis=0;Y Axis=0;Z=0"
3473,951,0,111,"","A=0;A Down=0;A Left=0;A Right=1;A Up=1;B=0;C Down=0;C Left=0;C Right=0;C Up=0;DPad D=0;DPad L=0;DPad R=0;DPad U=0;L=0;R=0;Start=0;X Axis=0;Y Axis=0;Z=0"
3474,952,0,111,"","A=0;A Down=0;A Left=0;A Right=1;A Up=1;B=0;C Down=0;C Left=0;C Right=0;C Up=0;DPad D=0;DPad L=0;DPad R=0;DPad U=0;L=0;R=0;Start=0;X Axis=0;Y Axis=0;Z=0"
3475,953,0,111,"","A=0;A Down=0;A Left=0;A Right=1;A Up=1;B=0;C Down=0;C Left=0;C Right=0;C Up=0;DPad D=0;DPad L=0;DPad R=0;DPad U=0;L=0;R=0;Start=0;X Axis=0;Y Axis=0;Z=0"
3476,954,0,111,"","A=0;A Down=0;A Left=0;A Right=1;A Up=1;B=0;C Down=0;C Left=0;C Right=0;C Up=0;DPad D=0;DPad L=0;DPad R=0;DPad U=0;L=0;R=0;Start=0;X Axis=0;Y Axis=0;Z=0"
3477,955,0,111,"","A=0;A Down=0;A Left=0;A Right=0;A Up=1;B=0;C Down=0;C Left=0;C Right=0;C Up=0;DPad D=0;DPad L=0;DPad R=0;DPad U=0;L=0;R=0;Start=0;X Axis=0;Y Axis=0;Z=0"
3478,956,0,111,"","A=0;A Down=0;A Left=0;A Right=0;A Up=1;B=0;C Down=0;C Left=0;C Right=0;C Up=0;DPad D=0;DPad L=0;DPad R=0;DPad U=0;L=0;R=0;Start=0;X Axis=0;Y Axis=0;Z=0"
3479,957,0,111,"","A=0;A Down=0;A Left=0;A Right=0;A Up=1;B=0;C Down=0;C Left=0;C Right=0;C Up=0;DPad D=0;DPad L=0;DPad R=0;DPad U=0;L=0;R=0;Start=0;X Axis=0;Y Axis=0;Z=0"
3480,958,0,111,"","A=0;A Down=0;A Left=0;A Right=0;A Up=1;B=0;C Down=0;C Left=0;C Right=0;C Up=0;DPad D=0;DPad L=0;DPad R=0;DPad U=0;L=0;R=0;Start=0;X Axis=0;Y Axis=0;Z=0"
3481,959,0,111,"","A=0;A Down=0;A Left=0;A Right=0;A Up=0;B=0;C Down=0;C Left=0;C Right=0;C Up=0;DPad D=0;DPad L=0;DPad R=0;DPad U=0;L=0;R=0;Start=0;X Axis=0;Y Axis=0;Z=0"
3482,960,0,111,"","A=0;A Down=0;A Left=0;A Right=0;A Up=0;B=0;C Down=0;C Left=0;C Right=0;C Up=0;DPad D=0;DPad L=0;DPad R=0;DPad U=0;L=0;R=0;Start=0;X Axis=0;Y Axis=0;Z=0"
3483,961,0,111,"","A=0;A Down=0;A Left=0;A Right=0;A Up=0;B=0;C Down=0;C Left=0;C Right=0;C Up=0;DPad D=0;DPad L=0;DPad R=0;DPad U=0;L=0;R=0;Start=0;X Axis=0;Y Axis=0;Z=0"
3484,962,0,111,"","A=0;A Down=0;A Left=0;A Right=0;A Up=0;B=0;C Down=0;C Left=0;C Right=0;C Up=0;DPad D=0;DPad L=0;DPad R=0;DPad U=0;L=0;R=0;Start=0;X Axis=0;Y Axis=0;Z=0"
3485,963,0,111,"","A=0;A Down=0;A Left=0;A Right=0;A Up=0;B=0;C Down=0;C Left=0;C Right=0;C Up=0;DPad D=0;DPad L=0;DPad R=0;DPad U=0;L=0;R=0;Start=0;X Axis=0;Y Axis=0;Z=0"
3486,964,0,111,"","A=0;A Down=0;A Left=0;A Right=0;A Up=0;B=0;C Down=0;C Left=0;C Right=0;C Up=0;DPad D=0;DPad L=0;DPad R=0;DPad U=0;L=0;R=0;Start=0;X Axis=0;Y Axis=0;Z=0"
3487,965,0,111,"","A=0;A Down=0;A Left=0;A Right=0;A Up=0;B=0;C Down=0;C Left=0;C Right=0;C Up=0;DPad D=0;DPad L=0;DPad R=0;DPad U=0;L=0;R=0;Start=0;X Axis=0;Y Axis=0;Z=0"
3488,966,0,111,"","A=0;A Down=0;A Left=0;A Right=0;A Up=0;B=0;C Down=0;C Left=0;C Right=0;C Up=0;DPad D=0;DPad L=0;DPad R=0;DPad U=0;L=0;R=0;Start=0;X Axis=0;Y Axis=0;Z=0"
3489,967,0,111,"","A=0;A Down=0;A Left=0;A Right=0;A Up=0;B=0;C Down=0;C Left=0;C Right=0;C Up=0;DPad D=0;DPad L=0;DPad R=0;DPad U=0;L=0;R=0;Start=0;X Axis=0;Y Axis=0;Z=0"
3490,968,0,111,"","A=0;A Down=0;A Left=0;A Right=0;A Up=0;B=0;C Down=0;C Left=0;C Right=0;C Up=0;DPad D=0;DPad L=0;DPad R=0;DPad U=0;L=0;R=0;Start=0;X Axis=0;Y Axis=0;Z=0"
3491,969,0,111,"","A=0;A Down=0;A Left=0;A Right=0;A Up=0;B=0;C Down=0;C Left=0;C Right=0;C Up=0;DPad D=0;DPad L=0;DPad R=0;DPad U=0;L=0;R=0;Start=0;X Axis=0;Y Axis=0;Z=0"
3492,970,0,111,"","A=0;A Down=0;A Left=0;A Right=0;A Up=0;B=0;C Down=0;C Left=0;C Right=0;C Up=0;DPad D=0;DPad L=0;DPad R=0;DPad U=0;L=0;R=0;Start=0;X Axis=0;Y Axis=0;Z=0"
3493,971,0,111,"","A=0;A Down=0;A Left=0;A Right=0;A Up=0;B=0;C Down=0;C Left=0;C Right=0;C Up=0;DPad D=0;DPad L=0;DPad R=0;DPad U=0;L=0;R=0;Start=0;X Axis=0;Y Axis=0;Z=0"
3494,972,0,111,"","A=0;A Down=0;A Left=0;A Right=0;A Up=0;B=0;C Down=0;C Left=0;C Right=0;C Up=0;DPad D=0;DPad L=0;DPad R=0;DPad U=0;L=0;R=0;Start=0;X Axis=0;Y Axis=0;Z=0"
3495,973,0,111,"","A=0;A Down=0;A Left=0;A Right=0;A Up=0;B=0;C Down=0;C Left=0;C Right=0;C Up=0;DPad D=0;DPad L=0;DPad R=0;DPad U=0;L=0;R=0;Start=0;X Axis=0;Y Axis=0;Z=0"
3496,974,0,111,"","A=0;A Down=0;A Left=0;A Right=0;A Up=0;B=0;C Down=0;C Left=0;C Right=0;C Up=0;DPad D=0;DPad L=0;DPad R=0;DPad U=0;L=0;R=0;Start=0;X Axis=0;Y Axis=0;Z=0"
3497,975,0,111,"","A=0;A Down=0;A Left=0;A Right=0;A Up=0;B=0;C Down=0;C Left=0;C Right=0;C Up=0;DPad D=0;DPad L=0;DPad R=0;DPad U=0;L=0;R=0;Start=0;X Axis=0;Y Axis=0;Z=0"
3498,976,0,111,"","A=0;A Down=0;A Left=0;A Right=0;A Up=0;B=0;C Down=0;C Left=0;C Right=0;C Up=0;DPad D=0;DPad L=0;DPad R=0;DPad U=0;L=0;R=0;Start=0;X Axis=0;Y Axis=0;Z=0"
3499,977,0,111,"","A=0;A Down=0;A Left=0;A Right=0;A Up=0;B=0;C Down=0;C Left=0;C Right=0;C Up=0;DPad D=0;DPad L=0;DPad R=0;DPad U=0;L=0;R=0;Start=0;X Axis=0;Y Axis=0;Z=0"
3500,978,0,111,"","A=0;A Down=0;A Left=0;A Right=0;A Up=0;B=0;C Down=0;C Left=0;C Right=0;C Up=0;DPad D=0;DPad L=0;DPad R=0;DPad U=0;L=0;R=0;Start=0;X Axis=0;Y Axis=0;Z=0"
3501,979,0,111,"","A=0;A Down=0;A Left=0;A Right=0;A Up=0;B=0;C Down=0;C Left=0;C Right=0;C Up=0;DPad D=0;DPad L=0;DPad R=0;DPad U=0;L=0;R=0;Start=0;X Axis=0;Y Axis=0;Z=0"
3502,980,0,111,"","A=0;A Down=0;A Left=0;A Right=0;A Up=0;B=0;C Down=0;C Left=0;C Right=0;C Up=0;DPad D=0;DPad L=0;DPad R=0;DPad U=0;L=0;R=0;Start=0;X Axis=0;Y Axis=0;Z=0"
3503,981,0,111,"","A=0;A Down=0;A Left=0;A Right=0;A Up=0;B=0;C Down=0;C Left=0;C Right=0;C Up=0;DPad D=0;DPad L=0;DPad R=0;DPad U=0;L=0;R=0;Start=0;X Axis=0;Y Axis=0;Z=0"
3504,982,0,111,"","A=0;A Down=0;A Left=0;A Right=0;A Up=0;B=0;C Down=0;C Left=0;C Right=0;C Up=0;DPad D=0;DPad L=0;DPad R=0;DPad U=0;L=0;R=0;Start=0;X Axis=0;Y Axis=0;Z=0"
3505,983,0,111,"","A=0;A Down=0;A Left=0;A Right=0;A Up=0;B=0;C Down=0;C Left=0;C Right=0;C Up=0;DPad D=0;DPad L=0;DPad R=0;DPad U=0;L=0;R=0;Start=0;X Axis=0;Y Axis=0;Z=0"
3506,984,0,111,"","A=0;A Down=0;A Left=0;A Right=0;A Up=0;B=0;C Down=0;C Left=0;C Right=0;C Up=0;DPad D=0;DPad L=0;DPad R=0;DPad U=0;L=0;R=0;Start=0;X Axis=0;Y Axis=0;Z=0"
3507,985,0,111,"","A=0;A Down=0;A Left=0;A Right=0;A Up=0;B=0;C Down=0;C Left=0;C Right=0;C Up=0;DPad D=0;DPad L=0;DPad R=0;DPad U=0;L=0;R=0;Start=0;X Axis=0;Y Axis=0;Z=0"
3508,986,0,111,"","A=0;A Down=0;A Left=0;A Right=0;A Up=0;B=0;C Down=0;C Left=0;C Right=0;C Up=0;DPad D=0;DPad L=0;DPad R=0;DPad U=0;L=0;R=0;Start=0;X Axis=0;Y Axis=0;Z=1"
3509,987,0,111,"","A=0;A Down=0;A Left=0;A Right=0;A Up=0;B=0;C Down=0;C Left=0;C Right=0;C Up=0;DPad D=0;DPad L=0;DPad R=0;DPad U=0;L=0;R=0;Start=0;X Axis=0;Y Axis=0;Z=1"
3510,988,0,111,"","A=0;A Down=0;A Left=0;A Right=0;A Up=0;B=0;C Down=0;C Left=0;C Right=0;C Up=0;DPad D=0;DPad L=0;DPad R=0;DPad U=0;L=0;R=0;Start=0;X Axis=0;Y Axis=0;Z=1"
3511,989,0,111,"","A=0;A Down=0;A Left=0;A Right=0;A Up=0;B=0;C Down=0;C Left=0;C Right=0;C Up=0;DPad D=0;DPad L=0;DPad R=0;DPad U=0;L=0;R=0;Start=0;X Axis=0;Y Axis=0;Z=1"
3512,990,0,111,"","A=0;A Down=0;A Left=0;A Right=0;A Up=0;B=0;C Down=0;C Left=0;C Right=0;C Up=0;DPad D=0;DPad L=0;DPad R=0;DPad U=0;L=0;R=0;Start=0;X Axis=0;Y Axis=0;Z=1"
3513,991,0,111,"","A=0;A Down=0;A Left=0;A Right=0;A Up=0;B=0;C Down=0;C Left=0;C Right=0;C Up=0;DPad D=0;DPad L=0;DPad R=0;DPad U=0;L=0;R=0;Start=0;X Axis=0;Y Axis=0;Z=1"
3514,992,0,111,"","A=0;A Down=0;A Left=0;A Right=0;A Up=0;B=0;C Down=0;C Left=0;C Right=0;C Up=0;DPad D=0;DPad L=0;DPad R=0;DPad U=0;L=0;R=0;Start=0;X Axis=0;Y Axis=0;Z=1"
3515,993,0,111,"","A=0;A Down=0;A Left=0;A Right=0;A Up=0;B=0;C Down=0;C Left=0;C Right=0;C Up=0;DPad D=0;DPad L=0;DPad R=0;DPad U=0;L=0;R=0;Start=0;X Axis=0;Y Axis=0;Z=1"
3516,994,0,111,"","A=0;A Down=0;A Left=0;A Right=0;A Up=0;B=0;C Down=0;C Left=0;C Right=0;C Up=0;DPad D=0;DPad L=0;DPad R=0;DPad U=0;L=0;R=0;Start=0;X Axis=0;Y Axis=0;Z=1"
3517,995,0,111,"","A=0;A Down=0;A Left=0;A Right=0;A Up=0;B=0;C Down=0;C Left=0;C Right=0;C Up=0;DPad D=0;DPad L=0;DPad R=0;DPad U=0;L=0;R=0;Start=0;X Axis=0;Y Axis=0;Z=1"
3518,996,0,111,"","A=0;A Down=0;A Left=0;A Right=0;A Up=0;B=0;C Down=0;C Left=0;C Right=0;C Up=0;DPad D=0;DPad L=0;DPad R=0;DPad U=0;L=0;R=0;Start=0;X Axis=0;Y Axis=0;Z=1"
3519,997,0,111,"","A=0;A Down=0;A Left=0;A Right=0;A Up=0;B=0;C Down=0;C Left=0;C Right=0;C Up=0;DPad D=0;DPad L=0;DPad R=0;DPad U=0;L=0;R=0;Start=0;X Axis=0;Y Axis=0;Z=0"
3520,998,0,111,"","A=0;A Down=0;A Left=0;A Right=0;A Up=0;B=0;C Down=0;C Left=0;C Right=0;C Up=0;DPad D=0;DPad L=0;DPad R=0;DPad U=0;L=0;R=0;Start=0;X Axis=0;Y Axis=0;Z=0"
3521,999,0,111,"","A=0;A Down=0;A Left=0;A Right=0;A Up=0;B=0;C Down=0;C Left=0;C Right=0;C Up=0;DPad D=0;DPad L=0;DPad R=0;DPad U=0;L=0;R=0;Start=0;X Axis=0;Y Axis=0;Z=0"
3522,1000,0,111,"","A=0;A Down=0;A Left=0;A Right=0;A Up=0;B=0;C Down=0;C Left=0;C Right=0;C Up=0;DPad D=0;DPad L=0;DPad R=0;DPad U=0;L=0;R=0;Start=0;X Axis=0;Y Axis=0;Z=0"
3523,1001,0,111,"","A=0;A Down=0;A Left=0;A Right=0;A Up=0;B=0;C Down=0;C Left=0;C Right=0;C Up=0;DPad D=0;DPad L=0;DPad R=0;DPad U=0;L=0;R=0;Start=0;X Axis=0;Y Axis=0;Z=0"
3524,1002,0,111,"","A=0;A Down=0;A Left=0;A Right=0;A Up=0;B=0;C Down=0;C Left=0;C Right=0;C Up=0;DPad D=0;DPad L=0;DPad R=0;DPad U=0;L=0;R=0;Start=0;X Axis=0;Y Axis=0;Z=0"
3525,1003,0,111,"","A=0;A Down=0;A Left=0;A Right=0;A Up=0;B=0;C Down=0;C Left=0;C Right=0;C Up=0;DPad D=0;DPad L=0;DPad R=0;DPad U=0;L=0;R=0;Start=0;X Axis=0;Y Axis=0;Z=0"
3526,1004,0,111,"","A=0;A Down=0;A Left=0;A Right=0;A Up=0;B=0;C Down=0;C Left=0;C Right=0;C Up=0;DPad D=0;DPad L=0;DPad R=0;DPad U=0;L=0;R=0;Start=0;X Axis=0;Y Axis=0;Z=0"
3527,1005,0,111,"","A=0;A Down=0;A Left=0;A Right=0;A Up=0;B=0;C Down=0;C Left=0;C Right=0;C Up=0;DPad D=0;DPad L=0;DPad R=0;DPad U=0;L=0;R=0;Start=0;X Axis=0;Y Axis=0;Z=0"
3528,1006,0,111,"","A=0;A Down=0;A Left=0;A Right=0;A Up=0;B=0;C Down=0;C Left=0;C Right=0;C Up=0;DPad D=0;DPad L=0;DPad R=0;DPad U=0;L=0;R=0;Start=0;X Axis=0;Y Axis=0;Z=0"
3529,1007,0,111,"","A=0;A Down=0;A Left=0;A Right=0;A Up=0;B=0;C Down=0;C Left=0;C Right=0;C Up=0;DPad D=0;DPad L=0;DPad R=0;DPad U=0;L=0;R=0;Start=0;X Axis=0;Y Axis=0;Z=0"
3530,1008,0,111,"","A=0;A Down=0;A Left=0;A Right=0;A Up=0;B=0;C Down=0;C Left=0;C Right=0;C Up=0;DPad D=0;DPad L=0;DPad R=0;DPad U=0;L=0;R=0;Start=0;X Axis=0;Y Axis=0;Z=0"
3531,1009,0,111,"","A=0;A Down=0;A Left=0;A Right=0;A Up=0;B=0;C Down=0;C Left=0;C Right=0;C Up=0;DPad D=0;DPad L=0;DPad R=0;DPad U=0;L=0;R=0;Start=0;X Axis=0;Y Axis=0;Z=0"
3532,1010,0,111,"","A=0;A Down=0;A Left=0;A Right=0;A Up=0;B=0;C Down=0;C Left=0;C Right=0;C Up=0;DPad D=0;DPad L=0;DPad R=0;DPad U=0;L=0;R=0;Start=0;X Axis=0;Y Axis=0;Z=0"
3533,1011,0,111,"","A=0;A Down=0;A Left=0;A Right=0;A Up=0;B=0;C Down=0;C Left=0;C Right=0;C Up=0;DPad D=0;DPad L=0;DPad R=0;DPad U=0;L=0;R=0;Start=0;X Axis=0;Y Axis=0;Z=0"
3534,1012,0,111,"","A=0;A Down=0;A Left=0;A Right=0;A Up=0;B=0;C Down=0;C Left=0;C Right=0;C Up=0;DPad D=0;DPad L=0;DPad R=0;DPad U=0;L=0;R=0;Start=0;X Axis=0;Y Axis=0;Z=0"
3535,1013,0,111,"","A=0;A Down=0;A Left=0;A Right=0;A Up=0;B=0;C Down=0;C Left=0;C Right=0;C Up=0;DPad D=0;DPad L=0;DPad R=0;DPad U=0;L=0;R=0;Start=0;X Axis=0;Y Axis=0;Z=0"
3536,1014,0,111,"","A=0;A Down=0;A Left=0;A Right=0;A Up=0;B=0;C Down=0;C Left=0;C Right=0;C Up=0;DPad D=0;DPad L=0;DPad R=0;DPad U=0;L=0;R=0;Start=0;X Axis=0;Y Axis=0;Z=0"
3537,1015,0,111,"","A=0;A Down=0;A Left=0;A Right=0;A Up=0;B=0;C Down=0;C Left=0;C Right=0;C Up=0;DPad D=0;DPad L=0;DPad R=0;DPad U=0;L=0;R=0;Start=0;X Axis=0;Y Axis=0;Z=0"
3538,1016,0,111,"","A=0;A Down=0;A Left=0;A Right=0;A Up=0;B=0;C Down=0;C Left=0;C Right=0;C Up=0;DPad D=0;DPad L=0;DPad R=0;DPad U=0;L=0;R=0;Start=0;X Axis=0;Y Axis=0;Z=0"
3539,1017,0,111,"","A=0;A Down=0;A Left=0;A Right=0;A Up=0;B=0;C Down=0;C Left=0;C Right=0;C Up=0;DPad D=0;DPad L=0;DPad R=0;DPad U=0;L=0;R=0;Start=0;X Axis=0;Y Axis=0;Z=0"
3540,1018,0,111,"","A=0;A Down=0;A Left=0;A Right=0;A Up=0;B=0;C Down=0;C Left=0;C Right=0;C Up=0;DPad D=0;DPad L=0;DPad R=0;DPad U=0;L=0;R=0;Start=0;X Axis=0;Y Axis=0;Z=0"
3541,1019,0,111,"","A=0;A Down=0;A Left=0;A Right=0;A Up=0;B=0;C Down=0;C Left=0;C Right=0;C Up=0;DPad D=0;DPad L=0;DPad R=0;DPad U=0;L=0;R=0;Start=0;X Axis=0;Y Axis=0;Z=0"
3542,1020,0,111,"","A=0;A Down=0;A Left=0;A Right=0;A Up=0;B=0;C Down=0;C Left=0;C Right=0;C Up=0;DPad D=0;DPad L=0;DPad R=0;DPad U=0;L=0;R=0;Start=0;X Axis=0;Y Axis=0;Z=0"
3543,1021,0,111,"","A=0;A Down=0;A Left=0;A Right=0;A Up=0;B=0;C Down=0;C Left=0;C Right=0;C Up=0;DPad D=0;DPad L=0;DPad R=0;DPad U=0;L=0;R=0;Start=0;X Axis=0;Y Axis=0;Z=0"
3544,1022,0,111,"","A=0;A Down=0;A Left=0;A Right=0;A Up=0;B=0;C Down=0;C Left=0;C Right=0;C Up=0;DPad D=0;DPad L=0;DPad R=0;DPad U=0;L=0;R=0;Start=0;X Axis=0;Y Axis=0;Z=0"
3545,1023,0,111,"","A=0;A Down=0;A Left=0;A Right=0;A Up=0;B=0;C Down=0;C Left=0;C Right=0;C Up=0;DPad D=0;DPad L=0;DPad R=0;DPad U=0;L=0;R=0;Start=0;X Axis=0;Y Axis=0;Z=0"
3546,1024,0,111,"","A=0;A Down=0;A Left=0;A Right=0;A Up=0;B=0;C Down=0;C Left=0;C Right=0;C Up=0;DPad D=0;DPad L=0;DPad R=0;DPad U=0;L=0;R=0;Start=0;X Axis=0;Y Axis=0;Z=0"
3547,1025,0,111,"","A=0;A Down=0;A Left=0;A Right=0;A Up=0;B=0;C Down=0;C Left=0;C Right=0;C Up=0;DPad D=0;DPad L=0;DPad R=0;DPad U=0;L=0;R=0;Start=0;X Axis=0;Y Axis=0;Z=0"
3548,1026,0,111,"","A=0;A Down=0;A Left=0;A Right=0;A Up=0;B=0;C Down=0;C Left=0;C Right=0;C Up=0;DPad D=0;DPad L=0;DPad R=0;DPad U=0;L=0;R=0;Start=0;X Axis=0;Y Axis=0;Z=0"
3549,1027,0,111,"","A=0;A Down=0;A Left=0;A Right=0;A Up=0;B=0;C Down=0;C Left=0;C Right=0;C Up=0;DPad D=0;DPad L=0;DPad R=0;DPad U=0;L=0;R=0;Start=0;X Axis=0;Y Axis=0;Z=0"
3550,1028,0,111,"","A=0;A Down=0;A Left=0;A Right=0;A Up=0;B=0;C Down=0;C Left=0;C Right=0;C Up=0;DPad D=0;DPad L=0;DPad R=0;DPad U=0;L=0;R=0;Start=0;X Axis=0;Y Axis=0;Z=0"
3551,1029,0,111,"","A=0;A Down=0;A Left=0;A Right=0;A Up=0;B=0;C Down=0;C Left=0;C Right=0;C Up=0;DPad D=0;DPad L=0;DPad R=0;DPad U=0;L=0;R=0;Start=0;X Axis=0;Y Axis=0;Z=0"
3552,1030,0,111,"","A=0;A Down=0;A Left=0;A Right=0;A Up=0;B=0;C Down=0;C Left=0;C Right=0;C Up=0;DPad D=0;DPad L=0;DPad R=0;DPad U=0;L=0;R=0;Start=0;X Axis=0;Y Axis=0;Z=0"
3553,1031,0,111,"","A=0;A Down=0;A Left=0;A Right=0;A Up=1;B=0;C Down=0;C Left=0;C Right=0;C Up=0;DPad D=0;DPad L=0;DPad R=0;DPad U=0;L=0;R=0;Start=0;X Axis=0;Y Axis=0;Z=0"
3554,1032,0,111,"","A=0;A Down=0;A Left=0;A Right=0;A Up=1;B=0;C Down=0;C Left=0;C Right=0;C Up=0;DPad D=0;DPad L=0;DPad R=0;DPad U=0;L=0;R=0;Start=0;X Axis=0;Y Axis=0;Z=0"
3555,1033,0,111,"","A=0;A Down=0;A Left=0;A Right=0;A Up=1;B=0;C Down=0;C Left=0;C Right=0;C Up=0;DPad D=0;DPad L=0;DPad R=0;DPad U=0;L=0;R=0;Start=0;X Axis=0;Y Axis=0;Z=0"
3556,1034,0,111,"","A=0;A Down=0;A Left=0;A Right=0;A Up=1;B=0;C Down=0;C Left=0;C Right=0;C Up=0;DPad D=0;DPad L=0;DPad R=0;DPad U=0;L=0;R=0;Start=0;X Axis=0;Y Axis=0;Z=0"
3557,1035,0,111,"","A=0;A Down=0;A Left=0;A Right=0;A Up=1;B=0;C Down=0;C Left=0;C Right=0;C Up=0;DPad D=0;DPad L=0;DPad R=0;DPad U=0;L=0;R=0;Start=0;X Axis=0;Y Axis=0;Z=0"
3558,1036,0,111,"","A=0;A Down=0;A Left=0;A Right=0;A Up=1;B=0;C Down=0;C Left=0;C Right=0;C Up=0;DPad D=0;DPad L=0;DPad R=0;DPad U=0;L=0;R=0;Start=0;X Axis=0;Y Axis=0;Z=0"
3559,1037,0,111,"","A=0;A Down=0;A Left=0;A Right=0;A Up=1;B=0;C Down=0;C Left=0;C Right=0;C Up=0;DPad D=0;DPad L=0;DPad R=0;DPad U=0;L=0;R=0;Start=0;X Axis=0;Y Axis=0;Z=0"
3560,1038,0,111,"","A=0;A Down=0;A Left=0;A Right=0;A Up=1;B=0;C Down=0;C Left=0;C Right=0;C Up=0;DPad D=0;DPad L=0;DPad R=0;DPad U=0;L=0;R=0;Start=0;X Axis=0;Y Axis=0;Z=0"
3561,1039,0,111,"","A=0;A Down=0;A Left=0;A Right=0;A Up=1;B=0;C Down=0;C Left=0;C Right=0;C Up=0;DPad D=0;DPad L=0;DPad R=0;DPad U=0;L=0;R=0;Start=0;X Axis=0;Y Axis=0;Z=0"
3562,1040,0,111,"","A=0;A Down=0;A Left=0;A Right=0;A Up=1;B=0;C Down=0;C Left=0;C Right=0;C Up=0;DPad D=0;DPad L=0;DPad R=0;DPad U=0;L=0;R=0;Start=0;X Axis=0;Y Axis=0;Z=0"
3563,1041,0,111,"","A=0;A Down=0;A Left=0;A Right=0;A Up=1;B=0;C Down=0;C Left=0;C Right=0;C Up=0;DPad D=0;DPad L=0;DPad R=0;DPad U=0;L=0;R=0;Start=0;X Axis=0;Y Axis=0;Z=0"
3564,1042,0,111,"","A=0;A Down=0;A Left=0;A Right=0;A Up=1;B=0;C Down=0;C Left=0;C Right=0;C Up=0;DPad D=0;DPad L=0;DPad R=0;DPad U=0;L=0;R=0;Start=0;X Axis=0;Y Axis=0;Z=0"
3565,1043,0,111,"","A=0;A Down=0;A Left=0;A Right=0;A Up=1;B=0;C Down=0;C Left=0;C Right=0;C Up=0;DPad D=0;DPad L=0;DPad R=0;DPad U=0;L=0;R=0;Start=0;X Axis=0;Y Axis=0;Z=0"
3566,1044,0,111,"","A=0;A Down=0;A Left=0;A Right=0;A Up=1;B=0;C Down=0;C Left=0;C Right=0;C Up=0;DPad D=0;DPad L=0;DPad R=0;DPad U=0;L=0;R=0;Start=0;X Axis=0;Y Axis=0;Z=0"
3567,1045,0,111,"","A=0;A Down=0;A Left=0;A Right=0;A Up=0;B=0;C Down=0;C Left=0;C Right=0;C Up=0;DPad D=0;DPad L=0;DPad R=0;DPad U=0;L=0;R=0;Start=0;X Axis=0;Y Axis=0;Z=0"
3568,1046,0,111,"","A=0;A Down=0;A Left=0;A Right=0;A Up=0;B=0;C Down=0;C Left=0;C Right=0;C Up=0;DPad D=0;DPad L=0;DPad R=0;DPad U=0;L=0;R=0;Start=0;X Axis=0;Y Axis=0;Z=0"
3569,1047,0,111,"","A=0;A Down=0;A Left=0;A Right=0;A Up=0;B=0;C Down=0;C Left=0;C Right=0;C Up=0;DPad D=0;DPad L=0;DPad R=0;DPad U=0;L=0;R=0;Start=0;X Axis=0;Y Axis=0;Z=0"
3570,1048,0,111,"","A=0;A Down=0;A Left=0;A Right=0;A Up=0;B=0;C Down=0;C Left=0;C Right=0;C Up=0;DPad D=0;DPad L=0;DPad R=0;DPad U=0;L=0;R=0;Start=0;X Axis=0;Y Axis=0;Z=0"
3571,1049,0,111,"","A=0;A Down=0;A Left=0;A Right=0;A Up=0;B=0;C Down=0;C Left=0;C Right=0;C Up=0;DPad D=0;DPad L=0;DPad R=0;DPad U=0;L=0;R=0;Start=0;X Axis=0;Y Axis=0;Z=0"
3572,1050,0,111,"","A=0;A Down=0;A Left=0;A Right=0;A Up=0;B=0;C Down=0;C Left=0;C Right=0;C Up=0;DPad D=0;DPad L=0;DPad R=0;DPad U=0;L=0;R=0;Start=0;X Axis=0;Y Axis=0;Z=0"
3573,1051,0,111,"","A=0;A Down=0;A Left=0;A Right=0;A Up=0;B=0;C Down=0;C Left=0;C Right=0;C Up=0;DPad D=0;DPad L=0;DPad R=0;DPad U=0;L=0;R=0;Start=0;X Axis=0;Y Axis=0;Z=0"
3574,1052,0,111,"","A=0;A Down=0;A Left=0;A Right=0;A Up=0;B=0;C Down=0;C Left=0;C Right=0;C Up=0;DPad D=0;DPad L=0;DPad R=0;DPad U=0;L=0;R=0;Start=0;X Axis=0;Y Axis=0;Z=0"
3575,1053,0,111,"","A=0;A Down=0;A Left=0;A Right=0;A Up=0;B=0;C Down=0;C Left=0;C Right=0;C Up=0;DPad D=0;DPad L=0;DPad R=0;DPad U=0;L=0;R=0;Start=0;X Axis=0;Y Axis=0;Z=0"
3576,1054,0,111,"","A=0;A Down=0;A Left=0;A Right=0;A Up=0;B=0;C Down=0;C Left=0;C Right=0;C Up=0;DPad D=0;DPad L=0;DPad R=0;DPad U=0;L=0;R=0;Start=0;X Axis=0;Y Axis=0;Z=0"
3577,1055,0,111,"","A=0;A Down=0;A Left=0;A Right=0;A Up=0;B=0;C Down=0;C Left=0;C Right=0;C Up=0;DPad D=0;DPad L=0;DPad R=0;DPad U=0;L=0;R=0;Start=0;X Axis=0;Y Axis=0;Z=0"
3578,1056,0,111,"","A=0;A Down=0;A Left=0;A Right=0;A Up=0;B=0;C Down=0;C Left=0;C Right=0;C Up=0;DPad D=0;DPad L=0;DPad R=0;DPad U=0;L=0;R=0;Start=0;X Axis=0;Y Axis=0;Z=0"
3579,1057,0,111,"","A=0;A Down=0;A Left=0;A Right=0;A Up=0;B=0;C Down=0;C Left=0;C Right=0;C Up=0;DPad D=0;DPad L=0;DPad R=0;DPad U=0;L=0;R=0;Start=0;X Axis=0;Y Axis=0;Z=0"
3580,1058,0,111,"","A=0;A Down=0;A Left=0;A Right=0;A Up=0;B=0;C Down=0;C Left=0;C Right=0;C Up=0;DPad D=0;DPad L=0;DPad R=0;DPad U=0;L=0;R=0;Start=0;X Axis=0;Y Axis=0;Z=0"
3581,1059,0,111,"","A=0;A Down=0;A Left=0;A Right=0;A Up=0;B=0;C Down=0;C Left=0;C Right=0;C Up=0;DPad D=0;DPad L=0;DPad R=0;DPad U=0;L=0;R=0;Start=0;X Axis=0;Y Axis=0;Z=0"
3582,1060,0,111,"","A=0;A Down=0;A Left=0;A Right=0;A Up=0;B=0;C Down=0;C Left=0;C Right=0;C Up=0;DPad D=0;DPad L=0;DPad R=0;DPad U=0;L=0;R=0;Start=0;X Axis=0;Y Axis=0;Z=0"
3583,1061,0,111,"","A=0;A Down=0;A Left=0;A Right=0;A Up=0;B=0;C Down=0;C Left=0;C Right=0;C Up=0;DPad D=0;DPad L=0;DPad R=0;DPad U=0;L=0;R=0;Start=0;X Axis=0;Y Axis=0;Z=0"
3584,1062,0,111,"","A=0;A Down=0;A Left=0;A Right=0;A Up=0;B=0;C Down=0;C Left=0;C Right=0;C Up=0;DPad D=0;DPad L=0;DPad R=0;DPad U=0;L=0;R=0;Start=0;X Axis=0;Y Axis=0;Z=0"
3585,1063,0,111,"","A=0;A Down=0;A Left=0;A Right=0;A Up=0;B=0;C Down=0;C Left=0;C Right=0;C Up=0;DPad D=0;DPad L=0;DPad R=0;DPad U=0;L=0;R=0;Start=0;X Axis=0;Y Axis=0;Z=0"
3586,1064,0,111,"","A=0;A Down=0;A Left=0;A Right=0;A Up=0;B=0;C Down=0;C Left=0;C Right=0;C Up=0;DPad D=0;DPad L=0;DPad R=0;DPad U=0;L=0;R=0;Start=0;X Axis=0;Y Axis=0;Z=0"
3587,1065,0,111,"","A=0;A Down=0;A Left=0;A Right=0;A Up=0;B=0;C Down=0;C Left=0;C Right=0;C Up=0;DPad D=0;DPad L=0;DPad R=0;DPad U=0;L=0;R=0;Start=0;X Axis=0;Y Axis=0;Z=1"
3588,1066,0,111,"","A=0;A Down=0;A Left=0;A Right=0;A Up=0;B=0;C Down=0;C Left=0;C Right=0;C Up=0;DPad D=0;DPad L=0;DPad R=0;DPad U=0;L=0;R=0;Start=0;X Axis=0;Y Axis=0;Z=1"
3589,1067,0,111,"","A=0;A Down=0;A Left=0;A Right=0;A Up=0;B=0;C Down=0;C Left=0;C Right=0;C Up=0;DPad D=0;DPad L=0;DPad R=0;DPad U=0;L=0;R=0;Start=0;X Axis=0;Y Axis=0;Z=1"
3590,1068,0,111,"","A=0;A Down=0;A Left=0;A Right=0;A Up=0;B=0;C Down=0;C Left=0;C Right=0;C Up=0;DPad D=0;DPad L=0;DPad R=0;DPad U=0;L=0;R=0;Start=0;X Axis=0;Y Axis=0;Z=1"
3591,1069,0,111,"","A=0;A Down=0;A Left=0;A Right=0;A Up=0;B=0;C Down=0;C Left=0;C Right=0;C Up=0;DPad D=0;DPad L=0;DPad R=0;DPad U=0;L=0;R=0;Start=0;X Axis=0;Y Axis=0;Z=1"
3592,1070,0,111,"","A=0;A Down=0;A Left=0;A Right=0;A Up=0;B=0;C Down=0;C Left=0;C Right=0;C Up=0;DPad D=0;DPad L=0;DPad R=0;DPad U=0;L=0;R=0;Start=0;X Axis=0;Y Axis=0;Z=1"
3593,1071,0,111,"","A=0;A Down=0;A Left=0;A Right=0;A Up=0;B=0;C Down=0;C Left=0;C Right=0;C Up=0;DPad D=0;DPad L=0;DPad R=0;DPad U=0;L=0;R=0;Start=0;X Axis=0;Y Axis=0;Z=1"
3594,1072,0,111,"","A=0;A Down=0;A Left=0;A Right=0;A Up=0;B=0;C Down=0;C Left=0;C Right=0;C Up=0;DPad D=0;DPad L=0;DPad R=0;DPad U=0;L=0;R=0;Start=0;X Axis=0;Y Axis=0;Z=1"
3595,1073,0,111,"","A=0;A Down=0;A Left=0;A Right=0;A Up=0;B=0;C Down=0;C Left=0;C Right=0;C Up=0;DPad D=0;DPad L=0;DPad R=0;DPad U=0;L=0;R=0;Start=0;X Axis=0;Y Axis=0;Z=1"
3596,1074,0,111,"","A=0;A Down=0;A Left=0;A Right=0;A Up=0;B=0;C Down=0;C Left=0;C Right=0;C Up=0;DPad D=0;DPad L=0;DPad R=0;DPad U=0;L=0;R=0;Start=0;X Axis=0;Y Axis=0;Z=0"
3597,1075,0,111,"","A=0;A Down=0;A Left=0;A Right=0;A Up=0;B=0;C Down=0;C Left=0;C Right=0;C Up=0;DPad D=0;DPad L=0;DPad R=0;DPad U=0;L=0;R=0;Start=0;X Axis=0;Y Axis=0;Z=0"
3598,1076,0,111,"","A=0;A Down=0;A Left=0;A Right=0;A Up=0;B=0;C Down=0;C Left=0;C Right=0;C Up=0;DPad D=0;DPad L=0;DPad R=0;DPad U=0;L=0;R=0;Start=0;X Axis=0;Y Axis=0;Z=0"
3599,1077,0,111,"","A=0;A Down=0;A Left=0;A Right=0;A Up=0;B=0;C Down=0;C Left=0;C Right=0;C Up=0;DPad D=0;DPad L=0;DPad R=0;DPad U=0;L=0;R=0;Start=0;X Axis=0;Y Axis=0;Z=0"
3600,1078,0,111,"","A=0;A Down=0;A Left=0;A Right=0;A Up=0;B=0;C Down=0;C Left=0;C Right=0;C Up=0;DPad D=0;DPad L=0;DPad R=0;DPad U=0;L=0;R=0;Start=0;X Axis=0;Y Axis=0;Z=0"
3601,1079,0,111,"","A=0;A Down=0;A Left=0;A Right=0;A Up=0;B=0;C Down=0;C Left=0;C Right=0;C Up=0;DPad D=0;DPad L=0;DPad R=0;DPad U=0;L=0;R=0;Start=0;X Axis=0;Y Axis=0;Z=0"
3602,1080,0,111,"","A=0;A Down=0;A Left=0;A Right=0;A Up=0;B=0;C Down=0;C Left=0;C Right=0;C Up=0;DPad D=0;DPad L=0;DPad R=0;DPad U=0;L=0;R=0;Start=0;X Axis=0;Y Axis=0;Z=0"
3603,1081,0,111,"","A=0;A Down=0;A Left=0;A Right=0;A Up=0;B=0;C Down=0;C Left=0;C Right=0;C Up=0;DPad D=0;DPad L=0;DPad R=0;DPad U=0;L=0;R=0;Start=0;X Axis=0;Y Axis=0;Z=0"
3604,1082,0,111,"","A=0;A Down=0;A Left=0;A Right=0;A Up=0;B=0;C Down=0;C Left=0;C Right=0;C Up=0;DPad D=0;DPad L=0;DPad R=0;DPad U=0;L=0;R=0;Start=0;X Axis=0;Y Axis=0;Z=0"
3605,1083,0,111,"","A=0;A Down=0;A Left=0;A Right=0;A Up=0;B=0;C Down=0;C Left=0;C Right=0;C Up=0;DPad D=0;DPad L=0;DPad R=0;DPad U=0;L=0;R=0;Start=0;X Axis=0;Y Axis=0;Z=0"
3606,1084,0,111,"","A=0;A Down=0;A Left=0;A Right=0;A Up=0;B=0;C Down=0;C Left=0;C Right=0;C Up=0;DPad D=0;DPad L=0;DPad R=0;DPad U=0;L=0;R=0;Start=0;X Axis=0;Y Axis=0;Z=0"
3607,1085,0,111,"","A=0;A Down=0;A Left=0;A Right=0;A Up=0;B=0;C Down=0;C Left=0;C Right=0;C Up=0;DPad D=0;DPad L=0;DPad R=0;DPad U=0;L=0;R=0;Start=0;X Axis=0;Y Axis=0;Z=0"
3608,1086,0,111,"","A=0;A Down=0;A Left=0;A Right=0;A Up=0;B=0;C Down=0;C Left=0;C Right=0;C Up=0;DPad D=0;DPad L=0;DPad R=0;DPad U=0;L=0;R=0;Start=0;X Axis=0;Y Axis=0;Z=0"
3609,1087,0,111,"","A=0;A Down=0;A Left=0;A Right=0;A Up=0;B=0;C Down=0;C Left=0;C Right=0;C Up=0;DPad D=0;DPad L=0;DPad R=0;DPad U=0;L=0;R=0;Start=0;X Axis=0;Y Axis=0;Z=0"
3610,1088,0,111,"","A=0;A Down=0;A Left=0;A Right=0;A Up=0;B=0;C Down=0;C Left=0;C Right=0;C Up=0;DPad D=0;DPad L=0;DPad R=0;DPad U=0;L=0;R=0;Start=0;X Axis=0;Y Axis=0;Z=0"
3611,1089,0,111,"","A=0;A Down=0;A Left=0;A Right=0;A Up=0;B=0;C Down=0;C Left=0;C Right=0;C Up=0;DPad D=0;DPad L=0;DPad R=0;DPad U=0;L=0;R=0;Start=0;X Axis=0;Y Axis=0;Z=0"
3612,1090,0,111,"","A=0;A Down=0;A Left=0;A Right=0;A Up=0;B=0;C Down=0;C Left=0;C Right=0;C Up=0;DPad D=0;DPad L=0;DPad R=0;DPad U=0;L=0;R=0;Start=0;X Axis=0;Y Axis=0;Z=0"
3613,1091,0,111,"","A=0;A Down=0;A Left=0;A Right=0;A Up=0;B=0;C Down=0;C Left=0;C Right=0;C Up=0;DPad D=0;DPad L=0;DPad R=0;DPad U=0;L=0;R=0;Start=0;X Axis=0;Y Axis=0;Z=0"
3614,1092,0,111,"","A=0;A Down=0;A Left=0;A Right=0;A Up=0;B=0;C Down=0;C Left=0;C Right=0;C Up=0;DPad D=0;DPad L=0;DPad R=0;DPad U=0;L=0;R=0;Start=0;X Axis=0;Y Axis=0;Z=0"
3615,1093,0,111,"","A=0;A Down=0;A Left=0;A Right=0;A Up=0;B=0;C Down=0;C Left=0;C Right=0;C Up=0;DPad D=0;DPad L=0;DPad R=0;DPad U=0;L=0;R=0;Start=0;X Axis=0;Y Axis=0;Z=0"
3616,1094,0,111,"","A=0;A Down=0;A Left=0;A Right=0;A Up=0;B=0;C Down=0;C Left=0;C Right=0;C Up=0;DPad D=0;DPad L=0;DPad R=0;DPad U=0;L=0;R=0;Start=0;X Axis=0;Y Axis=0;Z=0"
3617,1095,0,111,"","A=0;A Down=0;A Left=0;A Right=0;A Up=0;B=0;C Down=0;C Left=0;C Right=0;C Up=0;DPad D=0;DPad L=0;DPad R=0;DPad U=0;L=0;R=0;Start=0;X Axis=0;Y Axis=0;Z=0"
3618,1096,0,111,"","A=0;A Down=0;A Left=0;A Right=0;A Up=0;B=0;C Down=0;C Left=0;C Right=0;C Up=0;DPad D=0;DPad L=0;DPad R=0;DPad U=0;L=0;R=0;Start=0;X Axis=0;Y Axis=0;Z=0"
3619,1097,0,111,"","A=0;A Down=0;A Left=0;A Right=0;A Up=0;B=0;C Down=0;C Left=0;C Right=0;C Up=0;DPad D=0;DPad L=0;DPad R=0;DPad U=0;L=0;R=0;Start=0;X Axis=0;Y Axis=0;Z=0"
3620,1098,0,111,"","A=0;A Down=0;A Left=0;A Right=0;A Up=0;B=0;C Down=0;C Left=0;C Right=0;C Up=0;DPad D=0;DPad L=0;DPad R=0;DPad U=0;L=0;R=0;Start=0;X Axis=0;Y Axis=0;Z=0"
3621,1099,0,111,"","A=0;A Down=0;A Left=0;A Right=0;A Up=0;B=0;C Down=0;C Left=0;C Right=0;C Up=0;DPad D=0;DPad L=0;DPad R=0;DPad U=0;L=0;R=0;Start=0;X Axis=0;Y Axis=0;Z=0"
3622,1100,0,111,"","A=0;A Down=0;A Left=0;A Right=0;A Up=0;B=0;C Down=0;C Left=0;C Right=0;C Up=0;DPad D=0;DPad L=0;DPad R=0;DPad U=0;L=0;R=0;Start=0;X Axis=0;Y Axis=0;Z=0"
3623,1101,0,111,"","A=0;A Down=0;A Left=0;A Right=0;A Up=0;B=0;C Down=0;C Left=0;C Right=0;C Up=0;DPad D=0;DPad L=0;DPad R=0;DPad U=0;L=0;R=0;Start=0;X Axis=0;Y Axis=0;Z=0"
3624,1102,0,111,"","A=0;A Down=0;A Left=0;A Right=0;A Up=0;B=0;C Down=0;C Left=0;C Right=0;C Up=0;DPad D=0;DPad L=0;DPad R=0;DPad U=0;L=0;R=0;Start=0;X Axis=0;Y Axis=0;Z=0"
3625,1103,0,111,"","A=0;A Down=0;A Left=0;A Right=0;A Up=0;B=0;C Down=0;C Left=0;C Right=0;C Up=0;DPad D=0;DPad L=0;DPad R=0;DPad U=0;L=0;R=0;Start=0;X Axis=0;Y Axis=0;Z=0"
3626,1104,0,111,"","A=0;A Down=0;A Left=0;A Right=0;A Up=0;B=0;C Down=0;C Left=0;C Right=0;C Up=0;DPad D=0;DPad L=0;DPad R=0;DPad U=0;L=0;R=0;Start=0;X Axis=0;Y Axis=0;Z=0"
3627,1105,0,111,"","A=0;A Down=0;A Left=0;A Right=0;A Up=0;B=0;C Down=0;C Left=0;C Right=0;C Up=0;DPad D=0;DPad L=0;DPad R=0;DPad U=0;L=0;R=0;Start=0;X Axis=0;Y Axis=0;Z=0"
3628,1106,0,111,"","A=0;A Down=0;A Left=0;A Right=0;A Up=0;B=0;C Down=0;C Left=0;C Right=0;C Up=0;DPad D=0;DPad L=0;DPad R=0;DPad U=0;L=0;R=0;Start=0;X Axis=0;Y Axis=0;Z=0"
3629,1107,0,111,"","A=0;A Down=0;A Left=0;A Right=0;A Up=0;B=0;C Down=0;C Left=0;C Right=0;C Up=0;DPad D=0;DPad L=0;DPad R=0;DPad U=0;L=0;R=0;Start=0;X Axis=0;Y Axis=0;Z=0"
3630,1108,0,111,"","A=0;A Down=0;A Left=0;A Right=0;A Up=0;B=0;C Down=0;C Left=0;C Right=0;C Up=0;DPad D=0;DPad L=0;DPad R=0;DPad U=0;L=0;R=0;Start=0;X Axis=0;Y Axis=0;Z=0"
3631,1109,0,111,"","A=0;A Down=0;A Left=0;A Right=0;A Up=0;B=0;C Down=0;C Left=0;C Right=0;C Up=0;DPad D=0;DPad L=0;DPad R=0;DPad U=0;L=0;R=0;Start=0;X Axis=0;Y Axis=0;Z=0"
3632,1110,0,111,"","A=0;A Down=0;A Left=0;A Right=0;A Up=0;B=0;C Down=0;C Left=0;C Right=0;C Up=0;DPad D=0;DPad L=0;DPad R=0;DPad U=0;L=0;R=0;Start=0;X Axis=0;Y Axis=0;Z=0"
3633,1111,0,111,"","A=0;A Down=0;A Left=0;A Right=0;A Up=0;B=0;C Down=0;C Left=0;C Right=0;C Up=0;DPad D=0;DPad L=0;DPad R=0;DPad U=0;L=0;R=0;Start=0;X Axis=0;Y Axis=0;Z=0"
3634,1112,0,111,"","A=0;A Down=0;A Left=0;A Right=0;A Up=0;B=0;C Down=0;C Left=0;C Right=0;C Up=0;DPad D=0;DPad L=0;DPad R=0;DPad U=0;L=0;R=0;Start=0;X Axis=0;Y Axis=0;Z=0"
3635,1113,0,111,"","A=0;A Down=0;A Left=0;A Right=0;A Up=0;B=0;C Down=0;C Left=0;C Right=0;C Up=0;DPad D=0;DPad L=0;DPad R=0;DPad U=0;L=0;R=0;Start=0;X Axis=0;Y Axis=0;Z=0"
3636,1114,0,111,"","A=0;A Down=0;A Left=0;A Right=0;A Up=0;B=0;C Down=0;C Left=0;C Right=0;C Up=0;DPad D=0;DPad L=0;DPad R=0;DPad U=0;L=0;R=0;Start=0;X Axis=0;Y Axis=0;Z=0"
3637,1115,0,111,"","A=0;A Down=0;A Left=0;A Right=0;A Up=0;B=0;C Down=0;C Left=0;C Right=0;C Up=0;DPad D=0;DPad L=0;DPad R=0;DPad U=0;L=0;R=0;Start=0;X Axis=0;Y Axis=0;Z=0"
3638,1116,0,111,"","A=0;A Down=0;A Left=0;A Right=0;A Up=0;B=0;C Down=0;C Left=0;C Right=0;C Up=0;DPad D=0;DPad L=0;DPad R=0;DPad U=0;L=0;R=0;Start=0;X Axis=0;Y Axis=0;Z=0"
3639,1117,0,111,"","A=0;A Down=0;A Left=0;A Right=0;A Up=0;B=0;C Down=0;C Left=0;C Right=0;C Up=0;DPad D=0;DPad L=0;DPad R=0;DPad U=0;L=0;R=0;Start=0;X Axis=0;Y Axis=0;Z=0"
3640,1118,0,111,"","A=0;A Down=0;A Left=0;A Right=0;A Up=0;B=0;C Down=0;C Left=0;C Right=0;C Up=0;DPad D=0;DPad L=0;DPad R=0;DPad U=0;L=0;R=0;Start=0;X Axis=0;Y Axis=0;Z=0"
3641,1119,0,111,"","A=0;A Down=0;A Left=0;A Right=0;A Up=0;B=0;C Down=0;C Left=0;C Right=0;C Up=0;DPad D=0;DPad L=0;DPad R=0;DPad U=0;L=0;R=0;Start=0;X Axis=0;Y Axis=0;Z=0"
3642,1120,0,111,"","A=0;A Down=0;A Left=0;A Right=0;A Up=0;B=0;C Down=0;C Left=0;C Right=0;C Up=0;DPad D=0;DPad L=0;DPad R=0;DPad U=0;L=0;R=0;Start=0;X Axis=0;Y Axis=0;Z=0"
3643,1121,0,111,"","A=0;A Down=0;A Left=0;A Right=0;A Up=0;B=0;C Down=0;C Left=0;C Right=0;C Up=0;DPad D=0;DPad L=0;DPad R=0;DPad U=0;L=0;R=0;Start=0;X Axis=0;Y Axis=0;Z=0"
3644,1122,0,111,"","A=0;A Down=0;A Left=0;A Right=0;A Up=0;B=0;C Down=0;C Left=0;C Right=0;C Up=0;DPad D=0;DPad L=0;DPad R=0;DPad U=0;L=0;R=0;Start=0;X Axis=0;Y Axis=0;Z=0"
3645,1123,0,111,"","A=0;A Down=0;A Left=0;A Right=0;A Up=0;B=0;C Down=0;C Left=0;C Right=0;C Up=0;DPad D=0;DPad L=0;DPad R=0;DPad U=0;L=0;R=0;Start=0;X Axis=0;Y Axis=0;Z=0"
3646,1124,0,111,"","A=0;A Down=0;A Left=0;A Right=0;A Up=0;B=0;C Down=0;C Left=0;C Right=0;C Up=0;DPad D=0;DPad L=0;DPad R=0;DPad U=0;L=0;R=0;Start=0;X Axis=0;Y Axis=0;Z=0"
3647,1125,0,111,"","A=0;A Down=0;A Left=0;A Right=0;A Up=0;B=0;C Down=0;C Left=0;C Right=0;C Up=0;DPad D=0;DPad L=0;DPad R=0;DPad U=0;L=0;R=0;Start=0;X Axis=0;Y Axis=0;Z=0"
3648,1126,0,111,"","A=0;A Down=0;A Left=0;A Right=0;A Up=0;B=0;C Down=0;C Left=0;C Right=0;C Up=0;DPad D=0;DPad L=0;DPad R=0;DPad U=0;L=0;R=0;Start=0;X Axis=0;Y Axis=0;Z=0"
3649,1127,0,111,"","A=0;A Down=0;A Left=0;A Right=0;A Up=0;B=0;C Down=0;C Left=0;C Right=0;C Up=0;DPad D=0;DPad L=0;DPad R=0;DPad U=0;L=0;R=0;Start=0;X Axis=0;Y Axis=0;Z=0"
3650,1128,0,111,"","A=0;A Down=0;A Left=0;A Right=0;A Up=0;B=0;C Down=0;C Left=0;C Right=0;C Up=0;DPad D=0;DPad L=0;DPad R=0;DPad U=0;L=0;R=0;Start=0;X Axis=0;Y Axis=0;Z=0"
3651,1129,0,111,"","A=0;A Down=0;A Left=0;A Right=0;A Up=0;B=0;C Down=0;C Left=0;C Right=0;C Up=0;DPad D=0;DPad L=0;DPad R=0;DPad U=0;L=0;R=0;Start=0;X Axis=0;Y Axis=0;Z=0"
3652,1130,0,111,"","A=0;A Down=0;A Left=0;A Right=0;A Up=0;B=0;C Down=0;C Left=0;C Right=0;C Up=0;DPad D=0;DPad L=0;DPad R=0;DPad U=0;L=0;R=0;Start=0;X Axis=0;Y Axis=0;Z=0"
3653,1131,0,111,"","A=0;A Down=0;A Left=0;A Right=0;A Up=0;B=0;C Down=0;C Left=0;C Right=0;C Up=0;DPad D=0;DPad L=0;DPad R=0;DPad U=0;L=0;R=0;Start=0;X Axis=0;Y Axis=0;Z=0"
3654,1132,0,111,"","A=0;A Down=0;A Left=0;A Right=0;A Up=0;B=0;C Down=0;C Left=0;C Right=0;C Up=0;DPad D=0;DPad L=0;DPad R=0;DPad U=0;L=0;R=0;Start=0;X Axis=0;Y Axis=0;Z=0"
3655,1133,0,111,"","A=0;A Down=0;A Left=0;A Right=0;A Up=0;B=0;C Down=0;C Left=0;C Right=0;C Up=0;DPad D=0;DPad L=0;DPad R=0;DPad U=0;L=0;R=0;Start=0;X Axis=0;Y Axis=0;Z=0"
3656,1134,0,111,"","A=0;A Down=0;A Left=0;A Right=0;A Up=0;B=0;C Down=0;C Left=0;C Right=0;C Up=0;DPad D=0;DPad L=0;DPad R=0;DPad U=0;L=0;R=0;Start=0;X Axis=0;Y Axis=0;Z=0"
3657,1135,0,111,"","A=0;A Down=0;A Left=0;A Right=0;A Up=0;B=0;C Down=0;C Left=0;C Right=0;C Up=0;DPad D=0;DPad L=0;DPad R=0;DPad U=0;L=0;R=0;Start=0;X Axis=0;Y Axis=0;Z=0"
3658,1136,0,111,"","A=0;A Down=0;A Left=0;A Right=0;A Up=0;B=0;C Down=0;C Left=0;C Right=0;C Up=0;DPad D=0;DPad L=0;DPad R=0;DPad U=0;L=0;R=0;Start=0;X Axis=0;Y Axis=0;Z=0"
3659,1137,0,111,"","A=0;A Down=0;A Left=0;A Right=0;A Up=0;B=0;C Down=0;C Left=0;C Right=0;C Up=0;DPad D=0;DPad L=0;DPad R=0;DPad U=0;L=0;R=0;Start=0;X Axis=0;Y Axis=0;Z=0"
3660,1138,0,111,"","A=0;A Down=0;A Left=0;A Right=0;A Up=0;B=0;C Down=0;C Left=0;C Right=0;C Up=0;DPad D=0;DPad L=0;DPad R=0;DPad U=0;L=0;R=0;Start=0;X Axis=0;Y Axis=0;Z=0"
3661,1139,0,111,"","A=0;A Down=0;A Left=0;A Right=0;A Up=0;B=0;C Down=0;C Left=0;C Right=0;C Up=0;DPad D=0;DPad L=0;DPad R=0;DPad U=0;L=0;R=0;Start=0;X Axis=0;Y Axis=0;Z=0"
3662,1140,0,111,"","A=0;A Down=0;A Left=0;A Right=0;A Up=0;B=0;C Down=0;C Left=0;C Right=0;C Up=0;DPad D=0;DPad L=0;DPad R=0;DPad U=0;L=0;R=0;Start=0;X Axis=0;Y Axis=0;Z=0"
3663,1141,0,111,"","A=0;A Down=0;A Left=0;A Right=0;A Up=0;B=0;C Down=0;C Left=0;C Right=0;C Up=0;DPad D=0;DPad L=0;DPad R=0;DPad U=0;L=0;R=0;Start=0;X Axis=0;Y Axis=0;Z=0"
3664,1142,0,111,"","A=0;A Down=0;A Left=0;A Right=0;A Up=0;B=0;C Down=0;C Left=0;C Right=0;C Up=0;DPad D=0;DPad L=0;DPad R=0;DPad U=0;L=0;R=0;Start=0;X Axis=0;Y Axis=0;Z=0"
3665,1143,0,111,"SHOT","A=0;A Down=0;A Left=0;A Right=0;A Up=0;B=0;C Down=0;C Left=0;C Right=0;C Up=0;DPad D=0;DPad L=0;DPad R=0;DPad U=0;L=0;R=0;Start=0;X Axis=0;Y Axis=0;Z=0"
3666,1144,0,111,"","A=0;A Down=0;A Left=0;A Right=0;A Up=0;B=0;C Down=0;C Left=0;C Right=0;C Up=0;DPad D=0;DPad L=0;DPad R=0;DPad U=0;L=0;R=0;Start=0;X Axis=0;Y Axis=0;Z=0"
3667,1145,0,111,"","A=0;A Down=0;A Left=0;A Right=0;A Up=0;B=0;C Down=0;C Left=0;C Right=0;C Up=0;DPad D=0;DPad L=0;DPad R=0;DPad U=0;L=0;R=0;Start=0;X Axis=0;Y Axis=0;Z=0"
3668,1146,0,111,"","A=0;A Down=0;A Left=0;A Right=0;A Up=0;B=0;C Down=0;C Left=0;C Right=0;C Up=0;DPad D=0;DPad L=0;DPad R=0;DPad U=0;L=0;R=0;Start=0;X Axis=0;Y Axis=0;Z=0"
3669,1147,0,111,"","A=0;A Down=0;A Left=0;A Right=0;A Up=0;B=0;C Down=0;C Left=0;C Right=0;C Up=0;DPad D=0;DPad L=0;DPad R=0;DPad U=0;L=0;R=0;Start=0;X Axis=0;Y Axis=0;Z=0"
3670,1148,0,111,"","A=0;A Down=0;A Left=0;A Right=0;A Up=0;B=0;C Down=0;C Left=0;C Right=0;C Up=0;DPad D=0;DPad L=0;DPad R=0;DPad U=0;L=0;R=0;Start=0;X Axis=0;Y Axis=0;Z=0"
3671,1149,0,111,"","A=0;A Down=0;A Left=0;A Right=0;A Up=0;B=0;C Down=0;C Left=0;C Right=0;C Up=0;DPad D=0;DPad L=0;DPad R=0;DPad U=0;L=0;R=0;Start=0;X Axis=0;Y Axis=0;Z=0"
3672,1150,0,111,"","A=0;A Down=0;A Left=0;A Right=0;A Up=0;B=0;C Down=0;C Left=0;C Right=0;C Up=0;DPad D=0;DPad L=0;DPad R=0;DPad U=0;L=0;R=0;Start=0;X Axis=0;Y Axis=0;Z=0"
3673,1151,0,111,"","A=0;A Down=0;A Left=0;A Right=0;A Up=0;B=0;C Down=0;C Left=0;C Right=0;C Up=0;DPad D=0;DPad L=0;DPad R=0;DPad U=0;L=0;R=0;Start=0;X Axis=0;Y Axis=0;Z=0"
3674,1152,0,111,"","A=0;A Down=0;A Left=0;A Right=0;A Up=0;B=0;C Down=0;C Left=0;C Right=0;C Up=0;DPad D=0;DPad L=0;DPad R=0;DPad U=0;L=0;R=0;Start=0;X Axis=0;Y Axis=0;Z=0"
3675,1153,0,111,"","A=0;A Down=0;A Left=0;A Right=0;A Up=0;B=0;C Down=0;C Left=0;C Right=0;C Up=0;DPad D=0;DPad L=0;DPad R=0;DPad U=0;L=0;R=0;Start=0;X Axis=0;Y Axis=0;Z=0"
3676,1154,0,111,"","A=0;A Down=0;A Left=0;A Right=0;A Up=0;B=0;C Down=0;C Left=0;C Right=0;C Up=0;DPad D=0;DPad L=0;DPad R=0;DPad U=0;L=0;R=0;Start=0;X Axis=0;Y Axis=0;Z=0"
3677,1155,0,111,"","A=0;A Down=0;A Left=0;A Right=0;A Up=0;B=0;C Down=0;C Left=0;C Right=0;C Up=0;DPad D=0;DPad L=0;DPad R=0;DPad U=0;L=0;R=0;Start=0;X Axis=0;Y Axis=0;Z=0"
3678,1156,0,111,"","A=0;A Down=0;A Left=0;A Right=0;A Up=0;B=0;C Down=0;C Left=0;C Right=0;C Up=0;DPad D=0;DPad L=0;DPad R=0;DPad U=0;L=0;R=0;Start=0;X Axis=0;Y Axis=0;Z=0"
3679,1157,0,111,"","A=0;A Down=0;A Left=0;A Right=0;A Up=0;B=0;C Down=0;C Left=0;C Right=0;C Up=0;DPad D=0;DPad L=0;DPad R=0;DPad U=0;L=0;R=0;Start=0;X Axis=0;Y Axis=0;Z=0"
3680,1158,0,111,"","A=0;A Down=0;A Left=0;A Right=0;A Up=0;B=0;C Down=0;C Left=0;C Right=0;C Up=0;DPad D=0;DPad L=0;DPad R=0;DPad U=0;L=0;R=0;Start=0;X Axis=0;Y Axis=0;Z=0"
3681,1159,0,111,"","A=0;A Down=0;A Left=0;A Right=0;A Up=0;B=0;C Down=0;C Left=0;C Right=0;C Up=0;DPad D=0;DPad L=0;DPad R=0;DPad U=0;L=0;R=0;Start=0;X Axis=0;Y Axis=0;Z=0"
3682,1160,0,111,"","A=0;A Down=0;A Left=0;A Right=0;A Up=0;B=0;C Down=0;C Left=0;C Right=0;C Up=0;DPad D=0;DPad L=0;DPad R=0;DPad U=0;L=0;R=0;Start=0;X Axis=0;Y Axis=0;Z=0"
3683,1161,0,111,"","A=0;A Down=0;A Left=0;A Right=0;A Up=0;B=0;C Down=0;C Left=0;C Right=0;C Up=0;DPad D=0;DPad L=0;DPad R=0;DPad U=0;L=0;R=0;Start=0;X Axis=0;Y Axis=0;Z=0"
3684,1162,0,111,"","A=0;A Down=0;A Left=0;A Right=0;A Up=0;B=0;C Down=0;C Left=0;C Right=0;C Up=0;DPad D=0;DPad L=0;DPad R=0;DPad U=0;L=0;R=0;Start=0;X Axis=0;Y Axis=0;Z=0"
3685,1163,0,111,"","A=0;A Down=0;A Left=0;A Right=0;A Up=0;B=0;C Down=0;C Left=0;C Right=0;C Up=0;DPad D=0;DPad L=0;DPad R=0;DPad U=0;L=0;R=0;Start=0;X Axis=0;Y Axis=0;Z=0"
3686,1164,0,111,"","A=0;A Down=0;A Left=0;A Right=0;A Up=0;B=0;C Down=0;C Left=0;C Right=0;C Up=0;DPad D=0;DPad L=0;DPad R=0;DPad U=0;L=0;R=0;Start=0;X Axis=0;Y Axis=0;Z=0"
3687,1165,0,111,"","A=0;A Down=0;A Left=0;A Right=0;A Up=0;B=0;C Down=0;C Left=0;C Right=0;C Up=0;DPad D=0;DPad L=0;DPad R=0;DPad U=0;L=0;R=0;Start=0;X Axis=0;Y Axis=0;Z=0"
3688,1166,0,111,"","A=0;A Down=0;A Left=0;A Right=0;A Up=0;B=0;C Down=0;C Left=0;C Right=0;C Up=0;DPad D=0;DPad L=0;DPad R=0;DPad U=0;L=0;R=0;Start=0;X Axis=0;Y Axis=0;Z=0"
3689,1167,0,111,"","A=0;A Down=0;A Left=0;A Right=0;A Up=0;B=0;C Down=0;C Left=0;C Right=0;C Up=0;DPad D=0;DPad L=0;DPad R=0;DPad U=0;L=0;R=0;Start=0;X Axis=0;Y Axis=0;Z=0"
3690,1168,0,111,"","A=0;A Down=0;A Left=0;A Right=0;A Up=0;B=0;C Down=0;C Left=0;C Right=0;C Up=0;DPad D=0;DPad L=0;DPad R=0;DPad U=0;L=0;R=0;Start=0;X Axis=0;Y Axis=0;Z=0"
3691,1169,0,111,"","A=0;A Down=0;A Left=0;A Right=0;A Up=0;B=0;C Down=0;C Left=0;C Right=0;C Up=0;DPad D=0;DPad L=0;DPad R=0;DPad U=0;L=0;R=0;Start=0;X Axis=0;Y Axis=0;Z=0"
3692,1170,0,111,"","A=0;A Down=0;A Left=0;A Right=0;A Up=0;B=0;C Down=0;C Left=0;C Right=0;C Up=0;DPad D=0;DPad L=0;DPad R=0;DPad U=0;L=0;R=0;Start=0;X Axis=0;Y Axis=0;Z=0"
3693,1171,0,111,"","A=0;A Down=0;A Left=0;A Right=0;A Up=0;B=0;C Down=0;C Left=0;C Right=0;C Up=0;DPad D=0;DPad L=0;DPad R=0;DPad U=0;L=0;R=0;Start=0;X Axis=0;Y Axis=0;Z=0"
3694,1172,0,111,"","A=0;A Down=0;A Left=0;A Right=0;A Up=0;B=0;C Down=0;C Left=0;C Right=0;C Up=0;DPad D=0;DPad L=0;DPad R=0;DPad U=0;L=0;R=0;Start=0;X Axis=0;Y Axis=0;Z=0"
3695,1173,0,111,"","A=0;A Down=0;A Left=0;A Right=0;A Up=0;B=0;C Down=0;C Left=0;C Right=0;C Up=0;DPad D=0;DPad L=0;DPad R=0;DPad U=0;L=0;R=0;Start=0;X Axis=0;Y Axis=0;Z=0"
3696,1174,0,111,"","A=0;A Down=0;A Left=0;A Right=0;A Up=0;B=0;C Down=0;C Left=0;C Right=0;C Up=0;DPad D=0;DPad L=0;DPad R=0;DPad U=0;L=0;R=0;Start=0;X Axis=0;Y Axis=0;Z=0"
3697,1175,0,111,"","A=0;A Down=0;A Left=0;A Right=0;A Up=0;B=0;C Down=0;C Left=0;C Right=0;C Up=0;DPad D=0;DPad L=0;DPad R=0;DPad U=0;L=0;R=0;Start=0;X Axis=0;Y Axis=0;Z=0"
3698,1176,0,111,"","A=0;A Down=0;A Left=0;A Right=0;A Up=0;B=0;C Down=0;C Left=0;C Right=0;C Up=0;DPad D=0;DPad L=0;DPad R=0;DPad U=0;L=0;R=0;Start=0;X Axis=0;Y Axis=0;Z=0"
3699,1177,0,111,"","A=0;A Down=0;A Left=0;A Right=0;A Up=0;B=0;C Down=0;C Left=0;C Right=0;C Up=0;DPad D=0;DPad L=0;DPad R=0;DPad U=0;L=0;R=0;Start=0;X Axis=0;Y Axis=0;Z=0"
3700,1178,0,111,"","A=0;A Down=0;A Left=0;A Right=0;A Up=0;B=0;C Down=0;C Left=0;C Right=0;C Up=0;DPad D=0;DPad L=0;DPad R=0;DPad U=0;L=0;R=0;Start=0;X Axis=0;Y Axis=0;Z=0"
3701,1179,0,111,"","A=0;A Down=0;A Left=0;A Right=0;A Up=0;B=0;C Down=0;C Left=0;C Right=0;C Up=0;DPad D=0;DPad L=0;DPad R=0;DPad U=0;L=0;R=0;Start=0;X Axis=0;Y Axis=0;Z=0"
3702,1180,0,111,"","A=0;A Down=0;A Left=0;A Right=0;A Up=0;B=0;C Down=0;C Left=0;C Right=0;C Up=0;DPad D=0;DPad L=0;DPad R=0;DPad U=0;L=0;R=0;Start=0;X Axis=0;Y Axis=0;Z=0"
3703,1181,0,111,"","A=0;A Down=0;A Left=0;A Right=0;A Up=0;B=0;C Down=0;C Left=0;C Right=0;C Up=0;DPad D=0;DPad L=0;DPad R=0;DPad U=0;L=0;R=0;Start=0;X Axis=0;Y Axis=0;Z=0"
3704,1182,0,111,"","A=0;A Down=0;A Left=0;A Right=0;A Up=0;B=0;C Down=0;C Left=0;C Right=0;C Up=0;DPad D=0;DPad L=0;DPad R=0;DPad U=0;L=0;R=0;Start=0;X Axis=0;Y Axis=0;Z=0"
3705,1183,0,111,"","A=0;A Down=0;A Left=0;A Right=0;A Up=0;B=0;C Down=0;C Left=0;C Right=0;C Up=0;DPad D=0;DPad L=0;DPad R=0;DPad U=0;L=0;R=0;Start=0;X Axis=0;Y Axis=0;Z=0"
3706,1184,0,111,"","A=0;A Down=0;A Left=0;A Right=0;A Up=0;B=0;C Down=0;C Left=0;C Right=0;C Up=0;DPad D=0;DPad L=0;DPad R=0;DPad U=0;L=0;R=0;Start=0;X Axis=0;Y Axis=0;Z=0"
3707,1185,0,111,"","A=0;A Down=0;A Left=0;A Right=0;A Up=0;B=0;C Down=0;C Left=0;C Right=0;C Up=0;DPad D=0;DPad L=0;DPad R=0;DPad U=0;L=0;R=0;Start=0;X Axis=0;Y Axis=0;Z=0"
3708,1186,0,111,"","A=0;A Down=0;A Left=0;A Right=0;A Up=0;B=0;C Down=0;C Left=0;C Right=0;C Up=0;DPad D=0;DPad L=0;DPad R=0;DPad U=0;L=0;R=0;Start=0;X Axis=0;Y Axis=0;Z=0"
3709,1187,0,111,"","A=0;A Down=0;A Left=0;A Right=0;A Up=0;B=0;C Down=0;C Left=0;C Right=0;C Up=0;DPad D=0;DPad L=0;DPad R=0;DPad U=0;L=0;R=0;Start=0;X Axis=0;Y Axis=0;Z=0"
3710,1188,0,111,"","A=0;A Down=0;A Left=0;A Right=0;A Up=0;B=0;C Down=0;C Left=0;C Right=0;C Up=0;DPad D=0;DPad L=0;DPad R=0;DPad U=0;L=0;R=0;Start=0;X Axis=0;Y Axis=0;Z=0"
3711,1189,0,111,"","A=0;A Down=0;A Left=0;A Right=0;A Up=0;B=0;C Down=0;C Left=0;C Right=0;C Up=0;DPad D=0;DPad L=0;DPad R=0;DPad U=0;L=0;R=0;Start=0;X Axis=0;Y Axis=0;Z=0"
3712,1190,0,111,"","A=0;A Down=0;A Left=0;A Right=0;A Up=0;B=0;C Down=0;C Left=0;C Right=0;C Up=0;DPad D=0;DPad L=0;DPad R=0;DPad U=0;L=0;R=0;Start=0;X Axis=0;Y Axis=0;Z=0"
3713,1191,0,111,"","A=0;A Down=0;A Left=0;A Right=0;A Up=0;B=0;C Down=0;C Left=0;C Right=0;C Up=0;DPad D=0;DPad L=0;DPad R=0;DPad U=0;L=0;R=0;Start=0;X Axis=0;Y Axis=0;Z=0"
3714,1192,0,111,"","A=0;A Down=0;A Left=0;A Right=0;A Up=0;B=0;C Down=0;C Left=0;C Right=0;C Up=0;DPad D=0;DPad L=0;DPad R=0;DPad U=0;L=0;R=0;Start=0;X Axis=0;Y Axis=0;Z=0"
3715,1193,0,111,"","A=0;A Down=0;A Left=0;A Right=0;A Up=0;B=0;C Down=0;C Left=0;C Right=0;C Up=0;DPad D=0;DPad L=0;DPad R=0;DPad U=0;L=0;R=0;Start=0;X Axis=0;Y Axis=0;Z=0"
3716,1194,0,111,"","A=0;A Down=0;A Left=0;A Right=0;A Up=0;B=0;C Down=0;C Left=0;C Right=0;C Up=0;DPad D=0;DPad L=0;DPad R=0;DPad U=0;L=0;R=0;Start=0;X Axis=0;Y Axis=0;Z=0"
3717,1195,0,111,"","A=0;A Down=0;A Left=0;A Right=0;A Up=0;B=0;C Down=0;C Left=0;C Right=0;C Up=0;DPad D=0;DPad L=0;DPad R=0;DPad U=0;L=0;R=0;Start=0;X Axis=0;Y Axis=0;Z=0"
3718,1196,0,111,"","A=0;A Down=0;A Left=0;A Right=0;A Up=0;B=0;C Down=0;C Left=0;C Right=0;C Up=0;DPad D=0;DPad L=0;DPad R=0;DPad U=0;L=0;R=0;Start=0;X Axis=0;Y Axis=0;Z=0"
3719,1197,0,111,"","A=0;A Down=0;A Left=0;A Right=0;A Up=0;B=0;C Down=0;C Left=0;C Right=0;C Up=0;DPad D=0;DPad L=0;DPad R=0;DPad U=0;L=0;R=0;Start=0;X Axis=0;Y Axis=0;Z=0"
3720,1198,0,111,"","A=0;A Down=0;A Left=0;A Right=0;A Up=0;B=0;C Down=0;C Left=0;C Right=0;C Up=0;DPad D=0;DPad L=0;DPad R=0;DPad U=0;L=0;R=0;Start=0;X Axis=0;Y Axis=0;Z=0"
3721,1199,0,111,"","A=0;A Down=0;A Left=0;A Right=0;A Up=0;B=0;C Down=0;C Left=0;C Right=0;C Up=0;DPad D=0;DPad L=0;DPad R=0;DPad U=0;L=0;R=0;Start=0;X Axis=0;Y Axis=0;Z=0"
3722,1200,0,111,"","A=0;A Down=0;A Left=0;A Right=0;A Up=0;B=0;C Down=0;C Left=0;C Right=0;C Up=0;DPad D=0;DPad L=0;DPad R=0;DPad U=0;L=0;R=0;Start=0;X Axis=0;Y Axis=0;Z=0"
3723,1201,0,111,"","A=0;A Down=0;A Left=0;A Right=0;A Up=0;B=0;C Down=0;C Left=0;C Right=0;C Up=0;DPad D=0;DPad L=0;DPad R=0;DPad U=0;L=0;R=0;Start=0;X Axis=0;Y Axis=0;Z=0"
3724,1202,0,111,"","A=0;A Down=0;A Left=0;A Right=0;A Up=0;B=0;C Down=0;C Left=0;C Right=0;C Up=0;DPad D=0;DPad L=0;DPad R=0;DPad U=0;L=0;R=0;Start=0;X Axis=0;Y Axis=0;Z=0"
3725,1203,0,111,"","A=0;A Down=0;A Left=0;A Right=0;A Up=0;B=0;C Down=0;C Left=0;C Right=0;C Up=0;DPad D=0;DPad L=0;DPad R=0;DPad U=0;L=0;R=0;Start=0;X Axis=0;Y Axis=0;Z=0"
3726,1204,0,111,"","A=0;A Down=0;A Left=0;A Right=0;A Up=0;B=0;C Down=0;C Left=0;C Right=0;C Up=0;DPad D=0;DPad L=0;DPad R=0;DPad U=0;L=0;R=0;Start=0;X Axis=0;Y Axis=0;Z=0"
3727,1205,0,111,"","A=0;A Down=0;A Left=0;A Right=0;A Up=0;B=0;C Down=0;C Left=0;C Right=0;C Up=0;DPad D=0;DPad L=0;DPad R=0;DPad U=0;L=0;R=0;Start=0;X Axis=0;Y Axis=0;Z=0"
3728,1206,0,111,"","A=0;A Down=0;A Left=0;A Right=0;A Up=0;B=0;C Down=0;C Left=0;C Right=0;C Up=0;DPad D=0;DPad L=0;DPad R=0;DPad U=0;L=0;R=0;Start=0;X Axis=0;Y Axis=0;Z=0"
3729,1207,0,111,"","A=0;A Down=0;A Left=0;A Right=0;A Up=0;B=0;C Down=0;C Left=0;C Right=0;C Up=0;DPad D=0;DPad L=0;DPad R=0;DPad U=0;L=0;R=0;Start=0;X Axis=0;Y Axis=0;Z=0"
3730,1208,0,111,"","A=0;A Down=0;A Left=0;A Right=0;A Up=0;B=0;C Down=0;C Left=0;C Right=0;C Up=0;DPad D=0;DPad L=0;DPad R=0;DPad U=0;L=0;R=0;Start=0;X Axis=0;Y Axis=0;Z=0"
3731,1209,0,111,"","A=0;A Down=0;A Left=0;A Right=0;A Up=0;B=0;C Down=0;C Left=0;C Right=0;C Up=0;DPad D=0;DPad L=0;DPad R=0;DPad U=0;L=0;R=0;Start=0;X Axis=0;Y Axis=0;Z=0"
3732,1210,0,111,"","A=0;A Down=0;A Left=0;A Right=0;A Up=0;B=0;C Down=0;C Left=0;C Right=0;C Up=0;DPad D=0;DPad L=0;DPad R=0;DPad U=0;L=0;R=0;Start=0;X Axis=0;Y Axis=0;Z=0"
3733,1211,0,111,"","A=0;A Down=0;A Left=0;A Right=0;A Up=0;B=0;C Down=0;C Left=0;C Right=0;C Up=0;DPad D=0;DPad L=0;DPad R=0;DPad U=0;L=0;R=0;Start=0;X Axis=0;Y Axis=0;Z=0"
3734,1212,0,111,"","A=0;A Down=0;A Left=0;A Right=0;A Up=0;B=0;C Down=0;C Left=0;C Right=0;C Up=0;DPad D=0;DPad L=0;DPad R=0;DPad U=0;L=0;R=0;Start=0;X Axis=0;Y Axis=0;Z=0"
3735,1213,0,111,"","A=0;A Down=0;A Left=0;A Right=0;A Up=0;B=0;C Down=0;C Left=0;C Right=0;C Up=0;DPad D=0;DPad L=0;DPad R=0;DPad U=0;L=0;R=0;Start=0;X Axis=0;Y Axis=0;Z=0"
3736,1214,0,111,"","A=0;A Down=0;A Left=0;A Right=0;A Up=0;B=0;C Down=0;C Left=0;C Right=0;C Up=0;DPad D=0;DPad L=0;DPad R=0;DPad U=0;L=0;R=0;Start=0;X Axis=0;Y Axis=0;Z=0"
3737,1215,0,111,"","A=0;A Down=0;A Left=0;A Right=0;A Up=0;B=0;C Down=0;C Left=0;C Right=0;C Up=0;DPad D=0;DPad L=0;DPad R=0;DPad U=0;L=0;R=0;Start=0;X Axis=0;Y Axis=0;Z=0"
3738,1216,0,111,"","A=0;A Down=0;A Left=0;A Right=0;A Up=0;B=0;C Down=0;C Left=0;C Right=0;C Up=0;DPad D=0;DPad L=0;DPad R=0;DPad U=0;L=0;R=0;Start=0;X Axis=0;Y Axis=0;Z=0"
3739,1217,0,111,"","A=0;A Down=0;A Left=0;A Right=0;A Up=0;B=0;C Down=0;C Left=0;C Right=0;C Up=0;DPad D=0;DPad L=0;DPad R=0;DPad U=0;L=0;R=0;Start=0;X Axis=0;Y Axis=0;Z=0"
3740,1218,0,111,"","A=0;A Down=0;A Left=0;A Right=0;A Up=0;B=0;C Down=0;C Left=0;C Right=0;C Up=0;DPad D=0;DPad L=0;DPad R=0;DPad U=0;L=0;R=0;Start=0;X Axis=0;Y Axis=0;Z=0"
3741,1219,0,111,"","A=0;A Down=0;A Left=0;A Right=0;A Up=0;B=0;C Down=0;C Left=0;C Right=0;C Up=0;DPad D=0;DPad L=0;DPad R=0;DPad U=0;L=0;R=0;Start=0;X Axis=0;Y Axis=0;Z=0"
3742,1220,0,111,"","A=0;A Down=0;A Left=0;A Right=0;A Up=0;B=0;C Down=0;C Left=0;C Right=0;C Up=0;DPad D=0;DPad L=0;DPad R=0;DPad U=0;L=0;R=0;Start=0;X Axis=0;Y Axis=0;Z=0"
3743,1221,0,111,"","A=0;A Down=0;A Left=0;A Right=0;A Up=0;B=0;C Down=0;C Left=0;C Right=0;C Up=0;DPad D=0;DPad L=0;DPad R=0;DPad U=0;L=0;R=0;Start=0;X Axis=0;Y Axis=0;Z=0"
3744,1222,0,111,"","A=0;A Down=0;A Left=0;A Right=0;A Up=0;B=0;C Down=0;C Left=0;C Right=0;C Up=0;DPad D=0;DPad L=0;DPad R=0;DPad U=0;L=0;R=0;Start=0;X Axis=0;Y Axis=0;Z=0"
3745,1223,0,111,"","A=0;A Down=0;A Left=0;A Right=0;A Up=0;B=0;C Down=0;C Left=0;C Right=0;C Up=0;DPad D=0;DPad L=0;DPad R=0;DPad U=0;L=0;R=0;Start=0;X Axis=0;Y Axis=0;Z=0"
3746,1224,0,111,"","A=0;A Down=0;A Left=0;A Right=0;A Up=0;B=0;C Down=0;C Left=0;C Right=0;C Up=0;DPad D=0;DPad L=0;DPad R=0;DPad U=0;L=0;R=0;Start=0;X Axis=0;Y Axis=0;Z=0"
3747,1225,0,111,"","A=0;A Down=0;A Left=0;A Right=0;A Up=0;B=0;C Down=0;C Left=0;C Right=0;C Up=0;DPad D=0;DPad L=0;DPad R=0;DPad U=0;L=0;R=0;Start=0;X Axis=0;Y Axis=0;Z=0"
3748,1226,0,111,"","A=0;A Down=0;A Left=0;A Right=0;A Up=0;B=0;C Down=0;C Left=0;C Right=0;C Up=0;DPad D=0;DPad L=0;DPad R=0;DPad U=0;L=0;R=0;Start=0;X Axis=0;Y Axis=0;Z=0"
3749,1227,0,111,"","A=0;A Down=0;A Left=0;A Right=0;A Up=0;B=0;C Down=0;C Left=0;C Right=0;C Up=0;DPad D=0;DPad L=0;DPad R=0;DPad U=0;L=0;R=0;Start=0;X Axis=0;Y Axis=0;Z=0"
3750,1228,0,111,"","A=0;A Down=0;A Left=0;A Right=0;A Up=0;B=0;C Down=0;C Left=0;C Right=0;C Up=0;DPad D=0;DPad L=0;DPad R=0;DPad U=0;L=0;R=0;Start=0;X Axis=0;Y Axis=0;Z=0"
3751,1229,0,111,"","A=0;A Down=0;A Left=0;A Right=0;A Up=0;B=0;C Down=0;C Left=0;C Right=0;C Up=0;DPad D=0;DPad L=0;DPad R=0;DPad U=0;L=0;R=0;Start=0;X Axis=0;Y Axis=0;Z=0"
3752,1230,0,111,"","A=0;A Down=0;A Left=0;A Right=0;A Up=0;B=0;C Down=0;C Left=0;C Right=0;C Up=0;DPad D=0;DPad L=0;DPad R=0;DPad U=0;L=0;R=0;Start=0;X Axis=0;Y Axis=0;Z=0"
3753,1231,0,111,"","A=0;A Down=0;A Left=0;A Right=0;A Up=0;B=0;C Down=0;C Left=0;C Right=0;C Up=0;DPad D=0;DPad L=0;DPad R=0;DPad U=0;L=0;R=0;Start=0;X Axis=0;Y Axis=0;Z=0"
3754,1232,0,111,"","A=0;A Down=0;A Left=0;A Right=0;A Up=0;B=0;C Down=0;C Left=0;C Right=0;C Up=0;DPad D=0;DPad L=0;DPad R=0;DPad U=0;L=0;R=0;Start=0;X Axis=0;Y Axis=0;Z=0"
3755,1233,0,111,"","A=0;A Down=0;A Left=0;A Right=0;A Up=0;B=0;C Down=0;C Left=0;C Right=0;C Up=0;DPad D=0;DPad L=0;DPad R=0;DPad U=0;L=0;R=0;Start=0;X Axis=0;Y Axis=0;Z=0"
3756,1234,0,111,"","A=0;A Down=0;A Left=0;A Right=0;A Up=0;B=0;C Down=0;C Left=0;C Right=0;C Up=0;DPad D=0;DPad L=0;DPad R=0;DPad U=0;L=0;R=0;Start=0;X Axis=0;Y Axis=0;Z=0"
3757,1235,0,111,"","A=0;A Down=0;A Left=0;A Right=0;A Up=0;B=0;C Down=0;C Left=0;C Right=0;C Up=0;DPad D=0;DPad L=0;DPad R=0;DPad U=0;L=0;R=0;Start=0;X Axis=0;Y Axis=0;Z=0"
3758,1236,0,111,"","A=0;A Down=0;A Left=0;A Right=0;A Up=0;B=0;C Down=0;C Left=0;C Right=0;C Up=0;DPad D=0;DPad L=0;DPad R=0;DPad U=0;L=0;R=0;Start=0;X Axis=0;Y Axis=0;Z=0"
3759,1237,0,111,"","A=0;A Down=0;A Left=0;A Right=0;A Up=0;B=0;C Down=0;C Left=0;C Right=0;C Up=0;DPad D=0;DPad L=0;DPad R=0;DPad U=0;L=0;R=0;Start=0;X Axis=0;Y Axis=0;Z=0"
3760,1238,0,111,"","A=0;A Down=0;A Left=0;A Right=0;A Up=0;B=0;C Down=0;C Left=0;C Right=0;C Up=0;DPad D=0;DPad L=0;DPad R=0;DPad U=0;L=0;R=0;Start=0;X Axis=0;Y Axis=0;Z=0"
3761,1239,0,111,"","A=0;A Down=0;A Left=0;A Right=0;A Up=0;B=0;C Down=0;C Left=0;C Right=0;C Up=0;DPad D=0;DPad L=0;DPad R=0;DPad U=0;L=0;R=0;Start=0;X Axis=0;Y Axis=0;Z=0"
3762,1240,0,111,"","A=0;A Down=0;A Left=0;A Right=0;A Up=0;B=0;C Down=0;C Left=0;C Right=0;C Up=0;DPad D=0;DPad L=0;DPad R=0;DPad U=0;L=0;R=0;Start=0;X Axis=0;Y Axis=0;Z=0"
3763,1241,0,111,"","A=0;A Down=0;A Left=0;A Right=0;A Up=0;B=0;C Down=0;C Left=0;C Right=0;C Up=0;DPad D=0;DPad L=0;DPad R=0;DPad U=0;L=0;R=0;Start=0;X Axis=0;Y Axis=0;Z=0"
3764,1242,0,111,"","A=0;A Down=0;A Left=0;A Right=0;A Up=0;B=0;C Down=0;C Left=0;C Right=0;C Up=0;DPad D=0;DPad L=0;DPad R=0;DPad U=0;L=0;R=0;Start=0;X Axis=0;Y Axis=0;Z=0"
3765,1243,0,111,"","A=0;A Down=0;A Left=0;A Right=0;A Up=0;B=0;C Down=0;C Left=0;C Right=0;C Up=0;DPad D=0;DPad L=0;DPad R=0;DPad U=0;L=0;R=0;Start=0;X Axis=0;Y Axis=0;Z=0"
3766,1244,0,111,"","A=0;A Down=0;A Left=0;A Right=0;A Up=0;B=0;C Down=0;C Left=0;C Right=0;C Up=0;DPad D=0;DPad L=0;DPad R=0;DPad U=0;L=0;R=0;Start=0;X Axis=0;Y Axis=0;Z=0"
3767,1245,0,111,"","A=0;A Down=0;A Left=0;A Right=0;A Up=0;B=0;C Down=0;C Left=0;C Right=0;C Up=0;DPad D=0;DPad L=0;DPad R=0;DPad U=0;L=0;R=0;Start=0;X Axis=0;Y Axis=0;Z=0"
3768,1246,0,111,"","A=0;A Down=0;A Left=0;A Right=0;A Up=0;B=0;C Down=0;C Left=0;C Right=0;C Up=0;DPad D=0;DPad L=0;DPad R=0;DPad U=0;L=0;R=0;Start=0;X Axis=0;Y Axis=0;Z=0"
3769,1247,0,111,"","A=0;A Down=0;A Left=0;A Right=0;A Up=0;B=0;C Down=0;C Left=0;C Right=0;C Up=0;DPad D=0;DPad L=0;DPad R=0;DPad U=0;L=0;R=0;Start=0;X Axis=0;Y Axis=0;Z=0"
3770,1248,0,111,"","A=0;A Down=0;A Left=0;A Right=0;A Up=0;B=0;C Down=0;C Left=0;C Right=0;C Up=0;DPad D=0;DPad L=0;DPad R=0;DPad U=0;L=0;R=0;Start=0;X Axis=0;Y Axis=0;Z=0"
3771,1249,0,111,"","A=0;A Down=0;A Left=0;A Right=0;A Up=0;B=0;C Down=0;C Left=0;C Right=0;C Up=0;DPad D=0;DPad L=0;DPad R=0;DPad U=0;L=0;R=0;Start=0;X Axis=0;Y Axis=0;Z=0"
3772,1250,0,111,"","A=0;A Down=0;A Left=0;A Right=0;A Up=0;B=0;C Down=0;C Left=0;C Right=0;C Up=0;DPad D=0;DPad L=0;DPad R=0;DPad U=0;L=0;R=0;Start=0;X Axis=0;Y Axis=0;Z=0"
3773,1251,0,111,"","A=0;A Down=0;A Left=0;A Right=0;A Up=0;B=0;C Down=0;C Left=0;C Right=0;C Up=0;DPad D=0;DPad L=0;DPad R=0;DPad U=0;L=0;R=0;Start=0;X Axis=0;Y Axis=0;Z=0"
3774,1252,0,111,"","A=0;A Down=0;A Left=0;A Right=0;A Up=0;B=0;C Down=0;C Left=0;C Right=0;C Up=0;DPad D=0;DPad L=0;DPad R=0;DPad U=0;L=0;R=0;Start=0;X Axis=0;Y Axis=0;Z=0"
3775,1253,0,111,"","A=0;A Down=0;A Left=0;A Right=0;A Up=0;B=0;C Down=0;C Left=0;C Right=0;C Up=0;DPad D=0;DPad L=0;DPad R=0;DPad U=0;L=0;R=0;Start=0;X Axis=0;Y Axis=0;Z=0"
3776,1254,0,111,"","A=0;A Down=0;A Left=0;A Right=0;A Up=0;B=0;C Down=0;C Left=0;C Right=0;C Up=0;DPad D=0;DPad L=0;DPad R=0;DPad U=0;L=0;R=0;Start=0;X Axis=0;Y Axis=0;Z=0"
3777,1255,0,111,"","A=0;A Down=0;A Left=0;A Right=0;A Up=0;B=0;C Down=0;C Left=0;C Right=0;C Up=0;DPad D=0;DPad L=0;DPad R=0;DPad U=0;L=0;R=0;Start=0;X Axis=0;Y Axis=0;Z=0"
3778,1256,0,111,"","A=0;A Down=0;A Left=0;A Right=0;A Up=0;B=0;C Down=0;C Left=0;C Right=0;C Up=0;DPad D=0;DPad L=0;DPad R=0;DPad U=0;L=0;R=0;Start=0;X Axis=0;Y Axis=0;Z=0"
3779,1257,0,111,"","A=0;A Down=0;A Left=0;A Right=0;A Up=0;B=0;C Down=0;C Left=0;C Right=0;C Up=0;DPad D=0;DPad L=0;DPad R=0;DPad U=0;L=0;R=0;Start=0;X Axis=0;Y Axis=0;Z=0"
3780,1258,0,111,"","A=0;A Down=0;A Left=0;A Right=0;A Up=0;B=0;C Down=0;C Left=0;C Right=0;C Up=0;DPad D=0;DPad L=0;DPad R=0;DPad U=0;L=0;R=0;Start=0;X Axis=0;Y Axis=0;Z=0"
3781,1259,0,111,"","A=0;A Down=0;A Left=0;A Right=0;A Up=0;B=0;C Down=0;C Left=0;C Right=0;C Up=0;DPad D=0;DPad L=0;DPad R=0;DPad U=0;L=0;R=0;Start=0;X Axis=0;Y Axis=0;Z=0"
3782,1260,0,111,"","A=0;A Down=0;A Left=0;A Right=0;A Up=0;B=0;C Down=0;C Left=0;C Right=0;C Up=0;DPad D=0;DPad L=0;DPad R=0;DPad U=0;L=0;R=0;Start=0;X Axis=0;Y Axis=0;Z=0"
3783,1261,0,111,"","A=0;A Down=0;A Left=0;A Right=0;A Up=0;B=0;C Down=0;C Left=0;C Right=0;C Up=0;DPad D=0;DPad L=0;DPad R=0;DPad U=0;L=0;R=0;Start=0;X Axis=0;Y Axis=0;Z=0"
3784,1262,0,111,"","A=0;A Down=0;A Left=0;A Right=0;A Up=0;B=0;C Down=0;C Left=0;C Right=0;C Up=0;DPad D=0;DPad L=0;DPad R=0;DPad U=0;L=0;R=0;Start=0;X Axis=0;Y Axis=0;Z=0"
3785,1263,0,111,"","A=0;A Down=0;A Left=0;A Right=0;A Up=0;B=0;C Down=0;C Left=0;C Right=0;C Up=0;DPad D=0;DPad L=0;DPad R=0;DPad U=0;L=0;R=0;Start=0;X Axis=0;Y Axis=0;Z=0"
3786,1264,0,111,"","A=0;A Down=0;A Left=0;A Right=0;A Up=0;B=0;C Down=0;C Left=0;C Right=0;C Up=0;DPad D=0;DPad L=0;DPad R=0;DPad U=0;L=0;R=0;Start=0;X Axis=0;Y Axis=0;Z=0"
3787,1265,0,111,"","A=0;A Down=0;A Left=0;A Right=0;A Up=0;B=0;C Down=0;C Left=0;C Right=0;C Up=0;DPad D=0;DPad L=0;DPad R=0;DPad U=0;L=0;R=0;Start=0;X Axis=0;Y Axis=0;Z=0"
3788,1266,0,111,"","A=0;A Down=0;A Left=0;A Right=0;A Up=0;B=0;C Down=0;C Left=0;C Right=0;C Up=0;DPad D=0;DPad L=0;DPad R=0;DPad U=0;L=0;R=0;Start=0;X Axis=0;Y Axis=0;Z=0"
3789,1267,0,111,"","A=0;A Down=0;A Left=0;A Right=0;A Up=0;B=0;C Down=0;C Left=0;C Right=0;C Up=0;DPad D=0;DPad L=0;DPad R=0;DPad U=0;L=0;R=0;Start=0;X Axis=0;Y Axis=0;Z=0"
3790,1268,0,111,"","A=0;A Down=0;A Left=0;A Right=0;A Up=0;B=0;C Down=0;C Left=0;C Right=0;C Up=0;DPad D=0;DPad L=0;DPad R=0;DPad U=0;L=0;R=0;Start=0;X Axis=0;Y Axis=0;Z=0"
3791,1269,0,111,"","A=0;A Down=0;A Left=0;A Right=0;A Up=0;B=0;C Down=0;C Left=0;C Right=0;C Up=0;DPad D=0;DPad L=0;DPad R=0;DPad U=0;L=0;R=0;Start=0;X Axis=0;Y Axis=0;Z=0"
3792,1270,0,111,"","A=0;A Down=0;A Left=0;A Right=0;A Up=0;B=0;C Down=0;C Left=0;C Right=0;C Up=0;DPad D=0;DPad L=0;DPad R=0;DPad U=0;L=0;R=0;Start=0;X Axis=0;Y Axis=0;Z=0"
3793,1271,0,111,"","A=0;A Down=0;A Left=0;A Right=0;A Up=0;B=0;C Down=0;C Left=0;C Right=0;C Up=0;DPad D=0;DPad L=0;DPad R=0;DPad U=0;L=0;R=0;Start=0;X Axis=0;Y Axis=0;Z=0"
3794,1272,0,111,"","A=0;A Down=0;A Left=0;A Right=0;A Up=0;B=0;C Down=0;C Left=0;C Right=0;C Up=0;DPad D=0;DPad L=0;DPad R=0;DPad U=0;L=0;R=0;Start=0;X Axis=0;Y Axis=0;Z=0"
3795,1273,0,111,"","A=0;A Down=0;A Left=0;A Right=0;A Up=0;B=0;C Down=0;C Left=0;C Right=0;C Up=0;DPad D=0;DPad L=0;DPad R=0;DPad U=0;L=0;R=0;Start=0;X Axis=0;Y Axis=0;Z=0"
3796,1274,0,111,"SOLDIER_DEAD","A=0;A Down=0;A Left=0;A Right=0;A Up=0;B=0;C Down=0;C Left=0;C Right=0;C Up=0;DPad D=0;DPad L=0;DPad R=0;DPad U=0;L=0;R=0;Start=0;X Axis=0;Y Axis=0;Z=0"
3797,1275,0,111,"","A=0;A Down=0;A Left=0;A Right=0;A Up=0;B=0;C Down=0;C Left=0;C Right=0;C Up=0;DPad D=0;DPad L=0;DPad R=0;DPad U=0;L=0;R=0;Start=0;X Axis=0;Y Axis=0;Z=0"
3798,1276,0,111,"","A=0;A Down=0;A Left=0;A Right=0;A Up=0;B=0;C Down=0;C Left=0;C Right=0;C Up=0;DPad D=0;DPad L=0;DPad R=0;DPad U=0;L=0;R=0;Start=0;X Axis=0;Y Axis=0;Z=0"
3799,1277,0,111,"","A=0;A Down=0;A Left=0;A Right=0;A Up=0;B=0;C Down=0;C Left=0;C Right=0;C Up=0;DPad D=0;DPad L=0;DPad R=0;DPad U=0;L=0;R=0;Start=0;X Axis=0;Y Axis=0;Z=0"
3800,1278,0,111,"","A=0;A Down=0;A Left=0;A Right=0;A Up=0;B=0;C Down=0;C Left=0;C Right=0;C Up=0;DPad D=0;DPad L=0;DPad R=0;DPad U=0;L=0;R=0;Start=0;X Axis=0;Y Axis=0;Z=0"
3801,1279,0,111,"","A=0;A Down=0;A Left=0;A Right=0;A Up=0;B=0;C Down=0;C Left=0;C Right=0;C Up=0;DPad D=0;DPad L=0;DPad R=0;DPad U=0;L=0;R=0;Start=0;X Axis=0;Y Axis=0;Z=0"
3802,1280,0,111,"","A=0;A Down=0;A Left=0;A Right=0;A Up=0;B=0;C Down=0;C Left=0;C Right=0;C Up=0;DPad D=0;DPad L=0;DPad R=0;DPad U=0;L=0;R=0;Start=0;X Axis=0;Y Axis=0;Z=0"
3803,1281,0,111,"","A=0;A Down=0;A Left=0;A Right=0;A Up=0;B=0;C Down=0;C Left=0;C Right=0;C Up=0;DPad D=0;DPad L=0;DPad R=0;DPad U=0;L=0;R=0;Start=0;X Axis=0;Y Axis=0;Z=0"
3804,1282,0,111,"","A=0;A Down=0;A Left=0;A Right=0;A Up=0;B=0;C Down=0;C Left=0;C Right=0;C Up=0;DPad D=0;DPad L=0;DPad R=0;DPad U=0;L=0;R=0;Start=0;X Axis=0;Y Axis=0;Z=0"
3805,1283,0,111,"","A=0;A Down=0;A Left=0;A Right=0;A Up=0;B=0;C Down=0;C Left=0;C Right=0;C Up=0;DPad D=0;DPad L=0;DPad R=0;DPad U=0;L=0;R=0;Start=0;X Axis=0;Y Axis=0;Z=0"
3806,1284,0,111,"","A=0;A Down=0;A Left=0;A Right=0;A Up=0;B=0;C Down=0;C Left=0;C Right=0;C Up=0;DPad D=0;DPad L=0;DPad R=0;DPad U=0;L=0;R=0;Start=0;X Axis=0;Y Axis=0;Z=0"
3807,1285,0,111,"","A=0;A Down=0;A Left=0;A Right=0;A Up=0;B=0;C Down=0;C Left=0;C Right=0;C Up=0;DPad D=0;DPad L=0;DPad R=0;DPad U=0;L=0;R=0;Start=0;X Axis=0;Y Axis=0;Z=0"
3808,1286,0,111,"","A=0;A Down=0;A Left=0;A Right=0;A Up=0;B=0;C Down=0;C Left=0;C Right=0;C Up=0;DPad D=0;DPad L=0;DPad R=0;DPad U=0;L=0;R=0;Start=0;X Axis=0;Y Axis=0;Z=0"
3809,1287,0,111,"","A=0;A Down=0;A Left=0;A Right=0;A Up=0;B=0;C Down=0;C Left=0;C Right=0;C Up=0;DPad D=0;DPad L=0;DPad R=0;DPad U=0;L=0;R=0;Start=0;X Axis=0;Y Axis=0;Z=0"
3810,1288,0,111,"","A=0;A Down=0;A Left=0;A Right=0;A Up=0;B=0;C Down=0;C Left=0;C Right=0;C Up=0;DPad D=0;DPad L=0;DPad R=0;DPad U=0;L=0;R=0;Start=0;X Axis=0;Y Axis=0;Z=0"
3811,1289,0,111,"","A=0;A Down=0;A Left=0;A Right=0;A Up=0;B=0;C Down=0;C Left=0;C Right=0;C Up=0;DPad D=0;DPad L=0;DPad R=0;DPad U=0;L=0;R=0;Start=0;X Axis=0;Y Axis=0;Z=0"
3812,1290,0,111,"","A=0;A Down=0;A Left=0;A Right=0;A Up=0;B=0;C Down=0;C Left=0;C Right=0;C Up=0;DPad D=0;DPad L=0;DPad R=0;DPad U=0;L=0;R=0;Start=0;X Axis=0;Y Axis=0;Z=0"
3813,1291,0,111,"","A=0;A Down=0;A Left=0;A Right=0;A Up=0;B=0;C Down=0;C Left=0;C Right=0;C Up=0;DPad D=0;DPad L=0;DPad R=0;DPad U=0;L=0;R=0;Start=0;X Axis=0;Y Axis=0;Z=0"
3814,1292,0,111,"","A=0;A Down=0;A Left=0;A Right=0;A Up=0;B=0;C Down=0;C Left=0;C Right=0;C Up=0;DPad D=0;DPad L=0;DPad R=0;DPad U=0;L=0;R=0;Start=0;X Axis=0;Y Axis=0;Z=0"
3815,1293,0,111,"","A=0;A Down=0;A Left=0;A Right=0;A Up=0;B=0;C Down=0;C Left=0;C Right=0;C Up=0;DPad D=0;DPad L=0;DPad R=0;DPad U=0;L=0;R=0;Start=0;X Axis=0;Y Axis=0;Z=0"
3816,1294,0,111,"","A=0;A Down=0;A Left=0;A Right=0;A Up=0;B=0;C Down=0;C Left=0;C Right=0;C Up=0;DPad D=0;DPad L=0;DPad R=0;DPad U=0;L=0;R=0;Start=0;X Axis=0;Y Axis=0;Z=0"
3817,1295,0,111,"","A=0;A Down=0;A Left=0;A Right=0;A Up=0;B=0;C Down=0;C Left=0;C Right=0;C Up=0;DPad D=0;DPad L=0;DPad R=0;DPad U=0;L=0;R=0;Start=0;X Axis=0;Y Axis=0;Z=0"
3818,1296,0,111,"","A=0;A Down=0;A Left=0;A Right=0;A Up=0;B=0;C Down=0;C Left=0;C Right=0;C Up=0;DPad D=0;DPad L=0;DPad R=0;DPad U=0;L=0;R=0;Start=0;X Axis=0;Y Axis=0;Z=0"
3819,1297,0,111,"","A=0;A Down=0;A Left=0;A Right=0;A Up=0;B=0;C Down=0;C Left=0;C Right=0;C Up=0;DPad D=0;DPad L=0;DPad R=0;DPad U=0;L=0;R=0;Start=0;X Axis=0;Y Axis=0;Z=0"
3820,1298,0,111,"","A=0;A Down=0;A Left=0;A Right=0;A Up=0;B=0;C Down=0;C Left=0;C Right=0;C Up=0;DPad D=0;DPad L=0;DPad R=0;DPad U=0;L=0;R=0;Start=0;X Axis=0;Y Axis=0;Z=0"
3821,1299,0,111,"","A=0;A Down=0;A Left=0;A Right=0;A Up=0;B=0;C Down=0;C Left=0;C Right=0;C Up=0;DPad D=0;DPad L=0;DPad R=0;DPad U=0;L=0;R=0;Start=0;X Axis=0;Y Axis=0;Z=0"
3822,1300,0,111,"","A=0;A Down=0;A Left=0;A Right=0;A Up=0;B=0;C Down=0;C Left=0;C Right=0;C Up=0;DPad D=0;DPad L=0;DPad R=0;DPad U=0;L=0;R=0;Start=0;X Axis=0;Y Axis=0;Z=0"
3823,1301,0,111,"","A=0;A Down=0;A Left=0;A Right=0;A Up=0;B=0;C Down=0;C Left=0;C Right=0;C Up=0;DPad D=0;DPad L=0;DPad R=0;DPad U=0;L=0;R=0;Start=0;X Axis=0;Y Axis=0;Z=0"
3824,1302,0,111,"","A=0;A Down=0;A Left=0;A Right=0;A Up=0;B=0;C Down=0;C Left=0;C Right=0;C Up=0;DPad D=0;DPad L=0;DPad R=0;DPad U=0;L=0;R=0;Start=0;X Axis=0;Y Axis=0;Z=0"
3825,1303,0,111,"","A=0;A Down=0;A Left=0;A Right=0;A Up=0;B=0;C Down=0;C Left=0;C Right=0;C Up=0;DPad D=0;DPad L=0;DPad R=0;DPad U=0;L=0;R=0;Start=0;X Axis=0;Y Axis=0;Z=0"
3826,1304,0,111,"","A=0;A Down=0;A Left=0;A Right=0;A Up=0;B=0;C Down=0;C Left=0;C Right=0;C Up=0;DPad D=0;DPad L=0;DPad R=0;DPad U=0;L=0;R=0;Start=0;X Axis=0;Y Axis=0;Z=0"
3827,1305,0,111,"","A=0;A Down=0;A Left=0;A Right=0;A Up=0;B=0;C Down=0;C Left=0;C Right=0;C Up=0;DPad D=0;DPad L=0;DPad R=0;DPad U=0;L=0;R=0;Start=0;X Axis=0;Y Axis=0;Z=0"
3828,1306,0,111,"","A=0;A Down=0;A Left=0;A Right=0;A Up=0;B=0;C Down=0;C Left=0;C Right=0;C Up=0;DPad D=0;DPad L=0;DPad R=0;DPad U=0;L=0;R=0;Start=0;X Axis=0;Y Axis=0;Z=0"
3829,1307,0,111,"","A=0;A Down=0;A Left=0;A Right=0;A Up=0;B=0;C Down=0;C Left=0;C Right=0;C Up=0;DPad D=0;DPad L=0;DPad R=0;DPad U=0;L=0;R=0;Start=0;X Axis=0;Y Axis=0;Z=0"
3830,1308,0,111,"","A=0;A Down=0;A Left=0;A Right=0;A Up=0;B=0;C Down=0;C Left=0;C Right=0;C Up=0;DPad D=0;DPad L=0;DPad R=0;DPad U=0;L=0;R=0;Start=0;X Axis=0;Y Axis=0;Z=0"
3831,1309,0,111,"","A=0;A Down=0;A Left=0;A Right=0;A Up=0;B=0;C Down=0;C Left=0;C Right=0;C Up=0;DPad D=0;DPad L=0;DPad R=0;DPad U=0;L=0;R=0;Start=0;X Axis=0;Y Axis=0;Z=0"
3832,1310,0,111,"","A=0;A Down=0;A Left=0;A Right=0;A Up=0;B=0;C Down=0;C Left=0;C Right=0;C Up=0;DPad D=0;DPad L=0;DPad R=0;DPad U=0;L=0;R=0;Start=0;X Axis=0;Y Axis=0;Z=0"
3833,1311,0,111,"","A=0;A Down=0;A Left=0;A Right=0;A Up=0;B=0;C Down=0;C Left=0;C Right=0;C Up=0;DPad D=0;DPad L=0;DPad R=0;DPad U=0;L=0;R=0;Start=0;X Axis=0;Y Axis=0;Z=0"
3834,1312,0,111,"","A=0;A Down=0;A Left=0;A Right=0;A Up=0;B=0;C Down=0;C Left=0;C Right=0;C Up=0;DPad D=0;DPad L=0;DPad R=0;DPad U=0;L=0;R=0;Start=0;X Axis=0;Y Axis=0;Z=0"
3835,1313,0,111,"","A=0;A Down=0;A Left=0;A Right=0;A Up=0;B=0;C Down=0;C Left=0;C Right=0;C Up=0;DPad D=0;DPad L=0;DPad R=0;DPad U=0;L=0;R=0;Start=0;X Axis=0;Y Axis=0;Z=0"
3836,1314,0,111,"","A=0;A Down=0;A Left=0;A Right=0;A Up=0;B=0;C Down=0;C Left=0;C Right=0;C Up=0;DPad D=0;DPad L=0;DPad R=0;DPad U=0;L=0;R=0;Start=0;X Axis=0;Y Axis=0;Z=0"
3837,1315,0,111,"","A=0;A Down=0;A Left=0;A Right=0;A Up=0;B=0;C Down=0;C Left=0;C Right=0;C Up=0;DPad D=0;DPad L=0;DPad R=0;DPad U=0;L=0;R=0;Start=0;X Axis=0;Y Axis=0;Z=0"
3838,1316,0,111,"","A=0;A Down=0;A Left=0;A Right=0;A Up=0;B=0;C Down=0;C Left=0;C Right=0;C Up=0;DPad D=0;DPad L=0;DPad R=0;DPad U=0;L=0;R=0;Start=0;X Axis=0;Y Axis=0;Z=0"
3839,1317,0,111,"","A=0;A Down=0;A Left=0;A Right=0;A Up=0;B=0;C Down=0;C Left=0;C Right=0;C Up=0;DPad D=0;DPad L=0;DPad R=0;DPad U=0;L=0;R=0;Start=0;X Axis=0;Y Axis=0;Z=0"
3840,1318,0,111,"","A=0;A Down=0;A Left=0;A Right=0;A Up=0;B=0;C Down=0;C Left=0;C Right=0;C Up=0;DPad D=0;DPad L=0;DPad R=0;DPad U=0;L=0;R=0;Start=0;X Axis=0;Y Axis=0;Z=0"
3841,1319,0,111,"","A=0;A Down=0;A Left=0;A Right=0;A Up=0;B=0;C Down=0;C Left=0;C Right=0;C Up=0;DPad D=0;DPad L=0;DPad R=0;DPad U=0;L=0;R=0;Start=0;X Axis=0;Y Axis=0;Z=0"
3842,1320,0,111,"","A=0;A Down=0;A Left=0;A Right=0;A Up=0;B=0;C Down=0;C Left=0;C Right=0;C Up=0;DPad D=0;DPad L=0;DPad R=0;DPad U=0;L=0;R=0;Start=0;X Axis=0;Y Axis=0;Z=0"
3843,1321,0,111,"","A=0;A Down=0;A Left=0;A Right=0;A Up=0;B=0;C Down=0;C Left=0;C Right=0;C Up=0;DPad D=0;DPad L=0;DPad R=0;DPad U=0;L=0;R=0;Start=0;X Axis=0;Y Axis=0;Z=0"
3844,1322,0,111,"","A=0;A Down=0;A Left=0;A Right=0;A Up=0;B=0;C Down=0;C Left=0;C Right=0;C Up=0;DPad D=0;DPad L=0;DPad R=0;DPad U=0;L=0;R=0;Start=0;X Axis=0;Y Axis=0;Z=0"
3845,1323,0,111,"","A=0;A Down=0;A Left=0;A Right=0;A Up=0;B=0;C Down=0;C Left=0;C Right=0;C Up=0;DPad D=0;DPad L=0;DPad R=0;DPad U=0;L=0;R=0;Start=0;X Axis=0;Y Axis=0;Z=0"
3846,1324,0,111,"","A=0;A Down=0;A Left=0;A Right=0;A Up=0;B=0;C Down=0;C Left=0;C Right=0;C Up=0;DPad D=0;DPad L=0;DPad R=0;DPad U=0;L=0;R=0;Start=0;X Axis=0;Y Axis=0;Z=0"
3847,1325,0,111,"","A=0;A Down=0;A Left=0;A Right=0;A Up=0;B=0;C Down=0;C Left=0;C Right=0;C Up=0;DPad D=0;DPad L=0;DPad R=0;DPad U=0;L=0;R=0;Start=0;X Axis=0;Y Axis=0;Z=0"
3848,1326,0,111,"","A=0;A Down=0;A Left=0;A Right=0;A Up=0;B=0;C Down=0;C Left=0;C Right=0;C Up=0;DPad D=0;DPad L=0;DPad R=0;DPad U=0;L=0;R=0;Start=0;X Axis=0;Y Axis=0;Z=0"
3849,1327,0,111,"","A=0;A Down=0;A Left=0;A Right=0;A Up=0;B=0;C Down=0;C Left=0;C Right=0;C Up=0;DPad D=0;DPad L=0;DPad R=0;DPad U=0;L=0;R=0;Start=0;X Axis=0;Y Axis=0;Z=0"
3850,1328,0,111,"","A=0;A Down=0;A Left=0;A Right=0;A Up=0;B=0;C Down=0;C Left=0;C Right=0;C Up=0;DPad D=0;DPad L=0;DPad R=0;DPad U=0;L=0;R=0;Start=0;X Axis=0;Y Axis=0;Z=0"
3851,1329,0,111,"","A=0;A Down=0;A Left=0;A Right=0;A Up=0;B=0;C Down=0;C Left=0;C Right=0;C Up=0;DPad D=0;DPad L=0;DPad R=0;DPad U=0;L=0;R=0;Start=0;X Axis=0;Y Axis=0;Z=0"
3852,1330,0,111,"","A=0;A Down=0;A Left=0;A Right=0;A Up=0;B=0;C Down=0;C Left=0;C Right=0;C Up=0;DPad D=0;DPad L=0;DPad R=0;DPad U=0;L=0;R=0;Start=0;X Axis=0;Y Axis=0;Z=0"
3853,1331,0,111,"","A=0;A Down=0;A Left=0;A Right=0;A Up=0;B=0;C Down=0;C Left=0;C Right=0;C Up=0;DPad D=0;DPad L=0;DPad R=0;DPad U=0;L=0;R=0;Start=0;X Axis=0;Y Axis=0;Z=0"
3854,1332,0,111,"","A=0;A Down=0;A Left=0;A Right=0;A Up=0;B=0;C Down=0;C Left=0;C Right=0;C Up=0;DPad D=0;DPad L=0;DPad R=0;DPad U=0;L=0;R=0;Start=0;X Axis=0;Y Axis=0;Z=0"
3855,1333,0,111,"","A=0;A Down=0;A Left=0;A Right=0;A Up=0;B=0;C Down=0;C Left=0;C Right=0;C Up=0;DPad D=0;DPad L=0;DPad R=0;DPad U=0;L=0;R=0;Start=0;X Axis=0;Y Axis=0;Z=0"
3856,1334,0,111,"","A=0;A Down=0;A Left=0;A Right=0;A Up=0;B=0;C Down=0;C Left=0;C Right=0;C Up=0;DPad D=0;DPad L=0;DPad R=0;DPad U=0;L=0;R=0;Start=0;X Axis=0;Y Axis=0;Z=0"
3857,1335,0,111,"","A=0;A Down=0;A Left=0;A Right=0;A Up=0;B=0;C Down=0;C Left=0;C Right=0;C Up=0;DPad D=0;DPad L=0;DPad R=0;DPad U=0;L=0;R=0;Start=0;X Axis=0;Y Axis=0;Z=0"
3858,1336,0,111,"","A=0;A Down=0;A Left=0;A Right=0;A Up=0;B=0;C Down=0;C Left=0;C Right=0;C Up=0;DPad D=0;DPad L=0;DPad R=0;DPad U=0;L=0;R=0;Start=0;X Axis=0;Y Axis=0;Z=0"
3859,1337,0,111,"","A=0;A Down=0;A Left=0;A Right=0;A Up=0;B=0;C Down=0;C Left=0;C Right=0;C Up=0;DPad D=0;DPad L=0;DPad R=0;DPad U=0;L=0;R=0;Start=0;X Axis=0;Y Axis=0;Z=0"
3860,1338,0,111,"","A=0;A Down=0;A Left=0;A Right=0;A Up=0;B=0;C Down=0;C Left=0;C Right=0;C Up=0;DPad D=0;DPad L=0;DPad R=0;DPad U=0;L=0;R=0;Start=0;X Axis=0;Y Axis=0;Z=0"
3861,1339,0,111,"","A=0;A Down=0;A Left=0;A Right=0;A Up=0;B=0;C Down=0;C Left=0;C Right=0;C Up=0;DPad D=0;DPad L=0;DPad R=0;DPad U=0;L=0;R=0;Start=0;X Axis=0;Y Axis=0;Z=0"
3862,1340,0,111,"","A=0;A Down=0;A Left=0;A Right=0;A Up=0;B=0;C Down=0;C Left=0;C Right=0;C Up=0;DPad D=0;DPad L=0;DPad R=0;DPad U=0;L=0;R=0;Start=0;X Axis=0;Y Axis=0;Z=0"
3863,1341,0,111,"","A=0;A Down=0;A Left=0;A Right=0;A Up=0;B=0;C Down=0;C Left=0;C Right=0;C Up=0;DPad D=0;DPad L=0;DPad R=0;DPad U=0;L=0;R=0;Start=0;X Axis=0;Y Axis=0;Z=0"
3864,1342,0,111,"","A=0;A Down=0;A Left=0;A Right=0;A Up=0;B=0;C Down=0;C Left=0;C Right=0;C Up=0;DPad D=0;DPad L=0;DPad R=0;DPad U=0;L=0;R=0;Start=0;X Axis=0;Y Axis=0;Z=0"
3865,1343,0,111,"","A=0;A Down=0;A Left=0;A Right=0;A Up=0;B=0;C Down=0;C Left=0;C Right=0;C Up=0;DPad D=0;DPad L=0;DPad R=0;DPad U=0;L=0;R=0;Start=0;X Axis=0;Y Axis=0;Z=0"
3866,1344,0,111,"","A=0;A Down=0;A Left=0;A Right=0;A Up=0;B=0;C Down=0;C Left=0;C Right=0;C Up=0;DPad D=0;DPad L=0;DPad R=0;DPad U=0;L=0;R=0;Start=0;X Axis=0;Y Axis=0;Z=0"
3867,1345,0,111,"","A=0;A Down=0;A Left=0;A Right=0;A Up=0;B=0;C Down=0;C Left=0;C Right=0;C Up=0;DPad D=0;DPad L=0;DPad R=0;DPad U=0;L=0;R=0;Start=0;X Axis=0;Y Axis=0;Z=0"
3868,1346,0,111,"","A=0;A Down=0;A Left=0;A Right=0;A Up=0;B=0;C Down=0;C Left=0;C Right=0;C Up=0;DPad D=0;DPad L=0;DPad R=0;DPad U=0;L=0;R=0;Start=0;X Axis=0;Y Axis=0;Z=0"
3869,1347,0,111,"","A=0;A Down=0;A Left=0;A Right=0;A Up=0;B=0;C Down=0;C Left=0;C Right=0;C Up=0;DPad D=0;DPad L=0;DPad R=0;DPad U=0;L=0;R=0;Start=0;X Axis=0;Y Axis=0;Z=0"
3870,1348,0,111,"","A=0;A Down=0;A Left=0;A Right=0;A Up=0;B=0;C Down=0;C Left=0;C Right=0;C Up=0;DPad D=0;DPad L=0;DPad R=0;DPad U=0;L=0;R=0;Start=0;X Axis=0;Y Axis=0;Z=0"
