frame,event,mode,gate_enabled,armed,stable_count,invalid_count,screen_x,screen_x_copy,raw_horizontal,normalized,arm_ready,raw_active,normalized_active,acquisition_ready,gate_ready,blocker
3210,SAMPLE,ARM_AND_ACQUISITION,false,true,0,201,160.0,160.0,0.0,0.0,true,false,false,false,false,ACQUISITION
3215,SAMPLE,ARM_AND_ACQUISITION,false,true,0,206,160.0,160.0,0.0,0.0,true,false,false,false,false,ACQUISITION
3220,SAMPLE,ARM_AND_ACQUISITION,false,true,0,211,160.0,160.0,0.0,0.0,true,false,false,false,false,ACQUISITION
3225,SAMPLE,ARM_AND_ACQUISITION,false,true,0,216,160.0,160.0,0.0,0.0,true,false,false,false,false,ACQUISITION
3230,SAMPLE,ARM_AND_ACQUISITION,false,true,0,221,160.0,160.0,0.0,0.0,true,false,false,false,false,ACQUISITION
3235,SAMPLE,ARM_AND_ACQUISITION,false,true,0,226,160.0,160.0,0.0,0.0,true,false,false,false,false,ACQUISITION
3240,SAMPLE,ARM_AND_ACQUISITION,false,true,0,231,160.0,160.0,0.0,0.0,true,false,false,false,false,ACQUISITION
3245,SAMPLE,ARM_AND_ACQUISITION,false,true,0,236,160.0,160.0,0.0,0.0,true,false,false,false,false,ACQUISITION
3250,SAMPLE,ARM_AND_ACQUISITION,false,true,0,241,160.0,160.0,0.0,0.0,true,false,false,false,false,ACQUISITION
3255,SAMPLE,ARM_AND_ACQUISITION,false,true,0,246,160.0,160.0,0.0,0.0,true,false,false,false,false,ACQUISITION
3260,SAMPLE,ARM_AND_ACQUISITION,false,true,0,251,160.0,160.0,0.0,0.0,true,false,false,false,false,ACQUISITION
3265,SAMPLE,ARM_AND_ACQUISITION,false,true,0,256,160.0,160.0,0.0,0.0,true,false,false,false,false,ACQUISITION
3270,SAMPLE,ARM_AND_ACQUISITION,false,true,0,261,160.0,160.0,0.0,0.0,true,false,false,false,false,ACQUISITION
3275,SAMPLE,ARM_AND_ACQUISITION,false,true,0,266,160.0,160.0,0.0,0.0,true,false,false,false,false,ACQUISITION
3280,SAMPLE,ARM_AND_ACQUISITION,false,true,0,271,160.0,160.0,0.0,0.0,true,false,false,false,false,ACQUISITION
3285,SAMPLE,ARM_AND_ACQUISITION,false,true,0,276,160.0,160.0,0.0,0.0,true,false,false,false,false,ACQUISITION
3290,SAMPLE,ARM_AND_ACQUISITION,false,true,0,281,160.0,160.0,0.0,0.0,true,false,false,false,false,ACQUISITION
3295,SAMPLE,ARM_AND_ACQUISITION,false,true,0,286,160.0,160.0,0.0,0.0,true,false,false,false,false,ACQUISITION
3300,SAMPLE,ARM_AND_ACQUISITION,false,true,0,291,160.0,160.0,0.0,0.0,true,false,false,false,false,ACQUISITION
3305,SAMPLE,ARM_AND_ACQUISITION,false,true,0,296,160.0,160.0,0.0,0.0,true,false,false,false,false,ACQUISITION
3310,SAMPLE,ARM_AND_ACQUISITION,false,true,0,301,160.0,160.0,0.0,0.0,true,false,false,false,false,ACQUISITION
3315,SAMPLE,ARM_AND_ACQUISITION,false,true,0,306,160.0,160.0,0.0,0.0,true,false,false,false,false,ACQUISITION
3320,SAMPLE,ARM_AND_ACQUISITION,false,true,0,311,160.0,160.0,0.0,0.0,true,false,false,false,false,ACQUISITION
3325,SAMPLE,ARM_AND_ACQUISITION,false,true,0,316,160.0,160.0,0.0,0.0,true,false,false,false,false,ACQUISITION
3330,SAMPLE,ARM_AND_ACQUISITION,false,true,0,321,160.0,160.0,0.0,0.0,true,false,false,false,false,ACQUISITION
3335,SAMPLE,ARM_AND_ACQUISITION,false,true,0,326,160.0,160.0,0.0,0.0,true,false,false,false,false,ACQUISITION
3340,SAMPLE,ARM_AND_ACQUISITION,false,true,0,331,160.0,160.0,0.0,0.0,true,false,false,false,false,ACQUISITION
3345,SAMPLE,ARM_AND_ACQUISITION,false,true,0,336,160.0,160.0,0.0,0.0,true,false,false,false,false,ACQUISITION
3350,SAMPLE,ARM_AND_ACQUISITION,false,true,0,341,160.0,160.0,0.0,0.0,true,false,false,false,false,ACQUISITION
3355,SAMPLE,ARM_AND_ACQUISITION,false,true,0,346,160.0,160.0,0.0,0.0,true,false,false,false,false,ACQUISITION
3360,SAMPLE,ARM_AND_ACQUISITION,false,true,0,351,160.0,160.0,0.0,0.0,true,false,false,false,false,ACQUISITION
3365,SAMPLE,ARM_AND_ACQUISITION,false,true,0,356,160.0,160.0,0.0,0.0,true,false,false,false,false,ACQUISITION
3370,SAMPLE,ARM_AND_ACQUISITION,false,true,0,361,160.0,160.0,0.0,0.0,true,false,false,false,false,ACQUISITION
3375,SAMPLE,ARM_AND_ACQUISITION,false,true,0,366,160.0,160.0,0.0,0.0,true,false,false,false,false,ACQUISITION
3380,SAMPLE,ARM_AND_ACQUISITION,false,true,0,371,160.0,160.0,0.0,0.0,true,false,false,false,false,ACQUISITION
3385,SAMPLE,ARM_AND_ACQUISITION,false,true,0,376,160.0,160.0,0.0,0.0,true,false,false,false,false,ACQUISITION
3390,SAMPLE,ARM_AND_ACQUISITION,false,true,0,381,160.0,160.0,0.0,0.0,true,false,false,false,false,ACQUISITION
3395,SAMPLE,ARM_AND_ACQUISITION,false,true,0,386,160.0,160.0,0.0,0.0,true,false,false,false,false,ACQUISITION
3400,SAMPLE,ARM_AND_ACQUISITION,false,true,0,391,160.0,160.0,0.0,0.0,true,false,false,false,false,ACQUISITION
3405,SAMPLE,ARM_AND_ACQUISITION,false,true,0,396,160.0,160.0,0.0,0.0,true,false,false,false,false,ACQUISITION
3410,SAMPLE,ARM_AND_ACQUISITION,false,true,0,401,160.0,160.0,0.0,0.0,true,false,false,false,false,ACQUISITION
3415,SAMPLE,ARM_AND_ACQUISITION,false,true,0,406,160.0,160.0,0.0,0.0,true,false,false,false,false,ACQUISITION
3420,SAMPLE,ARM_AND_ACQUISITION,false,true,0,411,138.25639343262,138.25639343262,-113.38831329346,0.11358821392059,false,true,true,true,false,ARM
3425,SAMPLE,ARM_AND_ACQUISITION,false,true,0,416,138.86166381836,138.86166381836,-110.27088165283,0.11047232151031,false,true,true,true,false,ARM
3430,SAMPLE,ARM_AND_ACQUISITION,false,true,0,421,148.43714904785,148.43714904785,-60.577766418457,0.060569286346436,false,true,true,true,false,ARM
3435,SAMPLE,ARM_AND_ACQUISITION,false,true,0,426,153.67503356934,153.67503356934,-33.179187774658,0.033148884773254,false,true,true,true,false,ARM
3440,SAMPLE,ARM_AND_ACQUISITION,false,true,1,0,157.44111633301,157.44111633301,-13.429445266724,0.01339864730835,true,true,true,true,true,NONE
3445,SAMPLE,ARM_AND_ACQUISITION,false,true,6,0,158.60028076172,158.60028076172,-7.3464221954346,0.0072625875473022,true,true,true,true,true,NONE
3450,SAMPLE,ARM_AND_ACQUISITION,false,true,11,0,159.23434448242,159.23434448242,-4.0186166763306,0.0039547681808472,true,true,false,true,true,NONE
3455,SAMPLE,ARM_AND_ACQUISITION,false,true,0,4,159.58117675781,159.58117675781,-2.1982464790344,0.0021332502365112,true,false,false,false,false,ACQUISITION
3460,SAMPLE,ARM_AND_ACQUISITION,false,true,0,9,159.77090454102,159.77090454102,-1.2024383544922,0.0011265277862549,true,false,false,false,false,ACQUISITION
3465,SAMPLE,ARM_AND_ACQUISITION,false,true,0,14,159.90731811523,159.90731811523,-0.4864536523819,0.00040745735168457,true,false,false,false,false,ACQUISITION
3470,SAMPLE,ARM_AND_ACQUISITION,false,true,0,19,159.95639038086,159.95639038086,-0.22889111936092,0.00016772747039795,true,false,false,false,false,ACQUISITION
3475,SAMPLE,ARM_AND_ACQUISITION,false,true,0,24,159.9761505127,159.9761505127,-0.12517733871937,7.1883201599121e-05,true,false,false,false,false,ACQUISITION
3480,SAMPLE,ARM_AND_ACQUISITION,false,true,0,29,159.98695373535,159.98695373535,-0.068475119769573,2.3961067199707e-05,true,false,false,false,false,ACQUISITION
3485,SAMPLE,ARM_AND_ACQUISITION,false,true,0,34,159.99285888672,159.99285888672,-0.037481121718884,-2.3841857910156e-05,true,false,false,false,false,ACQUISITION
3490,SAMPLE,ARM_AND_ACQUISITION,false,true,0,39,159.99664306641,159.99664306641,-0.017619330435991,-2.3841857910156e-05,true,false,false,false,false,ACQUISITION
3495,SAMPLE,ARM_AND_ACQUISITION,false,true,0,44,147.49945068359,147.49945068359,-65.470100402832,0.06545877456665,false,true,true,true,false,ARM
3500,SAMPLE,ARM_AND_ACQUISITION,false,true,0,49,133.65788269043,133.65788269043,-136.95448303223,0.13736534118652,false,true,true,true,false,ARM
3505,SAMPLE,ARM_AND_ACQUISITION,false,true,0,54,127.09117126465,127.09117126465,-170.19302368164,0.17101752758026,false,true,true,true,false,ARM
3510,SAMPLE,ARM_AND_ACQUISITION,false,true,0,59,122.71469116211,122.71469116211,-192.04345703125,0.19321262836456,false,true,true,true,false,ARM
3515,SAMPLE,ARM_AND_ACQUISITION,false,true,0,64,119.78057098389,119.78057098389,-206.54479980469,0.20797741413116,false,true,true,true,false,ARM
3520,SAMPLE,ARM_AND_ACQUISITION,false,true,0,69,117.62617492676,117.62617492676,-217.07261657715,0.21881127357483,false,true,true,true,false,ARM
3525,SAMPLE,ARM_AND_ACQUISITION,false,true,0,74,118.52158355713,118.52158355713,-212.67301940918,0.21430516242981,false,true,true,true,false,ARM
3530,SAMPLE,ARM_AND_ACQUISITION,false,true,0,79,120.42975616455,120.42975616455,-203.33531188965,0.2047176361084,false,true,true,true,false,ARM
3535,SAMPLE,ARM_AND_ACQUISITION,false,true,0,84,122.93756103516,122.93756103516,-190.94586181641,0.19206213951111,false,true,true,true,false,ARM
3540,SAMPLE,ARM_AND_ACQUISITION,false,true,0,89,125.4663848877,125.4663848877,-178.30136108398,0.17926275730133,false,true,true,true,false,ARM
3545,SAMPLE,ARM_AND_ACQUISITION,false,true,0,94,127.90822601318,127.90822601318,-165.98864746094,0.16684687137604,false,true,true,true,false,ARM
3550,SAMPLE,ARM_AND_ACQUISITION,false,true,0,99,132.03907775879,132.03907775879,-145.05450439453,0.14565849304199,false,true,true,true,false,ARM
3555,SAMPLE,ARM_AND_ACQUISITION,false,true,0,104,135.27960205078,135.27960205078,-128.55308532715,0.12902402877808,false,true,true,true,false,ARM
3560,SAMPLE,ARM_AND_ACQUISITION,false,true,0,109,138.94413757324,138.94413757324,-109.78863525391,0.11004078388214,false,true,true,true,false,ARM
3565,SAMPLE,ARM_AND_ACQUISITION,false,true,0,114,144.87780761719,144.87780761719,-79.122055053711,0.079169034957886,false,true,true,true,false,ARM
3570,SAMPLE,ARM_AND_ACQUISITION,false,true,0,119,148.47282409668,148.47282409668,-60.379272460938,0.060377478599548,false,true,true,true,false,ARM
3575,SAMPLE,ARM_AND_ACQUISITION,false,true,0,124,151.44081115723,151.44081115723,-44.852340698242,0.044845700263977,false,true,true,true,false,ARM
3580,SAMPLE,ARM_AND_ACQUISITION,false,true,0,129,154.27632141113,154.27632141113,-30.002023696899,0.029937028884888,false,true,true,true,false,ARM
3585,SAMPLE,ARM_AND_ACQUISITION,false,true,1,0,157.13562011719,157.13562011719,-15.021335601807,0.014980554580688,true,true,true,true,true,NONE
3590,SAMPLE,ARM_AND_ACQUISITION,false,true,6,0,158.69958496094,158.69958496094,-6.8215689659119,0.0067352056503296,true,true,true,true,true,NONE
3595,SAMPLE,ARM_AND_ACQUISITION,false,true,0,4,159.97271728516,159.97271728516,-0.14314617216587,7.1883201599121e-05,true,false,false,false,false,ACQUISITION
3600,SAMPLE,ARM_AND_ACQUISITION,false,true,3,0,160.78494262695,160.78494262695,4.1188597679138,-0.0040507316589355,true,true,true,true,true,NONE
3605,SAMPLE,ARM_AND_ACQUISITION,false,true,8,0,161.20181274414,161.20181274414,6.3069705963135,-0.0062556266784668,true,true,true,true,true,NONE
3610,SAMPLE,ARM_AND_ACQUISITION,false,true,13,0,161.22631835938,161.22631835938,6.4358777999878,-0.0063519477844238,true,true,true,true,true,NONE
3615,SAMPLE,ARM_AND_ACQUISITION,false,true,18,0,161.16430664063,161.16430664063,6.1106462478638,-0.0060639381408691,true,true,true,true,true,NONE
3620,SAMPLE,ARM_AND_ACQUISITION,false,true,23,0,161.19390869141,161.19390869141,6.2661075592041,-0.0062079429626465,true,true,true,true,true,NONE
3625,SAMPLE,ARM_AND_ACQUISITION,false,true,28,0,161.52439880371,161.52439880371,8.0006370544434,-0.0079336166381836,true,true,true,true,true,NONE
3630,SAMPLE,ARM_AND_ACQUISITION,false,true,33,0,161.83763122559,161.83763122559,9.6444721221924,-0.0096116065979004,true,true,true,true,true,NONE
3635,SAMPLE,ARM_AND_ACQUISITION,false,true,38,0,162.1118927002,162.1118927002,11.083691596985,-0.011049747467041,true,true,true,true,true,NONE
3640,SAMPLE,ARM_AND_ACQUISITION,false,true,43,0,162.20091247559,162.20091247559,11.550792694092,-0.011481285095215,true,true,true,true,true,NONE
3645,SAMPLE,ARM_AND_ACQUISITION,false,true,48,0,162.0424041748,162.0424041748,10.71897315979,-0.010665893554688,true,true,true,true,true,NONE
3650,SAMPLE,ARM_AND_ACQUISITION,false,true,53,0,161.94244384766,161.94244384766,10.19434928894,-0.010138988494873,true,true,true,true,true,NONE
3655,SAMPLE,ARM_AND_ACQUISITION,false,true,58,0,162.07873535156,162.07873535156,10.909391403198,-0.010858058929443,true,true,true,true,true,NONE
3660,SAMPLE,ARM_AND_ACQUISITION,false,true,63,0,162.52555847168,162.52555847168,13.253711700439,-0.013206958770752,true,true,true,true,true,NONE
3665,SAMPLE,ARM_AND_ACQUISITION,false,true,68,0,162.87997436523,162.87997436523,15.113119125366,-0.015076160430908,true,true,true,true,true,NONE
3670,SAMPLE,ARM_AND_ACQUISITION,false,true,0,4,163.48190307617,163.48190307617,18.27052116394,-0.018192291259766,false,true,true,true,false,ARM
3675,SAMPLE,ARM_AND_ACQUISITION,false,true,0,9,164.03939819336,164.03939819336,21.193998336792,-0.021116733551025,false,true,true,true,false,ARM
3680,SAMPLE,ARM_AND_ACQUISITION,false,true,0,14,164.61213684082,164.61213684082,24.196283340454,-0.024136543273926,false,true,true,true,false,ARM
3685,SAMPLE,ARM_AND_ACQUISITION,false,true,0,19,165.20335388184,165.20335388184,27.294065475464,-0.027252674102783,false,true,true,true,false,ARM
3690,SAMPLE,ARM_AND_ACQUISITION,false,true,0,24,165.25120544434,165.25120544434,27.544790267944,-0.027492046356201,false,true,true,true,false,ARM
3695,SAMPLE,ARM_AND_ACQUISITION,false,true,0,29,165.10659790039,165.10659790039,26.787466049194,-0.026725292205811,false,true,true,true,false,ARM
3700,SAMPLE,ARM_AND_ACQUISITION,false,true,0,34,164.97521972656,164.97521972656,26.099187850952,-0.026053905487061,false,true,true,true,false,ARM
3705,SAMPLE,ARM_AND_ACQUISITION,false,true,0,39,164.89292907715,164.89292907715,25.667974472046,-0.025622844696045,false,true,true,true,false,ARM
3710,SAMPLE,ARM_AND_ACQUISITION,false,true,0,44,164.87614440918,164.87614440918,25.579988479614,-0.025526523590088,false,true,true,true,false,ARM
3715,SAMPLE,ARM_AND_ACQUISITION,false,true,0,49,164.9091796875,164.9091796875,25.753114700317,-0.025718212127686,false,true,true,true,false,ARM
3720,SAMPLE,ARM_AND_ACQUISITION,false,true,0,54,164.97256469727,164.97256469727,26.085296630859,-0.02600622177124,false,true,true,true,false,ARM
3725,SAMPLE,ARM_AND_ACQUISITION,false,true,0,59,165.03630065918,165.03630065918,26.419357299805,-0.026341915130615,false,true,true,true,false,ARM
3730,SAMPLE,ARM_AND_ACQUISITION,false,true,0,64,165.09519958496,165.09519958496,26.728067398071,-0.026677131652832,false,true,true,true,false,ARM
3735,SAMPLE,ARM_AND_ACQUISITION,false,true,0,69,165.21760559082,165.21760559082,27.369445800781,-0.027300357818604,false,true,true,true,false,ARM
3740,SAMPLE,ARM_AND_ACQUISITION,false,true,0,74,165.29093933105,165.29093933105,27.753662109375,-0.027683734893799,false,true,true,true,false,ARM
3745,SAMPLE,ARM_AND_ACQUISITION,false,true,0,79,165.3346862793,165.3346862793,27.982780456543,-0.027923583984375,false,true,true,true,false,ARM
3750,SAMPLE,ARM_AND_ACQUISITION,false,true,0,84,165.38095092773,165.38095092773,28.225027084351,-0.028163433074951,false,true,true,true,false,ARM
3755,SAMPLE,ARM_AND_ACQUISITION,false,true,0,89,165.43139648438,165.43139648438,28.489194869995,-0.028450965881348,false,true,true,true,false,ARM
3760,SAMPLE,ARM_AND_ACQUISITION,false,true,0,94,165.48991394043,165.48991394043,28.795711517334,-0.028738498687744,false,true,true,true,false,ARM
3765,SAMPLE,ARM_AND_ACQUISITION,false,true,0,99,165.5345916748,165.5345916748,29.029722213745,-0.02897834777832,false,true,true,true,false,ARM
3770,SAMPLE,ARM_AND_ACQUISITION,false,true,0,104,165.60386657715,165.60386657715,29.392427444458,-0.029361724853516,false,true,true,true,false,ARM
3775,SAMPLE,ARM_AND_ACQUISITION,false,true,0,109,165.4786529541,165.4786529541,28.738525390625,-0.028690814971924,false,true,true,true,false,ARM
3780,SAMPLE,ARM_AND_ACQUISITION,false,true,0,114,165.61950683594,165.61950683594,29.479595184326,-0.029457569122314,false,true,true,true,false,ARM
3785,SAMPLE,ARM_AND_ACQUISITION,false,true,0,119,165.96655273438,165.96655273438,31.300628662109,-0.03123140335083,false,true,true,true,false,ARM
3790,SAMPLE,ARM_AND_ACQUISITION,false,true,0,124,165.9529876709,165.9529876709,31.229818344116,-0.03118371963501,false,true,true,true,false,ARM
3795,SAMPLE,ARM_AND_ACQUISITION,false,true,0,129,165.49188232422,165.49188232422,28.812320709229,-0.028786659240723,false,true,true,true,false,ARM
3800,SAMPLE,ARM_AND_ACQUISITION,false,true,0,134,164.85661315918,164.85661315918,25.481245040894,-0.025431156158447,false,true,true,true,false,ARM
3805,SAMPLE,ARM_AND_ACQUISITION,false,true,0,139,164.0531463623,164.0531463623,21.267869949341,-0.021212577819824,false,true,true,true,false,ARM
3810,SAMPLE,ARM_AND_ACQUISITION,false,true,0,144,163.39822387695,163.39822387695,17.83274269104,-0.017760753631592,false,true,true,true,false,ARM
3815,SAMPLE,ARM_AND_ACQUISITION,false,true,2,0,162.67684936523,162.67684936523,14.048209190369,-0.013973712921143,true,true,true,true,true,NONE
3820,SAMPLE,ARM_AND_ACQUISITION,false,true,7,0,161.98345947266,161.98345947266,10.409811973572,-0.010378360748291,true,true,true,true,true,NONE
3825,SAMPLE,ARM_AND_ACQUISITION,false,true,12,0,161.07638549805,161.07638549805,5.6494250297546,-0.0071187019348145,true,true,true,true,true,NONE
3830,SAMPLE,ARM_AND_ACQUISITION,false,true,0,1,160.75392150879,160.75392150879,3.9569728374481,-0.0039067268371582,true,false,false,false,false,ACQUISITION
3835,SAMPLE,ARM_AND_ACQUISITION,false,true,0,6,160.71975708008,160.71975708008,3.7775943279266,-0.0037150382995605,true,false,false,false,false,ACQUISITION
3840,SAMPLE,ARM_AND_ACQUISITION,false,true,4,0,160.83396911621,160.83396911621,4.3769021034241,-0.004338264465332,true,true,true,true,true,NONE
3845,SAMPLE,ARM_AND_ACQUISITION,false,true,9,0,160.93818664551,160.93818664551,4.923779964447,-0.0047221183776855,true,true,true,true,true,NONE
3850,SAMPLE,ARM_AND_ACQUISITION,false,true,14,0,160.99291992188,160.99291992188,5.2110042572021,-0.0051531791687012,true,true,true,true,true,NONE
3855,SAMPLE,ARM_AND_ACQUISITION,false,true,19,0,161.04330444336,161.04330444336,5.475417137146,-0.0053930282592773,true,true,true,true,true,NONE
3860,SAMPLE,ARM_AND_ACQUISITION,false,true,24,0,161.09507751465,161.09507751465,5.7471237182617,-0.0056805610656738,true,true,true,true,true,NONE
3865,SAMPLE,ARM_AND_ACQUISITION,false,true,29,0,161.1773223877,161.1773223877,6.1787533760071,-0.0061120986938477,true,true,true,true,true,NONE
3870,SAMPLE,ARM_AND_ACQUISITION,false,true,34,0,161.27073669434,161.27073669434,6.6690711975098,-0.0065913200378418,true,true,true,true,true,NONE
3875,SAMPLE,ARM_AND_ACQUISITION,false,true,39,0,161.54138183594,161.54138183594,8.0896196365356,-0.0080294609069824,true,true,true,true,true,NONE
3880,SAMPLE,ARM_AND_ACQUISITION,false,true,44,0,162.37535095215,162.37535095215,12.466261863708,-0.012392044067383,true,true,true,true,true,NONE
3885,SAMPLE,ARM_AND_ACQUISITION,false,true,0,3,164.31117248535,164.31117248535,22.621894836426,-0.022554874420166,false,true,true,true,false,ARM
3890,SAMPLE,ARM_AND_ACQUISITION,false,true,0,8,165.81732177734,165.81732177734,30.518529891968,-0.030464649200439,false,true,true,true,false,ARM
3895,SAMPLE,ARM_AND_ACQUISITION,false,true,0,13,167.64324951172,167.64324951172,40.084106445313,-0.040051937103271,false,true,true,true,false,ARM
3900,SAMPLE,ARM_AND_ACQUISITION,false,true,0,18,170.61706542969,170.61706542969,55.638763427734,-0.055631637573242,false,true,true,true,false,ARM
3905,SAMPLE,ARM_AND_ACQUISITION,false,true,0,23,172.28408813477,172.28408813477,64.341125488281,-0.064356327056885,false,true,true,true,false,ARM
3910,SAMPLE,ARM_AND_ACQUISITION,false,true,0,28,173.26560974121,173.26560974121,69.458198547363,-0.069437503814697,false,true,true,true,false,ARM
3915,SAMPLE,ARM_AND_ACQUISITION,false,true,0,33,173.78707885742,173.78707885742,72.174133300781,-0.072169780731201,false,true,true,true,false,ARM
3920,SAMPLE,ARM_AND_ACQUISITION,false,true,0,38,174.18643188477,174.18643188477,74.250732421875,-0.074279308319092,false,true,true,true,false,ARM
3925,SAMPLE,ARM_AND_ACQUISITION,false,true,0,43,174.34622192383,174.34622192383,75.08081817627,-0.075142383575439,false,true,true,true,false,ARM
3930,SAMPLE,ARM_AND_ACQUISITION,false,true,0,48,174.44816589355,174.44816589355,75.610260009766,-0.075621604919434,false,true,true,true,false,ARM
3935,SAMPLE,ARM_AND_ACQUISITION,false,true,0,53,174.41572570801,174.41572570801,75.440948486328,-0.075478076934814,false,true,true,true,false,ARM
3940,SAMPLE,ARM_AND_ACQUISITION,false,true,0,58,174.28338623047,174.28338623047,74.753318786621,-0.074806690216064,false,true,true,true,false,ARM
3945,SAMPLE,ARM_AND_ACQUISITION,false,true,0,63,174.14012145996,174.14012145996,74.008979797363,-0.074039936065674,false,true,true,true,false,ARM
3950,SAMPLE,ARM_AND_ACQUISITION,false,true,0,68,174.22477722168,174.22477722168,74.452262878418,-0.074470996856689,false,true,true,true,false,ARM
3955,SAMPLE,ARM_AND_ACQUISITION,false,true,0,73,174.26501464844,174.26501464844,74.662879943848,-0.074710845947266,false,true,true,true,false,ARM
3960,SAMPLE,ARM_AND_ACQUISITION,false,true,0,78,174.408203125,174.408203125,75.407272338867,-0.075429916381836,false,true,true,true,false,ARM
3965,SAMPLE,ARM_AND_ACQUISITION,false,true,0,83,174.57679748535,174.57679748535,76.275039672852,-0.076340675354004,false,true,true,true,false,ARM
3970,SAMPLE,ARM_AND_ACQUISITION,false,true,0,88,174.53936767578,174.53936767578,76.068809509277,-0.076148986816406,false,true,true,true,false,ARM
3975,SAMPLE,ARM_AND_ACQUISITION,false,true,0,93,174.41606140137,174.41606140137,75.396621704102,-0.075478076934814,false,true,true,true,false,ARM
3980,SAMPLE,ARM_AND_ACQUISITION,false,true,0,98,174.42951965332,174.42951965332,75.429214477539,-0.075429916381836,false,true,true,true,false,ARM
3985,SAMPLE,ARM_AND_ACQUISITION,false,true,0,103,174.55931091309,174.55931091309,76.088676452637,-0.076244831085205,false,true,true,true,false,ARM
3990,SAMPLE,ARM_AND_ACQUISITION,false,true,0,108,174.52584838867,174.52584838867,75.903373718262,-0.076053142547607,false,true,true,true,false,ARM
3995,SAMPLE,ARM_AND_ACQUISITION,false,true,0,113,174.35556030273,174.35556030273,75.016822814941,-0.075142383575439,false,true,true,true,false,ARM
4000,SAMPLE,ARM_AND_ACQUISITION,false,true,0,118,174.14949035645,174.14949035645,73.946151733398,-0.074087619781494,false,true,true,true,false,ARM
4005,SAMPLE,ARM_AND_ACQUISITION,false,true,0,123,174.02149963379,174.02149963379,73.281311035156,-0.073416233062744,false,true,true,true,false,ARM
4010,SAMPLE,ARM_AND_ACQUISITION,false,true,0,128,173.72079467773,173.72079467773,71.720314025879,-0.071834564208984,false,true,true,true,false,ARM
4015,SAMPLE,ARM_AND_ACQUISITION,false,true,0,133,173.57293701172,173.57293701172,70.952423095703,-0.071067333221436,false,true,true,true,false,ARM
4020,SAMPLE,ARM_AND_ACQUISITION,false,true,0,138,173.45639038086,173.45639038086,70.346656799316,-0.070492267608643,false,true,true,true,false,ARM
4025,SAMPLE,ARM_AND_ACQUISITION,false,true,0,143,173.4012298584,173.4012298584,70.059303283691,-0.070204734802246,false,true,true,true,false,ARM
4030,SAMPLE,ARM_AND_ACQUISITION,false,true,0,148,173.41191101074,173.41191101074,70.113761901855,-0.070204734802246,false,true,true,true,false,ARM
4035,SAMPLE,ARM_AND_ACQUISITION,false,true,0,153,173.36994934082,173.36994934082,69.894515991211,-0.070013046264648,false,true,true,true,false,ARM
4040,SAMPLE,ARM_AND_ACQUISITION,false,true,0,158,173.3225402832,173.3225402832,69.647598266602,-0.069773197174072,false,true,true,true,false,ARM
4045,SAMPLE,ARM_AND_ACQUISITION,false,true,0,163,173.27955627441,173.27955627441,69.422904968262,-0.069533824920654,false,true,true,true,false,ARM
4050,SAMPLE,ARM_AND_ACQUISITION,false,true,0,168,173.21742248535,173.21742248535,69.099128723145,-0.069198131561279,false,true,true,true,false,ARM
4055,SAMPLE,ARM_AND_ACQUISITION,false,true,0,173,173.11351013184,173.11351013184,68.558563232422,-0.068670749664307,false,true,true,true,false,ARM
4060,SAMPLE,ARM_AND_ACQUISITION,false,true,0,178,172.88648986816,172.88648986816,67.377937316895,-0.067520141601563,false,true,true,true,false,ARM
4065,SAMPLE,ARM_AND_ACQUISITION,false,true,0,183,172.80892944336,172.80892944336,66.973640441895,-0.067088603973389,false,true,true,true,false,ARM
4070,SAMPLE,ARM_AND_ACQUISITION,false,true,0,188,172.76580810547,172.76580810547,66.74821472168,-0.066849231719971,false,true,true,true,false,ARM
4075,SAMPLE,ARM_AND_ACQUISITION,false,true,0,193,172.63146972656,172.63146972656,66.054214477539,-0.066177845001221,false,true,true,true,false,ARM
4080,SAMPLE,ARM_AND_ACQUISITION,false,true,0,198,172.51286315918,172.51286315918,65.458946228027,-0.065362930297852,false,true,true,true,false,ARM
4085,SAMPLE,ARM_AND_ACQUISITION,false,true,0,203,172.75648498535,172.75648498535,66.742614746094,-0.066801071166992,false,true,true,true,false,ARM
4090,SAMPLE,ARM_AND_ACQUISITION,false,true,0,208,173.06642150879,173.06642150879,68.372398376465,-0.06843090057373,false,true,true,true,false,ARM
4095,SAMPLE,ARM_AND_ACQUISITION,false,true,0,213,173.32127380371,173.32127380371,69.716697692871,-0.069773197174072,false,true,true,true,false,ARM
4100,SAMPLE,ARM_AND_ACQUISITION,false,true,0,218,173.51416015625,173.51416015625,70.726486206055,-0.070779800415039,false,true,true,true,false,ARM
4105,SAMPLE,ARM_AND_ACQUISITION,false,true,0,223,173.71977233887,173.71977233887,71.799667358398,-0.071834564208984,false,true,true,true,false,ARM
4110,SAMPLE,ARM_AND_ACQUISITION,false,true,0,228,173.74526977539,173.74526977539,71.935363769531,-0.071978092193604,false,true,true,true,false,ARM
4115,SAMPLE,ARM_AND_ACQUISITION,false,true,0,233,173.75489807129,173.75489807129,71.989555358887,-0.072026252746582,false,true,true,true,false,ARM
4120,SAMPLE,ARM_AND_ACQUISITION,false,true,0,238,173.62258911133,173.62258911133,71.305587768555,-0.071307182312012,false,true,true,true,false,ARM
4125,SAMPLE,ARM_AND_ACQUISITION,false,true,0,243,173.35507202148,173.35507202148,69.919853210449,-0.06996488571167,false,true,true,true,false,ARM
4130,SAMPLE,ARM_AND_ACQUISITION,false,true,0,248,173.05528259277,173.05528259277,68.361190795898,-0.06838321685791,false,true,true,true,false,ARM
4135,SAMPLE,ARM_AND_ACQUISITION,false,true,0,253,172.61514282227,172.61514282227,66.067008972168,-0.066082000732422,false,true,true,true,false,ARM
4140,SAMPLE,ARM_AND_ACQUISITION,false,true,0,258,172.35089111328,172.35089111328,64.686111450195,-0.06469202041626,false,true,true,true,false,ARM
4145,SAMPLE,ARM_AND_ACQUISITION,false,true,0,263,172.11225891113,172.11225891113,63.438800811768,-0.063445568084717,false,true,true,true,false,ARM
4150,SAMPLE,ARM_AND_ACQUISITION,false,true,0,268,171.92199707031,171.92199707031,62.442935943604,-0.062438488006592,false,true,true,true,false,ARM
4155,SAMPLE,ARM_AND_ACQUISITION,false,true,0,273,171.80403137207,171.80403137207,61.822338104248,-0.061815738677979,false,true,true,true,false,ARM
4160,SAMPLE,ARM_AND_ACQUISITION,false,true,0,278,171.89808654785,171.89808654785,62.309917449951,-0.062343120574951,false,true,true,true,false,ARM
4165,SAMPLE,ARM_AND_ACQUISITION,false,true,0,283,172.08297729492,172.08297729492,63.271041870117,-0.063253879547119,false,true,true,true,false,ARM
4170,SAMPLE,ARM_AND_ACQUISITION,false,true,0,288,172.17752075195,172.17752075195,63.762496948242,-0.063781261444092,false,true,true,true,false,ARM
4175,SAMPLE,ARM_AND_ACQUISITION,false,true,0,293,172.26759338379,172.26759338379,64.230407714844,-0.064260482788086,false,true,true,true,false,ARM
4180,SAMPLE,ARM_AND_ACQUISITION,false,true,0,298,172.3429107666,172.3429107666,64.622329711914,-0.064643859863281,false,true,true,true,false,ARM
4185,SAMPLE,ARM_AND_ACQUISITION,false,true,0,303,172.4253692627,172.4253692627,65.049819946289,-0.065075397491455,false,true,true,true,false,ARM
4190,SAMPLE,ARM_AND_ACQUISITION,false,true,0,308,172.49101257324,172.49101257324,65.389205932617,-0.06541109085083,false,true,true,true,false,ARM
4195,SAMPLE,ARM_AND_ACQUISITION,false,true,0,313,172.28395080566,172.28395080566,64.30931854248,-0.064356327056885,false,true,true,true,false,ARM
4200,SAMPLE,ARM_AND_ACQUISITION,false,true,0,318,171.1711730957,171.1711730957,58.510860443115,-0.058507919311523,false,true,true,true,false,ARM
4205,SAMPLE,ARM_AND_ACQUISITION,false,true,0,323,167.34269714355,167.34269714355,38.50110244751,-0.038469791412354,false,true,true,true,false,ARM
4210,SAMPLE,ARM_AND_ACQUISITION,false,true,0,328,160.71949768066,160.71949768066,3.7752621173859,-0.0037150382995605,true,false,false,false,false,ACQUISITION
4215,SAMPLE,ARM_AND_ACQUISITION,false,true,0,2,155.10192871094,155.10192871094,-25.691408157349,0.025670528411865,false,true,true,true,false,ARM
4220,SAMPLE,ARM_AND_ACQUISITION,false,true,0,7,145.34533691406,145.34533691406,-76.667297363281,0.076724171638489,false,true,true,true,false,ARM
4225,SAMPLE,ARM_AND_ACQUISITION,false,true,0,12,134.98495483398,134.98495483398,-130.15740966797,0.11272525787354,false,true,true,true,false,ARM
4230,SAMPLE,ARM_AND_ACQUISITION,false,true,0,17,127.92420959473,127.92420959473,-165.99858093262,0.16675102710724,false,true,true,true,false,ARM
4235,SAMPLE,ARM_AND_ACQUISITION,false,true,0,22,116.31606292725,116.31606292725,-223.44456481934,0.22533082962036,false,true,true,true,false,ARM
4240,SAMPLE,ARM_AND_ACQUISITION,false,true,0,27,107.95240020752,107.95240020752,-263.4719543457,0.26660513877869,false,true,true,true,false,ARM
4245,SAMPLE,ARM_AND_ACQUISITION,false,true,0,32,116.84496307373,116.84496307373,-220.89901733398,0.22269427776337,false,true,true,true,false,ARM
4250,SAMPLE,ARM_AND_ACQUISITION,false,true,0,37,136.3938293457,136.3938293457,-122.9582824707,0.12327170372009,false,true,true,true,false,ARM
4255,SAMPLE,ARM_AND_ACQUISITION,false,true,0,42,150.44972229004,150.44972229004,-50.062980651855,0.067616105079651,false,true,true,true,false,ARM
4260,SAMPLE,ARM_AND_ACQUISITION,false,true,0,47,154.77592468262,154.77592468262,-27.408960342407,0.027348399162292,false,true,true,true,false,ARM
4265,SAMPLE,ARM_AND_ACQUISITION,false,true,3,0,157.88650512695,157.88650512695,-11.092286109924,0.011049628257751,true,true,true,true,true,NONE
4270,SAMPLE,ARM_AND_ACQUISITION,false,true,8,0,158.84390258789,158.84390258789,-6.06782579422,0.0060162544250488,true,true,true,true,true,NONE
4275,SAMPLE,ARM_AND_ACQUISITION,false,true,0,3,159.53228759766,159.53228759766,-2.454845905304,0.0023728609085083,true,false,false,false,false,ACQUISITION
4280,SAMPLE,ARM_AND_ACQUISITION,false,true,0,8,159.81077575684,159.81077575684,-0.99316912889481,0.00093472003936768,true,false,false,false,false,ACQUISITION
4285,SAMPLE,ARM_AND_ACQUISITION,false,true,0,13,134.4914855957,134.4914855957,-132.7008972168,0.1330509185791,false,true,true,true,false,ARM
4290,SAMPLE,ARM_AND_ACQUISITION,false,true,0,18,139.27897644043,139.27897644043,-108.1181640625,0.1083151102066,false,true,true,true,false,ARM
4295,SAMPLE,ARM_AND_ACQUISITION,false,true,2,0,157.12522888184,157.12522888184,-15.086231231689,0.015028476715088,true,true,true,true,true,NONE
4300,SAMPLE,ARM_AND_ACQUISITION,false,true,0,3,166.97492980957,166.97492980957,36.580829620361,-0.036552429199219,false,true,true,true,false,ARM
4305,SAMPLE,ARM_AND_ACQUISITION,false,true,0,8,174.0220489502,174.0220489502,73.384780883789,-0.073464393615723,false,true,true,true,false,ARM
4310,SAMPLE,ARM_AND_ACQUISITION,false,true,0,13,176.88786315918,176.88786315918,88.26815032959,-0.088372707366943,false,true,true,true,false,ARM
4315,SAMPLE,ARM_AND_ACQUISITION,false,true,0,18,177.78904724121,177.78904724121,92.93416595459,-0.093070983886719,false,true,true,true,false,ARM
4320,SAMPLE,ARM_AND_ACQUISITION,false,true,0,23,178.53080749512,178.53080749512,96.767440795898,-0.096905708312988,false,true,true,true,false,ARM
4325,SAMPLE,ARM_AND_ACQUISITION,false,true,0,28,178.83239746094,178.83239746094,98.322525024414,-0.098487854003906,false,true,true,true,false,ARM
4330,SAMPLE,ARM_AND_ACQUISITION,false,true,0,33,179.0375213623,179.0375213623,99.378593444824,-0.099542617797852,false,true,true,true,false,ARM
4335,SAMPLE,ARM_AND_ACQUISITION,false,true,0,38,179.01031494141,179.01031494141,99.236373901367,-0.099398612976074,false,true,true,true,false,ARM
4340,SAMPLE,ARM_AND_ACQUISITION,false,true,0,43,178.96138000488,178.96138000488,98.982391357422,-0.099158763885498,false,true,true,true,false,ARM
4345,SAMPLE,ARM_AND_ACQUISITION,false,true,0,48,178.94110107422,178.94110107422,98.876182556152,-0.099063396453857,false,true,true,true,false,ARM
4350,SAMPLE,ARM_AND_ACQUISITION,false,true,0,53,178.77017211914,178.77017211914,97.99560546875,-0.098152637481689,false,true,true,true,false,ARM
4355,SAMPLE,ARM_AND_ACQUISITION,false,true,0,58,178.06680297852,178.06680297852,94.374092102051,-0.094509124755859,false,true,true,true,false,ARM
4360,SAMPLE,ARM_AND_ACQUISITION,false,true,0,63,177.62004089355,177.62004089355,92.074394226074,-0.092160224914551,false,true,true,true,false,ARM
4365,SAMPLE,ARM_AND_ACQUISITION,false,true,0,68,177.43533325195,177.43533325195,91.127296447754,-0.091249465942383,false,true,true,true,false,ARM
4370,SAMPLE,ARM_AND_ACQUISITION,false,true,0,73,177.19680786133,177.19680786133,89.894393920898,-0.089954853057861,false,true,true,true,false,ARM
4375,SAMPLE,ARM_AND_ACQUISITION,false,true,0,78,176.63876342773,176.63876342773,86.997215270996,-0.08707857131958,false,true,true,true,false,ARM
4380,SAMPLE,ARM_AND_ACQUISITION,false,true,0,83,175.96620178223,175.96620178223,83.503868103027,-0.083579540252686,false,true,true,true,false,ARM
4385,SAMPLE,ARM_AND_ACQUISITION,false,true,0,88,175.4409942627,175.4409942627,80.775703430176,-0.080798625946045,false,true,true,true,false,ARM
4390,SAMPLE,ARM_AND_ACQUISITION,false,true,0,93,175.09101867676,175.09101867676,78.957214355469,-0.079025268554688,false,true,true,true,false,ARM
4395,SAMPLE,ARM_AND_ACQUISITION,false,true,0,98,174.85874938965,174.85874938965,77.749954223633,-0.077778816223145,false,true,true,true,false,ARM
4400,SAMPLE,ARM_AND_ACQUISITION,false,true,0,103,174.72607421875,174.72607421875,77.060272216797,-0.077107906341553,false,true,true,true,false,ARM
4405,SAMPLE,ARM_AND_ACQUISITION,false,true,0,108,174.6770324707,174.6770324707,76.80541229248,-0.076819896697998,false,true,true,true,false,ARM
4410,SAMPLE,ARM_AND_ACQUISITION,false,true,0,113,174.67535400391,174.67535400391,76.796859741211,-0.076819896697998,false,true,true,true,false,ARM
4415,SAMPLE,ARM_AND_ACQUISITION,false,true,0,118,174.66397094727,174.66397094727,76.737655639648,-0.076772212982178,false,true,true,true,false,ARM
4420,SAMPLE,ARM_AND_ACQUISITION,false,true,0,123,174.82440185547,174.82440185547,77.572418212891,-0.077587127685547,false,true,true,true,false,ARM
4425,SAMPLE,ARM_AND_ACQUISITION,false,true,0,128,174.83309936523,174.83309936523,77.617637634277,-0.077682971954346,false,true,true,true,false,ARM
4430,SAMPLE,ARM_AND_ACQUISITION,false,true,0,133,174.95620727539,174.95620727539,78.257759094238,-0.078306198120117,false,true,true,true,false,ARM
4435,SAMPLE,ARM_AND_ACQUISITION,false,true,0,138,175.21569824219,175.21569824219,79.60693359375,-0.079648494720459,false,true,true,true,false,ARM
4440,SAMPLE,ARM_AND_ACQUISITION,false,true,0,143,175.59004211426,175.59004211426,81.552558898926,-0.081614017486572,false,true,true,true,false,ARM
4445,SAMPLE,ARM_AND_ACQUISITION,false,true,0,148,175.72196960449,175.72196960449,82.238037109375,-0.082284927368164,false,true,true,true,false,ARM
4450,SAMPLE,ARM_AND_ACQUISITION,false,true,0,153,175.6999206543,175.6999206543,82.123573303223,-0.082189083099365,false,true,true,true,false,ARM
4455,SAMPLE,ARM_AND_ACQUISITION,false,true,0,158,175.57737731934,175.57737731934,81.487205505371,-0.081565856933594,false,true,true,true,false,ARM
4460,SAMPLE,ARM_AND_ACQUISITION,false,true,0,163,175.64483642578,175.64483642578,81.83797454834,-0.081901550292969,false,true,true,true,false,ARM
4465,SAMPLE,ARM_AND_ACQUISITION,false,true,0,168,175.80758666992,175.80758666992,82.683708190918,-0.082764148712158,false,true,true,true,false,ARM
4470,SAMPLE,ARM_AND_ACQUISITION,false,true,0,173,175.83395385742,175.83395385742,82.820472717285,-0.082860469818115,false,true,true,true,false,ARM
4475,SAMPLE,ARM_AND_ACQUISITION,false,true,0,178,176.21392822266,176.21392822266,84.793914794922,-0.084873676300049,false,true,true,true,false,ARM
4480,SAMPLE,ARM_AND_ACQUISITION,false,true,0,183,177.14547729492,177.14547729492,89.628128051758,-0.089715480804443,false,true,true,true,false,ARM
4485,SAMPLE,ARM_AND_ACQUISITION,false,true,0,188,179.42951965332,179.42951965332,101.45230865479,-0.10160398483276,false,true,true,true,false,ARM
4490,SAMPLE,ARM_AND_ACQUISITION,false,true,0,193,181.35638427734,181.35638427734,111.39402008057,-0.11162281036377,false,true,true,true,false,ARM
4495,SAMPLE,ARM_AND_ACQUISITION,false,true,0,198,183.72711181641,183.72711181641,123.57657623291,-0.12384700775146,false,true,true,true,false,ARM
4500,SAMPLE,ARM_AND_ACQUISITION,false,true,0,203,186.36608886719,186.36608886719,137.05015563965,-0.13746118545532,false,true,true,true,false,ARM
4505,SAMPLE,ARM_AND_ACQUISITION,false,true,0,208,188.30456542969,188.30456542969,146.86947631836,-0.14748001098633,false,true,true,true,false,ARM
4510,SAMPLE,ARM_AND_ACQUISITION,false,true,0,213,189.47973632813,189.47973632813,152.78598022461,-0.15347242355347,false,true,true,true,false,ARM
4515,SAMPLE,ARM_AND_ACQUISITION,false,true,0,218,190.11087036133,190.11087036133,155.94891357422,-0.15668439865112,false,true,true,true,false,ARM
4520,SAMPLE,ARM_AND_ACQUISITION,false,true,0,223,190.48822021484,190.48822021484,157.83419799805,-0.15860176086426,false,true,true,true,false,ARM
4525,SAMPLE,ARM_AND_ACQUISITION,false,true,0,228,190.83210754395,190.83210754395,159.54878234863,-0.16037511825562,false,true,true,true,false,ARM
4530,SAMPLE,ARM_AND_ACQUISITION,false,true,0,233,191.09280395508,191.09280395508,160.84777832031,-0.16171789169312,false,true,true,true,false,ARM
4535,SAMPLE,ARM_AND_ACQUISITION,false,true,0,238,191.28799438477,191.28799438477,161.82151794434,-0.16272401809692,false,true,true,true,false,ARM
4540,SAMPLE,ARM_AND_ACQUISITION,false,true,0,243,191.45487976074,191.45487976074,162.65466308594,-0.16358709335327,false,true,true,true,false,ARM
4545,SAMPLE,ARM_AND_ACQUISITION,false,true,0,248,191.57437133789,191.57437133789,163.25294494629,-0.16421031951904,false,true,true,true,false,ARM
4550,SAMPLE,ARM_AND_ACQUISITION,false,true,0,253,191.70413208008,191.70413208008,163.90267944336,-0.16483354568481,false,true,true,true,false,ARM
4555,SAMPLE,ARM_AND_ACQUISITION,false,true,0,258,191.77024841309,191.77024841309,164.23460388184,-0.16516923904419,false,true,true,true,false,ARM
4560,SAMPLE,ARM_AND_ACQUISITION,false,true,0,263,191.82119750977,191.82119750977,164.49052429199,-0.16545677185059,false,true,true,true,false,ARM
4565,SAMPLE,ARM_AND_ACQUISITION,false,true,0,268,191.84524536133,191.84524536133,164.61134338379,-0.16555261611938,false,true,true,true,false,ARM
4570,SAMPLE,ARM_AND_ACQUISITION,false,true,0,273,191.7046661377,191.7046661377,163.92669677734,-0.16483354568481,false,true,true,true,false,ARM
4575,SAMPLE,ARM_AND_ACQUISITION,false,true,0,278,190.99494934082,190.99494934082,160.42652893066,-0.16123819351196,false,true,true,true,false,ARM
4580,SAMPLE,ARM_AND_ACQUISITION,false,true,0,283,190.48039245605,190.48039245605,157.89717102051,-0.15860176086426,false,true,true,true,false,ARM
4585,SAMPLE,ARM_AND_ACQUISITION,false,true,0,288,190.42152404785,190.42152404785,157.64131164551,-0.15826606750488,false,true,true,true,false,ARM
4590,SAMPLE,ARM_AND_ACQUISITION,false,true,0,293,190.66229248047,190.66229248047,158.87840270996,-0.15951251983643,false,true,true,true,false,ARM
4595,SAMPLE,ARM_AND_ACQUISITION,false,true,0,298,191.03190612793,191.03190612793,160.75547790527,-0.16142988204956,false,true,true,true,false,ARM
4600,SAMPLE,ARM_AND_ACQUISITION,false,true,0,303,191.12287902832,191.12287902832,161.21545410156,-0.16186141967773,false,true,true,true,false,ARM
4605,SAMPLE,ARM_AND_ACQUISITION,false,true,0,308,191.09036254883,191.09036254883,161.05139160156,-0.16171789169312,false,true,true,true,false,ARM
4610,SAMPLE,ARM_AND_ACQUISITION,false,true,0,313,190.8616027832,190.8616027832,159.89688110352,-0.16051912307739,false,true,true,true,false,ARM
4615,SAMPLE,ARM_AND_ACQUISITION,false,true,0,318,190.78651428223,190.78651428223,159.51773071289,-0.1601357460022,false,true,true,true,false,ARM
4620,SAMPLE,ARM_AND_ACQUISITION,false,true,0,323,191.05924987793,191.05924987793,160.89389038086,-0.16157388687134,false,true,true,true,false,ARM
4625,SAMPLE,ARM_AND_ACQUISITION,false,true,0,328,191.15670776367,191.15670776367,161.38505554199,-0.16205310821533,false,true,true,true,false,ARM
4630,SAMPLE,ARM_AND_ACQUISITION,false,true,0,333,191.00811767578,191.00811767578,160.63383483887,-0.16128635406494,false,true,true,true,false,ARM
4635,SAMPLE,ARM_AND_ACQUISITION,false,true,0,338,190.60820007324,190.60820007324,158.60829162598,-0.15922498703003,false,true,true,true,false,ARM
4640,SAMPLE,ARM_AND_ACQUISITION,false,true,0,343,189.99468994141,189.99468994141,155.50021362305,-0.15606069564819,false,true,true,true,false,ARM
4645,SAMPLE,ARM_AND_ACQUISITION,false,true,0,348,190.04995727539,190.04995727539,155.78350830078,-0.15634870529175,false,true,true,true,false,ARM
4650,SAMPLE,ARM_AND_ACQUISITION,false,true,0,353,190.44332885742,190.44332885742,157.77667236328,-0.1584095954895,false,true,true,true,false,ARM
4655,SAMPLE,ARM_AND_ACQUISITION,false,true,0,358,190.68399047852,190.68399047852,158.99362182617,-0.15960836410522,false,true,true,true,false,ARM
4660,SAMPLE,ARM_AND_ACQUISITION,false,true,0,363,190.84417724609,190.84417724609,159.80249023438,-0.16042327880859,false,true,true,true,false,ARM
4665,SAMPLE,ARM_AND_ACQUISITION,false,true,0,368,190.95132446289,190.95132446289,160.34286499023,-0.16099882125854,false,true,true,true,false,ARM
4670,SAMPLE,ARM_AND_ACQUISITION,false,true,0,373,164.15283203125,164.15283203125,21.791275024414,-0.021739482879639,false,true,true,true,false,ARM
4675,SAMPLE,ARM_AND_ACQUISITION,false,true,0,378,139.10908508301,139.10908508301,-108.99503326416,0.10917794704437,false,true,true,true,false,ARM
4680,SAMPLE,ARM_AND_ACQUISITION,false,true,0,383,150.17234802246,150.17234802246,-51.513248443604,0.051509022712708,false,true,true,true,false,ARM
4685,SAMPLE,ARM_AND_ACQUISITION,false,true,0,388,156.02404785156,156.02404785156,-20.863788604736,0.02078104019165,false,true,true,true,false,ARM
4690,SAMPLE,ARM_AND_ACQUISITION,false,true,3,0,158.1296081543,158.1296081543,-9.8165378570557,0.0097552537918091,true,true,true,true,true,NONE
4695,SAMPLE,ARM_AND_ACQUISITION,false,true,8,0,159.1201171875,159.1201171875,-4.6181373596191,0.0045781135559082,true,true,true,true,true,NONE
4700,SAMPLE,ARM_AND_ACQUISITION,false,true,0,4,159.5186920166,159.5186920166,-2.5262033939362,0.0024687051773071,true,false,false,false,false,ACQUISITION
4705,SAMPLE,ARM_AND_ACQUISITION,false,true,0,9,159.7735748291,159.7735748291,-1.1884229183197,0.0011265277862549,true,false,false,false,false,ACQUISITION
4710,SAMPLE,ARM_AND_ACQUISITION,false,true,0,14,143.04661560059,143.04661560059,-88.631629943848,0.088708519935608,false,true,true,true,false,ARM
4715,SAMPLE,ARM_AND_ACQUISITION,false,true,0,19,121.58277893066,121.58277893066,-197.65585327148,0.19891715049744,false,true,true,true,false,ARM
4720,SAMPLE,ARM_AND_ACQUISITION,false,true,0,24,104.71389770508,104.71389770508,-278.66641235352,0.28237664699554,false,true,true,true,false,ARM
4725,SAMPLE,ARM_AND_ACQUISITION,false,true,0,29,100.6587677002,100.6587677002,-297.35125732422,0.30188727378845,false,true,true,true,false,ARM
4730,SAMPLE,ARM_AND_ACQUISITION,false,true,0,34,97.776901245117,97.776901245117,-310.42483520508,0.3155974149704,false,true,true,true,false,ARM
4735,SAMPLE,ARM_AND_ACQUISITION,false,true,0,39,96.866401672363,96.866401672363,-314.51797485352,0.31991183757782,false,true,true,true,false,ARM
4740,SAMPLE,ARM_AND_ACQUISITION,false,true,0,44,96.331665039063,96.331665039063,-316.91333007813,0.32245242595673,false,true,true,true,false,ARM
4745,SAMPLE,ARM_AND_ACQUISITION,false,true,0,49,96.15153503418,96.15153503418,-317.71789550781,0.32331538200378,false,true,true,true,false,ARM
4750,SAMPLE,ARM_AND_ACQUISITION,false,true,0,54,96.063117980957,96.063117980957,-318.11102294922,0.32369875907898,false,true,true,true,false,ARM
4755,SAMPLE,ARM_AND_ACQUISITION,false,true,0,59,125.02600097656,125.02600097656,-180.54286193848,0.18151581287384,false,true,true,true,false,ARM
4760,SAMPLE,ARM_AND_ACQUISITION,false,true,0,64,145.85066223145,145.85066223145,-74.060371398926,0.10002195835114,false,true,true,true,false,ARM
4765,SAMPLE,ARM_AND_ACQUISITION,false,true,0,69,152.26019287109,152.26019287109,-40.589897155762,0.040579199790955,false,true,true,true,false,ARM
4770,SAMPLE,ARM_AND_ACQUISITION,false,true,0,74,156.35899353027,156.35899353027,-19.106830596924,0.019055128097534,false,true,true,true,false,ARM
4775,SAMPLE,ARM_AND_ACQUISITION,false,true,4,0,158.00833129883,158.00833129883,-10.452976226807,0.010378479957581,true,true,true,true,true,NONE
4780,SAMPLE,ARM_AND_ACQUISITION,false,true,9,0,158.91053771973,158.91053771973,-5.7181000709534,0.0056806802749634,true,true,true,true,true,NONE
4785,SAMPLE,ARM_AND_ACQUISITION,false,true,0,4,159.48748779297,159.48748779297,-2.6899814605713,0.0026605129241943,true,false,false,false,false,ACQUISITION
4790,SAMPLE,ARM_AND_ACQUISITION,false,true,0,9,136.94990539551,136.94990539551,-120.10563659668,0.12034738063812,false,true,true,true,false,ARM
4795,SAMPLE,ARM_AND_ACQUISITION,false,true,0,14,144.21180725098,144.21180725098,-82.581634521484,0.082668542861938,false,true,true,true,false,ARM
4800,SAMPLE,ARM_AND_ACQUISITION,false,true,0,19,145.88130187988,145.88130187988,-73.895729064941,0.073943734169006,false,true,true,true,false,ARM
4805,SAMPLE,ARM_AND_ACQUISITION,false,true,0,24,145.41450500488,145.41450500488,-76.320007324219,0.076388597488403,false,true,true,true,false,ARM
4810,SAMPLE,ARM_AND_ACQUISITION,false,true,0,29,144.62405395508,144.62405395508,-80.426918029785,0.080463290214539,false,true,true,true,false,ARM
4815,SAMPLE,ARM_AND_ACQUISITION,false,true,0,34,143.87734985352,143.87734985352,-84.305290222168,0.084394216537476,false,true,true,true,false,ARM
4820,SAMPLE,ARM_AND_ACQUISITION,false,true,0,39,143.01295471191,143.01295471191,-88.792129516602,0.088852405548096,false,true,true,true,false,ARM
4825,SAMPLE,ARM_AND_ACQUISITION,false,true,0,44,141.98426818848,141.98426818848,-94.12483215332,0.094221472740173,false,true,true,true,false,ARM
4830,SAMPLE,ARM_AND_ACQUISITION,false,true,0,49,141.32467651367,141.32467651367,-97.540061950684,0.097672820091248,false,true,true,true,false,ARM
4835,SAMPLE,ARM_AND_ACQUISITION,false,true,0,54,140.77513122559,140.77513122559,-100.38366699219,0.10054922103882,false,true,true,true,false,ARM
4840,SAMPLE,ARM_AND_ACQUISITION,false,true,0,59,140.2759552002,140.2759552002,-102.96176147461,0.10313785076141,false,true,true,true,false,ARM
4845,SAMPLE,ARM_AND_ACQUISITION,false,true,0,64,139.76167297363,139.76167297363,-105.61528015137,0.10582232475281,false,true,true,true,false,ARM
4850,SAMPLE,ARM_AND_ACQUISITION,false,true,0,69,139.35040283203,139.35040283203,-107.73590087891,0.10793161392212,false,true,true,true,false,ARM
4855,SAMPLE,ARM_AND_ACQUISITION,false,true,0,74,138.95021057129,138.95021057129,-109.79780578613,0.10999286174774,false,true,true,true,false,ARM
4860,SAMPLE,ARM_AND_ACQUISITION,false,true,0,79,138.78868103027,138.78868103027,-110.63444519043,0.1108558177948,false,true,true,true,false,ARM
4865,SAMPLE,ARM_AND_ACQUISITION,false,true,0,84,138.68968200684,138.68968200684,-111.14864349365,0.11138308048248,false,true,true,true,false,ARM
4870,SAMPLE,ARM_AND_ACQUISITION,false,true,0,89,138.55500793457,138.55500793457,-111.84558868408,0.11205422878265,false,true,true,true,false,ARM
4875,SAMPLE,ARM_AND_ACQUISITION,false,true,0,94,138.41156005859,138.41156005859,-112.58716583252,0.11282122135162,false,true,true,true,false,ARM
4880,SAMPLE,ARM_AND_ACQUISITION,false,true,0,99,138.55905151367,138.55905151367,-111.82897186279,0.11205422878265,false,true,true,true,false,ARM
4885,SAMPLE,ARM_AND_ACQUISITION,false,true,0,104,138.88191223145,138.88191223145,-110.16626739502,0.11037635803223,false,true,true,true,false,ARM
4890,SAMPLE,ARM_AND_ACQUISITION,false,true,0,109,139.02534484863,139.02534484863,-109.42720031738,0.10960936546326,false,true,true,true,false,ARM
4895,SAMPLE,ARM_AND_ACQUISITION,false,true,0,114,139.07481384277,139.07481384277,-109.17226409912,0.10936975479126,false,true,true,true,false,ARM
4900,SAMPLE,ARM_AND_ACQUISITION,false,true,0,119,139.03547668457,139.03547668457,-109.37505340576,0.10956144332886,false,true,true,true,false,ARM
4905,SAMPLE,ARM_AND_ACQUISITION,false,true,0,124,139.1304473877,139.1304473877,-108.8854598999,0.10908210277557,false,true,true,true,false,ARM
4910,SAMPLE,ARM_AND_ACQUISITION,false,true,0,129,139.28701782227,139.28701782227,-108.07814025879,0.1082671880722,false,true,true,true,false,ARM
4915,SAMPLE,ARM_AND_ACQUISITION,false,true,0,134,139.33174133301,139.33174133301,-107.84750366211,0.10802745819092,false,true,true,true,false,ARM
4920,SAMPLE,ARM_AND_ACQUISITION,false,true,0,139,139.46447753906,139.46447753906,-107.16284179688,0.10735630989075,false,true,true,true,false,ARM
4925,SAMPLE,ARM_AND_ACQUISITION,false,true,0,144,139.58572387695,139.58572387695,-106.53731536865,0.10668528079987,false,true,true,true,false,ARM
4930,SAMPLE,ARM_AND_ACQUISITION,false,true,0,149,139.72311401367,139.72311401367,-105.82833099365,0.10601413249969,false,true,true,true,false,ARM
4935,SAMPLE,ARM_AND_ACQUISITION,false,true,0,154,139.81289672852,139.81289672852,-105.3649520874,0.10553467273712,false,true,true,true,false,ARM
4940,SAMPLE,ARM_AND_ACQUISITION,false,true,0,159,139.98931884766,139.98931884766,-104.45422363281,0.10462379455566,false,true,true,true,false,ARM
4945,SAMPLE,ARM_AND_ACQUISITION,false,true,0,164,140.14524841309,140.14524841309,-103.64906311035,0.10380887985229,false,true,true,true,false,ARM
4950,SAMPLE,ARM_AND_ACQUISITION,false,true,0,169,140.25968933105,140.25968933105,-103.05799102783,0.10318577289581,false,true,true,true,false,ARM
4955,SAMPLE,ARM_AND_ACQUISITION,false,true,0,174,140.39323425293,140.39323425293,-102.36815643311,0.10251462459564,false,true,true,true,false,ARM
4960,SAMPLE,ARM_AND_ACQUISITION,false,true,0,179,140.60345458984,140.60345458984,-101.28190612793,0.10174763202667,false,true,true,true,false,ARM
4965,SAMPLE,ARM_AND_ACQUISITION,false,true,0,184,140.72497558594,140.72497558594,-100.65381622314,0.1007889509201,false,true,true,true,false,ARM
4970,SAMPLE,ARM_AND_ACQUISITION,false,true,0,189,140.82609558105,140.82609558105,-100.13108062744,0.10026156902313,false,true,true,true,false,ARM
4975,SAMPLE,ARM_AND_ACQUISITION,false,true,0,194,140.94049072266,140.94049072266,-99.539604187012,0.09968638420105,false,true,true,true,false,ARM
4980,SAMPLE,ARM_AND_ACQUISITION,false,true,0,199,141.07238769531,141.07238769531,-98.85750579834,0.098967313766479,false,true,true,true,false,ARM
4985,SAMPLE,ARM_AND_ACQUISITION,false,true,0,204,141.13729858398,141.13729858398,-98.521766662598,0.098631739616394,false,true,true,true,false,ARM
4990,SAMPLE,ARM_AND_ACQUISITION,false,true,0,209,141.17158508301,141.17158508301,-98.344413757324,0.098487973213196,false,true,true,true,false,ARM
4995,SAMPLE,ARM_AND_ACQUISITION,false,true,0,214,141.24038696289,141.24038696289,-97.98851776123,0.098104357719421,false,true,true,true,false,ARM
5000,SAMPLE,ARM_AND_ACQUISITION,false,true,0,219,141.32397460938,141.32397460938,-97.556091308594,0.097672820091248,false,true,true,true,false,ARM
5005,SAMPLE,ARM_AND_ACQUISITION,false,true,0,224,141.30191040039,141.30191040039,-97.670265197754,0.097816705703735,false,true,true,true,false,ARM
5010,SAMPLE,ARM_AND_ACQUISITION,false,true,0,229,141.45658874512,141.45658874512,-96.869911193848,0.097001791000366,false,true,true,true,false,ARM
5015,SAMPLE,ARM_AND_ACQUISITION,false,true,0,234,141.6872253418,141.6872253418,-95.67618560791,0.095803380012512,false,true,true,true,false,ARM
5020,SAMPLE,ARM_AND_ACQUISITION,false,true,0,239,141.79837036133,141.79837036133,-95.100769042969,0.09522807598114,false,true,true,true,false,ARM
5025,SAMPLE,ARM_AND_ACQUISITION,false,true,0,244,141.4810333252,141.4810333252,-96.743324279785,0.096857905387878,false,true,true,true,false,ARM
5030,SAMPLE,ARM_AND_ACQUISITION,false,true,0,249,140.8249206543,140.8249206543,-100.13648223877,0.10026156902313,false,true,true,true,false,ARM
5035,SAMPLE,ARM_AND_ACQUISITION,false,true,0,254,139.54522705078,139.54522705078,-106.74542999268,0.10692489147186,false,true,true,true,false,ARM
5040,SAMPLE,ARM_AND_ACQUISITION,false,true,0,259,138.52262878418,138.52262878418,-112.01641845703,0.11224591732025,false,true,true,true,false,ARM
5045,SAMPLE,ARM_AND_ACQUISITION,false,true,0,264,136.38241577148,136.38241577148,-123.01859283447,0.12327170372009,false,true,true,true,false,ARM
5050,SAMPLE,ARM_AND_ACQUISITION,false,true,0,269,134.49127197266,134.49127197266,-132.70028686523,0.1330509185791,false,true,true,true,false,ARM
5055,SAMPLE,ARM_AND_ACQUISITION,false,true,0,274,133.06639099121,133.06639099121,-139.96601867676,0.140385389328,false,true,true,true,false,ARM
5060,SAMPLE,ARM_AND_ACQUISITION,false,true,0,279,132.05503845215,132.05503845215,-145.10621643066,0.14561057090759,false,true,true,true,false,ARM
5065,SAMPLE,ARM_AND_ACQUISITION,false,true,0,284,131.30023193359,131.30023193359,-148.93287658691,0.14944553375244,false,true,true,true,false,ARM
5070,SAMPLE,ARM_AND_ACQUISITION,false,true,0,289,130.63272094727,130.63272094727,-152.30941772461,0.15289711952209,false,true,true,true,false,ARM
5075,SAMPLE,ARM_AND_ACQUISITION,false,true,0,294,129.97955322266,129.97955322266,-155.60041809082,0.15625274181366,false,true,true,true,false,ARM
5080,SAMPLE,ARM_AND_ACQUISITION,false,true,0,299,129.54023742676,129.54023742676,-157.79553222656,0.15845787525177,false,true,true,true,false,ARM
5085,SAMPLE,ARM_AND_ACQUISITION,false,true,0,304,129.45709228516,129.45709228516,-158.17765808105,0.15888929367065,false,true,true,true,false,ARM
5090,SAMPLE,ARM_AND_ACQUISITION,false,true,0,309,129.51515197754,129.51515197754,-157.7574005127,0.15903306007385,false,true,true,true,false,ARM
5095,SAMPLE,ARM_AND_ACQUISITION,false,true,0,314,129.78701782227,129.78701782227,-156.25036621094,0.15721142292023,false,true,true,true,false,ARM
5100,SAMPLE,ARM_AND_ACQUISITION,false,true,0,319,129.85092163086,129.85092163086,-155.7042388916,0.15687584877014,false,true,true,true,false,ARM
5105,SAMPLE,ARM_AND_ACQUISITION,false,true,0,324,129.70658874512,129.70658874512,-156.15170288086,0.15764284133911,false,true,true,true,false,ARM
5110,SAMPLE,ARM_AND_ACQUISITION,false,true,0,329,129.64527893066,129.64527893066,-156.13642883301,0.1579304933548,false,true,true,true,false,ARM
5115,SAMPLE,ARM_AND_ACQUISITION,false,true,0,334,129.79235839844,129.79235839844,-154.9965057373,0.15721142292023,false,true,true,true,false,ARM
5120,SAMPLE,ARM_AND_ACQUISITION,false,true,0,339,130.11041259766,130.11041259766,-153.2495880127,0.15558159351349,false,true,true,true,false,ARM
5125,SAMPLE,ARM_AND_ACQUISITION,false,true,0,344,130.13311767578,130.13311767578,-153.0357208252,0.15543782711029,false,true,true,true,false,ARM
5130,SAMPLE,ARM_AND_ACQUISITION,false,true,0,349,129.90475463867,129.90475463867,-154.15110778809,0.15658831596375,false,true,true,true,false,ARM
5135,SAMPLE,ARM_AND_ACQUISITION,false,true,0,354,129.52624511719,129.52624511719,-156.10064697266,0.15855371952057,false,true,true,true,false,ARM
5140,SAMPLE,ARM_AND_ACQUISITION,false,true,0,359,129.12699890137,129.12699890137,-158.32873535156,0.16061496734619,false,true,true,true,false,ARM
5145,SAMPLE,ARM_AND_ACQUISITION,false,true,0,364,129.02062988281,129.02062988281,-159.20320129395,0.16114234924316,false,true,true,true,false,ARM
5150,SAMPLE,ARM_AND_ACQUISITION,false,true,0,369,128.96656799316,128.96656799316,-159.85055541992,0.16143000125885,false,true,true,true,false,ARM
5155,SAMPLE,ARM_AND_ACQUISITION,false,true,0,374,128.52279663086,128.52279663086,-162.32200622559,0.16368305683136,false,true,true,true,false,ARM
5160,SAMPLE,ARM_AND_ACQUISITION,false,true,0,379,128.23173522949,128.23173522949,-163.859375,0.1651691198349,false,true,true,true,false,ARM
5165,SAMPLE,ARM_AND_ACQUISITION,false,true,0,384,127.62284088135,127.62284088135,-166.99502563477,0.16828501224518,false,true,true,true,false,ARM
5170,SAMPLE,ARM_AND_ACQUISITION,false,true,0,389,127.08599853516,127.08599853516,-169.71774291992,0.17101752758026,false,true,true,true,false,ARM
5175,SAMPLE,ARM_AND_ACQUISITION,false,true,0,394,126.75413513184,126.75413513184,-171.390625,0.1727432012558,false,true,true,true,false,ARM
5180,SAMPLE,ARM_AND_ACQUISITION,false,true,0,399,126.55493164063,126.55493164063,-172.39056396484,0.17374992370605,false,true,true,true,false,ARM
5185,SAMPLE,ARM_AND_ACQUISITION,false,true,0,404,126.37858581543,126.37858581543,-173.27587890625,0.17466068267822,false,true,true,true,false,ARM
5190,SAMPLE,ARM_AND_ACQUISITION,false,true,0,409,126.18612670898,126.18612670898,-174.24209594727,0.17561948299408,false,true,true,true,false,ARM
5195,SAMPLE,ARM_AND_ACQUISITION,false,true,0,414,126.10620117188,126.10620117188,-174.64205932617,0.17605090141296,false,true,true,true,false,ARM
5200,SAMPLE,ARM_AND_ACQUISITION,false,true,0,419,126.12258911133,126.12258911133,-174.55715942383,0.17595505714417,false,true,true,true,false,ARM
5205,SAMPLE,ARM_AND_ACQUISITION,false,true,0,424,126.13822174072,126.13822174072,-174.47689819336,0.17585909366608,false,true,true,true,false,ARM
5210,SAMPLE,ARM_AND_ACQUISITION,false,true,0,429,126.18859863281,126.18859863281,-174.22366333008,0.17581117153168,false,true,true,true,false,ARM
5215,SAMPLE,ARM_AND_ACQUISITION,false,true,0,434,126.32968139648,126.32968139648,-173.51188659668,0.17490041255951,false,true,true,true,false,ARM
5220,SAMPLE,ARM_AND_ACQUISITION,false,true,0,439,126.47988891602,126.47988891602,-172.75608825684,0.17413341999054,false,true,true,true,false,ARM
5225,SAMPLE,ARM_AND_ACQUISITION,false,true,0,444,126.53038024902,126.53038024902,-172.50659179688,0.17384576797485,false,true,true,true,false,ARM
5230,SAMPLE,ARM_AND_ACQUISITION,false,true,0,449,126.79717254639,126.79717254639,-171.17280578613,0.1725035905838,false,true,true,true,false,ARM
5235,SAMPLE,ARM_AND_ACQUISITION,false,true,0,454,127.22465515137,127.22465515137,-169.02922058105,0.17034637928009,false,true,true,true,false,ARM
5240,SAMPLE,ARM_AND_ACQUISITION,false,true,0,459,127.69836425781,127.69836425781,-166.65472412109,0.16790151596069,false,true,true,true,false,ARM
5245,SAMPLE,ARM_AND_ACQUISITION,false,true,0,464,127.78903198242,127.78903198242,-166.24163818359,0.16747009754181,false,true,true,true,false,ARM
5250,SAMPLE,ARM_AND_ACQUISITION,false,true,0,469,127.20723724365,127.20723724365,-169.21311950684,0.17044222354889,false,true,true,true,false,ARM
5255,SAMPLE,ARM_AND_ACQUISITION,false,true,0,474,125.95581054688,125.95581054688,-175.55068969727,0.17677009105682,false,true,true,true,false,ARM
5260,SAMPLE,ARM_AND_ACQUISITION,false,true,0,479,124.70159912109,124.70159912109,-181.87568664551,0.18314564228058,false,true,true,true,false,ARM
5265,SAMPLE,ARM_AND_ACQUISITION,false,true,0,484,123.19212341309,123.19212341309,-189.46215820313,0.19081568717957,false,true,true,true,false,ARM
5270,SAMPLE,ARM_AND_ACQUISITION,false,true,0,489,120.82685852051,120.82685852051,-201.26713562012,0.20275223255157,false,true,true,true,false,ARM
5275,SAMPLE,ARM_AND_ACQUISITION,false,true,0,494,119.38456726074,119.38456726074,-208.4006652832,0.20999085903168,false,true,true,true,false,ARM
5280,SAMPLE,ARM_AND_ACQUISITION,false,true,0,499,118.14282226563,118.14282226563,-214.49028015137,0.21622276306152,false,true,true,true,false,ARM
5285,SAMPLE,ARM_AND_ACQUISITION,false,true,0,504,117.35642242432,117.35642242432,-218.32635498047,0.22015357017517,false,true,true,true,false,ARM
5290,SAMPLE,ARM_AND_ACQUISITION,false,true,0,509,116.31472015381,116.31472015381,-223.40658569336,0.22537875175476,false,true,true,true,false,ARM
5295,SAMPLE,ARM_AND_ACQUISITION,false,true,0,514,115.88349914551,115.88349914551,-225.52075195313,0.22748804092407,false,true,true,true,false,ARM
5300,SAMPLE,ARM_AND_ACQUISITION,false,true,0,519,115.89920043945,115.89920043945,-225.45141601563,0.22744011878967,false,true,true,true,false,ARM
5305,SAMPLE,ARM_AND_ACQUISITION,false,true,0,524,116.0142364502,116.0142364502,-224.89801025391,0.2268648147583,false,true,true,true,false,ARM
5310,SAMPLE,ARM_AND_ACQUISITION,false,true,0,529,125.35397338867,125.35397338867,-178.87702941895,0.1798380613327,false,true,true,true,false,ARM
5315,SAMPLE,ARM_AND_ACQUISITION,false,true,0,534,165.43438720703,165.43438720703,28.508647918701,0.031758666038513,false,true,true,true,false,ARM
5320,SAMPLE,ARM_AND_ACQUISITION,false,true,0,539,180.07762145996,180.07762145996,104.79202270508,-0.10495948791504,false,true,true,true,false,ARM
5325,SAMPLE,ARM_AND_ACQUISITION,false,true,0,544,187.95526123047,187.95526123047,145.1637878418,-0.14565849304199,false,true,true,true,false,ARM
5330,SAMPLE,ARM_AND_ACQUISITION,false,true,0,549,192.23541259766,192.23541259766,166.80653381348,-0.16756582260132,false,true,true,true,false,ARM
5335,SAMPLE,ARM_AND_ACQUISITION,false,true,0,554,195.53855895996,195.53855895996,183.2861328125,-0.18439197540283,false,true,true,true,false,ARM
5340,SAMPLE,ARM_AND_ACQUISITION,false,true,0,559,197.18818664551,197.18818664551,191.38845825195,-0.19273328781128,false,true,true,true,false,ARM
5345,SAMPLE,ARM_AND_ACQUISITION,false,true,0,564,199.62350463867,199.62350463867,203.22050476074,-0.20495748519897,false,true,true,true,false,ARM
5350,SAMPLE,ARM_AND_ACQUISITION,false,true,0,569,202.10598754883,202.10598754883,215.21336364746,-0.21746921539307,false,true,true,true,false,ARM
5355,SAMPLE,ARM_AND_ACQUISITION,false,true,0,574,205.64039611816,205.64039611816,232.05819702148,-0.23510980606079,false,true,true,true,false,ARM
5360,SAMPLE,ARM_AND_ACQUISITION,false,true,0,579,208.7329864502,208.7329864502,246.54145812988,-0.25040197372437,false,true,true,true,false,ARM
5365,SAMPLE,ARM_AND_ACQUISITION,false,true,0,584,212.9292755127,212.9292755127,265.77276611328,-0.27091932296753,false,true,true,true,false,ARM
5370,SAMPLE,ARM_AND_ACQUISITION,false,true,0,589,220.33822631836,220.33822631836,297.81973266602,-0.30663299560547,false,true,true,true,false,ARM
5375,SAMPLE,ARM_AND_ACQUISITION,false,true,0,594,224.62878417969,224.62878417969,315.08627319336,-0.32700681686401,false,true,true,true,false,ARM
5380,SAMPLE,ARM_AND_ACQUISITION,false,true,0,599,228.14945983887,228.14945983887,328.75064086914,-0.34349727630615,false,true,true,true,false,ARM
5385,SAMPLE,ARM_AND_ACQUISITION,false,true,0,604,230.60414123535,230.60414123535,337.93795776367,-0.3548583984375,false,true,true,true,false,ARM
5390,SAMPLE,ARM_AND_ACQUISITION,false,true,0,609,226.09887695313,226.09887695313,317.60070800781,-0.33390951156616,false,true,true,true,false,ARM
5395,SAMPLE,ARM_AND_ACQUISITION,false,true,0,614,211.03811645508,211.03811645508,250.53636169434,-0.26171541213989,false,true,true,true,false,ARM
5400,SAMPLE,ARM_AND_ACQUISITION,false,true,0,619,169.80757141113,169.80757141113,49.715217590332,-0.051413059234619,false,true,true,true,false,ARM
5405,SAMPLE,ARM_AND_ACQUISITION,false,true,0,624,138.0244140625,138.0244140625,-110.97400665283,0.11478674411774,false,true,true,true,false,ARM
5410,SAMPLE,ARM_AND_ACQUISITION,false,true,0,629,129.07237243652,129.07237243652,-155.51460266113,0.16090273857117,false,true,true,true,false,ARM
5415,SAMPLE,ARM_AND_ACQUISITION,false,true,0,634,124.92871856689,124.92871856689,-176.0425567627,0.18199515342712,false,true,true,true,false,ARM
5420,SAMPLE,ARM_AND_ACQUISITION,false,true,0,639,123.39453125,123.39453125,-184.4655456543,0.18976104259491,false,true,true,true,false,ARM
5425,SAMPLE,ARM_AND_ACQUISITION,false,true,0,644,124.80903625488,124.80903625488,-178.27593994141,0.1826183795929,false,true,true,true,false,ARM
5430,SAMPLE,ARM_AND_ACQUISITION,false,true,0,649,126.70309448242,126.70309448242,-169.48817443848,0.17298293113708,false,true,true,true,false,ARM
5435,SAMPLE,ARM_AND_ACQUISITION,false,true,0,654,130.55932617188,130.55932617188,-150.77728271484,0.15323269367218,false,true,true,true,false,ARM
5440,SAMPLE,ARM_AND_ACQUISITION,false,true,0,659,133.69830322266,133.69830322266,-135.21844482422,0.13712549209595,false,true,true,true,false,ARM
5445,SAMPLE,ARM_AND_ACQUISITION,false,true,0,664,135.95802307129,135.95802307129,-123.89485168457,0.12547671794891,false,true,true,true,false,ARM
5450,SAMPLE,ARM_AND_ACQUISITION,false,true,0,669,138.18461608887,138.18461608887,-112.63851165771,0.11397182941437,false,true,true,true,false,ARM
5455,SAMPLE,ARM_AND_ACQUISITION,false,true,0,674,141.38510131836,141.38510131836,-96.338493347168,0.097385287284851,false,true,true,true,false,ARM
5460,SAMPLE,ARM_AND_ACQUISITION,false,true,0,679,143.58329772949,143.58329772949,-85.048164367676,0.085880279541016,false,true,true,true,false,ARM
5465,SAMPLE,ARM_AND_ACQUISITION,false,true,0,684,145.10412597656,145.10412597656,-77.180671691895,0.078018546104431,false,true,true,true,false,ARM
5470,SAMPLE,ARM_AND_ACQUISITION,false,true,0,689,146.44253540039,146.44253540039,-70.194038391113,0.070971608161926,false,true,true,true,false,ARM
5475,SAMPLE,ARM_AND_ACQUISITION,false,true,0,694,147.38194274902,147.38194274902,-65.186866760254,0.066082000732422,false,true,true,true,false,ARM
5480,SAMPLE,ARM_AND_ACQUISITION,false,true,0,699,147.6671295166,147.6671295166,-63.586399078369,0.065075278282166,false,true,true,true,false,ARM
5485,SAMPLE,ARM_AND_ACQUISITION,false,true,0,704,147.70007324219,147.70007324219,-63.326015472412,0.064404129981995,false,true,true,true,false,ARM
5490,SAMPLE,ARM_AND_ACQUISITION,false,true,0,709,147.69006347656,147.69006347656,-63.281642913818,0.064452171325684,false,true,true,true,false,ARM
5495,SAMPLE,ARM_AND_ACQUISITION,false,true,0,714,147.72062683105,147.72062683105,-63.061584472656,0.064308285713196,false,true,true,true,false,ARM
5500,SAMPLE,ARM_AND_ACQUISITION,false,true,0,719,147.68556213379,147.68556213379,-63.187812805176,0.064500093460083,false,true,true,true,false,ARM
5505,SAMPLE,ARM_AND_ACQUISITION,false,true,0,724,147.62864685059,147.62864685059,-63.425151824951,0.064787626266479,false,true,true,true,false,ARM
5510,SAMPLE,ARM_AND_ACQUISITION,false,true,0,729,147.58374023438,147.58374023438,-63.623512268066,0.065171122550964,false,true,true,true,false,ARM
5515,SAMPLE,ARM_AND_ACQUISITION,false,true,0,734,147.72787475586,147.72787475586,-63.000926971436,0.064308285713196,false,true,true,true,false,ARM
5520,SAMPLE,ARM_AND_ACQUISITION,false,true,0,739,147.53422546387,147.53422546387,-64.181327819824,0.065315008163452,false,true,true,true,false,ARM
5525,SAMPLE,ARM_AND_ACQUISITION,false,true,0,744,146.91670227051,146.91670227051,-67.543304443359,0.068526864051819,false,true,true,true,false,ARM
5530,SAMPLE,ARM_AND_ACQUISITION,false,true,0,749,145.96090698242,145.96090698242,-72.686248779297,0.073512315750122,false,true,true,true,false,ARM
5535,SAMPLE,ARM_AND_ACQUISITION,false,true,0,754,145.31060791016,145.31060791016,-76.192138671875,0.076915979385376,false,true,true,true,false,ARM
5540,SAMPLE,ARM_AND_ACQUISITION,false,true,0,759,144.85098266602,144.85098266602,-78.683265686035,0.079312801361084,false,true,true,true,false,ARM
5545,SAMPLE,ARM_AND_ACQUISITION,false,true,0,764,144.67343139648,144.67343139648,-79.65673828125,0.080223560333252,false,true,true,true,false,ARM
5550,SAMPLE,ARM_AND_ACQUISITION,false,true,0,769,144.58097839355,144.58097839355,-80.161880493164,0.080750942230225,false,true,true,true,false,ARM
5555,SAMPLE,ARM_AND_ACQUISITION,false,true,0,774,144.50253295898,144.50253295898,-80.583824157715,0.080990552902222,false,true,true,true,false,ARM
5560,SAMPLE,ARM_AND_ACQUISITION,false,true,0,779,144.43757629395,144.43757629395,-80.926620483398,0.081470012664795,false,true,true,true,false,ARM
5565,SAMPLE,ARM_AND_ACQUISITION,false,true,0,784,144.35029602051,144.35029602051,-81.377220153809,0.081901431083679,false,true,true,true,false,ARM
5570,SAMPLE,ARM_AND_ACQUISITION,false,true,0,789,144.20654296875,144.20654296875,-82.104110717773,0.082668542861938,false,true,true,true,false,ARM
5575,SAMPLE,ARM_AND_ACQUISITION,false,true,0,794,144.09912109375,144.09912109375,-82.638259887695,0.083243727684021,false,true,true,true,false,ARM
5580,SAMPLE,ARM_AND_ACQUISITION,false,true,0,799,143.69540405273,143.69540405273,-84.735305786133,0.085304975509644,false,true,true,true,false,ARM
5585,SAMPLE,ARM_AND_ACQUISITION,false,true,0,804,142.77113342285,142.77113342285,-89.519493103027,0.090146660804749,false,true,true,true,false,ARM
5590,SAMPLE,ARM_AND_ACQUISITION,false,true,0,809,141.6459197998,141.6459197998,-95.356163024902,0.09599506855011,false,true,true,true,false,ARM
5595,SAMPLE,ARM_AND_ACQUISITION,false,true,0,814,140.52336120605,140.52336120605,-101.24723052979,0.10184347629547,false,true,true,true,false,ARM
5600,SAMPLE,ARM_AND_ACQUISITION,false,true,0,819,139.95071411133,139.95071411133,-104.33051300049,0.10481560230255,false,true,true,true,false,ARM
5605,SAMPLE,ARM_AND_ACQUISITION,false,true,0,824,139.39703369141,139.39703369141,-107.26472473145,0.10769188404083,false,true,true,true,false,ARM
5610,SAMPLE,ARM_AND_ACQUISITION,false,true,0,829,138.94198608398,138.94198608398,-109.67878723145,0.10999286174774,false,true,true,true,false,ARM
5615,SAMPLE,ARM_AND_ACQUISITION,false,true,0,834,138.97398376465,138.97398376465,-109.54933929443,0.10989701747894,false,true,true,true,false,ARM
5620,SAMPLE,ARM_AND_ACQUISITION,false,true,0,839,139.2477722168,139.2477722168,-108.16753387451,0.1084588766098,false,true,true,true,false,ARM
5625,SAMPLE,ARM_AND_ACQUISITION,false,true,0,844,139.68492126465,139.68492126465,-105.93458557129,0.10620582103729,false,true,true,true,false,ARM
5630,SAMPLE,ARM_AND_ACQUISITION,false,true,0,849,139.99725341797,139.99725341797,-104.33864593506,0.10457587242126,false,true,true,true,false,ARM
5635,SAMPLE,ARM_AND_ACQUISITION,false,true,0,854,140.34568786621,140.34568786621,-102.55797576904,0.10275435447693,false,true,true,true,false,ARM
5640,SAMPLE,ARM_AND_ACQUISITION,false,true,0,859,140.50978088379,140.50978088379,-101.72060394287,0.10189139842987,false,true,true,true,false,ARM
5645,SAMPLE,ARM_AND_ACQUISITION,false,true,0,864,140.482421875,140.482421875,-101.86624145508,0.10208320617676,false,true,true,true,false,ARM
5650,SAMPLE,ARM_AND_ACQUISITION,false,true,0,869,140.40928649902,140.40928649902,-102.24522399902,0.10241878032684,false,true,true,true,false,ARM
5655,SAMPLE,ARM_AND_ACQUISITION,false,true,0,874,140.33851623535,140.33851623535,-102.60913085938,0.10280227661133,false,true,true,true,false,ARM
5660,SAMPLE,ARM_AND_ACQUISITION,false,true,0,879,140.86038208008,140.86038208008,-99.913024902344,0.10011780261993,false,true,true,true,false,ARM
5665,SAMPLE,ARM_AND_ACQUISITION,false,true,0,884,141.13061523438,141.13061523438,-98.516731262207,0.098679661750793,false,true,true,true,false,ARM
5670,SAMPLE,ARM_AND_ACQUISITION,false,true,0,889,141.30256652832,141.30256652832,-97.627334594727,0.097816705703735,false,true,true,true,false,ARM
5675,SAMPLE,ARM_AND_ACQUISITION,false,true,0,894,141.32122802734,141.32122802734,-97.53059387207,0.097720861434937,false,true,true,true,false,ARM
5680,SAMPLE,ARM_AND_ACQUISITION,false,true,0,899,141.22163391113,141.22163391113,-98.049049377441,0.098104357719421,false,true,true,true,false,ARM
5685,SAMPLE,ARM_AND_ACQUISITION,false,true,0,904,141.45727539063,141.45727539063,-96.831535339355,0.097001791000366,false,true,true,true,false,ARM
5690,SAMPLE,ARM_AND_ACQUISITION,false,true,0,909,141.57566833496,141.57566833496,-96.217887878418,0.096330642700195,false,true,true,true,false,ARM
5695,SAMPLE,ARM_AND_ACQUISITION,false,true,0,914,141.65809631348,141.65809631348,-95.789596557617,0.095899224281311,false,true,true,true,false,ARM
5700,SAMPLE,ARM_AND_ACQUISITION,false,true,0,919,141.84013366699,141.84013366699,-94.846466064453,0.094988465309143,false,true,true,true,false,ARM
5705,SAMPLE,ARM_AND_ACQUISITION,false,true,0,924,142.01414489746,142.01414489746,-93.943969726563,0.094077587127686,false,true,true,true,false,ARM
5710,SAMPLE,ARM_AND_ACQUISITION,false,true,0,929,142.09269714355,142.09269714355,-93.536544799805,0.093694090843201,false,true,true,true,false,ARM
5715,SAMPLE,ARM_AND_ACQUISITION,false,true,0,934,142.2977142334,142.2977142334,-92.474060058594,0.092591524124146,false,true,true,true,false,ARM
5720,SAMPLE,ARM_AND_ACQUISITION,false,true,0,939,142.47277832031,142.47277832031,-91.567802429199,0.091680765151978,false,true,true,true,false,ARM
5725,SAMPLE,ARM_AND_ACQUISITION,false,true,0,944,141.92300415039,141.92300415039,-94.43253326416,0.094556927680969,false,true,true,true,false,ARM
5730,SAMPLE,ARM_AND_ACQUISITION,false,true,0,949,141.7208404541,141.7208404541,-95.489181518555,0.095611572265625,false,true,true,true,false,ARM
5735,SAMPLE,ARM_AND_ACQUISITION,false,true,0,954,141.642578125,141.642578125,-95.906089782715,0.09599506855011,false,true,true,true,false,ARM
5740,SAMPLE,ARM_AND_ACQUISITION,false,true,0,959,141.81587219238,141.81587219238,-95.008880615234,0.095132231712341,false,true,true,true,false,ARM
5745,SAMPLE,ARM_AND_ACQUISITION,false,true,0,964,141.73651123047,141.73651123047,-95.411811828613,0.095515727996826,false,true,true,true,false,ARM
5750,SAMPLE,ARM_AND_ACQUISITION,false,true,0,969,141.39559936523,141.39559936523,-97.173858642578,0.097289323806763,false,true,true,true,false,ARM
5755,SAMPLE,ARM_AND_ACQUISITION,false,true,0,974,140.94570922852,140.94570922852,-99.503074645996,0.09963846206665,false,true,true,true,false,ARM
5760,SAMPLE,ARM_AND_ACQUISITION,false,true,0,979,140.80267333984,140.80267333984,-100.2442855835,0.10035741329193,false,true,true,true,false,ARM
5765,SAMPLE,ARM_AND_ACQUISITION,false,true,0,984,140.70971679688,140.70971679688,-100.72661590576,0.1008847951889,false,true,true,true,false,ARM
5770,SAMPLE,ARM_AND_ACQUISITION,false,true,0,989,140.54832458496,140.54832458496,-101.56195831299,0.10174763202667,false,true,true,true,false,ARM
5775,SAMPLE,ARM_AND_ACQUISITION,false,true,0,994,140.6188659668,140.6188659668,-101.19815826416,0.10136413574219,false,true,true,true,false,ARM
5780,SAMPLE,ARM_AND_ACQUISITION,false,true,0,999,140.79014587402,140.79014587402,-100.31343841553,0.10045337677002,false,true,true,true,false,ARM
5785,SAMPLE,ARM_AND_ACQUISITION,false,true,0,1004,140.74000549316,140.74000549316,-100.57276153564,0.10069298744202,false,true,true,true,false,ARM
5790,SAMPLE,ARM_AND_ACQUISITION,false,true,0,1009,140.43534851074,140.43534851074,-102.14736175537,0.10232281684875,false,true,true,true,false,ARM
5795,SAMPLE,ARM_AND_ACQUISITION,false,true,0,1014,140.11575317383,140.11575317383,-103.79870605469,0.10395276546478,false,true,true,true,false,ARM
5800,SAMPLE,ARM_AND_ACQUISITION,false,true,0,1019,139.89204406738,139.89204406738,-104.95412445068,0.10515117645264,false,true,true,true,false,ARM
5805,SAMPLE,ARM_AND_ACQUISITION,false,true,0,1024,139.72708129883,139.72708129883,-105.80551147461,0.10601413249969,false,true,true,true,false,ARM
5810,SAMPLE,ARM_AND_ACQUISITION,false,true,0,1029,139.65060424805,139.65060424805,-106.20008087158,0.10634970664978,false,true,true,true,false,ARM
5815,SAMPLE,ARM_AND_ACQUISITION,false,true,0,1034,139.59762573242,139.59762573242,-106.47337341309,0.10663735866547,false,true,true,true,false,ARM
5820,SAMPLE,ARM_AND_ACQUISITION,false,true,0,1039,139.56629943848,139.56629943848,-106.63492584229,0.10682904720306,false,true,true,true,false,ARM
5825,SAMPLE,ARM_AND_ACQUISITION,false,true,0,1044,139.75468444824,139.75468444824,-105.66284179688,0.10582232475281,false,true,true,true,false,ARM
5830,SAMPLE,ARM_AND_ACQUISITION,false,true,0,1049,140.02612304688,140.02612304688,-104.26178741455,0.10443210601807,false,true,true,true,false,ARM
5835,SAMPLE,ARM_AND_ACQUISITION,false,true,0,1054,140.05480957031,140.05480957031,-104.11409759521,0.10428833961487,false,true,true,true,false,ARM
5840,SAMPLE,ARM_AND_ACQUISITION,false,true,0,1059,139.14079284668,139.14079284668,-108.83103942871,0.10903418064117,false,true,true,true,false,ARM
5845,SAMPLE,ARM_AND_ACQUISITION,false,true,0,1064,137.82348632813,137.82348632813,-115.61492919922,0.1158412694931,false,true,true,true,false,ARM
5850,SAMPLE,ARM_AND_ACQUISITION,false,true,0,1069,136.2433013916,136.2433013916,-123.7318572998,0.12403869628906,false,true,true,true,false,ARM
5855,SAMPLE,ARM_AND_ACQUISITION,false,true,0,1074,133.78953552246,133.78953552246,-136.2837677002,0.13669407367706,false,true,true,true,false,ARM
5860,SAMPLE,ARM_AND_ACQUISITION,false,true,0,1079,131.91502380371,131.91502380371,-145.81359863281,0.14632964134216,false,true,true,true,false,ARM
5865,SAMPLE,ARM_AND_ACQUISITION,false,true,0,1084,129.95417785645,129.95417785645,-155.68823242188,0.15634858608246,false,true,true,true,false,ARM
5870,SAMPLE,ARM_AND_ACQUISITION,false,true,0,1089,127.55116271973,127.55116271973,-167.54592895508,0.16866862773895,false,true,true,true,false,ARM
5875,SAMPLE,ARM_AND_ACQUISITION,false,true,0,1094,124.87187194824,124.87187194824,-180.25759887695,0.18228280544281,false,true,true,true,false,ARM
5880,SAMPLE,ARM_AND_ACQUISITION,false,true,0,1099,122.85121154785,122.85121154785,-189.40951538086,0.19249355792999,false,true,true,true,false,ARM
5885,SAMPLE,ARM_AND_ACQUISITION,false,true,0,1104,120.89302062988,120.89302062988,-198.06680297852,0.20236873626709,false,true,true,true,false,ARM
5890,SAMPLE,ARM_AND_ACQUISITION,false,true,0,1109,136.91973876953,136.91973876953,-118.2939453125,0.12053918838501,false,true,true,true,false,ARM
5895,SAMPLE,ARM_AND_ACQUISITION,false,true,0,1114,168.05241394043,168.05241394043,41.543849945068,-0.042209148406982,false,true,true,true,false,ARM
5900,SAMPLE,ARM_AND_ACQUISITION,false,true,0,1119,179.33006286621,179.33006286621,99.42894744873,-0.10107660293579,false,true,true,true,false,ARM
5905,SAMPLE,ARM_AND_ACQUISITION,false,true,0,1124,183.95668029785,183.95668029785,123.00553131104,-0.12504529953003,false,true,true,true,false,ARM
5910,SAMPLE,ARM_AND_ACQUISITION,false,true,0,1129,186.31434631348,186.31434631348,134.98274230957,-0.1372218132019,false,true,true,true,false,ARM
5915,SAMPLE,ARM_AND_ACQUISITION,false,true,0,1134,187.53935241699,187.53935241699,141.20771789551,-0.14350128173828,false,true,true,true,false,ARM
5920,SAMPLE,ARM_AND_ACQUISITION,false,true,0,1139,188.24305725098,188.24305725098,144.80155944824,-0.14709663391113,false,true,true,true,false,ARM
5925,SAMPLE,ARM_AND_ACQUISITION,false,true,0,1144,188.63439941406,188.63439941406,146.81715393066,-0.14910984039307,false,true,true,true,false,ARM
5930,SAMPLE,ARM_AND_ACQUISITION,false,true,0,1149,188.83366394043,188.83366394043,147.85615539551,-0.15016460418701,false,true,true,true,false,ARM
5935,SAMPLE,ARM_AND_ACQUISITION,false,true,0,1154,188.91442871094,188.91442871094,148.28826904297,-0.15054798126221,false,true,true,true,false,ARM
5940,SAMPLE,ARM_AND_ACQUISITION,false,true,0,1159,189.16084289551,189.16084289551,149.55046081543,-0.15184259414673,false,true,true,true,false,ARM
5945,SAMPLE,ARM_AND_ACQUISITION,false,true,0,1164,189.36859130859,189.36859130859,150.60218811035,-0.15289735794067,false,true,true,true,false,ARM
5950,SAMPLE,ARM_AND_ACQUISITION,false,true,0,1169,189.58573913574,189.58573913574,151.70442199707,-0.15399980545044,false,true,true,true,false,ARM
5955,SAMPLE,ARM_AND_ACQUISITION,false,true,0,1174,189.79925537109,189.79925537109,152.78475952148,-0.15510225296021,false,true,true,true,false,ARM
5960,SAMPLE,ARM_AND_ACQUISITION,false,true,0,1179,190.07383728027,190.07383728027,154.16497802734,-0.15649223327637,false,true,true,true,false,ARM
5965,SAMPLE,ARM_AND_ACQUISITION,false,true,0,1184,189.71615600586,189.71615600586,152.58280944824,-0.15467071533203,false,true,true,true,false,ARM
5970,SAMPLE,ARM_AND_ACQUISITION,false,true,0,1189,189.27719116211,189.27719116211,150.56930541992,-0.15241765975952,false,true,true,true,false,ARM
5975,SAMPLE,ARM_AND_ACQUISITION,false,true,0,1194,188.71392822266,188.71392822266,148.09870910645,-0.14954137802124,false,true,true,true,false,ARM
5980,SAMPLE,ARM_AND_ACQUISITION,false,true,0,1199,188.78485107422,188.78485107422,148.76358032227,-0.14987707138062,false,true,true,true,false,ARM
5985,SAMPLE,ARM_AND_ACQUISITION,false,true,0,1204,188.99639892578,188.99639892578,150.03109741211,-0.15097951889038,false,true,true,true,false,ARM
5990,SAMPLE,ARM_AND_ACQUISITION,false,true,0,1209,188.93254089355,188.93254089355,149.77922058105,-0.15064382553101,false,true,true,true,false,ARM
5995,SAMPLE,ARM_AND_ACQUISITION,false,true,0,1214,188.80043029785,188.80043029785,149.13093566895,-0.14997291564941,false,true,true,true,false,ARM
6000,SAMPLE,ARM_AND_ACQUISITION,false,true,0,1219,188.66575622559,188.66575622559,148.45692443848,-0.14930200576782,false,true,true,true,false,ARM
6005,SAMPLE,ARM_AND_ACQUISITION,false,true,0,1224,188.59385681152,188.59385681152,148.09429931641,-0.14901399612427,false,true,true,true,false,ARM
6010,SAMPLE,ARM_AND_ACQUISITION,false,true,0,1229,188.58697509766,188.58697509766,148.05883789063,-0.14891815185547,false,true,true,true,false,ARM
6015,SAMPLE,ARM_AND_ACQUISITION,false,true,0,1234,188.59448242188,188.59448242188,148.09327697754,-0.14891815185547,false,true,true,true,false,ARM
6020,SAMPLE,ARM_AND_ACQUISITION,false,true,0,1239,188.59918212891,188.59918212891,148.11265563965,-0.14896631240845,false,true,true,true,false,ARM
6025,SAMPLE,ARM_AND_ACQUISITION,false,true,0,1244,188.484375,188.484375,147.52476501465,-0.14834308624268,false,true,true,true,false,ARM
6030,SAMPLE,ARM_AND_ACQUISITION,false,true,0,1249,188.26887512207,188.26887512207,146.42295837402,-0.14728832244873,false,true,true,true,false,ARM
6035,SAMPLE,ARM_AND_ACQUISITION,false,true,0,1254,187.71130371094,187.71130371094,143.57441711426,-0.14441204071045,false,true,true,true,false,ARM
6040,SAMPLE,ARM_AND_ACQUISITION,false,true,0,1259,187.10655212402,187.10655212402,140.48086547852,-0.14129590988159,false,true,true,true,false,ARM
6045,SAMPLE,ARM_AND_ACQUISITION,false,true,0,1264,186.47705078125,186.47705078125,137.26290893555,-0.13808441162109,false,true,true,true,false,ARM
6050,SAMPLE,ARM_AND_ACQUISITION,false,true,0,1269,186.29132080078,186.29132080078,136.32653808594,-0.13712549209595,false,true,true,true,false,ARM
6055,SAMPLE,ARM_AND_ACQUISITION,false,true,0,1274,186.11909484863,186.11909484863,135.51222229004,-0.13621473312378,false,true,true,true,false,ARM
6060,SAMPLE,ARM_AND_ACQUISITION,false,true,0,1279,186.21594238281,186.21594238281,136.1065826416,-0.13669443130493,false,true,true,true,false,ARM
6065,SAMPLE,ARM_AND_ACQUISITION,false,true,0,1284,186.44395446777,186.44395446777,137.35963439941,-0.1378927230835,false,true,true,true,false,ARM
6070,SAMPLE,ARM_AND_ACQUISITION,false,true,0,1289,186.86752319336,186.86752319336,139.57383728027,-0.14004993438721,false,true,true,true,false,ARM
6075,SAMPLE,ARM_AND_ACQUISITION,false,true,0,1294,187.50675964355,187.50675964355,142.85433959961,-0.1433572769165,false,true,true,true,false,ARM
6080,SAMPLE,ARM_AND_ACQUISITION,false,true,0,1299,187.95141601563,187.95141601563,145.12158203125,-0.14565849304199,false,true,true,true,false,ARM
6085,SAMPLE,ARM_AND_ACQUISITION,false,true,0,1304,188.54260253906,188.54260253906,148.13543701172,-0.14867830276489,false,true,true,true,false,ARM
6090,SAMPLE,ARM_AND_ACQUISITION,false,true,0,1309,189.7350769043,189.7350769043,154.18869018555,-0.15476655960083,false,true,true,true,false,ARM
6095,SAMPLE,ARM_AND_ACQUISITION,false,true,0,1314,190.82827758789,190.82827758789,159.72557067871,-0.16037511825562,false,true,true,true,false,ARM
6100,SAMPLE,ARM_AND_ACQUISITION,false,true,0,1319,168.583984375,168.583984375,45.008571624756,-0.080223560333252,false,true,true,true,false,ARM
6105,SAMPLE,ARM_AND_ACQUISITION,false,true,0,1324,164.34349060059,164.34349060059,22.791452407837,-0.022698402404785,false,true,true,true,false,ARM
6110,SAMPLE,ARM_AND_ACQUISITION,false,true,0,2,159.33349609375,159.33349609375,-3.4981217384338,0.0034275054931641,true,false,false,false,false,ACQUISITION
6115,SAMPLE,ARM_AND_ACQUISITION,false,true,5,0,157.60101318359,157.60101318359,-12.589869499207,0.012535691261292,true,true,true,true,true,NONE
6120,SAMPLE,ARM_AND_ACQUISITION,false,true,0,5,156.1964263916,156.1964263916,-19.95880317688,0.019918084144592,false,true,true,true,false,ARM
6125,SAMPLE,ARM_AND_ACQUISITION,false,true,0,10,155.80657958984,155.80657958984,-22.003950119019,0.021979451179504,false,true,true,true,false,ARM
6130,SAMPLE,ARM_AND_ACQUISITION,false,true,0,15,155.85282897949,155.85282897949,-21.761846542358,0.021691799163818,false,true,true,true,false,ARM
6135,SAMPLE,ARM_AND_ACQUISITION,false,true,0,20,156.01182556152,156.01182556152,-20.927320480347,0.020876884460449,false,true,true,true,false,ARM
6140,SAMPLE,ARM_AND_ACQUISITION,false,true,0,25,156.14131164551,156.14131164551,-20.246810913086,0.020205736160278,false,true,true,true,false,ARM
6145,SAMPLE,ARM_AND_ACQUISITION,false,true,0,30,156.67698669434,156.67698669434,-17.435726165771,0.017377376556396,false,true,true,true,false,ARM
6150,SAMPLE,ARM_AND_ACQUISITION,false,true,2,0,157.15637207031,157.15637207031,-14.920218467712,0.014836668968201,true,true,true,true,true,NONE
6155,SAMPLE,ARM_AND_ACQUISITION,false,true,7,0,157.30403137207,157.30403137207,-14.14457988739,0.014069676399231,true,true,true,true,true,NONE
6160,SAMPLE,ARM_AND_ACQUISITION,false,true,0,2,156.98191833496,156.98191833496,-15.832505226135,0.015747547149658,false,true,true,true,false,ARM
6165,SAMPLE,ARM_AND_ACQUISITION,false,true,0,7,156.51704406738,156.51704406738,-18.26699256897,0.018192291259766,false,true,true,true,false,ARM
6170,SAMPLE,ARM_AND_ACQUISITION,false,true,0,12,155.91970825195,155.91970825195,-21.394306182861,0.021356225013733,false,true,true,true,false,ARM
6175,SAMPLE,ARM_AND_ACQUISITION,false,true,0,17,155.27198791504,155.27198791504,-24.781709671021,0.024759769439697,false,true,true,true,false,ARM
6180,SAMPLE,ARM_AND_ACQUISITION,false,true,0,22,154.4814453125,154.4814453125,-28.905738830566,0.028882503509521,false,true,true,true,false,ARM
6185,SAMPLE,ARM_AND_ACQUISITION,false,true,0,27,153.62991333008,153.62991333008,-33.323303222656,0.033340573310852,false,true,true,true,false,ARM
6190,SAMPLE,ARM_AND_ACQUISITION,false,true,0,32,152.87109375,152.87109375,-37.222599029541,0.037367463111877,false,true,true,true,false,ARM
6195,SAMPLE,ARM_AND_ACQUISITION,false,true,0,37,151.70245361328,151.70245361328,-43.147705078125,0.043503403663635,false,true,true,true,false,ARM
6200,SAMPLE,ARM_AND_ACQUISITION,false,true,0,42,150.9782409668,150.9782409668,-46.775924682617,0.047290444374084,false,true,true,true,false,ARM
6205,SAMPLE,ARM_AND_ACQUISITION,false,true,0,47,150.5210723877,150.5210723877,-49.06534576416,0.049687266349792,false,true,true,true,false,ARM
6210,SAMPLE,ARM_AND_ACQUISITION,false,true,0,52,150.26608276367,150.26608276367,-50.333694458008,0.050981640815735,false,true,true,true,false,ARM
6215,SAMPLE,ARM_AND_ACQUISITION,false,true,0,57,150.45718383789,150.45718383789,-49.345081329346,0.050022840499878,false,true,true,true,false,ARM
6220,SAMPLE,ARM_AND_ACQUISITION,false,true,0,62,150.87275695801,150.87275695801,-47.215572357178,0.047817826271057,false,true,true,true,false,ARM
6225,SAMPLE,ARM_AND_ACQUISITION,false,true,0,67,151.6741027832,151.6741027832,-43.108905792236,0.043647289276123,false,true,true,true,false,ARM
6230,SAMPLE,ARM_AND_ACQUISITION,false,true,0,72,151.94915771484,151.94915771484,-41.699848175049,0.042209029197693,false,true,true,true,false,ARM
6235,SAMPLE,ARM_AND_ACQUISITION,false,true,0,77,152.17277526855,152.17277526855,-40.55188369751,0.041058540344238,false,true,true,true,false,ARM
6240,SAMPLE,ARM_AND_ACQUISITION,false,true,0,82,152.31170654297,152.31170654297,-39.839244842529,0.040291547775269,false,true,true,true,false,ARM
6245,SAMPLE,ARM_AND_ACQUISITION,false,true,0,87,152.52990722656,152.52990722656,-38.717975616455,0.039141058921814,false,true,true,true,false,ARM
6250,SAMPLE,ARM_AND_ACQUISITION,false,true,0,92,152.72096252441,152.72096252441,-37.734302520752,0.038134455680847,false,true,true,true,false,ARM
6255,SAMPLE,ARM_AND_ACQUISITION,false,true,0,97,152.83106994629,152.83106994629,-37.167881011963,0.037559151649475,false,true,true,true,false,ARM
6260,SAMPLE,ARM_AND_ACQUISITION,false,true,0,102,152.96278381348,152.96278381348,-36.489303588867,0.036888003349304,false,true,true,true,false,ARM
6265,SAMPLE,ARM_AND_ACQUISITION,false,true,0,107,153.20896911621,153.20896911621,-35.218460083008,0.035593628883362,false,true,true,true,false,ARM
6270,SAMPLE,ARM_AND_ACQUISITION,false,true,0,112,153.42724609375,153.42724609375,-34.089309692383,0.034443140029907,false,true,true,true,false,ARM
6275,SAMPLE,ARM_AND_ACQUISITION,false,true,0,117,153.72805786133,153.72805786133,-32.531909942627,0.032861232757568,false,true,true,true,false,ARM
6280,SAMPLE,ARM_AND_ACQUISITION,false,true,0,122,153.94525146484,153.94525146484,-31.408721923828,0.031710743904114,false,true,true,true,false,ARM
6285,SAMPLE,ARM_AND_ACQUISITION,false,true,0,127,154.20761108398,154.20761108398,-30.055591583252,0.030320525169373,false,true,true,true,false,ARM
6290,SAMPLE,ARM_AND_ACQUISITION,false,true,0,132,154.4873046875,154.4873046875,-28.638223648071,0.028834581375122,false,true,true,true,false,ARM
6295,SAMPLE,ARM_AND_ACQUISITION,false,true,0,137,154.20292663574,154.20292663574,-30.17191696167,0.030368566513062,false,true,true,true,false,ARM
6300,SAMPLE,ARM_AND_ACQUISITION,false,true,0,142,153.35165405273,153.35165405273,-34.670143127441,0.034826636314392,false,true,true,true,false,ARM
6305,SAMPLE,ARM_AND_ACQUISITION,false,true,0,147,152.63186645508,152.63186645508,-38.480239868164,0.038613796234131,false,true,true,true,false,ARM
6310,SAMPLE,ARM_AND_ACQUISITION,false,true,0,152,152.2816619873,152.2816619873,-40.347923278809,0.040435433387756,false,true,true,true,false,ARM
6315,SAMPLE,ARM_AND_ACQUISITION,false,true,0,157,152.16413879395,152.16413879395,-40.987621307373,0.041058540344238,false,true,true,true,false,ARM
6320,SAMPLE,ARM_AND_ACQUISITION,false,true,0,162,152.19688415527,152.19688415527,-40.823013305664,0.040866851806641,false,true,true,true,false,ARM
6325,SAMPLE,ARM_AND_ACQUISITION,false,true,0,167,152.28437805176,152.28437805176,-40.372051239014,0.040435433387756,false,true,true,true,false,ARM
6330,SAMPLE,ARM_AND_ACQUISITION,false,true,0,172,152.36402893066,152.36402893066,-39.957691192627,0.040003895759583,false,true,true,true,false,ARM
6335,SAMPLE,ARM_AND_ACQUISITION,false,true,0,177,152.45223999023,152.45223999023,-39.497394561768,0.039572477340698,false,true,true,true,false,ARM
6340,SAMPLE,ARM_AND_ACQUISITION,false,true,0,182,152.51078796387,152.51078796387,-39.19136428833,0.039236903190613,false,true,true,true,false,ARM
6345,SAMPLE,ARM_AND_ACQUISITION,false,true,0,187,152.63627624512,152.63627624512,-38.535053253174,0.038565874099731,false,true,true,true,false,ARM
6350,SAMPLE,ARM_AND_ACQUISITION,false,true,0,192,152.71340942383,152.71340942383,-38.130996704102,0.038182377815247,false,true,true,true,false,ARM
6355,SAMPLE,ARM_AND_ACQUISITION,false,true,0,197,152.71856689453,152.71856689453,-38.102283477783,0.038134455680847,false,true,true,true,false,ARM
6360,SAMPLE,ARM_AND_ACQUISITION,false,true,0,202,152.57894897461,152.57894897461,-38.829093933105,0.038901448249817,false,true,true,true,false,ARM
6365,SAMPLE,ARM_AND_ACQUISITION,false,true,0,207,152.36447143555,152.36447143555,-39.945606231689,0.040003895759583,false,true,true,true,false,ARM
6370,SAMPLE,ARM_AND_ACQUISITION,false,true,0,212,152.13720703125,152.13720703125,-41.128898620605,0.041202425956726,false,true,true,true,false,ARM
6375,SAMPLE,ARM_AND_ACQUISITION,false,true,0,217,151.22026062012,151.22026062012,-45.896564483643,0.046044111251831,false,true,true,true,false,ARM
6380,SAMPLE,ARM_AND_ACQUISITION,false,true,0,222,149.3981628418,149.3981628418,-55.358360290527,0.055535793304443,false,true,true,true,false,ARM
6385,SAMPLE,ARM_AND_ACQUISITION,false,true,0,227,147.19355773926,147.19355773926,-66.804145812988,0.067088723182678,false,true,true,true,false,ARM
6390,SAMPLE,ARM_AND_ACQUISITION,false,true,0,232,145.7876739502,145.7876739502,-74.085166931152,0.07442307472229,false,true,true,true,false,ARM
6395,SAMPLE,ARM_AND_ACQUISITION,false,true,0,237,144.77449035645,144.77449035645,-79.358848571777,0.079696297645569,false,true,true,true,false,ARM
6400,SAMPLE,ARM_AND_ACQUISITION,false,true,0,242,144.38621520996,144.38621520996,-81.39330291748,0.081757545471191,false,true,true,true,false,ARM
6405,SAMPLE,ARM_AND_ACQUISITION,false,true,0,247,143.85491943359,143.85491943359,-84.197448730469,0.084490060806274,false,true,true,true,false,ARM
6410,SAMPLE,ARM_AND_ACQUISITION,false,true,0,252,144.01329040527,144.01329040527,-83.421684265137,0.083675146102905,false,true,true,true,false,ARM
6415,SAMPLE,ARM_AND_ACQUISITION,false,true,0,257,144.45239257813,144.45239257813,-81.161346435547,0.081421971321106,false,true,true,true,false,ARM
6420,SAMPLE,ARM_AND_ACQUISITION,false,true,0,262,145.09906005859,145.09906005859,-77.817481994629,0.078018546104431,false,true,true,true,false,ARM
6425,SAMPLE,ARM_AND_ACQUISITION,false,true,0,267,146.09712219238,146.09712219238,-72.649017333984,0.072793245315552,false,true,true,true,false,ARM
6430,SAMPLE,ARM_AND_ACQUISITION,false,true,0,272,147.25785827637,147.25785827637,-66.627723693848,0.066753149032593,false,true,true,true,false,ARM
6435,SAMPLE,ARM_AND_ACQUISITION,false,true,0,277,148.68643188477,148.68643188477,-59.209106445313,0.059274911880493,false,true,true,true,false,ARM
6440,SAMPLE,ARM_AND_ACQUISITION,false,true,0,282,149.71655273438,149.71655273438,-53.852111816406,0.053857922554016,false,true,true,true,false,ARM
6445,SAMPLE,ARM_AND_ACQUISITION,false,true,0,287,150.61114501953,150.61114501953,-49.185943603516,0.049207925796509,false,true,true,true,false,ARM
6450,SAMPLE,ARM_AND_ACQUISITION,false,true,0,292,151.21934509277,151.21934509277,-46.012622833252,0.046044111251831,false,true,true,true,false,ARM
6455,SAMPLE,ARM_AND_ACQUISITION,false,true,0,297,151.37533569336,151.37533569336,-45.201942443848,0.045181274414063,false,true,true,true,false,ARM
6460,SAMPLE,ARM_AND_ACQUISITION,false,true,0,302,150.89129638672,150.89129638672,-47.735095977783,0.047721862792969,false,true,true,true,false,ARM
6465,SAMPLE,ARM_AND_ACQUISITION,false,true,0,307,150.70561218262,150.70561218262,-48.706470489502,0.048728585243225,false,true,true,true,false,ARM
6470,SAMPLE,ARM_AND_ACQUISITION,false,true,0,312,150.56721496582,150.56721496582,-49.429904937744,0.049447655677795,false,true,true,true,false,ARM
6475,SAMPLE,ARM_AND_ACQUISITION,false,true,0,317,150.45674133301,150.45674133301,-50.006748199463,0.050022840499878,false,true,true,true,false,ARM
6480,SAMPLE,ARM_AND_ACQUISITION,false,true,0,322,150.3722076416,150.3722076416,-50.447776794434,0.050454258918762,false,true,true,true,false,ARM
6485,SAMPLE,ARM_AND_ACQUISITION,false,true,0,327,149.9009552002,149.9009552002,-52.908058166504,0.052947163581848,false,true,true,true,false,ARM
6490,SAMPLE,ARM_AND_ACQUISITION,false,true,0,332,145.85403442383,145.85403442383,-73.990463256836,0.074087619781494,false,true,true,true,false,ARM
6495,SAMPLE,ARM_AND_ACQUISITION,false,true,0,337,139.26324462891,139.26324462891,-108.06661224365,0.1084109544754,false,true,true,true,false,ARM
6500,SAMPLE,ARM_AND_ACQUISITION,false,true,0,342,127.05001831055,127.05001831055,-170.16021728516,0.17120921611786,false,true,true,true,false,ARM
6505,SAMPLE,ARM_AND_ACQUISITION,false,true,0,347,111.76441955566,111.76441955566,-245.18757629395,0.24790954589844,false,true,true,true,false,ARM
6510,SAMPLE,ARM_AND_ACQUISITION,false,true,0,352,98.329025268555,98.329025268555,-307.71850585938,0.3129608631134,false,true,true,true,false,ARM
6515,SAMPLE,ARM_AND_ACQUISITION,false,true,0,357,130.98831176758,130.98831176758,-150.50869750977,0.15107536315918,false,true,true,true,false,ARM
6520,SAMPLE,ARM_AND_ACQUISITION,false,true,0,362,146.35211181641,146.35211181641,-71.446769714355,0.071498990058899,false,true,true,true,false,ARM
6525,SAMPLE,ARM_AND_ACQUISITION,false,true,0,367,154.478515625,154.478515625,-28.967910766602,0.028930425643921,false,true,true,true,false,ARM
6530,SAMPLE,ARM_AND_ACQUISITION,false,true,0,372,139.01870727539,139.01870727539,-109.46118927002,0.10965728759766,false,true,true,true,false,ARM
6535,SAMPLE,ARM_AND_ACQUISITION,false,true,0,377,122.93089294434,122.93089294434,-190.98107910156,0.19211006164551,false,true,true,true,false,ARM
6540,SAMPLE,ARM_AND_ACQUISITION,false,true,0,382,116.42227935791,116.42227935791,-222.96585083008,0.22480356693268,false,true,true,true,false,ARM
6545,SAMPLE,ARM_AND_ACQUISITION,false,true,0,387,114.0803604126,114.0803604126,-234.30638122559,0.23650026321411,false,true,true,true,false,ARM
6550,SAMPLE,ARM_AND_ACQUISITION,false,true,0,392,134.88157653809,134.88157653809,-130.70649719238,0.13103759288788,false,true,true,true,false,ARM
6555,SAMPLE,ARM_AND_ACQUISITION,false,true,0,397,149.83790588379,149.83790588379,-53.261447906494,0.053282737731934,false,true,true,true,false,ARM
6560,SAMPLE,ARM_AND_ACQUISITION,false,true,0,402,154.44125366211,154.44125366211,-29.163436889648,0.029122114181519,false,true,true,true,false,ARM
6565,SAMPLE,ARM_AND_ACQUISITION,false,true,2,0,157.38500976563,157.38500976563,-13.723845481873,0.013638257980347,true,true,true,true,true,NONE
6570,SAMPLE,ARM_AND_ACQUISITION,false,true,0,3,176.23915100098,176.23915100098,84.925506591797,-0.084969520568848,false,true,true,true,false,ARM
6575,SAMPLE,ARM_AND_ACQUISITION,false,true,0,8,195.15060424805,195.15060424805,181.43092346191,-0.1823787689209,false,true,true,true,false,ARM
6580,SAMPLE,ARM_AND_ACQUISITION,false,true,0,13,172.75086975098,172.75086975098,66.774551391602,-0.066801071166992,false,true,true,true,false,ARM
6585,SAMPLE,ARM_AND_ACQUISITION,false,true,3,0,162.08413696289,162.08413696289,10.938009262085,-0.010858058929443,true,true,true,true,true,NONE
6590,SAMPLE,ARM_AND_ACQUISITION,false,true,0,5,150.75637817383,150.75637817383,-48.457424163818,0.048440933227539,false,true,true,true,false,ARM
6595,SAMPLE,ARM_AND_ACQUISITION,false,true,0,10,145.96667480469,145.96667480469,-73.452476501465,0.073464393615723,false,true,true,true,false,ARM
6600,SAMPLE,ARM_AND_ACQUISITION,false,true,0,15,144.76121520996,144.76121520996,-79.722610473633,0.079792141914368,false,true,true,true,false,ARM
6605,SAMPLE,ARM_AND_ACQUISITION,false,true,0,20,143.43713378906,143.43713378906,-86.597793579102,0.086647272109985,false,true,true,true,false,ARM
6610,SAMPLE,ARM_AND_ACQUISITION,false,true,0,25,142.73684692383,142.73684692383,-90.228942871094,0.088660597801208,false,true,true,true,false,ARM
6615,SAMPLE,ARM_AND_ACQUISITION,false,true,0,30,142.19575500488,142.19575500488,-93.034790039063,0.093118906021118,false,true,true,true,false,ARM
6620,SAMPLE,ARM_AND_ACQUISITION,false,true,0,35,141.30529785156,141.30529785156,-97.651390075684,0.095467805862427,false,true,true,true,false,ARM
6625,SAMPLE,ARM_AND_ACQUISITION,false,true,0,40,141.12963867188,141.12963867188,-98.561431884766,0.098679661750793,false,true,true,true,false,ARM
6630,SAMPLE,ARM_AND_ACQUISITION,false,true,0,45,140.89399719238,140.89399719238,-99.775985717773,0.099925994873047,false,true,true,true,false,ARM
6635,SAMPLE,ARM_AND_ACQUISITION,false,true,0,50,140.66578674316,140.66578674316,-100.95162963867,0.1011244058609,false,true,true,true,false,ARM
6640,SAMPLE,ARM_AND_ACQUISITION,false,true,0,55,140.05894470215,140.05894470215,-104.07983398438,0.10424029827118,false,true,true,true,false,ARM
6645,SAMPLE,ARM_AND_ACQUISITION,false,true,0,60,139.35346984863,139.35346984863,-107.7197265625,0.10793161392212,false,true,true,true,false,ARM
6650,SAMPLE,ARM_AND_ACQUISITION,false,true,0,65,139.02998352051,139.02998352051,-109.38854980469,0.10960936546326,false,true,true,true,false,ARM
6655,SAMPLE,ARM_AND_ACQUISITION,false,true,0,70,138.48138427734,138.48138427734,-112.2173538208,0.11243772506714,false,true,true,true,false,ARM
6660,SAMPLE,ARM_AND_ACQUISITION,false,true,0,75,138.26286315918,138.26286315918,-113.34349060059,0.11358821392059,false,true,true,true,false,ARM
6665,SAMPLE,ARM_AND_ACQUISITION,false,true,0,80,137.91363525391,137.91363525391,-115.14225769043,0.11540985107422,false,true,true,true,false,ARM
6670,SAMPLE,ARM_AND_ACQUISITION,false,true,0,85,137.66864013672,137.66864013672,-116.40321350098,0.11665630340576,false,true,true,true,false,ARM
6675,SAMPLE,ARM_AND_ACQUISITION,false,true,0,90,137.55770874023,137.55770874023,-116.97380828857,0.11723148822784,false,true,true,true,false,ARM
6680,SAMPLE,ARM_AND_ACQUISITION,false,true,0,95,137.07412719727,137.07412719727,-119.45911407471,0.11972415447235,false,true,true,true,false,ARM
6685,SAMPLE,ARM_AND_ACQUISITION,false,true,0,100,135.98554992676,135.98554992676,-125.04190826416,0.12533295154572,false,true,true,true,false,ARM
6690,SAMPLE,ARM_AND_ACQUISITION,false,true,0,105,135.39584350586,135.39584350586,-128.06120300293,0.12840092182159,false,true,true,true,false,ARM
6695,SAMPLE,ARM_AND_ACQUISITION,false,true,0,110,134.22769165039,134.22769165039,-134.0341796875,0.13444101810455,false,true,true,true,false,ARM
6700,SAMPLE,ARM_AND_ACQUISITION,false,true,0,115,133.39788818359,133.39788818359,-138.26892089844,0.13870751857758,false,true,true,true,false,ARM
6705,SAMPLE,ARM_AND_ACQUISITION,false,true,0,120,132.87683105469,132.87683105469,-140.92376708984,0.14139199256897,false,true,true,true,false,ARM
6710,SAMPLE,ARM_AND_ACQUISITION,false,true,0,125,131.39302062988,131.39302062988,-148.46992492676,0.14901411533356,false,true,true,true,false,ARM
6715,SAMPLE,ARM_AND_ACQUISITION,false,true,0,130,129.10733032227,129.10733032227,-160.04595947266,0.16071093082428,false,true,true,true,false,ARM
6720,SAMPLE,ARM_AND_ACQUISITION,false,true,0,135,126.02021026611,126.02021026611,-175.57165527344,0.17648243904114,false,true,true,true,false,ARM
6725,SAMPLE,ARM_AND_ACQUISITION,false,true,0,140,122.65940856934,122.65940856934,-192.32820129395,0.18793952465057,false,true,true,true,false,ARM
6730,SAMPLE,ARM_AND_ACQUISITION,false,true,0,145,120.5578918457,120.5578918457,-202.71464538574,0.20404648780823,false,true,true,true,false,ARM
6735,SAMPLE,ARM_AND_ACQUISITION,false,true,0,150,117.83018493652,117.83018493652,-216.0655670166,0.21780467033386,false,true,true,true,false,ARM
6740,SAMPLE,ARM_AND_ACQUISITION,false,true,0,155,115.82081604004,115.82081604004,-225.78030395508,0.22782361507416,false,true,true,true,false,ARM
6745,SAMPLE,ARM_AND_ACQUISITION,false,true,0,160,114.46880340576,114.46880340576,-232.24800109863,0.23458278179169,false,true,true,true,false,ARM
6750,SAMPLE,ARM_AND_ACQUISITION,false,true,0,165,113.42645263672,113.42645263672,-237.16812133789,0.23971211910248,false,true,true,true,false,ARM
6755,SAMPLE,ARM_AND_ACQUISITION,false,true,0,170,113.00189971924,113.00189971924,-239.1294708252,0.24182140827179,false,true,true,true,false,ARM
6760,SAMPLE,ARM_AND_ACQUISITION,false,true,0,175,112.76965332031,112.76965332031,-240.18002319336,0.24297189712524,false,true,true,true,false,ARM
6765,SAMPLE,ARM_AND_ACQUISITION,false,true,0,180,113.1999130249,113.1999130249,-238.0365447998,0.24086260795593,false,true,true,true,false,ARM
6770,SAMPLE,ARM_AND_ACQUISITION,false,true,0,185,113.57425689697,113.57425689697,-236.14939880371,0.2389931678772,false,true,true,true,false,ARM
6775,SAMPLE,ARM_AND_ACQUISITION,false,true,0,190,113.72912597656,113.72912597656,-235.328125,0.23822605609894,false,true,true,true,false,ARM
6780,SAMPLE,ARM_AND_ACQUISITION,false,true,0,195,113.68323516846,113.68323516846,-235.52487182617,0.23846566677094,false,true,true,true,false,ARM
6785,SAMPLE,ARM_AND_ACQUISITION,false,true,0,200,113.59960174561,113.59960174561,-235.91244506836,0.23884928226471,false,true,true,true,false,ARM
6790,SAMPLE,ARM_AND_ACQUISITION,false,true,0,205,113.64705657959,113.64705657959,-235.66328430176,0.23860955238342,false,true,true,true,false,ARM
6795,SAMPLE,ARM_AND_ACQUISITION,false,true,0,210,113.68571472168,113.68571472168,-235.46139526367,0.23841774463654,false,true,true,true,false,ARM
6800,SAMPLE,ARM_AND_ACQUISITION,false,true,0,215,113.6761932373,113.6761932373,-235.50357055664,0.23851358890533,false,true,true,true,false,ARM
6805,SAMPLE,ARM_AND_ACQUISITION,false,true,0,220,113.70401000977,113.70401000977,-235.36499023438,0.23832190036774,false,true,true,true,false,ARM
6810,SAMPLE,ARM_AND_ACQUISITION,false,true,0,225,113.73039245605,113.73039245605,-235.23820495605,0.23822605609894,false,true,true,true,false,ARM
6815,SAMPLE,ARM_AND_ACQUISITION,false,true,0,230,113.76920318604,113.76920318604,-235.04602050781,0.23803424835205,false,true,true,true,false,ARM
6820,SAMPLE,ARM_AND_ACQUISITION,false,true,0,235,113.76525878906,113.76525878906,-235.14692687988,0.23803424835205,false,true,true,true,false,ARM
6825,SAMPLE,ARM_AND_ACQUISITION,false,true,0,240,113.77031707764,113.77031707764,-235.35665893555,0.23803424835205,false,true,true,true,false,ARM
6830,SAMPLE,ARM_AND_ACQUISITION,false,true,0,245,112.87275695801,112.87275695801,-239.86387634277,0.24244463443756,false,true,true,true,false,ARM
6835,SAMPLE,ARM_AND_ACQUISITION,false,true,0,250,111.33297729492,111.33297729492,-247.35861206055,0.25006663799286,false,true,true,true,false,ARM
6840,SAMPLE,ARM_AND_ACQUISITION,false,true,0,255,109.56972503662,109.56972503662,-255.82026672363,0.2587434053421,false,true,true,true,false,ARM
6845,SAMPLE,ARM_AND_ACQUISITION,false,true,0,260,108.2021484375,108.2021484375,-262.30960083008,0.26248252391815,false,true,true,true,false,ARM
6850,SAMPLE,ARM_AND_ACQUISITION,false,true,0,265,107.7018737793,107.7018737793,-264.66961669922,0.26785147190094,false,true,true,true,false,ARM
6855,SAMPLE,ARM_AND_ACQUISITION,false,true,0,270,106.56162261963,106.56162261963,-270.03082275391,0.2734123468399,false,true,true,true,false,ARM
6860,SAMPLE,ARM_AND_ACQUISITION,false,true,0,275,104.97801208496,104.97801208496,-277.43338012695,0.28113031387329,false,true,true,true,false,ARM
6865,SAMPLE,ARM_AND_ACQUISITION,false,true,0,280,129.5962677002,129.5962677002,-157.58142089844,0.21243560314178,false,true,true,true,false,ARM
6870,SAMPLE,ARM_AND_ACQUISITION,false,true,0,285,140.66152954102,140.66152954102,-100.9810333252,0.1011244058609,false,true,true,true,false,ARM
6875,SAMPLE,ARM_AND_ACQUISITION,false,true,0,290,154.21357727051,154.21357727051,-30.356821060181,0.041010618209839,false,true,true,true,false,ARM
6880,SAMPLE,ARM_AND_ACQUISITION,false,true,1,0,157.2779083252,157.2779083252,-14.285814285278,0.014213562011719,true,true,true,true,true,NONE
6885,SAMPLE,ARM_AND_ACQUISITION,false,true,6,0,158.51100158691,158.51100158691,-7.8149752616882,0.0077898502349854,true,true,true,true,true,NONE
6890,SAMPLE,ARM_AND_ACQUISITION,false,true,11,0,159.18550109863,159.18550109863,-4.2749710083008,0.0042424201965332,true,true,true,true,true,NONE
6895,SAMPLE,ARM_AND_ACQUISITION,false,true,0,3,159.6704864502,159.6704864502,-1.7294950485229,0.001653790473938,true,false,false,false,false,ACQUISITION
6900,SAMPLE,ARM_AND_ACQUISITION,false,true,0,8,159.86668395996,159.86668395996,-0.6997275352478,0.0010306835174561,true,false,false,false,false,ACQUISITION
6905,SAMPLE,ARM_AND_ACQUISITION,false,true,0,13,127.0866394043,127.0866394043,-170.22357177734,0.10543882846832,false,true,true,true,false,ARM
6910,SAMPLE,ARM_AND_ACQUISITION,false,true,0,18,118.98071289063,118.98071289063,-210.46252441406,0.2120041847229,false,true,true,true,false,ARM
6915,SAMPLE,ARM_AND_ACQUISITION,false,true,0,23,107.79862976074,107.79862976074,-264.24331665039,0.26737213134766,false,true,true,true,false,ARM
6920,SAMPLE,ARM_AND_ACQUISITION,false,true,0,28,101.37920379639,101.37920379639,-294.07388305664,0.2984356880188,false,true,true,true,false,ARM
6925,SAMPLE,ARM_AND_ACQUISITION,false,true,0,33,97.243850708008,97.243850708008,-312.83959960938,0.31813812255859,false,true,true,true,false,ARM
6930,SAMPLE,ARM_AND_ACQUISITION,false,true,0,38,95.822937011719,95.822937011719,-319.18692016602,0.32484936714172,false,true,true,true,false,ARM
6935,SAMPLE,ARM_AND_ACQUISITION,false,true,0,43,100.4095916748,100.4095916748,-298.3639831543,0.31439888477325,false,true,true,true,false,ARM
6940,SAMPLE,ARM_AND_ACQUISITION,false,true,0,48,106.94969940186,106.94969940186,-268.03955078125,0.27154278755188,false,true,true,true,false,ARM
6945,SAMPLE,ARM_AND_ACQUISITION,false,true,0,53,116.90124511719,116.90124511719,-220.49656677246,0.22240662574768,false,true,true,true,false,ARM
6950,SAMPLE,ARM_AND_ACQUISITION,false,true,0,58,127.93246459961,127.93246459961,-165.9133605957,0.16670310497284,false,true,true,true,false,ARM
6955,SAMPLE,ARM_AND_ACQUISITION,false,true,0,63,137.12887573242,137.12887573242,-119.15237426758,0.11943662166595,false,true,true,true,false,ARM
6960,SAMPLE,ARM_AND_ACQUISITION,false,true,0,68,145.7296295166,145.7296295166,-74.667701721191,0.074710845947266,false,true,true,true,false,ARM
6965,SAMPLE,ARM_AND_ACQUISITION,false,true,0,73,155.4500579834,155.4500579834,-23.864791870117,0.02380108833313,false,true,true,true,false,ARM
6970,SAMPLE,ARM_AND_ACQUISITION,false,true,0,2,164.69108581543,164.69108581543,24.607120513916,-0.0245680809021,false,true,true,true,false,ARM
6975,SAMPLE,ARM_AND_ACQUISITION,false,true,0,7,172.43237304688,172.43237304688,65.105796813965,-0.065123081207275,false,true,true,true,false,ARM
6980,SAMPLE,ARM_AND_ACQUISITION,false,true,0,12,177.95236206055,177.95236206055,93.802627563477,-0.093885898590088,false,true,true,true,false,ARM
6985,SAMPLE,ARM_AND_ACQUISITION,false,true,0,17,183.06105041504,183.06105041504,120.1499786377,-0.12044334411621,false,true,true,true,false,ARM
6990,SAMPLE,ARM_AND_ACQUISITION,false,true,0,22,189.96463012695,189.96463012695,155.35586547852,-0.1481032371521,false,true,true,true,false,ARM
6995,SAMPLE,ARM_AND_ACQUISITION,false,true,0,27,191.94300842285,191.94300842285,165.34280395508,-0.16607999801636,false,true,true,true,false,ARM
7000,SAMPLE,ARM_AND_ACQUISITION,false,true,0,32,193.44412231445,193.44412231445,172.88650512695,-0.17374992370605,false,true,true,true,false,ARM
7005,SAMPLE,ARM_AND_ACQUISITION,false,true,0,37,194.58239746094,194.58239746094,178.58586120605,-0.17950248718262,false,true,true,true,false,ARM
7010,SAMPLE,ARM_AND_ACQUISITION,false,true,0,42,195.60972595215,195.60972595215,183.71318054199,-0.18472766876221,false,true,true,true,false,ARM
7015,SAMPLE,ARM_AND_ACQUISITION,false,true,0,47,196.49691772461,196.49691772461,188.12829589844,-0.18918561935425,false,true,true,true,false,ARM
7020,SAMPLE,ARM_AND_ACQUISITION,false,true,0,52,197.00009155273,197.00009155273,190.62490844727,-0.19177436828613,false,true,true,true,false,ARM
7025,SAMPLE,ARM_AND_ACQUISITION,false,true,0,57,197.71752929688,197.71752929688,194.17626953125,-0.19541788101196,false,true,true,true,false,ARM
7030,SAMPLE,ARM_AND_ACQUISITION,false,true,0,62,198.4372253418,198.4372253418,197.7318572998,-0.19901323318481,false,true,true,true,false,ARM
7035,SAMPLE,ARM_AND_ACQUISITION,false,true,0,67,199.25828552246,199.25828552246,201.78153991699,-0.20313596725464,false,true,true,true,false,ARM
7040,SAMPLE,ARM_AND_ACQUISITION,false,true,0,72,199.86524963379,199.86524963379,204.76989746094,-0.20620393753052,false,true,true,true,false,ARM
7045,SAMPLE,ARM_AND_ACQUISITION,false,true,0,77,200.23699951172,200.23699951172,206.59335327148,-0.20721054077148,false,true,true,true,false,ARM
7050,SAMPLE,ARM_AND_ACQUISITION,false,true,0,82,200.63616943359,200.63616943359,208.54733276367,-0.21008682250977,false,true,true,true,false,ARM
7055,SAMPLE,ARM_AND_ACQUISITION,false,true,0,87,200.96876525879,200.96876525879,210.1727142334,-0.21176433563232,false,true,true,true,false,ARM
7060,SAMPLE,ARM_AND_ACQUISITION,false,true,0,92,201.26281738281,201.26281738281,211.60888671875,-0.21325063705444,false,true,true,true,false,ARM
7065,SAMPLE,ARM_AND_ACQUISITION,false,true,0,97,201.79130554199,201.79130554199,214.19239807129,-0.21588706970215,false,true,true,true,false,ARM
7070,SAMPLE,ARM_AND_ACQUISITION,false,true,0,102,202.04547119141,202.04547119141,215.43515014648,-0.21718168258667,false,true,true,true,false,ARM
7075,SAMPLE,ARM_AND_ACQUISITION,false,true,0,107,202.16516113281,202.16516113281,216.01901245117,-0.21775674819946,false,true,true,true,false,ARM
7080,SAMPLE,ARM_AND_ACQUISITION,false,true,0,112,202.21057128906,202.21057128906,216.23986816406,-0.21799612045288,false,true,true,true,false,ARM
7085,SAMPLE,ARM_AND_ACQUISITION,false,true,0,117,202.19212341309,202.19212341309,216.14866638184,-0.21790075302124,false,true,true,true,false,ARM
7090,SAMPLE,ARM_AND_ACQUISITION,false,true,0,122,201.83343505859,201.83343505859,214.3991394043,-0.21612691879272,false,true,true,true,false,ARM
7095,SAMPLE,ARM_AND_ACQUISITION,false,true,0,127,201.48608398438,201.48608398438,212.70315551758,-0.21435308456421,false,true,true,true,false,ARM
7100,SAMPLE,ARM_AND_ACQUISITION,false,true,0,132,201.52673339844,201.52673339844,212.90155029297,-0.21459293365479,false,true,true,true,false,ARM
7105,SAMPLE,ARM_AND_ACQUISITION,false,true,0,137,201.66612243652,201.66612243652,213.58152770996,-0.21526384353638,false,true,true,true,false,ARM
7110,SAMPLE,ARM_AND_ACQUISITION,false,true,0,142,201.74891662598,201.74891662598,213.98553466797,-0.21564722061157,false,true,true,true,false,ARM
7115,SAMPLE,ARM_AND_ACQUISITION,false,true,0,147,201.75704956055,201.75704956055,214.02528381348,-0.21569538116455,false,true,true,true,false,ARM
7120,SAMPLE,ARM_AND_ACQUISITION,false,true,0,152,201.62666320801,201.62666320801,213.38922119141,-0.21507215499878,false,true,true,true,false,ARM
7125,SAMPLE,ARM_AND_ACQUISITION,false,true,0,157,201.5425567627,201.5425567627,212.97836303711,-0.21464109420776,false,true,true,true,false,ARM
7130,SAMPLE,ARM_AND_ACQUISITION,false,true,0,162,201.86190795898,201.86190795898,214.54083251953,-0.21622276306152,false,true,true,true,false,ARM
7135,SAMPLE,ARM_AND_ACQUISITION,false,true,0,167,202.5325012207,202.5325012207,217.82138061523,-0.21962594985962,false,true,true,true,false,ARM
7140,SAMPLE,ARM_AND_ACQUISITION,false,true,0,172,204.11325073242,204.11325073242,225.5177154541,-0.22748804092407,false,true,true,true,false,ARM
7145,SAMPLE,ARM_AND_ACQUISITION,false,true,0,177,206.27520751953,206.27520751953,235.98106384277,-0.23822641372681,false,true,true,true,false,ARM
7150,SAMPLE,ARM_AND_ACQUISITION,false,true,0,182,208.02713012695,208.02713012695,244.41036987305,-0.24690294265747,false,true,true,true,false,ARM
7155,SAMPLE,ARM_AND_ACQUISITION,false,true,0,187,208.93179321289,208.93179321289,248.74440002441,-0.25136089324951,false,true,true,true,false,ARM
7160,SAMPLE,ARM_AND_ACQUISITION,false,true,0,192,208.74362182617,208.74362182617,247.85377502441,-0.25045013427734,false,true,true,true,false,ARM
7165,SAMPLE,ARM_AND_ACQUISITION,false,true,0,197,207.47671508789,207.47671508789,241.79409790039,-0.24417018890381,false,true,true,true,false,ARM
7170,SAMPLE,ARM_AND_ACQUISITION,false,true,0,202,206.1276550293,206.1276550293,235.30860900879,-0.23750686645508,false,true,true,true,false,ARM
7175,SAMPLE,ARM_AND_ACQUISITION,false,true,0,207,204.88214111328,204.88214111328,229.29161071777,-0.2313232421875,false,true,true,true,false,ARM
7180,SAMPLE,ARM_AND_ACQUISITION,false,true,0,212,204.23194885254,204.23194885254,226.13996887207,-0.22811126708984,false,true,true,true,false,ARM
7185,SAMPLE,ARM_AND_ACQUISITION,false,true,0,217,203.3362121582,203.3362121582,221.7903137207,-0.22571420669556,false,true,true,true,false,ARM
7190,SAMPLE,ARM_AND_ACQUISITION,false,true,0,222,202.8779296875,202.8779296875,219.55897521973,-0.22135210037231,false,true,true,true,false,ARM
7195,SAMPLE,ARM_AND_ACQUISITION,false,true,0,227,202.22430419922,202.22430419922,216.37020874023,-0.21804428100586,false,true,true,true,false,ARM
7200,SAMPLE,ARM_AND_ACQUISITION,false,true,0,232,201.61354064941,201.61354064941,213.38371276855,-0.21497631072998,false,true,true,true,false,ARM
7205,SAMPLE,ARM_AND_ACQUISITION,false,true,0,237,201.03286743164,201.03286743164,210.53910827637,-0.21205186843872,false,true,true,true,false,ARM
7210,SAMPLE,ARM_AND_ACQUISITION,false,true,0,242,176.60055541992,176.60055541992,86.801429748535,-0.13611888885498,false,true,true,true,false,ARM
7215,SAMPLE,ARM_AND_ACQUISITION,false,true,0,247,170.55888366699,170.55888366699,55.334846496582,-0.055344104766846,false,true,true,true,false,ARM
7220,SAMPLE,ARM_AND_ACQUISITION,false,true,0,252,164.27177429199,164.27177429199,22.415365219116,-0.022363185882568,false,true,true,true,false,ARM
7225,SAMPLE,ARM_AND_ACQUISITION,false,true,5,0,161.72822570801,161.72822570801,9.0704584121704,-0.0090360641479492,true,true,true,true,true,NONE
7230,SAMPLE,ARM_AND_ACQUISITION,false,true,0,2,160.69918823242,160.69918823242,3.6697618961334,-0.0036191940307617,true,false,false,false,false,ACQUISITION
7235,SAMPLE,ARM_AND_ACQUISITION,false,true,0,7,160.28286743164,160.28286743164,1.4846671819687,-0.0014142990112305,true,false,false,false,false,ACQUISITION
7240,SAMPLE,ARM_AND_ACQUISITION,false,true,0,12,160.11444091797,160.11444091797,0.60065895318985,-0.00055122375488281,true,false,false,false,false,ACQUISITION
7245,SAMPLE,ARM_AND_ACQUISITION,false,true,0,17,160.04629516602,160.04629516602,0.24298658967018,-0.0001678466796875,true,false,false,false,false,ACQUISITION
7250,SAMPLE,ARM_AND_ACQUISITION,false,true,0,22,180.83036804199,180.83036804199,108.68077087402,-0.10889005661011,false,true,true,true,false,ARM
7255,SAMPLE,ARM_AND_ACQUISITION,false,true,0,27,203.01045227051,203.01045227051,220.1819152832,-0.22197532653809,false,true,true,true,false,ARM
7260,SAMPLE,ARM_AND_ACQUISITION,false,true,0,32,208.79025268555,208.79025268555,248.0433807373,-0.25068998336792,false,true,true,true,false,ARM
7265,SAMPLE,ARM_AND_ACQUISITION,false,true,0,37,214.40089416504,214.40089416504,274.50424194336,-0.27811002731323,false,true,true,true,false,ARM
7270,SAMPLE,ARM_AND_ACQUISITION,false,true,0,42,217.19107055664,217.19107055664,287.41580200195,-0.29158067703247,false,true,true,true,false,ARM
7275,SAMPLE,ARM_AND_ACQUISITION,false,true,0,47,218.83232116699,218.83232116699,294.89956665039,-0.29944229125977,false,true,true,true,false,ARM
7280,SAMPLE,ARM_AND_ACQUISITION,false,true,0,52,219.47180175781,219.47180175781,297.72497558594,-0.3025107383728,false,true,true,true,false,ARM
7285,SAMPLE,ARM_AND_ACQUISITION,false,true,0,57,219.861328125,219.861328125,299.36337280273,-0.30437994003296,false,true,true,true,false,ARM
7290,SAMPLE,ARM_AND_ACQUISITION,false,true,0,62,220.32858276367,220.32858276367,301.22082519531,-0.30658483505249,false,true,true,true,false,ARM
7295,SAMPLE,ARM_AND_ACQUISITION,false,true,0,67,220.73272705078,220.73272705078,302.71133422852,-0.30850267410278,false,true,true,true,false,ARM
7300,SAMPLE,ARM_AND_ACQUISITION,false,true,0,72,222.18493652344,222.18493652344,308.74758911133,-0.31540536880493,false,true,true,true,false,ARM
7305,SAMPLE,ARM_AND_ACQUISITION,false,true,0,77,225.37182617188,225.37182617188,321.76318359375,-0.33050584793091,false,true,true,true,false,ARM
7310,SAMPLE,ARM_AND_ACQUISITION,false,true,0,82,228.46704101563,228.46704101563,334.25625610352,-0.34498310089111,false,true,true,true,false,ARM
7315,SAMPLE,ARM_AND_ACQUISITION,false,true,0,87,231.31031799316,231.31031799316,345.47314453125,-0.35811805725098,false,true,true,true,false,ARM
7320,SAMPLE,ARM_AND_ACQUISITION,false,true,0,92,233.14279174805,233.14279174805,352.47305297852,-0.36650705337524,false,true,true,true,false,ARM
7325,SAMPLE,ARM_AND_ACQUISITION,false,true,0,97,234.69372558594,234.69372558594,358.28872680664,-0.37360191345215,false,true,true,true,false,ARM
7330,SAMPLE,ARM_AND_ACQUISITION,false,true,0,102,235.75811767578,235.75811767578,362.20834350586,-0.37844371795654,false,true,true,true,false,ARM
7335,SAMPLE,ARM_AND_ACQUISITION,false,true,0,107,236.0386505127,236.0386505127,363.15161132813,-0.37969017028809,false,true,true,true,false,ARM
7340,SAMPLE,ARM_AND_ACQUISITION,false,true,0,112,236.33883666992,236.33883666992,364.17630004883,-0.38103246688843,false,true,true,true,false,ARM
7345,SAMPLE,ARM_AND_ACQUISITION,false,true,0,117,236.66307067871,236.66307067871,365.30856323242,-0.38251829147339,false,true,true,true,false,ARM
7350,SAMPLE,ARM_AND_ACQUISITION,false,true,0,122,237.20732116699,237.20732116699,367.3464050293,-0.3849630355835,false,true,true,true,false,ARM
7355,SAMPLE,ARM_AND_ACQUISITION,false,true,0,127,237.55722045898,237.55722045898,368.65707397461,-0.38654518127441,false,true,true,true,false,ARM
7360,SAMPLE,ARM_AND_ACQUISITION,false,true,0,132,237.7706451416,237.7706451416,369.59680175781,-0.38750410079956,false,true,true,true,false,ARM
7365,SAMPLE,ARM_AND_ACQUISITION,false,true,0,137,237.65045166016,237.65045166016,370.38693237305,-0.38692855834961,false,true,true,true,false,ARM
7370,SAMPLE,ARM_AND_ACQUISITION,false,true,0,142,238.09292602539,238.09292602539,373.39413452148,-0.3889422416687,false,true,true,true,false,ARM
7375,SAMPLE,ARM_AND_ACQUISITION,false,true,0,147,209.95205688477,209.95205688477,252.10249328613,-0.2563943862915,false,true,true,true,false,ARM
7380,SAMPLE,ARM_AND_ACQUISITION,false,true,0,152,183.49879455566,183.49879455566,122.23860168457,-0.1226487159729,false,true,true,true,false,ARM
7385,SAMPLE,ARM_AND_ACQUISITION,false,true,0,157,171.05447387695,171.05447387695,57.905418395996,-0.057884693145752,false,true,true,true,false,ARM
7390,SAMPLE,ARM_AND_ACQUISITION,false,true,0,162,166.04689025879,166.04689025879,31.718992233276,-0.031662940979004,false,true,true,true,false,ARM
7395,SAMPLE,ARM_AND_ACQUISITION,false,true,2,0,162.44636535645,162.44636535645,12.83883190155,-0.012775421142578,true,true,true,true,true,NONE
7400,SAMPLE,ARM_AND_ACQUISITION,false,true,7,0,160.98971557617,160.98971557617,5.1945762634277,-0.0051531791687012,true,true,true,true,true,NONE
7405,SAMPLE,ARM_AND_ACQUISITION,false,true,0,4,160.54138183594,160.54138183594,2.8415040969849,-0.0028042793273926,true,false,false,false,false,ACQUISITION
7410,SAMPLE,ARM_AND_ACQUISITION,false,true,0,9,160.25468444824,160.25468444824,1.3367451429367,-0.0012702941894531,true,false,false,false,false,ACQUISITION
7415,SAMPLE,ARM_AND_ACQUISITION,false,true,0,14,160.11981201172,160.11981201172,0.62884974479675,-0.00055122375488281,true,false,false,false,false,ACQUISITION
7420,SAMPLE,ARM_AND_ACQUISITION,false,true,0,19,177.5256652832,177.5256652832,91.599166870117,-0.091681003570557,false,true,true,true,false,ARM
7425,SAMPLE,ARM_AND_ACQUISITION,false,true,0,24,182.54292297363,182.54292297363,117.34478759766,-0.11775875091553,false,true,true,true,false,ARM
7430,SAMPLE,ARM_AND_ACQUISITION,false,true,0,29,165.49397277832,165.49397277832,28.754762649536,-0.028786659240723,false,true,true,true,false,ARM
7435,SAMPLE,ARM_AND_ACQUISITION,false,true,0,2,153.29077148438,153.29077148438,-35.088581085205,0.035162210464478,false,true,true,true,false,ARM
7440,SAMPLE,ARM_AND_ACQUISITION,false,true,0,7,148.63276672363,148.63276672363,-59.396511077881,0.059562563896179,false,true,true,true,false,ARM
7445,SAMPLE,ARM_AND_ACQUISITION,false,true,0,12,146.19132995605,146.19132995605,-72.136428833008,0.072313904762268,false,true,true,true,false,ARM
7450,SAMPLE,ARM_AND_ACQUISITION,false,true,0,17,144.81944274902,144.81944274902,-79.308120727539,0.079456567764282,false,true,true,true,false,ARM
7455,SAMPLE,ARM_AND_ACQUISITION,false,true,0,22,143.6531829834,143.6531829834,-85.411697387695,0.08554470539093,false,true,true,true,false,ARM
7460,SAMPLE,ARM_AND_ACQUISITION,false,true,0,27,142.82077026367,142.82077026367,-89.76456451416,0.089859008789063,false,true,true,true,false,ARM
7465,SAMPLE,ARM_AND_ACQUISITION,false,true,0,32,142.23176574707,142.23176574707,-92.833427429199,0.092927098274231,false,true,true,true,false,ARM
7470,SAMPLE,ARM_AND_ACQUISITION,false,true,0,37,141.76919555664,141.76919555664,-95.240135192871,0.095371961593628,false,true,true,true,false,ARM
7475,SAMPLE,ARM_AND_ACQUISITION,false,true,0,42,141.74696350098,141.74696350098,-95.361557006836,0.095467805862427,false,true,true,true,false,ARM
7480,SAMPLE,ARM_AND_ACQUISITION,false,true,0,47,141.88558959961,141.88558959961,-94.646926879883,0.094748735427856,false,true,true,true,false,ARM
7485,SAMPLE,ARM_AND_ACQUISITION,false,true,0,52,141.95278930664,141.95278930664,-94.300491333008,0.094365239143372,false,true,true,true,false,ARM
7490,SAMPLE,ARM_AND_ACQUISITION,false,true,0,57,141.60369873047,141.60369873047,-96.108551025391,0.096234798431396,false,true,true,true,false,ARM
7495,SAMPLE,ARM_AND_ACQUISITION,false,true,0,62,141.11241149902,141.11241149902,-98.650169372559,0.098775506019592,false,true,true,true,false,ARM
7500,SAMPLE,ARM_AND_ACQUISITION,false,true,0,67,140.76533508301,140.76533508301,-100.44466400146,0.10059714317322,false,true,true,true,false,ARM
7505,SAMPLE,ARM_AND_ACQUISITION,false,true,0,72,140.54595947266,140.54595947266,-101.57816314697,0.10174763202667,false,true,true,true,false,ARM
7510,SAMPLE,ARM_AND_ACQUISITION,false,true,0,77,140.111328125,140.111328125,-103.82316589355,0.10400068759918,false,true,true,true,false,ARM
7515,SAMPLE,ARM_AND_ACQUISITION,false,true,0,82,139.8856048584,139.8856048584,-104.98890686035,0.10515117645264,false,true,true,true,false,ARM
7520,SAMPLE,ARM_AND_ACQUISITION,false,true,0,87,141.56678771973,141.56678771973,-96.28857421875,0.096426486968994,false,true,true,true,false,ARM
7525,SAMPLE,ARM_AND_ACQUISITION,false,true,0,92,146.21325683594,146.21325683594,-72.134262084961,0.07217013835907,false,true,true,true,false,ARM
7530,SAMPLE,ARM_AND_ACQUISITION,false,true,0,97,153.66220092773,153.66220092773,-33.212734222412,0.033196806907654,false,true,true,true,false,ARM
7535,SAMPLE,ARM_AND_ACQUISITION,false,true,5,0,162.94612121582,162.94612121582,15.444971084595,-0.015411853790283,true,true,true,true,true,NONE
7540,SAMPLE,ARM_AND_ACQUISITION,false,true,0,5,180.81227111816,180.81227111816,108.50807952881,-0.10879468917847,false,true,true,true,false,ARM
7545,SAMPLE,ARM_AND_ACQUISITION,false,true,0,10,193.42219543457,193.42219543457,172.65428161621,-0.17360639572144,false,true,true,true,false,ARM
7550,SAMPLE,ARM_AND_ACQUISITION,false,true,0,15,205.40663146973,205.40663146973,231.60360717773,-0.23395967483521,false,true,true,true,false,ARM
7555,SAMPLE,ARM_AND_ACQUISITION,false,true,0,20,214.77322387695,214.77322387695,276.01605224609,-0.27993154525757,false,true,true,true,false,ARM
7560,SAMPLE,ARM_AND_ACQUISITION,false,true,0,25,224.13999938965,224.13999938965,318.80114746094,-0.32470560073853,false,true,true,true,false,ARM
7565,SAMPLE,ARM_AND_ACQUISITION,false,true,0,30,190.17318725586,190.17318725586,156.38900756836,-0.15701961517334,false,true,true,true,false,ARM
7570,SAMPLE,ARM_AND_ACQUISITION,false,true,0,35,176.50497436523,176.50497436523,86.300407409668,-0.08635950088501,false,true,true,true,false,ARM
7575,SAMPLE,ARM_AND_ACQUISITION,false,true,0,40,169.02836608887,169.02836608887,47.332691192627,-0.047290325164795,false,true,true,true,false,ARM
7580,SAMPLE,ARM_AND_ACQUISITION,false,true,0,45,164.24719238281,164.24719238281,22.286354064941,-0.022219181060791,false,true,true,true,false,ARM
7585,SAMPLE,ARM_AND_ACQUISITION,false,true,3,0,161.47770690918,161.47770690918,7.7557125091553,-0.01042652130127,true,true,true,true,true,NONE
7590,SAMPLE,ARM_AND_ACQUISITION,false,true,0,3,178.40922546387,178.40922546387,96.175437927246,-0.096282482147217,false,true,true,true,false,ARM
7595,SAMPLE,ARM_AND_ACQUISITION,false,true,0,8,186.88766479492,186.88766479492,139.73695373535,-0.14014577865601,false,true,true,true,false,ARM
7600,SAMPLE,ARM_AND_ACQUISITION,false,true,0,13,166.68739318848,166.68739318848,35.076740264893,-0.035018444061279,false,true,true,true,false,ARM
7605,SAMPLE,ARM_AND_ACQUISITION,false,true,5,0,157.25112915039,157.25112915039,-14.425212860107,0.014357328414917,true,true,true,true,true,NONE
7610,SAMPLE,ARM_AND_ACQUISITION,false,true,0,5,153.70266723633,153.70266723633,-33.030338287354,0.033004999160767,false,true,true,true,false,ARM
7615,SAMPLE,ARM_AND_ACQUISITION,false,true,0,10,152.01045227051,152.01045227051,-41.890148162842,0.041873455047607,false,true,true,true,false,ARM
7620,SAMPLE,ARM_AND_ACQUISITION,false,true,0,15,151.56663513184,151.56663513184,-44.210247039795,0.044174551963806,false,true,true,true,false,ARM
7625,SAMPLE,ARM_AND_ACQUISITION,false,true,0,20,151.56959533691,151.56959533691,-44.194206237793,0.044174551963806,false,true,true,true,false,ARM
7630,SAMPLE,ARM_AND_ACQUISITION,false,true,0,25,151.41484069824,151.41484069824,-45.003059387207,0.044989466667175,false,true,true,true,false,ARM
7635,SAMPLE,ARM_AND_ACQUISITION,false,true,0,30,151.62704467773,151.62704467773,-43.890396118164,0.04388689994812,false,true,true,true,false,ARM
7640,SAMPLE,ARM_AND_ACQUISITION,false,true,0,35,151.9328918457,151.9328918457,-42.287921905518,0.042304873466492,false,true,true,true,false,ARM
7645,SAMPLE,ARM_AND_ACQUISITION,false,true,0,40,152.15916442871,152.15916442871,-41.102005004883,0.041106462478638,false,true,true,true,false,ARM
7650,SAMPLE,ARM_AND_ACQUISITION,false,true,0,45,152.6372833252,152.6372833252,-38.598583221436,0.038565874099731,false,true,true,true,false,ARM
7655,SAMPLE,ARM_AND_ACQUISITION,false,true,0,50,152.97233581543,152.97233581543,-36.844440460205,0.036792159080505,false,true,true,true,false,ARM
7660,SAMPLE,ARM_AND_ACQUISITION,false,true,0,55,153.08949279785,153.08949279785,-36.230590820313,0.036216974258423,false,true,true,true,false,ARM
7665,SAMPLE,ARM_AND_ACQUISITION,false,true,0,60,153.11822509766,153.11822509766,-36.079566955566,0.036025166511536,false,true,true,true,false,ARM
7670,SAMPLE,ARM_AND_ACQUISITION,false,true,0,65,152.75146484375,152.75146484375,-38.000137329102,0.037990570068359,false,true,true,true,false,ARM
7675,SAMPLE,ARM_AND_ACQUISITION,false,true,0,70,152.3302154541,152.3302154541,-40.205902099609,0.04019570350647,false,true,true,true,false,ARM
7680,SAMPLE,ARM_AND_ACQUISITION,false,true,0,75,152.48956298828,152.48956298828,-39.371395111084,0.039332866668701,false,true,true,true,false,ARM
7685,SAMPLE,ARM_AND_ACQUISITION,false,true,0,80,152.66174316406,152.66174316406,-38.469505310059,0.038469910621643,false,true,true,true,false,ARM
7690,SAMPLE,ARM_AND_ACQUISITION,false,true,0,85,152.70664978027,152.70664978027,-38.234340667725,0.038230299949646,false,true,true,true,false,ARM
7695,SAMPLE,ARM_AND_ACQUISITION,false,true,0,90,152.69320678711,152.69320678711,-38.304843902588,0.038278222084045,false,true,true,true,false,ARM
7700,SAMPLE,ARM_AND_ACQUISITION,false,true,0,95,152.53553771973,152.53553771973,-39.13049697876,0.039093136787415,false,true,true,true,false,ARM
7705,SAMPLE,ARM_AND_ACQUISITION,false,true,0,100,152.62818908691,152.62818908691,-38.645515441895,0.038613796234131,false,true,true,true,false,ARM
7710,SAMPLE,ARM_AND_ACQUISITION,false,true,0,105,152.70249938965,152.70249938965,-38.256580352783,0.038230299949646,false,true,true,true,false,ARM
7715,SAMPLE,ARM_AND_ACQUISITION,false,true,0,110,152.74858093262,152.74858093262,-38.017086029053,0.037990570068359,false,true,true,true,false,ARM
7720,SAMPLE,ARM_AND_ACQUISITION,false,true,0,115,152.27113342285,152.27113342285,-40.52465057373,0.040531277656555,false,true,true,true,false,ARM
7725,SAMPLE,ARM_AND_ACQUISITION,false,true,0,120,151.84019470215,151.84019470215,-42.786884307861,0.041969418525696,false,true,true,true,false,ARM
7730,SAMPLE,ARM_AND_ACQUISITION,false,true,0,125,151.76251220703,151.76251220703,-43.195018768311,0.04316782951355,false,true,true,true,false,ARM
7735,SAMPLE,ARM_AND_ACQUISITION,false,true,0,130,151.40623474121,151.40623474121,-45.058876037598,0.045037388801575,false,true,true,true,false,ARM
7740,SAMPLE,ARM_AND_ACQUISITION,false,true,0,135,150.20248413086,150.20248413086,-51.353786468506,0.05131733417511,false,true,true,true,false,ARM
7745,SAMPLE,ARM_AND_ACQUISITION,false,true,0,140,148.78533935547,148.78533935547,-58.758647918701,0.058747529983521,false,true,true,true,false,ARM
7750,SAMPLE,ARM_AND_ACQUISITION,false,true,0,145,148.05067443848,148.05067443848,-62.593643188477,0.062582612037659,false,true,true,true,false,ARM
7755,SAMPLE,ARM_AND_ACQUISITION,false,true,0,150,147.06948852539,147.06948852539,-67.711181640625,0.06771194934845,false,true,true,true,false,ARM
7760,SAMPLE,ARM_AND_ACQUISITION,false,true,0,155,146.30805969238,146.30805969238,-71.678215026855,0.071690678596497,false,true,true,true,false,ARM
7765,SAMPLE,ARM_AND_ACQUISITION,false,true,0,160,145.51379394531,145.51379394531,-75.811668395996,0.07586133480072,false,true,true,true,false,ARM
7770,SAMPLE,ARM_AND_ACQUISITION,false,true,0,165,144.89514160156,144.89514160156,-79.02791595459,0.079073071479797,false,true,true,true,false,ARM
7775,SAMPLE,ARM_AND_ACQUISITION,false,true,0,170,144.63461303711,144.63461303711,-80.381423950195,0.080463290214539,false,true,true,true,false,ARM
7780,SAMPLE,ARM_AND_ACQUISITION,false,true,0,175,144.13256835938,144.13256835938,-82.989463806152,0.083052039146423,false,true,true,true,false,ARM
7785,SAMPLE,ARM_AND_ACQUISITION,false,true,0,180,143.87341308594,143.87341308594,-84.335189819336,0.084394216537476,false,true,true,true,false,ARM
7790,SAMPLE,ARM_AND_ACQUISITION,false,true,0,185,143.57563781738,143.57563781738,-85.881454467773,0.085976123809814,false,true,true,true,false,ARM
7795,SAMPLE,ARM_AND_ACQUISITION,false,true,0,190,143.52229309082,143.52229309082,-86.15763092041,0.086215853691101,false,true,true,true,false,ARM
7800,SAMPLE,ARM_AND_ACQUISITION,false,true,0,195,143.42842102051,143.42842102051,-86.644088745117,0.086743116378784,false,true,true,true,false,ARM
7805,SAMPLE,ARM_AND_ACQUISITION,false,true,0,200,142.92367553711,142.92367553711,-89.261856079102,0.089379668235779,false,true,true,true,false,ARM
7810,SAMPLE,ARM_AND_ACQUISITION,false,true,0,205,143.02003479004,143.02003479004,-88.761352539063,0.088852405548096,false,true,true,true,false,ARM
7815,SAMPLE,ARM_AND_ACQUISITION,false,true,0,210,143.19900512695,143.19900512695,-87.832649230957,0.087941527366638,false,true,true,true,false,ARM
7820,SAMPLE,ARM_AND_ACQUISITION,false,true,0,215,143.08792114258,143.08792114258,-88.4091796875,0.08851683139801,false,true,true,true,false,ARM
7825,SAMPLE,ARM_AND_ACQUISITION,false,true,0,220,142.31439208984,142.31439208984,-92.41869354248,0.092495679855347,false,true,true,true,false,ARM
7830,SAMPLE,ARM_AND_ACQUISITION,false,true,0,225,141.22988891602,141.22988891602,-98.030044555664,0.09815239906311,false,true,true,true,false,ARM
7835,SAMPLE,ARM_AND_ACQUISITION,false,true,0,230,140.73458862305,140.73458862305,-100.5915222168,0.099925994873047,false,true,true,true,false,ARM
7840,SAMPLE,ARM_AND_ACQUISITION,false,true,0,235,140.72538757324,140.72538757324,-100.64003753662,0.1007889509201,false,true,true,true,false,ARM
7845,SAMPLE,ARM_AND_ACQUISITION,false,true,0,240,140.70199584961,140.70199584961,-100.76470947266,0.1009327173233,false,true,true,true,false,ARM
7850,SAMPLE,ARM_AND_ACQUISITION,false,true,0,245,140.23056030273,140.23056030273,-103.20700073242,0.10332953929901,false,true,true,true,false,ARM
7855,SAMPLE,ARM_AND_ACQUISITION,false,true,0,250,139.78559875488,139.78559875488,-105.5057220459,0.10567843914032,false,true,true,true,false,ARM
7860,SAMPLE,ARM_AND_ACQUISITION,false,true,0,255,139.89599609375,139.89599609375,-104.93207550049,0.10510325431824,false,true,true,true,false,ARM
7865,SAMPLE,ARM_AND_ACQUISITION,false,true,0,260,140.35113525391,140.35113525391,-102.57433319092,0.10275435447693,false,true,true,true,false,ARM
7870,SAMPLE,ARM_AND_ACQUISITION,false,true,0,265,140.880859375,140.880859375,-99.830879211426,0.099973917007446,false,true,true,true,false,ARM
7875,SAMPLE,ARM_AND_ACQUISITION,false,true,0,270,141.47587585449,141.47587585449,-96.746910095215,0.096857905387878,false,true,true,true,false,ARM
7880,SAMPLE,ARM_AND_ACQUISITION,false,true,0,275,142.16171264648,142.16171264648,-93.186660766602,0.093310594558716,false,true,true,true,false,ARM
7885,SAMPLE,ARM_AND_ACQUISITION,false,true,0,280,142.82904052734,142.82904052734,-89.71817779541,0.089859008789063,false,true,true,true,false,ARM
7890,SAMPLE,ARM_AND_ACQUISITION,false,true,0,285,143.24919128418,143.24919128418,-87.531768798828,0.087653994560242,false,true,true,true,false,ARM
7895,SAMPLE,ARM_AND_ACQUISITION,false,true,0,290,143.25358581543,143.25358581543,-87.507385253906,0.087653994560242,false,true,true,true,false,ARM
7900,SAMPLE,ARM_AND_ACQUISITION,false,true,0,295,143.08160400391,143.08160400391,-88.4013671875,0.08851683139801,false,true,true,true,false,ARM
7905,SAMPLE,ARM_AND_ACQUISITION,false,true,0,300,142.93911743164,142.93911743164,-89.141632080078,0.08928382396698,false,true,true,true,false,ARM
7910,SAMPLE,ARM_AND_ACQUISITION,false,true,0,305,142.8409576416,142.8409576416,-89.650459289551,0.089811086654663,false,true,true,true,false,ARM
7915,SAMPLE,ARM_AND_ACQUISITION,false,true,0,310,142.83178710938,142.83178710938,-89.697357177734,0.089811086654663,false,true,true,true,false,ARM
7920,SAMPLE,ARM_AND_ACQUISITION,false,true,0,315,142.8800201416,142.8800201416,-89.446296691895,0.089571475982666,false,true,true,true,false,ARM
7925,SAMPLE,ARM_AND_ACQUISITION,false,true,0,320,142.92597961426,142.92597961426,-89.207206726074,0.089331746101379,false,true,true,true,false,ARM
7930,SAMPLE,ARM_AND_ACQUISITION,false,true,0,325,142.96977233887,142.96977233887,-88.979522705078,0.089139938354492,false,true,true,true,false,ARM
7935,SAMPLE,ARM_AND_ACQUISITION,false,true,0,330,143.02346801758,143.02346801758,-88.69994354248,0.088852405548096,false,true,true,true,false,ARM
7940,SAMPLE,ARM_AND_ACQUISITION,false,true,0,335,143.03727722168,143.03727722168,-88.627395629883,0.088756442070007,false,true,true,true,false,ARM
7945,SAMPLE,ARM_AND_ACQUISITION,false,true,0,340,143.0333404541,143.0333404541,-88.646644592285,0.088756442070007,false,true,true,true,false,ARM
7950,SAMPLE,ARM_AND_ACQUISITION,false,true,0,345,143.02876281738,143.02876281738,-88.669998168945,0.088804483413696,false,true,true,true,false,ARM
7955,SAMPLE,ARM_AND_ACQUISITION,false,true,0,350,143.01428222656,143.01428222656,-88.745376586914,0.088852405548096,false,true,true,true,false,ARM
7960,SAMPLE,ARM_AND_ACQUISITION,false,true,0,355,142.76341247559,142.76341247559,-90.063591003418,0.090194582939148,false,true,true,true,false,ARM
7965,SAMPLE,ARM_AND_ACQUISITION,false,true,0,360,141.60516357422,141.60516357422,-96.084770202637,0.096186876296997,false,true,true,true,false,ARM
7970,SAMPLE,ARM_AND_ACQUISITION,false,true,0,365,140.53814697266,140.53814697266,-101.61583709717,0.10174763202667,false,true,true,true,false,ARM
7975,SAMPLE,ARM_AND_ACQUISITION,false,true,0,370,140.05722045898,140.05722045898,-104.10348510742,0.10428833961487,false,true,true,true,false,ARM
7980,SAMPLE,ARM_AND_ACQUISITION,false,true,0,375,139.7604675293,139.7604675293,-105.63531494141,0.10582232475281,false,true,true,true,false,ARM
7985,SAMPLE,ARM_AND_ACQUISITION,false,true,0,380,139.52308654785,139.52308654785,-106.85990905762,0.10702085494995,false,true,true,true,false,ARM
7990,SAMPLE,ARM_AND_ACQUISITION,false,true,0,385,139.17819213867,139.17819213867,-108.63869476318,0.10879445075989,false,true,true,true,false,ARM
7995,SAMPLE,ARM_AND_ACQUISITION,false,true,0,390,138.65670776367,138.65670776367,-111.32666015625,0.11152684688568,false,true,true,true,false,ARM
8000,SAMPLE,ARM_AND_ACQUISITION,false,true,0,395,137.77951049805,137.77951049805,-115.84213256836,0.11608099937439,false,true,true,true,false,ARM
8005,SAMPLE,ARM_AND_ACQUISITION,false,true,0,400,136.78332519531,136.78332519531,-120.96115875244,0.12121021747589,false,true,true,true,false,ARM
8010,SAMPLE,ARM_AND_ACQUISITION,false,true,0,405,135.40272521973,135.40272521973,-128.03890991211,0.12835299968719,false,true,true,true,false,ARM
8015,SAMPLE,ARM_AND_ACQUISITION,false,true,0,410,134.02896118164,134.02896118164,-135.0602722168,0.13544774055481,false,true,true,true,false,ARM
8020,SAMPLE,ARM_AND_ACQUISITION,false,true,0,415,132.50038146973,132.50038146973,-142.84559631348,0.14330947399139,false,true,true,true,false,ARM
8025,SAMPLE,ARM_AND_ACQUISITION,false,true,0,420,130.66798400879,130.66798400879,-152.14595031738,0.15270531177521,false,true,true,true,false,ARM
8030,SAMPLE,ARM_AND_ACQUISITION,false,true,0,425,129.20796203613,129.20796203613,-159.53607177734,0.16018354892731,false,true,true,true,false,ARM
8035,SAMPLE,ARM_AND_ACQUISITION,false,true,0,430,127.79957580566,127.79957580566,-166.64295959473,0.16737425327301,false,true,true,true,false,ARM
8040,SAMPLE,ARM_AND_ACQUISITION,false,true,0,435,126.81587219238,126.81587219238,-171.5883026123,0.17029845714569,false,true,true,true,false,ARM
8045,SAMPLE,ARM_AND_ACQUISITION,false,true,0,440,126.27925109863,126.27925109863,-174.27876281738,0.1751401424408,false,true,true,true,false,ARM
8050,SAMPLE,ARM_AND_ACQUISITION,false,true,0,445,125.52721405029,125.52721405029,-178.03977966309,0.17892718315125,false,true,true,true,false,ARM
8055,SAMPLE,ARM_AND_ACQUISITION,false,true,0,450,125.29217529297,125.29217529297,-179.20965576172,0.18017363548279,false,true,true,true,false,ARM
8060,SAMPLE,ARM_AND_ACQUISITION,false,true,0,455,125.23093414307,125.23093414307,-179.51167297363,0.18046116828918,false,true,true,true,false,ARM
8065,SAMPLE,ARM_AND_ACQUISITION,false,true,0,460,125.09485626221,125.09485626221,-180.18757629395,0.18084466457367,false,true,true,true,false,ARM
8070,SAMPLE,ARM_AND_ACQUISITION,false,true,0,465,124.88619995117,124.88619995117,-181.22868347168,0.18218696117401,false,true,true,true,false,ARM
8075,SAMPLE,ARM_AND_ACQUISITION,false,true,0,470,124.69750976563,124.69750976563,-182.17143249512,0.18314564228058,false,true,true,true,false,ARM
8080,SAMPLE,ARM_AND_ACQUISITION,false,true,0,475,124.77295684814,124.77295684814,-181.79557800293,0.18281006813049,false,true,true,true,false,ARM
8085,SAMPLE,ARM_AND_ACQUISITION,false,true,0,480,124.77299499512,124.77299499512,-181.79434204102,0.18281006813049,false,true,true,true,false,ARM
8090,SAMPLE,ARM_AND_ACQUISITION,false,true,0,485,124.75456237793,124.75456237793,-181.88545227051,0.18290603160858,false,true,true,true,false,ARM
8095,SAMPLE,ARM_AND_ACQUISITION,false,true,0,490,124.81414794922,124.81414794922,-181.58755493164,0.1825704574585,false,true,true,true,false,ARM
8100,SAMPLE,ARM_AND_ACQUISITION,false,true,0,495,124.81809997559,124.81809997559,-181.56755065918,0.1825704574585,false,true,true,true,false,ARM
8105,SAMPLE,ARM_AND_ACQUISITION,false,true,0,500,124.8138885498,124.8138885498,-181.58888244629,0.1825704574585,false,true,true,true,false,ARM
8110,SAMPLE,ARM_AND_ACQUISITION,false,true,0,505,124.94843292236,124.94843292236,-180.91761779785,0.18189930915833,false,true,true,true,false,ARM
8115,SAMPLE,ARM_AND_ACQUISITION,false,true,0,510,125.02753448486,125.02753448486,-180.52241516113,0.18146789073944,false,true,true,true,false,ARM
8120,SAMPLE,ARM_AND_ACQUISITION,false,true,0,515,125.1393737793,125.1393737793,-179.96472167969,0.18094062805176,false,true,true,true,false,ARM
8125,SAMPLE,ARM_AND_ACQUISITION,false,true,0,520,125.21510314941,125.21510314941,-179.58645629883,0.18055713176727,false,true,true,true,false,ARM
8130,SAMPLE,ARM_AND_ACQUISITION,false,true,0,525,125.29187774658,125.29187774658,-179.20230102539,0.18017363548279,false,true,true,true,false,ARM
8135,SAMPLE,ARM_AND_ACQUISITION,false,true,0,530,125.37789916992,125.37789916992,-178.77221679688,0.1797422170639,false,true,true,true,false,ARM
8140,SAMPLE,ARM_AND_ACQUISITION,false,true,0,535,125.44721984863,125.44721984863,-178.42530822754,0.17935872077942,false,true,true,true,false,ARM
8145,SAMPLE,ARM_AND_ACQUISITION,false,true,0,540,125.40054321289,125.40054321289,-178.66775512695,0.17959833145142,false,true,true,true,false,ARM
8150,SAMPLE,ARM_AND_ACQUISITION,false,true,0,545,124.75296020508,124.75296020508,-181.91151428223,0.18290603160858,false,true,true,true,false,ARM
8155,SAMPLE,ARM_AND_ACQUISITION,false,true,0,550,123.81929016113,123.81929016113,-186.56423950195,0.18760395050049,false,true,true,true,false,ARM
8160,SAMPLE,ARM_AND_ACQUISITION,false,true,0,555,122.2262878418,122.2262878418,-194.46041870117,0.19565749168396,false,true,true,true,false,ARM
8165,SAMPLE,ARM_AND_ACQUISITION,false,true,0,560,121.06266784668,121.06266784668,-200.1943359375,0.20150589942932,false,true,true,true,false,ARM
8170,SAMPLE,ARM_AND_ACQUISITION,false,true,0,565,120.5581817627,120.5581817627,-202.67929077148,0.20404648780823,false,true,true,true,false,ARM
8175,SAMPLE,ARM_AND_ACQUISITION,false,true,0,570,120.0668258667,120.0668258667,-205.10273742676,0.20653927326202,false,true,true,true,false,ARM
8180,SAMPLE,ARM_AND_ACQUISITION,false,true,0,575,119.26654815674,119.26654815674,-209.04174804688,0.21056604385376,false,true,true,true,false,ARM
8185,SAMPLE,ARM_AND_ACQUISITION,false,true,0,580,129.58952331543,129.58952331543,-157.6082611084,0.15821814537048,false,true,true,true,false,ARM
8190,SAMPLE,ARM_AND_ACQUISITION,false,true,0,585,143.36521911621,143.36521911621,-86.977333068848,0.08707869052887,false,true,true,true,false,ARM
8195,SAMPLE,ARM_AND_ACQUISITION,false,true,0,590,152.17454528809,152.17454528809,-41.038204193115,0.041010618209839,false,true,true,true,false,ARM
8200,SAMPLE,ARM_AND_ACQUISITION,false,true,0,595,156.83407592773,156.83407592773,-16.614484786987,0.016562461853027,false,true,true,true,false,ARM
8205,SAMPLE,ARM_AND_ACQUISITION,false,true,4,0,158.26821899414,158.26821899414,-9.0891151428223,0.0090361833572388,true,true,true,true,true,NONE
8210,SAMPLE,ARM_AND_ACQUISITION,false,true,9,0,159.18531799316,159.18531799316,-4.2759318351746,0.0042424201965332,true,true,true,true,true,NONE
8215,SAMPLE,ARM_AND_ACQUISITION,false,true,0,4,159.67041015625,159.67041015625,-1.7298954725266,0.001653790473938,true,false,false,false,false,ACQUISITION
8220,SAMPLE,ARM_AND_ACQUISITION,false,true,0,9,131.5807800293,131.5807800293,-147.52763366699,0.14805543422699,false,true,true,true,false,ARM
8225,SAMPLE,ARM_AND_ACQUISITION,false,true,0,14,122.62415313721,122.62415313721,-192.5002746582,0.19364404678345,false,true,true,true,false,ARM
8230,SAMPLE,ARM_AND_ACQUISITION,false,true,0,19,116.54846191406,116.54846191406,-222.35095214844,0.22418034076691,false,true,true,true,false,ARM
8235,SAMPLE,ARM_AND_ACQUISITION,false,true,0,24,113.46521759033,113.46521759033,-237.26934814453,0.23952043056488,false,true,true,true,false,ARM
8240,SAMPLE,ARM_AND_ACQUISITION,false,true,0,29,112.03739929199,112.03739929199,-244.12187194824,0.2466151714325,false,true,true,true,false,ARM
8245,SAMPLE,ARM_AND_ACQUISITION,false,true,0,34,111.05014038086,111.05014038086,-248.83850097656,0.2514568567276,false,true,true,true,false,ARM
8250,SAMPLE,ARM_AND_ACQUISITION,false,true,0,39,110.19897460938,110.19897460938,-252.89073181152,0.25562751293182,false,true,true,true,false,ARM
8255,SAMPLE,ARM_AND_ACQUISITION,false,true,0,44,110.04751586914,110.04751586914,-253.61015319824,0.25639450550079,false,true,true,true,false,ARM
8260,SAMPLE,ARM_AND_ACQUISITION,false,true,0,49,109.79720306396,109.79720306396,-254.79789733887,0.25764083862305,false,true,true,true,false,ARM
8265,SAMPLE,ARM_AND_ACQUISITION,false,true,0,54,109.68766784668,109.68766784668,-255.31661987305,0.25816810131073,false,true,true,true,false,ARM
8270,SAMPLE,ARM_AND_ACQUISITION,false,true,0,59,109.63035583496,109.63035583496,-255.58760070801,0.25840783119202,false,true,true,true,false,ARM
8275,SAMPLE,ARM_AND_ACQUISITION,false,true,0,64,109.59146118164,109.59146118164,-255.77145385742,0.25859951972961,false,true,true,true,false,ARM
8280,SAMPLE,ARM_AND_ACQUISITION,false,true,0,69,109.56870269775,109.56870269775,-255.87889099121,0.2587434053421,false,true,true,true,false,ARM
8285,SAMPLE,ARM_AND_ACQUISITION,false,true,0,74,109.64971923828,109.64971923828,-255.49433898926,0.25831198692322,false,true,true,true,false,ARM
8290,SAMPLE,ARM_AND_ACQUISITION,false,true,0,79,109.71955871582,109.71955871582,-255.16262817383,0.25802433490753,false,true,true,true,false,ARM
8295,SAMPLE,ARM_AND_ACQUISITION,false,true,0,84,109.77798461914,109.77798461914,-254.88505554199,0.25768876075745,false,true,true,true,false,ARM
8300,SAMPLE,ARM_AND_ACQUISITION,false,true,0,89,109.90374755859,109.90374755859,-254.2882232666,0.25711345672607,false,true,true,true,false,ARM
8305,SAMPLE,ARM_AND_ACQUISITION,false,true,0,94,109.98199462891,109.98199462891,-253.91654968262,0.25672996044159,false,true,true,true,false,ARM
8310,SAMPLE,ARM_AND_ACQUISITION,false,true,0,99,128.2162322998,128.2162322998,-164.54608154297,0.1652649641037,false,true,true,true,false,ARM
8315,SAMPLE,ARM_AND_ACQUISITION,false,true,0,104,145.04804992676,145.04804992676,-78.236663818359,0.078258156776428,false,true,true,true,false,ARM
8320,SAMPLE,ARM_AND_ACQUISITION,false,true,0,109,151.82116699219,151.82116699219,-42.888210296631,0.042880177497864,false,true,true,true,false,ARM
8325,SAMPLE,ARM_AND_ACQUISITION,false,true,1,0,157.15435791016,157.15435791016,-14.934079170227,0.023417592048645,true,true,true,true,true,NONE
8330,SAMPLE,ARM_AND_ACQUISITION,false,true,6,0,158.66133117676,158.66133117676,-7.0260152816772,0.0094677209854126,true,true,true,true,true,NONE
8335,SAMPLE,ARM_AND_ACQUISITION,false,true,0,1,159.26773071289,159.26773071289,-3.8433883190155,0.0037630796432495,true,false,false,false,false,ACQUISITION
8340,SAMPLE,ARM_AND_ACQUISITION,false,true,0,6,159.59944152832,159.59944152832,-2.1023819446564,0.0020372867584229,true,false,false,false,false,ACQUISITION
8345,SAMPLE,ARM_AND_ACQUISITION,false,true,0,11,159.81156921387,159.81156921387,-0.98900461196899,0.00093472003936768,true,false,false,false,false,ACQUISITION
8350,SAMPLE,ARM_AND_ACQUISITION,false,true,0,16,159.89692687988,159.89692687988,-0.54099345207214,0.00045537948608398,true,false,false,false,false,ACQUISITION
8355,SAMPLE,ARM_AND_ACQUISITION,false,true,0,21,159.94361877441,159.94361877441,-0.2959246635437,0.00021576881408691,true,false,false,false,false,ACQUISITION
8360,SAMPLE,ARM_AND_ACQUISITION,false,true,0,26,159.98037719727,159.98037719727,-0.10299298912287,7.1883201599121e-05,true,false,false,false,false,ACQUISITION
8365,SAMPLE,ARM_AND_ACQUISITION,false,true,0,31,159.98927307129,159.98927307129,-0.056301768869162,-2.3841857910156e-05,true,false,false,false,false,ACQUISITION
8370,SAMPLE,ARM_AND_ACQUISITION,false,true,0,36,159.99412536621,159.99412536621,-0.030833827331662,-2.3841857910156e-05,true,false,false,false,false,ACQUISITION
8375,SAMPLE,ARM_AND_ACQUISITION,false,true,0,41,159.9967956543,159.9967956543,-0.016818452626467,-2.3841857910156e-05,true,false,false,false,false,ACQUISITION
8380,SAMPLE,ARM_AND_ACQUISITION,false,true,0,46,159.99824523926,159.99824523926,-0.0092101041227579,-2.3841857910156e-05,true,false,false,false,false,ACQUISITION
8385,SAMPLE,ARM_AND_ACQUISITION,false,true,0,51,159.99938964844,159.99938964844,-0.0032035144977272,-2.3841857910156e-05,true,false,false,false,false,ACQUISITION
8390,SAMPLE,ARM_AND_ACQUISITION,false,true,0,56,159.99966430664,159.99966430664,-0.0017619330901653,-2.3841857910156e-05,true,false,false,false,false,ACQUISITION
8395,SAMPLE,ARM_AND_ACQUISITION,false,true,0,61,159.99981689453,159.99981689453,-0.00096105440752581,-2.3841857910156e-05,true,false,false,false,false,ACQUISITION
8400,SAMPLE,ARM_AND_ACQUISITION,false,true,0,66,159.99989318848,159.99989318848,-0.00056061503710225,-2.3841857910156e-05,true,false,false,false,false,ACQUISITION
8405,SAMPLE,ARM_AND_ACQUISITION,false,true,0,71,159.99993896484,159.99993896484,-0.00032035144977272,-2.3841857910156e-05,true,false,false,false,false,ACQUISITION
8410,SAMPLE,ARM_AND_ACQUISITION,false,true,0,76,159.99996948242,159.99996948242,-0.00016017572488636,-2.3841857910156e-05,true,false,false,false,false,ACQUISITION
8415,SAMPLE,ARM_AND_ACQUISITION,false,true,0,81,140.18724060059,140.18724060059,-103.43154907227,0.1036171913147,false,true,true,true,false,ARM
8420,SAMPLE,ARM_AND_ACQUISITION,false,true,0,86,146.48915100098,146.48915100098,-70.735221862793,0.070731997489929,false,true,true,true,false,ARM
8425,SAMPLE,ARM_AND_ACQUISITION,false,true,0,3,173.36552429199,173.36552429199,69.978416442871,-0.06996488571167,false,true,true,true,false,ARM
8430,SAMPLE,ARM_AND_ACQUISITION,false,true,0,8,179.61268615723,179.61268615723,102.39876556396,-0.10256242752075,false,true,true,true,false,ARM
8435,SAMPLE,ARM_AND_ACQUISITION,false,true,0,13,182.85926818848,182.85926818848,119.12502288818,-0.11938858032227,false,true,true,true,false,ARM
8440,SAMPLE,ARM_AND_ACQUISITION,false,true,0,18,184.7527923584,184.7527923584,128.82109069824,-0.12916803359985,false,true,true,true,false,ARM
8445,SAMPLE,ARM_AND_ACQUISITION,false,true,0,23,185.08396911621,185.08396911621,130.48341369629,-0.13089370727539,false,true,true,true,false,ARM
8450,SAMPLE,ARM_AND_ACQUISITION,false,true,0,28,185.30212402344,185.30212402344,131.50396728516,-0.13199615478516,false,true,true,true,false,ARM
8455,SAMPLE,ARM_AND_ACQUISITION,false,true,0,33,185.79937744141,185.79937744141,133.95944213867,-0.13453722000122,false,true,true,true,false,ARM
8460,SAMPLE,ARM_AND_ACQUISITION,false,true,0,38,186.92655944824,186.92655944824,139.5588684082,-0.14038515090942,false,true,true,true,false,ARM
8465,SAMPLE,ARM_AND_ACQUISITION,false,true,0,43,187.82588195801,187.82588195801,144.03117370605,-0.1449875831604,false,true,true,true,false,ARM
8470,SAMPLE,ARM_AND_ACQUISITION,false,true,0,48,189.44218444824,189.44218444824,152.05511474609,-0.15328073501587,false,true,true,true,false,ARM
8475,SAMPLE,ARM_AND_ACQUISITION,false,true,0,53,190.701171875,190.701171875,158.29998779297,-0.15970420837402,false,true,true,true,false,ARM
8480,SAMPLE,ARM_AND_ACQUISITION,false,true,0,58,192.52398681641,192.52398681641,167.31782531738,-0.16603183746338,false,true,true,true,false,ARM
8485,SAMPLE,ARM_AND_ACQUISITION,false,true,0,63,193.46441650391,193.46441650391,171.93489074707,-0.17384576797485,false,true,true,true,false,ARM
8490,SAMPLE,ARM_AND_ACQUISITION,false,true,0,68,194.4733581543,194.4733581543,176.85000610352,-0.17897510528564,false,true,true,true,false,ARM
8495,SAMPLE,ARM_AND_ACQUISITION,false,true,0,73,194.97351074219,194.97351074219,179.27549743652,-0.18146800994873,false,true,true,true,false,ARM
8500,SAMPLE,ARM_AND_ACQUISITION,false,true,0,78,195.41104125977,195.41104125977,181.40014648438,-0.18372106552124,false,true,true,true,false,ARM
8505,SAMPLE,ARM_AND_ACQUISITION,false,true,0,83,195.96832275391,195.96832275391,184.10913085938,-0.18654918670654,false,true,true,true,false,ARM
8510,SAMPLE,ARM_AND_ACQUISITION,false,true,0,88,196.23583984375,196.23583984375,185.40998840332,-0.18789148330688,false,true,true,true,false,ARM
8515,SAMPLE,ARM_AND_ACQUISITION,false,true,0,93,196.63388061523,196.63388061523,187.35780334473,-0.18990468978882,false,true,true,true,false,ARM
8520,SAMPLE,ARM_AND_ACQUISITION,false,true,0,98,196.92535400391,196.92535400391,188.78622436523,-0.19139099121094,false,true,true,true,false,ARM
8525,SAMPLE,ARM_AND_ACQUISITION,false,true,0,103,197.30168151855,197.30168151855,190.62536621094,-0.19268560409546,false,true,true,true,false,ARM
8530,SAMPLE,ARM_AND_ACQUISITION,false,true,0,108,197.55278015137,197.55278015137,191.85827636719,-0.19455480575562,false,true,true,true,false,ARM
8535,SAMPLE,ARM_AND_ACQUISITION,false,true,0,113,197.78515625,197.78515625,193.00054931641,-0.19575357437134,false,true,true,true,false,ARM
8540,SAMPLE,ARM_AND_ACQUISITION,false,true,0,118,198.14695739746,198.14695739746,194.77542114258,-0.1975269317627,false,true,true,true,false,ARM
8545,SAMPLE,ARM_AND_ACQUISITION,false,true,0,123,198.32971191406,198.32971191406,195.6704864502,-0.19848585128784,false,true,true,true,false,ARM
8550,SAMPLE,ARM_AND_ACQUISITION,false,true,0,128,198.34234619141,198.34234619141,195.81370544434,-0.19853353500366,false,true,true,true,false,ARM
8555,SAMPLE,ARM_AND_ACQUISITION,false,true,0,133,198.36982727051,198.36982727051,196.22305297852,-0.19867753982544,false,true,true,true,false,ARM
8560,SAMPLE,ARM_AND_ACQUISITION,false,true,0,138,198.7066192627,198.7066192627,198.08985900879,-0.20035552978516,false,true,true,true,false,ARM
8565,SAMPLE,ARM_AND_ACQUISITION,false,true,0,143,199.28132629395,199.28132629395,201.13059997559,-0.20327949523926,false,true,true,true,false,ARM
8570,SAMPLE,ARM_AND_ACQUISITION,false,true,0,148,199.95263671875,199.95263671875,204.6721496582,-0.20567655563354,false,true,true,true,false,ARM
8575,SAMPLE,ARM_AND_ACQUISITION,false,true,0,153,200.19750976563,200.19750976563,205.97200012207,-0.20788145065308,false,true,true,true,false,ARM
8580,SAMPLE,ARM_AND_ACQUISITION,false,true,0,158,200.30096435547,200.30096435547,206.53475952148,-0.20840883255005,false,true,true,true,false,ARM
8585,SAMPLE,ARM_AND_ACQUISITION,false,true,0,163,200.31951904297,200.31951904297,206.64239501953,-0.20845699310303,false,true,true,true,false,ARM
8590,SAMPLE,ARM_AND_ACQUISITION,false,true,0,168,200.3278503418,200.3278503418,206.68301391602,-0.20855283737183,false,true,true,true,false,ARM
8595,SAMPLE,ARM_AND_ACQUISITION,false,true,0,173,200.3441619873,200.3441619873,206.75988769531,-0.20860052108765,false,true,true,true,false,ARM
8600,SAMPLE,ARM_AND_ACQUISITION,false,true,0,178,200.38296508789,200.38296508789,206.94116210938,-0.20884037017822,false,true,true,true,false,ARM
8605,SAMPLE,ARM_AND_ACQUISITION,false,true,0,183,200.38897705078,200.38897705078,206.96060180664,-0.20884037017822,false,true,true,true,false,ARM
8610,SAMPLE,ARM_AND_ACQUISITION,false,true,0,188,200.25924682617,200.25924682617,206.31199645996,-0.20816946029663,false,true,true,true,false,ARM
8615,SAMPLE,ARM_AND_ACQUISITION,false,true,0,193,199.9847869873,199.9847869873,204.94802856445,-0.2075457572937,false,true,true,true,false,ARM
8620,SAMPLE,ARM_AND_ACQUISITION,false,true,0,198,199.67434692383,199.67434692383,203.40895080566,-0.20524501800537,false,true,true,true,false,ARM
8625,SAMPLE,ARM_AND_ACQUISITION,false,true,0,203,199.02874755859,199.02874755859,200.20040893555,-0.20198535919189,false,true,true,true,false,ARM
8630,SAMPLE,ARM_AND_ACQUISITION,false,true,0,208,198.6788482666,198.6788482666,198.43640136719,-0.20025968551636,false,true,true,true,false,ARM
8635,SAMPLE,ARM_AND_ACQUISITION,false,true,0,213,198.83209228516,198.83209228516,199.18862915039,-0.20097875595093,false,true,true,true,false,ARM
8640,SAMPLE,ARM_AND_ACQUISITION,false,true,0,218,200.1414642334,200.1414642334,205.69100952148,-0.20759391784668,false,true,true,true,false,ARM
8645,SAMPLE,ARM_AND_ACQUISITION,false,true,0,223,202.36837768555,202.36837768555,216.66662597656,-0.21876335144043,false,true,true,true,false,ARM
8650,SAMPLE,ARM_AND_ACQUISITION,false,true,0,228,204.76516723633,204.76516723633,228.38296508789,-0.23074769973755,false,true,true,true,false,ARM
8655,SAMPLE,ARM_AND_ACQUISITION,false,true,0,233,206.86935424805,206.86935424805,238.59576416016,-0.24119806289673,false,true,true,true,false,ARM
8660,SAMPLE,ARM_AND_ACQUISITION,false,true,0,238,208.63311767578,208.63311767578,247.07817077637,-0.24992275238037,false,true,true,true,false,ARM
8665,SAMPLE,ARM_AND_ACQUISITION,false,true,0,243,210.76991271973,210.76991271973,257.26013183594,-0.26042127609253,false,true,true,true,false,ARM
8670,SAMPLE,ARM_AND_ACQUISITION,false,true,0,248,212.2096862793,212.2096862793,264.06756591797,-0.26742029190063,false,true,true,true,false,ARM
8675,SAMPLE,ARM_AND_ACQUISITION,false,true,0,253,213.62896728516,213.62896728516,270.74368286133,-0.27437114715576,false,true,true,true,false,ARM
8680,SAMPLE,ARM_AND_ACQUISITION,false,true,0,258,215.10287475586,215.10287475586,277.65521240234,-0.28151369094849,false,true,true,true,false,ARM
8685,SAMPLE,ARM_AND_ACQUISITION,false,true,0,263,216.63726806641,216.63726806641,284.83004760742,-0.28889608383179,false,true,true,true,false,ARM
8690,SAMPLE,ARM_AND_ACQUISITION,false,true,0,268,217.44134521484,217.44134521484,288.56820678711,-0.29277896881104,false,true,true,true,false,ARM
8695,SAMPLE,ARM_AND_ACQUISITION,false,true,0,273,218.27508544922,218.27508544922,292.41937255859,-0.29675817489624,false,true,true,true,false,ARM
8700,SAMPLE,ARM_AND_ACQUISITION,false,true,0,278,218.94915771484,218.94915771484,295.52835083008,-0.30001783370972,false,true,true,true,false,ARM
8705,SAMPLE,ARM_AND_ACQUISITION,false,true,0,283,219.09674072266,219.09674072266,296.21569824219,-0.30073690414429,false,true,true,true,false,ARM
8710,SAMPLE,ARM_AND_ACQUISITION,false,true,0,288,203.50247192383,203.50247192383,222.58560180664,-0.22442007064819,false,true,true,true,false,ARM
8715,SAMPLE,ARM_AND_ACQUISITION,false,true,0,293,180.46473693848,180.46473693848,106.79610443115,-0.10697269439697,false,true,true,true,false,ARM
8720,SAMPLE,ARM_AND_ACQUISITION,false,true,0,298,168.27935791016,168.27935791016,43.414279937744,-0.043407440185547,false,true,true,true,false,ARM
8725,SAMPLE,ARM_AND_ACQUISITION,false,true,0,303,163.89483642578,163.89483642578,20.438306808472,-0.020349502563477,false,true,true,true,false,ARM
8730,SAMPLE,ARM_AND_ACQUISITION,false,true,5,0,161.57572937012,161.57572937012,8.2701501846313,-0.0081734657287598,true,true,true,true,true,NONE
8735,SAMPLE,ARM_AND_ACQUISITION,false,true,0,3,160.63748168945,160.63748168945,3.3458921909332,-0.0032835006713867,true,false,false,false,false,ACQUISITION
8740,SAMPLE,ARM_AND_ACQUISITION,false,true,0,8,160.29989624023,160.29989624023,1.5740449428558,-0.0015101432800293,true,false,false,false,false,ACQUISITION
8745,SAMPLE,ARM_AND_ACQUISITION,false,true,0,13,160.16404724121,160.16404724121,0.86102432012558,-0.00079107284545898,true,false,false,false,false,ACQUISITION
8750,SAMPLE,ARM_AND_ACQUISITION,false,true,0,18,160.05706787109,160.05706787109,0.29952862858772,-0.00021553039550781,true,false,false,false,false,ACQUISITION
8755,SAMPLE,ARM_AND_ACQUISITION,false,true,0,23,190.56120300293,190.56120300293,158.36503601074,-0.15898513793945,false,true,true,true,false,ARM
8760,SAMPLE,ARM_AND_ACQUISITION,false,true,0,28,205.04905700684,205.04905700684,230.0298614502,-0.23213815689087,false,true,true,true,false,ARM
8765,SAMPLE,ARM_AND_ACQUISITION,false,true,0,33,211.93112182617,211.93112182617,262.79959106445,-0.26607751846313,false,true,true,true,false,ARM
8770,SAMPLE,ARM_AND_ACQUISITION,false,true,0,38,214.94711303711,214.94711303711,276.78280639648,-0.2807469367981,false,true,true,true,false,ARM
8775,SAMPLE,ARM_AND_ACQUISITION,false,true,0,43,216.76220703125,216.76220703125,284.95742797852,-0.28951930999756,false,true,true,true,false,ARM
8780,SAMPLE,ARM_AND_ACQUISITION,false,true,0,48,217.34443664551,217.34443664551,287.40316772461,-0.29229974746704,false,true,true,true,false,ARM
8785,SAMPLE,ARM_AND_ACQUISITION,false,true,0,53,217.69093322754,217.69093322754,288.51174926758,-0.29397773742676,false,true,true,true,false,ARM
8790,SAMPLE,ARM_AND_ACQUISITION,false,true,0,58,217.90869140625,217.90869140625,289.19885253906,-0.29503202438354,false,true,true,true,false,ARM
8795,SAMPLE,ARM_AND_ACQUISITION,false,true,0,63,218.26907348633,218.26907348633,290.6184387207,-0.29675817489624,false,true,true,true,false,ARM
8800,SAMPLE,ARM_AND_ACQUISITION,false,true,0,68,218.3215637207,218.3215637207,290.74468994141,-0.29699754714966,false,true,true,true,false,ARM
8805,SAMPLE,ARM_AND_ACQUISITION,false,true,0,73,218.04379272461,218.04379272461,289.45098876953,-0.29570341110229,false,true,true,true,false,ARM
8810,SAMPLE,ARM_AND_ACQUISITION,false,true,0,78,217.84777832031,217.84777832031,288.56015014648,-0.29474449157715,false,true,true,true,false,ARM
8815,SAMPLE,ARM_AND_ACQUISITION,false,true,0,83,217.60971069336,217.60971069336,287.48202514648,-0.2935938835144,false,true,true,true,false,ARM
8820,SAMPLE,ARM_AND_ACQUISITION,false,true,0,88,217.25257873535,217.25257873535,285.87521362305,-0.29186820983887,false,true,true,true,false,ARM
8825,SAMPLE,ARM_AND_ACQUISITION,false,true,0,93,217.09982299805,217.09982299805,285.1845703125,-0.2911491394043,false,true,true,true,false,ARM
8830,SAMPLE,ARM_AND_ACQUISITION,false,true,0,98,217.01028442383,217.01028442383,284.7766418457,-0.29071760177612,false,true,true,true,false,ARM
8835,SAMPLE,ARM_AND_ACQUISITION,false,true,0,103,217.13439941406,217.13439941406,285.32846069336,-0.29134082794189,false,true,true,true,false,ARM
8840,SAMPLE,ARM_AND_ACQUISITION,false,true,0,108,217.22946166992,217.22946166992,285.74847412109,-0.29177236557007,false,true,true,true,false,ARM
8845,SAMPLE,ARM_AND_ACQUISITION,false,true,0,113,217.25720214844,217.25720214844,285.86920166016,-0.29191637039185,false,true,true,true,false,ARM
8850,SAMPLE,ARM_AND_ACQUISITION,false,true,0,118,217.2900390625,217.2900390625,286.0100402832,-0.29191637039185,false,true,true,true,false,ARM
8855,SAMPLE,ARM_AND_ACQUISITION,false,true,0,123,217.33790588379,217.33790588379,286.21951293945,-0.29229974746704,false,true,true,true,false,ARM
8860,SAMPLE,ARM_AND_ACQUISITION,false,true,0,128,217.29606628418,217.29606628418,286.02035522461,-0.29210805892944,false,true,true,true,false,ARM
8865,SAMPLE,ARM_AND_ACQUISITION,false,true,0,133,217.09602355957,217.09602355957,285.11093139648,-0.2911491394043,false,true,true,true,false,ARM
8870,SAMPLE,ARM_AND_ACQUISITION,false,true,0,138,217.5871887207,217.5871887207,287.48715209961,-0.29349803924561,false,true,true,true,false,ARM
8875,SAMPLE,ARM_AND_ACQUISITION,false,true,0,143,219.38325500488,219.38325500488,295.94586181641,-0.30207920074463,false,true,true,true,false,ARM
8880,SAMPLE,ARM_AND_ACQUISITION,false,true,0,148,221.59155273438,221.59155273438,306.10906982422,-0.31262540817261,false,true,true,true,false,ARM
8885,SAMPLE,ARM_AND_ACQUISITION,false,true,0,153,199.17567443848,199.17567443848,200.98559570313,-0.20275211334229,false,true,true,true,false,ARM
8890,SAMPLE,ARM_AND_ACQUISITION,false,true,0,158,175.8491973877,175.8491973877,82.871017456055,-0.082955837249756,false,true,true,true,false,ARM
8895,SAMPLE,ARM_AND_ACQUISITION,false,true,0,163,166.41206359863,166.41206359863,33.633598327637,-0.033580303192139,false,true,true,true,false,ARM
8900,SAMPLE,ARM_AND_ACQUISITION,false,true,2,0,162.59411621094,162.59411621094,13.614186286926,-0.013542652130127,true,true,true,true,true,NONE
8905,SAMPLE,ARM_AND_ACQUISITION,false,true,7,0,161.04949951172,161.04949951172,5.5083513259888,-0.0054411888122559,true,true,true,true,true,NONE
8910,SAMPLE,ARM_AND_ACQUISITION,false,true,0,4,177.89390563965,177.89390563965,93.507110595703,-0.093598365783691,false,true,true,true,false,ARM
8915,SAMPLE,ARM_AND_ACQUISITION,false,true,0,9,193.73893737793,193.73893737793,173.95846557617,-0.17523622512817,false,true,true,true,false,ARM
8920,SAMPLE,ARM_AND_ACQUISITION,false,true,1,0,157.28202819824,157.28202819824,-14.200202941895,0.014213562011719,true,true,true,true,true,NONE
8925,SAMPLE,ARM_AND_ACQUISITION,false,true,0,4,139.39834594727,139.39834594727,-106.93655395508,0.10769188404083,false,true,true,true,false,ARM
8930,SAMPLE,ARM_AND_ACQUISITION,false,true,0,9,126.53977203369,126.53977203369,-171.9669342041,0.17379784584045,false,true,true,true,false,ARM
8935,SAMPLE,ARM_AND_ACQUISITION,false,true,0,14,121.3376159668,121.3376159668,-197.67294311523,0.20016360282898,false,true,true,true,false,ARM
8940,SAMPLE,ARM_AND_ACQUISITION,false,true,0,19,130.22108459473,130.22108459473,-153.89720153809,0.20816922187805,false,true,true,true,false,ARM
8945,SAMPLE,ARM_AND_ACQUISITION,false,true,0,24,143.71069335938,143.71069335938,-85.09716796875,0.085257053375244,false,true,true,true,false,ARM
8950,SAMPLE,ARM_AND_ACQUISITION,false,true,0,29,131.66627502441,131.66627502441,-147.07104492188,0.14757597446442,false,true,true,true,false,ARM
8955,SAMPLE,ARM_AND_ACQUISITION,false,true,0,34,141.69993591309,141.69993591309,-95.607719421387,0.095707416534424,false,true,true,true,false,ARM
8960,SAMPLE,ARM_AND_ACQUISITION,false,true,0,39,152.59638977051,152.59638977051,-38.829387664795,0.038805484771729,false,true,true,true,false,ARM
8965,SAMPLE,ARM_AND_ACQUISITION,false,true,0,44,155.95016479492,155.95016479492,-21.251291275024,0.021212458610535,false,true,true,true,false,ARM
8970,SAMPLE,ARM_AND_ACQUISITION,false,true,5,0,158.36157226563,158.36157226563,-8.5991954803467,0.0085089206695557,true,true,true,true,true,NONE
8975,SAMPLE,ARM_AND_ACQUISITION,false,true,0,1,159.33714294434,159.33714294434,-3.4790759086609,0.0033795833587646,true,false,false,false,false,ACQUISITION
8980,SAMPLE,ARM_AND_ACQUISITION,false,true,0,6,159.73182678223,159.73182678223,-1.4075428247452,0.0013662576675415,true,false,false,false,false,ACQUISITION
8985,SAMPLE,ARM_AND_ACQUISITION,false,true,0,11,159.85330200195,159.85330200195,-0.76996451616287,0.00069510936737061,true,false,false,false,false,ACQUISITION
8990,SAMPLE,ARM_AND_ACQUISITION,false,true,0,16,159.94065856934,159.94065856934,-0.31146171689034,0.00026369094848633,true,false,false,false,false,ACQUISITION
8995,SAMPLE,ARM_AND_ACQUISITION,false,true,0,21,147.4683380127,147.4683380127,-65.632347106934,0.065650582313538,false,true,true,true,false,ARM
9000,SAMPLE,ARM_AND_ACQUISITION,false,true,0,26,126.3493270874,126.3493270874,-173.92823791504,0.17480456829071,false,true,true,true,false,ARM
9005,SAMPLE,ARM_AND_ACQUISITION,false,true,0,31,120.25228118896,120.25228118896,-204.21142578125,0.20558047294617,false,true,true,true,false,ARM
9010,SAMPLE,ARM_AND_ACQUISITION,false,true,0,36,127.4349822998,127.4349822998,-168.46545410156,0.16924381256104,false,true,true,true,false,ARM
9015,SAMPLE,ARM_AND_ACQUISITION,false,true,0,41,130.53999328613,130.53999328613,-152.79695129395,0.15337646007538,false,true,true,true,false,ARM
9020,SAMPLE,ARM_AND_ACQUISITION,false,true,0,46,133.15374755859,133.15374755859,-139.51634216309,0.13995397090912,false,true,true,true,false,ARM
9025,SAMPLE,ARM_AND_ACQUISITION,false,true,0,51,134.28936767578,134.28936767578,-133.72128295898,0.13410556316376,false,true,true,true,false,ARM
9030,SAMPLE,ARM_AND_ACQUISITION,false,true,0,56,134.96133422852,134.96133422852,-130.28614807129,0.13065409660339,false,true,true,true,false,ARM
9035,SAMPLE,ARM_AND_ACQUISITION,false,true,0,61,135.30363464355,135.30363464355,-128.5345916748,0.12888026237488,false,true,true,true,false,ARM
9040,SAMPLE,ARM_AND_ACQUISITION,false,true,0,66,135.5814666748,135.5814666748,-127.11228179932,0.12744212150574,false,true,true,true,false,ARM
9045,SAMPLE,ARM_AND_ACQUISITION,false,true,0,71,135.82791137695,135.82791137695,-125.85004425049,0.12614786624908,false,true,true,true,false,ARM
9050,SAMPLE,ARM_AND_ACQUISITION,false,true,0,76,135.54525756836,135.54525756836,-127.29863739014,0.12763392925262,false,true,true,true,false,ARM
9055,SAMPLE,ARM_AND_ACQUISITION,false,true,0,81,134.80937194824,134.80937194824,-131.06393432617,0.13142108917236,false,true,true,true,false,ARM
9060,SAMPLE,ARM_AND_ACQUISITION,false,true,0,86,134.35592651367,134.35592651367,-133.38218688965,0.13376998901367,false,true,true,true,false,ARM
9065,SAMPLE,ARM_AND_ACQUISITION,false,true,0,91,133.46215820313,133.46215820313,-137.93859863281,0.13837206363678,false,true,true,true,false,ARM
9070,SAMPLE,ARM_AND_ACQUISITION,false,true,0,96,132.74049377441,132.74049377441,-141.61399841309,0.14206314086914,false,true,true,true,false,ARM
9075,SAMPLE,ARM_AND_ACQUISITION,false,true,0,101,148.97169494629,148.97169494629,-57.785564422607,0.057788729667664,false,true,true,true,false,ARM
9080,SAMPLE,ARM_AND_ACQUISITION,false,true,0,106,156.70013427734,156.70013427734,-17.317169189453,0.017281532287598,false,true,true,true,false,ARM
9085,SAMPLE,ARM_AND_ACQUISITION,false,true,2,0,158.19494628906,158.19494628906,-9.4736442565918,0.0094196796417236,true,true,true,true,true,NONE
9090,SAMPLE,ARM_AND_ACQUISITION,false,true,7,0,159.01261901855,158.8157043457,-6.2158184051514,0.0051053762435913,true,true,true,true,true,NONE
9095,SAMPLE,ARM_AND_ACQUISITION,false,true,0,4,159.53550720215,159.30068969727,-3.6704018115997,0.0023728609085083,true,false,false,false,false,ACQUISITION
9100,SAMPLE,ARM_AND_ACQUISITION,false,true,0,9,159.83839416504,159.66552734375,-1.7555233240128,0.00079095363616943,true,false,false,false,false,ACQUISITION
9105,SAMPLE,ARM_AND_ACQUISITION,false,true,0,14,159.93461608887,159.82225036621,-0.93294322490692,0.00031161308288574,true,false,false,false,false,ACQUISITION
9110,SAMPLE,ARM_AND_ACQUISITION,false,true,0,19,159.9584197998,159.87042236328,-0.68010598421097,0.00016772747039795,true,false,false,false,false,ACQUISITION
9115,SAMPLE,ARM_AND_ACQUISITION,false,true,0,24,159.98316955566,159.93113708496,-0.36143654584885,2.3961067199707e-05,true,false,false,false,false,ACQUISITION
9120,SAMPLE,ARM_AND_ACQUISITION,false,true,0,29,159.99319458008,159.96339416504,-0.19213078916073,-2.3841857910156e-05,true,false,false,false,false,ACQUISITION
9125,SAMPLE,ARM_AND_ACQUISITION,false,true,0,34,159.99566650391,159.97331237793,-0.14007368683815,-2.3841857910156e-05,true,false,false,false,false,ACQUISITION
9130,SAMPLE,ARM_AND_ACQUISITION,false,true,0,39,159.99848937988,159.98724365234,-0.066953457891941,-2.3841857910156e-05,true,false,false,false,false,ACQUISITION
9135,SAMPLE,ARM_AND_ACQUISITION,false,true,0,44,159.99903869629,159.99069213867,-0.048853598535061,-2.3841857910156e-05,true,false,false,false,false,ACQUISITION
9140,SAMPLE,ARM_AND_ACQUISITION,false,true,0,49,159.99938964844,159.99322509766,-0.035559013485909,-2.3841857910156e-05,true,false,false,false,false,ACQUISITION
9145,SAMPLE,ARM_AND_ACQUISITION,false,true,0,54,159.99981689453,159.99708557129,-0.015296782366931,-2.3841857910156e-05,true,false,false,false,false,ACQUISITION
9150,SAMPLE,ARM_AND_ACQUISITION,false,true,0,59,159.99987792969,159.99787902832,-0.011132213287055,-2.3841857910156e-05,true,false,false,false,false,ACQUISITION
9155,SAMPLE,ARM_AND_ACQUISITION,false,true,0,64,159.99996948242,159.99908447266,-0.0048052719794214,-2.3841857910156e-05,true,false,false,false,false,ACQUISITION
9160,SAMPLE,ARM_AND_ACQUISITION,false,true,0,69,159.99998474121,159.99940490723,-0.003123426809907,-2.3841857910156e-05,true,false,false,false,false,ACQUISITION
9165,SAMPLE,ARM_AND_ACQUISITION,false,true,0,74,159.99998474121,159.99960327148,-0.002082284539938,-2.3841857910156e-05,true,false,false,false,false,ACQUISITION
9170,SAMPLE,ARM_AND_ACQUISITION,false,true,0,79,160.0,159.99981689453,-0.00096105440752581,0.0,true,false,false,false,false,ACQUISITION
9175,SAMPLE,ARM_AND_ACQUISITION,false,true,0,84,160.0,159.9998626709,-0.00072079082019627,0.0,true,false,false,false,false,ACQUISITION
9180,SAMPLE,ARM_AND_ACQUISITION,false,true,0,89,160.0,159.99993896484,-0.00032035144977272,0.0,true,false,false,false,false,ACQUISITION
9185,SAMPLE,ARM_AND_ACQUISITION,false,true,0,94,160.0,159.99995422363,-0.00024026360188145,0.0,true,false,false,false,false,ACQUISITION
9190,SAMPLE,ARM_AND_ACQUISITION,false,true,0,99,160.0,159.99996948242,-0.00016017572488636,0.0,true,false,false,false,false,ACQUISITION
9195,SAMPLE,ARM_AND_ACQUISITION,false,true,0,104,160.0,159.99998474121,-8.0087862443179e-05,0.0,true,false,false,false,false,ACQUISITION
9200,SAMPLE,ARM_AND_ACQUISITION,false,true,0,109,160.0,159.99998474121,-8.0087862443179e-05,0.0,true,false,false,false,false,ACQUISITION
2275,SAMPLE,ARM_AND_ACQUISITION,false,true,0,113,160.0,160.0,0.0,0.0,true,false,false,false,false,ACQUISITION
2280,SAMPLE,ARM_AND_ACQUISITION,false,true,0,118,160.0,160.0,0.0,0.0,true,false,false,false,false,ACQUISITION
2285,SAMPLE,ARM_AND_ACQUISITION,false,true,0,123,160.0,160.0,0.0,0.0,true,false,false,false,false,ACQUISITION
2290,SAMPLE,ARM_AND_ACQUISITION,false,true,0,128,160.0,160.0,0.0,0.0,true,false,false,false,false,ACQUISITION
2295,SAMPLE,ARM_AND_ACQUISITION,false,true,0,133,160.0,160.0,0.0,0.0,true,false,false,false,false,ACQUISITION
2300,SAMPLE,ARM_AND_ACQUISITION,false,true,0,138,160.0,160.0,0.0,0.0,true,false,false,false,false,ACQUISITION
2305,SAMPLE,ARM_AND_ACQUISITION,false,true,0,143,160.0,160.0,0.0,0.0,true,false,false,false,false,ACQUISITION
2310,SAMPLE,ARM_AND_ACQUISITION,false,true,0,148,160.0,160.0,0.0,0.0,true,false,false,false,false,ACQUISITION
2315,SAMPLE,ARM_AND_ACQUISITION,false,true,0,153,160.0,160.0,0.0,0.0,true,false,false,false,false,ACQUISITION
2320,SAMPLE,ARM_AND_ACQUISITION,false,true,0,158,160.0,160.0,0.0,0.0,true,false,false,false,false,ACQUISITION
2325,SAMPLE,ARM_AND_ACQUISITION,false,true,0,163,160.0,160.0,0.0,0.0,true,false,false,false,false,ACQUISITION
2330,SAMPLE,ARM_AND_ACQUISITION,false,true,0,168,160.0,160.0,0.0,0.0,true,false,false,false,false,ACQUISITION
2335,SAMPLE,ARM_AND_ACQUISITION,false,true,0,173,160.0,160.0,0.0,0.0,true,false,false,false,false,ACQUISITION
2340,SAMPLE,ARM_AND_ACQUISITION,false,true,0,178,160.0,160.0,0.0,0.0,true,false,false,false,false,ACQUISITION
2345,SAMPLE,ARM_AND_ACQUISITION,false,true,0,183,160.0,160.0,0.0,0.0,true,false,false,false,false,ACQUISITION
2350,SAMPLE,ARM_AND_ACQUISITION,false,true,0,188,160.0,160.0,0.0,0.0,true,false,false,false,false,ACQUISITION
2355,SAMPLE,ARM_AND_ACQUISITION,false,true,0,193,160.0,160.0,0.0,0.0,true,false,false,false,false,ACQUISITION
2360,SAMPLE,ARM_AND_ACQUISITION,false,true,0,198,160.0,160.0,0.0,0.0,true,false,false,false,false,ACQUISITION
2365,SAMPLE,ARM_AND_ACQUISITION,false,true,0,203,160.0,160.0,0.0,0.0,true,false,false,false,false,ACQUISITION
2370,SAMPLE,ARM_AND_ACQUISITION,false,true,0,208,160.0,160.0,0.0,0.0,true,false,false,false,false,ACQUISITION
2375,SAMPLE,ARM_AND_ACQUISITION,false,true,0,213,160.0,160.0,0.0,0.0,true,false,false,false,false,ACQUISITION
2380,SAMPLE,ARM_AND_ACQUISITION,false,true,0,218,160.0,160.0,0.0,0.0,true,false,false,false,false,ACQUISITION
2385,SAMPLE,ARM_AND_ACQUISITION,false,true,0,223,160.0,160.0,0.0,0.0,true,false,false,false,false,ACQUISITION
2390,SAMPLE,ARM_AND_ACQUISITION,false,true,0,228,160.0,160.0,0.0,0.0,true,false,false,false,false,ACQUISITION
2395,SAMPLE,ARM_AND_ACQUISITION,false,true,0,233,160.0,160.0,0.0,0.0,true,false,false,false,false,ACQUISITION
2400,SAMPLE,ARM_AND_ACQUISITION,false,true,0,238,160.0,160.0,0.0,0.0,true,false,false,false,false,ACQUISITION
2405,SAMPLE,ARM_AND_ACQUISITION,false,true,0,243,160.0,160.0,0.0,0.0,true,false,false,false,false,ACQUISITION
2410,SAMPLE,ARM_AND_ACQUISITION,false,true,0,248,160.0,160.0,0.0,0.0,true,false,false,false,false,ACQUISITION
2415,SAMPLE,ARM_AND_ACQUISITION,false,true,0,253,160.0,160.0,0.0,0.0,true,false,false,false,false,ACQUISITION
2420,SAMPLE,ARM_AND_ACQUISITION,false,true,0,258,160.0,160.0,0.0,0.0,true,false,false,false,false,ACQUISITION
2425,SAMPLE,ARM_AND_ACQUISITION,false,true,0,263,160.0,160.0,0.0,0.0,true,false,false,false,false,ACQUISITION
2430,SAMPLE,ARM_AND_ACQUISITION,false,true,0,268,160.0,160.0,0.0,0.0,true,false,false,false,false,ACQUISITION
2435,SAMPLE,ARM_AND_ACQUISITION,false,true,0,273,160.0,160.0,0.0,0.0,true,false,false,false,false,ACQUISITION
2440,SAMPLE,ARM_AND_ACQUISITION,false,true,0,278,160.0,160.0,0.0,0.0,true,false,false,false,false,ACQUISITION
2445,SAMPLE,ARM_AND_ACQUISITION,false,true,0,283,160.0,160.0,0.0,0.0,true,false,false,false,false,ACQUISITION
