rank,address_hex,kind,score,no_target,target_left,target_right,manual_aim,delta_left,delta_right,delta_manual,opposition,symmetry,sign_opposed,horizontal_score,left_score,right_score,manual_score
1,0x0027C368,ARM_HORIZONTAL_CANDIDATE,1399924.375,-460356.75,-125327.125,-855192.25,-72.379638671875,335029.625,-394835.5,460284.37036133,729865.125,59805.875,true,1399924.375,91583.437963867,181292.25046387,387297.85786133
2,0x0027C364,MANUAL_AIM_CANDIDATE,874406.36965942,-986258.5,-386626.75,-468552.75,-118.38034057617,599631.75,517705.75,986140.11965942,81926.0,81926.0,false,0.0,242164.86303406,119275.86303406,874406.36965942
3,0x0009B66C,ARM_RIGHT_CANDIDATE,742110.4515564,824479.9375,824479.9375,0.0,785.07806396484,0.0,-824479.9375,-823694.85943604,824479.9375,824479.9375,false,0.0,-494609.4546936,742110.4515564,741246.86568604
4,0x0009B6AC,ARM_RIGHT_CANDIDATE,742110.4515564,824479.9375,824479.9375,0.0,785.07806396484,0.0,-824479.9375,-823694.85943604,824479.9375,824479.9375,false,0.0,-494609.4546936,742110.4515564,741246.86568604
5,0x002E2F10,MANUAL_AIM_CANDIDATE,635410.6875,0.0,0.0,0.0,635410.6875,0.0,0.0,635410.6875,0.0,0.0,false,0.0,-63541.06875,-63541.06875,635410.6875
6,0x001A02C8,MANUAL_AIM_CANDIDATE,524288.1,0.0,-655360.125,-655360.125,-655360.125,-655360.125,-655360.125,-655360.125,0.0,0.0,false,0.0,262144.05,262144.05,524288.1
7,0x001A035C,MANUAL_AIM_CANDIDATE,471859.25,0.0,589824.0625,589824.0625,589824.0625,589824.0625,589824.0625,589824.0625,0.0,0.0,false,0.0,235929.625,235929.625,471859.25
8,0x003B3320,ARM_LEFT_CANDIDATE,240613.734375,0.0,240613.734375,0.0,0.0,240613.734375,0.0,0.0,240613.734375,240613.734375,false,0.0,240613.734375,-120306.8671875,-24061.3734375
9,0x003B3154,ARM_HORIZONTAL_CANDIDATE,229673.04882813,27.0,229595.640625,-7.802734375,-7.4306640625,229568.640625,-34.802734375,-34.4306640625,229603.44335938,229533.83789063,true,229673.04882813,229547.79619141,-114752.96064453,-22925.913671875
10,0x003B3158,ARM_HORIZONTAL_CANDIDATE,229559.25610352,67.0,229452.640625,9.128173828125,55.0615234375,229385.640625,-57.871826171875,-11.9384765625,229443.51245117,229327.76879883,true,229559.25610352,229355.51086426,-114636.14233398,-22932.412768555
11,0x003B311C,ARM_LEFT_CANDIDATE,229528.34375,1.0,229529.34375,1.0,1.0,229528.34375,0.0,0.0,229528.34375,229528.34375,false,0.0,229528.34375,-114764.171875,-22952.834375
12,0x003B32FC,ARM_LEFT_CANDIDATE,229311.5625,0.0,229311.5625,0.0,0.0,229311.5625,0.0,0.0,229311.5625,229311.5625,false,0.0,229311.5625,-114655.78125,-22931.15625
13,0x003B314C,ARM_LEFT_CANDIDATE,226923.5074707,100.0,229311.59375,4658.90625,13.66845703125,229211.59375,4558.90625,-86.33154296875,224652.6875,224652.6875,false,0.0,226923.5074707,-110055.5237793,-23290.718457031
14,0x003B331C,ARM_LEFT_CANDIDATE,183391.4375,0.0,-183391.4375,0.0,0.0,-183391.4375,0.0,0.0,183391.4375,183391.4375,false,0.0,183391.4375,-91695.71875,-18339.14375
15,0x002E2FAC,MANUAL_AIM_CANDIDATE,173199.6875,0.0,0.0,0.0,173199.6875,0.0,0.0,173199.6875,0.0,0.0,false,0.0,-17319.96875,-17319.96875,173199.6875
16,0x00091C4C,ARM_RIGHT_CANDIDATE,133697.20775757,-147767.375,-147767.375,785.07806396484,785.07806396484,0.0,148552.45306396,148552.45306396,148552.45306396,148552.45306396,false,0.0,-89131.471838379,133697.20775757,133697.20775757
17,0x00099A34,ARM_RIGHT_CANDIDATE,132976.2375,-147751.375,-147751.375,0.0,0.0,0.0,147751.375,147751.375,147751.375,147751.375,false,0.0,-88650.825,132976.2375,132976.2375
18,0x003B3608,ARM_HORIZONTAL_CANDIDATE,130514.953125,-208183.9375,-183394.234375,-264329.78125,-241737.140625,24789.703125,-56145.84375,-33553.203125,80935.546875,31356.140625,true,130514.953125,-6638.5390625,40395.671875,25459.6484375
19,0x00098ECC,ARM_RIGHT_CANDIDATE,127280.36293945,-147751.375,-147751.375,-6328.7495117188,-6328.7495117188,0.0,141422.62548828,141422.62548828,141422.62548828,141422.62548828,false,0.0,-84853.575292969,127280.36293945,127280.36293945
20,0x0019FB30,MANUAL_AIM_CANDIDATE,111411.2125,0.0,-139264.015625,-139264.015625,-139264.015625,-139264.015625,-139264.015625,-139264.015625,0.0,0.0,false,0.0,55705.60625,55705.60625,111411.2125
21,0x00098838,ARM_RIGHT_CANDIDATE,108302.3859375,120335.984375,120335.984375,0.0,0.0,0.0,-120335.984375,-120335.984375,120335.984375,120335.984375,false,0.0,-72201.590625,108302.3859375,108302.3859375
22,0x002E2CC4,ARM_RIGHT_CANDIDATE,62533.171041083,0.0,0.0,62533.3203125,-1.4927141666412,0.0,62533.3203125,-1.4927141666412,62533.3203125,62533.3203125,false,0.0,-31266.809427667,62533.171041083,-6251.8393170834
23,0x00032310,MANUAL_AIM_CANDIDATE,52428.799804688,13107.200195313,13107.200195313,13107.200195313,65536.0,0.0,0.0,52428.799804688,0.0,0.0,false,0.0,-5242.8799804688,-5242.8799804688,52428.799804688
24,0x0005D77C,MANUAL_AIM_CANDIDATE,46241.28125,-1510.4765625,-54.0,15.0,45029.0,1456.4765625,1525.4765625,46539.4765625,69.0,69.0,false,0.0,-3960.209375,-3856.709375,46241.28125
25,0x0005D78C,MANUAL_AIM_CANDIDATE,32796.034936523,40610.12109375,-2.6416015625,3352.0222167969,27.0,-40612.762695313,-37258.098876953,-40583.12109375,3354.6638183594,3354.6638183594,false,0.0,17925.401147461,12893.405419922,32796.034936523
26,0x000F8F38,MANUAL_AIM_CANDIDATE,32206.900863453,-39560.39453125,-3068.7673339844,-2517.0517578125,0.0033292730804533,36491.627197266,37043.342773438,39560.397860523,551.71557617188,551.71557617188,false,0.0,14013.916024495,14841.489388752,32206.900863453
27,0x000F8AD8,ARM_LEFT_CANDIDATE,31880.488574219,-20285.07421875,16480.80078125,-11444.828125,-15632.440429688,36765.875,8840.24609375,4652.6337890625,27925.62890625,27925.62890625,false,0.0,31880.488574219,-10007.954785156,92.0216796875
28,0x001052D8,ARM_LEFT_CANDIDATE,31879.543554688,-20287.2578125,16481.15625,-11439.787109375,-15635.90625,36768.4140625,8847.470703125,4651.3515625,27920.943359375,27920.943359375,false,0.0,31879.543554688,-10001.871484375,89.763085937499
29,0x00079980,ARM_LEFT_CANDIDATE,31878.323535156,20285.07421875,-16481.15625,11439.787109375,15632.440429688,-36766.23046875,-8845.287109375,-4652.6337890625,27920.943359375,27920.943359375,false,0.0,31878.323535156,-10003.091503906,91.48203125
30,0x002E30BC,MANUAL_AIM_CANDIDATE,30967.5,0.0,0.0,0.0,-30967.5,0.0,0.0,-30967.5,0.0,0.0,false,0.0,-3096.75,-3096.75,30967.5
31,0x000D2FAC,ARM_LEFT_CANDIDATE,30713.560351563,19038.904296875,-15606.057617188,11857.07421875,15634.0390625,-34644.961914063,-7181.830078125,-3404.865234375,27463.131835938,27463.131835938,false,0.0,30713.560351563,-10481.137402344,-777.81396484375
32,0x003B3118,ARM_LEFT_CANDIDATE,28619.734375,0.0,28619.734375,0.0,0.0,28619.734375,0.0,0.0,28619.734375,28619.734375,false,0.0,28619.734375,-14309.8671875,-2861.9734375
33,0x003B3150,ARM_HORIZONTAL_CANDIDATE,28300.875,77.0,28332.875,62.0,78.0,28255.875,-15.0,1.0,28270.875,28240.875,true,28300.875,28248.275,-14113.0375,-2826.0875
34,0x003B3138,ARM_LEFT_CANDIDATE,27229.91015625,-41.0,27203.91015625,-17.0,-11.0,27244.91015625,24.0,30.0,27220.91015625,27220.91015625,false,0.0,27229.91015625,-13601.455078125,-2696.891015625
35,0x0005E694,MANUAL_AIM_CANDIDATE,26079.853515625,32768.0,160.41015625,96.751953125,160.2626953125,-32607.58984375,-32671.248046875,-32607.737304688,63.658203125,63.658203125,false,0.0,13011.192089844,13106.679394531,26079.853515625
36,0x003B3170,ARM_LEFT_CANDIDATE,25564.349609375,0.0,25564.349609375,0.0,0.0,25564.349609375,0.0,0.0,25564.349609375,25564.349609375,false,0.0,25564.349609375,-12782.174804688,-2556.4349609375
37,0x003B322C,ARM_LEFT_CANDIDATE,23278.53515625,0.0,23278.53515625,0.0,0.0,23278.53515625,0.0,0.0,23278.53515625,23278.53515625,false,0.0,23278.53515625,-11639.267578125,-2327.853515625
38,0x003B31EC,ARM_LEFT_CANDIDATE,23277.53515625,1.0,23278.53515625,1.0,1.0,23277.53515625,0.0,0.0,23277.53515625,23277.53515625,false,0.0,23277.53515625,-11638.767578125,-2327.753515625
39,0x003B3414,ARM_LEFT_CANDIDATE,23277.43515625,1.0,23278.53515625,1.0,0.0,23277.53515625,0.0,-1.0,23277.53515625,23277.53515625,false,0.0,23277.43515625,-11638.867578125,-2326.753515625
40,0x003B3294,ARM_HORIZONTAL_CANDIDATE,22861.68359375,17659.6484375,1631.51953125,19937.5,17627.84375,-16028.12890625,2277.8515625,-31.8046875,18305.98046875,13750.27734375,true,22861.68359375,14886.02265625,-5739.393359375,-1798.793359375
41,0x0007996C,ARM_LEFT_CANDIDATE,21110.528710937,25862.6015625,4368.9580078125,25096.58984375,25863.69140625,-21493.643554688,-766.01171875,1.08984375,20727.631835938,20727.631835938,false,0.0,21110.528710937,-9980.9190429687,-2224.8756835938
42,0x003B32B0,ARM_HORIZONTAL_CANDIDATE,20833.103515625,0.0,20524.103515625,-103.0,0.0,20524.103515625,-103.0,0.0,20627.103515625,20421.103515625,true,20833.103515625,20472.603515625,-10159.051757813,-2062.7103515625
43,0x003B2D04,MANUAL_AIM_CANDIDATE,20593.896643066,20197.640625,18825.359375,18917.125,-661.53570556641,-1372.28125,-1280.515625,-20859.176330566,91.765625,91.765625,false,0.0,-1353.8941955566,-1491.5426330566,20593.896643066
44,0x003B30B4,ARM_HORIZONTAL_CANDIDATE,20481.111328125,19662.73046875,196.0,20000.857421875,19709.8125,-19466.73046875,338.126953125,47.08203125,19804.857421875,19128.603515625,true,20481.111328125,19292.958789063,-9399.946484375,-1933.4037109375
45,0x0006A214,MANUAL_AIM_CANDIDATE,20330.425,200896.671875,201727.984375,201727.984375,180399.984375,831.3125,831.3125,-20496.6875,0.0,0.0,false,0.0,-1634.0125,-1634.0125,20330.425
46,0x000D8ECC,MANUAL_AIM_CANDIDATE,20252.684375,-25315.85546875,0.0,0.0,0.0,25315.85546875,25315.85546875,25315.85546875,0.0,0.0,false,0.0,10126.3421875,10126.3421875,20252.684375
47,0x003B3134,ARM_LEFT_CANDIDATE,20183.501171875,-108.0,20146.201171875,12.0,-1.0,20254.201171875,120.0,107.0,20134.201171875,20134.201171875,false,0.0,20183.501171875,-10017.800585938,-1930.4201171875
48,0x0007997C,ARM_LEFT_CANDIDATE,19890.786816406,227.828125,-25566.83203125,-10382.8671875,-5757.4287109375,-25794.66015625,-10610.6953125,-5985.2568359375,15183.96484375,15183.96484375,false,0.0,19890.786816406,-2885.1604492187,2344.7212890625
49,0x003B3290,ARM_LEFT_CANDIDATE,19598.067285156,18892.314453125,-1638.9399414063,17103.78515625,18503.08984375,-20531.254394531,-1788.529296875,-389.224609375,18742.725097656,18742.725097656,false,0.0,19598.067285156,-8516.0203613281,-1842.7537597656
50,0x003B2B14,ARM_HORIZONTAL_CANDIDATE,19210.53175354,16902.072265625,-192.60401916504,17607.357421875,-107.0022354126,-17094.67628479,705.28515625,-17009.074501038,17799.96144104,16389.39112854,true,19210.53175354,15041.126256561,-9542.9604362488,15229.078356934
51,0x0005D7B4,MANUAL_AIM_CANDIDATE,18876.547341156,0.0,90.801979064941,14730.248046875,20358.65234375,90.801979064941,14730.248046875,20358.65234375,14639.44606781,14639.44606781,false,0.0,-9310.1872787476,12648.981822968,18876.547341156
52,0x0005E684,MANUAL_AIM_CANDIDATE,18401.6,23170.0,160.0,96.0,160.0,-23010.0,-23074.0,-23010.0,64.0,64.0,false,0.0,9172.0,9268.0,18401.6
53,0x003B316C,ARM_LEFT_CANDIDATE,18339.14453125,0.0,-18339.14453125,0.0,0.0,-18339.14453125,0.0,0.0,18339.14453125,18339.14453125,false,0.0,18339.14453125,-9169.572265625,-1833.914453125
54,0x003B3694,ARM_LEFT_CANDIDATE,18306.75390625,0.0,18306.75390625,0.0,0.0,18306.75390625,0.0,0.0,18306.75390625,18306.75390625,false,0.0,18306.75390625,-9153.376953125,-1830.675390625
55,0x003B3000,ARM_LEFT_CANDIDATE,18126.430023193,184.13442993164,18310.564453125,184.13442993164,184.13442993164,18126.430023193,0.0,0.0,18126.430023193,18126.430023193,false,0.0,18126.430023193,-9063.2150115967,-1812.6430023193
56,0x003B31DC,ARM_LEFT_CANDIDATE,17967.492760277,18892.314453125,-6.5294790267944,17107.509765625,18502.826171875,-18898.843932152,-1784.8046875,-389.48828125,17114.039244652,17114.039244652,false,0.0,17967.492760277,-7703.5661067009,-1678.8765807152
57,0x0007995C,ARM_LEFT_CANDIDATE,17882.229980469,11367.018554688,-9336.033203125,6252.2412109375,8732.6875,-20703.051757813,-5114.77734375,-2634.3310546875,15588.274414063,15588.274414063,false,0.0,17882.229980469,-5500.181640625,52.54814453125
58,0x003B31C0,ARM_HORIZONTAL_CANDIDATE,17586.232098222,16862.8515625,-0.57975447177887,17103.78515625,16906.86328125,-16863.431316972,240.93359375,44.01171875,17104.364910722,16622.497723222,true,17586.232098222,16738.563348222,-8195.1832366109,-1666.4247723222
59,0x0007A1D8,ARM_RIGHT_CANDIDATE,17148.055078125,0.0,0.0,19053.39453125,19053.39453125,0.0,19053.39453125,19053.39453125,19053.39453125,19053.39453125,false,0.0,-11432.03671875,17148.055078125,17148.055078125
60,0x003B317C,ARM_LEFT_CANDIDATE,16938.64486084,18892.314453125,1022.3184204102,17107.509765625,18502.826171875,-17869.996032715,-1784.8046875,-389.48828125,16085.191345215,16085.191345215,false,0.0,16938.64486084,-7189.1421569824,-1575.9917907715
61,0x0005D784,MANUAL_AIM_CANDIDATE,16694.3078125,19791.134765625,4401.0,3963.0,-25.0,-15390.134765625,-15828.134765625,-19816.134765625,438.0,438.0,false,0.0,5494.45390625,6151.45390625,16694.3078125
62,0x003B3234,ARM_LEFT_CANDIDATE,16500.138671875,0.0,-16500.138671875,0.0,0.0,-16500.138671875,0.0,0.0,16500.138671875,16500.138671875,false,0.0,16500.138671875,-8250.0693359375,-1650.0138671875
63,0x003B3238,ARM_LEFT_CANDIDATE,16479.146484375,0.0,-16479.146484375,0.0,0.0,-16479.146484375,0.0,0.0,16479.146484375,16479.146484375,false,0.0,16479.146484375,-8239.5732421875,-1647.9146484375
64,0x003B2EAC,ARM_LEFT_CANDIDATE,16186.583789063,17004.0234375,-440.564453125,14544.474609375,16721.7265625,-17444.587890625,-2459.548828125,-282.296875,14985.0390625,14985.0390625,false,0.0,16186.583789063,-6290.9748046875,-1708.116796875
65,0x003B2B24,ARM_LEFT_CANDIDATE,16168.775,0.0,17951.1796875,0.0,17824.046875,17951.1796875,0.0,17824.046875,17951.1796875,17951.1796875,false,0.0,16168.775,-10757.99453125,16028.92890625
66,0x0007A1E0,ARM_RIGHT_CANDIDATE,15850.378125,0.0,0.0,17611.53125,17611.53125,0.0,17611.53125,17611.53125,17611.53125,17611.53125,false,0.0,-10566.91875,15850.378125,15850.378125
67,0x0005D7AC,MANUAL_AIM_CANDIDATE,15709.597436523,19791.134765625,73.0,-36.103759765625,127.0,-19718.134765625,-19827.238525391,-19664.134765625,109.10375976563,109.10375976563,false,0.0,7838.1020263672,8001.7576660156,15709.597436523
68,0x003B2EF0,ARM_LEFT_CANDIDATE,15439.299867678,16494.755859375,-3.7571918964386,14394.747070313,16586.84375,-16498.513051271,-2100.0087890625,92.087890625,14398.504262209,14398.504262209,false,0.0,15439.299867678,-6158.4565256357,-1767.7642934084
69,0x0007A1AC,MANUAL_AIM_CANDIDATE,15371.202539063,0.0,18837.091796875,19081.83984375,19163.095703125,18837.091796875,19081.83984375,19163.095703125,244.748046875,244.748046875,false,0.0,7379.8623046875,7746.984375,15371.202539063
70,0x0007A180,MANUAL_AIM_CANDIDATE,15361.429296875,0.0,18806.767578125,19068.841796875,19148.990234375,18806.767578125,19068.841796875,19148.990234375,262.07421875,262.07421875,false,0.0,7357.44765625,7750.558984375,15361.429296875
71,0x001F1928,MANUAL_AIM_CANDIDATE,15234.93984375,0.0,18826.03515625,18917.203125,19009.263671875,18826.03515625,18917.203125,19009.263671875,91.16796875,91.16796875,false,0.0,7466.5072265625,7603.2591796875,15234.93984375
72,0x003B2BCC,MANUAL_AIM_CANDIDATE,15227.913085938,-1199.6499023438,17951.1796875,17607.357421875,17824.046875,19150.829589844,18807.007324219,19023.696777344,343.822265625,343.822265625,false,0.0,7844.95625,7329.2228515625,15227.913085938
73,0x003B2E98,ARM_LEFT_CANDIDATE,14371.81640625,0.0,14371.81640625,0.0,0.0,14371.81640625,0.0,0.0,14371.81640625,14371.81640625,false,0.0,14371.81640625,-7185.908203125,-1437.181640625
74,0x003B368C,ARM_LEFT_CANDIDATE,14366.345703125,0.0,14366.345703125,0.0,0.0,14366.345703125,0.0,0.0,14366.345703125,14366.345703125,false,0.0,14366.345703125,-7183.1728515625,-1436.6345703125
75,0x001EF170,MANUAL_AIM_CANDIDATE,14257.834375,17822.29296875,0.0,0.0,0.0,-17822.29296875,-17822.29296875,-17822.29296875,0.0,0.0,false,0.0,7128.9171875,7128.9171875,14257.834375
76,0x0007A188,MANUAL_AIM_CANDIDATE,14161.160449219,0.0,15649.114257813,17588.2265625,17484.89453125,15649.114257813,17588.2265625,17484.89453125,1939.1123046875,1939.1123046875,false,0.0,5106.5115234375,8015.1799804687,14161.160449219
77,0x0007A1B4,MANUAL_AIM_CANDIDATE,14142.45,0.0,15672.326171875,17571.630859375,17466.845703125,15672.326171875,17571.630859375,17466.845703125,1899.3046875,1899.3046875,false,0.0,5139.826171875,7988.783203125,14142.45
78,0x001F1930,MANUAL_AIM_CANDIDATE,14110.348242187,0.0,17308.8671875,17607.337890625,17601.96875,17308.8671875,17607.337890625,17601.96875,298.470703125,298.470703125,false,0.0,6745.0013671875,7192.707421875,14110.348242187
79,0x001EEF94,ARM_RIGHT_CANDIDATE,14079.35390625,15643.7265625,15643.7265625,0.0,0.0,0.0,-15643.7265625,-15643.7265625,15643.7265625,15643.7265625,false,0.0,-9386.2359375,14079.35390625,14079.35390625
80,0x0007994C,ARM_LEFT_CANDIDATE,13996.09296875,8918.0556640625,-7145.123046875,5187.544921875,6899.751953125,-16063.178710938,-3730.5107421875,-2018.3037109375,12332.66796875,12332.66796875,false,0.0,13996.09296875,-4502.908984375,38.934765625
81,0x003B2ED8,ARM_LEFT_CANDIDATE,13939.38678478,0.45561993122101,13939.913085938,0.59308439493179,0.43612998723984,13939.457466006,0.13746446371078,-0.019489943981171,13939.320001543,13939.320001543,false,0.0,13939.38678478,-6969.5932175338,-1393.940003103
82,0x003B2D08,MANUAL_AIM_CANDIDATE,13521.6578125,16902.072265625,0.0,0.0,0.0,-16902.072265625,-16902.072265625,-16902.072265625,0.0,0.0,false,0.0,6760.82890625,6760.82890625,13521.6578125
83,0x00081620,ARM_HORIZONTAL_CANDIDATE,13019.696533203,-753.96899414063,3970.607421875,-3519.0090332031,-1738.7978515625,4724.5764160156,-2765.0400390625,-984.82885742188,7489.6164550781,1959.5363769531,true,13019.696533203,3243.5735107422,304.2689453125,235.86721191406
84,0x002E31F0,MANUAL_AIM_CANDIDATE,11196.440429688,0.0,0.0,0.0,11196.440429688,0.0,0.0,11196.440429688,0.0,0.0,false,0.0,-1119.6440429688,-1119.6440429688,11196.440429688
85,0x003B2BDC,MANUAL_AIM_CANDIDATE,11051.1875,-1467.6574707031,9506.078125,14506.548828125,12278.32421875,10973.735595703,15974.206298828,13745.981689453,5000.470703125,5000.470703125,false,0.0,1612.0342773437,9112.7403320312,11051.1875
86,0x003B2BD4,MANUAL_AIM_CANDIDATE,11005.204589844,-1454.54296875,9486.078125,14681.461914063,12258.32421875,10940.62109375,16136.004882813,13712.8671875,5195.3837890625,5195.3837890625,false,0.0,1501.3319335937,9294.4076171875,11005.204589844
87,0x003B32D0,ARM_RIGHT_CANDIDATE,10826.21875,20227.640625,1638.552734375,0.0,19158.861328125,-18589.087890625,-20227.640625,-1068.779296875,1638.552734375,1638.552734375,false,0.0,8368.3896484375,10826.21875,-2812.8935546875
88,0x003B34A0,ARM_LEFT_CANDIDATE,10803.78252867,0.057354051619768,10809.315429688,11.0,0.099593967199326,10809.258075636,10.94264594838,0.042239915579557,10798.315429688,10798.315429688,false,0.0,10803.78252867,-5393.6906158611,-1081.9778322428
89,0x0005D7BC,MANUAL_AIM_CANDIDATE,10651.924682617,18280.658203125,4398.3583984375,3441.5749511719,4756.5952148438,-13882.299804688,-14839.083251953,-13524.062988281,956.78344726563,956.78344726563,false,0.0,5110.3518798828,6545.5270507813,10651.924682617
90,0x003B3494,ARM_LEFT_CANDIDATE,10483.250594483,119.0,10881.719726563,654.15826416016,0.1000000089407,10762.719726563,535.15826416016,-118.89999999106,10227.561462402,10227.561462402,false,0.0,10483.250594483,-4858.0915991202,-1010.8877990812
91,0x0005D79C,MANUAL_AIM_CANDIDATE,10318.412744141,17056.154296875,1436.8930664063,3888.0,3859.0,-15619.261230469,-13168.154296875,-13197.154296875,2451.1069335938,2451.1069335938,false,0.0,7715.4686523438,4038.8082519531,10318.412744141
92,0x003B30A8,ARM_LEFT_CANDIDATE,9797.7587890625,0.0,9797.7587890625,0.0,0.0,9797.7587890625,0.0,0.0,9797.7587890625,9797.7587890625,false,0.0,9797.7587890625,-4898.8793945313,-979.77587890625
93,0x003B30A4,ARM_LEFT_CANDIDATE,9797.7578125,0.0,-9797.7578125,0.0,0.0,-9797.7578125,0.0,0.0,9797.7578125,9797.7578125,false,0.0,9797.7578125,-4898.87890625,-979.77578125
94,0x003B30B0,ARM_LEFT_CANDIDATE,9797.755859375,0.0,9797.755859375,0.0,0.0,9797.755859375,0.0,0.0,9797.755859375,9797.755859375,false,0.0,9797.755859375,-4898.8779296875,-979.7755859375
95,0x002E3440,MANUAL_AIM_CANDIDATE,9667.22265625,0.0,0.0,0.0,-9667.22265625,0.0,0.0,-9667.22265625,0.0,0.0,false,0.0,-966.722265625,-966.722265625,9667.22265625
96,0x001A0184,MANUAL_AIM_CANDIDATE,9369.603125,0.0,-11712.00390625,-11712.00390625,-11712.00390625,-11712.00390625,-11712.00390625,-11712.00390625,0.0,0.0,false,0.0,4684.8015625,4684.8015625,9369.603125
97,0x002E2EBC,MANUAL_AIM_CANDIDATE,9334.8466796875,0.0,0.0,0.0,-9334.8466796875,0.0,0.0,-9334.8466796875,0.0,0.0,false,0.0,-933.48466796875,-933.48466796875,9334.8466796875
98,0x000FA0B8,MANUAL_AIM_CANDIDATE,8906.503125,-11133.12890625,0.0,0.0,0.0,11133.12890625,11133.12890625,11133.12890625,0.0,0.0,false,0.0,4453.2515625,4453.2515625,8906.503125
99,0x000FA138,MANUAL_AIM_CANDIDATE,8906.503125,-11133.12890625,0.0,0.0,0.0,11133.12890625,11133.12890625,11133.12890625,0.0,0.0,false,0.0,4453.2515625,4453.2515625,8906.503125
100,0x003B34B8,ARM_LEFT_CANDIDATE,8895.4255859375,17659.6484375,-68.7392578125,0.0,17628.26953125,-17728.387695313,-17659.6484375,-31.37890625,68.7392578125,68.7392578125,false,0.0,8895.4255859375,8792.3166992188,-3507.4247070313
101,0x003B2BC4,MANUAL_AIM_CANDIDATE,8510.5299804687,-1446.6701660156,10212.29296875,10332.135742188,9407.63671875,11658.963134766,11778.805908203,10854.306884766,119.8427734375,119.8427734375,false,0.0,4684.1294921875,4863.8936523437,8510.5299804687
102,0x003B2D28,MANUAL_AIM_CANDIDATE,8510.5299804687,-1446.6701660156,10212.29296875,10332.135742188,9407.63671875,11658.963134766,11778.805908203,10854.306884766,119.8427734375,119.8427734375,false,0.0,4684.1294921875,4863.8936523437,8510.5299804687
103,0x003B32D4,ARM_RIGHT_CANDIDATE,8385.4154296875,16872.072265625,16.0,0.0,17458.279296875,-16856.072265625,-16872.072265625,586.20703125,16.0,16.0,false,0.0,8361.4154296875,8385.4154296875,-2786.607421875
104,0x003B30AC,ARM_HORIZONTAL_CANDIDATE,8276.251953125,16747.990234375,9794.287109375,17188.83984375,17210.240234375,-6953.703125,440.849609375,462.25,7394.552734375,6512.853515625,true,8276.251953125,6687.0533203125,-3082.226953125,-277.2052734375
105,0x00286548,ARM_HORIZONTAL_CANDIDATE,8267.761911224,-345.52868652344,-0.00017998262774199,-7576.705078125,-0.70604085922241,345.52850654081,-7231.1763916016,344.82264566422,7576.7048981424,6885.6478850608,true,8267.761911224,-3304.5419538264,7023.9298737647,-412.84784415002
106,0x001A0C7C,MANUAL_AIM_CANDIDATE,8192.1513671875,0.0,0.0,0.0,-8192.1513671875,0.0,0.0,-8192.1513671875,0.0,0.0,false,0.0,-819.21513671875,-819.21513671875,8192.1513671875
107,0x00286544,ARM_HORIZONTAL_CANDIDATE,8139.7974638545,-345.52868652344,-4.7855792217888e-05,-7448.740234375,-0.11950555443764,345.52863866765,-7103.2115478516,345.409180969,7448.7401865192,6757.6829091839,true,8139.7974638545,-3240.618053355,6895.9063104208,-399.46483768292
108,0x000D3318,MANUAL_AIM_CANDIDATE,8035.1625,201976.421875,188253.8125,189171.28125,191288.484375,-13722.609375,-12805.140625,-10687.9375,917.46875,917.46875,false,0.0,6251.2453125,4875.0421875,8035.1625
109,0x003B2BC0,MANUAL_AIM_CANDIDATE,7870.65703125,7948.1259765625,17950.6953125,17980.65625,17822.29296875,10002.569335938,10032.530273438,9874.1669921875,29.9609375,29.9609375,false,0.0,3998.8875,4043.82890625,7870.65703125
110,0x003B2D58,MANUAL_AIM_CANDIDATE,7794.31484375,12249.514648438,30.0,1813.33984375,2189.630859375,-12219.514648438,-10436.174804688,-10059.883789063,1783.33984375,1783.33984375,false,0.0,5995.4388671875,3320.4291015625,7794.31484375
111,0x00286540,ARM_HORIZONTAL_CANDIDATE,7755.7917100099,-345.52868652344,-1.2678978237091e-05,-7064.734375,-0.17650634050369,345.52867384446,-6719.2056884766,345.35218018293,7064.734362321,6373.6770146321,true,7755.7917100099,-3048.6093884121,6511.906133536,-361.12125604917
112,0x003B2B7C,ARM_LEFT_CANDIDATE,7750.557421875,17982.056640625,9486.078125,17635.9609375,12258.32421875,-8495.978515625,-346.095703125,-5723.732421875,8149.8828125,8149.8828125,false,0.0,7750.557421875,-4474.266796875,4839.525
113,0x003B2BC8,MANUAL_AIM_CANDIDATE,7748.0875,8113.03515625,17980.609375,18917.125,17928.2890625,9867.57421875,10804.08984375,9815.25390625,936.515625,936.515625,false,0.0,3484.00390625,4888.77734375,7748.0875
114,0x0007B9FC,ARM_RIGHT_CANDIDATE,7637.4548339844,10456.258789063,9552.4296875,2366.8894042969,10456.258789063,-903.8291015625,-8089.3693847656,0.0,7185.5402832031,7185.5402832031,false,0.0,-3140.8555908203,7637.4548339844,-899.31984863281
115,0x001EF178,MANUAL_AIM_CANDIDATE,7526.109375,9407.63671875,0.0,0.0,0.0,-9407.63671875,-9407.63671875,-9407.63671875,0.0,0.0,false,0.0,3763.0546875,3763.0546875,7526.109375
116,0x002346D0,MANUAL_AIM_CANDIDATE,7417.4423828125,17918.67578125,17955.087890625,13891.2109375,10094.845703125,36.412109375,-4027.46484375,-7823.830078125,4063.876953125,3991.052734375,true,4136.701171875,-2759.7033203125,3226.87578125,7417.4423828125
117,0x002346D8,MANUAL_AIM_CANDIDATE,7415.4241210937,18071.84765625,18395.65234375,14066.124023438,10223.470703125,323.8046875,-4005.7236328125,-7848.376953125,4329.5283203125,3681.9189453125,true,4977.1376953125,-2463.8948242187,3058.98359375,7415.4241210937
118,0x002346E0,MANUAL_AIM_CANDIDATE,7399.7532226562,18730.646484375,18637.669921875,14686.829101563,10917.213867188,-92.9765625,-4043.8173828125,-7813.4326171875,3950.8408203125,3950.8408203125,false,0.0,-2710.275390625,3215.9858398438,7399.7532226562
119,0x003B2BD8,MANUAL_AIM_CANDIDATE,7393.2541015625,8013.9365234375,17157.478515625,14390.79296875,16959.23046875,9143.5419921875,6376.8564453125,8945.2939453125,2766.685546875,2766.685546875,false,0.0,5060.584375,910.5560546875,7393.2541015625
120,0x0007B9F4,ARM_RIGHT_CANDIDATE,7360.7028808594,10456.258789063,9518.765625,2626.8093261719,10456.258789063,-937.4931640625,-7829.4494628906,0.0,6891.9562988281,6891.9562988281,false,0.0,-2977.2315673828,7360.7028808594,-876.69426269531
121,0x003B2BA8,MANUAL_AIM_CANDIDATE,7359.8099609375,119.0,10216.247070313,9418.4775390625,9418.482421875,10097.247070313,9299.4775390625,9299.482421875,797.76953125,797.76953125,false,0.0,4517.5600585938,3320.9057617188,7359.8099609375
122,0x001E8D94,MANUAL_AIM_CANDIDATE,7351.8403320313,18292.052734375,18318.185546875,14319.743164063,10540.368164063,26.1328125,-3972.3095703125,-7751.6845703125,3998.4423828125,3946.1767578125,true,4050.7080078125,-2735.1904296875,3184.0747070313,7351.8403320313
123,0x002346C8,MANUAL_AIM_CANDIDATE,7344.29296875,18577.474609375,18197.10546875,14511.916015625,10788.588867188,-380.369140625,-4065.55859375,-7788.8857421875,3685.189453125,3685.189453125,false,0.0,-2431.2987304687,3096.4854492188,7344.29296875
124,0x0006D21C,MANUAL_AIM_CANDIDATE,7326.0275390625,18280.658203125,18325.806640625,14333.162109375,10555.366210938,45.1484375,-3947.49609375,-7725.2919921875,3992.64453125,3902.34765625,true,4082.94140625,-2701.1288085937,3152.3926757813,7326.0275390625
125,0x003B2B90,ARM_HORIZONTAL_CANDIDATE,7037.3647460938,247.02026367188,243.9658203125,7275.2216796875,655.541015625,-3.054443359375,7028.2014160156,408.52075195313,7031.255859375,7025.1469726563,true,7037.3647460938,-3551.8983398437,6985.8221191406,-294.60483398438
126,0x00079F28,MANUAL_AIM_CANDIDATE,6532.138671875,0.0,2399.64453125,5339.779296875,7306.0810546875,2399.64453125,5339.779296875,7306.0810546875,2940.134765625,2940.134765625,false,0.0,-1000.8532226563,3409.3489257812,6532.138671875
127,0x00090DCC,ARM_RIGHT_CANDIDATE,6402.4448181152,-6328.7495117188,-6328.7495117188,785.07806396484,785.07806396484,0.0,7113.8275756836,7113.8275756836,7113.8275756836,7113.8275756836,false,0.0,-4268.2965454102,6402.4448181152,6402.4448181152
128,0x0009105C,ARM_RIGHT_CANDIDATE,6402.4448181152,-6328.7495117188,-6328.7495117188,785.07806396484,785.07806396484,0.0,7113.8275756836,7113.8275756836,7113.8275756836,7113.8275756836,false,0.0,-4268.2965454102,6402.4448181152,6402.4448181152
129,0x0009106C,ARM_RIGHT_CANDIDATE,6402.4448181152,-6328.7495117188,-6328.7495117188,785.07806396484,785.07806396484,0.0,7113.8275756836,7113.8275756836,7113.8275756836,7113.8275756836,false,0.0,-4268.2965454102,6402.4448181152,6402.4448181152
130,0x000910CC,ARM_RIGHT_CANDIDATE,6402.4448181152,-6328.7495117188,-6328.7495117188,785.07806396484,785.07806396484,0.0,7113.8275756836,7113.8275756836,7113.8275756836,7113.8275756836,false,0.0,-4268.2965454102,6402.4448181152,6402.4448181152
131,0x0009763C,ARM_RIGHT_CANDIDATE,6402.4448181152,-6328.7495117188,-6328.7495117188,785.07806396484,785.07806396484,0.0,7113.8275756836,7113.8275756836,7113.8275756836,7113.8275756836,false,0.0,-4268.2965454102,6402.4448181152,6402.4448181152
132,0x003B2D24,MANUAL_AIM_CANDIDATE,6354.2089309216,7948.1259765625,5.3916110992432,5.3929600715637,5.3703074455261,-7942.7343654633,-7942.7330164909,-7942.755669117,0.0013489723205566,0.0013489723205566,false,0.0,3177.0922903061,3177.0902668476,6354.2089309216
133,0x002DB488,MANUAL_AIM_CANDIDATE,6280.0,0.0,0.0,0.0,6280.0,0.0,0.0,6280.0,0.0,0.0,false,0.0,-628.0,-628.0,6280.0
134,0x003B2B84,ARM_HORIZONTAL_CANDIDATE,6277.3120117188,-7.872802734375,-706.21484375,4174.4130859375,2870.6875,-698.34204101563,4182.2858886719,2878.5603027344,4880.6279296875,3483.9438476563,true,6277.3120117188,-1680.6569335937,3545.2588378906,2390.4975097656
135,0x002DB354,MANUAL_AIM_CANDIDATE,6277.1593645096,0.0,0.0,28.406354904175,6280.0,0.0,28.406354904175,6280.0,28.406354904175,28.406354904175,false,0.0,-642.20317745209,-599.59364509583,6277.1593645096
136,0x0009A26C,MANUAL_AIM_CANDIDATE,6250.2401382179,-0.0014246403006837,-0.0014246403006837,785.07806396484,-6328.7495117188,0.0,785.07948860514,-6328.7480870784,785.07948860514,785.07948860514,false,0.0,-1025.4145530104,152.2046798973,6250.2401382179
137,0x0008EAAC,ARM_LEFT_CANDIDATE,5698.2870605469,785.07806396484,-6328.7495117188,-1574.1561279297,-1574.1561279297,-7113.8275756836,-2359.2341918945,-2359.2341918945,4754.5933837891,4754.5933837891,false,0.0,5698.2870605469,-1433.6030151367,1411.9280151367
138,0x0008EABC,ARM_LEFT_CANDIDATE,5698.2870605469,785.07806396484,-6328.7495117188,-1574.1561279297,-1574.1561279297,-7113.8275756836,-2359.2341918945,-2359.2341918945,4754.5933837891,4754.5933837891,false,0.0,5698.2870605469,-1433.6030151367,1411.9280151367
139,0x0009171C,ARM_RIGHT_CANDIDATE,5695.8745605469,0.0,0.0,-6328.7495117188,-6328.7495117188,0.0,-6328.7495117188,-6328.7495117188,6328.7495117188,6328.7495117188,false,0.0,-3797.2497070313,5695.8745605469,5695.8745605469
140,0x00091D3C,ARM_RIGHT_CANDIDATE,5695.8745605469,0.0,0.0,-6328.7495117188,-6328.7495117188,0.0,-6328.7495117188,-6328.7495117188,6328.7495117188,6328.7495117188,false,0.0,-3797.2497070313,5695.8745605469,5695.8745605469
141,0x0009468C,ARM_RIGHT_CANDIDATE,5695.8745605469,0.0,0.0,-6328.7495117188,-6328.7495117188,0.0,-6328.7495117188,-6328.7495117188,6328.7495117188,6328.7495117188,false,0.0,-3797.2497070313,5695.8745605469,5695.8745605469
142,0x0009469C,ARM_RIGHT_CANDIDATE,5695.8745605469,0.0,0.0,-6328.7495117188,-6328.7495117188,0.0,-6328.7495117188,-6328.7495117188,6328.7495117188,6328.7495117188,false,0.0,-3797.2497070313,5695.8745605469,5695.8745605469
143,0x00098D8C,ARM_RIGHT_CANDIDATE,5695.8745605469,0.0,0.0,-6328.7495117188,-6328.7495117188,0.0,-6328.7495117188,-6328.7495117188,6328.7495117188,6328.7495117188,false,0.0,-3797.2497070313,5695.8745605469,5695.8745605469
144,0x00098FEC,ARM_RIGHT_CANDIDATE,5695.8745605469,0.0,0.0,-6328.7495117188,-6328.7495117188,0.0,-6328.7495117188,-6328.7495117188,6328.7495117188,6328.7495117188,false,0.0,-3797.2497070313,5695.8745605469,5695.8745605469
145,0x00098FFC,ARM_RIGHT_CANDIDATE,5695.8745605469,0.0,0.0,-6328.7495117188,-6328.7495117188,0.0,-6328.7495117188,-6328.7495117188,6328.7495117188,6328.7495117188,false,0.0,-3797.2497070313,5695.8745605469,5695.8745605469
146,0x0009900C,ARM_RIGHT_CANDIDATE,5695.8745605469,0.0,0.0,-6328.7495117188,-6328.7495117188,0.0,-6328.7495117188,-6328.7495117188,6328.7495117188,6328.7495117188,false,0.0,-3797.2497070313,5695.8745605469,5695.8745605469
147,0x0009102C,ARM_RIGHT_CANDIDATE,5695.7911777563,-6328.7495117188,-6328.7495117188,-0.092647545039654,-0.092647545039654,0.0,6328.6568641737,6328.6568641737,6328.6568641737,6328.6568641737,false,0.0,-3797.1941185042,5695.7911777563,5695.7911777563
148,0x003B2BD0,ARM_RIGHT_CANDIDATE,5375.3991210938,8007.185546875,10216.247070313,14628.245117188,9418.482421875,2209.0615234375,6621.0595703125,1411.296875,4411.998046875,4411.998046875,false,0.0,-1242.5979492188,5375.3991210938,528.284765625
149,0x0008161C,ARM_LEFT_CANDIDATE,4876.2863647461,138.61209106445,5084.623046875,263.0173034668,213.83193969727,4946.0109558105,124.40521240234,75.219848632813,4821.6057434082,4821.6057434082,false,0.0,4876.2863647461,-2356.1222503662,-431.82176818848
150,0x000D3320,MANUAL_AIM_CANDIDATE,4714.459375,169020.6875,173444.859375,176073.484375,174882.84375,4424.171875,7052.796875,5862.15625,2628.625,2628.625,false,0.0,311.5578125,4254.4953125,4714.459375
151,0x001052D0,ARM_RIGHT_CANDIDATE,4634.054296875,16735.142578125,19545.765625,23165.35546875,20643.61328125,2810.623046875,6430.212890625,3908.470703125,3619.58984375,3619.58984375,false,0.0,-795.33046875,4634.054296875,2984.387109375
152,0x000F8AD0,ARM_RIGHT_CANDIDATE,4630.065234375,16737.533203125,19546.365234375,23162.876953125,20646.158203125,2808.83203125,6425.34375,3908.625,3616.51171875,3616.51171875,false,0.0,-794.70234375,4630.065234375,2985.207421875
153,0x003B3100,ARM_LEFT_CANDIDATE,4384.6831054688,0.0,4384.6831054688,0.0,0.0,4384.6831054688,0.0,0.0,4384.6831054688,4384.6831054688,false,0.0,4384.6831054688,-2192.3415527344,-438.46831054688
154,0x0028654C,ARM_HORIZONTAL_CANDIDATE,4287.3736641405,-345.52868652344,-0.00068942713551223,-3596.318359375,-0.48583102226257,345.5279970963,-3250.7896728516,345.04285550117,3596.3176699479,2905.2616757553,true,4287.3736641405,-1314.3711248796,3043.5213887533,-14.588911493612
155,0x003B2DB4,ARM_LEFT_CANDIDATE,4277.1899414063,0.0,4277.1899414063,0.0,0.0,4277.1899414063,0.0,0.0,4277.1899414063,4277.1899414063,false,0.0,4277.1899414063,-2138.5949707031,-427.71899414063
156,0x003B3438,MANUAL_AIM_CANDIDATE,4252.7870537221,76.921669006348,0.0,0.93056529760361,4345.0,-76.921669006348,-75.991103708744,4268.0783309937,0.93056529760361,0.93056529760361,false,0.0,-387.88171594739,-389.2775638938,4252.7870537221
157,0x003B3148,ARM_LEFT_CANDIDATE,4196.3969478052,4414.0,0.0021977026481181,3996.9982910156,4323.0,-4413.9978022974,-417.00170898438,-91.0,3996.996093313,3996.996093313,false,0.0,4196.3969478052,-1799.0971921643,-392.09995112817
158,0x003B2AF8,MANUAL_AIM_CANDIDATE,3884.5,0.0,4195.0,0.0,4304.0,4195.0,0.0,4304.0,4195.0,4195.0,false,0.0,3764.6,-2527.9,3884.5
159,0x003B2F74,ARM_HORIZONTAL_CANDIDATE,3880.6167819286,0.0048245606012642,3880.0,-0.202377602458,-0.099054448306561,3879.9951754394,-0.20720216305926,-0.10387900890782,3880.2023776025,3879.7879732763,true,3880.6167819286,3879.881186457,-1939.8007734575,-387.91635875134
160,0x000D2FA4,ARM_RIGHT_CANDIDATE,3834.5748046875,-16367.5078125,-19586.0546875,-22139.841796875,-19652.365234375,-3218.546875,-5772.333984375,-3284.857421875,2553.787109375,2553.787109375,false,0.0,3.894140625,3834.5748046875,2385.7693359375
161,0x003B3254,ARM_HORIZONTAL_CANDIDATE,3796.876953125,-757.576171875,0.0,-2281.724609375,-139.564453125,757.576171875,-1524.1484375,618.01171875,2281.724609375,766.572265625,true,3796.876953125,-66.29921875,1083.5591796875,389.8392578125
162,0x001F1E88,MANUAL_AIM_CANDIDATE,3612.3946899414,3210.06640625,-1070.0220947266,813.216796875,-1070.0220947266,-4280.0885009766,-2396.849609375,-4280.0885009766,1883.2388916016,1883.2388916016,false,0.0,2653.6548461914,-171.20349121094,3612.3946899414
163,0x00069CB0,MANUAL_AIM_CANDIDATE,3529.36171875,7203.390625,9506.078125,11380.7578125,11380.7578125,2302.6875,4177.3671875,4177.3671875,1874.6796875,1874.6796875,false,0.0,-203.7328125,2608.28671875,3529.36171875
164,0x001EF088,MANUAL_AIM_CANDIDATE,3529.36171875,7203.390625,9506.078125,11380.7578125,11380.7578125,2302.6875,4177.3671875,4177.3671875,1874.6796875,1874.6796875,false,0.0,-203.7328125,2608.28671875,3529.36171875
165,0x001EF090,MANUAL_AIM_CANDIDATE,3529.36171875,7223.390625,9526.078125,11400.7578125,11400.7578125,2302.6875,4177.3671875,4177.3671875,1874.6796875,1874.6796875,false,0.0,-203.7328125,2608.28671875,3529.36171875
166,0x001EF098,MANUAL_AIM_CANDIDATE,3529.36171875,7203.390625,9506.078125,11380.7578125,11380.7578125,2302.6875,4177.3671875,4177.3671875,1874.6796875,1874.6796875,false,0.0,-203.7328125,2608.28671875,3529.36171875
167,0x001EF0A0,MANUAL_AIM_CANDIDATE,3529.36171875,7183.390625,9486.078125,11360.7578125,11360.7578125,2302.6875,4177.3671875,4177.3671875,1874.6796875,1874.6796875,false,0.0,-203.7328125,2608.28671875,3529.36171875
168,0x00204B40,MANUAL_AIM_CANDIDATE,3529.36171875,7203.390625,9506.078125,11380.7578125,11380.7578125,2302.6875,4177.3671875,4177.3671875,1874.6796875,1874.6796875,false,0.0,-203.7328125,2608.28671875,3529.36171875
169,0x00204B6C,MANUAL_AIM_CANDIDATE,3529.36171875,7203.390625,9506.078125,11380.7578125,11380.7578125,2302.6875,4177.3671875,4177.3671875,1874.6796875,1874.6796875,false,0.0,-203.7328125,2608.28671875,3529.36171875
170,0x00204B84,MANUAL_AIM_CANDIDATE,3529.36171875,7203.390625,9506.078125,11380.7578125,11380.7578125,2302.6875,4177.3671875,4177.3671875,1874.6796875,1874.6796875,false,0.0,-203.7328125,2608.28671875,3529.36171875
171,0x00204B5C,MANUAL_AIM_CANDIDATE,3528.3834960938,7204.4775390625,9507.1650390625,11380.7578125,11380.7578125,2302.6875,4176.2802734375,4176.2802734375,1873.5927734375,1873.5927734375,false,0.0,-203.0806640625,2607.3084960937,3528.3834960938
172,0x00204B78,MANUAL_AIM_CANDIDATE,3526.5000976563,7203.390625,9506.078125,11381.844726563,11378.004882813,2302.6875,4178.4541015625,4174.6142578125,1875.7666015625,1875.7666015625,false,0.0,-204.0009765625,2609.6489257813,3526.5000976563
173,0x003B2DB0,ARM_LEFT_CANDIDATE,3356.552734375,0.0,3356.552734375,0.0,0.0,3356.552734375,0.0,0.0,3356.552734375,3356.552734375,false,0.0,3356.552734375,-1678.2763671875,-335.6552734375
174,0x003B2F70,ARM_LEFT_CANDIDATE,3180.1715912342,-0.82783579826355,-3181.0,-0.8286617398262,-0.82943576574326,-3180.1721642017,-0.00082594156265259,-0.0015999674797058,3180.1713382602,3180.1713382602,false,0.0,3180.1715912342,-1590.0854161561,-318.01569904685
175,0x003B2B80,ARM_RIGHT_CANDIDATE,3130.5724609375,59.0595703125,-793.216796875,-3589.86328125,-863.0625,-852.2763671875,-3648.9228515625,-922.1220703125,2796.646484375,2796.646484375,false,0.0,-1064.397265625,3130.5724609375,472.0021484375
176,0x0005D774,ARM_RIGHT_CANDIDATE,2976.0574325562,-201.51953125,13.700759887695,2905.0,27.0,215.2202911377,3106.51953125,228.51953125,2891.2992401123,2891.2992401123,false,0.0,-1360.8914276123,2976.0574325562,-103.65445098877
177,0x00081698,ARM_LEFT_CANDIDATE,2745.7683532715,-458.61260986328,-3343.7009277344,-701.60424804688,-636.85406494141,-2885.0883178711,-242.99163818359,-178.24145507813,2642.0966796875,2642.0966796875,false,0.0,2745.7683532715,-1217.3766662598,-134.56654052734
178,0x002E343C,MANUAL_AIM_CANDIDATE,2739.4221191406,0.0,0.0,0.0,2739.4221191406,0.0,0.0,2739.4221191406,0.0,0.0,false,0.0,-273.94221191406,-273.94221191406,2739.4221191406
179,0x001A03A4,MANUAL_AIM_CANDIDATE,2624.2044921875,0.0,-3280.2556152344,-3280.2556152344,-3280.2556152344,-3280.2556152344,-3280.2556152344,-3280.2556152344,0.0,0.0,false,0.0,1312.1022460937,1312.1022460937,2624.2044921875
180,0x00076B34,MANUAL_AIM_CANDIDATE,2582.9735107422,3272.8513183594,3063.9951171875,2524.3967285156,594.14672851563,-208.85620117188,-748.45458984375,-2678.7045898438,539.59838867188,539.59838867188,false,0.0,-433.24155273438,376.15603027344,2582.9735107422
181,0x00076B98,MANUAL_AIM_CANDIDATE,2569.8590942383,3276.1010742188,3064.3989257813,2522.3017578125,609.69183349609,-211.7021484375,-753.79931640625,-2666.4092407227,542.09716796875,542.09716796875,false,0.0,-431.83843383789,381.30731811523,2569.8590942383
182,0x00076B84,MANUAL_AIM_CANDIDATE,2563.6188842773,3278.3823242188,3063.703125,2518.9775390625,617.35504150391,-214.67919921875,-759.40478515625,-2661.0272827148,544.7255859375,544.7255859375,false,0.0,-431.12592163086,385.96245727539,2563.6188842773
183,0x00076B48,MANUAL_AIM_CANDIDATE,2557.6415039062,3289.9069824219,3039.6416015625,2546.3542480469,632.88366699219,-250.26538085938,-743.552734375,-2657.0233154297,493.28735351563,493.28735351563,false,0.0,-387.21331787109,352.71771240234,2557.6415039062
184,0x00076A94,MANUAL_AIM_CANDIDATE,2556.0576660156,3284.9084472656,3062.4384765625,2539.9790039063,632.11083984375,-222.46997070313,-744.92944335938,-2652.7976074219,522.45947265625,522.45947265625,false,0.0,-415.27451171875,368.41469726562,2556.0576660156
185,0x00076B70,MANUAL_AIM_CANDIDATE,2550.6107666016,3286.7829589844,3058.712890625,2536.6467285156,638.3515625,-228.07006835938,-750.13623046875,-2648.4313964844,522.06616210938,522.06616210938,false,0.0,-411.84118652344,371.25805664063,2550.6107666016
186,0x00076A6C,MANUAL_AIM_CANDIDATE,2546.4519775391,3266.7404785156,3060.9670410156,2519.7229003906,625.00939941406,-205.7734375,-747.017578125,-2641.7310791016,541.244140625,541.244140625,false,0.0,-431.90845947266,379.95775146484,2546.4519775391
187,0x00076B20,MANUAL_AIM_CANDIDATE,2544.6170166016,3263.3352050781,3047.4516601563,2529.3659667969,623.73291015625,-215.88354492188,-733.96923828125,-2639.6022949219,518.08569335938,518.08569335938,false,0.0,-415.06130371094,362.06723632812,2544.6170166016
188,0x00076A58,MANUAL_AIM_CANDIDATE,2541.6959960938,3273.0378417969,3061.4267578125,2522.626953125,635.1396484375,-211.61108398438,-750.41088867188,-2637.8981933594,538.7998046875,538.7998046875,false,0.0,-427.3841796875,380.81552734375,2541.6959960938
189,0x00076A80,MANUAL_AIM_CANDIDATE,2540.7449707031,3278.6088867188,3069.1352539063,2522.8393554688,641.33959960938,-209.4736328125,-755.76953125,-2637.2692871094,546.2958984375,546.2958984375,false,0.0,-432.13806152344,387.30578613281,2540.7449707031
190,0x00076AF8,MANUAL_AIM_CANDIDATE,2535.6331054687,3284.4990234375,3064.9370117188,2458.9052734375,644.35034179688,-219.56201171875,-825.59375,-2640.1486816406,606.03173828125,606.03173828125,false,0.0,-457.24973144531,451.79787597656,2535.6331054687
191,0x00076B5C,MANUAL_AIM_CANDIDATE,2534.9061279297,3273.3203125,3064.2277832031,2519.8920898438,642.162109375,-209.09252929688,-753.42822265625,-2631.158203125,544.33569335938,544.33569335938,false,0.0,-430.73740234375,385.76613769531,2534.9061279297
192,0x00076ABC,MANUAL_AIM_CANDIDATE,2524.6942260742,3257.1987304688,3066.9572753906,2529.1206054688,640.67254638672,-190.24145507813,-728.078125,-2616.526184082,537.83666992188,537.83666992188,false,0.0,-435.45022583008,371.30477905273,2524.6942260742
193,0x00076B0C,MANUAL_AIM_CANDIDATE,2523.6837158203,3262.3381347656,3048.486328125,2488.296875,639.86511230469,-213.85180664063,-774.04125976563,-2622.4730224609,560.189453125,560.189453125,false,0.0,-435.41612548828,404.86805419922,2523.6837158203
194,0x00076BAC,MANUAL_AIM_CANDIDATE,2523.0932250977,3269.8671875,3029.5029296875,2530.5649414063,648.80731201172,-240.3642578125,-739.30224609375,-2621.0598754883,498.93798828125,498.93798828125,false,0.0,-391.3928527832,357.01412963867,2523.0932250977
195,0x00076AE4,MANUAL_AIM_CANDIDATE,2520.9605102539,3266.0993652344,3063.9909667969,2494.1953125,647.73760986328,-202.1083984375,-771.90405273438,-2618.3617553711,569.79565429688,569.79565429688,false,0.0,-445.6798034668,409.01367797852,2520.9605102539
196,0x00076AD0,MANUAL_AIM_CANDIDATE,2517.8486816406,3259.9780273438,3016.8642578125,2500.8571777344,641.90588378906,-243.11376953125,-759.12084960938,-2618.0721435547,516.00708007813,516.00708007813,false,0.0,-398.25386962891,375.75675048828,2517.8486816406
197,0x00076AA8,MANUAL_AIM_CANDIDATE,2515.1498168945,3275.4436035156,3037.6730957031,2492.2958984375,658.20196533203,-237.7705078125,-783.14770507813,-2617.2416381836,545.37719726563,545.37719726563,false,0.0,-415.52750854492,402.53828735352,2515.1498168945
198,0x00076BC0,MANUAL_AIM_CANDIDATE,2514.0622070313,3249.6694335938,3067.0864257813,2525.46484375,644.92846679688,-182.5830078125,-724.20458984375,-2604.7409667969,541.62158203125,541.62158203125,false,0.0,-439.99338378906,372.43898925781,2514.0622070313
199,0x001F25F8,ARM_LEFT_CANDIDATE,2436.5272521973,3338.4672851563,-1070.0220947266,-599.21234130859,3307.244140625,-4408.4893798828,-3937.6796264648,-31.22314453125,470.80975341797,470.80975341797,false,0.0,2436.5272521973,1730.3126220703,-803.39375610352
200,0x003B34BC,ARM_LEFT_CANDIDATE,2427.938564682,4.1325445175171,-2426.185546875,0.0,1.0,-2430.3180913925,-4.1325445175171,-3.1325445175171,2426.185546875,2426.185546875,false,0.0,2427.938564682,-1211.3397556305,-240.31251907349
201,0x00286550,ARM_HORIZONTAL_CANDIDATE,2393.1917389082,-345.52868652344,-0.0025746608152986,-1702.1420898438,-0.36864173412323,345.52611186262,-1356.6134033203,345.16004478931,1702.1395151829,1011.0872914577,true,2393.1917389082,-367.29659427647,1149.3343429101,174.94609327102
202,0x0007B9F0,ARM_RIGHT_CANDIDATE,2338.123046875,17954.974609375,17774.48046875,15526.604492188,17954.974609375,-180.494140625,-2428.3701171875,0.0,2247.8759765625,2247.8759765625,false,0.0,-1033.6909179688,2338.123046875,-260.88642578125
203,0x003B3268,ARM_RIGHT_CANDIDATE,2301.724609375,0.0,0.0,2301.724609375,0.0,0.0,2301.724609375,0.0,2301.724609375,2301.724609375,false,0.0,-1150.8623046875,2301.724609375,-230.1724609375
204,0x0007B9F8,ARM_RIGHT_CANDIDATE,2270.6630859375,18104.77734375,17878.0859375,15720.768554688,18104.77734375,-226.69140625,-2384.0087890625,0.0,2157.3173828125,2157.3173828125,false,0.0,-965.31298828125,2270.6630859375,-261.07001953125
205,0x001052D4,ARM_LEFT_CANDIDATE,2242.2877197266,1410.869140625,-1264.921875,614.70288085938,1056.6674804688,-2675.791015625,-796.16625976563,-354.20166015625,1879.6247558594,1879.6247558594,false,0.0,2242.2877197266,-577.1494140625,7.0059326171875
206,0x000F8AD4,ARM_LEFT_CANDIDATE,2240.203338623,1413.9091796875,-1261.6645507813,614.30096435547,1058.2463378906,-2675.5737304688,-799.60821533203,-355.66284179688,1875.9655151367,1875.9655151367,false,0.0,2240.203338623,-573.74493408203,8.1446472167968
207,0x003B3230,ARM_LEFT_CANDIDATE,2160.9521484375,0.0,-2160.9521484375,0.0,0.0,-2160.9521484375,0.0,0.0,2160.9521484375,2160.9521484375,false,0.0,2160.9521484375,-1080.4760742188,-216.09521484375
208,0x003B3418,ARM_LEFT_CANDIDATE,2160.9472041052,0.0,-2160.9521484375,0.0,-0.049443323165178,-2160.9521484375,0.0,-0.049443323165178,2160.9521484375,2160.9521484375,false,0.0,2160.9472041052,-1080.4810185511,-216.04577152058
209,0x000D2FA8,ARM_LEFT_CANDIDATE,2158.9827270508,-624.55786132813,1898.078125,49.031372070313,-355.97143554688,2522.6359863281,673.58923339844,268.58642578125,1849.0467529297,1849.0467529297,false,0.0,2158.9827270508,-614.58740234375,-51.036096191406
210,0x001F1CAC,ARM_LEFT_CANDIDATE,2140.0442504883,3210.06640625,-1070.0220947266,-1070.0220947266,3210.06640625,-4280.0885009766,-4280.0885009766,0.0,0.0,0.0,false,0.0,2140.0442504883,2140.0442504883,-856.01770019531
211,0x003B2AFC,ARM_LEFT_CANDIDATE,2130.8,0.0,2358.0,0.0,2272.0,2358.0,0.0,2272.0,2358.0,2358.0,false,0.0,2130.8,-1406.2,2036.2
212,0x003B2F6C,ARM_HORIZONTAL_CANDIDATE,2125.5562472343,0.56094992160797,2126.0,0.52188420295715,0.54974955320358,2125.4390500784,-0.039065718650818,-0.011200368404388,2125.478115797,2125.3999843597,true,2125.5562472343,2125.4183971822,-1062.6815793574,-212.5366112113
213,0x003B2ADC,MANUAL_AIM_CANDIDATE,2092.6,-254.0,2443.0,2443.0,2378.0,2697.0,2697.0,2632.0,0.0,0.0,false,0.0,1085.3,1085.3,2092.6
214,0x001F19F8,ARM_LEFT_CANDIDATE,2082.4940801344,-1.3614986755783e-06,2422.3850097656,553.5712890625,631.05285644531,2422.3850111271,553.571290424,631.05285780681,1868.8137207031,1868.8137207031,false,0.0,2082.4940801344,-720.72650092024,333.4572276517
215,0x001F276C,MANUAL_AIM_CANDIDATE,2072.4188476562,12266.736328125,13456.600585938,12266.736328125,14458.141601563,1189.8642578125,0.0,2191.4052734375,1189.8642578125,1189.8642578125,false,0.0,970.72373046875,-814.07265625,2072.4188476562
216,0x003B2ACC,MANUAL_AIM_CANDIDATE,1988.4,-338.0,2386.0,2414.0,2198.0,2724.0,2752.0,2536.0,28.0,28.0,false,0.0,1094.4,1136.4,1988.4
217,0x003B2A6C,MANUAL_AIM_CANDIDATE,1982.4853515625,4203.0,1609.6850585938,1670.7827148438,1707.9614257813,-2593.3149414063,-2532.2172851563,-2495.0385742188,61.09765625,61.09765625,false,0.0,1077.7024414063,986.05595703125,1982.4853515625
218,0x0003FD94,ARM_RIGHT_CANDIDATE,1958.5,731.0,1660.0,3187.0,401.0,929.0,2456.0,-330.0,1527.0,1527.0,false,0.0,-332.0,1958.5,-8.5
219,0x002E2DA0,MANUAL_AIM_CANDIDATE,1951.423828125,0.0,0.0,0.0,-1951.423828125,0.0,0.0,-1951.423828125,0.0,0.0,false,0.0,-195.1423828125,-195.1423828125,1951.423828125
220,0x003B2AE4,MANUAL_AIM_CANDIDATE,1933.6,-270.0,2386.0,2418.0,2198.0,2656.0,2688.0,2468.0,32.0,32.0,false,0.0,1065.2,1113.2,1933.6
221,0x003B2A68,MANUAL_AIM_CANDIDATE,1930.7294921875,2753.9765625,168.3564453125,189.796875,308.26708984375,-2585.6201171875,-2564.1796875,-2445.7094726563,21.4404296875,21.4404296875,false,0.0,1058.9593261719,1026.7986816406,1930.7294921875
222,0x0006CBD8,ARM_HORIZONTAL_CANDIDATE,1892.97265625,10.291015625,-489.3515625,474.734375,474.734375,-499.642578125,464.443359375,464.443359375,964.0859375,35.19921875,true,1892.97265625,220.9765625,168.177734375,368.034765625
223,0x003B2AC8,MANUAL_AIM_CANDIDATE,1838.9004394531,1857.0,4194.0,4201.0004882813,4164.0004882813,2337.0,2344.0004882813,2307.0004882813,7.00048828125,7.00048828125,false,0.0,934.29970703125,944.80043945313,1838.9004394531
224,0x002346CC,ARM_LEFT_CANDIDATE,1752.1581054687,16902.07421875,14119.393554688,14844.065429688,16917.255859375,-2782.6806640625,-2058.0087890625,15.181640625,724.671875,724.671875,false,0.0,1752.1581054687,665.15029296875,-468.8873046875
225,0x003B2AE0,MANUAL_AIM_CANDIDATE,1743.2004882813,1973.0,4194.0,4230.0,4164.0004882813,2221.0,2257.0,2191.0004882813,36.0,36.0,false,0.0,873.39995117188,927.39995117188,1743.2004882813
226,0x003B2AD8,MANUAL_AIM_CANDIDATE,1743.0,1965.0,4230.0,4230.0,4161.0,2265.0,2265.0,2196.0,0.0,0.0,false,0.0,912.9,912.9,1743.0
227,0x0006D188,MANUAL_AIM_CANDIDATE,1691.7420898437,290.6796875,2274.708984375,2414.0732421875,2393.1640625,1984.029296875,2123.3935546875,2102.484375,139.3642578125,139.3642578125,false,0.0,712.08408203125,921.13046875,1691.7420898437
228,0x003B2A14,MANUAL_AIM_CANDIDATE,1661.5095214844,-136.0,1672.736328125,-120.21728515625,1707.9614257813,1808.736328125,15.78271484375,1843.9614257813,1792.9536132813,1792.9536132813,false,0.0,1616.448828125,-1072.9815917969,1661.5095214844
229,0x0006ADC8,MANUAL_AIM_CANDIDATE,1622.6412109375,314.537109375,2443.515625,2414.810546875,2360.103515625,2128.978515625,2100.2734375,2045.56640625,28.705078125,28.705078125,false,0.0,874.28515625,831.2275390625,1622.6412109375
230,0x00204B54,ARM_HORIZONTAL_CANDIDATE,1617.65234375,17081.61328125,17141.53515625,15643.7265625,15643.7265625,59.921875,-1437.88671875,-1437.88671875,1497.80859375,1377.96484375,true,1617.65234375,-802.81015625,1264.137109375,1288.105859375
231,0x00069CA8,ARM_HORIZONTAL_CANDIDATE,1613.595703125,17077.556640625,17137.478515625,15643.7265625,15643.7265625,59.921875,-1433.830078125,-1433.830078125,1493.751953125,1373.908203125,true,1613.595703125,-800.376171875,1260.4861328125,1284.4548828125
232,0x001EF084,ARM_HORIZONTAL_CANDIDATE,1613.595703125,17097.556640625,17157.478515625,15663.7265625,15663.7265625,59.921875,-1433.830078125,-1433.830078125,1493.751953125,1373.908203125,true,1613.595703125,-800.376171875,1260.4861328125,1284.4548828125
233,0x001EF08C,ARM_HORIZONTAL_CANDIDATE,1613.595703125,17077.556640625,17137.478515625,15643.7265625,15643.7265625,59.921875,-1433.830078125,-1433.830078125,1493.751953125,1373.908203125,true,1613.595703125,-800.376171875,1260.4861328125,1284.4548828125
234,0x001EF094,ARM_HORIZONTAL_CANDIDATE,1613.595703125,17057.556640625,17117.478515625,15623.7265625,15623.7265625,59.921875,-1433.830078125,-1433.830078125,1493.751953125,1373.908203125,true,1613.595703125,-800.376171875,1260.4861328125,1284.4548828125
235,0x001EF09C,ARM_HORIZONTAL_CANDIDATE,1613.595703125,17077.556640625,17137.478515625,15643.7265625,15643.7265625,59.921875,-1433.830078125,-1433.830078125,1493.751953125,1373.908203125,true,1613.595703125,-800.376171875,1260.4861328125,1284.4548828125
236,0x00204B38,ARM_HORIZONTAL_CANDIDATE,1613.595703125,17077.556640625,17137.478515625,15643.7265625,15643.7265625,59.921875,-1433.830078125,-1433.830078125,1493.751953125,1373.908203125,true,1613.595703125,-800.376171875,1260.4861328125,1284.4548828125
237,0x00204B64,ARM_HORIZONTAL_CANDIDATE,1613.595703125,17077.556640625,17137.478515625,15643.7265625,15643.7265625,59.921875,-1433.830078125,-1433.830078125,1493.751953125,1373.908203125,true,1613.595703125,-800.376171875,1260.4861328125,1284.4548828125
238,0x00204B7C,ARM_HORIZONTAL_CANDIDATE,1613.595703125,17077.556640625,17137.478515625,15643.7265625,15643.7265625,59.921875,-1433.830078125,-1433.830078125,1493.751953125,1373.908203125,true,1613.595703125,-800.376171875,1260.4861328125,1284.4548828125
239,0x003B34C8,ARM_LEFT_CANDIDATE,1613.5770361423,0.0,-1614.19921875,0.0,6.2218260765076,-1614.19921875,0.0,6.2218260765076,1614.19921875,1614.19921875,false,0.0,1613.5770361423,-807.72179198265,-155.19809579849
240,0x00204B70,ARM_HORIZONTAL_CANDIDATE,1609.5390625,17077.556640625,17137.478515625,15647.783203125,15640.5546875,59.921875,-1429.7734375,-1437.001953125,1489.6953125,1369.8515625,true,1609.5390625,-798.6650390625,1256.1123046875,1288.032421875
241,0x001EEFD0,MANUAL_AIM_CANDIDATE,1609.3140625,9506.078125,10285.0546875,11380.7578125,11380.7578125,778.9765625,1874.6796875,1874.6796875,1095.703125,1095.703125,false,0.0,-345.83125,1297.7234375,1609.3140625
242,0x003B3250,ARM_HORIZONTAL_CANDIDATE,1604.810546875,1335.326171875,0.0,1425.154296875,655.771484375,-1335.326171875,89.828125,-679.5546875,1425.154296875,1245.498046875,true,1604.810546875,1222.456640625,-645.7904296875,537.0392578125
243,0x0006ADFC,MANUAL_AIM_CANDIDATE,1516.3466796875,303.6796875,2276.171875,2243.677734375,2211.275390625,1972.4921875,1939.998046875,1907.595703125,32.494140625,32.494140625,false,0.0,811.73359375,762.9923828125,1516.3466796875
244,0x003B2B50,MANUAL_AIM_CANDIDATE,1504.66015625,-3.8251953125,1877.0,1877.0,1877.0,1880.8251953125,1880.8251953125,1880.8251953125,0.0,0.0,false,0.0,752.330078125,752.330078125,1504.66015625
245,0x0006A294,ARM_HORIZONTAL_CANDIDATE,1489.12109375,19426.056640625,19096.18359375,19925.55859375,19542.771484375,-329.873046875,499.501953125,116.71484375,829.375,169.62890625,true,1489.12109375,68.4505859375,322.8939453125,33.77734375
246,0x002346C4,ARM_LEFT_CANDIDATE,1485.4711914063,16501.681640625,13950.854492188,14386.838867188,16581.02734375,-2550.8271484375,-2114.8427734375,79.345703125,435.984375,435.984375,false,0.0,1485.4711914063,831.49462890625,-387.2212890625
247,0x001F2674,ARM_HORIZONTAL_CANDIDATE,1480.41015625,19428.9375,19102.794921875,19930.919921875,19551.046875,-326.142578125,501.982421875,122.109375,828.125,175.83984375,true,1480.41015625,62.9404296875,326.7001953125,39.296875
248,0x001F267C,ARM_HORIZONTAL_CANDIDATE,1480.41015625,19448.9375,19122.794921875,19950.919921875,19571.046875,-326.142578125,501.982421875,122.109375,828.125,175.83984375,true,1480.41015625,62.9404296875,326.7001953125,39.296875
249,0x001F2684,ARM_HORIZONTAL_CANDIDATE,1480.41015625,19428.9375,19102.794921875,19930.919921875,19551.046875,-326.142578125,501.982421875,122.109375,828.125,175.83984375,true,1480.41015625,62.9404296875,326.7001953125,39.296875
250,0x001F268C,ARM_HORIZONTAL_CANDIDATE,1480.41015625,19408.9375,19082.794921875,19910.919921875,19531.046875,-326.142578125,501.982421875,122.109375,828.125,175.83984375,true,1480.41015625,62.9404296875,326.7001953125,39.296875
251,0x0020FF60,ARM_HORIZONTAL_CANDIDATE,1480.41015625,19428.9375,19102.794921875,19930.919921875,19551.046875,-326.142578125,501.982421875,122.109375,828.125,175.83984375,true,1480.41015625,62.9404296875,326.7001953125,39.296875
252,0x001F2618,ARM_HORIZONTAL_CANDIDATE,1478.87890625,19426.056640625,19099.59765625,19925.55859375,19547.76171875,-326.458984375,499.501953125,121.705078125,825.9609375,173.04296875,true,1478.87890625,64.5375,324.101953125,39.108984375
253,0x00286554,ARM_HORIZONTAL_CANDIDATE,1478.091173701,-337.52856445313,-0.0095664486289024,-803.06274414063,-0.24681997299194,337.5189980045,-465.5341796875,337.28174448013,803.053177692,128.015181683,true,1478.091173701,71.023733712733,263.04650623724,256.97642671093
254,0x0020FF8C,ARM_HORIZONTAL_CANDIDATE,1477.45703125,19427.4609375,19102.794921875,19930.919921875,19549.416015625,-324.666015625,503.458984375,121.955078125,828.125,178.79296875,true,1477.45703125,60.741015625,328.93046875,39.142578125
255,0x0020FF7C,ARM_HORIZONTAL_CANDIDATE,1477.185546875,19430.412109375,19105.9921875,19934.337890625,19552.67578125,-324.419921875,503.92578125,122.263671875,828.345703125,179.505859375,true,1477.185546875,60.2306640625,329.489453125,39.4291015625
256,0x003B326C,ARM_RIGHT_CANDIDATE,1405.154296875,0.0,0.0,-1405.154296875,0.0,0.0,-1405.154296875,0.0,1405.154296875,1405.154296875,false,0.0,-702.5771484375,1405.154296875,-140.5154296875
257,0x001E8D8C,ARM_LEFT_CANDIDATE,1395.121484375,16847.708984375,14382.7578125,14711.546875,16865.1953125,-2464.951171875,-2136.162109375,17.486328125,328.7890625,328.7890625,false,0.0,1395.121484375,901.937890625,-442.625
258,0x0006D214,ARM_LEFT_CANDIDATE,1384.1201171875,16854.634765625,14393.69921875,14701.662109375,16857.92578125,-2460.935546875,-2152.97265625,3.291015625,307.962890625,307.962890625,false,0.0,1384.1201171875,922.17578125,-458.0998046875
259,0x002346D4,ARM_LEFT_CANDIDATE,1362.9205078125,17154.099609375,14752.033203125,15081.517578125,17182.6484375,-2402.06640625,-2072.58203125,28.548828125,329.484375,329.484375,false,0.0,1362.9205078125,868.6939453125,-418.916015625
260,0x001EEFC8,MANUAL_AIM_CANDIDATE,1330.25234375,17137.478515625,16996.234375,15643.7265625,15643.7265625,-141.244140625,-1493.751953125,-1493.751953125,1352.5078125,1352.5078125,false,0.0,-755.00703125,1273.7546875,1330.25234375
261,0x00076D14,MANUAL_AIM_CANDIDATE,1290.5117675781,3944.55859375,3047.4145507813,3486.01953125,2518.478515625,-897.14404296875,-458.5390625,-1426.080078125,438.60498046875,438.60498046875,false,0.0,525.26650390625,-132.64096679688,1290.5117675781
262,0x00076BFC,MANUAL_AIM_CANDIDATE,1288.5154052734,3934.583984375,3061.3833007813,3472.5383300781,2512.5439453125,-873.20068359375,-462.04565429688,-1422.0400390625,411.15502929688,411.15502929688,false,0.0,499.97385253906,-116.75869140625,1288.5154052734
263,0x00076C60,MANUAL_AIM_CANDIDATE,1286.7869384766,3935.8681640625,3068.9428710938,3459.3151855469,2514.7333984375,-866.92529296875,-476.55297851563,-1421.134765625,390.37231445313,390.37231445313,false,0.0,486.53532714844,-99.02314453125,1286.7869384766
264,0x00076C74,MANUAL_AIM_CANDIDATE,1281.061328125,3933.771484375,3058.6884765625,3480.83984375,2519.9086914063,-875.0830078125,-452.931640625,-1413.8627929688,422.1513671875,422.1513671875,false,0.0,507.23090820312,-125.99614257813,1281.061328125
265,0x003B2B70,MANUAL_AIM_CANDIDATE,1279.0,0.0,0.0,0.0,1279.0,0.0,0.0,1279.0,0.0,0.0,false,0.0,-127.9,-127.9,1279.0
266,0x003B3104,ARM_LEFT_CANDIDATE,1279.0,0.0,1279.0,0.0,0.0,1279.0,0.0,0.0,1279.0,1279.0,false,0.0,1279.0,-639.5,-127.9
267,0x003B3174,ARM_LEFT_CANDIDATE,1279.0,0.0,1279.0,0.0,0.0,1279.0,0.0,0.0,1279.0,1279.0,false,0.0,1279.0,-639.5,-127.9
268,0x003B3324,ARM_LEFT_CANDIDATE,1279.0,0.0,1279.0,0.0,0.0,1279.0,0.0,0.0,1279.0,1279.0,false,0.0,1279.0,-639.5,-127.9
269,0x00076C9C,MANUAL_AIM_CANDIDATE,1272.9220214844,3940.4489746094,3016.7197265625,3455.6176757813,2526.6708984375,-923.72924804688,-484.83129882813,-1413.7780761719,438.89794921875,438.89794921875,false,0.0,539.93579101563,-118.4111328125,1272.9220214844
270,0x0006A2C0,ARM_LEFT_CANDIDATE,1189.8642578125,13456.600585938,12266.736328125,13456.600585938,13456.600585938,-1189.8642578125,0.0,0.0,1189.8642578125,1189.8642578125,false,0.0,1189.8642578125,-594.93212890625,-118.98642578125
271,0x00210108,ARM_LEFT_CANDIDATE,1189.8642578125,13456.600585938,12266.736328125,13456.600585938,13456.600585938,-1189.8642578125,0.0,0.0,1189.8642578125,1189.8642578125,false,0.0,1189.8642578125,-594.93212890625,-118.98642578125
272,0x00210124,ARM_LEFT_CANDIDATE,1189.8642578125,13452.400390625,12262.536132813,13452.400390625,13452.400390625,-1189.8642578125,0.0,0.0,1189.8642578125,1189.8642578125,false,0.0,1189.8642578125,-594.93212890625,-118.98642578125
273,0x00210134,ARM_LEFT_CANDIDATE,1189.8642578125,13456.600585938,12266.736328125,13456.600585938,13456.600585938,-1189.8642578125,0.0,0.0,1189.8642578125,1189.8642578125,false,0.0,1189.8642578125,-594.93212890625,-118.98642578125
274,0x00210140,ARM_LEFT_CANDIDATE,1189.8642578125,13456.600585938,12266.736328125,13456.600585938,13456.600585938,-1189.8642578125,0.0,0.0,1189.8642578125,1189.8642578125,false,0.0,1189.8642578125,-594.93212890625,-118.98642578125
275,0x0021014C,ARM_LEFT_CANDIDATE,1189.8642578125,13456.600585938,12266.736328125,13456.600585938,13456.600585938,-1189.8642578125,0.0,0.0,1189.8642578125,1189.8642578125,false,0.0,1189.8642578125,-594.93212890625,-118.98642578125
276,0x001F2598,ARM_HORIZONTAL_CANDIDATE,1185.5859375,19662.73046875,19380.244140625,20000.857421875,19709.8125,-282.486328125,338.126953125,47.08203125,620.61328125,55.640625,true,1185.5859375,108.7146484375,192.1755859375,-14.979296875
277,0x001F25C0,ARM_HORIZONTAL_CANDIDATE,1185.5859375,19662.73046875,19380.244140625,20000.857421875,19709.8125,-282.486328125,338.126953125,47.08203125,620.61328125,55.640625,true,1185.5859375,108.7146484375,192.1755859375,-14.979296875
278,0x003B2B94,ARM_HORIZONTAL_CANDIDATE,1176.544921875,164.9091796875,29.9140625,936.46875,105.99609375,-134.9951171875,771.5595703125,-58.9130859375,906.5546875,636.564453125,true,1176.544921875,-256.6759765625,698.170703125,-31.7423828125
279,0x0006A190,ARM_HORIZONTAL_CANDIDATE,1100.3701171875,12421.012695313,12763.2265625,12168.293945313,12278.32421875,342.2138671875,-252.71875,-142.6884765625,594.9326171875,89.4951171875,true,1100.3701171875,201.58564453125,67.34296875,83.19521484375
280,0x001F1D28,ARM_HORIZONTAL_CANDIDATE,1100.3701171875,12421.012695313,12763.2265625,12168.293945313,12278.32421875,342.2138671875,-252.71875,-142.6884765625,594.9326171875,89.4951171875,true,1100.3701171875,201.58564453125,67.34296875,83.19521484375
281,0x001F1D30,ARM_HORIZONTAL_CANDIDATE,1100.3701171875,12441.012695313,12783.2265625,12188.293945313,12298.32421875,342.2138671875,-252.71875,-142.6884765625,594.9326171875,89.4951171875,true,1100.3701171875,201.58564453125,67.34296875,83.19521484375
282,0x001F1D38,ARM_HORIZONTAL_CANDIDATE,1100.3701171875,12421.012695313,12763.2265625,12168.293945313,12278.32421875,342.2138671875,-252.71875,-142.6884765625,594.9326171875,89.4951171875,true,1100.3701171875,201.58564453125,67.34296875,83.19521484375
283,0x001F1D40,ARM_HORIZONTAL_CANDIDATE,1100.3701171875,12401.012695313,12743.2265625,12148.293945313,12258.32421875,342.2138671875,-252.71875,-142.6884765625,594.9326171875,89.4951171875,true,1100.3701171875,201.58564453125,67.34296875,83.19521484375
284,0x0020F6F0,ARM_HORIZONTAL_CANDIDATE,1100.3701171875,12421.012695313,12763.2265625,12168.293945313,12278.32421875,342.2138671875,-252.71875,-142.6884765625,594.9326171875,89.4951171875,true,1100.3701171875,201.58564453125,67.34296875,83.19521484375
285,0x0020F71C,ARM_HORIZONTAL_CANDIDATE,1100.3701171875,12421.012695313,12763.2265625,12168.293945313,12279.467773438,342.2138671875,-252.71875,-141.544921875,594.9326171875,89.4951171875,true,1100.3701171875,201.7,67.45732421875,82.05166015625
286,0x0020F70C,ARM_HORIZONTAL_CANDIDATE,1099.9736328125,12424.919921875,12767.33203125,12172.399414063,12277.180664063,342.412109375,-252.5205078125,-147.7392578125,594.9326171875,89.8916015625,true,1099.9736328125,201.3779296875,66.54052734375,88.24599609375
287,0x002346DC,ARM_LEFT_CANDIDATE,1096.23359375,16753.70703125,14583.494140625,14624.291015625,16846.419921875,-2170.212890625,-2129.416015625,92.712890625,40.796875,40.796875,false,0.0,1096.23359375,1035.03828125,-337.25
288,0x0020F728,ARM_HORIZONTAL_CANDIDATE,1060.9013671875,12527.821289063,12760.805664063,12165.873046875,12525.400390625,232.984375,-361.9482421875,-2.4208984375,594.9326171875,128.9638671875,true,1060.9013671875,51.7681640625,245.21396484375,-57.07236328125
289,0x0020F734,ARM_HORIZONTAL_CANDIDATE,1060.9013671875,12527.821289063,12760.805664063,12165.873046875,12525.400390625,232.984375,-361.9482421875,-2.4208984375,594.9326171875,128.9638671875,true,1060.9013671875,51.7681640625,245.21396484375,-57.07236328125
290,0x001EEFFC,ARM_HORIZONTAL_CANDIDATE,1038.8404541016,628.34887695313,458.64868164063,1158.0887451172,1158.0887451172,-169.7001953125,529.73986816406,529.73986816406,699.44006347656,360.03967285156,true,1038.8404541016,-148.14372558594,391.91578369141,459.79586181641
291,0x003B30FC,ARM_LEFT_CANDIDATE,1019.0155029297,0.0,1019.0155029297,0.0,0.0,1019.0155029297,0.0,0.0,1019.0155029297,1019.0155029297,false,0.0,1019.0155029297,-509.50775146484,-101.90155029297
292,0x0008169C,ARM_LEFT_CANDIDATE,1000.8627288818,86.76887512207,1139.5003662109,180.82139587402,135.19389343262,1052.7314910889,94.052520751953,48.425018310547,958.67897033691,958.67897033691,false,0.0,1000.8627288818,-437.15572662354,-66.253382873535
293,0x0006A29C,ARM_LEFT_CANDIDATE,990.18388671875,3269.8671875,1831.96875,2525.46484375,2514.7333984375,-1437.8984375,-744.40234375,-755.1337890625,693.49609375,693.49609375,false,0.0,990.18388671875,-50.06025390625,536.9037109375
294,0x001F1C44,ARM_HORIZONTAL_CANDIDATE,960.3046875,16986.892578125,17150.318359375,16516.865234375,16640.98828125,163.42578125,-470.02734375,-345.904296875,633.453125,306.6015625,true,960.3046875,-106.1783203125,353.7240234375,282.558984375
295,0x0020FC30,ARM_HORIZONTAL_CANDIDATE,946.21794128418,-76.929534912109,9.5830230712891,-763.60980224609,-638.47583007813,86.512557983398,-686.68026733398,-561.54629516602,773.19282531738,600.16770935059,true,946.21794128418,-312.9822052002,587.26935882568,484.22701263428
296,0x0020FC3C,ARM_HORIZONTAL_CANDIDATE,946.21794128418,-76.929534912109,9.5830230712891,-763.60980224609,-638.47583007813,86.512557983398,-686.68026733398,-561.54629516602,773.19282531738,600.16770935059,true,946.21794128418,-312.9822052002,587.26935882568,484.22701263428
297,0x003B2C64,MANUAL_AIM_CANDIDATE,913.45527267456,-550.90270996094,77.997764587402,254.73832702637,506.00671386719,628.90047454834,805.6410369873,1056.9094238281,176.74056243896,176.74056243896,false,0.0,120.38901367187,385.49985733032,913.45527267456
298,0x00076C38,ARM_HORIZONTAL_CANDIDATE,911.2294921875,3260.2434082031,3037.6306152344,3503.6345214844,2506.4782714844,-222.61279296875,243.39111328125,-753.76513671875,466.00390625,20.7783203125,true,911.2294921875,25.54072265625,56.708203125,707.16474609375
299,0x000D3D40,ARM_HORIZONTAL_CANDIDATE,911.0991256237,-1.9333320856094,-227.16885375977,233.45922851563,-2.0,-225.23552167416,235.39256060123,-0.066667914390564,460.62808227539,10.157038927078,true,911.0991256237,107.5325745821,122.76813297272,-45.996140313149
300,0x000D3998,ARM_HORIZONTAL_CANDIDATE,910.96578979492,0.0,-225.16885375977,235.45922851563,0.0,-225.16885375977,235.45922851563,0.0,460.62808227539,10.290374755859,true,910.96578979492,107.43923950195,122.87480163574,-46.062808227539
301,0x003B2A10,MANUAL_AIM_CANDIDATE,902.73305664063,1460.9765625,237.39208984375,184.796875,308.26708984375,-1223.5844726563,-1276.1796875,-1152.7094726563,52.59521484375,52.59521484375,false,0.0,470.22368164062,549.11650390625,902.73305664063
302,0x001EF000,MANUAL_AIM_CANDIDATE,881.55892333984,2303.4670410156,791.67822265625,1155.9805908203,1155.9805908203,-1511.7888183594,-1147.4864501953,-1147.4864501953,364.30236816406,364.30236816406,false,0.0,823.29694824219,276.84339599609,881.55892333984
303,0x0020FA80,ARM_HORIZONTAL_CANDIDATE,869.06103515625,5596.3461914063,5767.92578125,5242.0239257813,5201.51171875,171.57958984375,-354.322265625,-394.83447265625,525.90185546875,182.74267578125,true,869.06103515625,-45.064990234375,229.0490234375,342.24428710938
304,0x0020FA8C,ARM_HORIZONTAL_CANDIDATE,869.06103515625,5596.3461914063,5767.92578125,5242.0239257813,5201.51171875,171.57958984375,-354.322265625,-394.83447265625,525.90185546875,182.74267578125,true,869.06103515625,-45.064990234375,229.0490234375,342.24428710938
305,0x003B2C60,MANUAL_AIM_CANDIDATE,865.94349899292,-654.43933105469,-107.0022354126,-106.85096740723,321.00671386719,547.43709564209,547.58836364746,975.44604492188,0.15126800537109,0.15126800537109,false,0.0,176.09830932617,176.32521133423,865.94349899292
306,0x00076CEC,ARM_HORIZONTAL_CANDIDATE,848.037109375,3246.9858398438,3039.5874023438,3472.8276367188,2502.1293945313,-207.3984375,225.841796875,-744.8564453125,433.240234375,18.443359375,true,848.037109375,19.99189453125,47.65693359375,701.532421875
307,0x0006A2C8,ARM_LEFT_CANDIDATE,847.45764160156,2371.1694335938,1523.7117919922,2371.1694335938,2371.1694335938,-847.45764160156,0.0,0.0,847.45764160156,847.45764160156,false,0.0,847.45764160156,-423.72882080078,-84.745764160156
308,0x00210110,ARM_LEFT_CANDIDATE,847.45764160156,2371.1694335938,1523.7117919922,2371.1694335938,2371.1694335938,-847.45764160156,0.0,0.0,847.45764160156,847.45764160156,false,0.0,847.45764160156,-423.72882080078,-84.745764160156
309,0x0021012C,ARM_LEFT_CANDIDATE,847.45764160156,2371.1577148438,1523.7000732422,2371.1577148438,2371.1577148438,-847.45764160156,0.0,0.0,847.45764160156,847.45764160156,false,0.0,847.45764160156,-423.72882080078,-84.745764160156
310,0x0021013C,ARM_LEFT_CANDIDATE,847.45764160156,2371.1694335938,1523.7117919922,2371.1694335938,2371.1694335938,-847.45764160156,0.0,0.0,847.45764160156,847.45764160156,false,0.0,847.45764160156,-423.72882080078,-84.745764160156
311,0x00210148,ARM_LEFT_CANDIDATE,847.45764160156,2371.1694335938,1523.7117919922,2371.1694335938,2371.1694335938,-847.45764160156,0.0,0.0,847.45764160156,847.45764160156,false,0.0,847.45764160156,-423.72882080078,-84.745764160156
312,0x00210154,ARM_LEFT_CANDIDATE,847.45764160156,2371.1694335938,1523.7117919922,2371.1694335938,2371.1694335938,-847.45764160156,0.0,0.0,847.45764160156,847.45764160156,false,0.0,847.45764160156,-423.72882080078,-84.745764160156
313,0x001F2774,ARM_LEFT_CANDIDATE,845.74560546875,1523.7117919922,2371.1694335938,1523.7117919922,1540.8321533203,847.45764160156,0.0,17.120361328125,847.45764160156,847.45764160156,false,0.0,845.74560546875,-425.44085693359,-67.625402832031
314,0x00076CD8,ARM_HORIZONTAL_CANDIDATE,837.76782226563,3270.130859375,3029.4128417969,3469.1474609375,2529.76171875,-240.71801757813,199.0166015625,-740.369140625,439.73461914063,41.701416015625,true,837.76782226563,67.172802734375,4.6206787109375,696.39567871094
315,0x00076CB0,ARM_HORIZONTAL_CANDIDATE,836.01538085938,3270.2587890625,3063.66015625,3486.4782714844,2511.2807617188,-206.5986328125,216.21948242188,-758.97802734375,422.81811523438,9.620849609375,true,836.01538085938,22.591088867187,37.02236328125,716.69621582031
316,0x00076C88,ARM_HORIZONTAL_CANDIDATE,835.11010742188,3264.3498535156,3062.4152832031,3493.65625,2534.76171875,-201.9345703125,229.30639648438,-729.58813476563,431.24096679688,27.371826171875,true,835.11010742188,14.32255859375,55.380297851563,686.46403808594
317,0x00076D28,ARM_HORIZONTAL_CANDIDATE,834.5400390625,3267.091796875,3063.974609375,3492.2802734375,2494.822265625,-203.1171875,225.1884765625,-772.26953125,428.3056640625,22.0712890625,true,834.5400390625,13.29599609375,46.4029296875,729.43896484375
318,0x00076C24,ARM_HORIZONTAL_CANDIDATE,833.34643554688,3271.37109375,3064.3518066406,3483.6596679688,2519.2917480469,-207.01928710938,212.28857421875,-752.07934570313,419.30786132813,5.269287109375,true,833.34643554688,25.667065429687,33.57099609375,710.14855957031
319,0x00076D3C,ARM_HORIZONTAL_CANDIDATE,820.53466796875,3263.2114257813,3060.8999023438,3476.8115234375,2511.6062011719,-202.3115234375,213.60009765625,-751.60522460938,415.91162109375,11.28857421875,true,820.53466796875,20.350952148438,37.283813476563,710.0140625
320,0x000D3AB8,MANUAL_AIM_CANDIDATE,810.893359375,20130.47265625,18823.041015625,18847.306640625,19060.51953125,-1307.431640625,-1283.166015625,-1069.953125,24.265625,24.265625,false,0.0,558.8533203125,522.4548828125,810.893359375
321,0x0020FDE0,MANUAL_AIM_CANDIDATE,807.13706054687,-5935.0859375,-6328.8540039063,-6939.830078125,-6882.07421875,-393.76806640625,-1004.744140625,-946.98828125,610.97607421875,610.97607421875,false,0.0,-203.30283203125,713.16127929688,807.13706054687
322,0x0020FDEC,MANUAL_AIM_CANDIDATE,807.13706054687,-5935.0859375,-6328.8540039063,-6939.830078125,-6882.07421875,-393.76806640625,-1004.744140625,-946.98828125,610.97607421875,610.97607421875,false,0.0,-203.30283203125,713.16127929688,807.13706054687
323,0x000D3AA8,MANUAL_AIM_CANDIDATE,807.026953125,20165.8046875,18815.642578125,18882.525390625,19095.43359375,-1350.162109375,-1283.279296875,-1070.37109375,66.8828125,66.8828125,false,0.0,601.4853515625,501.1611328125,807.026953125
324,0x000D3A68,MANUAL_AIM_CANDIDATE,807.02421875,20165.8046875,18815.615234375,18882.525390625,19095.43359375,-1350.189453125,-1283.279296875,-1070.37109375,66.91015625,66.91015625,false,0.0,601.5126953125,501.1474609375,807.02421875
325,0x000D3E50,MANUAL_AIM_CANDIDATE,803.5373046875,20197.62109375,18829.927734375,18916.95703125,19129.248046875,-1367.693359375,-1280.6640625,-1068.373046875,87.029296875,87.029296875,false,0.0,620.5240234375,489.980078125,803.5373046875
326,0x000D3E10,MANUAL_AIM_CANDIDATE,803.534375,20197.62109375,18829.8984375,18916.95703125,19129.248046875,-1367.72265625,-1280.6640625,-1068.373046875,87.05859375,87.05859375,false,0.0,620.5533203125,489.9654296875,803.534375
327,0x000D3324,MANUAL_AIM_CANDIDATE,803.5154296875,20197.646484375,18825.384765625,18917.1328125,19128.853515625,-1372.26171875,-1280.513671875,-1068.79296875,91.748046875,91.748046875,false,0.0,625.1255859375,487.503515625,803.5154296875
328,0x003B2AB4,MANUAL_AIM_CANDIDATE,803.51484375,20197.640625,18825.51171875,18917.125,19128.861328125,-1372.12890625,-1280.515625,-1068.779296875,91.61328125,91.61328125,false,0.0,624.9931640625,487.5732421875,803.51484375
329,0x0006D248,MANUAL_AIM_CANDIDATE,803.500390625,20197.640625,18825.3671875,18917.125,19128.861328125,-1372.2734375,-1280.515625,-1068.779296875,91.7578125,91.7578125,false,0.0,625.1376953125,487.5009765625,803.500390625
330,0x000D3368,MANUAL_AIM_CANDIDATE,803.500390625,20197.640625,18825.3671875,18917.125,19128.861328125,-1372.2734375,-1280.515625,-1068.779296875,91.7578125,91.7578125,false,0.0,625.1376953125,487.5009765625,803.500390625
331,0x00105310,MANUAL_AIM_CANDIDATE,803.500390625,20197.640625,18825.3671875,18917.125,19128.861328125,-1372.2734375,-1280.515625,-1068.779296875,91.7578125,91.7578125,false,0.0,625.1376953125,487.5009765625,803.500390625
332,0x000D3010,MANUAL_AIM_CANDIDATE,803.5001953125,20227.640625,18855.365234375,18947.125,19158.861328125,-1372.275390625,-1280.515625,-1068.779296875,91.759765625,91.759765625,false,0.0,625.1396484375,487.5,803.5001953125
333,0x000D3018,MANUAL_AIM_CANDIDATE,803.5001953125,20197.640625,18825.365234375,18917.125,19128.861328125,-1372.275390625,-1280.515625,-1068.779296875,91.759765625,91.759765625,false,0.0,625.1396484375,487.5,803.5001953125
334,0x000D3020,MANUAL_AIM_CANDIDATE,803.5001953125,20167.640625,18795.365234375,18887.125,19098.861328125,-1372.275390625,-1280.515625,-1068.779296875,91.759765625,91.759765625,false,0.0,625.1396484375,487.5,803.5001953125
335,0x000D3028,MANUAL_AIM_CANDIDATE,803.5001953125,20197.640625,18825.365234375,18917.125,19128.861328125,-1372.275390625,-1280.515625,-1068.779296875,91.759765625,91.759765625,false,0.0,625.1396484375,487.5,803.5001953125
336,0x000D33EC,MANUAL_AIM_CANDIDATE,803.5001953125,20197.640625,18825.365234375,18917.125,19128.861328125,-1372.275390625,-1280.515625,-1068.779296875,91.759765625,91.759765625,false,0.0,625.1396484375,487.5,803.5001953125
337,0x000D3404,MANUAL_AIM_CANDIDATE,803.5001953125,20197.640625,18825.365234375,18917.125,19128.861328125,-1372.275390625,-1280.515625,-1068.779296875,91.759765625,91.759765625,false,0.0,625.1396484375,487.5,803.5001953125
338,0x000D3414,MANUAL_AIM_CANDIDATE,803.5001953125,20197.640625,18825.365234375,18917.125,19128.861328125,-1372.275390625,-1280.515625,-1068.779296875,91.759765625,91.759765625,false,0.0,625.1396484375,487.5,803.5001953125
339,0x000F8B10,MANUAL_AIM_CANDIDATE,803.5001953125,20197.640625,18825.365234375,18917.125,19128.861328125,-1372.275390625,-1280.515625,-1068.779296875,91.759765625,91.759765625,false,0.0,625.1396484375,487.5,803.5001953125
340,0x003B2B0C,MANUAL_AIM_CANDIDATE,803.499609375,20197.640625,18825.359375,18917.125,19128.861328125,-1372.28125,-1280.515625,-1068.779296875,91.765625,91.765625,false,0.0,625.1455078125,487.4970703125,803.499609375
341,0x00076BD4,ARM_HORIZONTAL_CANDIDATE,801.15771484375,3260.6076660156,3064.1430664063,3472.3715820313,2516.2255859375,-196.46459960938,211.76391601563,-744.38208007813,408.228515625,15.29931640625,true,801.15771484375,16.14443359375,39.093408203125,703.55922851563
342,0x00076BE8,ARM_HORIZONTAL_CANDIDATE,790.95825195313,3269.0336914063,3063.9895019531,3464.3383789063,2517.6042480469,-205.04418945313,195.3046875,-751.42944335938,400.34887695313,9.739501953125,true,790.95825195313,32.248901367188,17.6396484375,711.39455566406
343,0x00076C4C,ARM_HORIZONTAL_CANDIDATE,783.08544921875,3278.1440429688,3048.4443359375,3462.6059570313,2520.1938476563,-229.69970703125,184.4619140625,-757.9501953125,414.16162109375,45.23779296875,true,783.08544921875,61.67373046875,-6.182958984375,716.53403320312
344,0x001F1E20,MANUAL_AIM_CANDIDATE,781.5443359375,18079.09765625,17642.529296875,17471.32421875,17193.119140625,-436.568359375,-607.7734375,-885.978515625,171.205078125,171.205078125,false,0.0,44.0837890625,300.89140625,781.5443359375
345,0x00076C10,ARM_HORIZONTAL_CANDIDATE,781.36303710938,3252.1071777344,3064.8686523438,3471.7546386719,2531.5107421875,-187.23852539063,219.6474609375,-720.59643554688,406.88598632813,32.408935546875,true,781.36303710938,5.3551513671875,53.9685546875,679.90783691406
346,0x003B2A70,MANUAL_AIM_CANDIDATE,776.87824707031,3214.0,4164.0004882813,3995.2219238281,4164.0004882813,950.00048828125,781.22192382813,950.00048828125,168.77856445313,168.77856445313,false,0.0,464.38947753906,211.22163085938,776.87824707031
347,0x00076D00,ARM_HORIZONTAL_CANDIDATE,773.13940429688,3273.0236816406,3066.818359375,3462.0017089844,2508.9240722656,-206.20532226563,188.97802734375,-764.099609375,395.18334960938,17.227294921875,true,773.13940429688,35.30634765625,9.4654052734375,724.58127441406
348,0x001F1F04,MANUAL_AIM_CANDIDATE,769.5599609375,5859.4423828125,5863.72265625,5863.72265625,5089.0263671875,4.2802734375,4.2802734375,-770.416015625,0.0,0.0,false,0.0,-74.90146484375,-74.90146484375,769.5599609375
349,0x001F1F0C,MANUAL_AIM_CANDIDATE,769.5599609375,5879.4423828125,5883.72265625,5883.72265625,5109.0263671875,4.2802734375,4.2802734375,-770.416015625,0.0,0.0,false,0.0,-74.90146484375,-74.90146484375,769.5599609375
350,0x001F1F14,MANUAL_AIM_CANDIDATE,769.5599609375,5859.4423828125,5863.72265625,5863.72265625,5089.0263671875,4.2802734375,4.2802734375,-770.416015625,0.0,0.0,false,0.0,-74.90146484375,-74.90146484375,769.5599609375
351,0x001F1F1C,MANUAL_AIM_CANDIDATE,769.5599609375,5839.4423828125,5843.72265625,5843.72265625,5069.0263671875,4.2802734375,4.2802734375,-770.416015625,0.0,0.0,false,0.0,-74.90146484375,-74.90146484375,769.5599609375
352,0x00076CC4,ARM_HORIZONTAL_CANDIDATE,762.60913085938,3254.724609375,3067.0007324219,3454.162109375,2531.8093261719,-187.72387695313,199.4375,-722.91528320313,387.16137695313,11.713623046875,true,762.60913085938,15.713598632812,33.284033203125,684.19914550781
353,0x003B35EC,ARM_RIGHT_CANDIDATE,728.8564453125,18264.349609375,18970.17578125,19433.19140625,19135.072265625,705.826171875,1168.841796875,870.72265625,463.015625,463.015625,false,0.0,34.3330078125,728.8564453125,683.255859375
354,0x0006A1C4,MANUAL_AIM_CANDIDATE,723.33500976563,5859.4423828125,5863.72265625,5392.9125976563,5089.0263671875,4.2802734375,-466.52978515625,-770.416015625,470.81005859375,462.24951171875,true,479.37060546875,-306.02622070312,387.348046875,723.33500976563
355,0x0020F8A0,MANUAL_AIM_CANDIDATE,723.33500976563,5859.4423828125,5863.72265625,5392.9125976563,5089.0263671875,4.2802734375,-466.52978515625,-770.416015625,470.81005859375,462.24951171875,true,479.37060546875,-306.02622070312,387.348046875,723.33500976563
356,0x0020F8BC,MANUAL_AIM_CANDIDATE,723.33500976563,5856.47265625,5860.7529296875,5389.9428710938,5086.056640625,4.2802734375,-466.52978515625,-770.416015625,470.81005859375,462.24951171875,true,479.37060546875,-306.02622070312,387.348046875,723.33500976563
357,0x0020F8CC,MANUAL_AIM_CANDIDATE,723.33500976563,5859.4423828125,5863.72265625,5392.9125976563,5089.0263671875,4.2802734375,-466.52978515625,-770.416015625,470.81005859375,462.24951171875,true,479.37060546875,-306.02622070312,387.348046875,723.33500976563
358,0x0020F8D8,MANUAL_AIM_CANDIDATE,723.33500976563,5859.4423828125,5863.72265625,5392.9125976563,5089.0263671875,4.2802734375,-466.52978515625,-770.416015625,470.81005859375,462.24951171875,true,479.37060546875,-306.02622070312,387.348046875,723.33500976563
359,0x0020F8E4,MANUAL_AIM_CANDIDATE,723.33500976563,5859.4423828125,5863.72265625,5392.9125976563,5089.0263671875,4.2802734375,-466.52978515625,-770.416015625,470.81005859375,462.24951171875,true,479.37060546875,-306.02622070312,387.348046875,723.33500976563
360,0x002E2CB4,ARM_RIGHT_CANDIDATE,712.36280837059,0.0,0.0,712.54901123047,-1.8620285987854,0.0,712.54901123047,-1.8620285987854,712.54901123047,712.54901123047,false,0.0,-356.46070847511,712.36280837059,-69.392872524261
361,0x0009886C,ARM_RIGHT_CANDIDATE,706.6536403589,-0.092647545039654,-0.092647545039654,785.07806396484,785.07806396484,0.0,785.17071150988,785.17071150988,785.17071150988,785.17071150988,false,0.0,-471.10242690593,706.6536403589,706.6536403589
362,0x000973DC,ARM_RIGHT_CANDIDATE,706.59099297356,-0.023039339110255,-0.023039339110255,785.07806396484,785.07806396484,0.0,785.10110330395,785.10110330395,785.10110330395,785.10110330395,false,0.0,-471.06066198237,706.59099297356,706.59099297356
363,0x00091C3C,ARM_RIGHT_CANDIDATE,706.57025756836,0.0,0.0,785.07806396484,785.07806396484,0.0,785.07806396484,785.07806396484,785.07806396484,785.07806396484,false,0.0,-471.04683837891,706.57025756836,706.57025756836
364,0x0009431C,ARM_RIGHT_CANDIDATE,706.57025756836,0.0,0.0,785.07806396484,785.07806396484,0.0,785.07806396484,785.07806396484,785.07806396484,785.07806396484,false,0.0,-471.04683837891,706.57025756836,706.57025756836
365,0x0009457C,ARM_RIGHT_CANDIDATE,706.57025756836,0.0,0.0,785.07806396484,785.07806396484,0.0,785.07806396484,785.07806396484,785.07806396484,785.07806396484,false,0.0,-471.04683837891,706.57025756836,706.57025756836
366,0x000946AC,ARM_RIGHT_CANDIDATE,706.57025756836,0.0,0.0,785.07806396484,785.07806396484,0.0,785.07806396484,785.07806396484,785.07806396484,785.07806396484,false,0.0,-471.04683837891,706.57025756836,706.57025756836
367,0x000946BC,ARM_RIGHT_CANDIDATE,706.57025756836,0.0,0.0,785.07806396484,785.07806396484,0.0,785.07806396484,785.07806396484,785.07806396484,785.07806396484,false,0.0,-471.04683837891,706.57025756836,706.57025756836
368,0x000946DC,ARM_RIGHT_CANDIDATE,706.57025756836,0.0,0.0,785.07806396484,785.07806396484,0.0,785.07806396484,785.07806396484,785.07806396484,785.07806396484,false,0.0,-471.04683837891,706.57025756836,706.57025756836
369,0x000947BC,ARM_RIGHT_CANDIDATE,706.57025756836,0.0,0.0,785.07806396484,785.07806396484,0.0,785.07806396484,785.07806396484,785.07806396484,785.07806396484,false,0.0,-471.04683837891,706.57025756836,706.57025756836
370,0x000947CC,ARM_RIGHT_CANDIDATE,706.57025756836,0.0,0.0,785.07806396484,785.07806396484,0.0,785.07806396484,785.07806396484,785.07806396484,785.07806396484,false,0.0,-471.04683837891,706.57025756836,706.57025756836
371,0x000947DC,ARM_RIGHT_CANDIDATE,706.57025756836,0.0,0.0,785.07806396484,785.07806396484,0.0,785.07806396484,785.07806396484,785.07806396484,785.07806396484,false,0.0,-471.04683837891,706.57025756836,706.57025756836
372,0x0009484C,ARM_RIGHT_CANDIDATE,706.57025756836,0.0,0.0,785.07806396484,785.07806396484,0.0,785.07806396484,785.07806396484,785.07806396484,785.07806396484,false,0.0,-471.04683837891,706.57025756836,706.57025756836
373,0x0009726C,ARM_RIGHT_CANDIDATE,706.57025756836,0.0,0.0,785.07806396484,785.07806396484,0.0,785.07806396484,785.07806396484,785.07806396484,785.07806396484,false,0.0,-471.04683837891,706.57025756836,706.57025756836
374,0x0009739C,ARM_RIGHT_CANDIDATE,706.57025756836,0.0,0.0,785.07806396484,785.07806396484,0.0,785.07806396484,785.07806396484,785.07806396484,785.07806396484,false,0.0,-471.04683837891,706.57025756836,706.57025756836
375,0x0009810C,ARM_RIGHT_CANDIDATE,706.57025756836,785.07806396484,785.07806396484,0.0,0.0,0.0,-785.07806396484,-785.07806396484,785.07806396484,785.07806396484,false,0.0,-471.04683837891,706.57025756836,706.57025756836
376,0x0009836C,ARM_RIGHT_CANDIDATE,706.57025756836,785.07806396484,785.07806396484,0.0,0.0,0.0,-785.07806396484,-785.07806396484,785.07806396484,785.07806396484,false,0.0,-471.04683837891,706.57025756836,706.57025756836
377,0x000983AC,ARM_RIGHT_CANDIDATE,706.57025756836,785.07806396484,785.07806396484,0.0,0.0,0.0,-785.07806396484,-785.07806396484,785.07806396484,785.07806396484,false,0.0,-471.04683837891,706.57025756836,706.57025756836
378,0x000983DC,ARM_RIGHT_CANDIDATE,706.57025756836,785.07806396484,785.07806396484,0.0,0.0,0.0,-785.07806396484,-785.07806396484,785.07806396484,785.07806396484,false,0.0,-471.04683837891,706.57025756836,706.57025756836
379,0x00098AFC,ARM_RIGHT_CANDIDATE,706.57025756836,0.0,0.0,785.07806396484,785.07806396484,0.0,785.07806396484,785.07806396484,785.07806396484,785.07806396484,false,0.0,-471.04683837891,706.57025756836,706.57025756836
380,0x0020FA64,MANUAL_AIM_CANDIDATE,697.19375,5393.0317382813,5960.2421875,5827.873046875,6190.4306640625,567.21044921875,434.84130859375,797.39892578125,132.369140625,132.369140625,false,0.0,270.04990234375,71.49619140625,697.19375
381,0x0020FA74,MANUAL_AIM_CANDIDATE,689.169140625,5397.1928710938,5955.5258789063,5822.5297851563,6184.7290039063,558.3330078125,425.3369140625,787.5361328125,132.99609375,132.99609375,false,0.0,266.9109375,67.416796875,689.169140625
382,0x0006A1F0,MANUAL_AIM_CANDIDATE,688.66611328125,5397.1928710938,5957.8842773438,5825.2016601563,6184.7290039063,560.69140625,428.0087890625,787.5361328125,132.6826171875,132.6826171875,false,0.0,267.9333984375,68.90947265625,688.66611328125
383,0x0020FA48,MANUAL_AIM_CANDIDATE,688.66611328125,5397.1928710938,5957.8842773438,5825.2016601563,6184.7290039063,560.69140625,428.0087890625,787.5361328125,132.6826171875,132.6826171875,false,0.0,267.9333984375,68.90947265625,688.66611328125
384,0x003B32D8,ARM_LEFT_CANDIDATE,647.733984375,-1335.326171875,48.0,0.0,-656.03515625,1383.326171875,1335.326171875,679.291015625,48.0,48.0,false,0.0,647.733984375,575.733984375,407.42578125
385,0x0020FC14,MANUAL_AIM_CANDIDATE,641.65938262939,-346.70544433594,162.85766601563,-183.35249328613,362.24554443359,509.56311035156,163.3529510498,708.95098876953,346.21015930176,346.21015930176,false,0.0,356.99153594971,-162.32370300293,641.65938262939
386,0x00076DF0,ARM_LEFT_CANDIDATE,637.79262695313,3963.0,3019.9125976563,3473.060546875,3359.7495117188,-943.08740234375,-489.939453125,-603.25048828125,453.14794921875,453.14794921875,false,0.0,637.79262695313,-41.929296875,459.94780273437
387,0x0006A224,MANUAL_AIM_CANDIDATE,636.44929046631,-342.40716552734,158.36331176758,-188.32392883301,359.52749633789,500.77047729492,154.08323669434,701.93466186523,346.68724060059,346.68724060059,false,0.0,353.53539276123,-166.49546813965,636.44929046631
388,0x0020FBF8,MANUAL_AIM_CANDIDATE,636.44929046631,-342.40716552734,158.36331176758,-188.32392883301,359.52749633789,500.77047729492,154.08323669434,701.93466186523,346.68724060059,346.68724060059,false,0.0,353.53539276123,-166.49546813965,636.44929046631
389,0x0020FC24,MANUAL_AIM_CANDIDATE,633.73124542236,-342.40716552734,158.36331176758,-188.32395935059,356.80944824219,500.77047729492,154.08320617676,699.21661376953,346.68727111816,346.68727111816,false,0.0,353.80721282959,-166.22369384766,633.73124542236
390,0x00076D78,ARM_LEFT_CANDIDATE,632.27353515625,3934.2092285156,3032.6691894531,3503.8706054688,3393.2373046875,-901.5400390625,-430.33862304688,-540.97192382813,471.20141601563,471.20141601563,false,0.0,632.27353515625,-74.528588867187,407.78405761719
391,0x0006AD94,ARM_LEFT_CANDIDATE,625.859765625,3234.732421875,2172.912109375,2507.50390625,2511.26953125,-1061.8203125,-727.228515625,-723.462890625,334.591796875,334.591796875,false,0.0,625.859765625,123.9720703125,544.5580078125
392,0x00076DC8,ARM_LEFT_CANDIDATE,612.730859375,3943.4230957031,3042.8674316406,3483.9672851563,3362.4541015625,-900.5556640625,-459.45581054688,-580.96899414063,441.09985351563,441.09985351563,false,0.0,612.730859375,-48.918920898438,444.96784667969
393,0x00076DA0,ARM_LEFT_CANDIDATE,610.35991210938,3961.1872558594,3041.1103515625,3462.3815917969,3358.0456542969,-920.07690429688,-498.8056640625,-603.1416015625,421.27124023438,421.27124023438,false,0.0,610.35991210938,-21.546948242188,461.25334472656
394,0x001F27A0,ARM_LEFT_CANDIDATE,604.26936035156,380.67840576172,1048.0119628906,472.40814208984,552.67169189453,667.33355712891,91.729736328125,171.99328613281,575.60382080078,575.60382080078,false,0.0,604.26936035156,-259.13637084961,96.086956787109
395,0x00076DB4,ARM_LEFT_CANDIDATE,601.22019042969,3972.2001953125,3067.03515625,3486.328125,3362.1120605469,-905.1650390625,-485.8720703125,-610.08813476563,419.29296875,419.29296875,false,0.0,601.22019042969,-27.719262695313,470.98442382812
396,0x00076EB8,ARM_LEFT_CANDIDATE,597.40915527344,3935.0209960938,3051.740234375,3472.7707519531,3387.5561523438,-883.28076171875,-462.25024414063,-547.46484375,421.03051757813,421.03051757813,false,0.0,597.40915527344,-34.13662109375,412.91174316406
397,0x00076E04,ARM_LEFT_CANDIDATE,597.3470703125,3955.771484375,3062.2368164063,3481.1171875,3367.1669921875,-893.53466796875,-474.654296875,-588.6044921875,418.88037109375,418.88037109375,false,0.0,597.3470703125,-30.973486328125,451.78559570312
398,0x00076E68,ARM_LEFT_CANDIDATE,593.72163085937,3969.93359375,3064.763671875,3462.9487304688,3390.375,-905.169921875,-506.98486328125,-579.55859375,398.18505859375,398.18505859375,false,0.0,593.72163085937,-3.55595703125,438.34311523437
399,0x00076E90,ARM_LEFT_CANDIDATE,593.65822753906,3940.8828125,3065.7663574219,3486.7192382813,3397.1184082031,-875.11645507813,-454.16357421875,-543.76440429688,420.95288085938,420.95288085938,false,0.0,593.65822753906,-37.77109375,410.83640136719
400,0x00076D8C,ARM_LEFT_CANDIDATE,593.61398925781,3945.8291015625,3070.2414550781,3493.869140625,3385.8923339844,-875.58764648438,-451.9599609375,-559.93676757813,423.62768554688,423.62768554688,false,0.0,593.61398925781,-41.8275390625,427.18200683594
401,0x00076E54,ARM_LEFT_CANDIDATE,590.87827148437,3997.7805175781,3072.5026855469,3455.8325195313,3363.5249023438,-925.27783203125,-541.94799804688,-634.25561523438,383.32983398438,383.32983398438,false,0.0,590.87827148437,15.883520507812,487.53303222656
402,0x00076E18,ARM_LEFT_CANDIDATE,590.27553710938,3924.4248046875,3050.9248046875,3472.5751953125,3351.4282226563,-873.5,-451.849609375,-572.99658203125,421.650390625,421.650390625,false,0.0,590.27553710938,-42.200048828125,440.46162109375
403,0x00076E2C,ARM_LEFT_CANDIDATE,587.32900390625,3932.0095214844,3068.1916503906,3492.5122070313,3364.607421875,-863.81787109375,-439.49731445313,-567.40209960938,424.32055664063,424.32055664063,false,0.0,587.32900390625,-49.151831054688,437.07058105469
404,0x0006A164,ARM_LEFT_CANDIDATE,587.29379882812,3944.55859375,3063.66015625,3472.8276367188,3367.1669921875,-880.8984375,-471.73095703125,-577.3916015625,409.16748046875,409.16748046875,false,0.0,587.29379882812,-26.457421875,442.12866210938
405,0x00076D64,ARM_LEFT_CANDIDATE,587.11303710938,3944.9921875,3067.2607421875,3477.0327148438,3378.60546875,-877.7314453125,-467.95947265625,-566.38671875,409.77197265625,409.77197265625,false,0.0,587.11303710938,-27.544921875,431.81762695313
406,0x00076DDC,ARM_LEFT_CANDIDATE,586.77209472656,3958.9877929688,3067.4321289063,3464.6147460938,3383.0173339844,-891.5556640625,-494.373046875,-575.97045898438,397.1826171875,397.1826171875,false,0.0,586.77209472656,-9.0018310546875,437.37758789063
407,0x001F23B4,MANUAL_AIM_CANDIDATE,583.37622070313,-5538.435546875,-6013.525390625,-5820.9213867188,-6197.5693359375,-475.08984375,-282.48583984375,-659.1337890625,192.60400390625,192.60400390625,false,0.0,267.93354492188,-20.9724609375,583.37622070313
408,0x00076D50,ARM_LEFT_CANDIDATE,582.16000976562,3941.9282226563,3067.5227050781,3471.9345703125,3369.44140625,-874.40551757813,-469.99365234375,-572.48681640625,404.41186523438,404.41186523438,false,0.0,582.16000976562,-24.457788085938,438.04689941406
409,0x000E7E3C,MANUAL_AIM_CANDIDATE,580.50732421875,0.0,0.0,0.0,-580.50732421875,0.0,0.0,-580.50732421875,0.0,0.0,false,0.0,-58.050732421875,-58.050732421875,580.50732421875
410,0x000E7E64,MANUAL_AIM_CANDIDATE,580.50732421875,-580.50732421875,-580.50732421875,-580.50732421875,0.0,0.0,0.0,580.50732421875,0.0,0.0,false,0.0,-58.050732421875,-58.050732421875,580.50732421875
411,0x000E7E8C,MANUAL_AIM_CANDIDATE,580.50732421875,0.0,0.0,0.0,-580.50732421875,0.0,0.0,-580.50732421875,0.0,0.0,false,0.0,-58.050732421875,-58.050732421875,580.50732421875
412,0x000E7EB4,MANUAL_AIM_CANDIDATE,580.50732421875,-580.50732421875,-580.50732421875,-580.50732421875,0.0,0.0,0.0,580.50732421875,0.0,0.0,false,0.0,-58.050732421875,-58.050732421875,580.50732421875
413,0x000E7EDC,MANUAL_AIM_CANDIDATE,580.50732421875,0.0,0.0,0.0,-580.50732421875,0.0,0.0,-580.50732421875,0.0,0.0,false,0.0,-58.050732421875,-58.050732421875,580.50732421875
414,0x000E7F04,MANUAL_AIM_CANDIDATE,580.50732421875,-580.50732421875,-580.50732421875,-580.50732421875,0.0,0.0,0.0,580.50732421875,0.0,0.0,false,0.0,-58.050732421875,-58.050732421875,580.50732421875
415,0x000E7F2C,MANUAL_AIM_CANDIDATE,580.50732421875,0.0,0.0,0.0,-580.50732421875,0.0,0.0,-580.50732421875,0.0,0.0,false,0.0,-58.050732421875,-58.050732421875,580.50732421875
416,0x000E7F54,MANUAL_AIM_CANDIDATE,580.50732421875,-580.50732421875,-580.50732421875,-580.50732421875,0.0,0.0,0.0,580.50732421875,0.0,0.0,false,0.0,-58.050732421875,-58.050732421875,580.50732421875
417,0x000E7F7C,MANUAL_AIM_CANDIDATE,580.50732421875,0.0,0.0,0.0,-580.50732421875,0.0,0.0,-580.50732421875,0.0,0.0,false,0.0,-58.050732421875,-58.050732421875,580.50732421875
418,0x000E7FA4,MANUAL_AIM_CANDIDATE,580.50732421875,-580.50732421875,-580.50732421875,-580.50732421875,0.0,0.0,0.0,580.50732421875,0.0,0.0,false,0.0,-58.050732421875,-58.050732421875,580.50732421875
419,0x000E7FCC,MANUAL_AIM_CANDIDATE,580.50732421875,0.0,0.0,0.0,-580.50732421875,0.0,0.0,-580.50732421875,0.0,0.0,false,0.0,-58.050732421875,-58.050732421875,580.50732421875
420,0x000E7FF4,MANUAL_AIM_CANDIDATE,580.50732421875,-580.50732421875,-580.50732421875,-580.50732421875,0.0,0.0,0.0,580.50732421875,0.0,0.0,false,0.0,-58.050732421875,-58.050732421875,580.50732421875
421,0x000E82C4,MANUAL_AIM_CANDIDATE,580.50732421875,-580.50732421875,-580.50732421875,-580.50732421875,0.0,0.0,0.0,580.50732421875,0.0,0.0,false,0.0,-58.050732421875,-58.050732421875,580.50732421875
422,0x000E82EC,MANUAL_AIM_CANDIDATE,580.50732421875,0.0,0.0,0.0,-580.50732421875,0.0,0.0,-580.50732421875,0.0,0.0,false,0.0,-58.050732421875,-58.050732421875,580.50732421875
423,0x000E8314,MANUAL_AIM_CANDIDATE,580.50732421875,-580.50732421875,-580.50732421875,-580.50732421875,0.0,0.0,0.0,580.50732421875,0.0,0.0,false,0.0,-58.050732421875,-58.050732421875,580.50732421875
424,0x000E9A64,ARM_LEFT_CANDIDATE,580.50439453125,-580.50439453125,0.0,-580.50439453125,-580.50439453125,580.50439453125,0.0,0.0,580.50439453125,580.50439453125,false,0.0,580.50439453125,-290.25219726563,-58.050439453125
425,0x000E9B64,ARM_LEFT_CANDIDATE,580.50439453125,-580.50439453125,0.0,-580.50439453125,-580.50439453125,580.50439453125,0.0,0.0,580.50439453125,580.50439453125,false,0.0,580.50439453125,-290.25219726563,-58.050439453125
426,0x000E9BA4,ARM_LEFT_CANDIDATE,580.50439453125,-580.50439453125,0.0,-580.50439453125,-580.50439453125,580.50439453125,0.0,0.0,580.50439453125,580.50439453125,false,0.0,580.50439453125,-290.25219726563,-58.050439453125
427,0x00076E7C,ARM_LEFT_CANDIDATE,578.53325195313,3968.7624511719,3069.9528808594,3454.3662109375,3337.98046875,-898.8095703125,-514.39624023438,-630.78198242188,384.41333007813,384.41333007813,false,0.0,578.53325195313,1.9132568359375,489.46140136719
428,0x00076E40,ARM_LEFT_CANDIDATE,578.18381347656,3939.7377929688,3064.2192382813,3459.5336914063,3367.4108886719,-875.5185546875,-480.2041015625,-572.32690429688,395.314453125,395.314453125,false,0.0,578.18381347656,-14.787866210938,436.75463867188
429,0x00076EA4,ARM_LEFT_CANDIDATE,575.72131347656,3936.3032226563,3067.7192382813,3469.38671875,3342.2590332031,-868.583984375,-466.91650390625,-594.04418945313,401.66748046875,401.66748046875,false,0.0,575.72131347656,-26.779907226563,460.494140625
430,0x0006AD60,MANUAL_AIM_CANDIDATE,566.1853515625,3002.1875,2131.994140625,2278.755859375,2276.6396484375,-870.193359375,-723.431640625,-725.5478515625,146.76171875,146.76171875,false,0.0,435.92275390625,215.78017578125,566.1853515625
431,0x00204D20,MANUAL_AIM_CANDIDATE,551.178125,17137.478515625,17826.451171875,17826.451171875,17826.451171875,688.97265625,688.97265625,688.97265625,0.0,0.0,false,0.0,275.5890625,275.5890625,551.178125
432,0x00069CDC,MANUAL_AIM_CANDIDATE,547.8515625,17137.478515625,17822.29296875,17822.29296875,17822.29296875,684.814453125,684.814453125,684.814453125,0.0,0.0,false,0.0,273.92578125,273.92578125,547.8515625
433,0x001EF260,MANUAL_AIM_CANDIDATE,547.8515625,17157.478515625,17842.29296875,17842.29296875,17842.29296875,684.814453125,684.814453125,684.814453125,0.0,0.0,false,0.0,273.92578125,273.92578125,547.8515625
434,0x001EF268,MANUAL_AIM_CANDIDATE,547.8515625,17137.478515625,17822.29296875,17822.29296875,17822.29296875,684.814453125,684.814453125,684.814453125,0.0,0.0,false,0.0,273.92578125,273.92578125,547.8515625
435,0x001EF270,MANUAL_AIM_CANDIDATE,547.8515625,17117.478515625,17802.29296875,17802.29296875,17802.29296875,684.814453125,684.814453125,684.814453125,0.0,0.0,false,0.0,273.92578125,273.92578125,547.8515625
436,0x001EF278,MANUAL_AIM_CANDIDATE,547.8515625,17137.478515625,17822.29296875,17822.29296875,17822.29296875,684.814453125,684.814453125,684.814453125,0.0,0.0,false,0.0,273.92578125,273.92578125,547.8515625
437,0x00204CE8,MANUAL_AIM_CANDIDATE,547.8515625,17137.478515625,17822.29296875,17822.29296875,17822.29296875,684.814453125,684.814453125,684.814453125,0.0,0.0,false,0.0,273.92578125,273.92578125,547.8515625
438,0x00204D14,MANUAL_AIM_CANDIDATE,547.8515625,17137.478515625,17822.29296875,17822.29296875,17822.29296875,684.814453125,684.814453125,684.814453125,0.0,0.0,false,0.0,273.92578125,273.92578125,547.8515625
439,0x00204D2C,MANUAL_AIM_CANDIDATE,547.8515625,17137.478515625,17822.29296875,17822.29296875,17822.29296875,684.814453125,684.814453125,684.814453125,0.0,0.0,false,0.0,273.92578125,273.92578125,547.8515625
440,0x00204D04,MANUAL_AIM_CANDIDATE,547.8421875,17137.490234375,17822.29296875,17822.29296875,17822.29296875,684.802734375,684.802734375,684.802734375,0.0,0.0,false,0.0,273.92109375,273.92109375,547.8421875
441,0x003B2A2C,ARM_HORIZONTAL_CANDIDATE,545.57299804688,-6.999755859375,-45.371337890625,423.45849609375,-45.4658203125,-38.37158203125,430.45825195313,-38.466064453125,468.82983398438,392.08666992188,true,545.57299804688,-180.70415039062,407.42585449219,-8.4169189453125
442,0x0006AD2C,MANUAL_AIM_CANDIDATE,535.6064453125,3196.9921875,2405.626953125,2556.931640625,2518.2431640625,-791.365234375,-640.060546875,-678.7490234375,151.3046875,151.3046875,false,0.0,403.46005859375,176.50302734375,535.6064453125
443,0x001F2590,ARM_HORIZONTAL_CANDIDATE,517.89453125,16747.990234375,16722.30859375,17188.83984375,17210.240234375,-25.681640625,440.849609375,462.25,466.53125,415.16796875,true,517.89453125,-240.9681640625,381.7837890625,415.596875
444,0x001F25B8,ARM_HORIZONTAL_CANDIDATE,517.89453125,16747.990234375,16722.30859375,17188.83984375,17210.240234375,-25.681640625,440.849609375,462.25,466.53125,415.16796875,true,517.89453125,-240.9681640625,381.7837890625,415.596875
445,0x0020FA88,MANUAL_AIM_CANDIDATE,493.78747558594,-2962.8098144531,-3063.7233886719,-3265.662109375,-3496.9738769531,-100.91357421875,-302.85229492188,-534.1640625,201.93872070313,201.93872070313,false,0.0,-103.92897949219,198.9791015625,493.78747558594
446,0x0020FA94,MANUAL_AIM_CANDIDATE,493.78747558594,-2962.8098144531,-3063.7233886719,-3265.662109375,-3496.9738769531,-100.91357421875,-302.85229492188,-534.1640625,201.93872070313,201.93872070313,false,0.0,-103.92897949219,198.9791015625,493.78747558594
447,0x001F1E28,ARM_LEFT_CANDIDATE,483.65014648438,5517.03515625,6030.6459960938,5576.9565429688,5517.03515625,513.61083984375,59.92138671875,0.0,453.689453125,453.689453125,false,0.0,483.65014648438,-196.88403320313,-57.35322265625
448,0x0006A130,ARM_LEFT_CANDIDATE,483.34130859375,1300.130859375,302.552734375,403.2509765625,642.162109375,-997.578125,-896.8798828125,-657.96875,100.6982421875,100.6982421875,false,0.0,483.34130859375,332.2939453125,468.52294921875
449,0x000D3AC0,MANUAL_AIM_CANDIDATE,474.2451171875,16890.099609375,17411.775390625,17609.3515625,17488.4375,521.67578125,719.251953125,598.337890625,197.576171875,197.576171875,false,0.0,102.216015625,398.5802734375,474.2451171875
450,0x003B2CD8,MANUAL_AIM_CANDIDATE,472.134375,16902.072265625,17337.513671875,17607.357421875,17488.279296875,435.44140625,705.28515625,586.20703125,269.84375,269.84375,false,0.0,24.178125,428.94375,472.134375
451,0x000D3AB0,MANUAL_AIM_CANDIDATE,471.9228515625,16891.013671875,17376.98828125,17605.947265625,17483.02734375,485.974609375,714.93359375,592.013671875,228.958984375,228.958984375,false,0.0,69.3064453125,412.744921875,471.9228515625
452,0x000D3A70,MANUAL_AIM_CANDIDATE,471.9087890625,16891.0078125,17377.099609375,17605.9453125,17483.01953125,486.091796875,714.9375,592.01171875,228.845703125,228.845703125,false,0.0,69.421875,412.6904296875,471.9087890625
453,0x000D3E58,MANUAL_AIM_CANDIDATE,471.5318359375,16904.048828125,17345.685546875,17606.87890625,17490.02734375,441.63671875,702.830078125,585.978515625,261.193359375,261.193359375,false,0.0,31.623828125,423.4138671875,471.5318359375
454,0x000D3E18,MANUAL_AIM_CANDIDATE,471.505859375,16904.06640625,17345.798828125,17606.884765625,17490.02734375,441.732421875,702.818359375,585.9609375,261.0859375,261.0859375,false,0.0,31.7271484375,423.3560546875,471.505859375
455,0x000D332C,MANUAL_AIM_CANDIDATE,471.446875,16902.072265625,17344.490234375,17607.353515625,17488.2890625,442.41796875,705.28125,586.216796875,262.86328125,262.86328125,false,0.0,31.1556640625,425.4505859375,471.446875
456,0x0006D250,MANUAL_AIM_CANDIDATE,471.3328125,16902.072265625,17345.529296875,17607.357421875,17488.279296875,443.45703125,705.28515625,586.20703125,261.828125,261.828125,false,0.0,32.19375,424.9359375,471.3328125
457,0x000D3370,MANUAL_AIM_CANDIDATE,471.3328125,16902.072265625,17345.529296875,17607.357421875,17488.279296875,443.45703125,705.28515625,586.20703125,261.828125,261.828125,false,0.0,32.19375,424.9359375,471.3328125
458,0x00105318,MANUAL_AIM_CANDIDATE,471.3328125,16902.072265625,17345.529296875,17607.357421875,17488.279296875,443.45703125,705.28515625,586.20703125,261.828125,261.828125,false,0.0,32.19375,424.9359375,471.3328125
459,0x000D3014,MANUAL_AIM_CANDIDATE,471.3228515625,16902.072265625,17345.62890625,17607.357421875,17488.279296875,443.556640625,705.28515625,586.20703125,261.728515625,261.728515625,false,0.0,32.293359375,424.8861328125,471.3228515625
460,0x000D301C,MANUAL_AIM_CANDIDATE,471.3228515625,16932.072265625,17375.62890625,17637.357421875,17518.279296875,443.556640625,705.28515625,586.20703125,261.728515625,261.728515625,false,0.0,32.293359375,424.8861328125,471.3228515625
461,0x000D3024,MANUAL_AIM_CANDIDATE,471.3228515625,16902.072265625,17345.62890625,17607.357421875,17488.279296875,443.556640625,705.28515625,586.20703125,261.728515625,261.728515625,false,0.0,32.293359375,424.8861328125,471.3228515625
462,0x000D302C,MANUAL_AIM_CANDIDATE,471.3228515625,16872.072265625,17315.62890625,17577.357421875,17458.279296875,443.556640625,705.28515625,586.20703125,261.728515625,261.728515625,false,0.0,32.293359375,424.8861328125,471.3228515625
463,0x000D33F4,MANUAL_AIM_CANDIDATE,471.3228515625,16902.072265625,17345.62890625,17607.357421875,17488.279296875,443.556640625,705.28515625,586.20703125,261.728515625,261.728515625,false,0.0,32.293359375,424.8861328125,471.3228515625
464,0x000D340C,MANUAL_AIM_CANDIDATE,471.3228515625,16902.072265625,17345.62890625,17607.357421875,17488.279296875,443.556640625,705.28515625,586.20703125,261.728515625,261.728515625,false,0.0,32.293359375,424.8861328125,471.3228515625
465,0x000D341C,MANUAL_AIM_CANDIDATE,471.3228515625,16902.072265625,17345.62890625,17607.357421875,17488.279296875,443.556640625,705.28515625,586.20703125,261.728515625,261.728515625,false,0.0,32.293359375,424.8861328125,471.3228515625
466,0x000F8B18,MANUAL_AIM_CANDIDATE,471.3228515625,16902.072265625,17345.62890625,17607.357421875,17488.279296875,443.556640625,705.28515625,586.20703125,261.728515625,261.728515625,false,0.0,32.293359375,424.8861328125,471.3228515625
467,0x000D5F84,MANUAL_AIM_CANDIDATE,464.405859375,-580.50732421875,0.0,0.0,0.0,580.50732421875,580.50732421875,580.50732421875,0.0,0.0,false,0.0,232.2029296875,232.2029296875,464.405859375
468,0x000D6134,MANUAL_AIM_CANDIDATE,464.405859375,0.0,-580.50732421875,-580.50732421875,-580.50732421875,-580.50732421875,-580.50732421875,-580.50732421875,0.0,0.0,false,0.0,232.2029296875,232.2029296875,464.405859375
469,0x000D615C,MANUAL_AIM_CANDIDATE,464.405859375,-580.50732421875,0.0,0.0,0.0,580.50732421875,580.50732421875,580.50732421875,0.0,0.0,false,0.0,232.2029296875,232.2029296875,464.405859375
470,0x000D6184,MANUAL_AIM_CANDIDATE,464.405859375,0.0,-580.50732421875,-580.50732421875,-580.50732421875,-580.50732421875,-580.50732421875,-580.50732421875,0.0,0.0,false,0.0,232.2029296875,232.2029296875,464.405859375
471,0x000D61AC,MANUAL_AIM_CANDIDATE,464.405859375,-580.50732421875,0.0,0.0,0.0,580.50732421875,580.50732421875,580.50732421875,0.0,0.0,false,0.0,232.2029296875,232.2029296875,464.405859375
472,0x000D61D4,MANUAL_AIM_CANDIDATE,464.405859375,0.0,-580.50732421875,-580.50732421875,-580.50732421875,-580.50732421875,-580.50732421875,-580.50732421875,0.0,0.0,false,0.0,232.2029296875,232.2029296875,464.405859375
473,0x000D61FC,MANUAL_AIM_CANDIDATE,464.405859375,-580.50732421875,0.0,0.0,0.0,580.50732421875,580.50732421875,580.50732421875,0.0,0.0,false,0.0,232.2029296875,232.2029296875,464.405859375
474,0x000D6224,MANUAL_AIM_CANDIDATE,464.405859375,0.0,-580.50732421875,-580.50732421875,-580.50732421875,-580.50732421875,-580.50732421875,-580.50732421875,0.0,0.0,false,0.0,232.2029296875,232.2029296875,464.405859375
475,0x000D624C,MANUAL_AIM_CANDIDATE,464.405859375,-580.50732421875,0.0,0.0,0.0,580.50732421875,580.50732421875,580.50732421875,0.0,0.0,false,0.0,232.2029296875,232.2029296875,464.405859375
476,0x000D6274,MANUAL_AIM_CANDIDATE,464.405859375,0.0,-580.50732421875,-580.50732421875,-580.50732421875,-580.50732421875,-580.50732421875,-580.50732421875,0.0,0.0,false,0.0,232.2029296875,232.2029296875,464.405859375
477,0x000D629C,MANUAL_AIM_CANDIDATE,464.405859375,-580.50732421875,0.0,0.0,0.0,580.50732421875,580.50732421875,580.50732421875,0.0,0.0,false,0.0,232.2029296875,232.2029296875,464.405859375
478,0x000D62C4,MANUAL_AIM_CANDIDATE,464.405859375,0.0,-580.50732421875,-580.50732421875,-580.50732421875,-580.50732421875,-580.50732421875,-580.50732421875,0.0,0.0,false,0.0,232.2029296875,232.2029296875,464.405859375
479,0x000E7784,MANUAL_AIM_CANDIDATE,464.405859375,-580.50732421875,0.0,0.0,0.0,580.50732421875,580.50732421875,580.50732421875,0.0,0.0,false,0.0,232.2029296875,232.2029296875,464.405859375
480,0x000E7934,MANUAL_AIM_CANDIDATE,464.405859375,0.0,-580.50732421875,-580.50732421875,-580.50732421875,-580.50732421875,-580.50732421875,-580.50732421875,0.0,0.0,false,0.0,232.2029296875,232.2029296875,464.405859375
481,0x000E795C,MANUAL_AIM_CANDIDATE,464.405859375,-580.50732421875,0.0,0.0,0.0,580.50732421875,580.50732421875,580.50732421875,0.0,0.0,false,0.0,232.2029296875,232.2029296875,464.405859375
482,0x000E7984,MANUAL_AIM_CANDIDATE,464.405859375,0.0,-580.50732421875,-580.50732421875,-580.50732421875,-580.50732421875,-580.50732421875,-580.50732421875,0.0,0.0,false,0.0,232.2029296875,232.2029296875,464.405859375
483,0x000E79AC,MANUAL_AIM_CANDIDATE,464.405859375,-580.50732421875,0.0,0.0,0.0,580.50732421875,580.50732421875,580.50732421875,0.0,0.0,false,0.0,232.2029296875,232.2029296875,464.405859375
484,0x000E79D4,MANUAL_AIM_CANDIDATE,464.405859375,0.0,-580.50732421875,-580.50732421875,-580.50732421875,-580.50732421875,-580.50732421875,-580.50732421875,0.0,0.0,false,0.0,232.2029296875,232.2029296875,464.405859375
485,0x000E79FC,MANUAL_AIM_CANDIDATE,464.405859375,-580.50732421875,0.0,0.0,0.0,580.50732421875,580.50732421875,580.50732421875,0.0,0.0,false,0.0,232.2029296875,232.2029296875,464.405859375
486,0x000E7A24,MANUAL_AIM_CANDIDATE,464.405859375,0.0,-580.50732421875,-580.50732421875,-580.50732421875,-580.50732421875,-580.50732421875,-580.50732421875,0.0,0.0,false,0.0,232.2029296875,232.2029296875,464.405859375
487,0x000E7A4C,MANUAL_AIM_CANDIDATE,464.405859375,-580.50732421875,0.0,0.0,0.0,580.50732421875,580.50732421875,580.50732421875,0.0,0.0,false,0.0,232.2029296875,232.2029296875,464.405859375
488,0x000E7A74,MANUAL_AIM_CANDIDATE,464.405859375,0.0,-580.50732421875,-580.50732421875,-580.50732421875,-580.50732421875,-580.50732421875,-580.50732421875,0.0,0.0,false,0.0,232.2029296875,232.2029296875,464.405859375
489,0x000E7A9C,MANUAL_AIM_CANDIDATE,464.405859375,-580.50732421875,0.0,0.0,0.0,580.50732421875,580.50732421875,580.50732421875,0.0,0.0,false,0.0,232.2029296875,232.2029296875,464.405859375
490,0x000E7AC4,MANUAL_AIM_CANDIDATE,464.405859375,0.0,-580.50732421875,-580.50732421875,-580.50732421875,-580.50732421875,-580.50732421875,-580.50732421875,0.0,0.0,false,0.0,232.2029296875,232.2029296875,464.405859375
491,0x000E9844,MANUAL_AIM_CANDIDATE,461.723046875,-577.15380859375,0.0,0.0,0.0,577.15380859375,577.15380859375,577.15380859375,0.0,0.0,false,0.0,230.8615234375,230.8615234375,461.723046875
492,0x001F2200,MANUAL_AIM_CANDIDATE,458.82557373047,-350.96731567383,222.56465148926,222.56465148926,222.56465148926,573.53196716309,573.53196716309,573.53196716309,0.0,0.0,false,0.0,229.41278686523,229.41278686523,458.82557373047
493,0x00286558,ARM_HORIZONTAL_CANDIDATE,457.48785634339,-337.52856445313,-0.036313578486443,-377.52709960938,-0.18822526931763,337.49225087464,-39.99853515625,337.34033918381,377.49078603089,297.49371571839,true,457.48785634339,283.75894937813,-162.48162419945,299.59126058072
494,0x001F2024,MANUAL_AIM_CANDIDATE,455.4015625,5521.3154296875,6090.5673828125,6090.5673828125,6090.5673828125,569.251953125,569.251953125,569.251953125,0.0,0.0,false,0.0,227.70078125,227.70078125,455.4015625
495,0x002E2FF4,MANUAL_AIM_CANDIDATE,452.00643920898,0.0,0.0,0.0,-452.00643920898,0.0,0.0,-452.00643920898,0.0,0.0,false,0.0,-45.200643920898,-45.200643920898,452.00643920898
496,0x003B3178,ARM_LEFT_CANDIDATE,425.6686706543,0.0,425.6686706543,0.0,0.0,425.6686706543,0.0,0.0,425.6686706543,425.6686706543,false,0.0,425.6686706543,-212.83433532715,-42.56686706543
497,0x001F202C,MANUAL_AIM_CANDIDATE,404.0404296875,-3573.8745117188,-3068.8239746094,-3068.8239746094,-3068.8239746094,505.05053710938,505.05053710938,505.05053710938,0.0,0.0,false,0.0,202.02021484375,202.02021484375,404.0404296875
498,0x0020F3C0,ARM_HORIZONTAL_CANDIDATE,399.595703125,18892.314453125,18895.373046875,18501.89453125,18506.837890625,3.05859375,-390.419921875,-385.4765625,393.478515625,387.361328125,true,399.595703125,-230.6990234375,350.34296875,346.1287109375
499,0x0020F3CC,ARM_HORIZONTAL_CANDIDATE,399.595703125,18892.314453125,18895.373046875,18501.89453125,18506.837890625,3.05859375,-390.419921875,-385.4765625,393.478515625,387.361328125,true,399.595703125,-230.6990234375,350.34296875,346.1287109375
500,0x0020FF98,MANUAL_AIM_CANDIDATE,383.3439453125,19393.0859375,19393.0859375,19192.267578125,18989.66015625,0.0,-200.818359375,-403.42578125,200.818359375,200.818359375,false,0.0,-140.7517578125,160.47578125,383.3439453125
501,0x0020FFA4,MANUAL_AIM_CANDIDATE,383.3439453125,19393.0859375,19393.0859375,19192.267578125,18989.66015625,0.0,-200.818359375,-403.42578125,200.818359375,200.818359375,false,0.0,-140.7517578125,160.47578125,383.3439453125
502,0x0020FDD4,ARM_RIGHT_CANDIDATE,378.615625,-5429.1938476563,-5822.9619140625,-6015.8686523438,-5540.9453125,-393.76806640625,-586.6748046875,-111.75146484375,192.90673828125,192.90673828125,false,0.0,89.255517578125,378.615625,13.707177734375
503,0x0006A258,ARM_RIGHT_CANDIDATE,378.35981445313,-5427.1533203125,-5820.9213867188,-6013.525390625,-5538.435546875,-393.76806640625,-586.3720703125,-111.2822265625,192.60400390625,192.60400390625,false,0.0,89.45380859375,378.35981445313,13.268212890625
504,0x0020FDA8,ARM_RIGHT_CANDIDATE,378.35981445313,-5427.1533203125,-5820.9213867188,-6013.525390625,-5538.435546875,-393.76806640625,-586.3720703125,-111.2822265625,192.60400390625,192.60400390625,false,0.0,89.45380859375,378.35981445313,13.268212890625
505,0x0020FDC4,ARM_RIGHT_CANDIDATE,378.1044921875,-5425.1127929688,-5818.880859375,-6011.1826171875,-5535.92578125,-393.76806640625,-586.06982421875,-110.81298828125,192.3017578125,192.3017578125,false,0.0,89.65185546875,378.1044921875,12.82919921875
506,0x001F21D8,ARM_HORIZONTAL_CANDIDATE,376.64785575867,21.400447845459,359.52749633789,8.5601787567139,158.36331176758,338.12704849243,-12.840269088745,136.96286392212,350.96731758118,325.28677940369,true,376.64785575867,318.01062755585,-169.91954154968,101.866132164
507,0x0006A1C0,MANUAL_AIM_CANDIDATE,373.6517993927,385.20803833008,-55.641162872314,154.08322143555,-55.641162872314,-440.84920120239,-231.12481689453,-440.84920120239,209.72438430786,209.72438430786,false,0.0,281.20187263489,-33.384703826904,373.6517993927
508,0x0020F89C,MANUAL_AIM_CANDIDATE,373.6517993927,385.20803833008,-55.641162872314,154.08322143555,-55.641162872314,-440.84920120239,-231.12481689453,-440.84920120239,209.72438430786,209.72438430786,false,0.0,281.20187263489,-33.384703826904,373.6517993927
509,0x001F1E8C,MANUAL_AIM_CANDIDATE,361.23955307007,321.00671386719,-107.0022354126,81.321701049805,-107.0022354126,-428.00894927979,-239.68501281738,-428.00894927979,188.3239364624,188.3239364624,false,0.0,265.36554794312,-17.120356750488,361.23955307007
510,0x001F1E90,MANUAL_AIM_CANDIDATE,361.23955307007,321.00671386719,-107.0022354126,81.321701049805,-107.0022354126,-428.00894927979,-239.68501281738,-428.00894927979,188.3239364624,188.3239364624,false,0.0,265.36554794312,-17.120356750488,361.23955307007
511,0x003B2A98,ARM_HORIZONTAL_CANDIDATE,357.0,55.0,0.0,247.0,247.0,-55.0,192.0,192.0,247.0,137.0,true,357.0,-60.2,145.3,167.3
512,0x00081694,ARM_LEFT_CANDIDATE,356.65589370728,39.920196533203,450.17123413086,137.24420166016,89.251609802246,410.25103759766,97.324005126953,49.331413269043,312.9270324707,312.9270324707,false,0.0,356.65589370728,-112.73465499878,-1.426091003418
513,0x0020FF90,MANUAL_AIM_CANDIDATE,353.0083984375,17004.794921875,17004.794921875,16820.50390625,16633.357421875,0.0,-184.291015625,-371.4375,184.291015625,184.291015625,false,0.0,-129.2892578125,147.147265625,353.0083984375
514,0x0020FF9C,MANUAL_AIM_CANDIDATE,353.0083984375,17004.794921875,17004.794921875,16820.50390625,16633.357421875,0.0,-184.291015625,-371.4375,184.291015625,184.291015625,false,0.0,-129.2892578125,147.147265625,353.0083984375
515,0x001F1E24,ARM_RIGHT_CANDIDATE,350.96733474731,-55.641162872314,-55.641162872314,295.326171875,-55.641162872314,0.0,350.96733474731,0.0,350.96733474731,350.96733474731,false,0.0,-175.48366737366,350.96733474731,-35.096733474731
516,0x0020F3A4,MANUAL_AIM_CANDIDATE,349.074609375,18892.314453125,18874.650390625,18508.478515625,18503.08984375,-17.6640625,-383.8359375,-389.224609375,366.171875,366.171875,false,0.0,-213.1763671875,336.0814453125,349.074609375
517,0x0006A120,MANUAL_AIM_CANDIDATE,348.7681640625,18892.314453125,18877.505859375,18508.02734375,18503.63671875,-14.80859375,-384.287109375,-388.677734375,369.478515625,369.478515625,false,0.0,-216.202734375,338.0150390625,348.7681640625
518,0x0020F3B4,MANUAL_AIM_CANDIDATE,348.654296875,18892.314453125,18874.78125,18508.2265625,18503.498046875,-17.533203125,-384.087890625,-388.81640625,366.5546875,366.5546875,false,0.0,-213.3923828125,336.4396484375,348.654296875
519,0x001F196C,MANUAL_AIM_CANDIDATE,348.4412109375,18912.314453125,18895.787109375,18528.3515625,18523.82421875,-16.52734375,-383.962890625,-388.490234375,367.435546875,367.435546875,false,0.0,-214.303125,336.8501953125,348.4412109375
520,0x001F1974,MANUAL_AIM_CANDIDATE,348.4412109375,18892.314453125,18875.787109375,18508.3515625,18503.82421875,-16.52734375,-383.962890625,-388.490234375,367.435546875,367.435546875,false,0.0,-214.303125,336.8501953125,348.4412109375
521,0x001F197C,MANUAL_AIM_CANDIDATE,348.4412109375,18872.314453125,18855.787109375,18488.3515625,18483.82421875,-16.52734375,-383.962890625,-388.490234375,367.435546875,367.435546875,false,0.0,-214.303125,336.8501953125,348.4412109375
522,0x001F1984,MANUAL_AIM_CANDIDATE,348.4412109375,18892.314453125,18875.787109375,18508.3515625,18503.82421875,-16.52734375,-383.962890625,-388.490234375,367.435546875,367.435546875,false,0.0,-214.303125,336.8501953125,348.4412109375
523,0x001F190C,MANUAL_AIM_CANDIDATE,348.4087890625,18892.314453125,18875.787109375,18508.02734375,18503.82421875,-16.52734375,-384.287109375,-388.490234375,367.759765625,367.759765625,false,0.0,-214.465234375,337.1744140625,348.4087890625
524,0x0020F388,MANUAL_AIM_CANDIDATE,348.340625,18892.314453125,18874.78125,18508.3515625,18503.82421875,-17.533203125,-383.962890625,-388.490234375,366.4296875,366.4296875,false,0.0,-213.297265625,336.347265625,348.340625
525,0x0020FDCC,MANUAL_AIM_CANDIDATE,344.66264648437,-3236.9799804688,-3249.8203125,-3228.0654296875,-3583.8181152344,-12.84033203125,8.91455078125,-346.83813476563,21.7548828125,3.92578125,true,39.583984375,-26.300756835937,-32.189428710937,344.66264648437
526,0x0006A260,MANUAL_AIM_CANDIDATE,344.54721679687,-3235.7475585938,-3248.587890625,-3227.1875,-3582.4348144531,-12.84033203125,8.56005859375,-346.68725585938,21.400390625,4.2802734375,true,38.5205078125,-26.108422851563,-32.528833007813,344.54721679687
527,0x0020FDB0,MANUAL_AIM_CANDIDATE,344.54721679687,-3235.7475585938,-3248.587890625,-3227.1875,-3582.4348144531,-12.84033203125,8.56005859375,-346.68725585938,21.400390625,4.2802734375,true,38.5205078125,-26.108422851563,-32.528833007813,344.54721679687
528,0x0020FDDC,MANUAL_AIM_CANDIDATE,344.43203125,-3234.5151367188,-3247.35546875,-3226.3095703125,-3581.0517578125,-12.84033203125,8.20556640625,-346.53662109375,21.0458984375,4.634765625,true,37.45703125,-25.91611328125,-32.86826171875,344.43203125
529,0x003B2A30,ARM_HORIZONTAL_CANDIDATE,336.77954101563,-44.0,3.00048828125,-239.77807617188,3.00048828125,47.00048828125,-195.77807617188,47.00048828125,242.77856445313,148.77758789063,true,336.77954101563,-55.588598632812,167.57778320312,22.722631835937
530,0x0020FC1C,MANUAL_AIM_CANDIDATE,324.11557617187,-4314.0063476563,-4478.564453125,-4473.2631835938,-4670.5034179688,-164.55810546875,-159.2568359375,-356.4970703125,5.30126953125,5.30126953125,false,0.0,49.27998046875,41.328076171875,324.11557617187
531,0x0006A22C,MANUAL_AIM_CANDIDATE,323.146875,-4314.330078125,-4476.9736328125,-4472.693359375,-4669.5776367188,-162.6435546875,-158.36328125,-355.24755859375,4.2802734375,4.2802734375,false,0.0,47.937158203125,41.516748046875,323.146875
532,0x0020FC00,MANUAL_AIM_CANDIDATE,323.146875,-4314.330078125,-4476.9736328125,-4472.693359375,-4669.5776367188,-162.6435546875,-158.36328125,-355.24755859375,4.2802734375,4.2802734375,false,0.0,47.937158203125,41.516748046875,323.146875
533,0x0020FC2C,MANUAL_AIM_CANDIDATE,322.22109375,-4314.330078125,-4476.9736328125,-4472.693359375,-4668.6518554688,-162.6435546875,-158.36328125,-354.32177734375,4.2802734375,4.2802734375,false,0.0,48.029736328125,41.609326171875,322.22109375
534,0x001F1C54,MANUAL_AIM_CANDIDATE,321.00671386719,321.00671386719,321.00671386719,321.00671386719,0.0,0.0,0.0,-321.00671386719,0.0,0.0,false,0.0,-32.100671386719,-32.100671386719,321.00671386719
535,0x003B3680,ARM_LEFT_CANDIDATE,319.0,0.0,319.0,0.0,0.0,319.0,0.0,0.0,319.0,319.0,false,0.0,319.0,-159.5,-31.9
536,0x0007FFFC,ARM_LEFT_CANDIDATE,317.90374755859,1.0,318.90374755859,1.0,1.0,317.90374755859,0.0,0.0,317.90374755859,317.90374755859,false,0.0,317.90374755859,-158.9518737793,-31.790374755859
537,0x0020F720,MANUAL_AIM_CANDIDATE,316.753125,17013.35546875,17594.9453125,17582.10546875,17445.142578125,581.58984375,568.75,431.787109375,12.83984375,12.83984375,false,0.0,254.0361328125,234.7763671875,316.753125
538,0x0020F72C,MANUAL_AIM_CANDIDATE,316.753125,17013.35546875,17594.9453125,17582.10546875,17445.142578125,581.58984375,568.75,431.787109375,12.83984375,12.83984375,false,0.0,254.0361328125,234.7763671875,316.753125
539,0x001F25B0,MANUAL_AIM_CANDIDATE,313.301953125,19341.724609375,19380.244140625,19380.244140625,19662.73046875,38.51953125,38.51953125,321.005859375,0.0,0.0,false,0.0,-12.8408203125,-12.8408203125,313.301953125
540,0x001F2084,MANUAL_AIM_CANDIDATE,312.84331054687,-3489.4318847656,-3101.3381347656,-3103.6223144531,-3099.1982421875,388.09375,385.8095703125,390.23364257813,2.2841796875,2.2841796875,false,0.0,156.16560058594,152.73933105469,312.84331054687
541,0x0020FC38,MANUAL_AIM_CANDIDATE,309.02416992188,-4120.9770507813,-4274.271484375,-4268.3149414063,-4460.064453125,-153.29443359375,-147.337890625,-339.08740234375,5.95654296875,5.95654296875,false,0.0,45.716748046875,36.78193359375,309.02416992188
542,0x0020FC44,MANUAL_AIM_CANDIDATE,309.02416992188,-4120.9770507813,-4274.271484375,-4268.3149414063,-4460.064453125,-153.29443359375,-147.337890625,-339.08740234375,5.95654296875,5.95654296875,false,0.0,45.716748046875,36.78193359375,309.02416992188
543,0x003B35E0,ARM_LEFT_CANDIDATE,306.5439453125,5239.2177734375,5545.76171875,5239.2177734375,5239.2177734375,306.5439453125,0.0,0.0,306.5439453125,306.5439453125,false,0.0,306.5439453125,-153.27197265625,-30.65439453125
544,0x003B35E4,ARM_LEFT_CANDIDATE,306.5439453125,5239.2177734375,5545.76171875,5239.2177734375,5239.2177734375,306.5439453125,0.0,0.0,306.5439453125,306.5439453125,false,0.0,306.5439453125,-153.27197265625,-30.65439453125
545,0x001F1FFC,ARM_LEFT_CANDIDATE,305.5982421875,5761.0004882813,6184.7290039063,5957.8842773438,5957.8842773438,423.728515625,196.8837890625,196.8837890625,226.8447265625,226.8447265625,false,0.0,305.5982421875,-34.66884765625,134.82255859375
546,0x001F23EC,MANUAL_AIM_CANDIDATE,300.30758361816,364.10955810547,193.78926086426,193.78926086426,698.48120117188,-170.32029724121,-170.32029724121,334.37164306641,0.0,0.0,false,0.0,51.722984313965,51.722984313965,300.30758361816
547,0x001F25AC,MANUAL_AIM_CANDIDATE,295.32617950439,333.84698486328,333.84698486328,333.84698486328,38.520805358887,0.0,0.0,-295.32617950439,0.0,0.0,false,0.0,-29.532617950439,-29.532617950439,295.32617950439
548,0x0028655C,MANUAL_AIM_CANDIDATE,287.57994546592,-337.52856445313,-0.10583171248436,-176.76141357422,-0.12963062524796,337.42273274064,160.76715087891,337.39893382788,176.65558186173,176.65558186173,false,0.0,223.2992639184,-41.684108874202,287.57994546592
549,0x001F2260,MANUAL_AIM_CANDIDATE,282.27939453125,-4670.4135742188,-4321.177734375,-4315.48046875,-4317.7172851563,349.23583984375,354.93310546875,352.6962890625,5.697265625,5.697265625,false,0.0,136.49965820312,145.04555664062,282.27939453125
550,0x000816B0,ARM_LEFT_CANDIDATE,278.03202209473,105.47007751465,433.20965576172,194.79458618164,155.92309570313,327.73957824707,89.324508666992,50.453018188477,238.41506958008,238.41506958008,false,0.0,278.03202209473,-79.590582275391,8.7466094970703
551,0x001F1C6C,MANUAL_AIM_CANDIDATE,273.673828125,16986.291015625,16628.146484375,16628.146484375,16640.98828125,-358.14453125,-358.14453125,-345.302734375,0.0,0.0,false,0.0,144.5419921875,144.5419921875,273.673828125
552,0x001F21E0,ARM_LEFT_CANDIDATE,265.79370117188,-4310.0498046875,-4669.5776367188,-4464.1333007813,-4476.9736328125,-359.52783203125,-154.08349609375,-166.923828125,205.4443359375,205.4443359375,false,0.0,265.79370117188,-42.372802734375,115.5626953125
553,0x0006D224,MANUAL_AIM_CANDIDATE,257.211328125,3325.84765625,3004.3334960938,3004.3334960938,3004.3334960938,-321.51416015625,-321.51416015625,-321.51416015625,0.0,0.0,false,0.0,128.6056640625,128.6056640625,257.211328125
554,0x001F2208,MANUAL_AIM_CANDIDATE,256.80546875,-4669.5776367188,-4348.5708007813,-4348.5708007813,-4348.5708007813,321.0068359375,321.0068359375,321.0068359375,0.0,0.0,false,0.0,128.402734375,128.402734375,256.80546875
555,0x001F1C7C,ARM_RIGHT_CANDIDATE,256.22307434082,126.36274719238,595.07116699219,634.16125488281,298.57498168945,468.7084197998,507.79850769043,172.21223449707,39.090087890625,39.090087890625,false,0.0,197.58794250488,256.22307434082,74.561541748047
556,0x003B30F8,ARM_LEFT_CANDIDATE,255.0,0.0,255.0,0.0,0.0,255.0,0.0,0.0,255.0,255.0,false,0.0,255.0,-127.5,-25.5
557,0x003B3168,ARM_LEFT_CANDIDATE,255.0,0.0,255.0,0.0,0.0,255.0,0.0,0.0,255.0,255.0,false,0.0,255.0,-127.5,-25.5
558,0x003B3318,ARM_LEFT_CANDIDATE,255.0,0.0,255.0,0.0,0.0,255.0,0.0,0.0,255.0,255.0,false,0.0,255.0,-127.5,-25.5
559,0x001F220C,MANUAL_AIM_CANDIDATE,253.40339660645,341.69326782227,59.624328613281,153.64730834961,41.278381347656,-282.06893920898,-188.04595947266,-300.41488647461,94.022979736328,94.022979736328,false,0.0,158.0044708252,16.970001220703,253.40339660645
560,0x001F1C78,ARM_RIGHT_CANDIDATE,252.48609924316,61.917572021484,314.17434692383,449.47570800781,151.35406494141,252.25677490234,387.55813598633,89.436492919922,135.30136108398,135.30136108398,false,0.0,49.534057617188,252.48609924316,25.455001831055
561,0x001F25A0,MANUAL_AIM_CANDIDATE,243.96511077881,333.84698486328,333.84698486328,333.84698486328,89.881874084473,0.0,0.0,-243.96511077881,0.0,0.0,false,0.0,-24.396511077881,-24.396511077881,243.96511077881
562,0x000816A8,ARM_LEFT_CANDIDATE,243.26217193604,84.570327758789,373.83862304688,167.36039733887,130.68121337891,289.26829528809,82.790069580078,46.110885620117,206.47822570801,206.47822570801,false,0.0,243.26217193604,-66.455166625977,8.9050491333008
563,0x0006A18C,ARM_LEFT_CANDIDATE,242.41394081116,430.1067199707,-55.641162872314,-55.641162872314,425.50671386719,-485.74788284302,-485.74788284302,-4.6000061035156,0.0,0.0,false,0.0,242.41394081116,242.41394081116,-92.549570465088
564,0x0020F6EC,ARM_LEFT_CANDIDATE,242.41394081116,430.1067199707,-55.641162872314,-55.641162872314,425.50671386719,-485.74788284302,-485.74788284302,-4.6000061035156,0.0,0.0,false,0.0,242.41394081116,242.41394081116,-92.549570465088
565,0x0006A1BC,ARM_LEFT_CANDIDATE,240.53984375,17693.888671875,17432.8046875,17659.6484375,17659.6484375,-261.083984375,-34.240234375,-34.240234375,226.84375,226.84375,false,0.0,240.53984375,-99.72578125,4.7078125
566,0x0020F898,ARM_LEFT_CANDIDATE,240.53984375,17693.888671875,17432.8046875,17659.6484375,17659.6484375,-261.083984375,-34.240234375,-34.240234375,226.84375,226.84375,false,0.0,240.53984375,-99.72578125,4.7078125
567,0x0020F8B4,ARM_LEFT_CANDIDATE,240.53984375,17696.859375,17435.775390625,17662.619140625,17662.619140625,-261.083984375,-34.240234375,-34.240234375,226.84375,226.84375,false,0.0,240.53984375,-99.72578125,4.7078125
568,0x0020F8C4,ARM_LEFT_CANDIDATE,240.53984375,17693.888671875,17432.8046875,17659.6484375,17659.6484375,-261.083984375,-34.240234375,-34.240234375,226.84375,226.84375,false,0.0,240.53984375,-99.72578125,4.7078125
569,0x0020F8D0,ARM_LEFT_CANDIDATE,240.53984375,17693.888671875,17432.8046875,17659.6484375,17659.6484375,-261.083984375,-34.240234375,-34.240234375,226.84375,226.84375,false,0.0,240.53984375,-99.72578125,4.7078125
570,0x0020F8DC,ARM_LEFT_CANDIDATE,240.53984375,17693.888671875,17432.8046875,17659.6484375,17659.6484375,-261.083984375,-34.240234375,-34.240234375,226.84375,226.84375,false,0.0,240.53984375,-99.72578125,4.7078125
571,0x001EF1D8,MANUAL_AIM_CANDIDATE,234.82875976562,399.02435302734,692.56030273438,692.56030273438,692.56030273438,293.53594970703,293.53594970703,293.53594970703,0.0,0.0,false,0.0,117.41437988281,117.41437988281,234.82875976562
572,0x001F2614,ARM_LEFT_CANDIDATE,234.34455108643,441.99682617188,2.597770690918,32.478759765625,439.04211425781,-439.39905548096,-409.51806640625,-2.9547119140625,29.880989074707,29.880989074707,false,0.0,234.34455108643,189.52306747437,-81.937000274658
573,0x0006A290,ARM_LEFT_CANDIDATE,233.90624542236,441.99682617188,2.8977737426758,32.478759765625,437.65908813477,-439.0990524292,-409.51806640625,-4.3377380371094,29.580986022949,29.580986022949,false,0.0,233.90624542236,189.53476638794,-80.523973846436
574,0x001F25FC,ARM_LEFT_CANDIDATE,233.65278015137,333.84680175781,-107.0022354126,-79.921249389648,330.72448730469,-440.84903717041,-413.76805114746,-3.122314453125,27.080986022949,27.080986022949,false,0.0,233.65278015137,193.03130111694,-82.339394378662
575,0x0020FF5C,ARM_LEFT_CANDIDATE,230.51278457642,442.69680786133,2.097770690918,23.178764343262,439.42449951172,-440.59903717041,-419.51804351807,-3.2723083496094,21.080993652344,21.080993652344,false,0.0,230.51278457642,198.8912940979,-82.739399719238
576,0x003B3684,ARM_LEFT_CANDIDATE,230.0,0.0,230.0,0.0,0.0,230.0,0.0,0.0,230.0,230.0,false,0.0,230.0,-115.0,-23.0
577,0x000816D8,MANUAL_AIM_CANDIDATE,225.9506072998,0.0,378.73422241211,314.32135009766,295.25616455078,378.73422241211,314.32135009766,295.25616455078,64.412872314453,64.412872314453,false,0.0,192.0479309082,95.428622436523,225.9506072998
578,0x0007C1F0,ARM_LEFT_CANDIDATE,225.38840713501,39.920196533203,318.90374755859,137.24420166016,89.251609802246,278.98355102539,97.324005126953,49.331413269043,181.65954589844,181.65954589844,false,0.0,225.38840713501,-47.100911712646,11.700657653809
579,0x003B31D0,ARM_LEFT_CANDIDATE,221.83335876465,0.0,221.83335876465,0.0,0.0,221.83335876465,0.0,0.0,221.83335876465,221.83335876465,false,0.0,221.83335876465,-110.91667938232,-22.183335876465
580,0x003B33B8,ARM_LEFT_CANDIDATE,221.83335876465,0.0,221.83335876465,0.0,0.0,221.83335876465,0.0,0.0,221.83335876465,221.83335876465,false,0.0,221.83335876465,-110.91667938232,-22.183335876465
581,0x001F2600,ARM_LEFT_CANDIDATE,220.42461013794,333.84698486328,-107.0022354126,-107.0022354126,333.84698486328,-440.84922027588,-440.84922027588,0.0,0.0,0.0,false,0.0,220.42461013794,220.42461013794,-88.169844055176
582,0x0020FF54,ARM_LEFT_CANDIDATE,220.42461013794,333.84698486328,-107.0022354126,-107.0022354126,333.84698486328,-440.84922027588,-440.84922027588,0.0,0.0,0.0,false,0.0,220.42461013794,220.42461013794,-88.169844055176
583,0x001F2594,ARM_LEFT_CANDIDATE,220.4246006012,385.20803833008,-55.641162872314,-55.641162872314,385.20803833008,-440.84920120239,-440.84920120239,0.0,0.0,0.0,false,0.0,220.4246006012,220.4246006012,-88.169840240479
584,0x001F25BC,ARM_LEFT_CANDIDATE,220.4246006012,385.20803833008,-55.641162872314,-55.641162872314,385.20803833008,-440.84920120239,-440.84920120239,0.0,0.0,0.0,false,0.0,220.4246006012,220.4246006012,-88.169840240479
585,0x000816C4,ARM_LEFT_CANDIDATE,216.74098052979,123.60905456543,392.38897705078,217.13967895508,176.34535217285,268.77992248535,93.530624389648,52.736297607422,175.2492980957,175.2492980957,false,0.0,216.74098052979,-46.13296661377,16.505242919922
586,0x001F1CB0,ARM_LEFT_CANDIDATE,214.00447463989,321.00671386719,-107.0022354126,-107.0022354126,321.00671386719,-428.00894927979,-428.00894927979,0.0,0.0,0.0,false,0.0,214.00447463989,214.00447463989,-85.601789855957
587,0x001F1CB4,ARM_LEFT_CANDIDATE,214.00447463989,321.00671386719,-107.0022354126,-107.0022354126,321.00671386719,-428.00894927979,-428.00894927979,0.0,0.0,0.0,false,0.0,214.00447463989,214.00447463989,-85.601789855957
588,0x00080018,ARM_LEFT_CANDIDATE,207.88202896118,39.920196533203,301.39736938477,137.24420166016,89.251609802246,261.47717285156,97.324005126953,49.331413269043,164.15316772461,164.15316772461,false,0.0,207.88202896118,-38.347722625732,13.451295471191
589,0x003B2A94,ARM_HORIZONTAL_CANDIDATE,205.0,-21.0,-85.0,26.0,26.0,-64.0,47.0,47.0,111.0,17.0,true,205.0,35.8,10.3,35.9
590,0x003B30B8,ARM_LEFT_CANDIDATE,204.0,0.0,204.0,0.0,0.0,204.0,0.0,0.0,204.0,204.0,false,0.0,204.0,-102.0,-20.4
591,0x0020FDE8,MANUAL_AIM_CANDIDATE,203.74584960938,-3256.5935058594,-3269.4338378906,-3181.3552246094,-3469.1472167969,-12.84033203125,75.23828125,-212.5537109375,88.07861328125,62.39794921875,true,113.75927734375,-46.0341796875,47.562744140625,203.74584960938
592,0x0020FDF4,MANUAL_AIM_CANDIDATE,203.74584960938,-3256.5935058594,-3269.4338378906,-3181.3552246094,-3469.1472167969,-12.84033203125,75.23828125,-212.5537109375,88.07861328125,62.39794921875,true,113.75927734375,-46.0341796875,47.562744140625,203.74584960938
593,0x000816D0,MANUAL_AIM_CANDIDATE,197.75678100586,0.0,325.90557861328,273.95397949219,257.74273681641,325.90557861328,273.95397949219,257.74273681641,51.951599121094,51.951599121094,false,0.0,163.15431518555,85.226916503906,197.75678100586
594,0x001F1CC4,ARM_LEFT_CANDIDATE,197.3068359375,16983.0078125,16581.359375,16581.359375,16947.833984375,-401.6484375,-401.6484375,-35.173828125,0.0,0.0,false,0.0,197.3068359375,197.3068359375,-45.155859375
595,0x003B30BC,ARM_LEFT_CANDIDATE,196.0,20.0,216.0,20.0,20.0,196.0,0.0,0.0,196.0,196.0,false,0.0,196.0,-98.0,-19.6
596,0x003B2A78,MANUAL_AIM_CANDIDATE,187.73305664062,4718.9765625,4398.3920898438,4419.796875,4469.2670898438,-320.58447265625,-299.1796875,-249.70947265625,21.40478515625,21.40478515625,false,0.0,146.02368164063,113.91650390625,187.73305664062
597,0x003B2AD0,MANUAL_AIM_CANDIDATE,187.7294921875,4718.9765625,4398.3564453125,4419.796875,4469.2670898438,-320.6201171875,-299.1796875,-249.70947265625,21.4404296875,21.4404296875,false,0.0,146.05932617188,113.89868164063,187.7294921875
598,0x000816BC,ARM_LEFT_CANDIDATE,186.52549438477,102.81147766113,336.55456542969,187.72036743164,150.44296264648,233.74308776855,84.908889770508,47.631484985352,148.83419799805,148.83419799805,false,0.0,186.52549438477,-36.725802612305,15.766287231445
599,0x001F1C48,ARM_LEFT_CANDIDATE,183.18783302307,321.00671386719,-55.641162872314,-55.641162872314,372.36776733398,-376.6478767395,-376.6478767395,51.361053466797,0.0,0.0,false,0.0,183.18783302307,183.18783302307,-23.968521881104
600,0x003B35F0,ARM_LEFT_CANDIDATE,180.46949462891,86.663597106934,319.0,180.71089172363,135.09620666504,232.33640289307,94.047294616699,48.432609558105,138.28910827637,138.28910827637,false,0.0,180.46949462891,-26.964167785645,15.794239807129
601,0x003B35F8,ARM_LEFT_CANDIDATE,180.46949462891,86.663597106934,319.0,180.71089172363,135.09620666504,232.33640289307,94.047294616699,48.432609558105,138.28910827637,138.28910827637,false,0.0,180.46949462891,-26.964167785645,15.794239807129
602,0x0007C1F8,ARM_LEFT_CANDIDATE,180.3623626709,86.76887512207,319.0,180.82139587402,135.19389343262,232.23112487793,94.052520751953,48.425018310547,138.17860412598,138.17860412598,false,0.0,180.3623626709,-26.905543518066,15.796653747559
603,0x0007C218,ARM_LEFT_CANDIDATE,180.3623626709,86.76887512207,319.0,180.82139587402,135.19389343262,232.23112487793,94.052520751953,48.425018310547,138.17860412598,138.17860412598,false,0.0,180.3623626709,-26.905543518066,15.796653747559
604,0x00080020,ARM_LEFT_CANDIDATE,180.3623626709,86.76887512207,319.0,180.82139587402,135.19389343262,232.23112487793,94.052520751953,48.425018310547,138.17860412598,138.17860412598,false,0.0,180.3623626709,-26.905543518066,15.796653747559
605,0x000D3F48,ARM_HORIZONTAL_CANDIDATE,178.80485534668,160.0,115.794921875,206.18962097168,160.0,-44.205078125,46.18962097168,0.0,90.39469909668,1.9845428466797,true,178.80485534668,21.11026763916,24.08708190918,-9.039469909668
606,0x000D3F5C,ARM_HORIZONTAL_CANDIDATE,178.80485534668,160.0,115.794921875,206.18962097168,160.0,-44.205078125,46.18962097168,0.0,90.39469909668,1.9845428466797,true,178.80485534668,21.11026763916,24.08708190918,-9.039469909668
607,0x003B2D80,MANUAL_AIM_CANDIDATE,175.13077385426,-31.319580078125,-1.3751213550568,28.05322265625,152.74291992188,29.944458723068,59.372802734375,184.0625,29.428344011307,29.428344011307,false,0.0,-18.148192644119,25.994323372841,175.13077385426
608,0x001F2034,ARM_RIGHT_CANDIDATE,171.49880065918,393.44247436523,260.6640625,142.27662658691,260.6640625,-132.77841186523,-251.16584777832,-132.77841186523,118.38743591309,118.38743591309,false,0.0,-6.0823532104492,171.49880065918,94.383985900879
609,0x0007C210,ARM_LEFT_CANDIDATE,170.82091827393,84.570327758789,301.39736938477,167.36039733887,130.68121337891,216.82704162598,82.790069580078,46.110885620117,134.0369720459,134.0369720459,false,0.0,170.82091827393,-30.234539794922,16.149174499512
610,0x001F2004,ARM_LEFT_CANDIDATE,167.77944335937,-3103.0646972656,-3329.9094238281,-3201.5068359375,-3201.5068359375,-226.8447265625,-98.442138671875,-98.442138671875,128.40258789063,128.40258789063,false,0.0,167.77944335937,-24.824438476562,65.913452148438
611,0x0007C170,ARM_LEFT_CANDIDATE,166.8787689209,1.0,167.8787689209,1.0,1.0,166.8787689209,0.0,0.0,166.8787689209,166.8787689209,false,0.0,166.8787689209,-83.439384460449,-16.68787689209
612,0x0007C190,ARM_LEFT_CANDIDATE,166.8787689209,1.0,167.8787689209,1.0,1.0,166.8787689209,0.0,0.0,166.8787689209,166.8787689209,false,0.0,166.8787689209,-83.439384460449,-16.68787689209
613,0x0007C1B0,ARM_LEFT_CANDIDATE,166.8787689209,1.0,167.8787689209,1.0,1.0,166.8787689209,0.0,0.0,166.8787689209,166.8787689209,false,0.0,166.8787689209,-83.439384460449,-16.68787689209
614,0x0007C1D0,ARM_LEFT_CANDIDATE,166.8787689209,1.0,167.8787689209,1.0,1.0,166.8787689209,0.0,0.0,166.8787689209,166.8787689209,false,0.0,166.8787689209,-83.439384460449,-16.68787689209
615,0x00080034,ARM_LEFT_CANDIDATE,166.35167999268,84.570327758789,296.92813110352,167.36039733887,130.68121337891,212.35780334473,82.790069580078,46.110885620117,129.56773376465,129.56773376465,false,0.0,166.35167999268,-27.999920654297,16.596098327637
616,0x002867F8,ARM_RIGHT_CANDIDATE,165.73321486041,-3.7617454528809,-9.5471458435059,-172.76251220703,-0.013228468596935,-5.785400390625,-169.00076675415,3.7485169842839,163.21536636353,163.21536636353,false,0.0,-79.089834684879,165.73321486041,-13.730099730194
617,0x001F23BC,ARM_LEFT_CANDIDATE,165.21137695313,-3582.4348144531,-3227.1875,-3248.587890625,-3351.3100585938,355.24731445313,333.84692382813,231.12475585938,21.400390625,21.400390625,false,0.0,165.21137695313,133.11079101563,162.21533203125
618,0x0020FF74,ARM_RIGHT_CANDIDATE,165.199609375,16866.7265625,16994.40625,17099.90625,16908.12890625,127.6796875,233.1796875,41.40234375,105.5,105.5,false,0.0,6.949609375,165.199609375,5.31640625
619,0x003B3404,ARM_HORIZONTAL_CANDIDATE,165.15255473927,0.0,-0.050851579755545,165.0,0.0,-0.050851579755545,165.0,0.0,165.05085157976,164.94914842024,true,165.15255473927,-82.449148420244,164.97457421012,-16.505085157976
620,0x001F2030,ARM_RIGHT_CANDIDATE,164.19622802734,341.69326782227,82.556762695313,32.105407714844,183.45947265625,-259.13650512695,-309.58786010742,-158.23379516602,50.451354980469,50.451354980469,false,0.0,88.519195556641,164.19622802734,101.36135864258
621,0x00204B80,MANUAL_AIM_CANDIDATE,163.92117385864,108.30001068115,108.30001068115,108.50000762939,-55.641162872314,0.0,0.19999694824219,-163.94117355347,0.19999694824219,0.19999694824219,false,0.0,-16.494115829468,-16.194120407104,163.92117385864
622,0x001F2434,MANUAL_AIM_CANDIDATE,163.82783203125,-5511.9296875,-5511.9296875,-5689.90625,-5693.5551757813,0.0,-177.9765625,-181.62548828125,177.9765625,177.9765625,false,0.0,-107.15083007812,159.81401367187,163.82783203125
623,0x003B2E44,ARM_LEFT_CANDIDATE,162.67790222168,0.0,-162.67790222168,0.0,0.0,-162.67790222168,0.0,0.0,162.67790222168,162.67790222168,false,0.0,162.67790222168,-81.33895111084,-16.267790222168
624,0x001F1C5C,ARM_LEFT_CANDIDATE,160.5029296875,16961.994140625,16640.98828125,16640.98828125,16961.994140625,-321.005859375,-321.005859375,0.0,0.0,0.0,false,0.0,160.5029296875,160.5029296875,-64.201171875
625,0x0008003C,ARM_LEFT_CANDIDATE,159.89056091309,86.76887512207,298.52819824219,180.82139587402,135.19389343262,211.75932312012,94.052520751953,48.425018310547,117.70680236816,117.70680236816,false,0.0,159.89056091309,-16.66964263916,17.84383392334
626,0x001F27A4,MANUAL_AIM_CANDIDATE,159.83020019531,1460.8084716797,1460.8084716797,1460.8084716797,1300.9782714844,0.0,0.0,-159.83020019531,0.0,0.0,false,0.0,-15.983020019531,-15.983020019531,159.83020019531
627,0x001F2670,ARM_RIGHT_CANDIDATE,158.938671875,16888.15625,17017.1484375,17115.720703125,16929.453125,128.9921875,227.564453125,41.296875,98.572265625,98.572265625,false,0.0,11.0802734375,158.938671875,5.6412109375
628,0x001F2678,ARM_RIGHT_CANDIDATE,158.938671875,16868.15625,16997.1484375,17095.720703125,16909.453125,128.9921875,227.564453125,41.296875,98.572265625,98.572265625,false,0.0,11.0802734375,158.938671875,5.6412109375
629,0x001F2680,ARM_RIGHT_CANDIDATE,158.938671875,16848.15625,16977.1484375,17075.720703125,16889.453125,128.9921875,227.564453125,41.296875,98.572265625,98.572265625,false,0.0,11.0802734375,158.938671875,5.6412109375
630,0x001F2688,ARM_RIGHT_CANDIDATE,158.938671875,16868.15625,16997.1484375,17095.720703125,16909.453125,128.9921875,227.564453125,41.296875,98.572265625,98.572265625,false,0.0,11.0802734375,158.938671875,5.6412109375
631,0x0020FF58,ARM_RIGHT_CANDIDATE,158.938671875,16868.15625,16997.1484375,17095.720703125,16909.453125,128.9921875,227.564453125,41.296875,98.572265625,98.572265625,false,0.0,11.0802734375,158.938671875,5.6412109375
632,0x0020FF84,ARM_RIGHT_CANDIDATE,158.23359375,16869.587890625,16997.1484375,17095.720703125,16910.77734375,127.560546875,226.1328125,41.189453125,98.572265625,98.572265625,false,0.0,10.3751953125,158.23359375,5.8201171875
633,0x002867F4,ARM_RIGHT_CANDIDATE,157.6960264422,-3.8242454528809,-9.5471420288086,-164.76232910156,-0.018156267702579,-5.7228965759277,-160.93808364868,3.8060891851783,155.21518707275,155.21518707275,false,0.0,-75.126754166931,157.6960264422,-12.860008837283
634,0x003B32A4,ARM_HORIZONTAL_CANDIDATE,156.0,30.0,96.0,0.0,30.0,66.0,-30.0,0.0,96.0,36.0,true,156.0,51.0,-3.0,-9.6
635,0x001F1C74,ARM_LEFT_CANDIDATE,152.530078125,12426.974609375,12758.946289063,12758.946289063,12292.416992188,331.9716796875,331.9716796875,-134.5576171875,0.0,0.0,false,0.0,152.530078125,152.530078125,68.16328125
636,0x001F7140,MANUAL_AIM_CANDIDATE,151.6,3.5,193.0,193.0,193.0,189.5,189.5,189.5,0.0,0.0,false,0.0,75.8,75.8,151.6
637,0x001F2610,ARM_RIGHT_CANDIDATE,149.6201171875,16871.15625,17000.029296875,17089.3046875,16912.07421875,128.873046875,218.1484375,40.91796875,89.275390625,89.275390625,false,0.0,15.70703125,149.6201171875,6.2158203125
638,0x00204B68,ARM_RIGHT_CANDIDATE,147.72705345154,108.50000762939,108.50000762939,-55.641162872314,-55.641162872314,0.0,-164.14117050171,-164.14117050171,164.14117050171,164.14117050171,false,0.0,-98.484702301025,147.72705345154,147.72705345154
639,0x0006A28C,ARM_RIGHT_CANDIDATE,147.633984375,16871.15625,17003.26171875,17089.3046875,16915.7734375,132.10546875,218.1484375,44.6171875,86.04296875,86.04296875,false,0.0,18.56953125,147.633984375,9.591796875
640,0x001F1C4C,ARM_RIGHT_CANDIDATE,146.9630859375,12429.768554688,12168.293945313,12138.333007813,12292.416992188,-261.474609375,-291.435546875,-137.3515625,29.9609375,29.9609375,false,0.0,102.0216796875,146.9630859375,82.060546875
641,0x001F7DBC,MANUAL_AIM_CANDIDATE,143.2,4.0,183.0,183.0,183.0,179.0,179.0,179.0,0.0,0.0,false,0.0,71.6,71.6,143.2
642,0x001F2258,MANUAL_AIM_CANDIDATE,141.1026473999,-100.4647064209,64.521842956543,78.720329284668,75.055099487305,164.98654937744,179.18503570557,175.5198059082,14.198486328125,14.198486328125,false,0.0,57.842050933838,79.139780426025,141.1026473999
643,0x003B32DC,ARM_LEFT_CANDIDATE,137.6,-108.0,96.0,20.0,-84.0,204.0,128.0,24.0,76.0,76.0,false,0.0,137.6,23.6,-9.2
644,0x001F25A8,MANUAL_AIM_CANDIDATE,134.395703125,17004.794921875,16799.3515625,16799.3515625,17180.279296875,-205.443359375,-205.443359375,175.484375,0.0,0.0,false,0.0,85.1732421875,85.1732421875,134.395703125
645,0x00079E80,ARM_RIGHT_CANDIDATE,133.875,182.75,159.0,28.75,100.25,-23.75,-154.0,-82.5,130.25,130.25,false,0.0,-61.5,133.875,64.725
646,0x001F25A4,MANUAL_AIM_CANDIDATE,132.682421875,19393.0859375,19585.689453125,19585.689453125,19564.2890625,192.603515625,192.603515625,171.203125,0.0,0.0,false,0.0,79.1814453125,79.1814453125,132.682421875
647,0x001F7D8C,MANUAL_AIM_CANDIDATE,132.0,169.0,4.0,4.0,4.0,-165.0,-165.0,-165.0,0.0,0.0,false,0.0,66.0,66.0,132.0
648,0x003B31E8,ARM_LEFT_CANDIDATE,127.95852661133,0.0,127.95852661133,0.0,0.0,127.95852661133,0.0,0.0,127.95852661133,127.95852661133,false,0.0,127.95852661133,-63.979263305664,-12.795852661133
649,0x003B2D5C,MANUAL_AIM_CANDIDATE,127.44082847238,165.0,1.080078125,0.92859989404678,4.7600393295288,-163.919921875,-164.07140010595,-160.23996067047,0.15147823095322,0.15147823095322,false,0.0,65.860225754976,66.087443101406,127.44082847238
650,0x001F1F00,ARM_LEFT_CANDIDATE,127.11796875,17713.888671875,17452.8046875,17452.8046875,17679.6484375,-261.083984375,-261.083984375,-34.240234375,0.0,0.0,false,0.0,127.11796875,127.11796875,-17.9765625
651,0x001F1F08,ARM_LEFT_CANDIDATE,127.11796875,17693.888671875,17432.8046875,17432.8046875,17659.6484375,-261.083984375,-261.083984375,-34.240234375,0.0,0.0,false,0.0,127.11796875,127.11796875,-17.9765625
652,0x001F1F10,ARM_LEFT_CANDIDATE,127.11796875,17673.888671875,17412.8046875,17412.8046875,17639.6484375,-261.083984375,-261.083984375,-34.240234375,0.0,0.0,false,0.0,127.11796875,127.11796875,-17.9765625
653,0x001F1F18,ARM_LEFT_CANDIDATE,127.11796875,17693.888671875,17432.8046875,17432.8046875,17659.6484375,-261.083984375,-261.083984375,-34.240234375,0.0,0.0,false,0.0,127.11796875,127.11796875,-17.9765625
654,0x001F7E48,MANUAL_AIM_CANDIDATE,126.15,27.0,30.0,32.5,154.0,3.0,5.5,127.0,2.5,2.5,false,0.0,-12.45,-8.7,126.15
655,0x002867DC,ARM_HORIZONTAL_CANDIDATE,125.75857937336,-3.8242464065552,-0.090206742286682,-118.38070678711,-0.014937475323677,3.7340396642685,-114.55646038055,3.8093089312315,118.29050004482,110.82242071629,true,125.75857937336,-53.925121419132,112.3085096553,-8.0197410732508
656,0x001F7054,MANUAL_AIM_CANDIDATE,125.325,0.25,0.25,4.5,126.0,0.0,4.25,125.75,4.25,4.25,false,0.0,-14.7,-8.325,125.325
657,0x00069CAC,MANUAL_AIM_CANDIDATE,124.12259216309,98.442054748535,-47.080982208252,-55.641162872314,-55.641162872314,-145.52303695679,-154.08321762085,-154.08321762085,8.5601806640625,8.5601806640625,false,0.0,53.073106384277,65.913377380371,124.12259216309
658,0x00204B3C,MANUAL_AIM_CANDIDATE,124.12259216309,98.442054748535,-47.080982208252,-55.641162872314,-55.641162872314,-145.52303695679,-154.08321762085,-154.08321762085,8.5601806640625,8.5601806640625,false,0.0,53.073106384277,65.913377380371,124.12259216309
659,0x00079E84,ARM_HORIZONTAL_CANDIDATE,124.10210037231,73.099990844727,165.99969482422,62.699192047119,193.69906616211,92.899703979492,-10.400798797607,120.59907531738,103.3005027771,82.498905181885,true,124.10210037231,75.63939704895,-48.108960723877,110.26902503967
660,0x003B2A28,MANUAL_AIM_CANDIDATE,123.37685546875,-30.0,107.3330078125,-27.0,107.41015625,137.3330078125,3.0,137.41015625,134.3330078125,134.3330078125,false,0.0,122.0919921875,-79.40751953125,123.37685546875
661,0x002867D8,ARM_HORIZONTAL_CANDIDATE,122.07040210813,-3.8867464065552,-0.027922324836254,-114.38067626953,-0.022062577307224,3.8588240817189,-110.49392986298,3.864683829248,114.35275394469,106.63510578126,true,122.07040210813,-51.774609232694,108.17804943919,-7.5705915652215
662,0x001F6FAC,ARM_LEFT_CANDIDATE,121.0,120.0,-1.0,120.0,120.0,-121.0,0.0,0.0,121.0,121.0,false,0.0,121.0,-60.5,-12.1
663,0x001F6FDC,ARM_LEFT_CANDIDATE,121.0,-1.0,120.0,-1.0,-1.0,121.0,0.0,0.0,121.0,121.0,false,0.0,121.0,-60.5,-12.1
664,0x001F7068,MANUAL_AIM_CANDIDATE,121.0,120.0,120.0,120.0,-1.0,0.0,0.0,-121.0,0.0,0.0,false,0.0,-12.1,-12.1,121.0
665,0x001F7098,MANUAL_AIM_CANDIDATE,121.0,-1.0,-1.0,-1.0,120.0,0.0,0.0,121.0,0.0,0.0,false,0.0,-12.1,-12.1,121.0
666,0x001F7F18,MANUAL_AIM_CANDIDATE,121.0,120.0,120.0,120.0,-1.0,0.0,0.0,-121.0,0.0,0.0,false,0.0,-12.1,-12.1,121.0
667,0x001F259C,ARM_LEFT_CANDIDATE,120.6982421875,17077.556640625,16820.751953125,16820.751953125,17154.59765625,-256.8046875,-256.8046875,77.041015625,0.0,0.0,false,0.0,120.6982421875,120.6982421875,25.680078125
668,0x002E33B0,MANUAL_AIM_CANDIDATE,119.12306976318,0.0,0.0,0.0,-119.12306976318,0.0,0.0,-119.12306976318,0.0,0.0,false,0.0,-11.912306976318,-11.912306976318,119.12306976318
669,0x001F1C50,ARM_LEFT_CANDIDATE,117.7021484375,16961.994140625,16726.58984375,16726.58984375,16961.994140625,-235.404296875,-235.404296875,0.0,0.0,0.0,false,0.0,117.7021484375,117.7021484375,-47.080859375
670,0x001F1E58,ARM_RIGHT_CANDIDATE,116.623828125,515.39178466797,268.04443359375,263.32144165039,633.12017822266,-247.34735107422,-252.07034301758,117.72839355469,4.7229919433594,4.7229919433594,false,0.0,109.53934020996,116.623828125,67.786624145508
671,0x002867D4,ARM_HORIZONTAL_CANDIDATE,116.13240561262,-3.8867473602295,-0.0072246082127094,-108.3805847168,-0.029875196516514,3.8795227520168,-104.49383735657,3.856872163713,108.37336010858,100.61431460455,true,116.13240561262,-48.753083142638,102.16838876419,-6.9804638471454
672,0x001F7110,MANUAL_AIM_CANDIDATE,115.6,149.0,4.5,4.5,4.5,-144.5,-144.5,-144.5,0.0,0.0,false,0.0,57.8,57.8,115.6
673,0x001F2210,ARM_RIGHT_CANDIDATE,115.56417236328,363.83279418945,278.50192260742,197.07009887695,278.50192260742,-85.330871582031,-166.7626953125,-85.330871582031,81.431823730469,81.431823730469,false,0.0,-6.5835632324219,115.56417236328,60.121514892578
674,0x003B35D0,ARM_LEFT_CANDIDATE,112.5138671875,6143.3452148438,5948.173828125,6001.7373046875,6024.8095703125,-195.17138671875,-141.60791015625,-118.53564453125,53.5634765625,53.5634765625,false,0.0,112.5138671875,32.16865234375,84.85771484375
675,0x002867D0,ARM_HORIZONTAL_CANDIDATE,112.14832537295,-3.8867473602295,-0.0018976763822138,-104.38052368164,-0.044125631451607,3.8848496838473,-100.49377632141,3.8426217287779,104.37862600526,96.608926637564,true,112.14832537295,-46.746300649736,98.16708930661,-6.595240871748
676,0x0007A1BC,ARM_HORIZONTAL_CANDIDATE,111.33402061462,0.0,23.20697593689,-41.713092803955,-6.3588252067566,23.20697593689,-41.713092803955,-6.3588252067566,64.920068740845,18.506116867065,true,111.33402061462,1.7145470142365,29.473722314835,-0.13318166732788
677,0x001F1CCC,MANUAL_AIM_CANDIDATE,110.28671875,12415.03125,12520.9609375,12520.9609375,12283.55859375,105.9296875,105.9296875,-131.47265625,0.0,0.0,false,0.0,39.817578125,39.817578125,110.28671875
678,0x003B2AD4,MANUAL_AIM_CANDIDATE,110.1146484375,3949.0,4052.6850585938,4113.7827148438,4085.9614257813,103.68505859375,164.78271484375,136.96142578125,61.09765625,61.09765625,false,0.0,7.59755859375,99.24404296875,110.1146484375
679,0x003B2AA0,ARM_HORIZONTAL_CANDIDATE,110.00048828125,0.0,-1.0,107.00048828125,107.00048828125,-1.0,107.00048828125,107.00048828125,108.00048828125,106.00048828125,true,110.00048828125,-63.20029296875,95.800439453125,96.200439453125
680,0x001F23E8,ARM_LEFT_CANDIDATE,108.92906188965,300.41488647461,119.24865722656,176.57974243164,403.61083984375,-181.16622924805,-123.83514404297,103.19595336914,57.331085205078,57.331085205078,false,0.0,108.92906188965,22.932434082031,72.695816040039
681,0x001F6E34,ARM_RIGHT_CANDIDATE,108.9,-1.0,-1.0,120.0,120.0,0.0,121.0,121.0,121.0,121.0,false,0.0,-72.6,108.9,108.9
682,0x001F6E64,ARM_RIGHT_CANDIDATE,108.9,120.0,120.0,-1.0,-1.0,0.0,-121.0,-121.0,121.0,121.0,false,0.0,-72.6,108.9,108.9
683,0x001F7F48,ARM_LEFT_CANDIDATE,108.9,-1.0,120.0,-1.0,120.0,121.0,0.0,121.0,121.0,121.0,false,0.0,108.9,-72.6,108.9
684,0x002867CC,ARM_HORIZONTAL_CANDIDATE,106.15243841032,-3.8867473602295,-0.00050631887279451,-98.380462646484,-0.059750869870186,3.8862410413567,-94.493715286255,3.8269964903593,98.379956327612,90.607474244898,true,106.15243841032,-43.743316250807,92.167895116541,-6.0109991424019
685,0x00080008,ARM_LEFT_CANDIDATE,105.19002532959,230.0,124.80997467041,230.0,230.0,-105.19002532959,0.0,0.0,105.19002532959,105.19002532959,false,0.0,105.19002532959,-52.595012664795,-10.519002532959
686,0x001F7F34,ARM_RIGHT_CANDIDATE,104.7,56.5,120.5,193.5,53.5,64.0,137.0,-3.0,73.0,73.0,false,0.0,-4.8,104.7,-17.1
687,0x0007FFE0,ARM_RIGHT_CANDIDATE,102.24988861084,138.61209106445,167.8787689209,263.0173034668,213.83193969727,29.266677856445,124.40521240234,75.219848632813,95.138534545898,95.138534545898,false,0.0,-40.457913208008,102.24988861084,59.852659606934
688,0x002867C8,ARM_HORIZONTAL_CANDIDATE,102.15346319752,-3.8867473602295,-0.00013420556206256,-94.38037109375,-0.08825221657753,3.8866131546674,-90.493623733521,3.798495143652,94.380236888188,86.607010578853,true,102.15346319752,-41.740048226458,88.170467641822,-5.6395285451668
689,0x0020F064,ARM_RIGHT_CANDIDATE,98.710005187988,0.0,0.0,109.60000610352,108.90000915527,0.0,109.60000610352,108.90000915527,109.60000610352,109.60000610352,false,0.0,-65.690003967285,98.710005187988,97.940008544922
690,0x0007C178,MANUAL_AIM_CANDIDATE,98.56220703125,164.23413085938,319.0,319.0,293.74951171875,154.76586914063,154.76586914063,129.51538085938,0.0,0.0,false,0.0,64.431396484375,64.431396484375,98.56220703125
691,0x0007C198,MANUAL_AIM_CANDIDATE,98.56220703125,164.23413085938,319.0,319.0,293.74951171875,154.76586914063,154.76586914063,129.51538085938,0.0,0.0,false,0.0,64.431396484375,64.431396484375,98.56220703125
692,0x0007C1B8,MANUAL_AIM_CANDIDATE,98.56220703125,164.23413085938,319.0,319.0,293.74951171875,154.76586914063,154.76586914063,129.51538085938,0.0,0.0,false,0.0,64.431396484375,64.431396484375,98.56220703125
693,0x0007C1D8,MANUAL_AIM_CANDIDATE,98.56220703125,164.23413085938,319.0,319.0,293.74951171875,154.76586914063,154.76586914063,129.51538085938,0.0,0.0,false,0.0,64.431396484375,64.431396484375,98.56220703125
694,0x00080004,MANUAL_AIM_CANDIDATE,98.56220703125,164.23413085938,319.0,319.0,293.74951171875,154.76586914063,154.76586914063,129.51538085938,0.0,0.0,false,0.0,64.431396484375,64.431396484375,98.56220703125
695,0x002867C4,ARM_HORIZONTAL_CANDIDATE,98.153695544475,-3.8867473602295,-3.641152579803e-05,-90.380310058594,-0.11950269341469,3.8867109487037,-86.493562698364,3.7672446668148,90.380273647068,82.606851749661,true,98.153695544475,-39.73679486716,84.173482757331,-5.270782697892
696,0x0020C494,ARM_RIGHT_CANDIDATE,98.070008087158,0.0,0.0,108.90000915527,108.30001068115,0.0,108.90000915527,108.30001068115,108.90000915527,108.90000915527,false,0.0,-65.280005645752,98.070008087158,97.410009765625
697,0x003B2A80,MANUAL_AIM_CANDIDATE,97.721484375,8.0,-0.88671875,0.0,107.41015625,-8.88671875,-8.0,99.41015625,0.88671875,0.88671875,false,0.0,-5.054296875,-6.384375,97.721484375
698,0x0020F070,ARM_RIGHT_CANDIDATE,97.470009613037,0.0,0.0,108.30001068115,108.30001068115,0.0,108.30001068115,108.30001068115,108.30001068115,108.30001068115,false,0.0,-64.980006408691,97.470009613037,97.470009613037
699,0x0020C4A0,ARM_RIGHT_CANDIDATE,97.469989013672,0.0,0.0,108.29998779297,108.29998779297,0.0,108.29998779297,108.29998779297,108.29998779297,108.29998779297,false,0.0,-64.979992675781,97.469989013672,97.469989013672
700,0x0007C138,MANUAL_AIM_CANDIDATE,96.886242675781,197.89219665527,319.0,319.0,319.0,121.10780334473,121.10780334473,121.10780334473,0.0,0.0,false,0.0,48.443121337891,48.443121337891,96.886242675781
701,0x0007C158,MANUAL_AIM_CANDIDATE,96.886242675781,197.89219665527,319.0,319.0,319.0,121.10780334473,121.10780334473,121.10780334473,0.0,0.0,false,0.0,48.443121337891,48.443121337891,96.886242675781
702,0x0007FFCC,MANUAL_AIM_CANDIDATE,96.886242675781,197.89219665527,319.0,319.0,319.0,121.10780334473,121.10780334473,121.10780334473,0.0,0.0,false,0.0,48.443121337891,48.443121337891,96.886242675781
703,0x0007FFE8,MANUAL_AIM_CANDIDATE,96.886242675781,197.89219665527,319.0,319.0,319.0,121.10780334473,121.10780334473,121.10780334473,0.0,0.0,false,0.0,48.443121337891,48.443121337891,96.886242675781
704,0x001F6EF0,MANUAL_AIM_CANDIDATE,96.8,-1.0,120.0,120.0,120.0,121.0,121.0,121.0,0.0,0.0,false,0.0,48.4,48.4,96.8
705,0x001F7124,MANUAL_AIM_CANDIDATE,96.8,-1.0,120.0,120.0,120.0,121.0,121.0,121.0,0.0,0.0,false,0.0,48.4,48.4,96.8
706,0x001F7154,MANUAL_AIM_CANDIDATE,96.8,120.0,-1.0,-1.0,-1.0,-121.0,-121.0,-121.0,0.0,0.0,false,0.0,48.4,48.4,96.8
707,0x001F7C28,MANUAL_AIM_CANDIDATE,96.8,-1.0,120.0,120.0,120.0,121.0,121.0,121.0,0.0,0.0,false,0.0,48.4,48.4,96.8
708,0x001F7C58,MANUAL_AIM_CANDIDATE,96.8,120.0,-1.0,-1.0,-1.0,-121.0,-121.0,-121.0,0.0,0.0,false,0.0,48.4,48.4,96.8
709,0x001F7DA0,MANUAL_AIM_CANDIDATE,96.8,-1.0,120.0,120.0,120.0,121.0,121.0,121.0,0.0,0.0,false,0.0,48.4,48.4,96.8
710,0x001F7DD0,MANUAL_AIM_CANDIDATE,96.8,120.0,-1.0,-1.0,-1.0,-121.0,-121.0,-121.0,0.0,0.0,false,0.0,48.4,48.4,96.8
711,0x001F7E5C,MANUAL_AIM_CANDIDATE,96.8,120.0,-1.0,-1.0,-1.0,-121.0,-121.0,-121.0,0.0,0.0,false,0.0,48.4,48.4,96.8
712,0x003B3164,ARM_LEFT_CANDIDATE,96.0,0.0,96.0,0.0,0.0,96.0,0.0,0.0,96.0,96.0,false,0.0,96.0,-48.0,-9.6
713,0x003B3314,ARM_LEFT_CANDIDATE,96.0,0.0,96.0,0.0,0.0,96.0,0.0,0.0,96.0,96.0,false,0.0,96.0,-48.0,-9.6
714,0x003B2A88,MANUAL_AIM_CANDIDATE,95.900439453125,-108.0,-36.0,-28.99951171875,3.00048828125,72.0,79.00048828125,111.00048828125,7.00048828125,7.00048828125,false,0.0,21.39970703125,31.900439453125,95.900439453125
715,0x000816DC,MANUAL_AIM_CANDIDATE,95.630928039551,0.0,119.77296447754,117.50158691406,119.35838317871,119.77296447754,117.50158691406,119.35838317871,2.2713775634766,2.2713775634766,false,0.0,49.086332702637,45.679266357422,95.630928039551
716,0x001F1C58,MANUAL_AIM_CANDIDATE,94.162109375,12360.8984375,12360.8984375,12360.8984375,12455.060546875,0.0,0.0,94.162109375,0.0,0.0,false,0.0,-9.4162109375,-9.4162109375,94.162109375
717,0x002867E0,ARM_HORIZONTAL_CANDIDATE,94.003927469254,-3.8242464065552,-0.6748058795929,-88.379852294922,-0.010787025094032,3.1494405269623,-84.555605888367,3.8134593814611,87.705046415329,81.406165361404,true,94.003927469254,-39.509708355367,82.599539686739,-4.9570452600718
718,0x002867C0,ARM_HORIZONTAL_CANDIDATE,92.153714290162,-3.8867473602295,-9.8179116321262e-06,-84.380249023438,-0.18041259050369,3.8867375423179,-80.493501663208,3.7063347697258,84.380239205526,76.60676412089,true,92.153714290162,-36.730646766259,78.179499415076,-4.7316891508268
719,0x003B3428,MANUAL_AIM_CANDIDATE,91.414019775391,1.0,0.0,0.25,-90.589019775391,-1.0,-0.75,-91.589019775391,0.25,0.25,false,0.0,-8.5339019775391,-8.9089019775391,91.414019775391
720,0x0020F714,ARM_LEFT_CANDIDATE,91.344140625,16984.6484375,17163.158203125,17150.318359375,16941.341796875,178.509765625,165.669921875,-43.306640625,12.83984375,12.83984375,false,0.0,91.344140625,72.084375,8.888671875
721,0x001F7E78,MANUAL_AIM_CANDIDATE,91.15,120.25,8.0,6.5,6.5,-112.25,-113.75,-113.75,1.5,1.5,false,0.0,44.0,46.25,91.15
722,0x0006A188,ARM_LEFT_CANDIDATE,91.1330078125,16984.6484375,17163.158203125,17150.318359375,16939.23046875,178.509765625,165.669921875,-45.41796875,12.83984375,12.83984375,false,0.0,91.1330078125,71.8732421875,11.0
723,0x001F1D24,ARM_LEFT_CANDIDATE,91.1330078125,17004.6484375,17183.158203125,17170.318359375,16959.23046875,178.509765625,165.669921875,-45.41796875,12.83984375,12.83984375,false,0.0,91.1330078125,71.8732421875,11.0
724,0x001F1D2C,ARM_LEFT_CANDIDATE,91.1330078125,16984.6484375,17163.158203125,17150.318359375,16939.23046875,178.509765625,165.669921875,-45.41796875,12.83984375,12.83984375,false,0.0,91.1330078125,71.8732421875,11.0
725,0x001F1D34,ARM_LEFT_CANDIDATE,91.1330078125,16964.6484375,17143.158203125,17130.318359375,16919.23046875,178.509765625,165.669921875,-45.41796875,12.83984375,12.83984375,false,0.0,91.1330078125,71.8732421875,11.0
726,0x001F1D3C,ARM_LEFT_CANDIDATE,91.1330078125,16984.6484375,17163.158203125,17150.318359375,16939.23046875,178.509765625,165.669921875,-45.41796875,12.83984375,12.83984375,false,0.0,91.1330078125,71.8732421875,11.0
727,0x0020F6E8,ARM_LEFT_CANDIDATE,91.1330078125,16984.6484375,17163.158203125,17150.318359375,16939.23046875,178.509765625,165.669921875,-45.41796875,12.83984375,12.83984375,false,0.0,91.1330078125,71.8732421875,11.0
728,0x0020F704,ARM_LEFT_CANDIDATE,90.1591796875,16985.92578125,17163.166015625,17150.326171875,16937.1171875,177.240234375,164.400390625,-48.80859375,12.83984375,12.83984375,false,0.0,90.1591796875,70.8994140625,14.64453125
729,0x003B2DA0,ARM_LEFT_CANDIDATE,90.0,0.0,-90.0,0.0,0.0,-90.0,0.0,0.0,90.0,90.0,false,0.0,90.0,-45.0,-9.0
730,0x001F7C14,MANUAL_AIM_CANDIDATE,89.375,116.0,4.0,4.25,4.25,-112.0,-111.75,-111.75,0.25,0.25,false,0.0,44.95,44.575,89.375
731,0x0007A1B0,ARM_HORIZONTAL_CANDIDATE,88.599387645721,0.0,-6.7311654090881,68.405891418457,-11.221242904663,-6.7311654090881,68.405891418457,-11.221242904663,75.137056827545,61.674726009369,true,88.599387645721,-28.593904590607,63.918184423447,3.7075372219086
732,0x002E3028,MANUAL_AIM_CANDIDATE,88.404403686523,0.0,0.0,0.0,88.404403686523,0.0,0.0,88.404403686523,0.0,0.0,false,0.0,-8.8404403686523,-8.8404403686523,88.404403686523
733,0x0007C23C,MANUAL_AIM_CANDIDATE,87.933599853516,230.0,120.028465271,118.01000213623,119.87024688721,-109.971534729,-111.98999786377,-110.12975311279,2.0184631347656,2.0184631347656,false,0.0,42.96356048584,45.991255187988,87.933599853516
734,0x001F7C44,ARM_LEFT_CANDIDATE,87.8,4.0,123.0,56.0,56.0,119.0,52.0,52.0,67.0,67.0,false,0.0,87.8,-12.7,34.9
735,0x000D3604,MANUAL_AIM_CANDIDATE,87.390010070801,0.0,99.900009155273,108.20001220703,108.20001220703,99.900009155273,108.20001220703,108.20001220703,8.3000030517578,8.3000030517578,false,0.0,34.980001831055,47.430006408691,87.390010070801
736,0x0020C2E4,MANUAL_AIM_CANDIDATE,87.360004425049,0.0,108.30001068115,109.10000610352,109.10000610352,108.30001068115,109.10000610352,109.10000610352,0.79999542236328,0.79999542236328,false,0.0,42.840007019043,44.040000152588,87.360004425049
737,0x0020C2F0,MANUAL_AIM_CANDIDATE,86.639990234375,0.0,108.29998779297,108.29998779297,108.29998779297,108.29998779297,108.29998779297,108.29998779297,0.0,0.0,false,0.0,43.319995117188,43.319995117188,86.639990234375
738,0x003B3080,ARM_HORIZONTAL_CANDIDATE,86.0,17.0,0.0,52.0,33.0,-17.0,35.0,16.0,52.0,18.0,true,86.0,-2.1,24.9,10.8
739,0x000D35F8,MANUAL_AIM_CANDIDATE,85.590006256104,0.0,98.100006103516,106.00000762939,106.00000762939,98.100006103516,106.00000762939,106.00000762939,7.9000015258789,7.9000015258789,false,0.0,34.500001525879,46.350003814697,85.590006256104
740,0x003B35F4,ARM_LEFT_CANDIDATE,83.731632232666,95.5,10.0,92.362022399902,93.506210327148,-85.5,-3.1379776000977,-1.9937896728516,82.362022399902,82.362022399902,false,0.0,83.731632232666,-39.811401367188,-6.8700080871582
741,0x0007C230,ARM_HORIZONTAL_CANDIDATE,82.802276611328,271.77926635742,296.92813110352,252.56146240234,237.63787841797,25.148864746094,-19.217803955078,-34.141387939453,44.366668701172,5.9310607910156,true,82.802276611328,12.125823974609,3.2292327880859,29.704721069336
742,0x001F6F98,ARM_LEFT_CANDIDATE,80.0,0.25,82.5,4.0,4.0,82.25,3.75,3.75,78.5,78.5,false,0.0,80.0,-37.75,-4.85
743,0x00204D28,MANUAL_AIM_CANDIDATE,79.23125,9506.078125,9407.0390625,9407.0390625,9407.0390625,-99.0390625,-99.0390625,-99.0390625,0.0,0.0,false,0.0,39.615625,39.615625,79.23125
744,0x00069CE4,MANUAL_AIM_CANDIDATE,78.753125,9506.078125,9407.63671875,9407.63671875,9407.63671875,-98.44140625,-98.44140625,-98.44140625,0.0,0.0,false,0.0,39.3765625,39.3765625,78.753125
745,0x001EF264,MANUAL_AIM_CANDIDATE,78.753125,9506.078125,9407.63671875,9407.63671875,9407.63671875,-98.44140625,-98.44140625,-98.44140625,0.0,0.0,false,0.0,39.3765625,39.3765625,78.753125
746,0x001EF26C,MANUAL_AIM_CANDIDATE,78.753125,9526.078125,9427.63671875,9427.63671875,9427.63671875,-98.44140625,-98.44140625,-98.44140625,0.0,0.0,false,0.0,39.3765625,39.3765625,78.753125
747,0x001EF274,MANUAL_AIM_CANDIDATE,78.753125,9506.078125,9407.63671875,9407.63671875,9407.63671875,-98.44140625,-98.44140625,-98.44140625,0.0,0.0,false,0.0,39.3765625,39.3765625,78.753125
748,0x001EF27C,MANUAL_AIM_CANDIDATE,78.753125,9486.078125,9387.63671875,9387.63671875,9387.63671875,-98.44140625,-98.44140625,-98.44140625,0.0,0.0,false,0.0,39.3765625,39.3765625,78.753125
749,0x00204CF0,MANUAL_AIM_CANDIDATE,78.753125,9506.078125,9407.63671875,9407.63671875,9407.63671875,-98.44140625,-98.44140625,-98.44140625,0.0,0.0,false,0.0,39.3765625,39.3765625,78.753125
750,0x00204D1C,MANUAL_AIM_CANDIDATE,78.753125,9506.078125,9407.63671875,9407.63671875,9407.63671875,-98.44140625,-98.44140625,-98.44140625,0.0,0.0,false,0.0,39.3765625,39.3765625,78.753125
751,0x00204D34,MANUAL_AIM_CANDIDATE,78.753125,9506.078125,9407.63671875,9407.63671875,9407.63671875,-98.44140625,-98.44140625,-98.44140625,0.0,0.0,false,0.0,39.3765625,39.3765625,78.753125
752,0x000D30A8,ARM_LEFT_CANDIDATE,75.950009155273,90.318588256836,2.8185882568359,69.318603515625,79.818603515625,-87.5,-20.999984741211,-10.499984741211,66.500015258789,66.500015258789,false,0.0,75.950009155273,-23.80001373291,-0.35001373291016
753,0x000816D4,MANUAL_AIM_CANDIDATE,75.45662689209,0.0,86.572334289551,90.208290100098,93.134689331055,86.572334289551,90.208290100098,93.134689331055,3.6359558105469,3.6359558105469,false,0.0,32.154720306396,37.608654022217,75.45662689209
754,0x00204D0C,MANUAL_AIM_CANDIDATE,75.39296875,9501.8779296875,9407.63671875,9407.63671875,9407.63671875,-94.2412109375,-94.2412109375,-94.2412109375,0.0,0.0,false,0.0,37.696484375,37.696484375,75.39296875
755,0x0008001C,ARM_LEFT_CANDIDATE,74.495986938477,10.0,84.495986938477,10.0,10.0,74.495986938477,0.0,0.0,74.495986938477,74.495986938477,false,0.0,74.495986938477,-37.247993469238,-7.4495986938477
756,0x0007C234,MANUAL_AIM_CANDIDATE,72.748322296143,184.17944335938,86.862190246582,89.530685424805,92.234519958496,-97.317253112793,-94.64875793457,-91.944923400879,2.6684951782227,2.6684951782227,false,0.0,40.79838180542,36.795639038086,72.748322296143
757,0x0006A1F8,MANUAL_AIM_CANDIDATE,71.905395507813,-3252.8679199219,-3201.5068359375,-3252.8679199219,-3329.9094238281,51.361083984375,0.0,-77.04150390625,51.361083984375,51.361083984375,false,0.0,43.65693359375,-33.384692382813,71.905395507813
758,0x0020FA50,MANUAL_AIM_CANDIDATE,71.905395507813,-3252.8679199219,-3201.5068359375,-3252.8679199219,-3329.9094238281,51.361083984375,0.0,-77.04150390625,51.361083984375,51.361083984375,false,0.0,43.65693359375,-33.384692382813,71.905395507813
759,0x0020FA7C,MANUAL_AIM_CANDIDATE,71.900024414063,-3252.8679199219,-3201.8552246094,-3253.2700195313,-3329.9094238281,51.0126953125,-0.402099609375,-77.04150390625,51.414794921875,50.610595703125,true,52.218994140625,43.107495117187,-32.8083984375,71.900024414063
760,0x001F243C,MANUAL_AIM_CANDIDATE,71.20615234375,-3202.3974609375,-3202.3974609375,-3125.1108398438,-3123.4626464844,0.0,77.28662109375,78.934814453125,77.28662109375,77.28662109375,false,0.0,-46.536791992188,69.393139648437,71.20615234375
761,0x003B2A24,ARM_HORIZONTAL_CANDIDATE,71.0,-23.0,-29.0,30.0,-29.0,-6.0,53.0,-6.0,59.0,47.0,true,71.0,-21.1,49.4,0.1
762,0x0020FA6C,MANUAL_AIM_CANDIDATE,69.8939453125,-3253.9929199219,-3201.1586914063,-3252.4658203125,-3329.3229980469,52.834228515625,1.527099609375,-75.330078125,51.30712890625,51.30712890625,false,0.0,44.537670898437,-32.423022460938,69.8939453125
763,0x0007C238,MANUAL_AIM_CANDIDATE,69.867758178711,319.0,298.52819824219,259.59332275391,241.1443939209,-20.471801757813,-59.406677246094,-77.855606079102,38.934875488281,38.934875488281,false,0.0,-17.017097473145,41.385215759277,69.867758178711
764,0x001F7F04,MANUAL_AIM_CANDIDATE,69.15,51.75,14.5,8.0,129.0,-37.25,-43.75,77.25,6.5,6.5,false,0.0,7.65,17.4,69.15
765,0x000D399C,ARM_LEFT_CANDIDATE,68.593223571777,0.0,-86.342254638672,-35.498062133789,0.0,-86.342254638672,-35.498062133789,0.0,50.844192504883,50.844192504883,false,0.0,68.593223571777,-7.6730651855469,-12.184031677246
766,0x000D3D44,ARM_LEFT_CANDIDATE,68.593223571777,0.0,-86.342254638672,-35.498062133789,0.0,-86.342254638672,-35.498062133789,0.0,50.844192504883,50.844192504883,false,0.0,68.593223571777,-7.6730651855469,-12.184031677246
767,0x002E3490,MANUAL_AIM_CANDIDATE,68.123748779297,0.0,0.0,0.0,-68.123748779297,0.0,0.0,-68.123748779297,0.0,0.0,false,0.0,-6.8123748779297,-6.8123748779297,68.123748779297
768,0x001F1E54,ARM_RIGHT_CANDIDATE,65.357437133789,245.37704467773,197.21893310547,149.0608215332,176.57974243164,-48.158111572266,-96.316223144531,-68.797302246094,48.158111572266,48.158111572266,false,0.0,-6.8797302246094,65.357437133789,54.349868774414
769,0x0005E664,MANUAL_AIM_CANDIDATE,63.822954618931,79.984375,0.27586048841476,0.27496993541718,0.21962842345238,-79.708514511585,-79.709405064583,-79.764746576548,0.00089055299758911,0.00089055299758911,false,0.0,31.877337321639,31.878673151135,63.822954618931
770,0x0005E68C,MANUAL_AIM_CANDIDATE,63.053515625,79.0,0.41015625,0.751953125,0.2626953125,-78.58984375,-78.248046875,-78.7373046875,0.341796875,0.341796875,false,0.0,31.59208984375,31.07939453125,63.053515625
771,0x0007A184,ARM_RIGHT_CANDIDATE,62.441968256235,0.0,0.12872809171677,63.405437469482,-8.9910516738892,0.12872809171677,63.405437469482,-8.9910516738892,63.276709377766,63.276709377766,false,0.0,-32.473095810413,62.441968256235,2.6376351177692
772,0x000483AC,MANUAL_AIM_CANDIDATE,57.124999237061,32.583332061768,48.066665649414,73.516670227051,95.349998474121,15.483333587646,40.933338165283,62.766666412354,25.450004577637,25.450004577637,false,0.0,-11.26000213623,26.915004730225,57.124999237061
773,0x000483A4,MANUAL_AIM_CANDIDATE,57.124997138977,12.183333396912,27.666666030884,53.116664886475,74.949996948242,15.483332633972,40.933331489563,62.766663551331,25.449998855591,25.449998855591,false,0.0,-11.259999465942,26.914998817444,57.124997138977
774,0x003B357C,ARM_LEFT_CANDIDATE,55.0,176.0,231.0,176.0,176.0,55.0,0.0,0.0,55.0,55.0,false,0.0,55.0,-27.5,-5.5
775,0x001EEF98,ARM_RIGHT_CANDIDATE,50.077046585083,-55.641162872314,-55.641162872314,0.0,0.0,0.0,55.641162872314,55.641162872314,55.641162872314,55.641162872314,false,0.0,-33.384697723389,50.077046585083,50.077046585083
776,0x000D3FD4,MANUAL_AIM_CANDIDATE,49.7,4.0,2.0,45.0,58.0,-2.0,41.0,54.0,43.0,39.0,true,47.0,-23.9,34.6,49.7
777,0x001F25C4,ARM_RIGHT_CANDIDATE,49.534057617188,55.037841796875,55.037841796875,0.0,0.0,0.0,-55.037841796875,-55.037841796875,55.037841796875,55.037841796875,false,0.0,-33.022705078125,49.534057617188,49.534057617188
778,0x001F192C,MANUAL_AIM_CANDIDATE,48.538732910156,0.0,57.428565979004,60.304145812988,60.312004089355,57.428565979004,60.304145812988,60.312004089355,2.8755798339844,2.8755798339844,false,0.0,21.245292663574,25.558662414551,48.538732910156
779,0x003B3160,ARM_LEFT_CANDIDATE,48.0,0.0,48.0,0.0,0.0,48.0,0.0,0.0,48.0,48.0,false,0.0,48.0,-24.0,-4.8
780,0x003B3310,ARM_LEFT_CANDIDATE,48.0,0.0,48.0,0.0,0.0,48.0,0.0,0.0,48.0,48.0,false,0.0,48.0,-24.0,-4.8
781,0x00204D18,MANUAL_AIM_CANDIDATE,45.711148071289,108.50000762939,51.361072540283,51.361072540283,51.361072540283,-57.138935089111,-57.138935089111,-57.138935089111,0.0,0.0,false,0.0,22.855574035645,22.855574035645,45.711148071289
782,0x001F6F0C,MANUAL_AIM_CANDIDATE,45.6,69.0,12.0,12.0,12.0,-57.0,-57.0,-57.0,0.0,0.0,false,0.0,22.8,22.8,45.6
783,0x00204D30,MANUAL_AIM_CANDIDATE,45.551150512695,108.30001068115,51.361072540283,51.361072540283,51.361072540283,-56.938938140869,-56.938938140869,-56.938938140869,0.0,0.0,false,0.0,22.775575256348,22.775575256348,45.551150512695
784,0x002867E4,ARM_RIGHT_CANDIDATE,43.247131889127,-3.8242464065552,-9.2971382141113,-50.189514160156,-0.0073467995971441,-5.4728918075562,-46.365267753601,3.816899606958,40.892375946045,40.892375946045,false,0.0,-18.09143202994,43.247131889127,-1.3669163491577
785,0x000D43E4,MANUAL_AIM_CANDIDATE,43.199365234375,0.0,53.999206542969,53.999206542969,53.999206542969,53.999206542969,53.999206542969,53.999206542969,0.0,0.0,false,0.0,21.599682617188,21.599682617188,43.199365234375
786,0x000D43F4,MANUAL_AIM_CANDIDATE,43.199365234375,0.0,53.999206542969,53.999206542969,53.999206542969,53.999206542969,53.999206542969,53.999206542969,0.0,0.0,false,0.0,21.599682617188,21.599682617188,43.199365234375
787,0x001F1C70,MANUAL_AIM_CANDIDATE,41.088842773437,321.00671386719,372.36776733398,372.36776733398,372.36776733398,51.361053466797,51.361053466797,51.361053466797,0.0,0.0,false,0.0,20.544421386719,20.544421386719,41.088842773437
788,0x003B3574,ARM_LEFT_CANDIDATE,41.0,-131.0,-172.0,-131.0,-131.0,-41.0,0.0,0.0,41.0,41.0,false,0.0,41.0,-20.5,-4.1
789,0x0007A1B8,MANUAL_AIM_CANDIDATE,40.415559864044,0.0,34.786106109619,11.427939414978,45.036964416504,34.786106109619,11.427939414978,45.036964416504,23.358166694641,23.358166694641,false,0.0,24.56843996048,-10.468810081482,40.415559864044
790,0x003B3108,ARM_LEFT_CANDIDATE,40.0,0.0,40.0,0.0,0.0,40.0,0.0,0.0,40.0,40.0,false,0.0,40.0,-20.0,-4.0
791,0x000483BC,MANUAL_AIM_CANDIDATE,39.151671218872,32.583332061768,48.066665649414,57.416667938232,75.766670227051,15.483333587646,24.833335876465,43.183338165283,9.3500022888184,9.3500022888184,false,0.0,-1.2516681671143,12.773335266113,39.151671218872
792,0x000483B4,MANUAL_AIM_CANDIDATE,39.151664924622,12.183333396912,27.666666030884,37.016666412354,55.366664886475,15.483332633972,24.833333015442,43.183331489563,9.3500003814697,9.3500003814697,false,0.0,-1.2516670227051,12.7733335495,39.151664924622
793,0x0007A1EC,ARM_RIGHT_CANDIDATE,39.151630783081,0.0,0.0,43.501811981201,43.501811981201,0.0,43.501811981201,43.501811981201,43.501811981201,43.501811981201,false,0.0,-26.101087188721,39.151630783081,39.151630783081
794,0x003B2B9C,MANUAL_AIM_CANDIDATE,38.159842395782,-59.0595703125,7.5267062187195,7.6072564125061,-7.574417591095,66.586276531219,66.666826725006,51.485152721405,0.080550193786621,0.080550193786621,false,0.0,28.104347896576,28.225173187256,38.159842395782
795,0x003B2A84,ARM_RIGHT_CANDIDATE,37.18466796875,-84.0,-56.076171875,-29.0,-45.4658203125,27.923828125,55.0,38.5341796875,27.076171875,27.076171875,false,0.0,-3.42958984375,37.18466796875,30.241796875
796,0x0007A1C0,MANUAL_AIM_CANDIDATE,36.976968002319,0.0,41.816699981689,43.250198364258,45.483657836914,41.816699981689,43.250198364258,45.483657836914,1.4334983825684,1.4334983825684,false,0.0,15.643235015869,17.793482589722,36.976968002319
797,0x0007A190,MANUAL_AIM_CANDIDATE,35.405167102814,0.0,5.8661909103394,34.177253723145,39.409511566162,5.8661909103394,34.177253723145,39.409511566162,28.311062812805,28.311062812805,false,0.0,-15.163387107849,27.303207111359,35.405167102814
798,0x0007A194,MANUAL_AIM_CANDIDATE,32.781817626953,0.0,36.835803985596,39.047840118408,40.370182037354,36.835803985596,39.047840118408,40.370182037354,2.2120361328125,2.2120361328125,false,0.0,13.274865722656,16.592919921875,32.781817626953
799,0x0006A128,MANUAL_AIM_CANDIDATE,32.455078125,17659.6484375,17646.126953125,17656.587890625,17625.53515625,-13.521484375,-3.060546875,-34.11328125,10.4609375,10.4609375,false,0.0,8.5798828125,-7.1115234375,32.455078125
800,0x0007A1E8,ARM_RIGHT_CANDIDATE,30.223261642456,0.0,0.0,-33.581401824951,-33.581401824951,0.0,-33.581401824951,-33.581401824951,33.581401824951,33.581401824951,false,0.0,-20.148841094971,30.223261642456,30.223261642456
801,0x001F8138,ARM_HORIZONTAL_CANDIDATE,30.0,13.0,29.5,8.5,26.0,16.5,-4.5,13.0,21.0,12.0,true,30.0,12.95,-5.05,10.9
802,0x0020F3AC,MANUAL_AIM_CANDIDATE,29.9173828125,17659.6484375,17644.291015625,17656.1328125,17627.84375,-15.357421875,-3.515625,-31.8046875,11.841796875,11.841796875,false,0.0,10.419140625,-7.3435546875,29.9173828125
803,0x0020F3BC,MANUAL_AIM_CANDIDATE,29.9140625,17659.6484375,17644.470703125,17656.564453125,17627.908203125,-15.177734375,-3.083984375,-31.740234375,12.09375,12.09375,false,0.0,10.46171875,-7.67890625,29.9140625
804,0x001F836C,MANUAL_AIM_CANDIDATE,29.8,34.5,19.0,8.0,0.5,-15.5,-26.5,-34.0,11.0,11.0,false,0.0,-1.15,15.35,29.8
805,0x001F1914,MANUAL_AIM_CANDIDATE,29.6984375,17659.6484375,17645.005859375,17656.587890625,17628.1796875,-14.642578125,-3.060546875,-31.46875,11.58203125,11.58203125,false,0.0,9.9654296875,-7.4076171875,29.6984375
806,0x001F1970,MANUAL_AIM_CANDIDATE,29.6744140625,17659.6484375,17645.005859375,17656.34765625,17628.1796875,-14.642578125,-3.30078125,-31.46875,11.341796875,11.341796875,false,0.0,9.8453125,-7.1673828125,29.6744140625
807,0x001F1978,MANUAL_AIM_CANDIDATE,29.6744140625,17679.6484375,17665.005859375,17676.34765625,17648.1796875,-14.642578125,-3.30078125,-31.46875,11.341796875,11.341796875,false,0.0,9.8453125,-7.1673828125,29.6744140625
808,0x001F1980,MANUAL_AIM_CANDIDATE,29.6744140625,17659.6484375,17645.005859375,17656.34765625,17628.1796875,-14.642578125,-3.30078125,-31.46875,11.341796875,11.341796875,false,0.0,9.8453125,-7.1673828125,29.6744140625
809,0x001F1988,MANUAL_AIM_CANDIDATE,29.6744140625,17639.6484375,17625.005859375,17636.34765625,17608.1796875,-14.642578125,-3.30078125,-31.46875,11.341796875,11.341796875,false,0.0,9.8453125,-7.1673828125,29.6744140625
810,0x0020F390,MANUAL_AIM_CANDIDATE,29.6208984375,17659.6484375,17644.470703125,17656.34765625,17628.1796875,-15.177734375,-3.30078125,-31.46875,11.876953125,11.876953125,false,0.0,10.38046875,-7.4349609375,29.6208984375
811,0x002E3010,MANUAL_AIM_CANDIDATE,28.17147064209,0.0,0.0,0.0,28.17147064209,0.0,0.0,28.17147064209,0.0,0.0,false,0.0,-2.817147064209,-2.817147064209,28.17147064209
812,0x003B3594,ARM_LEFT_CANDIDATE,28.042961120605,273.30615234375,220.50953674316,229.91934204102,242.70365905762,-52.796615600586,-43.386810302734,-30.602493286133,9.4098052978516,9.4098052978516,false,0.0,28.042961120605,13.928253173828,20.984150695801
813,0x001F81F4,ARM_HORIZONTAL_CANDIDATE,28.0,13.0,29.0,9.0,25.5,16.0,-4.0,12.5,20.0,12.0,true,28.0,12.75,-5.25,10.5
814,0x0007A18C,ARM_LEFT_CANDIDATE,26.047669887543,0.0,-36.365699768066,-18.885150909424,8.7545442581177,-36.365699768066,-18.885150909424,8.7545442581177,17.480548858643,17.480548858643,false,0.0,26.047669887543,-0.17315340042114,3.2294591903687
815,0x002E3180,MANUAL_AIM_CANDIDATE,26.022491455078,0.0,0.0,0.0,26.022491455078,0.0,0.0,26.022491455078,0.0,0.0,false,0.0,-2.6022491455078,-2.6022491455078,26.022491455078
816,0x0020F3C8,MANUAL_AIM_CANDIDATE,25.519140625,17659.6484375,17662.61328125,17661.3359375,17633.6640625,2.96484375,1.6875,-25.984375,1.27734375,1.27734375,false,0.0,-0.47734375,-2.393359375,25.519140625
817,0x0020F3D4,MANUAL_AIM_CANDIDATE,25.519140625,17659.6484375,17662.61328125,17661.3359375,17633.6640625,2.96484375,1.6875,-25.984375,1.27734375,1.27734375,false,0.0,-0.47734375,-2.393359375,25.519140625
818,0x000E743C,ARM_RIGHT_CANDIDATE,25.375,-8.0625,-17.25,-38.25,-5.875,-9.1875,-30.1875,2.1875,21.0,21.0,false,0.0,-6.125,25.375,-1.75
819,0x000E744C,ARM_RIGHT_CANDIDATE,25.375,-8.0625,-17.25,-38.25,-5.875,-9.1875,-30.1875,2.1875,21.0,21.0,false,0.0,-6.125,25.375,-1.75
820,0x000D5C3C,ARM_RIGHT_CANDIDATE,25.028125,-7.6875,-16.375,-37.25,-5.78125,-8.6875,-29.5625,1.90625,20.875,20.875,false,0.0,-6.284375,25.028125,-1.91875
821,0x000D5C4C,ARM_RIGHT_CANDIDATE,25.028125,-7.6875,-16.375,-37.25,-5.78125,-8.6875,-29.5625,1.90625,20.875,20.875,false,0.0,-6.284375,25.028125,-1.91875
822,0x0007A1E4,ARM_RIGHT_CANDIDATE,24.887850952148,0.0,0.0,-27.653167724609,-27.653167724609,0.0,-27.653167724609,-27.653167724609,27.653167724609,27.653167724609,false,0.0,-16.591900634766,24.887850952148,24.887850952148
823,0x001F7FC0,MANUAL_AIM_CANDIDATE,23.7,35.0,31.0,31.0,10.5,-4.0,-4.0,-24.5,0.0,0.0,false,0.0,-0.45,-0.45,23.7
824,0x003B35FC,ARM_LEFT_CANDIDATE,23.306142425537,114.48899841309,139.76354980469,117.93955230713,116.92031860352,25.274551391602,3.450553894043,2.4313201904297,21.823997497559,21.823997497559,false,0.0,23.306142425537,-9.4298538208008,-0.44119033813477
825,0x001F207C,MANUAL_AIM_CANDIDATE,23.132470703125,5765.0297851563,5781.4375,5782.2094726563,5791.5209960938,16.40771484375,17.1796875,26.4912109375,0.77197265625,0.77197265625,false,0.0,5.16875,6.326708984375,23.132470703125
826,0x003B3690,ARM_LEFT_CANDIDATE,21.998714447021,0.0,21.998714447021,0.0,0.0,21.998714447021,0.0,0.0,21.998714447021,21.998714447021,false,0.0,21.998714447021,-10.999357223511,-2.1998714447021
827,0x000816A0,ARM_LEFT_CANDIDATE,21.100341033936,116.64061737061,139.97164916992,120.45822906494,119.85946655273,23.331031799316,3.8176116943359,3.2188491821289,19.51342010498,19.51342010498,false,0.0,21.100341033936,-8.1697891235352,0.50398483276367
828,0x002867E8,ARM_RIGHT_CANDIDATE,20.656440274417,-3.8242464065552,-9.2971382141113,-27.59455871582,-0.049985095858574,-5.4728918075562,-23.770312309265,3.7742613106966,18.297420501709,18.297420501709,false,0.0,-6.7896904781461,20.656440274417,0.84994089901447
829,0x003B3408,ARM_RIGHT_CANDIDATE,19.838593346626,0.0,0.12347950786352,20.0,-0.99666899442673,0.12347950786352,20.0,-0.99666899442673,19.876520492136,19.876520492136,false,0.0,-9.9761873915792,19.838593346626,-1.0156789563596
830,0x001F82B0,ARM_RIGHT_CANDIDATE,19.7,29.5,29.5,9.5,26.5,0.0,-20.0,-3.0,20.0,20.0,false,0.0,-10.3,19.7,1.0
831,0x002867FC,ARM_HORIZONTAL_CANDIDATE,17.23980037868,-3.7617454528809,-9.7971458435059,-0.02694545686245,-0.0093221627175808,-6.035400390625,3.7347999960184,3.7524232901633,9.7702003866434,2.3006003946066,true,17.23980037868,3.7927580635995,0.34185747168958,2.7754032514989
832,0x003B2A9C,ARM_LEFT_CANDIDATE,17.0,-28.0,-57.0,-48.0,-48.0,-29.0,-20.0,-20.0,9.0,9.0,false,0.0,17.0,3.5,15.1
833,0x000D3608,MANUAL_AIM_CANDIDATE,16.24024848938,-1.3668619394302,-12.978002548218,-11.439019203186,-19.775440216064,-11.611140608788,-10.072157263756,-18.408578276634,1.5389833450317,1.5389833450317,false,0.0,4.7342041492462,2.4257291316986,16.24024848938
834,0x003B31E0,ARM_LEFT_CANDIDATE,15.85509967804,0.0,15.85509967804,0.0,0.0,15.85509967804,0.0,0.0,15.85509967804,15.85509967804,false,0.0,15.85509967804,-7.9275498390198,-1.585509967804
835,0x003B33C8,ARM_LEFT_CANDIDATE,15.85509967804,-0.0,15.85509967804,0.0,0.0,15.85509967804,0.0,0.0,15.85509967804,15.85509967804,false,0.0,15.85509967804,-7.9275498390198,-1.585509967804
836,0x001F6E84,ARM_RIGHT_CANDIDATE,15.2,0.0,0.0,16.0,8.0,0.0,16.0,8.0,16.0,16.0,false,0.0,-8.8,15.2,6.4
837,0x000D39A0,ARM_LEFT_CANDIDATE,15.131378173828,-1000.0,-970.48651123047,-971.23577880859,-1000.0,29.513488769531,28.764221191406,0.0,0.749267578125,0.749267578125,false,0.0,15.131378173828,14.007476806641,-5.8277709960938
838,0x000D3D48,ARM_LEFT_CANDIDATE,15.131378173828,-1000.0,-970.48651123047,-971.23577880859,-1000.0,29.513488769531,28.764221191406,0.0,0.749267578125,0.749267578125,false,0.0,15.131378173828,14.007476806641,-5.8277709960938
839,0x000D3564,MANUAL_AIM_CANDIDATE,14.4,-1.0,17.0,17.0,17.0,18.0,18.0,18.0,0.0,0.0,false,0.0,7.2,7.2,14.4
840,0x001F6E80,ARM_RIGHT_CANDIDATE,14.4,16.0,16.0,0.0,0.0,0.0,-16.0,-16.0,16.0,16.0,false,0.0,-9.6,14.4,14.4
841,0x000D35EC,ARM_RIGHT_CANDIDATE,13.65054473877,112.90000915527,107.26755523682,95.943237304688,108.00000762939,-5.632453918457,-16.956771850586,-4.9000015258789,11.324317932129,11.324317932129,false,0.0,-3.3359321594238,13.65054473877,2.6410789489746
842,0x002867F0,ARM_RIGHT_CANDIDATE,13.529148135334,-3.8242464065552,-9.5471420288086,-20.594718933105,-0.025480605661869,-5.7228956222534,-16.77047252655,3.7987658008933,11.047576904297,11.047576904297,false,0.0,-3.0422172211111,13.529148135334,1.5494289860129
843,0x000D3F4C,ARM_LEFT_CANDIDATE,13.468887329102,120.0,136.95068359375,126.9635925293,120.0,16.95068359375,6.9635925292969,0.0,9.9870910644531,9.9870910644531,false,0.0,13.468887329102,-1.5117492675781,-2.3914276123047
844,0x000D3F60,ARM_LEFT_CANDIDATE,13.468887329102,120.0,136.95068359375,126.9635925293,120.0,16.95068359375,6.9635925292969,0.0,9.9870910644531,9.9870910644531,false,0.0,13.468887329102,-1.5117492675781,-2.3914276123047
845,0x000816AC,ARM_LEFT_CANDIDATE,13.451535797119,94.384925842285,78.954971313477,90.891296386719,92.068885803223,-15.429954528809,-3.4936294555664,-2.3160400390625,11.936325073242,11.936325073242,false,0.0,13.451535797119,-4.4529518127441,0.423681640625
846,0x001F6F3C,MANUAL_AIM_CANDIDATE,12.8,16.0,0.0,0.0,0.0,-16.0,-16.0,-16.0,0.0,0.0,false,0.0,6.4,6.4,12.8
847,0x0007FFEC,MANUAL_AIM_CANDIDATE,11.839050292969,215.20118713379,230.0,230.0,230.0,14.798812866211,14.798812866211,14.798812866211,0.0,0.0,false,0.0,5.9195251464844,5.9195251464844,11.839050292969
848,0x003B2A7C,MANUAL_AIM_CANDIDATE,11.2,-16.0,-25.0,-25.0,-29.0,-9.0,-9.0,-13.0,0.0,0.0,false,0.0,3.2,3.2,11.2
849,0x003B33BC,ARM_HORIZONTAL_CANDIDATE,11.099338531494,-0.96667146682739,-9.1659955978394,0.0,0.0,-8.199324131012,0.96667146682739,0.96667146682739,9.1659955978394,7.2326526641846,true,11.099338531494,7.6193212509155,-3.2296577453613,0.050071907043457
850,0x0005D770,ARM_HORIZONTAL_CANDIDATE,10.956628799438,-1.5156444311142,2.5366261005402,-3.8170971870422,5.6488037109375,4.0522705316544,-2.301452755928,7.1644481420517,6.3537232875824,1.7508177757263,true,10.956628799438,2.1850993394852,-0.44112732410431,6.5290758132935
851,0x001F6E50,MANUAL_AIM_CANDIDATE,10.3,0.0,0.0,7.0,11.0,0.0,7.0,11.0,7.0,7.0,false,0.0,-4.6,5.9,10.3
852,0x001A03A0,MANUAL_AIM_CANDIDATE,10.100603485107,0.0,-12.625754356384,-12.625754356384,-12.625754356384,-12.625754356384,-12.625754356384,-12.625754356384,0.0,0.0,false,0.0,5.0503017425537,5.0503017425537,10.100603485107
853,0x000D3DD0,ARM_HORIZONTAL_CANDIDATE,10.030655026436,-1.9944186210632,-4.539213180542,0.5008682012558,-1.7899435758591,-2.5447945594788,2.495286822319,0.20447504520416,5.0400813817978,0.049507737159729,true,10.030655026436,1.2767036437988,1.2024420380592,-0.29953309297562
854,0x000816C0,ARM_LEFT_CANDIDATE,10.004309844971,95.486366271973,83.714965820313,92.355346679688,93.470558166504,-11.77140045166,-3.1310195922852,-2.0158081054688,8.640380859375,8.640380859375,false,0.0,10.004309844971,-2.9562614440918,0.52556610107422
855,0x001A036C,MANUAL_AIM_CANDIDATE,10.001383209229,0.0,-12.501729011536,-12.501729011536,-12.501729011536,-12.501729011536,-12.501729011536,-12.501729011536,0.0,0.0,false,0.0,5.0006916046143,5.0006916046143,10.001383209229
856,0x003B2FC0,ARM_LEFT_CANDIDATE,10.0,10.0,0.0,10.0,10.0,-10.0,0.0,0.0,10.0,10.0,false,0.0,10.0,-5.0,-1.0
857,0x003B367C,ARM_LEFT_CANDIDATE,10.0,0.0,10.0,0.0,0.0,10.0,0.0,0.0,10.0,10.0,false,0.0,10.0,-5.0,-1.0
858,0x000D3A28,ARM_HORIZONTAL_CANDIDATE,9.9499168395996,10.816593170166,8.3752403259277,13.442451477051,11.229428291321,-2.4413528442383,2.6258583068848,0.41283512115479,5.067211151123,0.18450546264648,true,9.9499168395996,1.0871401786804,1.3638983726501,-0.09388599395752
859,0x0005D798,ARM_HORIZONTAL_CANDIDATE,9.7390716075897,-0.8203222155571,1.3933130502701,-3.9184880256653,-2.890625,2.2136352658272,-3.0981658101082,-2.0703027844429,5.3118010759354,0.88453054428101,true,9.7390716075897,0.4575220823288,1.7843178987503,1.5391226768494
860,0x000D3584,MANUAL_AIM_CANDIDATE,9.6,0.0,12.0,12.0,12.0,12.0,12.0,12.0,0.0,0.0,false,0.0,4.8,4.8,9.6
861,0x003B2E3C,ARM_LEFT_CANDIDATE,9.339409828186,0.0,-9.339409828186,0.0,0.0,-9.339409828186,0.0,0.0,9.339409828186,9.339409828186,false,0.0,9.339409828186,-4.669704914093,-0.9339409828186
862,0x003B31D4,ARM_LEFT_CANDIDATE,9.1659955978394,0.0,-9.1659955978394,0.0,0.0,-9.1659955978394,0.0,0.0,9.1659955978394,9.1659955978394,false,0.0,9.1659955978394,-4.5829977989197,-0.91659955978394
863,0x003B31D8,ARM_LEFT_CANDIDATE,9.1598863601685,0.0,-9.1598863601685,0.0,0.0,-9.1598863601685,0.0,0.0,9.1598863601685,9.1598863601685,false,0.0,9.1598863601685,-4.5799431800842,-0.91598863601685
864,0x003B33C0,ARM_LEFT_CANDIDATE,9.1598863601685,-0.0,-9.1598863601685,0.0,0.0,-9.1598863601685,0.0,0.0,9.1598863601685,9.1598863601685,false,0.0,9.1598863601685,-4.5799431800842,-0.91598863601685
865,0x0020F3A8,ARM_HORIZONTAL_CANDIDATE,9.1000061035156,108.30001068115,100.40000915527,108.70001220703,109.60000610352,-7.9000015258789,0.40000152587891,1.2999954223633,8.3000030517578,7.5,true,9.1000061035156,7.5700012207031,-3.6799987792969,0.4699951171875
866,0x0020F38C,ARM_HORIZONTAL_CANDIDATE,8.9499969482422,1.2977752685547,-6.6022262573242,1.6477737426758,2.8977737426758,-7.9000015258789,0.34999847412109,1.5999984741211,8.25,7.5500030517578,true,8.9499969482422,7.5650024414063,-3.7600021362305,0.77499847412109
867,0x0020F3B8,ARM_HORIZONTAL_CANDIDATE,8.7999877929688,108.30001068115,100.40000915527,108.60000610352,109.80001068115,-7.9000015258789,0.29999542236328,1.5,8.1999969482422,7.6000061035156,true,8.7999877929688,7.6000038146973,-3.8000053405762,0.68000030517578
868,0x0007A1DC,ARM_RIGHT_CANDIDATE,8.6407110214233,0.0,0.0,-9.6007900238037,-9.6007900238037,0.0,-9.6007900238037,-9.6007900238037,9.6007900238037,9.6007900238037,false,0.0,-5.7604740142822,8.6407110214233,8.6407110214233
869,0x001F1910,ARM_HORIZONTAL_CANDIDATE,8.4000015258789,1.2977752685547,-5.6022262573242,1.7977752685547,2.8977737426758,-6.9000015258789,0.5,1.5999984741211,7.4000015258789,6.4000015258789,true,8.4000015258789,6.4900016784668,-3.1100006103516,0.8599983215332
870,0x002867EC,ARM_RIGHT_CANDIDATE,8.3576064050198,-3.8242464065552,-9.2971420288086,-15.297191619873,-0.035336434841156,-5.4728956222534,-11.472945213318,3.788909971714,6.0000495910645,6.0000495910645,false,0.0,-0.64246798157692,8.3576064050198,2.0943258881569
871,0x0005D788,ARM_RIGHT_CANDIDATE,8.0797369718552,-1.3941202163696,-0.86896204948425,7.6101593971252,-8.0137557983398,0.52515816688538,9.0042796134949,-6.6196355819702,8.4791214466095,8.4791214466095,false,0.0,-4.6389451980591,8.0797369718552,5.6666918039322
872,0x003B2C6C,ARM_LEFT_CANDIDATE,8.0,0.0,16.0,16.0,0.0,16.0,16.0,0.0,0.0,0.0,false,0.0,8.0,8.0,-3.2
873,0x002E2F50,MANUAL_AIM_CANDIDATE,7.9906616210938,0.0,0.0,0.0,7.9906616210938,0.0,0.0,7.9906616210938,0.0,0.0,false,0.0,-0.79906616210938,-0.79906616210938,7.9906616210938
874,0x0005D790,ARM_HORIZONTAL_CANDIDATE,7.9896565675735,-1.8749916553497,-1.2949343919754,-8.1244764328003,-8.0137557983398,0.58005726337433,-6.2494847774506,-6.1387641429901,6.8295420408249,5.6694275140762,true,7.9896565675735,-3.15856153965,5.3455797314644,5.4558099389076
875,0x000D38B4,ARM_HORIZONTAL_CANDIDATE,7.977903559804,-3.6681430339813,-5.180543422699,-0.22744064033031,4.588559627533,-1.5124003887177,3.440702393651,8.2567026615143,4.9531027823687,1.9283020049334,true,7.977903559804,-1.0336210742593,1.8588319331408,7.7613923832774
876,0x000816B4,ARM_LEFT_CANDIDATE,7.9603469848633,115.32487487793,125.30074310303,118.82006835938,118.00411987305,9.9758682250977,3.4951934814453,2.6792449951172,6.4806747436523,6.4806747436523,false,0.0,7.9603469848633,-1.7606651306152,1.3321388244629
877,0x0007C214,ARM_LEFT_CANDIDATE,7.9105201721191,94.384925842285,84.495986938477,90.891296386719,92.068885803223,-9.8889389038086,-3.4936294555664,-2.3160400390625,6.3953094482422,6.3953094482422,false,0.0,7.9105201721191,-1.6824440002441,0.977783203125
878,0x000D38B8,ARM_LEFT_CANDIDATE,7.8076881170273,3.9098432064056,-5.762396812439,0.36198735237122,4.8160829544067,-9.6722400188446,-3.5478558540344,0.9062397480011,6.1243841648102,6.1243841648102,false,0.0,7.8076881170273,-1.378888130188,-0.4157698392868
879,0x001EEFCC,ARM_RIGHT_CANDIDATE,7.7041625976563,-47.080982208252,-47.080982208252,-55.641162872314,-55.641162872314,0.0,-8.5601806640625,-8.5601806640625,8.5601806640625,8.5601806640625,false,0.0,-5.1361083984375,7.7041625976563,7.7041625976563
880,0x002E31E4,MANUAL_AIM_CANDIDATE,7.6346430778503,0.0,0.0,0.0,-7.6346430778503,0.0,0.0,-7.6346430778503,0.0,0.0,false,0.0,-0.76346430778503,-0.76346430778503,7.6346430778503
881,0x002E2F2C,MANUAL_AIM_CANDIDATE,7.5629348754883,0.0,0.0,0.0,7.5629348754883,0.0,0.0,7.5629348754883,0.0,0.0,false,0.0,-0.75629348754883,-0.75629348754883,7.5629348754883
882,0x002E31AC,MANUAL_AIM_CANDIDATE,7.560417175293,0.0,0.0,0.0,-7.560417175293,0.0,0.0,-7.560417175293,0.0,0.0,false,0.0,-0.7560417175293,-0.7560417175293,7.560417175293
883,0x0020F8B0,ARM_HORIZONTAL_CANDIDATE,7.3853434920311,2.2974109649658,0.89859074354172,5.4862937927246,5.4547986984253,-1.3988202214241,3.1888828277588,3.1573877334595,4.5877030491829,1.7900626063347,true,7.3853434920311,-0.51135996580124,2.1737339437008,2.6986174285412
884,0x0020F8C0,ARM_HORIZONTAL_CANDIDATE,7.3853434920311,2.2974109649658,0.89859074354172,5.4862937927246,5.4547986984253,-1.3988202214241,3.1888828277588,3.1573877334595,4.5877030491829,1.7900626063347,true,7.3853434920311,-0.51135996580124,2.1737339437008,2.6986174285412
885,0x0020F8A4,ARM_HORIZONTAL_CANDIDATE,7.3853434324265,2.2974109649658,0.89859092235565,5.4862942695618,5.4547991752625,-1.3988200426102,3.1888833045959,3.1573882102966,4.5877033472061,1.7900632619858,true,7.3853434324265,-0.51136043071747,2.1737344622612,2.698617875576
886,0x003B2E40,ARM_LEFT_CANDIDATE,7.2009666442871,-8.1743545532227,-17.085506439209,-11.163005828857,-10.332950592041,-8.9111518859863,-2.9886512756348,-2.1585960388184,5.9225006103516,5.9225006103516,false,0.0,7.2009666442871,-1.6827842712402,0.96861572265625
887,0x0006A124,ARM_HORIZONTAL_CANDIDATE,7.0999984741211,1.2977752685547,-4.3022232055664,1.7977752685547,2.847770690918,-5.5999984741211,0.5,1.5499954223633,6.0999984741211,5.0999984741211,true,7.0999984741211,5.1949989318848,-2.4549987792969,0.93999557495117
888,0x000D349C,ARM_LEFT_CANDIDATE,7.015552520752,100.00009918213,89.945304870605,94.746551513672,95.875419616699,-10.054794311523,-5.253547668457,-4.1246795654297,4.8012466430664,4.8012466430664,false,0.0,7.015552520752,-0.18631744384766,2.5938453674316
889,0x000D3494,ARM_LEFT_CANDIDATE,7.0155143737793,100.00009918213,89.945343017578,94.746551513672,95.875419616699,-10.054756164551,-5.253547668457,-4.1246795654297,4.8012084960938,4.8012084960938,false,0.0,7.0155143737793,-0.18629837036133,2.5938491821289
890,0x0005D7A8,ARM_LEFT_CANDIDATE,7.0131139993668,-4.0328216552734,3.6420638561249,-3.340842962265,-0.875,7.6748855113983,0.69197869300842,3.1578216552734,6.9829068183899,6.9829068183899,false,0.0,7.0131139993668,-3.4612462282181,2.3211352348328
891,0x0020FF88,ARM_HORIZONTAL_CANDIDATE,7.0,108.60000610352,109.10000610352,103.10000610352,108.90000915527,0.5,-5.5,0.30000305175781,6.0,5.0,true,7.0,-2.2800003051758,5.2199996948242,-0.29999694824219
892,0x00069CE0,MANUAL_AIM_CANDIDATE,6.84814453125,-47.080982208252,-55.641162872314,-55.641162872314,-55.641162872314,-8.5601806640625,-8.5601806640625,-8.5601806640625,0.0,0.0,false,0.0,3.424072265625,3.424072265625,6.84814453125
893,0x00204CEC,MANUAL_AIM_CANDIDATE,6.84814453125,-47.080982208252,-55.641162872314,-55.641162872314,-55.641162872314,-8.5601806640625,-8.5601806640625,-8.5601806640625,0.0,0.0,false,0.0,3.424072265625,3.424072265625,6.84814453125
894,0x000D3C60,ARM_LEFT_CANDIDATE,6.765700340271,4.6330089569092,-5.2682948112488,-1.1092557907104,1.9882984161377,-9.901303768158,-5.7422647476196,-2.6447105407715,4.1590390205383,4.1590390205383,false,0.0,6.765700340271,0.5271418094635,1.0803536891937
895,0x003B33C4,ARM_LEFT_CANDIDATE,6.6318690538406,0.25597506761551,-6.5294790267944,0.0,0.0,-6.7854540944099,-0.25597506761551,-0.25597506761551,6.5294790267944,6.5294790267944,false,0.0,6.6318690538406,-3.162349486351,-0.44816784858704
896,0x000D38BC,ARM_HORIZONTAL_CANDIDATE,6.6275873184204,-0.17763805389404,-1.9483824968338,1.4413095712662,1.0111646652222,-1.7707444429398,1.6189476251602,1.1888027191162,3.3896920681,0.15179681777954,true,6.6275873184204,0.84239035844803,0.61469513177872,0.84983351230621
897,0x000D35C0,ARM_RIGHT_CANDIDATE,6.4727592468262,108.30001068115,107.39329528809,101.35330963135,108.0941696167,-0.90671539306641,-6.9467010498047,-0.20584106445313,6.0399856567383,6.0399856567383,false,0.0,-2.5872192382813,6.4727592468262,-0.57950057983398
898,0x000D36A4,ARM_RIGHT_CANDIDATE,6.4727592468262,108.30001068115,107.39329528809,101.35330963135,108.0941696167,-0.90671539306641,-6.9467010498047,-0.20584106445313,6.0399856567383,6.0399856567383,false,0.0,-2.5872192382813,6.4727592468262,-0.57950057983398
899,0x000D36E4,ARM_RIGHT_CANDIDATE,6.4727592468262,108.30001068115,107.39329528809,101.35330963135,108.0941696167,-0.90671539306641,-6.9467010498047,-0.20584106445313,6.0399856567383,6.0399856567383,false,0.0,-2.5872192382813,6.4727592468262,-0.57950057983398
900,0x000D3724,ARM_RIGHT_CANDIDATE,6.4724456787109,112.40186309814,111.49740600586,105.45708465576,112.20082092285,-0.90445709228516,-6.9447784423828,-0.20104217529297,6.0403213500977,6.0403213500977,false,0.0,-2.5880363464355,6.4724456787109,-0.58388137817383
901,0x002E1884,MANUAL_AIM_CANDIDATE,6.4593002177775,-7.966667175293,0.55416887998581,-1.8822999000549,-0.046846624463797,8.5208360552788,6.084367275238,7.9198205508292,2.4364687800407,2.4364687800407,false,0.0,4.6866703625768,1.0319671925157,6.4593002177775
902,0x003B2B98,MANUAL_AIM_CANDIDATE,6.4566969051957,7.872802734375,0.13286024332047,0.13145343959332,-0.13202334940434,-7.7399424910545,-7.7413492947817,-8.0048260837793,0.00140680372715,0.00140680372715,false,0.0,3.0687852352858,3.0708954408765,6.4566969051957
903,0x000D3664,ARM_RIGHT_CANDIDATE,6.4480438232422,160.41537475586,159.4638671875,153.46766662598,160.17626953125,-0.95150756835938,-6.9477081298828,-0.23910522460938,5.9962005615234,5.9962005615234,false,0.0,-2.546257019043,6.4480438232422,-0.55081634521484
904,0x001F6F40,MANUAL_AIM_CANDIDATE,6.4,0.0,8.0,8.0,8.0,8.0,8.0,8.0,0.0,0.0,false,0.0,3.2,3.2,6.4
905,0x003B2DF4,ARM_LEFT_CANDIDATE,6.2831854820251,6.2831854820251,0.0,6.2831854820251,6.2831854820251,-6.2831854820251,0.0,0.0,6.2831854820251,6.2831854820251,false,0.0,6.2831854820251,-3.1415927410126,-0.62831854820251
906,0x003B2F40,ARM_HORIZONTAL_CANDIDATE,6.0985467806458,-0.023558806627989,3.6420638561249,-0.83453351259232,-0.70116895437241,3.6656226627529,-0.81097470596433,-0.67761014774442,4.4765973687172,2.8546479567885,true,6.0985467806458,3.1923742949963,-1.0895976401865,0.2299504108727
907,0x000D3C5C,ARM_HORIZONTAL_CANDIDATE,6.0690574645996,-39.888362884521,-43.469623565674,-39.059097290039,-35.798862457275,-3.5812606811523,0.82926559448242,4.0895004272461,4.4105262756348,2.7519950866699,true,6.0690574645996,2.7576778411865,-1.3703147888184,3.6484477996826
908,0x000D4320,MANUAL_AIM_CANDIDATE,6.0235290527344,-7.529411315918,0.0,0.0,0.0,7.529411315918,7.529411315918,7.529411315918,0.0,0.0,false,0.0,3.0117645263672,3.0117645263672,6.0235290527344
909,0x003B3304,ARM_LEFT_CANDIDATE,6.0,0.0,-6.0,0.0,0.0,-6.0,0.0,0.0,6.0,6.0,false,0.0,6.0,-3.0,-0.6
910,0x0005D780,ARM_HORIZONTAL_CANDIDATE,5.9805270433426,1.8743499517441,1.8743568658829,-4.1061563491821,0.0,6.9141387939453e-06,-5.9805063009262,-1.8743499517441,5.980513215065,5.9804993867874,true,5.9805270433426,-3.1776812314987,5.7930678486824,1.2762986302376
911,0x0007C1FC,ARM_LEFT_CANDIDATE,5.9386665344238,116.64061737061,124.80997467041,120.45822906494,119.85946655273,8.1693572998047,3.8176116943359,3.2188491821289,4.3517456054688,4.3517456054688,false,0.0,5.9386665344238,-0.5889518737793,2.0201522827148
912,0x0020FDC0,ARM_HORIZONTAL_CANDIDATE,5.8841772079468,3.4523248672485,4.8234133720398,1.6814131736755,5.0497741699219,1.3710885047913,-1.770911693573,1.5974493026733,3.1420001983643,0.39982318878174,true,5.8841772079468,0.32588772773743,0.92562251091003,1.2832492828369
913,0x0020FDD0,ARM_HORIZONTAL_CANDIDATE,5.8841772079468,3.4523248672485,4.8234133720398,1.6814131736755,5.0497741699219,1.3710885047913,-1.770911693573,1.5974493026733,3.1420001983643,0.39982318878174,true,5.8841772079468,0.32588772773743,0.92562251091003,1.2832492828369
914,0x0020FDB4,ARM_HORIZONTAL_CANDIDATE,5.8841769695282,3.45232462883,4.8234128952026,1.6814124584198,5.0497741699219,1.3710882663727,-1.7709121704102,1.5974495410919,3.1420004367828,0.39982390403748,true,5.8841769695282,0.32588722705841,0.92562308311462,1.2832494974136
915,0x003B2D90,MANUAL_AIM_CANDIDATE,5.6236668586731,-3.4922361373901,3.3291766643524,3.4637730121613,3.5091729164124,6.8214128017426,6.9560091495514,7.0014090538025,0.13459634780884,0.13459634780884,false,0.0,2.6432673215866,2.8451618432999,5.6236668586731
916,0x0005D7A0,MANUAL_AIM_CANDIDATE,5.5904373168945,-1.5156444311142,2.5366261005402,3.5088255405426,-8.0137557983398,4.0522705316544,5.0244699716568,-6.4981113672256,0.97219944000244,0.97219944000244,false,0.0,0.89022440910339,2.3485235691071,5.5904373168945
917,0x00080038,ARM_LEFT_CANDIDATE,5.5443168640137,94.384925842285,86.862190246582,90.891296386719,92.068885803223,-7.5227355957031,-3.4936294555664,-2.3160400390625,4.0291061401367,4.0291061401367,false,0.0,5.5443168640137,-0.49934234619141,1.2144035339355
918,0x003B31C8,ARM_LEFT_CANDIDATE,5.4734072685242,0.0,-5.4734072685242,0.0,0.0,-5.4734072685242,0.0,0.0,5.4734072685242,5.4734072685242,false,0.0,5.4734072685242,-2.7367036342621,-0.54734072685242
919,0x000816C8,ARM_LEFT_CANDIDATE,5.3781379699707,114.47393798828,121.82521820068,117.93775177002,116.88629150391,7.3512802124023,3.4638137817383,2.412353515625,3.8874664306641,3.8874664306641,false,0.0,5.3781379699707,-0.45306167602539,1.3308441162109
920,0x0020FF78,ARM_RIGHT_CANDIDATE,5.3399978637695,109.10000610352,108.50000762939,103.40000915527,108.50000762939,-0.59999847412109,-5.6999969482422,-0.59999847412109,5.0999984741211,5.0999984741211,false,0.0,-2.3099998474121,5.3399978637695,-0.030001068115234
921,0x003B2FBC,ARM_LEFT_CANDIDATE,5.2831854820251,1.0,6.2831854820251,1.0,1.0,5.2831854820251,0.0,0.0,5.2831854820251,5.2831854820251,false,0.0,5.2831854820251,-2.6415927410126,-0.52831854820251
922,0x000D3520,MANUAL_AIM_CANDIDATE,5.231950378418,9.5,15.121784210205,9.6974639892578,15.313875198364,5.6217842102051,0.19746398925781,5.8138751983643,5.4243202209473,5.4243202209473,false,0.0,4.9416646957397,-3.1948156356812,5.231950378418
923,0x003B2B60,MANUAL_AIM_CANDIDATE,5.1505859375,6.438232421875,0.0,0.0,0.0,-6.438232421875,-6.438232421875,-6.438232421875,0.0,0.0,false,0.0,2.57529296875,2.57529296875,5.1505859375
924,0x001E8DC4,MANUAL_AIM_CANDIDATE,4.9076820373535,0.0,6.1346025466919,6.1346025466919,6.1346025466919,6.1346025466919,6.1346025466919,6.1346025466919,0.0,0.0,false,0.0,2.4538410186768,2.4538410186768,4.9076820373535
925,0x000D35FC,ARM_LEFT_CANDIDATE,4.9057935237885,-1.3668619394302,6.9219951629639,5.1609811782837,-0.17544174194336,8.2888571023941,6.5278431177139,1.1914201974869,1.7610139846802,1.7610139846802,false,0.0,4.9057935237885,2.2642725467682,-0.29024982452393
926,0x003B2F18,ARM_LEFT_CANDIDATE,4.8519208133221,0.99733400344849,-3.8545868396759,0.99733400344849,0.99733430147171,-4.8519208431244,0.0,2.9802322387695e-07,4.8519208431244,4.8519208431244,false,0.0,4.8519208133221,-2.4259604513645,-0.48519178628922
927,0x000D35F0,ARM_HORIZONTAL_CANDIDATE,4.7962996959686,-4.1168613433838,-2.5568850040436,-5.1956357955933,-3.5643444061279,1.5599763393402,-1.0787744522095,0.55251693725586,2.6387507915497,0.48120188713074,true,4.7962996959686,0.96533741950989,0.24353458881378,0.28864185810089
928,0x0020FF64,ARM_HORIZONTAL_CANDIDATE,4.7057800889015,5.440128326416,5.5030732154846,0.92318290472031,5.6007399559021,0.062944889068604,-4.5169454216957,0.16061162948608,4.5798903107643,4.4540005326271,true,4.7057800889015,-2.2115889847279,4.4694118142128,-0.29737740159035
929,0x0020FF70,ARM_HORIZONTAL_CANDIDATE,4.7057800889015,5.440128326416,5.5030732154846,0.92318290472031,5.6007399559021,0.062944889068604,-4.5169454216957,0.16061162948608,4.5798903107643,4.4540005326271,true,4.7057800889015,-2.2115889847279,4.4694118142128,-0.29737740159035
930,0x0020FF80,ARM_HORIZONTAL_CANDIDATE,4.7057800889015,5.440128326416,5.5030732154846,0.92318290472031,5.6007399559021,0.062944889068604,-4.5169454216957,0.16061162948608,4.5798903107643,4.4540005326271,true,4.7057800889015,-2.2115889847279,4.4694118142128,-0.29737740159035
931,0x002E2E68,MANUAL_AIM_CANDIDATE,4.5032043457031,0.0,0.0,0.0,4.5032043457031,0.0,0.0,4.5032043457031,0.0,0.0,false,0.0,-0.45032043457031,-0.45032043457031,4.5032043457031
932,0x002E2DB4,MANUAL_AIM_CANDIDATE,4.5000987052917,0.0,0.0,0.0,-4.5000987052917,0.0,0.0,-4.5000987052917,0.0,0.0,false,0.0,-0.45000987052917,-0.45000987052917,4.5000987052917
933,0x0020F718,MANUAL_AIM_CANDIDATE,4.5,109.10000610352,106.60000610352,106.60000610352,104.10000610352,-2.5,-2.5,-5.0,0.0,0.0,false,0.0,0.75,0.75,4.5
934,0x000D3C88,ARM_HORIZONTAL_CANDIDATE,4.3768849372864,0.036866366863251,1.2024853229523,-1.0335556268692,0.49772471189499,1.165618956089,-1.0704219937325,0.46085834503174,2.2360409498215,0.095196962356567,true,4.3768849372864,0.58432212471962,0.44152668118477,0.23725425004959
935,0x0007C21C,ARM_LEFT_CANDIDATE,4.3669860839844,115.32487487793,121.70738220215,118.82006835938,118.00411987305,6.3825073242188,3.4951934814453,2.6792449951172,2.8873138427734,2.8873138427734,false,0.0,4.3669860839844,0.036015319824219,1.6914749145508
936,0x001F1AF0,MANUAL_AIM_CANDIDATE,4.230859375,20304.53125,20304.53125,20304.125,20308.802734375,0.0,-0.40625,4.271484375,0.40625,0.40625,false,0.0,-0.6302734375,-0.0208984375,4.230859375
937,0x001F1B4C,MANUAL_AIM_CANDIDATE,4.230859375,20304.53125,20304.53125,20304.125,20308.802734375,0.0,-0.40625,4.271484375,0.40625,0.40625,false,0.0,-0.6302734375,-0.0208984375,4.230859375
938,0x001F1B54,MANUAL_AIM_CANDIDATE,4.230859375,20324.53125,20324.53125,20324.125,20328.802734375,0.0,-0.40625,4.271484375,0.40625,0.40625,false,0.0,-0.6302734375,-0.0208984375,4.230859375
939,0x001F1B5C,MANUAL_AIM_CANDIDATE,4.230859375,20304.53125,20304.53125,20304.125,20308.802734375,0.0,-0.40625,4.271484375,0.40625,0.40625,false,0.0,-0.6302734375,-0.0208984375,4.230859375
940,0x001F1B64,MANUAL_AIM_CANDIDATE,4.230859375,20284.53125,20284.53125,20284.125,20288.802734375,0.0,-0.40625,4.271484375,0.40625,0.40625,false,0.0,-0.6302734375,-0.0208984375,4.230859375
941,0x0020F540,MANUAL_AIM_CANDIDATE,4.230859375,20304.53125,20304.53125,20304.125,20308.802734375,0.0,-0.40625,4.271484375,0.40625,0.40625,false,0.0,-0.6302734375,-0.0208984375,4.230859375
942,0x0020F55C,MANUAL_AIM_CANDIDATE,4.230859375,20304.53125,20304.53125,20304.125,20308.802734375,0.0,-0.40625,4.271484375,0.40625,0.40625,false,0.0,-0.6302734375,-0.0208984375,4.230859375
943,0x0020F56C,MANUAL_AIM_CANDIDATE,4.230859375,20304.53125,20304.53125,20304.125,20308.802734375,0.0,-0.40625,4.271484375,0.40625,0.40625,false,0.0,-0.6302734375,-0.0208984375,4.230859375
944,0x000D35DC,ARM_LEFT_CANDIDATE,4.139998626709,103.70001220703,108.30001068115,103.70001220703,108.30001068115,4.5999984741211,0.0,4.5999984741211,4.5999984741211,4.5999984741211,false,0.0,4.139998626709,-2.7599990844727,4.139998626709
945,0x000977A8,ARM_RIGHT_CANDIDATE,4.0885169506073,-4.5427966117859,-4.5427966117859,0.0,0.0,0.0,4.5427966117859,4.5427966117859,4.5427966117859,4.5427966117859,false,0.0,-2.7256779670715,4.0885169506073,4.0885169506073
946,0x00204B50,ARM_LEFT_CANDIDATE,4.0875821113586,0.025958061218262,6.1038746833801,3.9976868629456,0.070659160614014,6.0779166221619,3.9717288017273,0.044701099395752,2.1061878204346,2.1061878204346,false,0.0,4.0875821113586,0.92830038070679,-0.96026344299316
947,0x00204B60,ARM_LEFT_CANDIDATE,4.0875821113586,0.025958061218262,6.1038746833801,3.9976868629456,0.070659160614014,6.0779166221619,3.9717288017273,0.044701099395752,2.1061878204346,2.1061878204346,false,0.0,4.0875821113586,0.92830038070679,-0.96026344299316
948,0x00204B44,ARM_LEFT_CANDIDATE,4.0875820636749,0.025958180427551,6.1038746833801,3.9976868629456,0.070659160614014,6.0779165029526,3.971728682518,0.044700980186462,2.1061878204346,2.1061878204346,false,0.0,4.0875820636749,0.92830033302307,-0.9602635383606
949,0x0006A15C,MANUAL_AIM_CANDIDATE,4.08046875,20304.53125,20304.53125,20304.125,20308.65234375,0.0,-0.40625,4.12109375,0.40625,0.40625,false,0.0,-0.615234375,-0.005859375,4.08046875
950,0x001F1CC8,MANUAL_AIM_CANDIDATE,4.07001953125,429.15673828125,425.00671386719,425.00671386719,424.25671386719,-4.1500244140625,-4.1500244140625,-4.9000244140625,0.0,0.0,false,0.0,1.585009765625,1.585009765625,4.07001953125
951,0x0020FC18,MANUAL_AIM_CANDIDATE,4.0599952697754,108.00000762939,104.50000762939,104.10000610352,103.20001220703,-3.5,-3.9000015258789,-4.7999954223633,0.40000152587891,0.40000152587891,false,0.0,1.0699996948242,1.6700019836426,4.0599952697754
952,0x0020FC28,MANUAL_AIM_CANDIDATE,4.0599952697754,108.00000762939,104.50000762939,104.10000610352,103.20001220703,-3.5,-3.9000015258789,-4.7999954223633,0.40000152587891,0.40000152587891,false,0.0,1.0699996948242,1.6700019836426,4.0599952697754
953,0x0005E660,ARM_RIGHT_CANDIDATE,3.9560570001602,-1.9927349090576,-1.9758400917053,1.9755145311356,-1.9552845954895,0.016894817352295,3.9682494401932,0.037450313568115,3.9513546228409,3.9513546228409,false,0.0,-1.9709749341011,3.9560570001602,-0.36106411218643
954,0x0020FA54,MANUAL_AIM_CANDIDATE,3.9544711947441,1.1802245378494,2.0858142375946,1.2015088796616,5.2273831367493,0.90558969974518,0.021284341812134,4.0471585988998,0.88430535793304,0.88430535793304,false,0.0,0.49023166894913,-0.83622636795044,3.9544711947441
955,0x0020FA60,MANUAL_AIM_CANDIDATE,3.954470872879,1.1802248954773,2.0858144760132,1.2015089988708,5.2273831367493,0.90558958053589,0.021284103393555,4.047158241272,0.88430547714233,0.88430547714233,false,0.0,0.49023170471191,-0.83622651100159,3.954470872879
956,0x0020FA70,MANUAL_AIM_CANDIDATE,3.954470872879,1.1802248954773,2.0858144760132,1.2015089988708,5.2273831367493,0.90558958053589,0.021284103393555,4.047158241272,0.88430547714233,0.88430547714233,false,0.0,0.49023170471191,-0.83622651100159,3.954470872879
957,0x001F7CD0,ARM_RIGHT_CANDIDATE,3.85,0.25,0.25,4.5,4.25,0.0,4.25,4.0,4.25,4.25,false,0.0,-2.525,3.85,3.575
958,0x0020FC10,MANUAL_AIM_CANDIDATE,3.8363051652908,1.5590757131577,2.3344178199768,1.52738904953,5.4760837554932,0.77534210681915,-0.031686663627625,3.9170080423355,0.80702877044678,0.74365544319153,true,0.87040209770203,0.36779797077179,-0.7476851940155,3.8363051652908
959,0x0020FC20,MANUAL_AIM_CANDIDATE,3.8363051652908,1.5590757131577,2.3344178199768,1.52738904953,5.4760837554932,0.77534210681915,-0.031686663627625,3.9170080423355,0.80702877044678,0.74365544319153,true,0.87040209770203,0.36779797077179,-0.7476851940155,3.8363051652908
960,0x0020FC04,MANUAL_AIM_CANDIDATE,3.8363050580025,1.5590757131577,2.3344187736511,1.5273889303207,5.4760837554932,0.77534306049347,-0.031686782836914,3.9170080423355,0.80702984333038,0.74365627765656,true,0.87040340900421,0.36779886484146,-0.74768555164337,3.8363050580025
961,0x001F6E20,ARM_RIGHT_CANDIDATE,3.8,0.0,0.0,4.0,2.0,0.0,4.0,2.0,4.0,4.0,false,0.0,-2.2,3.8,1.6
962,0x0020FA68,MANUAL_AIM_CANDIDATE,3.789998626709,108.00000762939,104.50000762939,103.40000915527,103.40000915527,-3.5,-4.5999984741211,-4.5999984741211,1.0999984741211,1.0999984741211,false,0.0,0.74000091552734,2.389998626709,3.789998626709
963,0x0020FA78,MANUAL_AIM_CANDIDATE,3.789998626709,108.00000762939,104.50000762939,103.40000915527,103.40000915527,-3.5,-4.5999984741211,-4.5999984741211,1.0999984741211,1.0999984741211,false,0.0,0.74000091552734,2.389998626709,3.789998626709
964,0x0020F708,MANUAL_AIM_CANDIDATE,3.7800018310547,109.20001220703,106.60000610352,106.60000610352,104.90000915527,-2.6000061035156,-2.6000061035156,-4.3000030517578,0.0,0.0,false,0.0,0.87000274658203,0.87000274658203,3.7800018310547
965,0x003B3264,ARM_RIGHT_CANDIDATE,3.724609375,0.0,0.0,3.724609375,0.0,0.0,3.724609375,0.0,3.724609375,3.724609375,false,0.0,-1.8623046875,3.724609375,-0.3724609375
966,0x0005D7B8,ARM_RIGHT_CANDIDATE,3.7137730121613,0.0,0.0,3.7137730121613,0.0,0.0,3.7137730121613,0.0,3.7137730121613,3.7137730121613,false,0.0,-1.8568865060806,3.7137730121613,-0.37137730121613
967,0x003B2F20,ARM_LEFT_CANDIDATE,3.6420638561249,0.0,3.6420638561249,0.0,0.0,3.6420638561249,0.0,0.0,3.6420638561249,3.6420638561249,false,0.0,3.6420638561249,-1.8210319280624,-0.36420638561249
968,0x002D507C,ARM_RIGHT_CANDIDATE,3.6341722130775,-1.8376376628876,-1.6765564680099,1.9056013822556,-1.5523753166199,0.16108119487762,3.7432390451431,0.2852623462677,3.5821578502655,3.5821578502655,false,0.0,-1.7390645623207,3.6341722130775,-0.10516967773438
969,0x0005D778,MANUAL_AIM_CANDIDATE,3.4831694364548,3.49609375,3.49609375,3.6253368854523,0.0,0.0,0.12924313545227,-3.49609375,0.12924313545227,0.12924313545227,false,0.0,-0.41423094272614,-0.22036623954773,3.4831694364548
970,0x003B2F58,ARM_LEFT_CANDIDATE,3.4729657173157,0.0,-3.4729657173157,0.0,0.0,-3.4729657173157,0.0,0.0,3.4729657173157,3.4729657173157,false,0.0,3.4729657173157,-1.7364828586578,-0.34729657173157
971,0x001F2608,ARM_RIGHT_CANDIDATE,3.3333334922791,0.0,0.0,-3.3333334922791,0.0,0.0,-3.3333334922791,0.0,3.3333334922791,3.3333334922791,false,0.0,-1.6666667461395,3.3333334922791,-0.33333334922791
972,0x003B2EE8,ARM_LEFT_CANDIDATE,3.3026010990143,0.0,3.3026010990143,0.0,0.0,3.3026010990143,0.0,0.0,3.3026010990143,3.3026010990143,false,0.0,3.3026010990143,-1.6513005495071,-0.33026010990143
973,0x0020F394,ARM_HORIZONTAL_CANDIDATE,3.1743342876434,2.5307714939117,3.3087992668152,1.6905205249786,1.6609431505203,0.77802777290344,-0.84025096893311,-0.86982834339142,1.6182787418365,0.062223196029663,true,3.1743342876434,0.27091945409775,0.36425424814224,0.70800046920776
974,0x0020F3A0,ARM_HORIZONTAL_CANDIDATE,3.1743342876434,2.5307714939117,3.3087992668152,1.6905205249786,1.6609431505203,0.77802777290344,-0.84025096893311,-0.86982834339142,1.6182787418365,0.062223196029663,true,3.1743342876434,0.27091945409775,0.36425424814224,0.70800046920776
975,0x0020F3B0,ARM_HORIZONTAL_CANDIDATE,3.1743342876434,2.5307714939117,3.3087992668152,1.6905205249786,1.6609431505203,0.77802777290344,-0.84025096893311,-0.86982834339142,1.6182787418365,0.062223196029663,true,3.1743342876434,0.27091945409775,0.36425424814224,0.70800046920776
976,0x000D35E0,ARM_HORIZONTAL_CANDIDATE,3.0587055683136,1.3831382989883,2.0431153774261,0.30436396598816,1.0356559753418,0.65997707843781,-1.0787743330002,-0.34748232364655,1.738751411438,0.41879725456238,true,3.0587055683136,0.085841679573059,0.71403756141663,0.17360718250275
977,0x003B3260,ARM_RIGHT_CANDIDATE,3.03515625,0.0,0.0,3.03515625,0.0,0.0,3.03515625,0.0,3.03515625,3.03515625,false,0.0,-1.517578125,3.03515625,-0.303515625
978,0x00210114,ARM_LEFT_CANDIDATE,2.9584733009338,4.0934662818909,0.95194554328918,4.0934662818909,2.2629919052124,-3.1415207386017,0.0,-1.8304743766785,3.1415207386017,3.1415207386017,false,0.0,2.9584733009338,-1.7538078069687,1.5163223028183
979,0x00210120,ARM_LEFT_CANDIDATE,2.9584730863571,4.0934662818909,0.95194578170776,4.0934662818909,2.262992143631,-3.1415205001831,0.0,-1.8304741382599,3.1415205001831,3.1415205001831,false,0.0,2.9584730863571,-1.7538076639175,1.5163220882416
980,0x00210130,ARM_LEFT_CANDIDATE,2.9584730863571,4.0934662818909,0.95194578170776,4.0934662818909,2.262992143631,-3.1415205001831,0.0,-1.8304741382599,3.1415205001831,3.1415205001831,false,0.0,2.9584730863571,-1.7538076639175,1.5163220882416
981,0x00080024,ARM_LEFT_CANDIDATE,2.8360740661621,116.64061737061,121.70738220215,120.45822906494,119.85946655273,5.066764831543,3.8176116943359,3.2188491821289,1.249153137207,1.249153137207,false,0.0,2.8360740661621,0.96234436035156,2.330411529541
982,0x00080040,ARM_LEFT_CANDIDATE,2.688069152832,115.32487487793,120.028465271,118.82006835938,118.00411987305,4.7035903930664,3.4951934814453,2.6792449951172,1.2083969116211,1.2083969116211,false,0.0,2.688069152832,0.87547378540039,1.859366607666
983,0x000D38E0,ARM_HORIZONTAL_CANDIDATE,2.6879961490631,-0.003196969628334,-1.2199695110321,0.48721089959145,-0.11087208986282,-1.2167725414038,0.49040786921978,-0.10767512023449,1.7071804106236,0.72636467218399,true,2.6879961490631,0.96080109477043,-0.12874591350555,-0.063042920827866
984,0x001E8DD4,MANUAL_AIM_CANDIDATE,2.5604492664337,5.7370781898499,4.10409116745,2.5067067146301,2.6902930736542,-1.6329870223999,-3.2303714752197,-3.0467851161957,1.5973844528198,1.5973844528198,false,0.0,-0.28687722682953,2.1091994524002,2.5604492664337
985,0x000D3ABC,ARM_LEFT_CANDIDATE,2.5328159332275,40.432479858398,37.512603759766,39.709293365479,40.687149047852,-2.9198760986328,-0.72318649291992,0.25466918945313,2.1966896057129,2.1966896057129,false,0.0,2.5328159332275,-0.7622184753418,-0.10963706970215
986,0x000D3C64,ARM_LEFT_CANDIDATE,2.4962469238788,0.017207695171237,-2.7931191921234,-0.37307316064835,1.2066030502319,-2.8103268872947,-0.39028085581958,1.1893953550607,2.4200460314751,2.4200460314751,false,0.0,2.4962469238788,-1.1338221233338,0.86933458074927
987,0x002E3098,MANUAL_AIM_CANDIDATE,2.4824895858765,0.0,0.0,0.0,-2.4824895858765,0.0,0.0,-2.4824895858765,0.0,0.0,false,0.0,-0.24824895858765,-0.24824895858765,2.4824895858765
988,0x003B2BAC,MANUAL_AIM_CANDIDATE,2.4,-3.0,0.0,0.0,0.0,3.0,3.0,3.0,0.0,0.0,false,0.0,1.2,1.2,2.4
989,0x001E8DC0,MANUAL_AIM_CANDIDATE,2.3317958831787,2.0350294113159,4.9497742652893,4.9497742652893,4.9497742652893,2.9147448539734,2.9147448539734,2.9147448539734,0.0,0.0,false,0.0,1.1658979415894,1.1658979415894,2.3317958831787
990,0x00286A58,ARM_HORIZONTAL_CANDIDATE,2.2565395757556,-0.31395435333252,-0.021574579179287,-1.6933546066284,-0.022062577307224,0.29237977415323,-1.3794002532959,0.2918917760253,1.6717800274491,1.0870204791427,true,2.2565395757556,-0.42650953009725,1.2040211886168,0.12471377328038
991,0x002E354C,MANUAL_AIM_CANDIDATE,2.2216646671295,0.0,0.0,0.0,-2.2216646671295,0.0,0.0,-2.2216646671295,0.0,0.0,false,0.0,-0.22216646671295,-0.22216646671295,2.2216646671295
992,0x002E3020,MANUAL_AIM_CANDIDATE,2.2189440727234,0.0,0.0,0.0,-2.2189440727234,0.0,0.0,-2.2189440727234,0.0,0.0,false,0.0,-0.22189440727234,-0.22189440727234,2.2189440727234
993,0x002E2FC8,MANUAL_AIM_CANDIDATE,2.1846389770508,0.0,0.0,0.0,2.1846389770508,0.0,0.0,2.1846389770508,0.0,0.0,false,0.0,-0.21846389770508,-0.21846389770508,2.1846389770508
994,0x000D3C94,ARM_HORIZONTAL_CANDIDATE,2.1801808476448,-0.85225588083267,-1.11465716362,0.54072111845016,0.091725885868073,-0.26240128278732,1.3929769992828,0.94398176670074,1.6553782820702,1.1305757164955,true,2.1801808476448,-0.52848539352417,1.1673781812191,0.77844393849373
995,0x0005E688,ARM_RIGHT_CANDIDATE,2.1528301239014,5.251220703125,5.251220703125,3.0983905792236,5.251220703125,0.0,-2.1528301239014,0.0,2.1528301239014,2.1528301239014,false,0.0,-1.0764150619507,2.1528301239014,-0.21528301239014
996,0x00286A5C,ARM_HORIZONTAL_CANDIDATE,2.1346277594566,-0.31395435333252,-0.072628676891327,-1.7246050834656,-0.014937479048967,0.24132567644119,-1.4106507301331,0.29901687428355,1.6519764065742,1.1693250536919,true,2.1346277594566,-0.49390137605369,1.2600862044841,0.13381923362613
997,0x000D38E8,MANUAL_AIM_CANDIDATE,2.1178102493286,0.0,-2.5781381130219,-2.4714386463165,-2.6227679252625,-2.5781381130219,-2.4714386463165,-2.6227679252625,0.10669946670532,0.10669946670532,false,0.0,1.0801419973373,0.92009279727936,2.1178102493286
998,0x002E2E08,MANUAL_AIM_CANDIDATE,2.0303370952606,0.0,0.0,0.0,2.0303370952606,0.0,0.0,2.0303370952606,0.0,0.0,false,0.0,-0.20303370952606,-0.20303370952606,2.0303370952606
999,0x00079E88,ARM_RIGHT_CANDIDATE,2.0057481765747,4.107264995575,3.5681619644165,1.8163237571716,3.9508495330811,-0.53910303115845,-2.2909412384033,-0.1564154624939,1.7518382072449,1.7518382072449,false,0.0,-0.6220091342926,2.0057481765747,-0.12658896446228
1000,0x001A0B7C,MANUAL_AIM_CANDIDATE,2.0000596046448,0.0,0.0,0.0,-2.0000596046448,0.0,0.0,-2.0000596046448,0.0,0.0,false,0.0,-0.20000596046448,-0.20000596046448,2.0000596046448
1001,0x0006A158,MANUAL_AIM_CANDIDATE,2.0,1.2977752685547,1.2977752685547,1.2977752685547,3.2977752685547,0.0,0.0,2.0,0.0,0.0,false,0.0,-0.2,-0.2,2.0
1002,0x000D3974,MANUAL_AIM_CANDIDATE,2.0,-1.0,-1.0,-1.0,1.0,0.0,0.0,2.0,0.0,0.0,false,0.0,-0.2,-0.2,2.0
1003,0x001F1AEC,MANUAL_AIM_CANDIDATE,2.0,1.2977752685547,1.2977752685547,1.2977752685547,3.2977752685547,0.0,0.0,2.0,0.0,0.0,false,0.0,-0.2,-0.2,2.0
1004,0x0020F53C,MANUAL_AIM_CANDIDATE,2.0,1.2977752685547,1.2977752685547,1.2977752685547,3.2977752685547,0.0,0.0,2.0,0.0,0.0,false,0.0,-0.2,-0.2,2.0
1005,0x0020F558,MANUAL_AIM_CANDIDATE,2.0,108.30001068115,108.30001068115,108.30001068115,110.30001068115,0.0,0.0,2.0,0.0,0.0,false,0.0,-0.2,-0.2,2.0
1006,0x0020F568,MANUAL_AIM_CANDIDATE,2.0,108.30001068115,108.30001068115,108.30001068115,110.30001068115,0.0,0.0,2.0,0.0,0.0,false,0.0,-0.2,-0.2,2.0
1007,0x003B30F0,ARM_RIGHT_CANDIDATE,2.0,204.0,204.0,206.0,204.0,0.0,2.0,0.0,2.0,2.0,false,0.0,-1.0,2.0,-0.2
1008,0x0005D7B0,MANUAL_AIM_CANDIDATE,1.9159266710281,3.5,3.5,3.5916268825531,5.4250893592834,0.0,0.091626882553101,1.9250893592834,0.091626882553101,0.091626882553101,false,0.0,-0.2383223772049,-0.10088205337524,1.9159266710281
1009,0x002E2DE4,MANUAL_AIM_CANDIDATE,1.905292391777,0.0,0.0,0.0,1.905292391777,0.0,0.0,1.905292391777,0.0,0.0,false,0.0,-0.1905292391777,-0.1905292391777,1.905292391777
1010,0x003B30EC,ARM_RIGHT_CANDIDATE,1.9,196.0,196.0,198.0,197.0,0.0,2.0,1.0,2.0,2.0,false,0.0,-1.1,1.9,0.8
1011,0x0020F574,ARM_HORIZONTAL_CANDIDATE,1.8999938964844,108.50000762939,108.30001068115,109.80001068115,108.30001068115,-0.19999694824219,1.3000030517578,-0.19999694824219,1.5,1.1000061035156,true,1.8999938964844,-0.47000427246094,1.1800048828125,0.049996948242187
1012,0x0020F580,ARM_HORIZONTAL_CANDIDATE,1.8999938964844,108.50000762939,108.30001068115,109.80001068115,108.30001068115,-0.19999694824219,1.3000030517578,-0.19999694824219,1.5,1.1000061035156,true,1.8999938964844,-0.47000427246094,1.1800048828125,0.049996948242187
1013,0x002E355C,MANUAL_AIM_CANDIDATE,1.8838114738464,0.0,0.0,0.0,1.8838114738464,0.0,0.0,1.8838114738464,0.0,0.0,false,0.0,-0.18838114738464,-0.18838114738464,1.8838114738464
1014,0x0020F700,ARM_HORIZONTAL_CANDIDATE,1.8142719268799,3.3220298290253,3.1648421287537,4.6647386550903,4.7600393295288,-0.15718770027161,1.3427088260651,1.4380095005035,1.4998965263367,1.1855211257935,true,1.8142719268799,-0.65796766281128,1.1203140258789,1.2880198478699
1015,0x0020F710,ARM_HORIZONTAL_CANDIDATE,1.8142719268799,3.3220298290253,3.1648421287537,4.6647386550903,4.7600393295288,-0.15718770027161,1.3427088260651,1.4380095005035,1.4998965263367,1.1855211257935,true,1.8142719268799,-0.65796766281128,1.1203140258789,1.2880198478699
1016,0x0020F6F4,ARM_HORIZONTAL_CANDIDATE,1.8142716884613,3.3220298290253,3.1648423671722,4.6647391319275,4.7600393295288,-0.15718746185303,1.3427093029022,1.4380095005035,1.4998967647552,1.1855218410492,true,1.8142716884613,-0.65796813964844,1.1203146219254,1.288019824028
1017,0x001A0360,MANUAL_AIM_CANDIDATE,1.8000001907349,0.0,2.2500002384186,2.2500002384186,2.2500002384186,2.2500002384186,2.2500002384186,2.2500002384186,0.0,0.0,false,0.0,0.90000009536743,0.90000009536743,1.8000001907349
1018,0x001F6EDC,MANUAL_AIM_CANDIDATE,1.8,0.0,2.25,2.25,2.25,2.25,2.25,2.25,0.0,0.0,false,0.0,0.9,0.9,1.8
1019,0x002F3E4C,MANUAL_AIM_CANDIDATE,1.600244140625,0.0,2.0003051757813,2.0003051757813,2.0003051757813,2.0003051757813,2.0003051757813,2.0003051757813,0.0,0.0,false,0.0,0.8001220703125,0.8001220703125,1.600244140625
1020,0x002F3ECC,MANUAL_AIM_CANDIDATE,1.600244140625,0.0,2.0003051757813,2.0003051757813,2.0003051757813,2.0003051757813,2.0003051757813,2.0003051757813,0.0,0.0,false,0.0,0.8001220703125,0.8001220703125,1.600244140625
1021,0x002F3E0C,MANUAL_AIM_CANDIDATE,1.6002441167831,0.0,2.0003051757813,2.0003054141998,2.0003051757813,2.0003051757813,2.0003054141998,2.0003051757813,2.3841857910156e-07,2.3841857910156e-07,false,0.0,0.80012195110321,0.80012230873108,1.6002441167831
1022,0x002F3E8C,MANUAL_AIM_CANDIDATE,1.6002440929413,0.0,2.0003054141998,2.0003054141998,2.0003051757813,2.0003054141998,2.0003054141998,2.0003051757813,0.0,0.0,false,0.0,0.80012218952179,0.80012218952179,1.6002440929413
1023,0x000D356C,MANUAL_AIM_CANDIDATE,1.6,2.0,0.0,0.0,0.0,-2.0,-2.0,-2.0,0.0,0.0,false,0.0,0.8,0.8,1.6
1024,0x001A00CC,MANUAL_AIM_CANDIDATE,1.6,0.0,2.0,2.0,2.0,2.0,2.0,2.0,0.0,0.0,false,0.0,0.8,0.8,1.6
1025,0x001EF240,MANUAL_AIM_CANDIDATE,1.6,0.0,-2.0,-2.0,-2.0,-2.0,-2.0,-2.0,0.0,0.0,false,0.0,0.8,0.8,1.6
1026,0x000D38CC,ARM_HORIZONTAL_CANDIDATE,1.5516278222203,0.035584595054388,0.31987321376801,-0.66317737102509,-0.69643467664719,0.28428861871362,-0.69876196607947,-0.73201927170157,0.98305058479309,0.41447334736586,true,1.5516278222203,-0.13829429149628,0.48341572955251,0.63371421322227
1027,0x000D3904,MANUAL_AIM_CANDIDATE,1.5486118912697,-0.93879103660583,0.72022795677185,0.84761965274811,0.95436382293701,1.6590189933777,1.7864106893539,1.8931548595428,0.12739169597626,0.12739169597626,false,0.0,0.57649816274643,0.76758570671082,1.5486118912697
1028,0x000D38E4,MANUAL_AIM_CANDIDATE,1.4726124048233,0.0,-1.6541850566864,-2.0559356212616,-1.8436244726181,-1.6541850566864,-2.0559356212616,-1.8436244726181,0.4017505645752,0.4017505645752,false,0.0,0.44185479879379,1.0444806456566,1.4726124048233
1029,0x001F1AE8,MANUAL_AIM_CANDIDATE,1.4681640625,16219.426757813,16219.426757813,16219.461914063,16217.955078125,0.0,0.03515625,-1.4716796875,0.03515625,0.03515625,false,0.0,-0.16474609375,-0.11201171875,1.4681640625
1030,0x001F1B48,MANUAL_AIM_CANDIDATE,1.4681640625,16239.426757813,16239.426757813,16239.461914063,16237.955078125,0.0,0.03515625,-1.4716796875,0.03515625,0.03515625,false,0.0,-0.16474609375,-0.11201171875,1.4681640625
1031,0x001F1B50,MANUAL_AIM_CANDIDATE,1.4681640625,16219.426757813,16219.426757813,16219.461914063,16217.955078125,0.0,0.03515625,-1.4716796875,0.03515625,0.03515625,false,0.0,-0.16474609375,-0.11201171875,1.4681640625
1032,0x001F1B58,MANUAL_AIM_CANDIDATE,1.4681640625,16199.426757813,16199.426757813,16199.461914063,16197.955078125,0.0,0.03515625,-1.4716796875,0.03515625,0.03515625,false,0.0,-0.16474609375,-0.11201171875,1.4681640625
1033,0x001F1B60,MANUAL_AIM_CANDIDATE,1.4681640625,16219.426757813,16219.426757813,16219.461914063,16217.955078125,0.0,0.03515625,-1.4716796875,0.03515625,0.03515625,false,0.0,-0.16474609375,-0.11201171875,1.4681640625
1034,0x0020F538,MANUAL_AIM_CANDIDATE,1.4681640625,16219.426757813,16219.426757813,16219.461914063,16217.955078125,0.0,0.03515625,-1.4716796875,0.03515625,0.03515625,false,0.0,-0.16474609375,-0.11201171875,1.4681640625
1035,0x0020F554,MANUAL_AIM_CANDIDATE,1.4681640625,16219.426757813,16219.426757813,16219.461914063,16217.955078125,0.0,0.03515625,-1.4716796875,0.03515625,0.03515625,false,0.0,-0.16474609375,-0.11201171875,1.4681640625
1036,0x0020F564,MANUAL_AIM_CANDIDATE,1.4681640625,16219.426757813,16219.426757813,16219.461914063,16217.955078125,0.0,0.03515625,-1.4716796875,0.03515625,0.03515625,false,0.0,-0.16474609375,-0.11201171875,1.4681640625
1037,0x0006A154,MANUAL_AIM_CANDIDATE,1.4544921875,16219.426757813,16219.426757813,16219.461914063,16217.96875,0.0,0.03515625,-1.4580078125,0.03515625,0.03515625,false,0.0,-0.16337890625,-0.11064453125,1.4544921875
1038,0x003B3374,MANUAL_AIM_CANDIDATE,1.436033094395,-0.5478942990303,0.0040038777515292,0.0,0.99811804294586,0.55189817678183,0.5478942990303,1.5460123419762,0.0040038777515292,0.0040038777515292,false,0.0,0.12334979306906,0.11734397644177,1.436033094395
1039,0x00286A68,ARM_RIGHT_CANDIDATE,1.3954325625673,-0.31395435333252,-0.47020673751831,-1.8183569908142,-0.0055155251175165,-0.15625238418579,-1.5044026374817,0.308438828215,1.3481502532959,1.3481502532959,false,0.0,-0.62679281737655,1.3954325625673,0.14237332604825
1040,0x000D35F4,ARM_LEFT_CANDIDATE,1.3945130944252,-0.32281449437141,1.4860166311264,0.34278255701065,-1.1380095481873,1.8088311254978,0.66559705138206,-0.81519505381584,1.1432340741158,1.1432340741158,false,0.0,1.3945130944252,-0.32033801674843,0.56775223612785
1041,0x000D38F8,ARM_HORIZONTAL_CANDIDATE,1.3824983984232,0.0017112493515015,-0.07842592895031,1.1437981128693,0.36685347557068,-0.080137178301811,1.1420868635178,0.36514222621918,1.2222240418196,1.061949685216,true,1.3824983984232,-0.52742047607899,1.0655040517449,0.24291982203722
1042,0x001F2080,MANUAL_AIM_CANDIDATE,1.3800018310547,353.69519042969,352.14520263672,351.5451965332,351.94519042969,-1.5499877929688,-2.1499938964844,-1.75,0.60000610351563,0.60000610351563,false,0.0,0.29999084472656,1.2,1.3800018310547
1043,0x001F19E0,ARM_HORIZONTAL_CANDIDATE,1.3715942017734,0.8143013715744,-0.0418173186481,0.98612654209137,0.96434569358826,-0.8561186902225,0.17182517051697,0.15004432201385,1.0279438607395,0.68429351970553,true,1.3715942017734,0.75520167276263,-0.27123860679567,0.047249935939908
1044,0x003B2CB0,MANUAL_AIM_CANDIDATE,1.3675109863281,214.99403381348,215.84045410156,214.92037963867,216.45355224609,0.84642028808594,-0.073654174804688,1.4595184326172,0.92007446289063,0.77276611328125,true,1.0673828125,0.66364135742188,-0.4955078125,1.3675109863281
1045,0x00286A64,ARM_RIGHT_CANDIDATE,1.3643774012104,-0.31395435333252,-0.47020673751831,-1.7871065139771,-0.0074686799198389,-0.15625238418579,-1.4731521606445,0.30648567341268,1.3168997764587,1.3168997764587,false,0.0,-0.61097226347774,1.3643774012104,0.14354521892965
1046,0x00286A60,ARM_RIGHT_CANDIDATE,1.3334831733257,-0.31395435333252,-0.47020673751831,-1.7558560371399,-0.011031169444323,-0.15625238418579,-1.4419016838074,0.3029231838882,1.2856492996216,1.2856492996216,false,0.0,-0.59499077610672,1.3334831733257,0.14310777708888
1047,0x000D331C,ARM_LEFT_CANDIDATE,1.3156311035156,602.75592041016,601.43902587891,602.75354003906,602.75518798828,-1.31689453125,-0.00238037109375,-0.000732421875,1.3145141601563,1.3145141601563,false,0.0,1.3156311035156,-0.65614013671875,-0.13119506835938
1048,0x0020C478,MANUAL_AIM_CANDIDATE,1.2999954223633,108.30001068115,108.30001068115,108.30001068115,109.60000610352,0.0,0.0,1.2999954223633,0.0,0.0,false,0.0,-0.12999954223633,-0.12999954223633,1.2999954223633
1049,0x001F225C,ARM_RIGHT_CANDIDATE,1.2950042724609,353.69519042969,351.84518432617,351.34518432617,352.39520263672,-1.8500061035156,-2.3500061035156,-1.2999877929688,0.5,0.5,false,0.0,0.54500427246094,1.2950042724609,0.87998657226563
1050,0x00079968,ARM_LEFT_CANDIDATE,1.2250355362892,0.7709464430809,-0.60830062627792,0.48916983604431,0.63771414756775,-1.3792470693588,-0.28177660703659,-0.13323229551315,1.0974704623222,1.0974704623222,false,0.0,1.2250355362892,-0.42117015719414,-0.032870072126389
1051,0x000D3C68,MANUAL_AIM_CANDIDATE,1.2242070931941,-0.65726268291473,-0.13848708570004,0.022378172725439,0.68678605556488,0.5187755972147,0.67964085564017,1.3440487384796,0.16086525842547,0.16086525842547,false,0.0,0.044550295546651,0.28584818318486,1.2242070931941
1052,0x00079970,ARM_LEFT_CANDIDATE,1.2105317205191,0.64761954545975,-0.7377718091011,0.3287832736969,0.49320456385612,-1.3853913545609,-0.31883627176285,-0.15441498160362,1.066555082798,1.066555082798,false,0.0,1.2105317205191,-0.38930090367794,-0.016007781028748
1053,0x000D3A80,ARM_LEFT_CANDIDATE,1.2067353963852,0.9996737241745,-0.21055841445923,0.99522650241852,0.98694241046906,-1.2102321386337,-0.0044472217559814,-0.012731313705444,1.2057849168777,1.2057849168777,false,0.0,1.2067353963852,-0.60194197893143,-0.10873662233353
1054,0x000D3A40,ARM_LEFT_CANDIDATE,1.2056241571903,0.99965941905975,-0.2094335258007,0.99525845050812,0.98697638511658,-1.2090929448605,-0.0044009685516357,-0.012683033943176,1.2046919763088,1.2046919763088,false,0.0,1.2056241571903,-0.60141380727291,-0.10866635739803
1055,0x000D3A98,ARM_LEFT_CANDIDATE,1.2021931499243,-0.99706649780273,0.20913971960545,-0.99146991968155,-0.98491871356964,1.2062062174082,0.0055965781211853,0.012147784233093,1.200609639287,1.200609639287,false,0.0,1.2021931499243,-0.59872130900621,-0.10903249531984
1056,0x000D3A58,ARM_LEFT_CANDIDATE,1.2009639501572,-0.99704700708389,0.2078959941864,-0.99151319265366,-0.98492556810379,1.2049430012703,0.0055338144302368,0.012121438980103,1.1994091868401,1.1994091868401,false,0.0,1.2009639501572,-0.59814983010292,-0.10892624258995
1057,0x000D3C6C,MANUAL_AIM_CANDIDATE,1.1958744689822,0.87826329469681,-0.19143928587437,0.70381295681,-0.44202646613121,-1.0697025805712,-0.17445033788681,-1.320289760828,0.89525224268436,0.89525224268436,false,0.0,0.85044843554497,-0.49242992848158,1.1958744689822
1058,0x000D35E8,ARM_LEFT_CANDIDATE,1.1906029671431,-0.22281448543072,1.3637427091599,0.39969259500504,-1.0698213577271,1.5865571945906,0.62250708043575,-0.84700687229633,0.96405011415482,0.96405011415482,false,0.0,1.1906029671431,-0.25547220408916,0.6261004447937
1059,0x000D3720,ARM_LEFT_CANDIDATE,1.1872022271156,-0.20268020033836,1.4805189371109,0.64258706569672,-0.9363129734993,1.6831991374493,0.84526726603508,-0.73363277316093,0.83793187141418,0.83793187141418,false,0.0,1.1872022271156,-0.069695580005646,0.4807861328125
1060,0x000D3E28,ARM_LEFT_CANDIDATE,1.1846467524767,0.99954169988632,-0.18988715112209,0.99204605817795,0.98919892311096,-1.1894288510084,-0.007495641708374,-0.01034277677536,1.1819332093,1.1819332093,false,0.0,1.1846467524767,-0.58825306147337,-0.10934967249632
1061,0x000D3DE8,ARM_LEFT_CANDIDATE,1.1835106641054,0.99954932928085,-0.18878363072872,0.99197947978973,0.98917561769485,-1.1883329600096,-0.0075698494911194,-0.010373711585999,1.1807631105185,1.1807631105185,false,0.0,1.1835106641054,-0.58763400167227,-0.10921656936407
1062,0x000D3E40,ARM_LEFT_CANDIDATE,1.1788095653057,-0.99297475814819,0.19125753641129,-0.98309189081192,-0.98816180229187,1.1842322945595,0.0098828673362732,0.0048129558563232,1.1743494272232,1.1743494272232,false,0.0,1.1788095653057,-0.5827145755291,-0.11459856033325
1063,0x000D3E00,ARM_LEFT_CANDIDATE,1.1775736808777,-0.99295216798782,0.19004842638969,-0.98306512832642,-0.98811823129654,1.1830005943775,0.0098870396614075,0.0048339366912842,1.1731135547161,1.1731135547161,false,0.0,1.1775736808777,-0.58209665119648,-0.11445482671261
1064,0x000D35BC,ARM_LEFT_CANDIDATE,1.1718169331551,-0.32281449437141,1.3515642881393,0.53918534517288,-1.0384337902069,1.6743787825108,0.8619998395443,-0.71561929583549,0.81237894296646,0.81237894296646,false,0.0,1.1718169331551,-0.046751481294632,0.46198143362999
1065,0x000D36A0,ARM_LEFT_CANDIDATE,1.1718169331551,-0.32281449437141,1.3515642881393,0.53918534517288,-1.0384337902069,1.6743787825108,0.8619998395443,-0.71561929583549,0.81237894296646,0.81237894296646,false,0.0,1.1718169331551,-0.046751481294632,0.46198143362999
1066,0x000D36E0,ARM_LEFT_CANDIDATE,1.1718169331551,-0.32281449437141,1.3515642881393,0.53918534517288,-1.0384337902069,1.6743787825108,0.8619998395443,-0.71561929583549,0.81237894296646,0.81237894296646,false,0.0,1.1718169331551,-0.046751481294632,0.46198143362999
1067,0x000D38D4,MANUAL_AIM_CANDIDATE,1.1608889192343,0.5098904967308,-0.27301889657974,0.22139993309975,-0.75813841819763,-0.78290939331055,-0.28849056363106,-1.2680289149284,0.49441882967949,0.49441882967949,false,0.0,0.51186122000217,-0.22976702451706,1.1608889192343
1068,0x00204CF4,MANUAL_AIM_CANDIDATE,1.1603398323059,1.7135306596756,0.26310586929321,0.26310586929321,0.26310586929321,-1.4504247903824,-1.4504247903824,-1.4504247903824,0.0,0.0,false,0.0,0.58016991615295,0.58016991615295,1.1603398323059
1069,0x00204D00,MANUAL_AIM_CANDIDATE,1.1603397369385,1.7135305404663,0.26310586929321,0.26310586929321,0.26310586929321,-1.4504246711731,-1.4504246711731,-1.4504246711731,0.0,0.0,false,0.0,0.58016986846924,0.58016986846924,1.1603397369385
1070,0x00204D10,MANUAL_AIM_CANDIDATE,1.1603397369385,1.7135305404663,0.26310586929321,0.26310586929321,0.26310586929321,-1.4504246711731,-1.4504246711731,-1.4504246711731,0.0,0.0,false,0.0,0.58016986846924,0.58016986846924,1.1603397369385
1071,0x002F1C60,ARM_HORIZONTAL_CANDIDATE,1.1561636328697,0.72489470243454,1.8277102708817,0.70711201429367,1.4506402015686,1.1028155684471,-0.017782688140869,0.72574549913406,1.120598256588,1.0850328803062,true,1.1561636328697,1.0213496744633,-0.60619964599609,0.61368567347527
1072,0x002E2F1C,MANUAL_AIM_CANDIDATE,1.1318379640579,0.0,0.0,0.0,1.1318379640579,0.0,0.0,1.1318379640579,0.0,0.0,false,0.0,-0.11318379640579,-0.11318379640579,1.1318379640579
1073,0x000D38F4,ARM_HORIZONTAL_CANDIDATE,1.1227777004242,2.8466610908508,2.1758742332458,2.9973247051239,2.7174055576324,-0.67078685760498,0.15066361427307,-0.12925553321838,0.82145047187805,0.52012324333191,true,1.1227777004242,0.58252949714661,-0.19765536785126,0.047110486030579
1074,0x000D3C9C,ARM_HORIZONTAL_CANDIDATE,1.1222054958344,2.6133277416229,2.8326654434204,2.149135351181,2.5957326889038,0.21933770179749,-0.46419239044189,-0.017595052719116,0.68353009223938,0.24485468864441,true,1.1222054958344,-0.014517998695374,0.35276403427124,-0.050757956504822
1075,0x000D35D8,ARM_LEFT_CANDIDATE,1.1206031024456,-0.42281448841095,1.2637428045273,0.59969252347946,-0.96982133388519,1.6865572929382,1.0225070118904,-0.54700684547424,0.66405028104782,0.66405028104782,false,0.0,1.1206031024456,0.12452768087387,0.27610041499138
1076,0x002D96AC,MANUAL_AIM_CANDIDATE,1.1164001464844,0.70709228515625,0.70709228515625,0.7491455078125,1.8276977539063,0.0,0.04205322265625,1.12060546875,0.04205322265625,0.04205322265625,false,0.0,-0.13308715820313,-0.07000732421875,1.1164001464844
1077,0x000D309C,ARM_HORIZONTAL_CANDIDATE,1.099726498127,0.0,-0.27048867940903,0.2882604598999,-0.040428996086121,-0.27048867940903,0.2882604598999,-0.040428996086121,0.55874913930893,0.017771780490875,true,1.099726498127,0.12231554985046,0.14897322058678,-0.015445917844772
1078,0x003B3560,ARM_RIGHT_CANDIDATE,1.0918731689453,106.29930114746,106.48025512695,107.51253509521,106.60813903809,0.18095397949219,1.2132339477539,0.308837890625,1.0322799682617,1.0322799682617,false,0.0,-0.45654678344727,1.0918731689453,0.16941909790039
1079,0x0020FDC8,MANUAL_AIM_CANDIDATE,1.0599983215332,104.50000762939,104.50000762939,104.10000610352,103.40000915527,0.0,-0.40000152587891,-1.0999984741211,0.40000152587891,0.40000152587891,false,0.0,-0.31000061035156,0.2900016784668,1.0599983215332
1080,0x0020FDD8,MANUAL_AIM_CANDIDATE,1.0599983215332,104.50000762939,104.50000762939,104.10000610352,103.40000915527,0.0,-0.40000152587891,-1.0999984741211,0.40000152587891,0.40000152587891,false,0.0,-0.31000061035156,0.2900016784668,1.0599983215332
1081,0x003B2CB8,MANUAL_AIM_CANDIDATE,1.0521575927734,195.99098205566,195.76069641113,194.87196350098,197.17807006836,-0.23028564453125,-1.1190185546875,1.1870880126953,0.88873291015625,0.88873291015625,false,0.0,-0.44793243408203,0.88516693115234,1.0521575927734
1082,0x0020D548,MANUAL_AIM_CANDIDATE,1.0399963378906,109.60000610352,108.30001068115,108.30001068115,108.30001068115,-1.2999954223633,-1.2999954223633,-1.2999954223633,0.0,0.0,false,0.0,0.51999816894531,0.51999816894531,1.0399963378906
1083,0x0020D564,MANUAL_AIM_CANDIDATE,1.0399963378906,108.30001068115,109.60000610352,109.60000610352,109.60000610352,1.2999954223633,1.2999954223633,1.2999954223633,0.0,0.0,false,0.0,0.51999816894531,0.51999816894531,1.0399963378906
1084,0x0020F1F8,MANUAL_AIM_CANDIDATE,1.0399963378906,109.60000610352,108.30001068115,108.30001068115,108.30001068115,-1.2999954223633,-1.2999954223633,-1.2999954223633,0.0,0.0,false,0.0,0.51999816894531,0.51999816894531,1.0399963378906
1085,0x002DB334,ARM_LEFT_CANDIDATE,1.0335983365774,0.0,1.0594657659531,0.0,0.25867429375648,1.0594657659531,0.0,0.25867429375648,1.0594657659531,1.0594657659531,false,0.0,1.0335983365774,-0.55560031235218,0.15272771716118
1086,0x002E2E44,MANUAL_AIM_CANDIDATE,1.0014077425003,0.0,0.0,0.0,1.0014077425003,0.0,0.0,1.0014077425003,0.0,0.0,false,0.0,-0.10014077425003,-0.10014077425003,1.0014077425003
1087,0x00048378,MANUAL_AIM_CANDIDATE,1.0,2.0,2.0,2.0,3.0,0.0,0.0,1.0,0.0,0.0,false,0.0,-0.1,-0.1,1.0
1088,0x000D3D1C,ARM_LEFT_CANDIDATE,1.0,1.0,-1.0,-1.0,1.0,-2.0,-2.0,0.0,0.0,0.0,false,0.0,1.0,1.0,-0.4
1089,0x001F6F9C,ARM_HORIZONTAL_CANDIDATE,1.0,0.25,0.5,0.0,0.0,0.25,-0.25,-0.25,0.5,0.0,true,1.0,0.1,0.1,0.2
1090,0x001F7E7C,ARM_HORIZONTAL_CANDIDATE,1.0,0.25,0.0,0.5,0.5,-0.25,0.25,0.25,0.5,0.0,true,1.0,0.1,0.1,0.2
1091,0x002D8D40,ARM_LEFT_CANDIDATE,0.998046875,0.0,0.998046875,0.0,0.0,0.998046875,0.0,0.0,0.998046875,0.998046875,false,0.0,0.998046875,-0.4990234375,-0.0998046875
1092,0x003B3224,ARM_LEFT_CANDIDATE,0.99720549583435,0.0,0.99720549583435,0.0,0.0,0.99720549583435,0.0,0.0,0.99720549583435,0.99720549583435,false,0.0,0.99720549583435,-0.49860274791718,-0.099720549583435
1093,0x003B3228,ARM_LEFT_CANDIDATE,0.99654096364975,0.0,0.99654096364975,0.0,0.0,0.99654096364975,0.0,0.0,0.99654096364975,0.99654096364975,false,0.0,0.99654096364975,-0.49827048182487,-0.099654096364975
1094,0x000D3A00,ARM_HORIZONTAL_CANDIDATE,0.99503974616528,-0.018028534948826,0.25034153461456,-0.26025176048279,-0.021147880703211,0.26837006956339,-0.24222322553396,-0.003119345754385,0.51059329509735,0.026146844029427,true,0.99503974616528,0.14694652222097,0.10772625617683,-0.04793998375535
1095,0x002E3088,MANUAL_AIM_CANDIDATE,0.99287337064743,0.0,0.0,0.0,-0.99287337064743,0.0,0.0,-0.99287337064743,0.0,0.0,false,0.0,-0.099287337064743,-0.099287337064743,0.99287337064743
1096,0x000D3A18,ARM_HORIZONTAL_CANDIDATE,0.99217716604471,0.018028873950243,-0.24908100068569,0.2597179710865,0.021187722682953,-0.26710987463593,0.24168909713626,0.0031588487327099,0.50879897177219,0.025420777499676,true,0.99217716604471,0.14594944119453,0.10781827494502,-0.04772104844451
1097,0x000D3524,ARM_HORIZONTAL_CANDIDATE,0.97060775756836,0.5,0.12178421020508,0.69746398925781,0.31387519836426,-0.37821578979492,0.19746398925781,-0.18612480163574,0.57567977905273,0.18075180053711,true,0.97060775756836,0.26087131500244,-0.010256385803223,0.12855682373047
1098,0x002D94F4,ARM_HORIZONTAL_CANDIDATE,0.94894409179688,0.81411743164063,1.0257263183594,0.5,0.70709228515625,0.21160888671875,-0.31411743164063,-0.10702514648438,0.52572631835938,0.10250854492188,true,0.94894409179688,0.04384765625,0.19761047363281,0.054452514648437
1099,0x000D38EC,MANUAL_AIM_CANDIDATE,0.92843859195709,0.0,-0.54946041107178,-0.63445425033569,-1.0468300580978,-0.54946041107178,-0.63445425033569,-1.0468300580978,0.084993839263916,0.084993839263916,false,0.0,0.12755028009415,0.25504103899002,0.92843859195709
1100,0x000D3A38,ARM_LEFT_CANDIDATE,0.92409803420305,-0.025963172316551,0.97782200574875,0.096900776028633,0.15658852458,1.0037851780653,0.12286394834518,0.18255169689655,0.88092122972012,0.88092122972012,false,0.0,0.92409803420305,-0.39728381037712,0.069886784255505
1101,0x000D3A78,ARM_LEFT_CANDIDATE,0.92343932017684,-0.025393968448043,0.97757959365845,0.097231864929199,0.15681928396225,1.0029735621065,0.12262583337724,0.18221325241029,0.88034772872925,0.88034772872925,false,0.0,0.92343932017684,-0.39708227291703,0.069653312861919
1102,0x000F8AC0,ARM_LEFT_CANDIDATE,0.9234187528491,-0.99996697902679,-0.042553342878819,-0.93523812294006,-0.98366242647171,0.95741363614798,0.064728856086731,0.016304552555084,0.89268478006124,0.89268478006124,false,0.0,0.9234187528491,-0.41560841724277,-0.085909696668386
1103,0x000F8AE8,ARM_LEFT_CANDIDATE,0.9234187528491,-0.99996697902679,-0.042553342878819,-0.93523812294006,-0.98366242647171,0.95741363614798,0.064728856086731,0.016304552555084,0.89268478006124,0.89268478006124,false,0.0,0.9234187528491,-0.41560841724277,-0.085909696668386
1104,0x001052C0,ARM_LEFT_CANDIDATE,0.92341848909855,-0.99996602535248,-0.042518004775047,-0.93516182899475,-0.98369169235229,0.95744802057743,0.064804196357727,0.016274333000183,0.8926438242197,0.8926438242197,false,0.0,0.92341848909855,-0.41554724723101,-0.085950888693333
1105,0x001052E8,ARM_LEFT_CANDIDATE,0.92341848909855,-0.99996602535248,-0.042518004775047,-0.93516182899475,-0.98369169235229,0.95744802057743,0.064804196357727,0.016274333000183,0.8926438242197,0.8926438242197,false,0.0,0.92341848909855,-0.41554724723101,-0.085950888693333
1106,0x000D596C,ARM_HORIZONTAL_CANDIDATE,0.92174470424652,0.0,0.22796738147736,-0.23784255981445,0.0,0.22796738147736,-0.23784255981445,0.0,0.46580994129181,0.0098751783370972,true,0.92174470424652,0.10904610157013,0.12385886907578,-0.046580994129181
1107,0x000F8AA8,ARM_LEFT_CANDIDATE,0.92110044285655,0.99736720323563,0.042512465268373,0.93307518959045,0.98128432035446,-0.95485473796725,-0.064292013645172,-0.016082882881165,0.89056272432208,0.89056272432208,false,0.0,0.92110044285655,-0.41474364362657,-0.085831792280078
1108,0x000F8B00,ARM_LEFT_CANDIDATE,0.92110044285655,0.99736720323563,0.042512465268373,0.93307518959045,0.98128432035446,-0.95485473796725,-0.064292013645172,-0.016082882881165,0.89056272432208,0.89056272432208,false,0.0,0.92110044285655,-0.41474364362657,-0.085831792280078
1109,0x001052A8,ARM_LEFT_CANDIDATE,0.92109305262566,0.99736958742142,0.042485684156418,0.93299823999405,0.98131781816483,-0.954883903265,-0.064371347427368,-0.016051769256592,0.89051255583763,0.89051255583763,false,0.0,0.92109305262566,-0.41467578113079,-0.085873755812645
1110,0x00105300,ARM_LEFT_CANDIDATE,0.92109305262566,0.99736958742142,0.042485684156418,0.93299823999405,0.98131781816483,-0.954883903265,-0.064371347427368,-0.016051769256592,0.89051255583763,0.89051255583763,false,0.0,0.92109305262566,-0.41467578113079,-0.085873755812645
1111,0x000D3420,ARM_LEFT_CANDIDATE,0.92106637880206,-0.99736970663071,-0.042512465268373,-0.93299835920334,-0.98131781816483,0.95485724136233,0.064371347427368,0.016051888465881,0.89048589393497,0.89048589393497,false,0.0,0.92106637880206,-0.41466246210039,-0.085870970413089
1112,0x000D30B4,ARM_LEFT_CANDIDATE,0.91702474579215,0.99998462200165,0.049173805862665,0.93555879592896,0.98425304889679,-0.95081081613898,-0.064425826072693,-0.015731573104858,0.88638499006629,0.88638499006629,false,0.0,0.91702474579215,-0.41255273930728,-0.085792091116309
1113,0x000D33F8,ARM_LEFT_CANDIDATE,0.91702474579215,-0.99998462200165,-0.049173805862665,-0.93555879592896,-0.98425304889679,0.95081081613898,0.064425826072693,0.015731573104858,0.88638499006629,0.88638499006629,false,0.0,0.91702474579215,-0.41255273930728,-0.085792091116309
1114,0x000D3A60,ARM_LEFT_CANDIDATE,0.9157840937376,-0.026088912039995,0.96986377239227,0.097266063094139,0.15882211923599,0.99595268443227,0.12335497513413,0.18491103127599,0.87259770929813,0.87259770929813,false,0.0,0.9157840937376,-0.3931124702096,0.072980265319347
1115,0x000D3AA0,ARM_LEFT_CANDIDATE,0.91543485447764,-0.025525214150548,0.96992409229279,0.097591325640678,0.15903660655022,0.99544930644333,0.12311653979123,0.18456182070076,0.87233276665211,0.87233276665211,false,0.0,0.91543485447764,-0.39306429550052,0.072705236077309
1116,0x002F1F00,ARM_RIGHT_CANDIDATE,0.90842690765858,0.76844185590744,0.96817135810852,1.8277102708817,0.25867429375648,0.19972950220108,1.0592684149742,-0.50976756215096,0.85953891277313,0.85953891277313,false,0.0,-0.38088146150112,0.90842690765858,0.38386777043343
1117,0x002D9260,MANUAL_AIM_CANDIDATE,0.90079650878906,0.51376342773438,0.81411743164063,0.4534912109375,1.4506225585938,0.30035400390625,-0.060272216796875,0.93685913085938,0.36062622070313,0.24008178710938,true,0.48117065429688,0.17653198242188,-0.18359069824219,0.90079650878906
1118,0x001F6E7C,ARM_RIGHT_CANDIDATE,0.9,1.0,1.0,0.0,0.0,0.0,-1.0,-1.0,1.0,1.0,false,0.0,-0.6,0.9,0.9
1119,0x003B2F80,ARM_LEFT_CANDIDATE,0.89927251338959,0.89973282814026,0.0,0.89906281232834,0.89847975969315,-0.89973282814026,-0.00067001581192017,-0.001253068447113,0.89906281232834,0.89906281232834,false,0.0,0.89927251338959,-0.44932170510292,-0.088787215948105
1120,0x000D3E20,ARM_LEFT_CANDIDATE,0.89552286416292,0.02265615016222,0.98153072595596,0.12459668517113,0.1464705914259,0.95887457579374,0.10194053500891,0.12381444126368,0.85693404078484,0.85693404078484,false,0.0,0.89552286416292,-0.38987819701433,0.017732930183411
1121,0x000D3DE0,ARM_LEFT_CANDIDATE,0.89549820125103,0.022589646279812,0.98176056146622,0.12512375414371,0.14664624631405,0.95917091518641,0.1025341078639,0.12405660003424,0.8566368073225,0.8566368073225,false,0.0,0.89549820125103,-0.38945700973272,0.017886097729206
1122,0x003B2B1C,ARM_LEFT_CANDIDATE,0.88640654403716,1.0,0.016208799555898,1.0,0.02615343593061,-0.9837912004441,0.0,-0.97384656406939,0.9837912004441,0.9837912004441,false,0.0,0.88640654403716,-0.58928025662899,0.87546744402498
1123,0x000D3E48,ARM_LEFT_CANDIDATE,0.88630560785532,0.024830982089043,0.97133940458298,0.12099303305149,0.14604887366295,0.94650842249393,0.096162050962448,0.12121789157391,0.85034637153149,0.85034637153149,false,0.0,0.88630560785532,-0.38921394944191,0.016950844228268
1124,0x000D3E08,ARM_LEFT_CANDIDATE,0.88590918779373,0.024733576923609,0.97118818759918,0.12152250111103,0.14624318480492,0.94645461067557,0.096788924187422,0.12150960788131,0.84966568648815,0.84966568648815,false,0.0,0.88590918779373,-0.3885893419385,0.017185254395008
1125,0x000D3DA8,ARM_HORIZONTAL_CANDIDATE,0.86494323611259,0.032013759016991,0.23145136237144,-0.23461666703224,-0.034206416457891,0.19943760335445,-0.26663042604923,-0.066220175474882,0.46606802940369,0.067192822694778,true,0.86494323611259,0.05950037278235,0.16028960682452,0.019613372534513
1126,0x000D3DC0,ARM_HORIZONTAL_CANDIDATE,0.86225131899118,-0.03273618593812,-0.23132386803627,0.23375208675861,0.034100845456123,-0.19858768209815,0.26648827269673,0.066837031394243,0.46507595479488,0.067900590598583,true,0.86225131899118,0.058659842610359,0.16051072850823,0.020329435914755
1127,0x002D8B80,ARM_HORIZONTAL_CANDIDATE,0.84664916992188,0.66741943359375,1.1513366699219,0.5465087890625,0.7491455078125,0.48391723632813,-0.12091064453125,0.08172607421875,0.60482788085938,0.36300659179688,true,0.84664916992188,0.41528930664063,-0.12922058105469,0.021243286132812
1128,0x000D3600,ARM_LEFT_CANDIDATE,0.84451308250427,-0.32281449437141,1.1860166788101,0.84278267621994,-1.1380095481873,1.5088311731815,1.1655971705914,-0.81519505381584,0.34323400259018,0.34323400259018,false,0.0,0.84451308250427,0.329662078619,0.54775221943855
1129,0x000D3A6C,ARM_LEFT_CANDIDATE,0.84295501708984,37.305099487305,36.336818695068,37.080017089844,37.432945251465,-0.96828079223633,-0.22508239746094,0.12784576416016,0.74319839477539,0.74319839477539,false,0.0,0.84295501708984,-0.27184257507324,0.0085094451904297
1130,0x000D3AAC,ARM_LEFT_CANDIDATE,0.83539047241211,37.298774719238,36.337516784668,37.074234008789,37.434745788574,-0.96125793457031,-0.22454071044922,0.13597106933594,0.73671722412109,0.73671722412109,false,0.0,0.83539047241211,-0.26968536376953,0.017391204833984
1131,0x0020F578,MANUAL_AIM_CANDIDATE,0.832421875,20304.53125,20304.53125,20304.125,20305.404296875,0.0,-0.40625,0.873046875,0.40625,0.40625,false,0.0,-0.2904296875,0.3189453125,0.832421875
1132,0x0020F584,MANUAL_AIM_CANDIDATE,0.832421875,20304.53125,20304.53125,20304.125,20305.404296875,0.0,-0.40625,0.873046875,0.40625,0.40625,false,0.0,-0.2904296875,0.3189453125,0.832421875
1133,0x000D3AC4,ARM_RIGHT_CANDIDATE,0.82926483154297,68.51725769043,67.740905761719,67.292709350586,68.446182250977,-0.77635192871094,-1.2245483398438,-0.071075439453125,0.44819641113281,0.44819641113281,false,0.0,0.15697021484375,0.82926483154297,-0.12901458740234
1134,0x000D3CAC,ARM_RIGHT_CANDIDATE,0.82553526759148,-0.85081309080124,-0.1866041123867,0.39548188447952,0.035739094018936,0.66420897841454,1.2462949752808,0.88655218482018,0.58208599686623,0.58208599686623,false,0.0,-0.047593727707863,0.82553526759148,0.69550178945065
1135,0x00286A7C,ARM_HORIZONTAL_CANDIDATE,0.81932205148041,-0.30614173412323,-0.4780193567276,-0.0024525504559278,-0.00091830361634493,-0.17187762260437,0.3036891836673,0.30522343050689,0.47556680627167,0.13181156106293,true,0.81932205148041,-0.010489312279969,0.18722802931443,0.25766674987972
1136,0x002DB36C,ARM_LEFT_CANDIDATE,0.8141348361969,0.0,0.8141348361969,0.0,0.0,0.8141348361969,0.0,0.0,0.8141348361969,0.8141348361969,false,0.0,0.8141348361969,-0.40706741809845,-0.08141348361969
1137,0x000F8AA0,ARM_LEFT_CANDIDATE,0.80735393837094,0.0081203449517488,-0.99909383058548,-0.35397291183472,-0.18001574277878,-1.0072141755372,-0.36209325678647,-0.18813608773053,0.64512091875076,0.64512091875076,false,0.0,0.80735393837094,-0.1603274397552,0.051205344498158
1138,0x000F8AE0,ARM_LEFT_CANDIDATE,0.80735393837094,0.0081203449517488,-0.99909383058548,-0.35397291183472,-0.18001574277878,-1.0072141755372,-0.36209325678647,-0.18813608773053,0.64512091875076,0.64512091875076,false,0.0,0.80735393837094,-0.1603274397552,0.051205344498158
1139,0x001052A0,ARM_LEFT_CANDIDATE,0.80731709189713,0.0082375081256032,-0.99909514188766,-0.35417488217354,-0.17985612154007,-1.0073326500133,-0.36241239029914,-0.18809362966567,0.64492025971413,0.64492025971413,false,0.0,0.80731709189713,-0.16006329767406,0.051119125634432
1140,0x001052E0,ARM_LEFT_CANDIDATE,0.80731709189713,0.0082375081256032,-0.99909514188766,-0.35417488217354,-0.17985612154007,-1.0073326500133,-0.36241239029914,-0.18809362966567,0.64492025971413,0.64492025971413,false,0.0,0.80731709189713,-0.16006329767406,0.051119125634432
1141,0x000D30B0,ARM_LEFT_CANDIDATE,0.80675208978355,-0.0055600991472602,0.99879020452499,0.35317122936249,0.17676539719105,1.0043503036723,0.35873132850975,0.18232549633831,0.64561897516251,0.64561897516251,false,0.0,0.80675208978355,-0.16167637296021,0.046017333120108
1142,0x000D3400,ARM_LEFT_CANDIDATE,0.80675208978355,-0.0055600991472602,0.99879020452499,0.35317122936249,0.17676539719105,1.0043503036723,0.35873132850975,0.18232549633831,0.64561897516251,0.64561897516251,false,0.0,0.80675208978355,-0.16167637296021,0.046017333120108
1143,0x000F8AC8,ARM_LEFT_CANDIDATE,0.80542291775346,0.0080621223896742,-0.99652910232544,-0.3527227640152,-0.17969651520252,-1.0045912247151,-0.36078488640487,-0.1877586375922,0.64380633831024,0.64380633831024,false,0.0,0.80542291775346,-0.1602865897119,0.051221026480198
1144,0x000F8B08,ARM_LEFT_CANDIDATE,0.80542291775346,0.0080621223896742,-0.99652910232544,-0.3527227640152,-0.17969651520252,-1.0045912247151,-0.36078488640487,-0.1877586375922,0.64380633831024,0.64380633831024,false,0.0,0.80542291775346,-0.1602865897119,0.051221026480198
1145,0x000D3428,ARM_LEFT_CANDIDATE,0.80538787022233,-0.0081886406987906,0.99652910232544,0.3529264330864,0.17953471839428,1.0047177430242,0.36111507378519,0.18772335909307,0.64360266923904,0.64360266923904,false,0.0,0.80538787022233,-0.16001613363624,0.051140077412128
1146,0x001052C8,ARM_LEFT_CANDIDATE,0.80538520254195,0.008188639767468,-0.99652642011642,-0.35292640328407,-0.17953471839428,-1.0047150598839,-0.36111504305154,-0.18772335816175,0.64360001683235,0.64360001683235,false,0.0,0.80538520254195,-0.16001482270658,0.051140347868204
1147,0x00105308,ARM_LEFT_CANDIDATE,0.80538520254195,0.008188639767468,-0.99652642011642,-0.35292640328407,-0.17953471839428,-1.0047150598839,-0.36111504305154,-0.18772335816175,0.64360001683235,0.64360001683235,false,0.0,0.80538520254195,-0.16001482270658,0.051140347868204
1148,0x000D3C7C,ARM_LEFT_CANDIDATE,0.80462708324194,-0.73973941802979,0.40341404080391,-0.13929925858974,-0.35667645931244,1.1431534588337,0.60044015944004,0.38306295871735,0.54271329939365,0.54271329939365,false,0.0,0.80462708324194,-0.0094428658485413,0.20870359688997
1149,0x00286A80,ARM_HORIZONTAL_CANDIDATE,0.80361834913492,-0.30614173412323,-0.4780193567276,-0.018156252801418,-0.00067418441176414,-0.17187762260437,0.28798548132181,0.30546754971147,0.45986310392618,0.11610785871744,true,0.80361834913492,-0.0026618730276823,0.17149991504848,0.25948123931885
1150,0x00286A78,ARM_HORIZONTAL_CANDIDATE,0.80247609131038,-0.31395435333252,-0.4780193567276,-0.0036732722073793,-0.0013483334332705,-0.16406500339508,0.31028108112514,0.31260601989925,0.47434608452022,0.14621607773006,true,0.80247609131038,-0.022336139157414,0.19698797743767,0.26517141144723
1151,0x002D90B0,ARM_RIGHT_CANDIDATE,0.80078125,0.0,0.0,0.80078125,0.0,0.0,0.80078125,0.0,0.80078125,0.80078125,false,0.0,-0.400390625,0.80078125,-0.080078125
1152,0x001F6F38,MANUAL_AIM_CANDIDATE,0.8,1.0,0.0,0.0,0.0,-1.0,-1.0,-1.0,0.0,0.0,false,0.0,0.4,0.4,0.8
1153,0x002F3DFC,MANUAL_AIM_CANDIDATE,0.8,0.0,1.0,1.0,1.0,1.0,1.0,1.0,0.0,0.0,false,0.0,0.4,0.4,0.8
1154,0x002F3E3C,MANUAL_AIM_CANDIDATE,0.8,0.0,1.0,1.0,1.0,1.0,1.0,1.0,0.0,0.0,false,0.0,0.4,0.4,0.8
1155,0x002F3E7C,MANUAL_AIM_CANDIDATE,0.8,0.0,1.0,1.0,1.0,1.0,1.0,1.0,0.0,0.0,false,0.0,0.4,0.4,0.8
1156,0x002F3EBC,MANUAL_AIM_CANDIDATE,0.8,0.0,1.0,1.0,1.0,1.0,1.0,1.0,0.0,0.0,false,0.0,0.4,0.4,0.8
1157,0x0020C2C8,ARM_LEFT_CANDIDATE,0.79999542236328,108.30001068115,109.10000610352,108.30001068115,108.30001068115,0.79999542236328,0.0,0.0,0.79999542236328,0.79999542236328,false,0.0,0.79999542236328,-0.39999771118164,-0.079999542236328
1158,0x00286A74,ARM_HORIZONTAL_CANDIDATE,0.77682976797223,-0.31395435333252,-0.47020673751831,-0.0058817379176617,-0.0018366221338511,-0.15625238418579,0.30807261541486,0.31211773119867,0.46432499960065,0.15182023122907,true,0.77682976797223,-0.028995696641505,0.1987346502021,0.2656852312386
1159,0x000D3E54,ARM_LEFT_CANDIDATE,0.77520713806152,60.509017944336,59.482074737549,60.028926849365,60.392112731934,-1.0269432067871,-0.4800910949707,-0.11690521240234,0.54685211181641,0.54685211181641,false,0.0,0.77520713806152,-0.045071029663086,-0.033798217773438
1160,0x002F1DB0,ARM_RIGHT_CANDIDATE,0.77454134821892,0.66742569208145,0.66742569208145,1.4506402015686,0.58069407939911,0.0,0.78321450948715,-0.086731612682343,0.78321450948715,0.78321450948715,false,0.0,-0.40028041601181,0.77454134821892,0.0084101617336273
1161,0x000D38C0,ARM_HORIZONTAL_CANDIDATE,0.77396284788847,0.58471816778183,-0.12365358322859,0.60658186674118,0.6565078496933,-0.70837175101042,0.021863698959351,0.071789681911469,0.73023544996977,0.68650805205107,true,0.77396284788847,0.6902609333396,-0.33950114473701,-0.0012338630855084
1162,0x00286A70,ARM_HORIZONTAL_CANDIDATE,0.77387764304876,-0.31395435333252,-0.47020673751831,-0.0088338628411293,-0.0026966966688633,-0.15625238418579,0.30512049049139,0.31125765666366,0.46137287467718,0.1488681063056,true,0.77387764304876,-0.02743362672627,0.19586853273213,0.26512036919594
1163,0x002D8D38,MANUAL_AIM_CANDIDATE,0.7697509765625,1.0594482421875,1.0594482421875,0.7491455078125,0.2586669921875,0.0,-0.310302734375,-0.80078125,0.310302734375,0.310302734375,false,0.0,-0.2352294921875,0.230224609375,0.7697509765625
1164,0x00286A6C,ARM_HORIZONTAL_CANDIDATE,0.76850647106767,-0.31395435333252,-0.47020673751831,-0.014205034822226,-0.0037343092262745,-0.15625238418579,0.29974931851029,0.31022004410625,0.45600170269608,0.1434969343245,true,0.76850647106767,-0.02464427947998,0.19060112200677,0.26461987383664
1165,0x000D3E14,ARM_LEFT_CANDIDATE,0.76775856018066,60.508628845215,59.490566253662,60.033203125,60.382717132568,-1.0180625915527,-0.47542572021484,-0.12591171264648,0.54263687133789,0.54263687133789,false,0.0,0.76775856018066,-0.046196746826172,-0.023437118530273
1166,0x000D3CA0,MANUAL_AIM_CANDIDATE,0.7606798350811,-0.016891658306122,-0.11995583772659,-0.5403528213501,0.80644071102142,-0.10306417942047,-0.52346116304398,0.82333236932755,0.4203969836235,0.4203969836235,false,0.0,-0.24099963903427,0.38959583640099,0.7606798350811
1167,0x000D34C0,MANUAL_AIM_CANDIDATE,0.75628311187029,0.1083317771554,0.70023274421692,0.1310800164938,0.92607980966568,0.59190096706152,0.022748239338398,0.81774803251028,0.56915272772312,0.56915272772312,false,0.0,0.49875204414129,-0.35497704744339,0.75628311187029
1168,0x001F7088,MANUAL_AIM_CANDIDATE,0.75,0.0,0.0,0.0,0.75,0.0,0.0,0.75,0.0,0.0,false,0.0,-0.075,-0.075,0.75
1169,0x000D3A2C,ARM_LEFT_CANDIDATE,0.74767360687256,-20.604507446289,-21.540367126465,-20.971817016602,-20.559194564819,-0.93585968017578,-0.3673095703125,0.045312881469727,0.56855010986328,0.56855010986328,false,0.0,0.74767360687256,-0.10515155792236,-0.085004043579102
1170,0x003B3564,ARM_HORIZONTAL_CANDIDATE,0.74184417724609,106.30462646484,106.33870697021,105.66502380371,107.09168243408,0.034080505371094,-0.63960266113281,0.78705596923828,0.67368316650391,0.60552215576172,true,0.74184417724609,-0.36442642211914,0.54385681152344,0.71968765258789
1171,0x002D96B4,ARM_HORIZONTAL_CANDIDATE,0.734375,0.037109375,0.0,0.66015625,0.0,-0.037109375,0.623046875,-0.037109375,0.66015625,0.5859375,true,0.734375,-0.278125,0.60078125,-0.02890625
1172,0x000D3554,ARM_LEFT_CANDIDATE,0.7178373336792,0.0,0.95182514190674,0.46719455718994,0.0039052963256836,0.95182514190674,0.46719455718994,0.0039052963256836,0.4846305847168,0.4846305847168,false,0.0,0.7178373336792,-0.0091085433959961,-0.13799667358398
1173,0x000D3488,ARM_LEFT_CANDIDATE,0.71624723642599,0.0,0.71689373254776,0.0012443257728592,-0.00024333235342056,0.71689373254776,0.0012443257728592,-0.00024333235342056,0.7156494067749,0.7156494067749,false,0.0,0.71624723642599,-0.35722687373636,-0.071570473478641
1174,0x002D89C8,MANUAL_AIM_CANDIDATE,0.70965576171875,1.0,1.0,1.0,0.29034423828125,0.0,0.0,-0.70965576171875,0.0,0.0,false,0.0,-0.070965576171875,-0.070965576171875,0.70965576171875
1175,0x000D3484,ARM_LEFT_CANDIDATE,0.70634765625,2290.2058105469,2289.4990234375,2290.205078125,2290.205078125,-0.706787109375,-0.000732421875,-0.000732421875,0.7060546875,0.7060546875,false,0.0,0.70634765625,-0.352734375,-0.07001953125
1176,0x002D8E14,MANUAL_AIM_CANDIDATE,0.70058898925781,1.0594482421875,0.7491455078125,0.68460083007813,0.29034423828125,-0.310302734375,-0.37484741210938,-0.76910400390625,0.064544677734375,0.064544677734375,false,0.0,0.045968627929687,0.14278564453125,0.70058898925781
1177,0x001F709C,MANUAL_AIM_CANDIDATE,0.7,1.0,1.0,0.5,0.25,0.0,-0.5,-0.75,0.5,0.5,false,0.0,-0.325,0.425,0.7
1178,0x000D3DD4,ARM_LEFT_CANDIDATE,0.69557504653931,0.23165050148964,-0.7156628370285,-0.24537897109985,0.099414944648743,-0.94731333851814,-0.47702947258949,-0.1322355568409,0.47028386592865,0.47028386592865,false,0.0,0.69557504653931,-0.0098507523536682,-0.010198724269867
1179,0x000D36A8,MANUAL_AIM_CANDIDATE,0.68994750976563,-1.3668613433838,-1.9966776371002,-1.3595840930939,-2.12051820755,-0.62981629371643,0.007277250289917,-0.75365686416626,0.63709354400635,0.62253904342651,true,0.65164804458618,0.55081198215485,-0.38299658298492,0.68994750976563
1180,0x000D36E8,MANUAL_AIM_CANDIDATE,0.68994750976563,-1.3668613433838,-1.9966776371002,-1.3595840930939,-2.12051820755,-0.62981629371643,0.007277250289917,-0.75365686416626,0.63709354400635,0.62253904342651,true,0.65164804458618,0.55081198215485,-0.38299658298492,0.68994750976563
1181,0x000D35C4,MANUAL_AIM_CANDIDATE,0.68994737863541,-1.3668614625931,-1.9966776371002,-1.3595839738846,-2.12051820755,-0.62981617450714,0.0072774887084961,-0.75365674495697,0.63709366321564,0.62253868579865,true,0.65164864063263,0.5508117556572,-0.38299627304077,0.68994737863541
1182,0x000D303C,MANUAL_AIM_CANDIDATE,0.68114808797836,1.0,0.875,0.5024670958519,0.25659862160683,-0.125,-0.4975329041481,-0.74340137839317,0.3725329041481,0.3725329041481,false,0.0,-0.19810658991337,0.36069276630878,0.68114808797836
1183,0x000D304C,MANUAL_AIM_CANDIDATE,0.68114808797836,1.0,0.875,0.5024670958519,0.25659862160683,-0.125,-0.4975329041481,-0.74340137839317,0.3725329041481,0.3725329041481,false,0.0,-0.19810658991337,0.36069276630878,0.68114808797836
1184,0x000D3728,ARM_HORIZONTAL_CANDIDATE,0.67568850517273,-1.6875851154327,-2.2832636833191,-1.6609151363373,-2.3801944255829,-0.59567856788635,0.026669979095459,-0.69260931015015,0.62234854698181,0.56900858879089,true,0.67568850517273,0.51308264732361,-0.34043023586273,0.63037445545197
1185,0x002D8C64,ARM_LEFT_CANDIDATE,0.67216796875,0.0,0.68359375,0.0,0.1142578125,0.68359375,0.0,0.1142578125,0.68359375,0.68359375,false,0.0,0.67216796875,-0.35322265625,0.0458984375
1186,0x002D94FC,MANUAL_AIM_CANDIDATE,0.6578125,0.80419921875,0.14453125,0.0,0.0,-0.65966796875,-0.80419921875,-0.80419921875,0.14453125,0.14453125,false,0.0,0.1771484375,0.3939453125,0.6578125
1187,0x000D396C,ARM_LEFT_CANDIDATE,0.65172004550695,0.96794986724854,0.064599581062794,0.61250668764114,0.22886335849762,-0.90335028618574,-0.35544317960739,-0.73908650875092,0.54790710657835,0.54790710657835,false,0.0,0.65172004550695,-0.17014061436057,0.6132071621716
1188,0x000D3044,MANUAL_AIM_CANDIDATE,0.65068317651749,1.0,0.9375,0.5625,0.29931682348251,-0.0625,-0.4375,-0.70068317651749,0.375,0.375,false,0.0,-0.22631831765175,0.33618168234825,0.65068317651749
1189,0x001F7F08,MANUAL_AIM_CANDIDATE,0.65,0.75,0.5,0.0,0.0,-0.25,-0.75,-0.75,0.5,0.5,false,0.0,-0.2,0.55,0.65
1190,0x002D83B0,ARM_HORIZONTAL_CANDIDATE,0.6484375,0.435546875,0.294921875,0.662109375,0.18310546875,-0.140625,0.2265625,-0.25244140625,0.3671875,0.0859375,true,0.6484375,0.002099609375,0.131005859375,0.21572265625
1191,0x0020F214,MANUAL_AIM_CANDIDATE,0.63999633789063,108.30001068115,109.10000610352,109.10000610352,109.10000610352,0.79999542236328,0.79999542236328,0.79999542236328,0.0,0.0,false,0.0,0.31999816894531,0.31999816894531,0.63999633789063
1192,0x002DB3C0,ARM_RIGHT_CANDIDATE,0.6364008128643,0.70711201429367,0.70711201429367,0.0,0.0,0.0,-0.70711201429367,-0.70711201429367,0.70711201429367,0.70711201429367,false,0.0,-0.4242672085762,0.6364008128643,0.6364008128643
1193,0x001A0368,MANUAL_AIM_CANDIDATE,0.62500076293945,0.0,-0.78125095367432,-0.78125095367432,-0.78125095367432,-0.78125095367432,-0.78125095367432,-0.78125095367432,0.0,0.0,false,0.0,0.31250038146973,0.31250038146973,0.62500076293945
1194,0x000D348C,ARM_LEFT_CANDIDATE,0.62197650820017,-0.26753309369087,0.59602689743042,0.10189999639988,0.3011362850666,0.86355999112129,0.36943309009075,0.56866937875748,0.49412690103054,0.49412690103054,false,0.0,0.62197650820017,-0.11921384334564,0.44537007063627
1195,0x000D3568,MANUAL_AIM_CANDIDATE,0.60908282995224,1.0,0.54000002145767,0.54000002145767,0.29891717433929,-0.45999997854233,-0.45999997854233,-0.70108282566071,0.0,0.0,false,0.0,0.15989170670509,0.15989170670509,0.60908282995224
1196,0x002F3E78,MANUAL_AIM_CANDIDATE,0.60608298182487,0.0,0.7236396074295,0.70711201429367,0.74915814399719,0.7236396074295,0.70711201429367,0.74915814399719,0.016527593135834,0.016527593135834,false,0.0,0.29516778588295,0.2703763961792,0.60608298182487
1197,0x002F3DF8,MANUAL_AIM_CANDIDATE,0.58056444525719,0.0,0.70711201429367,0.7236396074295,0.7236396074295,0.70711201429367,0.7236396074295,0.7236396074295,0.016527593135834,0.016527593135834,false,0.0,0.27292824983597,0.29771963953972,0.58056444525719
1198,0x000D38D8,ARM_HORIZONTAL_CANDIDATE,0.58005952835083,-2.0741636753082,-2.17529296875,-1.7974920272827,-1.9913808107376,-0.10112929344177,0.27667164802551,0.082782864570618,0.37780094146729,0.17554235458374,true,0.58005952835083,-0.045484817028046,0.21782871484756,0.045002770423889
1199,0x002F3E38,MANUAL_AIM_CANDIDATE,0.5789116859436,0.0,0.7236396074295,0.7236396074295,0.7236396074295,0.7236396074295,0.7236396074295,0.7236396074295,0.0,0.0,false,0.0,0.2894558429718,0.2894558429718,0.5789116859436
1200,0x003B2CB4,ARM_RIGHT_CANDIDATE,0.57806091308594,203.9921875,203.79260253906,203.2844543457,204.29098510742,-0.1995849609375,-0.70773315429688,0.29879760742188,0.50814819335938,0.50814819335938,false,0.0,-0.18416137695313,0.57806091308594,0.20806579589844
1201,0x002F3EB8,MANUAL_AIM_CANDIDATE,0.57190520167351,0.0,0.79370445013046,0.7236396074295,0.7236396074295,0.79370445013046,0.7236396074295,0.7236396074295,0.070064842700958,0.070064842700958,false,0.0,0.35952068567276,0.25442342162132,0.57190520167351
1202,0x000D3C90,ARM_RIGHT_CANDIDATE,0.56464810371399,-2.2117192745209,-2.4844243526459,-2.9188868999481,-2.1500494480133,-0.272705078125,-0.70716762542725,0.061669826507568,0.43446254730225,0.43446254730225,false,0.0,-0.08704571723938,0.56464810371399,-0.036317443847656
1203,0x002F1E90,ARM_RIGHT_CANDIDATE,0.55309655070305,0.25688752532005,0.74915814399719,1.0594657659531,0.29035133123398,0.49227061867714,0.80257824063301,0.033463805913925,0.31030762195587,0.31030762195587,false,0.0,0.087635117769241,0.55309655070305,-0.09602108001709
1204,0x000D3CA4,ARM_HORIZONTAL_CANDIDATE,0.54947602748871,1.8170206546783,1.593313574791,1.9256103038788,1.5861508846283,-0.22370707988739,0.10858964920044,-0.23086977005005,0.33229672908783,0.11511743068695,true,0.54947602748871,0.14632527828217,-0.02635086774826,0.19764009714127
1205,0x002DB2FC,MANUAL_AIM_CANDIDATE,0.54337453842163,0.0,0.0,0.0,0.54337453842163,0.0,0.0,0.54337453842163,0.0,0.0,false,0.0,-0.054337453842163,-0.054337453842163,0.54337453842163
1206,0x001054C8,MANUAL_AIM_CANDIDATE,0.54244710803032,-1.0636446475983,0.0,0.0,-0.30846861004829,1.0636446475983,1.0636446475983,0.75517603754997,0.0,0.0,false,0.0,0.45630472004414,0.45630472004414,0.54244710803032
1207,0x001F2438,ARM_RIGHT_CANDIDATE,0.54001770019531,352.0451965332,352.0451965332,351.49517822266,351.94519042969,0.0,-0.55001831054688,-0.10000610351563,0.55001831054688,0.55001831054688,false,0.0,-0.285009765625,0.54001770019531,0.045004272460937
1208,0x002D90A8,ARM_RIGHT_CANDIDATE,0.52441711425781,0.7684326171875,1.0594482421875,1.4506225585938,0.64578247070313,0.291015625,0.68218994140625,-0.12265014648438,0.39117431640625,0.39117431640625,false,0.0,-0.062344360351563,0.52441711425781,0.02532958984375
1209,0x00079950,ARM_LEFT_CANDIDATE,0.51735788844526,0.56108999252319,0.022953310981393,0.5217787027359,0.54985851049423,-0.5381366815418,-0.039311289787292,-0.011231482028961,0.49882539175451,0.49882539175451,false,0.0,0.51735788844526,-0.2308801991865,-0.046513315103948
1210,0x002E302C,MANUAL_AIM_CANDIDATE,0.50691431760788,0.0,0.0,0.0,0.50691431760788,0.0,0.0,0.50691431760788,0.0,0.0,false,0.0,-0.050691431760788,-0.050691431760788,0.50691431760788
1211,0x000D3498,ARM_RIGHT_CANDIDATE,0.50460964888334,-0.038537871092558,0.086098961532116,0.5398570895195,-0.15320682525635,0.12463683262467,0.57839496061206,-0.11466895416379,0.45375812798738,0.45375812798738,false,0.0,-0.17602754309773,0.50460964888334,0.044365774840117
1212,0x001F6FCC,ARM_LEFT_CANDIDATE,0.5,0.0,0.5,0.0,0.0,0.5,0.0,0.0,0.5,0.5,false,0.0,0.5,-0.25,-0.05
1213,0x001F7E4C,ARM_RIGHT_CANDIDATE,0.5,0.0,0.0,0.5,0.0,0.0,0.5,0.0,0.5,0.5,false,0.0,-0.25,0.5,-0.05
1214,0x001F7FC4,MANUAL_AIM_CANDIDATE,0.5,0.0,0.0,0.0,0.5,0.0,0.0,0.5,0.0,0.0,false,0.0,-0.05,-0.05,0.5
1215,0x001F81F8,MANUAL_AIM_CANDIDATE,0.5,0.0,0.0,0.0,0.5,0.0,0.0,0.5,0.0,0.0,false,0.0,-0.05,-0.05,0.5
1216,0x002F1C98,ARM_RIGHT_CANDIDATE,0.4960817694664,1.0594657659531,1.0257422924042,0.54652225971222,1.0594657659531,-0.033723473548889,-0.51294350624084,0.0,0.47922003269196,0.47922003269196,false,0.0,-0.22274827957153,0.4960817694664,-0.054666697978973
1217,0x002E2B68,MANUAL_AIM_CANDIDATE,0.49285039245151,0.0,0.0,-0.0019216598011553,-0.49304255843163,0.0,-0.0019216598011553,-0.49304255843163,0.0019216598011553,0.0019216598011553,false,0.0,-0.05026508574374,-0.047382596042007,0.49285039245151
1218,0x000D3CA8,ARM_LEFT_CANDIDATE,0.48168897628784,-2.9262375831604,-2.0712642669678,-2.1827993392944,-2.9418897628784,0.85497331619263,0.74343824386597,-0.015652179718018,0.11153507232666,0.11153507232666,false,0.0,0.48168897628784,0.31438636779785,-0.14418897628784
1219,0x0020EE98,MANUAL_AIM_CANDIDATE,0.47999877929688,108.90000915527,108.30001068115,108.30001068115,108.30001068115,-0.59999847412109,-0.59999847412109,-0.59999847412109,0.0,0.0,false,0.0,0.23999938964844,0.23999938964844,0.47999877929688
1220,0x000D3900,MANUAL_AIM_CANDIDATE,0.47967519760132,-2.7116134166718,-2.5571427345276,-2.5913367271423,-2.2044634819031,0.15447068214417,0.12027668952942,0.50714993476868,0.034193992614746,0.034193992614746,false,0.0,0.043617343902588,-0.0076736450195313,0.47967519760132
1221,0x001F198C,MANUAL_AIM_CANDIDATE,0.47391095757484,0.0,0.75419628620148,0.73123103380203,0.6224536895752,0.75419628620148,0.73123103380203,0.6224536895752,0.022965252399445,0.022965252399445,false,0.0,0.32633540034294,0.29188752174377,0.47391095757484
1222,0x001F7E68,ARM_RIGHT_CANDIDATE,0.46754834409803,-0.019498160108924,-0.019498160108924,0.5,0.5,0.0,0.51949816010892,0.51949816010892,0.51949816010892,0.51949816010892,false,0.0,-0.31169889606535,0.46754834409803,0.46754834409803
1223,0x001F7E98,ARM_RIGHT_CANDIDATE,0.46754834409803,-0.019498160108924,-0.019498160108924,0.5,0.5,0.0,0.51949816010892,0.51949816010892,0.51949816010892,0.51949816010892,false,0.0,-0.31169889606535,0.46754834409803,0.46754834409803
1224,0x002F1BB8,MANUAL_AIM_CANDIDATE,0.45924818515778,1.0594657659531,1.0594657659531,0.8141348361969,0.57568448781967,0.0,-0.24533092975616,-0.48378127813339,0.24533092975616,0.24533092975616,false,0.0,-0.17104359269142,0.19695280194283,0.45924818515778
1225,0x00079958,ARM_LEFT_CANDIDATE,0.45101333260536,0.004982640966773,-0.56027561426163,-0.2026632130146,-0.099237315356731,-0.5652582552284,-0.20764585398138,-0.1042199563235,0.35761240124702,0.35761240124702,false,0.0,0.45101333260536,-0.085405269265175,0.026929545402527
1226,0x0007A1D0,ARM_RIGHT_CANDIDATE,0.45,0.0,0.0,0.5,0.5,0.0,0.5,0.5,0.5,0.5,false,0.0,-0.3,0.45,0.45
1227,0x001F6FE0,ARM_LEFT_CANDIDATE,0.45,1.0,0.25,0.5,0.5,-0.75,-0.5,-0.5,0.25,0.25,false,0.0,0.45,0.075,0.375
1228,0x001F7D18,ARM_RIGHT_CANDIDATE,0.45,1.0,1.0,0.5,0.5,0.0,-0.5,-0.5,0.5,0.5,false,0.0,-0.3,0.45,0.45
1229,0x00095060,ARM_RIGHT_CANDIDATE,0.44956038583769,-0.00048846018034965,-0.00048846018034965,-0.5,-0.5,0.0,-0.49951153981965,-0.49951153981965,0.49951153981965,0.49951153981965,false,0.0,-0.29970692389179,0.44956038583769,0.44956038583769
1230,0x00099A78,ARM_RIGHT_CANDIDATE,0.4495603590156,-0.00048848998267204,-0.00048848998267204,-0.5,-0.5,0.0,-0.49951151001733,-0.49951151001733,0.49951151001733,0.49951151001733,false,0.0,-0.2997069060104,0.4495603590156,0.4495603590156
1231,0x002F1D40,MANUAL_AIM_CANDIDATE,0.44501363039017,1.0594657659531,0.74915814399719,1.0867387056351,0.58069407939911,-0.31030762195587,0.027272939682007,-0.47877168655396,0.33758056163788,0.28303468227386,true,0.39212644100189,0.24879398345947,-0.17575803995132,0.44501363039017
1232,0x002D9344,MANUAL_AIM_CANDIDATE,0.444921875,0.0,0.35546875,0.0,0.48046875,0.35546875,0.0,0.48046875,0.35546875,0.35546875,false,0.0,0.307421875,-0.22578125,0.444921875
1233,0x00079978,ARM_HORIZONTAL_CANDIDATE,0.44399338960648,-0.76057702302933,-0.67342013120651,-0.94309973716736,-0.86883771419525,0.087156891822815,-0.18252271413803,-0.10826069116592,0.26967960596085,0.095365822315216,true,0.44399338960648,-0.014930534362793,0.12811819911003,0.081292730569839
1234,0x000D3FCC,ARM_HORIZONTAL_CANDIDATE,0.43302051723003,0.15719117224216,0.20930908620358,-0.11947560310364,0.20200215280056,0.052117913961411,-0.2766667753458,0.044810980558395,0.32878468930721,0.22454886138439,true,0.43302051723003,-0.09069657176733,0.24612672030926,0.011932511627674
1235,0x002D8AA4,ARM_HORIZONTAL_CANDIDATE,0.431396484375,1.0,1.0257263183594,0.64578247070313,1.0594482421875,0.025726318359375,-0.35421752929688,0.0594482421875,0.37994384765625,0.3284912109375,true,0.431396484375,-0.15732727050781,0.33540954589844,0.021453857421875
1236,0x002D8E1C,ARM_RIGHT_CANDIDATE,0.427734375,0.0,0.0,0.427734375,0.0,0.0,0.427734375,0.0,0.427734375,0.427734375,false,0.0,-0.2138671875,0.427734375,-0.0427734375
1237,0x002F1D78,MANUAL_AIM_CANDIDATE,0.42699609398842,1.0594657659531,0.68460565805435,0.54337453842163,0.54337453842163,-0.37486010789871,-0.51609122753143,-0.51609122753143,0.14123111963272,0.14123111963272,false,0.0,0.065205371379852,0.27705205082893,0.42699609398842
1238,0x002D9420,ARM_LEFT_CANDIDATE,0.42099609375,0.0,0.439453125,0.0,0.1845703125,0.439453125,0.0,0.1845703125,0.439453125,0.439453125,false,0.0,0.42099609375,-0.23818359375,0.140625
1239,0x002E3480,MANUAL_AIM_CANDIDATE,0.41984224319458,0.0,0.0,0.0,0.41984224319458,0.0,0.0,0.41984224319458,0.0,0.0,false,0.0,-0.041984224319458,-0.041984224319458,0.41984224319458
1240,0x000D3C74,MANUAL_AIM_CANDIDATE,0.41315472498536,-0.36377394199371,-0.12596440315247,-0.083902575075626,0.10114887356758,0.23780953884125,0.27987136691809,0.46492281556129,0.042061828076839,0.042061828076839,false,0.0,0.051381573826075,0.11447431594133,0.41315472498536
1241,0x0020EEB0,ARM_HORIZONTAL_CANDIDATE,0.41036987304688,226.84474182129,226.78044128418,227.06221008301,227.06221008301,-0.064300537109375,0.21746826171875,0.21746826171875,0.28176879882813,0.15316772460938,true,0.41036987304688,-0.066180419921875,0.16357116699219,0.18929138183594
1242,0x000D38C4,ARM_LEFT_CANDIDATE,0.40690630525351,0.42958861589432,-0.14639575779438,0.095056548714638,0.4114682674408,-0.5759843736887,-0.33453206717968,-0.018120348453522,0.24145230650902,0.24145230650902,false,0.0,0.40690630525351,0.044727845489979,-0.072931295633316
1243,0x00079940,ARM_LEFT_CANDIDATE,0.40373080484569,0.43627715110779,0.019532369449735,0.4112194776535,0.43142575025558,-0.41674478165805,-0.025057673454285,-0.0048514008522034,0.39168710820377,0.39168710820377,false,0.0,0.40373080484569,-0.18379985745996,-0.03932884465903
1244,0x00105454,MANUAL_AIM_CANDIDATE,0.40216774567962,-0.014080340974033,0.0,0.0,0.39090347290039,0.014080340974033,0.014080340974033,0.40498381387442,0.0,0.0,false,0.0,-0.033458210900426,-0.033458210900426,0.40216774567962
1245,0x001053D4,MANUAL_AIM_CANDIDATE,0.4021647952497,-0.014080340974033,0.0,0.0,0.39090052247047,0.014080340974033,0.014080340974033,0.40498086344451,0.0,0.0,false,0.0,-0.033457915857434,-0.033457915857434,0.4021647952497
1246,0x00105414,MANUAL_AIM_CANDIDATE,0.4021647952497,-0.014080340974033,0.0,0.0,0.39090052247047,0.014080340974033,0.014080340974033,0.40498086344451,0.0,0.0,false,0.0,-0.033457915857434,-0.033457915857434,0.4021647952497
1247,0x0007A178,MANUAL_AIM_CANDIDATE,0.4,0.0,0.5,0.5,0.5,0.5,0.5,0.5,0.0,0.0,false,0.0,0.2,0.2,0.4
1248,0x0007A1A4,MANUAL_AIM_CANDIDATE,0.4,0.0,0.5,0.5,0.5,0.5,0.5,0.5,0.0,0.0,false,0.0,0.2,0.2,0.4
1249,0x001A0100,MANUAL_AIM_CANDIDATE,0.4,0.0,0.5,0.5,0.5,0.5,0.5,0.5,0.0,0.0,false,0.0,0.2,0.2,0.4
1250,0x001F7114,MANUAL_AIM_CANDIDATE,0.4,0.0,0.5,0.5,0.5,0.5,0.5,0.5,0.0,0.0,false,0.0,0.2,0.2,0.4
1251,0x001F7144,MANUAL_AIM_CANDIDATE,0.4,0.5,0.0,0.0,0.0,-0.5,-0.5,-0.5,0.0,0.0,false,0.0,0.2,0.2,0.4
1252,0x000D3890,ARM_HORIZONTAL_CANDIDATE,0.39889528881758,-0.18340720236301,-0.25902724266052,-0.011372034437954,0.22942803800106,-0.075620040297508,0.17203516792506,0.41283524036407,0.24765520822257,0.096415127627552,true,0.39889528881758,-0.051681067701429,0.092941623739898,0.38806971954182
1253,0x002D9268,MANUAL_AIM_CANDIDATE,0.3921875,0.0,0.35546875,0.0,0.427734375,0.35546875,0.0,0.427734375,0.35546875,0.35546875,false,0.0,0.3126953125,-0.2205078125,0.3921875
1254,0x000D3894,ARM_LEFT_CANDIDATE,0.39038450159132,0.195492208004,-0.28811991214752,0.018099371343851,0.24080421030521,-0.48361212015152,-0.17739283666015,0.045312002301216,0.30621928349137,0.30621928349137,false,0.0,0.39038450159132,-0.068944423645735,-0.020788493379951
1255,0x0020EEB4,MANUAL_AIM_CANDIDATE,0.39000015258789,108.30001068115,108.90000915527,108.80001068115,108.80001068115,0.59999847412109,0.5,0.5,0.099998474121094,0.099998474121094,false,0.0,0.29999847412109,0.15000076293945,0.39000015258789
1256,0x00105488,MANUAL_AIM_CANDIDATE,0.38121211528778,0.093769952654839,0.0,0.0,-0.30619615316391,-0.093769952654839,-0.093769952654839,-0.39996610581875,0.0,0.0,false,0.0,0.0068883657455444,0.0068883657455444,0.38121211528778
1257,0x000D3C80,ARM_HORIZONTAL_CANDIDATE,0.35799431800842,-2.1176342964172,-2.1374201774597,-1.8189976215363,-1.9603264331818,-0.01978588104248,0.29863667488098,0.15730786323547,0.31842255592346,0.2788507938385,true,0.35799431800842,-0.14526324272156,0.27301294803619,0.12546560764313
1258,0x002F1C28,MANUAL_AIM_CANDIDATE,0.35776605606079,0.51376742124557,1.0257422924042,0.96817135810852,0.96817135810852,0.5119748711586,0.45440393686295,0.45440393686295,0.057570934295654,0.057570934295654,false,0.0,0.23933250904083,0.15297610759735,0.35776605606079
1259,0x00105500,MANUAL_AIM_CANDIDATE,0.35506267696619,0.36362764239311,0.0,0.0,-0.064160563051701,-0.36362764239311,-0.36362764239311,-0.42778820544481,0.0,0.0,false,0.0,0.13903500065207,0.13903500065207,0.35506267696619
1260,0x00079948,ARM_LEFT_CANDIDATE,0.3543050696142,0.0030794807244092,-0.43625077605247,-0.15026316046715,-0.08045918494463,-0.43933025677688,-0.15334264119156,-0.083538665669039,0.28598761558533,0.28598761558533,false,0.0,0.3543050696142,-0.074676353763789,0.024271375872195
1261,0x00105440,MANUAL_AIM_CANDIDATE,0.35183621942997,-0.056083854287863,0.0,0.0,0.30696913599968,0.056083854287863,0.056083854287863,0.36305299028754,0.0,0.0,false,0.0,-0.0082633718848228,-0.0082633718848228,0.35183621942997
1262,0x000D3C3C,ARM_LEFT_CANDIDATE,0.338285093382,0.23165050148964,-0.26341480016708,-0.055462803691626,0.099414944648743,-0.49506530165672,-0.28711330518126,-0.1322355568409,0.20795199647546,0.20795199647546,false,0.0,0.338285093382,0.026357098668814,0.054017696157098
1263,0x000D3A30,ARM_HORIZONTAL_CANDIDATE,0.33138275146484,-33.496700286865,-33.5852394104,-33.415752410889,-33.437259674072,-0.088539123535156,0.080947875976563,0.059440612792969,0.16948699951172,0.0075912475585938,true,0.33138275146484,0.042121124267578,0.030734252929688,0.042491912841797
1264,0x000D3898,ARM_HORIZONTAL_CANDIDATE,0.3313794452697,-0.0088819051161408,-0.097419150173664,0.072065494954586,0.050558246672153,-0.088537245057523,0.080947400070727,0.059440151788294,0.16948464512825,0.0075898449867964,true,0.3313794452697,0.04211952984333,0.030734762363136,0.042491687275469
1265,0x002F1E58,ARM_LEFT_CANDIDATE,0.32955241799355,0.70711201429367,1.0594657659531,0.74915814399719,0.72489470243454,0.35235375165939,0.042046129703522,0.017782688140869,0.31030762195587,0.31030762195587,false,0.0,0.32955241799355,-0.13590901494026,-0.021657299995422
1266,0x002D8FCC,MANUAL_AIM_CANDIDATE,0.31889953613281,1.0594482421875,0.72488403320313,1.0594482421875,0.70709228515625,-0.33456420898438,0.0,-0.35235595703125,0.33456420898438,0.33456420898438,false,0.0,0.29932861328125,-0.20251770019531,0.31889953613281
1267,0x002F1BF0,ARM_RIGHT_CANDIDATE,0.31030762195587,0.74915814399719,0.74915814399719,1.0594657659531,0.74915814399719,0.0,0.31030762195587,0.0,0.31030762195587,0.31030762195587,false,0.0,-0.15515381097794,0.31030762195587,-0.031030762195587
1268,0x00105588,MANUAL_AIM_CANDIDATE,0.304768980667,-0.36449930071831,0.0,0.0,0.013169540092349,0.36449930071831,0.36449930071831,0.37766884081066,0.0,0.0,false,0.0,0.14448276627809,0.14448276627809,0.304768980667
1269,0x000D3C38,ARM_HORIZONTAL_CANDIDATE,0.30345284938812,-1.9944186210632,-2.1734817028046,-1.952955365181,-1.7899435758591,-0.17906308174133,0.041463255882263,0.20447504520416,0.2205263376236,0.13759982585907,true,0.30345284938812,0.13788394927979,-0.06851578950882,0.1824224114418
1270,0x002D95D0,ARM_HORIZONTAL_CANDIDATE,0.29556274414063,0.7491455078125,0.96817016601563,0.7236328125,0.7491455078125,0.21902465820313,-0.0255126953125,0.0,0.24453735351563,0.19351196289063,true,0.29556274414063,0.20626831054688,-0.083999633789063,-0.024453735351563
1271,0x00105594,MANUAL_AIM_CANDIDATE,0.28913284949958,0.3908217549324,0.0,0.0,0.02352455444634,-0.3908217549324,-0.3908217549324,-0.36729720048606,0.0,0.0,false,0.0,0.1586811574176,0.1586811574176,0.28913284949958
1272,0x000D3C98,ARM_LEFT_CANDIDATE,0.27850805521011,1.6036467552185,1.9029364585876,1.6119154691696,1.7701196670532,0.29928970336914,0.0082687139511108,0.16647291183472,0.29102098941803,0.29102098941803,false,0.0,0.27850805521011,-0.15802342891693,0.13571707010269
1273,0x002F1D08,MANUAL_AIM_CANDIDATE,0.27491706609726,0.8141348361969,0.72489470243454,0.68460565805435,0.51734083890915,-0.08924013376236,-0.12952917814255,-0.29679399728775,0.040289044380188,0.040289044380188,false,0.0,-0.0052038550376892,0.055229711532593,0.27491706609726
1274,0x002D9864,MANUAL_AIM_CANDIDATE,0.2746826171875,0.35641479492188,0.7236328125,0.7491455078125,0.70709228515625,0.36721801757813,0.39273071289063,0.35067749023438,0.0255126953125,0.0255126953125,false,0.0,0.13578491210937,0.17405395507812,0.2746826171875
1275,0x000D3C84,ARM_RIGHT_CANDIDATE,0.26849346160889,2.4453685283661,2.2764513492584,2.0680222511292,2.6893107891083,-0.16891717910767,-0.37734627723694,0.24394226074219,0.20842909812927,0.20842909812927,false,0.0,-0.044150185585022,0.26849346160889,0.18931591510773
1276,0x000D3D14,ARM_RIGHT_CANDIDATE,0.26293377876282,0.1251410394907,0.27390867471695,0.49303108453751,0.43086552619934,0.14876763522625,0.36789004504681,0.30572448670864,0.21912240982056,0.21912240982056,false,0.0,-0.065749835968018,0.26293377876282,0.25405871868134
1277,0x000D3490,MANUAL_AIM_CANDIDATE,0.26168584786355,-0.22696222364902,-0.16364161670208,-0.061953935772181,0.057556513696909,0.063320606946945,0.16500828787684,0.28451873734593,0.1016876809299,0.1016876809299,false,0.0,-0.04763541072607,0.10489611066878,0.26168584786355
1278,0x002F1EC8,ARM_RIGHT_CANDIDATE,0.25463754534721,0.74915814399719,0.8141348361969,1.0594657659531,0.51734083890915,0.064976692199707,0.31030762195587,-0.23181730508804,0.24533092975616,0.24533092975616,false,0.0,-0.11335884928703,0.25463754534721,0.19428887367249
1279,0x002D9184,ARM_HORIZONTAL_CANDIDATE,0.25430297851563,0.72488403320313,0.7491455078125,0.54336547851563,0.517333984375,0.024261474609375,-0.1815185546875,-0.20755004882813,0.20578002929688,0.15725708007813,true,0.25430297851563,-0.087252807617187,0.1486328125,0.18697204589844
1280,0x001F6FB0,ARM_LEFT_CANDIDATE,0.25,0.25,0.5,0.25,0.25,0.25,0.0,0.0,0.25,0.25,false,0.0,0.25,-0.125,-0.025
1281,0x001F706C,MANUAL_AIM_CANDIDATE,0.25,0.25,0.25,0.25,0.5,0.0,0.0,0.25,0.0,0.0,false,0.0,-0.025,-0.025,0.25
1282,0x001F7CD4,ARM_RIGHT_CANDIDATE,0.25,0.25,0.25,0.5,0.25,0.0,0.25,0.0,0.25,0.25,false,0.0,-0.125,0.25,-0.025
1283,0x001F7F1C,MANUAL_AIM_CANDIDATE,0.25,0.25,0.25,0.25,0.5,0.0,0.0,0.25,0.0,0.0,false,0.0,-0.025,-0.025,0.25
1284,0x001F813C,ARM_LEFT_CANDIDATE,0.25,0.0,0.5,0.5,0.0,0.5,0.5,0.0,0.0,0.0,false,0.0,0.25,0.25,-0.1
1285,0x001F8370,ARM_LEFT_CANDIDATE,0.25,0.5,0.0,0.0,0.5,-0.5,-0.5,0.0,0.0,0.0,false,0.0,0.25,0.25,-0.1
1286,0x002F3DB8,MANUAL_AIM_CANDIDATE,0.2480714738369,0.5000074505806,0.70711201429367,0.74915814399719,0.79370445013046,0.20710456371307,0.2491506934166,0.29369699954987,0.042046129703522,0.042046129703522,false,0.0,0.053159517049789,0.11622871160507,0.2480714738369
1287,0x002D918C,MANUAL_AIM_CANDIDATE,0.239697265625,0.2919921875,0.0,0.06103515625,0.0,-0.2919921875,-0.23095703125,-0.2919921875,0.06103515625,0.06103515625,false,0.0,0.147314453125,0.05576171875,0.239697265625
1288,0x00286CCC,ARM_HORIZONTAL_CANDIDATE,0.23842991644051,-0.033383399248123,-0.00030656240414828,-0.17258280515671,-6.0253165429458e-05,0.033076836843975,-0.13919940590858,0.033323146082694,0.17227624275256,0.10612256906461,true,0.23842991644051,-0.039855180718587,0.11932867287833,0.016095521807438
1289,0x0005E66C,MANUAL_AIM_CANDIDATE,0.2343017578125,0.70709228515625,0.99996948242188,0.99996948242188,0.99996948242188,0.29287719726563,0.29287719726563,0.29287719726563,0.0,0.0,false,0.0,0.11715087890625,0.11715087890625,0.2343017578125
1290,0x0005E67C,MANUAL_AIM_CANDIDATE,0.2343017578125,0.70709228515625,0.99996948242188,0.99996948242188,0.99996948242188,0.29287719726563,0.29287719726563,0.29287719726563,0.0,0.0,false,0.0,0.11715087890625,0.11715087890625,0.2343017578125
1291,0x00286CC8,ARM_HORIZONTAL_CANDIDATE,0.231307664013,-0.033383399248123,-8.236087160185e-05,-0.16478794813156,-9.5711351605132e-05,0.033301038376521,-0.13140454888344,0.033287687896518,0.16470558725996,0.098103510506917,true,0.231307664013,-0.03573000485485,0.11142526090553,0.016817129170522
1292,0x000D3FE0,ARM_LEFT_CANDIDATE,0.22863256931305,1.999994635582,2.2307114601135,2.0038709640503,2.0014555454254,0.23071682453156,0.0038763284683228,0.0014609098434448,0.22684049606323,0.22684049606323,false,0.0,0.22863256931305,-0.1116281747818,-0.021998405456543
1293,0x00286CC4,ARM_HORIZONTAL_CANDIDATE,0.22758237618837,-0.033383399248123,-2.20202782657e-05,-0.16088163852692,-0.00014183268649504,0.033361378969857,-0.12749823927879,0.033241566561628,0.16085961824865,0.094136860308936,true,0.22758237618837,-0.033711897325702,0.1074933931377,0.017155604736763
1294,0x001F6E38,ARM_RIGHT_CANDIDATE,0.225,0.5,0.5,0.25,0.25,0.0,-0.25,-0.25,0.25,0.25,false,0.0,-0.15,0.225,0.225
1295,0x001F6E68,ARM_RIGHT_CANDIDATE,0.225,0.25,0.25,0.5,0.5,0.0,0.25,0.25,0.25,0.25,false,0.0,-0.15,0.225,0.225
1296,0x001F7058,ARM_RIGHT_CANDIDATE,0.225,0.25,0.25,0.5,0.0,0.0,0.25,-0.25,0.25,0.25,false,0.0,-0.15,0.225,0.225
1297,0x001F7C18,ARM_RIGHT_CANDIDATE,0.225,0.0,0.0,0.25,0.25,0.0,0.25,0.25,0.25,0.25,false,0.0,-0.15,0.225,0.225
1298,0x001F7F4C,ARM_LEFT_CANDIDATE,0.225,0.5,0.25,0.5,0.25,-0.25,0.0,-0.25,0.25,0.25,false,0.0,0.225,-0.15,0.225
1299,0x00286CC0,ARM_HORIZONTAL_CANDIDATE,0.22372489728696,-0.033383399248123,-5.7433771871729e-06,-0.15697532892227,-0.00021049834322184,0.033377655870936,-0.12359192967415,0.033172900904901,0.15696958554508,0.090214273803213,true,0.22372489728696,-0.031735599056628,0.10358581164819,0.017475942350393
1300,0x001E8D54,ARM_HORIZONTAL_CANDIDATE,0.22072175145149,0.056856408715248,0.089835897088051,-0.064926877617836,-0.047745067626238,0.032979488372803,-0.12178328633308,-0.10460147634149,0.15476277470589,0.088803797960281,true,0.22072175145149,-0.038372302427888,0.094833394512534,0.089125198870897
1301,0x001E8D6C,ARM_HORIZONTAL_CANDIDATE,0.22013319283724,-0.056704834103584,-0.08959636092186,0.064753778278828,0.047617793083191,-0.032891526818275,0.12145861238241,0.10432262718678,0.15435013920069,0.088567085564137,true,0.22013319283724,-0.038270042091608,0.094580586254597,0.088887613266706
1302,0x00105448,MANUAL_AIM_CANDIDATE,0.2172739803791,0.093769952654839,0.0,0.0,0.32979792356491,-0.093769952654839,-0.093769952654839,0.23602797091007,0.0,0.0,false,0.0,0.023282179236412,0.023282179236412,0.2172739803791
1303,0x00105554,MANUAL_AIM_CANDIDATE,0.21313651800156,0.39082172513008,0.0,0.0,0.099520862102509,-0.39082172513008,-0.39082172513008,-0.29130086302757,0.0,0.0,false,0.0,0.16628077626228,0.16628077626228,0.21313651800156
1304,0x00105514,MANUAL_AIM_CANDIDATE,0.21289844810963,0.39082452654839,0.0,0.0,0.099761173129082,-0.39082452654839,-0.39082452654839,-0.2910633534193,0.0,0.0,false,0.0,0.16630592793226,0.16630592793226,0.21289844810963
1305,0x002D8C5C,ARM_RIGHT_CANDIDATE,0.20770874023437,0.25686645507813,0.68460083007813,0.70709228515625,0.54336547851563,0.427734375,0.45022583007813,0.2864990234375,0.022491455078125,0.022491455078125,false,0.0,0.17397155761719,0.20770874023437,0.19870300292969
1306,0x002D8FD4,ARM_RIGHT_CANDIDATE,0.201171875,0.0,0.02734375,0.21484375,0.0,0.02734375,0.21484375,0.0,0.1875,0.1875,false,0.0,-0.080078125,0.201171875,-0.02421875
1307,0x002E30E8,MANUAL_AIM_CANDIDATE,0.20088917016983,0.0,0.0,0.0,0.20088917016983,0.0,0.0,0.20088917016983,0.0,0.0,false,0.0,-0.020088917016983,-0.020088917016983,0.20088917016983
1308,0x001F6EE0,MANUAL_AIM_CANDIDATE,0.2,0.0,0.25,0.25,0.25,0.25,0.25,0.25,0.0,0.0,false,0.0,0.1,0.1,0.2
1309,0x001F6EF4,MANUAL_AIM_CANDIDATE,0.2,0.5,0.25,0.25,0.25,-0.25,-0.25,-0.25,0.0,0.0,false,0.0,0.1,0.1,0.2
1310,0x001F7128,MANUAL_AIM_CANDIDATE,0.2,0.5,0.25,0.25,0.25,-0.25,-0.25,-0.25,0.0,0.0,false,0.0,0.1,0.1,0.2
1311,0x001F7158,MANUAL_AIM_CANDIDATE,0.2,0.25,0.5,0.5,0.5,0.25,0.25,0.25,0.0,0.0,false,0.0,0.1,0.1,0.2
1312,0x001F7C2C,MANUAL_AIM_CANDIDATE,0.2,0.5,0.25,0.25,0.25,-0.25,-0.25,-0.25,0.0,0.0,false,0.0,0.1,0.1,0.2
1313,0x001F7C5C,MANUAL_AIM_CANDIDATE,0.2,0.25,0.5,0.5,0.5,0.25,0.25,0.25,0.0,0.0,false,0.0,0.1,0.1,0.2
1314,0x001F7DA4,MANUAL_AIM_CANDIDATE,0.2,0.5,0.25,0.25,0.25,-0.25,-0.25,-0.25,0.0,0.0,false,0.0,0.1,0.1,0.2
1315,0x001F7DD4,MANUAL_AIM_CANDIDATE,0.2,0.25,0.5,0.5,0.5,0.25,0.25,0.25,0.0,0.0,false,0.0,0.1,0.1,0.2
1316,0x001F7E60,MANUAL_AIM_CANDIDATE,0.2,0.25,0.5,0.5,0.5,0.25,0.25,0.25,0.0,0.0,false,0.0,0.1,0.1,0.2
1317,0x000D38F0,MANUAL_AIM_CANDIDATE,0.18890104293823,1.8861875534058,2.1308488845825,2.0024719238281,2.1111831665039,0.24466133117676,0.11628437042236,0.22499561309814,0.12837696075439,0.12837696075439,false,0.0,0.16401958465576,-0.02854585647583,0.18890104293823
1318,0x002F3D78,ARM_RIGHT_CANDIDATE,0.18277454376221,0.5000074505806,0.7236396074295,0.81696128845215,0.7236396074295,0.22363215684891,0.31695383787155,0.22363215684891,0.093321681022644,0.093321681022644,false,0.0,0.042792022228241,0.18277454376221,0.16957355737686
1319,0x00204B58,ARM_RIGHT_CANDIDATE,0.17999725341797,108.50000762939,108.50000762939,108.30001068115,108.30001068115,0.0,-0.19999694824219,-0.19999694824219,0.19999694824219,0.19999694824219,false,0.0,-0.11999816894531,0.17999725341797,0.17999725341797
1320,0x00204B74,ARM_RIGHT_CANDIDATE,0.17999725341797,108.30001068115,108.30001068115,108.50000762939,108.50000762939,0.0,0.19999694824219,0.19999694824219,0.19999694824219,0.19999694824219,false,0.0,-0.11999816894531,0.17999725341797,0.17999725341797
1321,0x0002CE44,MANUAL_AIM_CANDIDATE,0.17560424208641,0.5,0.5,0.44866687059402,0.31926244497299,0.0,-0.051333129405975,-0.18073755502701,0.051333129405975,0.051333129405975,false,0.0,-0.043740320205688,0.033259373903275,0.17560424208641
1322,0x00030B1C,MANUAL_AIM_CANDIDATE,0.17560424208641,0.5,0.5,0.44866687059402,0.31926244497299,0.0,-0.051333129405975,-0.18073755502701,0.051333129405975,0.051333129405975,false,0.0,-0.043740320205688,0.033259373903275,0.17560424208641
1323,0x00030B20,MANUAL_AIM_CANDIDATE,0.17560424208641,0.5,0.5,0.44866687059402,0.31926244497299,0.0,-0.051333129405975,-0.18073755502701,0.051333129405975,0.051333129405975,false,0.0,-0.043740320205688,0.033259373903275,0.17560424208641
1324,0x000D3E30,ARM_HORIZONTAL_CANDIDATE,0.17451344896108,-0.11613747477531,0.004225124605,-0.1341877579689,-0.045636124908924,0.12036259938031,-0.018050283193588,0.07050134986639,0.1384128825739,0.10231231618673,true,0.17451344896108,0.10428732279688,-0.049181151483208,0.056660061609
1325,0x000D3DF0,ARM_HORIZONTAL_CANDIDATE,0.17426737397909,-0.11634248495102,0.0052773281931877,-0.13389167189598,-0.046014659106731,0.12161981314421,-0.017549186944962,0.070327825844288,0.13916900008917,0.10407062619925,true,0.17426737397909,0.1058124370873,-0.050293502211571,0.056410925835371
1326,0x002D8B88,ARM_RIGHT_CANDIDATE,0.169921875,0.0,0.0,0.169921875,0.0,0.0,0.169921875,0.0,0.169921875,0.169921875,false,0.0,-0.0849609375,0.169921875,-0.0169921875
1327,0x00204D08,MANUAL_AIM_CANDIDATE,0.15999755859375,108.50000762939,108.30001068115,108.30001068115,108.30001068115,-0.19999694824219,-0.19999694824219,-0.19999694824219,0.0,0.0,false,0.0,0.079998779296875,0.079998779296875,0.15999755859375
1328,0x001E8D4C,MANUAL_AIM_CANDIDATE,0.15828288570046,0.093550451099873,-0.062560677528381,-0.088141016662121,-0.098512694239616,-0.15611112862825,-0.18169146776199,-0.19206314533949,0.025580339133739,0.025580339133739,false,0.0,0.046059080213308,0.084429588913918,0.15828288570046
1329,0x001E8D74,MANUAL_AIM_CANDIDATE,0.1578609354794,0.093301042914391,-0.062393866479397,-0.087906032800674,-0.098250091075897,-0.15569490939379,-0.18120707571507,-0.19155113399029,0.025512166321278,0.025512166321278,false,0.0,0.045936258137226,0.084204507619143,0.1578609354794
1330,0x001059C4,MANUAL_AIM_CANDIDATE,0.15270247161388,0.085441961884499,0.0,0.0,-0.084348902106285,-0.085441961884499,-0.085441961884499,-0.16979086399078,0.0,0.0,false,0.0,0.025741894543171,0.025741894543171,0.15270247161388
1331,0x001F19A0,ARM_LEFT_CANDIDATE,0.14586449414492,0.0,0.18718682229519,0.082644656300545,0.0,0.18718682229519,0.082644656300545,0.0,0.10454216599464,0.10454216599464,false,0.0,0.14586449414492,-0.01094875484705,-0.026983147859573
1332,0x00079960,ARM_RIGHT_CANDIDATE,0.14405587315559,0.63518267869949,0.79241639375687,0.8712283372879,0.76891195774078,0.15723371505737,0.23604565858841,0.13372927904129,0.078811943531036,0.078811943531036,false,0.0,0.025837957859039,0.14405587315559,0.094401341676712
1333,0x00105388,MANUAL_AIM_CANDIDATE,0.14258269965649,0.093769952654839,0.0,0.0,-0.067566737532616,-0.093769952654839,-0.093769952654839,-0.16133669018745,0.0,0.0,false,0.0,0.030751307308674,0.030751307308674,0.14258269965649
1334,0x000D3A48,ARM_HORIZONTAL_CANDIDATE,0.14083598740399,-0.072271704673767,0.025363462045789,-0.086671978235245,-0.073497883975506,0.097635166719556,-0.014400273561478,-0.0012261793017387,0.11203544028103,0.083234893158078,true,0.14083598740399,0.090312412008643,-0.034539927728474,-0.0099773647263646
1335,0x000D3A88,ARM_HORIZONTAL_CANDIDATE,0.14044606871903,-0.072204016149044,0.024467820301652,-0.086795426905155,-0.073095768690109,0.096671836450696,-0.014591410756111,-0.00089175254106522,0.11126324720681,0.082080425694585,true,0.14044606871903,0.089286955818534,-0.033833682723343,-0.010234572179615
1336,0x000D34A0,ARM_RIGHT_CANDIDATE,0.14007870405912,0.14291927218437,0.040503911674023,-0.050297241657972,0.12361797690392,-0.10241536051035,-0.19321651384234,-0.019301295280457,0.090801153331995,0.090801153331995,false,0.0,0.0038769740611315,0.14007870405912,-0.010261892154813
1337,0x002E33F0,MANUAL_AIM_CANDIDATE,0.13477945327759,0.0,0.0,0.0,0.13477945327759,0.0,0.0,0.13477945327759,0.0,0.0,false,0.0,-0.013477945327759,-0.013477945327759,0.13477945327759
1338,0x000D3DF8,ARM_LEFT_CANDIDATE,0.13366423277184,-0.017016936093569,0.14544579386711,0.034771557897329,0.012025565840304,0.16246272996068,0.051788493990898,0.029042501933873,0.11067423596978,0.11067423596978,false,0.0,0.13366423277184,-0.032347121182829,0.0076173795387149
1339,0x000D38DC,ARM_LEFT_CANDIDATE,0.13258745670319,2.3241794109344,2.549870967865,2.5048689842224,2.2965862751007,0.22569155693054,0.18068957328796,-0.02759313583374,0.045001983642578,0.045001983642578,false,0.0,0.13258745670319,0.065084481239319,-0.01304497718811
1340,0x000D3328,ARM_LEFT_CANDIDATE,0.13156318664551,60.275608062744,60.14391708374,60.275367736816,60.275531768799,-0.13169097900391,-0.00024032592773438,-7.62939453125e-05,0.13145065307617,0.13145065307617,false,0.0,0.13156318664551,-0.06561279296875,-0.013116836547852
1341,0x000D3E38,ARM_LEFT_CANDIDATE,0.13129932712764,-0.017313746735454,0.14297771453857,0.034715719521046,0.012460263445973,0.16029146127403,0.052029466256499,0.029774010181427,0.10826199501753,0.10826199501753,false,0.0,0.13129932712764,-0.031093665398657,0.0085419174283743
1342,0x000D308C,ARM_LEFT_CANDIDATE,0.13114379048347,0.0,0.16360545158386,0.063348054885864,-0.0078763365745544,0.16360545158386,0.063348054885864,-0.0078763365745544,0.100257396698,0.100257396698,false,0.0,0.13114379048347,-0.019242304563522,-0.014819014072418
1343,0x001053C0,MANUAL_AIM_CANDIDATE,0.12715342640877,-0.056083854287863,0.0,0.0,0.082286342978477,0.056083854287863,0.056083854287863,0.13837019726634,0.0,0.0,false,0.0,0.014204907417297,0.014204907417297,0.12715342640877
1344,0x000D3A50,ARM_HORIZONTAL_CANDIDATE,0.12607531424146,0.00079622043995187,0.12450650334358,7.8766606748104e-06,-0.025562614202499,0.12371028290363,-0.00078834377927706,-0.026358834642451,0.12449862668291,0.12292193912435,true,0.12607531424146,0.12068022754975,-0.063702681136783,0.013908971974161
1345,0x000D3C40,ARM_LEFT_CANDIDATE,0.12481237518368,0.0008603849564679,-0.13965599238873,-0.018653662875295,0.060330167412758,-0.14051637734519,-0.019514047831763,0.05946978245629,0.12100232951343,0.12100232951343,false,0.0,0.12481237518368,-0.056691119086463,0.043466739938594
1346,0x000D3DD8,ARM_LEFT_CANDIDATE,0.12481237500906,0.013040593825281,-0.12747578322887,-0.0064734537154436,0.072510376572609,-0.14051637705415,-0.019514047540724,0.059469782747328,0.12100232951343,0.12100232951343,false,0.0,0.12481237500906,-0.056691119261086,0.04346674028784
1347,0x00105400,MANUAL_AIM_CANDIDATE,0.12438686192036,-0.056083854287863,0.0,0.0,0.079519778490067,0.056083854287863,0.056083854287863,0.13560363277793,0.0,0.0,false,0.0,0.014481563866138,0.014481563866138,0.12438686192036
1348,0x000D3A90,ARM_HORIZONTAL_CANDIDATE,0.12359906581696,0.00089543877402321,0.12211652845144,0.00010278006084263,-0.025535374879837,0.12122108967742,-0.00079265871318057,-0.02643081365386,0.1220137483906,0.12042843096424,true,0.12359906581696,0.11818167895544,-0.062460967490915,0.0142294388148
1349,0x000D3A08,ARM_HORIZONTAL_CANDIDATE,0.12128025502898,-0.0018966532079503,-0.029568983241916,0.036366611719131,0.036732260137796,-0.027672330033965,0.038263264927082,0.038628913345747,0.065935594961047,0.010590934893116,true,0.12128025502898,0.0046778062358499,0.020564208575524,0.032035353849642
1350,0x000D3CCC,ARM_HORIZONTAL_CANDIDATE,0.11950478889048,-0.0058230608701706,0.049134518951178,-0.027338797226548,-0.028375793248415,0.054957579821348,-0.021515736356378,-0.022552732378244,0.076473316177726,0.033441843464971,true,0.11950478889048,0.041944438405335,-0.0082183267921209,0.014905400760472
1351,0x002D95D8,ARM_RIGHT_CANDIDATE,0.119140625,0.0,0.13671875,0.1875,0.0,0.13671875,0.1875,0.0,0.05078125,0.05078125,false,0.0,0.04296875,0.119140625,-0.032421875
1352,0x000D3958,ARM_HORIZONTAL_CANDIDATE,0.11351347994059,0.0050603509880602,-0.044035248458385,0.026532977819443,-0.038333278149366,-0.049095599446446,0.021472626831383,-0.043393629137427,0.070568226277828,0.027622972615063,true,0.11351347994059,0.034019923117012,-0.007414535805583,0.036336806509644
1353,0x000D38FC,ARM_HORIZONTAL_CANDIDATE,0.10839331150055,1.8094503879547,1.7848651409149,1.8440879583359,1.7174501419067,-0.024585247039795,0.034637570381165,-0.092000246047974,0.059222817420959,0.01005232334137,true,0.10839331150055,-0.0019335627555847,0.01314492225647,0.086077964305878
1354,0x000D3CEC,ARM_HORIZONTAL_CANDIDATE,0.10143881756812,0.016812670975924,-0.015115302987397,0.039982952177525,-0.029450310394168,-0.03192797396332,0.023170281201601,-0.046262981370091,0.055098255164921,0.0087576927617192,true,0.10143881756812,0.015716535225511,0.0025799960829318,0.040753155853599
1355,0x002E2E28,MANUAL_AIM_CANDIDATE,0.10134913027287,0.0,0.0,0.0,0.10134913027287,0.0,0.0,0.10134913027287,0.0,0.0,false,0.0,-0.010134913027287,-0.010134913027287,0.10134913027287
1356,0x002E2DCC,MANUAL_AIM_CANDIDATE,0.10030578821898,0.0,0.0,0.0,0.10030578821898,0.0,0.0,0.10030578821898,0.0,0.0,false,0.0,-0.010030578821898,-0.010030578821898,0.10030578821898
1357,0x0005E670,MANUAL_AIM_CANDIDATE,0.099995994567871,1.9999949932098,1.875,1.875,1.875,-0.12499499320984,-0.12499499320984,-0.12499499320984,0.0,0.0,false,0.0,0.049997997283936,0.049997997283936,0.099995994567871
1358,0x00105B54,MANUAL_AIM_CANDIDATE,0.099760457873344,0.0,0.0,0.0,0.099760457873344,0.0,0.0,0.099760457873344,0.0,0.0,false,0.0,-0.0099760457873344,-0.0099760457873344,0.099760457873344
1359,0x000F9354,ARM_LEFT_CANDIDATE,0.099743515253067,0.0,0.099743515253067,0.0,0.0,0.099743515253067,0.0,0.0,0.099743515253067,0.099743515253067,false,0.0,0.099743515253067,-0.049871757626534,-0.0099743515253067
1360,0x000F9394,ARM_LEFT_CANDIDATE,0.099264316260815,0.0,0.099264316260815,0.0,0.0,0.099264316260815,0.0,0.0,0.099264316260815,0.099264316260815,false,0.0,0.099264316260815,-0.049632158130407,-0.0099264316260815
1361,0x00105B94,MANUAL_AIM_CANDIDATE,0.099155411124229,0.0,0.0,0.0,0.099155411124229,0.0,0.0,0.099155411124229,0.0,0.0,false,0.0,-0.0099155411124229,-0.0099155411124229,0.099155411124229
1362,0x0020C490,ARM_RIGHT_CANDIDATE,0.0986328125,14205.616210938,14205.616210938,14205.517578125,14205.616210938,0.0,-0.0986328125,0.0,0.0986328125,0.0986328125,false,0.0,-0.04931640625,0.0986328125,-0.00986328125
1363,0x003B03D4,MANUAL_AIM_CANDIDATE,0.098437482118607,-0.12304685264826,0.0,0.0,0.0,0.12304685264826,0.12304685264826,0.12304685264826,0.0,0.0,false,0.0,0.049218741059303,0.049218741059303,0.098437482118607
1364,0x000F9340,ARM_LEFT_CANDIDATE,0.09770480543375,0.0,0.09770480543375,0.0,0.0,0.09770480543375,0.0,0.0,0.09770480543375,0.09770480543375,false,0.0,0.09770480543375,-0.048852402716875,-0.009770480543375
1365,0x00106004,MANUAL_AIM_CANDIDATE,0.09749861061573,0.0,0.0,0.0,-0.09749861061573,0.0,0.0,-0.09749861061573,0.0,0.0,false,0.0,-0.009749861061573,-0.009749861061573,0.09749861061573
1366,0x001063D0,MANUAL_AIM_CANDIDATE,0.095511198043823,0.0,0.0,0.0,0.095511198043823,0.0,0.0,0.095511198043823,0.0,0.0,false,0.0,-0.0095511198043823,-0.0095511198043823,0.095511198043823
1367,0x00069290,ARM_RIGHT_CANDIDATE,0.094835729757324,0.0063476581126451,0.0063476581126451,0.10157398879528,0.0024416488595307,0.0,0.095226330682635,-0.0039060092531145,0.095226330682635,0.095226330682635,false,0.0,-0.048003766266629,0.094835729757324,-0.0056166238151491
1368,0x000D3944,ARM_HORIZONTAL_CANDIDATE,0.094691758975387,0.0,0.02024052105844,-0.033970195800066,-0.028331005945802,0.02024052105844,-0.033970195800066,-0.028331005945802,0.054210716858506,0.013729674741626,true,0.094691758975387,0.00042232256382704,0.021016834676266,0.022909934259951
1369,0x00069240,ARM_RIGHT_CANDIDATE,0.094595761419987,0.0063476581126451,0.0063476581126451,0.10157398879528,4.1965486161644e-05,0.0,0.095226330682635,-0.0063056926264835,0.095226330682635,0.095226330682635,false,0.0,-0.048243734603966,0.094595761419987,-0.00321694044178
1370,0x002D933C,ARM_LEFT_CANDIDATE,0.094549560546875,0.70709228515625,0.81411743164063,0.7236328125,0.7491455078125,0.10702514648438,0.01654052734375,0.04205322265625,0.090484619140625,0.090484619140625,false,0.0,0.094549560546875,-0.041177368164062,0.029696655273437
1371,0x000F9750,ARM_LEFT_CANDIDATE,0.093810983002186,0.0,-0.093810983002186,0.0,0.0,-0.093810983002186,0.0,0.0,0.093810983002186,0.093810983002186,false,0.0,0.093810983002186,-0.046905491501093,-0.0093810983002186
1372,0x00106444,MANUAL_AIM_CANDIDATE,0.091633625328541,0.0,0.0,0.0,-0.091633625328541,0.0,0.0,-0.091633625328541,0.0,0.0,false,0.0,-0.0091633625328541,-0.0091633625328541,0.091633625328541
1373,0x00286CFC,ARM_HORIZONTAL_CANDIDATE,0.091478646732867,-0.032406821846962,-0.052914947271347,-0.0024525513872504,-0.00093356240540743,-0.020508125424385,0.029954270459712,0.031473259441555,0.050462395884097,0.0094461450353265,true,0.091478646732867,0.0023836642503738,0.016552881803364,0.026427019853145
1374,0x001F19A4,ARM_LEFT_CANDIDATE,0.09116530418396,0.0,0.11699175834656,0.051652908325195,0.0,0.11699175834656,0.051652908325195,0.0,0.065338850021362,0.065338850021362,false,0.0,0.09116530418396,-0.0068429708480835,-0.016864466667175
1375,0x001F19AC,ARM_HORIZONTAL_CANDIDATE,0.091074250638485,0.0,-0.0019323825836182,0.08527710288763,0.0,-0.0019323825836182,0.08527710288763,0.0,0.087209485471249,0.083344720304012,true,0.091074250638485,-0.040706168860197,0.084310911595821,-0.0087209485471249
1376,0x00105A54,MANUAL_AIM_CANDIDATE,0.090886496007442,0.0,0.0,0.0,0.090886496007442,0.0,0.0,0.090886496007442,0.0,0.0,false,0.0,-0.0090886496007442,-0.0090886496007442,0.090886496007442
1377,0x000F9648,ARM_LEFT_CANDIDATE,0.090348303318024,0.0,-0.090348303318024,0.0,0.0,-0.090348303318024,0.0,0.0,0.090348303318024,0.090348303318024,false,0.0,0.090348303318024,-0.045174151659012,-0.0090348303318024
1378,0x00286CF8,ARM_HORIZONTAL_CANDIDATE,0.090257925912738,-0.032406821846962,-0.052914947271347,-0.0036732722073793,-0.0013788514770567,-0.020508125424385,0.028733549639583,0.031027970369905,0.049241675063968,0.0082254242151976,true,0.090257925912738,0.0030385535676032,0.0153766898904,0.026103802863508
1379,0x00286CF4,ARM_HORIZONTAL_CANDIDATE,0.088049460202456,-0.032406821846962,-0.052914947271347,-0.0058817379176617,-0.0018671401776373,-0.020508125424385,0.0265250839293,0.030539681669325,0.047033209353685,0.0060169585049152,true,0.088049460202456,0.0041916152928025,0.013217053050175,0.025836360733956
1380,0x00040178,MANUAL_AIM_CANDIDATE,0.087802121043205,0.25,0.25,0.22433343529701,0.1596312224865,0.0,-0.025666564702988,-0.090368777513504,0.025666564702988,0.025666564702988,false,0.0,-0.021870160102844,0.016629686951637,0.087802121043205
1381,0x000D3CE0,ARM_HORIZONTAL_CANDIDATE,0.08723054965958,-0.019073789939284,-0.040363680571318,0.0042870878241956,0.040602143853903,-0.021289890632033,0.02336087776348,0.059675933793187,0.044650768395513,0.0020709871314466,true,0.08723054965958,0.0036418583709747,0.0067483390681446,0.055210856953636
1382,0x000D3C8C,ARM_LEFT_CANDIDATE,0.086744952201843,-1.6705020666122,-1.5428433418274,-1.5903427600861,-1.6788432598114,0.12765872478485,0.080159306526184,-0.0083411931991577,0.047499418258667,0.047499418258667,false,0.0,0.086744952201843,0.015495824813843,-0.012440609931946
1383,0x000F95C8,ARM_LEFT_CANDIDATE,0.08603947609663,0.0,-0.08603947609663,0.0,0.0,-0.08603947609663,0.0,0.0,0.08603947609663,0.08603947609663,false,0.0,0.08603947609663,-0.043019738048315,-0.008603947609663
1384,0x002F1DE8,ARM_LEFT_CANDIDATE,0.085999757051468,0.70711201429367,0.8141348361969,0.74915814399719,0.70711201429367,0.10702282190323,0.042046129703522,0.0,0.064976692199707,0.064976692199707,false,0.0,0.085999757051468,-0.011465281248093,-0.014906895160675
1385,0x0020F068,MANUAL_AIM_CANDIDATE,0.08203125,17454.205078125,17454.205078125,17454.205078125,17454.287109375,0.0,0.0,0.08203125,0.0,0.0,false,0.0,-0.008203125,-0.008203125,0.08203125
1386,0x002D9788,ARM_HORIZONTAL_CANDIDATE,0.08099365234375,0.7265625,0.70709228515625,0.7491455078125,0.70709228515625,-0.01947021484375,0.0225830078125,-0.01947021484375,0.04205322265625,0.00311279296875,true,0.08099365234375,0.006231689453125,0.01090087890625,0.015264892578125
1387,0x000F9710,ARM_LEFT_CANDIDATE,0.080811411142349,0.0,0.080811411142349,0.0,0.0,0.080811411142349,0.0,0.0,0.080811411142349,0.080811411142349,false,0.0,0.080811411142349,-0.040405705571175,-0.0080811411142349
1388,0x000F9708,ARM_LEFT_CANDIDATE,0.080524191260338,0.0,0.080524191260338,0.0,0.0,0.080524191260338,0.0,0.0,0.080524191260338,0.080524191260338,false,0.0,0.080524191260338,-0.040262095630169,-0.0080524191260338
1389,0x00204D24,MANUAL_AIM_CANDIDATE,0.079998779296875,108.40000915527,108.50000762939,108.50000762939,108.50000762939,0.099998474121094,0.099998474121094,0.099998474121094,0.0,0.0,false,0.0,0.039999389648438,0.039999389648438,0.079998779296875
1390,0x002D8EF0,MANUAL_AIM_CANDIDATE,0.07879638671875,0.66741943359375,0.70709228515625,0.70709228515625,0.5806884765625,0.0396728515625,0.0396728515625,-0.08673095703125,0.0,0.0,false,0.0,0.011163330078125,0.011163330078125,0.07879638671875
1391,0x000D38A8,ARM_HORIZONTAL_CANDIDATE,0.077581407735124,0.0017792301950976,0.015993664041162,-0.033158876001835,-0.03482174128294,0.014214433846064,-0.034938106196932,-0.036600971478038,0.049152540042996,0.020723672350869,true,0.077581407735124,-0.0069147164002061,0.024170792126097,0.031685717473738
1392,0x000D39FC,ARM_HORIZONTAL_CANDIDATE,0.075463831890374,-0.0018998829182237,-0.015645924955606,0.032325822860003,0.036755215376616,-0.013746042037383,0.034225705778226,0.038655098294839,0.047971747815609,0.020479663740844,true,0.075463831890374,-0.0072323206812143,0.023487174930051,0.033857923513278
1393,0x000D3CB0,ARM_HORIZONTAL_CANDIDATE,0.073764137923717,-0.033926267176867,0.031107816845179,-0.036836285144091,0.015781888738275,0.065034084022045,-0.0029100179672241,0.049708155915141,0.067944101989269,0.062124066054821,true,0.073764137923717,0.058608259446919,-0.034577839635313,0.042913745716214
1394,0x00106414,MANUAL_AIM_CANDIDATE,0.07365009188652,0.0,0.0,0.0,-0.07365009188652,0.0,0.0,-0.07365009188652,0.0,0.0,false,0.0,-0.007365009188652,-0.007365009188652,0.07365009188652
1395,0x00105490,MANUAL_AIM_CANDIDATE,0.073350568150636,-0.092472590506077,0.0,0.0,-0.00062750425422564,0.092472590506077,0.092472590506077,0.091845086251851,0.0,0.0,false,0.0,0.037051786627853,0.037051786627853,0.073350568150636
1396,0x001053D0,MANUAL_AIM_CANDIDATE,0.073350496031344,-0.092472590506077,0.0,0.0,-0.00062757637351751,0.092472590506077,0.092472590506077,0.091845014132559,0.0,0.0,false,0.0,0.037051793839782,0.037051793839782,0.073350496031344
1397,0x00105410,MANUAL_AIM_CANDIDATE,0.073350495914929,-0.092472590506077,0.0,0.0,-0.00062757648993284,0.092472590506077,0.092472590506077,0.091845014016144,0.0,0.0,false,0.0,0.037051793851424,0.037051793851424,0.073350495914929
1398,0x00105450,MANUAL_AIM_CANDIDATE,0.073347438324708,-0.092472590506077,0.0,0.0,-0.00063063408015296,0.092472590506077,0.092472590506077,0.091841956425924,0.0,0.0,false,0.0,0.037052099610446,0.037052099610446,0.073347438324708
1399,0x00105714,MANUAL_AIM_CANDIDATE,0.073085349798203,0.096836216747761,0.0,0.0,0.0043836236000061,-0.096836216747761,-0.096836216747761,-0.092452593147755,0.0,0.0,false,0.0,0.039172849059105,0.039172849059105,0.073085349798203
1400,0x001063C4,MANUAL_AIM_CANDIDATE,0.072718262672424,0.0,0.0,0.0,-0.072718262672424,0.0,0.0,-0.072718262672424,0.0,0.0,false,0.0,-0.0072718262672424,-0.0072718262672424,0.072718262672424
1401,0x00105994,MANUAL_AIM_CANDIDATE,0.072610656917095,-0.011197071522474,0.0,0.0,-0.086047142744064,0.011197071522474,0.011197071522474,-0.07485007122159,0.0,0.0,false,0.0,-0.0018864713609219,-0.0018864713609219,0.072610656917095
1402,0x001056D4,MANUAL_AIM_CANDIDATE,0.072498501744121,0.099740326404572,0.0,0.0,0.0072937593795359,-0.099740326404572,-0.099740326404572,-0.092446567025036,0.0,0.0,false,0.0,0.040625506499782,0.040625506499782,0.072498501744121
1403,0x000F9688,ARM_LEFT_CANDIDATE,0.072322897613049,0.0,0.072322897613049,0.0,0.0,0.072322897613049,0.0,0.0,0.072322897613049,0.072322897613049,false,0.0,0.072322897613049,-0.036161448806524,-0.0072322897613049
1404,0x000F8D08,ARM_RIGHT_CANDIDATE,0.072280843276531,0.0,0.0046846931800246,0.074623189866543,0.0,0.0046846931800246,0.074623189866543,0.0,0.069938496686518,0.069938496686518,false,0.0,-0.032626901753247,0.072280843276531,-0.0079307883046567
1405,0x000D3478,ARM_LEFT_CANDIDATE,0.070155411958694,1.0,0.89945220947266,0.94746458530426,0.95875328779221,-0.10054779052734,-0.05253541469574,-0.041246712207794,0.048012375831604,0.048012375831604,false,0.0,0.070155411958694,-0.0018631517887115,0.025938391685486
1406,0x000D3470,ARM_LEFT_CANDIDATE,0.070155054330826,1.0,0.89945256710052,0.94746458530426,0.95875328779221,-0.10054743289948,-0.05253541469574,-0.041246712207794,0.048012018203735,0.048012018203735,false,0.0,0.070155054330826,-0.0018629729747772,0.025938427448273
1407,0x00105944,MANUAL_AIM_CANDIDATE,0.069736046344042,0.030962742865086,0.0,0.0,-0.044965852051973,-0.030962742865086,-0.030962742865086,-0.075928594917059,0.0,0.0,false,0.0,0.0078885119408369,0.0078885119408369,0.069736046344042
1408,0x000D3CE8,MANUAL_AIM_CANDIDATE,0.069614213798195,-0.039346367120743,0.022046435624361,-0.014031705446541,0.038938593119383,0.061392802745104,0.025314661674201,0.078284960240126,0.036078141070902,0.036078141070902,false,0.0,0.040906975883991,-0.013210235722363,0.069614213798195
1409,0x00105654,MANUAL_AIM_CANDIDATE,0.069531600922346,0.02244551666081,0.0,0.0,0.096466220915318,-0.02244551666081,-0.02244551666081,0.074020704254508,0.0,0.0,false,0.0,0.003820687904954,0.003820687904954,0.069531600922346
1410,0x000D5968,ARM_LEFT_CANDIDATE,0.068682711571455,-0.069813169538975,-0.15622091293335,-0.10526323318481,-0.069813169538975,-0.086407743394375,-0.03545006364584,0.0,0.050957679748535,0.050957679748535,false,0.0,0.068682711571455,-0.0077538080513477,-0.012185780704021
1411,0x000D3CF4,MANUAL_AIM_CANDIDATE,0.0678381703794,0.043805133551359,0.029770707711577,-0.024786515161395,-0.032295644283295,-0.014034425839782,-0.068591648712754,-0.076100777834654,0.054557222872972,0.054557222872972,false,0.0,-0.027871476300061,0.053964358009398,0.0678381703794
1412,0x003B31CC,ARM_LEFT_CANDIDATE,0.067446805536747,0.0,0.067446805536747,0.0,0.0,0.067446805536747,0.0,0.0,0.067446805536747,0.067446805536747,false,0.0,0.067446805536747,-0.033723402768373,-0.0067446805536747
1413,0x000D3940,MANUAL_AIM_CANDIDATE,0.066991921211593,0.030069494619966,0.034583497792482,0.0021155595313758,-0.040169220417738,0.0045140031725168,-0.02795393508859,-0.070238715037704,0.032467938261107,0.023439931916073,true,0.04149594460614,-0.016486835875548,0.018673061998561,0.066991921211593
1414,0x00105644,MANUAL_AIM_CANDIDATE,0.066309244371951,-0.097399316728115,0.0,0.0,-0.011610209010541,0.097399316728115,0.097399316728115,0.085789107717574,0.0,0.0,false,0.0,0.0401207475923,0.0401207475923,0.066309244371951
1415,0x00105F04,MANUAL_AIM_CANDIDATE,0.066284172236919,0.0,0.0,0.0,-0.066284172236919,0.0,0.0,-0.066284172236919,0.0,0.0,false,0.0,-0.0066284172236919,-0.0066284172236919,0.066284172236919
1416,0x001052A4,ARM_LEFT_CANDIDATE,0.065578263904899,-0.072014786303043,-0.0019750804640353,-0.063831403851509,-0.068317279219627,0.070039705839008,0.0081833824515343,0.003697507083416,0.061856323387474,0.061856323387474,false,0.0,0.065578263904899,-0.027206221176311,-0.0041248017456383
1417,0x001052F0,ARM_LEFT_CANDIDATE,0.065578263904899,-0.072014786303043,-0.0019750804640353,-0.063831403851509,-0.068317279219627,0.070039705839008,0.0081833824515343,0.003697507083416,0.061856323387474,0.061856323387474,false,0.0,0.065578263904899,-0.027206221176311,-0.0041248017456383
1418,0x000F8AA4,ARM_LEFT_CANDIDATE,0.065480593079701,-0.072060711681843,-0.00209467462264,-0.063826531171799,-0.068377174437046,0.069966037059203,0.0082341805100441,0.0036835372447968,0.061731856549159,0.061731856549159,false,0.0,0.065480593079701,-0.027117191744037,-0.0041364845121279
1419,0x000F8AF0,ARM_LEFT_CANDIDATE,0.065480593079701,-0.072060711681843,-0.00209467462264,-0.063826531171799,-0.068377174437046,0.069966037059203,0.0082341805100441,0.0036835372447968,0.061731856549159,0.061731856549159,false,0.0,0.065480593079701,-0.027117191744037,-0.0041364845121279
1420,0x000D342C,ARM_LEFT_CANDIDATE,0.065458682924509,-0.072014801204205,-0.0020946748554707,-0.06383141875267,-0.068317279219627,0.069920126348734,0.0081833824515343,0.0036975219845772,0.0617367438972,0.0617367438972,false,0.0,0.065458682924509,-0.02714643292129,-0.0041128288954496
1421,0x0020F570,MANUAL_AIM_CANDIDATE,0.06484375,16219.426757813,16219.426757813,16219.461914063,16219.358398438,0.0,0.03515625,-0.068359375,0.03515625,0.03515625,false,0.0,-0.0244140625,0.0283203125,0.06484375
1422,0x0020F57C,MANUAL_AIM_CANDIDATE,0.06484375,16219.426757813,16219.426757813,16219.461914063,16219.358398438,0.0,0.03515625,-0.068359375,0.03515625,0.03515625,false,0.0,-0.0244140625,0.0283203125,0.06484375
1423,0x000F9308,ARM_LEFT_CANDIDATE,0.064281225204468,0.0,-0.064281225204468,0.0,0.0,-0.064281225204468,0.0,0.0,0.064281225204468,0.064281225204468,false,0.0,0.064281225204468,-0.032140612602234,-0.0064281225204468
1424,0x000D3D0C,ARM_LEFT_CANDIDATE,0.06402315183077,-0.030555263161659,0.048642124980688,-0.0025713026989251,-0.018732702359557,0.079197388142347,0.027983960462734,0.011822560802102,0.051213427679613,0.051213427679613,false,0.0,0.06402315183077,-0.01279698968865,0.0011044259415939
1425,0x000D3914,ARM_HORIZONTAL_CANDIDATE,0.064009367488325,0.0,-0.010423061437905,0.03274018317461,0.0016488599358127,-0.010423061437905,0.03274018317461,0.0016488599358127,0.043163244612515,0.022317121736705,true,0.064009367488325,-0.0061119161429815,0.027363766462076,-0.0026674645254388
1426,0x000D3E44,MANUAL_AIM_CANDIDATE,0.064003593474627,-0.11569198220968,-0.14113932847977,-0.13744589686394,-0.046968262642622,-0.025447346270084,-0.021753914654255,0.06872371956706,0.0036934316158295,0.0036934316158295,false,0.0,0.0076980169862509,0.0021578695625067,0.064003593474627
1427,0x002E322C,MANUAL_AIM_CANDIDATE,0.063842236995697,0.0,0.0,0.0,0.063842236995697,0.0,0.0,0.063842236995697,0.0,0.0,false,0.0,-0.0063842236995697,-0.0063842236995697,0.063842236995697
1428,0x000D3E04,MANUAL_AIM_CANDIDATE,0.063710869848728,-0.11590560525656,-0.14378923177719,-0.13716852664948,-0.047280080616474,-0.027883626520634,-0.021262921392918,0.068625524640083,0.0066207051277161,0.0066207051277161,false,0.0,0.010389613360167,0.00045855566859245,0.063710869848728
1429,0x00106404,MANUAL_AIM_CANDIDATE,0.063376061618328,0.0,0.0,0.0,-0.063376061618328,0.0,0.0,-0.063376061618328,0.0,0.0,false,0.0,-0.0063376061618328,-0.0063376061618328,0.063376061618328
1430,0x0005E678,ARM_LEFT_CANDIDATE,0.063201904296875,1.8017730712891,1.8670425415039,1.805908203125,1.8017730712891,0.065269470214844,0.0041351318359375,0.0,0.061134338378906,0.061134338378906,false,0.0,0.063201904296875,-0.028499603271484,-0.0069404602050781
1431,0x0020EE9C,MANUAL_AIM_CANDIDATE,0.061328125,-3856.4372558594,-3856.3605957031,-3856.3605957031,-3856.3605957031,0.07666015625,0.07666015625,0.07666015625,0.0,0.0,false,0.0,0.0306640625,0.0306640625,0.061328125
1432,0x000D3DB8,MANUAL_AIM_CANDIDATE,0.061214610189199,-0.044606022536755,-0.073854066431522,-0.067461796104908,0.021818969398737,-0.029248043894768,-0.022855773568153,0.066424991935492,0.0063922703266144,0.0063922703266144,false,0.0,0.011177657917142,0.0015892524272203,0.061214610189199
1433,0x000D3C44,MANUAL_AIM_CANDIDATE,0.061210372229107,-0.032863143831491,-0.0069243558682501,0.0011189088691026,0.034339312463999,0.025938787963241,0.033982052700594,0.06720245629549,0.0080432647373527,0.0080432647373527,false,0.0,0.0022275159833953,0.014292413089424,0.061210372229107
1434,0x000D395C,MANUAL_AIM_CANDIDATE,0.060429297015071,0.033625613898039,-0.035834394395351,-0.028451178222895,-0.039957363158464,-0.06946000829339,-0.062076792120934,-0.073582977056503,0.0073832161724567,0.0073832161724567,false,0.0,0.031063314527273,0.019988490268588,0.060429297015071
1435,0x000D3DC4,MANUAL_AIM_CANDIDATE,0.060412716493011,-0.044078562408686,-0.074252530932426,-0.070399008691311,0.021983595564961,-0.030173968523741,-0.026320446282625,0.066062157973647,0.0038535222411156,0.0038535222411156,false,0.0,0.010407529585063,0.0046272462233901,0.060412716493011
1436,0x000D3F58,MANUAL_AIM_CANDIDATE,0.060000002384186,0.86000001430511,0.86000001430511,0.86000001430511,0.80000001192093,0.0,0.0,-0.060000002384186,0.0,0.0,false,0.0,-0.0060000002384186,-0.0060000002384186,0.060000002384186
1437,0x000D3C48,MANUAL_AIM_CANDIDATE,0.059793736319989,0.043913174420595,-0.009571966715157,0.035190656781197,-0.022101327776909,-0.053485141135752,-0.0087225176393986,-0.066014502197504,0.044762623496354,0.044762623496354,false,0.0,0.042522432096303,-0.024621503148228,0.059793736319989
1438,0x000D3D00,ARM_HORIZONTAL_CANDIDATE,0.059775673551485,-0.0060521005652845,-0.038085293024778,0.0031953931320459,-0.015833327546716,-0.032033192459494,0.0092474936973304,-0.0097812269814312,0.041280686156824,0.022785698762164,true,0.059775673551485,0.026431322912686,-0.0077472252305597,0.0056531583657488
1439,0x000D38B0,MANUAL_AIM_CANDIDATE,0.05804445957765,0.025494530797005,-0.013650948181748,0.011069999076426,-0.037906929850578,-0.039145478978753,-0.014424531720579,-0.063401460647583,0.024720947258174,0.024720947258174,false,0.0,0.025593067053705,-0.011488353833556,0.05804445957765
1440,0x0020F060,MANUAL_AIM_CANDIDATE,0.0576171875,13756.20703125,13756.20703125,13756.20703125,13756.149414063,0.0,0.0,-0.0576171875,0.0,0.0,false,0.0,-0.00576171875,-0.00576171875,0.0576171875
1441,0x0006D24C,ARM_LEFT_CANDIDATE,0.057192993164062,60.312156677246,60.254936218262,60.312110900879,60.312110900879,-0.057220458984375,-4.57763671875e-05,-4.57763671875e-05,0.057174682617188,0.057174682617188,false,0.0,0.057192993164062,-0.028569030761719,-0.0056808471679688
1442,0x000D336C,ARM_LEFT_CANDIDATE,0.057192993164062,60.312156677246,60.254936218262,60.312110900879,60.312110900879,-0.057220458984375,-4.57763671875e-05,-4.57763671875e-05,0.057174682617188,0.057174682617188,false,0.0,0.057192993164062,-0.028569030761719,-0.0056808471679688
1443,0x00105314,ARM_LEFT_CANDIDATE,0.057192993164062,60.275615692139,60.218395233154,60.275569915771,60.275569915771,-0.057220458984375,-4.57763671875e-05,-4.57763671875e-05,0.057174682617188,0.057174682617188,false,0.0,0.057192993164062,-0.028569030761719,-0.0056808471679688
1444,0x001052C4,ARM_LEFT_CANDIDATE,0.055782057344913,-0.00097381672821939,0.071605756878853,0.030253190547228,0.010866309516132,0.072579573607072,0.031227007275447,0.011840126244351,0.041352566331625,0.041352566331625,false,0.0,0.055782057344913,-0.006246792152524,0.0014594681560993
1445,0x001052F8,ARM_LEFT_CANDIDATE,0.055782057344913,-0.00097381672821939,0.071605756878853,0.030253190547228,0.010866309516132,0.072579573607072,0.031227007275447,0.011840126244351,0.041352566331625,0.041352566331625,false,0.0,0.055782057344913,-0.006246792152524,0.0014594681560993
1446,0x000F8AC4,ARM_LEFT_CANDIDATE,0.05576686700806,-0.0010987899731845,0.071546897292137,0.030270781368017,0.010841555893421,0.072645687265322,0.031369571341202,0.011940345866606,0.04127611592412,0.04127611592412,false,0.0,0.05576686700806,-0.0061473068781197,0.0015388200059533
1447,0x000F8AF8,ARM_LEFT_CANDIDATE,0.05576686700806,-0.0010987899731845,0.071546897292137,0.030270781368017,0.010841555893421,0.072645687265322,0.031369571341202,0.011940345866606,0.04127611592412,0.04127611592412,false,0.0,0.05576686700806,-0.0061473068781197,0.0015388200059533
1448,0x002F1CD0,ARM_RIGHT_CANDIDATE,0.055751013755798,0.66742569208145,0.66742569208145,0.72489470243454,0.68460565805435,0.0,0.057469010353088,0.0171799659729,0.057469010353088,0.057469010353088,false,0.0,-0.030452501773834,0.055751013755798,0.011433064937592
1449,0x000D3434,ARM_LEFT_CANDIDATE,0.055723203439265,-0.00097381696105003,0.071546904742718,0.030253194272518,0.010866309516132,0.072520721703768,0.031227011233568,0.011840126477182,0.0412937104702,0.0412937104702,false,0.0,0.055723203439265,-0.0062173622660339,0.0014653531834483
1450,0x000D3964,ARM_RIGHT_CANDIDATE,0.054502044431865,-0.035510715097189,-0.033191993832588,0.022001016885042,-0.017007445916533,0.0023187212646008,0.057511731982231,0.018503269180655,0.05519301071763,0.05519301071763,false,0.0,-0.02828747164458,0.054502044431865,0.012520223855972
1451,0x000D3924,ARM_LEFT_CANDIDATE,0.053965407423675,0.02713125385344,-0.03625250607729,0.010605680756271,0.015575594268739,-0.06338375993073,-0.016525573097169,-0.011555659584701,0.04685818683356,0.04685818683356,false,0.0,0.053965407423675,-0.016321872826666,0.0035647262819111
1452,0x00105394,ARM_LEFT_CANDIDATE,0.053651527315378,0.10918870568275,0.0,0.0,0.099760450422764,-0.10918870568275,-0.10918870568275,-0.0094282552599907,0.0,0.0,false,0.0,0.053651527315378,0.053651527315378,-0.01240948587656
1453,0x00105AD4,MANUAL_AIM_CANDIDATE,0.053626086562872,0.0,0.0,0.0,0.053626086562872,0.0,0.0,0.053626086562872,0.0,0.0,false,0.0,-0.0053626086562872,-0.0053626086562872,0.053626086562872
1454,0x000D3D3C,MANUAL_AIM_CANDIDATE,0.053334331512451,-1.9333320856094,-2.0,-2.0,-2.0,-0.066667914390564,-0.066667914390564,-0.066667914390564,0.0,0.0,false,0.0,0.026667165756226,0.026667165756226,0.053334331512451
1455,0x000D392C,MANUAL_AIM_CANDIDATE,0.053132821060717,-0.035723127424717,-0.033051181584597,0.017010087147355,0.022950209677219,0.0026719458401203,0.052733214572072,0.058673337101936,0.050061268731952,0.050061268731952,false,0.0,-0.029561995156109,0.045529907941818,0.053132821060717
1456,0x000F8E84,ARM_LEFT_CANDIDATE,0.05264001712203,0.0,0.099316105246544,0.093352176249027,0.0,0.099316105246544,0.093352176249027,0.0,0.0059639289975166,0.0059639289975166,false,0.0,0.05264001712203,0.043694123625755,-0.019266828149557
1457,0x0020EE94,MANUAL_AIM_CANDIDATE,0.0514404296875,226.78044128418,226.84474182129,226.84474182129,226.84474182129,0.064300537109375,0.064300537109375,0.064300537109375,0.0,0.0,false,0.0,0.02572021484375,0.02572021484375,0.0514404296875
1458,0x000D3CB4,MANUAL_AIM_CANDIDATE,0.051173273322638,0.043816305696964,-0.021234467625618,-0.00059301557485014,-0.018302977085114,-0.065050773322582,-0.044409321271814,-0.062119282782078,0.020641452050768,0.020641452050768,false,0.0,0.036634184408467,0.0056720063323155,0.051173273322638
1459,0x000D390C,ARM_LEFT_CANDIDATE,0.051127933431417,0.02269609645009,-0.046080056577921,-0.010484057478607,0.033277522772551,-0.068776153028011,-0.033180153928697,0.01058142632246,0.035595999099314,0.035595999099314,false,0.0,0.051127933431417,-0.0022660652175546,0.00038579562678933
1460,0x000D3CC8,ARM_LEFT_CANDIDATE,0.05103768245317,0.038985550403595,-0.02920070104301,0.0048045110888779,0.039566043764353,-0.068186251446605,-0.034181039314717,0.00058049336075783,0.034005212131888,0.034005212131888,false,0.0,0.05103768245317,2.9864255338907e-05,-0.0096562357153744
1461,0x000F8DC4,ARM_LEFT_CANDIDATE,0.050506725907326,0.0,0.094687357544899,0.088361263275146,0.0,0.094687357544899,0.088361263275146,0.0,0.0063260942697525,0.0063260942697525,false,0.0,0.050506725907326,0.041017584502697,-0.018304862082005
1462,0x001F19E4,ARM_RIGHT_CANDIDATE,0.050291274446499,-3.2420666684629e-05,0.0019092664588243,0.051415909081697,-0.001894538057968,0.0019416871255089,0.051448329748382,-0.0018621173912834,0.049506642622873,0.049506642622873,false,0.0,-0.02396868948781,0.050291274446499,-0.0034768842961057
1463,0x000D3464,ARM_LEFT_CANDIDATE,0.050137300147071,0.0,0.050182554870844,8.7102795077953e-05,-1.7033262338373e-05,0.050182554870844,8.7102795077953e-05,-1.7033262338373e-05,0.050095452075766,0.050095452075766,false,0.0,0.050137300147071,-0.025005877966578,-0.0050099325042538
1464,0x00105614,ARM_LEFT_CANDIDATE,0.04959883838892,0.09929147362709,0.0,0.0,0.099760457873344,-0.09929147362709,-0.09929147362709,0.00046898424625397,0.0,0.0,false,0.0,0.04959883838892,0.04959883838892,-0.019389310479164
1465,0x000D33F0,ARM_LEFT_CANDIDATE,0.049456787109375,60.312156677246,60.262672424316,60.312110900879,60.312110900879,-0.049484252929688,-4.57763671875e-05,-4.57763671875e-05,0.0494384765625,0.0494384765625,false,0.0,0.049456787109375,-0.024700927734375,-0.0049072265625
1466,0x000D3418,ARM_LEFT_CANDIDATE,0.049456787109375,60.275615692139,60.226131439209,60.275569915771,60.275569915771,-0.049484252929688,-4.57763671875e-05,-4.57763671875e-05,0.0494384765625,0.0494384765625,false,0.0,0.049456787109375,-0.024700927734375,-0.0049072265625
1467,0x000D3460,ARM_LEFT_CANDIDATE,0.049456787109375,160.31439208984,160.26490783691,160.31434631348,160.31434631348,-0.049484252929688,-4.57763671875e-05,-4.57763671875e-05,0.0494384765625,0.0494384765625,false,0.0,0.049456787109375,-0.024700927734375,-0.0049072265625
1468,0x000D591C,ARM_LEFT_CANDIDATE,0.049456787109375,167.31439208984,167.26490783691,167.31434631348,167.31434631348,-0.049484252929688,-4.57763671875e-05,-4.57763671875e-05,0.0494384765625,0.0494384765625,false,0.0,0.049456787109375,-0.024700927734375,-0.0049072265625
1469,0x000F8B14,ARM_LEFT_CANDIDATE,0.049456787109375,60.275615692139,60.226131439209,60.275569915771,60.275569915771,-0.049484252929688,-4.57763671875e-05,-4.57763671875e-05,0.0494384765625,0.0494384765625,false,0.0,0.049456787109375,-0.024700927734375,-0.0049072265625
1470,0x000D3A1C,ARM_LEFT_CANDIDATE,0.047619841992855,-0.00016201473772526,-0.057693541049957,-0.019814003258944,0.0006948858499527,-0.057531526312232,-0.019651988521218,0.00085690058767796,0.037879537791014,0.037879537791014,false,0.0,0.047619841992855,-0.0091994646936655,-0.0068614508956671
1471,0x000D3E24,ARM_HORIZONTAL_CANDIDATE,0.04746569879353,0.020075922831893,0.023241532966495,-0.017892945557833,-0.0056476509198546,0.0031656101346016,-0.037968868389726,-0.025723573751748,0.041134478524327,0.034803258255124,true,0.04746569879353,-0.018391181435436,0.03381370594725,0.021610125899315
1472,0x000D3A5C,ARM_LEFT_CANDIDATE,0.047444219142199,-0.072226405143738,-0.12705716490746,-0.086261779069901,-0.068537868559361,-0.054830759763718,-0.014035373926163,0.0036885365843773,0.040795385837555,0.040795385837555,false,0.0,0.047444219142199,-0.013748859614134,-0.0031980767846107
1473,0x001053C8,ARM_LEFT_CANDIDATE,0.04634857326746,0.093769952654839,0.0,0.0,0.088405922055244,-0.093769952654839,-0.093769952654839,-0.0053640305995941,0.0,0.0,false,0.0,0.04634857326746,0.04634857326746,-0.013389959931374
1474,0x000D3A10,ARM_LEFT_CANDIDATE,0.046324547380209,-0.00019624270498753,-0.051952049136162,-0.010724907740951,0.0014730226248503,-0.051755806431174,-0.010528665035963,0.0016692653298378,0.041227141395211,0.041227141395211,false,0.0,0.046324547380209,-0.015516164712608,-0.0045591818168759
1475,0x00105408,ARM_LEFT_CANDIDATE,0.046051342785358,0.093769952654839,0.0,0.0,0.08543361723423,-0.093769952654839,-0.093769952654839,-0.0083363354206085,0.0,0.0,false,0.0,0.046051342785358,0.046051342785358,-0.010417655110359
1476,0x000D3DE4,ARM_HORIZONTAL_CANDIDATE,0.04591210372746,0.019774569198489,0.022516462951899,-0.017911853268743,-0.005153345875442,0.0027418937534094,-0.037686422467232,-0.024927915073931,0.040428316220641,0.034944528713822,true,0.04591210372746,-0.0185941089876,0.033822684083134,0.020885083451867
1477,0x000F9194,ARM_RIGHT_CANDIDATE,0.045497719198465,0.0,-0.083698637783527,-0.087347038090229,0.0,-0.083698637783527,-0.087347038090229,0.0,0.0036484003067017,0.0036484003067017,false,0.0,0.040025118738413,0.045497719198465,-0.017104567587376
1478,0x0020EEB8,ARM_LEFT_CANDIDATE,0.045458984375,-3856.3605957031,-3856.4372558594,-3856.4125976563,-3856.4125976563,-0.07666015625,-0.052001953125,-0.052001953125,0.024658203125,0.024658203125,false,0.0,0.045458984375,0.0084716796875,0.0391357421875
1479,0x00105894,MANUAL_AIM_CANDIDATE,0.045406891405582,-0.0088486662134528,0.0,0.0,0.03832795843482,0.0088486662134528,0.0088486662134528,0.047176624648273,0.0,0.0,false,0.0,-0.00029332935810089,-0.00029332935810089,0.045406891405582
1480,0x00105914,MANUAL_AIM_CANDIDATE,0.045406891405582,-0.0088486662134528,0.0,0.0,0.03832795843482,0.0088486662134528,0.0088486662134528,0.047176624648273,0.0,0.0,false,0.0,-0.00029332935810089,-0.00029332935810089,0.045406891405582
1481,0x001059C8,MANUAL_AIM_CANDIDATE,0.045368967950344,0.0080852657556534,0.0,0.0,-0.038900755345821,-0.0080852657556534,-0.0080852657556534,-0.046986021101475,0.0,0.0,false,0.0,-0.00065596923232079,-0.00065596923232079,0.045368967950344
1482,0x00106354,MANUAL_AIM_CANDIDATE,0.044892061501741,0.0,0.0,0.0,-0.044892061501741,0.0,0.0,-0.044892061501741,0.0,0.0,false,0.0,-0.0044892061501741,-0.0044892061501741,0.044892061501741
1483,0x00106494,MANUAL_AIM_CANDIDATE,0.044892061501741,0.0,0.0,0.0,-0.044892061501741,0.0,0.0,-0.044892061501741,0.0,0.0,false,0.0,-0.0044892061501741,-0.0044892061501741,0.044892061501741
1484,0x000D3A9C,ARM_LEFT_CANDIDATE,0.044854019582272,-0.072157718241215,-0.12453052401543,-0.086391121149063,-0.068136870861053,-0.052372805774212,-0.014233402907848,0.0040208473801613,0.038139402866364,0.038139402866364,false,0.0,0.044854019582272,-0.012355084717274,-0.0026397734880447
1485,0x000F93D0,ARM_LEFT_CANDIDATE,0.04398413002491,0.0,-0.04398413002491,0.0,0.0,-0.04398413002491,0.0,0.0,0.04398413002491,0.04398413002491,false,0.0,0.04398413002491,-0.021992065012455,-0.004398413002491
1486,0x001055D4,ARM_LEFT_CANDIDATE,0.043764432892203,0.099829092621803,0.0,0.0,0.03832795843482,-0.099829092621803,-0.099829092621803,-0.061501134186983,0.0,0.0,false,0.0,0.043764432892203,0.043764432892203,0.041535315662622
1487,0x002E3520,MANUAL_AIM_CANDIDATE,0.043651293963194,0.0,0.0,0.0,0.043651293963194,0.0,0.0,0.043651293963194,0.0,0.0,false,0.0,-0.0043651293963194,-0.0043651293963194,0.043651293963194
1488,0x000D3950,MANUAL_AIM_CANDIDATE,0.043363106925972,0.016194945201278,0.0036815584171563,-0.035539109259844,-0.033592905849218,-0.012513386784121,-0.051734054461122,-0.049787851050496,0.039220667677,0.039220667677,false,0.0,-0.018332425551489,0.040498575964011,0.043363106925972
1489,0x000D3920,ARM_RIGHT_CANDIDATE,0.043224105532863,0.03586395829916,0.00038846491952427,-0.025477590039372,0.032066997140646,-0.035475493379636,-0.061341548338532,-0.003796961158514,0.025866054958897,0.025866054958897,false,0.0,0.0044250230945181,0.043224105532863,-0.0058847430133028
1490,0x000D3908,MANUAL_AIM_CANDIDATE,0.043045997060835,0.034244142472744,0.039491355419159,0.036701627075672,-0.0095723243430257,0.0052472129464149,0.0024574846029282,-0.04381646681577,0.0027897283434868,0.0027897283434868,false,0.0,-0.0003631760366261,-0.0045477685518563,0.043045997060835
1491,0x000D3CF8,ARM_HORIZONTAL_CANDIDATE,0.043003732338548,0.026661932468414,0.044675417244434,0.018331849947572,0.013111091218889,0.01801348477602,-0.0083300825208426,-0.013550841249526,0.026343567296863,0.0096834022551775,true,0.043003732338548,0.012493359390646,-0.00203174399212,0.010916484519839
1492,0x000D3CC0,ARM_RIGHT_CANDIDATE,0.042583422386087,0.025873763486743,-0.018067782744765,-0.041517972946167,-0.0025016458239406,-0.043941546231508,-0.06739173643291,-0.028375409310684,0.023450190201402,0.023450190201402,false,0.0,0.0074081370839849,0.042583422386087,0.017242081044242
1493,0x00105700,MANUAL_AIM_CANDIDATE,0.041690182685852,-0.081148311495781,0.0,0.0,-0.023228466510773,0.081148311495781,0.081148311495781,0.057919844985008,0.0,0.0,false,0.0,0.03478217124939,0.03478217124939,0.041690182685852
1494,0x000D3CD8,ARM_RIGHT_CANDIDATE,0.040976336458698,-0.038089830428362,0.043472595512867,0.047058939933777,-0.0041776211000979,0.081562425941229,0.085148770362139,0.033912209328264,0.0035863444209099,0.0035863444209099,false,0.0,0.035596819827333,0.040976336458698,0.017241089697927
1495,0x000D3DB0,ARM_HORIZONTAL_CANDIDATE,0.040916409343481,0.015560267493129,-0.010394053533673,0.020547630265355,-0.0051923580467701,-0.025954321026802,0.0049873627722263,-0.020752625539899,0.030941683799028,0.020966958254576,true,0.040916409343481,0.021385377086699,-0.010065060295165,0.017658457159996
1496,0x00105648,MANUAL_AIM_CANDIDATE,0.040795608609915,0.01281158439815,0.0,0.0,0.056169509887695,-0.01281158439815,-0.01281158439815,0.043357925489545,0.0,0.0,false,0.0,0.0020699996501207,0.0020699996501207,0.040795608609915
1497,0x000D3C58,ARM_LEFT_CANDIDATE,0.04023136459291,-0.036986980587244,0.020170707255602,-0.0069649647921324,-0.017833827063441,0.057157687842846,0.030022015795112,0.019153153523803,0.027135672047734,0.027135672047734,false,0.0,0.04023136459291,-0.00047214347869158,0.010435183160007
1498,0x00105E88,MANUAL_AIM_CANDIDATE,0.039909150451422,0.0,0.0,0.0,0.039909150451422,0.0,0.0,0.039909150451422,0.0,0.0,false,0.0,-0.0039909150451422,-0.0039909150451422,0.039909150451422
1499,0x000F9684,ARM_LEFT_CANDIDATE,0.039761200547218,0.0,0.039761200547218,0.0,0.0,0.039761200547218,0.0,0.0,0.039761200547218,0.039761200547218,false,0.0,0.039761200547218,-0.019880600273609,-0.0039761200547218
1500,0x00105984,MANUAL_AIM_CANDIDATE,0.038838758319616,0.042081236839294,0.0,0.0,-0.0051737688481808,-0.042081236839294,-0.042081236839294,-0.047255005687475,0.0,0.0,false,0.0,0.0163151178509,0.0163151178509,0.038838758319616
1501,0x000D389C,ARM_HORIZONTAL_CANDIDATE,0.038698150776327,0.029235916212201,-0.00618268083781,0.03032910078764,0.032825399190187,-0.035418597050011,0.0010931845754385,0.0035894829779863,0.03651178162545,0.034325412474573,true,0.038698150776327,0.034513056464493,-0.016975062247366,-6.169518455863e-05
1502,0x000D3A3C,MANUAL_AIM_CANDIDATE,0.038023070059717,-0.0026793591678143,0.0012852996587753,0.0084224287420511,0.036850355565548,0.0039646588265896,0.011101787909865,0.039529714733362,0.0071371290832758,0.0071371290832758,false,0.0,-0.0055392066016793,0.0051664870232344,0.038023070059717
1503,0x000D3A7C,MANUAL_AIM_CANDIDATE,0.037946233525872,-0.0027358345687389,0.0018074885010719,0.0083685703575611,0.036775171756744,0.0045433230698109,0.0111044049263,0.039511006325483,0.0065610818564892,0.0065610818564892,false,0.0,-0.0049599800258875,0.0048816427588463,0.037946233525872
1504,0x000D3930,MANUAL_AIM_CANDIDATE,0.036684033717029,-0.00038055478944443,0.029901314526796,0.019371021538973,0.04130682349205,0.030281869316241,0.019751576328417,0.041687378281495,0.010530292987823,0.010530292987823,false,0.0,0.016237343323883,0.00044190384214744,0.036684033717029
1505,0x00105608,ARM_LEFT_CANDIDATE,0.035025990009308,0.07192263007164,0.0,0.0,0.062569379806519,-0.07192263007164,-0.07192263007164,-0.0093532502651215,0.0,0.0,false,0.0,0.035025990009308,0.035025990009308,-0.0050312757492065
1506,0x00105890,ARM_LEFT_CANDIDATE,0.033541028946638,-0.072316274046898,0.0,0.0,-0.04614519327879,0.072316274046898,0.072316274046898,0.026171080768108,0.0,0.0,false,0.0,0.033541028946638,0.033541028946638,0.011707825958729
1507,0x00105910,ARM_LEFT_CANDIDATE,0.033541028946638,-0.072316274046898,0.0,0.0,-0.04614519327879,0.072316274046898,0.072316274046898,0.026171080768108,0.0,0.0,false,0.0,0.033541028946638,0.033541028946638,0.011707825958729
1508,0x001056C0,ARM_LEFT_CANDIDATE,0.032456708326936,-0.074117548763752,0.0,0.0,-0.02809688821435,0.074117548763752,0.074117548763752,0.046020660549402,0.0,0.0,false,0.0,0.032456708326936,0.032456708326936,0.031197150796652
1509,0x00105A14,MANUAL_AIM_CANDIDATE,0.032453693449497,0.02244551666081,0.0,0.0,-0.01449728012085,-0.02244551666081,-0.02244551666081,-0.036942796781659,0.0,0.0,false,0.0,0.0075284786522388,0.0075284786522388,0.032453693449497
1510,0x000F8EC8,ARM_HORIZONTAL_CANDIDATE,0.032370753586292,0.0,0.0088325086981058,-0.0078460816293955,0.0,0.0088325086981058,-0.0078460816293955,0.0,0.016678590327501,0.00098642706871033,true,0.032370753586292,0.0049094678834081,0.0034298272803426,-0.0016678590327501
1511,0x002E358C,MANUAL_AIM_CANDIDATE,0.031264428049326,0.0,0.0,0.0,-0.031264428049326,0.0,0.0,-0.031264428049326,0.0,0.0,false,0.0,-0.0031264428049326,-0.0031264428049326,0.031264428049326
1512,0x000D3918,MANUAL_AIM_CANDIDATE,0.030812667799182,0.0,-0.0025254159700125,-0.027936821803451,-0.033858891576529,-0.0025254159700125,-0.027936821803451,-0.033858891576529,0.025411405833438,0.025411405833438,false,0.0,-0.014828884089366,0.023288224660791,0.030812667799182
1513,0x00105544,MANUAL_AIM_CANDIDATE,0.030193706229329,0.026289768517017,0.0,0.0,-0.0091618914157152,-0.026289768517017,-0.026289768517017,-0.035451659932733,0.0,0.0,false,0.0,0.0095997182652354,0.0095997182652354,0.030193706229329
1514,0x00105680,MANUAL_AIM_CANDIDATE,0.030136505514383,-0.016334092244506,0.0,0.0,0.017069231718779,0.016334092244506,0.016334092244506,0.033403323963284,0.0,0.0,false,0.0,0.0048267137259245,0.0048267137259245,0.030136505514383
1515,0x003B45B4,ARM_LEFT_CANDIDATE,0.030025607347488,0.68460565805435,0.74915814399719,0.74915814399719,0.70711201429367,0.064552485942841,0.064552485942841,0.022506356239319,0.0,0.0,false,0.0,0.030025607347488,0.030025607347488,0.0095958590507507
1516,0x002E3570,MANUAL_AIM_CANDIDATE,0.029677268117666,0.0,0.0,0.0,-0.029677268117666,0.0,0.0,-0.029677268117666,0.0,0.0,false,0.0,-0.0029677268117666,-0.0029677268117666,0.029677268117666
1517,0x0019FA20,MANUAL_AIM_CANDIDATE,0.026953127980232,0.0,-0.03369140997529,-0.03369140997529,-0.03369140997529,-0.03369140997529,-0.03369140997529,-0.03369140997529,0.0,0.0,false,0.0,0.013476563990116,0.013476563990116,0.026953127980232
1518,0x00286CD0,MANUAL_AIM_CANDIDATE,0.026801754828193,-0.033383399248123,-0.0011652428656816,-0.00020668347133324,-4.2157204006799e-05,0.032218156382442,0.03317671577679,0.033341242044116,0.00095855939434841,0.00095855939434841,false,0.0,0.012295674289635,0.013733513381158,0.026801754828193
1519,0x000F9414,ARM_LEFT_CANDIDATE,0.026764215901494,0.0,0.026764215901494,0.0,0.0,0.026764215901494,0.0,0.0,0.026764215901494,0.026764215901494,false,0.0,0.026764215901494,-0.013382107950747,-0.0026764215901494
1520,0x00105B40,MANUAL_AIM_CANDIDATE,0.026530288159847,0.0,0.0,0.0,0.026530288159847,0.0,0.0,0.026530288159847,0.0,0.0,false,0.0,-0.0026530288159847,-0.0026530288159847,0.026530288159847
1521,0x000D3938,ARM_LEFT_CANDIDATE,0.025662138639018,-0.0012219817144796,-0.04585287347436,-0.037412505596876,-0.0099568935111165,-0.04463089175988,-0.036190523882397,-0.0087349117966369,0.0084403678774834,0.0084403678774834,false,0.0,0.025662138639018,0.013001586822793,0.00065277023240924
1522,0x00105948,MANUAL_AIM_CANDIDATE,0.025559018552303,-0.044264145195484,0.0,0.0,-0.078675992786884,0.044264145195484,0.044264145195484,-0.0344118475914,0.0,0.0,false,0.0,0.018690887838602,0.018690887838602,0.025559018552303
1523,0x0019F970,MANUAL_AIM_CANDIDATE,0.025000002980232,0.0,-0.03125000372529,-0.03125000372529,-0.03125000372529,-0.03125000372529,-0.03125000372529,-0.03125000372529,0.0,0.0,false,0.0,0.012500001490116,0.012500001490116,0.025000002980232
1524,0x001A00EC,MANUAL_AIM_CANDIDATE,0.025,0.0,0.03125,0.03125,0.03125,0.03125,0.03125,0.03125,0.0,0.0,false,0.0,0.0125,0.0125,0.025
1525,0x00105694,MANUAL_AIM_CANDIDATE,0.024169726576656,0.03932935744524,0.0,0.0,0.0072937593795359,-0.03932935744524,-0.03932935744524,-0.032035598065704,0.0,0.0,false,0.0,0.01646111891605,0.01646111891605,0.024169726576656
1526,0x002E2E4C,MANUAL_AIM_CANDIDATE,0.024002496153116,0.0,0.0,0.0,0.024002496153116,0.0,0.0,0.024002496153116,0.0,0.0,false,0.0,-0.0024002496153116,-0.0024002496153116,0.024002496153116
1527,0x000F8F48,ARM_HORIZONTAL_CANDIDATE,0.023860024288297,0.0,0.0038831364363432,-0.012210614979267,0.0,0.0038831364363432,-0.012210614979267,0.0,0.01609375141561,0.0083274785429239,true,0.023860024288297,-0.0022221710532904,0.010269046761096,-0.001609375141561
1528,0x00106294,MANUAL_AIM_CANDIDATE,0.022458011284471,0.0,0.0,0.0,-0.022458011284471,0.0,0.0,-0.022458011284471,0.0,0.0,false,0.0,-0.0022458011284471,-0.0022458011284471,0.022458011284471
1529,0x000D3480,ARM_HORIZONTAL_CANDIDATE,0.022415355517296,0.0,-0.022177441045642,7.930482388474e-05,-1.5258229723258e-05,-0.022177441045642,7.930482388474e-05,-1.5258229723258e-05,0.022256745869527,0.022098136221757,true,0.022415355517296,0.022136262810727,-0.011010941521909,-0.0022104163572294
1530,0x000D36D0,ARM_HORIZONTAL_CANDIDATE,0.021869475953281,0.0082261338829994,0.010297570377588,-0.0074290325865149,-0.010537103749812,0.0020714364945889,-0.015655166469514,-0.018763237632811,0.017726602964103,0.013583729974926,true,0.021869475953281,-0.0076324705034494,0.012743124458939,0.016990577336401
1531,0x000D36B8,ARM_HORIZONTAL_CANDIDATE,0.021754083223641,-0.008197583258152,-0.010255663655698,0.00738225877285,0.010490115731955,-0.0020580803975463,0.015579842031002,0.018687698990107,0.017637922428548,0.013521761633456,true,0.021754083223641,-0.0076006105169654,0.012682031933218,0.016923906747252
1532,0x00105814,MANUAL_AIM_CANDIDATE,0.021244402602315,0.012009564787149,0.0,0.0,-0.011636750772595,-0.012009564787149,-0.012009564787149,-0.023646315559745,0.0,0.0,false,0.0,0.0036401508376002,0.0036401508376002,0.021244402602315
1533,0x001F1C84,MANUAL_AIM_CANDIDATE,0.021205748617649,0.027488939464092,0.029452431946993,0.029452431946993,0.049087386578321,0.0019634924829006,0.0019634924829006,0.021598447114229,0.0,0.0,false,0.0,-0.0011780984699726,-0.0011780984699726,0.021205748617649
1534,0x000D3C50,MANUAL_AIM_CANDIDATE,0.020657741511241,-0.018188701942563,-0.0062982216477394,-0.0041951299645007,0.0050574447959661,0.011890480294824,0.013993571978062,0.023246146738529,0.0021030916832387,0.0021030916832387,false,0.0,0.0025690796319395,0.0057237171567976,0.020657741511241
1535,0x000D38A0,ARM_LEFT_CANDIDATE,0.020345320180058,0.021479435265064,-0.0073197898454964,0.0047528287395835,0.020573418587446,-0.028799225110561,-0.016726606525481,-0.00090601667761803,0.01207261858508,0.01207261858508,false,0.0,0.020345320180058,0.0022363923024386,-0.0036465664859861
1536,0x00105504,MANUAL_AIM_CANDIDATE,0.020060969702899,-0.019085876643658,0.0,0.0,0.0047922683879733,0.019085876643658,0.019085876643658,0.023878145031631,0.0,0.0,false,0.0,0.0071551238186657,0.0071551238186657,0.020060969702899
1537,0x002F3D38,MANUAL_AIM_CANDIDATE,0.019881188869476,0.72783160209656,0.7236396074295,0.7236396074295,0.70711201429367,-0.0041919946670532,-0.0041919946670532,-0.020719587802887,0.0,0.0,false,0.0,2.4038553237915e-05,2.4038553237915e-05,0.019881188869476
1538,0x00286F78,ARM_RIGHT_CANDIDATE,0.019161678478122,-0.0036122454330325,-0.0058817565441132,-0.024504087865353,-0.0095663294196129,-0.0022695111110806,-0.02089184243232,-0.0059540839865804,0.018622331321239,0.018622331321239,false,0.0,-0.0087718185037374,0.019161678478122,0.0036379486322403
1539,0x000D3DA4,MANUAL_AIM_CANDIDATE,0.019157475605607,0.016997026279569,0.0070015690289438,0.0041566104628146,-0.0044440366327763,-0.0099954572506249,-0.012840415816754,-0.021441062912345,0.0028449585661292,0.0028449585661292,false,0.0,0.0014311430510134,0.0056985809002072,0.019157475605607
1540,0x000D39F8,ARM_RIGHT_CANDIDATE,0.018860375881195,-0.999835729599,-0.96803116798401,-0.96499955654144,-0.99910056591034,0.03180456161499,0.034836173057556,0.00073516368865967,0.0030316114425659,0.0030316114425659,false,0.0,0.014312958717346,0.018860375881195,-0.005928909778595
1541,0x002D9418,ARM_LEFT_CANDIDATE,0.018777465820312,0.70709228515625,0.7491455078125,0.7491455078125,0.68460083007813,0.04205322265625,0.04205322265625,-0.022491455078125,0.0,0.0,false,0.0,0.018777465820312,0.018777465820312,0.014080810546875
1542,0x00286F74,ARM_RIGHT_CANDIDATE,0.018673389405012,-0.0036122454330325,-0.0058817565441132,-0.024015799164772,-0.0095663331449032,-0.0022695111110806,-0.02040355373174,-0.0059540877118707,0.018134042620659,0.018134042620659,false,0.0,-0.0085276745259762,0.018673389405012,0.0036867812275887
1543,0x00105794,MANUAL_AIM_CANDIDATE,0.01808855459094,0.012009564787149,0.0,0.0,-0.0084809027612209,-0.012009564787149,-0.012009564787149,-0.02049046754837,0.0,0.0,false,0.0,0.0039557356387377,0.0039557356387377,0.01808855459094
1544,0x00105954,ARM_LEFT_CANDIDATE,0.01808419842273,0.03932935744524,0.0,0.0,0.02352455444634,-0.03932935744524,-0.03932935744524,-0.0158048029989,0.0,0.0,false,0.0,0.01808419842273,0.01808419842273,0.0079389315098524
1545,0x001059D4,ARM_LEFT_CANDIDATE,0.01808419842273,0.03932935744524,0.0,0.0,0.02352455444634,-0.03932935744524,-0.03932935744524,-0.0158048029989,0.0,0.0,false,0.0,0.01808419842273,0.01808419842273,0.0079389315098524
1546,0x000D3A20,ARM_RIGHT_CANDIDATE,0.017812567949295,-0.9998374581337,-0.9667626619339,-0.96548128128052,-0.99977535009384,0.033074796199799,0.03435617685318,6.2108039855957e-05,0.0012813806533813,0.0012813806533813,false,0.0,0.015890496969223,0.017812567949295,-0.0066809892654419
1547,0x00286F6C,ARM_RIGHT_CANDIDATE,0.017732855863869,-0.0036122454330325,-0.005759684368968,-0.02303921431303,-0.0098161809146404,-0.0021474389359355,-0.019426968879998,-0.0062039354816079,0.017279529944062,0.017279529944062,false,0.0,-0.0081864390522242,0.017732855863869,0.0040464947000146
1548,0x001F25D0,ARM_LEFT_CANDIDATE,0.017671459168196,0.039269909262657,0.0,0.0,0.019634954631329,-0.039269909262657,-0.039269909262657,-0.019634954631329,0.0,0.0,false,0.0,0.017671459168196,0.017671459168196,0.011780972778797
1549,0x000D3CD4,MANUAL_AIM_CANDIDATE,0.01754011400044,0.033826321363449,0.024346446618438,0.026270937174559,0.014582681469619,-0.0094798747450113,-0.0075553841888905,-0.01924363989383,0.0019244905561209,0.0019244905561209,false,0.0,0.0037778186611831,0.00089108282700181,0.01754011400044
1550,0x000D394C,ARM_HORIZONTAL_CANDIDATE,0.017122920988186,0.0,-0.016867181286216,8.5246567323338e-05,0.0079650403931737,-0.016867181286216,8.5246567323338e-05,0.0079650403931737,0.016952427853539,0.016781934718892,true,0.017122920988186,0.016028053963237,-0.0091448481151019,0.0062697976078198
1551,0x00106394,MANUAL_AIM_CANDIDATE,0.016972854733467,0.0,0.0,0.0,-0.016972854733467,0.0,0.0,-0.016972854733467,0.0,0.0,false,0.0,-0.0016972854733467,-0.0016972854733467,0.016972854733467
1552,0x000D3FDC,ARM_LEFT_CANDIDATE,0.016273538768291,0.083333164453506,0.099756129086018,0.083607025444508,0.083458118140697,0.016422964632511,0.00027386099100113,0.00012495368719101,0.01614910364151,0.01614910364151,false,0.0,0.016273538768291,-0.0079501166939735,-0.0015447288751602
1553,0x000D34C4,MANUAL_AIM_CANDIDATE,0.016007644962519,-0.0087190587073565,0.0085794478654861,-0.0053666876628995,0.0093536740168929,0.017298506572843,0.003352371044457,0.018072732724249,0.013946135528386,0.013946135528386,false,0.0,0.013815047778189,-0.0071041555143893,0.016007644962519
1554,0x00105740,MANUAL_AIM_CANDIDATE,0.015862882882357,0.011833241209388,0.0,0.0,-0.0063962899148464,-0.011833241209388,-0.011833241209388,-0.018229531124234,0.0,0.0,false,0.0,0.0040936674922705,0.0040936674922705,0.015862882882357
1555,0x000D3D04,ARM_HORIZONTAL_CANDIDATE,0.015380312222987,-0.015597742982209,-0.016959493979812,-0.0043026837520301,-0.015283546410501,-0.0013617509976029,0.011295059230179,0.00031419657170773,0.012656810227782,0.0099333082325757,true,0.015380312222987,-0.0043171982746571,0.010582764074206,-0.00095148445107043
1556,0x00105EC4,MANUAL_AIM_CANDIDATE,0.01531729940325,0.0,0.0,0.0,0.01531729940325,0.0,0.0,0.01531729940325,0.0,0.0,false,0.0,-0.001531729940325,-0.001531729940325,0.01531729940325
1557,0x001057D4,MANUAL_AIM_CANDIDATE,0.015105576813221,0.0082808425650001,0.0,0.0,-0.0084809027612209,-0.0082808425650001,-0.0082808425650001,-0.016761745326221,0.0,0.0,false,0.0,0.0024642467498779,0.0024642467498779,0.015105576813221
1558,0x000F96C4,ARM_LEFT_CANDIDATE,0.014913825318217,0.0,0.014913825318217,0.0,0.0,0.014913825318217,0.0,0.0,0.014913825318217,0.014913825318217,false,0.0,0.014913825318217,-0.0074569126591086,-0.0014913825318217
1559,0x000D3DC8,ARM_RIGHT_CANDIDATE,0.01445260643959,-0.99849146604538,-0.97003918886185,-0.96974420547485,-0.99917662143707,0.028452277183533,0.028747260570526,-0.00068515539169312,0.00029498338699341,0.00029498338699341,false,0.0,0.0140101313591,0.01445260643959,-0.0050347983837128
1560,0x00105D14,MANUAL_AIM_CANDIDATE,0.014262531884015,0.0,0.0,0.0,0.014262531884015,0.0,0.0,0.014262531884015,0.0,0.0,false,0.0,-0.0014262531884015,-0.0014262531884015,0.014262531884015
1561,0x000D3DA0,ARM_RIGHT_CANDIDATE,0.01399672627449,-0.999342918396,-0.97282123565674,-0.97207915782928,-0.99940484762192,0.026521682739258,0.027263760566711,-6.1929225921631e-05,0.00074207782745361,0.00074207782745361,false,0.0,0.01288360953331,0.01399672627449,-0.0053166151046753
1562,0x001061D4,MANUAL_AIM_CANDIDATE,0.013943886384368,0.0,0.0,0.0,0.013943886384368,0.0,0.0,0.013943886384368,0.0,0.0,false,0.0,-0.0013943886384368,-0.0013943886384368,0.013943886384368
1563,0x0020C498,ARM_RIGHT_CANDIDATE,0.013916015625,1361.0684814453,1361.0684814453,1361.0823974609,1361.0684814453,0.0,0.013916015625,0.0,0.013916015625,0.013916015625,false,0.0,-0.0069580078125,0.013916015625,-0.0013916015625
1564,0x002E34E4,MANUAL_AIM_CANDIDATE,0.013526918366551,0.0,0.0,0.0,0.013526918366551,0.0,0.0,0.013526918366551,0.0,0.0,false,0.0,-0.0013526918366551,-0.0013526918366551,0.013526918366551
1565,0x00105D94,MANUAL_AIM_CANDIDATE,0.01207125838846,0.0,0.0,0.0,0.01207125838846,0.0,0.0,0.01207125838846,0.0,0.0,false,0.0,-0.001207125838846,-0.001207125838846,0.01207125838846
1566,0x00105F08,MANUAL_AIM_CANDIDATE,0.011968787759542,0.0,0.0,0.0,-0.011968787759542,0.0,0.0,-0.011968787759542,0.0,0.0,false,0.0,-0.0011968787759542,-0.0011968787759542,0.011968787759542
1567,0x000D3CBC,ARM_RIGHT_CANDIDATE,0.011821083026007,0.017228521406651,-0.0023451612796634,-0.0058664581738412,0.0023579692933708,-0.019573682686314,-0.023094979580492,-0.01487055211328,0.0035212968941778,0.0035212968941778,false,0.0,0.0065391376847401,0.011821083026007,0.010603685886599
1568,0x0004EAF4,MANUAL_AIM_CANDIDATE,0.01158390045166,21.027490615845,21.042203903198,21.042163848877,21.042013168335,0.014713287353516,0.014673233032227,0.014522552490234,4.0054321289063e-05,4.0054321289063e-05,false,0.0,0.0059244155883789,0.0058643341064453,0.01158390045166
1569,0x00105D88,MANUAL_AIM_CANDIDATE,0.01156794372946,0.0,0.0,0.0,-0.01156794372946,0.0,0.0,-0.01156794372946,0.0,0.0,false,0.0,-0.001156794372946,-0.001156794372946,0.01156794372946
1570,0x000D3F20,ARM_LEFT_CANDIDATE,0.011431631445885,0.099999755620956,0.11153560131788,0.1001935750246,0.10007280111313,0.011535845696926,0.00019381940364838,7.3045492172241e-05,0.011342026293278,0.011342026293278,false,0.0,0.011431631445885,-0.0055814079940319,-0.0010999210178852
1571,0x000D34D0,ARM_LEFT_CANDIDATE,0.011377230240032,-0.0084309596568346,0.0035757850855589,-0.0082904240116477,-0.0028384928591549,0.012006744742393,0.0001405356451869,0.0055924667976797,0.011866209097207,0.011866209097207,false,0.0,0.011377230240032,-0.0064220834057778,0.0043777387589216
1572,0x000E98F0,ARM_HORIZONTAL_CANDIDATE,0.011359186042682,-0.001954078907147,-0.00012208191037644,-0.0078172739595175,-0.0078172739595175,0.0018319969967706,-0.0058631950523704,-0.0058631950523704,0.007695192049141,0.0040311980555998,true,0.011359186042682,-0.0016859200346516,0.0043608770487481,0.0050936758474563
1573,0x001062C8,MANUAL_AIM_CANDIDATE,0.011193780228496,0.0,0.0,0.0,-0.011193780228496,0.0,0.0,-0.011193780228496,0.0,0.0,false,0.0,-0.0011193780228496,-0.0011193780228496,0.011193780228496
1574,0x000D34E4,ARM_HORIZONTAL_CANDIDATE,0.010941577304038,0.0019157184287906,0.0075245825573802,0.00013814737030771,0.0033091651275754,0.0056088641285896,-0.0017775710584829,0.0013934466987848,0.0073864351870725,0.0038312930701068,true,0.010941577304038,0.0045807339294697,-0.0011662056756904,0.00065480318007758
1575,0x000F8E44,ARM_RIGHT_CANDIDATE,0.010772221372463,0.0,-0.00077527458779514,-0.01115985866636,0.0,-0.00077527458779514,-0.01115985866636,0.0,0.010384584078565,0.010384584078565,false,0.0,-0.0048046547453851,0.010772221372463,-0.0011935133254156
1576,0x00105CC8,MANUAL_AIM_CANDIDATE,0.010366207920015,0.0,0.0,0.0,-0.010366207920015,0.0,0.0,-0.010366207920015,0.0,0.0,false,0.0,-0.0010366207920015,-0.0010366207920015,0.010366207920015
1577,0x00286F68,ARM_HORIZONTAL_CANDIDATE,0.01004426763393,-0.0036122454330325,-0.005759684368968,-1.0294606909156e-05,-3.6468336475082e-06,-0.0021474389359355,0.0036019508261234,0.003608598599385,0.0057493897620589,0.0014545118901879,true,0.01004426763393,-1.4396337064682e-05,0.0021673714982171,0.0030336596231791
1578,0x00286F64,ARM_HORIZONTAL_CANDIDATE,0.010038264394097,-0.0036122454330325,-0.005759684368968,-1.6297846741509e-05,-5.6240933190566e-06,-0.0021474389359355,0.003595947586291,0.0036066213397135,0.0057433865222265,0.0014485086503555,true,0.010038264394097,-1.119699118135e-05,0.0021615659843519,0.0030322826874908
1579,0x00286F60,ARM_HORIZONTAL_CANDIDATE,0.010026820134954,-0.0036122454330325,-0.005759684368968,-2.7742105885409e-05,-8.1488142313901e-06,-0.0021474389359355,0.0035845033271471,0.0036040966188011,0.0057319422630826,0.0014370643912116,true,0.010026820134954,-5.2223895181669e-06,0.0021503741972992,0.0030309023924929
1580,0x00286F5C,ARM_HORIZONTAL_CANDIDATE,0.010007660763222,-0.0036122454330325,-0.005759684368968,-4.6901477617212e-05,-1.2678836355917e-05,-0.0021474389359355,0.0035653439554153,0.0035995665966766,0.0057127828913508,0.0014179050194798,true,0.010007660763222,4.8102985601872e-06,0.0021316678277799,0.0030282883075415
1581,0x000D3F6C,MANUAL_AIM_CANDIDATE,0.0099999904632568,0.86000001430511,0.86000001430511,0.86000001430511,0.85000002384186,0.0,0.0,-0.0099999904632568,0.0,0.0,false,0.0,-0.00099999904632568,-0.00099999904632568,0.0099999904632568
1582,0x001F2218,ARM_RIGHT_CANDIDATE,0.0098174773156643,0.0,0.0,0.0098174773156643,0.0,0.0,0.0098174773156643,0.0,0.0098174773156643,0.0098174773156643,false,0.0,-0.0049087386578321,0.0098174773156643,-0.00098174773156643
1583,0x00286F58,ARM_HORIZONTAL_CANDIDATE,0.0096117081993725,-0.0036122454330325,-0.0056376121938229,-7.6637516031042e-05,-1.9158920622431e-05,-0.0020253667607903,0.0035356079170015,0.0035930865124101,0.0055609746777918,0.0015102411562111,true,0.0096117081993725,-0.0001017458489514,0.0021636158853653,0.0030369890446309
1584,0x000D36F8,ARM_LEFT_CANDIDATE,0.0094162350986153,-0.0025005908682942,0.010160775855184,0.0024398150853813,-0.010249877348542,0.012661366723478,0.0049404059536755,-0.007749286480248,0.0077209607698023,0.0077209607698023,false,0.0,0.0094162350986153,-0.0021652060560882,0.0059891092125326
1585,0x000D3710,ARM_LEFT_CANDIDATE,0.0093078181147575,0.0024684793315828,-0.010047215037048,-0.002413384616375,0.010137922130525,-0.012515694368631,-0.0048818639479578,0.0076694427989423,0.0076338304206729,0.0076338304206729,false,0.0,0.0093078181147575,-0.0021429275162518,0.0059296869672835
1586,0x001A02FC,MANUAL_AIM_CANDIDATE,0.0092773497104645,0.0,-0.011596687138081,-0.011596687138081,-0.011596687138081,-0.011596687138081,-0.011596687138081,-0.011596687138081,0.0,0.0,false,0.0,0.0046386748552322,0.0046386748552322,0.0092773497104645
1587,0x001F203C,ARM_LEFT_CANDIDATE,0.0088357295840979,0.0,0.0098174773156643,0.0,0.0098174773156643,0.0098174773156643,0.0,0.0098174773156643,0.0098174773156643,0.0098174773156643,false,0.0,0.0088357295840979,-0.0058904863893986,0.0088357295840979
1588,0x000D6CF8,ARM_HORIZONTAL_CANDIDATE,0.0087887106928974,-0.0004885793896392,-1.9073486328125e-06,-0.0078172739595175,-0.0078172739595175,0.00048667204100639,-0.0073286945698783,-0.0073286945698783,0.0078153666108847,0.0068420225288719,true,0.0087887106928974,-0.0039105447009206,0.0063524890923873,0.0065471579087898
1589,0x000E84F8,ARM_HORIZONTAL_CANDIDATE,0.0087887106928974,-0.0004885793896392,-1.9073486328125e-06,-0.0078172739595175,-0.0078172739595175,0.00048667204100639,-0.0073286945698783,-0.0073286945698783,0.0078153666108847,0.0068420225288719,true,0.0087887106928974,-0.0039105447009206,0.0063524890923873,0.0065471579087898
1590,0x000D8208,ARM_HORIZONTAL_CANDIDATE,0.0087715445552021,-0.0004885793896392,-7.62939453125e-06,-0.0078172739595175,-0.0004885793896392,0.00048094999510795,-0.0073286945698783,0.0,0.0078096445649862,0.0068477445747703,true,0.0087715445552021,-0.0031833972898312,0.0070882195723243,-0.00078096445649862
1591,0x000D8188,ARM_HORIZONTAL_CANDIDATE,0.008771306136623,-0.00048846018034965,-7.62939453125e-06,-0.0078172739595175,-0.0004885793896392,0.0004808307858184,-0.0073288137791678,-1.1920928955078e-07,0.0078096445649862,0.0068479829933494,true,0.008771306136623,-0.0031835880246945,0.0070883864653297,-0.00078084524720907
1592,0x000D6C48,ARM_HORIZONTAL_CANDIDATE,0.0087696372065693,-0.0004885793896392,-7.62939453125e-06,-0.0078153666108847,-0.0078153666108847,0.00048094999510795,-0.0073267872212455,-0.0073267872212455,0.0078077372163534,0.0068458372261375,true,0.0087696372065693,-0.0039151223376393,0.0063536335015669,0.0065460134996101
1593,0x000E8448,ARM_HORIZONTAL_CANDIDATE,0.0087696372065693,-0.0004885793896392,-7.62939453125e-06,-0.0078153666108847,-0.0078153666108847,0.00048094999510795,-0.0073267872212455,-0.0073267872212455,0.0078077372163534,0.0068458372261375,true,0.0087696372065693,-0.0039151223376393,0.0063536335015669,0.0065460134996101
1594,0x000F92D4,ARM_LEFT_CANDIDATE,0.0087373033165932,0.0,0.0087373033165932,0.0,0.0,0.0087373033165932,0.0,0.0,0.0087373033165932,0.0087373033165932,false,0.0,0.0087373033165932,-0.0043686516582966,-0.00087373033165932
1595,0x002E3230,MANUAL_AIM_CANDIDATE,0.0086759775876999,0.0,0.0,0.0,-0.0086759775876999,0.0,0.0,-0.0086759775876999,0.0,0.0,false,0.0,-0.00086759775876999,-0.00086759775876999,0.0086759775876999
1596,0x000D82C8,ARM_HORIZONTAL_CANDIDATE,0.0084281870076666,-0.0004885793896392,-0.00012208191037644,-0.0078172739595175,-0.0004885793896392,0.00036649747926276,-0.0073286945698783,0.0,0.007695192049141,0.0069621970906155,true,0.0084281870076666,-0.0032978498056764,0.0071454458302469,-0.0007695192049141
1597,0x000E9970,ARM_HORIZONTAL_CANDIDATE,0.0084281870076666,-0.0004885793896392,-0.00012208191037644,-0.0078172739595175,-0.0078172739595175,0.00036649747926276,-0.0073286945698783,-0.0073286945698783,0.007695192049141,0.0069621970906155,true,0.0084281870076666,-0.0040307192626642,0.0064125763732591,0.0065591753649642
1598,0x000E9930,ARM_HORIZONTAL_CANDIDATE,0.0084280081937322,-0.00048848998267204,-0.00012208191037644,-0.0078172739595175,-0.0078172739595175,0.0003664080722956,-0.0073287839768454,-0.0073287839768454,0.007695192049141,0.0069623759045498,true,0.0084280081937322,-0.0040308623138117,0.0064127015430131,0.0065592647719313
1599,0x000E9338,ARM_HORIZONTAL_CANDIDATE,0.0084272333333502,-0.0004885793896392,-0.00012208191037644,-0.0078163202852011,-0.0078163202852011,0.00036649747926276,-0.0073277408955619,-0.0073277408955619,0.0076942383748246,0.0069612434162991,true,0.0084272333333502,-0.0040301470580744,0.0064117180663743,0.0065583170580794
1600,0x000D34E8,ARM_LEFT_CANDIDATE,0.0083016786535154,0.0072534116916358,-0.0096102897077799,-0.0084336390718818,6.843805022072e-05,-0.016863701399416,-0.015687050763518,-0.0071849736414151,0.0011766506358981,0.0011766506358981,false,0.0,0.0083016786535154,0.0065367026996682,0.0039298984251218
1601,0x001058D4,MANUAL_AIM_CANDIDATE,0.0079863864928484,-0.005425744690001,0.0,0.0,-0.01449728012085,0.005425744690001,0.005425744690001,-0.0090715354308486,0.0,0.0,false,0.0,0.0018057188019156,0.0018057188019156,0.0079863864928484
1602,0x000D75A0,ARM_LEFT_CANDIDATE,0.0078138407319784,-0.0078163202852011,-1.9073486328125e-06,-0.0078153666108847,-0.0078153666108847,0.0078144129365683,9.5367431640625e-07,9.5367431640625e-07,0.0078134592622519,0.0078134592622519,false,0.0,0.0078138407319784,-0.0039063481613994,-0.00078058298677206
1603,0x000E8DA0,ARM_LEFT_CANDIDATE,0.0078138407319784,-0.0078163202852011,-1.9073486328125e-06,-0.0078153666108847,-0.0078153666108847,0.0078144129365683,9.5367431640625e-07,9.5367431640625e-07,0.0078134592622519,0.0078134592622519,false,0.0,0.0078138407319784,-0.0039063481613994,-0.00078058298677206
1604,0x000D7738,ARM_LEFT_CANDIDATE,0.0078085001558065,-0.0078172739595175,-7.62939453125e-06,-0.0078153666108847,-0.0078153666108847,0.0078096445649862,1.9073486328125e-06,1.9073486328125e-06,0.0078077372163534,0.0078077372163534,false,0.0,0.0078085001558065,-0.0039031056687236,-0.00077924784272909
1605,0x000E8F38,ARM_LEFT_CANDIDATE,0.0078085001558065,-0.0078172739595175,-7.62939453125e-06,-0.0078153666108847,-0.0078153666108847,0.0078096445649862,1.9073486328125e-06,1.9073486328125e-06,0.0078077372163534,0.0078077372163534,false,0.0,0.0078085001558065,-0.0039031056687236,-0.00077924784272909
1606,0x000D63E8,ARM_LEFT_CANDIDATE,0.0078048780560493,-0.0078125074505806,-7.62939453125e-06,-0.0078125074505806,-0.0078125074505806,0.0078048780560493,0.0,0.0,0.0078048780560493,0.0078048780560493,false,0.0,0.0078048780560493,-0.0039024390280247,-0.00078048780560493
1607,0x000E7BE8,ARM_LEFT_CANDIDATE,0.0078048780560493,-0.0078125074505806,-7.62939453125e-06,-0.0078125074505806,-0.0078125074505806,0.0078048780560493,0.0,0.0,0.0078048780560493,0.0078048780560493,false,0.0,0.0078048780560493,-0.0039024390280247,-0.00078048780560493
1608,0x000E9870,ARM_HORIZONTAL_CANDIDATE,0.0077905710786581,-0.0078153666108847,-3.0517578125e-05,-0.0078172739595175,-0.0078172739595175,0.0077848490327597,-1.9073486328125e-06,-1.9073486328125e-06,0.0077867563813925,0.0077829416841269,true,0.0077905710786581,0.00778370462358,-0.0038907079026103,-0.00077676828950644
1609,0x000D8070,ARM_LEFT_CANDIDATE,0.0077832315117121,-0.0078153666108847,-3.0517578125e-05,-0.007812513038516,-0.0078172739595175,0.0077848490327597,2.8535723686218e-06,-1.9073486328125e-06,0.007781995460391,0.007781995460391,false,0.0,0.0077832315117121,-0.0038897616788745,-0.00077686291188002
1610,0x000D7C40,ARM_HORIZONTAL_CANDIDATE,0.0077247675217222,-0.0078153666108847,-0.00012207034160383,-0.0078258570283651,-0.0078258570283651,0.0076932962692808,-1.0490417480469e-05,-1.0490417480469e-05,0.0077037866867613,0.0076828058518004,true,0.0077247675217222,0.0076870020187926,-0.003837206758908,-0.00075988825119566
1611,0x000E9440,ARM_HORIZONTAL_CANDIDATE,0.0077247675217222,-0.0078153666108847,-0.00012207034160383,-0.0078258570283651,-0.0078258570283651,0.0076932962692808,-1.0490417480469e-05,-1.0490417480469e-05,0.0077037866867613,0.0076828058518004,true,0.0077247675217222,0.0076870020187926,-0.003837206758908,-0.00075988825119566
1612,0x000D68F0,ARM_HORIZONTAL_CANDIDATE,0.0076990067464067,-0.0078153666108847,-0.0078172739595175,-0.00012208191037644,-0.0078153666108847,-1.9073486328125e-06,0.0076932847005082,0.0,0.007695192049141,0.0076913773518754,true,0.0076990067464067,-0.0038447350016213,0.0076923310261918,-0.0007695192049141
1613,0x000E80F0,ARM_HORIZONTAL_CANDIDATE,0.0076990067464067,-0.0078153666108847,-0.0078172739595175,-0.00012208191037644,-0.0004885793896392,-1.9073486328125e-06,0.0076932847005082,0.0073267872212455,0.007695192049141,0.0076913773518754,true,0.0076990067464067,-0.0045774137237458,0.0069596523040673,0.0065572680163314
1614,0x000D7630,ARM_HORIZONTAL_CANDIDATE,0.0076970993977739,-0.0078163202852011,-0.0078172739595175,-0.00012208191037644,-0.0019555094186217,-9.5367431640625e-07,0.0076942383748246,0.0058608108665794,0.007695192049141,0.0076932847005082,true,0.0076970993977739,-0.0044322465997539,0.0071076804510085,0.0050912916616653
1615,0x000E8E30,ARM_HORIZONTAL_CANDIDATE,0.0076970993977739,-0.0078163202852011,-0.0078172739595175,-0.00012208191037644,-0.0019555094186217,-9.5367431640625e-07,0.0076942383748246,0.0058608108665794,0.007695192049141,0.0076932847005082,true,0.0076970993977739,-0.0044322465997539,0.0071076804510085,0.0050912916616653
1616,0x000D79E0,ARM_LEFT_CANDIDATE,0.007695192049141,-0.0078172739595175,-0.00012208191037644,-0.0078172739595175,-0.0078172739595175,0.007695192049141,0.0,0.0,0.007695192049141,0.007695192049141,false,0.0,0.007695192049141,-0.0038475960245705,-0.0007695192049141
1617,0x000E8290,MANUAL_AIM_CANDIDATE,0.007695192049141,-0.0078172739595175,-0.0078172739595175,-0.0078172739595175,-0.00012208191037644,0.0,0.0,0.007695192049141,0.0,0.0,false,0.0,-0.0007695192049141,-0.0007695192049141,0.007695192049141
1618,0x000E99F0,ARM_LEFT_CANDIDATE,0.007695192049141,-0.0078172739595175,-0.00012208191037644,-0.0078172739595175,-0.0078172739595175,0.007695192049141,0.0,0.0,0.007695192049141,0.007695192049141,false,0.0,0.007695192049141,-0.0038475960245705,-0.0007695192049141
1619,0x000E9A30,ARM_LEFT_CANDIDATE,0.007695192049141,-0.0078172739595175,-0.00012208191037644,-0.0078172739595175,-0.0078172739595175,0.007695192049141,0.0,0.0,0.007695192049141,0.007695192049141,false,0.0,0.007695192049141,-0.0038475960245705,-0.0007695192049141
1620,0x000D69D8,ARM_LEFT_CANDIDATE,0.0076942383748246,-0.00012208191037644,-0.0078163202852011,-0.00012208191037644,-0.00012208191037644,-0.0076942383748246,0.0,0.0,0.0076942383748246,0.0076942383748246,false,0.0,0.0076942383748246,-0.0038471191874123,-0.00076942383748246
1621,0x000D6A78,MANUAL_AIM_CANDIDATE,0.0076942383748246,-0.0078163202852011,-0.0078163202852011,-0.0078163202852011,-0.00012208191037644,0.0,0.0,0.0076942383748246,0.0,0.0,false,0.0,-0.00076942383748246,-0.00076942383748246,0.0076942383748246
1622,0x000D6B10,MANUAL_AIM_CANDIDATE,0.0076942383748246,-0.00012208191037644,-0.00012208191037644,-0.00012208191037644,-0.0078163202852011,0.0,0.0,-0.0076942383748246,0.0,0.0,false,0.0,-0.00076942383748246,-0.00076942383748246,0.0076942383748246
1623,0x000D6B60,ARM_RIGHT_CANDIDATE,0.0076942383748246,-0.00012208191037644,-0.00012208191037644,-0.0078163202852011,-0.00012208191037644,0.0,-0.0076942383748246,0.0,0.0076942383748246,0.0076942383748246,false,0.0,-0.0038471191874123,0.0076942383748246,-0.00076942383748246
1624,0x000D6BB0,ARM_RIGHT_CANDIDATE,0.0076942383748246,-0.00012208191037644,-0.00012208191037644,-0.0078163202852011,-0.00012208191037644,0.0,-0.0076942383748246,0.0,0.0076942383748246,0.0076942383748246,false,0.0,-0.0038471191874123,0.0076942383748246,-0.00076942383748246
1625,0x000D6990,ARM_RIGHT_CANDIDATE,0.0076937615376664,-0.0078163202852011,-0.0078153666108847,-0.00012208191037644,-0.0078163202852011,9.5367431640625e-07,0.0076942383748246,0.0,0.0076932847005082,0.0076932847005082,false,0.0,-0.0038461655130959,0.0076937615376664,-0.0007695192049141
1626,0x000D7720,ARM_LEFT_CANDIDATE,0.0076936661702348,-0.0078163202852011,-0.00012208191037644,-0.0078153666108847,-0.0078153666108847,0.0076942383748246,9.5367431640625e-07,9.5367431640625e-07,0.0076932847005082,0.0076932847005082,false,0.0,0.0076936661702348,-0.0038462608805276,-0.0007685655305977
1627,0x000E8F20,ARM_LEFT_CANDIDATE,0.0076936661702348,-0.0078163202852011,-0.00012208191037644,-0.0078153666108847,-0.0078153666108847,0.0076942383748246,9.5367431640625e-07,9.5367431640625e-07,0.0076932847005082,0.0076932847005082,false,0.0,0.0076936661702348,-0.0038462608805276,-0.0007685655305977
1628,0x000D6D78,ARM_LEFT_CANDIDATE,0.0076932847005082,-0.00012208191037644,-0.0078153666108847,-0.00012208191037644,-0.00012208191037644,-0.0076932847005082,0.0,0.0,0.0076932847005082,0.0076932847005082,false,0.0,0.0076932847005082,-0.0038466423502541,-0.00076932847005082
1629,0x000E7E00,MANUAL_AIM_CANDIDATE,0.0076932847005082,-0.00012208191037644,-0.00012208191037644,-0.00012208191037644,-0.0078153666108847,0.0,0.0,-0.0076932847005082,0.0,0.0,false,0.0,-0.00076932847005082,-0.00076932847005082,0.0076932847005082
1630,0x000E8578,ARM_LEFT_CANDIDATE,0.0076932847005082,-0.00012208191037644,-0.0078153666108847,-0.00012208191037644,-0.00012208191037644,-0.0076932847005082,0.0,0.0,0.0076932847005082,0.0076932847005082,false,0.0,0.0076932847005082,-0.0038466423502541,-0.00076932847005082
1631,0x000D5E90,ARM_LEFT_CANDIDATE,0.0074752935615834,-0.00012208191037644,-0.0078172739595175,-0.0004885793896392,-0.0004885793896392,-0.007695192049141,-0.00036649747926276,-0.00036649747926276,0.0073286945698783,0.0073286945698783,false,0.0,0.0074752935615834,-0.003517748293234,-0.00043967147357762
1632,0x000E7690,ARM_LEFT_CANDIDATE,0.0074752935615834,-0.00012208191037644,-0.0078172739595175,-0.0004885793896392,-0.0004885793896392,-0.007695192049141,-0.00036649747926276,-0.00036649747926276,0.0073286945698783,0.0073286945698783,false,0.0,0.0074752935615834,-0.003517748293234,-0.00043967147357762
1633,0x000D7418,ARM_LEFT_CANDIDATE,0.0074735113827046,-0.00012208191037644,-0.0078153666108847,-0.00048837077338248,-0.00048837077338248,-0.0076932847005082,-0.00036628886300605,-0.00036628886300605,0.0073269958375022,0.0073269958375022,false,0.0,0.0074735113827046,-0.0035169823735487,-0.00043966849334538
1634,0x000E8C18,ARM_LEFT_CANDIDATE,0.0074735113827046,-0.00012208191037644,-0.0078153666108847,-0.00048837077338248,-0.00048837077338248,-0.0076932847005082,-0.00036628886300605,-0.00036628886300605,0.0073269958375022,0.0073269958375022,false,0.0,0.0074735113827046,-0.0035169823735487,-0.00043966849334538
1635,0x000D6F18,ARM_LEFT_CANDIDATE,0.0073315555928275,-0.0078258570283651,-0.0004885793896392,-0.0078163202852011,-0.0078163202852011,0.0073372776387259,9.5367431640625e-06,9.5367431640625e-06,0.0073277408955619,0.0073277408955619,false,0.0,0.0073315555928275,-0.0036600557505153,-0.00072514469502494
1636,0x000E8718,ARM_LEFT_CANDIDATE,0.0073315555928275,-0.0078258570283651,-0.0004885793896392,-0.0078163202852011,-0.0078163202852011,0.0073372776387259,9.5367431640625e-06,9.5367431640625e-06,0.0073277408955619,0.0073277408955619,false,0.0,0.0073315555928275,-0.0036600557505153,-0.00072514469502494
1637,0x000D8388,ARM_HORIZONTAL_CANDIDATE,0.0073290521977469,-0.0004885793896392,-0.00048846018034965,-0.0078172739595175,-0.0004885793896392,1.1920928955078e-07,-0.0073286945698783,0.0,0.0073288137791678,0.0073285753605887,true,0.0073290521977469,-0.0036642280756496,0.0073286349652335,-0.00073288137791678
1638,0x000E9BB0,ARM_LEFT_CANDIDATE,0.007328903186135,-0.0078172739595175,-0.00048837077338248,-0.0078172739595175,-0.0078172739595175,0.007328903186135,0.0,0.0,0.007328903186135,0.007328903186135,false,0.0,0.007328903186135,-0.0036644515930675,-0.0007328903186135
1639,0x000E9A70,ARM_LEFT_CANDIDATE,0.0073288137791678,-0.0078172739595175,-0.00048846018034965,-0.0078172739595175,-0.0078172739595175,0.0073288137791678,0.0,0.0,0.0073288137791678,0.0073288137791678,false,0.0,0.0073288137791678,-0.0036644068895839,-0.00073288137791678
1640,0x000E9BF0,ARM_LEFT_CANDIDATE,0.0073288137791678,-0.0078172739595175,-0.00048846018034965,-0.0078172739595175,-0.0078172739595175,0.0073288137791678,0.0,0.0,0.0073288137791678,0.0073288137791678,false,0.0,0.0073288137791678,-0.0036644068895839,-0.00073288137791678
1641,0x000D83C8,ARM_HORIZONTAL_CANDIDATE,0.0073287394479848,-0.0004885793896392,-0.00048856443027034,-0.0078172739595175,-0.0004885793896392,1.4959368854761e-08,-0.0073286945698783,0.0,0.0073287095292471,0.0073286796105094,true,0.0073287394479848,-0.0036643323255703,0.0073286870901939,-0.00073287095292471
1642,0x000E9B70,ARM_LEFT_CANDIDATE,0.0073287095292471,-0.0078172739595175,-0.00048856443027034,-0.0078172739595175,-0.0078172739595175,0.0073287095292471,0.0,0.0,0.0073287095292471,0.0073287095292471,false,0.0,0.0073287095292471,-0.0036643547646236,-0.00073287095292471
1643,0x000D6958,ARM_LEFT_CANDIDATE,0.0073277408955619,-0.0078172739595175,-0.0004885793896392,-0.0078153666108847,-0.0078172739595175,0.0073286945698783,1.9073486328125e-06,0.0,0.0073267872212455,0.0073267872212455,false,0.0,0.0073277408955619,-0.0036624399363063,-0.00073306019185111
1644,0x000E7E40,MANUAL_AIM_CANDIDATE,0.0073277408955619,-0.0004885793896392,-0.0004885793896392,-0.0004885793896392,-0.0078163202852011,0.0,0.0,-0.0073277408955619,0.0,0.0,false,0.0,-0.00073277408955619,-0.00073277408955619,0.0073277408955619
1645,0x000E7E68,MANUAL_AIM_CANDIDATE,0.0073277408955619,-0.0078163202852011,-0.0078163202852011,-0.0078163202852011,-0.0004885793896392,0.0,0.0,0.0073277408955619,0.0,0.0,false,0.0,-0.00073277408955619,-0.00073277408955619,0.0073277408955619
1646,0x000E7E90,MANUAL_AIM_CANDIDATE,0.0073277408955619,-0.0004885793896392,-0.0004885793896392,-0.0004885793896392,-0.0078163202852011,0.0,0.0,-0.0073277408955619,0.0,0.0,false,0.0,-0.00073277408955619,-0.00073277408955619,0.0073277408955619
1647,0x000E7EB8,MANUAL_AIM_CANDIDATE,0.0073277408955619,-0.0078163202852011,-0.0078163202852011,-0.0078163202852011,-0.0004885793896392,0.0,0.0,0.0073277408955619,0.0,0.0,false,0.0,-0.00073277408955619,-0.00073277408955619,0.0073277408955619
1648,0x000E7EE0,MANUAL_AIM_CANDIDATE,0.0073277408955619,-0.0004885793896392,-0.0004885793896392,-0.0004885793896392,-0.0078163202852011,0.0,0.0,-0.0073277408955619,0.0,0.0,false,0.0,-0.00073277408955619,-0.00073277408955619,0.0073277408955619
1649,0x000E7F08,MANUAL_AIM_CANDIDATE,0.0073277408955619,-0.0078163202852011,-0.0078163202852011,-0.0078163202852011,-0.0004885793896392,0.0,0.0,0.0073277408955619,0.0,0.0,false,0.0,-0.00073277408955619,-0.00073277408955619,0.0073277408955619
1650,0x000E7F30,MANUAL_AIM_CANDIDATE,0.0073277408955619,-0.0004885793896392,-0.0004885793896392,-0.0004885793896392,-0.0078163202852011,0.0,0.0,-0.0073277408955619,0.0,0.0,false,0.0,-0.00073277408955619,-0.00073277408955619,0.0073277408955619
1651,0x000E7F58,MANUAL_AIM_CANDIDATE,0.0073277408955619,-0.0078163202852011,-0.0078163202852011,-0.0078163202852011,-0.0004885793896392,0.0,0.0,0.0073277408955619,0.0,0.0,false,0.0,-0.00073277408955619,-0.00073277408955619,0.0073277408955619
1652,0x000E7F80,MANUAL_AIM_CANDIDATE,0.0073277408955619,-0.0004885793896392,-0.0004885793896392,-0.0004885793896392,-0.0078163202852011,0.0,0.0,-0.0073277408955619,0.0,0.0,false,0.0,-0.00073277408955619,-0.00073277408955619,0.0073277408955619
1653,0x000E7FA8,MANUAL_AIM_CANDIDATE,0.0073277408955619,-0.0078163202852011,-0.0078163202852011,-0.0078163202852011,-0.0004885793896392,0.0,0.0,0.0073277408955619,0.0,0.0,false,0.0,-0.00073277408955619,-0.00073277408955619,0.0073277408955619
1654,0x000E7FD0,MANUAL_AIM_CANDIDATE,0.0073277408955619,-0.0004885793896392,-0.0004885793896392,-0.0004885793896392,-0.0078163202852011,0.0,0.0,-0.0073277408955619,0.0,0.0,false,0.0,-0.00073277408955619,-0.00073277408955619,0.0073277408955619
1655,0x000E7FF8,MANUAL_AIM_CANDIDATE,0.0073277408955619,-0.0078163202852011,-0.0078163202852011,-0.0078163202852011,-0.0004885793896392,0.0,0.0,0.0073277408955619,0.0,0.0,false,0.0,-0.00073277408955619,-0.00073277408955619,0.0073277408955619
1656,0x000E82C8,MANUAL_AIM_CANDIDATE,0.0073277408955619,-0.0078163202852011,-0.0078163202852011,-0.0078163202852011,-0.0004885793896392,0.0,0.0,0.0073277408955619,0.0,0.0,false,0.0,-0.00073277408955619,-0.00073277408955619,0.0073277408955619
1657,0x000E82F0,MANUAL_AIM_CANDIDATE,0.0073277408955619,-0.0004885793896392,-0.0004885793896392,-0.0004885793896392,-0.0078163202852011,0.0,0.0,-0.0073277408955619,0.0,0.0,false,0.0,-0.00073277408955619,-0.00073277408955619,0.0073277408955619
1658,0x000E8190,MANUAL_AIM_CANDIDATE,0.0073276455281302,-0.0078163202852011,-0.0078153666108847,-0.0078163202852011,-0.0004885793896392,9.5367431640625e-07,0.0,0.0073277408955619,9.5367431640625e-07,9.5367431640625e-07,false,0.0,-0.00073182041523978,-0.00073325092671439,0.0073276455281302
1659,0x000D7410,ARM_HORIZONTAL_CANDIDATE,0.0073274130700156,-0.0004885793896392,-0.0078153666108847,-0.00048837077338248,-0.00048837077338248,-0.0073267872212455,2.0861625671387e-07,2.0861625671387e-07,0.0073269958375022,0.0073265786049888,true,0.0073274130700156,0.0073266620514914,-0.0036632058559917,-0.0007324909674935
1660,0x000E8C10,ARM_HORIZONTAL_CANDIDATE,0.0073274130700156,-0.0004885793896392,-0.0078153666108847,-0.00048837077338248,-0.00048837077338248,-0.0073267872212455,2.0861625671387e-07,2.0861625671387e-07,0.0073269958375022,0.0073265786049888,true,0.0073274130700156,0.0073266620514914,-0.0036632058559917,-0.0007324909674935
1661,0x000D7AC0,ARM_LEFT_CANDIDATE,0.0073269004700705,-0.0078153666108847,-0.00048837077338248,-0.0078153666108847,-0.0078163202852011,0.0073269958375022,0.0,-9.5367431640625e-07,0.0073269958375022,0.0073269958375022,false,0.0,0.0073269004700705,-0.0036635932861827,-0.00073174590943381
1662,0x000E92C0,ARM_LEFT_CANDIDATE,0.0073269004700705,-0.0078153666108847,-0.00048837077338248,-0.0078153666108847,-0.0078163202852011,0.0073269958375022,0.0,-9.5367431640625e-07,0.0073269958375022,0.0073269958375022,false,0.0,0.0073269004700705,-0.0036635932861827,-0.00073174590943381
1663,0x000D68B8,ARM_RIGHT_CANDIDATE,0.0073267872212455,-0.0004885793896392,-0.0004885793896392,-0.0078153666108847,-0.0004885793896392,0.0,-0.0073267872212455,0.0,0.0073267872212455,0.0073267872212455,false,0.0,-0.0036633936106227,0.0073267872212455,-0.00073267872212455
1664,0x000D6DA8,ARM_LEFT_CANDIDATE,0.0073267872212455,-0.0004885793896392,-0.0078153666108847,-0.0004885793896392,-0.0004885793896392,-0.0073267872212455,0.0,0.0,0.0073267872212455,0.0073267872212455,false,0.0,0.0073267872212455,-0.0036633936106227,-0.00073267872212455
1665,0x000E85A8,ARM_LEFT_CANDIDATE,0.0073267872212455,-0.0004885793896392,-0.0078153666108847,-0.0004885793896392,-0.0004885793896392,-0.0073267872212455,0.0,0.0,0.0073267872212455,0.0073267872212455,false,0.0,0.0073267872212455,-0.0036633936106227,-0.00073267872212455
1666,0x000F9400,ARM_LEFT_CANDIDATE,0.0073253884911537,0.0,-0.0073253884911537,0.0,0.0,-0.0073253884911537,0.0,0.0,0.0073253884911537,0.0073253884911537,false,0.0,0.0073253884911537,-0.0036626942455769,-0.00073253884911537
1667,0x000E9A48,ARM_LEFT_CANDIDATE,0.0073239336488768,-0.0004885793896392,-0.007812513038516,-0.0004885793896392,-0.0004885793896392,-0.0073239336488768,0.0,0.0,0.0073239336488768,0.0073239336488768,false,0.0,0.0073239336488768,-0.0036619668244384,-0.00073239336488768
1668,0x000D7100,MANUAL_AIM_CANDIDATE,0.0070172348569031,-7.62939453125e-06,-0.00012208191037644,-0.0078172739595175,-0.0078172739595175,-0.00011445251584519,-0.0078096445649862,-0.0078096445649862,0.007695192049141,0.007695192049141,false,0.0,-0.0045713342231466,0.006971453850565,0.0070172348569031
1669,0x000E8900,MANUAL_AIM_CANDIDATE,0.0070172348569031,-7.62939453125e-06,-0.00012208191037644,-0.0078172739595175,-0.0078172739595175,-0.00011445251584519,-0.0078096445649862,-0.0078096445649862,0.007695192049141,0.007695192049141,false,0.0,-0.0045713342231466,0.006971453850565,0.0070172348569031
1670,0x000D7148,MANUAL_AIM_CANDIDATE,0.0069788684952073,-7.62939453125e-06,-0.0004885793896392,-0.0078153666108847,-0.0078153666108847,-0.00048094999510795,-0.0078077372163534,-0.0078077372163534,0.0073267872212455,0.0073267872212455,false,0.0,-0.0042036923347041,0.0067864884971641,0.0069788684952073
1671,0x000E8948,MANUAL_AIM_CANDIDATE,0.0069788684952073,-7.62939453125e-06,-0.0004885793896392,-0.0078153666108847,-0.0078153666108847,-0.00048094999510795,-0.0078077372163534,-0.0078077372163534,0.0073267872212455,0.0073267872212455,false,0.0,-0.0042036923347041,0.0067864884971641,0.0069788684952073
1672,0x000D34DC,ARM_RIGHT_CANDIDATE,0.0069415859179571,-0.002653060015291,0.0078729810193181,0.0095818610861897,-0.0029562066774815,0.010526041034609,0.012234921101481,-0.00030314666219056,0.0017088800668716,0.0017088800668716,false,0.0,0.0043782658176497,0.0069415859179571,-0.0019729495514184
1673,0x000E8360,ARM_RIGHT_CANDIDATE,0.0069249099047738,-0.00012208191037644,-0.00012208191037644,-0.0078163202852011,-0.0078153666108847,0.0,-0.0076942383748246,-0.0076932847005082,0.0076942383748246,0.0076942383748246,false,0.0,-0.0046164476574631,0.0069249099047738,0.0069238608630258
1674,0x000E83B0,ARM_RIGHT_CANDIDATE,0.0069248145373422,-0.00012208191037644,-0.00012208191037644,-0.0078163202852011,-0.0078163202852011,0.0,-0.0076942383748246,-0.0076942383748246,0.0076942383748246,0.0076942383748246,false,0.0,-0.0046165430248948,0.0069248145373422,0.0069248145373422
1675,0x000D6D28,MANUAL_AIM_CANDIDATE,0.0069244332538801,-0.0078163202852011,-0.0078125074505806,-0.00012208191037644,-0.00012208191037644,3.8128346204758e-06,0.0076942383748246,0.0076942383748246,0.0076904255402042,0.0076904255402042,false,0.0,-0.0046127301902743,0.0069229081200319,0.0069244332538801
1676,0x000E8528,MANUAL_AIM_CANDIDATE,0.0069244332538801,-0.0078163202852011,-0.0078125074505806,-0.00012208191037644,-0.00012208191037644,3.8128346204758e-06,0.0076942383748246,0.0076942383748246,0.0076904255402042,0.0076904255402042,false,0.0,-0.0046127301902743,0.0069229081200319,0.0069244332538801
1677,0x000E9008,MANUAL_AIM_CANDIDATE,0.0068882601568475,-0.00012208191037644,-0.0004885793896392,-0.0078153666108847,-0.0078163202852011,-0.00036649747926276,-0.0076932847005082,-0.0076942383748246,0.0073267872212455,0.0073267872212455,false,0.0,-0.0042495687084738,0.0067406121233944,0.0068882601568475
1678,0x000D7808,MANUAL_AIM_CANDIDATE,0.0068873064825311,-0.00012208191037644,-0.0004885793896392,-0.0078153666108847,-0.0078153666108847,-0.00036649747926276,-0.0076932847005082,-0.0076932847005082,0.0073267872212455,0.0073267872212455,false,0.0,-0.0042494733410422,0.006740707490826,0.0068873064825311
1679,0x000D7400,MANUAL_AIM_CANDIDATE,0.0065958221326582,-0.0078172739595175,-0.0078153666108847,-0.00048837077338248,-0.00048837077338248,1.9073486328125e-06,0.007328903186135,0.007328903186135,0.0073269958375022,0.0073269958375022,false,0.0,-0.0043954345630482,0.0065950591932051,0.0065958221326582
1680,0x000E8C00,MANUAL_AIM_CANDIDATE,0.0065958221326582,-0.0078172739595175,-0.0078153666108847,-0.00048837077338248,-0.00048837077338248,1.9073486328125e-06,0.007328903186135,0.007328903186135,0.0073269958375022,0.0073269958375022,false,0.0,-0.0043954345630482,0.0065950591932051,0.0065958221326582
1681,0x000E8068,MANUAL_AIM_CANDIDATE,0.0065950621734373,-0.0004885793896392,-0.0004885793896392,-0.0078153666108847,-0.0078163202852011,0.0,-0.0073267872212455,-0.0073277408955619,0.0073267872212455,0.0073267872212455,false,0.0,-0.0043961677001789,0.0065940131316893,0.0065950621734373
1682,0x000D7608,ARM_RIGHT_CANDIDATE,0.0065941084991209,-0.0004885793896392,-0.0004885793896392,-0.0078153666108847,-0.0078153666108847,0.0,-0.0073267872212455,-0.0073267872212455,0.0073267872212455,0.0073267872212455,false,0.0,-0.0043960723327473,0.0065941084991209,0.0065941084991209
1683,0x000D7748,ARM_RIGHT_CANDIDATE,0.0065941084991209,-0.0004885793896392,-0.0004885793896392,-0.0078153666108847,-0.0078153666108847,0.0,-0.0073267872212455,-0.0073267872212455,0.0073267872212455,0.0073267872212455,false,0.0,-0.0043960723327473,0.0065941084991209,0.0065941084991209
1684,0x000E8E08,ARM_RIGHT_CANDIDATE,0.0065941084991209,-0.0004885793896392,-0.0004885793896392,-0.0078153666108847,-0.0078153666108847,0.0,-0.0073267872212455,-0.0073267872212455,0.0073267872212455,0.0073267872212455,false,0.0,-0.0043960723327473,0.0065941084991209,0.0065941084991209
1685,0x000E8F48,ARM_RIGHT_CANDIDATE,0.0065941084991209,-0.0004885793896392,-0.0004885793896392,-0.0078153666108847,-0.0078153666108847,0.0,-0.0073267872212455,-0.0073267872212455,0.0073267872212455,0.0073267872212455,false,0.0,-0.0043960723327473,0.0065941084991209,0.0065941084991209
1686,0x000D7C58,MANUAL_AIM_CANDIDATE,0.0062994256732054,-0.0078153666108847,-0.00048848998267204,-1.9073486328125e-06,-1.9073486328125e-06,0.0073268766282126,0.0078134592622519,0.0078134592622519,0.00048658263403922,0.00048658263403922,false,0.0,0.0026388010708615,0.0033686750219204,0.0062994256732054
1687,0x000E9458,MANUAL_AIM_CANDIDATE,0.0062994256732054,-0.0078153666108847,-0.00048848998267204,-1.9073486328125e-06,-1.9073486328125e-06,0.0073268766282126,0.0078134592622519,0.0078134592622519,0.00048658263403922,0.00048658263403922,false,0.0,0.0026388010708615,0.0033686750219204,0.0062994256732054
1688,0x000D7788,MANUAL_AIM_CANDIDATE,0.0062958106514998,-0.0078172739595175,-0.0004885793896392,-7.62939453125e-06,-7.62939453125e-06,0.0073286945698783,0.0078096445649862,0.0078096445649862,0.00048094999510795,0.00048094999510795,false,0.0,0.0026429078308865,0.0033643328235485,0.0062958106514998
1689,0x000D7B30,MANUAL_AIM_CANDIDATE,0.0062958106514998,-0.0078172739595175,-0.0004885793896392,-7.62939453125e-06,-7.62939453125e-06,0.0073286945698783,0.0078096445649862,0.0078096445649862,0.00048094999510795,0.00048094999510795,false,0.0,0.0026429078308865,0.0033643328235485,0.0062958106514998
1690,0x000E8F88,MANUAL_AIM_CANDIDATE,0.0062958106514998,-0.0078172739595175,-0.0004885793896392,-7.62939453125e-06,-7.62939453125e-06,0.0073286945698783,0.0078096445649862,0.0078096445649862,0.00048094999510795,0.00048094999510795,false,0.0,0.0026429078308865,0.0033643328235485,0.0062958106514998
1691,0x000D7C88,MANUAL_AIM_CANDIDATE,0.0062576350246673,-0.0078153666108847,-0.00012208191037644,-7.62939453125e-06,-7.62939453125e-06,0.0076932847005082,0.0078077372163534,0.0078077372163534,0.00011445251584519,0.00011445251584519,false,0.0,0.0030086423706962,0.003180321144464,0.0062576350246673
1692,0x000E9488,MANUAL_AIM_CANDIDATE,0.0062576350246673,-0.0078153666108847,-0.00012208191037644,-7.62939453125e-06,-7.62939453125e-06,0.0076932847005082,0.0078077372163534,0.0078077372163534,0.00011445251584519,0.00011445251584519,false,0.0,0.0030086423706962,0.003180321144464,0.0062576350246673
1693,0x000D5D38,MANUAL_AIM_CANDIDATE,0.0062507674098015,-1.9073486328125e-06,-0.0078153666108847,-0.0078153666108847,-0.0078153666108847,-0.0078134592622519,-0.0078134592622519,-0.0078134592622519,0.0,0.0,false,0.0,0.0031253837049007,0.0031253837049007,0.0062507674098015
1694,0x000E7538,MANUAL_AIM_CANDIDATE,0.0062507674098015,-1.9073486328125e-06,-0.0078153666108847,-0.0078153666108847,-0.0078153666108847,-0.0078134592622519,-0.0078134592622519,-0.0078134592622519,0.0,0.0,false,0.0,0.0031253837049007,0.0031253837049007,0.0062507674098015
1695,0x000D6D98,MANUAL_AIM_CANDIDATE,0.0062479063868523,-7.62939453125e-06,-0.0078153666108847,-0.0078172739595175,-0.0078172739595175,-0.0078077372163534,-0.0078096445649862,-0.0078096445649862,1.9073486328125e-06,1.9073486328125e-06,false,0.0,0.0031219504773617,0.0031248115003109,0.0062479063868523
1696,0x000E8598,MANUAL_AIM_CANDIDATE,0.0062479063868523,-7.62939453125e-06,-0.0078153666108847,-0.0078172739595175,-0.0078172739595175,-0.0078077372163534,-0.0078096445649862,-0.0078096445649862,1.9073486328125e-06,1.9073486328125e-06,false,0.0,0.0031219504773617,0.0031248115003109,0.0062479063868523
1697,0x000D7288,MANUAL_AIM_CANDIDATE,0.006247715651989,-0.0078172739595175,-7.62939453125e-06,-7.62939453125e-06,-7.62939453125e-06,0.0078096445649862,0.0078096445649862,0.0078096445649862,0.0,0.0,false,0.0,0.0031238578259945,0.0031238578259945,0.006247715651989
1698,0x000E8A88,MANUAL_AIM_CANDIDATE,0.006247715651989,-0.0078172739595175,-7.62939453125e-06,-7.62939453125e-06,-7.62939453125e-06,0.0078096445649862,0.0078096445649862,0.0078096445649862,0.0,0.0,false,0.0,0.0031238578259945,0.0031238578259945,0.006247715651989
1699,0x000D6300,MANUAL_AIM_CANDIDATE,0.0062461897730827,-0.0078153666108847,-7.62939453125e-06,-7.62939453125e-06,-7.62939453125e-06,0.0078077372163534,0.0078077372163534,0.0078077372163534,0.0,0.0,false,0.0,0.0031230948865414,0.0031230948865414,0.0062461897730827
1700,0x000E7B00,MANUAL_AIM_CANDIDATE,0.0062461897730827,-0.0078153666108847,-7.62939453125e-06,-7.62939453125e-06,-7.62939453125e-06,0.0078077372163534,0.0078077372163534,0.0078077372163534,0.0,0.0,false,0.0,0.0031230948865414,0.0031230948865414,0.0062461897730827
1701,0x000D6460,MANUAL_AIM_CANDIDATE,0.0062439024448395,-0.0078125074505806,-7.62939453125e-06,-7.62939453125e-06,-7.62939453125e-06,0.0078048780560493,0.0078048780560493,0.0078048780560493,0.0,0.0,false,0.0,0.0031219512224197,0.0031219512224197,0.0062439024448395
1702,0x000E7C60,MANUAL_AIM_CANDIDATE,0.0062439024448395,-0.0078125074505806,-7.62939453125e-06,-7.62939453125e-06,-7.62939453125e-06,0.0078048780560493,0.0078048780560493,0.0078048780560493,0.0,0.0,false,0.0,0.0031219512224197,0.0031219512224197,0.0062439024448395
1703,0x000D3468,ARM_LEFT_CANDIDATE,0.0062197591527365,-0.0026753284037113,0.0059602633118629,0.0010189990280196,0.0030113600660115,0.0086355917155743,0.0036943274317309,0.0056866884697229,0.0049412642838433,0.0049412642838433,false,0.0,0.0062197591527365,-0.0011921372730285,0.0044536965549923
1704,0x000D5DC0,MANUAL_AIM_CANDIDATE,0.0061561536393128,-0.0078172739595175,-0.00012208191037644,-0.00012208191037644,-0.00012208191037644,0.007695192049141,0.007695192049141,0.007695192049141,0.0,0.0,false,0.0,0.0030780768196564,0.0030780768196564,0.0061561536393128
1705,0x000D5E10,MANUAL_AIM_CANDIDATE,0.0061561536393128,-0.0078172739595175,-0.00012208191037644,-0.00012208191037644,-0.00012208191037644,0.007695192049141,0.007695192049141,0.007695192049141,0.0,0.0,false,0.0,0.0030780768196564,0.0030780768196564,0.0061561536393128
1706,0x000D5E60,MANUAL_AIM_CANDIDATE,0.0061561536393128,-0.0078172739595175,-0.00012208191037644,-0.00012208191037644,-0.00012208191037644,0.007695192049141,0.007695192049141,0.007695192049141,0.0,0.0,false,0.0,0.0030780768196564,0.0030780768196564,0.0061561536393128
1707,0x000D5FA8,MANUAL_AIM_CANDIDATE,0.0061561536393128,-0.0078172739595175,-0.00012208191037644,-0.00012208191037644,-0.00012208191037644,0.007695192049141,0.007695192049141,0.007695192049141,0.0,0.0,false,0.0,0.0030780768196564,0.0030780768196564,0.0061561536393128
1708,0x000D60E0,MANUAL_AIM_CANDIDATE,0.0061561536393128,-0.0078172739595175,-0.00012208191037644,-0.00012208191037644,-0.00012208191037644,0.007695192049141,0.007695192049141,0.007695192049141,0.0,0.0,false,0.0,0.0030780768196564,0.0030780768196564,0.0061561536393128
1709,0x000E75C0,MANUAL_AIM_CANDIDATE,0.0061561536393128,-0.0078172739595175,-0.00012208191037644,-0.00012208191037644,-0.00012208191037644,0.007695192049141,0.007695192049141,0.007695192049141,0.0,0.0,false,0.0,0.0030780768196564,0.0030780768196564,0.0061561536393128
1710,0x000E7610,MANUAL_AIM_CANDIDATE,0.0061561536393128,-0.0078172739595175,-0.00012208191037644,-0.00012208191037644,-0.00012208191037644,0.007695192049141,0.007695192049141,0.007695192049141,0.0,0.0,false,0.0,0.0030780768196564,0.0030780768196564,0.0061561536393128
1711,0x000E7660,MANUAL_AIM_CANDIDATE,0.0061561536393128,-0.0078172739595175,-0.00012208191037644,-0.00012208191037644,-0.00012208191037644,0.007695192049141,0.007695192049141,0.007695192049141,0.0,0.0,false,0.0,0.0030780768196564,0.0030780768196564,0.0061561536393128
1712,0x000E77A8,MANUAL_AIM_CANDIDATE,0.0061561536393128,-0.0078172739595175,-0.00012208191037644,-0.00012208191037644,-0.00012208191037644,0.007695192049141,0.007695192049141,0.007695192049141,0.0,0.0,false,0.0,0.0030780768196564,0.0030780768196564,0.0061561536393128
1713,0x000E78E0,MANUAL_AIM_CANDIDATE,0.0061561536393128,-0.0078172739595175,-0.00012208191037644,-0.00012208191037644,-0.00012208191037644,0.007695192049141,0.007695192049141,0.007695192049141,0.0,0.0,false,0.0,0.0030780768196564,0.0030780768196564,0.0061561536393128
1714,0x000D6AC0,MANUAL_AIM_CANDIDATE,0.0061553906998597,-0.0078163202852011,-0.00012208191037644,-0.00012208191037644,-0.00012208191037644,0.0076942383748246,0.0076942383748246,0.0076942383748246,0.0,0.0,false,0.0,0.0030776953499299,0.0030776953499299,0.0061553906998597
1715,0x000D5D88,MANUAL_AIM_CANDIDATE,0.0061546277604066,-0.00012208191037644,-0.0078153666108847,-0.0078153666108847,-0.0078153666108847,-0.0076932847005082,-0.0076932847005082,-0.0076932847005082,0.0,0.0,false,0.0,0.0030773138802033,0.0030773138802033,0.0061546277604066
1716,0x000E7588,MANUAL_AIM_CANDIDATE,0.0061546277604066,-0.00012208191037644,-0.0078153666108847,-0.0078153666108847,-0.0078153666108847,-0.0076932847005082,-0.0076932847005082,-0.0076932847005082,0.0,0.0,false,0.0,0.0030773138802033,0.0030773138802033,0.0061546277604066
1717,0x000D72F8,MANUAL_AIM_CANDIDATE,0.0061518637812696,-0.00012208191037644,-0.0078172739595175,-0.0078125074505806,-0.0078125074505806,-0.007695192049141,-0.0076904255402042,-0.0076904255402042,4.766508936882e-06,4.766508936882e-06,false,0.0,0.0030809367250185,0.0030737869616132,0.0061518637812696
1718,0x000E8AF8,MANUAL_AIM_CANDIDATE,0.0061518637812696,-0.00012208191037644,-0.0078172739595175,-0.0078125074505806,-0.0078125074505806,-0.007695192049141,-0.0076904255402042,-0.0076904255402042,4.766508936882e-06,4.766508936882e-06,false,0.0,0.0030809367250185,0.0030737869616132,0.0061518637812696
1719,0x000D75F8,MANUAL_AIM_CANDIDATE,0.0061447083877283,-0.0078172739595175,-7.62939453125e-06,-0.00012208191037644,-0.00012208191037644,0.0078096445649862,0.007695192049141,0.007695192049141,0.00011445251584519,0.00011445251584519,false,0.0,0.0031925293355016,0.0030208505617338,0.0061447083877283
1720,0x000E8DF8,MANUAL_AIM_CANDIDATE,0.0061447083877283,-0.0078172739595175,-7.62939453125e-06,-0.00012208191037644,-0.00012208191037644,0.0078096445649862,0.007695192049141,0.007695192049141,0.00011445251584519,0.00011445251584519,false,0.0,0.0031925293355016,0.0030208505617338,0.0061447083877283
1721,0x000D6C20,MANUAL_AIM_CANDIDATE,0.0061433732436853,-0.0078163202852011,-1.9073486328125e-06,-0.00012208191037644,-0.00012208191037644,0.0078144129365683,0.0076942383748246,0.0076942383748246,0.00012017456174362,0.00012017456174362,false,0.0,0.0031978699116735,0.003017608069058,0.0061433732436853
1722,0x000E8420,MANUAL_AIM_CANDIDATE,0.0061433732436853,-0.0078163202852011,-1.9073486328125e-06,-0.00012208191037644,-0.00012208191037644,0.0078144129365683,0.0076942383748246,0.0076942383748246,0.00012017456174362,0.00012017456174362,false,0.0,0.0031978699116735,0.003017608069058,0.0061433732436853
1723,0x000F8F08,ARM_HORIZONTAL_CANDIDATE,0.0060963155701756,0.0,0.0056243361905217,-0.00015732645988464,0.0,0.0056243361905217,-0.00015732645988464,0.0,0.0057816626504064,0.0054670097306371,true,0.0060963155701756,0.0055456729605794,-0.0026548416353762,-0.00057816626504064
1724,0x00105D48,MANUAL_AIM_CANDIDATE,0.0060843350365758,0.0,0.0,0.0,0.0060843350365758,0.0,0.0,0.0060843350365758,0.0,0.0,false,0.0,-0.00060843350365758,-0.00060843350365758,0.0060843350365758
1725,0x000691F0,MANUAL_AIM_CANDIDATE,0.0060729997931048,0.0063476581126451,0.0063476581126451,0.0063476581126451,0.00027465831954032,0.0,0.0,-0.0060729997931048,0.0,0.0,false,0.0,-0.00060729997931048,-0.00060729997931048,0.0060729997931048
1726,0x000F8E04,ARM_RIGHT_CANDIDATE,0.0060558104742086,0.0,-0.00041784255881794,-0.0062647317536175,0.0,-0.00041784255881794,-0.0062647317536175,0.0,0.0058468891947996,0.0058468891947996,false,0.0,-0.0027145233179908,0.0060558104742086,-0.00066825743124355
1727,0x000D6318,MANUAL_AIM_CANDIDATE,0.0058698221109807,-0.0004885793896392,-0.0078258570283651,-0.0078258570283651,-0.0078258570283651,-0.0073372776387259,-0.0073372776387259,-0.0073372776387259,0.0,0.0,false,0.0,0.0029349110554904,0.0029349110554904,0.0058698221109807
1728,0x000E7B18,MANUAL_AIM_CANDIDATE,0.0058698221109807,-0.0004885793896392,-0.0078258570283651,-0.0078258570283651,-0.0078258570283651,-0.0073372776387259,-0.0073372776387259,-0.0073372776387259,0.0,0.0,false,0.0,0.0029349110554904,0.0029349110554904,0.0058698221109807
1729,0x000D6308,MANUAL_AIM_CANDIDATE,0.0058631463907659,-0.0078172739595175,-0.0004883409710601,-0.0004883409710601,-0.0004883409710601,0.0073289329884574,0.0073289329884574,0.0073289329884574,0.0,0.0,false,0.0,0.002931573195383,0.002931573195383,0.0058631463907659
1730,0x000E7B08,MANUAL_AIM_CANDIDATE,0.0058631463907659,-0.0078172739595175,-0.0004883409710601,-0.0004883409710601,-0.0004883409710601,0.0073289329884574,0.0073289329884574,0.0073289329884574,0.0,0.0,false,0.0,0.002931573195383,0.002931573195383,0.0058631463907659
1731,0x000D5F88,MANUAL_AIM_CANDIDATE,0.0058621927164495,-0.0078163202852011,-0.0004885793896392,-0.0004885793896392,-0.0004885793896392,0.0073277408955619,0.0073277408955619,0.0073277408955619,0.0,0.0,false,0.0,0.0029310963582247,0.0029310963582247,0.0058621927164495
1732,0x000D6058,MANUAL_AIM_CANDIDATE,0.0058621927164495,-0.0004885793896392,-0.0078153666108847,-0.0078172739595175,-0.0078163202852011,-0.0073267872212455,-0.0073286945698783,-0.0073277408955619,1.9073486328125e-06,1.9073486328125e-06,false,0.0,0.0029296658467501,0.0029325268696994,0.0058621927164495
1733,0x000D6138,MANUAL_AIM_CANDIDATE,0.0058621927164495,-0.0004885793896392,-0.0078163202852011,-0.0078163202852011,-0.0078163202852011,-0.0073277408955619,-0.0073277408955619,-0.0073277408955619,0.0,0.0,false,0.0,0.0029310963582247,0.0029310963582247,0.0058621927164495
1734,0x000D6160,MANUAL_AIM_CANDIDATE,0.0058621927164495,-0.0078163202852011,-0.0004885793896392,-0.0004885793896392,-0.0004885793896392,0.0073277408955619,0.0073277408955619,0.0073277408955619,0.0,0.0,false,0.0,0.0029310963582247,0.0029310963582247,0.0058621927164495
1735,0x000D6188,MANUAL_AIM_CANDIDATE,0.0058621927164495,-0.0004885793896392,-0.0078163202852011,-0.0078163202852011,-0.0078163202852011,-0.0073277408955619,-0.0073277408955619,-0.0073277408955619,0.0,0.0,false,0.0,0.0029310963582247,0.0029310963582247,0.0058621927164495
1736,0x000D61B0,MANUAL_AIM_CANDIDATE,0.0058621927164495,-0.0078163202852011,-0.0004885793896392,-0.0004885793896392,-0.0004885793896392,0.0073277408955619,0.0073277408955619,0.0073277408955619,0.0,0.0,false,0.0,0.0029310963582247,0.0029310963582247,0.0058621927164495
1737,0x000D61D8,MANUAL_AIM_CANDIDATE,0.0058621927164495,-0.0004885793896392,-0.0078163202852011,-0.0078163202852011,-0.0078163202852011,-0.0073277408955619,-0.0073277408955619,-0.0073277408955619,0.0,0.0,false,0.0,0.0029310963582247,0.0029310963582247,0.0058621927164495
1738,0x000D6200,MANUAL_AIM_CANDIDATE,0.0058621927164495,-0.0078163202852011,-0.0004885793896392,-0.0004885793896392,-0.0004885793896392,0.0073277408955619,0.0073277408955619,0.0073277408955619,0.0,0.0,false,0.0,0.0029310963582247,0.0029310963582247,0.0058621927164495
1739,0x000D6228,MANUAL_AIM_CANDIDATE,0.0058621927164495,-0.0004885793896392,-0.0078163202852011,-0.0078163202852011,-0.0078163202852011,-0.0073277408955619,-0.0073277408955619,-0.0073277408955619,0.0,0.0,false,0.0,0.0029310963582247,0.0029310963582247,0.0058621927164495
1740,0x000D6250,MANUAL_AIM_CANDIDATE,0.0058621927164495,-0.0078163202852011,-0.0004885793896392,-0.0004885793896392,-0.0004885793896392,0.0073277408955619,0.0073277408955619,0.0073277408955619,0.0,0.0,false,0.0,0.0029310963582247,0.0029310963582247,0.0058621927164495
1741,0x000D6278,MANUAL_AIM_CANDIDATE,0.0058621927164495,-0.0004885793896392,-0.0078163202852011,-0.0078163202852011,-0.0078163202852011,-0.0073277408955619,-0.0073277408955619,-0.0073277408955619,0.0,0.0,false,0.0,0.0029310963582247,0.0029310963582247,0.0058621927164495
1742,0x000D62A0,MANUAL_AIM_CANDIDATE,0.0058621927164495,-0.0078163202852011,-0.0004885793896392,-0.0004885793896392,-0.0004885793896392,0.0073277408955619,0.0073277408955619,0.0073277408955619,0.0,0.0,false,0.0,0.0029310963582247,0.0029310963582247,0.0058621927164495
1743,0x000E7788,MANUAL_AIM_CANDIDATE,0.0058621927164495,-0.0078163202852011,-0.0004885793896392,-0.0004885793896392,-0.0004885793896392,0.0073277408955619,0.0073277408955619,0.0073277408955619,0.0,0.0,false,0.0,0.0029310963582247,0.0029310963582247,0.0058621927164495
1744,0x000E7858,MANUAL_AIM_CANDIDATE,0.0058621927164495,-0.0004885793896392,-0.0078153666108847,-0.0078172739595175,-0.0078163202852011,-0.0073267872212455,-0.0073286945698783,-0.0073277408955619,1.9073486328125e-06,1.9073486328125e-06,false,0.0,0.0029296658467501,0.0029325268696994,0.0058621927164495
1745,0x000E7938,MANUAL_AIM_CANDIDATE,0.0058621927164495,-0.0004885793896392,-0.0078163202852011,-0.0078163202852011,-0.0078163202852011,-0.0073277408955619,-0.0073277408955619,-0.0073277408955619,0.0,0.0,false,0.0,0.0029310963582247,0.0029310963582247,0.0058621927164495
1746,0x000E7960,MANUAL_AIM_CANDIDATE,0.0058621927164495,-0.0078163202852011,-0.0004885793896392,-0.0004885793896392,-0.0004885793896392,0.0073277408955619,0.0073277408955619,0.0073277408955619,0.0,0.0,false,0.0,0.0029310963582247,0.0029310963582247,0.0058621927164495
1747,0x000E7988,MANUAL_AIM_CANDIDATE,0.0058621927164495,-0.0004885793896392,-0.0078163202852011,-0.0078163202852011,-0.0078163202852011,-0.0073277408955619,-0.0073277408955619,-0.0073277408955619,0.0,0.0,false,0.0,0.0029310963582247,0.0029310963582247,0.0058621927164495
1748,0x000E79B0,MANUAL_AIM_CANDIDATE,0.0058621927164495,-0.0078163202852011,-0.0004885793896392,-0.0004885793896392,-0.0004885793896392,0.0073277408955619,0.0073277408955619,0.0073277408955619,0.0,0.0,false,0.0,0.0029310963582247,0.0029310963582247,0.0058621927164495
1749,0x000E79D8,MANUAL_AIM_CANDIDATE,0.0058621927164495,-0.0004885793896392,-0.0078163202852011,-0.0078163202852011,-0.0078163202852011,-0.0073277408955619,-0.0073277408955619,-0.0073277408955619,0.0,0.0,false,0.0,0.0029310963582247,0.0029310963582247,0.0058621927164495
1750,0x000E7A00,MANUAL_AIM_CANDIDATE,0.0058621927164495,-0.0078163202852011,-0.0004885793896392,-0.0004885793896392,-0.0004885793896392,0.0073277408955619,0.0073277408955619,0.0073277408955619,0.0,0.0,false,0.0,0.0029310963582247,0.0029310963582247,0.0058621927164495
1751,0x000E7A28,MANUAL_AIM_CANDIDATE,0.0058621927164495,-0.0004885793896392,-0.0078163202852011,-0.0078163202852011,-0.0078163202852011,-0.0073277408955619,-0.0073277408955619,-0.0073277408955619,0.0,0.0,false,0.0,0.0029310963582247,0.0029310963582247,0.0058621927164495
1752,0x000E7A50,MANUAL_AIM_CANDIDATE,0.0058621927164495,-0.0078163202852011,-0.0004885793896392,-0.0004885793896392,-0.0004885793896392,0.0073277408955619,0.0073277408955619,0.0073277408955619,0.0,0.0,false,0.0,0.0029310963582247,0.0029310963582247,0.0058621927164495
1753,0x000E7A78,MANUAL_AIM_CANDIDATE,0.0058621927164495,-0.0004885793896392,-0.0078163202852011,-0.0078163202852011,-0.0078163202852011,-0.0073277408955619,-0.0073277408955619,-0.0073277408955619,0.0,0.0,false,0.0,0.0029310963582247,0.0029310963582247,0.0058621927164495
1754,0x000E7AA0,MANUAL_AIM_CANDIDATE,0.0058621927164495,-0.0078163202852011,-0.0004885793896392,-0.0004885793896392,-0.0004885793896392,0.0073277408955619,0.0073277408955619,0.0073277408955619,0.0,0.0,false,0.0,0.0029310963582247,0.0029310963582247,0.0058621927164495
1755,0x000D7308,MANUAL_AIM_CANDIDATE,0.0058616443537176,-0.0078153666108847,-0.0004885793896392,-0.0004883409710601,-0.0004883409710601,0.0073267872212455,0.0073270256398246,0.0073270256398246,2.3841857910156e-07,2.3841857910156e-07,false,0.0,0.0029305718373507,0.0029309294652194,0.0058616443537176
1756,0x000E8B08,MANUAL_AIM_CANDIDATE,0.0058616443537176,-0.0078153666108847,-0.0004885793896392,-0.0004883409710601,-0.0004883409710601,0.0073267872212455,0.0073270256398246,0.0073270256398246,2.3841857910156e-07,2.3841857910156e-07,false,0.0,0.0029305718373507,0.0029309294652194,0.0058616443537176
1757,0x000D75C0,MANUAL_AIM_CANDIDATE,0.005861525144428,-0.0004885793896392,-0.0078144129365683,-0.0078153666108847,-0.0078153666108847,-0.0073258335469291,-0.0073267872212455,-0.0073267872212455,9.5367431640625e-07,9.5367431640625e-07,false,0.0,0.0029297612141818,0.0029311917256564,0.005861525144428
1758,0x000E8DC0,MANUAL_AIM_CANDIDATE,0.005861525144428,-0.0004885793896392,-0.0078144129365683,-0.0078153666108847,-0.0078153666108847,-0.0073258335469291,-0.0073267872212455,-0.0073267872212455,9.5367431640625e-07,9.5367431640625e-07,false,0.0,0.0029297612141818,0.0029311917256564,0.005861525144428
1759,0x000D8570,MANUAL_AIM_CANDIDATE,0.00582631490106,-0.0078172739595175,-0.00012208191037644,-0.00048851972678676,-0.00048856443027034,0.007695192049141,0.0073287542327307,0.0073287095292471,0.00036643781641033,0.00036643781641033,false,0.0,0.003297943979851,0.0027482872552355,0.00582631490106
1760,0x000E92D0,MANUAL_AIM_CANDIDATE,0.0057782097515883,-0.0078172739595175,-0.00012207034160383,-7.62939453125e-06,-0.0004885793896392,0.0076952036179136,0.0078096445649862,0.0073286945698783,0.00011444094707258,0.00011444094707258,false,0.0,0.0030575118784327,0.0032291732990416,0.0057782097515883
1761,0x000D7AD0,MANUAL_AIM_CANDIDATE,0.005776683872682,-0.0078153666108847,-0.00012207034160383,-7.62939453125e-06,-0.0004885793896392,0.0076932962692808,0.0078077372163534,0.0073267872212455,0.00011444094707258,0.00011444094707258,false,0.0,0.0030567489389796,0.0032284103595885,0.005776683872682
1762,0x00105754,ARM_LEFT_CANDIDATE,0.0055332018528134,0.012009564787149,0.0,0.0,0.0072937593795359,-0.012009564787149,-0.012009564787149,-0.0047158054076135,0.0,0.0,false,0.0,0.0055332018528134,0.0055332018528134,0.0023138924501836
1763,0x000F8AB0,ARM_RIGHT_CANDIDATE,0.0053988395142369,-0.00051493477076292,0.0009542308980599,0.0057318434119225,-0.0016484931111336,0.0014691656688228,0.0062467781826854,-0.0011335583403707,0.0047776125138626,0.0047776125138626,false,0.0,-0.0017675792565569,0.0053988395142369,0.00036196395521983
1764,0x000F8AE4,ARM_RIGHT_CANDIDATE,0.0053988395142369,-0.00051493477076292,0.0009542308980599,0.0057318434119225,-0.0016484931111336,0.0014691656688228,0.0062467781826854,-0.0011335583403707,0.0047776125138626,0.0047776125138626,false,0.0,-0.0017675792565569,0.0053988395142369,0.00036196395521983
1765,0x000F9440,ARM_LEFT_CANDIDATE,0.0053105428814888,0.0,-0.0053105428814888,0.0,0.0,-0.0053105428814888,0.0,0.0,0.0053105428814888,0.0053105428814888,false,0.0,0.0053105428814888,-0.0026552714407444,-0.00053105428814888
1766,0x001052B0,ARM_RIGHT_CANDIDATE,0.0052301118150353,-0.00038155209040269,0.0010739996796474,0.0056983823888004,-0.0016020198818296,0.0014555517700501,0.0060799344792031,-0.0012204677914269,0.004624382709153,0.004624382709153,false,0.0,-0.0017064622486942,0.0052301118150353,0.00046691916650161
1767,0x001052E4,ARM_RIGHT_CANDIDATE,0.0052301118150353,-0.00038155209040269,0.0010739996796474,0.0056983823888004,-0.0016020198818296,0.0014555517700501,0.0060799344792031,-0.0012204677914269,0.004624382709153,0.004624382709153,false,0.0,-0.0017064622486942,0.0052301118150353,0.00046691916650161
1768,0x000D3E34,MANUAL_AIM_CANDIDATE,0.005188250541687,0.99308222532272,0.98971688747406,0.99034786224365,0.99888044595718,-0.0033653378486633,-0.002734363079071,0.0057982206344604,0.00063097476959229,0.00063097476959229,false,0.0,0.0014183342456818,0.00047187209129333,0.005188250541687
1769,0x000D3DF4,MANUAL_AIM_CANDIDATE,0.0051660656929016,0.99306350946426,0.98935234546661,0.99038577079773,0.99886846542358,-0.0037111639976501,-0.0026777386665344,0.0058049559593201,0.0010334253311157,0.0010334253311157,false,0.0,0.0017917990684509,0.00024166107177734,0.0051660656929016
1770,0x000D3474,ARM_RIGHT_CANDIDATE,0.0050460918224417,-0.00038537834188901,0.00086098880274221,0.005398565903306,-0.0015320668462664,0.0012463671446312,0.005783944245195,-0.0011466885043774,0.0045375771005638,0.0045375771005638,false,0.0,-0.001760273828404,0.0050460918224417,0.00044365736539476
1771,0x000D34C8,ARM_HORIZONTAL_CANDIDATE,0.0050381160108373,-0.0053233825601637,-0.0056470572017133,-0.0012562904739752,-0.0023713200353086,-0.00032367464154959,0.0040670920861885,0.0029520625248551,0.0043907667277381,0.0037434174446389,true,0.0050381160108373,-0.0020050776540302,0.0036100485129282,0.0025129858520813
1772,0x00079964,ARM_RIGHT_CANDIDATE,0.00497792288661,0.046740356832743,0.045239131897688,0.040914990007877,0.045772042125463,-0.0015012249350548,-0.0058253668248653,-0.00096831470727921,0.0043241418898106,0.0043241418898106,false,0.0,-0.0015082899481058,0.00497792288661,0.00023565553128719
1773,0x000D3A4C,ARM_LEFT_CANDIDATE,0.0048745214939117,0.99738466739655,0.99189460277557,0.9962369799614,0.9969676733017,-0.0054900646209717,-0.0011476874351501,-0.00041699409484863,0.0043423771858215,0.0043423771858215,false,0.0,0.0048745214939117,-0.0016390442848206,-0.00024678111076355
1774,0x00105C54,MANUAL_AIM_CANDIDATE,0.0048356107436121,0.0,0.0,0.0,-0.0048356107436121,0.0,0.0,-0.0048356107436121,0.0,0.0,false,0.0,-0.00048356107436121,-0.00048356107436121,0.0048356107436121
1775,0x00105604,ARM_LEFT_CANDIDATE,0.0048155087977648,-0.010923122987151,0.0,0.0,-0.0044625960290432,0.010923122987151,0.010923122987151,0.0064605269581079,0.0,0.0,false,0.0,0.0048155087977648,0.0048155087977648,0.0042759023606777
1776,0x000D34F0,ARM_LEFT_CANDIDATE,0.0046038714877795,-0.00063051655888557,-0.0094697894528508,-0.0090337023139,-0.00029243127210066,-0.0088392728939652,-0.0084031857550144,0.00033808528678492,0.00043608713895082,0.00043608713895082,false,0.0,0.0046038714877795,0.0039497407793533,-0.001386160578113
1777,0x000D3A8C,ARM_LEFT_CANDIDATE,0.0045545339584351,0.99738949537277,0.99221414327621,0.99622613191605,0.99699813127518,-0.0051753520965576,-0.0011633634567261,-0.00039136409759521,0.0040119886398315,0.0040119886398315,false,0.0,0.0045545339584351,-0.0014634490013123,-0.00024250745773315
1778,0x00105854,ARM_LEFT_CANDIDATE,0.0043875567615032,-0.0088486662134528,0.0,0.0,-0.0084809027612209,0.0088486662134528,0.0088486662134528,0.00036776345223188,0.0,0.0,false,0.0,0.0043875567615032,0.0043875567615032,-0.0014019697904587
1779,0x00105E84,MANUAL_AIM_CANDIDATE,0.0042437929660082,0.0,0.0,0.0,0.0042437929660082,0.0,0.0,0.0042437929660082,0.0,0.0,false,0.0,-0.00042437929660082,-0.00042437929660082,0.0042437929660082
1780,0x000D6F60,ARM_RIGHT_CANDIDATE,0.003895665849268,-1.9073486328125e-06,-0.0078153666108847,-0.0078163202852011,-0.00012208191037644,-0.0078134592622519,-0.0078144129365683,-0.00012017456174362,9.5367431640625e-07,9.5367431640625e-07,false,0.0,0.0038942353377934,0.003895665849268,-0.0014426126581384
1781,0x000E8760,ARM_RIGHT_CANDIDATE,0.003895665849268,-1.9073486328125e-06,-0.0078153666108847,-0.0078163202852011,-0.00012208191037644,-0.0078134592622519,-0.0078144129365683,-0.00012017456174362,9.5367431640625e-07,9.5367431640625e-07,false,0.0,0.0038942353377934,0.003895665849268,-0.0014426126581384
1782,0x000D6A28,ARM_LEFT_CANDIDATE,0.0038471191874123,-0.00012208191037644,-0.0078163202852011,-0.0078163202852011,-0.00012208191037644,-0.0076942383748246,-0.0076942383748246,0.0,0.0,0.0,false,0.0,0.0038471191874123,0.0038471191874123,-0.0015388476749649
1783,0x000E81D8,ARM_LEFT_CANDIDATE,0.003810469439486,-0.00012208191037644,-0.0078163202852011,-0.0078163202852011,-0.0004885793896392,-0.0076942383748246,-0.0076942383748246,-0.00036649747926276,0.0,0.0,false,0.0,0.003810469439486,0.003810469439486,-0.0011723501957022
1784,0x000D8248,ARM_RIGHT_CANDIDATE,0.0036667277454399,-0.0004885793896392,-0.007812513038516,-0.0078172739595175,-0.0004885793896392,-0.0073239336488768,-0.0073286945698783,0.0,4.7609210014343e-06,4.7609210014343e-06,false,0.0,0.0036595863639377,0.0036667277454399,-0.0014652628218755
1785,0x000E8200,ARM_LEFT_CANDIDATE,0.0036642519175075,-0.0078172739595175,-0.0004885793896392,-0.0004885793896392,-0.0078163202852011,0.0073286945698783,0.0073286945698783,9.5367431640625e-07,0.0,0.0,false,0.0,0.0036642519175075,0.0036642519175075,-0.0014647852396592
1786,0x00286F54,MANUAL_AIM_CANDIDATE,0.0032111423483002,-0.0036122454330325,-0.0033681225031614,-0.00012275879271328,-2.7742127713282e-05,0.00024412292987108,0.0034894866403192,0.0035845033053192,0.0032453637104481,0.0032453637104481,false,0.0,-0.0018590707208205,0.0030089748448518,0.0032111423483002
1787,0x00079974,ARM_RIGHT_CANDIDATE,0.0029541671276093,0.045951697975397,0.046884041279554,0.049642480909824,0.043247256428003,0.00093234330415726,0.0036907829344273,-0.0027044415473938,0.00275843963027,0.00275843963027,false,0.0,-0.0011834923177958,0.0029541671276093,0.0022421289235353
1788,0x00286F48,MANUAL_AIM_CANDIDATE,0.0029432180152071,-0.0036732815206051,-6.0253747506067e-05,-2.1543128241319e-05,-3.5868888517143e-06,0.003613027773099,0.0036517383923638,0.0036696946317534,3.8710619264748e-05,3.8710619264748e-05,false,0.0,0.0014201891137418,0.0014782550426389,0.0029432180152071
1789,0x00286F44,MANUAL_AIM_CANDIDATE,0.0029381528183876,-0.0036732815206051,-1.6298145055771e-05,-3.6410900065675e-05,-5.7433026086073e-06,0.0036569833755493,0.0036368706205394,0.0036675382179965,2.0112755009905e-05,2.0112755009905e-05,false,0.0,0.00147179424348,0.0014416251109651,0.0029381528183876
1790,0x00286F40,MANUAL_AIM_CANDIDATE,0.002936568689438,-0.0036732815206051,-4.3128438846907e-06,-6.1378435930237e-05,-8.6256550275721e-06,0.0036689686767204,0.0036119030846749,0.0036646558655775,5.7065592045547e-05,5.7065592045547e-05,false,0.0,0.0014965515478252,0.0014109531597569,0.002936568689438
1791,0x00286F50,MANUAL_AIM_CANDIDATE,0.0029361945131313,-0.0036122454330325,-0.0008877944201231,-7.0549049269175e-06,-4.3086765799671e-05,0.0027244510129094,0.0036051905281056,0.0035691586672328,0.00088073951519618,0.00088073951519618,false,0.0,0.00056493988213333,0.0018860491549276,0.0029361945131313
1792,0x00286F4C,MANUAL_AIM_CANDIDATE,0.0029014474333962,-0.0036732805892825,-0.00022957444889471,-1.24404032249e-05,-6.1378523241729e-05,0.0034437061403878,0.0036608401860576,0.0036119020660408,0.00021713404566981,0.00021713404566981,false,0.0,0.0012520958407549,0.0015777969092596,0.0029014474333962
1793,0x000D3634,ARM_RIGHT_CANDIDATE,0.0027929520467296,0.002526368945837,-0.0016079304041341,-0.0024423687718809,0.00144000898581,-0.0041342993499711,-0.0049687377177179,-0.001086359960027,0.00083443836774677,0.00083443836774677,false,0.0,0.0015412944951095,0.0027929520467296,0.00017605625325814
1794,0x000D3640,ARM_RIGHT_CANDIDATE,0.0027270361664705,-0.0024814857169986,0.0016190208261833,0.0023988420143723,-0.0014511027839035,0.0041005065431818,0.0048803277313709,0.0010303829330951,0.00077982118818909,0.00077982118818909,false,0.0,0.0015573043841869,0.0027270361664705,0.00013229950563982
1795,0x001052B8,MANUAL_AIM_CANDIDATE,0.0026620268821716,0.072020351886749,0.07162494212389,0.070407621562481,0.069157510995865,-0.00039540976285934,-0.0016127303242683,-0.0028628408908844,0.001217320561409,0.001217320561409,false,0.0,-0.00069723948836327,0.0011287413537502,0.0026620268821716
1796,0x00105304,MANUAL_AIM_CANDIDATE,0.0026620268821716,0.072020351886749,0.07162494212389,0.070407621562481,0.069157510995865,-0.00039540976285934,-0.0016127303242683,-0.0028628408908844,0.001217320561409,0.001217320561409,false,0.0,-0.00069723948836327,0.0011287413537502,0.0026620268821716
1797,0x000D3424,MANUAL_AIM_CANDIDATE,0.0026566587388515,-0.07202035933733,-0.071571193635464,-0.070407629013062,-0.069157510995865,0.00044916570186615,0.0016127303242683,0.002862848341465,0.0011635646224022,0.0011635646224022,false,0.0,-0.00064348429441452,0.0011018626391888,0.0026566587388515
1798,0x000F8AB8,MANUAL_AIM_CANDIDATE,0.0026400066912174,0.072067238390446,0.071571193635464,0.070408031344414,0.069211706519127,-0.00049604475498199,-0.001659207046032,-0.0028555318713188,0.00116316229105,0.00116316229105,false,0.0,-0.00061911195516586,0.0011256314814091,0.0026400066912174
1799,0x000F8B04,MANUAL_AIM_CANDIDATE,0.0026400066912174,0.072067238390446,0.071571193635464,0.070408031344414,0.069211706519127,-0.00049604475498199,-0.001659207046032,-0.0028555318713188,0.00116316229105,0.00116316229105,false,0.0,-0.00061911195516586,0.0011256314814091,0.0026400066912174
1800,0x00105C14,MANUAL_AIM_CANDIDATE,0.0026209317147732,0.0,0.0,0.0,-0.0026209317147732,0.0,0.0,-0.0026209317147732,0.0,0.0,false,0.0,-0.00026209317147732,-0.00026209317147732,0.0026209317147732
1801,0x000D346C,MANUAL_AIM_CANDIDATE,0.0026168559619691,-0.0022696200758219,-0.0016364145558327,-0.00061953876866028,0.00057556456886232,0.00063320551998913,0.0016500813071616,0.0028451846446842,0.0010168757871725,0.0010168757871725,false,0.0,-0.00047635359806009,0.0010489600826986,0.0026168559619691
1802,0x000F9744,ARM_LEFT_CANDIDATE,0.0026127411983907,0.0,0.0026127411983907,0.0,0.0,0.0026127411983907,0.0,0.0,0.0026127411983907,0.0026127411983907,false,0.0,0.0026127411983907,-0.0013063705991954,-0.00026127411983907
1803,0x00106194,MANUAL_AIM_CANDIDATE,0.0025922397617251,0.0,0.0,0.0,-0.0025922397617251,0.0,0.0,-0.0025922397617251,0.0,0.0,false,0.0,-0.00025922397617251,-0.00025922397617251,0.0025922397617251
1804,0x000D3700,ARM_LEFT_CANDIDATE,0.0024741109984461,0.00095787836471573,-0.0025483553763479,-0.00080150790745392,0.0024821744300425,-0.0035062337410636,-0.0017593862721696,0.0015242960653268,0.001746847468894,0.001746847468894,false,0.0,0.0024741109984461,-0.00014616020489484,0.00099773406400345
1805,0x000D36B4,ARM_HORIZONTAL_CANDIDATE,0.0024376476067118,-0.00068799470318481,-0.00097126187756658,0.00089985138038173,0.0010589369339868,-0.00028326717438176,0.0015878460835665,0.0017469316371717,0.0018711132579483,0.0013045789091848,true,0.0024376476067118,-0.00068534903111868,0.0012715193326585,0.0015598203113768
1806,0x003B3180,ARM_LEFT_CANDIDATE,0.0021970679517835,0.0,0.0021970679517835,0.0,0.0,0.0021970679517835,0.0,0.0,0.0021970679517835,0.0021970679517835,false,0.0,0.0021970679517835,-0.0010985339758918,-0.00021970679517835
1807,0x000F9454,ARM_LEFT_CANDIDATE,0.0021241568028927,0.0,0.0021241568028927,0.0,0.0,0.0021241568028927,0.0,0.0,0.0021241568028927,0.0021241568028927,false,0.0,0.0021241568028927,-0.0010620784014463,-0.00021241568028927
1808,0x000D36F4,ARM_LEFT_CANDIDATE,0.0020161410677247,-0.00087061349768192,0.0020492323674262,0.00071703630965203,-0.0019694124348462,0.0029198458651081,0.0015876498073339,-0.0010987989371642,0.0013321960577741,0.0013321960577741,false,0.0,0.0020161410677247,1.7846981063485e-05,0.00064804936992005
1809,0x000D3650,ARM_RIGHT_CANDIDATE,0.0020119208376855,-0.0013151033781469,-0.00053651072084904,0.0012727070134133,0.00055082887411118,0.00077859265729785,0.0025878103915602,0.0018659322522581,0.0018092177342623,0.0018092177342623,false,0.0,-0.00070190576370805,0.0020119208376855,0.0015292919473723
1810,0x001A0940,MANUAL_AIM_CANDIDATE,0.0019531683064997,0.0,0.0,0.0,-0.0019531683064997,0.0,0.0,-0.0019531683064997,0.0,0.0,false,0.0,-0.00019531683064997,-0.00019531683064997,0.0019531683064997
1811,0x001A0C24,MANUAL_AIM_CANDIDATE,0.0019531294237822,0.0,0.0,0.0,0.0019531294237822,0.0,0.0,0.0019531294237822,0.0,0.0,false,0.0,-0.00019531294237822,-0.00019531294237822,0.0019531294237822
1812,0x000D3638,ARM_RIGHT_CANDIDATE,0.0019042331725359,0.0012266740668565,0.00056888908147812,-0.0011870395392179,-0.00057920534163713,-0.00065778498537838,-0.0024137136060745,-0.0018058794084936,0.0017559286206961,0.0017559286206961,false,0.0,-0.00072965975850821,0.0019042331725359,0.0014987295493484
1813,0x000D3714,ARM_HORIZONTAL_CANDIDATE,0.0016180439852178,-0.0035219821147621,-0.0050400719046593,-0.0034886640496552,-0.0051270104013383,-0.0015180897898972,3.3318065106869e-05,-0.0016050282865763,0.0015514078550041,0.0014847717247903,true,0.0016180439852178,0.0013409279286861,-0.00088622965849936,0.0014498875010759
1814,0x000D345C,ARM_HORIZONTAL_CANDIDATE,0.0015690746790824,0.0,-0.001552420668304,5.5513369261462e-06,-1.0680760169635e-06,-0.001552420668304,5.5513369261462e-06,-1.0680760169635e-06,0.0015579720052301,0.0015468693313778,true,0.0015690746790824,0.0015495381922392,-0.00077076580482753,-0.00015472912450605
1815,0x000D3648,ARM_HORIZONTAL_CANDIDATE,0.0015634519513696,-0.0035457285121083,-0.0020017805509269,-0.0035522298421711,-0.0019589010626078,0.0015439479611814,-6.501330062747e-06,0.0015868274495006,0.0015504492912441,0.0015374466311187,true,0.0015634519513696,0.0013820145512,-0.00092415539547801,0.0014317825203761
1816,0x000D34D4,MANUAL_AIM_CANDIDATE,0.0015409046784043,0.00069725781213492,0.0032210859935731,0.0025165507104248,0.0026724745985121,0.0025238281814381,0.0018192928982899,0.0019752167863771,0.00070453528314829,0.00070453528314829,false,0.0,0.0014166600536555,0.00035985712893307,0.0015409046784043
1817,0x000D3654,ARM_HORIZONTAL_CANDIDATE,0.0015288547147065,0.0035138898529112,0.002010699827224,0.003522444749251,0.0019670706242323,-0.0015031900256872,8.5548963397741e-06,-0.0015468192286789,0.001511744922027,0.0014946351293474,true,0.0015288547147065,0.0013442306546494,-0.00089772203937173,0.0013956447364762
1818,0x00079954,MANUAL_AIM_CANDIDATE,0.0014850735664368,-0.82773989439011,-0.82798826694489,-0.82865834236145,-0.82934165000916,-0.00024837255477905,-0.00091844797134399,-0.0016017556190491,0.00067007541656494,0.00067007541656494,false,0.0,-0.00037102699279785,0.00063408613204956,0.0014850735664368
1819,0x000D3FD0,MANUAL_AIM_CANDIDATE,0.0014487424145045,0.0016115178586915,0.0011197619605809,0.00013217767991591,-3.4334163501626e-05,-0.00049175589811057,-0.0014793401787756,-0.0016458520221931,0.00098758428066503,0.00098758428066503,false,0.0,-0.00041249939349655,0.001068877027501,0.0014487424145045
1820,0x000D347C,ARM_RIGHT_CANDIDATE,0.0014007856865646,0.0014291913248599,0.00040503873606212,-0.00050297193229198,0.0012361785629764,-0.0010241525887977,-0.0019321632571518,-0.00019301276188344,0.00090801066835411,0.00090801066835411,false,0.0,3.8769684033468e-05,0.0014007856865646,-0.00010261882271152
1821,0x000D3708,ARM_HORIZONTAL_CANDIDATE,0.0013948478735983,0.0034992550499737,0.00480703311041,0.0034702317789197,0.0048993513919413,0.0013077780604362,-2.9023271054029e-05,0.0014000963419676,0.0013368013314903,0.0012787547893822,true,0.0013948478735983,0.0011532567907125,-0.00076487539336085,0.0012664162088186
1822,0x000D3A0C,ARM_LEFT_CANDIDATE,0.0013604521751404,0.99999815225601,0.99821174144745,0.99928104877472,0.99932408332825,-0.0017864108085632,-0.00071710348129272,-0.00067406892776489,0.0010693073272705,0.0010693073272705,false,0.0,0.0013604521751404,-0.00024350881576538,0.0004237174987793
1823,0x00099A48,ARM_RIGHT_CANDIDATE,0.001320746645797,-0.0019559862557799,-0.0019559862557799,-0.00048848998267204,-0.00048848998267204,0.0,0.0014674962731078,0.0014674962731078,0.0014674962731078,0.0014674962731078,false,0.0,-0.0008804977638647,0.001320746645797,0.001320746645797
1824,0x000E9348,MANUAL_AIM_CANDIDATE,0.0011735380569007,-0.0019555094186217,-0.00048851972678676,-0.0004885793896392,-0.0004885793896392,0.0014669896918349,0.0014669300289825,0.0014669300289825,5.9662852436304e-08,5.9662852436304e-08,false,0.0,0.00058683167444542,0.00058674218016677,0.0011735380569007
1825,0x00079944,MANUAL_AIM_CANDIDATE,0.0011602640151978,0.89980715513229,0.89961314201355,0.89906597137451,0.89855337142944,-0.0001940131187439,-0.00074118375778198,-0.0012537837028503,0.00054717063903809,0.00054717063903809,false,0.0,-0.00030195713043213,0.000518798828125,0.0011602640151978
1826,0x000D8F54,MANUAL_AIM_CANDIDATE,0.0011458330787718,-0.0014322913484648,0.0,0.0,0.0,0.0014322913484648,0.0014322913484648,0.0014322913484648,0.0,0.0,false,0.0,0.00057291653938591,0.00057291653938591,0.0011458330787718
1827,0x002871F4,ARM_HORIZONTAL_CANDIDATE,0.0010866507709579,-0.00039811292663217,-0.00062838406302035,-2.2755648387829e-06,-0.0010126382112503,-0.00023027113638818,0.00039583736179338,-0.00061452528461814,0.00062610849818157,0.0001655662254052,true,0.0010866507709579,-2.9100072970323e-05,0.00021924926513748,0.00055191443479998
1828,0x002871F0,ARM_HORIZONTAL_CANDIDATE,0.0010852798432097,-0.00039811292663217,-0.00062838406302035,-3.646492586995e-06,-0.0010126386769116,-0.00023027113638818,0.00039446643404517,-0.00061452575027943,0.00062473757043335,0.00016419529765699,true,0.0010852798432097,-2.8414655662345e-05,0.00021787829082314,0.00055205199323609
1829,0x000D36C0,ARM_HORIZONTAL_CANDIDATE,0.0010681646526791,6.6482141846791e-05,0.00028638500953093,-0.0003419739077799,-0.00036507489858195,0.00021990286768414,-0.00040845604962669,-0.00043155704042874,0.00062835891731083,0.00018855318194255,true,0.0010681646526791,-2.748086117208e-05,0.00025534891174175,0.00036872114869766
1830,0x002871EC,ARM_HORIZONTAL_CANDIDATE,0.0010674471686798,-0.00040574243757874,-0.00062838406302035,-6.2201452237787e-06,-2.4546470740461e-06,-0.00022264162544161,0.00039952229235496,0.00040328779050469,0.00062216391779657,0.00017688066691335,true,0.0010674471686798,-1.7448299786338e-05,0.00024787270058368,0.00034107139872503
1831,0x002871E8,ARM_HORIZONTAL_CANDIDATE,0.0010631342884153,-0.00040574243757874,-0.00062838406302035,-1.0533025488257e-05,-3.6464944059844e-06,-0.00022264162544161,0.00039520941209048,0.00040209594317275,0.00061785103753209,0.00017256778664887,true,0.0010631342884153,-1.5172674920905e-05,0.0002436790050524,0.00034031083941954
1832,0x002871D0,ARM_HORIZONTAL_CANDIDATE,0.00102071641777,-0.00040574243757874,-0.0006131250411272,-7.1738304541213e-06,-1.5550076568616e-06,-0.00020738260354847,0.00039856860712462,0.00040418742992188,0.00060595121067308,0.00019118600357615,true,0.00102071641777,-3.2320443006029e-05,0.0002544585623582,0.00034359230885457
1833,0x002871E4,ARM_HORIZONTAL_CANDIDATE,0.0010111162628164,-0.00040574243757874,-0.00061312527395785,-1.6774683899712e-05,-5.7433044275967e-06,-0.00020738283637911,0.00038896775367903,0.00039999913315114,0.00059635059005814,0.00018158491729992,true,0.0010111162628164,-2.7100953775516e-05,0.00024527642217436,0.00034036407414533
1834,0x00106214,MANUAL_AIM_CANDIDATE,0.00099842809140682,0.0,0.0,0.0,-0.00099842809140682,0.0,0.0,-0.00099842809140682,0.0,0.0,false,0.0,-9.9842809140682e-05,-9.9842809140682e-05,0.00099842809140682
1835,0x00106254,MANUAL_AIM_CANDIDATE,0.00099842809140682,0.0,0.0,0.0,-0.00099842809140682,0.0,0.0,-0.00099842809140682,0.0,0.0,false,0.0,-9.9842809140682e-05,-9.9842809140682e-05,0.00099842809140682
1836,0x001062D4,MANUAL_AIM_CANDIDATE,0.00099842809140682,0.0,0.0,0.0,-0.00099842809140682,0.0,0.0,-0.00099842809140682,0.0,0.0,false,0.0,-9.9842809140682e-05,-9.9842809140682e-05,0.00099842809140682
1837,0x002E2EF8,MANUAL_AIM_CANDIDATE,0.0009772548219189,0.0,0.0,0.0,0.0009772548219189,0.0,0.0,0.0009772548219189,0.0,0.0,false,0.0,-9.772548219189e-05,-9.772548219189e-05,0.0009772548219189
1838,0x000D36D4,MANUAL_AIM_CANDIDATE,0.00089650303125381,0.0075293076224625,0.0066068870946765,0.007488994859159,0.0065365312620997,-0.00092242052778602,-4.0312763303518e-05,-0.00099277636036277,0.0008821077644825,0.0008821077644825,false,0.0,0.00080298651009798,-0.00052017513662577,0.00089650303125381
1839,0x000D3DB4,ARM_LEFT_CANDIDATE,0.00089539885520935,0.99888354539871,0.99721503257751,0.99751031398773,0.99974852800369,-0.0016685128211975,-0.0013732314109802,0.00086498260498047,0.00029528141021729,0.00029528141021729,false,0.0,0.00089539885520935,0.00045247673988342,0.0005608081817627
1840,0x000D36C8,MANUAL_AIM_CANDIDATE,0.00085731404833496,-0.007560383528471,-0.0066717532463372,-0.0075351065024734,-0.0066116787493229,0.00088863028213382,2.5277025997639e-05,0.0009487047791481,0.00086335325613618,0.00086335325613618,false,0.0,0.00078112129122019,-0.00051390859298408,0.00085731404833496
1841,0x002E2F58,MANUAL_AIM_CANDIDATE,0.00068713340442628,0.0,0.0,0.0,-0.00068713340442628,0.0,0.0,-0.00068713340442628,0.0,0.0,false,0.0,-6.8713340442628e-05,-6.8713340442628e-05,0.00068713340442628
1842,0x000D4404,MANUAL_AIM_CANDIDATE,0.00062865242362022,0.0,0.00078581552952528,0.00078581552952528,0.00078581552952528,0.00078581552952528,0.00078581552952528,0.00078581552952528,0.0,0.0,false,0.0,0.00031432621181011,0.00031432621181011,0.00062865242362022
1843,0x000D4414,MANUAL_AIM_CANDIDATE,0.00062865242362022,0.0,0.00078581552952528,0.00078581552952528,0.00078581552952528,0.00078581552952528,0.00078581552952528,0.00078581552952528,0.0,0.0,false,0.0,0.00031432621181011,0.00031432621181011,0.00062865242362022
1844,0x001A0300,MANUAL_AIM_CANDIDATE,0.0005981448572129,0.0,-0.00074768107151613,-0.00074768107151613,-0.00074768107151613,-0.00074768107151613,-0.00074768107151613,-0.00074768107151613,0.0,0.0,false,0.0,0.00029907242860645,0.00029907242860645,0.0005981448572129
1845,0x000D3718,ARM_HORIZONTAL_CANDIDATE,0.00054879486560822,0.099907472729683,0.099366255104542,0.099909998476505,0.099352598190308,-0.00054121762514114,2.5257468223572e-06,-0.00055487453937531,0.0005437433719635,0.00053869187831879,true,0.00054879486560822,0.00048446729779243,-0.00032357051968575,0.00050050020217896
1846,0x003B320C,ARM_LEFT_CANDIDATE,0.00052527571097016,0.0,0.00052527571097016,0.0,0.0,0.00052527571097016,0.0,0.0,0.00052527571097016,0.00052527571097016,false,0.0,0.00052527571097016,-0.00026263785548508,-5.2527571097016e-05
1847,0x000D36F0,ARM_HORIZONTAL_CANDIDATE,0.0005117729306221,0.099964939057827,0.0994613468647,0.099967665970325,0.099453814327717,-0.00050359219312668,2.7269124984741e-06,-0.00051112473011017,0.00050631910562515,0.0005008652806282,true,0.0005117729306221,0.00045111626386642,-0.00030018165707588,0.00046049281954765
1848,0x000E9988,ARM_HORIZONTAL_CANDIDATE,0.00048118841368705,-0.00048846018034965,-7.62939453125e-06,-0.0004885793896392,-0.0004885793896392,0.0004808307858184,-1.1920928955078e-07,-1.1920928955078e-07,0.00048094999510795,0.00048071157652885,true,0.00048118841368705,0.00048075926024467,-0.0002403081045486,-4.7975790221244e-05
1849,0x000E93A8,ARM_HORIZONTAL_CANDIDATE,0.00048108393093571,-0.00048848998267204,-0.00048856443027034,-7.62939453125e-06,-7.62939453125e-06,-7.4447598308325e-08,0.00048086058814079,0.00048086058814079,0.00048093503573909,0.00048078614054248,true,0.00048108393093571,-0.00028844190528616,0.00043273730552755,0.00043276708456688
1850,0x000E7DC8,MANUAL_AIM_CANDIDATE,0.00048094999510795,-7.62939453125e-06,-7.62939453125e-06,-7.62939453125e-06,-0.0004885793896392,0.0,0.0,-0.00048094999510795,0.0,0.0,false,0.0,-4.8094999510795e-05,-4.8094999510795e-05,0.00048094999510795
1851,0x000E9A08,ARM_LEFT_CANDIDATE,0.00048094999510795,-0.0004885793896392,-7.62939453125e-06,-0.0004885793896392,-0.0004885793896392,0.00048094999510795,0.0,0.0,0.00048094999510795,0.00048094999510795,false,0.0,0.00048094999510795,-0.00024047499755397,-4.8094999510795e-05
1852,0x000E9B38,ARM_LEFT_CANDIDATE,0.00048093503573909,-7.62939453125e-06,-0.00048856443027034,-7.62939453125e-06,-7.62939453125e-06,-0.00048093503573909,0.0,0.0,0.00048093503573909,0.00048093503573909,false,0.0,0.00048093503573909,-0.00024046751786955,-4.8093503573909e-05
1853,0x000E9A78,ARM_LEFT_CANDIDATE,0.00048078614054248,-7.62939453125e-06,-0.00048841553507373,-7.62939453125e-06,-7.62939453125e-06,-0.00048078614054248,0.0,0.0,0.00048078614054248,0.00048078614054248,false,0.0,0.00048078614054248,-0.00024039307027124,-4.8078614054248e-05
1854,0x00098448,ARM_RIGHT_CANDIDATE,0.00043968121754006,0.0,0.0,-0.00048853468615562,-0.00048853468615562,0.0,-0.00048853468615562,-0.00048853468615562,0.00048853468615562,0.00048853468615562,false,0.0,-0.00029312081169337,0.00043968121754006,0.00043968121754006
1855,0x00098388,ARM_RIGHT_CANDIDATE,0.00043966775410809,0.0,0.0,-0.00048851972678676,-0.00048851972678676,0.0,-0.00048851972678676,-0.00048851972678676,0.00048851972678676,0.00048851972678676,false,0.0,-0.00029311183607206,0.00043966775410809,0.00043966775410809
1856,0x000945D8,ARM_RIGHT_CANDIDATE,0.00043964098440483,-0.00048848998267204,-0.00048848998267204,0.0,0.0,0.0,0.00048848998267204,0.00048848998267204,0.00048848998267204,0.00048848998267204,false,0.0,-0.00029309398960322,0.00043964098440483,0.00043964098440483
1857,0x00098998,ARM_RIGHT_CANDIDATE,0.00043964098440483,-0.00048848998267204,-0.00048848998267204,0.0,0.0,0.0,0.00048848998267204,0.00048848998267204,0.00048848998267204,0.00048848998267204,false,0.0,-0.00029309398960322,0.00043964098440483,0.00043964098440483
1858,0x00099568,ARM_RIGHT_CANDIDATE,0.00043964098440483,0.0,0.0,-0.00048848998267204,-0.00048848998267204,0.0,-0.00048848998267204,-0.00048848998267204,0.00048848998267204,0.00048848998267204,false,0.0,-0.00029309398960322,0.00043964098440483,0.00043964098440483
1859,0x000D7578,MANUAL_AIM_CANDIDATE,0.0004379988706205,-0.0004885793896392,-0.00048851972678676,-1.9073486328125e-06,-1.9073486328125e-06,5.9662852436304e-08,0.00048667204100639,0.00048667204100639,0.00048661237815395,0.00048661237815395,false,0.0,-0.0002919435617514,0.00043797500547953,0.0004379988706205
1860,0x000E8D78,MANUAL_AIM_CANDIDATE,0.0004379988706205,-0.0004885793896392,-0.00048851972678676,-1.9073486328125e-06,-1.9073486328125e-06,5.9662852436304e-08,0.00048667204100639,0.00048667204100639,0.00048661237815395,0.00048661237815395,false,0.0,-0.0002919435617514,0.00043797500547953,0.0004379988706205
1861,0x00095370,ARM_RIGHT_CANDIDATE,0.0004379243706353,-0.00048848998267204,-0.00048848998267204,-1.9073486328125e-06,-1.9073486328125e-06,0.0,0.00048658263403922,0.00048658263403922,0.00048658263403922,0.00048658263403922,false,0.0,-0.00029194958042353,0.0004379243706353,0.0004379243706353
1862,0x000D8338,ARM_LEFT_CANDIDATE,0.0004237087778165,-7.62939453125e-06,-0.00048856443027034,-0.00012208191037644,-7.62939453125e-06,-0.00048093503573909,-0.00011445251584519,0.0,0.00036648251989391,0.00036648251989391,false,0.0,0.0004237087778165,-0.00012601500202436,-5.9538755158428e-05
1863,0x000D8278,ARM_LEFT_CANDIDATE,0.00042355988261988,-7.62939453125e-06,-0.00048841553507373,-0.00012208191037644,-7.62939453125e-06,-0.00048078614054248,-0.00011445251584519,0.0,0.00036633362469729,0.00036633362469729,false,0.0,0.00042355988261988,-0.00012594055442605,-5.9523865638766e-05
1864,0x000D8DB0,MANUAL_AIM_CANDIDATE,0.00039085154421628,0.0,-0.00048856443027034,-0.00048856443027034,-0.00048856443027034,-0.00048856443027034,-0.00048856443027034,-0.00048856443027034,0.0,0.0,false,0.0,0.00019542577210814,0.00019542577210814,0.00039085154421628
1865,0x000D8F70,MANUAL_AIM_CANDIDATE,0.00039085154421628,0.0,-0.00048856443027034,-0.00048856443027034,-0.00048856443027034,-0.00048856443027034,-0.00048856443027034,-0.00048856443027034,0.0,0.0,false,0.0,0.00019542577210814,0.00019542577210814,0.00039085154421628
1866,0x000D8DB8,MANUAL_AIM_CANDIDATE,0.00039081578142941,0.0,-0.00048851972678676,-0.00048851972678676,-0.00048851972678676,-0.00048851972678676,-0.00048851972678676,-0.00048851972678676,0.0,0.0,false,0.0,0.0001954078907147,0.0001954078907147,0.00039081578142941
1867,0x000EA698,MANUAL_AIM_CANDIDATE,0.00039081578142941,0.0,-0.00048851972678676,-0.00048851972678676,-0.00048851972678676,-0.00048851972678676,-0.00048851972678676,-0.00048851972678676,0.0,0.0,false,0.0,0.0001954078907147,0.0001954078907147,0.00039081578142941
1868,0x000D8DA8,MANUAL_AIM_CANDIDATE,0.00039069661870599,0.0,-0.00048837077338248,-0.00048837077338248,-0.00048837077338248,-0.00048837077338248,-0.00048837077338248,-0.00048837077338248,0.0,0.0,false,0.0,0.00019534830935299,0.00019534830935299,0.00039069661870599
1869,0x000D8F68,MANUAL_AIM_CANDIDATE,0.00039069661870599,0.0,-0.00048837077338248,-0.00048837077338248,-0.00048837077338248,-0.00048837077338248,-0.00048837077338248,-0.00048837077338248,0.0,0.0,false,0.0,0.00019534830935299,0.00019534830935299,0.00039069661870599
1870,0x000EA688,MANUAL_AIM_CANDIDATE,0.00039069661870599,0.0,-0.00048837077338248,-0.00048837077338248,-0.00048837077338248,-0.00048837077338248,-0.00048837077338248,-0.00048837077338248,0.0,0.0,false,0.0,0.00019534830935299,0.00019534830935299,0.00039069661870599
1871,0x000EA6D0,MANUAL_AIM_CANDIDATE,0.00039069661870599,0.0,-0.00048837077338248,-0.00048837077338248,-0.00048837077338248,-0.00048837077338248,-0.00048837077338248,-0.00048837077338248,0.0,0.0,false,0.0,0.00019534830935299,0.00019534830935299,0.00039069661870599
1872,0x000D5DA0,MANUAL_AIM_CANDIDATE,0.00038933763280511,-1.9073486328125e-06,-0.0004885793896392,-0.0004885793896392,-0.0004885793896392,-0.00048667204100639,-0.00048667204100639,-0.00048667204100639,0.0,0.0,false,0.0,0.00019466881640255,0.00019466881640255,0.00038933763280511
1873,0x000E75A0,MANUAL_AIM_CANDIDATE,0.00038933763280511,-1.9073486328125e-06,-0.0004885793896392,-0.0004885793896392,-0.0004885793896392,-0.00048667204100639,-0.00048667204100639,-0.00048667204100639,0.0,0.0,false,0.0,0.00019466881640255,0.00019466881640255,0.00038933763280511
1874,0x000D5D50,MANUAL_AIM_CANDIDATE,0.00038475999608636,-7.62939453125e-06,-0.0004885793896392,-0.0004885793896392,-0.0004885793896392,-0.00048094999510795,-0.00048094999510795,-0.00048094999510795,0.0,0.0,false,0.0,0.00019237999804318,0.00019237999804318,0.00038475999608636
1875,0x000E7550,MANUAL_AIM_CANDIDATE,0.00038475999608636,-7.62939453125e-06,-0.0004885793896392,-0.0004885793896392,-0.0004885793896392,-0.00048094999510795,-0.00048094999510795,-0.00048094999510795,0.0,0.0,false,0.0,0.00019237999804318,0.00019237999804318,0.00038475999608636
1876,0x000D36B0,ARM_HORIZONTAL_CANDIDATE,0.00037916749715805,0.099661059677601,0.099467970430851,0.09972308576107,0.09944262355566,-0.00019308924674988,6.2026083469391e-05,-0.00021843612194061,0.00025511533021927,0.00013106316328049,true,0.00037916749715805,0.00014023259282112,-5.6362152099609e-05,0.00019292458891869
1877,0x000D8260,ARM_HORIZONTAL_CANDIDATE,0.00036653218558058,-0.00012208191037644,-0.00012207034160383,-0.0004885793896392,-0.00012208191037644,1.1568772606552e-08,-0.00036649747926276,0.0,0.00036650904803537,0.00036648591049016,true,0.00036653218558058,-0.00018323717085877,0.00036649169487646,-3.6650904803537e-05
1878,0x000E9AC8,ARM_LEFT_CANDIDATE,0.00036649747926276,-0.0004885793896392,-0.00012208191037644,-0.0004885793896392,-0.0004885793896392,0.00036649747926276,0.0,0.0,0.00036649747926276,0.00036649747926276,false,0.0,0.00036649747926276,-0.00018324873963138,-3.6649747926276e-05
1879,0x000E9BE0,ARM_LEFT_CANDIDATE,0.00036633362469729,-0.00012208191037644,-0.00048841553507373,-0.00012208191037644,-0.00012208191037644,-0.00036633362469729,0.0,0.0,0.00036633362469729,0.00036633362469729,false,0.0,0.00036633362469729,-0.00018316681234865,-3.6633362469729e-05
1880,0x002876DC,ARM_RIGHT_CANDIDATE,0.00036086079435336,-4.7896319301799e-06,-7.0546429924434e-06,-0.00036759569775313,-1.2917291314807e-05,-2.2650110622635e-06,-0.00036280606582295,-8.1276593846269e-06,0.00036054105476069,0.00036054105476069,false,0.0,-0.00017995078778767,0.00036086079435336,-2.8379448303895e-05
1881,0x002871CC,MANUAL_AIM_CANDIDATE,0.00034184679279861,-0.00040574243757874,-0.00018379738321528,-1.2678821804002e-05,-2.3947777663125e-06,0.00022194505436346,0.00039306361577474,0.00040334765981243,0.00017111856141128,0.00017111856141128,false,0.0,-1.4921519505151e-05,0.00024175632261176,0.00034184679279861
1882,0x002871C8,MANUAL_AIM_CANDIDATE,0.00032809000440466,-0.00040574243757874,-4.8809466534294e-05,-2.2019965399522e-05,-3.5868888517143e-06,0.00035693297104444,0.00038372247217922,0.00040215554872702,2.6789501134772e-05,2.6789501134772e-05,false,0.0,0.00012485618008213,0.00016504043178429,0.00032809000440466
1883,0x000D36D8,ARM_HORIZONTAL_CANDIDATE,0.00032498687505722,0.099376261234283,0.099248729646206,0.099442079663277,0.099228233098984,-0.00012753158807755,6.5818428993225e-05,-0.00014802813529968,0.00019335001707077,6.171315908432e-05,true,0.00032498687505722,7.9819560050964e-05,-1.2750178575516e-05,0.00012869313359261
1884,0x002871C4,MANUAL_AIM_CANDIDATE,0.0003238550030801,-0.00040574243757874,-1.2678981875069e-05,-3.7364574382082e-05,-5.7433026086073e-06,0.00039306345570367,0.00036837786319666,0.00039999913497013,2.4685592507012e-05,2.4685592507012e-05,false,0.0,0.00016887461060833,0.00013184622184781,0.0003238550030801
1885,0x002871C0,MANUAL_AIM_CANDIDATE,0.00032220306229647,-0.00040574243757874,-3.3485039239167e-06,-6.1383354477584e-05,-8.8640736066736e-06,0.00040239393365482,0.00034435908310115,0.00039687836397206,5.8034850553668e-05,5.8034850553668e-05,false,0.0,0.00019052655570704,0.00010347427987654,0.00032220306229647
1886,0x001054D0,ARM_LEFT_CANDIDATE,0.00029436639742926,-0.0005951949278824,0.0,0.0,-0.00062750559300184,0.0005951949278824,0.0005951949278824,-3.2310665119439e-05,0.0,0.0,false,0.0,0.00029436639742926,0.00029436639742926,-8.6728320457041e-05
1887,0x000D7B48,MANUAL_AIM_CANDIDATE,0.00029320394969545,-0.00012208191037644,-0.00048851972678676,-0.0004885793896392,-0.0004885793896392,-0.00036643781641033,-0.00036649747926276,-0.00036649747926276,5.9662852436304e-08,5.9662852436304e-08,false,0.0,0.00014653932885267,0.00014662882313132,0.00029320394969545
1888,0x000D5DF0,MANUAL_AIM_CANDIDATE,0.00029319798341021,-0.00012208191037644,-0.0004885793896392,-0.0004885793896392,-0.0004885793896392,-0.00036649747926276,-0.00036649747926276,-0.00036649747926276,0.0,0.0,false,0.0,0.0001465989917051,0.0001465989917051,0.00029319798341021
1889,0x000D5E40,MANUAL_AIM_CANDIDATE,0.00029319798341021,-0.00012208191037644,-0.0004885793896392,-0.0004885793896392,-0.0004885793896392,-0.00036649747926276,-0.00036649747926276,-0.00036649747926276,0.0,0.0,false,0.0,0.0001465989917051,0.0001465989917051,0.00029319798341021
1890,0x000D60C0,MANUAL_AIM_CANDIDATE,0.00029319798341021,-0.00012208191037644,-0.0004885793896392,-0.0004885793896392,-0.0004885793896392,-0.00036649747926276,-0.00036649747926276,-0.00036649747926276,0.0,0.0,false,0.0,0.0001465989917051,0.0001465989917051,0.00029319798341021
1891,0x000D6110,MANUAL_AIM_CANDIDATE,0.00029319798341021,-0.00012208191037644,-0.0004885793896392,-0.0004885793896392,-0.0004885793896392,-0.00036649747926276,-0.00036649747926276,-0.00036649747926276,0.0,0.0,false,0.0,0.0001465989917051,0.0001465989917051,0.00029319798341021
1892,0x000E75F0,MANUAL_AIM_CANDIDATE,0.00029319798341021,-0.00012208191037644,-0.0004885793896392,-0.0004885793896392,-0.0004885793896392,-0.00036649747926276,-0.00036649747926276,-0.00036649747926276,0.0,0.0,false,0.0,0.0001465989917051,0.0001465989917051,0.00029319798341021
1893,0x000E7640,MANUAL_AIM_CANDIDATE,0.00029319798341021,-0.00012208191037644,-0.0004885793896392,-0.0004885793896392,-0.0004885793896392,-0.00036649747926276,-0.00036649747926276,-0.00036649747926276,0.0,0.0,false,0.0,0.0001465989917051,0.0001465989917051,0.00029319798341021
1894,0x000E78C0,MANUAL_AIM_CANDIDATE,0.00029319798341021,-0.00012208191037644,-0.0004885793896392,-0.0004885793896392,-0.0004885793896392,-0.00036649747926276,-0.00036649747926276,-0.00036649747926276,0.0,0.0,false,0.0,0.0001465989917051,0.0001465989917051,0.00029319798341021
1895,0x000E7910,MANUAL_AIM_CANDIDATE,0.00029319798341021,-0.00012208191037644,-0.0004885793896392,-0.0004885793896392,-0.0004885793896392,-0.00036649747926276,-0.00036649747926276,-0.00036649747926276,0.0,0.0,false,0.0,0.0001465989917051,0.0001465989917051,0.00029319798341021
1896,0x00287440,ARM_HORIZONTAL_CANDIDATE,0.0002849581933333,-4.4994274503551e-05,-2.6332372726756e-06,-0.00020286935614422,-0.0001205426233355,4.2361037230876e-05,-0.00015787508164067,-7.5548348831944e-05,0.00020023611887154,0.00011551404440979,true,0.0002849581933333,-4.4131338472653e-05,0.00012913972814204,5.552473694479e-05
1897,0x002E34B8,MANUAL_AIM_CANDIDATE,0.0002763791999314,0.0,0.0,0.0,0.0002763791999314,0.0,0.0,0.0002763791999314,0.0,0.0,false,0.0,-2.763791999314e-05,-2.763791999314e-05,0.0002763791999314
1898,0x002876D8,ARM_RIGHT_CANDIDATE,0.00025404764110135,-4.7896319301799e-06,-7.0546429924434e-06,-0.00026078254450113,-1.2917291314807e-05,-2.2650110622635e-06,-0.00025599291257095,-8.1276593846269e-06,0.00025372790150868,0.00025372790150868,false,0.0,-0.00012654421116167,0.00025404764110135,-1.7698132978694e-05
1899,0x002F3D8C,ARM_RIGHT_CANDIDATE,0.00024294853210449,2.0003051757813,2.0003051757813,2.0000622272491,2.0003051757813,0.0,-0.00024294853210449,0.0,0.00024294853210449,0.00024294853210449,false,0.0,-0.00012147426605225,0.00024294853210449,-2.4294853210449e-05
1900,0x002F3DCC,ARM_RIGHT_CANDIDATE,0.00024294853210449,2.0003051757813,2.0003051757813,2.0000622272491,2.0003051757813,0.0,-0.00024294853210449,0.0,0.00024294853210449,0.00024294853210449,false,0.0,-0.00012147426605225,0.00024294853210449,-2.4294853210449e-05
1901,0x002876D4,ARM_RIGHT_CANDIDATE,0.00019283170859126,-4.7896319301799e-06,-7.0546429924434e-06,-0.00020286970539019,-4.5948225306347e-05,-2.2650110622635e-06,-0.00019808007346001,-4.1158593376167e-05,0.00019581506239774,0.00019581506239774,false,0.0,-0.00010089088500536,0.00019283170859126,2.112408492394e-05
1902,0x001052B4,MANUAL_AIM_CANDIDATE,0.00018866062164307,0.99740314483643,0.99743109941483,0.99750202894211,0.99760448932648,2.7954578399658e-05,9.8884105682373e-05,0.00020134449005127,7.0929527282715e-05,7.0929527282715e-05,false,0.0,-4.1621923446655e-05,6.4772367477417e-05,0.00018866062164307
1903,0x001052F4,MANUAL_AIM_CANDIDATE,0.00018866062164307,0.99740314483643,0.99743109941483,0.99750202894211,0.99760448932648,2.7954578399658e-05,9.8884105682373e-05,0.00020134449005127,7.0929527282715e-05,7.0929527282715e-05,false,0.0,-4.1621923446655e-05,6.4772367477417e-05,0.00018866062164307
1904,0x000D3430,MANUAL_AIM_CANDIDATE,0.00018831491470337,0.99740314483643,0.99743503332138,0.9975021481514,0.99760454893112,3.1888484954834e-05,9.9003314971924e-05,0.00020140409469604,6.711483001709e-05,6.711483001709e-05,false,0.0,-3.7753582000732e-05,6.2918663024902e-05,0.00018831491470337
1905,0x000F8AB4,MANUAL_AIM_CANDIDATE,0.00018717050552368,0.99739968776703,0.99743503332138,0.99750190973282,0.99760061502457,3.5345554351807e-05,0.00010222196578979,0.00020092725753784,6.6876411437988e-05,6.6876411437988e-05,false,0.0,-3.5858154296875e-05,6.4456462860107e-05,0.00018717050552368
1906,0x000F8AF4,MANUAL_AIM_CANDIDATE,0.00018717050552368,0.99739968776703,0.99743503332138,0.99750190973282,0.99760061502457,3.5345554351807e-05,0.00010222196578979,0.00020092725753784,6.6876411437988e-05,6.6876411437988e-05,false,0.0,-3.5858154296875e-05,6.4456462860107e-05,0.00018717050552368
1907,0x000D83E0,ARM_RIGHT_CANDIDATE,0.00018333066691412,-0.00012208191037644,-0.00048841553507373,-0.0004885793896392,-0.00012208191037644,-0.00036633362469729,-0.00036649747926276,0.0,1.6385456547141e-07,1.6385456547141e-07,false,0.0,0.00018308488506591,0.00018333066691412,-7.3283110396005e-05
1908,0x00287450,ARM_RIGHT_CANDIDATE,0.00016346195384358,-4.4994274503551e-05,-6.3286192016676e-05,-0.00022194313351065,-1.5848104339966e-06,-1.8291917513125e-05,-0.0001769488590071,4.3409464069555e-05,0.00015865694149397,0.00015865694149397,false,0.0,-7.452345839738e-05,0.00016346195384358,2.3885386417533e-05
1909,0x002876D0,ARM_RIGHT_CANDIDATE,0.00014191336249496,-4.7896319301799e-06,-7.0546429924434e-06,-0.00014946318697184,-2.1066502085887e-05,-2.2650110622635e-06,-0.00014467355504166,-1.6276870155707e-05,0.0001424085439794,0.0001424085439794,false,0.0,-7.1699453474139e-05,0.00014191336249496,1.5830135453143e-06
1910,0x003B35DC,ARM_LEFT_CANDIDATE,0.00013959407806396,0.59707903862,0.59721863269806,0.59707903862,0.59707903862,0.00013959407806396,0.0,0.0,0.00013959407806396,0.00013959407806396,false,0.0,0.00013959407806396,-6.9797039031982e-05,-1.3959407806396e-05
1911,0x00096288,ARM_RIGHT_CANDIDATE,0.00012403203727445,0.00010729579662438,0.00010729579662438,-3.0517578125e-05,-3.0517578125e-05,0.0,-0.00013781337474938,-0.00013781337474938,0.00013781337474938,0.00013781337474938,false,0.0,-8.2688024849631e-05,0.00012403203727445,0.00012403203727445
1912,0x000D6420,ARM_LEFT_CANDIDATE,0.00012017456174362,-1.9073486328125e-06,-0.00012208191037644,-1.9073486328125e-06,-1.9073486328125e-06,-0.00012017456174362,0.0,0.0,0.00012017456174362,0.00012017456174362,false,0.0,0.00012017456174362,-6.0087280871812e-05,-1.2017456174362e-05
1913,0x000E7C20,ARM_LEFT_CANDIDATE,0.00012017456174362,-1.9073486328125e-06,-0.00012208191037644,-1.9073486328125e-06,-1.9073486328125e-06,-0.00012017456174362,0.0,0.0,0.00012017456174362,0.00012017456174362,false,0.0,0.00012017456174362,-6.0087280871812e-05,-1.2017456174362e-05
1914,0x000E9BB8,ARM_LEFT_CANDIDATE,0.00011445251584519,-7.62939453125e-06,-0.00012208191037644,-7.62939453125e-06,-7.62939453125e-06,-0.00011445251584519,0.0,0.0,0.00011445251584519,0.00011445251584519,false,0.0,0.00011445251584519,-5.7226257922594e-05,-1.1445251584519e-05
1915,0x000E9BF8,ARM_LEFT_CANDIDATE,0.00011445251584519,-7.62939453125e-06,-0.00012208191037644,-7.62939453125e-06,-7.62939453125e-06,-0.00011445251584519,0.0,0.0,0.00011445251584519,0.00011445251584519,false,0.0,0.00011445251584519,-5.7226257922594e-05,-1.1445251584519e-05
1916,0x000E9B78,ARM_LEFT_CANDIDATE,0.00011444094707258,-7.62939453125e-06,-0.00012207034160383,-7.62939453125e-06,-7.62939453125e-06,-0.00011444094707258,0.0,0.0,0.00011444094707258,0.00011444094707258,false,0.0,0.00011444094707258,-5.722047353629e-05,-1.1444094707258e-05
1917,0x000D8EE0,MANUAL_AIM_CANDIDATE,0.00011049131862819,-0.00035040557850152,-0.00048851972678676,-0.00048851972678676,-0.00048851972678676,-0.00013811414828524,-0.00013811414828524,-0.00013811414828524,0.0,0.0,false,0.0,5.5245659314096e-05,5.5245659314096e-05,0.00011049131862819
1918,0x00091C48,ARM_RIGHT_CANDIDATE,0.00010987371933879,-0.00012208191037644,-0.00012208191037644,0.0,0.0,0.0,0.00012208191037644,0.00012208191037644,0.00012208191037644,0.00012208191037644,false,0.0,-7.3249146225862e-05,0.00010987371933879,0.00010987371933879
1919,0x003B35D4,ARM_LEFT_CANDIDATE,0.00010395050048828,0.80218249559402,0.80207854509354,0.80218249559402,0.80218249559402,-0.00010395050048828,0.0,0.0,0.00010395050048828,0.00010395050048828,false,0.0,0.00010395050048828,-5.1975250244141e-05,-1.0395050048828e-05
1920,0x002876CC,ARM_RIGHT_CANDIDATE,0.00010230471471004,-4.7896319301799e-06,-7.0546429924434e-06,-0.00010906346142292,-1.3155724445824e-05,-2.2650110622635e-06,-0.00010427382949274,-8.3660925156437e-06,0.00010200881843048,0.00010200881843048,false,0.0,-5.0708512935671e-05,0.00010230471471004,-2.2877915398567e-06
1921,0x002F3D4C,MANUAL_AIM_CANDIDATE,9.765625e-05,2.0004272460938,2.0003051757813,2.0003051757813,2.0003051757813,-0.0001220703125,-0.0001220703125,-0.0001220703125,0.0,0.0,false,0.0,4.8828125e-05,4.8828125e-05,9.765625e-05
1922,0x000D6498,MANUAL_AIM_CANDIDATE,9.61396493949e-05,-1.9073486328125e-06,-0.00012208191037644,-0.00012208191037644,-0.00012208191037644,-0.00012017456174362,-0.00012017456174362,-0.00012017456174362,0.0,0.0,false,0.0,4.806982469745e-05,4.806982469745e-05,9.61396493949e-05
1923,0x000D72B8,MANUAL_AIM_CANDIDATE,9.61396493949e-05,-0.00012208191037644,-1.9073486328125e-06,-1.9073486328125e-06,-1.9073486328125e-06,0.00012017456174362,0.00012017456174362,0.00012017456174362,0.0,0.0,false,0.0,4.806982469745e-05,4.806982469745e-05,9.61396493949e-05
1924,0x000E7C98,MANUAL_AIM_CANDIDATE,9.61396493949e-05,-1.9073486328125e-06,-0.00012208191037644,-0.00012208191037644,-0.00012208191037644,-0.00012017456174362,-0.00012017456174362,-0.00012017456174362,0.0,0.0,false,0.0,4.806982469745e-05,4.806982469745e-05,9.61396493949e-05
1925,0x000E8AB8,MANUAL_AIM_CANDIDATE,9.61396493949e-05,-0.00012208191037644,-1.9073486328125e-06,-1.9073486328125e-06,-1.9073486328125e-06,0.00012017456174362,0.00012017456174362,0.00012017456174362,0.0,0.0,false,0.0,4.806982469745e-05,4.806982469745e-05,9.61396493949e-05
1926,0x00234704,ARM_LEFT_CANDIDATE,9.613037109375e-05,254.73832702637,254.73822021484,254.73832702637,254.73843383789,-0.0001068115234375,0.0,0.0001068115234375,0.0001068115234375,0.0001068115234375,false,0.0,9.613037109375e-05,-6.40869140625e-05,9.613037109375e-05
1927,0x000D3704,ARM_HORIZONTAL_CANDIDATE,8.9451670646667e-05,0.099934175610542,0.099851876497269,0.099936559796333,0.099849052727222,-8.2299113273621e-05,2.3841857910156e-06,-8.5122883319855e-05,8.4683299064636e-05,7.9914927482605e-05,true,8.9451670646667e-05,7.2594732046127e-05,-4.727765917778e-05,7.6654553413391e-05
1928,0x000D8F04,MANUAL_AIM_CANDIDATE,6.9698278093711e-05,-8.7122847617138e-05,0.0,0.0,0.0,8.7122847617138e-05,8.7122847617138e-05,8.7122847617138e-05,0.0,0.0,false,0.0,3.4849139046855e-05,3.4849139046855e-05,6.9698278093711e-05
1929,0x000D36C4,MANUAL_AIM_CANDIDATE,6.0306489467621e-05,0.099713772535324,0.099776782095432,0.099715121090412,0.099780514836311,6.3009560108185e-05,1.3485550880432e-06,6.6742300987244e-05,6.1661005020142e-05,6.1661005020142e-05,false,0.0,5.5661052465439e-05,-3.6830455064774e-05,6.0306489467621e-05
1930,0x000D3644,MANUAL_AIM_CANDIDATE,5.7732313871384e-05,0.09990631043911,0.099966838955879,0.099908091127872,0.099970273673534,6.0528516769409e-05,1.7806887626648e-06,6.3963234424591e-05,5.8747828006744e-05,5.8747828006744e-05,false,0.0,5.3241848945618e-05,-3.4879893064499e-05,5.7732313871384e-05
1931,0x000D8378,ARM_RIGHT_CANDIDATE,5.7232042308897e-05,-7.62939453125e-06,-0.00012207034160383,-0.00012208191037644,-7.62939453125e-06,-0.00011444094707258,-0.00011445251584519,0.0,1.1568772606552e-08,1.1568772606552e-08,false,0.0,5.7214689149987e-05,5.7232042308897e-05,-2.2889346291777e-05
1932,0x000D83B8,ARM_LEFT_CANDIDATE,5.7226257922594e-05,-7.62939453125e-06,-0.00012208191037644,-0.00012208191037644,-7.62939453125e-06,-0.00011445251584519,-0.00011445251584519,0.0,0.0,0.0,false,0.0,5.7226257922594e-05,5.7226257922594e-05,-2.2890503169037e-05
1933,0x000D83F8,ARM_LEFT_CANDIDATE,5.7226257922594e-05,-7.62939453125e-06,-0.00012208191037644,-0.00012208191037644,-7.62939453125e-06,-0.00011445251584519,-0.00011445251584519,0.0,0.0,0.0,false,0.0,5.7226257922594e-05,5.7226257922594e-05,-2.2890503169037e-05
1934,0x003B35E8,ARM_RIGHT_CANDIDATE,5.4931640625e-05,-1000.0,-1000.0,-999.99993896484,-999.99993896484,0.0,6.103515625e-05,6.103515625e-05,6.103515625e-05,6.103515625e-05,false,0.0,-3.662109375e-05,5.4931640625e-05,5.4931640625e-05
1935,0x000D3658,MANUAL_AIM_CANDIDATE,4.4639408588409e-05,0.099929593503475,0.09997833520174,0.099929846823215,0.099979132413864,4.8741698265076e-05,2.5331974029541e-07,4.9538910388947e-05,4.848837852478e-05,4.848837852478e-05,false,0.0,4.3661147356033e-05,-2.9071420431137e-05,4.4639408588409e-05
1936,0x002E2DC0,MANUAL_AIM_CANDIDATE,4.2062911234098e-05,0.0,0.0,0.0,4.2062911234098e-05,0.0,0.0,4.2062911234098e-05,0.0,0.0,false,0.0,-4.2062911234098e-06,-4.2062911234098e-06,4.2062911234098e-05
1937,0x001A0B88,MANUAL_AIM_CANDIDATE,3.051843305002e-05,0.0,0.0,0.0,-3.051843305002e-05,0.0,0.0,-3.051843305002e-05,0.0,0.0,false,0.0,-3.051843305002e-06,-3.051843305002e-06,3.051843305002e-05
1938,0x001A0B8C,MANUAL_AIM_CANDIDATE,3.051843305002e-05,0.0,0.0,0.0,-3.051843305002e-05,0.0,0.0,-3.051843305002e-05,0.0,0.0,false,0.0,-3.051843305002e-06,-3.051843305002e-06,3.051843305002e-05
1939,0x001A0BB4,MANUAL_AIM_CANDIDATE,3.051843305002e-05,0.0,0.0,0.0,-3.051843305002e-05,0.0,0.0,-3.051843305002e-05,0.0,0.0,false,0.0,-3.051843305002e-06,-3.051843305002e-06,3.051843305002e-05
1940,0x003B46BC,MANUAL_AIM_CANDIDATE,3.0517578125e-05,0.99996948242188,0.99996948242188,0.99996948242188,1.0,0.0,0.0,3.0517578125e-05,0.0,0.0,false,0.0,-3.0517578125e-06,-3.0517578125e-06,3.0517578125e-05
1941,0x0006D218,ARM_LEFT_CANDIDATE,2.74658203125e-05,21.9987449646,21.998714447021,21.9987449646,21.998775482178,-3.0517578125e-05,0.0,3.0517578125e-05,3.0517578125e-05,3.0517578125e-05,false,0.0,2.74658203125e-05,-1.8310546875e-05,2.74658203125e-05
1942,0x00090508,ARM_RIGHT_CANDIDATE,2.74658203125e-05,-3.0517578125e-05,-3.0517578125e-05,0.0,0.0,0.0,3.0517578125e-05,3.0517578125e-05,3.0517578125e-05,3.0517578125e-05,false,0.0,-1.8310546875e-05,2.74658203125e-05,2.74658203125e-05
1943,0x00096ED8,ARM_RIGHT_CANDIDATE,2.74658203125e-05,-3.0517578125e-05,-3.0517578125e-05,0.0,0.0,0.0,3.0517578125e-05,3.0517578125e-05,3.0517578125e-05,3.0517578125e-05,false,0.0,-1.8310546875e-05,2.74658203125e-05,2.74658203125e-05
1944,0x001E8D90,ARM_LEFT_CANDIDATE,2.74658203125e-05,21.9987449646,21.998714447021,21.9987449646,21.998775482178,-3.0517578125e-05,0.0,3.0517578125e-05,3.0517578125e-05,3.0517578125e-05,false,0.0,2.74658203125e-05,-1.8310546875e-05,2.74658203125e-05
1945,0x000D3630,MANUAL_AIM_CANDIDATE,2.4649500846863e-05,0.099960558116436,0.09998545050621,0.099963128566742,0.099987953901291,2.4892389774323e-05,2.5704503059387e-06,2.7395784854889e-05,2.2321939468384e-05,2.2321939468384e-05,false,0.0,2.0867586135864e-05,-1.2615323066711e-05,2.4649500846863e-05
1946,0x000D4A78,MANUAL_AIM_CANDIDATE,2.44140625e-05,0.0,-3.0517578125e-05,-3.0517578125e-05,-3.0517578125e-05,-3.0517578125e-05,-3.0517578125e-05,-3.0517578125e-05,0.0,0.0,false,0.0,1.220703125e-05,1.220703125e-05,2.44140625e-05
1947,0x000D8EF8,MANUAL_AIM_CANDIDATE,2.44140625e-05,0.0,-3.0517578125e-05,-3.0517578125e-05,-3.0517578125e-05,-3.0517578125e-05,-3.0517578125e-05,-3.0517578125e-05,0.0,0.0,false,0.0,1.220703125e-05,1.220703125e-05,2.44140625e-05
1948,0x001A02D8,MANUAL_AIM_CANDIDATE,2.44140625e-05,0.0,3.0517578125e-05,3.0517578125e-05,3.0517578125e-05,3.0517578125e-05,3.0517578125e-05,3.0517578125e-05,0.0,0.0,false,0.0,1.220703125e-05,1.220703125e-05,2.44140625e-05
1949,0x0020C488,ARM_RIGHT_CANDIDATE,2.0599365234375e-05,108.30001068115,108.30001068115,108.29998779297,108.29998779297,0.0,-2.288818359375e-05,-2.288818359375e-05,2.288818359375e-05,2.288818359375e-05,false,0.0,-1.373291015625e-05,2.0599365234375e-05,2.0599365234375e-05
1950,0x0020C2D8,MANUAL_AIM_CANDIDATE,1.8310546875e-05,108.30001068115,108.29998779297,108.29998779297,108.29998779297,-2.288818359375e-05,-2.288818359375e-05,-2.288818359375e-05,0.0,0.0,false,0.0,9.1552734375e-06,9.1552734375e-06,1.8310546875e-05
1951,0x0020D570,MANUAL_AIM_CANDIDATE,1.8310546875e-05,108.30001068115,108.29998779297,108.29998779297,108.29998779297,-2.288818359375e-05,-2.288818359375e-05,-2.288818359375e-05,0.0,0.0,false,0.0,9.1552734375e-06,9.1552734375e-06,1.8310546875e-05
1952,0x0020EEC0,MANUAL_AIM_CANDIDATE,1.8310546875e-05,108.30001068115,108.29998779297,108.29998779297,108.29998779297,-2.288818359375e-05,-2.288818359375e-05,-2.288818359375e-05,0.0,0.0,false,0.0,9.1552734375e-06,9.1552734375e-06,1.8310546875e-05
1953,0x00234708,ARM_LEFT_CANDIDATE,1.52587890625e-05,-106.85096740723,-106.85095214844,-106.85096740723,-106.85096740723,1.52587890625e-05,0.0,0.0,1.52587890625e-05,1.52587890625e-05,false,0.0,1.52587890625e-05,-7.62939453125e-06,-1.52587890625e-06
1954,0x002E346C,MANUAL_AIM_CANDIDATE,1.4028340956429e-05,0.0,0.0,0.0,-1.4028340956429e-05,0.0,0.0,-1.4028340956429e-05,0.0,0.0,false,0.0,-1.4028340956429e-06,-1.4028340956429e-06,1.4028340956429e-05
1955,0x000D7058,MANUAL_AIM_CANDIDATE,7.62939453125e-06,-0.0078258570283651,-0.0078172739595175,-0.0078153666108847,-0.0078163202852011,8.5830688476563e-06,1.0490417480469e-05,9.5367431640625e-06,1.9073486328125e-06,1.9073486328125e-06,false,0.0,2.3841857910156e-06,5.2452087402344e-06,7.62939453125e-06
1956,0x000E8858,MANUAL_AIM_CANDIDATE,7.62939453125e-06,-0.0078258570283651,-0.0078172739595175,-0.0078153666108847,-0.0078163202852011,8.5830688476563e-06,1.0490417480469e-05,9.5367431640625e-06,1.9073486328125e-06,1.9073486328125e-06,false,0.0,2.3841857910156e-06,5.2452087402344e-06,7.62939453125e-06
