rank,address_hex,kind,score,base,move_x,move_z,rotate,delta_x,delta_z,delta_rotate
1,0x00285CA8,Z_CANDIDATE,723957.69923277,-0.04119585454464,-0.0028798012062907,-724110.5,-152.76245117188,0.038316053338349,724110.45880415,152.72125531733
2,0x0005D77C,X_CANDIDATE,703911.62158203,-7481.1909179688,711319.9375,255.0,-327.875,718801.12841797,7736.1909179688,7153.3159179688
3,0x00285CAC,Z_CANDIDATE,337274.2130809,-0.025480575859547,-0.0016840305179358,-337475.0,-200.76312255859,0.023796545341611,337474.97451942,200.73764198273
4,0x003B3158,Z_CANDIDATE,229347.5,229442.40625,229462.5625,67.0,229450.15625,20.15625,229375.40625,7.75
5,0x0005D774,X_CANDIDATE,114843.21057129,65364.33203125,309667.71875,4.0,1264.4879150391,244303.38671875,65360.33203125,64099.844116211
6,0x0005E674,Z_CANDIDATE,32664.435546875,32768.0,32768.0,103.564453125,32768.0,0.0,32664.435546875,0.0
7,0x002861C0,ROTATION_CANDIDATE,32354.689848694,-0.0026966938748956,-0.00014946208102629,-0.79979157447815,-32355.4921875,0.0025472317938693,0.79709488060325,32355.489490806
8,0x001052D0,ROTATION_CANDIDATE,24151.82421875,16667.875,16666.91796875,16682.224609375,-7499.255859375,0.95703125,14.349609375,24167.130859375
9,0x000F8AD0,ROTATION_CANDIDATE,24147.982421875,16665.9296875,16668.900390625,16680.220703125,-7499.314453125,2.970703125,14.291015625,24165.244140625
10,0x000D2FA4,ROTATION_CANDIDATE,22839.348632813,-16310.525390625,-16405.03125,-16332.0,6644.8037109375,94.505859375,21.474609375,22955.329101563
11,0x0007997C,ROTATION_CANDIDATE,21493.359375,291.7314453125,243.7412109375,377.892578125,21919.2421875,47.990234375,86.1611328125,21627.510742188
12,0x002E1588,X_CANDIDATE,20537.761098623,-1.3841454982758,20536.376953125,-1.3841454982758,-1.3841454982758,20537.761098623,0.0,0.0
13,0x003B3290,Z_CANDIDATE,20520.817626953,-1636.1867675781,-1641.7353515625,18892.314453125,-1638.3217773438,5.548583984375,20528.501220703,2.135009765625
14,0x003B2F84,ROTATION_CANDIDATE,20182.306674084,0.0,0.0,0.0019196663051844,20182.30859375,0.0,0.0019196663051844,20182.30859375
15,0x003B2CAC,Z_CANDIDATE,20074.73046875,255.0,255.0,20329.73046875,255.0,0.0,20074.73046875,0.0
16,0x003B31D8,ROTATION_CANDIDATE,20000.664039612,-9.0621099472046,-9.2554922103882,0.0,20000.857421875,0.19338226318359,9.0621099472046,20009.919531822
17,0x003B31CC,ROTATION_CANDIDATE,19730.361901343,-0.26698797941208,0.39454817771912,0.0,19731.0234375,0.6615361571312,0.26698797941208,19731.290425479
18,0x003B2CB8,Z_CANDIDATE,19627.955810547,196.05068969727,195.59492492676,19824.626953125,195.88600158691,0.45576477050781,19628.576263428,0.16468811035156
19,0x003B3338,Z_CANDIDATE,17958.234199643,27473.087890625,29517.236328125,-1.5252152681351,20000.857421875,2044.1484375,27474.613105893,7472.23046875
20,0x003B317C,Z_CANDIDATE,17869.99597168,1022.3184814453,1022.3184814453,18892.314453125,1022.3184814453,0.0,17869.99597168,0.0
21,0x003B31D4,ROTATION_CANDIDATE,17188.646332741,-9.0681533813477,-9.261664390564,0.0,17188.83984375,0.19351100921631,9.0681533813477,17197.907997131
22,0x003B2F8C,ROTATION_CANDIDATE,17028.438110352,0.0,0.0,191.02673339844,17219.46484375,0.0,191.02673339844,17219.46484375
23,0x003B31C8,ROTATION_CANDIDATE,16744.628967285,-128.07434082031,-128.06658935547,0.0,16744.63671875,0.00775146484375,128.07434082031,16872.71105957
24,0x003B2CB4,Z_CANDIDATE,16726.281570435,204.17657470703,202.78900146484,16932.12109375,203.90119934082,1.3875732421875,16727.944519043,0.27537536621094
25,0x003B31D0,ROTATION_CANDIDATE,16715.220977783,221.84509277344,221.82070922852,0.0,17158.935546875,0.024383544921875,221.84509277344,16937.090454102
26,0x003B2CB0,Z_CANDIDATE,16669.375366211,215.37063598633,215.06845092773,16885.6015625,215.92401123047,0.30218505859375,16670.230926514,0.55337524414063
27,0x003B32E4,Z_CANDIDATE,15887.89453125,18575.546875,18598.185546875,2246.0,18156.533203125,22.638671875,16329.546875,419.013671875
28,0x0007996C,ROTATION_CANDIDATE,15228.850585938,25819.81640625,25767.41015625,25924.88671875,10433.489257813,52.40625,105.0703125,15386.327148438
29,0x0005D78C,Z_CANDIDATE,14831.08984375,16961.994140625,17886.896484375,230.0,17937.99609375,924.90234375,16731.994140625,976.001953125
30,0x003B2FAC,ROTATION_CANDIDATE,13130.893066406,319.75,0.0,-2492.4545898438,16582.59765625,319.75,2812.2045898438,16262.84765625
31,0x003B30B0,Z_CANDIDATE,9597.341796875,9746.8857421875,9847.9814453125,0.0,9795.333984375,101.095703125,9746.8857421875,48.4482421875
32,0x003B30A4,Z_CANDIDATE,9597.337890625,-9746.884765625,-9847.984375,0.0,-9795.33203125,101.099609375,9746.884765625,48.447265625
33,0x003B30A8,Z_CANDIDATE,9597.3369140625,9746.884765625,9847.9814453125,0.0,9795.3359375,101.0966796875,9746.884765625,48.451171875
34,0x003B31EC,ROTATION_CANDIDATE,8910.21875,19839.009765625,19859.140625,1.0,-8929.349609375,20.130859375,19838.009765625,28768.359375
35,0x003B34E8,ROTATION_CANDIDATE,8757.8542480469,118.90209960938,-1745.810546875,0.0,10860.37109375,1864.7126464844,118.90209960938,10741.468994141
36,0x00286424,Z_CANDIDATE,6684.2550321836,-0.098017513751984,-0.0055155176669359,-6808.728515625,-124.38098144531,0.092501996085048,6808.6304981112,124.28296393156
37,0x00286428,Z_CANDIDATE,6511.9210954998,-0.046078741550446,-0.0032460186630487,-6680.7265625,-168.76263427734,0.042832722887397,6680.6804837584,168.71655553579
38,0x0028642C,Z_CANDIDATE,6339.9352183053,-0.02792202681303,-0.0018976563587785,-6552.724609375,-212.76336669922,0.026024370454252,6552.6966873482,212.73544467241
39,0x002DB354,Z_CANDIDATE,6280.0,0.0,0.0,6280.0,0.0,0.0,6280.0,0.0
40,0x002DB4C0,Z_CANDIDATE,6280.0,6280.0,6280.0,0.0,6280.0,0.0,6280.0,0.0
41,0x003B3170,Z_CANDIDATE,6087.17578125,-16870.333984375,-16384.365234375,0.0,-27167.5234375,485.96875,16870.333984375,10297.189453125
42,0x003B32C8,Z_CANDIDATE,5614.5834960938,-1643.6298828125,-1630.7846679688,3990.0,-1637.4287109375,12.84521484375,5633.6298828125,6.201171875
43,0x003B316C,ROTATION_CANDIDATE,5266.8515625,-20765.94921875,-20879.375,0.0,5380.27734375,113.42578125,20765.94921875,26146.2265625
44,0x000D2FAC,ROTATION_CANDIDATE,5015.205078125,19087.5703125,19008.326171875,19069.75,24199.83984375,79.244140625,17.8203125,5112.26953125
45,0x001052D8,ROTATION_CANDIDATE,4626.16796875,-20301.494140625,-20221.830078125,-20448.416015625,-25154.248046875,79.6640625,146.921875,4852.75390625
46,0x00079980,ROTATION_CANDIDATE,4625.728515625,20301.494140625,20223.435546875,20450.171875,25153.958984375,78.05859375,148.677734375,4852.46484375
47,0x000F8AD8,ROTATION_CANDIDATE,4620.625,-20303.33203125,-20220.169921875,-20450.171875,-25153.958984375,83.162109375,146.83984375,4850.626953125
48,0x003B30EC,ROTATION_CANDIDATE,4412.0,196.0,197.0,196.0,4609.0,1.0,0.0,4413.0
49,0x003B30E8,Z_CANDIDATE,3903.0478515625,9803.59765625,9763.6455078125,0.0,3943.0,39.9521484375,9803.59765625,5860.59765625
50,0x003B32E0,Z_CANDIDATE,3802.0,255.0,255.0,4057.0,255.0,0.0,3802.0,0.0
51,0x003B32D8,Z_CANDIDATE,3741.0,48.0,48.0,3789.0,48.0,0.0,3741.0,0.0
52,0x003B32F0,Z_CANDIDATE,3495.0,919.0,919.0,4414.0,919.0,0.0,3495.0,0.0
53,0x0005D68C,X_CANDIDATE,3258.8828125,330.466796875,20166.13671875,0.0,16576.787109375,19835.669921875,330.466796875,16246.3203125
54,0x003B32F8,ROTATION_CANDIDATE,3143.3847175539,0.30643451213837,0.30884793400764,0.0,3144.0,0.002413421869278,0.30643451213837,3143.6935654879
55,0x0006D188,Z_CANDIDATE,2932.951171875,290.6796875,290.6796875,3223.630859375,290.6796875,0.0,2932.951171875,0.0
56,0x003B3300,ROTATION_CANDIDATE,2866.0,0.0,0.0,0.0,2866.0,0.0,0.0,2866.0
57,0x002DE6B4,X_CANDIDATE,2729.837677002,2833.9924316406,104.15475463867,2833.9924316406,2833.9924316406,2729.837677002,0.0,0.0
58,0x00076EA4,Z_CANDIDATE,2685.3308105469,1247.16796875,1265.6879882813,4089.3603515625,1108.8264160156,18.52001953125,2842.1923828125,138.34155273438
59,0x00076E90,Z_CANDIDATE,2658.9946289063,1249.2976074219,1267.8891601563,4057.4399414063,1118.7414550781,18.591552734375,2808.1423339844,130.55615234375
60,0x00076E7C,Z_CANDIDATE,2657.3077392578,1264.0871582031,1275.3360595703,4053.86328125,1142.8676757813,11.248901367188,2789.7761230469,121.21948242188
61,0x00076DA0,Z_CANDIDATE,2649.0778808594,1273.0158691406,1244.1309814453,4124.1616210938,1099.8328857422,28.884887695313,2851.1457519531,173.18298339844
62,0x00076DC8,Z_CANDIDATE,2645.2834472656,1264.9937744141,1269.0399169922,4054.5678710938,1124.7492675781,4.046142578125,2789.5740966797,140.24450683594
63,0x00076D64,Z_CANDIDATE,2639.9465332031,1257.4890136719,1244.9040527344,4074.1721191406,1093.3374023438,12.5849609375,2816.6831054688,164.15161132813
64,0x00076EB8,Z_CANDIDATE,2632.2327880859,1279.2736816406,1264.0256347656,4074.7277832031,1131.3004150391,15.248046875,2795.4541015625,147.97326660156
65,0x00076E18,Z_CANDIDATE,2631.9188232422,1247.9014892578,1268.3408203125,4047.7509765625,1100.41015625,20.439331054688,2799.8494873047,147.49133300781
66,0x00076E2C,Z_CANDIDATE,2626.3251953125,1274.1098632813,1270.0920410156,4048.2470703125,1130.3156738281,4.017822265625,2774.1372070313,143.79418945313
67,0x00076E54,Z_CANDIDATE,2626.3059082031,1264.0756835938,1284.1459960938,4050.130859375,1124.3967285156,20.0703125,2786.0551757813,139.67895507813
68,0x00076DDC,Z_CANDIDATE,2625.1398925781,1258.3984375,1269.73828125,4043.6196289063,1109.6569824219,11.33984375,2785.2211914063,148.74145507813
69,0x00076DB4,Z_CANDIDATE,2617.1361083984,1257.4461669922,1266.2445068359,4043.4885253906,1097.3382568359,8.79833984375,2786.0423583984,160.10791015625
70,0x00076E04,Z_CANDIDATE,2616.3358154297,1276.4881591797,1290.4139404297,4067.94140625,1115.2965087891,13.92578125,2791.4532470703,161.19165039063
71,0x00076D78,Z_CANDIDATE,2612.3260498047,1265.75390625,1285.1447753906,4053.046875,1110.1778564453,19.390869140625,2787.29296875,155.57604980469
72,0x00076DF0,Z_CANDIDATE,2611.2932128906,1265.0582275391,1284.0985107422,4050.0886230469,1110.361328125,19.040283203125,2785.0303955078,154.69689941406
73,0x00076E68,Z_CANDIDATE,2604.4216308594,1287.1953125,1278.1657714844,4065.9731445313,1121.8686523438,9.029541015625,2778.7778320313,165.32666015625
74,0x00076E40,Z_CANDIDATE,2601.2504882813,1262.5092773438,1288.5705566406,4050.3564453125,1101.9738769531,26.061279296875,2787.8471679688,160.53540039063
75,0x00076D50,Z_CANDIDATE,2588.5079345703,1283.8681640625,1267.2623291016,4081.4672851563,1091.3828125,16.605834960938,2797.5991210938,192.4853515625
76,0x00076D8C,Z_CANDIDATE,2586.7836914063,1280.9799804688,1250.5601806641,4072.5026855469,1106.6607666016,30.419799804688,2791.5227050781,174.31921386719
77,0x0007995C,ROTATION_CANDIDATE,2558.5625,11380.334960938,11284.8828125,11445.354492188,14099.369140625,95.4521484375,65.01953125,2719.0341796875
78,0x001F25F8,X_CANDIDATE,2439.650390625,3338.4689941406,-1070.0220947266,1369.6282958984,3338.4689941406,4408.4910888672,1968.8406982422,0.0
79,0x003B32D0,Z_CANDIDATE,2339.8127441406,1645.125,1632.26953125,4004.0002441406,1638.91796875,12.85546875,2358.8752441406,6.20703125
80,0x0007994C,ROTATION_CANDIDATE,2032.3759765625,8921.1572265625,8938.552734375,9004.81640625,11054.587890625,17.3955078125,83.6591796875,2133.4306640625
81,0x002DE2D0,X_CANDIDATE,1901.5491371155,-1942.0659179688,-40.516780853271,-1942.0659179688,-1942.0659179688,1901.5491371155,0.0,0.0
82,0x00076FA8,Z_CANDIDATE,1873.1447753906,3898.3520507813,3898.3520507813,1412.1584472656,3285.3032226563,0.0,2486.1936035156,613.048828125
83,0x00076FD0,Z_CANDIDATE,1871.4921875,3943.0446777344,3943.0446777344,1412.6389160156,3284.1311035156,0.0,2530.4057617188,658.91357421875
84,0x00076F08,Z_CANDIDATE,1849.6577148438,3946.603515625,3946.603515625,1430.25,3279.9077148438,0.0,2516.353515625,666.69580078125
85,0x00076F80,Z_CANDIDATE,1845.7684326172,3913.462890625,3913.462890625,1414.5247802734,3260.2932128906,0.0,2498.9381103516,653.16967773438
86,0x00076FF8,Z_CANDIDATE,1843.2353515625,3921.2016601563,3921.2016601563,1422.7648925781,3266.0002441406,0.0,2498.4367675781,655.20141601563
87,0x00076F44,Z_CANDIDATE,1842.1135253906,3944.2705078125,3944.2705078125,1421.4555664063,3263.5690917969,0.0,2522.8149414063,680.70141601563
88,0x00076FBC,Z_CANDIDATE,1840.4705810547,3915.4523925781,3915.4523925781,1443.4820556641,3283.9526367188,0.0,2471.9703369141,631.49975585938
89,0x00076F30,Z_CANDIDATE,1834.3090820313,3893.2348632813,3893.2348632813,1429.5288085938,3263.837890625,0.0,2463.7060546875,629.39697265625
90,0x00076F94,Z_CANDIDATE,1833.8660888672,3909.3156738281,3909.3156738281,1429.6483154297,3263.5144042969,0.0,2479.6673583984,645.80126953125
91,0x00077034,Z_CANDIDATE,1832.0363769531,3916.8901367188,3916.8901367188,1428.8757324219,3260.912109375,0.0,2488.0144042969,655.97802734375
92,0x00076F1C,Z_CANDIDATE,1830.2294921875,3931.5200195313,3931.5200195313,1438.4765625,3268.7060546875,0.0,2493.0434570313,662.81396484375
93,0x00076EF4,Z_CANDIDATE,1828.7385253906,3965.4255371094,3965.4255371094,1453.3981933594,3282.13671875,0.0,2512.02734375,683.28881835938
94,0x00076FE4,Z_CANDIDATE,1827.6335449219,3916.6245117188,3916.6245117188,1448.43359375,3276.0671386719,0.0,2468.1909179688,640.55737304688
95,0x00076ECC,Z_CANDIDATE,1823.0737304688,3918.3623046875,3918.3623046875,1437.4191894531,3260.4929199219,0.0,2480.9431152344,657.86938476563
96,0x00077020,Z_CANDIDATE,1817.4637451172,3920.337890625,3920.337890625,1440.7606201172,3258.2243652344,0.0,2479.5772705078,662.11352539063
97,0x00076F58,Z_CANDIDATE,1815.9201660156,3936.7978515625,3936.7978515625,1426.9870605469,3242.9072265625,0.0,2509.8107910156,693.890625
98,0x00076EE0,Z_CANDIDATE,1815.7587890625,3932.1125488281,3932.1125488281,1421.6306152344,3237.3894042969,0.0,2510.4819335938,694.72314453125
99,0x0007700C,Z_CANDIDATE,1809.220703125,3939.6052246094,3939.6052246094,1429.79296875,3239.013671875,0.0,2509.8122558594,700.59155273438
100,0x00076F6C,Z_CANDIDATE,1805.0224609375,3916.6591796875,3916.6591796875,1445.4111328125,3250.43359375,0.0,2471.248046875,666.2255859375
101,0x000D3318,Z_CANDIDATE,1597.9375,201655.65625,201661.28125,203296.5625,201693.0,5.625,1640.90625,37.34375
102,0x003B3400,ROTATION_CANDIDATE,1523.7102859318,-0.070575706660748,-0.07208176702261,0.0,1523.7117919922,0.0015060603618622,0.070575706660748,1523.7823676988
103,0x003B3250,Z_CANDIDATE,1467.416015625,0.0,0.0,1467.416015625,0.0,0.0,1467.416015625,0.0
104,0x002346CC,X_CANDIDATE,1303.8056640625,16504.421875,14990.92578125,16298.805664063,16508.49609375,1513.49609375,205.6162109375,4.07421875
105,0x003B3174,Z_CANDIDATE,1279.0,1279.0,1279.0,0.0,1279.0,0.0,1279.0,0.0
106,0x003B3324,Z_CANDIDATE,1275.8108546734,1279.0,1279.0,3.1891453266144,1279.0,0.0,1275.8108546734,0.0
107,0x0006A2C0,X_CANDIDATE,1189.8642578125,13456.600585938,12266.736328125,13456.600585938,13456.600585938,1189.8642578125,0.0,0.0
108,0x001F276C,X_CANDIDATE,1189.8642578125,12266.736328125,13456.600585938,12266.736328125,12266.736328125,1189.8642578125,0.0,0.0
109,0x00210108,X_CANDIDATE,1189.8642578125,13456.600585938,12266.736328125,13456.600585938,13456.600585938,1189.8642578125,0.0,0.0
110,0x00210124,X_CANDIDATE,1189.8642578125,13452.400390625,12262.536132813,13452.400390625,13452.400390625,1189.8642578125,0.0,0.0
111,0x00210134,X_CANDIDATE,1189.8642578125,13456.600585938,12266.736328125,13456.600585938,13456.600585938,1189.8642578125,0.0,0.0
112,0x00210140,X_CANDIDATE,1189.8642578125,13456.600585938,12266.736328125,13456.600585938,13456.600585938,1189.8642578125,0.0,0.0
113,0x0021014C,X_CANDIDATE,1189.8642578125,13456.600585938,12266.736328125,13456.600585938,13456.600585938,1189.8642578125,0.0,0.0
114,0x00081698,ROTATION_CANDIDATE,1119.8814697266,-463.30413818359,-462.99749755859,-434.50927734375,-1612.287109375,0.306640625,28.794860839844,1148.9829711914
115,0x0005D794,ROTATION_CANDIDATE,1075.16015625,330.466796875,303.484375,920.0,-1361.208984375,26.982421875,589.533203125,1691.67578125
116,0x002861BC,ROTATION_CANDIDATE,977.91185694112,-0.0041727256029844,-0.00024101621238515,-1.1933422088623,-979.10913085938,0.0039317093905993,1.1891694832593,979.10495813377
117,0x00285F3C,ROTATION_CANDIDATE,961.99346114788,-0.0038563795387745,-0.00022957194596529,-1.1620917320251,-963.1591796875,0.0036268075928092,1.1582353524864,963.15532330796
118,0x00285CBC,ROTATION_CANDIDATE,946.10587741702,-0.0037343073636293,-0.00021812773775309,-1.0995907783508,-947.208984375,0.0035161796258762,1.0958564709872,947.20525006764
119,0x000D3320,X_CANDIDATE,942.1875,168917.375,167889.25,168856.125,168892.6875,1028.125,61.25,24.6875
120,0x0007B9F4,X_CANDIDATE,937.4931640625,9518.765625,10456.258789063,9518.765625,9518.765625,937.4931640625,0.0,0.0
121,0x00285A3C,ROTATION_CANDIDATE,930.19467689533,-0.0035512000322342,-0.00021049816859886,-1.0370898246765,-931.23510742188,0.0033407018636353,1.0335386246443,931.23155622184
122,0x003B2D58,ROTATION_CANDIDATE,906.21875,2343.28125,2343.84375,2507.4375,3414.21875,0.5625,164.15625,1070.9375
123,0x0007B9FC,X_CANDIDATE,903.8291015625,9552.4296875,10456.258789063,9552.4296875,9552.4296875,903.8291015625,0.0,0.0
124,0x0006A2C8,X_CANDIDATE,847.45764160156,2371.1694335938,1523.7117919922,2371.1694335938,2371.1694335938,847.45764160156,0.0,0.0
125,0x001F2774,X_CANDIDATE,847.45764160156,1523.7117919922,2371.1694335938,1523.7117919922,1523.7117919922,847.45764160156,0.0,0.0
126,0x00210110,X_CANDIDATE,847.45764160156,2371.1694335938,1523.7117919922,2371.1694335938,2371.1694335938,847.45764160156,0.0,0.0
127,0x0021012C,X_CANDIDATE,847.45764160156,2371.1577148438,1523.7000732422,2371.1577148438,2371.1577148438,847.45764160156,0.0,0.0
128,0x0021013C,X_CANDIDATE,847.45764160156,2371.1694335938,1523.7117919922,2371.1694335938,2371.1694335938,847.45764160156,0.0,0.0
129,0x00210148,X_CANDIDATE,847.45764160156,2371.1694335938,1523.7117919922,2371.1694335938,2371.1694335938,847.45764160156,0.0,0.0
130,0x00210154,X_CANDIDATE,847.45764160156,2371.1694335938,1523.7117919922,2371.1694335938,2371.1694335938,847.45764160156,0.0,0.0
131,0x002346C4,X_CANDIDATE,832.541015625,16033.354492188,14869.665039063,15706.280273438,16037.428710938,1163.689453125,327.07421875,4.07421875
132,0x001E8D8C,X_CANDIDATE,811.91796875,16408.93359375,15316.454101563,16136.520507813,16417.08203125,1092.4794921875,272.4130859375,8.1484375
133,0x0006D214,X_CANDIDATE,807.8916015625,16421.15625,15331.388671875,16143.354492188,16425.23046875,1089.767578125,277.8017578125,4.07421875
134,0x003B2EE4,ROTATION_CANDIDATE,806.0,0.5,0.5,3535.0,4341.0,0.0,3534.5,4340.5
135,0x002346D4,X_CANDIDATE,789.7294921875,16737.880859375,15693.674804688,16487.478515625,16741.955078125,1044.2060546875,250.40234375,4.07421875
136,0x003B3254,Z_CANDIDATE,774.046875,0.0,0.0,-774.046875,0.0,0.0,774.046875,0.0
137,0x00081694,ROTATION_CANDIDATE,744.49751281738,37.428428649902,36.136627197266,41.905921936035,-712.83837890625,1.2918014526367,4.4774932861328,750.26680755615
138,0x002857B8,ROTATION_CANDIDATE,721.66512108408,-0.0056375917047262,-0.00033707544207573,-1.5683479309082,-723.23876953125,0.0053005162626505,1.5627103392035,723.23313193955
139,0x002861B8,ROTATION_CANDIDATE,673.27371453051,-0.0067362431436777,-0.00041337055154145,-1.7871012687683,-675.06713867188,0.0063228725921363,1.7803650256246,675.06040242873
140,0x00285F38,ROTATION_CANDIDATE,641.30494975392,-0.0064920969307423,-0.0003981115296483,-1.7558507919312,-643.06689453125,0.006093985401094,1.7493586950004,643.06040243432
141,0x00285A38,ROTATION_CANDIDATE,625.43027210457,-0.0058817360550165,-0.00035233458038419,-1.6308488845825,-627.06665039063,0.0055294014746323,1.6249671485275,627.06076865457
142,0x00285CB8,ROTATION_CANDIDATE,625.36742782278,-0.006247952580452,-0.00037522299680859,-1.6933498382568,-627.06665039063,0.0058727295836434,1.6871018856764,627.06040243804
143,0x000D6514,ROTATION_CANDIDATE,580.50732421875,-580.50732421875,-580.50732421875,-580.50732421875,0.0,0.0,0.0,580.50732421875
144,0x000D658C,ROTATION_CANDIDATE,580.50732421875,-580.50732421875,-580.50732421875,-580.50732421875,0.0,0.0,0.0,580.50732421875
145,0x000D6B3C,Z_CANDIDATE,580.50732421875,0.0,0.0,-580.50732421875,0.0,0.0,580.50732421875,0.0
146,0x000E7D14,ROTATION_CANDIDATE,580.50732421875,-580.50732421875,-580.50732421875,-580.50732421875,0.0,0.0,0.0,580.50732421875
147,0x000E7D8C,ROTATION_CANDIDATE,580.50732421875,-580.50732421875,-580.50732421875,-580.50732421875,0.0,0.0,0.0,580.50732421875
148,0x000D6324,ROTATION_CANDIDATE,580.50439453125,0.0,0.0,0.0,-580.50439453125,0.0,0.0,580.50439453125
149,0x000D64E4,ROTATION_CANDIDATE,580.50439453125,0.0,0.0,0.0,-580.50439453125,0.0,0.0,580.50439453125
150,0x000D72D4,ROTATION_CANDIDATE,580.50439453125,0.0,0.0,0.0,-580.50439453125,0.0,0.0,580.50439453125
151,0x000D8354,Z_CANDIDATE,580.50439453125,0.0,0.0,-580.50439453125,0.0,0.0,580.50439453125,0.0
152,0x000D8454,Z_CANDIDATE,580.50439453125,0.0,0.0,-580.50439453125,0.0,0.0,580.50439453125,0.0
153,0x000D8494,Z_CANDIDATE,580.50439453125,0.0,0.0,-580.50439453125,0.0,0.0,580.50439453125,0.0
154,0x000D8554,Z_CANDIDATE,580.50439453125,0.0,0.0,-580.50439453125,0.0,0.0,580.50439453125,0.0
155,0x000D8594,Z_CANDIDATE,580.50439453125,0.0,0.0,-580.50439453125,0.0,0.0,580.50439453125,0.0
156,0x000D85D4,Z_CANDIDATE,580.50439453125,0.0,0.0,-580.50439453125,0.0,0.0,580.50439453125,0.0
157,0x000D8614,Z_CANDIDATE,580.50439453125,0.0,0.0,-580.50439453125,0.0,0.0,580.50439453125,0.0
158,0x000D8654,Z_CANDIDATE,580.50439453125,0.0,0.0,-580.50439453125,0.0,0.0,580.50439453125,0.0
159,0x000D8694,Z_CANDIDATE,580.50439453125,0.0,0.0,-580.50439453125,0.0,0.0,580.50439453125,0.0
160,0x000D86D4,Z_CANDIDATE,580.50439453125,0.0,0.0,-580.50439453125,0.0,0.0,580.50439453125,0.0
161,0x000E7B24,ROTATION_CANDIDATE,580.50439453125,0.0,0.0,0.0,-580.50439453125,0.0,0.0,580.50439453125
162,0x000E7CE4,ROTATION_CANDIDATE,580.50439453125,0.0,0.0,0.0,-580.50439453125,0.0,0.0,580.50439453125
163,0x000E9B54,Z_CANDIDATE,580.50439453125,0.0,0.0,-580.50439453125,0.0,0.0,580.50439453125,0.0
164,0x000E9C54,Z_CANDIDATE,580.50439453125,0.0,0.0,-580.50439453125,0.0,0.0,580.50439453125,0.0
165,0x000E9C94,Z_CANDIDATE,580.50439453125,0.0,0.0,-580.50439453125,0.0,0.0,580.50439453125,0.0
166,0x000E9D54,Z_CANDIDATE,580.50439453125,0.0,0.0,-580.50439453125,0.0,0.0,580.50439453125,0.0
167,0x000E9D94,Z_CANDIDATE,580.50439453125,0.0,0.0,-580.50439453125,0.0,0.0,580.50439453125,0.0
168,0x000E9DD4,Z_CANDIDATE,580.50439453125,0.0,0.0,-580.50439453125,0.0,0.0,580.50439453125,0.0
169,0x000E9E14,Z_CANDIDATE,580.50439453125,0.0,0.0,-580.50439453125,0.0,0.0,580.50439453125,0.0
170,0x000E9E54,Z_CANDIDATE,580.50439453125,0.0,0.0,-580.50439453125,0.0,0.0,580.50439453125,0.0
171,0x000E9E94,Z_CANDIDATE,580.50439453125,0.0,0.0,-580.50439453125,0.0,0.0,580.50439453125,0.0
172,0x000E9ED4,Z_CANDIDATE,580.50439453125,0.0,0.0,-580.50439453125,0.0,0.0,580.50439453125,0.0
173,0x001EEFFC,X_CANDIDATE,568.71240234375,1123.6909179688,1958.4223632813,1387.4145507813,1121.3955078125,834.7314453125,263.7236328125,2.29541015625
174,0x00076C88,ROTATION_CANDIDATE,564.60961914063,3338.4106445313,3353.8862304688,3359.1408691406,3939.2260742188,15.4755859375,20.730224609375,600.8154296875
175,0x00076C10,ROTATION_CANDIDATE,537.49096679688,3361.9731445313,3316.048828125,3360.71875,3946.6428222656,45.92431640625,1.25439453125,584.66967773438
176,0x001F1C44,X_CANDIDATE,535.01171875,16576.787109375,17163.158203125,16628.146484375,16576.787109375,586.37109375,51.359375,0.0
177,0x003B32FC,Z_CANDIDATE,533.9375,229301.359375,229321.421875,0.0,554.0,20.0625,229301.359375,228747.359375
178,0x001F23EC,X_CANDIDATE,528.89018249512,698.48120117188,169.59101867676,698.48120117188,698.48120117188,528.89018249512,0.0,0.0
179,0x0005D7AC,ROTATION_CANDIDATE,522.3623046875,197.7939453125,7381.279296875,4444.0,12149.84765625,7183.4853515625,4246.2060546875,11952.053710938
180,0x0006A260,X_CANDIDATE,522.1708984375,-3582.4348144531,-3060.2639160156,-3582.4348144531,-3582.4348144531,522.1708984375,0.0,0.0
181,0x0020FDB0,X_CANDIDATE,522.1708984375,-3582.4348144531,-3060.2639160156,-3582.4348144531,-3582.4348144531,522.1708984375,0.0,0.0
182,0x0020FDCC,X_CANDIDATE,522.1708984375,-3583.4150390625,-3061.244140625,-3583.4150390625,-3583.4150390625,522.1708984375,0.0,0.0
183,0x0020FDDC,X_CANDIDATE,522.1708984375,-3581.4545898438,-3059.2836914063,-3581.4545898438,-3581.4545898438,522.1708984375,0.0,0.0
184,0x0020FDE8,X_CANDIDATE,522.1708984375,-3601.1921386719,-3079.0212402344,-3601.1921386719,-3601.1921386719,522.1708984375,0.0,0.0
185,0x0020FDF4,X_CANDIDATE,522.1708984375,-3601.1921386719,-3079.0212402344,-3601.1921386719,-3601.1921386719,522.1708984375,0.0,0.0
186,0x00081620,ROTATION_CANDIDATE,511.34442138672,-762.93566894531,-764.95172119141,-699.24743652344,-1339.984375,2.0160522460938,63.688232421875,577.04870605469
187,0x00076D14,ROTATION_CANDIDATE,507.02197265625,3368.5883789063,3321.1494140625,3363.3647460938,3928.2729492188,47.43896484375,5.2236328125,559.6845703125
188,0x00076C24,ROTATION_CANDIDATE,505.06494140625,3375.8078613281,3339.6215820313,3367.5725097656,3925.2944335938,36.186279296875,8.2353515625,549.48657226563
189,0x00076D00,ROTATION_CANDIDATE,504.92114257813,3381.5283203125,3367.1333007813,3359.5961914063,3922.7766113281,14.39501953125,21.93212890625,541.24829101563
190,0x001F2598,X_CANDIDATE,500.76953125,20000.857421875,19500.087890625,20000.857421875,20000.857421875,500.76953125,0.0,0.0
191,0x001F25C0,X_CANDIDATE,500.76953125,20000.857421875,19500.087890625,20000.857421875,20000.857421875,500.76953125,0.0,0.0
192,0x00076D3C,ROTATION_CANDIDATE,493.70141601563,3350.8659667969,3300.9760742188,3328.8525390625,3916.470703125,49.889892578125,22.013427734375,565.60473632813
193,0x00076C4C,ROTATION_CANDIDATE,485.48120117188,3372.0859375,3317.5830078125,3345.3198242188,3938.8361816406,54.5029296875,26.76611328125,566.75024414063
194,0x00076CC4,ROTATION_CANDIDATE,483.93603515625,3368.7622070313,3335.7060546875,3327.091796875,3927.4248046875,33.05615234375,41.67041015625,558.66259765625
195,0x00076CEC,ROTATION_CANDIDATE,477.6806640625,3366.2570800781,3331.2416992188,3301.3474121094,3943.8627929688,35.015380859375,64.90966796875,577.60571289063
196,0x00076BFC,ROTATION_CANDIDATE,474.31787109375,3384.40625,3328.5031738281,3348.6538085938,3950.3796386719,55.903076171875,35.75244140625,565.97338867188
197,0x001F1E20,X_CANDIDATE,466.529296875,17659.6484375,17193.119140625,17659.6484375,17659.6484375,466.529296875,0.0,0.0
198,0x00076C38,ROTATION_CANDIDATE,463.64282226563,3372.9165039063,3273.5080566406,3357.6203613281,3951.2639160156,99.408447265625,15.296142578125,578.34741210938
199,0x00076BE8,ROTATION_CANDIDATE,460.41967773438,3388.5869140625,3320.7817382813,3381.4780273438,3923.9206542969,67.80517578125,7.10888671875,535.33374023438
200,0x00076C9C,ROTATION_CANDIDATE,456.0595703125,3383.8354492188,3331.9982910156,3397.5314941406,3905.4282226563,51.837158203125,13.696044921875,521.5927734375
201,0x00076D28,ROTATION_CANDIDATE,453.45361328125,3388.4165039063,3333.810546875,3361.443359375,3923.44921875,54.60595703125,26.97314453125,535.03271484375
202,0x0006A258,X_CANDIDATE,445.12939453125,-5538.435546875,-5983.5649414063,-5538.435546875,-5538.435546875,445.12939453125,0.0,0.0
203,0x0020FDA8,X_CANDIDATE,445.12939453125,-5538.435546875,-5983.5649414063,-5538.435546875,-5538.435546875,445.12939453125,0.0,0.0
204,0x0020FDC4,X_CANDIDATE,445.12939453125,-5536.4008789063,-5981.5302734375,-5536.4008789063,-5536.4008789063,445.12939453125,0.0,0.0
205,0x0020FDD4,X_CANDIDATE,445.12939453125,-5540.470703125,-5985.6000976563,-5540.470703125,-5540.470703125,445.12939453125,0.0,0.0
206,0x0020FDE0,X_CANDIDATE,445.12939453125,-6050.5166015625,-6495.6459960938,-6050.5166015625,-6050.5166015625,445.12939453125,0.0,0.0
207,0x0020FDEC,X_CANDIDATE,445.12939453125,-6050.5166015625,-6495.6459960938,-6050.5166015625,-6050.5166015625,445.12939453125,0.0,0.0
208,0x00076C74,ROTATION_CANDIDATE,440.30004882813,3389.6958007813,3331.9260253906,3356.6381835938,3920.8232421875,57.769775390625,33.0576171875,531.12744140625
209,0x00076CD8,ROTATION_CANDIDATE,438.82299804688,3372.970703125,3307.1110839844,3350.4501953125,3900.173828125,65.859619140625,22.5205078125,527.203125
210,0x002857B4,ROTATION_CANDIDATE,434.87464516796,-0.008833859115839,-0.00053682737052441,-6.6484298706055,-441.53137207031,0.0082970317453146,6.6395960114896,441.5225382112
211,0x002861B4,ROTATION_CANDIDATE,430.00919999974,-0.011031158268452,-0.00070467637851834,-3.5117235183716,-433.53125,0.010326481889933,3.5006923601031,433.52021884173
212,0x001F1C48,X_CANDIDATE,428.0089302063,372.36776733398,-55.641162872314,372.36776733398,372.36776733398,428.0089302063,0.0,0.0
213,0x0006A1C4,X_CANDIDATE,428.0087890625,5517.03515625,5089.0263671875,5517.03515625,5517.03515625,428.0087890625,0.0,0.0
214,0x001F1E28,X_CANDIDATE,428.0087890625,5089.0263671875,5517.03515625,5089.0263671875,5089.0263671875,428.0087890625,0.0,0.0
215,0x001F1F04,X_CANDIDATE,428.0087890625,5517.03515625,5089.0263671875,5517.03515625,5517.03515625,428.0087890625,0.0,0.0
216,0x001F1F0C,X_CANDIDATE,428.0087890625,5537.03515625,5109.0263671875,5537.03515625,5537.03515625,428.0087890625,0.0,0.0
217,0x001F1F14,X_CANDIDATE,428.0087890625,5517.03515625,5089.0263671875,5517.03515625,5517.03515625,428.0087890625,0.0,0.0
218,0x001F1F1C,X_CANDIDATE,428.0087890625,5497.03515625,5069.0263671875,5497.03515625,5497.03515625,428.0087890625,0.0,0.0
219,0x0020F8A0,X_CANDIDATE,428.0087890625,5517.03515625,5089.0263671875,5517.03515625,5517.03515625,428.0087890625,0.0,0.0
220,0x0020F8BC,X_CANDIDATE,428.0087890625,5514.0654296875,5086.056640625,5514.0654296875,5514.0654296875,428.0087890625,0.0,0.0
221,0x0020F8CC,X_CANDIDATE,428.0087890625,5517.03515625,5089.0263671875,5517.03515625,5517.03515625,428.0087890625,0.0,0.0
222,0x0020F8D8,X_CANDIDATE,428.0087890625,5517.03515625,5089.0263671875,5517.03515625,5517.03515625,428.0087890625,0.0,0.0
223,0x0020F8E4,X_CANDIDATE,428.0087890625,5517.03515625,5089.0263671875,5517.03515625,5517.03515625,428.0087890625,0.0,0.0
224,0x003B3178,Z_CANDIDATE,422.61654663086,424.85083007813,426.46856689453,0.0,425.46737670898,1.6177368164063,424.85083007813,0.61654663085938
225,0x00285F34,ROTATION_CANDIDATE,422.13452234841,-0.010542869567871,-0.00065889931283891,-3.3867216110229,-425.53112792969,0.0098839702550322,3.3761787414551,425.52058506012
226,0x0006A1BC,X_CANDIDATE,419.44921875,18079.09765625,17659.6484375,18079.09765625,18079.09765625,419.44921875,0.0,0.0
227,0x001F1F00,X_CANDIDATE,419.44921875,18099.09765625,17679.6484375,18099.09765625,18099.09765625,419.44921875,0.0,0.0
228,0x001F1F08,X_CANDIDATE,419.44921875,18079.09765625,17659.6484375,18079.09765625,18079.09765625,419.44921875,0.0,0.0
229,0x001F1F10,X_CANDIDATE,419.44921875,18059.09765625,17639.6484375,18059.09765625,18059.09765625,419.44921875,0.0,0.0
230,0x001F1F18,X_CANDIDATE,419.44921875,18079.09765625,17659.6484375,18079.09765625,18079.09765625,419.44921875,0.0,0.0
231,0x0020F898,X_CANDIDATE,419.44921875,18079.09765625,17659.6484375,18079.09765625,18079.09765625,419.44921875,0.0,0.0
232,0x0020F8B4,X_CANDIDATE,419.44921875,18082.068359375,17662.619140625,18082.068359375,18082.068359375,419.44921875,0.0,0.0
233,0x0020F8C4,X_CANDIDATE,419.44921875,18079.09765625,17659.6484375,18079.09765625,18079.09765625,419.44921875,0.0,0.0
234,0x0020F8D0,X_CANDIDATE,419.44921875,18079.09765625,17659.6484375,18079.09765625,18079.09765625,419.44921875,0.0,0.0
235,0x0020F8DC,X_CANDIDATE,419.44921875,18079.09765625,17659.6484375,18079.09765625,18079.09765625,419.44921875,0.0,0.0
236,0x00076BD4,ROTATION_CANDIDATE,418.07495117188,3412.6018066406,3334.6184082031,3348.125,3973.1369628906,77.9833984375,64.476806640625,560.53515625
237,0x00285CB4,ROTATION_CANDIDATE,414.32246772503,-0.0098104365170002,-0.00061312247999012,-3.19921875,-417.53088378906,0.0091973140370101,3.189408313483,417.52107335255
238,0x0006A28C,X_CANDIDATE,411.048828125,16727.025390625,17342.298828125,16918.4609375,16739.814453125,615.2734375,191.435546875,12.7890625
239,0x00076CB0,ROTATION_CANDIDATE,407.79614257813,3403.5317382813,3329.8193359375,3334.7763671875,3953.7956542969,73.71240234375,68.75537109375,550.26391601563
240,0x001F2610,X_CANDIDATE,406.830078125,16727.025390625,17344.6796875,16922.626953125,16742.248046875,617.654296875,195.6015625,15.22265625
241,0x00285A34,ROTATION_CANDIDATE,405.12371056015,-0.0093221478164196,-0.00058260420337319,-4.3984336853027,-409.53088378906,0.0087395436130464,4.3891115374863,409.52156164125
242,0x0020FF84,X_CANDIDATE,405.0625,16727.26953125,17347.16015625,16924.62890625,16744.73828125,619.890625,197.359375,17.46875
243,0x00076C60,ROTATION_CANDIDATE,404.41796875,3392.625,3299.54296875,3359.0307617188,3923.7192382813,93.08203125,33.59423828125,531.09423828125
244,0x0020FF58,X_CANDIDATE,401.34765625,16727.26953125,17347.16015625,16926.548828125,16746.533203125,619.890625,199.279296875,19.263671875
245,0x00286440,ROTATION_CANDIDATE,400.71146634303,-0.0028187660500407,-0.00016090634744614,-0.81541681289673,-401.52954101563,0.0026578597025946,0.81259804684669,401.52672224957
246,0x0028643C,ROTATION_CANDIDATE,400.30090668111,-0.0042947996407747,-0.00025315082166344,-1.2245926856995,-401.52954101563,0.0040416488191113,1.2202978860587,401.52524621598
247,0x00286438,ROTATION_CANDIDATE,399.70463751408,-0.0069803856313229,-0.00042862968984991,-1.8183517456055,-401.52954101563,0.0065517559414729,1.8113713599741,401.52256062999
248,0x00286434,ROTATION_CANDIDATE,397.88227547798,-0.011275306344032,-0.00073519442230463,-3.6367254257202,-401.52954101563,0.010540111921728,3.6254501193762,401.51826570928
249,0x0020FF74,X_CANDIDATE,395.369140625,16722.361328125,17349.802734375,16928.46875,16748.326171875,627.44140625,206.107421875,25.96484375
250,0x001F2670,X_CANDIDATE,388.927734375,16747.26953125,17350.455078125,16946.548828125,16762.248046875,603.185546875,199.279296875,14.978515625
251,0x001F2678,X_CANDIDATE,388.927734375,16727.26953125,17330.455078125,16926.548828125,16742.248046875,603.185546875,199.279296875,14.978515625
252,0x001F2680,X_CANDIDATE,388.927734375,16707.26953125,17310.455078125,16906.548828125,16722.248046875,603.185546875,199.279296875,14.978515625
253,0x001F2688,X_CANDIDATE,388.927734375,16727.26953125,17330.455078125,16926.548828125,16742.248046875,603.185546875,199.279296875,14.978515625
254,0x0008161C,ROTATION_CANDIDATE,382.60600280762,136.4174041748,133.68771362305,136.79431152344,-249.2951965332,2.7296905517578,0.37690734863281,385.71260070801
255,0x001F27A0,X_CANDIDATE,369.21154785156,878.3134765625,243.08380126953,1135.1574707031,869.13934326172,635.22967529297,256.84399414063,9.1741333007813
256,0x003B2B9C,Z_CANDIDATE,360.069896698,-7.5544610023499,7.5423173904419,382.689453125,7.5227780342102,15.096778392792,390.24391412735,15.07723903656
257,0x001F2590,X_CANDIDATE,355.24609375,17188.83984375,17544.0859375,17188.83984375,17188.83984375,355.24609375,0.0,0.0
258,0x001F25B8,X_CANDIDATE,355.24609375,17188.83984375,17544.0859375,17188.83984375,17188.83984375,355.24609375,0.0,0.0
259,0x003B2F78,Z_CANDIDATE,350.96692276001,0.0,0.0,384.85440063477,33.887477874756,0.0,384.85440063477,33.887477874756
260,0x0020FC38,X_CANDIDATE,345.1015625,-4120.9770507813,-4466.8715820313,-4120.1840820313,-4120.9770507813,345.89453125,0.79296875,0.0
261,0x0020FC44,X_CANDIDATE,345.1015625,-4120.9770507813,-4466.8715820313,-4120.1840820313,-4120.9770507813,345.89453125,0.79296875,0.0
262,0x0020FC1C,X_CANDIDATE,343.35009765625,-4325.2739257813,-4671.1684570313,-4324.4809570313,-4327.025390625,345.89453125,0.79296875,1.75146484375
263,0x0006A22C,X_CANDIDATE,342.86767578125,-4323.6831054688,-4669.5776367188,-4322.8901367188,-4325.9169921875,345.89453125,0.79296875,2.23388671875
264,0x0020FC00,X_CANDIDATE,342.86767578125,-4323.6831054688,-4669.5776367188,-4322.8901367188,-4325.9169921875,345.89453125,0.79296875,2.23388671875
265,0x0020FC2C,X_CANDIDATE,342.86767578125,-4323.6831054688,-4669.5776367188,-4322.8901367188,-4325.9169921875,345.89453125,0.79296875,2.23388671875
266,0x003B2EF0,ROTATION_CANDIDATE,332.91792470589,0.021240375936031,0.02128442004323,15696.362304688,16029.280273438,4.4044107198715e-05,15696.341064312,16029.259033062
267,0x003B2F94,X_CANDIDATE,319.75,0.0,319.75,0.0,0.0,319.75,0.0,0.0
268,0x002346DC,X_CANDIDATE,318.4658203125,16266.813476563,15572.4140625,15894.954101563,16270.887695313,694.3994140625,371.859375,4.07421875
269,0x003B3354,X_CANDIDATE,310.0,-172.0,482.0,0.0,0.0,654.0,172.0,172.0
270,0x003B30F8,Z_CANDIDATE,302.0,255.0,255.0,-47.0,255.0,0.0,302.0,0.0
271,0x0008169C,ROTATION_CANDIDATE,291.27291870117,85.174713134766,81.788482666016,87.744445800781,-212.05416870117,3.38623046875,2.5697326660156,297.22888183594
272,0x000D2FA8,ROTATION_CANDIDATE,282.14306640625,-629.84777832031,-569.06896972656,-612.90893554688,-989.70849609375,60.77880859375,16.938842773438,359.86071777344
273,0x000F8AD4,ROTATION_CANDIDATE,273.13549804688,1416.3812255859,1355.3293457031,1409.0446777344,1757.9051513672,61.051879882813,7.3365478515625,341.52392578125
274,0x003B3008,ROTATION_CANDIDATE,265.828125,229301.234375,229321.609375,18793.521484375,18507.318359375,20.375,210507.71289063,210793.91601563
275,0x001F1FFC,X_CANDIDATE,265.36572265625,6090.5673828125,5825.2016601563,6090.5673828125,6090.5673828125,265.36572265625,0.0,0.0
276,0x00286430,ROTATION_CANDIDATE,264.91829646146,-0.017667956650257,-0.0011957413516939,-16.594161987305,-281.52893066406,0.016472215298563,16.576494030654,281.51126270741
277,0x001052D4,ROTATION_CANDIDATE,260.458984375,1419.8070068359,1354.9688720703,1410.8664550781,1754.0446777344,64.838134765625,8.9405517578125,334.23767089844
278,0x003B2EAC,ROTATION_CANDIDATE,258.90612792969,501.15963745117,503.33163452148,16321.51953125,16582.59765625,2.1719970703125,15820.359893799,16081.438018799
279,0x002861B0,ROTATION_CANDIDATE,257.71569026681,-0.017179667949677,-0.0011347052641213,-15.797073364258,-273.52880859375,0.016044962685555,15.779893696308,273.5116289258
280,0x003B3168,Z_CANDIDATE,255.0,255.0,255.0,0.0,255.0,0.0,255.0,0.0
281,0x00285F30,ROTATION_CANDIDATE,250.46695294557,-0.015714809298515,-0.0010431515984237,-15.047061920166,-265.52868652344,0.014671657700092,15.031347110868,265.51297171414
282,0x001F1C7C,X_CANDIDATE,248.16175842285,261.81484985352,535.02880859375,236.76264953613,261.81484985352,273.21395874023,25.052200317383,0.0
283,0x0003FD94,X_CANDIDATE,247.0,946.0,1309.0,1062.0,946.0,363.0,116.0,0.0
284,0x00285CB0,ROTATION_CANDIDATE,240.92018008046,-0.015181612223387,-0.00098211504518986,-16.594184875488,-257.52856445313,0.014199497178197,16.579003263265,257.5133828409
285,0x001F2030,Z_CANDIDATE,240.79055786133,34.398651123047,18.345947265625,295.8283996582,29.812164306641,16.052703857422,261.42974853516,4.5864868164063
286,0x003B2A10,X_CANDIDATE,239.35009765625,823.484375,485.61572265625,725.837890625,824.3564453125,337.86865234375,97.646484375,0.8720703125
287,0x003B3618,Z_CANDIDATE,239.0,239.0,239.0,0.0,239.0,0.0,239.0,0.0
288,0x0006A290,X_CANDIDATE,236.44284820557,437.29699707031,-0.40222930908203,236.74063110352,437.99700927734,437.69922637939,200.5563659668,0.70001220703125
289,0x001F2614,X_CANDIDATE,235.30954742432,437.29699707031,-1.402229309082,233.90731811523,437.29699707031,438.69922637939,203.38967895508,0.0
290,0x0020F728,X_CANDIDATE,233.5419921875,12527.821289063,12848.979492188,12615.4375,12527.821289063,321.158203125,87.6162109375,0.0
291,0x0020F734,X_CANDIDATE,233.5419921875,12527.821289063,12848.979492188,12615.4375,12527.821289063,321.158203125,87.6162109375,0.0
292,0x001F25FC,X_CANDIDATE,232.15955352783,333.84698486328,-107.0022354126,125.71286010742,333.29144287109,440.84922027588,208.13412475586,0.5555419921875
293,0x0020FF5C,X_CANDIDATE,231.9595413208,437.24700927734,-2.402229309082,230.21286010742,436.59146118164,439.64923858643,207.03414916992,0.65554809570313
294,0x001F1D28,X_CANDIDATE,230.8486328125,12325.538085938,12758.946289063,12527.821289063,12325.26171875,433.408203125,202.283203125,0.2763671875
295,0x001F1D30,X_CANDIDATE,230.8486328125,12345.538085938,12778.946289063,12547.821289063,12345.26171875,433.408203125,202.283203125,0.2763671875
296,0x001F1D38,X_CANDIDATE,230.8486328125,12325.538085938,12758.946289063,12527.821289063,12325.26171875,433.408203125,202.283203125,0.2763671875
297,0x001F1D40,X_CANDIDATE,230.8486328125,12305.538085938,12738.946289063,12507.821289063,12305.26171875,433.408203125,202.283203125,0.2763671875
298,0x0020F6F0,X_CANDIDATE,230.8486328125,12325.538085938,12758.946289063,12527.821289063,12325.26171875,433.408203125,202.283203125,0.2763671875
299,0x0020F70C,X_CANDIDATE,230.30859375,12331.014648438,12763.243164063,12529.969726563,12328.049804688,432.228515625,198.955078125,2.96484375
300,0x0020F71C,X_CANDIDATE,230.208984375,12325.538085938,12758.946289063,12525.671875,12322.47265625,433.408203125,200.1337890625,3.0654296875
301,0x003B2F58,ROTATION_CANDIDATE,230.0,0.0,0.0,0.0,230.0,0.0,0.0,230.0
302,0x0006A190,X_CANDIDATE,228.7685546875,12317.606445313,12758.946289063,12527.821289063,12315.25,441.33984375,210.21484375,2.3564453125
303,0x0007B9F8,X_CANDIDATE,226.69140625,17878.0859375,18104.77734375,17878.0859375,17878.0859375,226.69140625,0.0,0.0
304,0x00081638,ROTATION_CANDIDATE,225.15441894531,195.97441101074,192.5559387207,192.18200683594,-36.390884399414,3.4184722900391,3.7924041748047,232.36529541016
305,0x003B30B8,Z_CANDIDATE,202.0,205.0,203.0,0.0,204.0,2.0,205.0,1.0
306,0x0008164C,ROTATION_CANDIDATE,197.73077392578,162.57931518555,159.14622497559,162.36624145508,-38.797622680664,3.4330902099609,0.21307373046875,201.37693786621
307,0x001F2600,X_CANDIDATE,196.88410949707,333.84698486328,-107.0022354126,115.56241607666,308.16644287109,440.84922027588,218.28456878662,25.680541992188
308,0x0020FF54,X_CANDIDATE,196.88410949707,333.84698486328,-107.0022354126,115.56241607666,308.16644287109,440.84922027588,218.28456878662,25.680541992188
309,0x003B30BC,Z_CANDIDATE,195.0,216.0,215.0,20.0,216.0,1.0,196.0,0.0
310,0x001F21E0,Z_CANDIDATE,192.60400390625,-4348.5708007813,-4476.9736328125,-4669.5776367188,-4348.5708007813,128.40283203125,321.0068359375,0.0
311,0x003B2B7C,Z_CANDIDATE,190.84765625,8705.703125,19314.474609375,19505.322265625,8705.703125,10608.771484375,10799.619140625,0.0
312,0x002346E0,Z_CANDIDATE,188.197265625,19292.515625,19314.474609375,19507.94921875,19287.23828125,21.958984375,215.43359375,5.27734375
313,0x001F7140,Z_CANDIDATE,185.0,193.0,193.0,8.0,193.0,0.0,185.0,0.0
314,0x001F2004,X_CANDIDATE,184.0439453125,-3068.8239746094,-3252.8679199219,-3068.8239746094,-3068.8239746094,184.0439453125,0.0,0.0
315,0x001F23B4,X_CANDIDATE,184.0439453125,-6197.5693359375,-6013.525390625,-6197.5693359375,-6197.5693359375,184.0439453125,0.0,0.0
316,0x000D5C3C,ROTATION_CANDIDATE,181.875,-31.25,-41.5,-8.625,-246.0,10.25,22.625,214.75
317,0x000D5C4C,ROTATION_CANDIDATE,181.875,-31.25,-41.5,-8.625,-246.0,10.25,22.625,214.75
318,0x0007C138,ROTATION_CANDIDATE,181.1509552002,195.97441101074,192.5559387207,192.18200683594,7.6125793457031,3.4184722900391,3.7924041748047,188.36183166504
319,0x0007C158,ROTATION_CANDIDATE,181.1509552002,195.97441101074,192.5559387207,192.18200683594,7.6125793457031,3.4184722900391,3.7924041748047,188.36183166504
320,0x0007FFCC,ROTATION_CANDIDATE,181.1509552002,195.97441101074,192.5559387207,192.18200683594,7.6125793457031,3.4184722900391,3.7924041748047,188.36183166504
321,0x0007FFE8,ROTATION_CANDIDATE,181.1509552002,195.97441101074,192.5559387207,192.18200683594,7.6125793457031,3.4184722900391,3.7924041748047,188.36183166504
322,0x0007B9F0,X_CANDIDATE,180.494140625,17774.48046875,17954.974609375,17774.48046875,17774.48046875,180.494140625,0.0,0.0
323,0x00081624,ROTATION_CANDIDATE,179.90692138672,201.88104248047,198.52102661133,197.71017456055,14.443237304688,3.3600158691406,4.1708679199219,187.43780517578
324,0x0020FA80,X_CANDIDATE,173.63330078125,5596.3461914063,5769.9794921875,5596.3461914063,5596.3461914063,173.63330078125,0.0,0.0
325,0x0020FA8C,X_CANDIDATE,173.63330078125,5596.3461914063,5769.9794921875,5596.3461914063,5596.3461914063,173.63330078125,0.0,0.0
326,0x003B30F4,Z_CANDIDATE,171.0,215.0,216.0,42.0,216.0,1.0,173.0,1.0
327,0x0006A1F0,X_CANDIDATE,168.6748046875,5784.2509765625,5957.8842773438,5786.6220703125,5786.8383789063,173.63330078125,2.37109375,2.58740234375
328,0x0020FA48,X_CANDIDATE,168.6748046875,5784.2509765625,5957.8842773438,5786.6220703125,5786.8383789063,173.63330078125,2.37109375,2.58740234375
329,0x003B3374,ROTATION_CANDIDATE,164.95223672874,0.019376283511519,0.020547606050968,-0.0078393816947937,165.0,0.0011713225394487,0.027215665206313,164.98062371649
330,0x0020FA64,X_CANDIDATE,164.5517578125,5786.6064453125,5960.2397460938,5791.0268554688,5791.267578125,173.63330078125,4.42041015625,4.6611328125
331,0x000E743C,ROTATION_CANDIDATE,164.5,-25.375,-40.75,-9.625,-221.0,15.375,15.75,195.625
332,0x000E744C,ROTATION_CANDIDATE,164.5,-25.375,-40.75,-9.625,-221.0,15.375,15.75,195.625
333,0x003B2D5C,Z_CANDIDATE,164.11314857018,0.00034310796763748,0.001285218866542,165.0,0.88590931892395,0.0009421108989045,164.99965689203,0.88556621095631
334,0x0020FA74,X_CANDIDATE,163.9638671875,5781.8955078125,5955.5288085938,5786.6220703125,5786.8383789063,173.63330078125,4.7265625,4.94287109375
335,0x003B2FC4,Z_CANDIDATE,162.42782592773,0.0,0.0,162.42782592773,0.0,0.0,162.42782592773,0.0
336,0x000D3E10,Z_CANDIDATE,161.66015625,20165.5390625,20166.029296875,20329.734375,20167.583984375,0.490234375,164.1953125,2.044921875
337,0x000D3E50,Z_CANDIDATE,161.64453125,20165.5390625,20166.029296875,20329.73046875,20167.595703125,0.490234375,164.19140625,2.056640625
338,0x001F2034,X_CANDIDATE,160.81935119629,308.00759887695,142.27662658691,305.62127685547,305.48229980469,165.73097229004,2.3863220214844,2.5252990722656
339,0x003B2AB4,Z_CANDIDATE,159.861328125,20165.57421875,20166.13671875,20329.73046875,20169.306640625,0.5625,164.15625,3.732421875
340,0x003B2B0C,Z_CANDIDATE,159.861328125,20165.57421875,20166.13671875,20329.73046875,20169.306640625,0.5625,164.15625,3.732421875
341,0x00105310,Z_CANDIDATE,159.853515625,20165.57421875,20166.13671875,20329.72265625,20169.306640625,0.5625,164.1484375,3.732421875
342,0x0006D248,Z_CANDIDATE,159.849609375,20165.57421875,20166.13671875,20329.71875,20169.306640625,0.5625,164.14453125,3.732421875
343,0x000D3010,Z_CANDIDATE,159.849609375,20195.57421875,20196.13671875,20359.71875,20199.306640625,0.5625,164.14453125,3.732421875
344,0x000D3018,Z_CANDIDATE,159.849609375,20165.57421875,20166.13671875,20329.71875,20169.306640625,0.5625,164.14453125,3.732421875
345,0x000D3020,Z_CANDIDATE,159.849609375,20135.57421875,20136.13671875,20299.71875,20139.306640625,0.5625,164.14453125,3.732421875
346,0x000D3028,Z_CANDIDATE,159.849609375,20165.57421875,20166.13671875,20329.71875,20169.306640625,0.5625,164.14453125,3.732421875
347,0x000D33EC,Z_CANDIDATE,159.849609375,20165.57421875,20166.13671875,20329.71875,20169.306640625,0.5625,164.14453125,3.732421875
348,0x000D3404,Z_CANDIDATE,159.849609375,20165.57421875,20166.13671875,20329.71875,20169.306640625,0.5625,164.14453125,3.732421875
349,0x000D3414,Z_CANDIDATE,159.849609375,20165.57421875,20166.13671875,20329.71875,20169.306640625,0.5625,164.14453125,3.732421875
350,0x000F8B10,Z_CANDIDATE,159.849609375,20165.57421875,20166.13671875,20329.71875,20169.306640625,0.5625,164.14453125,3.732421875
351,0x000D3368,Z_CANDIDATE,159.845703125,20165.57421875,20166.13671875,20329.71484375,20169.306640625,0.5625,164.140625,3.732421875
352,0x000D3324,Z_CANDIDATE,159.79296875,20165.5703125,20166.1328125,20329.66015625,20169.3046875,0.5625,164.08984375,3.734375
353,0x0006ADFC,Z_CANDIDATE,158.9033203125,3194.3212890625,3194.3212890625,3035.41796875,3194.3212890625,0.0,158.9033203125,0.0
354,0x0007C178,ROTATION_CANDIDATE,155.45639038086,162.57931518555,159.14622497559,162.36624145508,3.4767608642578,3.4330902099609,0.21307373046875,159.10255432129
355,0x0007C198,ROTATION_CANDIDATE,155.45639038086,162.57931518555,159.14622497559,162.36624145508,3.4767608642578,3.4330902099609,0.21307373046875,159.10255432129
356,0x0007C1B8,ROTATION_CANDIDATE,155.45639038086,162.57931518555,159.14622497559,162.36624145508,3.4767608642578,3.4330902099609,0.21307373046875,159.10255432129
357,0x0007C1D8,ROTATION_CANDIDATE,155.45639038086,162.57931518555,159.14622497559,162.36624145508,3.4767608642578,3.4330902099609,0.21307373046875,159.10255432129
358,0x00080004,ROTATION_CANDIDATE,155.45639038086,162.57931518555,159.14622497559,162.36624145508,3.4767608642578,3.4330902099609,0.21307373046875,159.10255432129
359,0x0006AD2C,Z_CANDIDATE,146.376953125,3157.1171875,3157.19140625,3324.8359375,3178.384765625,0.07421875,167.71875,21.267578125
360,0x003B2A2C,X_CANDIDATE,139.306640625,-11.365234375,192.78076171875,52.82568359375,-12.013671875,204.14599609375,64.19091796875,0.6484375
361,0x000D3A68,Z_CANDIDATE,136.69921875,20133.759765625,20134.248046875,20297.833984375,20160.646484375,0.48828125,164.07421875,26.88671875
362,0x000D3AA8,Z_CANDIDATE,136.69140625,20133.763671875,20134.25,20297.82421875,20160.646484375,0.486328125,164.060546875,26.8828125
363,0x0006AD60,Z_CANDIDATE,136.583984375,2963.07421875,2974.75390625,3130.505859375,2982.2421875,11.6796875,167.431640625,19.16796875
364,0x0006AD94,Z_CANDIDATE,136.27734375,3195.53125,3207.359375,3363.02734375,3214.921875,11.828125,167.49609375,19.390625
365,0x003B2A28,X_CANDIDATE,135.0,0.0,-182.0,-47.0,0.0,182.0,47.0,0.0
366,0x003B2EB0,Z_CANDIDATE,133.08435058594,1726.5882568359,1894.87109375,19053.03515625,18751.66796875,168.28283691406,17326.446899414,17025.079711914
367,0x0007FFE0,ROTATION_CANDIDATE,132.31080627441,136.4174041748,133.68771362305,136.79431152344,1.0,2.7296905517578,0.37690734863281,135.4174041748
368,0x003B2A14,Z_CANDIDATE,129.8330078125,1053.5837402344,-503.43798828125,-633.84838867188,1053.0063476563,1557.0217285156,1687.4321289063,0.577392578125
369,0x003B2E90,X_CANDIDATE,128.0,-29.0,-176.0,-10.0,-29.0,147.0,19.0,0.0
370,0x001F220C,X_CANDIDATE,126.12838745117,59.624328613281,238.49731445313,13.759460449219,52.744598388672,178.87298583984,45.864868164063,6.8797302246094
371,0x0006A164,Z_CANDIDATE,125.6220703125,3920.337890625,3920.337890625,4053.046875,3927.4248046875,0.0,132.708984375,7.0869140625
372,0x001F23BC,X_CANDIDATE,124.12255859375,-3351.3100585938,-3227.1875,-3351.3100585938,-3351.3100585938,124.12255859375,0.0,0.0
373,0x001F7F04,X_CANDIDATE,124.0,82.5,264.5,140.0,82.0,182.0,57.5,0.5
374,0x000D3AB8,Z_CANDIDATE,121.740234375,20098.43359375,20099.009765625,20262.45703125,20140.140625,0.576171875,164.0234375,41.70703125
375,0x001F7068,ROTATION_CANDIDATE,121.0,120.0,120.0,120.0,-1.0,0.0,0.0,121.0
376,0x001F7098,ROTATION_CANDIDATE,121.0,-1.0,-1.0,-1.0,120.0,0.0,0.0,121.0
377,0x001F7124,Z_CANDIDATE,121.0,120.0,120.0,-1.0,120.0,0.0,121.0,0.0
378,0x001F7154,Z_CANDIDATE,121.0,-1.0,-1.0,120.0,-1.0,0.0,121.0,0.0
379,0x001F7E5C,X_CANDIDATE,121.0,120.0,-1.0,120.0,120.0,121.0,0.0,0.0
380,0x003B2FB0,Z_CANDIDATE,114.43724822998,0.0,0.0,221.43948364258,-107.0022354126,0.0,221.43948364258,107.0022354126
381,0x0020C494,ROTATION_CANDIDATE,108.30001068115,0.0,0.0,0.0,108.30001068115,0.0,0.0,108.30001068115
382,0x0020C4A0,ROTATION_CANDIDATE,108.30001068115,0.0,0.0,0.0,108.30001068115,0.0,0.0,108.30001068115
383,0x001F7E78,X_CANDIDATE,107.5,120.75,13.25,120.75,120.75,107.5,0.0,0.0
384,0x003B3560,Z_CANDIDATE,105.71691131592,106.27570343018,106.68029785156,0.0,106.42990112305,0.40459442138672,106.27570343018,0.15419769287109
385,0x003B3564,Z_CANDIDATE,105.37886810303,106.8359375,105.85229492188,0.0,106.36251068115,0.983642578125,106.8359375,0.47342681884766
386,0x003B2A30,X_CANDIDATE,104.07739257813,-8.62158203125,-173.009765625,-67.9794921875,-7.668701171875,164.38818359375,59.35791015625,0.952880859375
387,0x003B31E8,ROTATION_CANDIDATE,103.19470995665,-1.4467042684555,-0.72941809892654,0.0,-106.80540466309,0.71728616952896,1.4467042684555,105.35870039463
388,0x0020FA88,X_CANDIDATE,100.4501953125,-2962.8098144531,-3063.2600097656,-2962.8098144531,-2962.8098144531,100.4501953125,0.0,0.0
389,0x0020FA94,X_CANDIDATE,100.4501953125,-2962.8098144531,-3063.2600097656,-2962.8098144531,-2962.8098144531,100.4501953125,0.0,0.0
390,0x0006A1F8,X_CANDIDATE,99.730712890625,-3101.056640625,-3201.5068359375,-3100.7866210938,-3101.5061035156,100.4501953125,0.27001953125,0.449462890625
391,0x0020FA50,X_CANDIDATE,99.730712890625,-3101.056640625,-3201.5068359375,-3100.7866210938,-3101.5061035156,100.4501953125,0.27001953125,0.449462890625
392,0x0020FA7C,X_CANDIDATE,99.730712890625,-3101.4221191406,-3201.8723144531,-3100.7866210938,-3101.5061035156,100.4501953125,0.635498046875,0.083984375
393,0x0020FA6C,X_CANDIDATE,99.466796875,-3100.6909179688,-3201.1411132813,-3099.7827148438,-3100.6157226563,100.4501953125,0.908203125,0.0751953125
394,0x003B2D80,ROTATION_CANDIDATE,98.910106658936,53.955883026123,59.214721679688,0.0,-104.1689453125,5.2588386535645,53.955883026123,158.12482833862
395,0x0006CBD8,ROTATION_CANDIDATE,96.0703125,-22.6953125,-21.26953125,141.3671875,-284.25390625,1.42578125,164.0625,261.55859375
396,0x003B2A70,X_CANDIDATE,96.016845703125,3879.3784179688,4052.990234375,3956.0205078125,3880.3312988281,173.61181640625,76.64208984375,0.952880859375
397,0x003B3164,Z_CANDIDATE,96.0,96.0,96.0,0.0,96.0,0.0,96.0,0.0
398,0x000D332C,X_CANDIDATE,94.21875,16891.7421875,16788.9296875,16885.6171875,16889.2734375,102.8125,6.125,2.46875
399,0x0006D250,X_CANDIDATE,94.21484375,16891.73046875,16788.916015625,16885.6015625,16889.259765625,102.814453125,6.12890625,2.470703125
400,0x000D3014,X_CANDIDATE,94.21484375,16891.73046875,16788.916015625,16885.6015625,16889.259765625,102.814453125,6.12890625,2.470703125
401,0x000D301C,X_CANDIDATE,94.21484375,16921.73046875,16818.916015625,16915.6015625,16919.259765625,102.814453125,6.12890625,2.470703125
402,0x000D3024,X_CANDIDATE,94.21484375,16891.73046875,16788.916015625,16885.6015625,16889.259765625,102.814453125,6.12890625,2.470703125
403,0x000D302C,X_CANDIDATE,94.21484375,16861.73046875,16758.916015625,16855.6015625,16859.259765625,102.814453125,6.12890625,2.470703125
404,0x000D3370,X_CANDIDATE,94.21484375,16891.73046875,16788.916015625,16885.6015625,16889.259765625,102.814453125,6.12890625,2.470703125
405,0x000D33F4,X_CANDIDATE,94.21484375,16891.73046875,16788.916015625,16885.6015625,16889.259765625,102.814453125,6.12890625,2.470703125
406,0x000D340C,X_CANDIDATE,94.21484375,16891.73046875,16788.916015625,16885.6015625,16889.259765625,102.814453125,6.12890625,2.470703125
407,0x000D341C,X_CANDIDATE,94.21484375,16891.73046875,16788.916015625,16885.6015625,16889.259765625,102.814453125,6.12890625,2.470703125
408,0x000F8B18,X_CANDIDATE,94.21484375,16891.73046875,16788.916015625,16885.6015625,16889.259765625,102.814453125,6.12890625,2.470703125
409,0x00105318,X_CANDIDATE,94.21484375,16891.73046875,16788.916015625,16885.6015625,16889.259765625,102.814453125,6.12890625,2.470703125
410,0x003B2CD8,X_CANDIDATE,94.21484375,16891.73046875,16788.916015625,16885.6015625,16889.259765625,102.814453125,6.12890625,2.470703125
411,0x000D3E58,X_CANDIDATE,93.775390625,16893.69921875,16790.80078125,16887.787109375,16890.48828125,102.8984375,5.912109375,3.2109375
412,0x000D3E18,X_CANDIDATE,93.75390625,16893.728515625,16790.796875,16887.78125,16890.498046875,102.931640625,5.947265625,3.23046875
413,0x003B2E94,X_CANDIDATE,78.0,-42.0,73.0,-79.0,-42.0,115.0,37.0,0.0
414,0x002866A4,Z_CANDIDATE,77.635332677513,-0.10192379355431,-0.0056375898420811,-82.380126953125,-4.6485080718994,0.096286203712225,82.278203159571,4.5465842783451
415,0x002866A8,Z_CANDIDATE,75.687840099446,-0.047055318951607,-0.0033070547506213,-80.380096435547,-4.6485080718994,0.043748264200985,80.333041116595,4.6014527529478
416,0x003B2D74,ROTATION_CANDIDATE,74.0,0.0,0.0,0.0,-74.0,0.0,0.0,74.0
417,0x002866AC,Z_CANDIDATE,73.704587424174,-0.028898596763611,-0.0019281748682261,-78.380065917969,-4.6485080718994,0.026970421895385,78.351167321205,4.6196094751358
418,0x000D3AB0,X_CANDIDATE,72.9921875,16880.603515625,16777.49609375,16874.404296875,16856.6875,103.107421875,6.19921875,23.916015625
419,0x000D3A70,X_CANDIDATE,72.986328125,16880.603515625,16777.49609375,16874.40234375,16856.68359375,103.107421875,6.201171875,23.919921875
420,0x001F21D8,Z_CANDIDATE,72.761505126953,222.56465148926,158.36331176758,359.52749633789,222.56465148926,64.20133972168,136.96284484863,0.0
421,0x001E8D94,Z_CANDIDATE,72.677734375,18867.072265625,19037.255859375,19120.48828125,18856.517578125,170.18359375,253.416015625,10.5546875
422,0x001F1C78,Z_CANDIDATE,67.274261474609,261.81484985352,394.43786621094,61.917572021484,261.81484985352,132.62301635742,199.89727783203,0.0
423,0x001F2210,Z_CANDIDATE,63.572875976563,152.75263977051,278.50192260742,346.79315185547,148.03428649902,125.74928283691,194.04051208496,4.7183532714844
424,0x00079E80,Z_CANDIDATE,61.75,236.5,71.25,9.5,236.5,165.25,227.0,0.0
425,0x0006D21C,Z_CANDIDATE,60.21484375,18851.240234375,19052.78515625,19118.27734375,18845.962890625,201.544921875,267.037109375,5.27734375
426,0x0006A29C,ROTATION_CANDIDATE,59.330078125,3372.0859375,3333.810546875,3361.443359375,3263.837890625,38.275390625,10.642578125,108.248046875
427,0x00079F28,Z_CANDIDATE,56.601613521576,0.0,102.81600952148,164.3765411377,4.958918094635,102.81600952148,164.3765411377,4.958918094635
428,0x000D30A8,ROTATION_CANDIDATE,56.0,90.318588256836,90.318588256836,90.318588256836,146.31858825684,0.0,0.0,56.0
429,0x002346D0,Z_CANDIDATE,54.14453125,18502.041015625,18728.658203125,18788.080078125,18496.763671875,226.6171875,286.0390625,5.27734375
430,0x003B3080,Z_CANDIDATE,52.0,0.0,0.0,52.0,0.0,0.0,52.0,0.0
431,0x00286698,Z_CANDIDATE,51.537096321583,-13.797206878662,-0.024992287158966,-88.380218505859,-4.5235061645508,13.772214591503,74.583011627197,9.2737007141113
432,0x0028669C,Z_CANDIDATE,49.526778280735,-13.797203063965,-0.014693319797516,-86.380187988281,-4.5235061645508,13.782509744167,72.582984924316,9.2736968994141
433,0x002346C8,Z_CANDIDATE,48.880859375,19112.30859375,18997.498046875,19281.27734375,19107.03125,114.810546875,168.96875,5.27734375
434,0x002866A0,Z_CANDIDATE,48.273432705551,-13.546436309814,-0.009077999740839,-84.380157470703,-4.5235061645508,13.537358310074,70.833721160889,9.0229301452637
435,0x003B3160,Z_CANDIDATE,48.0,48.0,48.0,0.0,48.0,0.0,48.0,0.0
436,0x003B32A0,Z_CANDIDATE,48.0,48.0,48.0,0.0,48.0,0.0,48.0,0.0
437,0x000D3AC0,X_CANDIDATE,43.861328125,16879.513671875,16778.458984375,16873.966796875,16827.8671875,101.0546875,5.546875,51.646484375
438,0x003B2B74,Z_CANDIDATE,40.0,40.0,40.0,0.0,40.0,0.0,40.0,0.0
439,0x0007C210,ROTATION_CANDIDATE,37.923049926758,83.132591247559,80.728561401367,85.300521850586,40.637580871582,2.4040298461914,2.1679306030273,42.495010375977
440,0x00080034,ROTATION_CANDIDATE,37.923049926758,83.132591247559,80.728561401367,85.300521850586,40.637580871582,2.4040298461914,2.1679306030273,42.495010375977
441,0x000816A8,ROTATION_CANDIDATE,37.923049926758,83.132591247559,80.728561401367,85.300521850586,40.637580871582,2.4040298461914,2.1679306030273,42.495010375977
442,0x00081628,ROTATION_CANDIDATE,37.891372680664,216.32655334473,216.4323425293,211.52725219727,259.12301635742,0.10578918457031,4.7993011474609,42.796463012695
443,0x003B2A68,Z_CANDIDATE,37.35009765625,476.484375,476.61572265625,514.837890625,477.3564453125,0.13134765625,38.353515625,0.8720703125
444,0x003B2A78,Z_CANDIDATE,37.35009765625,4711.484375,4711.6157226563,4749.837890625,4712.3564453125,0.13134765625,38.353515625,0.8720703125
445,0x003B2AD0,Z_CANDIDATE,37.35009765625,4711.484375,4711.6157226563,4749.837890625,4712.3564453125,0.13134765625,38.353515625,0.8720703125
446,0x0007C1F8,ROTATION_CANDIDATE,35.819358825684,85.174713134766,81.788482666016,87.744445800781,43.399391174316,3.38623046875,2.5697326660156,41.775321960449
447,0x0007C218,ROTATION_CANDIDATE,35.819358825684,85.174713134766,81.788482666016,87.744445800781,43.399391174316,3.38623046875,2.5697326660156,41.775321960449
448,0x00080020,ROTATION_CANDIDATE,35.819358825684,85.174713134766,81.788482666016,87.744445800781,43.399391174316,3.38623046875,2.5697326660156,41.775321960449
449,0x0008003C,ROTATION_CANDIDATE,35.819358825684,85.174713134766,81.788482666016,87.744445800781,43.399391174316,3.38623046875,2.5697326660156,41.775321960449
450,0x000816BC,ROTATION_CANDIDATE,35.589027404785,101.5735168457,99.4052734375,103.07817077637,62.311592102051,2.1682434082031,1.5046539306641,39.261924743652
451,0x000816B0,ROTATION_CANDIDATE,33.992263793945,104.14503479004,101.22863769531,105.83280944824,65.548599243164,2.9163970947266,1.6877746582031,38.596435546875
452,0x001F1E58,X_CANDIDATE,33.846313476563,599.27386474609,633.12017822266,599.27386474609,599.27386474609,33.846313476563,0.0,0.0
453,0x0020FF7C,Z_CANDIDATE,32.759765625,19686.048828125,19764.162109375,19821.99609375,19711.123046875,78.11328125,135.947265625,25.07421875
454,0x000816C4,ROTATION_CANDIDATE,32.679466247559,122.48170471191,119.89331054688,123.49911499023,86.196434020996,2.5883941650391,1.0174102783203,36.285270690918
455,0x003B3108,Z_CANDIDATE,30.999877929688,40.0,40.0,-30.999877929688,0.0,0.0,70.999877929688,40.0
456,0x0007C1F0,ROTATION_CANDIDATE,30.659133911133,37.428428649902,36.136627197266,41.905921936035,1.0,1.2918014526367,4.4774932861328,36.428428649902
457,0x00080018,ROTATION_CANDIDATE,30.659133911133,37.428428649902,36.136627197266,41.905921936035,1.0,1.2918014526367,4.4774932861328,36.428428649902
458,0x002E1F04,X_CANDIDATE,29.867895616335,29.867252349854,-0.00064326648134738,29.867252349854,29.867252349854,29.867895616335,0.0,0.0
459,0x001F23E8,X_CANDIDATE,29.811859130859,424.25003051758,128.42163085938,687.97332763672,421.95678710938,295.8283996582,263.72329711914,2.2932434082031
460,0x001F7054,ROTATION_CANDIDATE,29.25,0.25,0.25,0.25,29.5,0.0,0.0,29.25
461,0x003B32CC,Z_CANDIDATE,27.701293945313,1636.21875,1623.3515625,1683.0001220703,1630.005859375,12.8671875,46.781372070313,6.212890625
462,0x0020FF8C,Z_CANDIDATE,27.623046875,19683.9609375,19768.794921875,19819.111328125,19706.654296875,84.833984375,135.150390625,22.693359375
463,0x001F1E54,Z_CANDIDATE,27.518920898438,224.73785400391,458.64868164063,488.46084594727,222.4446105957,233.91082763672,263.72299194336,2.2932434082031
464,0x0020FF60,Z_CANDIDATE,26.83203125,19683.9609375,19768.794921875,19820.5546875,19708.888671875,84.833984375,136.59375,24.927734375
465,0x002346D8,X_CANDIDATE,25.60546875,18682.25,19045.634765625,19014.751953125,18676.97265625,363.384765625,332.501953125,5.27734375
466,0x00079E84,X_CANDIDATE,24.699211120605,94.600105285645,130.8996887207,106.20018768311,94.599815368652,36.299583435059,11.600082397461,0.0002899169921875
467,0x0020F720,X_CANDIDATE,24.66015625,17013.35546875,17051.259765625,17000.111328125,17013.35546875,37.904296875,13.244140625,0.0
468,0x0020F72C,X_CANDIDATE,24.66015625,17013.35546875,17051.259765625,17000.111328125,17013.35546875,37.904296875,13.244140625,0.0
469,0x003B2A6C,X_CANDIDATE,22.01220703125,1597.5837402344,1573.5620117188,1596.1516113281,1597.0063476563,24.021728515625,1.43212890625,0.577392578125
470,0x003B2AD4,X_CANDIDATE,22.01220703125,3946.5837402344,3922.5620117188,3945.1516113281,3946.0063476563,24.021728515625,1.43212890625,0.577392578125
471,0x001F2618,Z_CANDIDATE,21.4375,19682.33984375,19773.05078125,19817.609375,19705.4609375,90.7109375,135.26953125,23.12109375
472,0x003B3370,ROTATION_CANDIDATE,20.999172449112,-0.99950706958771,-0.99976789951324,-0.99958086013794,20.0,0.00026082992553711,7.3790550231934e-05,20.999507069588
473,0x0006A294,Z_CANDIDATE,19.318359375,19682.33984375,19777.005859375,19814.4921875,19700.5078125,94.666015625,132.15234375,18.16796875
474,0x003B2D7C,ROTATION_CANDIDATE,18.596675872803,15.661238670349,15.729113578796,0.0,-18.66455078125,0.067874908447266,15.661238670349,34.325789451599
475,0x003B33C4,ROTATION_CANDIDATE,15.859889030457,-152.8897857666,-152.89714050293,0.0,15.867243766785,0.007354736328125,152.8897857666,168.75702953339
476,0x001F1AE8,Z_CANDIDATE,14.9091796875,16221.547851563,16221.547851563,16236.45703125,16221.547851563,0.0,14.9091796875,0.0
477,0x0006A154,Z_CANDIDATE,14.8095703125,16221.647460938,16221.647460938,16236.556640625,16221.547851563,0.0,14.9091796875,0.099609375
478,0x001F1B48,Z_CANDIDATE,14.7099609375,16241.647460938,16241.647460938,16256.45703125,16241.547851563,0.0,14.8095703125,0.099609375
479,0x001F1B50,Z_CANDIDATE,14.7099609375,16221.647460938,16221.647460938,16236.45703125,16221.547851563,0.0,14.8095703125,0.099609375
480,0x001F1B58,Z_CANDIDATE,14.7099609375,16201.647460938,16201.647460938,16216.45703125,16201.547851563,0.0,14.8095703125,0.099609375
481,0x001F1B60,Z_CANDIDATE,14.7099609375,16221.647460938,16221.647460938,16236.45703125,16221.547851563,0.0,14.8095703125,0.099609375
482,0x0020F538,Z_CANDIDATE,14.51953125,16221.647460938,16221.647460938,16236.266601563,16221.547851563,0.0,14.619140625,0.099609375
483,0x0020F564,Z_CANDIDATE,14.51953125,16221.647460938,16221.647460938,16236.266601563,16221.547851563,0.0,14.619140625,0.099609375
484,0x0020F554,Z_CANDIDATE,14.12109375,16221.647460938,16221.647460938,16235.868164063,16221.547851563,0.0,14.220703125,0.099609375
485,0x002866B0,Z_CANDIDATE,13.428746817634,-0.018156245350838,-0.0012262593954802,-18.094184875488,-4.6485080718994,0.016929985955358,18.076028630137,4.6303518265486
486,0x003B2E00,X_CANDIDATE,13.266700744629,98.883445739746,-112.15014648438,0.0,0.0,211.03359222412,98.883445739746,98.883445739746
487,0x001F836C,Z_CANDIDATE,13.0,27.0,24.0,10.5,26.5,3.0,16.5,0.5
488,0x000816A0,ROTATION_CANDIDATE,11.881645202637,116.90207672119,116.51465606689,116.9885635376,129.25762939453,0.38742065429688,0.08648681640625,12.35555267334
489,0x003B2B94,Z_CANDIDATE,11.09765625,202.35546875,205.22265625,216.708984375,202.744140625,2.8671875,14.353515625,0.388671875
490,0x003B2BC8,Z_CANDIDATE,11.09765625,18024.6484375,18027.515625,18039.001953125,18025.037109375,2.8671875,14.353515625,0.388671875
491,0x003B33C0,ROTATION_CANDIDATE,10.257960319519,-9.0621099472046,-9.2554922103882,0.0,10.451342582703,0.19338226318359,9.0621099472046,19.513452529907
492,0x003B2FC0,Z_CANDIDATE,9.3927918672562,0.0,0.0,10.0,0.60720813274384,0.0,10.0,0.60720813274384
493,0x0006A188,Z_CANDIDATE,8.828125,16608.88671875,16628.146484375,16576.787109375,16612.8984375,19.259765625,32.099609375,4.01171875
494,0x0007FFEC,ROTATION_CANDIDATE,8.7683563232422,216.32655334473,216.4323425293,211.52725219727,230.0,0.10578918457031,4.7993011474609,13.673446655273
495,0x0020FC30,Z_CANDIDATE,8.5601806640625,-76.929534912109,210.74487304688,219.30505371094,-76.929534912109,287.67440795898,296.23458862305,0.0
496,0x0020FC3C,Z_CANDIDATE,8.5601806640625,-76.929534912109,210.74487304688,219.30505371094,-76.929534912109,287.67440795898,296.23458862305,0.0
497,0x002DE59C,X_CANDIDATE,7.5503051877022,0.57501620054245,8.1253213882446,0.57501620054245,0.57501620054245,7.5503051877022,0.0,0.0
498,0x001F2258,ROTATION_CANDIDATE,7.2453994750977,64.52417755127,64.52417755127,64.52417755127,71.769577026367,0.0,0.0,7.2453994750977
499,0x0005D7A8,X_CANDIDATE,7.1468451023102,-3.527578830719,3.7637875080109,-3.6721000671387,-3.527578830719,7.2913663387299,0.14452123641968,0.0
500,0x003B2A24,X_CANDIDATE,7.0,-5.0,32.0,-35.0,-5.0,37.0,30.0,0.0
501,0x000D35FC,X_CANDIDATE,6.9910893440247,-1.3668618202209,10.185981750488,2.4852914810181,-2.0764627456665,11.552843570709,3.852153301239,0.70960092544556
502,0x003B320C,ROTATION_CANDIDATE,6.2780334388372,-0.0020793022122234,0.0030727409757674,0.0,6.2831854820251,0.0051520431879908,0.0020793022122234,6.2852647842374
503,0x0006A130,Z_CANDIDATE,5.119140625,1265.75390625,1269.73828125,1430.25,1110.361328125,3.984375,164.49609375,155.392578125
504,0x001F7110,Z_CANDIDATE,5.0,4.5,4.5,10.0,4.0,0.0,5.5,0.5
505,0x003B2E88,ROTATION_CANDIDATE,4.9976806640625,1021.8192749023,1021.8215942383,-102.0,-107.0,0.0023193359375,1123.8192749023,1128.8192749023
506,0x001EF1D8,ROTATION_CANDIDATE,4.5868530273438,697.146484375,697.146484375,697.146484375,692.55963134766,0.0,0.0,4.5868530273438
507,0x001F1C4C,X_CANDIDATE,4.2802734375,12527.821289063,12763.2265625,12758.946289063,12527.821289063,235.4052734375,231.125,0.0
508,0x0020FC14,Z_CANDIDATE,4.2539215087891,76.347457885742,364.02185058594,372.58203125,80.653717041016,287.6743927002,296.23457336426,4.3062591552734
509,0x001F1D24,Z_CANDIDATE,4.236328125,16626.158203125,16648.146484375,16596.787109375,16629.3046875,21.98828125,29.37109375,3.146484375
510,0x001F1D2C,Z_CANDIDATE,4.236328125,16606.158203125,16628.146484375,16576.787109375,16609.3046875,21.98828125,29.37109375,3.146484375
511,0x001F1D34,Z_CANDIDATE,4.236328125,16586.158203125,16608.146484375,16556.787109375,16589.3046875,21.98828125,29.37109375,3.146484375
512,0x001F1D3C,Z_CANDIDATE,4.236328125,16606.158203125,16628.146484375,16576.787109375,16609.3046875,21.98828125,29.37109375,3.146484375
513,0x0020F6E8,Z_CANDIDATE,4.236328125,16606.158203125,16628.146484375,16576.787109375,16609.3046875,21.98828125,29.37109375,3.146484375
514,0x0006A224,Z_CANDIDATE,4.1392669677734,71.853088378906,359.52749633789,368.08767700195,76.274002075195,287.67440795898,296.23458862305,4.4209136962891
515,0x0020FBF8,Z_CANDIDATE,4.1392669677734,71.853088378906,359.52749633789,368.08767700195,76.274002075195,287.67440795898,296.23458862305,4.4209136962891
516,0x0020FC24,Z_CANDIDATE,4.1392669677734,71.853088378906,359.52749633789,368.08767700195,76.274002075195,287.67440795898,296.23458862305,4.4209136962891
517,0x000483AC,X_CANDIDATE,4.1166687011719,36.166667938232,42.216667175293,38.099998474121,36.166667938232,6.0499992370605,1.9333305358887,0.0
518,0x000483BC,X_CANDIDATE,4.1166687011719,36.166667938232,42.216667175293,38.099998474121,36.166667938232,6.0499992370605,1.9333305358887,0.0
519,0x000483A4,X_CANDIDATE,4.1166667938232,15.766666412354,21.816667556763,17.700000762939,15.766666412354,6.0500011444092,1.9333343505859,0.0
520,0x000483B4,X_CANDIDATE,4.1166667938232,15.766666412354,21.816667556763,17.700000762939,15.766666412354,6.0500011444092,1.9333343505859,0.0
521,0x002866C0,ROTATION_CANDIDATE,3.8147509396076,-0.0028798021376133,-0.00016472116112709,-0.83104205131531,-4.6485080718994,0.0027150809764862,0.82816224917769,4.6456282697618
522,0x0005E660,Z_CANDIDATE,3.6989079713821,1.7927010059357,1.8558101654053,-1.9875172376633,1.8109021186829,0.063109159469604,3.7802182435989,0.018201112747192
523,0x000D38B4,X_CANDIDATE,3.4987035989761,-3.8542408943176,3.3418147563934,-1.2665475606918,-4.9638996124268,7.1960556507111,2.5876933336258,1.1096587181091
524,0x001F2674,Z_CANDIDATE,3.46484375,19683.9609375,19795.58984375,19820.5546875,19705.4609375,111.62890625,136.59375,21.5
525,0x001F267C,Z_CANDIDATE,3.46484375,19703.9609375,19815.58984375,19840.5546875,19725.4609375,111.62890625,136.59375,21.5
526,0x001F2684,Z_CANDIDATE,3.46484375,19683.9609375,19795.58984375,19820.5546875,19705.4609375,111.62890625,136.59375,21.5
527,0x001F268C,Z_CANDIDATE,3.46484375,19663.9609375,19775.58984375,19800.5546875,19685.4609375,111.62890625,136.59375,21.5
528,0x003B2D90,ROTATION_CANDIDATE,3.4559743404388,0.0,0.0,0.0,-3.4559743404388,0.0,0.0,3.4559743404388
529,0x002866BC,ROTATION_CANDIDATE,3.3885088179959,-0.0044168718159199,-0.00026078044902533,-1.2558431625366,-4.6485080718994,0.0041560913668945,1.2514262907207,4.6440912000835
530,0x0020F714,Z_CANDIDATE,3.3828125,16606.158203125,16628.146484375,16576.955078125,16609.990234375,21.98828125,29.203125,3.83203125
531,0x0006A214,X_CANDIDATE,3.3125,201724.671875,201727.984375,201724.671875,201724.671875,3.3125,0.0,0.0
532,0x000D3C60,Z_CANDIDATE,3.3037604093552,2.9131102561951,3.6314370632172,-3.096223115921,0.92586410045624,0.71832680702209,6.0093333721161,1.9872461557388
533,0x001F2260,ROTATION_CANDIDATE,3.17333984375,-4321.181640625,-4321.181640625,-4321.181640625,-4324.3549804688,0.0,0.0,3.17333984375
534,0x003B312C,Z_CANDIDATE,3.1415927410126,96.0,96.0,0.0,3.1415927410126,0.0,96.0,92.858407258987
535,0x00210114,X_CANDIDATE,3.1415207386017,4.0934662818909,0.95194554328918,4.0934662818909,4.0934662818909,3.1415207386017,0.0,0.0
536,0x00210120,X_CANDIDATE,3.1415205001831,4.0934662818909,0.95194578170776,4.0934662818909,4.0934662818909,3.1415205001831,0.0,0.0
537,0x00210130,X_CANDIDATE,3.1415205001831,4.0934662818909,0.95194578170776,4.0934662818909,4.0934662818909,3.1415205001831,0.0,0.0
538,0x003B2F18,X_CANDIDATE,2.9946683645248,1877.0,-1878.0,0.99733459949493,0.99733376502991,3755.0,1876.0026654005,1876.002666235
539,0x0005D7A0,ROTATION_CANDIDATE,2.9311861991882,-3.527578830719,-7.6462097167969,-7.6462097167969,7.640869140625,4.1186308860779,4.1186308860779,11.168447971344
540,0x0020FA54,X_CANDIDATE,2.874987244606,1.4659807682037,4.3434128761292,1.4660766124725,1.4636317491531,2.8774321079254,9.5844268798828e-05,0.0023490190505981
541,0x0020FA60,X_CANDIDATE,2.874987244606,1.4659807682037,4.3434128761292,1.4660766124725,1.4636317491531,2.8774321079254,9.5844268798828e-05,0.0023490190505981
542,0x0020FA70,X_CANDIDATE,2.874987244606,1.4659807682037,4.3434128761292,1.4660766124725,1.4636317491531,2.8774321079254,9.5844268798828e-05,0.0023490190505981
543,0x001F1AF0,Z_CANDIDATE,2.806640625,20308.923828125,20308.923828125,20311.73046875,20308.923828125,0.0,2.806640625,0.0
544,0x0006A15C,Z_CANDIDATE,2.798828125,20308.931640625,20308.931640625,20311.73828125,20308.923828125,0.0,2.806640625,0.0078125
545,0x002866B8,ROTATION_CANDIDATE,2.7922472802456,-0.007102457806468,-0.00044388859532773,-1.8496022224426,-4.6485080718994,0.0066585692111403,1.8424997646362,4.6414056140929
546,0x001F1B4C,Z_CANDIDATE,2.791015625,20308.931640625,20308.931640625,20311.73046875,20308.923828125,0.0,2.798828125,0.0078125
547,0x001F1B54,Z_CANDIDATE,2.791015625,20328.931640625,20328.931640625,20331.73046875,20328.923828125,0.0,2.798828125,0.0078125
548,0x001F1B5C,Z_CANDIDATE,2.791015625,20308.931640625,20308.931640625,20311.73046875,20308.923828125,0.0,2.798828125,0.0078125
549,0x001F1B64,Z_CANDIDATE,2.791015625,20288.931640625,20288.931640625,20291.73046875,20288.923828125,0.0,2.798828125,0.0078125
550,0x001F207C,ROTATION_CANDIDATE,2.71826171875,5776.8916015625,5776.8916015625,5779.3974609375,5782.1157226563,0.0,2.505859375,5.22412109375
551,0x00079E88,Z_CANDIDATE,2.6863649338484,0.1408988237381,2.0945308208466,4.7808961868286,0.14089925587177,1.9536319971085,4.6399973630905,4.3213367462158e-07
552,0x0020F540,Z_CANDIDATE,2.673828125,20308.931640625,20308.931640625,20311.61328125,20308.923828125,0.0,2.681640625,0.0078125
553,0x0020F56C,Z_CANDIDATE,2.673828125,20308.931640625,20308.931640625,20311.61328125,20308.923828125,0.0,2.681640625,0.0078125
554,0x0020F55C,Z_CANDIDATE,2.638671875,20308.931640625,20308.931640625,20311.578125,20308.923828125,0.0,2.646484375,0.0078125
555,0x0020FC10,X_CANDIDATE,2.2989220619202,1.7343831062317,5.4760837554932,3.1671433448792,1.7243647575378,3.7417006492615,1.4327602386475,0.010018348693848
556,0x0020FC20,X_CANDIDATE,2.2989220619202,1.7343831062317,5.4760837554932,3.1671433448792,1.7243647575378,3.7417006492615,1.4327602386475,0.010018348693848
557,0x0020FC04,X_CANDIDATE,2.2989212274551,1.7343835830688,5.4760837554932,3.1671435832977,1.7243646383286,3.7417001724243,1.4327600002289,0.010018944740295
558,0x002D507C,Z_CANDIDATE,2.1734490394592,0.77228951454163,1.1041485071182,-1.8091326951981,0.84840369224548,0.3318589925766,2.5814222097397,0.076114177703857
559,0x000D3974,Z_CANDIDATE,2.0,1.0,1.0,-1.0,1.0,0.0,2.0,0.0
560,0x000D3D1C,ROTATION_CANDIDATE,2.0,-1.0,-1.0,-1.0,1.0,0.0,0.0,2.0
561,0x001F2608,Z_CANDIDATE,1.9444444179535,0.0,0.0,-2.5,-0.55555558204651,0.0,2.5,0.55555558204651
562,0x003B3580,ROTATION_CANDIDATE,1.7558562755585,0.0,0.0,0.0,1.7558562755585,0.0,0.0,1.7558562755585
563,0x0020FDB4,X_CANDIDATE,1.7303328514099,5.0497741699219,3.319441318512,5.0497741699219,5.0497741699219,1.7303328514099,0.0,0.0
564,0x0020FDC0,X_CANDIDATE,1.7303326129913,5.0497732162476,3.3194406032562,5.0497732162476,5.0497732162476,1.7303326129913,0.0,0.0
565,0x0020FDD0,X_CANDIDATE,1.7303326129913,5.0497732162476,3.3194406032562,5.0497732162476,5.0497732162476,1.7303326129913,0.0,0.0
566,0x000D35DC,X_CANDIDATE,1.5999984741211,103.70001220703,107.50000762939,102.30001068115,104.50000762939,3.7999954223633,1.4000015258789,0.79999542236328
567,0x0020F8A4,X_CANDIDATE,1.5379109382629,3.9168882369995,5.4547991752625,3.9168882369995,3.9168882369995,1.5379109382629,0.0,0.0
568,0x0020F8B0,X_CANDIDATE,1.5379109382629,3.9168882369995,5.4547991752625,3.9168882369995,3.9168882369995,1.5379109382629,0.0,0.0
569,0x0020F8C0,X_CANDIDATE,1.5379109382629,3.9168882369995,5.4547991752625,3.9168882369995,3.9168882369995,1.5379109382629,0.0,0.0
570,0x000D3904,X_CANDIDATE,1.4067244529724,-0.93879103660583,0.46793341636658,-0.93879103660583,-0.93879103660583,1.4067244529724,0.0,0.0
571,0x0020F6F4,Z_CANDIDATE,1.303448677063,5.879415512085,1.5628626346588,0.21861958503723,5.9202098846436,4.3165528774261,5.6607959270477,0.040794372558594
572,0x0020F700,Z_CANDIDATE,1.303448677063,5.879415512085,1.5628628730774,0.21861982345581,5.9202098846436,4.3165526390076,5.6607956886292,0.040794372558594
573,0x0020F710,Z_CANDIDATE,1.303448677063,5.879415512085,1.5628628730774,0.21861982345581,5.9202098846436,4.3165526390076,5.6607956886292,0.040794372558594
574,0x0020D548,Z_CANDIDATE,1.2999954223633,108.30001068115,108.30001068115,109.60000610352,108.30001068115,0.0,1.2999954223633,0.0
575,0x0020D564,Z_CANDIDATE,1.2999954223633,109.60000610352,109.60000610352,108.30001068115,109.60000610352,0.0,1.2999954223633,0.0
576,0x0020F53C,Z_CANDIDATE,1.2999954223633,2.597770690918,2.597770690918,1.2977752685547,2.597770690918,0.0,1.2999954223633,0.0
577,0x0020F568,Z_CANDIDATE,1.2999954223633,109.60000610352,109.60000610352,108.30001068115,109.60000610352,0.0,1.2999954223633,0.0
578,0x000691F0,ROTATION_CANDIDATE,1.2368140090257,0.0063476581126451,1.0000028610229,0.019531264901161,2.2500004768372,0.9936552029103,0.013183606788516,2.2436528187245
579,0x0020F558,Z_CANDIDATE,1.1999969482422,109.60000610352,109.60000610352,108.40000915527,109.60000610352,0.0,1.1999969482422,0.0
580,0x001E8DD4,X_CANDIDATE,1.1309847831726,5.6258130073547,4.2755708694458,5.4065556526184,5.6258130073547,1.3502421379089,0.21925735473633,0.0
581,0x0028692C,Z_CANDIDATE,1.039472383447,-0.029386885464191,-0.0019642608240247,-1.4120998382568,-0.34520483016968,0.027422624640167,1.3827129527926,0.31581794470549
582,0x002F1C98,X_CANDIDATE,1.0365059971809,0.74915814399719,1.8277102708817,0.70711201429367,0.74915814399719,1.0785521268845,0.042046129703522,0.0
583,0x0006A1F4,X_CANDIDATE,1.0278625488281,352.49517822266,350.96731567383,352.74517822266,352.74517822266,1.5278625488281,0.25,0.25
584,0x0020FA4C,X_CANDIDATE,1.0278625488281,352.49517822266,350.96731567383,352.74517822266,352.74517822266,1.5278625488281,0.25,0.25
585,0x00286928,Z_CANDIDATE,1.022292714566,-0.048031896352768,-0.0034291259944439,-1.412100315094,-0.34520483016968,0.044602770358324,1.3640684187412,0.29717293381691
586,0x00286930,Z_CANDIDATE,1.0182572519407,-0.018644534051418,-0.0012567779049277,-1.3808498382568,-0.34520483016968,0.017387756146491,1.3622053042054,0.32656029611826
587,0x00286924,Z_CANDIDATE,1.0000281985849,-0.10387694835663,-0.0057596620172262,-1.443350315094,-0.34520483016968,0.098117286339402,1.3394733667374,0.24132788181305
588,0x0006A158,Z_CANDIDATE,1.0,2.597770690918,2.597770690918,1.597770690918,2.597770690918,0.0,1.0,0.0
589,0x001F1AEC,Z_CANDIDATE,1.0,2.4977722167969,2.4977722167969,1.3977737426758,2.597770690918,0.0,1.0999984741211,0.099998474121094
590,0x001F6F0C,ROTATION_CANDIDATE,1.0,12.0,12.0,12.0,11.0,0.0,0.0,1.0
591,0x001F81F4,ROTATION_CANDIDATE,1.0,29.0,29.0,29.0,30.0,0.0,0.0,1.0
592,0x0020FC18,ROTATION_CANDIDATE,1.0,104.50000762939,104.50000762939,104.50000762939,105.50000762939,0.0,0.0,1.0
593,0x003B3124,Z_CANDIDATE,1.0,16.0,16.0,0.0,1.0,0.0,16.0,15.0
594,0x003B3600,Z_CANDIDATE,1.0,1.0,1.0,0.0,1.0,0.0,1.0,0.0
595,0x003B3398,Z_CANDIDATE,0.99954664707184,0.0,0.0,-0.99954664707184,0.0,0.0,0.99954664707184,0.0
596,0x00286938,Z_CANDIDATE,0.99762151937466,-0.0072245299816132,-0.00045151810627431,-1.3495993614197,-0.34520483016968,0.0067730118753389,1.3423748314381,0.33798030018806
597,0x00286934,Z_CANDIDATE,0.99315250804648,-0.012007735669613,-0.00076571246609092,-1.3495993614197,-0.34520483016968,0.011242023203522,1.3375916257501,0.33319709450006
598,0x000691A0,ROTATION_CANDIDATE,0.94873164617456,0.0063476581126451,0.0019536635372788,0.17187507450581,1.1250007152557,0.0043939945753664,0.16552741639316,1.1186530571431
599,0x0028693C,Z_CANDIDATE,0.93761827517301,-0.004538943991065,-0.0002684099599719,-1.2870936393738,-0.34520483016968,0.0042705340310931,1.2825546953827,0.34066588617861
600,0x00079960,ROTATION_CANDIDATE,0.91294375061989,0.63294368982315,0.63673377037048,0.63379848003387,-0.28464493155479,0.0037900805473328,0.00085479021072388,0.91758862137794
601,0x0006A124,X_CANDIDATE,0.90000152587891,1.2977752685547,2.1977767944336,1.2977752685547,1.2977752685547,0.90000152587891,0.0,0.0
602,0x001F1910,X_CANDIDATE,0.90000152587891,1.2977752685547,2.1977767944336,1.2977752685547,1.2977752685547,0.90000152587891,0.0,0.0
603,0x0020F38C,X_CANDIDATE,0.90000152587891,1.2977752685547,2.1977767944336,1.2977752685547,1.2977752685547,0.90000152587891,0.0,0.0
604,0x0020F3A8,X_CANDIDATE,0.90000152587891,108.30001068115,109.20001220703,108.30001068115,108.30001068115,0.90000152587891,0.0,0.0
605,0x0020F3B8,X_CANDIDATE,0.90000152587891,108.30001068115,109.20001220703,108.30001068115,108.30001068115,0.90000152587891,0.0,0.0
606,0x002866B4,ROTATION_CANDIDATE,0.87601174158044,-0.011519450694323,-0.00075045344419777,-3.7617273330688,-4.6485080718994,0.010768997250125,3.7502078823745,4.6369886212051
607,0x00079978,ROTATION_CANDIDATE,0.86731088161469,-0.75871598720551,-0.76173037290573,-0.75940591096878,0.11229920387268,0.0030143857002258,0.00068992376327515,0.87101519107819
608,0x000D30B0,ROTATION_CANDIDATE,0.82657390926033,-0.0055600991472602,-0.0055600991472602,-0.0055600991472602,-0.83213400840759,0.0,0.0,0.82657390926033
609,0x000D3400,ROTATION_CANDIDATE,0.82657390926033,-0.0055600991472602,-0.0055600991472602,-0.0055600991472602,-0.83213400840759,0.0,0.0,0.82657390926033
610,0x003B2F40,ROTATION_CANDIDATE,0.82177409436554,0.010333492420614,0.010350130498409,-0.012742780148983,-0.83453351259232,1.6638077795506e-05,0.023076272569597,0.84486700501293
611,0x001052A0,ROTATION_CANDIDATE,0.81676551606506,0.011053164489567,0.0060244342312217,0.0099676391109824,0.83393293619156,0.0050287302583456,0.0010855253785849,0.82287977170199
612,0x001052E0,ROTATION_CANDIDATE,0.81676551606506,0.011053164489567,0.0060244342312217,0.0099676391109824,0.83393293619156,0.0050287302583456,0.0010855253785849,0.82287977170199
613,0x000F8AA0,ROTATION_CANDIDATE,0.81647931085899,0.011148921214044,0.0059265489690006,0.010065337643027,0.8339341878891,0.0052223722450435,0.0010835835710168,0.82278526667506
614,0x000F8AE0,ROTATION_CANDIDATE,0.81647931085899,0.011148921214044,0.0059265489690006,0.010065337643027,0.8339341878891,0.0052223722450435,0.0010835835710168,0.82278526667506
615,0x001052C8,ROTATION_CANDIDATE,0.81496826652437,0.010921363718808,0.0061886887997389,0.0097607914358377,0.83178287744522,0.0047326749190688,0.00116057228297,0.82086151372641
616,0x00105308,ROTATION_CANDIDATE,0.81496826652437,0.010921363718808,0.0061886887997389,0.0097607914358377,0.83178287744522,0.0047326749190688,0.00116057228297,0.82086151372641
617,0x000D3428,ROTATION_CANDIDATE,0.81478451285511,-0.011012268252671,-0.0061886887997389,-0.0098580364137888,-0.8317745923996,0.0048235794529319,0.001154231838882,0.82076232414693
618,0x000F8AC8,ROTATION_CANDIDATE,0.81468819081783,0.011012268252671,0.0060924850404263,0.0098580373451114,0.83177447319031,0.0049197832122445,0.0011542309075594,0.82076220493764
619,0x000F8B08,ROTATION_CANDIDATE,0.81468819081783,0.011012268252671,0.0060924850404263,0.0098580373451114,0.83177447319031,0.0049197832122445,0.0011542309075594,0.82076220493764
620,0x0020C478,ROTATION_CANDIDATE,0.79999542236328,108.30001068115,108.30001068115,108.30001068115,109.10000610352,0.0,0.0,0.79999542236328
621,0x002F1E90,X_CANDIDATE,0.76885476708412,0.25688752532005,1.0257422924042,0.25688752532005,0.25688752532005,0.76885476708412,0.0,0.0
622,0x000D3E20,ROTATION_CANDIDATE,0.76070332620293,0.0094790728762746,-0.01273019425571,-0.039100427180529,-0.82201302051544,0.022209267131984,0.048579500056803,0.83149209339172
623,0x000D3DE0,ROTATION_CANDIDATE,0.76045184955001,0.010131692513824,-0.0128872115165,-0.038746949285269,-0.8222177028656,0.023018904030323,0.048878641799092,0.83234939537942
624,0x000D3E48,ROTATION_CANDIDATE,0.75469130836427,0.011718865483999,-0.011257650330663,-0.039800342172384,-0.81746816635132,0.022976515814662,0.051519207656384,0.82918703183532
625,0x000D3E08,ROTATION_CANDIDATE,0.7545194523409,0.012388006784022,-0.011440055444837,-0.039405979216099,-0.81775349378586,0.023828062228858,0.051793986000121,0.83014150056988
626,0x001F7088,ROTATION_CANDIDATE,0.75,0.0,0.0,0.0,0.75,0.0,0.0,0.75
627,0x001F709C,ROTATION_CANDIDATE,0.75,1.0,1.0,1.0,0.25,0.0,0.0,0.75
628,0x002DB5D4,Z_CANDIDATE,0.70711201429367,0.70711201429367,0.70711201429367,0.0,0.70711201429367,0.0,0.70711201429367,0.0
629,0x000D3A78,ROTATION_CANDIDATE,0.70403903629631,-0.030280157923698,0.030343372374773,-0.0089988438412547,-0.81622403860092,0.060623530298471,0.021281314082444,0.78594388067722
630,0x002DB3A4,X_CANDIDATE,0.70398473739624,0.72657144069672,0.0,0.74915814399719,0.72657144069672,0.72657144069672,0.022586703300476,0.0
631,0x000D3A38,ROTATION_CANDIDATE,0.70110702700913,-0.030915947631001,0.03062279894948,-0.0087833367288113,-0.8156943321228,0.061538746580482,0.02213261090219,0.7847783844918
632,0x000D3AA0,ROTATION_CANDIDATE,0.69756380375475,-0.030283162370324,0.031660538166761,-0.0050722816959023,-0.81500154733658,0.061943700537086,0.025210880674422,0.78471838496625
633,0x000D3A60,ROTATION_CANDIDATE,0.69475832255557,-0.030893415212631,0.031951405107975,-0.0048819524236023,-0.81450802087784,0.062844820320606,0.026011462789029,0.78361460566521
634,0x000D35F0,Z_CANDIDATE,0.62837982177734,-4.1168613433838,-4.5819492340088,-6.4073400497437,-5.3138723373413,0.465087890625,2.2904787063599,1.1970109939575
635,0x0005E67C,Z_CANDIDATE,0.62789916992188,0.70709228515625,0.68460083007813,0.0146484375,0.7491455078125,0.022491455078125,0.69244384765625,0.04205322265625
636,0x0020FF78,Z_CANDIDATE,0.59999847412109,103.80001068115,103.70001220703,104.90000915527,103.40000915527,0.099998474121094,1.0999984741211,0.40000152587891
637,0x000D38D4,Z_CANDIDATE,0.57613003253937,0.54524850845337,0.39286452531815,-0.30287146568298,0.66485446691513,0.15238398313522,0.84811997413635,0.11960595846176
638,0x002D8C5C,X_CANDIDATE,0.5572509765625,0.25686645507813,0.81411743164063,0.25686645507813,0.25686645507813,0.5572509765625,0.0,0.0
639,0x000D38B8,ROTATION_CANDIDATE,0.55337142944336,4.19526720047,4.3773727416992,-2.0712971687317,-2.8067741394043,0.18210554122925,6.2665643692017,7.0020413398743
640,0x001F1CC8,Z_CANDIDATE,0.54998779296875,425.15673828125,426.45672607422,427.00671386719,425.15673828125,1.2999877929688,1.8499755859375,0.0
641,0x000D38F4,X_CANDIDATE,0.54937076568604,2.8466610908508,2.2695271968842,2.8188979625702,2.8466610908508,0.57713389396667,0.02776312828064,0.0
642,0x002D9418,Z_CANDIDATE,0.53521728515625,0.6109619140625,0.68460083007813,1.2198181152344,0.6109619140625,0.073638916015625,0.60885620117188,0.0
643,0x0006A120,X_CANDIDATE,0.53125,18892.314453125,18891.783203125,18892.314453125,18892.314453125,0.53125,0.0,0.0
644,0x001F190C,X_CANDIDATE,0.53125,18892.314453125,18891.783203125,18892.314453125,18892.314453125,0.53125,0.0,0.0
645,0x001F196C,X_CANDIDATE,0.53125,18912.314453125,18911.783203125,18912.314453125,18912.314453125,0.53125,0.0,0.0
646,0x001F1974,X_CANDIDATE,0.53125,18892.314453125,18891.783203125,18892.314453125,18892.314453125,0.53125,0.0,0.0
647,0x001F197C,X_CANDIDATE,0.53125,18872.314453125,18871.783203125,18872.314453125,18872.314453125,0.53125,0.0,0.0
648,0x001F1984,X_CANDIDATE,0.53125,18892.314453125,18891.783203125,18892.314453125,18892.314453125,0.53125,0.0,0.0
649,0x0020F388,X_CANDIDATE,0.53125,18892.314453125,18891.783203125,18892.314453125,18892.314453125,0.53125,0.0,0.0
650,0x0020F3B4,X_CANDIDATE,0.53125,18892.314453125,18891.783203125,18892.314453125,18892.314453125,0.53125,0.0,0.0
651,0x000D38F8,Z_CANDIDATE,0.52207231521606,0.0017112493515015,-0.37409126758575,0.89958608150482,0.0017112493515015,0.37580251693726,0.89787483215332,0.0
652,0x000D38EC,X_CANDIDATE,0.508804500103,-0.54237216711044,0.56578397750854,-0.93462240695953,-0.74947357177734,1.108156144619,0.39225023984909,0.2071014046669
653,0x0020F3A4,X_CANDIDATE,0.505859375,18892.314453125,18891.80859375,18892.314453125,18892.314453125,0.505859375,0.0,0.0
654,0x0005E6A0,Z_CANDIDATE,0.5,0.0,0.0,0.5,0.0,0.0,0.5,0.0
655,0x001F7E7C,X_CANDIDATE,0.5,0.75,0.25,0.75,0.75,0.5,0.0,0.0
656,0x00286940,Z_CANDIDATE,0.49869015725562,-0.0029408382251859,-0.00016853591660038,-0.84666728973389,-0.34520483016968,0.0027723023085855,0.8437264515087,0.34226399194449
657,0x002D9344,X_CANDIDATE,0.49267578125,0.0,0.61669921875,0.1240234375,0.0,0.61669921875,0.1240234375,0.0
658,0x000D3724,Z_CANDIDATE,0.46356201171875,112.40186309814,111.48910522461,105.22026824951,106.59658813477,0.91275787353516,7.1815948486328,5.8052749633789
659,0x0006A128,X_CANDIDATE,0.45703125,17659.6484375,17659.19140625,17659.6484375,17659.6484375,0.45703125,0.0,0.0
660,0x001F1914,X_CANDIDATE,0.45703125,17659.6484375,17659.19140625,17659.6484375,17659.6484375,0.45703125,0.0,0.0
661,0x001F1970,X_CANDIDATE,0.45703125,17659.6484375,17659.19140625,17659.6484375,17659.6484375,0.45703125,0.0,0.0
662,0x001F1978,X_CANDIDATE,0.45703125,17679.6484375,17679.19140625,17679.6484375,17679.6484375,0.45703125,0.0,0.0
663,0x001F1980,X_CANDIDATE,0.45703125,17659.6484375,17659.19140625,17659.6484375,17659.6484375,0.45703125,0.0,0.0
664,0x001F1988,X_CANDIDATE,0.45703125,17639.6484375,17639.19140625,17639.6484375,17639.6484375,0.45703125,0.0,0.0
665,0x0020F390,X_CANDIDATE,0.45703125,17659.6484375,17659.19140625,17659.6484375,17659.6484375,0.45703125,0.0,0.0
666,0x0020F3BC,X_CANDIDATE,0.45703125,17659.6484375,17659.19140625,17659.6484375,17659.6484375,0.45703125,0.0,0.0
667,0x002F1D78,Z_CANDIDATE,0.45464533567429,0.72489470243454,0.68460565805435,1.219829082489,0.72489470243454,0.040289044380188,0.49493438005447,0.0
668,0x00079958,ROTATION_CANDIDATE,0.45400475081988,0.0073951156809926,0.0013782710302621,0.007808436639607,0.46783003211021,0.0060168446507305,0.00041332095861435,0.46043491642922
669,0x000D35C0,Z_CANDIDATE,0.45352172851563,108.30001068115,107.38250732422,101.1190032959,102.49002838135,0.91750335693359,7.1810073852539,5.8099822998047
670,0x000D36A4,Z_CANDIDATE,0.45352172851563,108.30001068115,107.38250732422,101.1190032959,102.49002838135,0.91750335693359,7.1810073852539,5.8099822998047
671,0x000D36E4,Z_CANDIDATE,0.45352172851563,108.30001068115,107.38250732422,101.1190032959,102.49002838135,0.91750335693359,7.1810073852539,5.8099822998047
672,0x001052C0,ROTATION_CANDIDATE,0.44802224636078,-0.99993789196014,-0.99997872114182,-0.99994689226151,-0.55186581611633,4.0829181671143e-05,9.000301361084e-06,0.44807207584381
673,0x001052E8,ROTATION_CANDIDATE,0.44802224636078,-0.99993789196014,-0.99997872114182,-0.99994689226151,-0.55186581611633,4.0829181671143e-05,9.000301361084e-06,0.44807207584381
674,0x000F8AC0,ROTATION_CANDIDATE,0.44802111387253,-0.99993669986725,-0.99997925758362,-0.99994587898254,-0.55186384916306,4.2557716369629e-05,9.1791152954102e-06,0.44807285070419
675,0x000F8AE8,ROTATION_CANDIDATE,0.44802111387253,-0.99993669986725,-0.99997925758362,-0.99994587898254,-0.55186384916306,4.2557716369629e-05,9.1791152954102e-06,0.44807285070419
676,0x002D8D40,X_CANDIDATE,0.44775390625,0.0,0.44775390625,0.0,0.0,0.44775390625,0.0,0.0
677,0x000D3420,ROTATION_CANDIDATE,0.44683736562729,-0.9973937869072,-0.99739456176758,-0.99753075838089,-0.55041867494583,7.7486038208008e-07,0.00013697147369385,0.44697511196136
678,0x000F8AA8,ROTATION_CANDIDATE,0.44683659076691,0.9973937869072,0.99739229679108,0.99753087759018,0.55041861534119,1.4901161193848e-06,0.0001370906829834,0.44697517156601
679,0x000F8B00,ROTATION_CANDIDATE,0.44683659076691,0.9973937869072,0.99739229679108,0.99753087759018,0.55041861534119,1.4901161193848e-06,0.0001370906829834,0.44697517156601
680,0x001052A8,ROTATION_CANDIDATE,0.44678843021393,0.99737805128098,0.99739456176758,0.99752479791641,0.55042636394501,1.6510486602783e-05,0.00014674663543701,0.44695168733597
681,0x00105300,ROTATION_CANDIDATE,0.44678843021393,0.99737805128098,0.99739456176758,0.99752479791641,0.55042636394501,1.6510486602783e-05,0.00014674663543701,0.44695168733597
682,0x000D30B4,ROTATION_CANDIDATE,0.4454100728035,0.99998462200165,0.99998462200165,0.99998462200165,0.55457454919815,0.0,0.0,0.4454100728035
683,0x000D33F8,ROTATION_CANDIDATE,0.4454100728035,-0.99998462200165,-0.99998462200165,-0.99998462200165,-0.55457454919815,0.0,0.0,0.4454100728035
684,0x000D3DE8,ROTATION_CANDIDATE,0.43003100156784,0.9996919631958,0.9997456073761,0.99920052289963,0.56911587715149,5.3644180297852e-05,0.0004914402961731,0.43057608604431
685,0x000D3E28,ROTATION_CANDIDATE,0.42971628904343,0.99969905614853,0.99974328279495,0.99918109178543,0.56942057609558,4.422664642334e-05,0.00051796436309814,0.43027848005295
686,0x000D3E00,ROTATION_CANDIDATE,0.42612743377686,-0.99472874403,-0.99702304601669,-0.9960897564888,-0.56494599580765,0.0022943019866943,0.0013610124588013,0.42978274822235
687,0x000D3E40,ROTATION_CANDIDATE,0.42606568336487,-0.99481391906738,-0.99699342250824,-0.9961069226265,-0.56527572870255,0.0021795034408569,0.0012930035591125,0.42953819036484
688,0x000D3A80,ROTATION_CANDIDATE,0.42130380868912,0.99954080581665,0.99912708997726,0.99890458583832,0.57718706130981,0.00041371583938599,0.00063621997833252,0.42235374450684
689,0x000D3A98,ROTATION_CANDIDATE,0.42104470729828,-0.99692189693451,-0.99841207265854,-0.99637490510941,-0.5738400220871,0.0014901757240295,0.00054699182510376,0.42308187484741
690,0x000D3A40,ROTATION_CANDIDATE,0.42058664560318,0.99952179193497,0.99911159276962,0.99891340732574,0.57791656255722,0.00041019916534424,0.00060838460922241,0.42160522937775
691,0x000D3A58,ROTATION_CANDIDATE,0.4203525185585,-0.99691033363342,-0.9984028339386,-0.99639749526978,-0.5745524764061,0.0014925003051758,0.00051283836364746,0.42235785722733
692,0x000D3C68,Z_CANDIDATE,0.41624994575977,-0.46552231907845,0.10534866154194,0.58651876449585,-0.40060216188431,0.57087098062038,1.0520410835743,0.064920157194138
693,0x002D83B0,X_CANDIDATE,0.4072265625,0.99951171875,0.0,0.40869140625,0.998046875,0.99951171875,0.5908203125,0.00146484375
694,0x000D3600,Z_CANDIDATE,0.40535536408424,-0.32281449437141,-1.1446479558945,-2.3154039382935,-1.0882151126862,0.82183346152306,1.992589443922,0.76540061831474
695,0x001F225C,ROTATION_CANDIDATE,0.39999389648438,351.84518432617,351.84518432617,351.84518432617,352.24517822266,0.0,0.0,0.39999389648438
696,0x000D3664,Z_CANDIDATE,0.39448547363281,160.41537475586,159.41397094727,153.07548522949,154.47137451172,1.0014038085938,7.3398895263672,5.9440002441406
697,0x002D96B4,Z_CANDIDATE,0.3779296875,0.6484375,0.576171875,0.0849609375,0.76171875,0.072265625,0.5634765625,0.11328125
698,0x002DE358,X_CANDIDATE,0.36828748922562,0.36791983246803,-0.00036765675758943,0.36791983246803,0.36791983246803,0.36828748922562,0.0,0.0
699,0x000D3CA0,X_CANDIDATE,0.35837757587433,-0.016891658306122,-0.99367308616638,-0.63529551029205,-0.016891658306122,0.97678142786026,0.61840385198593,0.0
700,0x00079948,ROTATION_CANDIDATE,0.35756392148323,0.0035262471064925,0.004903812892735,0.0020496000070125,0.36394438147545,0.0013775657862425,0.00147664709948,0.36041813436896
701,0x0020F704,Z_CANDIDATE,0.353515625,16604.46875,16627.810546875,16576.62109375,16608.62109375,23.341796875,27.84765625,4.15234375
702,0x003B2F5C,Z_CANDIDATE,0.34411334991455,0.0,0.0,0.63167428970337,-0.28756093978882,0.0,0.63167428970337,0.28756093978882
703,0x002DB4F4,X_CANDIDATE,0.34113663434982,0.0,1.0257422924042,0.68460565805435,0.0,1.0257422924042,0.68460565805435,0.0
704,0x002D933C,Z_CANDIDATE,0.34112548828125,1.0594482421875,1.0257263183594,0.68460083007813,1.0594482421875,0.033721923828125,0.37484741210938,0.0
705,0x00079970,ROTATION_CANDIDATE,0.33829015493393,0.64987248182297,0.64610636234283,0.64921426773071,0.99258697032928,0.0037661194801331,0.00065821409225464,0.34271448850632
706,0x002F1F00,X_CANDIDATE,0.33457106351852,0.61097359657288,1.0594657659531,0.72489470243454,0.61097359657288,0.44849216938019,0.11392110586166,0.0
707,0x002D8D38,X_CANDIDATE,0.33456420898438,1.0594482421875,0.72488403320313,1.0594482421875,1.0594482421875,0.33456420898438,0.0,0.0
708,0x000D38FC,X_CANDIDATE,0.32345700263977,1.8094503879547,2.1329073905945,1.8094503879547,1.8094503879547,0.32345700263977,0.0,0.0
709,0x0020F3AC,X_CANDIDATE,0.318359375,17659.6484375,17659.330078125,17659.6484375,17659.6484375,0.318359375,0.0,0.0
710,0x002F1DE8,X_CANDIDATE,0.31030762195587,1.0594657659531,0.74915814399719,1.0594657659531,1.0594657659531,0.31030762195587,0.0,0.0
711,0x002D8FCC,X_CANDIDATE,0.310302734375,1.0594482421875,0.7491455078125,1.0594482421875,1.0594482421875,0.310302734375,0.0,0.0
712,0x002F1E58,Z_CANDIDATE,0.3086339533329,0.70711201429367,0.74915814399719,0.35643193125725,0.70711201429367,0.042046129703522,0.35068008303642,0.0
713,0x002F1C28,X_CANDIDATE,0.30036741495132,0.51376742124557,0.8141348361969,0.51376742124557,0.51376742124557,0.30036741495132,0.0,0.0
714,0x0020FF88,X_CANDIDATE,0.30000305175781,103.40000915527,104.60000610352,104.10000610352,103.20001220703,1.1999969482422,0.69999694824219,0.19999694824219
715,0x000D3C94,ROTATION_CANDIDATE,0.29464882612228,0.0,-0.60923165082932,0.3171443939209,1.2210248708725,0.60923165082932,0.3171443939209,1.2210248708725
716,0x002F1D40,X_CANDIDATE,0.27971142530441,0.72657144069672,1.0257422924042,0.70711201429367,0.72657144069672,0.29917085170746,0.019459426403046,0.0
717,0x002D90A8,X_CANDIDATE,0.27969360351563,0.7265625,1.0257263183594,0.70709228515625,0.7265625,0.29916381835938,0.01947021484375,0.0
718,0x001F2084,Z_CANDIDATE,0.276123046875,-3102.3012695313,-3102.3012695313,-3101.8862304688,-3102.1623535156,0.0,0.4150390625,0.138916015625
719,0x002DB388,X_CANDIDATE,0.27539074420929,1.3348565101624,1.0594657659531,1.3348565101624,1.3348565101624,0.27539074420929,0.0,0.0
720,0x003B45B4,X_CANDIDATE,0.27324122190475,0.70711201429367,1.0594657659531,0.76844185590744,0.72489470243454,0.35235375165939,0.06132984161377,0.017782688140869
721,0x000D35D8,Z_CANDIDATE,0.27167212963104,-0.42281448841095,-0.98885905742645,-1.6038254499435,-0.766108751297,0.5660445690155,1.1810109615326,0.34329426288605
722,0x001F6EDC,ROTATION_CANDIDATE,0.25,2.25,2.25,2.25,2.0,0.0,0.0,0.25
723,0x001F6EE0,ROTATION_CANDIDATE,0.25,0.25,0.25,0.25,0.0,0.0,0.0,0.25
724,0x001F7058,ROTATION_CANDIDATE,0.25,0.25,0.25,0.25,0.5,0.0,0.0,0.25
725,0x001F706C,ROTATION_CANDIDATE,0.25,0.25,0.25,0.25,0.5,0.0,0.0,0.25
726,0x001F7128,Z_CANDIDATE,0.25,0.25,0.25,0.5,0.25,0.0,0.25,0.0
727,0x001F7158,Z_CANDIDATE,0.25,0.5,0.5,0.25,0.5,0.0,0.25,0.0
728,0x001F7E60,X_CANDIDATE,0.25,0.25,0.5,0.25,0.25,0.25,0.0,0.0
729,0x00079950,ROTATION_CANDIDATE,0.24888601899147,0.56062519550323,0.56092268228531,0.55895906686783,0.30977556109428,0.00029748678207397,0.0016661286354065,0.25084963440895
730,0x000D349C,ROTATION_CANDIDATE,0.24711608886719,100.00009918213,99.709037780762,96.514953613281,95.976776123047,0.29106140136719,3.4851455688477,4.023323059082
731,0x000D3494,ROTATION_CANDIDATE,0.24708557128906,100.00009918213,99.709037780762,96.514923095703,95.976776123047,0.29106140136719,3.4851760864258,4.023323059082
732,0x000D396C,ROTATION_CANDIDATE,0.23563049174845,0.013820828869939,0.081562362611294,0.44378316402435,0.74715518951416,0.067741533741355,0.42996233515441,0.73333436064422
733,0x000D3C9C,X_CANDIDATE,0.22949242591858,2.6133277416229,2.2232730388641,2.4527654647827,2.6133277416229,0.39005470275879,0.16056227684021,0.0
734,0x00286944,Z_CANDIDATE,0.20290877789375,-0.0017755851149559,-0.00010143339750357,-0.54978775978088,-0.34520483016968,0.0016741517174523,0.54801217466593,0.34342924505472
735,0x003B2F7C,Z_CANDIDATE,0.19728788733482,0.0,0.0,0.43823948502541,0.24095159769058,0.0,0.43823948502541,0.24095159769058
736,0x000D3900,X_CANDIDATE,0.1966769695282,-2.7116134166718,-2.9082903862,-2.7116134166718,-2.7116134166718,0.1966769695282,0.0,0.0
737,0x000D35BC,Z_CANDIDATE,0.19535401463509,-0.32281449437141,-1.0546491146088,-1.8354046344757,-0.90821599960327,0.73183462023735,1.5125901401043,0.58540150523186
738,0x000D36A0,Z_CANDIDATE,0.1953538954258,-0.32281449437141,-1.0546491146088,-1.8354045152664,-0.90821599960327,0.73183462023735,1.512590020895,0.58540150523186
739,0x000D36E0,Z_CANDIDATE,0.1953538954258,-0.32281449437141,-1.0546491146088,-1.8354045152664,-0.90821599960327,0.73183462023735,1.512590020895,0.58540150523186
740,0x00079940,ROTATION_CANDIDATE,0.19401189684868,0.43675276637077,0.43647387623787,0.43857175111771,0.24064299464226,0.00027889013290405,0.001818984746933,0.19610977172852
741,0x000D3D14,Z_CANDIDATE,0.19270318746567,0.84596037864685,0.89126199483871,0.30328184366226,0.54128664731979,0.045301616191864,0.54267853498459,0.30467373132706
742,0x003B2F48,Z_CANDIDATE,0.19053763151169,0.0,0.0,0.74217909574509,0.5516414642334,0.0,0.74217909574509,0.5516414642334
743,0x002D90B0,X_CANDIDATE,0.185546875,0.5,0.0,0.435546875,0.75,0.5,0.064453125,0.25
744,0x000D3E54,Z_CANDIDATE,0.18288803100586,60.416244506836,60.443004608154,60.122741699219,60.332389831543,0.026760101318359,0.29350280761719,0.083854675292969
745,0x003B2F64,ROTATION_CANDIDATE,0.18285578489304,0.0,0.0,0.77382093667984,0.95667672157288,0.0,0.77382093667984,0.95667672157288
746,0x003B2B24,Z_CANDIDATE,0.181640625,17826.10546875,17826.220703125,17826.412109375,17826.115234375,0.115234375,0.306640625,0.009765625
747,0x003B2BCC,Z_CANDIDATE,0.181640625,17826.10546875,17826.220703125,17826.412109375,17826.115234375,0.115234375,0.306640625,0.009765625
748,0x00079968,ROTATION_CANDIDATE,0.18112635612488,0.77276289463043,0.76981025934219,0.77208524942398,0.95751953125,0.0029526352882385,0.00067764520645142,0.18475663661957
749,0x000D3E14,Z_CANDIDATE,0.17564392089844,60.423599243164,60.446014404297,60.127605438232,60.325664520264,0.022415161132813,0.29599380493164,0.097934722900391
750,0x000D3A28,X_CANDIDATE,0.17493534088135,10.807288169861,11.167090415955,10.936672210693,10.751805305481,0.35980224609375,0.12938404083252,0.055482864379883
751,0x000D3890,X_CANDIDATE,0.17493521422148,-0.1927120834589,0.16709077358246,-0.063327394425869,-0.24819503724575,0.35980285704136,0.12938468903303,0.05548295378685
752,0x000D38F0,X_CANDIDATE,0.17404842376709,1.8861875534058,1.6987416744232,1.8727900981903,1.8861875534058,0.18744587898254,0.013397455215454,0.0
753,0x000D35E8,Z_CANDIDATE,0.17167167365551,-0.22281448543072,-1.088858962059,-2.0038247108459,-0.96610856056213,0.8660444766283,1.7810102254152,0.74329407513142
754,0x000D3C3C,Z_CANDIDATE,0.16518804803491,0.14565554261208,0.18157190084457,-0.15481118857861,0.046293217688799,0.035916358232498,0.30046673119068,0.099362324923277
755,0x000D3DD4,Z_CANDIDATE,0.16518804803491,0.14565554261208,0.18157190084457,-0.15481118857861,0.046293217688799,0.035916358232498,0.30046673119068,0.099362324923277
756,0x000D3C98,X_CANDIDATE,0.15050899982452,1.6036467552185,1.7698224782944,1.5879800319672,1.6036467552185,0.16617572307587,0.015666723251343,0.0
757,0x000D3720,Z_CANDIDATE,0.14732238650322,-0.20268020033836,-0.95787739753723,-1.5506494045258,-0.64812982082367,0.75519719719887,1.3479692041874,0.44544962048531
758,0x00286914,Z_CANDIDATE,0.143270611763,-0.58104062080383,-0.043148994445801,-1.5058512687683,-0.33739221096039,0.53789162635803,0.92481064796448,0.24364840984344
759,0x000D348C,X_CANDIDATE,0.14185788109899,-0.55854541063309,-0.046702455729246,-0.43477466702461,-0.31233108043671,0.51184295490384,0.12377074360847,0.24621433019638
760,0x0007C214,ROTATION_CANDIDATE,0.13230895996094,94.454788208008,94.18350982666,95.290130615234,93.215858459473,0.27127838134766,0.83534240722656,1.2389297485352
761,0x00080038,ROTATION_CANDIDATE,0.13230895996094,94.454788208008,94.18350982666,95.290130615234,93.215858459473,0.27127838134766,0.83534240722656,1.2389297485352
762,0x000816AC,ROTATION_CANDIDATE,0.13230895996094,94.454788208008,94.18350982666,95.290130615234,93.215858459473,0.27127838134766,0.83534240722656,1.2389297485352
763,0x002D9420,Z_CANDIDATE,0.13037109375,0.599609375,0.19384765625,0.0595703125,0.603515625,0.40576171875,0.5400390625,0.00390625
764,0x000D3498,X_CANDIDATE,0.12811527773738,-0.14995646476746,0.24949917197227,-0.25273340940475,0.018606949597597,0.39945563673973,0.1027769446373,0.16856341436505
765,0x002D918C,Z_CANDIDATE,0.126953125,0.0,0.0,0.126953125,0.0,0.0,0.126953125,0.0
766,0x001F1CCC,Z_CANDIDATE,0.125,12317.606445313,12431.205078125,12433.690429688,12319.966796875,113.5986328125,116.083984375,2.3603515625
767,0x0007C1FC,ROTATION_CANDIDATE,0.12416076660156,116.90207672119,116.51465606689,116.9885635376,117.5001449585,0.38742065429688,0.08648681640625,0.59806823730469
768,0x00080024,ROTATION_CANDIDATE,0.12416076660156,116.90207672119,116.51465606689,116.9885635376,117.5001449585,0.38742065429688,0.08648681640625,0.59806823730469
769,0x001E8D4C,X_CANDIDATE,0.11634831130505,0.086658857762814,-0.046313524246216,0.07003478705883,0.086658857762814,0.13297238200903,0.016624070703983,0.0
770,0x001E8D74,X_CANDIDATE,0.1160381026566,0.086427807807922,-0.046190042048693,0.06984806060791,0.086427807807922,0.13261784985662,0.016579747200012,0.0
771,0x000D35F4,Z_CANDIDATE,0.10535553097725,-0.32281449437141,-0.84464824199677,-1.5154045820236,-0.88821530342102,0.52183374762535,1.1925900876522,0.56540080904961
772,0x00286BB8,Z_CANDIDATE,0.1020556949079,-0.0073466021567583,-0.00045914761722088,-0.14525628089905,-0.036313131451607,0.0068874545395374,0.13790967874229,0.028966529294848
773,0x00286920,Z_CANDIDATE,0.10166952759027,-0.56540274620056,-0.0093221440911293,-1.4433507919312,-0.34520483016968,0.55608060210943,0.87794804573059,0.22019791603088
774,0x00286BBC,Z_CANDIDATE,0.10053748183418,-0.0047830864787102,-0.00028366886544973,-0.14135003089905,-0.036313131451607,0.0044994176132604,0.13656694442034,0.031530044972897
775,0x001F2080,ROTATION_CANDIDATE,0.0999755859375,352.0451965332,352.0451965332,352.14520263672,352.24517822266,0.0,0.10000610351563,0.19998168945313
776,0x00286BC4,Z_CANDIDATE,0.098451250087237,-0.0018061031587422,-0.00010334080434404,-0.1374437212944,-0.037289708852768,0.0017027623543981,0.13563761813566,0.035483605694026
777,0x00286BC0,Z_CANDIDATE,0.09830105130095,-0.0030018743127584,-0.00017235067207366,-0.1374437212944,-0.036313146352768,0.0028295236406848,0.13444184698164,0.033311272040009
778,0x00286BB4,Z_CANDIDATE,0.097472300520167,-0.012251880019903,-0.00078097148798406,-0.14525634050369,-0.036313131451607,0.011470908531919,0.13300446048379,0.024061251431704
779,0x00286BB0,Z_CANDIDATE,0.095003932248801,-0.019132822751999,-0.001287295948714,-0.14916259050369,-0.036313131451607,0.017845526803285,0.13002976775169,0.017180308699608
780,0x00286918,Z_CANDIDATE,0.094352193176746,-0.58104062080383,-0.025480575859547,-1.4746012687683,-0.33739221096039,0.55556004494429,0.89356064796448,0.24364840984344
781,0x0028691C,Z_CANDIDATE,0.091621227562428,-0.58104062080383,-0.014937467873096,-1.4746007919312,-0.34520483016968,0.56610315293074,0.89356017112732,0.23583579063416
782,0x00286BAC,Z_CANDIDATE,0.084999641403556,-0.029875174164772,-0.0020252969115973,-0.14916265010834,-0.036313131451607,0.027849877253175,0.11928747594357,0.0064379572868347
783,0x002D9790,Z_CANDIDATE,0.0771484375,0.0,0.486328125,0.5634765625,0.0,0.486328125,0.5634765625,0.0
784,0x000D34A0,X_CANDIDATE,0.076080553233624,-0.34325143694878,-0.089710377156734,-0.27661150693893,-0.2324308604002,0.25354105979204,0.066639930009842,0.11082057654858
785,0x003B2B2C,X_CANDIDATE,0.0732421875,9419.8134765625,9420.0029296875,9419.9228515625,9419.8203125,0.189453125,0.109375,0.0068359375
786,0x003B2BA8,X_CANDIDATE,0.0732421875,9419.8134765625,9420.0029296875,9419.9228515625,9419.8203125,0.189453125,0.109375,0.0068359375
787,0x003B2BD0,X_CANDIDATE,0.0732421875,9419.8134765625,9420.0029296875,9419.9228515625,9419.8203125,0.189453125,0.109375,0.0068359375
788,0x002D8C64,X_CANDIDATE,0.07080078125,0.0,0.07080078125,0.0,0.0,0.07080078125,0.0,0.0
789,0x000D3C7C,X_CANDIDATE,0.062956169247627,-0.81528776884079,0.13213722407818,-0.30452612042427,-0.44158059358597,0.94742499291897,0.51076164841652,0.37370717525482
790,0x000D38C4,X_CANDIDATE,0.061885222792625,0.43940654397011,-0.080994203686714,0.73854333162308,0.59878528118134,0.52040074765682,0.29913678765297,0.15937873721123
791,0x002DB5F0,X_CANDIDATE,0.061302661895752,0.72489470243454,0.64580935239792,0.70711201429367,0.72489470243454,0.079085350036621,0.017782688140869,0.0
792,0x000D3490,Z_CANDIDATE,0.055327698588371,-0.15529994666576,-0.2117420732975,0.021368831396103,-0.22019889950752,0.056442126631737,0.17666877806187,0.064898952841759
793,0x000D3A6C,ROTATION_CANDIDATE,0.055324554443359,37.326461791992,37.36727142334,37.064208984375,36.968074798584,0.040809631347656,0.26225280761719,0.3583869934082
794,0x000D395C,X_CANDIDATE,0.053344573825598,0.033625613898039,-0.019718959927559,0.033625613898039,0.033625613898039,0.053344573825598,0.0,0.0
795,0x000D3434,ROTATION_CANDIDATE,0.052281468873844,-0.0023097391240299,0.0020623258315027,-0.0033248655963689,-0.059978399425745,0.0043720649555326,0.001015126472339,0.057668660301715
796,0x000F8AC4,ROTATION_CANDIDATE,0.052255977876484,-0.0023097388911992,0.0020878096111119,-0.0033248655963689,-0.059978391975164,0.0043975485023111,0.0010151267051697,0.057668653083965
797,0x000F8AF8,ROTATION_CANDIDATE,0.052255977876484,-0.0023097388911992,0.0020878096111119,-0.0033248655963689,-0.059978391975164,0.0043975485023111,0.0010151267051697,0.057668653083965
798,0x001052C4,ROTATION_CANDIDATE,0.052238145377487,-0.0022336922120303,0.0020623258315027,-0.0033111649099737,-0.059845328330994,0.004296018043533,0.0010774726979434,0.057611636118963
799,0x001052F8,ROTATION_CANDIDATE,0.052238145377487,-0.0022336922120303,0.0020623258315027,-0.0033111649099737,-0.059845328330994,0.004296018043533,0.0010774726979434,0.057611636118963
800,0x001E8DC0,Z_CANDIDATE,0.046936869621277,1.7209298610687,5.6249032020569,5.8680009841919,1.9170907735825,3.9039733409882,4.1470711231232,0.19616091251373
801,0x000D3CCC,Z_CANDIDATE,0.0458629950881,-0.0058230608701706,-0.0054462999105453,0.040416695177555,-0.0058230608701706,0.00037676095962524,0.046239756047726,0.0
802,0x00286BA8,Z_CANDIDATE,0.04584672767669,-0.04900848865509,-0.0034901620820165,-0.15306890010834,-0.036313131451607,0.045518326573074,0.10406041145325,0.012695357203484
803,0x003B2A80,Z_CANDIDATE,0.04296875,107.89111328125,107.91796875,107.962890625,107.89306640625,0.02685546875,0.07177734375,0.001953125
804,0x003B2AE8,Z_CANDIDATE,0.04296875,4164.8911132813,4164.91796875,4164.962890625,4164.8930664063,0.02685546875,0.07177734375,0.001953125
805,0x000D38E8,ROTATION_CANDIDATE,0.039262533187866,-2.2472760677338,-2.0266671180725,-2.5459952354431,-2.8058667182922,0.22060894966125,0.29871916770935,0.55859065055847
806,0x002DB5F4,Z_CANDIDATE,0.0390625,6280.0,6280.0,6280.0390625,6280.0,0.0,0.0390625,0.0
807,0x000D3AAC,ROTATION_CANDIDATE,0.037288665771484,37.316123962402,37.368495941162,37.059257507324,36.969596862793,0.052371978759766,0.25686645507813,0.34652709960938
808,0x002F1C60,Z_CANDIDATE,0.036304831504822,0.74915814399719,0.74915814399719,0.71285331249237,0.74915814399719,0.0,0.036304831504822,0.0
809,0x00286B94,Z_CANDIDATE,0.036098070442677,-0.061704143881798,-0.024015791714191,-0.16088157892227,-0.036313131451607,0.037688352167606,0.099177435040474,0.025391012430191
810,0x00286B98,Z_CANDIDATE,0.036098062992096,-0.061704128980637,-0.024015739560127,-0.16088157892227,-0.036313131451607,0.037688389420509,0.099177449941635,0.02539099752903
811,0x000D3E38,ROTATION_CANDIDATE,0.034364974591881,-0.021545266732574,-0.019665654748678,0.0073028313927352,-0.086637951433659,0.0018796119838953,0.028848098125309,0.065092684701085
812,0x000D3488,Z_CANDIDATE,0.034188404679298,0.0,0.0,-0.034188404679298,0.0,0.0,0.034188404679298,0.0
813,0x000D3DF8,ROTATION_CANDIDATE,0.034127315506339,-0.021502738818526,-0.019441341981292,0.0067500453442335,-0.08594423532486,0.0020613968372345,0.02825278416276,0.064441496506333
814,0x000D3D00,Z_CANDIDATE,0.034118216659408,-0.0060521005652845,0.00071076751919463,-0.046933185309172,-0.0060521005652845,0.0067628680844791,0.040881084743887,0.0
815,0x000D392C,X_CANDIDATE,0.031621993985027,-0.035723127424717,-0.0041011334396899,-0.035723127424717,-0.035723127424717,0.031621993985027,0.0,0.0
816,0x000D3CF8,Z_CANDIDATE,0.030618576332927,0.026661932468414,-0.017818367108703,-0.048436943441629,0.026661932468414,0.044480299577117,0.075098875910044,0.0
817,0x001052A4,ROTATION_CANDIDATE,0.029402159154415,-0.071517780423164,-0.071888469159603,-0.069606624543667,-0.039833776652813,0.00037068873643875,0.0019111558794975,0.031684003770351
818,0x001052F0,ROTATION_CANDIDATE,0.029402159154415,-0.071517780423164,-0.071888469159603,-0.069606624543667,-0.039833776652813,0.00037068873643875,0.0019111558794975,0.031684003770351
819,0x000D342C,ROTATION_CANDIDATE,0.028987720608711,-0.071284256875515,-0.071888476610184,-0.069505661725998,-0.039913721382618,0.00060421973466873,0.0017785951495171,0.031370535492897
820,0x000F8AA4,ROTATION_CANDIDATE,0.028948660939932,-0.071284249424934,-0.071927540004253,-0.069505661725998,-0.039913710206747,0.000643290579319,0.0017785876989365,0.031370539218187
821,0x000F8AF0,ROTATION_CANDIDATE,0.028948660939932,-0.071284249424934,-0.071927540004253,-0.069505661725998,-0.039913710206747,0.000643290579319,0.0017785876989365,0.031370539218187
822,0x000D38B0,Z_CANDIDATE,0.028806507587433,0.02726243250072,0.019643230363727,-0.015143577009439,0.033242732286453,0.0076192021369934,0.042406009510159,0.0059802997857332
823,0x003B3378,Z_CANDIDATE,0.027868339791894,0.0,0.0,-0.027868339791894,0.0,0.0,0.027868339791894,0.0
824,0x000D3894,ROTATION_CANDIDATE,0.027668572962284,0.20976340770721,0.21886868774891,-0.10356488078833,-0.1403387337923,0.0091052800416946,0.31332828849554,0.35010214149952
825,0x000D3A2C,ROTATION_CANDIDATE,0.027667999267578,-20.590236663818,-20.581130981445,-20.903564453125,-20.940338134766,0.0091056823730469,0.31332778930664,0.35010147094727
826,0x000D3918,X_CANDIDATE,0.027203414589167,0.032444316893816,-0.010185822844505,0.047032218426466,0.031605493277311,0.042630139738321,0.01458790153265,0.00083882361650467
827,0x000D3964,X_CANDIDATE,0.026707603596151,-0.035510715097189,-0.0088031115010381,-0.035510715097189,-0.035510715097189,0.026707603596151,0.0,0.0
828,0x000D3CC0,X_CANDIDATE,0.026311289984733,0.0,0.047177780419588,0.0039781811647117,0.016888309270144,0.047177780419588,0.0039781811647117,0.016888309270144
829,0x00286B9C,Z_CANDIDATE,0.026287313550711,-0.060727566480637,-0.015181612223387,-0.15697526931763,-0.036313131451607,0.04554595425725,0.09624770283699,0.02441443502903
830,0x000D3930,X_CANDIDATE,0.02581993714557,-0.00038055478944443,-0.026200491935015,-0.00038055478944443,-0.00038055478944443,0.02581993714557,0.0,0.0
831,0x000D3920,X_CANDIDATE,0.025747014442459,0.03586395829916,-0.027629021555185,-0.0018820071127266,0.03586395829916,0.063492979854345,0.037745965411887,0.0
832,0x002F1EC8,X_CANDIDATE,0.024263441562653,0.74915814399719,0.72489470243454,0.74915814399719,0.74915814399719,0.024263441562653,0.0,0.0
833,0x002D96AC,Z_CANDIDATE,0.024261474609375,0.7491455078125,0.7491455078125,0.72488403320313,0.7491455078125,0.0,0.024261474609375,0.0
834,0x000D3CC8,Z_CANDIDATE,0.022701832465827,0.038985550403595,0.011330580338836,-0.011371252126992,0.038985550403595,0.027654970064759,0.050356802530587,0.0
835,0x002D8E14,X_CANDIDATE,0.022491455078125,0.7491455078125,0.68460083007813,0.70709228515625,0.7491455078125,0.064544677734375,0.04205322265625,0.0
836,0x000D3C74,Z_CANDIDATE,0.022040113806725,-0.41135811805725,-0.42936822772026,0.21857266128063,0.1785224378109,0.01801010966301,0.62993077933788,0.58988055586815
837,0x000D3914,ROTATION_CANDIDATE,0.021920686587691,0.0076488638296723,0.029317244887352,0.010442567057908,-0.038733907043934,0.02166838105768,0.0027937032282352,0.046382770873606
838,0x000D3DA8,Z_CANDIDATE,0.021732222754508,0.022643711417913,-0.0052432077936828,-0.029390342533588,0.020228799432516,0.027886919211596,0.052034053951502,0.0024149119853973
839,0x000D3DC0,Z_CANDIDATE,0.020965767093003,-0.023234870284796,0.0051491884514689,0.029491223394871,-0.019858602434397,0.028384058736265,0.052726093679667,0.003376267850399
840,0x000D3C44,Z_CANDIDATE,0.020812501665205,-0.023276122286916,0.0052674342878163,0.029325945302844,-0.020030112937093,0.028543556574732,0.05260206758976,0.003246009349823
841,0x00286BA0,Z_CANDIDATE,0.020671930164099,-0.060727566480637,-0.0095662884414196,-0.15697520971298,-0.036313131451607,0.051161278039217,0.096247643232346,0.02441443502903
842,0x003B2A84,X_CANDIDATE,0.01708984375,-45.155029296875,-45.110595703125,-45.12939453125,-45.1533203125,0.04443359375,0.025634765625,0.001708984375
843,0x003B2AEC,X_CANDIDATE,0.01708984375,2200.8449707031,2200.8894042969,2200.8706054688,2200.8466796875,0.04443359375,0.025634765625,0.001708984375
844,0x000D3D3C,ROTATION_CANDIDATE,0.016664028167725,-1.9999986886978,-2.0,-2.0,-1.9833320379257,1.3113021850586e-06,1.3113021850586e-06,0.016666650772095
845,0x000D3D40,ROTATION_CANDIDATE,0.016664028167725,-1.9999986886978,-2.0,-2.0,-1.9833320379257,1.3113021850586e-06,1.3113021850586e-06,0.016666650772095
846,0x001E8D54,X_CANDIDATE,0.015054196119308,0.066892258822918,0.099193714559078,0.08413951843977,0.066892258822918,0.03230145573616,0.017247259616852,0.0
847,0x001E8D6C,X_CANDIDATE,0.015014067292213,-0.066713906824589,-0.098929241299629,-0.083915174007416,-0.066713906824589,0.03221533447504,0.017201267182827,0.0
848,0x0004EAF4,ROTATION_CANDIDATE,0.014137268066406,21.027654647827,21.027481079102,21.027589797974,21.042030334473,0.00017356872558594,6.4849853515625e-05,0.014375686645508
849,0x000D3924,X_CANDIDATE,0.013195553794503,0.02713125385344,-0.0034898668527603,0.0097056869417429,0.02713125385344,0.030621120706201,0.017425566911697,0.0
850,0x00286BA4,Z_CANDIDATE,0.013081170618534,-0.060727551579475,-0.0058817341923714,-0.15306895971298,-0.036313131451607,0.054845817387104,0.092341408133507,0.024414420127869
851,0x000D3CF4,X_CANDIDATE,0.011544313078048,0.0,0.021940803155303,-0.010063297115266,-0.00033319296198897,0.021940803155303,0.010063297115266,0.00033319296198897
852,0x003B3388,Z_CANDIDATE,0.01138972863555,0.0,0.0,-0.01138972863555,0.0,0.0,0.01138972863555,0.0
853,0x000D331C,ROTATION_CANDIDATE,0.010009765625,602.75592041016,602.75531005859,602.71722412109,602.70660400391,0.0006103515625,0.0386962890625,0.04931640625
854,0x0005E678,Z_CANDIDATE,0.0093307495117188,1.8122863769531,1.7961502075195,1.7868194580078,1.8122863769531,0.016136169433594,0.025466918945313,0.0
855,0x00286E44,Z_CANDIDATE,0.0090750841191038,-0.0018671387806535,-0.00010524818208069,-0.014693364500999,-0.0038563897833228,0.0017618905985728,0.012826225720346,0.0019892510026693
856,0x00286E40,Z_CANDIDATE,0.0081981887924485,-0.003062910400331,-0.00017998012481257,-0.01493750885129,-0.0038563897833228,0.0028829302755184,0.011874598450959,0.00079347938299179
857,0x000D3958,Z_CANDIDATE,0.0080079846084118,0.0050603509880602,0.019900007173419,0.027907991781831,0.0050603509880602,0.014839656185359,0.022847640793771,0.0
858,0x000D3A48,X_CANDIDATE,0.0077044293284416,-0.072208538651466,-0.047476798295975,-0.084349364042282,-0.067322053015232,0.024731740355492,0.012140825390816,0.0048864856362343
859,0x000D7D80,X_CANDIDATE,0.007695192049141,-0.0078172739595175,-0.00012208191037644,-0.0078172739595175,-0.0078172739595175,0.007695192049141,0.0,0.0
860,0x000D85A0,Z_CANDIDATE,0.007695192049141,-0.00012208191037644,-0.00012208191037644,-0.0078172739595175,-0.00012208191037644,0.0,0.007695192049141,0.0
861,0x000D85E0,Z_CANDIDATE,0.007695192049141,-0.00012208191037644,-0.00012208191037644,-0.0078172739595175,-0.00012208191037644,0.0,0.007695192049141,0.0
862,0x000D8620,Z_CANDIDATE,0.007695192049141,-0.00012208191037644,-0.00012208191037644,-0.0078172739595175,-0.00012208191037644,0.0,0.007695192049141,0.0
863,0x000D8660,Z_CANDIDATE,0.007695192049141,-0.00012208191037644,-0.00012208191037644,-0.0078172739595175,-0.00012208191037644,0.0,0.007695192049141,0.0
864,0x000D86A0,Z_CANDIDATE,0.007695192049141,-0.00012208191037644,-0.00012208191037644,-0.0078172739595175,-0.00012208191037644,0.0,0.007695192049141,0.0
865,0x000E9580,X_CANDIDATE,0.007695192049141,-0.0078172739595175,-0.00012208191037644,-0.0078172739595175,-0.0078172739595175,0.007695192049141,0.0,0.0
866,0x000E9DA0,Z_CANDIDATE,0.007695192049141,-0.00012208191037644,-0.00012208191037644,-0.0078172739595175,-0.00012208191037644,0.0,0.007695192049141,0.0
867,0x000E9DE0,Z_CANDIDATE,0.007695192049141,-0.00012208191037644,-0.00012208191037644,-0.0078172739595175,-0.00012208191037644,0.0,0.007695192049141,0.0
868,0x000E9E20,Z_CANDIDATE,0.007695192049141,-0.00012208191037644,-0.00012208191037644,-0.0078172739595175,-0.00012208191037644,0.0,0.007695192049141,0.0
869,0x000E9E60,Z_CANDIDATE,0.007695192049141,-0.00012208191037644,-0.00012208191037644,-0.0078172739595175,-0.00012208191037644,0.0,0.007695192049141,0.0
870,0x000E9EA0,Z_CANDIDATE,0.007695192049141,-0.00012208191037644,-0.00012208191037644,-0.0078172739595175,-0.00012208191037644,0.0,0.007695192049141,0.0
871,0x000D6590,ROTATION_CANDIDATE,0.0076942499435972,-0.0078163202852011,-0.0078163202852011,-0.0078163202852011,-0.00012207034160383,0.0,0.0,0.0076942499435972
872,0x000E7D90,ROTATION_CANDIDATE,0.0076942499435972,-0.0078163202852011,-0.0078163202852011,-0.0078163202852011,-0.00012207034160383,0.0,0.0,0.0076942499435972
873,0x000D62A0,ROTATION_CANDIDATE,0.0076942383748246,-0.0078163202852011,-0.0078163202852011,-0.0078163202852011,-0.00012208191037644,0.0,0.0,0.0076942383748246
874,0x000E7AA0,ROTATION_CANDIDATE,0.0076942383748246,-0.0078163202852011,-0.0078163202852011,-0.0078163202852011,-0.00012208191037644,0.0,0.0,0.0076942383748246
875,0x000D61B0,X_CANDIDATE,0.0076932847005082,-0.0078163202852011,-0.00012208191037644,-0.0078163202852011,-0.0078172739595175,0.0076942383748246,0.0,9.5367431640625e-07
876,0x000D6260,ROTATION_CANDIDATE,0.0076932847005082,-0.0078153666108847,-0.0078153666108847,-0.0078153666108847,-0.00012208191037644,0.0,0.0,0.0076932847005082
877,0x000E79B0,X_CANDIDATE,0.0076932847005082,-0.0078163202852011,-0.00012208191037644,-0.0078163202852011,-0.0078172739595175,0.0076942383748246,0.0,9.5367431640625e-07
878,0x000E7A60,ROTATION_CANDIDATE,0.0076932847005082,-0.0078153666108847,-0.0078153666108847,-0.0078153666108847,-0.00012208191037644,0.0,0.0,0.0076932847005082
879,0x000D6080,X_CANDIDATE,0.0076923310261918,-0.0078163202852011,-0.00012208191037644,-0.0078163202852011,-0.0078144129365683,0.0076942383748246,0.0,1.9073486328125e-06
880,0x000E7880,X_CANDIDATE,0.0076923310261918,-0.0078163202852011,-0.00012208191037644,-0.0078163202852011,-0.0078144129365683,0.0076942383748246,0.0,1.9073486328125e-06
881,0x000D6460,ROTATION_CANDIDATE,0.0076904255402042,-0.0078125074505806,-0.0078125074505806,-0.0078125074505806,-0.00012208191037644,0.0,0.0,0.0076904255402042
882,0x000E7C60,ROTATION_CANDIDATE,0.0076904255402042,-0.0078125074505806,-0.0078125074505806,-0.0078125074505806,-0.00012208191037644,0.0,0.0,0.0076904255402042
883,0x000D7E80,X_CANDIDATE,0.007685655305977,-0.0078172739595175,-0.00012208191037644,-0.0078163202852011,-0.0078258570283651,0.007695192049141,9.5367431640625e-07,8.5830688476563e-06
884,0x000E9680,X_CANDIDATE,0.007685655305977,-0.0078172739595175,-0.00012208191037644,-0.0078163202852011,-0.0078258570283651,0.007695192049141,9.5367431640625e-07,8.5830688476563e-06
885,0x000E8F30,X_CANDIDATE,0.0076827942830278,-0.0078258570283651,-0.00012208191037644,-0.0078153666108847,-0.0078153666108847,0.0077037751179887,1.0490417480469e-05,1.0490417480469e-05
886,0x000D34E4,Z_CANDIDATE,0.0075918661896139,0.0007616508519277,0.0011611736845225,0.0087530398741364,0.0007616508519277,0.00039952283259481,0.0079913890222088,0.0
887,0x003B3380,Z_CANDIDATE,0.0075243934988976,0.0,0.0,-0.0075243934988976,0.0,0.0,0.0075243934988976,0.0
888,0x000D6408,ROTATION_CANDIDATE,0.0073372776387259,-0.0078258570283651,-0.0078258570283651,-0.0078258570283651,-0.0004885793896392,0.0,0.0,0.0073372776387259
889,0x000E7C08,ROTATION_CANDIDATE,0.0073372776387259,-0.0078258570283651,-0.0078258570283651,-0.0078258570283651,-0.0004885793896392,0.0,0.0,0.0073372776387259
890,0x000D6470,ROTATION_CANDIDATE,0.0073289329884574,-0.0004883409710601,-0.0004883409710601,-0.0004883409710601,-0.0078172739595175,0.0,0.0,0.0073289329884574
891,0x000E7C70,ROTATION_CANDIDATE,0.0073289329884574,-0.0004883409710601,-0.0004883409710601,-0.0004883409710601,-0.0078172739595175,0.0,0.0,0.0073289329884574
892,0x000D86E0,Z_CANDIDATE,0.0073288137791678,-0.00048846018034965,-0.00048846018034965,-0.0078172739595175,-0.00048846018034965,0.0,0.0073288137791678,0.0
893,0x000E9EE0,Z_CANDIDATE,0.0073288137791678,-0.00048846018034965,-0.00048846018034965,-0.0078172739595175,-0.00048846018034965,0.0,0.0073288137791678,0.0
894,0x000D6308,ROTATION_CANDIDATE,0.0073286945698783,-0.0078172739595175,-0.0078172739595175,-0.0078172739595175,-0.0004885793896392,0.0,0.0,0.0073286945698783
895,0x000D6548,ROTATION_CANDIDATE,0.0073286945698783,-0.0078172739595175,-0.0078172739595175,-0.0078172739595175,-0.0004885793896392,0.0,0.0,0.0073286945698783
896,0x000E7B08,ROTATION_CANDIDATE,0.0073286945698783,-0.0078172739595175,-0.0078172739595175,-0.0078172739595175,-0.0004885793896392,0.0,0.0,0.0073286945698783
897,0x000E7D48,ROTATION_CANDIDATE,0.0073286945698783,-0.0078172739595175,-0.0078172739595175,-0.0078172739595175,-0.0004885793896392,0.0,0.0,0.0073286945698783
898,0x000D5EE0,X_CANDIDATE,0.0073279495118186,-0.00012208191037644,-0.0078163202852011,-0.00012208191037644,-0.00048837077338248,0.0076942383748246,0.0,0.00036628886300605
899,0x000E76E8,ROTATION_CANDIDATE,0.0073279495118186,-0.0078163202852011,-0.0078163202852011,-0.0078163202852011,-0.00048837077338248,0.0,0.0,0.0073279495118186
900,0x000D6048,ROTATION_CANDIDATE,0.007326906430535,-0.0078172739595175,-0.0078153666108847,-0.0078172739595175,-0.00048846018034965,1.9073486328125e-06,0.0,0.0073288137791678
901,0x000E7848,ROTATION_CANDIDATE,0.007326906430535,-0.0078172739595175,-0.0078153666108847,-0.0078172739595175,-0.00048846018034965,1.9073486328125e-06,0.0,0.0073288137791678
902,0x000D8058,ROTATION_CANDIDATE,0.0073268021806143,-0.00048851972678676,-0.00048856443027034,-0.00048851972678676,-0.0078153666108847,4.4703483581543e-08,0.0,0.0073268468840979
903,0x000E9858,ROTATION_CANDIDATE,0.0073268021806143,-0.00048851972678676,-0.00048856443027034,-0.00048851972678676,-0.0078153666108847,4.4703483581543e-08,0.0,0.0073268468840979
904,0x000D61C8,ROTATION_CANDIDATE,0.0073267872212455,-0.0078172739595175,-0.0078153666108847,-0.0078172739595175,-0.0004885793896392,1.9073486328125e-06,0.0,0.0073286945698783
905,0x000D64C8,ROTATION_CANDIDATE,0.0073267872212455,-0.0078153666108847,-0.0078153666108847,-0.0078153666108847,-0.0004885793896392,0.0,0.0,0.0073267872212455
906,0x000E79C8,ROTATION_CANDIDATE,0.0073267872212455,-0.0078172739595175,-0.0078153666108847,-0.0078172739595175,-0.0004885793896392,1.9073486328125e-06,0.0,0.0073286945698783
907,0x000E7CC8,ROTATION_CANDIDATE,0.0073267872212455,-0.0078153666108847,-0.0078153666108847,-0.0078153666108847,-0.0004885793896392,0.0,0.0,0.0073267872212455
908,0x000D6C48,Z_CANDIDATE,0.0073266978142783,-0.0004885793896392,-0.0004885793896392,-0.0078153666108847,-0.00048848998267204,0.0,0.0073267872212455,8.9406967163086e-08
909,0x000D5FA0,ROTATION_CANDIDATE,0.0073248798726127,-0.0078153666108847,-0.0078172739595175,-0.0078153666108847,-0.0004885793896392,1.9073486328125e-06,0.0,0.0073267872212455
910,0x000E77A0,ROTATION_CANDIDATE,0.0073248798726127,-0.0078153666108847,-0.0078172739595175,-0.0078153666108847,-0.0004885793896392,1.9073486328125e-06,0.0,0.0073267872212455
911,0x000D87A8,Z_CANDIDATE,0.0073239486082457,-0.00048856443027034,-0.00048856443027034,-0.007812513038516,-0.00048856443027034,0.0,0.0073239486082457,0.0
912,0x000E9FA8,Z_CANDIDATE,0.0073239486082457,-0.00048856443027034,-0.00048856443027034,-0.007812513038516,-0.00048856443027034,0.0,0.0073239486082457,0.0
913,0x000D86B8,Z_CANDIDATE,0.0073239336488768,-0.007812513038516,-0.007812513038516,-0.0004885793896392,-0.007812513038516,0.0,0.0073239336488768,0.0
914,0x000E9EB8,Z_CANDIDATE,0.0073239336488768,-0.007812513038516,-0.007812513038516,-0.0004885793896392,-0.007812513038516,0.0,0.0073239336488768,0.0
915,0x000E8608,ROTATION_CANDIDATE,0.0073163917986676,-0.0078125074505806,-0.0078153666108847,-0.0078172739595175,-0.00048848998267204,2.8591603040695e-06,4.766508936882e-06,0.0073240174679086
916,0x000D3A88,X_CANDIDATE,0.0072384439408779,-0.072317130863667,-0.04746238514781,-0.084594793617725,-0.066978491842747,0.024854745715857,0.012277662754059,0.0053386390209198
917,0x000D3950,X_CANDIDATE,0.0071590691804886,0.016194945201278,-0.029073312878609,-0.02191424369812,0.016194945201278,0.045268258079886,0.038109188899398,0.0
918,0x000E9080,ROTATION_CANDIDATE,0.0069623461604351,-0.00048848998267204,-0.00048851972678676,-0.00012208191037644,-0.0078172739595175,2.9744114726782e-08,0.0003664080722956,0.0073287839768454
919,0x000D8560,Z_CANDIDATE,0.0069622270093532,-0.00048856443027034,-0.00048856443027034,-0.0078172739595175,-0.00012208191037644,0.0,0.0073287095292471,0.00036648251989391
920,0x000E9D60,Z_CANDIDATE,0.0069622270093532,-0.00048856443027034,-0.00048856443027034,-0.0078172739595175,-0.00012208191037644,0.0,0.0073287095292471,0.00036648251989391
921,0x000D8010,ROTATION_CANDIDATE,0.0069621374277631,-0.0004885793896392,-0.00048851972678676,-0.00012208191037644,-0.0078172739595175,5.9662852436304e-08,0.00036649747926276,0.0073286945698783
922,0x000E9810,ROTATION_CANDIDATE,0.0069621374277631,-0.0004885793896392,-0.00048851972678676,-0.00012208191037644,-0.0078172739595175,5.9662852436304e-08,0.00036649747926276,0.0073286945698783
923,0x000E94D8,Z_CANDIDATE,0.006960081125726,-0.0004885793896392,-0.00048837077338248,-0.0078153666108847,-0.00012208191037644,2.0861625671387e-07,0.0073267872212455,0.00036649747926276
924,0x000D3FE0,ROTATION_CANDIDATE,0.0062236785888672,1.9999969005585,2.0000009536743,2.0313708782196,2.0375986099243,4.0531158447266e-06,0.031373977661133,0.037601709365845
925,0x000D34E8,X_CANDIDATE,0.0060316489543766,-0.0043071359395981,0.0063793729059398,-0.0043071359395981,0.00034772395156324,0.010686508845538,0.0,0.0046548598911613
926,0x000D5E58,ROTATION_CANDIDATE,0.0058593803551048,-0.0078153666108847,-0.0078172739595175,-0.0078153666108847,-0.001954078907147,1.9073486328125e-06,0.0,0.0058612877037376
927,0x000E7658,ROTATION_CANDIDATE,0.0058593803551048,-0.0078153666108847,-0.0078172739595175,-0.0078153666108847,-0.001954078907147,1.9073486328125e-06,0.0,0.0058612877037376
928,0x000D6E08,ROTATION_CANDIDATE,0.005849372362718,-0.0078125074505806,-0.0078153666108847,-0.0078172739595175,-0.0019555094186217,2.8591603040695e-06,4.766508936882e-06,0.0058569980319589
929,0x000D34D0,ROTATION_CANDIDATE,0.0058176122838631,-0.008709704503417,-0.0072277812287211,-0.008709704503417,-0.001410168944858,0.0014819232746959,0.0,0.007299535558559
930,0x002D9184,X_CANDIDATE,0.0057373046875,0.72488403320313,0.70709228515625,0.71282958984375,0.72488403320313,0.017791748046875,0.012054443359375,0.0
931,0x000D34F0,X_CANDIDATE,0.005640896037221,-0.0098812784999609,-0.0038085877895355,-0.0098812784999609,-0.0094494838267565,0.0060726907104254,0.0,0.00043179467320442
932,0x000D3A5C,X_CANDIDATE,0.0049839168787003,-0.072218179702759,-0.046593025326729,-0.084664799273014,-0.080412797629833,0.02562515437603,0.012446619570255,0.0081946179270744
933,0x000D3A9C,X_CANDIDATE,0.0049328207969666,-0.072315864264965,-0.046594083309174,-0.084920734167099,-0.080499954521656,0.025721780955791,0.012604869902134,0.008184090256691
934,0x000D34D4,X_CANDIDATE,0.0047577425721101,0.0075942776165903,0.00086161104263738,0.0075942776165903,0.009569201618433,0.0067326665739529,0.0,0.0019749240018427
935,0x00286E3C,Z_CANDIDATE,0.0046138616744429,-0.0049051586538553,-0.0002912983763963,-0.01518164947629,-0.0038563897833228,0.004613860277459,0.010276490822434,0.0010487688705325
936,0x000D34C8,X_CANDIDATE,0.0039091901853681,-0.0091098770499229,-0.005022868514061,-0.008932058699429,-0.0091098770499229,0.004087008535862,0.00017781835049391,0.0
937,0x000D3484,ROTATION_CANDIDATE,0.00390625,2290.2058105469,2290.205078125,2290.1870117188,2290.1823730469,0.000732421875,0.018798828125,0.0234375
938,0x000D3A1C,X_CANDIDATE,0.0037781409919262,-0.00066725350916386,0.025328336283565,-0.015285575762391,-0.0082663800567389,0.025995589792728,0.014618322253227,0.007599126547575
939,0x000D3A10,X_CANDIDATE,0.0033269319683313,-0.0006836149841547,0.024202521890402,-0.015486836433411,-0.007439598441124,0.024886136874557,0.014803221449256,0.0067559834569693
940,0x000D34C4,X_CANDIDATE,0.0032595850061625,-0.0088377157226205,0.0066225910559297,0.0033630060497671,-0.0088377157226205,0.01546030677855,0.012200721772388,0.0
941,0x000D3C58,X_CANDIDATE,0.0031478088349104,-0.040764398872852,0.0066068628802896,-0.01522630918771,-0.022079035639763,0.047371261753142,0.025538089685142,0.018685363233089
942,0x000D38A0,X_CANDIDATE,0.0030942596495152,0.021970331668854,-0.0040497109293938,0.036927174776793,0.029939271509647,0.026020042598248,0.014956843107939,0.0079689398407936
943,0x00286E14,Z_CANDIDATE,0.0026695588603616,-0.0069804042577744,-0.0025746319442987,-0.017179749906063,-0.0038563897833228,0.0044057723134756,0.010199345648289,0.0031240144744515
944,0x00286E18,Z_CANDIDATE,0.0026085171848536,-0.0068583339452744,-0.0026356680318713,-0.016691461205482,-0.0038563897833228,0.004222665913403,0.0098331272602081,0.0030019441619515
945,0x00286E1C,Z_CANDIDATE,0.0026085171848536,-0.0068583339452744,-0.0026356680318713,-0.016691461205482,-0.0038563897833228,0.004222665913403,0.0098331272602081,0.0030019441619515
946,0x00286E24,Z_CANDIDATE,0.0025474736467004,-0.0067362617701292,-0.0026967041194439,-0.016203165054321,-0.0038563897833228,0.0040395576506853,0.0094669032841921,0.0028798719868064
947,0x003B3408,X_CANDIDATE,0.0025039550382644,-0.0044125253334641,0.0037699458189309,-0.0031465345527977,0.0,0.008182471152395,0.0012659907806665,0.0044125253334641
948,0x000D3478,ROTATION_CANDIDATE,0.0024712085723877,1.0,0.99708944559097,0.96514862775803,0.95976686477661,0.0029105544090271,0.034851372241974,0.040233135223389
949,0x000D3470,ROTATION_CANDIDATE,0.0024709105491638,1.0,0.99708944559097,0.9651483297348,0.95976686477661,0.0029105544090271,0.034851670265198,0.040233135223389
950,0x000D3CBC,Z_CANDIDATE,0.0024704663082957,0.0,-0.022170085459948,0.034579887986183,0.0099393362179399,0.022170085459948,0.034579887986183,0.0099393362179399
951,0x000D3464,Z_CANDIDATE,0.0023931881878525,0.0,0.0,-0.0023931881878525,0.0,0.0,0.0023931881878525,0.0
952,0x003B3180,Z_CANDIDATE,0.0021968986839056,0.0021971662063152,0.0021969729568809,0.0,0.0021970919333398,1.9324943423271e-07,0.0021971662063152,7.4272975325584e-08
953,0x00286E20,Z_CANDIDATE,0.002181270159781,-0.0068583320826292,-0.0026967041194439,-0.016203172504902,-0.0038563897833228,0.0041616279631853,0.0093448404222727,0.0030019422993064
954,0x00286E28,Z_CANDIDATE,0.002120228484273,-0.0067362617701292,-0.0027577402070165,-0.015714883804321,-0.0038563897833228,0.0039785215631127,0.0089786220341921,0.0028798719868064
955,0x002D9788,X_CANDIDATE,0.001678466796875,0.70709228515625,1.0594482421875,0.35641479492188,0.70709228515625,0.35235595703125,0.35067749023438,0.0
956,0x000D36C8,ROTATION_CANDIDATE,0.001651999540627,-0.007560383528471,-0.0068172314204276,-0.0055720745585859,-0.0031769229099154,0.00074315210804343,0.0019883089698851,0.0043834606185555
957,0x000D36D4,ROTATION_CANDIDATE,0.0016212125774473,0.0075293076224625,0.0066645424813032,0.0063619827851653,0.0038760050665587,0.0008647651411593,0.0011673248372972,0.0036533025559038
958,0x00079964,X_CANDIDATE,0.0015112832188606,0.047113604843616,0.044297330081463,0.046732943505049,0.046189274638891,0.0028162747621536,0.00038066133856773,0.00092433020472527
959,0x00286E2C,Z_CANDIDATE,0.0015098489820957,-0.0067362617701292,-0.0021473681554198,-0.015714876353741,-0.0038563897833228,0.0045888936147094,0.0089786145836115,0.0028798719868064
960,0x000D394C,Z_CANDIDATE,0.0014866422861814,0.0086935041472316,-0.01191373821348,-0.033561132848263,0.028854256495833,0.020607242360711,0.042254636995494,0.020160752348602
961,0x000D3468,X_CANDIDATE,0.0014185774489306,-0.0055854488164186,-0.00046702410327271,-0.0043477425351739,-0.0031233078334481,0.0051184247131459,0.0012377062812448,0.0024621409829706
962,0x000D3474,X_CANDIDATE,0.0012811516353395,-0.001499563222751,0.0024949894286692,-0.0025273317005485,0.00018606931553222,0.0039945526514202,0.0010277684777975,0.0016856325382832
963,0x000F8AB0,X_CANDIDATE,0.0012218491174281,-0.0015187179669738,0.0025205826386809,-0.0026314663700759,0.00018598511815071,0.0040393006056547,0.0011127484031022,0.0017047030851245
964,0x000F8AE4,X_CANDIDATE,0.0012218491174281,-0.0015187179669738,0.0025205826386809,-0.0026314663700759,0.00018598511815071,0.0040393006056547,0.0011127484031022,0.0017047030851245
965,0x001052B8,Z_CANDIDATE,0.0012137368321419,0.071538023650646,0.071874521672726,0.069635927677155,0.071889884769917,0.00033649802207947,0.0019020959734917,0.00035186111927032
966,0x00105304,Z_CANDIDATE,0.0012137368321419,0.071538023650646,0.071874521672726,0.069635927677155,0.071889884769917,0.00033649802207947,0.0019020959734917,0.00035186111927032
967,0x001052B0,X_CANDIDATE,0.0011324537917972,-0.001446763984859,0.0025018476881087,-0.0026235529221594,0.00019260495901108,0.0039486116729677,0.0011767889373004,0.0016393689438701
968,0x001052E4,X_CANDIDATE,0.0011324537917972,-0.001446763984859,0.0025018476881087,-0.0026235529221594,0.00019260495901108,0.0039486116729677,0.0011767889373004,0.0016393689438701
969,0x000D3C50,Z_CANDIDATE,0.0011020060628653,-0.02056791074574,-0.021468415856361,0.01092863548547,0.0089261243119836,0.00090050511062145,0.03149654623121,0.029494035057724
970,0x000D3328,ROTATION_CANDIDATE,0.00099945068359375,60.275608062744,60.275547027588,60.27173614502,60.27067565918,6.103515625e-05,0.0038719177246094,0.0049324035644531
971,0x000D34DC,Z_CANDIDATE,0.00093368708621711,0.0011214852565899,0.0028824401088059,-0.0015731566818431,0.0011214852565899,0.0017609548522159,0.0026946419384331,0.0
972,0x000D347C,X_CANDIDATE,0.000760804687161,-0.003432511119172,-0.00089710293104872,-0.002766112331301,-0.0023243064060807,0.0025354081881233,0.000666398787871,0.0011082047130913
973,0x00286E30,Z_CANDIDATE,0.0007574325427413,-0.0066141895949841,-0.0013178139925003,-0.01542579755187,-0.0038563897833228,0.0052963756024837,0.0088116079568863,0.0027577998116612
974,0x000D36F4,Z_CANDIDATE,0.00070362095721066,-0.00087061349768192,-0.0016651999903843,-0.0024938292335719,-0.00074560521170497,0.00079458649270236,0.00162321573589,0.00012500828597695
975,0x00079954,Z_CANDIDATE,0.0006682276725769,-0.82803666591644,-0.8278671503067,-0.82915848493576,-0.82775259017944,0.00016951560974121,0.0011218190193176,0.00028407573699951
976,0x000D346C,Z_CANDIDATE,0.00055327637528535,-0.0015529979718849,-0.0021174186840653,0.00021368810848799,-0.002201986964792,0.00056442071218044,0.0017666860803729,0.00064898899290711
977,0x003B2B1C,Z_CANDIDATE,0.00054501742124557,0.021536905318499,0.021686069667339,0.020829517394304,0.021523699164391,0.00014916434884071,0.00070738792419434,1.3206154108047e-05
978,0x00079944,Z_CANDIDATE,0.00052887201309204,0.89957463741302,0.89970362186432,0.89869385957718,0.89979755878448,0.00012898445129395,0.00088077783584595,0.00022292137145996
979,0x00204CF4,ROTATION_CANDIDATE,0.00052738189697266,0.30337333679199,0.30337333679199,0.30337333679199,0.30390071868896,0.0,0.0,0.00052738189697266
980,0x00204D00,ROTATION_CANDIDATE,0.00052738189697266,0.30337333679199,0.30337333679199,0.30337333679199,0.30390071868896,0.0,0.0,0.00052738189697266
981,0x00204D10,ROTATION_CANDIDATE,0.00052738189697266,0.30337333679199,0.30337333679199,0.30337333679199,0.30390071868896,0.0,0.0,0.00052738189697266
982,0x000D3A20,X_CANDIDATE,0.00050568580627441,-0.99980026483536,-0.99894994497299,-0.99987059831619,-0.9995259642601,0.00085031986236572,7.0333480834961e-05,0.00027430057525635
983,0x000D8D40,Z_CANDIDATE,0.00048856443027034,0.0,0.0,-0.00048856443027034,0.0,0.0,0.00048856443027034,0.0
984,0x000D8D38,Z_CANDIDATE,0.00048837077338248,0.0,0.0,-0.00048837077338248,0.0,0.0,0.00048837077338248,0.0
985,0x000EA538,Z_CANDIDATE,0.00048837077338248,0.0,0.0,-0.00048837077338248,0.0,0.0,0.00048837077338248,0.0
986,0x000D3424,Z_CANDIDATE,0.0004616379737854,-0.071305498480797,-0.071874521672726,-0.069535367190838,-0.072044968605042,0.00056902319192886,0.001770131289959,0.00073947012424469
987,0x000F8AB8,Z_CANDIDATE,0.00042248517274857,0.071305498480797,0.071913674473763,0.069535374641418,0.072044961154461,0.0006081759929657,0.0017701238393784,0.00073946267366409
988,0x000F8B04,Z_CANDIDATE,0.00042248517274857,0.071305498480797,0.071913674473763,0.069535374641418,0.072044961154461,0.0006081759929657,0.0017701238393784,0.00073946267366409
989,0x000D6560,ROTATION_CANDIDATE,0.00036649747926276,-0.0004885793896392,-0.0004885793896392,-0.0004885793896392,-0.00012208191037644,0.0,0.0,0.00036649747926276
990,0x000D8738,Z_CANDIDATE,0.00036649747926276,-0.00012208191037644,-0.00012208191037644,-0.0004885793896392,-0.00012208191037644,0.0,0.00036649747926276,0.0
991,0x000E7D60,ROTATION_CANDIDATE,0.00036649747926276,-0.0004885793896392,-0.0004885793896392,-0.0004885793896392,-0.00012208191037644,0.0,0.0,0.00036649747926276
992,0x000E9F38,Z_CANDIDATE,0.00036649747926276,-0.00012208191037644,-0.00012208191037644,-0.0004885793896392,-0.00012208191037644,0.0,0.00036649747926276,0.0
993,0x000D6588,ROTATION_CANDIDATE,0.00036648251989391,-0.00012208191037644,-0.00012208191037644,-0.00012208191037644,-0.00048856443027034,0.0,0.0,0.00036648251989391
994,0x000E7D88,ROTATION_CANDIDATE,0.00036648251989391,-0.00012208191037644,-0.00012208191037644,-0.00012208191037644,-0.00048856443027034,0.0,0.0,0.00036648251989391
995,0x000E8310,ROTATION_CANDIDATE,0.00036648251989391,-0.00012208191037644,-0.00012208191037644,-0.00012208191037644,-0.00048856443027034,0.0,0.0,0.00036648251989391
996,0x000E7EC8,X_CANDIDATE,0.0003664080722956,-0.0078153666108847,-0.00012208191037644,-0.0078153666108847,-0.00048848998267204,0.0076932847005082,0.0,0.0073268766282126
997,0x000E9280,ROTATION_CANDIDATE,0.0003664080722956,-0.0004885793896392,-0.00048848998267204,-0.0004885793896392,-0.00012208191037644,8.9406967163086e-08,0.0,0.00036649747926276
998,0x000D87F8,Z_CANDIDATE,0.00036637826997321,-0.00048846018034965,-0.00048846018034965,-0.00012208191037644,-0.00048846018034965,0.0,0.00036637826997321,0.0
999,0x000E7F20,X_CANDIDATE,0.00036637826997321,-0.0078172739595175,-0.00012208191037644,-0.0078172739595175,-0.00048846018034965,0.007695192049141,0.0,0.0073288137791678
1000,0x000E9FF8,Z_CANDIDATE,0.00036637826997321,-0.00048846018034965,-0.00048846018034965,-0.00012208191037644,-0.00048846018034965,0.0,0.00036637826997321,0.0
1001,0x000D8040,ROTATION_CANDIDATE,0.00036628886300605,-0.0004885793896392,-0.00048837077338248,-0.0004885793896392,-0.00012208191037644,2.0861625671387e-07,0.0,0.00036649747926276
1002,0x000E76E0,ROTATION_CANDIDATE,0.00036628886300605,-0.00012208191037644,-0.00012208191037644,-0.00012208191037644,-0.00048837077338248,0.0,0.0,0.00036628886300605
1003,0x000E9840,ROTATION_CANDIDATE,0.00036628886300605,-0.0004885793896392,-0.00048837077338248,-0.0004885793896392,-0.00012208191037644,2.0861625671387e-07,0.0,0.00036649747926276
1004,0x000D336C,ROTATION_CANDIDATE,0.0003509521484375,60.312156677246,60.312110900879,60.31063079834,60.310234069824,4.57763671875e-05,0.00152587890625,0.001922607421875
1005,0x000D3F20,ROTATION_CANDIDATE,0.00031118839979172,0.099999867379665,0.10000006854534,0.10156856477261,0.10187995433807,2.0116567611694e-07,0.0015686973929405,0.0018800869584084
1006,0x000D3700,Z_CANDIDATE,0.00030959286959842,0.00095787836471573,0.00252560316585,0.0037575305905193,0.0018802129197866,0.0015677248011343,0.0027996522258036,0.00092233455507085
1007,0x002870B8,Z_CANDIDATE,0.00029755802825093,-0.00071993819437921,-0.00030655891168863,-0.0017145532183349,-0.00043626048136503,0.00041337928269058,0.0009946150239557,0.00028367771301419
1008,0x000D3FDC,Z_CANDIDATE,0.00029639154672623,0.083333246409893,0.08333345502615,0.085566878318787,0.085270278155804,2.0861625671387e-07,0.0022336319088936,0.0019370317459106
1009,0x0006D24C,ROTATION_CANDIDATE,0.0002899169921875,60.312156677246,60.312110900879,60.310844421387,60.310508728027,4.57763671875e-05,0.001312255859375,0.00164794921875
1010,0x000D33F0,ROTATION_CANDIDATE,0.0002899169921875,60.312156677246,60.312110900879,60.310844421387,60.310508728027,4.57763671875e-05,0.001312255859375,0.00164794921875
1011,0x000D3418,ROTATION_CANDIDATE,0.0002899169921875,60.275615692139,60.275569915771,60.274303436279,60.27396774292,4.57763671875e-05,0.001312255859375,0.00164794921875
1012,0x000D3460,ROTATION_CANDIDATE,0.0002899169921875,160.31439208984,160.31434631348,160.31307983398,160.31274414063,4.57763671875e-05,0.001312255859375,0.00164794921875
1013,0x000D591C,ROTATION_CANDIDATE,0.0002899169921875,167.31439208984,167.31434631348,167.31307983398,167.31274414063,4.57763671875e-05,0.001312255859375,0.00164794921875
1014,0x000F8B14,ROTATION_CANDIDATE,0.0002899169921875,60.275615692139,60.275569915771,60.274303436279,60.27396774292,4.57763671875e-05,0.001312255859375,0.00164794921875
1015,0x000D3DC8,X_CANDIDATE,0.00027000904083252,-0.99926728010178,-0.99997693300247,-0.99951875209808,-0.99907910823822,0.0007096529006958,0.00025147199630737,0.00018817186355591
1016,0x002870A0,Z_CANDIDATE,0.00026704045012593,-0.0007504562381655,-0.00028367037884891,-0.0018061078153551,-0.00042863097041845,0.00046678585931659,0.0010556515771896,0.00032182526774704
1017,0x002870AC,Z_CANDIDATE,0.00026704033371061,-0.00073519721627235,-0.00029892928432673,-0.0017450717277825,-0.00042863097041845,0.00043626793194562,0.0010098745115101,0.0003065662458539
1018,0x002870B0,Z_CANDIDATE,0.00026704010087997,-0.00073519721627235,-0.00029892940074205,-0.0017450712621212,-0.00042863108683378,0.0004362678155303,0.0010098740458488,0.00030656612943858
1019,0x002870BC,Z_CANDIDATE,0.00025940942578018,-0.00071993819437921,-0.00029892788734287,-0.0016840356402099,-0.00043626048136503,0.00042101030703634,0.0009640974458307,0.00028367771301419
1020,0x002870B4,Z_CANDIDATE,0.00025178131181747,-0.00073519721627235,-0.0003065587952733,-0.0017145536839962,-0.00043626048136503,0.00042863842099905,0.00097935646772385,0.00029893673490733
1021,0x002870A8,Z_CANDIDATE,0.00024415261577815,-0.00075045600533485,-0.00029129988979548,-0.0017755897715688,-0.00042863097041845,0.00045915611553937,0.0010251337662339,0.0003218250349164
1022,0x002870A4,Z_CANDIDATE,0.0002441518008709,-0.0007504562381655,-0.00029129977338016,-0.0017755897715688,-0.00042863097041845,0.00045915646478534,0.0010251335334033,0.00032182526774704
1023,0x00105314,ROTATION_CANDIDATE,0.000244140625,60.275615692139,60.275569915771,60.274486541748,60.274196624756,4.57763671875e-05,0.001129150390625,0.0014190673828125
1024,0x00286E34,Z_CANDIDATE,0.00023584556765854,-0.0066141895949841,-0.00079623074270785,-0.01542579382658,-0.0038563897833228,0.0058179588522762,0.008811604231596,0.0027577998116612
1025,0x003B2FCC,X_CANDIDATE,0.0002131313085556,-0.13237211108208,0.13258524239063,0.0,0.0,0.26495735347271,0.13237211108208,0.13237211108208
1026,0x002870C0,Z_CANDIDATE,0.00014427595306188,-0.00071993819437921,-0.00018379488028586,-0.0016840351745486,-0.00043626048136503,0.00053614331409335,0.00096409698016942,0.00028367771301419
1027,0x003B2B34,X_CANDIDATE,0.0001146737486124,0.018841294571757,0.019134450703859,0.019009448587894,0.01885162293911,0.00029315613210201,0.00016815401613712,1.0328367352486e-05
1028,0x002870C4,Z_CANDIDATE,8.289612014778e-05,-0.00070467917248607,-0.00010715555981733,-0.0016535175964236,-0.00043626048136503,0.00059752361266874,0.00094883842393756,0.00026841869112104
1029,0x001052B4,Z_CANDIDATE,8.1777572631836e-05,0.99743682146072,0.99741053581238,0.99756908416748,0.99741262197495,2.6285648345947e-05,0.00013226270675659,2.4199485778809e-05
1030,0x001052F4,Z_CANDIDATE,8.1777572631836e-05,0.99743682146072,0.99741053581238,0.99756908416748,0.99741262197495,2.6285648345947e-05,0.00013226270675659,2.4199485778809e-05
1031,0x00234704,X_CANDIDATE,7.62939453125e-05,254.73826599121,254.73837280273,254.73823547363,254.73826599121,0.0001068115234375,3.0517578125e-05,0.0
1032,0x000D36C4,ROTATION_CANDIDATE,7.5690448284149e-05,0.099713772535324,0.099766217172146,0.099759042263031,0.099887177348137,5.2444636821747e-05,4.5269727706909e-05,0.00017340481281281
1033,0x000D3430,Z_CANDIDATE,2.7716159820557e-05,0.99745345115662,0.99741059541702,0.99757605791092,0.99740141630173,4.2855739593506e-05,0.00012260675430298,5.2034854888916e-05
1034,0x000D3DB4,Z_CANDIDATE,2.6404857635498e-05,0.99934440851212,0.99976056814194,0.99989891052246,0.99923247098923,0.00041615962982178,0.00055450201034546,0.00011193752288818
1035,0x000F8AB4,Z_CANDIDATE,2.521276473999e-05,0.99745333194733,0.99740773439407,0.99757599830627,0.99740147590637,4.5597553253174e-05,0.00012266635894775,5.185604095459e-05
1036,0x000F8AF4,Z_CANDIDATE,2.521276473999e-05,0.99745333194733,0.99740773439407,0.99757599830627,0.99740147590637,4.5597553253174e-05,0.00012266635894775,5.185604095459e-05
1037,0x000D7EF0,ROTATION_CANDIDATE,2.847591531463e-06,-0.00012208191037644,-0.00012207034160383,-0.0078125074505806,-0.0078153666108847,1.1568772606552e-08,0.0076904255402042,0.0076932847005082
1038,0x000E96F0,ROTATION_CANDIDATE,2.847591531463e-06,-0.00012208191037644,-0.00012207034160383,-0.0078125074505806,-0.0078153666108847,1.1568772606552e-08,0.0076904255402042,0.0076932847005082
1039,0x000D6120,X_CANDIDATE,0.0,-0.0078153666108847,-0.00012208191037644,-0.0078153666108847,-0.00012208191037644,0.0076932847005082,0.0,0.0076932847005082
1040,0x000E7920,X_CANDIDATE,0.0,-0.0078153666108847,-0.00012208191037644,-0.0078153666108847,-0.00012208191037644,0.0076932847005082,0.0,0.0076932847005082
1041,0x001E8DD0,X_CANDIDATE,0.0,0.0,-0.0065449848771095,-0.0065449848771095,0.0,0.0065449848771095,0.0065449848771095,0.0
1042,0x001F1C84,X_CANDIDATE,0.0,0.049087386578321,0.0,0.0,0.049087386578321,0.049087386578321,0.049087386578321,0.0
1043,0x001F7114,Z_CANDIDATE,0.0,0.5,0.5,0.0,0.0,0.0,0.5,0.5
1044,0x001F7F08,Z_CANDIDATE,0.0,0.5,0.5,0.0,0.0,0.0,0.5,0.5
1045,0x001F7FC0,X_CANDIDATE,0.0,26.0,13.0,13.5,25.5,13.0,12.5,0.5
1046,0x001F7FC4,Z_CANDIDATE,0.0,0.0,0.0,0.5,0.5,0.0,0.5,0.5
1047,0x001F8138,Z_CANDIDATE,0.0,29.5,29.5,30.0,30.0,0.0,0.5,0.5
1048,0x001F813C,Z_CANDIDATE,0.0,0.5,0.5,0.0,0.0,0.0,0.5,0.5
1049,0x001F8370,Z_CANDIDATE,0.0,0.0,0.0,0.5,0.5,0.0,0.5,0.5
1050,0x0020FA68,Z_CANDIDATE,0.0,104.50000762939,104.50000762939,105.50000762939,105.50000762939,0.0,1.0,1.0
1051,0x002F1D08,X_CANDIDATE,0.0,1.0594657659531,0.68460565805435,0.68460565805435,1.0594657659531,0.37486010789871,0.37486010789871,0.0
1052,0x003B2F24,Z_CANDIDATE,0.0,0.0,0.0,6.2831854820251,6.2831854820251,0.0,6.2831854820251,6.2831854820251
1053,0x003B2F3C,Z_CANDIDATE,0.0,0.0,0.0,0.57735019922256,0.57735019922256,0.0,0.57735019922256,0.57735019922256
1054,0x003B302C,Z_CANDIDATE,0.0,130.0,130.0,0.0,0.0,0.0,130.0,130.0
1055,0x003B3128,Z_CANDIDATE,0.0,48.0,48.0,0.0,0.0,0.0,48.0,48.0
1056,0x003B3680,Z_CANDIDATE,0.0,319.0,319.0,0.0,0.0,0.0,319.0,319.0
1057,0x003B3684,Z_CANDIDATE,0.0,230.0,230.0,0.0,0.0,0.0,230.0,230.0
1058,0x000D7250,Z_CANDIDATE,-1.9073486328125e-06,-0.0078163202852011,-0.0078144129365683,-0.00012208191037644,-0.00012208191037644,1.9073486328125e-06,0.0076942383748246,0.0076942383748246
1059,0x000D3A8C,Z_CANDIDATE,-1.2338161468506e-05,0.99738126993179,0.99850136041641,0.99532908201218,0.99643683433533,0.0011200904846191,0.0020521879196167,0.00094443559646606
1060,0x000D3FD0,ROTATION_CANDIDATE,-1.7433892935514e-05,-0.0013028798857704,-0.0015482031740248,-0.00079060910502449,-0.00056271970970556,0.00024532328825444,0.00051227078074589,0.00074016017606482
1061,0x000D3A4C,Z_CANDIDATE,-3.0696392059326e-05,0.99738854169846,0.99849432706833,0.99535781145096,0.99643290042877,0.001105785369873,0.0020307302474976,0.00095564126968384
1062,0x000D3DA0,X_CANDIDATE,-3.2246112823486e-05,-0.99955064058304,-0.99975669384003,-0.99951308965683,-0.99975138902664,0.00020605325698853,3.7550926208496e-05,0.00020074844360352
1063,0x003B2E08,X_CANDIDATE,-6.6705048084259e-05,-0.039203509688377,0.039136804640293,0.0,0.0,0.078340314328671,0.039203509688377,0.039203509688377
1064,0x000D3A0C,Z_CANDIDATE,-0.00011003017425537,0.99999940395355,0.99926680326462,0.99896097183228,0.99958354234695,0.00073260068893433,0.0010384321212769,0.0004158616065979
1065,0x000D3704,Z_CANDIDATE,-0.00013866275548935,0.099934175610542,0.099745400249958,0.099595978856087,0.099646091461182,0.00018877536058426,0.00033819675445557,0.00028808414936066
1066,0x00286E38,Z_CANDIDATE,-0.00033772632014006,-0.0066141821444035,-0.00046677712816745,-0.01518165320158,-0.0038563897833228,0.006147405016236,0.0085674710571766,0.0027577923610806
1067,0x000D7260,Z_CANDIDATE,-0.00036649747926276,-0.0004885793896392,-0.00012208191037644,-0.0078172739595175,-0.0078172739595175,0.00036649747926276,0.0073286945698783,0.0073286945698783
1068,0x0007BA00,Z_CANDIDATE,-0.00038238242268562,0.018841294571757,0.019223676994443,1.0,1.0,0.00038238242268562,0.98115870542824,0.98115870542824
1069,0x000D39F8,X_CANDIDATE,-0.00039118528366089,-0.99980020523071,-0.99883049726486,-0.99906826019287,-0.99917125701904,0.00096970796585083,0.0007319450378418,0.00062894821166992
1070,0x000D36D8,Z_CANDIDATE,-0.00052529573440552,0.099376261234283,0.098601453006268,0.097236111760139,0.09748562425375,0.0007748082280159,0.002140149474144,0.0018906369805336
1071,0x000D36F0,Z_CANDIDATE,-0.00054924935102463,0.099964939057827,0.099182054400444,0.098825514316559,0.099059149622917,0.00078288465738297,0.0011394247412682,0.00090578943490982
1072,0x000D3DF4,X_CANDIDATE,-0.00056028366088867,0.99454790353775,0.99691677093506,0.99682033061981,0.99389117956161,0.0023688673973083,0.0022724270820618,0.00065672397613525
1073,0x00079974,X_CANDIDATE,-0.00057125091552734,0.04489777982235,0.048097997903824,0.042702656239271,0.046474125236273,0.0032002180814743,0.0021951235830784,0.0015763454139233
1074,0x000F8D50,X_CANDIDATE,-0.00059488997794688,-0.00059488997794688,0.0,0.0,0.0,0.00059488997794688,0.00059488997794688,0.00059488997794688
1075,0x000D3DA4,Z_CANDIDATE,-0.00068785529583693,0.019637795165181,0.021426809951663,-0.010474097914994,-0.0093729384243488,0.0017890147864819,0.030111893080175,0.02901073358953
1076,0x000D36B0,Z_CANDIDATE,-0.00069329887628555,0.099661059677601,0.09882527589798,0.097356289625168,0.097498774528503,0.00083578377962112,0.002304770052433,0.0021622851490974
1077,0x000D3718,Z_CANDIDATE,-0.00073327124118805,0.099907472729683,0.098971590399742,0.09851997345686,0.098722584545612,0.0009358823299408,0.0013874992728233,0.0011848881840706
1078,0x000D3E34,X_CANDIDATE,-0.00074326992034912,0.99462586641312,0.99688065052032,0.99684721231461,0.99384915828705,0.0022547841072083,0.0022213459014893,0.00077670812606812
1079,0x000D3E24,Z_CANDIDATE,-0.00086870370432734,0.022620290517807,0.018746053799987,-0.010418981313705,-0.0074134483002126,0.0038742367178202,0.033039271831512,0.03003373881802
1080,0x000D3640,Z_CANDIDATE,-0.0010211704066023,-0.0024814857169986,-0.0012407032772899,0.00034527468960732,0.00012566265650094,0.0012407824397087,0.0028267604066059,0.0026071483734995
1081,0x000D3634,Z_CANDIDATE,-0.0010765068000183,0.002526368945837,0.0012352844933048,-0.00034776295069605,-0.00013318529818207,0.0012910844525322,0.0028741318965331,0.0026595542440191
1082,0x000F8F04,X_CANDIDATE,-0.0013373595429584,-0.0013373595429584,0.0,0.0,0.0,0.0013373595429584,0.0013373595429584,0.0013373595429584
1083,0x003B2EE8,Z_CANDIDATE,-0.0013895034790039,0.49710756540298,0.49571806192398,-0.0,-0.0,0.0013895034790039,0.49710756540298,0.49710756540298
1084,0x000D3DB8,X_CANDIDATE,-0.0013951263390481,-0.030859058722854,-0.0043293558992445,-0.0099150082096457,-0.037839837372303,0.026529702823609,0.020944050513208,0.0069807786494493
1085,0x000D3638,ROTATION_CANDIDATE,-0.0014168519992381,0.0012266740668565,-0.00069182831794024,-0.00039836019277573,-0.00090001057833433,0.0019185023847967,0.0016250342596322,0.0021266846451908
1086,0x000D3650,ROTATION_CANDIDATE,-0.0014965948648751,-0.0013151033781469,0.00068206060677767,0.00040052365511656,0.00090109277516603,0.0019971639849246,0.0017156270332634,0.0022161961533129
1087,0x000D36B4,X_CANDIDATE,-0.001935425971169,-0.00068799470318481,0.001512092188932,-0.002767521655187,-0.0027439806144685,0.0022000868921168,0.0020795269520022,0.0020559859112836
1088,0x000816C0,ROTATION_CANDIDATE,-0.0021514892578125,95.556365966797,95.352157592773,96.302307128906,94.608367919922,0.20420837402344,0.74594116210938,0.947998046875
1089,0x000D3C48,X_CANDIDATE,-0.0022203591652215,0.030292976647615,0.0042592813260853,0.0097701922059059,0.038024246692657,0.02603369532153,0.02052278444171,0.007731270045042
1090,0x000D3DE4,Z_CANDIDATE,-0.0023542884737253,0.022653460502625,0.018513791263103,-0.0098523031920195,-0.0080669224262238,0.004139669239521,0.032505763694644,0.030720382928848
1091,0x000D3DC4,X_CANDIDATE,-0.0024489536881447,-0.030416445806623,-0.0044407667592168,-0.0096107935532928,-0.038035426288843,0.025975679047406,0.02080565225333,0.0076189804822206
1092,0x000D3DB0,Z_CANDIDATE,-0.0024620564654469,0.018934663385153,0.021449597552419,-0.01018659491092,-0.010133717209101,0.0025149341672659,0.029121258296072,0.029068380594254
1093,0x000D3654,Z_CANDIDATE,-0.0025084363296628,0.0035138898529112,0.00079306261613965,0.00062229111790657,0.00083468202501535,0.0027208272367716,0.0028915987350047,0.0026792078278959
1094,0x000D3648,Z_CANDIDATE,-0.0025490005500615,-0.0035457285121083,-0.00078455591574311,-0.00062367413192987,-0.00083584617823362,0.0027611725963652,0.0029220543801785,0.0027098823338747
1095,0x000D3708,ROTATION_CANDIDATE,-0.0031331684440374,0.0034992550499737,0.0066691725514829,0.0081561086699367,0.0081928577274084,0.0031699175015092,0.0046568536199629,0.0046936026774347
1096,0x000D3714,Z_CANDIDATE,-0.0031581441871822,-0.0035219821147621,-0.0069342358037829,-0.0086268130689859,-0.0083727035671473,0.0034122536890209,0.0051048309542239,0.0048507214523852
1097,0x000F8FD4,X_CANDIDATE,-0.0036317952908576,0.0036317952908576,0.0,0.0,0.0,0.0036317952908576,0.0036317952908576,0.0036317952908576
1098,0x000F9054,X_CANDIDATE,-0.0054499534890056,-0.0054499534890056,0.0,0.0,0.0,0.0054499534890056,0.0054499534890056,0.0054499534890056
1099,0x000D3E04,X_CANDIDATE,-0.0054606944322586,-0.1017904728651,-0.07625138759613,-0.07907035946846,-0.11007013916969,0.025539085268974,0.022720113396645,0.0082796663045883
1100,0x000D3A7C,Z_CANDIDATE,-0.0068242078414187,-0.0011381438234821,0.028709905222058,0.045919246971607,-0.02517169341445,0.02984804904554,0.047057390795089,0.024033549590968
1101,0x000E8B58,Z_CANDIDATE,-0.0073277408955619,-0.0078163202852011,-0.0004885793896392,-0.00012208191037644,-0.00012208191037644,0.0073277408955619,0.0076942383748246,0.0076942383748246
1102,0x000D3E44,X_CANDIDATE,-0.0074669495224953,-0.10103449225426,-0.076664738357067,-0.078658640384674,-0.11049534380436,0.02436975389719,0.022375851869583,0.0094608515501022
1103,0x000D3A3C,Z_CANDIDATE,-0.0079787609283812,-0.00080604356480762,0.02895556949079,0.04576925560832,-0.025598490610719,0.029761613055598,0.046575299173128,0.024792447045911
1104,0x000D36F8,Z_CANDIDATE,-0.008743085898459,-0.0025005908682942,-0.012655016034842,-0.0150763746351,-0.013665035367012,0.010154425166547,0.012575783766806,0.011164444498718
1105,0x000D3710,Z_CANDIDATE,-0.0087867802940309,0.0024684793315828,0.012511738575995,0.014812063425779,0.013555584475398,0.010043259244412,0.012343584094197,0.011087105143815
1106,0x000D3A30,ROTATION_CANDIDATE,-0.0095748901367188,-33.493453979492,-33.522190093994,-33.525909423828,-33.545070648193,0.028736114501953,0.032455444335938,0.051616668701172
1107,0x000D3898,ROTATION_CANDIDATE,-0.0095754028297961,-0.0056341565214097,-0.034371547400951,-0.03809068351984,-0.057252671569586,0.028737390879542,0.03245652699843,0.051618515048176
1108,0x000F8F54,X_CANDIDATE,-0.0097480434924364,0.0097480434924364,0.0,0.0,0.0,0.0097480434924364,0.0097480434924364,0.0097480434924364
1109,0x000F8F94,X_CANDIDATE,-0.0097480434924364,0.0097480434924364,0.0,0.0,0.0,0.0097480434924364,0.0097480434924364,0.0097480434924364
1110,0x000F9014,X_CANDIDATE,-0.0097480434924364,0.0097480434924364,0.0,0.0,0.0,0.0097480434924364,0.0097480434924364,0.0097480434924364
1111,0x001F25D0,X_CANDIDATE,-0.0098174959421158,0.068722322583199,0.0,0.0,0.078539818525314,0.068722322583199,0.068722322583199,0.0098174959421158
1112,0x003B2DBC,Z_CANDIDATE,-0.011412620544434,-9.7957582473755,-9.8071708679199,0.0,0.0,0.011412620544434,9.7957582473755,9.7957582473755
1113,0x003B2E3C,Z_CANDIDATE,-0.011412620544434,-9.7957582473755,-9.8071708679199,0.0,0.0,0.011412620544434,9.7957582473755,9.7957582473755
1114,0x000D3FCC,ROTATION_CANDIDATE,-0.011791065335274,-0.16786053776741,-0.19030041992664,-0.14050133526325,-0.20586855709553,0.022439882159233,0.027359202504158,0.038008019328117
1115,0x003B2FD0,X_CANDIDATE,-0.012143611907959,-7.5544610023499,7.5423173904419,0.0,0.0,15.096778392792,7.5544610023499,7.5544610023499
1116,0x000D39FC,Z_CANDIDATE,-0.012602895440068,-0.00082556164124981,0.028714066371322,0.042934242635965,-0.027648633345962,0.029539628012571,0.043759804277215,0.026823071704712
1117,0x000D38A8,Z_CANDIDATE,-0.01334635069361,0.00064052926609293,-0.028787352144718,-0.042695190757513,0.027894718572497,0.029427881410811,0.043335720023606,0.027254189306404
1118,0x000D3A08,Z_CANDIDATE,-0.01387752534356,-0.00081206730101258,0.029669180512428,0.042862057685852,-0.027882469817996,0.030481247813441,0.043674124986865,0.027070402516983
1119,0x000D3E30,ROTATION_CANDIDATE,-0.014804862439632,-0.10126918554306,-0.076434008777142,-0.079008884727955,-0.068978570401669,0.024835176765919,0.022260300815105,0.032290615141392
1120,0x000D3A00,X_CANDIDATE,-0.015309322625399,-0.019976411014795,0.038899645209312,0.0043588727712631,0.029873684048653,0.058876056224108,0.024335283786058,0.049850095063448
1121,0x000D3DF0,ROTATION_CANDIDATE,-0.015863604843616,-0.10203975439072,-0.076020181179047,-0.07939538359642,-0.069239415228367,0.02601957321167,0.022644370794296,0.03280033916235
1122,0x000D3A18,X_CANDIDATE,-0.016475597396493,0.019976962357759,-0.038176167756319,-0.0050192605704069,-0.029655542224646,0.058153130114079,0.024996222928166,0.049632504582405
1123,0x000D389C,X_CANDIDATE,-0.016782297752798,0.031177239492536,-0.026641769334674,0.0062993401661515,-0.018546167761087,0.057819008827209,0.024877899326384,0.049723407253623
1124,0x000D3CEC,ROTATION_CANDIDATE,-0.019164813682437,0.0,-0.039557889103889,0.021539086475968,0.041932161897421,0.039557889103889,0.021539086475968,0.041932161897421
1125,0x000D3A90,ROTATION_CANDIDATE,-0.021450914209709,-0.0010550955776125,-0.027250494807959,-0.046516973525286,-0.051261458545923,0.026195399230346,0.045461877947673,0.050206362968311
1126,0x000D3A50,ROTATION_CANDIDATE,-0.02151680237148,-0.0014291399857029,-0.027482511475682,-0.046348016709089,-0.050884585827589,0.026053371489979,0.044918876723386,0.049455445841886
1127,0x000F8E40,X_CANDIDATE,-0.022705603390932,-0.022705603390932,0.0,0.0,0.0,0.022705603390932,0.022705603390932,0.022705603390932
1128,0x000D36B8,Z_CANDIDATE,-0.02278777398169,-0.008197583258152,0.015207901597023,0.022673595696688,0.022055884823203,0.023405484855175,0.03087117895484,0.030253468081355
1129,0x000D36D0,Z_CANDIDATE,-0.022980640642345,0.0082261338829994,-0.015275430865586,-0.02246475033462,-0.02194382622838,0.023501564748585,0.03069088421762,0.03016996011138
1130,0x000D3524,ROTATION_CANDIDATE,-0.026313781738281,0.5,0.34209823608398,0.42105102539063,0.28946304321289,0.15790176391602,0.078948974609375,0.21053695678711
1131,0x000D3C40,ROTATION_CANDIDATE,-0.026789811439812,-0.014878525398672,-0.095533557236195,0.019526232033968,0.073391452431679,0.080655031837523,0.03440475743264,0.08826997783035
1132,0x000D3DD8,ROTATION_CANDIDATE,-0.026789811439812,-0.0026983162388206,-0.083353348076344,0.031706441193819,0.08557166159153,0.080655031837523,0.03440475743264,0.08826997783035
1133,0x000816C8,X_CANDIDATE,-0.028076171875,114.66307067871,114.4437713623,114.84895324707,114.72456359863,0.21929931640625,0.18588256835938,0.061492919921875
1134,0x003B2DFC,X_CANDIDATE,-0.032882690429688,74.001678466797,-73.968795776367,0.0,0.0,147.97047424316,74.001678466797,74.001678466797
1135,0x000F9108,X_CANDIDATE,-0.037322152405977,-0.037322152405977,0.0,0.0,0.0,0.037322152405977,0.037322152405977,0.037322152405977
1136,0x000D3944,X_CANDIDATE,-0.038642214960419,0.0010947346454486,0.048073966056108,-0.045064140111208,0.040557306259871,0.04697923141066,0.046158874756657,0.039462571614422
1137,0x000F8E94,X_CANDIDATE,-0.040598519146442,0.040598519146442,0.0,0.0,0.0,0.040598519146442,0.040598519146442,0.040598519146442
1138,0x000F91D4,X_CANDIDATE,-0.040598519146442,0.040598519146442,0.0,0.0,0.0,0.040598519146442,0.040598519146442,0.040598519146442
1139,0x000D3C6C,X_CANDIDATE,-0.044407159090042,0.60585939884186,0.08518560230732,0.19540379941463,0.76048475503922,0.52067379653454,0.41045559942722,0.15462535619736
1140,0x000D3AC4,X_CANDIDATE,-0.057022094726563,68.515472412109,68.373275756836,68.634353637695,68.595809936523,0.14219665527344,0.11888122558594,0.080337524414063
1141,0x000D3C38,Z_CANDIDATE,-0.057907700538635,-1.9993023872375,-1.8818818330765,-2.1793711185455,-2.1198582649231,0.11742055416107,0.18006873130798,0.12055587768555
1142,0x000D3DD0,Z_CANDIDATE,-0.057907700538635,-1.9993023872375,-1.8818818330765,-2.1793711185455,-2.1198582649231,0.11742055416107,0.18006873130798,0.12055587768555
1143,0x000D34C0,Z_CANDIDATE,-0.058826982975006,0.9083314538002,0.82499748468399,0.72550809383392,0.75001507997513,0.083333969116211,0.18282335996628,0.15831637382507
1144,0x003B2E04,X_CANDIDATE,-0.0811767578125,1224.6223144531,-1224.5411376953,0.0,0.0,2449.1634521484,1224.6223144531,1224.6223144531
1145,0x000D38E4,ROTATION_CANDIDATE,-0.09587574005127,-2.147885799408,-2.0263130664825,-1.6963193416595,-1.6706223487854,0.12157273292542,0.45156645774841,0.47726345062256
1146,0x000F8F14,X_CANDIDATE,-0.097319103777409,0.097319103777409,0.0,0.0,0.0,0.097319103777409,0.097319103777409,0.097319103777409
1147,0x000F8ED4,X_CANDIDATE,-0.099745340645313,0.099745340645313,0.0,0.0,0.0,0.099745340645313,0.099745340645313,0.099745340645313
1148,0x0005E670,X_CANDIDATE,-0.12499499320984,1.875,1.9999949932098,1.9999949932098,1.9999949932098,0.12499499320984,0.12499499320984,0.12499499320984
1149,0x0007C21C,X_CANDIDATE,-0.13094329833984,115.54437255859,115.2476348877,115.69830322266,115.81812286377,0.29673767089844,0.1539306640625,0.27375030517578
1150,0x00080040,X_CANDIDATE,-0.13094329833984,115.54437255859,115.2476348877,115.69830322266,115.81812286377,0.29673767089844,0.1539306640625,0.27375030517578
1151,0x000816B4,X_CANDIDATE,-0.13094329833984,115.54437255859,115.2476348877,115.69830322266,115.81812286377,0.29673767089844,0.1539306640625,0.27375030517578
1152,0x003B2F80,Z_CANDIDATE,-0.15490156412125,96.772705078125,96.617141723633,0.89885622262955,0.89951801300049,0.15556335449219,95.873848855495,95.873187065125
1153,0x003B2F04,Z_CANDIDATE,-0.16085815429688,455.13171386719,454.97085571289,0.0,0.0,0.16085815429688,455.13171386719,455.13171386719
1154,0x000D38BC,ROTATION_CANDIDATE,-0.19150806963444,-0.11268310248852,-0.68743079900742,-0.76181352138519,-1.1450531482697,0.5747476965189,0.64913041889668,1.0323700457811
1155,0x0020F708,X_CANDIDATE,-0.19999694824219,103.40000915527,108.00000762939,108.00000762939,103.20001220703,4.5999984741211,4.5999984741211,0.19999694824219
1156,0x0005E66C,Z_CANDIDATE,-0.21353149414063,1.0,0.68460083007813,0.64727783203125,0.7491455078125,0.31539916992188,0.35272216796875,0.2508544921875
1157,0x001F7E4C,X_CANDIDATE,-0.25,0.25,0.0,0.0,0.0,0.25,0.25,0.25
1158,0x0020F6EC,X_CANDIDATE,-0.25,424.20672607422,372.36776733398,372.36776733398,424.45672607422,51.838958740234,51.838958740234,0.25
1159,0x003B2E44,Z_CANDIDATE,-0.250244140625,-162.10583496094,-162.35607910156,0.0,0.0,0.250244140625,162.10583496094,162.10583496094
1160,0x000D38CC,Z_CANDIDATE,-0.26692694984376,0.01281058229506,-0.57574689388275,-0.85390359163284,0.55789422988892,0.58855747617781,0.8667141739279,0.54508364759386
1161,0x003B3698,Z_CANDIDATE,-0.2808837890625,-66.362236022949,-66.643119812012,0.0,0.0,0.2808837890625,66.362236022949,66.362236022949
1162,0x000D38C0,X_CANDIDATE,-0.3356458991766,0.62354463338852,-0.53283524513245,0.12598676979542,-0.37092328071594,1.156379878521,0.4975578635931,0.99446791410446
1163,0x000F8D88,X_CANDIDATE,-0.36526316404343,-0.36526316404343,0.0,0.0,0.0,0.36526316404343,0.36526316404343,0.36526316404343
1164,0x000D3608,ROTATION_CANDIDATE,-0.38540410995483,-1.3668618202209,-8.6140193939209,-13.114713668823,-19.976467132568,7.2471575737,11.747851848602,18.609605312347
1165,0x000F8D94,X_CANDIDATE,-0.39084142446518,0.39084142446518,0.0,0.0,0.0,0.39084142446518,0.39084142446518,0.39084142446518
1166,0x003B3670,Z_CANDIDATE,-0.4120979309082,-59.59525680542,-59.183158874512,0.0,0.0,0.4120979309082,59.59525680542,59.59525680542
1167,0x000D3ABC,X_CANDIDATE,-0.41593551635742,40.454151153564,41.398754119873,39.744438171387,39.803325653076,0.94460296630859,0.70971298217773,0.65082550048828
1168,0x002D8E1C,X_CANDIDATE,-0.453125,0.888671875,0.0,0.435546875,0.0,0.888671875,0.453125,0.888671875
1169,0x000D3568,X_CANDIDATE,-0.45999997854233,1.0,0.40000000596046,0.54000002145767,0.40000000596046,0.59999999403954,0.45999997854233,0.59999999403954
1170,0x000D3554,X_CANDIDATE,-0.46000576019287,0.0,0.89999294281006,0.46000671386719,0.89999198913574,0.89999294281006,0.46000671386719,0.89999198913574
1171,0x0005D788,X_CANDIDATE,-0.49891519546509,7.1419539451599,-7.6462097167969,-7.6462097167969,7.640869140625,14.788163661957,14.788163661957,0.49891519546509
1172,0x0005D790,X_CANDIDATE,-0.49891519546509,7.1419539451599,-7.6462097167969,-7.6462097167969,7.640869140625,14.788163661957,14.788163661957,0.49891519546509
1173,0x0006A228,X_CANDIDATE,-0.5,352.24517822266,350.96731567383,350.96731567383,352.74517822266,1.2778625488281,1.2778625488281,0.5
1174,0x0020F718,X_CANDIDATE,-0.5,103.20001220703,108.00000762939,108.00000762939,103.70001220703,4.7999954223633,4.7999954223633,0.5
1175,0x0020FA78,X_CANDIDATE,-0.5,104.00000762939,104.50000762939,104.50000762939,104.50000762939,0.5,0.5,0.5
1176,0x0020FBFC,X_CANDIDATE,-0.5,352.24517822266,350.96731567383,350.96731567383,352.74517822266,1.2778625488281,1.2778625488281,0.5
1177,0x0020FC28,X_CANDIDATE,-0.5,104.00000762939,104.50000762939,104.50000762939,104.50000762939,0.5,0.5,0.5
1178,0x0005E688,Z_CANDIDATE,-0.513427734375,4.73779296875,5.251220703125,3.0983905792236,3.0983905792236,0.513427734375,1.6394023895264,1.6394023895264
1179,0x000D3C64,ROTATION_CANDIDATE,-0.53579622507095,-0.29757043719292,-1.9106707572937,0.39052453637123,1.4678286314011,1.6131003201008,0.68809497356415,1.765399068594
1180,0x0005D798,X_CANDIDATE,-0.62250351905823,3.9154722690582,-2.890625,-2.890625,3.29296875,6.8060972690582,6.8060972690582,0.62250351905823
1181,0x003B2F6C,X_CANDIDATE,-0.86877971887589,-319.75,319.75,0.55926883220673,0.30951088666916,639.5,320.30926883221,320.05951088667
1182,0x003B2ED4,Z_CANDIDATE,-0.87593817710876,696.07818603516,697.11877441406,-0.8318282365799,-0.66717803478241,1.0405883789063,696.91001427174,696.74536406994
1183,0x003B2F54,X_CANDIDATE,-0.89050793647766,5116.0,-5116.0,-0.99974715709686,0.1092392206192,10232.0,5116.9997471571,5115.8907607794
1184,0x0006A18C,X_CANDIDATE,-0.94998168945313,425.15673828125,372.36776733398,372.36776733398,426.1067199707,52.788970947266,52.788970947266,0.94998168945313
1185,0x00048378,X_CANDIDATE,-1.0,3.0,2.0,2.0,2.0,1.0,1.0,1.0
1186,0x003B2F4C,X_CANDIDATE,-1.0153768472373,-5116.0,5116.0,0.022422235459089,0.99295461177826,10232.0,5116.0224222355,5116.9929546118
1187,0x000D35E0,ROTATION_CANDIDATE,-1.0585539340973,1.3831384181976,0.11805105209351,-0.10733890533447,-0.31387233734131,1.2650873661041,1.4904773235321,1.6970107555389
1188,0x000D3C5C,Z_CANDIDATE,-1.1581573486328,-39.986038208008,-37.637626647949,-43.587409973145,-42.397155761719,2.3484115600586,3.6013717651367,2.4111175537109
1189,0x003B2EE0,ROTATION_CANDIDATE,-1.2162680625916,695.9833984375,697.42657470703,3.5999059677124,3.3729977607727,1.4431762695313,692.38349246979,692.61040067673
1190,0x003B2F10,X_CANDIDATE,-1.4005352258682,-3.3041341304779,3.309454202652,0.61425477266312,0.79160052537918,6.6135883331299,3.918388903141,4.0957346558571
1191,0x000D36A8,ROTATION_CANDIDATE,-1.495386838913,-1.3668615818024,-2.9740874767303,-3.7547180652618,-3.8665571212769,1.607225894928,2.3878564834595,2.4996955394745
1192,0x000D36E8,ROTATION_CANDIDATE,-1.495386838913,-1.3668615818024,-2.9740874767303,-3.7547180652618,-3.8665571212769,1.607225894928,2.3878564834595,2.4996955394745
1193,0x000D35C4,ROTATION_CANDIDATE,-1.4953869581223,-1.3668614625931,-2.9740874767303,-3.7547180652618,-3.8665571212769,1.6072260141373,2.3878566026688,2.4996956586838
1194,0x000D3728,ROTATION_CANDIDATE,-1.5350584983826,-1.6875853538513,-3.2366635799408,-3.9572684764862,-3.9712882041931,1.5490782260895,2.2696831226349,2.2837028503418
1195,0x001F1CC4,Z_CANDIDATE,-1.587890625,16608.88671875,16591.1796875,16590.75390625,16610.900390625,17.70703125,18.1328125,2.013671875
1196,0x003B2E40,Z_CANDIDATE,-1.6549215316772,-13.08941078186,-14.86945438385,-8.1528015136719,-8.2779235839844,1.7800436019897,4.9366092681885,4.811487197876
1197,0x000D3C90,ROTATION_CANDIDATE,-1.7858078479767,0.0,-2.0972423553467,-2.0720608234406,-2.3834953308105,2.0972423553467,2.0720608234406,2.3834953308105
1198,0x0005D7B0,Z_CANDIDATE,-1.8432610034943,3.6019680500031,5.5141534805298,5.5144810676575,5.445556640625,1.9121854305267,1.9125130176544,1.8435885906219
1199,0x000D356C,X_CANDIDATE,-2.0,2.0,0.0,0.0,0.0,2.0,2.0,2.0
1200,0x000D3FD4,Z_CANDIDATE,-2.0,15.0,4.0,2.0,11.0,11.0,13.0,4.0
1201,0x0020FF64,ROTATION_CANDIDATE,-2.0951296687126,5.0020217895508,2.5106854438782,0.96795666217804,0.57174998521805,2.4913363456726,4.0340651273727,4.4302718043327
1202,0x0020FF70,ROTATION_CANDIDATE,-2.0951296687126,5.0020217895508,2.5106854438782,0.96795666217804,0.57174998521805,2.4913363456726,4.0340651273727,4.4302718043327
1203,0x0020FF80,ROTATION_CANDIDATE,-2.0951296687126,5.0020217895508,2.5106854438782,0.96795666217804,0.57174998521805,2.4913363456726,4.0340651273727,4.4302718043327
1204,0x000D3C8C,Z_CANDIDATE,-2.1271507740021,0.0,-2.1975288391113,-2.2432112693787,-2.1728332042694,2.1975288391113,2.2432112693787,2.1728332042694
1205,0x003B2F50,Z_CANDIDATE,-2.441391241271,1548.36328125,1545.8742675781,-0.0017091217450798,0.045913308858871,2.489013671875,1548.3649903717,1548.3173679411
1206,0x003B2F60,ROTATION_CANDIDATE,-2.4878184124827,1548.36328125,1545.8742675781,0.046786062419415,0.045590803027153,2.489013671875,1548.3164951876,1548.317690447
1207,0x0005D780,X_CANDIDATE,-3.6019680500031,3.6019680500031,0.0,0.0,0.0,3.6019680500031,3.6019680500031,3.6019680500031
1208,0x0005D7B8,X_CANDIDATE,-3.7059743404388,3.7059743404388,0.0,0.0,0.0,3.7059743404388,3.7059743404388,3.7059743404388
1209,0x0005D778,X_CANDIDATE,-3.7289764881134,3.7289764881134,0.0,0.0,0.0,3.7289764881134,3.7289764881134,3.7289764881134
1210,0x000D35EC,Z_CANDIDATE,-4.1675033569336,112.90000915527,107.32141113281,100.26009368896,101.67118835449,5.5785980224609,12.639915466309,11.228820800781
1211,0x001E8DC4,ROTATION_CANDIDATE,-5.1538953781128,0.0,5.5527839660645,5.5527839660645,5.9516725540161,5.5527839660645,5.5527839660645,5.9516725540161
1212,0x000D3520,Z_CANDIDATE,-5.7105102539063,9.5,18.342098236084,24.421051025391,21.289463043213,8.842098236084,14.921051025391,11.789463043213
1213,0x003B2ECC,Z_CANDIDATE,-5.9264984726906,-450.31311035156,-444.2092590332,-0.61424803733826,-0.79160088300705,6.1038513183594,449.69886231422,449.52150946856
1214,0x003B2ED8,ROTATION_CANDIDATE,-7.604182600975,-441.07656860352,-448.85882568359,-0.78911304473877,-0.61103856563568,7.7822570800781,440.28745555878,440.46553003788
1215,0x0005D770,X_CANDIDATE,-8.4136517047882,-3.8667767047882,5.3271484375,5.3271484375,4.546875,9.1939251422882,9.1939251422882,8.4136517047882
1216,0x003B351C,Z_CANDIDATE,-9.5772705078125,-1388.4906005859,-1378.9133300781,0.0,0.0,9.5772705078125,1388.4906005859,1388.4906005859
1217,0x000D3584,X_CANDIDATE,-12.0,0.0,12.0,12.0,12.0,12.0,12.0,12.0
1218,0x000D3564,X_CANDIDATE,-18.0,-1.0,17.0,17.0,17.0,18.0,18.0,18.0
1219,0x001F7E48,ROTATION_CANDIDATE,-22.75,52.25,27.0,81.0,21.0,25.25,28.75,31.25
1220,0x003B2EC8,ROTATION_CANDIDATE,-45.352206408978,16288.723632813,16243.193359375,0.78910630941391,0.61103928089142,45.5302734375,16287.934526503,16288.112593532
1221,0x003B2E84,Z_CANDIDATE,-45.5302734375,16288.723632813,16243.193359375,0.0,0.0,45.5302734375,16288.723632813,16288.723632813
1222,0x003B3120,Z_CANDIDATE,-49.84375,229411.15625,229361.3125,0.0,0.0,49.84375,229411.15625,229411.15625
1223,0x0005E68C,X_CANDIDATE,-64.00048828125,0.99951171875,110.0,103.0,72.0,109.00048828125,102.00048828125,71.00048828125
1224,0x0005E664,X_CANDIDATE,-65.74049911648,-0.11256942898035,110.228515625,103.5791015625,72.27734375,110.34108505398,103.69167099148,72.38991317898
1225,0x003B3418,Z_CANDIDATE,-83.826416015625,2434.5979003906,2350.771484375,0.0,0.0,83.826416015625,2434.5979003906,2434.5979003906
1226,0x003B3420,Z_CANDIDATE,-95.509765625,20308.580078125,20213.0703125,0.0,0.0,95.509765625,20308.580078125,20308.580078125
1227,0x003B341C,Z_CANDIDATE,-95.57421875,20312.119140625,20216.544921875,0.0,0.0,95.57421875,20312.119140625,20312.119140625
1228,0x000D3604,X_CANDIDATE,-95.900009155273,0.0,99.900009155273,97.900009155273,97.900009155273,99.900009155273,97.900009155273,97.900009155273
1229,0x000D35F8,X_CANDIDATE,-97.700012207031,0.0,98.100006103516,97.900009155273,97.900009155273,98.100006103516,97.900009155273,97.900009155273
1230,0x003B35FC,Z_CANDIDATE,-108.66840652376,117.11058807373,230.0,0.0001707449555397,230.0,112.88941192627,117.11041732877,112.88941192627
1231,0x003B2ED0,X_CANDIDATE,-109.90679562092,459.89047241211,-348.57781982422,0.6142566204071,0.79160034656525,808.46829223633,459.2762157917,459.09887206554
1232,0x003B3000,Z_CANDIDATE,-113.42578125,-20765.94921875,-20879.375,184.13442993164,184.13442993164,113.42578125,20950.083648682,20950.083648682
1233,0x003B32B0,ROTATION_CANDIDATE,-157.1015625,16459.095703125,16719.197265625,0.0,-103.0,260.1015625,16459.095703125,16562.095703125
1234,0x0006D224,X_CANDIDATE,-395.0029296875,3715.9375,4810.6884765625,4156.6796875,2666.92578125,1094.7509765625,440.7421875,1049.01171875
1235,0x003B2EB8,ROTATION_CANDIDATE,-629.69140625,1726.5882568359,1088.0665283203,-22.02880859375,-30.859130859375,638.52172851563,1748.6170654297,1757.4473876953
1236,0x003B2E80,X_CANDIDATE,-807.31427001953,900.72845458984,1894.87109375,0.0,0.0,994.14263916016,900.72845458984,900.72845458984
1237,0x003B2B70,X_CANDIDATE,-1279.0,1279.0,0.0,0.0,0.0,1279.0,1279.0,1279.0
1238,0x003B3118,ROTATION_CANDIDATE,-1956.1151123047,27586.26171875,29630.376953125,88.000122070313,0.0,2044.115234375,27498.26159668,27586.26171875
1239,0x003B2D04,Z_CANDIDATE,-20576.697509766,-570.98461914063,20166.13671875,20329.73046875,20169.306640625,20737.121337891,20900.715087891,20740.291259766
1240,0x0005E694,X_CANDIDATE,-32671.000488281,96.99951171875,32768.0,32768.0,32768.0,32671.000488281,32671.000488281,32671.000488281
