rank,address_hex,kind,score,base,move_x,move_z,rotate,delta_x,delta_z,delta_rotate
1,0x0005E674,ROTATION_CANDIDATE,32770.0,32768.0,32768.0,32768.0,-2.0,0.0,0.0,32770.0
2,0x000F8AD8,ROTATION_CANDIDATE,20944.92578125,-20249.642578125,-20185.88671875,-20059.275390625,949.40625,63.755859375,190.3671875,21199.048828125
3,0x00079980,ROTATION_CANDIDATE,20941.822265625,20248.990234375,20184.46875,20060.419921875,-945.923828125,64.521484375,188.5703125,21194.9140625
4,0x001052D8,ROTATION_CANDIDATE,20941.822265625,-20248.990234375,-20184.46875,-20060.419921875,945.923828125,64.521484375,188.5703125,21194.9140625
5,0x0007997C,ROTATION_CANDIDATE,20568.557617188,205.322265625,4.3056640625,32.91015625,-20736.6640625,201.0166015625,172.412109375,20941.986328125
6,0x000D2FAC,ROTATION_CANDIDATE,20294.415039063,19032.486328125,18968.736328125,18976.8984375,-1381.2666015625,63.75,55.587890625,20413.752929688
7,0x003B2CAC,ROTATION_CANDIDATE,19907.453125,255.0,255.0,255.0,20162.453125,0.0,0.0,19907.453125
8,0x003B2CB4,ROTATION_CANDIDATE,18686.11151123,204.16461181641,205.25149536133,203.2131652832,18892.314453125,1.0868835449219,0.95144653320313,18688.149841309
9,0x003B2B24,Z_CANDIDATE,17825.978515625,17826.10546875,17825.982421875,0.0,17826.1015625,0.123046875,17826.10546875,0.00390625
10,0x003B2CB8,ROTATION_CANDIDATE,17460.332870483,197.03160095215,196.83921813965,194.9400177002,17659.6484375,0.1923828125,2.0915832519531,17462.616836548
11,0x003B2B14,Z_CANDIDATE,16993.429969788,-107.0022354126,-107.0022354126,16886.427734375,-107.0022354126,0.0,16993.429969788,0.0
12,0x003B2CB0,ROTATION_CANDIDATE,16671.762435913,216.3561706543,216.88708496094,215.62287902832,16889.3828125,0.53091430664063,0.73329162597656,16673.026641846
13,0x003B30BC,Z_CANDIDATE,16244.340332031,0.0,-3235.7475585938,19500.087890625,20.0,3235.7475585938,19500.087890625,20.0
14,0x00285E14,ROTATION_CANDIDATE,14023.015586376,-5.1484661102295,-5016.654296875,-1.7558493614197,-19043.0625,5011.5058307648,3.3926167488098,19037.91403389
15,0x0007995C,ROTATION_CANDIDATE,11540.050292969,11301.989257813,11108.291015625,11180.811523438,-552.93701171875,193.6982421875,121.177734375,11854.926269531
16,0x0007B9F4,Z_CANDIDATE,11089.55847168,10456.258789063,10456.258789063,-1570.7928466797,9518.765625,0.0,12027.051635742,937.4931640625
17,0x0007B9FC,Z_CANDIDATE,10952.018920898,10456.258789063,10456.258789063,-1399.5892333984,9552.4296875,0.0,11855.848022461,903.8291015625
18,0x0007B9F0,Z_CANDIDATE,10776.534179688,17954.974609375,17954.974609375,6997.9462890625,17774.48046875,0.0,10957.028320313,180.494140625
19,0x0007B9F8,Z_CANDIDATE,10435.010742188,18104.77734375,18104.77734375,7443.0751953125,17878.0859375,0.0,10661.702148438,226.69140625
20,0x0005E684,ROTATION_CANDIDATE,10301.0,24548.0,23170.0,11679.0,0.0,1378.0,12869.0,24548.0
21,0x003B2BA8,Z_CANDIDATE,9306.6025390625,9419.8134765625,9419.60546875,113.0,9419.81640625,0.2080078125,9306.8134765625,0.0029296875
22,0x001052D0,ROTATION_CANDIDATE,9272.80078125,16736.619140625,16944.935546875,16803.40625,26284.5234375,208.31640625,66.787109375,9547.904296875
23,0x000F8AD0,ROTATION_CANDIDATE,9271.71875,16735.669921875,16943.259765625,16805.095703125,26284.404296875,207.58984375,69.42578125,9548.734375
24,0x0007994C,ROTATION_CANDIDATE,9143.4111328125,8946.99609375,9076.177734375,8879.60546875,-392.9873046875,129.181640625,67.390625,9339.9833984375
25,0x003B2FAC,X_CANDIDATE,8986.0533447266,0.0,13115.872070313,-2381.2124023438,1748.6063232422,13115.872070313,2381.2124023438,1748.6063232422
26,0x003B32D4,Z_CANDIDATE,8733.2272949219,4711.484375,3790.2526855469,16856.427734375,2221.0,921.23168945313,12144.943359375,2490.484375
27,0x000D2FA4,ROTATION_CANDIDATE,8542.3544921875,-16376.739257813,-16455.84375,-16442.0625,-25063.521484375,79.1044921875,65.3232421875,8686.7822265625
28,0x003B2BCC,Z_CANDIDATE,7772.048828125,17826.10546875,17825.982421875,10053.9296875,17826.1015625,0.123046875,7772.17578125,0.00390625
29,0x003B2BD0,Z_CANDIDATE,6861.6171875,9419.8134765625,9419.60546875,16281.641601563,9419.81640625,0.2080078125,6861.828125,0.0029296875
30,0x002DB568,Z_CANDIDATE,6280.0,0.0,0.0,6280.0,0.0,0.0,6280.0,0.0
31,0x0007996C,ROTATION_CANDIDATE,6130.509765625,25838.693359375,25956.7265625,25768.5703125,19520.02734375,118.033203125,70.123046875,6318.666015625
32,0x00286094,X_CANDIDATE,4920.7573466301,-5.2734661102295,-5016.654296875,-1.7558493614197,-92.379333496094,5011.3808307648,3.5176167488098,87.105867385864
33,0x003B2AF8,Z_CANDIDATE,4304.0,4304.0,4304.0,0.0,4304.0,0.0,4304.0,0.0
34,0x003B32D8,Z_CANDIDATE,4162.9938964844,3946.5837402344,4744.52734375,-1171.9375,3789.0,797.94360351563,5118.5212402344,157.58374023438
35,0x003B3080,Z_CANDIDATE,4055.0,0.0,12.0,4099.0,32.0,12.0,4099.0,32.0
36,0x003B32C8,ROTATION_CANDIDATE,3990.0,0.0,0.0,0.0,3990.0,0.0,0.0,3990.0
37,0x00081634,Z_CANDIDATE,3984.5744628906,-7104.9829101563,-6291.8461914063,-16301.798828125,-2705.8781738281,813.13671875,9196.8159179688,4399.1047363281
38,0x00285E18,ROTATION_CANDIDATE,3665.6464788914,-1.8183531761169,-1734.1396484375,-0.95604300498962,-5400.6484375,1732.3212952614,0.86231017112732,5398.8300843239
39,0x0006D188,X_CANDIDATE,2788.0625,290.6796875,3078.7421875,290.6796875,290.6796875,2788.0625,0.0,0.0
40,0x001F25F8,ROTATION_CANDIDATE,2759.1829833984,-1070.0220947266,579.28601074219,-1070.0220947266,3338.4689941406,1649.3081054688,0.0,4408.4910888672
41,0x0009EB98,ROTATION_CANDIDATE,2688.1284179688,0.0,0.0,0.0,2688.1284179688,0.0,0.0,2688.1284179688
42,0x003B2AFC,Z_CANDIDATE,2272.0,2272.0,2272.0,0.0,2272.0,0.0,2272.0,0.0
43,0x003B32DC,ROTATION_CANDIDATE,2183.0,0.0,127.0,-108.0,2418.0,127.0,108.0,2418.0
44,0x00081620,ROTATION_CANDIDATE,1878.8713378906,-751.86340332031,-740.08843994141,-816.11566162109,-2706.7619628906,11.774963378906,64.252258300781,1954.8985595703
45,0x0005D77C,X_CANDIDATE,1875.3978004456,106.10000610352,2192.685546875,1.0,0.012271881103516,2086.5855407715,105.10000610352,106.08773422241
46,0x00286818,X_CANDIDATE,1763.3339853287,-1.8183536529541,-1766.1396484375,-0.9560432434082,-1.6933546066284,1764.3212947845,0.8623104095459,0.12499904632568
47,0x00286098,X_CANDIDATE,1742.683000803,-1.8183531761169,-1766.1396484375,-0.95604300498962,-22.594337463379,1764.3212952614,0.86231017112732,20.775984287262
48,0x00286318,X_CANDIDATE,1742.1830010414,-1.8183531761169,-1766.1396484375,-0.9560432434082,-23.094337463379,1764.3212952614,0.86230993270874,21.275984287262
49,0x000D3318,Z_CANDIDATE,1272.328125,201655.65625,201649.390625,200345.953125,201624.546875,6.265625,1309.703125,31.109375
50,0x001052D4,ROTATION_CANDIDATE,1234.5346679688,1359.65625,1173.2421875,1328.6021728516,-92.346557617188,186.4140625,31.054077148438,1452.0028076172
51,0x000F8AD4,ROTATION_CANDIDATE,1226.6953125,1361.5861816406,1173.1922607422,1324.4620361328,-90.627197265625,188.39392089844,37.124145507813,1452.2133789063
52,0x00076E7C,ROTATION_CANDIDATE,1218.8796386719,3281.0561523438,3914.7175292969,3267.3330078125,5147.3203125,633.66137695313,13.72314453125,1866.2641601563
53,0x00076E54,ROTATION_CANDIDATE,1215.9890136719,3281.9750976563,3917.2177734375,3279.8186035156,5135.36328125,635.24267578125,2.156494140625,1853.3881835938
54,0x00076E40,ROTATION_CANDIDATE,1213.8391113281,3274.8310546875,3936.6799316406,3282.400390625,5158.0883789063,661.84887695313,7.5693359375,1883.2573242188
55,0x003B2D58,X_CANDIDATE,1213.486328125,2343.28125,3690.87109375,2212.298828125,2340.16015625,1347.58984375,130.982421875,3.12109375
56,0x00076EA4,ROTATION_CANDIDATE,1212.7150878906,3254.3095703125,3905.673828125,3268.6896972656,5132.7690429688,651.3642578125,14.380126953125,1878.4594726563
57,0x00076E04,ROTATION_CANDIDATE,1209.8374023438,3280.9584960938,3915.6665039063,3261.9887695313,5144.4736328125,634.7080078125,18.9697265625,1863.5151367188
58,0x00076D50,ROTATION_CANDIDATE,1209.5739746094,3266.1547851563,3920.7143554688,3261.8332519531,5134.6098632813,654.5595703125,4.321533203125,1868.455078125
59,0x0006A164,ROTATION_CANDIDATE,1207.8193359375,3918.890625,3926.0966796875,3920.337890625,5135.36328125,7.2060546875,1.447265625,1216.47265625
60,0x00076DC8,ROTATION_CANDIDATE,1197.5405273438,3255.6977539063,3923.3271484375,3274.814453125,5139.984375,667.62939453125,19.11669921875,1884.2866210938
61,0x000D2FA8,ROTATION_CANDIDATE,1192.3697814941,-576.30786132813,-396.88467407227,-548.80731201172,822.98565673828,179.42318725586,27.500549316406,1399.2935180664
62,0x00076E68,ROTATION_CANDIDATE,1190.8349609375,3266.9609375,3926.8520507813,3250.2905273438,5134.357421875,659.89111328125,16.67041015625,1867.396484375
63,0x00076E90,ROTATION_CANDIDATE,1189.3962402344,3297.748046875,3941.7194824219,3291.2407226563,5137.623046875,643.97143554688,6.50732421875,1839.875
64,0x00076DDC,ROTATION_CANDIDATE,1187.0124511719,3276.2282714844,3924.6879882813,3281.2290039063,5116.701171875,648.45971679688,5.000732421875,1840.4729003906
65,0x00076DB4,ROTATION_CANDIDATE,1182.6027832031,3301.5590820313,3949.96875,3302.2360839844,5133.2485351563,648.40966796875,0.677001953125,1831.689453125
66,0x00076D78,ROTATION_CANDIDATE,1182.3974609375,3278.224609375,3939.6450195313,3284.994140625,5128.8120117188,661.42041015625,6.76953125,1850.5874023438
67,0x00076D64,ROTATION_CANDIDATE,1179.9792480469,3273.6042480469,3913.0932617188,3225.8354492188,5140.8413085938,639.48901367188,47.768798828125,1867.2370605469
68,0x00076DF0,ROTATION_CANDIDATE,1178.3522949219,3272.3264160156,3943.8557128906,3284.7883300781,5134.669921875,671.529296875,12.4619140625,1862.3435058594
69,0x00076DA0,ROTATION_CANDIDATE,1175.9096679688,3258.4995117188,3950.8969726563,3280.5151367188,5148.822265625,692.3974609375,22.015625,1890.3227539063
70,0x00076E2C,ROTATION_CANDIDATE,1175.2397460938,3294.6765136719,3921.9582519531,3309.1669921875,5111.6884765625,627.28173828125,14.490478515625,1817.0119628906
71,0x00076E18,ROTATION_CANDIDATE,1160.7470703125,3282.9865722656,3926.0966796875,3259.3435058594,5110.4868164063,643.11010742188,23.64306640625,1827.5002441406
72,0x00076D8C,ROTATION_CANDIDATE,1156.3305664063,3290.7700195313,3978.4384765625,3271.10546875,5154.43359375,687.66845703125,19.66455078125,1863.6635742188
73,0x00076EB8,ROTATION_CANDIDATE,1151.3828125,3298.1606445313,3953.2548828125,3250.3696289063,5152.4287109375,655.09423828125,47.791015625,1854.2680664063
74,0x000D3320,X_CANDIDATE,1091.1875,168917.375,170085.125,168864.25,168893.9375,1167.75,53.125,23.4375
75,0x0006AD2C,ROTATION_CANDIDATE,933.7919921875,3168.513671875,3181.431640625,3121.482421875,4162.2548828125,12.91796875,47.03125,993.7412109375
76,0x0006A29C,ROTATION_CANDIDATE,914.7294921875,3278.224609375,3192.125,3282.400390625,4283.2294921875,86.099609375,4.17578125,1005.0048828125
77,0x00285E1C,ROTATION_CANDIDATE,898.42308855057,-1.4433484077454,-611.05786132813,-0.53416156768799,-1510.3901367188,609.61451292038,0.90918684005737,1508.946788311
78,0x003B32D0,X_CANDIDATE,831.13891601563,16891.73046875,0.0,20064.591796875,4004.0002441406,16891.73046875,3172.861328125,12887.730224609
79,0x0006A214,ROTATION_CANDIDATE,828.0,180399.984375,200896.671875,180399.984375,201724.671875,20496.6875,0.0,21324.6875
80,0x003B2B84,ROTATION_CANDIDATE,816.07421875,877.41796875,877.41796875,1652.2958984375,-713.5341796875,0.0,774.8779296875,1590.9521484375
81,0x003B2BDC,ROTATION_CANDIDATE,816.07421875,10285.0546875,10285.0546875,11059.932617188,8694.1025390625,0.0,774.8779296875,1590.9521484375
82,0x0009EA4C,ROTATION_CANDIDATE,785.07948860514,-0.0014246403006837,-0.0014246403006837,-0.0014246403006837,785.07806396484,0.0,0.0,785.07948860514
83,0x0006ADC8,ROTATION_CANDIDATE,765.408203125,3328.7119140625,3328.7119140625,3328.7119140625,4094.1201171875,0.0,0.0,765.408203125
84,0x003B2BD4,ROTATION_CANDIDATE,758.771484375,10265.0546875,10265.0546875,11065.634765625,8705.703125,0.0,800.580078125,1559.3515625
85,0x0006AD60,ROTATION_CANDIDATE,722.146484375,2973.51953125,2985.322265625,2849.19140625,3831.796875,11.802734375,124.328125,858.27734375
86,0x00081624,ROTATION_CANDIDATE,688.3967590332,202.26142883301,217.54316711426,209.90090942383,913.57940673828,15.28173828125,7.6394805908203,711.31797790527
87,0x003B2A70,X_CANDIDATE,657.8798828125,4164.0004882813,3117.0002441406,4024.8796386719,4414.0,1047.0002441406,139.12084960938,249.99951171875
88,0x0006AD94,ROTATION_CANDIDATE,656.8232421875,3206.1328125,3218.115234375,3081.861328125,3999.2099609375,11.982421875,124.271484375,793.0771484375
89,0x00081638,ROTATION_CANDIDATE,629.59844970703,196.41619873047,211.88723754883,203.69790649414,848.76739501953,15.471038818359,7.2817077636719,652.35119628906
90,0x0028631C,X_CANDIDATE,607.27081145346,-1.4433484077454,-611.05786132813,-0.53416156768799,-0.0088337808847427,609.61451292038,0.90918684005737,1.4345146268606
91,0x0028681C,X_CANDIDATE,607.17706025764,-1.4745988845825,-611.05810546875,-0.53416180610657,-0.0085896365344524,609.58350658417,0.94043707847595,1.4660092480481
92,0x0028659C,X_CANDIDATE,607.1768158786,-1.4745988845825,-611.05786132813,-0.53416156768799,-0.0085896365344524,609.58326244354,0.94043731689453,1.4660092480481
93,0x0028609C,X_CANDIDATE,604.50075769424,-1.4433484077454,-611.05786132813,-0.53416156768799,-5.6479167938232,609.61451292038,0.90918684005737,4.2045683860779
94,0x000D658C,ROTATION_CANDIDATE,580.50732421875,-580.50732421875,-580.50732421875,-580.50732421875,0.0,0.0,0.0,580.50732421875
95,0x000D8664,Z_CANDIDATE,580.50439453125,0.0,0.0,-580.50439453125,0.0,0.0,580.50439453125,0.0
96,0x000D8704,ROTATION_CANDIDATE,580.50439453125,0.0,0.0,0.0,-580.50439453125,0.0,0.0,580.50439453125
97,0x000D8844,ROTATION_CANDIDATE,580.50439453125,0.0,0.0,0.0,-580.50439453125,0.0,0.0,580.50439453125
98,0x000E9E64,Z_CANDIDATE,580.50439453125,0.0,0.0,-580.50439453125,0.0,0.0,580.50439453125,0.0
99,0x003B2A10,X_CANDIDATE,528.51953125,476.484375,1303.3354492188,454.8818359375,199.75537109375,826.85107421875,21.6025390625,276.72900390625
100,0x0006D224,ROTATION_CANDIDATE,483.2744140625,5579.34765625,5579.34765625,4381.2734375,3897.9990234375,0.0,1198.07421875,1681.3486328125
101,0x0020FDE0,ROTATION_CANDIDATE,470.8095703125,-6709.650390625,-6615.48828125,-6615.48828125,-6050.5166015625,94.162109375,94.162109375,659.1337890625
102,0x0020FDEC,ROTATION_CANDIDATE,470.8095703125,-6709.650390625,-6615.48828125,-6615.48828125,-6050.5166015625,94.162109375,94.162109375,659.1337890625
103,0x001F23B4,X_CANDIDATE,462.24951171875,-6103.4072265625,-5427.1533203125,-5983.5649414063,-6197.5693359375,676.25390625,119.84228515625,94.162109375
104,0x001F1C48,ROTATION_CANDIDATE,428.0089302063,-55.641162872314,-55.641162872314,-55.641162872314,372.36776733398,0.0,0.0,428.0089302063
105,0x003B2B80,Z_CANDIDATE,420.01171875,-806.05859375,-806.05859375,-1649.439453125,-382.689453125,0.0,843.380859375,423.369140625
106,0x003B2BD8,Z_CANDIDATE,420.01171875,17016.234375,17016.234375,16172.853515625,17439.603515625,0.0,843.380859375,423.369140625
107,0x0006A224,X_CANDIDATE,418.69371795654,359.52749633789,-342.40716552734,359.52749633789,76.286552429199,701.93466186523,0.0,283.24094390869
108,0x0020FBF8,X_CANDIDATE,418.69371795654,359.52749633789,-342.40716552734,359.52749633789,76.286552429199,701.93466186523,0.0,283.24094390869
109,0x0020FC24,X_CANDIDATE,418.69371795654,359.52749633789,-342.40716552734,359.52749633789,76.286552429199,701.93466186523,0.0,283.24094390869
110,0x0020FC14,X_CANDIDATE,418.57543945313,364.02185058594,-337.9128112793,364.02185058594,80.662628173828,701.93466186523,0.0,283.35922241211
111,0x0020FC30,X_CANDIDATE,414.26023864746,210.74485778809,-491.18978881836,210.74487304688,-76.929534912109,701.93464660645,1.52587890625e-05,287.6743927002
112,0x0020FC3C,X_CANDIDATE,414.26023864746,210.74485778809,-491.18978881836,210.74487304688,-76.929534912109,701.93464660645,1.52587890625e-05,287.6743927002
113,0x0006ADFC,ROTATION_CANDIDATE,393.9130859375,3194.3212890625,2891.16796875,3194.3212890625,3891.3876953125,303.1533203125,0.0,697.06640625
114,0x0008164C,ROTATION_CANDIDATE,388.79229736328,163.20361328125,177.23498535156,167.37359619141,570.197265625,14.031372070313,4.1699829101563,406.99365234375
115,0x0020FA64,X_CANDIDATE,387.298828125,6187.0844726563,5399.5483398438,6187.0844726563,5786.8471679688,787.5361328125,0.0,400.2373046875
116,0x0006A1F0,X_CANDIDATE,387.29345703125,6184.7290039063,5397.1928710938,6184.7290039063,5784.486328125,787.5361328125,0.0,400.24267578125
117,0x0020FA48,X_CANDIDATE,387.29345703125,6184.7290039063,5397.1928710938,6184.7290039063,5784.486328125,787.5361328125,0.0,400.24267578125
118,0x0020FA74,X_CANDIDATE,387.28759765625,6182.3735351563,5394.8374023438,6182.3735351563,5782.125,787.5361328125,0.0,400.24853515625
119,0x0020FA80,X_CANDIDATE,387.05810546875,5996.82421875,5209.2880859375,5996.82421875,5596.3461914063,787.5361328125,0.0,400.47802734375
120,0x0020FA8C,X_CANDIDATE,387.05810546875,5996.82421875,5209.2880859375,5996.82421875,5596.3461914063,787.5361328125,0.0,400.47802734375
121,0x001F25A8,X_CANDIDATE,380.927734375,16799.3515625,17180.279296875,16799.3515625,16799.3515625,380.927734375,0.0,0.0
122,0x000816D8,ROTATION_CANDIDATE,359.00344848633,0.0,0.0,0.0,359.00344848633,0.0,0.0,359.00344848633
123,0x00076FBC,ROTATION_CANDIDATE,357.18188476563,3914.7517089844,3920.5598144531,3915.4523925781,4278.4423828125,5.80810546875,0.70068359375,363.69067382813
124,0x00076FA8,ROTATION_CANDIDATE,355.53295898438,3906.2509765625,3935.2937011719,3898.3520507813,4298.7255859375,29.042724609375,7.89892578125,392.474609375
125,0x00077034,ROTATION_CANDIDATE,354.14086914063,3898.4855957031,3914.2797851563,3916.8901367188,4286.8251953125,15.794189453125,18.404541015625,388.33959960938
126,0x00081648,ROTATION_CANDIDATE,351.67138671875,-2835.8515625,-2682.8786621094,-3699.4709472656,-1467.587890625,152.97290039063,863.61938476563,1368.263671875
127,0x00076EE0,ROTATION_CANDIDATE,347.68969726563,3919.6645507813,3912.0405273438,3932.1125488281,4287.4262695313,7.6240234375,12.447998046875,367.76171875
128,0x00076F94,ROTATION_CANDIDATE,343.07397460938,3910.0178222656,3919.9079589844,3909.3156738281,4263.6840820313,9.89013671875,0.7021484375,353.66625976563
129,0x00076F80,ROTATION_CANDIDATE,340.67431640625,3908.4814453125,3938.283203125,3913.462890625,4283.9389648438,29.8017578125,4.9814453125,375.45751953125
130,0x00076FD0,ROTATION_CANDIDATE,339.9013671875,3932.4611816406,3949.6665039063,3943.0446777344,4300.1513671875,17.205322265625,10.58349609375,367.69018554688
131,0x001F27A0,Z_CANDIDATE,339.40686035156,1435.5649414063,880.60546875,18.345947265625,912.71228027344,554.95947265625,1417.2189941406,522.85266113281
132,0x00076F44,ROTATION_CANDIDATE,328.55981445313,3917.4409179688,3948.5500488281,3944.2705078125,4303.939453125,31.109130859375,26.82958984375,386.49853515625
133,0x00076F58,ROTATION_CANDIDATE,324.01220703125,3907.5397949219,3923.2199707031,3936.7978515625,4276.490234375,15.68017578125,29.258056640625,368.95043945313
134,0x00076F6C,ROTATION_CANDIDATE,323.26416015625,3929.498046875,3943.3666992188,3916.6591796875,4279.4697265625,13.86865234375,12.8388671875,349.9716796875
135,0x001F2598,ROTATION_CANDIDATE,321.005859375,19380.244140625,19560.0078125,19500.087890625,20000.857421875,179.763671875,119.84375,620.61328125
136,0x001F25C0,ROTATION_CANDIDATE,321.005859375,19380.244140625,19560.0078125,19500.087890625,20000.857421875,179.763671875,119.84375,620.61328125
137,0x000816D0,ROTATION_CANDIDATE,320.34118652344,0.0,0.0,0.0,320.34118652344,0.0,0.0,320.34118652344
138,0x002346C4,ROTATION_CANDIDATE,318.4287109375,13487.583007813,12979.783203125,15170.458984375,15996.6875,507.7998046875,1682.8759765625,2509.1044921875
139,0x001F259C,X_CANDIDATE,316.7265625,16820.751953125,17137.478515625,16820.751953125,16820.751953125,316.7265625,0.0,0.0
140,0x00076ECC,ROTATION_CANDIDATE,313.13989257813,3942.7805175781,3924.697265625,3918.3623046875,4298.421875,18.083251953125,24.418212890625,355.64135742188
141,0x00076EF4,ROTATION_CANDIDATE,312.25952148438,3918.890625,3913.3461914063,3965.4255371094,4283.2294921875,5.54443359375,46.534912109375,364.3388671875
142,0x0007700C,ROTATION_CANDIDATE,311.02880859375,3914.1186523438,3951.9479980469,3939.6052246094,4288.4633789063,37.829345703125,25.486572265625,374.3447265625
143,0x00076F1C,ROTATION_CANDIDATE,303.50537109375,3916.0422363281,3978.1726074219,3931.5200195313,4297.1557617188,62.13037109375,15.477783203125,381.11352539063
144,0x001F25AC,X_CANDIDATE,295.32617950439,333.84698486328,38.520805358887,333.84698486328,333.84698486328,295.32617950439,0.0,0.0
145,0x00076F30,ROTATION_CANDIDATE,289.64526367188,3934.5251464844,3915.8178710938,3893.2348632813,4284.16796875,18.707275390625,41.290283203125,349.64282226563
146,0x00077020,ROTATION_CANDIDATE,287.44702148438,3937.5825195313,3925.4885253906,3920.337890625,4254.3681640625,12.093994140625,17.24462890625,316.78564453125
147,0x001F25B0,X_CANDIDATE,282.486328125,19380.244140625,19662.73046875,19380.244140625,19380.244140625,282.486328125,0.0,0.0
148,0x00081644,ROTATION_CANDIDATE,282.08038330078,-309.56723022461,-232.86090087891,-428.94171142578,168.59396362305,76.706329345703,119.37448120117,478.16119384766
149,0x00076FE4,ROTATION_CANDIDATE,276.8857421875,3943.9194335938,3940.375,3916.6245117188,4251.64453125,3.54443359375,27.294921875,307.72509765625
150,0x001F2614,ROTATION_CANDIDATE,275.78974914551,-2.8522262573242,165.60723876953,-1.5522232055664,442.6969909668,168.45946502686,1.3000030517578,445.54921722412
151,0x001F25FC,ROTATION_CANDIDATE,274.66836929321,-107.0022354126,57.928615570068,-107.0022354126,332.59698486328,164.93085098267,0.0,439.59922027588
152,0x0006A290,ROTATION_CANDIDATE,274.11837005615,-0.90222930908203,166.97862243652,-2.5022277832031,442.6969909668,167.88085174561,1.5999984741211,443.59922027588
153,0x0020FF5C,ROTATION_CANDIDATE,272.46837615967,-2.8522262573242,166.97862243652,-0.50222778320313,441.79699707031,169.83084869385,2.3499984741211,444.64922332764
154,0x001F25A0,X_CANDIDATE,269.6456451416,333.84698486328,64.20133972168,333.84698486328,333.84698486328,269.6456451416,0.0,0.0
155,0x003B3280,ROTATION_CANDIDATE,268.0,0.0,0.0,0.0,268.0,0.0,0.0,268.0
156,0x001F2434,X_CANDIDATE,248.4384765625,-5505.525390625,-5753.9638671875,-5505.525390625,-5505.525390625,248.4384765625,0.0,0.0
157,0x003B2A98,Z_CANDIDATE,247.0,247.0,247.0,0.0,247.0,0.0,247.0,0.0
158,0x0007FFFC,ROTATION_CANDIDATE,244.84773254395,1.0,1.0,1.0,245.84773254395,0.0,0.0,244.84773254395
159,0x001F2600,ROTATION_CANDIDATE,243.96510314941,-107.0022354126,64.20133972168,-107.0022354126,308.16644287109,171.20357513428,0.0,415.16867828369
160,0x0020FF54,ROTATION_CANDIDATE,243.96510314941,-107.0022354126,64.20133972168,-107.0022354126,308.16644287109,171.20357513428,0.0,415.16867828369
161,0x00076F08,ROTATION_CANDIDATE,241.19799804688,3946.1860351563,3904.2731933594,3946.603515625,4229.7143554688,41.912841796875,0.41748046875,283.5283203125
162,0x003B3480,ROTATION_CANDIDATE,229.81846639514,0.0,-0.099615879356861,-0.081917725503445,230.0,0.099615879356861,0.081917725503445,230.0
163,0x00080018,ROTATION_CANDIDATE,222.39768981934,39.312026977539,49.909851074219,37.736694335938,273.88287353516,10.59782409668,1.5753326416016,234.57084655762
164,0x001F1C7C,ROTATION_CANDIDATE,214.45065307617,634.16125488281,692.92456054688,535.02880859375,261.81484985352,58.763305664063,99.132446289063,372.3464050293
165,0x0005D79C,Z_CANDIDATE,210.0249068737,1.0,19.404296875,230.0,1.570796251297,18.404296875,229.0,0.570796251297
166,0x00285E20,X_CANDIDATE,209.67888051271,-1.1308431625366,-212.76147460938,-0.30614006519318,-0.003795325756073,211.63063144684,0.82470309734344,1.1270478367805
167,0x002860A0,X_CANDIDATE,209.67808560841,-1.1308436393738,-212.76147460938,-0.30614006519318,-0.0030018519610167,211.63063097,0.8247035741806,1.1278417874128
168,0x00286320,X_CANDIDATE,209.67735318746,-1.1308436393738,-212.76147460938,-0.30614006519318,-0.0022694310173392,211.63063097,0.8247035741806,1.1285742083564
169,0x002865A0,X_CANDIDATE,209.5835407218,-1.1620941162109,-212.76153564453,-0.30614006519318,-0.0021473607048392,211.59944152832,0.85595405101776,1.1599467555061
170,0x00286820,X_CANDIDATE,209.58347968757,-1.1620941162109,-212.76153564453,-0.30614006519318,-0.0020863264799118,211.59944152832,0.85595405101776,1.160007789731
171,0x0007C1F8,ROTATION_CANDIDATE,209.12565612793,85.919395446777,91.841217041016,84.198707580566,302.68756103516,5.9218215942383,1.7206878662109,216.76816558838
172,0x0008169C,ROTATION_CANDIDATE,209.12565612793,85.919395446777,91.841217041016,84.198707580566,302.68756103516,5.9218215942383,1.7206878662109,216.76816558838
173,0x0007C218,ROTATION_CANDIDATE,207.83366394043,85.919395446777,91.841217041016,84.198707580566,301.39556884766,5.9218215942383,1.7206878662109,215.47617340088
174,0x00080020,ROTATION_CANDIDATE,207.83366394043,85.919395446777,91.841217041016,84.198707580566,301.39556884766,5.9218215942383,1.7206878662109,215.47617340088
175,0x0008003C,ROTATION_CANDIDATE,207.83366394043,85.919395446777,91.841217041016,84.198707580566,301.39556884766,5.9218215942383,1.7206878662109,215.47617340088
176,0x00080034,ROTATION_CANDIDATE,207.02786254883,83.911636352539,89.01318359375,82.728378295898,297.22430419922,5.1015472412109,1.1832580566406,213.31266784668
177,0x001F2594,X_CANDIDATE,205.44429397583,-55.641162872314,149.80313110352,-55.641162872314,-55.641162872314,205.44429397583,0.0,0.0
178,0x001F25BC,X_CANDIDATE,205.44429397583,-55.641162872314,149.80313110352,-55.641162872314,-55.641162872314,205.44429397583,0.0,0.0
179,0x0008161C,ROTATION_CANDIDATE,204.97528076172,137.48538208008,149.36351013184,140.12794494629,356.98135375977,11.878128051758,2.6425628662109,219.49597167969
180,0x001F25C8,X_CANDIDATE,204.48678207397,250.01097106934,45.524188995361,250.01097106934,250.01097106934,204.48678207397,0.0,0.0
181,0x000816C4,ROTATION_CANDIDATE,201.97811889648,123.15287017822,127.99700164795,122.77066040039,330.35733032227,4.8441314697266,0.38220977783203,207.20446014404
182,0x003B2AF4,Z_CANDIDATE,197.0,2246.0,2246.0,2443.0,2246.0,0.0,197.0,0.0
183,0x0007C1F0,ROTATION_CANDIDATE,194.36254882813,39.312026977539,49.909851074219,37.736694335938,245.84773254395,10.59782409668,1.5753326416016,206.53570556641
184,0x00081694,ROTATION_CANDIDATE,194.36254882813,39.312026977539,49.909851074219,37.736694335938,245.84773254395,10.59782409668,1.5753326416016,206.53570556641
185,0x000816B0,ROTATION_CANDIDATE,190.30567932129,104.84669494629,110.13357543945,103.89038085938,301.39556884766,5.2868804931641,0.95631408691406,196.54887390137
186,0x000816BC,ROTATION_CANDIDATE,189.57890319824,102.30126953125,106.99942016602,101.65528869629,297.22430419922,4.6981506347656,0.64598083496094,194.92303466797
187,0x001F276C,ROTATION_CANDIDATE,188.3232421875,13456.600585938,14458.141601563,13456.600585938,12266.736328125,1001.541015625,0.0,1189.8642578125
188,0x003B2AEC,Z_CANDIDATE,185.97338867188,2200.8449707031,2200.7963867188,2386.8676757813,2200.845703125,0.048583984375,186.02270507813,0.000732421875
189,0x0007C210,ROTATION_CANDIDATE,183.68643188477,83.911636352539,89.01318359375,82.728378295898,273.88287353516,5.1015472412109,1.1832580566406,189.97123718262
190,0x000816A8,ROTATION_CANDIDATE,183.68643188477,83.911636352539,89.01318359375,82.728378295898,273.88287353516,5.1015472412109,1.1832580566406,189.97123718262
191,0x00076FF8,ROTATION_CANDIDATE,179.74560546875,3972.3608398438,3921.7924804688,3921.2016601563,4253.833984375,50.568359375,51.1591796875,281.47314453125
192,0x00286AA0,X_CANDIDATE,174.48287801445,-0.86229467391968,-176.76153564453,-0.30614006519318,-0.0020863264799118,175.89924097061,0.5561546087265,0.86020834743977
193,0x0007C130,ROTATION_CANDIDATE,170.85258483887,1.0,1.0,1.0,171.85258483887,0.0,0.0,170.85258483887
194,0x0007C150,ROTATION_CANDIDATE,170.85258483887,1.0,1.0,1.0,171.85258483887,0.0,0.0,170.85258483887
195,0x0007C170,ROTATION_CANDIDATE,170.85258483887,1.0,1.0,1.0,171.85258483887,0.0,0.0,170.85258483887
196,0x0007C190,ROTATION_CANDIDATE,170.85258483887,1.0,1.0,1.0,171.85258483887,0.0,0.0,170.85258483887
197,0x0007C1B0,ROTATION_CANDIDATE,170.85258483887,1.0,1.0,1.0,171.85258483887,0.0,0.0,170.85258483887
198,0x0007C1D0,ROTATION_CANDIDATE,170.85258483887,1.0,1.0,1.0,171.85258483887,0.0,0.0,170.85258483887
199,0x0007FFC4,ROTATION_CANDIDATE,170.85258483887,1.0,1.0,1.0,171.85258483887,0.0,0.0,170.85258483887
200,0x0005D774,Z_CANDIDATE,168.84580934048,0.96949994564056,60.603515625,230.0,1.5201749801636,59.634015679359,229.03050005436,0.55067503452301
201,0x001F23EC,ROTATION_CANDIDATE,168.70919799805,305.89926147461,343.71502685547,119.84228515625,698.48120117188,37.815765380859,186.05697631836,392.58193969727
202,0x003B2D5C,X_CANDIDATE,163.53435480595,165.0,1.4656451940536,165.0,165.0,163.53435480595,0.0,0.0
203,0x00286A9C,X_CANDIDATE,162.71801269799,-0.86229491233826,-164.76239013672,-0.53416180610657,-0.0083454921841621,163.90009522438,0.32813310623169,0.85394942015409
204,0x001F27A4,X_CANDIDATE,159.83020019531,1460.8084716797,1300.9782714844,1460.8084716797,1460.8084716797,159.83020019531,0.0,0.0
205,0x003B34C0,ROTATION_CANDIDATE,159.71234683134,0.007883271202445,0.0,70.279769897461,230.0,0.007883271202445,70.271886626258,229.9921167288
206,0x00286A98,X_CANDIDATE,155.19459462166,-0.86229491233826,-156.76220703125,-0.8935432434082,-0.18822574615479,155.89991211891,0.031248331069946,0.67406916618347
207,0x002346CC,ROTATION_CANDIDATE,154.990234375,13658.069335938,13273.479492188,15928.17578125,16467.755859375,384.58984375,2270.1064453125,2809.6865234375
208,0x0020FA88,ROTATION_CANDIDATE,151.81127929688,-3191.6625976563,-3114.62109375,-3191.6625976563,-2962.8098144531,77.04150390625,0.0,228.85278320313
209,0x0020FA94,ROTATION_CANDIDATE,151.81127929688,-3191.6625976563,-3114.62109375,-3191.6625976563,-2962.8098144531,77.04150390625,0.0,228.85278320313
210,0x0020FA7C,ROTATION_CANDIDATE,151.06665039063,-3330.2749023438,-3253.2333984375,-3330.2749023438,-3102.1667480469,77.04150390625,0.0,228.10815429688
211,0x0006A1F8,ROTATION_CANDIDATE,151.02905273438,-3329.9094238281,-3252.8679199219,-3329.9094238281,-3101.8388671875,77.04150390625,0.0,228.07055664063
212,0x0020FA50,ROTATION_CANDIDATE,151.02905273438,-3329.9094238281,-3252.8679199219,-3329.9094238281,-3101.8388671875,77.04150390625,0.0,228.07055664063
213,0x0020FA6C,ROTATION_CANDIDATE,150.9912109375,-3329.5437011719,-3252.5021972656,-3329.5437011719,-3101.5109863281,77.04150390625,0.0,228.03271484375
214,0x00286A94,X_CANDIDATE,147.17884540558,-0.87791991233826,-148.76208496094,-0.89354538917542,-0.18822574615479,147.8841650486,0.015625476837158,0.68969416618347
215,0x003B2AE0,Z_CANDIDATE,139.99951171875,4164.0004882813,4164.0004882813,4304.0,4164.0004882813,0.0,139.99951171875,0.0
216,0x003B2AF0,Z_CANDIDATE,138.0,4057.0,4057.0,4195.0,4057.0,0.0,138.0,0.0
217,0x0007C178,ROTATION_CANDIDATE,137.59503173828,163.20361328125,177.23498535156,167.37359619141,319.0,14.031372070313,4.1699829101563,155.79638671875
218,0x0007C198,ROTATION_CANDIDATE,137.59503173828,163.20361328125,177.23498535156,167.37359619141,319.0,14.031372070313,4.1699829101563,155.79638671875
219,0x0007C1B8,ROTATION_CANDIDATE,137.59503173828,163.20361328125,177.23498535156,167.37359619141,319.0,14.031372070313,4.1699829101563,155.79638671875
220,0x0007C1D8,ROTATION_CANDIDATE,137.59503173828,163.20361328125,177.23498535156,167.37359619141,319.0,14.031372070313,4.1699829101563,155.79638671875
221,0x0006CBD8,ROTATION_CANDIDATE,135.8154296875,-21.484375,-20.3046875,-151.2109375,245.2373046875,1.1796875,129.7265625,266.7216796875
222,0x00286A90,X_CANDIDATE,135.19428730011,-0.87792015075684,-136.76190185547,-0.87792015075684,-0.18822574615479,135.88398170471,0.0,0.68969440460205
223,0x000D3A68,Z_CANDIDATE,129.4375,20133.576171875,20132.962890625,20002.677734375,20134.423828125,0.61328125,130.8984375,0.84765625
224,0x000D3AA8,Z_CANDIDATE,129.431640625,20133.576171875,20132.9609375,20002.681640625,20134.423828125,0.615234375,130.89453125,0.84765625
225,0x000D3E10,Z_CANDIDATE,128.857421875,20165.533203125,20164.802734375,20034.59375,20164.181640625,0.73046875,130.939453125,1.3515625
226,0x000D3E50,Z_CANDIDATE,128.849609375,20165.53515625,20164.802734375,20034.591796875,20164.173828125,0.732421875,130.943359375,1.361328125
227,0x000D3324,Z_CANDIDATE,127.232421875,20165.5703125,20164.943359375,20034.599609375,20162.458984375,0.626953125,130.970703125,3.111328125
228,0x0006D248,Z_CANDIDATE,127.22265625,20165.57421875,20164.935546875,20034.591796875,20162.453125,0.638671875,130.982421875,3.12109375
229,0x000D3010,Z_CANDIDATE,127.22265625,20195.57421875,20194.935546875,20064.591796875,20192.453125,0.638671875,130.982421875,3.12109375
230,0x000D3018,Z_CANDIDATE,127.22265625,20165.57421875,20164.935546875,20034.591796875,20162.453125,0.638671875,130.982421875,3.12109375
231,0x000D3020,Z_CANDIDATE,127.22265625,20135.57421875,20134.935546875,20004.591796875,20132.453125,0.638671875,130.982421875,3.12109375
232,0x000D3028,Z_CANDIDATE,127.22265625,20165.57421875,20164.935546875,20034.591796875,20162.453125,0.638671875,130.982421875,3.12109375
233,0x000D3368,Z_CANDIDATE,127.22265625,20165.57421875,20164.935546875,20034.591796875,20162.453125,0.638671875,130.982421875,3.12109375
234,0x000D33EC,Z_CANDIDATE,127.22265625,20165.57421875,20164.935546875,20034.591796875,20162.453125,0.638671875,130.982421875,3.12109375
235,0x000D3404,Z_CANDIDATE,127.22265625,20165.57421875,20164.935546875,20034.591796875,20162.453125,0.638671875,130.982421875,3.12109375
236,0x000D3414,Z_CANDIDATE,127.22265625,20165.57421875,20164.935546875,20034.591796875,20162.453125,0.638671875,130.982421875,3.12109375
237,0x000F8B10,Z_CANDIDATE,127.22265625,20165.57421875,20164.935546875,20034.591796875,20162.453125,0.638671875,130.982421875,3.12109375
238,0x00105310,Z_CANDIDATE,127.22265625,20165.57421875,20164.935546875,20034.591796875,20162.453125,0.638671875,130.982421875,3.12109375
239,0x003B2AB4,Z_CANDIDATE,127.22265625,20165.57421875,20164.935546875,20034.591796875,20162.453125,0.638671875,130.982421875,3.12109375
240,0x003B2B0C,Z_CANDIDATE,127.22265625,20165.57421875,20164.935546875,20034.591796875,20162.453125,0.638671875,130.982421875,3.12109375
241,0x003B2D04,Z_CANDIDATE,127.22265625,20165.57421875,20164.935546875,20034.591796875,20162.453125,0.638671875,130.982421875,3.12109375
242,0x00286A8C,X_CANDIDATE,127.1824464798,-0.87792015075684,-128.76177978516,-0.86229515075684,-0.19213199615479,127.8838596344,0.015625,0.68578815460205
243,0x0006A258,ROTATION_CANDIDATE,125.3310546875,-6197.5693359375,-5757.9287109375,-6103.4072265625,-5538.435546875,439.640625,94.162109375,659.1337890625
244,0x00080004,ROTATION_CANDIDATE,121.28259277344,163.20361328125,177.23498535156,167.37359619141,302.68756103516,14.031372070313,4.1699829101563,139.48394775391
245,0x001F7E5C,Z_CANDIDATE,121.0,120.0,120.0,-1.0,120.0,0.0,121.0,0.0
246,0x00286A88,X_CANDIDATE,120.73899537325,-0.89354515075684,-122.38082885742,-0.84666991233826,-0.19213205575943,121.48728370667,0.046875238418579,0.70141309499741
247,0x0020FDC4,ROTATION_CANDIDATE,117.76806640625,-6195.5346679688,-5748.3310546875,-6101.3725585938,-5536.4008789063,447.20361328125,94.162109375,659.1337890625
248,0x003B2C60,ROTATION_CANDIDATE,117.68248176575,-107.0022354126,-107.0022354126,-103.0022354126,14.680246353149,0.0,4.0,121.68248176575
249,0x0020FDA8,ROTATION_CANDIDATE,117.6142578125,-6197.5693359375,-5750.2119140625,-6103.4072265625,-5538.435546875,447.357421875,94.162109375,659.1337890625
250,0x0020FDD4,ROTATION_CANDIDATE,117.45947265625,-6199.6044921875,-5752.0922851563,-6105.4423828125,-5540.470703125,447.51220703125,94.162109375,659.1337890625
251,0x00286A84,X_CANDIDATE,116.73890286684,-0.89354538917542,-118.38073730469,-0.84666967391968,-0.19213205575943,117.48719191551,0.046875715255737,0.70141333341599
252,0x000816DC,ROTATION_CANDIDATE,116.6411819458,0.0,0.0,0.0,116.6411819458,0.0,0.0,116.6411819458
253,0x000D3AB8,Z_CANDIDATE,115.9140625,20098.384765625,20097.62890625,19967.322265625,20112.77734375,0.755859375,131.0625,14.392578125
254,0x001F23BC,ROTATION_CANDIDATE,115.5625,-3060.2639160156,-3235.7475585938,-3060.2639160156,-3351.3100585938,175.48364257813,0.0,291.04614257813
255,0x0007C23C,ROTATION_CANDIDATE,113.29012298584,230.0,230.0,230.0,116.70987701416,0.0,0.0,113.29012298584
256,0x00080008,ROTATION_CANDIDATE,112.76950073242,230.0,230.0,230.0,117.23049926758,0.0,0.0,112.76950073242
257,0x00286A80,X_CANDIDATE,112.72321659327,-0.89354538917542,-114.38067626953,-0.8310444355011,-0.19213205575943,113.48713088036,0.062500953674316,0.70141333341599
258,0x003B2A94,Z_CANDIDATE,111.0,26.0,26.0,-85.0,26.0,0.0,111.0,0.0
259,0x003B2CD8,X_CANDIDATE,109.216796875,16891.73046875,17008.59765625,16886.427734375,16889.3828125,116.8671875,5.302734375,2.34765625
260,0x000D3014,X_CANDIDATE,109.20703125,16891.73046875,17008.587890625,16886.427734375,16889.3828125,116.857421875,5.302734375,2.34765625
261,0x000D301C,X_CANDIDATE,109.20703125,16921.73046875,17038.587890625,16916.427734375,16919.3828125,116.857421875,5.302734375,2.34765625
262,0x000D3024,X_CANDIDATE,109.20703125,16891.73046875,17008.587890625,16886.427734375,16889.3828125,116.857421875,5.302734375,2.34765625
263,0x000D302C,X_CANDIDATE,109.20703125,16861.73046875,16978.587890625,16856.427734375,16859.3828125,116.857421875,5.302734375,2.34765625
264,0x000D33F4,X_CANDIDATE,109.20703125,16891.73046875,17008.587890625,16886.427734375,16889.3828125,116.857421875,5.302734375,2.34765625
265,0x000D340C,X_CANDIDATE,109.20703125,16891.73046875,17008.587890625,16886.427734375,16889.3828125,116.857421875,5.302734375,2.34765625
266,0x000D341C,X_CANDIDATE,109.20703125,16891.73046875,17008.587890625,16886.427734375,16889.3828125,116.857421875,5.302734375,2.34765625
267,0x000F8B18,X_CANDIDATE,109.20703125,16891.73046875,17008.587890625,16886.427734375,16889.3828125,116.857421875,5.302734375,2.34765625
268,0x0006D250,X_CANDIDATE,109.201171875,16891.73046875,17008.58203125,16886.427734375,16889.3828125,116.8515625,5.302734375,2.34765625
269,0x000D3370,X_CANDIDATE,109.201171875,16891.73046875,17008.58203125,16886.427734375,16889.3828125,116.8515625,5.302734375,2.34765625
270,0x00105318,X_CANDIDATE,109.201171875,16891.73046875,17008.58203125,16886.427734375,16889.3828125,116.8515625,5.302734375,2.34765625
271,0x000D332C,X_CANDIDATE,109.1171875,16891.7421875,17008.515625,16886.4296875,16889.3984375,116.7734375,5.3125,2.34375
272,0x000D3E58,X_CANDIDATE,108.009765625,16893.8515625,17010.416015625,16888.3828125,16890.765625,116.564453125,5.46875,3.0859375
273,0x000D3E18,X_CANDIDATE,108.00390625,16893.85546875,17010.419921875,16888.37890625,16890.771484375,116.564453125,5.4765625,3.083984375
274,0x003B2AA0,Z_CANDIDATE,108.00048828125,107.00048828125,107.00048828125,-1.0,107.00048828125,0.0,108.00048828125,0.0
275,0x001F243C,X_CANDIDATE,106.78955078125,-3206.2260742188,-3099.4365234375,-3206.2260742188,-3206.2260742188,106.78955078125,0.0,0.0
276,0x00286A7C,X_CANDIDATE,106.66456186771,-0.90917038917542,-108.38061523438,-0.8154194355011,-0.19603836536407,107.4714448452,0.093750953674316,0.71313202381134
277,0x003B2A84,Z_CANDIDATE,105.79565429688,-45.155029296875,-45.20361328125,-151.0,-45.154296875,0.048583984375,105.84497070313,0.000732421875
278,0x00286A78,X_CANDIDATE,102.66446936131,-0.90917062759399,-104.38052368164,-0.81541919708252,-0.19603836536407,103.47135305405,0.093751430511475,0.71313226222992
279,0x00081628,ROTATION_CANDIDATE,101.47760009766,217.0425567627,218.08181762695,221.11894226074,323.63580322266,1.0392608642578,4.0763854980469,106.59324645996
280,0x0007C138,ROTATION_CANDIDATE,99.8310546875,196.41619873047,211.88723754883,203.69790649414,319.0,15.471038818359,7.2817077636719,122.58380126953
281,0x0007C158,ROTATION_CANDIDATE,99.8310546875,196.41619873047,211.88723754883,203.69790649414,319.0,15.471038818359,7.2817077636719,122.58380126953
282,0x0007FFCC,ROTATION_CANDIDATE,99.8310546875,196.41619873047,211.88723754883,203.69790649414,319.0,15.471038818359,7.2817077636719,122.58380126953
283,0x0007FFE8,ROTATION_CANDIDATE,99.8310546875,196.41619873047,211.88723754883,203.69790649414,319.0,15.471038818359,7.2817077636719,122.58380126953
284,0x00286A74,X_CANDIDATE,98.64878308773,-0.90917062759399,-100.38046264648,-0.79979395866394,-0.19603836536407,99.47129201889,0.10937666893005,0.71313226222992
285,0x003B2A2C,Z_CANDIDATE,96.475830078125,-45.155029296875,9.00048828125,234.63134765625,84.0,54.155517578125,279.78637695313,129.15502929688
286,0x00286A70,X_CANDIDATE,92.590097844601,-0.92479562759399,-94.38037109375,-0.78416895866394,-0.19994467496872,93.455575466156,0.14062666893005,0.72485095262527
287,0x0007C234,ROTATION_CANDIDATE,92.534362792969,184.17944335938,184.17944335938,184.17944335938,91.645080566406,0.0,0.0,92.534362792969
288,0x000816D4,ROTATION_CANDIDATE,91.642715454102,0.0,0.0,0.0,91.642715454102,0.0,0.0,91.642715454102
289,0x00286A6C,X_CANDIDATE,88.59003585577,-0.92479586601257,-90.380310058594,-0.78416872024536,-0.19994467496872,89.455514192581,0.14062714576721,0.72485119104385
290,0x000D3AB0,X_CANDIDATE,83.79296875,16880.552734375,16997.181640625,16875.078125,16907.9140625,116.62890625,5.474609375,27.361328125
291,0x000D3A70,X_CANDIDATE,83.78515625,16880.556640625,16997.18359375,16875.076171875,16907.91796875,116.626953125,5.48046875,27.361328125
292,0x00286A68,X_CANDIDATE,82.574349582195,-0.92479586601257,-84.380249023438,-0.76854348182678,-0.19994467496872,83.455453157425,0.15625238418579,0.72485119104385
293,0x0008001C,ROTATION_CANDIDATE,81.638595581055,10.0,10.0,10.0,91.638595581055,0.0,0.0,81.638595581055
294,0x000D5C3C,Z_CANDIDATE,75.046875,-6.75,-1.546875,-91.0,-10.75,5.203125,84.25,4.0
295,0x000D5C4C,Z_CANDIDATE,75.046875,-6.75,-1.546875,-91.0,-10.75,5.203125,84.25,4.0
296,0x001F1CCC,ROTATION_CANDIDATE,74.015625,12431.205078125,12431.205078125,12431.205078125,12357.189453125,0.0,0.0,74.015625
297,0x003B2AE4,Z_CANDIDATE,74.0,2198.0,2198.0,2272.0,2198.0,0.0,74.0,0.0
298,0x00286AA4,X_CANDIDATE,70.01279667276,-0.84666967391968,-72.379272460938,-0.17259967327118,-0.00093356030993164,71.532602787018,0.6740700006485,0.84573611360975
299,0x00285E24,X_CANDIDATE,69.868190558394,-0.89354419708252,-72.379241943359,-0.16869342327118,-0.00088778301142156,71.485697746277,0.72485077381134,0.8926564140711
300,0x00285BA4,X_CANDIDATE,69.868175299373,-0.89354419708252,-72.379241943359,-0.16869342327118,-0.00087252398952842,71.485697746277,0.72485077381134,0.89267167309299
301,0x002865A4,X_CANDIDATE,69.825297387782,-0.9091694355011,-72.379272460938,-0.17259967327118,-0.00093356007710099,71.470103025436,0.73656976222992,0.908235875424
302,0x00286324,X_CANDIDATE,69.825282128993,-0.9091694355011,-72.379272460938,-0.17259967327118,-0.00091830128803849,71.470103025436,0.73656976222992,0.90825113421306
303,0x002860A4,X_CANDIDATE,69.821330817416,-0.90916919708252,-72.379241943359,-0.16869342327118,-0.0009030420333147,71.470072746277,0.74047577381134,0.9082661550492
304,0x00286824,X_CANDIDATE,69.77842167276,-0.92479467391968,-72.379272460938,-0.17259967327118,-0.00093356030993164,71.454477787018,0.7521950006485,0.92386111360975
305,0x001F23E8,ROTATION_CANDIDATE,66.775543212891,82.556762695313,343.71502685547,27.518920898438,465.52841186523,261.15826416016,55.037841796875,382.97164916992
306,0x003B2A30,X_CANDIDATE,63.87890625,-70.99951171875,-290.99975585938,-201.12036132813,-97.0,220.00024414063,130.12084960938,26.00048828125
307,0x00076C38,Z_CANDIDATE,62.82470703125,1276.6405029297,1270.6810302734,1137.3812255859,1347.1156005859,5.95947265625,139.25927734375,70.47509765625
308,0x000E743C,Z_CANDIDATE,61.09375,-7.0,-1.53125,-75.0,-8.4375,5.46875,68.0,1.4375
309,0x000E744C,Z_CANDIDATE,61.09375,-7.0,-1.53125,-75.0,-8.4375,5.46875,68.0,1.4375
310,0x0008163C,ROTATION_CANDIDATE,58.750854492188,418.61151123047,418.16589355469,453.95440673828,324.07214355469,0.44561767578125,35.342895507813,94.539367675781
311,0x0020F6EC,ROTATION_CANDIDATE,57.738952636719,-55.641162872314,-55.641162872314,372.36776733398,430.1067199707,0.0,428.0089302063,485.74788284302
312,0x0006A18C,ROTATION_CANDIDATE,56.788970947266,-55.641162872314,-55.641162872314,372.36776733398,429.15673828125,0.0,428.0089302063,484.79790115356
313,0x000D3AC0,X_CANDIDATE,56.76171875,16881.623046875,16998.611328125,16875.677734375,16935.904296875,116.98828125,5.9453125,54.28125
314,0x0005E664,ROTATION_CANDIDATE,54.138887058944,72.06640625,68.736328125,57.4208984375,-0.04806674644351,3.330078125,14.6455078125,72.114472996444
315,0x0005E68C,ROTATION_CANDIDATE,52.658047378063,72.0,68.0,57.0,0.3419526219368,4.0,15.0,71.658047378063
316,0x000D30A8,ROTATION_CANDIDATE,52.5,90.318588256836,90.318588256836,90.318588256836,37.818588256836,0.0,0.0,52.5
317,0x00076C88,Z_CANDIDATE,52.49169921875,1286.560546875,1268.13671875,1116.0202636719,1386.1853027344,18.423828125,170.54028320313,99.624755859375
318,0x003B2C64,Z_CANDIDATE,52.146156311035,77.997764587402,77.997764587402,5.9352645874023,58.081420898438,0.0,72.0625,19.916343688965
319,0x00081650,ROTATION_CANDIDATE,50.569152832031,336.54010009766,335.44442749023,354.03677368164,267.37860107422,1.0956726074219,17.496673583984,69.161499023438
320,0x00076C74,Z_CANDIDATE,50.486328125,1289.5910644531,1271.0341796875,1135.2202148438,1374.9187011719,18.556884765625,154.37084960938,85.32763671875
321,0x001F2670,Z_CANDIDATE,50.115234375,16977.39453125,16979.66015625,17241.919921875,16765.25,2.265625,264.525390625,212.14453125
322,0x001F2678,Z_CANDIDATE,50.115234375,16957.39453125,16959.66015625,17221.919921875,16745.25,2.265625,264.525390625,212.14453125
323,0x001F2680,Z_CANDIDATE,50.115234375,16937.39453125,16939.66015625,17201.919921875,16725.25,2.265625,264.525390625,212.14453125
324,0x001F2688,Z_CANDIDATE,50.115234375,16957.39453125,16959.66015625,17221.919921875,16745.25,2.265625,264.525390625,212.14453125
325,0x003B2D80,ROTATION_CANDIDATE,48.4130859375,0.0,15.63037109375,-49.167724609375,-113.21118164063,15.63037109375,49.167724609375,113.21118164063
326,0x001F7F04,Z_CANDIDATE,47.0,98.5,35.0,216.0,91.5,63.5,117.5,7.0
327,0x00076BFC,Z_CANDIDATE,44.67578125,1279.2341308594,1271.3676757813,1116.875,1389.0510253906,7.866455078125,162.35913085938,109.81689453125
328,0x001F25C4,X_CANDIDATE,41.278381347656,50.451354980469,9.1729736328125,50.451354980469,50.451354980469,41.278381347656,0.0,0.0
329,0x003B2B74,X_CANDIDATE,40.0,0.0,40.0,0.0,0.0,40.0,0.0,0.0
330,0x003B2A80,Z_CANDIDATE,38.861328125,107.89111328125,107.8623046875,69.0,107.89013671875,0.02880859375,38.89111328125,0.0009765625
331,0x00081698,ROTATION_CANDIDATE,32.139526367188,-456.97924804688,-450.85479736328,-483.72436523438,-521.98834228516,6.1244506835938,26.7451171875,65.009094238281
332,0x003B2A68,Z_CANDIDATE,29.724609375,476.484375,476.33544921875,445.8818359375,475.75537109375,0.14892578125,30.6025390625,0.72900390625
333,0x003B2A78,Z_CANDIDATE,29.724609375,4711.484375,4711.3354492188,4680.8818359375,4710.7553710938,0.14892578125,30.6025390625,0.72900390625
334,0x003B2AD0,Z_CANDIDATE,29.724609375,4711.484375,4711.3354492188,4680.8818359375,4710.7553710938,0.14892578125,30.6025390625,0.72900390625
335,0x00076BE8,Z_CANDIDATE,29.240234375,1275.7495117188,1289.978515625,1136.3093261719,1371.7204589844,14.22900390625,139.44018554688,95.970947265625
336,0x003B2A6C,X_CANDIDATE,25.51806640625,1597.5837402344,1624.8894042969,1596.3447265625,1597.03515625,27.3056640625,1.239013671875,0.548583984375
337,0x003B2AD4,X_CANDIDATE,25.51806640625,3946.5837402344,3973.8894042969,3945.3447265625,3946.03515625,27.3056640625,1.239013671875,0.548583984375
338,0x0007C230,ROTATION_CANDIDATE,25.445037841797,271.77926635742,271.77926635742,271.77926635742,297.22430419922,0.0,0.0,25.445037841797
339,0x001F7E78,Z_CANDIDATE,24.25,120.5,120.5,96.0,120.75,0.0,24.5,0.25
340,0x002856A8,X_CANDIDATE,23.523969423492,-0.72166657447815,-25.594459533691,-0.094111502170563,-0.00039811106398702,24.872792959213,0.62755507230759,0.72126846341416
341,0x002860A8,X_CANDIDATE,23.477093737922,-0.73729181289673,-25.594444274902,-0.094111531972885,-0.00041336973663419,24.857152462006,0.64318028092384,0.73687844316009
342,0x00285E28,X_CANDIDATE,23.477070849622,-0.73729181289673,-25.594436645508,-0.094111531972885,-0.00039811083115637,24.857144832611,0.64318028092384,0.73689370206557
343,0x00285BA8,X_CANDIDATE,23.477063190192,-0.73729181289673,-25.594436645508,-0.094111502170563,-0.00039048120379448,24.857144832611,0.64318031072617,0.73690133169293
344,0x00285928,X_CANDIDATE,23.477055560681,-0.73729181289673,-25.594436645508,-0.094111502170563,-0.00038285169284791,24.857144832611,0.64318031072617,0.73690896120388
345,0x002865A8,X_CANDIDATE,23.430233281804,-0.75291705131531,-25.594444274902,-0.094111531972885,-0.00042862887494266,24.841527223587,0.65880551934242,0.75248842244036
346,0x00286328,X_CANDIDATE,23.430225652177,-0.75291705131531,-25.594444274902,-0.094111531972885,-0.00042099924758077,24.841527223587,0.65880551934242,0.75249605206773
347,0x00286828,X_CANDIDATE,23.385310691549,-0.76854228973389,-25.594444274902,-0.096064656972885,-0.00042862887494266,24.825901985168,0.672477632761,0.76811366085894
348,0x00286AA8,X_CANDIDATE,23.385310691549,-0.76854228973389,-25.594444274902,-0.096064656972885,-0.00042862887494266,24.825901985168,0.672477632761,0.76811366085894
349,0x003B2E90,Z_CANDIDATE,23.0,-80.0,6.0,80.0,-29.0,86.0,160.0,51.0
350,0x001F7FC0,ROTATION_CANDIDATE,22.0,13.0,13.0,13.0,35.0,0.0,0.0,22.0
351,0x000D3FD4,X_CANDIDATE,21.0,30.0,56.0,32.0,33.0,26.0,2.0,3.0
352,0x0007FFE0,ROTATION_CANDIDATE,19.84651184082,137.48538208008,149.36351013184,140.12794494629,171.85258483887,11.878128051758,2.6425628662109,34.367202758789
353,0x0007C238,ROTATION_CANDIDATE,17.604431152344,319.0,319.0,319.0,301.39556884766,0.0,0.0,17.604431152344
354,0x0028542C,X_CANDIDATE,17.371425191639,-0.59666466712952,-19.094352722168,-0.066767543554306,-0.00029892730526626,18.497688055038,0.52989712357521,0.59636573982425
355,0x003B2D7C,X_CANDIDATE,17.320556640625,0.0,-74.271240234375,-49.99951171875,-6.951171875,74.271240234375,49.99951171875,6.951171875
356,0x001F2774,ROTATION_CANDIDATE,17.120361328125,2371.1694335938,1540.8321533203,2371.1694335938,1523.7117919922,830.33728027344,0.0,847.45764160156
357,0x003B2A24,Z_CANDIDATE,16.0,-77.0,-45.0,32.0,-16.0,32.0,109.0,61.0
358,0x00076C10,ROTATION_CANDIDATE,13.726196289063,1251.9781494141,1261.3576660156,1139.3486328125,1387.7133789063,9.3795166015625,112.62951660156,135.73522949219
359,0x003B3594,ROTATION_CANDIDATE,12.299118041992,271.44375610352,268.93719482422,268.50119018555,253.69551086426,2.5065612792969,2.9425659179688,17.748245239258
360,0x0006A22C,X_CANDIDATE,11.5478515625,-4669.5776367188,-4314.330078125,-4669.5776367188,-4325.8779296875,355.24755859375,0.0,343.69970703125
361,0x0020FC00,X_CANDIDATE,11.5478515625,-4669.5776367188,-4314.330078125,-4669.5776367188,-4325.8779296875,355.24755859375,0.0,343.69970703125
362,0x0020FC2C,X_CANDIDATE,11.5478515625,-4669.5776367188,-4314.330078125,-4669.5776367188,-4325.8779296875,355.24755859375,0.0,343.69970703125
363,0x0020FC1C,X_CANDIDATE,11.0791015625,-4671.1684570313,-4315.9208984375,-4671.1684570313,-4327.0,355.24755859375,0.0,344.16845703125
364,0x00076C24,Z_CANDIDATE,10.860229492188,1266.9439697266,1280.7839355469,1153.1215820313,1356.0661621094,13.839965820313,113.82238769531,89.122192382813
365,0x003B2E88,ROTATION_CANDIDATE,10.0,60.0,113.0,-44.0,-107.0,53.0,104.0,167.0
366,0x00079F28,Z_CANDIDATE,9.8647708892822,0.0,116.8533782959,131.11277770996,4.3946285247803,116.8533782959,131.11277770996,4.3946285247803
367,0x0020FC38,X_CANDIDATE,9.35302734375,-4466.8715820313,-4111.6240234375,-4466.8715820313,-4120.9770507813,355.24755859375,0.0,345.89453125
368,0x0020FC44,X_CANDIDATE,9.35302734375,-4466.8715820313,-4111.6240234375,-4466.8715820313,-4120.9770507813,355.24755859375,0.0,345.89453125
369,0x0005D7A0,Z_CANDIDATE,9.0655480623245,-7.6462097167969,-7.7917404174805,1.6869393587112,-7.7682800292969,0.14553070068359,9.3331490755081,0.1220703125
370,0x003B2A9C,Z_CANDIDATE,9.0,-48.0,-48.0,-57.0,-48.0,0.0,9.0,0.0
371,0x00076CEC,Z_CANDIDATE,8.203369140625,1282.0225830078,1254.9925537109,1144.0629882813,1384.7487792969,27.030029296875,137.95959472656,102.72619628906
372,0x002856AC,X_CANDIDATE,7.9068553784164,-0.56541419029236,-9.5470581054688,-0.055844604969025,-0.00019523885566741,8.9816439151764,0.50956958532333,0.56521895143669
373,0x0007FFEC,ROTATION_CANDIDATE,7.841796875,217.0425567627,218.08181762695,221.11894226074,230.0,1.0392608642578,4.0763854980469,12.957443237305
374,0x003B2B94,Z_CANDIDATE,7.802734375,202.35546875,199.189453125,191.1796875,202.1484375,3.166015625,11.17578125,0.20703125
375,0x003B2BC8,Z_CANDIDATE,7.802734375,18024.6484375,18021.482421875,18013.47265625,18024.44140625,3.166015625,11.17578125,0.20703125
376,0x001F1CC4,ROTATION_CANDIDATE,7.5625,16591.1796875,16591.1796875,16591.1796875,16598.7421875,0.0,0.0,7.5625
377,0x00286AAC,X_CANDIDATE,7.020111654012,-0.6122899055481,-8.7970352172852,-0.059750914573669,-0.00019523879745975,8.1847453117371,0.55253899097443,0.61209466675064
378,0x002860AC,X_CANDIDATE,6.8618984854547,-0.58103942871094,-8.5470352172852,-0.057797759771347,-0.00018379453103989,7.9659957885742,0.52324166893959,0.5808556341799
379,0x00285E2C,X_CANDIDATE,6.8618946557399,-0.58103942871094,-8.5470352172852,-0.057797744870186,-0.00017997971735895,7.9659957885742,0.52324168384075,0.58085944899358
380,0x00285BAC,X_CANDIDATE,6.8609104637871,-0.58103942871094,-8.5470314025879,-0.056821182370186,-0.00017616496188566,7.965991973877,0.52421824634075,0.58086326374905
381,0x0028592C,X_CANDIDATE,6.8609066341305,-0.58103942871094,-8.5470314025879,-0.056821167469025,-0.00017235020641237,7.965991973877,0.52421826124191,0.58086707850453
382,0x002865AC,X_CANDIDATE,6.8160107918084,-0.59666466712952,-8.5470352172852,-0.058774337172508,-0.00019523873925209,7.9503705501556,0.53789032995701,0.59646942839026
383,0x0028632C,X_CANDIDATE,6.8150303996517,-0.59666466712952,-8.5470352172852,-0.057797759771347,-0.0001914239837788,7.9503705501556,0.53886690735817,0.59647324314574
384,0x0028682C,X_CANDIDATE,6.7691350766108,-0.6122899055481,-8.5470352172852,-0.058774337172508,-0.00019523879745975,7.9347453117371,0.55351556837559,0.61209466675064
385,0x0005D788,Z_CANDIDATE,5.985057592392,-7.6462097167969,-7.7917404174805,-1.3935511112213,-7.7682800292969,0.14553070068359,6.2526586055756,0.1220703125
386,0x00285430,X_CANDIDATE,5.790944445238,-0.47020614147186,-7.1485023498535,-0.052914872765541,-0.0001456470345147,6.6782962083817,0.41729126870632,0.47006049443735
387,0x0006A130,Z_CANDIDATE,5.7763671875,1268.498046875,1271.458984375,1139.837890625,1388.4208984375,2.9609375,128.66015625,119.9228515625
388,0x001E8DC4,Z_CANDIDATE,5.7441987991333,0.0,0.0,5.7441987991333,0.0,0.0,5.7441987991333,0.0
389,0x0005D790,Z_CANDIDATE,5.5036121606827,-7.6462097167969,-7.7917404174805,-1.8749965429306,-7.7682800292969,0.14553070068359,5.7712131738663,0.1220703125
390,0x000D35FC,X_CANDIDATE,5.2683974504471,-1.3668619394302,12.664792060852,-3.5146813392639,5.2485752105713,14.031654000282,2.1478193998337,6.6154371500015
391,0x003B2EB8,Z_CANDIDATE,5.208251953125,-12.496337890625,9.324951171875,25.1279296875,-1.901611328125,21.8212890625,37.624267578125,10.5947265625
392,0x000D3608,Z_CANDIDATE,4.8949018716812,-1.3668619394302,-5.2352104187012,-21.414680480957,-12.651430130005,3.8683484792709,20.047818541527,11.284568190575
393,0x001F2258,ROTATION_CANDIDATE,4.8652572631836,64.52417755127,64.52417755127,64.52417755127,69.389434814453,0.0,0.0,4.8652572631836
394,0x00076D14,ROTATION_CANDIDATE,4.487548828125,1266.6510009766,1271.458984375,1153.8442382813,1388.7532958984,4.8079833984375,112.80676269531,122.10229492188
395,0x0020FDAC,X_CANDIDATE,4.4278869628906,350.96731567383,355.39520263672,350.96731567383,350.96731567383,4.4278869628906,0.0,0.0
396,0x001F25A4,X_CANDIDATE,4.279296875,19585.689453125,19589.96875,19585.689453125,19585.689453125,4.279296875,0.0,0.0
397,0x0005D798,Z_CANDIDATE,3.7965946793556,-2.890625,-2.890625,0.90596967935562,-2.890625,0.0,3.7965946793556,0.0
398,0x0005D778,Z_CANDIDATE,3.49609375,0.0,0.0,3.49609375,0.0,0.0,3.49609375,0.0
399,0x0005D770,Z_CANDIDATE,3.3043936491013,5.3271484375,5.5067138671875,1.6869393587112,5.4833984375,0.1795654296875,3.6402090787888,0.15625
400,0x00076D28,ROTATION_CANDIDATE,3.108642578125,1250.7524414063,1283.2521972656,1148.6923828125,1388.4208984375,32.499755859375,102.06005859375,137.66845703125
401,0x000816C0,ROTATION_CANDIDATE,3.1008529663086,96.095733642578,96.43635559082,95.086555480957,91.645080566406,0.34062194824219,1.0091781616211,4.4506530761719
402,0x003B2D08,ROTATION_CANDIDATE,2.955078125,0.0,0.0,16886.427734375,16889.3828125,0.0,16886.427734375,16889.3828125
403,0x002DB664,ROTATION_CANDIDATE,2.951171875,0.0,0.0,6277.048828125,6280.0,0.0,6277.048828125,6280.0
404,0x001F1CC8,ROTATION_CANDIDATE,2.7000122070313,426.45672607422,426.45672607422,426.45672607422,429.15673828125,0.0,0.0,2.7000122070313
405,0x001F2260,ROTATION_CANDIDATE,2.28125,-4321.181640625,-4321.181640625,-4321.181640625,-4323.462890625,0.0,0.0,2.28125
406,0x0006A25C,X_CANDIDATE,2.2778625488281,350.96731567383,353.24517822266,350.96731567383,350.96731567383,2.2778625488281,0.0,0.0
407,0x0020FDC8,X_CANDIDATE,2.2000045776367,105.50000762939,107.70001220703,105.50000762939,105.50000762939,2.2000045776367,0.0,0.0
408,0x00286D2C,X_CANDIDATE,2.1701952852891,-0.092158764600754,-2.3867254257202,-0.059750914573669,-0.00019523879745975,2.2945666611195,0.032407850027084,0.091963525803294
409,0x0005E688,X_CANDIDATE,2.1528301239014,5.251220703125,3.0983905792236,5.251220703125,5.251220703125,2.1528301239014,0.0,0.0
410,0x00286D28,X_CANDIDATE,2.0739287256729,-0.092158764600754,-2.2617235183716,-0.096064656972885,-0.00042862887494266,2.1695647537708,0.0039058923721313,0.091730135725811
411,0x000D3974,ROTATION_CANDIDATE,2.0,-1.0,-1.0,-1.0,1.0,0.0,0.0,2.0
412,0x001F82B0,X_CANDIDATE,2.0,30.5,32.5,30.5,30.5,2.0,0.0,0.0
413,0x0007C214,ROTATION_CANDIDATE,1.9923095703125,94.999137878418,95.216163635254,93.847930908203,91.638595581055,0.21702575683594,1.1512069702148,3.3605422973633
414,0x000816AC,ROTATION_CANDIDATE,1.9923095703125,94.999137878418,95.216163635254,93.847930908203,91.638595581055,0.21702575683594,1.1512069702148,3.3605422973633
415,0x00080038,ROTATION_CANDIDATE,1.9858245849609,94.999137878418,95.216163635254,93.847930908203,91.645080566406,0.21702575683594,1.1512069702148,3.3540573120117
416,0x00286D24,X_CANDIDATE,1.8771646048408,-0.094111919403076,-2.0742206573486,-0.10387769341469,-0.00093356030993164,1.9801087379456,0.0097657740116119,0.093178359093145
417,0x0005D780,Z_CANDIDATE,1.8743541240692,0.0,0.0,1.8743541240692,0.0,0.0,1.8743541240692,0.0
418,0x00210114,ROTATION_CANDIDATE,1.8304743766785,0.95194554328918,2.2629919052124,0.95194554328918,4.0934662818909,1.3110463619232,0.0,3.1415207386017
419,0x00210120,ROTATION_CANDIDATE,1.8304741382599,0.95194578170776,2.262992143631,0.95194578170776,4.0934662818909,1.3110463619232,0.0,3.1415205001831
420,0x00210130,ROTATION_CANDIDATE,1.8304741382599,0.95194578170776,2.262992143631,0.95194578170776,4.0934662818909,1.3110463619232,0.0,3.1415205001831
421,0x0020FDB4,ROTATION_CANDIDATE,1.8259204626083,0.3128650188446,1.9659223556519,1.5707963705063,5.0497741699219,1.6530573368073,1.2579313516617,4.7369091510773
422,0x0020FDC0,ROTATION_CANDIDATE,1.8259199857712,0.31286478042603,1.9659223556519,1.5707956552505,5.0497732162476,1.6530575752258,1.2579308748245,4.7369084358215
423,0x0020FDD0,ROTATION_CANDIDATE,1.8259199857712,0.31286478042603,1.9659223556519,1.5707956552505,5.0497732162476,1.6530575752258,1.2579308748245,4.7369084358215
424,0x001F2438,X_CANDIDATE,1.7999877929688,352.49517822266,354.29516601563,352.49517822266,352.49517822266,1.7999877929688,0.0,0.0
425,0x00286D20,X_CANDIDATE,1.7806592136621,-0.094111919403076,-1.974609375,-0.10192456841469,-0.0020863264799118,1.8804974555969,0.0078126490116119,0.092025592923164
426,0x0006A228,ROTATION_CANDIDATE,1.7778625488281,350.96731567383,350.96731567383,350.96731567383,352.74517822266,0.0,0.0,1.7778625488281
427,0x0020FBFC,ROTATION_CANDIDATE,1.7778625488281,350.96731567383,350.96731567383,350.96731567383,352.74517822266,0.0,0.0,1.7778625488281
428,0x00286D1C,X_CANDIDATE,1.7556679286063,-0.094111919403076,-1.9433588981628,-0.10192453861237,-0.0083454884588718,1.8492469787598,0.0078126192092896,0.085766430944204
429,0x00286D18,X_CANDIDATE,1.7361809685826,-0.096065074205399,-1.9121079444885,-0.099971383810043,-0.020109482109547,1.8160428702831,0.0039063096046448,0.075955592095852
430,0x0005D7B0,Z_CANDIDATE,1.7223191261292,5.5140719413757,5.2559223175049,3.5,5.48046875,0.25814962387085,2.0140719413757,0.033603191375732
431,0x00286D14,X_CANDIDATE,1.7073718979955,-0.096065074205399,-1.8808574676514,-0.098018258810043,-0.020597763359547,1.784792393446,0.0019531846046448,0.075467310845852
432,0x00286D10,X_CANDIDATE,1.6468245834112,-0.096065074205399,-1.8183569908142,-0.096065104007721,-0.020597770810127,1.7222919166088,2.9802322387695e-08,0.075467303395271
433,0x003B3418,ROTATION_CANDIDATE,1.6293727904558,0.0,-0.19639830291271,0.0,-1.8257710933685,0.19639830291271,0.0,1.8257710933685
434,0x00286D0C,X_CANDIDATE,1.6097146719694,-0.098018229007721,-1.7871065139771,-0.096065074205399,-0.020597770810127,1.6890882849693,0.0019531548023224,0.077420458197594
435,0x001F1910,Z_CANDIDATE,1.5999984741211,1.2977752685547,1.2977752685547,2.8977737426758,1.2977752685547,0.0,1.5999984741211,0.0
436,0x0020F38C,Z_CANDIDATE,1.5999984741211,1.2977752685547,1.2977752685547,2.8977737426758,1.2977752685547,0.0,1.5999984741211,0.0
437,0x0020F3B8,Z_CANDIDATE,1.5999984741211,108.30001068115,108.30001068115,109.90000915527,108.30001068115,0.0,1.5999984741211,0.0
438,0x00286D08,X_CANDIDATE,1.5765110403299,-0.098018229007721,-1.7558560371399,-0.094111919403076,-0.020597770810127,1.6578378081322,0.0039063096046448,0.077420458197594
439,0x00286D04,X_CANDIDATE,1.5437952503562,-0.098018229007721,-1.7246050834656,-0.092158794403076,-0.021086059510708,1.6265868544579,0.0058594346046448,0.076932169497013
440,0x0006A1F4,ROTATION_CANDIDATE,1.5278625488281,350.96731567383,350.96731567383,350.96731567383,352.49517822266,0.0,0.0,1.5278625488281
441,0x0020FA4C,ROTATION_CANDIDATE,1.5278625488281,350.96731567383,350.96731567383,350.96731567383,352.49517822266,0.0,0.0,1.5278625488281
442,0x00286D00,X_CANDIDATE,1.5066852793097,-0.099971383810043,-1.6933546066284,-0.092158764600754,-0.021086059510708,1.5933832228184,0.0078126192092896,0.078885324299335
443,0x0006A124,Z_CANDIDATE,1.5,1.2977752685547,1.2977752685547,2.7977752685547,1.2977752685547,0.0,1.5,0.0
444,0x0020F3A8,Z_CANDIDATE,1.5,108.30001068115,108.30001068115,109.80001068115,108.30001068115,0.0,1.5,0.0
445,0x00286CFC,X_CANDIDATE,1.4422316476703,-0.099971383810043,-1.6308541297913,-0.090205609798431,-0.021086059510708,1.5308827459812,0.0097657740116119,0.078885324299335
446,0x00286CF8,X_CANDIDATE,1.4095163345337,-0.099971383810043,-1.5996036529541,-0.088252484798431,-0.021574348211288,1.4996322691441,0.011718899011612,0.078397035598755
447,0x00286CF4,X_CANDIDATE,1.3724063634872,-0.10192453861237,-1.5683531761169,-0.088252454996109,-0.021574348211288,1.4664286375046,0.013672083616257,0.080350190401077
448,0x00286CF0,X_CANDIDATE,1.3392027318478,-0.10192453861237,-1.5371026992798,-0.086299300193787,-0.021574348211288,1.4351781606674,0.015625238418579,0.080350190401077
449,0x003B3560,X_CANDIDATE,1.3127118153498,0.0093909380957484,108.38954162598,107.02347564697,0.062745101749897,108.38015068788,107.01408470888,0.053354163654149
450,0x00286CEC,X_CANDIDATE,1.3064869046211,-0.10192453861237,-1.5058517456055,-0.084346145391464,-0.022062629461288,1.4039272069931,0.017578393220901,0.079861909151077
451,0x000F8BC0,X_CANDIDATE,1.2336157783866,0.0,-1.4470196962357,-0.10393172502518,-0.10947219282389,1.4470196962357,0.10393172502518,0.10947219282389
452,0x0020F708,ROTATION_CANDIDATE,1.2000045776367,108.00000762939,108.00000762939,108.00000762939,109.20001220703,0.0,0.0,1.2000045776367
453,0x000D3C60,ROTATION_CANDIDATE,1.1828242726624,3.8999948501587,4.3029475212097,1.5234030485153,-0.062373895198107,0.40295267105103,2.3765918016434,3.9623687453568
454,0x0020F718,ROTATION_CANDIDATE,1.0999984741211,108.00000762939,108.00000762939,108.00000762939,109.10000610352,0.0,0.0,1.0999984741211
455,0x0020FDD8,X_CANDIDATE,1.0999984741211,105.50000762939,106.60000610352,105.50000762939,105.50000762939,1.0999984741211,0.0,0.0
456,0x000D3CA0,X_CANDIDATE,1.058496773243,0.39232492446899,-1.1775704622269,0.49450695514679,-0.016891658306122,1.5698953866959,0.1021820306778,0.40921658277512
457,0x000F8BC8,X_CANDIDATE,1.0363552831113,0.0,-1.0707890987396,-0.034046225249767,0.00038759037852287,1.0707890987396,0.034046225249767,0.00038759037852287
458,0x000D3C64,X_CANDIDATE,1.0222567692399,-0.46859622001648,-2.5080547332764,0.074458204209805,-0.94274353981018,2.0394585132599,0.54305442422628,0.4741473197937
459,0x0004EAF4,Z_CANDIDATE,1.0019855499268,21.042053222656,21.027366638184,20.010915756226,21.027587890625,0.014686584472656,1.0311374664307,0.01446533203125
460,0x00048378,ROTATION_CANDIDATE,1.0,2.0,2.0,2.0,3.0,0.0,0.0,1.0
461,0x001F81F4,ROTATION_CANDIDATE,1.0,29.0,29.0,29.0,30.0,0.0,0.0,1.0
462,0x0020FC18,ROTATION_CANDIDATE,1.0,104.50000762939,104.50000762939,104.50000762939,105.50000762939,0.0,0.0,1.0
463,0x003B2B1C,Z_CANDIDATE,0.97827847488225,0.021536905318499,0.021369816735387,1.0,0.021554436534643,0.00016708858311176,0.9784630946815,1.7531216144562e-05
464,0x000F8BD4,X_CANDIDATE,0.95800404250622,0.0,1.1474509239197,-0.10900093615055,-0.080445945262909,1.1474509239197,0.10900093615055,0.080445945262909
465,0x003B3420,X_CANDIDATE,0.936368227005,0.0,0.97115552425385,0.0,0.03478729724884,0.97115552425385,0.0,0.03478729724884
466,0x003B2ED8,Z_CANDIDATE,0.85973377525806,-0.8159806728363,-0.091009810566902,0.97367316484451,-0.61103147268295,0.7249708622694,1.7896538376808,0.20494920015335
467,0x00079970,ROTATION_CANDIDATE,0.85188496112823,0.6474267244339,0.64408522844315,0.6445871591568,-0.21063929796219,0.0033414959907532,0.0028395652770996,0.85806602239609
468,0x000D3C94,X_CANDIDATE,0.84841670095921,-1.0850653648376,-0.0011085718870163,-1.0850653648376,-0.84952527284622,1.0839567929506,0.0,0.23554009199142
469,0x001F2608,ROTATION_CANDIDATE,0.83333337306976,0.0,0.0,0.0,-0.83333337306976,0.0,0.0,0.83333337306976
470,0x00079968,ROTATION_CANDIDATE,0.80202949047089,0.77062195539474,0.76801770925522,0.76856988668442,-0.036063849925995,0.0026042461395264,0.0020520687103271,0.80668580532074
471,0x000D30B0,ROTATION_CANDIDATE,0.79551643040031,-0.0055600991472602,-0.0055600991472602,-0.0055600991472602,0.78995633125305,0.0,0.0,0.79551643040031
472,0x000D3400,ROTATION_CANDIDATE,0.79551643040031,-0.0055600991472602,-0.0055600991472602,-0.0055600991472602,0.78995633125305,0.0,0.0,0.79551643040031
473,0x000F8AA0,ROTATION_CANDIDATE,0.78888401971199,0.0077176131308079,0.0032040143851191,0.0040378700941801,-0.78935974836349,0.0045135987456888,0.0036797430366278,0.7970773614943
474,0x000F8AE0,ROTATION_CANDIDATE,0.78888401971199,0.0077176131308079,0.0032040143851191,0.0040378700941801,-0.78935974836349,0.0045135987456888,0.0036797430366278,0.7970773614943
475,0x001052A0,ROTATION_CANDIDATE,0.78885460854508,0.0076706795953214,0.0031209059525281,0.004122715909034,-0.78928166627884,0.0045497736427933,0.0035479636862874,0.79695234587416
476,0x001052E0,ROTATION_CANDIDATE,0.78885460854508,0.0076706795953214,0.0031209059525281,0.004122715909034,-0.78928166627884,0.0045497736427933,0.0035479636862874,0.79695234587416
477,0x000D3428,ROTATION_CANDIDATE,0.78763734805398,-0.0075545068830252,-0.0035778691526502,-0.0042675035074353,0.78734648227692,0.0039766377303749,0.0032870033755898,0.79490098915994
478,0x000F8AC8,ROTATION_CANDIDATE,0.78759681410156,0.0075952196493745,0.0035778691526502,0.0042675035074353,-0.78734666109085,0.0040173504967242,0.0033277161419392,0.79494188074023
479,0x000F8B08,ROTATION_CANDIDATE,0.78759681410156,0.0075952196493745,0.0035778691526502,0.0042675035074353,-0.78734666109085,0.0040173504967242,0.0033277161419392,0.79494188074023
480,0x001052C8,ROTATION_CANDIDATE,0.78753938456066,0.0075545059517026,0.003494270844385,0.0043435576371849,-0.78725606203079,0.0040602351073176,0.0032109483145177,0.79481056798249
481,0x00105308,ROTATION_CANDIDATE,0.78753938456066,0.0075545059517026,0.003494270844385,0.0043435576371849,-0.78725606203079,0.0040602351073176,0.0032109483145177,0.79481056798249
482,0x000D3E20,ROTATION_CANDIDATE,0.76760462112725,0.025239292532206,0.02609153650701,0.017951961606741,0.80098348855972,0.00085224397480488,0.0072873309254646,0.77574419602752
483,0x000D3DE0,ROTATION_CANDIDATE,0.76750469207764,0.025400292128325,0.025778211653233,0.01794945076108,0.80073374509811,0.00037791952490807,0.0074508413672447,0.77533345296979
484,0x000D3E48,ROTATION_CANDIDATE,0.76677537709475,0.024668466299772,0.025014862418175,0.019732896238565,0.79672580957413,0.00034639611840248,0.0049355700612068,0.77205734327435
485,0x000D3E08,ROTATION_CANDIDATE,0.76659195311368,0.024783954024315,0.024709824472666,0.019733486697078,0.79650050401688,7.4129551649094e-05,0.0050504673272371,0.77171654999256
486,0x000D3A38,ROTATION_CANDIDATE,0.7369973026216,0.03371562063694,0.037368826568127,0.017689410597086,0.79039233922958,0.0036532059311867,0.016026210039854,0.75667671859264
487,0x000D3A78,ROTATION_CANDIDATE,0.7363978587091,0.034058481454849,0.03688008338213,0.01740250363946,0.78993391990662,0.0028216019272804,0.01665597781539,0.75587543845177
488,0x000D3A60,ROTATION_CANDIDATE,0.73549364693463,0.034709926694632,0.034405291080475,0.018247878178954,0.78697025775909,0.00030463561415672,0.016462048515677,0.75226033106446
489,0x000D3AA0,ROTATION_CANDIDATE,0.73321459256113,0.035069841891527,0.033930588513613,0.017970306798816,0.78652322292328,0.0011392533779144,0.017099535092711,0.75145338103175
490,0x002DB36C,ROTATION_CANDIDATE,0.72489470243454,0.8141348361969,0.8141348361969,0.72489470243454,0.0,0.0,0.08924013376236,0.8141348361969
491,0x001F2084,ROTATION_CANDIDATE,0.66455078125,-3102.3012695313,-3102.3012695313,-3102.3012695313,-3102.9658203125,0.0,0.0,0.66455078125
492,0x000816C8,ROTATION_CANDIDATE,0.65984344482422,115.18170166016,115.50108337402,114.63275146484,116.70987701416,0.31938171386719,0.5489501953125,1.5281753540039
493,0x00076D3C,Z_CANDIDATE,0.600830078125,1283.5681152344,1263.5234375,1160.9664306641,1385.5242919922,20.044677734375,122.60168457031,101.95617675781
494,0x003B3400,ROTATION_CANDIDATE,0.6002456843853,0.0,0.19659474492073,1.0,-1.796840429306,0.19659474492073,1.0,1.796840429306
495,0x002D8D40,Z_CANDIDATE,0.57177734375,0.0,0.0,0.57177734375,0.0,0.0,0.57177734375,0.0
496,0x001E8DC0,ROTATION_CANDIDATE,0.54155111312866,2.9785265922546,2.9785265922546,3.4177861213684,3.9593372344971,0.0,0.43925952911377,0.98081064224243
497,0x000D38EC,ROTATION_CANDIDATE,0.52086219191551,-0.54237216711044,-0.94346791505814,-0.54237216711044,0.37958577275276,0.40109574794769,0.0,0.9219579398632
498,0x0005E6A0,ROTATION_CANDIDATE,0.51556551456451,-0.5,0.0,-0.5,-1.5155655145645,0.5,0.0,1.0155655145645
499,0x000D3C8C,ROTATION_CANDIDATE,0.51125943660736,-1.7040094137192,-1.7166558504105,-1.7040094137192,-2.2279152870178,0.012646436691284,0.0,0.52390587329865
500,0x001F6F0C,ROTATION_CANDIDATE,0.5,12.0,12.0,12.0,11.5,0.0,0.0,0.5
501,0x001F6F10,ROTATION_CANDIDATE,0.5,0.0,0.0,0.0,0.5,0.0,0.0,0.5
502,0x001F8370,ROTATION_CANDIDATE,0.5,0.5,0.5,0.5,0.0,0.0,0.0,0.5
503,0x0020FA78,ROTATION_CANDIDATE,0.5,104.50000762939,104.50000762939,104.50000762939,104.00000762939,0.0,0.0,0.5
504,0x002F1C28,ROTATION_CANDIDATE,0.47825139760971,1.0257422924042,1.0257422924042,1.0594657659531,0.51376742124557,0.0,0.033723473548889,0.5119748711586
505,0x002D8C5C,ROTATION_CANDIDATE,0.46499633789063,1.0867309570313,0.7491455078125,1.0594482421875,0.25686645507813,0.33758544921875,0.02728271484375,0.82986450195313
506,0x0005E66C,ROTATION_CANDIDATE,0.45492708683014,0.7491455078125,0.70709228515625,0.35641479492188,-0.14056551456451,0.04205322265625,0.39273071289063,0.88971102237701
507,0x000D3C5C,X_CANDIDATE,0.44536590576172,-42.501533508301,-36.757732391357,-39.020854949951,-44.319290161133,5.7438011169434,3.4806785583496,1.817756652832
508,0x0020F3AC,Z_CANDIDATE,0.435546875,17659.6484375,17659.6484375,17659.212890625,17659.6484375,0.0,0.435546875,0.0
509,0x00079958,ROTATION_CANDIDATE,0.43369542015716,0.0054652579128742,-0.0030640300828964,-0.00035780970938504,-0.44258251786232,0.0085292879957706,0.0058230676222593,0.44804777577519
510,0x0020F3A4,Z_CANDIDATE,0.421875,18892.314453125,18892.314453125,18892.736328125,18892.314453125,0.0,0.421875,0.0
511,0x003B3564,X_CANDIDATE,0.4148061349988,-0.119225718081,106.5279006958,105.80563354492,0.18823529779911,106.64712641388,105.924859263,0.30746101588011
512,0x0007C1FC,Z_CANDIDATE,0.40963745117188,117.41079711914,117.44436645508,116.78729248047,117.23049926758,0.0335693359375,0.62350463867188,0.1802978515625
513,0x000816A0,Z_CANDIDATE,0.40963745117188,117.41079711914,117.44436645508,116.78729248047,117.23049926758,0.0335693359375,0.62350463867188,0.1802978515625
514,0x000D3E28,ROTATION_CANDIDATE,0.40087252855301,0.99967193603516,0.99954634904861,0.99932241439819,0.59832429885864,0.00012558698654175,0.00034952163696289,0.40134763717651
515,0x000D3DE8,ROTATION_CANDIDATE,0.40055620670319,0.99966567754745,0.99955660104752,0.99932485818863,0.5986595749855,0.00010907649993896,0.00034081935882568,0.40100610256195
516,0x000D3E40,ROTATION_CANDIDATE,0.39606493711472,-0.99455749988556,-0.99738729000092,-0.99823635816574,-0.59198391437531,0.0028297901153564,0.0036788582801819,0.40257358551025
517,0x000D3E00,ROTATION_CANDIDATE,0.39580368995667,-0.99458634853363,-0.99738740921021,-0.99822306632996,-0.59234488010406,0.0028010606765747,0.0036367177963257,0.40224146842957
518,0x002D933C,X_CANDIDATE,0.39089965820313,1.0594482421875,0.57666015625,1.1513366699219,1.0594482421875,0.4827880859375,0.091888427734375,0.0
519,0x000D30B4,ROTATION_CANDIDATE,0.38682126998901,0.99998462200165,0.99998462200165,0.99998462200165,0.61316335201263,0.0,0.0,0.38682126998901
520,0x000D33F8,ROTATION_CANDIDATE,0.38682126998901,-0.99998462200165,-0.99998462200165,-0.99998462200165,-0.61316335201263,0.0,0.0,0.38682126998901
521,0x000D3D14,X_CANDIDATE,0.38653443753719,0.84361910820007,0.14097912609577,0.7466669678688,0.62446570396423,0.7026399821043,0.096952140331268,0.21915340423584
522,0x000F8AC0,ROTATION_CANDIDATE,0.38601368665695,-0.99996912479401,-0.99997812509537,-0.9999862909317,-0.613929271698,9.000301361084e-06,1.7166137695313e-05,0.38603985309601
523,0x000F8AE8,ROTATION_CANDIDATE,0.38601368665695,-0.99996912479401,-0.99997812509537,-0.9999862909317,-0.613929271698,9.000301361084e-06,1.7166137695313e-05,0.38603985309601
524,0x001052C0,ROTATION_CANDIDATE,0.38591426610947,-0.99996960163116,-0.99997848272324,-0.99998635053635,-0.61402970552444,8.8810920715332e-06,1.6748905181885e-05,0.38593989610672
525,0x001052E8,ROTATION_CANDIDATE,0.38591426610947,-0.99996960163116,-0.99997848272324,-0.99998635053635,-0.61402970552444,8.8810920715332e-06,1.6748905181885e-05,0.38593989610672
526,0x000D3A40,ROTATION_CANDIDATE,0.38538503646851,0.99905025959015,0.99863243103027,0.99981260299683,0.61248505115509,0.00041782855987549,0.00076234340667725,0.38656520843506
527,0x000D3420,ROTATION_CANDIDATE,0.38497012853622,-0.99760293960571,-0.99782431125641,-0.99741947650909,-0.61222797632217,0.0002213716506958,0.00018346309661865,0.38537496328354
528,0x000F8AA8,ROTATION_CANDIDATE,0.38496816158295,0.99760109186172,0.99782431125641,0.99741947650909,0.61222809553146,0.00022321939468384,0.00018161535263062,0.38537299633026
529,0x000F8B00,ROTATION_CANDIDATE,0.38496816158295,0.99760109186172,0.99782431125641,0.99741947650909,0.61222809553146,0.00022321939468384,0.00018161535263062,0.38537299633026
530,0x001052A8,ROTATION_CANDIDATE,0.38486593961716,0.99760282039642,0.99782460927963,0.99741214513779,0.61232441663742,0.00022178888320923,0.00019067525863647,0.385278403759
531,0x00105300,ROTATION_CANDIDATE,0.38486593961716,0.99760282039642,0.99782460927963,0.99741214513779,0.61232441663742,0.00022178888320923,0.00019067525863647,0.385278403759
532,0x000D3A80,ROTATION_CANDIDATE,0.38477808237076,0.99903106689453,0.99864530563354,0.99981683492661,0.61308145523071,0.00038576126098633,0.00078576803207397,0.38594961166382
533,0x000D3A58,ROTATION_CANDIDATE,0.38326787948608,-0.99873554706573,-0.99631369113922,-0.99680298566818,-0.61111325025558,0.0024218559265137,0.0019325613975525,0.38762229681015
534,0x000D3A98,ROTATION_CANDIDATE,0.38277107477188,-0.99871307611465,-0.99637830257416,-0.9967919588089,-0.61168611049652,0.0023347735404968,0.0019211173057556,0.38702696561813
535,0x0020F388,Z_CANDIDATE,0.365234375,18892.314453125,18892.314453125,18892.6796875,18892.314453125,0.0,0.365234375,0.0
536,0x0020F3B4,Z_CANDIDATE,0.365234375,18892.314453125,18892.314453125,18892.6796875,18892.314453125,0.0,0.365234375,0.0
537,0x00079960,ROTATION_CANDIDATE,0.35630428791046,0.63567852973938,0.63930529356003,0.63827288150787,0.99820393323898,0.0036267638206482,0.0025943517684937,0.3625254034996
538,0x002DB5B8,Z_CANDIDATE,0.35475826263428,0.70711201429367,0.70711201429367,0.0,1.0594657659531,0.0,0.70711201429367,0.35235375165939
539,0x0020F390,Z_CANDIDATE,0.353515625,17659.6484375,17659.6484375,17659.294921875,17659.6484375,0.0,0.353515625,0.0
540,0x0020F3BC,Z_CANDIDATE,0.353515625,17659.6484375,17659.6484375,17659.294921875,17659.6484375,0.0,0.353515625,0.0
541,0x000D3C90,ROTATION_CANDIDATE,0.34480571746826,-2.5431723594666,-2.617600440979,-2.5431723594666,-2.1239385604858,0.074428081512451,0.0,0.41923379898071
542,0x000F8C88,X_CANDIDATE,0.33969571255147,0.0,-0.36159375309944,0.021510450169444,0.00038759037852287,0.36159375309944,0.021510450169444,0.00038759037852287
543,0x00079948,ROTATION_CANDIDATE,0.33968156040646,0.0020892478059977,0.0065583009272814,0.004701366648078,-0.34467348456383,0.0044690531212837,0.0026121188420802,0.34676273236983
544,0x000D38C0,ROTATION_CANDIDATE,0.33910991251469,-0.61922150850296,-0.52889078855515,-0.22163943946362,0.20780119299889,0.090330719947815,0.39758206903934,0.82702270150185
545,0x002D9788,Z_CANDIDATE,0.326416015625,0.7491455078125,0.70709228515625,0.35641479492188,0.72488403320313,0.04205322265625,0.39273071289063,0.024261474609375
546,0x000D3CA4,X_CANDIDATE,0.32601499557495,1.8190188407898,2.1490302085876,1.8170206546783,1.8170206546783,0.33001136779785,0.0019981861114502,0.0019981861114502
547,0x0005E67C,ROTATION_CANDIDATE,0.31436157226563,0.7491455078125,0.70709228515625,0.35641479492188,0.0,0.04205322265625,0.39273071289063,0.7491455078125
548,0x002D8FCC,ROTATION_CANDIDATE,0.310302734375,0.68460083007813,0.68460083007813,0.7491455078125,1.0594482421875,0.0,0.064544677734375,0.37484741210938
549,0x001F190C,Z_CANDIDATE,0.30859375,18892.314453125,18892.314453125,18892.623046875,18892.314453125,0.0,0.30859375,0.0
550,0x001F196C,Z_CANDIDATE,0.30859375,18912.314453125,18912.314453125,18912.623046875,18912.314453125,0.0,0.30859375,0.0
551,0x001F1974,Z_CANDIDATE,0.30859375,18892.314453125,18892.314453125,18892.623046875,18892.314453125,0.0,0.30859375,0.0
552,0x001F197C,Z_CANDIDATE,0.30859375,18872.314453125,18872.314453125,18872.623046875,18872.314453125,0.0,0.30859375,0.0
553,0x001F1984,Z_CANDIDATE,0.30859375,18892.314453125,18892.314453125,18892.623046875,18892.314453125,0.0,0.30859375,0.0
554,0x001F225C,ROTATION_CANDIDATE,0.30001831054688,351.84518432617,351.84518432617,351.84518432617,352.14520263672,0.0,0.0,0.30001831054688
555,0x001F1914,Z_CANDIDATE,0.271484375,17659.6484375,17659.6484375,17659.376953125,17659.6484375,0.0,0.271484375,0.0
556,0x001F1970,Z_CANDIDATE,0.271484375,17659.6484375,17659.6484375,17659.376953125,17659.6484375,0.0,0.271484375,0.0
557,0x001F1978,Z_CANDIDATE,0.271484375,17679.6484375,17679.6484375,17679.376953125,17679.6484375,0.0,0.271484375,0.0
558,0x001F1980,Z_CANDIDATE,0.271484375,17659.6484375,17659.6484375,17659.376953125,17659.6484375,0.0,0.271484375,0.0
559,0x001F1988,Z_CANDIDATE,0.271484375,17639.6484375,17639.6484375,17639.376953125,17639.6484375,0.0,0.271484375,0.0
560,0x002D90B0,Z_CANDIDATE,0.271484375,0.0,0.0,0.271484375,0.0,0.0,0.271484375,0.0
561,0x0006A120,Z_CANDIDATE,0.251953125,18892.314453125,18892.314453125,18892.56640625,18892.314453125,0.0,0.251953125,0.0
562,0x000D38F4,Z_CANDIDATE,0.25092434883118,2.975549697876,2.9644229412079,2.5846099853516,2.8466610908508,0.011126756668091,0.39093971252441,0.12888860702515
563,0x000D34C0,ROTATION_CANDIDATE,0.25076569803059,0.24999639391899,0.44999584555626,0.017426507547498,0.93333142995834,0.19999945163727,0.23256988637149,0.68333503603935
564,0x001F7E4C,ROTATION_CANDIDATE,0.25,0.0,0.5,0.0,0.75,0.5,0.0,0.75
565,0x001F7E60,Z_CANDIDATE,0.25,0.25,0.25,0.5,0.25,0.0,0.25,0.0
566,0x001F7E7C,Z_CANDIDATE,0.25,0.5,0.5,0.0,0.75,0.0,0.5,0.25
567,0x000F8C48,X_CANDIDATE,0.24617599509656,0.0,0.26807403564453,0.021510450169444,0.00038759037852287,0.26807403564453,0.021510450169444,0.00038759037852287
568,0x002F1D08,X_CANDIDATE,0.24184107780457,1.1513625383377,0.74915814399719,1.219829082489,1.0594657659531,0.40220439434052,0.068466544151306,0.091896772384644
569,0x002D9344,ROTATION_CANDIDATE,0.2373046875,0.73046875,0.3671875,0.6005859375,0.0,0.36328125,0.1298828125,0.73046875
570,0x000D3498,X_CANDIDATE,0.23265412449837,-0.14230360090733,0.56080651283264,0.32802632451057,-0.14242966473103,0.70311011373997,0.4703299254179,0.00012606382369995
571,0x000D3C74,Z_CANDIDATE,0.23123496770859,0.14754781126976,0.21902799606323,-0.65663409233093,-0.35391893982887,0.071480184793472,0.80418190360069,0.50146675109863
572,0x002D94F4,X_CANDIDATE,0.22933959960938,0.72488403320313,0.4534912109375,0.70709228515625,0.7491455078125,0.27139282226563,0.017791748046875,0.024261474609375
573,0x002F1C98,X_CANDIDATE,0.22621536254883,0.74915814399719,1.0594657659531,0.70711201429367,0.70711201429367,0.31030762195587,0.042046129703522,0.042046129703522
574,0x003B2ED0,ROTATION_CANDIDATE,0.21754282712936,-0.57807993888855,-0.99585008621216,0.15628737211227,0.79160034656525,0.41777014732361,0.73436731100082,1.3696802854538
575,0x001F207C,ROTATION_CANDIDATE,0.21630859375,5776.8916015625,5776.8916015625,5776.8916015625,5777.1079101563,0.0,0.0,0.21630859375
576,0x00286FAC,X_CANDIDATE,0.21347850566963,-0.010054621845484,-0.23510152101517,-0.011763632297516,-0.00019523879745975,0.22504689916968,0.0017090104520321,0.009859383048024
577,0x00079978,ROTATION_CANDIDATE,0.21089458465576,-0.76090544462204,-0.76352339982986,-0.76298326253891,-0.9764958024025,0.0026179552078247,0.0020778179168701,0.21559035778046
578,0x00286FA8,X_CANDIDATE,0.21004972676747,-0.010054621845484,-0.23119521141052,-0.011519491672516,-0.00042862887494266,0.22114058956504,0.0014648698270321,0.0096259929705411
579,0x00079950,ROTATION_CANDIDATE,0.20764899253845,0.55836129188538,0.5559406876564,0.56086772680283,0.3457852602005,0.0024206042289734,0.00250643491745,0.21257603168488
580,0x00286FA4,X_CANDIDATE,0.2066483523231,-0.010054621845484,-0.22728890180588,-0.011519487947226,-0.00093356030993164,0.21723427996039,0.0014648661017418,0.0091210615355521
581,0x00286FA0,X_CANDIDATE,0.20389474928379,-0.010298766195774,-0.22338253259659,-0.011275343596935,-0.0020863264799118,0.21308376640081,0.00097657740116119,0.0082124397158623
582,0x00286F9C,X_CANDIDATE,0.2002936322242,-0.010298766195774,-0.21947622299194,-0.011031202971935,-0.0021473783999681,0.20917745679617,0.00073243677616119,0.0081513877958059
583,0x000D35DC,X_CANDIDATE,0.20000457763672,103.70001220703,106.70001220703,104.50000762939,105.70001220703,3.0,0.79999542236328,2.0
584,0x000D3524,X_CANDIDATE,0.19999885559082,0.5,0.81578063964844,0.43684196472168,0.5526237487793,0.31578063964844,0.06315803527832,0.052623748779297
585,0x003B2E40,Z_CANDIDATE,0.19931793212891,-7.7209777832031,-7.7917404174805,-8.5480041503906,-8.2779235839844,0.070762634277344,0.8270263671875,0.55694580078125
586,0x00286F98,X_CANDIDATE,0.19248107727617,-0.010298766195774,-0.2116636633873,-0.011031199246645,-0.0021473793312907,0.20136489719152,0.0007324330508709,0.0081513868644834
587,0x0006A128,Z_CANDIDATE,0.189453125,17659.6484375,17659.6484375,17659.458984375,17659.6484375,0.0,0.189453125,0.0
588,0x00286F94,X_CANDIDATE,0.18857477139682,-0.010542906820774,-0.20775735378265,-0.010787054896355,-0.0021473793312907,0.19721444696188,0.0002441480755806,0.0083955274894834
589,0x000D38F0,Z_CANDIDATE,0.18793916702271,1.8043744564056,1.855003118515,2.1247553825378,1.8861875534058,0.050628662109375,0.3203809261322,0.081813097000122
590,0x00286F90,X_CANDIDATE,0.18491260241717,-0.010542910546064,-0.20385104417801,-0.010542910546064,-0.0021473793312907,0.19330813363194,0.0,0.0083955312147737
591,0x00286F8C,X_CANDIDATE,0.18082312867045,-0.010542910546064,-0.19994467496872,-0.010298769921064,-0.0022084154188633,0.18940176442266,0.000244140625,0.0083344951272011
592,0x002F1DE8,ROTATION_CANDIDATE,0.18035423755646,0.8141348361969,0.8141348361969,0.74915814399719,1.0594657659531,0.0,0.064976692199707,0.24533092975616
593,0x000D3554,Z_CANDIDATE,0.18001937866211,0.0,0.099992752075195,0.3800048828125,0.099992752075195,0.099992752075195,0.3800048828125,0.099992752075195
594,0x000D38D4,X_CANDIDATE,0.17842748016119,0.21369095146656,-0.30761140584946,0.44275704026222,0.099882163107395,0.52130235731602,0.22906608879566,0.11380878835917
595,0x00286F88,X_CANDIDATE,0.17618439346552,-0.010787051171064,-0.19603836536407,-0.010298766195774,-0.0022084154188633,0.18525131419301,0.0004882849752903,0.0085786357522011
596,0x003B2EE0,ROTATION_CANDIDATE,0.17609000205994,3.8599979877472,3.5985472202301,3.8105385303497,3.3729977607727,0.26145076751709,0.049459457397461,0.48700022697449
597,0x002D8E14,X_CANDIDATE,0.16815185546875,0.81411743164063,0.409423828125,0.68460083007813,0.70709228515625,0.40469360351563,0.1295166015625,0.10702514648438
598,0x00286F84,X_CANDIDATE,0.16812767833471,-0.010787054896355,-0.18822580575943,-0.010054621845484,-0.0022084154188633,0.17743875086308,0.0007324330508709,0.0085786394774914
599,0x00079940,ROTATION_CANDIDATE,0.16736277937889,0.43924143910408,0.44188389182091,0.43654432892799,0.26653909683228,0.0026424527168274,0.0026971101760864,0.1727023422718
600,0x00286F80,X_CANDIDATE,0.16403826419264,-0.010787054896355,-0.18431949615479,-0.0098104812204838,-0.0022694515064359,0.17353244125843,0.0009765736758709,0.0085176033899188
601,0x0005E670,ROTATION_CANDIDATE,0.16013646125793,1.9999949932098,1.9999949932098,1.9999949932098,1.8398585319519,0.0,0.0,0.16013646125793
602,0x00286F7C,X_CANDIDATE,0.15939952898771,-0.011031195521355,-0.18041318655014,-0.0098104774951935,-0.0022694515064359,0.16938199102879,0.0012207180261612,0.0087617440149188
603,0x00286F78,X_CANDIDATE,0.15524900425225,-0.011031199246645,-0.17650681734085,-0.0095663331449032,-0.0022694515064359,0.16547561809421,0.0014648661017418,0.0087617477402091
604,0x00286F74,X_CANDIDATE,0.15115958917886,-0.011031199246645,-0.17260050773621,-0.0093221925199032,-0.0023304866626859,0.16156930848956,0.0017090067267418,0.0087007125839591
605,0x00286F70,X_CANDIDATE,0.14627671428025,-0.011275339871645,-0.16869419813156,-0.0090780481696129,-0.0023304875940084,0.15741885825992,0.0021972917020321,0.0089448522776365
606,0x00286F6C,X_CANDIDATE,0.13846413977444,-0.011275343596935,-0.16088163852692,-0.0090780444443226,-0.0023304875940084,0.14960629492998,0.0021972991526127,0.0089448560029268
607,0x002D9418,X_CANDIDATE,0.13006591796875,0.7491455078125,1.0594482421875,0.70709228515625,0.6109619140625,0.310302734375,0.04205322265625,0.13818359375
608,0x002F1D78,ROTATION_CANDIDATE,0.12403160333633,0.68460565805435,0.43377715349197,0.68460565805435,1.0594657659531,0.25082850456238,0.0,0.37486010789871
609,0x000D38F8,Z_CANDIDATE,0.12288272380829,0.36135017871857,0.60294359922409,-0.36276489496231,0.0017112493515015,0.24159342050552,0.72411507368088,0.35963892936707
610,0x0005E678,Z_CANDIDATE,0.11750030517578,1.8122863769531,1.8017730712891,1.6782073974609,1.8062210083008,0.010513305664063,0.13407897949219,0.0060653686523438
611,0x002F1F00,ROTATION_CANDIDATE,0.11392110586166,0.96817135810852,0.96817135810852,0.72489470243454,0.61097359657288,0.0,0.24327665567398,0.35719776153564
612,0x003B2ED4,X_CANDIDATE,0.1054098661989,-0.77162164449692,-0.018093848600984,-0.22794857621193,-0.66717678308487,0.75352779589593,0.54367306828499,0.10444486141205
613,0x001F1AEC,ROTATION_CANDIDATE,0.099998474121094,1.2977752685547,1.2977752685547,2.4977722167969,2.597770690918,0.0,1.1999969482422,1.2999954223633
614,0x0020F558,Z_CANDIDATE,0.099998474121094,108.30001068115,108.30001068115,109.60000610352,109.50000762939,0.0,1.2999954223633,1.1999969482422
615,0x000F93C4,X_CANDIDATE,0.099712893366814,0.0,0.099712893366814,0.0,0.0,0.099712893366814,0.0,0.0
616,0x0006A154,ROTATION_CANDIDATE,0.099609375,16222.620117188,16222.620117188,16221.647460938,16221.547851563,0.0,0.97265625,1.072265625
617,0x001F1B48,ROTATION_CANDIDATE,0.099609375,16242.620117188,16242.620117188,16241.647460938,16241.547851563,0.0,0.97265625,1.072265625
618,0x001F1B50,ROTATION_CANDIDATE,0.099609375,16222.620117188,16222.620117188,16221.647460938,16221.547851563,0.0,0.97265625,1.072265625
619,0x001F1B58,ROTATION_CANDIDATE,0.099609375,16202.620117188,16202.620117188,16201.647460938,16201.547851563,0.0,0.97265625,1.072265625
620,0x001F1B60,ROTATION_CANDIDATE,0.099609375,16222.620117188,16222.620117188,16221.647460938,16221.547851563,0.0,0.97265625,1.072265625
621,0x0020F538,ROTATION_CANDIDATE,0.099609375,16222.620117188,16222.620117188,16221.647460938,16221.547851563,0.0,0.97265625,1.072265625
622,0x0020F554,ROTATION_CANDIDATE,0.099609375,16222.620117188,16222.620117188,16221.647460938,16221.547851563,0.0,0.97265625,1.072265625
623,0x0020F564,ROTATION_CANDIDATE,0.099609375,16222.620117188,16222.620117188,16221.647460938,16221.547851563,0.0,0.97265625,1.072265625
624,0x0020C490,X_CANDIDATE,0.0986328125,14205.616210938,14205.517578125,14205.616210938,14205.616210938,0.0986328125,0.0,0.0
625,0x003B45B4,X_CANDIDATE,0.095786333084106,0.74915814399719,1.0594657659531,0.70711201429367,0.57668298482895,0.31030762195587,0.042046129703522,0.17247515916824
626,0x000D38CC,X_CANDIDATE,0.091877609491348,-0.47453585267067,0.64840489625931,-0.18973830342293,0.27172973752022,1.12294074893,0.28479754924774,0.74626559019089
627,0x000D38E8,ROTATION_CANDIDATE,0.089274406433105,-2.2472760677338,-2.6298370361328,-2.2472760677338,-2.7191114425659,0.38256096839905,0.0,0.47183537483215
628,0x000F96D4,X_CANDIDATE,0.086381569504738,0.0,-0.086381569504738,0.0,0.0,0.086381569504738,0.0,0.0
629,0x000F8DC4,X_CANDIDATE,0.085954583249986,0.0,0.091908484697342,0.0046530961990356,0.0013008052483201,0.091908484697342,0.0046530961990356,0.0013008052483201
630,0x000D3918,X_CANDIDATE,0.078314732760191,0.032444316893816,-0.04972655698657,0.032444316893816,0.036300458014011,0.082170873880386,0.0,0.0038561411201954
631,0x000D38E4,X_CANDIDATE,0.077812790870667,-2.147885799408,-1.579225063324,-2.147885799408,-1.6570378541946,0.56866073608398,0.0,0.49084794521332
632,0x000D3E14,ROTATION_CANDIDATE,0.072696685791016,60.472221374512,60.471054077148,60.346393585205,60.272529602051,0.0011672973632813,0.12582778930664,0.19969177246094
633,0x0005E660,ROTATION_CANDIDATE,0.065745234489441,-1.5348011255264,1.762880563736,-1.5460338592529,1.8398585319519,3.2976816892624,0.011232733726501,3.3746596574783
634,0x000F9000,ROTATION_CANDIDATE,0.061647464637645,0.0,-0.0030198153108358,-0.0014623523456976,-0.066129632294178,0.0030198153108358,0.0014623523456976,0.066129632294178
635,0x000D3C3C,ROTATION_CANDIDATE,0.059141227742657,0.19499978423119,0.21514742076397,0.076170168817043,-0.0031186954583973,0.020147636532784,0.11882961541414,0.19811847968958
636,0x000D3DD4,ROTATION_CANDIDATE,0.059141227742657,0.19499978423119,0.21514742076397,0.076170168817043,-0.0031186954583973,0.020147636532784,0.11882961541414,0.19811847968958
637,0x000F9080,X_CANDIDATE,0.05874440819025,0.0,-0.073589980602264,-0.00064496695995331,-0.014200605452061,0.073589980602264,0.00064496695995331,0.014200605452061
638,0x000F8E08,X_CANDIDATE,0.058469004929066,0.0,-0.099430479109287,0.029107004404068,-0.011854469776154,0.099430479109287,0.029107004404068,0.011854469776154
639,0x000F8D84,X_CANDIDATE,0.058458443265408,0.0,-0.095688588917255,0.0045286198146641,-0.032701525837183,0.095688588917255,0.0045286198146641,0.032701525837183
640,0x000F9688,X_CANDIDATE,0.057335756719112,0.0,0.057335756719112,0.0,0.0,0.057335756719112,0.0,0.0
641,0x000F9608,X_CANDIDATE,0.054952152073383,0.0,0.054952152073383,0.0,0.0,0.054952152073383,0.0,0.0
642,0x000D3E54,ROTATION_CANDIDATE,0.053836822509766,60.466575622559,60.47188949585,60.340591430664,60.281440734863,0.0053138732910156,0.12598419189453,0.18513488769531
643,0x000F8DC8,Z_CANDIDATE,0.052614588290453,0.0,0.018713612109423,-0.08004904538393,-0.0087208449840546,0.018713612109423,0.08004904538393,0.0087208449840546
644,0x000D3C98,ROTATION_CANDIDATE,0.052034974098206,1.5328477621078,1.515421628952,1.5315098762512,1.6036467552185,0.017426133155823,0.0013378858566284,0.070798993110657
645,0x000D3C40,X_CANDIDATE,0.051112846238539,-0.023429816588759,-0.12540276348591,0.0037229110021144,-0.047137189656496,0.10197294689715,0.027152727590874,0.023707373067737
646,0x000D3DD8,X_CANDIDATE,0.051112845540047,-0.011249607428908,-0.11322255432606,0.015903120860457,-0.034956980496645,0.10197294689715,0.027152728289366,0.023707373067737
647,0x002D9420,X_CANDIDATE,0.046875,0.0,0.107421875,0.0,0.060546875,0.107421875,0.0,0.060546875
648,0x001052C4,ROTATION_CANDIDATE,0.046102303778753,-0.0019491401035339,0.0055554551072419,0.0029209167696536,0.056527815759182,0.0075045952107757,0.0048700568731874,0.058476955862716
649,0x001052F8,ROTATION_CANDIDATE,0.046102303778753,-0.0019491401035339,0.0055554551072419,0.0029209167696536,0.056527815759182,0.0075045952107757,0.0048700568731874,0.058476955862716
650,0x000D3434,ROTATION_CANDIDATE,0.045797958038747,-0.0019491401035339,0.00556003395468,0.0030506912153214,0.056357823312283,0.0075091740582138,0.0049998313188553,0.058306963415816
651,0x000F8AC4,ROTATION_CANDIDATE,0.045706582255661,-0.0020405349787325,0.0055600344203413,0.0030506902839988,0.056357841938734,0.0076005693990737,0.0050912252627313,0.058398376917467
652,0x000F8AF8,ROTATION_CANDIDATE,0.045706582255661,-0.0020405349787325,0.0055600344203413,0.0030506902839988,0.056357841938734,0.0076005693990737,0.0050912252627313,0.058398376917467
653,0x000F9040,ROTATION_CANDIDATE,0.044363170629367,0.0,-0.0012493135873228,-0.01727632433176,-0.06288880854845,0.0012493135873228,0.01727632433176,0.06288880854845
654,0x000D3480,X_CANDIDATE,0.041223510757845,0.0,-0.041712909936905,0.00010093146556756,0.00038846771349199,0.041712909936905,0.00010093146556756,0.00038846771349199
655,0x000F8E80,Z_CANDIDATE,0.039874898269773,0.0,-0.0054305978119373,0.057022493332624,0.011716997250915,0.0054305978119373,0.057022493332624,0.011716997250915
656,0x001E8D54,X_CANDIDATE,0.038660285063088,0.089328028261662,0.009963090531528,0.10759694874287,0.066892296075821,0.079364937730134,0.018268920481205,0.022435732185841
657,0x001E8D6C,X_CANDIDATE,0.03855723887682,-0.089089877903461,-0.0099365264177322,-0.1073100939393,-0.066713981330395,0.079153351485729,0.018220216035843,0.022375896573067
658,0x000F8C08,X_CANDIDATE,0.037426363676786,0.0,0.071860179305077,-0.034046225249767,0.00038759037852287,0.071860179305077,0.034046225249767,0.00038759037852287
659,0x000F9194,X_CANDIDATE,0.036276457831264,0.0,-0.087129704654217,0.03971054777503,-0.011142699047923,0.087129704654217,0.03971054777503,0.011142699047923
660,0x000F8EC8,Z_CANDIDATE,0.036211031023413,0.0,-0.0052254325710237,-0.062068365514278,0.020631901919842,0.0052254325710237,0.062068365514278,0.020631901919842
661,0x002F1EC8,Z_CANDIDATE,0.033468306064606,0.8141348361969,0.5753521323204,1.1513625383377,0.74915814399719,0.2387827038765,0.33722770214081,0.064976692199707
662,0x002F1E58,Z_CANDIDATE,0.030882209539413,1.0867387056351,0.74915814399719,0.35643193125725,0.72489470243454,0.33758056163788,0.73030677437782,0.36184400320053
663,0x000D3CC0,ROTATION_CANDIDATE,0.030509687960148,-0.029500633478165,0.0092014074325562,-0.029500633478165,0.039711095392704,0.038702040910721,0.0,0.069211728870869
664,0x000D3E38,ROTATION_CANDIDATE,0.030320699792355,0.0068932739086449,0.016776880249381,-0.03107357211411,0.085064426064491,0.0098836063407362,0.037966846022755,0.078171152155846
665,0x000D3DF8,ROTATION_CANDIDATE,0.029837630223483,0.007364007178694,0.016619328409433,-0.030993329361081,0.084814295172691,0.0092553212307394,0.038357336539775,0.077450287993997
666,0x000F9614,X_CANDIDATE,0.028640728443861,0.0,-0.028640728443861,0.0,0.0,0.028640728443861,0.0,0.0
667,0x001F25D0,ROTATION_CANDIDATE,0.027488939464092,0.0,0.0,0.0,0.027488939464092,0.0,0.0,0.027488939464092
668,0x000D3CEC,X_CANDIDATE,0.02746404428035,-0.026051377877593,0.015813589096069,-0.026051377877593,-0.011650455184281,0.041864966973662,0.0,0.014400922693312
669,0x000F8CC4,ROTATION_CANDIDATE,0.026500010862947,0.0,0.02243466489017,0.081387631595135,0.13032230734825,0.02243466489017,0.081387631595135,0.13032230734825
670,0x000D3CF8,Z_CANDIDATE,0.026185108348727,0.010144484229386,0.011296761222184,-0.033710349351168,0.026661932468414,0.0011522769927979,0.043854833580554,0.016517448239028
671,0x000D3AAC,X_CANDIDATE,0.025585174560547,37.213447570801,37.668121337891,37.35710144043,36.9280128479,0.45467376708984,0.14365386962891,0.28543472290039
672,0x000D3CBC,ROTATION_CANDIDATE,0.02468989737099,-0.026901811361313,-0.028847170993686,-0.026901811361313,-0.00026655435794964,0.0019453596323729,0.0,0.026635257003363
673,0x0028722C,X_CANDIDATE,0.024322023673449,-0.0010431567206979,-0.026457242667675,-0.0012873010709882,-0.00019523879745975,0.025414085946977,0.0002441443502903,0.00084791792323813
674,0x00287228,X_CANDIDATE,0.023864247079473,-0.0010736742988229,-0.025968946516514,-0.0012567830272019,-0.00022575788898394,0.024895272217691,0.00018310872837901,0.00084791640983894
675,0x000F91C8,ROTATION_CANDIDATE,0.023739136755466,0.0,-0.0059140026569366,0.062924303114414,-0.092577442526817,0.0059140026569366,0.062924303114414,0.092577442526817
676,0x000F9114,Z_CANDIDATE,0.023495563305914,0.0,0.0095119038596749,0.044150166213512,-0.011142699047923,0.0095119038596749,0.044150166213512,0.011142699047923
677,0x00287224,X_CANDIDATE,0.023410290188622,-0.0010736747644842,-0.025480657815933,-0.0012262654490769,-0.00022957258624956,0.024406983051449,0.00015259068459272,0.00084410217823461
678,0x002D90A8,ROTATION_CANDIDATE,0.0225830078125,0.7491455078125,0.7491455078125,0.7491455078125,0.7265625,0.0,0.0,0.0225830078125
679,0x00287220,X_CANDIDATE,0.02243372076191,-0.0010736747644842,-0.024504087865353,-0.0012262649834156,-0.00022957264445722,0.023430413100868,0.00015259021893144,0.00084410212002695
680,0x000F9010,Z_CANDIDATE,0.022302787750959,0.0,0.0036605019122362,0.040038730949163,0.014075441285968,0.0036605019122362,0.040038730949163,0.014075441285968
681,0x000D3C38,X_CANDIDATE,0.022268414497375,-2.1250772476196,-1.8378870487213,-1.9510432481766,-2.2159650325775,0.28719019889832,0.17403399944305,0.090887784957886
682,0x000D3DD0,X_CANDIDATE,0.022268414497375,-2.1250772476196,-1.8378870487213,-1.9510432481766,-2.2159650325775,0.28719019889832,0.17403399944305,0.090887784957886
683,0x0028721C,X_CANDIDATE,0.021945432526991,-0.0011041923426092,-0.024015799164772,-0.0011957469396293,-0.00022957264445722,0.022911606822163,9.1554597020149e-05,0.00087461969815195
684,0x000D3914,X_CANDIDATE,0.021657113567926,0.0076488638296723,0.035126380622387,0.0076488638296723,0.0018284606048837,0.027477516792715,0.0,0.0058204032247886
685,0x00287218,X_CANDIDATE,0.021487660938874,-0.0011041928082705,-0.023527510464191,-0.0011652293615043,-0.00022957264445722,0.022423317655921,6.1036553233862e-05,0.00087462016381323
686,0x00287214,X_CANDIDATE,0.021033697586972,-0.0011041928082705,-0.02303921431303,-0.001134711317718,-0.00023338739993051,0.02193502150476,3.0518509447575e-05,0.00087080540833995
687,0x000F8C84,X_CANDIDATE,0.020923383883201,0.0,0.022298652678728,-0.0011852307943627,-0.00019003800116479,0.022298652678728,0.0011852307943627,0.00019003800116479
688,0x001E8D4C,ROTATION_CANDIDATE,0.020744094625115,-0.063283793628216,-0.10901865363121,0.020179955288768,0.086658909916878,0.045734860002995,0.083463748916984,0.14994270354509
689,0x001E8D74,ROTATION_CANDIDATE,0.020688865333796,-0.063115082681179,-0.10872796922922,0.020126152783632,0.08642790466547,0.045612886548042,0.083241235464811,0.14954298734665
690,0x00287210,X_CANDIDATE,0.020514891773928,-0.0011347103863955,-0.02255092561245,-0.0011347108520567,-0.00023338739993051,0.021416215226054,4.6566128730774e-10,0.00090132298646495
691,0x0028720C,X_CANDIDATE,0.0195078033139,-0.0011347108520567,-0.021574355661869,-0.0011041928082705,-0.00023338739993051,0.020439644809812,3.0518043786287e-05,0.00090132345212623
692,0x000D3FE0,X_CANDIDATE,0.019504189491272,1.9999989271164,2.0399947166443,2.0046260356903,2.0158634185791,0.039995789527893,0.0046271085739136,0.015864491462708
693,0x00287208,X_CANDIDATE,0.018992811790667,-0.0011347108520567,-0.021086066961288,-0.0010736752301455,-0.00023720215540379,0.019951356109232,6.1035621911287e-05,0.00089750869665295
694,0x000F9288,X_CANDIDATE,0.018856295384467,0.0,-0.073136262595654,0.043162554502487,-0.0111174127087,0.073136262595654,0.043162554502487,0.0111174127087
695,0x00287204,X_CANDIDATE,0.018412969890051,-0.0011652284301817,-0.020597778260708,-0.0010736747644842,-0.00023720215540379,0.019432549830526,9.1553665697575e-05,0.00092802627477795
696,0x00287200,X_CANDIDATE,0.017894154298119,-0.001165228895843,-0.020109482109547,-0.0010431567206979,-0.00023720215540379,0.018944253213704,0.00012207217514515,0.00092802674043924
697,0x000D3A18,ROTATION_CANDIDATE,0.017540014348924,-0.042272407561541,-0.037967648357153,-0.022608038038015,-0.00076326448470354,0.0043047592043877,0.019664369523525,0.041509143076837
698,0x000F9290,Z_CANDIDATE,0.017408518120646,0.0,-0.0044468343257904,0.044970065355301,-0.023114712908864,0.0044468343257904,0.044970065355301,0.023114712908864
699,0x002871FC,X_CANDIDATE,0.017379162716679,-0.001165228895843,-0.019621193408966,-0.0010126391425729,-0.00024101685266942,0.018455964513123,0.00015258975327015,0.00092421204317361
700,0x000F9180,X_CANDIDATE,0.017341391183436,0.0,0.084444545209408,-0.060660056769848,0.006443097256124,0.084444545209408,0.060660056769848,0.006443097256124
701,0x000F8AA4,ROTATION_CANDIDATE,0.017268486320972,-0.068793021142483,-0.065852105617523,-0.071680895984173,-0.045695744454861,0.0029409155249596,0.0028878748416901,0.023097276687622
702,0x000F8AF0,ROTATION_CANDIDATE,0.017268486320972,-0.068793021142483,-0.065852105617523,-0.071680895984173,-0.045695744454861,0.0029409155249596,0.0028878748416901,0.023097276687622
703,0x000D342C,ROTATION_CANDIDATE,0.017249368131161,-0.06877388805151,-0.065852113068104,-0.071680903434753,-0.045695729553699,0.0029217749834061,0.0029070153832436,0.02307815849781
704,0x001052A4,ROTATION_CANDIDATE,0.017093636095524,-0.068773880600929,-0.065850712358952,-0.071778148412704,-0.045752808451653,0.0029231682419777,0.0030042678117752,0.023021072149277
705,0x001052F0,ROTATION_CANDIDATE,0.017093636095524,-0.068773880600929,-0.065850712358952,-0.071778148412704,-0.045752808451653,0.0029231682419777,0.0030042678117752,0.023021072149277
706,0x000D389C,ROTATION_CANDIDATE,0.016955498605967,-0.030961083248258,-0.026444545015693,-0.011081974953413,0.010390061885118,0.0045165382325649,0.019879108294845,0.041351145133376
707,0x000D3A00,ROTATION_CANDIDATE,0.016955090686679,0.043037734925747,0.038370363414288,0.02255062200129,0.00092815980315208,0.0046673715114594,0.020487112924457,0.042109575122595
708,0x000D3920,X_CANDIDATE,0.01661308016628,0.035637557506561,-0.032355129718781,-0.015515648759902,0.03586395829916,0.067992687225342,0.051153206266463,0.00022640079259872
709,0x002871F8,X_CANDIDATE,0.016280522046145,-0.001195746473968,-0.018644623458385,-0.00098212109878659,-0.00024101691087708,0.017448876984417,0.00021362537518144,0.00095472956309095
710,0x002871F4,X_CANDIDATE,0.015792231482919,-0.0011957469396293,-0.018156334757805,-0.00098212063312531,-0.00024101691087708,0.016960587818176,0.00021362630650401,0.00095473002875224
711,0x000D3DB0,Z_CANDIDATE,0.015453361906111,-0.0094615397974849,-0.011070067062974,0.033977009356022,0.016915120184422,0.0016085272654891,0.043438549153507,0.026376659981906
712,0x002871F0,X_CANDIDATE,0.015285904693883,-0.0011957469396293,-0.017668046057224,-0.00096408254466951,-0.00024101691087708,0.016472299117595,0.00023166439495981,0.00095473002875224
713,0x000D3A50,ROTATION_CANDIDATE,0.015188296325505,-0.026343399658799,0.039359461516142,-0.006461258046329,0.074429899454117,0.065702861174941,0.01988214161247,0.10077329911292
714,0x000D331C,X_CANDIDATE,0.014892578125,602.75592041016,602.72576904297,602.75421142578,602.74237060547,0.0301513671875,0.001708984375,0.0135498046875
715,0x000D3A90,ROTATION_CANDIDATE,0.014779226854444,-0.026589825749397,0.039448380470276,-0.0065710488706827,0.074246384203434,0.066038206219673,0.020018776878715,0.10083620995283
716,0x002871EC,X_CANDIDATE,0.014695310266688,-0.0012262645177543,-0.017179757356644,-0.00094882375560701,-0.00024552270770073,0.015953492838889,0.00027744076214731,0.00098074181005359
717,0x003B3408,X_CANDIDATE,0.014557118760422,-0.0022002477198839,0.014898575842381,0.0,-0.0018587906379253,0.017098823562264,0.0022002477198839,0.00034145708195865
718,0x0020C498,X_CANDIDATE,0.013916015625,1361.0684814453,1361.0823974609,1361.0684814453,1361.0684814453,0.013916015625,0.0,0.0
719,0x000D3C6C,Z_CANDIDATE,0.013304434716702,0.64364856481552,0.034040801227093,-0.31418463587761,0.97856956720352,0.60960776358843,0.95783320069313,0.334921002388
720,0x000D3DA4,Z_CANDIDATE,0.013062231242657,-0.0084186038002372,-0.01102036703378,0.033607266843319,0.01794327236712,0.0026017632335424,0.042025870643556,0.026361876167357
721,0x000D3C50,Z_CANDIDATE,0.011561752762645,0.0073773921467364,0.010951402597129,-0.032831713557243,-0.017695950344205,0.003574010450393,0.04020910570398,0.025073342490941
722,0x000D3A6C,X_CANDIDATE,0.011356353759766,37.217529296875,37.67024230957,37.365558624268,36.924201965332,0.45271301269531,0.14802932739258,0.29332733154297
723,0x000D3FCC,ROTATION_CANDIDATE,0.011145293712616,0.15896701812744,0.15086586773396,-0.13992320001125,-0.15916964411736,0.008101150393486,0.29889021813869,0.3181366622448
724,0x000D34A0,Z_CANDIDATE,0.01113704033196,-0.089354321360588,-0.026508333161473,0.16869883239269,-0.27342444658279,0.062845988199115,0.25805315375328,0.18407012522221
725,0x000F8D44,Z_CANDIDATE,0.01065018447116,0.0,0.0059604509733617,0.025082668289542,-0.0084720328450203,0.0059604509733617,0.025082668289542,0.0084720328450203
726,0x000F91C0,X_CANDIDATE,0.0095195826143026,0.0,0.04963481426239,-0.022311840206385,0.017803391441703,0.04963481426239,0.022311840206385,0.017803391441703
727,0x000D38B0,X_CANDIDATE,0.0089213754981756,0.010684549808502,-0.015380574390292,0.022137857973576,0.0049941092729568,0.026065124198794,0.011453308165073,0.0056904405355453
728,0x0006A15C,Z_CANDIDATE,0.0078125,20307.0,20307.0,20308.931640625,20308.923828125,0.0,1.931640625,1.923828125
729,0x001F1B4C,Z_CANDIDATE,0.0078125,20307.0,20307.0,20308.931640625,20308.923828125,0.0,1.931640625,1.923828125
730,0x001F1B54,Z_CANDIDATE,0.0078125,20327.0,20327.0,20328.931640625,20328.923828125,0.0,1.931640625,1.923828125
731,0x001F1B5C,Z_CANDIDATE,0.0078125,20307.0,20307.0,20308.931640625,20308.923828125,0.0,1.931640625,1.923828125
732,0x001F1B64,Z_CANDIDATE,0.0078125,20287.0,20287.0,20288.931640625,20288.923828125,0.0,1.931640625,1.923828125
733,0x0020F540,Z_CANDIDATE,0.0078125,20307.0,20307.0,20308.931640625,20308.923828125,0.0,1.931640625,1.923828125
734,0x0020F55C,Z_CANDIDATE,0.0078125,20307.0,20307.0,20308.931640625,20308.923828125,0.0,1.931640625,1.923828125
735,0x0020F56C,Z_CANDIDATE,0.0078125,20307.0,20307.0,20308.931640625,20308.923828125,0.0,1.931640625,1.923828125
736,0x000F9214,X_CANDIDATE,0.0077853761613369,0.0,-0.027986276894808,-0.001281188800931,-0.01891971193254,0.027986276894808,0.001281188800931,0.01891971193254
737,0x000D5EE0,ROTATION_CANDIDATE,0.0076942383748246,-0.00012208191037644,-0.00012208191037644,-0.00012208191037644,-0.0078163202852011,0.0,0.0,0.0076942383748246
738,0x000D5F30,ROTATION_CANDIDATE,0.0076942383748246,-0.00012208191037644,-0.00012208191037644,-0.00012208191037644,-0.0078163202852011,0.0,0.0,0.0076942383748246
739,0x000D5F80,ROTATION_CANDIDATE,0.0076942383748246,-0.00012208191037644,-0.00012208191037644,-0.00012208191037644,-0.0078163202852011,0.0,0.0,0.0076942383748246
740,0x000D6160,Z_CANDIDATE,0.0076942383748246,-0.0078163202852011,-0.0078163202852011,-0.00012208191037644,-0.0078163202852011,0.0,0.0076942383748246,0.0
741,0x000D61B0,Z_CANDIDATE,0.0076942383748246,-0.0078163202852011,-0.0078163202852011,-0.00012208191037644,-0.0078163202852011,0.0,0.0076942383748246,0.0
742,0x000D6200,Z_CANDIDATE,0.0076942383748246,-0.0078163202852011,-0.0078163202852011,-0.00012208191037644,-0.0078163202852011,0.0,0.0076942383748246,0.0
743,0x000D6250,Z_CANDIDATE,0.0076942383748246,-0.0078163202852011,-0.0078163202852011,-0.00012208191037644,-0.0078163202852011,0.0,0.0076942383748246,0.0
744,0x000D6510,ROTATION_CANDIDATE,0.0076942383748246,-0.00012208191037644,-0.00012208191037644,-0.00012208191037644,-0.0078163202852011,0.0,0.0,0.0076942383748246
745,0x000E76E0,ROTATION_CANDIDATE,0.0076942383748246,-0.00012208191037644,-0.00012208191037644,-0.00012208191037644,-0.0078163202852011,0.0,0.0,0.0076942383748246
746,0x000E7730,ROTATION_CANDIDATE,0.0076942383748246,-0.00012208191037644,-0.00012208191037644,-0.00012208191037644,-0.0078163202852011,0.0,0.0,0.0076942383748246
747,0x000E7780,ROTATION_CANDIDATE,0.0076942383748246,-0.00012208191037644,-0.00012208191037644,-0.00012208191037644,-0.0078163202852011,0.0,0.0,0.0076942383748246
748,0x000E7960,Z_CANDIDATE,0.0076942383748246,-0.0078163202852011,-0.0078163202852011,-0.00012208191037644,-0.0078163202852011,0.0,0.0076942383748246,0.0
749,0x000E79B0,Z_CANDIDATE,0.0076942383748246,-0.0078163202852011,-0.0078163202852011,-0.00012208191037644,-0.0078163202852011,0.0,0.0076942383748246,0.0
750,0x000E7A00,Z_CANDIDATE,0.0076942383748246,-0.0078163202852011,-0.0078163202852011,-0.00012208191037644,-0.0078163202852011,0.0,0.0076942383748246,0.0
751,0x000E7A50,Z_CANDIDATE,0.0076942383748246,-0.0078163202852011,-0.0078163202852011,-0.00012208191037644,-0.0078163202852011,0.0,0.0076942383748246,0.0
752,0x000E7D88,ROTATION_CANDIDATE,0.0076942383748246,-0.00012208191037644,-0.00012208191037644,-0.00012208191037644,-0.0078163202852011,0.0,0.0,0.0076942383748246
753,0x000D65B8,ROTATION_CANDIDATE,0.0076913773518754,-0.0078153666108847,-0.0078153666108847,-0.0078172739595175,-0.00012208191037644,0.0,1.9073486328125e-06,0.0076932847005082
754,0x000D8850,ROTATION_CANDIDATE,0.0073288584244438,-0.00048841553507373,-0.00048841553507373,-0.00048841553507373,-0.0078172739595175,0.0,0.0,0.0073288584244438
755,0x000D6590,ROTATION_CANDIDATE,0.0073277408955619,-0.0078163202852011,-0.0078163202852011,-0.0078163202852011,-0.0004885793896392,0.0,0.0,0.0073277408955619
756,0x000D6680,Z_CANDIDATE,0.0073277408955619,-0.0078172739595175,-0.0078163202852011,-0.0004885793896392,-0.0078172739595175,9.5367431640625e-07,0.0073286945698783,0.0
757,0x000D6F80,ROTATION_CANDIDATE,0.0073258335469291,-0.0078153666108847,-0.0078163202852011,-0.0078153666108847,-0.0004885793896392,9.5367431640625e-07,0.0,0.0073267872212455
758,0x000E8780,ROTATION_CANDIDATE,0.0073258335469291,-0.0078153666108847,-0.0078163202852011,-0.0078153666108847,-0.0004885793896392,9.5367431640625e-07,0.0,0.0073267872212455
759,0x000E8D40,X_CANDIDATE,0.0073248798726127,-0.0078153666108847,-0.0004885793896392,-0.0078172739595175,-0.0078153666108847,0.0073267872212455,1.9073486328125e-06,0.0
760,0x000D3484,X_CANDIDATE,0.00732421875,2290.2058105469,2290.19140625,2290.205078125,2290.1994628906,0.014404296875,0.000732421875,0.00634765625
761,0x000D8898,ROTATION_CANDIDATE,0.007324023055844,-0.00048848998267204,-0.00048848998267204,-0.00048848998267204,-0.007812513038516,0.0,0.0,0.007324023055844
762,0x000D6730,X_CANDIDATE,0.0069574305816786,-0.0004885793896392,-0.0078125074505806,-0.0004885793896392,-0.00012208191037644,0.0073239280609414,0.0,0.00036649747926276
763,0x000D394C,X_CANDIDATE,0.0065032136626542,0.0086935041472316,0.02993137948215,0.0086935041472316,-0.0060411575250328,0.021237875334918,0.0,0.014734661672264
764,0x000D39FC,X_CANDIDATE,0.0061021894216537,0.023365452885628,-0.033390652388334,0.0094927540048957,-0.013415764085948,0.056756105273962,0.013872698880732,0.036781216971576
765,0x000F94D4,X_CANDIDATE,0.0057630185037851,0.0,0.0057630185037851,0.0,0.0,0.0057630185037851,0.0,0.0
766,0x000F9514,X_CANDIDATE,0.0057630185037851,0.0,0.0057630185037851,0.0,0.0,0.0057630185037851,0.0,0.0
767,0x000F9594,X_CANDIDATE,0.0057630185037851,0.0,0.0057630185037851,0.0,0.0,0.0057630185037851,0.0,0.0
768,0x000F8BD0,X_CANDIDATE,0.0056951947335619,0.0,0.0064950077794492,0.0003980991023127,0.00040171394357458,0.0064950077794492,0.0003980991023127,0.00040171394357458
769,0x000D71F8,ROTATION_CANDIDATE,0.0054957438987913,-0.0004885793896392,-0.00012208191037644,-0.001954078907147,-0.0078163202852011,0.00036649747926276,0.0014654995175079,0.0073277408955619
770,0x000E89F8,ROTATION_CANDIDATE,0.0054957438987913,-0.0004885793896392,-0.00012208191037644,-0.001954078907147,-0.0078163202852011,0.00036649747926276,0.0014654995175079,0.0073277408955619
771,0x000D3A7C,X_CANDIDATE,0.0051505053415895,0.027873521670699,-0.036705836653709,0.0079538263380527,-0.011635635979474,0.064579358324409,0.019919695332646,0.039509157650173
772,0x000D3A08,X_CANDIDATE,0.0050537474453449,0.024723157286644,-0.033847860991955,0.0093551985919476,-0.013426154851913,0.058571018278599,0.015367958694696,0.038149312138557
773,0x000D3A3C,X_CANDIDATE,0.0049084611237049,0.027604546397924,-0.036557663232088,0.0078624105080962,-0.011907066218555,0.064162209630013,0.019742135889828,0.039511612616479
774,0x000D3D00,Z_CANDIDATE,0.0047048616688699,-0.021736232563853,-0.0026067823637277,0.017782211303711,-0.0060521005652845,0.019129450200126,0.039518443867564,0.015684131998569
775,0x000D38A8,X_CANDIDATE,0.0045938799157739,-0.023726798593998,0.032420251518488,-0.0094869174063206,0.013586490415037,0.056147050112486,0.014239881187677,0.037313289009035
776,0x000D396C,X_CANDIDATE,0.0045398473739624,0.68465209007263,0.99011325836182,0.88659018278122,0.78363531827927,0.30546116828918,0.20193809270859,0.098983228206635
777,0x000D34C8,ROTATION_CANDIDATE,0.0037292627966963,-0.0025529717095196,-0.0014754965668544,-0.00080280430847779,-0.0091098770499229,0.0010774751426652,0.0017501674010418,0.0065569053404033
778,0x000F9254,X_CANDIDATE,0.0035238228738308,0.0,0.098569765686989,0.061608385294676,0.033437557518482,0.098569765686989,0.061608385294676,0.033437557518482
779,0x002F1E90,ROTATION_CANDIDATE,0.0033338665962219,0.72489470243454,0.40943160653114,0.57568448781967,0.25688752532005,0.3154630959034,0.14921021461487,0.46800717711449
780,0x00079964,X_CANDIDATE,0.0032587125897408,0.045327540487051,0.037914898246527,0.043681975454092,0.047835905104876,0.0074126422405243,0.001645565032959,0.0025083646178246
781,0x000D3CF4,ROTATION_CANDIDATE,0.0031444430351257,0.044195290654898,0.04269402846694,0.044195290654898,0.048840995877981,0.0015012621879578,0.0,0.0046457052230835
782,0x001052B0,X_CANDIDATE,0.0025292409118265,-0.0014249148080125,0.0057734698057175,0.003225130494684,-0.0014058164088055,0.00719838461373,0.0046500453026965,1.9098399206996e-05
783,0x001052E4,X_CANDIDATE,0.0025292409118265,-0.0014249148080125,0.0057734698057175,0.003225130494684,-0.0014058164088055,0.00719838461373,0.0046500453026965,1.9098399206996e-05
784,0x000F8AB0,X_CANDIDATE,0.0023962249979377,-0.0015131419058889,0.0057835467159748,0.0033487167675048,-0.0014745369553566,0.0072966886218637,0.0048618586733937,3.8604950532317e-05
785,0x000F8AE4,X_CANDIDATE,0.0023962249979377,-0.0015131419058889,0.0057835467159748,0.0033487167675048,-0.0014745369553566,0.0072966886218637,0.0048618586733937,3.8604950532317e-05
786,0x000D3474,X_CANDIDATE,0.0023265392519534,-0.001423034700565,0.0056080599315464,0.0032802601344883,-0.0014242952456698,0.0070310946321115,0.0047032948350534,1.2605451047421e-06
787,0x000D3488,Z_CANDIDATE,0.0022438713349402,0.0,0.0,0.0022438713349402,0.0,0.0,0.0022438713349402,0.0
788,0x000D34F0,ROTATION_CANDIDATE,0.00166068400722,-0.0031192069873214,-0.0043535535223782,-0.0016168196452782,-0.0075166248716414,0.0012343465350568,0.0015023873420432,0.00439741788432
789,0x000D3328,X_CANDIDATE,0.0014877319335938,60.275608062744,60.272590637207,60.275436401367,60.274250030518,0.0030174255371094,0.00017166137695313,0.0013580322265625
790,0x000F8C10,X_CANDIDATE,0.0014665364578832,0.0,0.0022663495037705,0.0003980991023127,0.00040171394357458,0.0022663495037705,0.0003980991023127,0.00040171394357458
791,0x001E8DD0,Z_CANDIDATE,0.0013089952990413,0.0,-0.0030543273314834,-0.0043633226305246,0.0,0.0030543273314834,0.0043633226305246,0.0
792,0x000D3FD0,ROTATION_CANDIDATE,0.0013053511502221,0.00093928340356797,0.0016172637697309,0.0008243111660704,-0.0011590203503147,0.00067798036616296,0.00011497223749757,0.0020983037538826
793,0x000D3DE4,Z_CANDIDATE,0.00118472520262,-0.0048268549144268,-0.014908435754478,0.032059531658888,0.020793225616217,0.010081580840051,0.036886386573315,0.025620080530643
794,0x000D3DC4,Z_CANDIDATE,0.0010313350940123,-0.032343745231628,-0.0019164547557011,0.015626644715667,-0.048855509608984,0.030427290475927,0.047970389947295,0.016511764377356
795,0x000F8C50,X_CANDIDATE,0.0010168601293117,0.0,0.0022632591426373,-0.00084468506975099,0.00040171394357458,0.0022632591426373,0.00084468506975099,0.00040171394357458
796,0x000D3F20,X_CANDIDATE,0.00097520649433136,0.099999971687794,0.10199975967407,0.10023132711649,0.10079319775105,0.0019997879862785,0.00023135542869568,0.0007932260632515
797,0x000D3FDC,X_CANDIDATE,0.00091338157653809,0.083333313465118,0.085393607616425,0.083662949502468,0.084150590002537,0.0020602941513062,0.0003296360373497,0.00081727653741837
798,0x000D3C48,Z_CANDIDATE,0.00066522136330605,0.032182436436415,0.0017020404338837,-0.015709236264229,0.048928491771221,0.030480396002531,0.047891672700644,0.016746055334806
799,0x000D3E24,Z_CANDIDATE,0.0006327060982585,-0.0043621407821774,-0.015047891065478,0.032135356217623,0.020816899836063,0.010685750283301,0.0364974969998,0.025179040618241
800,0x0006D24C,X_CANDIDATE,0.000579833984375,60.312156677246,60.310981750488,60.312110900879,60.31160736084,0.0011749267578125,4.57763671875e-05,0.00054931640625
801,0x000D336C,X_CANDIDATE,0.000579833984375,60.312156677246,60.310981750488,60.312110900879,60.31160736084,0.0011749267578125,4.57763671875e-05,0.00054931640625
802,0x00105314,X_CANDIDATE,0.000579833984375,60.275615692139,60.274440765381,60.275569915771,60.275066375732,0.0011749267578125,4.57763671875e-05,0.00054931640625
803,0x000D34E4,Z_CANDIDATE,0.00053937727352604,0.00073498889105394,0.0081216460093856,0.0086876852437854,0.0007616508519277,0.0073866571183316,0.0079526963527314,2.6661960873753e-05
804,0x000D33F0,X_CANDIDATE,0.000518798828125,60.312156677246,60.311149597168,60.312110900879,60.311714172363,0.001007080078125,4.57763671875e-05,0.0004425048828125
805,0x000D3418,X_CANDIDATE,0.000518798828125,60.275615692139,60.274608612061,60.275569915771,60.275173187256,0.001007080078125,4.57763671875e-05,0.0004425048828125
806,0x000D3460,X_CANDIDATE,0.000518798828125,160.31439208984,160.31338500977,160.31434631348,160.31394958496,0.001007080078125,4.57763671875e-05,0.0004425048828125
807,0x000D591C,X_CANDIDATE,0.000518798828125,167.31439208984,167.31338500977,167.31434631348,167.31394958496,0.001007080078125,4.57763671875e-05,0.0004425048828125
808,0x000F8B14,X_CANDIDATE,0.000518798828125,60.275615692139,60.274608612061,60.275569915771,60.275173187256,0.001007080078125,4.57763671875e-05,0.0004425048828125
809,0x000D8E30,ROTATION_CANDIDATE,0.00048856443027034,0.0,0.0,0.0,-0.00048856443027034,0.0,0.0,0.00048856443027034
810,0x000EA590,ROTATION_CANDIDATE,0.00048856443027034,0.0,0.0,0.0,-0.00048856443027034,0.0,0.0,0.00048856443027034
811,0x000D8E38,ROTATION_CANDIDATE,0.00048851972678676,0.0,0.0,0.0,-0.00048851972678676,0.0,0.0,0.00048851972678676
812,0x000D8E28,ROTATION_CANDIDATE,0.00048837077338248,0.0,0.0,0.0,-0.00048837077338248,0.0,0.0,0.00048837077338248
813,0x000EA040,ROTATION_CANDIDATE,0.00036650904803537,-0.00012207034160383,-0.00012207034160383,-0.00012207034160383,-0.0004885793896392,0.0,0.0,0.00036650904803537
814,0x000D6560,ROTATION_CANDIDATE,0.00036649747926276,-0.0004885793896392,-0.0004885793896392,-0.0004885793896392,-0.00012208191037644,0.0,0.0,0.00036649747926276
815,0x000D8868,ROTATION_CANDIDATE,0.00036649747926276,-0.00012208191037644,-0.00012208191037644,-0.00012208191037644,-0.0004885793896392,0.0,0.0,0.00036649747926276
816,0x000D89C0,ROTATION_CANDIDATE,0.00036648251989391,-0.00012208191037644,-0.00012208191037644,-0.00012208191037644,-0.00048856443027034,0.0,0.0,0.00036648251989391
817,0x000EA048,ROTATION_CANDIDATE,0.00036643781641033,-0.00048851972678676,-0.00048851972678676,-0.00048851972678676,-0.00012208191037644,0.0,0.0,0.00036643781641033
818,0x000EA088,ROTATION_CANDIDATE,0.00036643781641033,-0.00012208191037644,-0.00012208191037644,-0.00012208191037644,-0.00048851972678676,0.0,0.0,0.00036643781641033
819,0x000D8428,Z_CANDIDATE,0.0003664080722956,-0.00012208191037644,-0.00012208191037644,-0.00048848998267204,-0.00012208191037644,0.0,0.0003664080722956,0.0
820,0x000E9C28,Z_CANDIDATE,0.0003664080722956,-0.00012208191037644,-0.00012208191037644,-0.00048848998267204,-0.00012208191037644,0.0,0.0003664080722956,0.0
821,0x000D89E0,ROTATION_CANDIDATE,0.00036633362469729,-0.00012208191037644,-0.00012208191037644,-0.00012208191037644,-0.00048841553507373,0.0,0.0,0.00036633362469729
822,0x000E8F80,X_CANDIDATE,0.00036545439797919,-0.0078172739595175,-0.00012208191037644,-0.00048848998267204,-0.0078163202852011,0.007695192049141,0.0073287839768454,9.5367431640625e-07
823,0x000D7A80,X_CANDIDATE,0.00036450072366279,-0.0078172739595175,-0.00012208191037644,-0.00048848998267204,-0.0078153666108847,0.007695192049141,0.0073287839768454,1.9073486328125e-06
824,0x000E9280,X_CANDIDATE,0.00036450072366279,-0.0078172739595175,-0.00012208191037644,-0.00048848998267204,-0.0078153666108847,0.007695192049141,0.0073287839768454,1.9073486328125e-06
825,0x000D7330,Z_CANDIDATE,0.00036149255174678,-0.0078125074505806,-0.0004883409710601,-0.00012208191037644,-0.0078172739595175,0.0073241664795205,0.0076904255402042,4.766508936882e-06
826,0x000E8B30,Z_CANDIDATE,0.00036149255174678,-0.0078125074505806,-0.0004883409710601,-0.00012208191037644,-0.0078172739595175,0.0073241664795205,0.0076904255402042,4.766508936882e-06
827,0x0007BA00,X_CANDIDATE,0.00032619759440422,1.0,0.018518835306168,1.0,0.018845032900572,0.98148116469383,0.0,0.98115496709943
828,0x00204CF4,ROTATION_CANDIDATE,0.00028753280639648,0.30337333679199,0.30337333679199,0.30337333679199,0.3030858039856,0.0,0.0,0.00028753280639648
829,0x00204D00,ROTATION_CANDIDATE,0.00028753280639648,0.30337333679199,0.30337333679199,0.30337333679199,0.3030858039856,0.0,0.0,0.00028753280639648
830,0x00204D10,ROTATION_CANDIDATE,0.00028753280639648,0.30337333679199,0.30337333679199,0.30337333679199,0.3030858039856,0.0,0.0,0.00028753280639648
831,0x000D3944,ROTATION_CANDIDATE,0.00022166222333908,0.0010947346454486,0.019960505887866,0.0010947346454486,0.020182168111205,0.018865771242417,0.0,0.019087433465756
832,0x000D36F4,X_CANDIDATE,0.00020486663561314,-0.00087061349768192,-0.0012619686312973,-0.00074397015850991,-0.0009304586565122,0.00039135513361543,0.00012664333917201,5.9845158830285e-05
833,0x000D3DB4,ROTATION_CANDIDATE,0.00017237663269043,0.99944138526917,0.99993741512299,0.99931299686432,0.99864459037781,0.0004960298538208,0.00012838840484619,0.00079679489135742
834,0x000D3464,Z_CANDIDATE,0.00015707097190898,0.0,0.0,0.00015707097190898,0.0,0.0,0.00015707097190898,0.0
835,0x000D39F8,ROTATION_CANDIDATE,0.00011402368545532,-0.99880021810532,-0.99870538711548,-0.99970060586929,-0.99990946054459,9.4830989837646e-05,0.00090038776397705,0.00110924243927
836,0x000D347C,Z_CANDIDATE,0.00011137043475173,-0.00089354236843064,-0.00026508307200857,0.0016869867686182,-0.0027342417743057,0.00062845929642208,0.0025805291370489,0.0018406994058751
837,0x000D7340,X_CANDIDATE,8.3446502685547e-06,-0.0004883409710601,-0.0078258570283651,-0.0078172739595175,-0.0004885793896392,0.007337516057305,0.0073289329884574,2.3841857910156e-07
838,0x000E8B40,X_CANDIDATE,8.3446502685547e-06,-0.0004883409710601,-0.0078258570283651,-0.0078172739595175,-0.0004885793896392,0.007337516057305,0.0073289329884574,2.3841857910156e-07
839,0x000D3DA0,Z_CANDIDATE,4.3511390686035e-06,-0.99943572282791,-0.99954068660736,-0.99913370609283,-0.99962842464447,0.00010496377944946,0.0003020167350769,0.00019270181655884
840,0x00069CA8,Z_CANDIDATE,0.0,16996.234375,16996.234375,17077.556640625,17077.556640625,0.0,81.322265625,81.322265625
841,0x00069CAC,Z_CANDIDATE,0.0,-47.080982208252,-47.080982208252,98.442054748535,98.442054748535,0.0,145.52303695679,145.52303695679
842,0x00069CB0,Z_CANDIDATE,0.0,10285.0546875,10285.0546875,7203.390625,7203.390625,0.0,3081.6640625,3081.6640625
843,0x0006A158,Z_CANDIDATE,0.0,1.2977752685547,1.2977752685547,2.597770690918,2.597770690918,0.0,1.2999954223633,1.2999954223633
844,0x0006A2C0,X_CANDIDATE,0.0,12266.736328125,13456.600585938,12266.736328125,13456.600585938,1189.8642578125,0.0,1189.8642578125
845,0x0006A2C8,X_CANDIDATE,0.0,1523.7117919922,2371.1694335938,1523.7117919922,2371.1694335938,847.45764160156,0.0,847.45764160156
846,0x000D38D8,Z_CANDIDATE,0.0,-1.8310897350311,-1.8310897350311,-2.0741636753082,-2.0741636753082,0.0,0.2430739402771,0.2430739402771
847,0x000D38DC,Z_CANDIDATE,0.0,2.037136554718,2.037136554718,2.3241794109344,2.3241794109344,0.0,0.28704285621643,0.28704285621643
848,0x000D38E0,Z_CANDIDATE,0.0,-1.0128297805786,-1.0128297805786,-0.003196969628334,-0.003196969628334,0.0,1.0096328109503,1.0096328109503
849,0x000D38FC,Z_CANDIDATE,0.0,1.9120236635208,1.9120236635208,1.8094503879547,1.8094503879547,0.0,0.1025732755661,0.1025732755661
850,0x000D3900,Z_CANDIDATE,0.0,-2.9551558494568,-2.9551558494568,-2.7116134166718,-2.7116134166718,0.0,0.24354243278503,0.24354243278503
851,0x000D3904,Z_CANDIDATE,0.0,-0.82167416810989,-0.82167416810989,-0.93879103660583,-0.93879103660583,0.0,0.11711686849594,0.11711686849594
852,0x000D3908,Z_CANDIDATE,0.0,-0.017178488895297,-0.017178488895297,0.034244142472744,0.034244142472744,0.0,0.051422631368041,0.051422631368041
853,0x000D390C,Z_CANDIDATE,0.0,-0.017741456627846,-0.017741456627846,0.02269609645009,0.02269609645009,0.0,0.040437553077936,0.040437553077936
854,0x000D392C,Z_CANDIDATE,0.0,-0.039704523980618,-0.039704523980618,-0.035723127424717,-0.035723127424717,0.0,0.0039813965559006,0.0039813965559006
855,0x000D3930,Z_CANDIDATE,0.0,0.012765288352966,0.012765288352966,-0.00038055478944443,-0.00038055478944443,0.0,0.013145843142411,0.013145843142411
856,0x000D3938,Z_CANDIDATE,0.0,-0.010126802138984,-0.010126802138984,-0.0012219817144796,-0.0012219817144796,0.0,0.0089048204245046,0.0089048204245046
857,0x000D3940,Z_CANDIDATE,0.0,0.0030321956146508,0.0030321956146508,0.030069494619966,0.030069494619966,0.0,0.027037299005315,0.027037299005315
858,0x000D395C,Z_CANDIDATE,0.0,-0.044683560729027,-0.044683560729027,0.033625613898039,0.033625613898039,0.0,0.078309174627066,0.078309174627066
859,0x000D3964,Z_CANDIDATE,0.0,0.026621883735061,0.026621883735061,-0.035510715097189,-0.035510715097189,0.0,0.06213259883225,0.06213259883225
860,0x000D3C80,Z_CANDIDATE,0.0,-2.0545415878296,-2.0545415878296,-2.1176342964172,-2.1176342964172,0.0,0.063092708587646,0.063092708587646
861,0x000D3C84,Z_CANDIDATE,0.0,2.8419678211212,2.8419678211212,2.4453685283661,2.4453685283661,0.0,0.39659929275513,0.39659929275513
862,0x000D3C88,Z_CANDIDATE,0.0,-0.38552528619766,-0.38552528619766,0.036866366863251,0.036866366863251,0.0,0.42239165306091,0.42239165306091
863,0x000D3CB0,Z_CANDIDATE,0.0,-0.035581145435572,-0.035581145435572,-0.033926267176867,-0.033926267176867,0.0,0.0016548782587051,0.0016548782587051
864,0x000D3CB4,Z_CANDIDATE,0.0,0.022593772038817,0.022593772038817,0.043816305696964,0.043816305696964,0.0,0.021222533658147,0.021222533658147
865,0x000D3CE0,Z_CANDIDATE,0.0,0.01726253144443,0.01726253144443,-0.019073789939284,-0.019073789939284,0.0,0.036336321383715,0.036336321383715
866,0x000D3CE8,Z_CANDIDATE,0.0,-0.023104939609766,-0.023104939609766,-0.039346367120743,-0.039346367120743,0.0,0.016241427510977,0.016241427510977
867,0x000D3D1C,X_CANDIDATE,0.0,-1.0,1.0,-1.0,1.0,2.0,0.0,2.0
868,0x000D5DF0,Z_CANDIDATE,0.0,-0.00012208191037644,-0.00012208191037644,-0.0078163202852011,-0.0078163202852011,0.0,0.0076942383748246,0.0076942383748246
869,0x000D5E40,Z_CANDIDATE,0.0,-0.00012208191037644,-0.00012208191037644,-0.0078163202852011,-0.0078163202852011,0.0,0.0076942383748246,0.0076942383748246
870,0x000D5E90,Z_CANDIDATE,0.0,-0.00012208191037644,-0.00012208191037644,-0.0078163202852011,-0.0078163202852011,0.0,0.0076942383748246,0.0076942383748246
871,0x000D5FD8,Z_CANDIDATE,0.0,-0.00012208191037644,-0.00012208191037644,-0.0078163202852011,-0.0078163202852011,0.0,0.0076942383748246,0.0076942383748246
872,0x000D7108,X_CANDIDATE,0.0,-0.0078153666108847,-0.00012208191037644,-0.0078153666108847,-0.00012208191037644,0.0076932847005082,0.0,0.0076932847005082
873,0x000D82F0,Z_CANDIDATE,0.0,-0.0004885793896392,-0.0004885793896392,-0.00012208191037644,-0.00012208191037644,0.0,0.00036649747926276,0.00036649747926276
874,0x000D8300,Z_CANDIDATE,0.0,-0.0019531252328306,-0.0019531252328306,-0.00048848998267204,-0.00048848998267204,0.0,0.0014646352501586,0.0014646352501586
875,0x000E75F0,Z_CANDIDATE,0.0,-0.00012208191037644,-0.00012208191037644,-0.0078163202852011,-0.0078163202852011,0.0,0.0076942383748246,0.0076942383748246
876,0x000E7640,Z_CANDIDATE,0.0,-0.00012208191037644,-0.00012208191037644,-0.0078163202852011,-0.0078163202852011,0.0,0.0076942383748246,0.0076942383748246
877,0x000E7690,Z_CANDIDATE,0.0,-0.00012208191037644,-0.00012208191037644,-0.0078163202852011,-0.0078163202852011,0.0,0.0076942383748246,0.0076942383748246
878,0x000E77D8,Z_CANDIDATE,0.0,-0.00012208191037644,-0.00012208191037644,-0.0078163202852011,-0.0078163202852011,0.0,0.0076942383748246,0.0076942383748246
879,0x000E8908,X_CANDIDATE,0.0,-0.0078153666108847,-0.00012208191037644,-0.0078153666108847,-0.00012208191037644,0.0076932847005082,0.0,0.0076932847005082
880,0x000E9AF0,Z_CANDIDATE,0.0,-0.0004885793896392,-0.0004885793896392,-0.00012208191037644,-0.00012208191037644,0.0,0.00036649747926276,0.00036649747926276
881,0x000E9B00,Z_CANDIDATE,0.0,-0.0019531252328306,-0.0019531252328306,-0.00048848998267204,-0.00048848998267204,0.0,0.0014646352501586,0.0014646352501586
882,0x001EEFC8,Z_CANDIDATE,0.0,16516.865234375,16516.865234375,17137.478515625,17137.478515625,0.0,620.61328125,620.61328125
883,0x001EEFCC,Z_CANDIDATE,0.0,-55.641162872314,-55.641162872314,-47.080982208252,-47.080982208252,0.0,8.5601806640625,8.5601806640625
884,0x001EEFD0,Z_CANDIDATE,0.0,12138.333007813,12138.333007813,9506.078125,9506.078125,0.0,2632.2548828125,2632.2548828125
885,0x001EF000,Z_CANDIDATE,0.0,1914.271484375,1914.271484375,2303.4670410156,2303.4670410156,0.0,389.19555664063,389.19555664063
886,0x001EF084,Z_CANDIDATE,0.0,17016.234375,17016.234375,17097.556640625,17097.556640625,0.0,81.322265625,81.322265625
887,0x001EF088,Z_CANDIDATE,0.0,10285.0546875,10285.0546875,7203.390625,7203.390625,0.0,3081.6640625,3081.6640625
888,0x001EF08C,Z_CANDIDATE,0.0,16996.234375,16996.234375,17077.556640625,17077.556640625,0.0,81.322265625,81.322265625
889,0x001EF090,Z_CANDIDATE,0.0,10305.0546875,10305.0546875,7223.390625,7223.390625,0.0,3081.6640625,3081.6640625
890,0x001EF094,Z_CANDIDATE,0.0,16976.234375,16976.234375,17057.556640625,17057.556640625,0.0,81.322265625,81.322265625
891,0x001EF098,Z_CANDIDATE,0.0,10285.0546875,10285.0546875,7203.390625,7203.390625,0.0,3081.6640625,3081.6640625
892,0x001EF09C,Z_CANDIDATE,0.0,16996.234375,16996.234375,17077.556640625,17077.556640625,0.0,81.322265625,81.322265625
893,0x001EF0A0,Z_CANDIDATE,0.0,10265.0546875,10265.0546875,7183.390625,7183.390625,0.0,3081.6640625,3081.6640625
894,0x001F1AE8,Z_CANDIDATE,0.0,16222.620117188,16222.620117188,16221.547851563,16221.547851563,0.0,1.072265625,1.072265625
895,0x001F1AF0,Z_CANDIDATE,0.0,20307.0,20307.0,20308.923828125,20308.923828125,0.0,1.923828125,1.923828125
896,0x001F1CAC,Z_CANDIDATE,0.0,-1070.0220947266,-1070.0220947266,3210.06640625,3210.06640625,0.0,4280.0885009766,4280.0885009766
897,0x001F1CB0,Z_CANDIDATE,0.0,-107.0022354126,-107.0022354126,321.00671386719,321.00671386719,0.0,428.00894927979,428.00894927979
898,0x001F1CB4,Z_CANDIDATE,0.0,-107.0022354126,-107.0022354126,321.00671386719,321.00671386719,0.0,428.00894927979,428.00894927979
899,0x001F6F9C,Z_CANDIDATE,0.0,0.0,0.0,0.25,0.25,0.0,0.25,0.25
900,0x001F7058,Z_CANDIDATE,0.0,0.0,0.0,0.25,0.25,0.0,0.25,0.25
901,0x001F7F08,X_CANDIDATE,0.0,0.5,0.0,0.0,0.5,0.5,0.5,0.0
902,0x001F7F18,Z_CANDIDATE,0.0,120.0,120.0,-1.0,-1.0,0.0,121.0,121.0
903,0x001F7F1C,Z_CANDIDATE,0.0,0.25,0.25,0.5,0.5,0.0,0.25,0.25
904,0x001F7F38,X_CANDIDATE,0.0,0.0,0.5,0.25,0.25,0.5,0.25,0.25
905,0x00204B38,Z_CANDIDATE,0.0,16996.234375,16996.234375,17077.556640625,17077.556640625,0.0,81.322265625,81.322265625
906,0x00204B3C,Z_CANDIDATE,0.0,-47.080982208252,-47.080982208252,98.442054748535,98.442054748535,0.0,145.52303695679,145.52303695679
907,0x00204B40,Z_CANDIDATE,0.0,10285.0546875,10285.0546875,7203.390625,7203.390625,0.0,3081.6640625,3081.6640625
908,0x00204B44,Z_CANDIDATE,0.0,6.0300989151001,6.0300989151001,0.025958180427551,0.025958180427551,0.0,6.0041407346725,6.0041407346725
909,0x00204B50,Z_CANDIDATE,0.0,6.0300984382629,6.0300984382629,0.025958061218262,0.025958061218262,0.0,6.0041403770447,6.0041403770447
910,0x00204B54,Z_CANDIDATE,0.0,17000.291015625,17000.291015625,17081.61328125,17081.61328125,0.0,81.322265625,81.322265625
911,0x00204B5C,Z_CANDIDATE,0.0,10286.141601563,10286.141601563,7204.4775390625,7204.4775390625,0.0,3081.6640625,3081.6640625
912,0x00204B60,Z_CANDIDATE,0.0,6.0300984382629,6.0300984382629,0.025958061218262,0.025958061218262,0.0,6.0041403770447,6.0041403770447
913,0x00204B64,Z_CANDIDATE,0.0,16996.234375,16996.234375,17077.556640625,17077.556640625,0.0,81.322265625,81.322265625
914,0x00204B6C,Z_CANDIDATE,0.0,10285.0546875,10285.0546875,7203.390625,7203.390625,0.0,3081.6640625,3081.6640625
915,0x00204B70,Z_CANDIDATE,0.0,16996.234375,16996.234375,17077.556640625,17077.556640625,0.0,81.322265625,81.322265625
916,0x00204B78,Z_CANDIDATE,0.0,10285.0546875,10285.0546875,7203.390625,7203.390625,0.0,3081.6640625,3081.6640625
917,0x00204B7C,Z_CANDIDATE,0.0,16996.234375,16996.234375,17077.556640625,17077.556640625,0.0,81.322265625,81.322265625
918,0x00204B84,Z_CANDIDATE,0.0,10285.0546875,10285.0546875,7203.390625,7203.390625,0.0,3081.6640625,3081.6640625
919,0x0020F53C,Z_CANDIDATE,0.0,1.2977752685547,1.2977752685547,2.597770690918,2.597770690918,0.0,1.2999954223633,1.2999954223633
920,0x0020F568,Z_CANDIDATE,0.0,108.30001068115,108.30001068115,109.60000610352,109.60000610352,0.0,1.2999954223633,1.2999954223633
921,0x0020F570,Z_CANDIDATE,0.0,16222.620117188,16222.620117188,16221.5390625,16221.5390625,0.0,1.0810546875,1.0810546875
922,0x0020F578,Z_CANDIDATE,0.0,20307.0,20307.0,20309.0234375,20309.0234375,0.0,2.0234375,2.0234375
923,0x0020F57C,Z_CANDIDATE,0.0,16222.620117188,16222.620117188,16221.5390625,16221.5390625,0.0,1.0810546875,1.0810546875
924,0x0020F584,Z_CANDIDATE,0.0,20307.0,20307.0,20309.0234375,20309.0234375,0.0,2.0234375,2.0234375
925,0x00210108,X_CANDIDATE,0.0,12266.736328125,13456.600585938,12266.736328125,13456.600585938,1189.8642578125,0.0,1189.8642578125
926,0x00210110,X_CANDIDATE,0.0,1523.7117919922,2371.1694335938,1523.7117919922,2371.1694335938,847.45764160156,0.0,847.45764160156
927,0x00210124,X_CANDIDATE,0.0,12262.536132813,13452.400390625,12262.536132813,13452.400390625,1189.8642578125,0.0,1189.8642578125
928,0x0021012C,X_CANDIDATE,0.0,1523.7000732422,2371.1577148438,1523.7000732422,2371.1577148438,847.45764160156,0.0,847.45764160156
929,0x00210134,X_CANDIDATE,0.0,12266.736328125,13456.600585938,12266.736328125,13456.600585938,1189.8642578125,0.0,1189.8642578125
930,0x0021013C,X_CANDIDATE,0.0,1523.7117919922,2371.1694335938,1523.7117919922,2371.1694335938,847.45764160156,0.0,847.45764160156
931,0x00210140,X_CANDIDATE,0.0,12266.736328125,13456.600585938,12266.736328125,13456.600585938,1189.8642578125,0.0,1189.8642578125
932,0x00210148,X_CANDIDATE,0.0,1523.7117919922,2371.1694335938,1523.7117919922,2371.1694335938,847.45764160156,0.0,847.45764160156
933,0x0021014C,X_CANDIDATE,0.0,12266.736328125,13456.600585938,12266.736328125,13456.600585938,1189.8642578125,0.0,1189.8642578125
934,0x00210154,X_CANDIDATE,0.0,1523.7117919922,2371.1694335938,1523.7117919922,2371.1694335938,847.45764160156,0.0,847.45764160156
935,0x002DB628,Z_CANDIDATE,0.0,1.0594657659531,1.0594657659531,0.0,0.0,0.0,1.0594657659531,1.0594657659531
936,0x003B2A3C,X_CANDIDATE,0.0,26.0,-85.0,26.0,-85.0,111.0,0.0,111.0
937,0x003B2A40,X_CANDIDATE,0.0,247.0,0.0,247.0,0.0,247.0,0.0,247.0
938,0x003B2A44,X_CANDIDATE,0.0,-48.0,-57.0,-48.0,-57.0,9.0,0.0,9.0
939,0x003B2A48,X_CANDIDATE,0.0,107.00048828125,-1.0,107.00048828125,-1.0,108.00048828125,0.0,108.00048828125
940,0x000D6FA8,X_CANDIDATE,-9.5367431640625e-07,-0.0078153666108847,-0.0004885793896392,-0.0004885793896392,-0.0078163202852011,0.0073267872212455,0.0073267872212455,9.5367431640625e-07
941,0x000E87A8,X_CANDIDATE,-9.5367431640625e-07,-0.0078153666108847,-0.0004885793896392,-0.0004885793896392,-0.0078163202852011,0.0073267872212455,0.0073267872212455,9.5367431640625e-07
942,0x00234704,ROTATION_CANDIDATE,-1.52587890625e-05,254.73832702637,254.73823547363,254.73829650879,254.73843383789,9.1552734375e-05,3.0517578125e-05,0.0001068115234375
943,0x0020C2F0,Z_CANDIDATE,-2.288818359375e-05,108.30001068115,108.29998779297,0.0,0.0,2.288818359375e-05,108.30001068115,108.30001068115
944,0x0020C4A0,Z_CANDIDATE,-2.288818359375e-05,108.30001068115,108.29998779297,0.0,0.0,2.288818359375e-05,108.30001068115,108.30001068115
945,0x000D3A0C,Z_CANDIDATE,-5.5670738220215e-05,0.99920463562012,0.999362885952,0.99993711709976,0.9998345375061,0.00015825033187866,0.00073248147964478,0.00062990188598633
946,0x000D36C4,Z_CANDIDATE,-0.00010886043310165,0.099713772535324,0.099834345281124,0.0998859629035,0.099874250590801,0.00012057274580002,0.00017219036817551,0.00016047805547714
947,0x001052B4,ROTATION_CANDIDATE,-0.00011950731277466,0.99763041734695,0.99781405925751,0.99741631746292,0.99735218286514,0.00018364191055298,0.0002140998840332,0.00027823448181152
948,0x001052F4,ROTATION_CANDIDATE,-0.00011950731277466,0.99763041734695,0.99781405925751,0.99741631746292,0.99735218286514,0.00018364191055298,0.0002140998840332,0.00027823448181152
949,0x000D3430,ROTATION_CANDIDATE,-0.00012481212615967,0.9976304769516,0.99781394004822,0.99742305278778,0.99736440181732,0.00018346309661865,0.00020742416381836,0.00026607513427734
950,0x000F8AB4,ROTATION_CANDIDATE,-0.00012654066085815,0.99762886762619,0.99781394004822,0.99742293357849,0.99736440181732,0.00018507242202759,0.00020593404769897,0.00026446580886841
951,0x000F8AF4,ROTATION_CANDIDATE,-0.00012654066085815,0.99762886762619,0.99781394004822,0.99742293357849,0.99736440181732,0.00018507242202759,0.00020593404769897,0.00026446580886841
952,0x000D3704,Z_CANDIDATE,-0.0002286285161972,0.099934175610542,0.099690102040768,0.099646933376789,0.099662378430367,0.00024407356977463,0.0002872422337532,0.00027179718017578
953,0x000D3DA8,ROTATION_CANDIDATE,-0.00026127509772778,0.032516855746508,0.028233403339982,0.024544380605221,0.020522203296423,0.0042834524065256,0.0079724751412868,0.011994652450085
954,0x000D36C8,Z_CANDIDATE,-0.00032296357676387,-0.007560383528471,-0.0056512295268476,-0.0028914548456669,-0.0044776452705264,0.0019091540016234,0.0046689286828041,0.0030827382579446
955,0x000D3468,X_CANDIDATE,-0.00035281473537907,-0.0021107355132699,0.0023080792743713,0.0014849074650556,-0.00093474896857515,0.0044188147876412,0.0035956429783255,0.0011759865446948
956,0x000D7298,ROTATION_CANDIDATE,-0.00036459013062995,-0.00012208191037644,-0.0078153666108847,-0.0004885793896392,-0.0078172739595175,0.0076932847005082,0.00036649747926276,0.007695192049141
957,0x000E8A98,ROTATION_CANDIDATE,-0.00036459013062995,-0.00012208191037644,-0.0078153666108847,-0.0004885793896392,-0.0078172739595175,0.0076932847005082,0.00036649747926276,0.007695192049141
958,0x000D3DC8,X_CANDIDATE,-0.00036925077438354,-0.99895709753036,-0.99960005283356,-0.99958914518356,-0.99857693910599,0.00064295530319214,0.00063204765319824,0.00038015842437744
959,0x000D3A20,ROTATION_CANDIDATE,-0.00041818618774414,-0.99858343601227,-0.99919939041138,-0.99972647428513,-0.99992424249649,0.00061595439910889,0.0011430382728577,0.0013408064842224
960,0x000D36D4,Z_CANDIDATE,-0.00056690420024097,0.0075293076224625,0.0057528577744961,0.0036520126741379,0.0048615583218634,0.0017764498479664,0.0038772949483246,0.0026677493005991
961,0x000D3700,X_CANDIDATE,-0.00066899642115459,0.00095787836471573,0.0022597489878535,0.001888579223305,0.0019980445504189,0.0013018706231378,0.00093070085858926,0.0010401661857031
962,0x00079974,Z_CANDIDATE,-0.00067351013422012,0.043145176023245,0.046757396310568,0.048621501773596,0.045682791620493,0.003612220287323,0.005476325750351,0.0025376155972481
963,0x000D36F0,Z_CANDIDATE,-0.00074891000986099,0.099964939057827,0.099138759076595,0.099040172994137,0.099117442965508,0.00082617998123169,0.00092476606369019,0.00084749609231949
964,0x000D3DB8,Z_CANDIDATE,-0.00075659807771444,-0.032054170966148,-0.0016046464443207,0.014805526472628,-0.049220941960812,0.030449524521828,0.046859697438776,0.017166770994663
965,0x000F9200,X_CANDIDATE,-0.00081338360905647,0.0,-0.036152835935354,-0.015899367630482,0.021066851913929,0.036152835935354,0.015899367630482,0.021066851913929
966,0x000D34D4,Z_CANDIDATE,-0.00082291360013187,0.0069045233540237,0.008276429027319,0.0028577991761267,0.0034067912492901,0.0013719056732953,0.004046724177897,0.0034977321047336
967,0x000D3924,Z_CANDIDATE,-0.00085995718836784,0.036582808941603,0.040191512554884,0.024382507428527,0.02713125385344,0.0036087036132813,0.012200301513076,0.0094515550881624
968,0x00079944,ROTATION_CANDIDATE,-0.00090146064758301,0.89836668968201,0.89704829454422,0.89967042207718,0.90008735656738,0.0013183951377869,0.0013037323951721,0.001720666885376
969,0x000D3DF0,Z_CANDIDATE,-0.00092072412371635,-0.10076224803925,-0.06748229265213,-0.056821543723345,-0.089180774986744,0.033279955387115,0.043940704315901,0.011581473052502
970,0x000D3718,Z_CANDIDATE,-0.00095056742429733,0.099907472729683,0.098860032856464,0.098704524338245,0.098801396787167,0.0010474398732185,0.0012029483914375,0.0011060759425163
971,0x000D3E30,Z_CANDIDATE,-0.00097152218222618,-0.10108523070812,-0.06736595928669,-0.056584972888231,-0.089332722127438,0.033719271421432,0.044500257819891,0.011752508580685
972,0x00079954,ROTATION_CANDIDATE,-0.0011085271835327,-0.82957994937897,-0.83121639490128,-0.827905356884,-0.82737743854523,0.0016364455223083,0.0016745924949646,0.0022025108337402
973,0x000D3640,Z_CANDIDATE,-0.0011618601856753,-0.0024814857169986,-0.00090926641132683,0.00012825196608901,-0.00028210715390742,0.0015722193056718,0.0026097376830876,0.0021993785630912
974,0x000D3958,X_CANDIDATE,-0.0011620572768152,0.045083459466696,-0.017790213227272,0.021070837974548,0.0050603509880602,0.062873672693968,0.024012621492147,0.040023108478636
975,0x000D3634,Z_CANDIDATE,-0.0012097753351554,0.002526368945837,0.00090448453556746,-0.00013601907994598,0.00027608999516815,0.0016218844102696,0.002662388025783,0.0022502789506689
976,0x000D34C4,Z_CANDIDATE,-0.0012925541959703,-0.0052766320295632,-0.0073645804077387,-0.0096331099048257,-0.0088377157226205,0.0020879483781755,0.0043564778752625,0.0035610836930573
977,0x000D3DC0,ROTATION_CANDIDATE,-0.0013625137507915,-0.032228834927082,-0.028213951736689,-0.024029944092035,-0.021377574652433,0.0040148831903934,0.0081988908350468,0.010851260274649
978,0x000F8B90,X_CANDIDATE,-0.0015232278237818,-0.0018964104820043,0.00057835469488055,0.00036659406032413,-0.00016142202366609,0.0024747651768848,0.0022630045423284,0.0017349884583382
979,0x000D3638,Z_CANDIDATE,-0.0015314577613026,0.0012266740668565,-0.00059451442211866,-0.0009706849232316,-0.00068095419555902,0.0018211884889752,0.0021973589900881,0.0019076282624155
980,0x000D3650,Z_CANDIDATE,-0.001609010156244,-0.0013151033781469,0.00058717373758554,0.00097175035625696,0.00067848339676857,0.0019022771157324,0.0022868537344038,0.0019935867749155
981,0x000D36D8,ROTATION_CANDIDATE,-0.0016146451234818,0.099376261234283,0.097719185054302,0.097529299557209,0.09748686850071,0.0016570761799812,0.0018469616770744,0.0018893927335739
982,0x000D36B0,Z_CANDIDATE,-0.0017203614115715,0.099661059677601,0.09788241237402,0.097523666918278,0.097581952810287,0.0017786473035812,0.0021373927593231,0.0020791068673134
983,0x000D3A4C,X_CANDIDATE,-0.0019422173500061,0.9989572763443,0.99623709917068,0.99693900346756,0.99631315469742,0.0027201771736145,0.0020182728767395,0.0026441216468811
984,0x000D3C44,ROTATION_CANDIDATE,-0.001957768574357,-0.032387491315603,-0.028062969446182,-0.023990865796804,-0.02162411250174,0.004324521869421,0.0083966255187988,0.010763378813863
985,0x000D3A8C,X_CANDIDATE,-0.001982569694519,0.99893993139267,0.99627989530563,0.99692243337631,0.99631482362747,0.0026600360870361,0.0020174980163574,0.0026251077651978
986,0x001052B8,ROTATION_CANDIDATE,-0.0020099654793739,0.06878674030304,0.065831951797009,0.071765124797821,0.072709947824478,0.002954788506031,0.0029783844947815,0.0039232075214386
987,0x00105304,ROTATION_CANDIDATE,-0.0020099654793739,0.06878674030304,0.065831951797009,0.071765124797821,0.072709947824478,0.002954788506031,0.0029783844947815,0.0039232075214386
988,0x000D346C,ROTATION_CANDIDATE,-0.0020150930504315,0.00097199558513239,0.0038125866558403,-0.0018756566569209,-0.0027011546771973,0.0028405910707079,0.0028476522420533,0.0036731502623297
989,0x000D3424,ROTATION_CANDIDATE,-0.0020809397101402,-0.06878674775362,-0.065832853317261,-0.071667596697807,-0.072540551424026,0.0029538944363594,0.0028808489441872,0.0037538036704063
990,0x000F8AB8,ROTATION_CANDIDATE,-0.0021008178591728,0.068806640803814,0.065832853317261,0.071667596697807,0.072540566325188,0.0029737874865532,0.0028609558939934,0.0037339255213737
991,0x000F8B04,ROTATION_CANDIDATE,-0.0021008178591728,0.068806640803814,0.065832853317261,0.071667596697807,0.072540566325188,0.0029737874865532,0.0028609558939934,0.0037339255213737
992,0x000D3E34,Z_CANDIDATE,-0.0021644234657288,0.99485397338867,0.99758732318878,0.99791419506073,0.99236267805099,0.0027333498001099,0.0030602216720581,0.002491295337677
993,0x000D3DF4,Z_CANDIDATE,-0.0021646022796631,0.99488341808319,0.99758207798004,0.99790316820145,0.99239772558212,0.0026986598968506,0.0030197501182556,0.0024856925010681
994,0x000D3654,Z_CANDIDATE,-0.0026148022152483,0.0035138898529112,0.00081184320151806,0.00079901609569788,0.00088626053184271,0.0027020466513932,0.0027148737572134,0.0026276293210685
995,0x000D3648,Z_CANDIDATE,-0.0026551857590675,-0.0035457285121083,-0.000806481577456,-0.0008002994582057,-0.00088436063379049,0.0027392469346523,0.0027454290539026,0.0026613678783178
996,0x000F8D04,Z_CANDIDATE,-0.0028378879651427,0.0,0.014521368779242,-0.020450262352824,-0.0087667815387249,0.014521368779242,0.020450262352824,0.0087667815387249
997,0x000D3CC8,X_CANDIDATE,-0.0030475445091724,0.024137081578374,-0.029490666463971,-0.017689742147923,0.038985550403595,0.053627748042345,0.041826823726296,0.014848468825221
998,0x000F9054,Z_CANDIDATE,-0.0033808192238212,0.0,0.007892225869,0.01368101965636,0.0091696130111814,0.007892225869,0.01368101965636,0.0091696130111814
999,0x000D34D0,Z_CANDIDATE,-0.0034228048752993,-0.0022597478237003,0.0031432078685611,0.0058794603683054,0.0038993095513433,0.0054029556922615,0.0081392081920058,0.0061590573750436
1000,0x000D3708,Z_CANDIDATE,-0.0038187457248569,0.0034992550499737,0.0075351647101343,0.0081808175891638,0.0079636536538601,0.0040359096601605,0.0046815625391901,0.0044643986038864
1001,0x000D3A88,Z_CANDIDATE,-0.0038644932210445,-0.037579834461212,-0.076617032289505,-0.078121013939381,-0.042948309332132,0.039037197828293,0.040541179478168,0.0053684748709202
1002,0x000D3714,Z_CANDIDATE,-0.004037476144731,-0.0035219821147621,-0.0077648307196796,-0.0083629572764039,-0.0081575848162174,0.0042428486049175,0.0048409751616418,0.0046356027014554
1003,0x000D3A48,Z_CANDIDATE,-0.0046754293143749,-0.037293527275324,-0.077218130230904,-0.077916644513607,-0.042667470872402,0.03992460295558,0.040623117238283,0.0053739435970783
1004,0x000D34E8,Z_CANDIDATE,-0.0047738319262862,-0.0095571493729949,0.0086335111409426,0.0094272894784808,-0.0039895391091704,0.018190660513937,0.018984438851476,0.0055676102638245
1005,0x000F9094,ROTATION_CANDIDATE,-0.004791141487658,0.0,0.0095119038596749,0.0079130306839943,0.012633793056011,0.0095119038596749,0.0079130306839943,0.012633793056011
1006,0x000D34DC,X_CANDIDATE,-0.0048931819619611,-0.0045098406262696,0.003378608264029,0.0026404643431306,0.0011214852565899,0.0078884488902986,0.0071503049694002,0.0056313258828595
1007,0x000F9014,ROTATION_CANDIDATE,-0.0051121530123055,0.0,0.006837519351393,0.010908426716924,0.012633793056011,0.006837519351393,0.010908426716924,0.012633793056011
1008,0x000D8170,ROTATION_CANDIDATE,-0.0069623312592739,-0.0078172739595175,-0.00048856443027034,-0.00048846018034965,-0.00012208191037644,0.0073287095292471,0.0073288137791678,0.007695192049141
1009,0x000E9970,ROTATION_CANDIDATE,-0.0069623312592739,-0.0078172739595175,-0.00048856443027034,-0.00048846018034965,-0.00012208191037644,0.0073287095292471,0.0073288137791678,0.007695192049141
1010,0x000D77C0,X_CANDIDATE,-0.0073286945698783,-0.0078172739595175,-0.00012208191037644,-0.0004885793896392,-0.00012208191037644,0.007695192049141,0.0073286945698783,0.007695192049141
1011,0x000F91D4,Z_CANDIDATE,-0.0073592234402895,0.0,0.028191449120641,0.054269783198833,0.033437557518482,0.028191449120641,0.054269783198833,0.033437557518482
1012,0x000D3E44,Z_CANDIDATE,-0.0085747689008713,-0.10122603178024,-0.067773133516312,-0.055988788604736,-0.12158514559269,0.033452898263931,0.045237243175507,0.020359113812447
1013,0x000D3D0C,X_CANDIDATE,-0.0086490213871002,-0.042873572558165,-0.026885975152254,-0.030555263161659,-0.030555263161659,0.01598759740591,0.012318309396505,0.012318309396505
1014,0x000D3E04,Z_CANDIDATE,-0.0087330415844917,-0.10091562569141,-0.067880779504776,-0.056226871907711,-0.12130257487297,0.033034846186638,0.044688753783703,0.020386949181557
1015,0x000D3C58,Z_CANDIDATE,-0.0088825782295316,-0.032223109155893,-0.0028496293816715,0.03274092823267,0.01225002668798,0.029373479774222,0.064964037388563,0.044473135843873
1016,0x000D3710,Z_CANDIDATE,-0.0098439962603152,0.0024684793315828,0.012899788096547,0.013692313805223,0.013105001300573,0.010431308764964,0.01122383447364,0.010636521968991
1017,0x000D36F8,Z_CANDIDATE,-0.0099565321579576,-0.0025005908682942,-0.013035276904702,-0.013801902532578,-0.013223748654127,0.010534686036408,0.011301311664283,0.010723157785833
1018,0x002D8C64,X_CANDIDATE,-0.0107421875,0.2802734375,0.830078125,0.0,0.0,0.5498046875,0.2802734375,0.2802734375
1019,0x000D3D04,X_CANDIDATE,-0.013087611179799,-0.037558194249868,-0.0067249028943479,-0.015597742982209,-0.015597742982209,0.03083329135552,0.02196045126766,0.02196045126766
1020,0x0020C47C,X_CANDIDATE,-0.013916015625,1361.0823974609,1361.0684814453,1361.0684814453,1361.0684814453,0.013916015625,0.013916015625,0.013916015625
1021,0x000D3CCC,Z_CANDIDATE,-0.017737305723131,0.021502925083041,0.0012662410736084,-0.0083224391564727,-0.0058230608701706,0.020236684009433,0.029825364239514,0.027325985953212
1022,0x000D3470,ROTATION_CANDIDATE,-0.019196450710297,1.0,0.96974682807922,0.97878330945969,0.96772658824921,0.030253171920776,0.021216690540314,0.032273411750793
1023,0x000D3478,ROTATION_CANDIDATE,-0.019196450710297,1.0,0.96974682807922,0.97878324985504,0.96772652864456,0.030253171920776,0.021216750144958,0.032273471355438
1024,0x000D3CD4,Z_CANDIDATE,-0.020373310428113,-0.01356759481132,0.0068057156167924,0.033826321363449,0.033826321363449,0.020373310428113,0.047393916174769,0.047393916174769
1025,0x000F9248,Z_CANDIDATE,-0.024441909044981,0.0,-0.081578008830547,0.09014043956995,-0.033004339784384,0.081578008830547,0.09014043956995,0.033004339784384
1026,0x000D3CD8,Z_CANDIDATE,-0.026359494775534,0.048642124980688,0.022282630205154,-0.038089830428362,-0.038089830428362,0.026359494775534,0.08673195540905,0.08673195540905
1027,0x000D3950,X_CANDIDATE,-0.027055496349931,-0.049854729324579,0.030461549758911,-0.0085326284170151,0.016194945201278,0.08031627908349,0.041322100907564,0.066049674525857
1028,0x000D36B8,Z_CANDIDATE,-0.028589699417353,-0.008197583258152,0.020470147952437,0.021901493892074,0.021823462098837,0.028667731210589,0.030099077150226,0.030021045356989
1029,0x000D36D0,Z_CANDIDATE,-0.028621530160308,0.0082261338829994,-0.020441818982363,-0.021787581965327,-0.021741159260273,0.028667952865362,0.030013715848327,0.029967293143272
1030,0x00080024,ROTATION_CANDIDATE,-0.031814575195313,117.41079711914,117.44436645508,116.78729248047,116.78553771973,0.0335693359375,0.62350463867188,0.62525939941406
1031,0x000D3A9C,ROTATION_CANDIDATE,-0.034342050552368,-0.036637812852859,-0.077968083322048,-0.077992342412472,-0.084980562329292,0.041330270469189,0.041354529559612,0.048342749476433
1032,0x000D3A5C,ROTATION_CANDIDATE,-0.035039156675339,-0.036369912326336,-0.078583352267742,-0.0777877420187,-0.084962025284767,0.042213439941406,0.041417829692364,0.048592112958431
1033,0x000D348C,X_CANDIDATE,-0.035281524062157,-0.21107375621796,0.23080813884735,0.14849089086056,-0.093474984169006,0.44188189506531,0.35956464707851,0.11759877204895
1034,0x000D3A10,ROTATION_CANDIDATE,-0.036535605788231,0.031289454549551,-0.011328378692269,-0.0061976183205843,-0.012279845774174,0.04261783324182,0.037487072870135,0.043569300323725
1035,0x000D3A1C,X_CANDIDATE,-0.03797947242856,0.032315943390131,-0.012612467631698,-0.0059847980737686,-0.012291198596358,0.044928411021829,0.0383007414639,0.044607141986489
1036,0x000D38A0,ROTATION_CANDIDATE,-0.037994796410203,-0.010836966335773,0.033847652375698,0.027294902130961,0.03398472443223,0.044684618711472,0.038131868466735,0.044821690768003
1037,0x000D3C68,ROTATION_CANDIDATE,-0.039155334234238,-0.64774966239929,-0.56125926971436,-0.47981721162796,-0.43248215317726,0.086490392684937,0.16793245077133,0.21526750922203
1038,0x000D3A30,X_CANDIDATE,-0.043926239013672,-33.590717315674,-33.431888580322,-33.525203704834,-33.453475952148,0.15882873535156,0.065513610839844,0.13724136352539
1039,0x000D3898,X_CANDIDATE,-0.043927174061537,-0.10289791971445,0.055932279676199,-0.037384089082479,0.034345623105764,0.15883019939065,0.065513830631971,0.13724354282022
1040,0x000F8E48,ROTATION_CANDIDATE,-0.045440446585417,0.0,-0.095755852758884,-0.046060245484114,0.096375651657581,0.095755852758884,0.046060245484114,0.096375651657581
1041,0x002D96AC,Z_CANDIDATE,-0.045562744140625,0.96817016601563,0.7491455078125,0.57568359375,0.7491455078125,0.21902465820313,0.39248657226563,0.21902465820313
1042,0x000D3CA8,Z_CANDIDATE,-0.047654390335083,-2.448783159256,-2.4964375495911,-2.9262375831604,-2.9262375831604,0.047654390335083,0.47745442390442,0.47745442390442
1043,0x0007C21C,ROTATION_CANDIDATE,-0.055000305175781,116.05892181396,116.24526977539,115.46365356445,116.78553771973,0.18634796142578,0.59526824951172,0.72661590576172
1044,0x000816B4,ROTATION_CANDIDATE,-0.055000305175781,116.05892181396,116.24526977539,115.46365356445,116.78553771973,0.18634796142578,0.59526824951172,0.72661590576172
1045,0x002D507C,ROTATION_CANDIDATE,-0.057012972421944,-0.055558532476425,0.98614484071732,0.014838066883385,0.99952846765518,1.0417033731937,0.07039659935981,1.0550870001316
1046,0x002D83B0,ROTATION_CANDIDATE,-0.05810546875,0.533203125,0.9951171875,0.5947265625,0.99853515625,0.4619140625,0.0615234375,0.46533203125
1047,0x000F8B84,Z_CANDIDATE,-0.06500421219971,0.07092396914959,0.0049245641566813,-0.0011852307943627,-0.00019003800116479,0.065999404992908,0.072109199943952,0.071114007150754
1048,0x002D8D38,Z_CANDIDATE,-0.067626953125,1.1513366699219,0.7491455078125,0.72488403320313,1.0594482421875,0.40219116210938,0.42645263671875,0.091888427734375
1049,0x003B36A4,X_CANDIDATE,-0.068834997713566,-0.068834997713566,0.0,0.0,0.0,0.068834997713566,0.068834997713566,0.068834997713566
1050,0x003B3300,X_CANDIDATE,-0.068851694464684,-0.068851694464684,0.0,0.0,0.0,0.068851694464684,0.068851694464684,0.068851694464684
1051,0x000F8B98,X_CANDIDATE,-0.069800812751055,0.079004429280758,0.0065832855179906,0.0078456662595272,0.0079412357881665,0.072421143762767,0.071158763021231,0.071063193492591
1052,0x000D3AC4,Z_CANDIDATE,-0.074172973632813,68.388771057129,68.493240356445,68.575912475586,68.545616149902,0.10446929931641,0.18714141845703,0.15684509277344
1053,0x000F9210,Z_CANDIDATE,-0.08294378221035,0.0,0.083019986748695,0.092807158827782,-0.092730954289436,0.083019986748695,0.092807158827782,0.092730954289436
1054,0x003B2F40,Z_CANDIDATE,-0.090052798390388,0.0,-0.090052798390388,-0.83453351259232,-0.83453351259232,0.090052798390388,0.83453351259232,0.83453351259232
1055,0x002D9184,ROTATION_CANDIDATE,-0.0947265625,0.81411743164063,0.57534790039063,0.71282958984375,1.0594482421875,0.23876953125,0.10128784179688,0.24533081054688
1056,0x000D3894,X_CANDIDATE,-0.095375631004572,0.017158228904009,0.28736552596092,0.20677362382412,-0.15880930423737,0.27020729705691,0.18961539492011,0.17596753314137
1057,0x000D3A2C,X_CANDIDATE,-0.095376968383789,-20.78284072876,-20.512634277344,-20.593225479126,-20.958808898926,0.27020645141602,0.18961524963379,0.17596817016602
1058,0x000F8BA4,ROTATION_CANDIDATE,-0.098286408931017,-0.10286939144135,-0.0044071315787733,0.0077435844577849,0.0079194353893399,0.098462259862572,0.11061297589913,0.11078882683069
1059,0x0020C474,X_CANDIDATE,-0.0986328125,14205.517578125,14205.616210938,14205.616210938,14205.616210938,0.0986328125,0.0986328125,0.0986328125
1060,0x000F8D54,Z_CANDIDATE,-0.099756389856339,0.0,0.099779427051544,0.3908294737339,0.3908064365387,0.099779427051544,0.3908294737339,0.3908064365387
1061,0x000D3C9C,Z_CANDIDATE,-0.11408281326294,2.8793568611145,2.2278082370758,2.0758619308472,2.6133277416229,0.6515486240387,0.80349493026733,0.26602911949158
1062,0x00080040,ROTATION_CANDIDATE,-0.13066101074219,116.05892181396,116.24526977539,115.46365356445,116.70987701416,0.18634796142578,0.59526824951172,0.65095520019531
1063,0x001E8DD4,ROTATION_CANDIDATE,-0.13526487350464,4.0960192680359,3.2327284812927,4.8977870941162,5.6258130073547,0.86329078674316,0.80176782608032,1.5297937393188
1064,0x002D9790,X_CANDIDATE,-0.15869140625,0.64453125,0.0,0.18310546875,0.302734375,0.64453125,0.46142578125,0.341796875
1065,0x000D3890,X_CANDIDATE,-0.16372105851769,-0.03894155845046,0.16865196824074,0.14662800729275,-0.22468657791615,0.2075935266912,0.18556956574321,0.18574501946568
1066,0x000D3A28,X_CANDIDATE,-0.16372203826904,10.961058616638,11.168651580811,11.146628379822,10.77531337738,0.20759296417236,0.18556976318359,0.18574523925781
1067,0x002D8E1C,Z_CANDIDATE,-0.16455078125,0.41357421875,0.2490234375,0.0,0.0,0.16455078125,0.41357421875,0.41357421875
1068,0x000D3C7C,Z_CANDIDATE,-0.17765153944492,-0.64446204900742,-0.056992575526237,0.65481841564178,0.24500048160553,0.58746947348118,1.2992804646492,0.88946253061295
1069,0x0020F8A4,Z_CANDIDATE,-0.18947386741638,2.1895034313202,3.9168882369995,5.4547991752625,3.9168882369995,1.7273848056793,3.2652957439423,1.7273848056793
1070,0x0020F8B0,Z_CANDIDATE,-0.18947386741638,2.1895031929016,3.9168879985809,5.4547991752625,3.9168882369995,1.7273848056793,3.2652959823608,1.7273850440979
1071,0x0020F8C0,Z_CANDIDATE,-0.18947386741638,2.1895031929016,3.9168879985809,5.4547991752625,3.9168882369995,1.7273848056793,3.2652959823608,1.7273850440979
1072,0x00079E88,ROTATION_CANDIDATE,-0.19820642471313,4.0849776268005,1.0754274129868,4.4977126121521,0.86089885234833,3.0095502138138,0.41273498535156,3.2240787744522
1073,0x002F1C60,X_CANDIDATE,-0.20141023397446,1.0867387056351,0.57668298482895,0.71285331249237,0.74915814399719,0.51005572080612,0.3738853931427,0.33758056163788
1074,0x000D3490,ROTATION_CANDIDATE,-0.20150949060917,0.097199648618698,0.38125902414322,-0.18756584823132,-0.27011573314667,0.28405937552452,0.28476549685001,0.36731538176537
1075,0x000D35D8,X_CANDIDATE,-0.23129963874817,-0.42281448841095,-0.93478322029114,-0.81077814102173,-0.77811920642853,0.51196873188019,0.38796365261078,0.35530471801758
1076,0x0005E6AC,ROTATION_CANDIDATE,-0.23138582706451,0.06640625,0.736328125,0.4208984375,0.85943448543549,0.669921875,0.3544921875,0.79302823543549
1077,0x001F6FB0,X_CANDIDATE,-0.25,0.5,0.25,0.25,0.25,0.25,0.25,0.25
1078,0x001F6FE0,Z_CANDIDATE,-0.25,0.25,0.5,1.0,1.0,0.25,0.75,0.75
1079,0x001F706C,X_CANDIDATE,-0.25,0.5,0.25,0.25,0.25,0.25,0.25,0.25
1080,0x001F709C,Z_CANDIDATE,-0.25,0.25,0.5,1.0,1.0,0.25,0.75,0.75
1081,0x001F7F4C,X_CANDIDATE,-0.25,0.5,0.25,0.25,0.25,0.25,0.25,0.25
1082,0x000D3724,Z_CANDIDATE,-0.27206420898438,112.40186309814,110.25608825684,106.28413391113,108.15784454346,2.1457748413086,6.1177291870117,4.2440185546875
1083,0x000D35C0,Z_CANDIDATE,-0.27964019775391,108.30001068115,106.14835357666,102.1780090332,104.05002593994,2.1516571044922,6.1220016479492,4.2499847412109
1084,0x000D36A4,Z_CANDIDATE,-0.27964019775391,108.30001068115,106.14835357666,102.1780090332,104.05002593994,2.1516571044922,6.1220016479492,4.2499847412109
1085,0x000D36E4,Z_CANDIDATE,-0.27964019775391,108.30001068115,106.14835357666,102.1780090332,104.05002593994,2.1516571044922,6.1220016479492,4.2499847412109
1086,0x002F1D40,X_CANDIDATE,-0.29084819555283,1.0594657659531,0.70711201429367,0.74915814399719,0.72657144069672,0.35235375165939,0.31030762195587,0.33289432525635
1087,0x000F8BB4,X_CANDIDATE,-0.29119873046875,31.986206054688,500.91418457031,284.76208496094,248.42950439453,468.92797851563,252.77587890625,216.44329833984
1088,0x002D96B4,X_CANDIDATE,-0.30810546875,0.37060546875,0.0,0.046875,0.015625,0.37060546875,0.32373046875,0.35498046875
1089,0x000D3720,X_CANDIDATE,-0.32384231686592,-0.20268020033836,-0.83026492595673,-0.65219807624817,-0.70458936691284,0.62758472561836,0.44951787590981,0.50190916657448
1090,0x000D3ABC,ROTATION_CANDIDATE,-0.34505844116211,41.609703063965,40.568458557129,40.295623779297,39.599437713623,1.0412445068359,1.314079284668,2.0102653503418
1091,0x002D8FD4,X_CANDIDATE,-0.35302734375,0.35302734375,0.0,0.0,0.0,0.35302734375,0.35302734375,0.35302734375
1092,0x000D35F4,Z_CANDIDATE,-0.38015493750572,-0.32281449437141,-0.81004786491394,-0.91940975189209,-0.81233131885529,0.48723337054253,0.59659525752068,0.48951682448387
1093,0x000D3664,Z_CANDIDATE,-0.38041687011719,160.41537475586,158.15335083008,154.15933227539,156.04093933105,2.2620239257813,6.2560424804688,4.3744354248047
1094,0x002D918C,X_CANDIDATE,-0.38671875,0.41357421875,0.94091796875,0.0,0.9140625,0.52734375,0.41357421875,0.50048828125
1095,0x000D3568,X_CANDIDATE,-0.45999997854233,1.0,0.40000000596046,0.54000002145767,0.40000000596046,0.59999999403954,0.45999997854233,0.59999999403954
1096,0x000D35BC,X_CANDIDATE,-0.52287825942039,-0.32281449437141,-0.99004900455475,-0.92340964078903,-0.91233211755753,0.66723451018333,0.60059514641762,0.58951762318611
1097,0x000D36A0,X_CANDIDATE,-0.52287825942039,-0.32281449437141,-0.99004900455475,-0.92340964078903,-0.91233211755753,0.66723451018333,0.60059514641762,0.58951762318611
1098,0x000D36E0,X_CANDIDATE,-0.52287825942039,-0.32281449437141,-0.99004900455475,-0.92340964078903,-0.91233211755753,0.66723451018333,0.60059514641762,0.58951762318611
1099,0x000D3CAC,Z_CANDIDATE,-0.53888782858849,0.1396156847477,-0.39927214384079,-0.85081309080124,-0.85081309080124,0.53888782858849,0.99042877554893,0.99042877554893
1100,0x002D94FC,X_CANDIDATE,-0.5517578125,0.5517578125,0.0,0.0,0.0,0.5517578125,0.5517578125,0.5517578125
1101,0x000D3600,Z_CANDIDATE,-0.58015510439873,-0.32281449437141,-1.0100481510162,-1.1194095611572,-1.0123310089111,0.68723365664482,0.79659506678581,0.68951651453972
1102,0x0020FA60,X_CANDIDATE,-0.58435988426208,4.3598556518555,1.1802244186401,5.2273831367493,1.4633920192719,3.1796312332153,0.8675274848938,2.8964636325836
1103,0x0020FA70,X_CANDIDATE,-0.58435988426208,4.3598556518555,1.1802244186401,5.2273831367493,1.4633920192719,3.1796312332153,0.8675274848938,2.8964636325836
1104,0x0020FA54,X_CANDIDATE,-0.58436000347137,4.3598556518555,1.1802245378494,5.2273831367493,1.4633920192719,3.179631114006,0.8675274848938,2.8964636325836
1105,0x0020FC04,X_CANDIDATE,-0.59811818599701,4.7123889923096,1.5590757131577,5.4760837554932,1.7246522903442,3.1533132791519,0.76369476318359,2.9877367019653
1106,0x0020FC10,X_CANDIDATE,-0.59811866283417,4.7123889923096,1.5590757131577,5.4760837554932,1.7246518135071,3.1533132791519,0.76369476318359,2.9877371788025
1107,0x0020FC20,X_CANDIDATE,-0.59811866283417,4.7123889923096,1.5590757131577,5.4760837554932,1.7246518135071,3.1533132791519,0.76369476318359,2.9877371788025
1108,0x0020C478,X_CANDIDATE,-0.59999847412109,108.90000915527,108.30001068115,108.30001068115,108.30001068115,0.59999847412109,0.59999847412109,0.59999847412109
1109,0x0020C494,Z_CANDIDATE,-0.59999847412109,108.30001068115,108.90000915527,0.0,0.0,0.59999847412109,108.30001068115,108.30001068115
1110,0x000D35E8,X_CANDIDATE,-0.63129980862141,-0.22281448543072,-1.2347829341888,-1.0107779502869,-1.0781192779541,1.0119684487581,0.78796346485615,0.85530479252338
1111,0x003B3158,Z_CANDIDATE,-0.667724609375,0.0,-0.747314453125,67.07958984375,67.0,0.747314453125,67.07958984375,67.0
1112,0x001F6FCC,X_CANDIDATE,-0.75,0.75,0.0,0.0,0.0,0.75,0.75,0.75
1113,0x001F7088,X_CANDIDATE,-0.75,0.75,0.0,0.0,0.0,0.75,0.75,0.75
1114,0x000D38C4,ROTATION_CANDIDATE,-0.75989577174187,-0.21673926711082,0.67695289850235,0.5458979010582,0.6796942949295,0.89369216561317,0.76263716816902,0.89643356204033
1115,0x000D38BC,X_CANDIDATE,-0.87854325771332,-2.0579578876495,1.1186453104019,-0.74768161773682,0.68691229820251,3.1766031980515,1.3102762699127,2.7448701858521
1116,0x000F8B88,Z_CANDIDATE,-0.96372195892036,-1.0647498369217,-0.079905018210411,0.021510450169444,0.00038759037852287,0.98484481871128,1.0862602870911,1.0651374273002
1117,0x000F8BA0,X_CANDIDATE,-0.97953866049647,-1.081475019455,0.08005453646183,-0.021482534706593,-0.00039928779006004,1.1615295559168,1.0599924847484,1.0810757316649
1118,0x003B2F18,ROTATION_CANDIDATE,-0.99733316898346,0.0,0.99733370542526,0.99733382463455,0.99733436107635,0.99733370542526,0.99733382463455,0.99733436107635
1119,0x003B32FC,X_CANDIDATE,-0.99759697914124,-0.99759697914124,0.0,0.0,0.0,0.99759697914124,0.99759697914124,0.99759697914124
1120,0x003B338C,X_CANDIDATE,-1.0,0.0,1.0,1.0,1.0,1.0,1.0,1.0
1121,0x000D35F0,X_CANDIDATE,-1.0146880149841,-4.1168613433838,-7.2794570922852,-6.0568985939026,-6.3541078567505,3.1625957489014,1.9400372505188,2.2372465133667
1122,0x000F8B94,X_CANDIDATE,-1.02864331007,1.1472373008728,0.099781394004822,0.10919088125229,0.1091845035553,1.047455906868,1.0380464196205,1.0380527973175
1123,0x0020F574,X_CANDIDATE,-1.0999984741211,109.40000915527,108.30001068115,108.30001068115,108.30001068115,1.0999984741211,1.0999984741211,1.0999984741211
1124,0x0020F580,X_CANDIDATE,-1.0999984741211,109.40000915527,108.30001068115,108.30001068115,108.30001068115,1.0999984741211,1.0999984741211,1.0999984741211
1125,0x000691A0,X_CANDIDATE,-1.1093551069498,1.2500030994415,0.0063476581126451,0.14064799249172,0.0063476581126451,1.2436554413289,1.1093551069498,1.2436554413289
1126,0x000F8B80,X_CANDIDATE,-1.1751424148679,-1.4518713951111,0.059924438595772,-0.10733234882355,-0.10947219282389,1.5117958337069,1.3445390462875,1.3423992022872
1127,0x00076BD4,Z_CANDIDATE,-1.2119140625,1265.2647705078,1253.1196289063,1155.8505859375,1363.7457275391,12.145141601563,109.41418457031,98.48095703125
1128,0x0020C2C8,X_CANDIDATE,-1.2999954223633,109.60000610352,108.30001068115,108.30001068115,108.30001068115,1.2999954223633,1.2999954223633,1.2999954223633
1129,0x0020C2E4,Z_CANDIDATE,-1.2999954223633,108.30001068115,109.60000610352,0.0,0.0,1.2999954223633,108.30001068115,108.30001068115
1130,0x001E8D8C,ROTATION_CANDIDATE,-1.328125,13918.495117188,13165.791992188,15620.892578125,16372.267578125,752.703125,1702.3974609375,2453.7724609375
1131,0x0020F700,X_CANDIDATE,-1.3933074474335,4.6647396087646,1.4656455516815,1.5628628730774,6.155264377594,3.1990940570831,3.1018767356873,1.4905247688293
1132,0x0020F710,X_CANDIDATE,-1.3933074474335,4.6647396087646,1.4656455516815,1.5628628730774,6.155264377594,3.1990940570831,3.1018767356873,1.4905247688293
1133,0x0020F6F4,X_CANDIDATE,-1.3933078050613,4.6647391319275,1.4656451940536,1.5628626346588,6.155264377594,3.1990939378738,3.1018764972687,1.4905252456665
1134,0x000F8BA8,ROTATION_CANDIDATE,-1.4059334620833,1.4678249359131,0.059764966368675,-0.10676638782024,-0.10889289528131,1.4080599695444,1.5745913237333,1.5767178311944
1135,0x000D35E0,X_CANDIDATE,-1.4146858453751,1.3831382989883,-2.5794568061829,-1.0568985939026,-1.554105758667,3.9625951051712,2.4400368928909,2.9372440576553
1136,0x0020FF64,ROTATION_CANDIDATE,-1.5171152353287,5.4554696083069,2.3927109241486,2.5255942344666,0.9799507856369,3.0627586841583,2.9298753738403,4.47551882267
1137,0x0020FF70,ROTATION_CANDIDATE,-1.5171159505844,5.4554696083069,2.3927102088928,2.5255942344666,0.9799507856369,3.0627593994141,2.9298753738403,4.47551882267
1138,0x0020FF80,ROTATION_CANDIDATE,-1.5171159505844,5.4554696083069,2.3927102088928,2.5255942344666,0.9799507856369,3.0627593994141,2.9298753738403,4.47551882267
1139,0x000D3728,Z_CANDIDATE,-1.8602843284607,-1.6875851154327,-3.6536908149719,-3.9658563137054,-3.860034942627,1.9661056995392,2.2782711982727,2.1724498271942
1140,0x000D35C4,Z_CANDIDATE,-1.9072505235672,-1.3668614625931,-3.4452879428864,-3.8726887702942,-3.7015128135681,2.0784264802933,2.5058273077011,2.334651350975
1141,0x000D36A8,Z_CANDIDATE,-1.9072506427765,-1.3668613433838,-3.4452879428864,-3.8726887702942,-3.7015128135681,2.0784265995026,2.5058274269104,2.3346514701843
1142,0x000D36E8,Z_CANDIDATE,-1.9072506427765,-1.3668613433838,-3.4452879428864,-3.8726887702942,-3.7015128135681,2.0784265995026,2.5058274269104,2.3346514701843
1143,0x000D38B8,X_CANDIDATE,-1.9075120091438,0.34316450357437,5.7473092079163,4.1354713439941,-3.1761853694916,5.4041447043419,3.7923068404198,3.5193498730659
1144,0x000D3494,ROTATION_CANDIDATE,-1.9196472167969,100.00009918213,96.97477722168,97.878425598145,96.772750854492,3.0253219604492,2.1216735839844,3.2273483276367
1145,0x000D349C,ROTATION_CANDIDATE,-1.9196472167969,100.00009918213,96.97477722168,97.87841796875,96.772743225098,3.0253219604492,2.1216812133789,3.2273559570313
1146,0x000D356C,X_CANDIDATE,-2.0,2.0,0.0,0.0,0.0,2.0,2.0,2.0
1147,0x0020FF88,X_CANDIDATE,-2.2999954223633,103.70001220703,109.20001220703,106.00000762939,109.20001220703,5.5,2.2999954223633,5.5
1148,0x00076CD8,ROTATION_CANDIDATE,-2.45458984375,1260.3977050781,1269.3729248047,1140.3276367188,1386.9884033203,8.9752197265625,120.07006835938,126.59069824219
1149,0x000483A4,ROTATION_CANDIDATE,-2.4666652679443,30.5,37.099998474121,20.200000762939,16.066667556763,6.5999984741211,10.299999237061,14.433332443237
1150,0x000483B4,ROTATION_CANDIDATE,-2.4666652679443,30.5,37.099998474121,20.200000762939,16.066667556763,6.5999984741211,10.299999237061,14.433332443237
1151,0x000483AC,ROTATION_CANDIDATE,-2.466667175293,50.900001525879,57.5,40.599998474121,36.466667175293,6.5999984741211,10.300003051758,14.433334350586
1152,0x000483BC,ROTATION_CANDIDATE,-2.466667175293,50.900001525879,57.5,40.599998474121,36.466667175293,6.5999984741211,10.300003051758,14.433334350586
1153,0x00076D00,Z_CANDIDATE,-2.513427734375,1268.498046875,1261.794921875,1139.4777832031,1393.3286132813,6.703125,129.02026367188,124.83056640625
1154,0x00076C9C,Z_CANDIDATE,-2.7669677734375,1267.7994384766,1279.5249023438,1135.9370117188,1390.7033691406,11.725463867188,131.86242675781,122.90393066406
1155,0x003B2D90,X_CANDIDATE,-2.801821231842,0.0,3.536812543869,-2.8826594352722,-3.4559743404388,3.536812543869,2.8826594352722,3.4559743404388
1156,0x000691F0,X_CANDIDATE,-3.0844882298261,5.5000162124634,0.0063476581126451,2.2500004768372,0.17187516391277,5.4936685543507,3.2500157356262,5.3281410485506
1157,0x000D38B4,X_CANDIDATE,-3.2744204998016,-0.77883100509644,3.3730385303497,2.9325594902039,-4.4937305450439,4.1518695354462,3.7113904953003,3.7148995399475
1158,0x0020FF78,X_CANDIDATE,-3.7999954223633,103.20001220703,108.90000915527,107.00000762939,108.90000915527,5.6999969482422,3.7999954223633,5.6999969482422
1159,0x003B3320,X_CANDIDATE,-6.2133722305298,6.2133722305298,0.0,0.0,0.0,6.2133722305298,6.2133722305298,6.2133722305298
1160,0x003B2F24,X_CANDIDATE,-6.2831854820251,0.0,6.2831854820251,6.2831854820251,6.2831854820251,6.2831854820251,6.2831854820251,6.2831854820251
1161,0x0005D7A8,Z_CANDIDATE,-6.7418196201324,3.6370148658752,-3.450156211853,-3.8729302883148,-3.527578830719,7.0871710777283,7.5099451541901,7.1645936965942
1162,0x000D35EC,Z_CANDIDATE,-7.5595321655273,112.90000915527,103.70543670654,100.37683105469,102.01187133789,9.1945724487305,12.523178100586,10.888137817383
1163,0x001F836C,Z_CANDIDATE,-8.5,25.5,36.5,12.5,36.0,11.0,13.0,10.5
1164,0x003B2E94,Z_CANDIDATE,-9.0,30.0,5.0,-58.0,-42.0,25.0,88.0,72.0
1165,0x003B3028,X_CANDIDATE,-9.1575698852539,-9.1575698852539,0.0,0.0,0.0,9.1575698852539,9.1575698852539,9.1575698852539
1166,0x000D3520,Z_CANDIDATE,-9.4315624237061,9.5,19.815780639648,21.436841964722,20.552623748779,10.315780639648,11.936841964722,11.052623748779
1167,0x00076CB0,ROTATION_CANDIDATE,-10.369995117188,1260.3590087891,1278.0434570313,1139.837890625,1388.1945800781,17.684448242188,120.52111816406,127.83557128906
1168,0x000F91BC,X_CANDIDATE,-10.75,-9.75,1.0,1.0,1.0,10.75,10.75,10.75
1169,0x00076C60,Z_CANDIDATE,-10.842651367188,1267.7628173828,1254.2917480469,1139.1378173828,1393.7593994141,13.471069335938,128.625,125.99658203125
1170,0x000D3584,X_CANDIDATE,-12.0,0.0,12.0,12.0,12.0,12.0,12.0,12.0
1171,0x0006D214,ROTATION_CANDIDATE,-12.5146484375,13929.374023438,13167.004882813,15634.633789063,16384.48828125,762.369140625,1705.259765625,2455.1142578125
1172,0x00079E84,ROTATION_CANDIDATE,-14.799682617188,182.99891662598,222.59831237793,121.19983673096,96.400123596191,39.599395751953,61.79907989502,86.598793029785
1173,0x003B3154,ROTATION_CANDIDATE,-15.357421875,0.0,-15.47265625,26.884765625,27.0,15.47265625,26.884765625,27.0
1174,0x001F7E48,ROTATION_CANDIDATE,-16.75,33.0,12.5,53.0,56.75,20.5,20.0,23.75
1175,0x0006A1BC,X_CANDIDATE,-17.119140625,17642.529296875,18079.09765625,17659.6484375,18079.09765625,436.568359375,17.119140625,436.568359375
1176,0x001F1F00,X_CANDIDATE,-17.119140625,17662.529296875,18099.09765625,17679.6484375,18099.09765625,436.568359375,17.119140625,436.568359375
1177,0x001F1F08,X_CANDIDATE,-17.119140625,17642.529296875,18079.09765625,17659.6484375,18079.09765625,436.568359375,17.119140625,436.568359375
1178,0x001F1F10,X_CANDIDATE,-17.119140625,17622.529296875,18059.09765625,17639.6484375,18059.09765625,436.568359375,17.119140625,436.568359375
1179,0x001F1F18,X_CANDIDATE,-17.119140625,17642.529296875,18079.09765625,17659.6484375,18079.09765625,436.568359375,17.119140625,436.568359375
1180,0x0020F898,X_CANDIDATE,-17.119140625,17642.529296875,18079.09765625,17659.6484375,18079.09765625,436.568359375,17.119140625,436.568359375
1181,0x0020F8B4,X_CANDIDATE,-17.119140625,17645.5,18082.068359375,17662.619140625,18082.068359375,436.568359375,17.119140625,436.568359375
1182,0x0020F8C4,X_CANDIDATE,-17.119140625,17642.529296875,18079.09765625,17659.6484375,18079.09765625,436.568359375,17.119140625,436.568359375
1183,0x0020F8D0,X_CANDIDATE,-17.119140625,17642.529296875,18079.09765625,17659.6484375,18079.09765625,436.568359375,17.119140625,436.568359375
1184,0x0020F8DC,X_CANDIDATE,-17.119140625,17642.529296875,18079.09765625,17659.6484375,18079.09765625,436.568359375,17.119140625,436.568359375
1185,0x000D3564,X_CANDIDATE,-18.0,-1.0,17.0,17.0,17.0,18.0,18.0,18.0
1186,0x00076CC4,ROTATION_CANDIDATE,-18.06591796875,1261.1759033203,1291.7683105469,1143.7056884766,1391.1726074219,30.592407226563,117.47021484375,129.99670410156
1187,0x001F1E58,X_CANDIDATE,-23.645935058594,656.76611328125,599.27386474609,633.12017822266,599.27386474609,57.492248535156,23.645935058594,57.492248535156
1188,0x00076C4C,Z_CANDIDATE,-24.35888671875,1249.9147949219,1286.6130371094,1122.3978271484,1365.0924072266,36.6982421875,127.51696777344,115.17761230469
1189,0x003B2FC4,ROTATION_CANDIDATE,-26.051895141602,0.0,177.1573638916,167.89453125,319.0,177.1573638916,167.89453125,319.0
1190,0x003B2F10,X_CANDIDATE,-27.540640220046,29.484375,-0.99585002660751,0.15628422796726,0.79160052537918,30.480225026608,29.328090772033,28.692774474621
1191,0x003B31C8,X_CANDIDATE,-29.484375,29.484375,0.0,0.0,0.0,29.484375,29.484375,29.484375
1192,0x0005D7A4,ROTATION_CANDIDATE,-32.91198348999,377.1354675293,113.0,239.0,7.7765159606934,264.1354675293,138.1354675293,369.3589515686
1193,0x00079E80,X_CANDIDATE,-37.0,201.5,44.5,47.0,241.0,157.0,154.5,39.5
1194,0x001F1C78,X_CANDIDATE,-40.893280029297,449.47570800781,22.932434082031,169.70001220703,261.81484985352,426.54327392578,279.77569580078,187.6608581543
1195,0x001F1E54,X_CANDIDATE,-50.451354980469,316.46759033203,399.02435302734,233.91082763672,266.01623535156,82.556762695313,82.556762695313,50.451354980469
1196,0x001F1E20,Z_CANDIDATE,-51.361328125,18177.5390625,17659.6484375,17193.119140625,17659.6484375,517.890625,984.419921875,517.890625
1197,0x001F1C44,X_CANDIDATE,-59.921875,16516.865234375,17163.158203125,17163.158203125,16576.787109375,646.29296875,646.29296875,59.921875
1198,0x002346DC,ROTATION_CANDIDATE,-61.37890625,14116.646484375,13049.9453125,15224.82421875,16230.146484375,1066.701171875,1108.177734375,2113.5
1199,0x001F220C,X_CANDIDATE,-68.797302246094,169.70001220703,13.759460449219,18.345947265625,96.316223144531,155.94055175781,151.35406494141,73.3837890625
1200,0x0020FF74,Z_CANDIDATE,-72.822265625,16853.958984375,17193.435546875,17225.72265625,16748.849609375,339.4765625,371.763671875,105.109375
1201,0x003B3150,Z_CANDIDATE,-74.0,0.0,74.0,77.0,77.0,74.0,77.0,77.0
1202,0x0020FF84,Z_CANDIDATE,-79.912109375,16857.68359375,17190.740234375,17223.26171875,16745.25,333.056640625,365.578125,112.43359375
1203,0x0020FF58,Z_CANDIDATE,-81.771484375,16859.42578125,17192.087890625,17224.4921875,16745.25,332.662109375,365.06640625,114.17578125
1204,0x00081630,Z_CANDIDATE,-82.069869995117,-602.29608154297,-397.90972900391,-1498.7612304688,171.85258483887,204.38635253906,896.46514892578,774.14866638184
1205,0x0006A1C4,Z_CANDIDATE,-85.60205078125,6030.6459960938,5517.03515625,5089.0263671875,5517.03515625,513.61083984375,941.61962890625,513.61083984375
1206,0x001F1F04,Z_CANDIDATE,-85.60205078125,6030.6459960938,5517.03515625,5089.0263671875,5517.03515625,513.61083984375,941.61962890625,513.61083984375
1207,0x001F1F0C,Z_CANDIDATE,-85.60205078125,6050.6459960938,5537.03515625,5109.0263671875,5537.03515625,513.61083984375,941.61962890625,513.61083984375
1208,0x001F1F14,Z_CANDIDATE,-85.60205078125,6030.6459960938,5517.03515625,5089.0263671875,5517.03515625,513.61083984375,941.61962890625,513.61083984375
1209,0x001F1F1C,Z_CANDIDATE,-85.60205078125,6010.6459960938,5497.03515625,5069.0263671875,5497.03515625,513.61083984375,941.61962890625,513.61083984375
1210,0x0020F8A0,Z_CANDIDATE,-85.60205078125,6030.6459960938,5517.03515625,5089.0263671875,5517.03515625,513.61083984375,941.61962890625,513.61083984375
1211,0x0020F8BC,Z_CANDIDATE,-85.60205078125,6027.6762695313,5514.0654296875,5086.056640625,5514.0654296875,513.61083984375,941.61962890625,513.61083984375
1212,0x0020F8CC,Z_CANDIDATE,-85.60205078125,6030.6459960938,5517.03515625,5089.0263671875,5517.03515625,513.61083984375,941.61962890625,513.61083984375
1213,0x0020F8D8,Z_CANDIDATE,-85.60205078125,6030.6459960938,5517.03515625,5089.0263671875,5517.03515625,513.61083984375,941.61962890625,513.61083984375
1214,0x0020F8E4,Z_CANDIDATE,-85.60205078125,6030.6459960938,5517.03515625,5089.0263671875,5517.03515625,513.61083984375,941.61962890625,513.61083984375
1215,0x001F2610,Z_CANDIDATE,-86.927734375,16859.42578125,17189.474609375,17221.919921875,16740.052734375,330.048828125,362.494140625,119.373046875
1216,0x0020FF7C,Z_CANDIDATE,-90.255859375,19260.669921875,19591.740234375,19949.759765625,19708.9453125,331.0703125,689.08984375,448.275390625
1217,0x001F2618,Z_CANDIDATE,-90.5703125,19254.279296875,19596.5859375,19955.216796875,19703.48046875,342.306640625,700.9375,449.201171875
1218,0x0006A294,Z_CANDIDATE,-91.06640625,19246.84375,19593.353515625,19958.923828125,19703.48046875,346.509765625,712.080078125,456.63671875
1219,0x0020FF8C,Z_CANDIDATE,-92.029296875,19256.298828125,19594.966796875,19953.41015625,19706.771484375,338.66796875,697.111328125,450.47265625
1220,0x0020FF60,Z_CANDIDATE,-94.259765625,19254.279296875,19593.353515625,19951.5859375,19706.771484375,339.07421875,697.306640625,452.4921875
1221,0x003B2A28,Z_CANDIDATE,-95.89111328125,107.89111328125,-60.0,-182.0,-110.0,167.89111328125,289.89111328125,217.89111328125
1222,0x000D3604,ROTATION_CANDIDATE,-97.700012207031,0.0,97.900009155273,97.900009155273,98.100006103516,97.900009155273,97.900009155273,98.100006103516
1223,0x000D35F8,X_CANDIDATE,-97.900009155273,0.0,97.900009155273,97.900009155273,97.900009155273,97.900009155273,97.900009155273,97.900009155273
1224,0x0006A28C,Z_CANDIDATE,-98.890625,16865.96484375,17192.087890625,17219.109375,16740.052734375,326.123046875,353.14453125,125.912109375
1225,0x001F1FFC,ROTATION_CANDIDATE,-107.001953125,5521.3154296875,5761.0004882813,5957.8842773438,6090.5673828125,239.68505859375,436.56884765625,569.251953125
1226,0x003B3118,X_CANDIDATE,-107.15840911865,-107.15840911865,0.0,0.0,0.0,107.15840911865,107.15840911865,107.15840911865
1227,0x003B2F04,X_CANDIDATE,-107.41625976563,-107.41625976563,0.0,0.0,0.0,107.41625976563,107.41625976563,107.41625976563
1228,0x003B3034,X_CANDIDATE,-107.41625976563,-107.41625976563,0.0,0.0,0.0,107.41625976563,107.41625976563,107.41625976563
1229,0x001F7054,Z_CANDIDATE,-119.0,123.0,4.0,0.25,0.25,119.0,122.75,122.75
1230,0x001F6FAC,X_CANDIDATE,-121.0,-1.0,120.0,120.0,120.0,121.0,121.0,121.0
1231,0x001F6FDC,X_CANDIDATE,-121.0,120.0,-1.0,-1.0,-1.0,121.0,121.0,121.0
1232,0x001F7068,X_CANDIDATE,-121.0,-1.0,120.0,120.0,120.0,121.0,121.0,121.0
1233,0x001F7098,X_CANDIDATE,-121.0,120.0,-1.0,-1.0,-1.0,121.0,121.0,121.0
1234,0x001F7F48,X_CANDIDATE,-121.0,-1.0,120.0,120.0,120.0,121.0,121.0,121.0
1235,0x0006A190,X_CANDIDATE,-124.6943359375,12168.293945313,12823.147460938,12758.946289063,12357.189453125,654.853515625,590.65234375,188.8955078125
1236,0x001F2030,Z_CANDIDATE,-126.12838745117,220.1513671875,73.3837890625,55.037841796875,75.677032470703,146.767578125,165.11352539063,144.4743347168
1237,0x003B34A0,ROTATION_CANDIDATE,-129.5949955089,-139.5288848877,0.0087565695866942,0.057354051619768,10.0,139.53764145728,139.58623893932,149.5288848877
1238,0x0020F70C,X_CANDIDATE,-130.7080078125,12172.590820313,12827.444335938,12763.243164063,12367.5,654.853515625,590.65234375,194.9091796875
1239,0x001F1D28,X_CANDIDATE,-130.900390625,12168.293945313,12823.147460938,12758.946289063,12363.395507813,654.853515625,590.65234375,195.1015625
1240,0x001F1D30,X_CANDIDATE,-130.900390625,12188.293945313,12843.147460938,12778.946289063,12383.395507813,654.853515625,590.65234375,195.1015625
1241,0x001F1D38,X_CANDIDATE,-130.900390625,12168.293945313,12823.147460938,12758.946289063,12363.395507813,654.853515625,590.65234375,195.1015625
1242,0x001F1D40,X_CANDIDATE,-130.900390625,12148.293945313,12803.147460938,12738.946289063,12343.395507813,654.853515625,590.65234375,195.1015625
1243,0x0020F6F0,X_CANDIDATE,-130.900390625,12168.293945313,12823.147460938,12758.946289063,12363.395507813,654.853515625,590.65234375,195.1015625
1244,0x0020F71C,X_CANDIDATE,-130.900390625,12168.293945313,12823.147460938,12758.946289063,12363.395507813,654.853515625,590.65234375,195.1015625
1245,0x0005D78C,ROTATION_CANDIDATE,-132.53991699219,161.44421386719,19.404296875,10.0,0.5,142.03991699219,151.44421386719,160.94421386719
1246,0x001F1E28,X_CANDIDATE,-132.6826171875,5649.7177734375,5089.0263671875,5517.03515625,5089.0263671875,560.69140625,132.6826171875,560.69140625
1247,0x001F2590,Z_CANDIDATE,-145.525390625,16722.30859375,17223.080078125,17544.0859375,17188.83984375,500.771484375,821.77734375,466.53125
1248,0x001F25B8,Z_CANDIDATE,-145.525390625,16722.30859375,17223.080078125,17544.0859375,17188.83984375,500.771484375,821.77734375,466.53125
1249,0x0003FD94,ROTATION_CANDIDATE,-148.0,1830.0,2226.0,1212.0,964.0,396.0,618.0,866.0
1250,0x001F21E0,X_CANDIDATE,-154.0830078125,-4669.5776367188,-4310.0498046875,-4476.9736328125,-4348.5708007813,359.52783203125,192.60400390625,321.0068359375
1251,0x001F7F34,Z_CANDIDATE,-173.5,294.0,120.5,35.25,35.25,173.5,258.75,258.75
1252,0x003B3000,X_CANDIDATE,-184.13442993164,0.0,184.13442993164,184.13442993164,184.13442993164,184.13442993164,184.13442993164,184.13442993164
1253,0x001F2674,Z_CANDIDATE,-184.513671875,19156.736328125,19589.6953125,19955.216796875,19706.771484375,432.958984375,798.48046875,550.03515625
1254,0x001F267C,Z_CANDIDATE,-184.513671875,19176.736328125,19609.6953125,19975.216796875,19726.771484375,432.958984375,798.48046875,550.03515625
1255,0x001F2684,Z_CANDIDATE,-184.513671875,19156.736328125,19589.6953125,19955.216796875,19706.771484375,432.958984375,798.48046875,550.03515625
1256,0x001F268C,Z_CANDIDATE,-184.513671875,19136.736328125,19569.6953125,19935.216796875,19686.771484375,432.958984375,798.48046875,550.03515625
1257,0x002346D8,Z_CANDIDATE,-186.716796875,18089.484375,17353.634765625,19278.87890625,18729.74609375,735.849609375,1189.39453125,640.26171875
1258,0x003B301C,X_CANDIDATE,-188.0,189.0,1.0,1.0,1.0,188.0,188.0,188.0
1259,0x0020FDDC,Z_CANDIDATE,-190.12915039063,-3350.3298339844,-3100.279296875,-3059.2836914063,-3581.4545898438,250.05053710938,291.04614257813,231.12475585938
1260,0x0020FDB0,Z_CANDIDATE,-190.16259765625,-3351.3100585938,-3101.2260742188,-3060.2639160156,-3582.4348144531,250.083984375,291.04614257813,231.12475585938
1261,0x0020FDCC,Z_CANDIDATE,-190.19604492188,-3352.2902832031,-3102.1728515625,-3061.244140625,-3583.4150390625,250.11743164063,291.04614257813,231.12475585938
1262,0x003B2F8C,X_CANDIDATE,-191.02673339844,0.0,191.02673339844,191.02673339844,191.02673339844,191.02673339844,191.02673339844,191.02673339844
1263,0x0006A260,Z_CANDIDATE,-193.642578125,-3351.3100585938,-3097.74609375,-3060.2639160156,-3582.4348144531,253.56396484375,291.04614257813,231.12475585938
1264,0x0020F728,X_CANDIDATE,-205.29296875,12258.327148438,12913.180664063,12848.979492188,12527.821289063,654.853515625,590.65234375,269.494140625
1265,0x0020F734,X_CANDIDATE,-205.29296875,12258.327148438,12913.180664063,12848.979492188,12527.821289063,654.853515625,590.65234375,269.494140625
1266,0x001F2210,ROTATION_CANDIDATE,-216.18797302246,710.49481201172,363.83279418945,278.50192260742,148.02787780762,346.66201782227,431.9928894043,562.4669342041
1267,0x002346D4,ROTATION_CANDIDATE,-224.8173828125,14287.1328125,13343.641601563,15982.541015625,16701.21484375,943.4912109375,1695.408203125,2414.08203125
1268,0x0020FDE8,X_CANDIDATE,-231.12475585938,-3370.0673828125,-3079.0212402344,-3079.0212402344,-3601.1921386719,291.04614257813,291.04614257813,231.12475585938
1269,0x0020FDF4,X_CANDIDATE,-231.12475585938,-3370.0673828125,-3079.0212402344,-3079.0212402344,-3601.1921386719,291.04614257813,291.04614257813,231.12475585938
1270,0x001F6F98,Z_CANDIDATE,-256.0,260.0,4.0,0.25,0.25,256.0,259.75,259.75
1271,0x001F1C4C,X_CANDIDATE,-256.8056640625,12138.333007813,12895.909179688,12763.2265625,12527.821289063,757.576171875,624.8935546875,389.48828125
1272,0x001F2034,Z_CANDIDATE,-266.21487426758,706.84973144531,393.44247436523,260.6640625,307.8564453125,313.40725708008,446.18566894531,398.99328613281
1273,0x001F21D8,ROTATION_CANDIDATE,-308.16642379761,-350.96731567383,21.400447845459,158.36331176758,222.56465148926,372.36776351929,509.33062744141,573.53196716309
1274,0x001F2004,ROTATION_CANDIDATE,-338.126953125,-3573.8745117188,-3103.0646972656,-3201.5068359375,-3068.8239746094,470.80981445313,372.36767578125,505.05053710938
1275,0x003B2B9C,X_CANDIDATE,-339.57901000977,826.05859375,7.6756896972656,1540.6513671875,382.689453125,818.38290405273,714.5927734375,443.369140625
1276,0x001EEFFC,Z_CANDIDATE,-341.69927978516,50.451354980469,963.16223144531,1735.9809570313,1164.9693603516,912.71087646484,1685.5296020508,1114.5180053711
1277,0x0006A188,X_CANDIDATE,-397.494140625,17150.318359375,16474.064453125,16628.146484375,16598.7421875,676.25390625,522.171875,551.576171875
1278,0x0020F704,X_CANDIDATE,-397.724609375,17149.982421875,16473.728515625,16627.810546875,16598.17578125,676.25390625,522.171875,551.806640625
1279,0x001F1D24,X_CANDIDATE,-397.833984375,17170.318359375,16494.064453125,16648.146484375,16618.40234375,676.25390625,522.171875,551.916015625
1280,0x001F1D2C,X_CANDIDATE,-397.833984375,17150.318359375,16474.064453125,16628.146484375,16598.40234375,676.25390625,522.171875,551.916015625
1281,0x001F1D34,X_CANDIDATE,-397.833984375,17130.318359375,16454.064453125,16608.146484375,16578.40234375,676.25390625,522.171875,551.916015625
1282,0x001F1D3C,X_CANDIDATE,-397.833984375,17150.318359375,16474.064453125,16628.146484375,16598.40234375,676.25390625,522.171875,551.916015625
1283,0x0020F6E8,X_CANDIDATE,-397.833984375,17150.318359375,16474.064453125,16628.146484375,16598.40234375,676.25390625,522.171875,551.916015625
1284,0x0020F714,X_CANDIDATE,-397.833984375,17150.318359375,16474.064453125,16628.146484375,16598.40234375,676.25390625,522.171875,551.916015625
1285,0x0020F720,X_CANDIDATE,-405.994140625,17573.431640625,16897.177734375,17051.259765625,17013.35546875,676.25390625,522.171875,560.076171875
1286,0x0020F72C,X_CANDIDATE,-405.994140625,17573.431640625,16897.177734375,17051.259765625,17013.35546875,676.25390625,522.171875,560.076171875
1287,0x003B30B4,Z_CANDIDATE,-410.888671875,0.0,-5427.1533203125,17544.0859375,12527.821289063,5427.1533203125,17544.0859375,12527.821289063
1288,0x003B2EB0,Z_CANDIDATE,-528.048828125,18173.9765625,17217.296875,19230.43359375,18801.802734375,956.6796875,1056.45703125,627.826171875
1289,0x0005D794,X_CANDIDATE,-542.224609375,-3278.224609375,3055.0,319.0,0.0,6333.224609375,3597.224609375,3278.224609375
1290,0x000D7AB4,X_CANDIDATE,-580.50439453125,-580.50439453125,0.0,0.0,0.0,580.50439453125,580.50439453125,580.50439453125
1291,0x000E92B4,X_CANDIDATE,-580.50439453125,-580.50439453125,0.0,0.0,0.0,580.50439453125,580.50439453125,580.50439453125
1292,0x002346D0,Z_CANDIDATE,-618.44921875,17643.830078125,16585.90625,18989.01171875,18549.537109375,1057.923828125,1345.181640625,905.70703125
1293,0x0006D21C,Z_CANDIDATE,-674.90625,18016.748046875,17041.107421875,19199.470703125,18898.736328125,975.640625,1182.72265625,881.98828125
1294,0x003B300C,X_CANDIDATE,-676.599609375,676.599609375,0.0,0.0,0.0,676.599609375,676.599609375,676.599609375
1295,0x003B3254,Z_CANDIDATE,-684.607421875,0.0,-687.0703125,-772.728515625,-770.265625,687.0703125,772.728515625,770.265625
1296,0x001E8D94,Z_CANDIDATE,-697.162109375,18009.041015625,17027.830078125,19198.6171875,18914.568359375,981.2109375,1189.576171875,905.52734375
1297,0x000F9078,ROTATION_CANDIDATE,-788.30376657844,-0.1353203356266,-3937.2946777344,-1150.6595458984,-4299.5151367188,3937.1593573987,1150.5242255628,4299.3798163831
1298,0x003B3250,ROTATION_CANDIDATE,-859.4169921875,0.0,987.6181640625,1171.9375,1300.138671875,987.6181640625,1171.9375,1300.138671875
1299,0x002346E0,Z_CANDIDATE,-868.681640625,18330.134765625,17380.474609375,19420.990234375,19340.01171875,949.66015625,1090.85546875,1009.876953125
1300,0x002346C8,ROTATION_CANDIDATE,-1243.048828125,17884.478515625,16612.748046875,19131.123046875,19159.8046875,1271.73046875,1246.64453125,1275.326171875
1301,0x003B2A14,Z_CANDIDATE,-1436.0048828125,1597.5837402344,-223.11157226563,-480.6552734375,-95.96484375,1820.6953125,2078.2390136719,1693.5485839844
1302,0x000F923C,X_CANDIDATE,-1775.0,1776.0,1.0,1.0,1.0,1775.0,1775.0,1775.0
1303,0x000F913C,X_CANDIDATE,-1793.0,-1792.0,1.0,1.0,1.0,1793.0,1793.0,1793.0
1304,0x000F8BB0,X_CANDIDATE,-1834.2734375,-327.646484375,-2572.546875,-2330.58203125,1748.591796875,2244.900390625,2002.935546875,2076.23828125
1305,0x000F92BC,X_CANDIDATE,-1959.0,1960.0,1.0,1.0,1.0,1959.0,1959.0,1959.0
1306,0x003B2EE4,ROTATION_CANDIDATE,-2328.0,0.0,3255.0,3414.0,4341.0,3255.0,3414.0,4341.0
1307,0x0005D784,X_CANDIDATE,-2374.1523349285,-2380.111328125,10.1005859375,1.0,3.1415927410126,2390.2119140625,2381.111328125,2383.252920866
1308,0x000F8BB8,Z_CANDIDATE,-2619.5029296875,21.513671875,-3078.529296875,-4388.3251953125,-3907.78515625,3100.04296875,4409.8388671875,3929.298828125
1309,0x003B32F0,Z_CANDIDATE,-3789.175470531,0.99762517213821,3790.2526855469,4414.0795898438,4414.0,3789.2550603747,4413.0819646716,4413.0023748279
1310,0x003B320C,X_CANDIDATE,-3946.5837402344,3946.5837402344,0.0,0.0,0.0,3946.5837402344,3946.5837402344,3946.5837402344
1311,0x003B3224,X_CANDIDATE,-4054.0,4054.0,0.0,0.0,0.0,4054.0,4054.0,4054.0
1312,0x003B3138,Z_CANDIDATE,-4624.484375,4711.484375,87.0,-41.0,-41.0,4624.484375,4752.484375,4752.484375
1313,0x003B3030,X_CANDIDATE,-4711.484375,4711.484375,0.0,0.0,0.0,4711.484375,4711.484375,4711.484375
1314,0x003B2B7C,Z_CANDIDATE,-5299.87890625,10265.0546875,17380.474609375,19416.654296875,17601.11328125,7115.419921875,9151.599609375,7336.05859375
1315,0x003B2EF0,ROTATION_CANDIDATE,-12142.970703125,3.0,12978.5703125,15157.978515625,15990.578125,12975.5703125,15154.978515625,15987.578125
1316,0x003B2EAC,ROTATION_CANDIDATE,-12473.081542969,-88.80615234375,13115.872070313,15812.299804688,16543.896484375,13204.678222656,15901.105957031,16632.702636719
1317,0x003B317C,Z_CANDIDATE,-16222.280273438,0.0,16222.620117188,18892.654296875,18892.314453125,16222.620117188,18892.654296875,18892.314453125
1318,0x003B31DC,Z_CANDIDATE,-16222.280273438,0.0,16222.620117188,18892.654296875,18892.314453125,16222.620117188,18892.654296875,18892.314453125
1319,0x003B3290,Z_CANDIDATE,-16222.280273438,0.0,16222.620117188,18892.654296875,18892.314453125,16222.620117188,18892.654296875,18892.314453125
1320,0x003B3008,Z_CANDIDATE,-17182.736328125,-278.037109375,17340.357421875,18993.111328125,18557.453125,17618.39453125,19271.1484375,18835.490234375
1321,0x003B2F94,X_CANDIDATE,-20165.57421875,20165.57421875,0.0,0.0,0.0,20165.57421875,20165.57421875,20165.57421875
1322,0x0005D7AC,Z_CANDIDATE,-65529.11854887,65536.0,6.0,5.4017343521118,6.2831854820251,65530.0,65530.598265648,65529.716814518
