frame,event,state,enabled,acquisition,stable_count,quiet_count,reacquire_count,search_frame,normalized_x,normalized_y,target_x,target_y,error_x,error_y,velocity_x,velocity_y,filtered_velocity_x,filtered_velocity_y,remembered_error_x,remembered_error_y,screen_x,screen_y,raw_x,raw_y,acquired_signal,quiet_signal,enter_aligned,exit_aligned,command_x,command_y,search_decay
28951,SAMPLE,IDLE,false,0,0,0,0,0,0.0,-0.069813169538975,0.0,-0.07,0.0,0.00018683046102524,0.0,0.0,0.0,3.0270854515625e-23,0,0,160.0,120.0,0.0,0.0,false,true,true,true,0,0,0
28952,SAMPLE,IDLE,false,0,0,0,0,0,0.0,-0.069813169538975,0.0,-0.07,0.0,0.00018683046102524,0.0,0.0,0.0,1.9676055435156e-23,0,0,160.0,120.0,0.0,0.0,false,true,true,true,0,0,0
28953,SAMPLE,IDLE,false,0,0,0,0,0,0.0,-0.069813169538975,0.0,-0.07,0.0,0.00018683046102524,0.0,0.0,0.0,1.2789436032852e-23,0,0,160.0,120.0,0.0,0.0,false,true,true,true,0,0,0
28954,SAMPLE,IDLE,false,0,0,0,0,0,0.0,-0.069813169538975,0.0,-0.07,0.0,0.00018683046102524,0.0,0.0,0.0,8.3131334213535e-24,0,0,160.0,120.0,0.0,0.0,false,true,true,true,0,0,0
28955,SAMPLE,IDLE,false,0,0,0,0,0,0.0,-0.069813169538975,0.0,-0.07,0.0,0.00018683046102524,0.0,0.0,0.0,5.4035367238798e-24,0,0,160.0,120.0,0.0,0.0,false,true,true,true,0,0,0
28956,SAMPLE,IDLE,false,0,0,0,0,0,0.0,-0.069813169538975,0.0,-0.07,0.0,0.00018683046102524,0.0,0.0,0.0,3.5122988705219e-24,0,0,160.0,120.0,0.0,0.0,false,true,true,true,0,0,0
28957,SAMPLE,IDLE,false,0,0,0,0,0,0.0,-0.069813169538975,0.0,-0.07,0.0,0.00018683046102524,0.0,0.0,0.0,2.2829942658392e-24,0,0,160.0,120.0,0.0,0.0,false,true,true,true,0,0,0
28958,SAMPLE,IDLE,false,0,0,0,0,0,0.0,-0.069813169538975,0.0,-0.07,0.0,0.00018683046102524,0.0,0.0,0.0,1.4839462727955e-24,0,0,160.0,120.0,0.0,0.0,false,true,true,true,0,0,0
28959,SAMPLE,IDLE,false,0,0,0,0,0,0.0,-0.069813169538975,0.0,-0.07,0.0,0.00018683046102524,0.0,0.0,0.0,9.6456507731706e-25,0,0,160.0,120.0,0.0,0.0,false,true,true,true,0,0,0
28960,SAMPLE,IDLE,false,0,0,0,0,0,0.0,-0.069813169538975,0.0,-0.07,0.0,0.00018683046102524,0.0,0.0,0.0,6.2696730025609e-25,0,0,160.0,120.0,0.0,0.0,false,true,true,true,0,0,0
28961,SAMPLE,IDLE,false,0,0,0,0,0,0.0,-0.069813169538975,0.0,-0.07,0.0,0.00018683046102524,0.0,0.0,0.0,4.0752874516646e-25,0,0,160.0,120.0,0.0,0.0,false,true,true,true,0,0,0
28962,SAMPLE,IDLE,false,0,0,0,0,0,0.0,-0.069813169538975,0.0,-0.07,0.0,0.00018683046102524,0.0,0.0,0.0,2.648936843582e-25,0,0,160.0,120.0,0.0,0.0,false,true,true,true,0,0,0
28963,SAMPLE,IDLE,false,0,0,0,0,0,0.0,-0.069813169538975,0.0,-0.07,0.0,0.00018683046102524,0.0,0.0,0.0,1.7218089483283e-25,0,0,160.0,120.0,0.0,0.0,false,true,true,true,0,0,0
28964,SAMPLE,IDLE,false,0,0,0,0,0,0.0,-0.069813169538975,0.0,-0.07,0.0,0.00018683046102524,0.0,0.0,0.0,1.1191758164134e-25,0,0,160.0,120.0,0.0,0.0,false,true,true,true,0,0,0
28965,SAMPLE,IDLE,false,0,0,0,0,0,0.0,-0.069813169538975,0.0,-0.07,0.0,0.00018683046102524,0.0,0.0,0.0,7.274642806687e-26,0,0,160.0,120.0,0.0,0.0,false,true,true,true,0,0,0
28966,SAMPLE,IDLE,false,0,0,0,0,0,0.0,-0.069813169538975,0.0,-0.07,0.0,0.00018683046102524,0.0,0.0,0.0,4.7285178243466e-26,0,0,160.0,120.0,0.0,0.0,false,true,true,true,0,0,0
28967,SAMPLE,IDLE,false,0,0,0,0,0,0.0,-0.069813169538975,0.0,-0.07,0.0,0.00018683046102524,0.0,0.0,0.0,3.0735365858253e-26,0,0,160.0,120.0,0.0,0.0,false,true,true,true,0,0,0
28968,SAMPLE,IDLE,false,0,0,0,0,0,0.0,-0.069813169538975,0.0,-0.07,0.0,0.00018683046102524,0.0,0.0,0.0,1.9977987807864e-26,0,0,160.0,120.0,0.0,0.0,false,true,true,true,0,0,0
28969,SAMPLE,IDLE,false,0,0,0,0,0,0.0,-0.069813169538975,0.0,-0.07,0.0,0.00018683046102524,0.0,0.0,0.0,1.2985692075112e-26,0,0,160.0,120.0,0.0,0.0,false,true,true,true,0,0,0
28970,SAMPLE,IDLE,false,0,0,0,0,0,0.0,-0.069813169538975,0.0,-0.07,0.0,0.00018683046102524,0.0,0.0,0.0,8.4406998488226e-27,0,0,160.0,120.0,0.0,0.0,false,true,true,true,0,0,0
28971,SAMPLE,IDLE,false,0,0,0,0,0,0.0,-0.069813169538975,0.0,-0.07,0.0,0.00018683046102524,0.0,0.0,0.0,5.4864549017347e-27,0,0,160.0,120.0,0.0,0.0,false,true,true,true,0,0,0
28972,SAMPLE,IDLE,false,0,0,0,0,0,0.0,-0.069813169538975,0.0,-0.07,0.0,0.00018683046102524,0.0,0.0,0.0,3.5661956861276e-27,0,0,160.0,120.0,0.0,0.0,false,true,true,true,0,0,0
28973,SAMPLE,IDLE,false,0,0,0,0,0,0.0,-0.069813169538975,0.0,-0.07,0.0,0.00018683046102524,0.0,0.0,0.0,2.3180271959829e-27,0,0,160.0,120.0,0.0,0.0,false,true,true,true,0,0,0
28974,SAMPLE,IDLE,false,0,0,0,0,0,0.0,-0.069813169538975,0.0,-0.07,0.0,0.00018683046102524,0.0,0.0,0.0,1.5067176773889e-27,0,0,160.0,120.0,0.0,0.0,false,true,true,true,0,0,0
28975,SAMPLE,IDLE,false,0,0,0,0,0,0.0,-0.069813169538975,0.0,-0.07,0.0,0.00018683046102524,0.0,0.0,0.0,9.7936649030278e-28,0,0,160.0,120.0,0.0,0.0,false,true,true,true,0,0,0
28976,SAMPLE,IDLE,false,0,0,0,0,0,0.0,-0.069813169538975,0.0,-0.07,0.0,0.00018683046102524,0.0,0.0,0.0,6.3658821869681e-28,0,0,160.0,120.0,0.0,0.0,false,true,true,true,0,0,0
28977,SAMPLE,IDLE,false,0,0,0,0,0,0.0,-0.069813169538975,0.0,-0.07,0.0,0.00018683046102524,0.0,0.0,0.0,4.1378234215293e-28,0,0,160.0,120.0,0.0,0.0,false,true,true,true,0,0,0
28978,SAMPLE,IDLE,false,0,0,0,0,0,0.0,-0.069813169538975,0.0,-0.07,0.0,0.00018683046102524,0.0,0.0,0.0,2.689585223994e-28,0,0,160.0,120.0,0.0,0.0,false,true,true,true,0,0,0
28979,SAMPLE,IDLE,false,0,0,0,0,0,0.0,-0.069813169538975,0.0,-0.07,0.0,0.00018683046102524,0.0,0.0,0.0,1.7482303955961e-28,0,0,160.0,120.0,0.0,0.0,false,true,true,true,0,0,0
28980,SAMPLE,IDLE,false,0,0,0,0,0,0.0,-0.069813169538975,0.0,-0.07,0.0,0.00018683046102524,0.0,0.0,0.0,1.1363497571375e-28,0,0,160.0,120.0,0.0,0.0,false,true,true,true,0,0,0
28981,SAMPLE,IDLE,false,0,0,0,0,0,0.0,-0.069813169538975,0.0,-0.07,0.0,0.00018683046102524,0.0,0.0,0.0,7.3862734213936e-29,0,0,160.0,120.0,0.0,0.0,false,true,true,true,0,0,0
28982,SAMPLE,IDLE,false,0,0,0,0,0,0.0,-0.069813169538975,0.0,-0.07,0.0,0.00018683046102524,0.0,0.0,0.0,4.8010777239058e-29,0,0,160.0,120.0,0.0,0.0,false,true,true,true,0,0,0
28983,SAMPLE,IDLE,false,0,0,0,0,0,0.0,-0.069813169538975,0.0,-0.07,0.0,0.00018683046102524,0.0,0.0,0.0,3.1207005205388e-29,0,0,160.0,120.0,0.0,0.0,false,true,true,true,0,0,0
28984,SAMPLE,IDLE,false,0,0,0,0,0,0.0,-0.069813169538975,0.0,-0.07,0.0,0.00018683046102524,0.0,0.0,0.0,2.0284553383502e-29,0,0,160.0,120.0,0.0,0.0,false,true,true,true,0,0,0
28985,SAMPLE,IDLE,false,0,0,0,0,0,0.0,-0.069813169538975,0.0,-0.07,0.0,0.00018683046102524,0.0,0.0,0.0,1.3184959699276e-29,0,0,160.0,120.0,0.0,0.0,false,true,true,true,0,0,0
28986,SAMPLE,IDLE,false,0,0,0,0,0,0.0,-0.069813169538975,0.0,-0.07,0.0,0.00018683046102524,0.0,0.0,0.0,8.5702238045296e-30,0,0,160.0,120.0,0.0,0.0,false,true,true,true,0,0,0
28987,SAMPLE,IDLE,false,0,0,0,0,0,0.0,-0.069813169538975,0.0,-0.07,0.0,0.00018683046102524,0.0,0.0,0.0,5.5706454729443e-30,0,0,160.0,120.0,0.0,0.0,false,true,true,true,0,0,0
28988,SAMPLE,IDLE,false,0,0,0,0,0,0.0,-0.069813169538975,0.0,-0.07,0.0,0.00018683046102524,0.0,0.0,0.0,3.6209195574138e-30,0,0,160.0,120.0,0.0,0.0,false,true,true,true,0,0,0
28989,SAMPLE,IDLE,false,0,0,0,0,0,0.0,-0.069813169538975,0.0,-0.07,0.0,0.00018683046102524,0.0,0.0,0.0,2.353597712319e-30,0,0,160.0,120.0,0.0,0.0,false,true,true,true,0,0,0
28990,SAMPLE,IDLE,false,0,0,0,0,0,0.0,-0.069813169538975,0.0,-0.07,0.0,0.00018683046102524,0.0,0.0,0.0,1.5298385130073e-30,0,0,160.0,120.0,0.0,0.0,false,true,true,true,0,0,0
28991,SAMPLE,IDLE,false,0,0,0,0,0,0.0,-0.069813169538975,0.0,-0.07,0.0,0.00018683046102524,0.0,0.0,0.0,9.9439503345476e-31,0,0,160.0,120.0,0.0,0.0,false,true,true,true,0,0,0
28992,SAMPLE,IDLE,false,0,0,0,0,0,0.0,-0.069813169538975,0.0,-0.07,0.0,0.00018683046102524,0.0,0.0,0.0,6.4635677174559e-31,0,0,160.0,120.0,0.0,0.0,false,true,true,true,0,0,0
28993,SAMPLE,IDLE,false,0,0,0,0,0,0.0,-0.069813169538975,0.0,-0.07,0.0,0.00018683046102524,0.0,0.0,0.0,4.2013190163464e-31,0,0,160.0,120.0,0.0,0.0,false,true,true,true,0,0,0
28994,SAMPLE,IDLE,false,0,0,0,0,0,0.0,-0.069813169538975,0.0,-0.07,0.0,0.00018683046102524,0.0,0.0,0.0,2.7308573606251e-31,0,0,160.0,120.0,0.0,0.0,false,true,true,true,0,0,0
28995,SAMPLE,IDLE,false,0,0,0,0,0,0.0,-0.069813169538975,0.0,-0.07,0.0,0.00018683046102524,0.0,0.0,0.0,1.7750572844063e-31,0,0,160.0,120.0,0.0,0.0,false,true,true,true,0,0,0
28996,SAMPLE,IDLE,false,0,0,0,0,0,0.0,-0.069813169538975,0.0,-0.07,0.0,0.00018683046102524,0.0,0.0,0.0,1.1537872348641e-31,0,0,160.0,120.0,0.0,0.0,false,true,true,true,0,0,0
28997,SAMPLE,IDLE,false,0,0,0,0,0,0.0,-0.069813169538975,0.0,-0.07,0.0,0.00018683046102524,0.0,0.0,0.0,7.4996170266168e-32,0,0,160.0,120.0,0.0,0.0,false,true,true,true,0,0,0
28998,SAMPLE,IDLE,false,0,0,0,0,0,0.0,-0.069813169538975,0.0,-0.07,0.0,0.00018683046102524,0.0,0.0,0.0,4.8747510673009e-32,0,0,160.0,120.0,0.0,0.0,false,true,true,true,0,0,0
28999,SAMPLE,IDLE,false,0,0,0,0,0,0.0,-0.069813169538975,0.0,-0.07,0.0,0.00018683046102524,0.0,0.0,0.0,3.1685881937456e-32,0,0,160.0,120.0,0.0,0.0,false,true,true,true,0,0,0
29000,SAMPLE,IDLE,false,0,0,0,0,0,0.0,-0.069813169538975,0.0,-0.07,0.0,0.00018683046102524,0.0,0.0,0.0,2.0595823259346e-32,0,0,160.0,120.0,0.0,0.0,false,true,true,true,0,0,0
29001,SAMPLE,IDLE,false,0,0,0,0,0,0.0,-0.069813169538975,0.0,-0.07,0.0,0.00018683046102524,0.0,0.0,0.0,1.3387285118575e-32,0,0,160.0,120.0,0.0,0.0,false,true,true,true,0,0,0
29002,SAMPLE,IDLE,false,0,0,0,0,0,0.0,-0.069813169538975,0.0,-0.07,0.0,0.00018683046102524,0.0,0.0,0.0,8.7017353270738e-33,0,0,160.0,120.0,0.0,0.0,false,true,true,true,0,0,0
29003,SAMPLE,IDLE,false,0,0,0,0,0,0.0,-0.069813169538975,0.0,-0.07,0.0,0.00018683046102524,0.0,0.0,0.0,5.656127962598e-33,0,0,160.0,120.0,0.0,0.0,false,true,true,true,0,0,0
29004,SAMPLE,IDLE,false,0,0,0,0,0,0.0,-0.069813169538975,0.0,-0.07,0.0,0.00018683046102524,0.0,0.0,0.0,3.6764831756887e-33,0,0,160.0,120.0,0.0,0.0,false,true,true,true,0,0,0
29005,SAMPLE,IDLE,false,0,0,0,0,0,0.0,-0.069813169538975,0.0,-0.07,0.0,0.00018683046102524,0.0,0.0,0.0,2.3897140641976e-33,0,0,160.0,120.0,0.0,0.0,false,true,true,true,0,0,0
29006,SAMPLE,IDLE,false,0,0,0,0,0,0.0,-0.069813169538975,0.0,-0.07,0.0,0.00018683046102524,0.0,0.0,0.0,1.5533141417285e-33,0,0,160.0,120.0,0.0,0.0,false,true,true,true,0,0,0
29007,SAMPLE,IDLE,false,0,0,0,0,0,0.0,-0.069813169538975,0.0,-0.07,0.0,0.00018683046102524,0.0,0.0,0.0,1.0096541921235e-33,0,0,160.0,120.0,0.0,0.0,false,true,true,true,0,0,0
29008,SAMPLE,IDLE,false,0,0,0,0,0,0.0,-0.069813169538975,0.0,-0.07,0.0,0.00018683046102524,0.0,0.0,0.0,6.5627522488028e-34,0,0,160.0,120.0,0.0,0.0,false,true,true,true,0,0,0
29009,SAMPLE,IDLE,false,0,0,0,0,0,0.0,-0.069813169538975,0.0,-0.07,0.0,0.00018683046102524,0.0,0.0,0.0,4.2657889617218e-34,0,0,160.0,120.0,0.0,0.0,false,true,true,true,0,0,0
29010,SAMPLE,IDLE,false,0,0,0,0,0,0.0,-0.069813169538975,0.0,-0.07,0.0,0.00018683046102524,0.0,0.0,0.0,2.7727628251192e-34,0,0,160.0,120.0,0.0,0.0,false,true,true,true,0,0,0
29011,SAMPLE,IDLE,false,0,0,0,0,0,0.0,-0.069813169538975,0.0,-0.07,0.0,0.00018683046102524,0.0,0.0,0.0,1.8022958363275e-34,0,0,160.0,120.0,0.0,0.0,false,true,true,true,0,0,0
29012,SAMPLE,IDLE,false,0,0,0,0,0,0.0,-0.069813169538975,0.0,-0.07,0.0,0.00018683046102524,0.0,0.0,0.0,1.1714922936129e-34,0,0,160.0,120.0,0.0,0.0,false,true,true,true,0,0,0
29013,SAMPLE,IDLE,false,0,0,0,0,0,0.0,-0.069813169538975,0.0,-0.07,0.0,0.00018683046102524,0.0,0.0,0.0,7.6146999084835e-35,0,0,160.0,120.0,0.0,0.0,false,true,true,true,0,0,0
29014,SAMPLE,IDLE,false,0,0,0,0,0,0.0,-0.069813169538975,0.0,-0.07,0.0,0.00018683046102524,0.0,0.0,0.0,4.9495549405143e-35,0,0,160.0,120.0,0.0,0.0,false,true,true,true,0,0,0
29015,SAMPLE,IDLE,false,0,0,0,0,0,0.0,-0.069813169538975,0.0,-0.07,0.0,0.00018683046102524,0.0,0.0,0.0,3.2172107113343e-35,0,0,160.0,120.0,0.0,0.0,false,true,true,true,0,0,0
29016,SAMPLE,IDLE,false,0,0,0,0,0,0.0,-0.069813169538975,0.0,-0.07,0.0,0.00018683046102524,0.0,0.0,0.0,2.0911869623673e-35,0,0,160.0,120.0,0.0,0.0,false,true,true,true,0,0,0
29017,SAMPLE,IDLE,false,0,0,0,0,0,0.0,-0.069813169538975,0.0,-0.07,0.0,0.00018683046102524,0.0,0.0,0.0,1.3592715255387e-35,0,0,160.0,120.0,0.0,0.0,false,true,true,true,0,0,0
29018,SAMPLE,IDLE,false,0,0,0,0,0,0.0,-0.069813169538975,0.0,-0.07,0.0,0.00018683046102524,0.0,0.0,0.0,8.8352649160018e-36,0,0,160.0,120.0,0.0,0.0,false,true,true,true,0,0,0
29019,SAMPLE,IDLE,false,0,0,0,0,0,0.0,-0.069813169538975,0.0,-0.07,0.0,0.00018683046102524,0.0,0.0,0.0,5.7429221954012e-36,0,0,160.0,120.0,0.0,0.0,false,true,true,true,0,0,0
29020,SAMPLE,IDLE,false,0,0,0,0,0,0.0,-0.069813169538975,0.0,-0.07,0.0,0.00018683046102524,0.0,0.0,0.0,3.7328994270108e-36,0,0,160.0,120.0,0.0,0.0,false,true,true,true,0,0,0
29021,SAMPLE,IDLE,false,0,0,0,0,0,0.06545877456665,-0.069813169538975,0.0,-0.07,0.06545877456665,0.00018683046102524,0.06545877456665,0.0,0.022910571098328,2.426384627557e-36,0,0,147.50079345703,120.0,-65.463096618652,-0.55800002813339,true,false,false,false,0,0,0
29022,ACQUIRED,ACQUIRED,false,1,0,0,0,0,0.06545877456665,-0.069813169538975,0.0,-0.07,0.06545877456665,0.00018683046102524,0.0,0.0,0.014891871213913,1.577150007912e-36,0.06545877456665,0.00018683046102524,147.50079345703,120.0,-65.463096618652,-0.55800002813339,true,false,false,false,0,0,0
29023,ALIGNING,ALIGNING,false,1,0,0,0,0,0.11358821392059,-0.069813169538975,0.0,-0.07,0.11358821392059,0.00018683046102524,0.048129439353943,0.0,0.026525020062923,1.0251475051428e-36,0.06545877456665,0.00018683046102524,138.25639343262,120.0,-113.38831329346,-0.9706968665123,true,false,false,false,0,0,0
29024,SAMPLE,ALIGNING,false,1,0,0,0,0,0.11358821392059,-0.069813169538975,0.0,-0.07,0.11358821392059,0.00018683046102524,0.0,0.0,0.0172412630409,6.6634587834284e-37,0.11358821392059,0.00018683046102524,138.25639343262,120.0,-113.38831329346,-0.9706968665123,true,false,false,false,0,0,0
29025,SAMPLE,ALIGNING,false,1,0,0,0,0,0.11358821392059,-0.069813169538975,0.0,-0.07,0.11358821392059,0.00018683046102524,0.0,0.0,0.011206820976585,4.3312482092285e-37,0.11358821392059,0.00018683046102524,138.25639343262,120.0,-113.38831329346,-0.9706968665123,true,false,false,false,0,0,0
29026,SAMPLE,ALIGNING,false,1,0,0,0,0,0.084154605865479,-0.069813169538975,0.0,-0.07,0.084154605865479,0.00018683046102524,-0.029433608055115,0.0,-0.0030173291845098,2.8153113359985e-37,0.084154605865479,0.00018683046102524,143.91842651367,120.0,-84.107284545898,-0.71792739629745,true,false,false,false,0,0,0
29027,SAMPLE,ALIGNING,false,1,0,0,0,0,0.084154605865479,-0.069813169538975,0.0,-0.07,0.084154605865479,0.00018683046102524,0.0,0.0,-0.0019612639699314,1.829952368399e-37,0.084154605865479,0.00018683046102524,143.91842651367,120.0,-84.107284545898,-0.71792739629745,true,false,false,false,0,0,0
29028,SAMPLE,ALIGNING,false,1,0,0,0,0,0.062294960021973,-0.069813169538975,0.0,-0.07,0.062294960021973,0.00018683046102524,-0.021859645843506,0.0,-0.0089256976256824,1.1894690394594e-37,0.062294960021973,0.00018683046102524,148.10606384277,120.0,-62.305679321289,-0.5309790968895,true,false,false,false,0,0,0
29029,SAMPLE,ALIGNING,false,1,0,0,0,0,0.062294960021973,-0.069813169538975,0.0,-0.07,0.062294960021973,0.00018683046102524,0.0,0.0,-0.0058017034566936,7.7315487564859e-38,0.062294960021973,0.00018683046102524,148.10606384277,120.0,-62.305679321289,-0.5309790968895,true,false,false,false,0,0,0
29030,SAMPLE,ALIGNING,false,1,0,0,0,0,0.04613995552063,-0.069813169538975,0.0,-0.07,0.04613995552063,0.00018683046102524,-0.016155004501343,0.0,-0.0094253588223208,5.0255066917158e-38,0.04613995552063,0.00018683046102524,151.20324707031,120.0,-46.121841430664,-0.39271214604378,true,false,false,false,0,0,0
29031,SAMPLE,ALIGNING,false,1,0,0,0,0,0.04613995552063,-0.069813169538975,0.0,-0.07,0.04613995552063,0.00018683046102524,0.0,0.0,-0.0061264832345085,3.2665793496153e-38,0.04613995552063,0.00018683046102524,151.20324707031,120.0,-46.121841430664,-0.39271214604378,true,false,false,false,0,0,0
29032,SAMPLE,ALIGNING,false,1,0,0,0,0,0.04613995552063,-0.069813169538975,0.0,-0.07,0.04613995552063,0.00018683046102524,0.0,0.0,-0.0039822141024305,2.1232765772499e-38,0.04613995552063,0.00018683046102524,151.20324707031,120.0,-46.121841430664,-0.39271214604378,true,false,false,false,0,0,0
29033,SAMPLE,ALIGNING,false,1,0,0,0,0,0.034107565879822,-0.069813169538975,0.0,-0.07,0.034107565879822,0.00018683046102524,-0.012032389640808,0.0,-0.0067997755408627,1.3801297752125e-38,0.034107565879822,0.00018683046102524,153.49392700195,120.0,-34.128128051758,-0.29044991731644,true,false,false,true,0,0,0
29034,SAMPLE,ALIGNING,false,1,0,0,0,0,0.034107565879822,-0.069813169538975,0.0,-0.07,0.034107565879822,0.00018683046102524,0.0,0.0,-0.0044198541015607,8.970843538881e-39,0.034107565879822,0.00018683046102524,153.49392700195,120.0,-34.128128051758,-0.29044991731644,true,false,false,true,0,0,0
29035,SAMPLE,ALIGNING,false,1,0,0,0,0,0.025191187858582,-0.069813169538975,0.0,-0.07,0.025191187858582,0.00018683046102524,-0.0089163780212402,0.0,-0.0059936374734486,5.8310483002726e-39,0.025191187858582,0.00018683046102524,155.18811035156,120.0,-25.247816085815,-0.21481676399708,true,false,false,true,0,0,0
29036,SAMPLE,ALIGNING,false,1,0,0,0,0,0.025191187858582,-0.069813169538975,0.0,-0.07,0.025191187858582,0.00018683046102524,0.0,0.0,-0.0038958643577416,3.7901813951772e-39,0.025191187858582,0.00018683046102524,155.18811035156,120.0,-25.247816085815,-0.21481676399708,true,false,false,true,0,0,0
29037,SAMPLE,ALIGNING,false,1,1,0,0,0,0.01862370967865,-0.069813169538975,0.0,-0.07,0.01862370967865,0.00018683046102524,-0.0065674781799316,0.0,-0.0048309291955081,2.4636179068652e-39,0.01862370967865,0.00018683046102524,156.44111633301,120.0,-18.676034927368,-0.15887849032879,false,false,true,true,0,0,0
29038,SAMPLE,ALIGNING,false,1,2,0,0,0,0.01862370967865,-0.069813169538975,0.0,-0.07,0.01862370967865,0.00018683046102524,0.0,0.0,-0.0031401039770803,1.6013516394624e-39,0.01862370967865,0.00018683046102524,156.44111633301,120.0,-18.676034927368,-0.15887849032879,false,false,true,true,0,0,0
29039,SAMPLE,ALIGNING,false,1,3,0,0,0,0.01862370967865,-0.069813169538975,0.0,-0.07,0.01862370967865,0.00018683046102524,0.0,0.0,-0.0020410675851022,1.0408785656505e-39,0.01862370967865,0.00018683046102524,156.44111633301,120.0,-18.676034927368,-0.15887849032879,false,false,true,true,0,0,0
29040,SAMPLE,ALIGNING,false,1,4,0,0,0,0.013734221458435,-0.069813169538975,0.0,-0.07,0.013734221458435,0.00018683046102524,-0.0048894882202148,0.0,-0.0030380148073916,6.7657106767285e-40,0.013734221458435,0.00018683046102524,157.36785888672,120.0,-13.813839912415,-0.11750652641058,false,false,true,true,0,0,0
29041,STABLE,STABLE,false,1,5,0,0,0,0.013734221458435,-0.069813169538975,0.0,-0.07,0.013734221458435,0.00018683046102524,0.0,0.0,-0.0019747096248045,4.3977119398735e-40,0.013734221458435,0.00018683046102524,157.36785888672,120.0,-13.813839912415,-0.11750652641058,false,false,true,true,0,0,0
29042,SAMPLE,STABLE,false,1,5,0,0,0,0.010138750076294,-0.069813169538975,0.0,-0.07,0.010138750076294,0.00018683046102524,-0.0035954713821411,0.0,-0.0025419762398723,2.8585127609178e-40,0.010138750076294,0.00018683046102524,158.05326843262,120.0,-10.217156410217,-0.08690782636404,false,false,true,true,0,0,0
29043,SAMPLE,STABLE,false,1,5,0,0,0,0.010138750076294,-0.069813169538975,0.0,-0.07,0.010138750076294,0.00018683046102524,0.0,0.0,-0.001652284555917,1.8580332945966e-40,0.010138750076294,0.00018683046102524,158.05326843262,120.0,-10.217156410217,-0.08690782636404,false,false,true,true,0,0,0
29044,SAMPLE,STABLE,false,1,5,0,0,0,0.0075021982192993,-0.069813169538975,0.0,-0.07,0.0075021982192993,0.00018683046102524,-0.0026365518569946,0.0,-0.0019967781112942,1.2077216414878e-40,0.0075021982192993,0.00018683046102524,158.56019592285,120.0,-7.5567951202393,-0.064277030527592,false,false,true,true,0,0,0
29045,SAMPLE,STABLE,false,1,5,0,0,0,0.0075021982192993,-0.069813169538975,0.0,-0.07,0.0075021982192993,0.00018683046102524,0.0,0.0,-0.0012979057723412,7.8501906696705e-41,0.0075021982192993,0.00018683046102524,158.56019592285,120.0,-7.5567951202393,-0.064277030527592,false,false,true,true,0,0,0
29046,SAMPLE,STABLE,false,1,5,0,0,0,0.0075021982192993,-0.069813169538975,0.0,-0.07,0.0075021982192993,0.00018683046102524,0.0,0.0,-0.00084363875202179,5.1026239352858e-41,0.0075021982192993,0.00018683046102524,158.93511962891,120.0,-5.5890846252441,-0.047539290040731,false,false,true,true,0,0,0
29047,SAMPLE,STABLE,false,1,5,1,0,0,0.0055367946624756,-0.069813169538975,0.0,-0.07,0.0055367946624756,0.00018683046102524,-0.0019654035568237,0.0,-0.0012362564337025,3.3167055579358e-41,0.0075021982192993,0.00018683046102524,158.93511962891,120.0,-5.5890846252441,-0.047539290040731,false,true,true,true,0,0,0
29048,SAMPLE,STABLE,false,1,5,2,0,0,0.0055367946624756,-0.069813169538975,0.0,-0.07,0.0055367946624756,0.00018683046102524,0.0,0.0,-0.00080356668190661,2.1558586126583e-41,0.0075021982192993,0.00018683046102524,158.93511962891,120.0,-5.5890846252441,-0.047539290040731,false,true,true,true,0,0,0
29049,TARGET_TEMPORARILY_LOST,TARGET_TEMPORARILY_LOST,false,1,5,3,0,0,0.0040507316589355,-0.069813169538975,0.0,-0.07,0.0040507316589355,0.00018683046102524,-0.00148606300354,0.0,-0.0010424403944783,1.4013080982279e-41,0.0075021982192993,0.00018683046102524,159.21241760254,120.0,-4.1337003707886,-0.035160060971975,false,true,true,true,0,0,0
29050,SEARCHING_LAST_DIRECTION,SEARCHING_LAST_DIRECTION,false,1,5,3,0,0,0.0040507316589355,-0.069813169538975,0.0,-0.07,0.0040507316589355,0.00018683046102524,0.0,0.0,-0.0006775862564109,9.1085026384812e-42,0.0075021982192993,0.00018683046102524,159.21241760254,120.0,-4.1337003707886,-0.035160060971975,false,true,true,true,0,0,0
29051,SAMPLE,SEARCHING_LAST_DIRECTION,false,1,5,3,1,1,0.068526864051819,-0.069813169538975,0.0,-0.07,0.068526864051819,0.00018683046102524,0.064476132392883,0.0,0.022126215270842,5.9205267150128e-42,0.0075021982192993,0.00018683046102524,146.91830444336,120.0,-68.499809265137,-0.58400440216064,true,false,false,false,0,0,0.96666666666667
29052,REACQUIRED,REACQUIRED,false,1,5,3,2,2,0.068526864051819,-0.069813169538975,0.0,-0.07,0.068526864051819,0.00018683046102524,0.0,0.0,0.014382039926047,3.8483423647583e-42,0.0075021982192993,0.00018683046102524,146.91830444336,120.0,-68.499809265137,-0.58400440216064,true,false,false,false,0,0,0.93333333333333
29053,ALIGNING,ALIGNING,false,1,0,0,2,2,0.1158412694931,-0.069813169538975,0.0,-0.07,0.1158412694931,0.00018683046102524,0.047314405441284,0.0,0.02590836785638,2.5014225370929e-42,0.1158412694931,0.00018683046102524,137.82557678223,120.0,-115.6051940918,-0.98992973566055,true,false,false,false,0,0,0
29054,SAMPLE,ALIGNING,false,1,0,0,2,2,0.1158412694931,-0.069813169538975,0.0,-0.07,0.1158412694931,0.00018683046102524,0.0,0.0,0.016840439106647,1.6259246491104e-42,0.1158412694931,0.00018683046102524,137.82557678223,120.0,-115.6051940918,-0.98992973566055,true,false,false,false,0,0,0
29055,SAMPLE,ALIGNING,false,1,0,0,2,2,0.1158412694931,-0.069813169538975,0.0,-0.07,0.1158412694931,0.00018683046102524,0.0,0.0,0.010946285419321,1.0568510219217e-42,0.1158412694931,0.00018683046102524,137.82557678223,120.0,-115.6051940918,-0.98992973566055,true,false,false,false,0,0,0
29056,SAMPLE,ALIGNING,false,1,0,0,2,2,0.073847889900208,-0.069813169538975,0.0,-0.07,0.073847889900208,0.00018683046102524,-0.041993379592896,0.0,-0.007582597334955,6.8695316424914e-43,0.073847889900208,0.00018683046102524,145.89582824707,120.0,-73.82568359375,-0.62965077161789,true,false,false,false,0,0,0
29057,SAMPLE,ALIGNING,false,1,0,0,2,2,0.073847889900208,-0.069813169538975,0.0,-0.07,0.073847889900208,0.00018683046102524,0.0,0.0,-0.0049286882677208,4.4651955676194e-43,0.073847889900208,0.00018683046102524,145.89582824707,120.0,-73.82568359375,-0.62965077161789,true,false,false,false,0,0,0
29058,SAMPLE,ALIGNING,false,1,0,0,2,2,0.054672837257385,-0.069813169538975,0.0,-0.07,0.054672837257385,0.00018683046102524,-0.019175052642822,0.0,-0.0099149157990063,2.9023771189526e-43,0.054672837257385,0.00018683046102524,149.56855773926,120.0,-54.66898727417,-0.4656897187233,true,false,false,false,0,0,0
29059,SAMPLE,ALIGNING,false,1,0,0,2,2,0.054672837257385,-0.069813169538975,0.0,-0.07,0.054672837257385,0.00018683046102524,0.0,0.0,-0.0064446952693541,1.8865451273192e-43,0.054672837257385,0.00018683046102524,149.56855773926,120.0,-54.66898727417,-0.4656897187233,true,false,false,false,0,0,0
29060,SAMPLE,ALIGNING,false,1,0,0,2,2,0.054672837257385,-0.069813169538975,0.0,-0.07,0.054672837257385,0.00018683046102524,0.0,0.0,-0.0041890519250802,1.2262543327575e-43,0.054672837257385,0.00018683046102524,149.56855773926,120.0,-54.66898727417,-0.4656897187233,true,false,false,false,0,0,0
29061,SAMPLE,ALIGNING,false,1,0,0,2,2,0.040435433387756,-0.069813169538975,0.0,-0.07,0.040435433387756,0.00018683046102524,-0.014237403869629,0.0,-0.0077059751056722,7.9706531629236e-44,0.040435433387756,0.00018683046102524,152.28489685059,120.0,-40.460624694824,-0.34442412853241,true,false,false,false,0,0,0
29062,SAMPLE,ALIGNING,false,1,0,0,2,2,0.040435433387756,-0.069813169538975,0.0,-0.07,0.040435433387756,0.00018683046102524,0.0,0.0,-0.0050088838186869,5.1809245559003e-44,0.040435433387756,0.00018683046102524,152.28489685059,120.0,-40.460624694824,-0.34442412853241,true,false,false,false,0,0,0
29063,SAMPLE,ALIGNING,false,1,0,0,2,2,0.029841184616089,-0.069813169538975,0.0,-0.07,0.029841184616089,0.00018683046102524,-0.010594248771667,0.0,-0.0069637615522301,3.3676009613352e-44,0.029841184616089,0.00018683046102524,154.29391479492,120.0,-29.93575668335,-0.25473609566689,true,false,false,true,0,0,0
29064,SAMPLE,ALIGNING,false,1,0,0,2,2,0.029841184616089,-0.069813169538975,0.0,-0.07,0.029841184616089,0.00018683046102524,0.0,0.0,-0.0045264450089496,2.1889406248679e-44,0.029841184616089,0.00018683046102524,154.29391479492,120.0,-29.93575668335,-0.25473609566689,true,false,false,true,0,0,0
29065,SAMPLE,ALIGNING,false,1,1,0,2,2,0.019007205963135,-0.069813169538975,0.0,-0.07,0.019007205963135,0.00018683046102524,-0.010833978652954,0.0,-0.0067340817843512,1.4228114061641e-44,0.019007205963135,0.00018683046102524,156.37060546875,120.0,-19.045925140381,-0.16202642023563,false,false,true,true,0,0,0
29066,SAMPLE,ALIGNING,false,1,2,0,2,2,0.019007205963135,-0.069813169538975,0.0,-0.07,0.019007205963135,0.00018683046102524,0.0,0.0,-0.0043771531598283,9.2482741400668e-45,0.019007205963135,0.00018683046102524,156.37060546875,120.0,-19.045925140381,-0.16202642023563,false,false,true,true,0,0,0
29067,SAMPLE,ALIGNING,false,1,3,0,2,2,0.019007205963135,-0.069813169538975,0.0,-0.07,0.019007205963135,0.00018683046102524,0.0,0.0,-0.0028451495538884,6.0113781910434e-45,0.019007205963135,0.00018683046102524,156.37060546875,120.0,-19.045925140381,-0.16202642023563,false,false,true,true,0,0,0
29068,SAMPLE,ALIGNING,false,1,4,0,2,2,0.014021754264832,-0.069813169538975,0.0,-0.07,0.014021754264832,0.00018683046102524,-0.0049854516983032,0.0,-0.0035942553044336,3.9073958241782e-45,0.014021754264832,0.00018683046102524,157.3157043457,120.0,-14.08749961853,-0.11983474344015,false,false,true,true,0,0,0
29069,STABLE,STABLE,false,1,5,0,2,2,0.014021754264832,-0.069813169538975,0.0,-0.07,0.014021754264832,0.00018683046102524,0.0,0.0,-0.0023362659478818,2.5398072857158e-45,0.014021754264832,0.00018683046102524,157.3157043457,120.0,-14.08749961853,-0.11983474344015,false,false,true,true,0,0,0
29070,SAMPLE,STABLE,false,1,5,0,2,2,0.010378479957581,-0.069813169538975,0.0,-0.07,0.010378479957581,0.00018683046102524,-0.003643274307251,0.0,-0.002793718873661,1.6508747357153e-45,0.010378479957581,0.00018683046102524,158.01469421387,120.0,-10.419586181641,-0.08862978219986,false,false,true,true,0,0,0
29071,SAMPLE,STABLE,false,1,5,0,2,2,0.010378479957581,-0.069813169538975,0.0,-0.07,0.010378479957581,0.00018683046102524,0.0,0.0,-0.0018159172678797,1.0730685782149e-45,0.010378479957581,0.00018683046102524,158.01469421387,120.0,-10.419586181641,-0.08862978219986,false,false,true,true,0,0,0
29072,SAMPLE,STABLE,false,1,5,0,2,2,0.010378479957581,-0.069813169538975,0.0,-0.07,0.010378479957581,0.00018683046102524,0.0,0.0,-0.0011803462241218,6.9749457583972e-46,0.010378479957581,0.00018683046102524,158.01469421387,120.0,-10.419586181641,-0.08862978219986,false,false,true,true,0,0,0
29073,SAMPLE,STABLE,false,1,5,0,2,2,0.0076460838317871,-0.069813169538975,0.0,-0.07,0.0076460838317871,0.00018683046102524,-0.0027323961257935,0.0,-0.0017235636897069,4.5337147429581e-46,0.0076460838317871,0.00018683046102524,158.5316619873,120.0,-7.7065467834473,-0.065550588071346,false,false,true,true,0,0,0
29074,SAMPLE,STABLE,false,1,5,0,2,2,0.0076460838317871,-0.069813169538975,0.0,-0.07,0.0076460838317871,0.00018683046102524,0.0,0.0,-0.0011203163983095,2.9469145829228e-46,0.0076460838317871,0.00018683046102524,158.5316619873,120.0,-7.7065467834473,-0.065550588071346,false,false,true,true,0,0,0
29075,SAMPLE,STABLE,false,1,5,1,2,2,0.005632758140564,-0.069813169538975,0.0,-0.07,0.005632758140564,0.00018683046102524,-0.0020133256912231,0.0,-0.0014328696508293,1.9154944788998e-46,0.0076460838317871,0.00018683046102524,158.91401672363,120.0,-5.6998410224915,-0.048481214791536,false,true,true,true,0,0,0
29076,SAMPLE,STABLE,false,1,5,2,2,2,0.005632758140564,-0.069813169538975,0.0,-0.07,0.005632758140564,0.00018683046102524,0.0,0.0,-0.00093136527303901,1.2450714112849e-46,0.0076460838317871,0.00018683046102524,158.91401672363,120.0,-5.6998410224915,-0.048481214791536,false,true,true,true,0,0,0
29077,TARGET_TEMPORARILY_LOST,TARGET_TEMPORARILY_LOST,false,1,5,3,2,2,0.0041465759277344,-0.069813169538975,0.0,-0.07,0.0041465759277344,0.00018683046102524,-0.0014861822128296,0.0,-0.0011255512019657,8.0929641733517e-47,0.0076460838317871,0.00018683046102524,159.19680786133,120.0,-4.2156276702881,-0.035856705158949,false,true,true,true,0,0,0
29078,SEARCHING_LAST_DIRECTION,SEARCHING_LAST_DIRECTION,false,1,5,3,0,0,0.0041465759277344,-0.069813169538975,0.0,-0.07,0.0041465759277344,0.00018683046102524,0.0,0.0,-0.00073160828127772,5.2604267126786e-47,0.0076460838317871,0.00018683046102524,159.19680786133,120.0,-4.2156276702881,-0.035856705158949,false,true,true,true,0,0,0
29079,SAMPLE,SEARCHING_LAST_DIRECTION,false,1,5,3,0,1,0.0041465759277344,-0.069813169538975,0.0,-0.07,0.0041465759277344,0.00018683046102524,0.0,0.0,-0.00047554538283051,3.4192773632411e-47,0.0076460838317871,0.00018683046102524,159.19680786133,120.0,-4.2156276702881,-0.035856705158949,false,true,true,true,0,0,0.96666666666667
29080,SAMPLE,SEARCHING_LAST_DIRECTION,false,1,5,3,0,2,0.0030440092086792,-0.069813169538975,0.0,-0.07,0.0030440092086792,0.00018683046102524,-0.0011025667190552,0.0,-0.00069500285050915,2.2225302861067e-47,0.0076460838317871,0.00018683046102524,159.40596008301,120.0,-3.117885351181,-0.026519618928432,false,true,true,true,0,0,0.93333333333333
29081,SAMPLE,SEARCHING_LAST_DIRECTION,false,1,5,3,0,3,0.0030440092086792,-0.069813169538975,0.0,-0.07,0.0030440092086792,0.00018683046102524,0.0,0.0,-0.00045175185283095,1.4446446859694e-47,0.0076460838317871,0.00018683046102524,159.40596008301,120.0,-3.117885351181,-0.026519618928432,false,true,true,true,0,0,0.9
29082,SAMPLE,SEARCHING_LAST_DIRECTION,false,1,5,3,0,4,0.0022290945053101,-0.069813169538975,0.0,-0.07,0.0022290945053101,0.00018683046102524,-0.00081491470336914,0.0,-0.00057885885051931,9.3901904588009e-48,0.0076460838317871,0.00018683046102524,159.56065368652,120.0,-2.3059637546539,-0.019613912329078,false,true,true,true,0,0,0.86666666666667
29083,SAMPLE,SEARCHING_LAST_DIRECTION,false,1,5,3,0,5,0.0022290945053101,-0.069813169538975,0.0,-0.07,0.0022290945053101,0.00018683046102524,0.0,0.0,-0.00037625825283755,6.1036237982206e-48,0.0076460838317871,0.00018683046102524,159.56065368652,120.0,-2.3059637546539,-0.019613912329078,false,true,true,true,0,0,0.83333333333333
29084,SAMPLE,SEARCHING_LAST_DIRECTION,false,1,5,3,0,6,0.001653790473938,-0.069813169538975,0.0,-0.07,0.001653790473938,0.00018683046102524,-0.00057530403137207,0.0,-0.00044592427532463,3.9673554688434e-48,0.0076460838317871,0.00018683046102524,159.67504882813,120.0,-1.7055487632751,-0.014506450854242,false,true,true,true,0,0,0.8
29085,SAMPLE,SEARCHING_LAST_DIRECTION,false,1,5,3,0,7,0.001653790473938,-0.069813169538975,0.0,-0.07,0.001653790473938,0.00018683046102524,0.0,0.0,-0.00028985077896101,2.5787810547482e-48,0.0076460838317871,0.00018683046102524,159.67504882813,120.0,-1.7055487632751,-0.014506450854242,false,true,true,true,0,0,0.76666666666667
29086,SAMPLE,SEARCHING_LAST_DIRECTION,false,1,5,3,0,8,0.001653790473938,-0.069813169538975,0.0,-0.07,0.001653790473938,0.00018683046102524,0.0,0.0,-0.00018840300632466,1.6762076855863e-48,0.0076460838317871,0.00018683046102524,159.67504882813,120.0,-1.7055487632751,-0.014506450854242,false,true,true,true,0,0,0.73333333333333
29087,SAMPLE,SEARCHING_LAST_DIRECTION,false,1,5,3,0,9,0.0010306835174561,-0.069813169538975,0.0,-0.07,0.0010306835174561,0.00018683046102524,-0.00062310695648193,0.0,-0.0003405493888797,1.0895349956311e-48,0.0076460838317871,0.00018683046102524,159.79331970215,120.0,-1.0847893953323,-0.0092269163578749,false,true,true,true,0,0,0.7
29088,SAMPLE,SEARCHING_LAST_DIRECTION,false,1,5,3,0,10,0.0010306835174561,-0.069813169538975,0.0,-0.07,0.0010306835174561,0.00018683046102524,0.0,0.0,-0.00022135710277181,7.0819774716022e-49,0.0076460838317871,0.00018683046102524,159.79331970215,120.0,-1.0847893953323,-0.0092269163578749,false,true,true,true,0,0,0.66666666666667
29089,SAMPLE,SEARCHING_LAST_DIRECTION,false,1,5,3,0,11,0.00074303150177002,-0.069813169538975,0.0,-0.07,0.00074303150177002,0.00018683046102524,-0.00028765201568604,0.0,-0.00024456032229179,4.6032853565415e-49,0.0076460838317871,0.00018683046102524,159.84713745117,120.0,-0.80232006311417,-0.0068242279812694,false,true,true,true,0,0,0.63333333333333
29090,SAMPLE,SEARCHING_LAST_DIRECTION,false,1,5,3,0,12,0.00074303150177002,-0.069813169538975,0.0,-0.07,0.00074303150177002,0.00018683046102524,0.0,0.0,-0.00015896420948966,2.9921354817519e-49,0.0076460838317871,0.00018683046102524,159.84713745117,120.0,-0.80232006311417,-0.0068242279812694,false,true,true,true,0,0,0.6
29091,SAMPLE,SEARCHING_LAST_DIRECTION,false,1,5,3,0,13,0.00074303150177002,-0.069813169538975,0.0,-0.07,0.00074303150177002,0.00018683046102524,0.0,0.0,-0.00010332673616828,1.9448880631388e-49,0.0076460838317871,0.00018683046102524,159.90277099609,120.0,-0.51031982898712,-0.0043405913747847,false,true,true,true,0,0,0.56666666666667
29092,SAMPLE,SEARCHING_LAST_DIRECTION,false,1,5,3,0,14,0.00045537948608398,-0.069813169538975,0.0,-0.07,0.00045537948608398,0.00018683046102524,-0.00028765201568604,0.0,-0.00016784058399949,1.2641772410402e-49,0.0076460838317871,0.00018683046102524,159.90277099609,120.0,-0.51031982898712,-0.0043405913747847,false,true,true,true,0,0,0.53333333333333
29093,SAMPLE,SEARCHING_LAST_DIRECTION,false,1,5,3,0,15,0.00045537948608398,-0.069813169538975,0.0,-0.07,0.00045537948608398,0.00018683046102524,0.0,0.0,-0.00010909637959967,8.2171520667613e-50,0.0076460838317871,0.00018683046102524,159.90277099609,120.0,-0.51031982898712,-0.0043405913747847,false,true,true,true,0,0,0.5
29094,SAMPLE,SEARCHING_LAST_DIRECTION,false,1,5,3,0,16,0.00026369094848633,-0.069813169538975,0.0,-0.07,0.00026369094848633,0.00018683046102524,-0.00019168853759766,0.0,-0.00013800363489897,5.3411488433948e-50,0.0076460838317871,0.00018683046102524,159.93815612793,120.0,-0.3245961368084,-0.0027608594391495,false,true,true,true,0,0,0.46666666666667
29095,SAMPLE,SEARCHING_LAST_DIRECTION,false,1,5,3,0,17,0.00026369094848633,-0.069813169538975,0.0,-0.07,0.00026369094848633,0.00018683046102524,0.0,0.0,-8.9702362684328e-05,3.4717467482066e-50,0.0076460838317871,0.00018683046102524,159.93815612793,120.0,-0.3245961368084,-0.0027608594391495,false,true,true,true,0,0,0.43333333333333
29096,SAMPLE,SEARCHING_LAST_DIRECTION,false,1,5,3,0,18,0.00026369094848633,-0.069813169538975,0.0,-0.07,0.00026369094848633,0.00018683046102524,0.0,0.0,-5.8306535744813e-05,2.2566353863343e-50,0.0076460838317871,0.00018683046102524,159.95425415039,120.0,-0.24010340869427,-0.0020419317297637,false,true,true,true,0,0,0.4
29097,SAMPLE,SEARCHING_LAST_DIRECTION,false,1,5,3,0,19,0.00016772747039795,-0.069813169538975,0.0,-0.07,0.00016772747039795,0.00018683046102524,-9.5963478088379e-05,0.0,-7.1486465565061e-05,1.4668130011173e-50,0.0076460838317871,0.00018683046102524,159.95425415039,120.0,-0.24010340869427,-0.0020419317297637,false,true,true,true,0,0,0.36666666666667
29098,SAMPLE,SEARCHING_LAST_DIRECTION,false,1,5,3,0,20,0.00016772747039795,-0.069813169538975,0.0,-0.07,0.00016772747039795,0.00018683046102524,0.0,0.0,-4.646620261729e-05,9.5342845072625e-51,0.0076460838317871,0.00018683046102524,159.95425415039,120.0,-0.24010340869427,-0.0020419317297637,false,true,true,true,0,0,0.33333333333333
29099,SAMPLE,SEARCHING_LAST_DIRECTION,false,1,5,3,0,21,0.00011980533599854,-0.069813169538975,0.0,-0.07,0.00011980533599854,0.00018683046102524,-4.7922134399414e-05,0.0,-4.6975778741033e-05,6.1972849297206e-51,0.0076460838317871,0.00018683046102524,159.96617126465,120.0,-0.17755480110645,-0.0015102127799764,false,true,true,true,0,0,0.3
29100,SAMPLE,SEARCHING_LAST_DIRECTION,false,1,5,3,0,22,0.00011980533599854,-0.069813169538975,0.0,-0.07,0.00011980533599854,0.00018683046102524,0.0,0.0,-3.0534256181672e-05,4.0282352043184e-51,0.0076460838317871,0.00018683046102524,159.96617126465,120.0,-0.17755480110645,-0.0015102127799764,false,true,true,true,0,0,0.26666666666667
29101,SAMPLE,SEARCHING_LAST_DIRECTION,false,1,5,3,0,23,7.1883201599121e-05,-0.069813169538975,0.0,-0.07,7.1883201599121e-05,0.00018683046102524,-4.7922134399414e-05,0.0,-3.6620013557881e-05,2.618352882807e-51,0.0076460838317871,0.00018683046102524,159.97497558594,120.0,-0.13134410977364,-0.0011169534409419,false,true,true,true,0,0,0.23333333333333
29102,SAMPLE,SEARCHING_LAST_DIRECTION,false,1,5,3,0,24,7.1883201599121e-05,-0.069813169538975,0.0,-0.07,7.1883201599121e-05,0.00018683046102524,0.0,0.0,-2.3803008812623e-05,1.7019293738245e-51,0.0076460838317871,0.00018683046102524,159.97497558594,120.0,-0.13134410977364,-0.0011169534409419,false,true,true,true,0,0,0.2
29103,SAMPLE,SEARCHING_LAST_DIRECTION,false,1,5,3,0,25,7.1883201599121e-05,-0.069813169538975,0.0,-0.07,7.1883201599121e-05,0.00018683046102524,0.0,0.0,-1.5471955728205e-05,1.1062540929859e-51,0.0076460838317871,0.00018683046102524,159.97497558594,120.0,-0.13134410977364,-0.0011169534409419,false,true,true,true,0,0,0.16666666666667
29104,SAMPLE,SEARCHING_LAST_DIRECTION,false,1,5,3,0,26,2.3961067199707e-05,-0.069813169538975,0.0,-0.07,2.3961067199707e-05,0.00018683046102524,-4.7922134399414e-05,0.0,-2.6829518263128e-05,7.1906516044086e-52,0.0076460838317871,0.00018683046102524,159.98408508301,120.0,-0.083531647920609,-0.00071044499054551,false,true,true,true,0,0,0.13333333333333
29105,SAMPLE,SEARCHING_LAST_DIRECTION,false,1,5,3,0,27,2.3961067199707e-05,-0.069813169538975,0.0,-0.07,2.3961067199707e-05,0.00018683046102524,0.0,0.0,-1.7439186871033e-05,4.6739235428656e-52,0.0076460838317871,0.00018683046102524,159.98408508301,120.0,-0.083531647920609,-0.00071044499054551,false,true,true,true,0,0,0.1
29106,SAMPLE,SEARCHING_LAST_DIRECTION,false,1,5,3,0,28,2.3961067199707e-05,-0.069813169538975,0.0,-0.07,2.3961067199707e-05,0.00018683046102524,0.0,0.0,-1.1335471466172e-05,3.0380503028626e-52,0.0076460838317871,0.00018683046102524,159.98823547363,120.0,-0.061747740954161,-0.00052544515347108,false,true,true,true,0,0,0.1
29107,SAMPLE,SEARCHING_LAST_DIRECTION,false,1,5,3,0,29,2.3961067199707e-05,-0.069813169538975,0.0,-0.07,2.3961067199707e-05,0.00018683046102524,0.0,0.0,-7.3680564530116e-06,1.9747326968607e-52,0.0076460838317871,0.00018683046102524,159.98823547363,120.0,-0.061747740954161,-0.00052544515347108,false,true,true,true,0,0,0.1
29108,LOST,LOST,false,1,5,3,0,30,2.3961067199707e-05,-0.069813169538975,0.0,-0.07,2.3961067199707e-05,0.00018683046102524,0.0,0.0,-4.7892366944575e-06,1.2835762529595e-52,0.0076460838317871,0.00018683046102524,159.98823547363,120.0,-0.061747740954161,-0.00052544515347108,false,true,true,true,0,0,0.1
29109,SAMPLE,IDLE,false,1,0,0,0,0,-2.3841857910156e-05,-0.069813169538975,0.0,-0.07,-2.3841857910156e-05,0.00018683046102524,-4.7802925109863e-05,0.0,-1.984402763985e-05,8.3432456442365e-53,0,0,159.99250793457,120.0,-0.039323143661022,-0.00033421255648136,false,true,true,true,0,0,0
29110,SAMPLE,IDLE,false,1,0,0,0,0,-2.3841857910156e-05,-0.069813169538975,0.0,-0.07,-2.3841857910156e-05,0.00018683046102524,0.0,0.0,-1.2898617965902e-05,5.4231096687537e-53,0,0,159.99250793457,120.0,-0.039323143661022,-0.00033421255648136,false,true,true,true,0,0,0
29111,SAMPLE,IDLE,false,1,0,0,0,0,-2.3841857910156e-05,-0.069813169538975,0.0,-0.07,-2.3841857910156e-05,0.00018683046102524,0.0,0.0,-8.3841016778364e-06,3.5250212846899e-53,0,0,159.99446105957,120.0,-0.029071893543005,-0.00024718360509723,false,true,true,true,0,0,0
29112,SAMPLE,IDLE,false,1,0,0,0,0,-2.3841857910156e-05,-0.069813169538975,0.0,-0.07,-2.3841857910156e-05,0.00018683046102524,0.0,0.0,-5.4496660905937e-06,2.2912638350485e-53,0,0,159.99446105957,120.0,-0.029071893543005,-0.00024718360509723,false,true,true,true,0,0,0
29113,SAMPLE,IDLE,false,1,0,0,0,0,-2.3841857910156e-05,-0.069813169538975,0.0,-0.07,-2.3841857910156e-05,0.00018683046102524,0.0,0.0,-3.5422829588859e-06,1.4893214927815e-53,0,0,159.99591064453,120.0,-0.021463546901941,-0.00018281699158251,false,true,true,true,0,0,0
29114,SAMPLE,IDLE,false,1,0,0,0,0,-2.3841857910156e-05,-0.069813169538975,0.0,-0.07,-2.3841857910156e-05,0.00018683046102524,0.0,0.0,-2.3024839232758e-06,9.6805897030797e-54,0,0,159.99591064453,120.0,-0.021463546901941,-0.00018281699158251,false,true,true,true,0,0,0
29115,SAMPLE,IDLE,false,1,0,0,0,0,-2.3841857910156e-05,-0.069813169538975,0.0,-0.07,-2.3841857910156e-05,0.00018683046102524,0.0,0.0,-1.4966145501293e-06,6.2923833070018e-54,0,0,159.99591064453,120.0,-0.021463546901941,-0.00018281699158251,false,true,true,true,0,0,0
29116,SAMPLE,IDLE,false,1,0,0,0,0,-2.3841857910156e-05,-0.069813169538975,0.0,-0.07,-2.3841857910156e-05,0.00018683046102524,0.0,0.0,-9.7279945758404e-07,4.0900491495512e-54,0,0,159.99697875977,120.0,-0.015857396647334,-0.00013521144865081,false,true,true,true,0,0,0
29117,SAMPLE,IDLE,false,1,0,0,0,0,-2.3841857910156e-05,-0.069813169538975,0.0,-0.07,-2.3841857910156e-05,0.00018683046102524,0.0,0.0,-6.3231964742962e-07,2.6585319472083e-54,0,0,159.99697875977,120.0,-0.015857396647334,-0.00013521144865081,false,true,true,true,0,0,0
29118,SAMPLE,IDLE,false,1,0,0,0,0,-2.3841857910156e-05,-0.069813169538975,0.0,-0.07,-2.3841857910156e-05,0.00018683046102524,0.0,0.0,-4.1100777082926e-07,1.7280457656854e-54,0,0,159.99775695801,120.0,-0.01177291572094,-0.00010000239126384,false,true,true,true,0,0,0
29119,SAMPLE,IDLE,false,1,0,0,0,0,-2.3841857910156e-05,-0.069813169538975,0.0,-0.07,-2.3841857910156e-05,0.00018683046102524,0.0,0.0,-2.6715505103902e-07,1.1232297476955e-54,0,0,159.99775695801,120.0,-0.01177291572094,-0.00010000239126384,false,true,true,true,0,0,0
29120,SAMPLE,IDLE,false,1,0,0,0,0,-2.3841857910156e-05,-0.069813169538975,0.0,-0.07,-2.3841857910156e-05,0.00018683046102524,0.0,0.0,-1.7365078317536e-07,7.3009933600207e-55,0,0,159.99833679199,120.0,-0.0087295770645142,-7.3961775342468e-05,false,true,true,true,0,0,0
29121,SAMPLE,IDLE,false,1,0,0,0,0,-2.3841857910156e-05,-0.069813169538975,0.0,-0.07,-2.3841857910156e-05,0.00018683046102524,0.0,0.0,-1.1287300906398e-07,4.7456456840135e-55,0,0,159.99833679199,120.0,-0.0087295770645142,-7.3961775342468e-05,false,true,true,true,0,0,0
29122,SAMPLE,IDLE,false,1,0,0,0,0,-2.3841857910156e-05,-0.069813169538975,0.0,-0.07,-2.3841857910156e-05,0.00018683046102524,0.0,0.0,-7.336745589159e-08,3.0846696946088e-55,0,0,159.99833679199,120.0,-0.0087295770645142,-7.3961775342468e-05,false,true,true,true,0,0,0
29123,SAMPLE,IDLE,false,1,0,0,0,0,-2.3841857910156e-05,-0.069813169538975,0.0,-0.07,-2.3841857910156e-05,0.00018683046102524,0.0,0.0,-4.7688846329533e-08,2.0050353014957e-55,0,0,159.99894714355,120.0,-0.005526062566787,-4.7043831727933e-05,false,true,true,true,0,0,0
29124,SAMPLE,IDLE,false,1,0,0,0,0,-2.3841857910156e-05,-0.069813169538975,0.0,-0.07,-2.3841857910156e-05,0.00018683046102524,0.0,0.0,-3.0997750114197e-08,1.3032729459722e-55,0,0,159.99894714355,120.0,-0.005526062566787,-4.7043831727933e-05,false,true,true,true,0,0,0
29125,SAMPLE,IDLE,false,1,0,0,0,0,-2.3841857910156e-05,-0.069813169538975,0.0,-0.07,-2.3841857910156e-05,0.00018683046102524,0.0,0.0,-2.0148537574228e-08,8.4712741488193e-56,0,0,159.99922180176,120.0,-0.0040844809263945,-3.4793618397089e-05,false,true,true,true,0,0,0
29126,SAMPLE,IDLE,false,1,0,0,0,0,-2.3841857910156e-05,-0.069813169538975,0.0,-0.07,-2.3841857910156e-05,0.00018683046102524,0.0,0.0,-1.3096549423248e-08,5.5063281967325e-56,0,0,159.99922180176,120.0,-0.0040844809263945,-3.4793618397089e-05,false,true,true,true,0,0,0
29127,SAMPLE,IDLE,false,1,0,0,0,0,-2.3841857910156e-05,-0.069813169538975,0.0,-0.07,-2.3841857910156e-05,0.00018683046102524,0.0,0.0,-8.5127571251113e-09,3.5791133278761e-56,0,0,159.99922180176,120.0,-0.0040844809263945,-3.4793618397089e-05,false,true,true,true,0,0,0
29128,SAMPLE,IDLE,false,1,0,0,0,0,-2.3841857910156e-05,-0.069813169538975,0.0,-0.07,-2.3841857910156e-05,0.00018683046102524,0.0,0.0,-5.5332921313223e-09,2.3264236631195e-56,0,0,159.99951171875,120.0,-0.0025628115981817,-2.2130690922495e-05,false,true,true,true,0,0,0
29129,SAMPLE,IDLE,false,1,0,0,0,0,-2.3841857910156e-05,-0.069813169538975,0.0,-0.07,-2.3841857910156e-05,0.00018683046102524,0.0,0.0,-3.5966398853595e-09,1.5121753810277e-56,0,0,159.99951171875,120.0,-0.0025628115981817,-2.2130690922495e-05,false,true,true,true,0,0,0
29130,SAMPLE,IDLE,false,1,0,0,0,0,-2.3841857910156e-05,-0.069813169538975,0.0,-0.07,-2.3841857910156e-05,0.00018683046102524,0.0,0.0,-2.3378159254837e-09,9.8291399766799e-57,0,0,159.99963378906,120.0,-0.0019221088150516,-1.6367859643651e-05,false,true,true,true,0,0,0
29131,SAMPLE,IDLE,false,1,0,0,0,0,-2.3841857910156e-05,-0.069813169538975,0.0,-0.07,-2.3841857910156e-05,0.00018683046102524,0.0,0.0,-1.5195803515644e-09,6.3889409848419e-57,0,0,159.99963378906,120.0,-0.0019221088150516,-1.6367859643651e-05,false,true,true,true,0,0,0
29132,SAMPLE,IDLE,false,1,0,0,0,0,-2.3841857910156e-05,-0.069813169538975,0.0,-0.07,-2.3841857910156e-05,0.00018683046102524,0.0,0.0,-9.8772722851686e-10,4.1528116401472e-57,0,0,159.9997253418,120.0,-0.0014415816403925,-1.2105669156881e-05,false,true,true,true,0,0,0
29133,SAMPLE,IDLE,false,1,0,0,0,0,-2.3841857910156e-05,-0.069813169538975,0.0,-0.07,-2.3841857910156e-05,0.00018683046102524,0.0,0.0,-6.4202269853596e-10,2.6993275660957e-57,0,0,159.9997253418,120.0,-0.0014415816403925,-1.2105669156881e-05,false,true,true,true,0,0,0
29134,SAMPLE,IDLE,false,1,0,0,0,0,-2.3841857910156e-05,-0.069813169538975,0.0,-0.07,-2.3841857910156e-05,0.00018683046102524,0.0,0.0,-4.1731475404837e-10,1.7545629179622e-57,0,0,159.9997253418,120.0,-0.0014415816403925,-1.2105669156881e-05,false,true,true,true,0,0,0
29135,SAMPLE,IDLE,false,1,0,0,0,0,-2.3841857910156e-05,-0.069813169538975,0.0,-0.07,-2.3841857910156e-05,0.00018683046102524,0.0,0.0,-2.7125459013144e-10,1.1404658966754e-57,0,0,159.99980163574,120.0,-0.001041142269969,-8.9533532445785e-06,false,true,true,true,0,0,0
29136,SAMPLE,IDLE,false,1,0,0,0,0,-2.3841857910156e-05,-0.069813169538975,0.0,-0.07,-2.3841857910156e-05,0.00018683046102524,0.0,0.0,-1.7631548358544e-10,7.4130283283903e-58,0,0,159.99980163574,120.0,-0.001041142269969,-8.9533532445785e-06,false,true,true,true,0,0,0
29137,SAMPLE,IDLE,false,1,0,0,0,0,-2.3841857910156e-05,-0.069813169538975,0.0,-0.07,-2.3841857910156e-05,0.00018683046102524,0.0,0.0,-1.1460506433053e-10,4.8184684134537e-58,0,0,159.99984741211,120.0,-0.00080087862443179,-6.621900411119e-06,false,true,true,true,0,0,0
29138,SAMPLE,IDLE,false,1,0,0,0,0,-2.3841857910156e-05,-0.069813169538975,0.0,-0.07,-2.3841857910156e-05,0.00018683046102524,0.0,0.0,-7.4493291814847e-11,3.1320044687449e-58,0,0,159.99984741211,120.0,-0.00080087862443179,-6.621900411119e-06,false,true,true,true,0,0,0
29139,SAMPLE,IDLE,false,1,0,0,0,0,-2.3841857910156e-05,-0.069813169538975,0.0,-0.07,-2.3841857910156e-05,0.00018683046102524,0.0,0.0,-4.8420639679651e-11,2.0358029046842e-58,0,0,159.99984741211,120.0,-0.00080087862443179,-6.621900411119e-06,false,true,true,true,0,0,0
29140,SAMPLE,IDLE,false,1,0,0,0,0,-2.3841857910156e-05,-0.069813169538975,0.0,-0.07,-2.3841857910156e-05,0.00018683046102524,0.0,0.0,-3.1473415791773e-11,1.3232718880447e-58,0,0,159.99989318848,120.0,-0.00056061503710225,-4.8975575737131e-06,false,true,true,true,0,0,0
29141,SAMPLE,IDLE,false,1,0,0,0,0,-2.3841857910156e-05,-0.069813169538975,0.0,-0.07,-2.3841857910156e-05,0.00018683046102524,0.0,0.0,-2.0457720264652e-11,8.6012672722907e-59,0,0,159.99989318848,120.0,-0.00056061503710225,-4.8975575737131e-06,false,true,true,true,0,0,0
29142,SAMPLE,IDLE,false,1,0,0,0,0,-2.3841857910156e-05,-0.069813169538975,0.0,-0.07,-2.3841857910156e-05,0.00018683046102524,0.0,0.0,-1.3297518172024e-11,5.590823726989e-59,0,0,159.99992370605,120.0,-0.00040043931221589,-3.1151209896052e-06,false,true,true,true,0,0,0
29143,SAMPLE,IDLE,false,1,0,0,0,0,-2.3841857910156e-05,-0.069813169538975,0.0,-0.07,-2.3841857910156e-05,0.00018683046102524,0.0,0.0,-8.6433868118156e-12,3.6340354225428e-59,0,0,159.99992370605,120.0,-0.00040043931221589,-3.1151209896052e-06,false,true,true,true,0,0,0
29144,SAMPLE,IDLE,false,1,0,0,0,0,-2.3841857910156e-05,-0.069813169538975,0.0,-0.07,-2.3841857910156e-05,0.00018683046102524,0.0,0.0,-5.6182014276802e-12,2.3621230246528e-59,0,0,159.99992370605,120.0,-0.00040043931221589,-3.1151209896052e-06,false,true,true,true,0,0,0
29145,SAMPLE,IDLE,false,1,0,0,0,0,-2.3841857910156e-05,-0.069813169538975,0.0,-0.07,-2.3841857910156e-05,0.00018683046102524,0.0,0.0,-3.6518309279921e-12,1.5353799660243e-59,0,0,159.99995422363,120.0,-0.00024026360188145,-2.3039435745886e-06,false,true,true,true,0,0,0
29146,SAMPLE,IDLE,false,1,0,0,0,0,-2.3841857910156e-05,-0.069813169538975,0.0,-0.07,-2.3841857910156e-05,0.00018683046102524,0.0,0.0,-2.3736901031949e-12,9.9799697791583e-60,0,0,159.99995422363,120.0,-0.00024026360188145,-2.3039435745886e-06,false,true,true,true,0,0,0
29147,SAMPLE,IDLE,false,1,0,0,0,0,0.06545877456665,-0.069813169538975,0.0,-0.07,0.06545877456665,0.00018683046102524,0.065482616424561,0.0,0.022918915747053,6.4869803564529e-60,0,0,147.50076293945,120.0,-65.463249206543,-0.55800175666809,true,false,false,false,0,0,0
29148,ACQUIRED,ACQUIRED,false,2,0,0,0,0,0.06545877456665,-0.069813169538975,0.0,-0.07,0.06545877456665,0.00018683046102524,0.0,0.0,0.014897295235585,4.2165372316944e-60,0.06545877456665,0.00018683046102524,147.50076293945,120.0,-65.463249206543,-0.55800175666809,true,false,false,false,0,0,0
29149,ALIGNING,ALIGNING,false,2,0,0,0,0,0.06545877456665,-0.069813169538975,0.0,-0.07,0.06545877456665,0.00018683046102524,0.0,0.0,0.00968324190313,2.7407492006013e-60,0.06545877456665,0.00018683046102524,134.77296447754,121.22653961182,-131.25929260254,-1.1262067556381,true,false,false,false,0,0,0
29150,SAMPLE,ALIGNING,false,2,0,0,0,0,0.13161277770996,-0.076165199279785,0.0,-0.07,0.13161277770996,-0.0061651992797851,0.066154003143311,-0.0063520297408104,0.029448008337193,-0.0022232104092836,0.13161277770996,-0.0061651992797851,134.77296447754,121.22653961182,-131.25929260254,-1.1262067556381,true,false,false,false,0,0,0
29151,SAMPLE,ALIGNING,false,2,0,0,0,0,0.13161277770996,-0.076165199279785,0.0,-0.07,0.13161277770996,-0.0061651992797851,0.0,0.0,0.019141205419176,-0.0014450867660344,0.13161277770996,-0.0061651992797851,134.77296447754,121.22653961182,-131.25929260254,-1.1262067556381,true,false,false,false,0,0,0
29152,SAMPLE,ALIGNING,false,2,0,0,0,0,0.18281006813049,-0.083547592163086,0.0,-0.07,0.18281006813049,-0.013547592163086,0.051197290420532,-0.0073823928833008,0.03036083516965,-0.0035231439070776,0.18281006813049,-0.013547592163086,124.77484893799,122.67207336426,-181.78569030762,-1.5725516080856,true,false,false,false,0,0,0
29153,SAMPLE,ALIGNING,false,2,0,0,0,0,0.18281006813049,-0.083547592163086,0.0,-0.07,0.18281006813049,-0.013547592163086,0.0,0.0,0.019734542860273,-0.0022900435396004,0.18281006813049,-0.013547592163086,124.77484893799,122.67207336426,-181.78569030762,-1.5725516080856,true,false,false,false,0,0,0
29154,SAMPLE,ALIGNING,false,2,0,0,0,0,0.22283804416656,-0.092368125915527,0.0,-0.07,0.22283804416656,-0.022368125915527,0.040027976036072,-0.0088205337524414,0.026837244471802,-0.0045757151140948,0.22283804416656,-0.022368125915527,116.81927490234,124.42069244385,-220.97772216797,-1.9277111291885,true,false,false,false,0,0,0
29155,SAMPLE,ALIGNING,false,2,0,0,0,0,0.22283804416656,-0.092368125915527,0.0,-0.07,0.22283804416656,-0.022368125915527,0.0,0.0,0.017444208906672,-0.0029742148241616,0.22283804416656,-0.022368125915527,116.81927490234,124.42069244385,-220.97772216797,-1.9277111291885,true,false,false,false,0,0,0
29156,SAMPLE,ALIGNING,false,2,0,0,0,0,0.22283804416656,-0.092368125915527,0.0,-0.07,0.22283804416656,-0.022368125915527,0.0,0.0,0.011338735789337,-0.001933239635705,0.22283804416656,-0.022368125915527,116.81927490234,124.42069244385,-220.97772216797,-1.9277111291885,true,false,false,false,0,0,0
29157,SAMPLE,ALIGNING,false,2,0,0,0,0,0.25462079048157,-0.10305786132813,0.0,-0.07,0.25462079048157,-0.033057861328125,0.031782746315002,-0.010689735412598,0.01849413947332,-0.0049980131576175,0.25462079048157,-0.033057861328125,110.41355133057,126.563331604,-251.73089599609,-2.2136809825897,true,false,false,false,0,0,0
29158,SAMPLE,ALIGNING,false,2,0,0,0,0,0.25462079048157,-0.10305786132813,0.0,-0.07,0.25462079048157,-0.033057861328125,0.0,0.0,0.012021190657658,-0.0032487085524513,0.25462079048157,-0.033057861328125,110.41355133057,126.563331604,-251.73089599609,-2.2136809825897,true,false,false,false,0,0,0
29159,SAMPLE,ALIGNING,false,2,0,0,0,0,0.28017151355743,-0.11590528488159,0.0,-0.07,0.28017151355743,-0.045905284881592,0.025550723075867,-0.012847423553467,0.016756527004031,-0.0066082588028068,0.28017151355743,-0.045905284881592,105.17181396484,129.15060424805,-276.25592041016,-2.4476869106293,true,false,false,false,0,0,0
29160,SAMPLE,ALIGNING,false,2,0,0,0,0,0.28017151355743,-0.11590528488159,0.0,-0.07,0.28017151355743,-0.045905284881592,0.0,0.0,0.01089174255262,-0.0042953682218244,0.28017151355743,-0.045905284881592,105.17181396484,129.15060424805,-276.25592041016,-2.4476869106293,true,false,false,false,0,0,0
29161,SAMPLE,ALIGNING,false,2,0,0,0,0,0.28017151355743,-0.11590528488159,0.0,-0.07,0.28017151355743,-0.045905284881592,0.0,0.0,0.007079632659203,-0.0027919893441859,0.28017151355743,-0.045905284881592,99.140289306641,133.11401367188,-303.63174438477,-2.7169516086578,true,false,false,false,0,0,0
29162,SAMPLE,ALIGNING,false,2,0,0,0,0,0.30912590026855,-0.13522434234619,0.0,-0.07,0.30912590026855,-0.065224342346191,0.028954386711121,-0.0193190574646,0.014735796577374,-0.0085764631863307,0.30912590026855,-0.065224342346191,99.140289306641,133.11401367188,-303.63174438477,-2.7169516086578,true,false,false,false,0,0,0
29163,SAMPLE,ALIGNING,false,2,0,0,0,0,0.30912590026855,-0.13522434234619,0.0,-0.07,0.30912590026855,-0.065224342346191,0.0,0.0,0.0095782677752932,-0.0055747010711149,0.30912590026855,-0.065224342346191,99.140289306641,133.11401367188,-303.63174438477,-2.7169516086578,true,false,false,false,0,0,0
29164,SAMPLE,ALIGNING,false,2,0,0,0,0,0.32470560073853,-0.15109157562256,0.0,-0.07,0.32470560073853,-0.081091575622559,0.015579700469971,-0.015867233276367,0.01167876921843,-0.0091770873429532,0.32470560073853,-0.081091575622559,95.858200073242,136.38066101074,-318.00744628906,-2.8634734153748,true,false,false,false,0,0,0
29165,SAMPLE,ALIGNING,false,2,0,0,0,0,0.32470560073853,-0.15109157562256,0.0,-0.07,0.32470560073853,-0.081091575622559,0.0,0.0,0.0075911999919797,-0.0059651067729196,0.32470560073853,-0.081091575622559,95.858200073242,136.38066101074,-318.00744628906,-2.8634734153748,true,false,false,false,0,0,0
29166,SAMPLE,ALIGNING,false,2,0,0,0,0,0.32470560073853,-0.15109157562256,0.0,-0.07,0.32470560073853,-0.081091575622559,0.0,0.0,0.0049342799947868,-0.0038773194023977,0.32470560073853,-0.081091575622559,95.858200073242,136.38066101074,-318.00744628906,-2.8634734153748,true,false,false,false,0,0,0
29167,SAMPLE,ALIGNING,false,2,0,0,0,0,0.34306573867798,-0.17309474945068,0.0,-0.07,0.34306573867798,-0.10309474945068,0.018360137939453,-0.022003173828125,0.00963333027542,-0.010221368451402,0.34306573867798,-0.10309474945068,91.942810058594,140.97332763672,-334.59732055664,-3.0382676124573,true,false,false,false,0,0,0
29168,SAMPLE,ALIGNING,false,2,0,0,0,0,0.34306573867798,-0.17309474945068,0.0,-0.07,0.34306573867798,-0.10309474945068,0.0,0.0,0.006261664679023,-0.0066438894934115,0.34306573867798,-0.10309474945068,91.942810058594,140.97332763672,-334.59732055664,-3.0382676124573,true,false,false,false,0,0,0
29169,SAMPLE,ALIGNING,false,2,0,0,0,0,0.35346806049347,-0.18829107284546,0.0,-0.07,0.35346806049347,-0.11829107284546,0.010402321815491,-0.015196323394775,0.0077108946767867,-0.0096372413588889,0.35346806049347,-0.11829107284546,89.702705383301,144.18560791016,-343.72573852539,-3.1382722854614,true,false,false,false,0,0,0
29170,SAMPLE,ALIGNING,false,2,0,0,0,0,0.35346806049347,-0.18829107284546,0.0,-0.07,0.35346806049347,-0.11829107284546,0.0,0.0,0.0050120815399114,-0.0062642068832778,0.35346806049347,-0.11829107284546,89.702705383301,144.18560791016,-343.72573852539,-3.1382722854614,true,false,false,false,0,0,0
29171,SAMPLE,ALIGNING,false,2,0,0,0,0,0.36224067211151,-0.20262432098389,0.0,-0.07,0.36224067211151,-0.13262432098389,0.008772611618042,-0.014333248138428,0.0063282670672571,-0.0090883713225802,0.36224067211151,-0.13262432098389,87.792236328125,147.23123168945,-351.27096557617,-3.2235612869263,true,false,false,false,0,0,0
29172,SAMPLE,ALIGNING,false,2,0,0,0,0,0.36224067211151,-0.20262432098389,0.0,-0.07,0.36224067211151,-0.13262432098389,0.0,0.0,0.0041133735937171,-0.0059074413596772,0.36224067211151,-0.13262432098389,87.792236328125,147.23123168945,-351.27096557617,-3.2235612869263,true,false,false,false,0,0,0
29173,SAMPLE,ALIGNING,false,2,0,0,0,0,0.36224067211151,-0.20262432098389,0.0,-0.07,0.36224067211151,-0.13262432098389,0.0,0.0,0.0026736928359161,-0.0038398368837902,0.36224067211151,-0.13262432098389,87.792236328125,147.23123168945,-351.27096557617,-3.2235612869263,true,false,false,false,0,0,0
29174,SAMPLE,ALIGNING,false,2,0,0,0,0,0.37283492088318,-0.22132015228271,0.0,-0.07,0.37283492088318,-0.15132015228271,0.010594248771667,-0.018695831298828,0.0054458874134291,-0.0090394349290534,0.37283492088318,-0.15132015228271,85.470222473145,151.24700927734,-360.12261962891,-3.3272225856781,true,false,false,false,0,0,0
29175,SAMPLE,ALIGNING,false,2,0,0,0,0,0.37283492088318,-0.22132015228271,0.0,-0.07,0.37283492088318,-0.15132015228271,0.0,0.0,0.0035398268187289,-0.0058756327038847,0.37283492088318,-0.15132015228271,85.470222473145,151.24700927734,-360.12261962891,-3.3272225856781,true,false,false,false,0,0,0
29176,SAMPLE,ALIGNING,false,2,0,0,0,0,0.37930643558502,-0.23383188247681,0.0,-0.07,0.37930643558502,-0.16383188247681,0.0064715147018433,-0.012511730194092,0.0045659175778189,-0.0081982668254572,0.37930643558502,-0.16383188247681,84.052032470703,153.96180725098,-365.31393432617,-3.3905348777771,true,false,false,false,0,0,0
29177,SAMPLE,ALIGNING,false,2,0,0,0,0,0.37930643558502,-0.23383188247681,0.0,-0.07,0.37930643558502,-0.16383188247681,0.0,0.0,0.0029678464255823,-0.0053288734365472,0.37930643558502,-0.16383188247681,84.052032470703,153.96180725098,-365.31393432617,-3.3905348777771,true,false,false,false,0,0,0
29178,SAMPLE,ALIGNING,false,2,0,0,0,0,0.37930643558502,-0.23383188247681,0.0,-0.07,0.37930643558502,-0.16383188247681,0.0,0.0,0.0019291001766285,-0.0034637677337557,0.37930643558502,-0.16383188247681,83.003128051758,155.96966552734,-369.07696533203,-3.4373607635498,true,false,false,false,0,0,0
29179,SAMPLE,ALIGNING,false,2,0,0,0,0,0.38400435447693,-0.24303579330444,0.0,-0.07,0.38400435447693,-0.17303579330444,0.0046979188919067,-0.0092039108276367,0.0028981867269759,-0.005472817816614,0.38400435447693,-0.17303579330444,83.003128051758,155.96966552734,-369.07696533203,-3.4373607635498,true,false,false,false,0,0,0
29180,SAMPLE,ALIGNING,false,2,0,0,0,0,0.38400435447693,-0.24303579330444,0.0,-0.07,0.38400435447693,-0.17303579330444,0.0,0.0,0.0018838213725343,-0.0035573315807991,0.38400435447693,-0.17303579330444,83.003128051758,155.96966552734,-369.07696533203,-3.4373607635498,true,false,false,false,0,0,0
29181,SAMPLE,ALIGNING,false,2,0,0,0,0,0.38750386238098,-0.24979496002197,0.0,-0.07,0.38750386238098,-0.17979496002197,0.0034995079040527,-0.0067591667175293,0.0024493116585658,-0.0046779738786547,0.38750386238098,-0.17979496002197,82.227363586426,157.45468139648,-371.81820678711,-3.4719929695129,true,false,false,false,0,0,0
29182,SAMPLE,ALIGNING,false,2,0,0,0,0,0.38750386238098,-0.24979496002197,0.0,-0.07,0.38750386238098,-0.17979496002197,0.0,0.0,0.0015920525780677,-0.0030406830211255,0.38750386238098,-0.17979496002197,82.227363586426,157.45468139648,-371.81820678711,-3.4719929695129,true,false,false,false,0,0,0
29183,SAMPLE,ALIGNING,false,2,0,0,0,0,0.29316258430481,-0.20808935165405,0.0,-0.07,0.29316258430481,-0.13808935165405,-0.094341278076172,0.04170560836792,-0.031984613150916,0.01262051896504,0.29316258430481,-0.13808935165405,102.4793548584,147.70149230957,-286.26092529297,-2.5678861141205,true,false,false,false,0,0,0
29184,SAMPLE,ALIGNING,false,2,0,0,0,0,0.29316258430481,-0.20808935165405,0.0,-0.07,0.29316258430481,-0.13808935165405,0.0,0.0,-0.020789998548095,0.0082033373272762,0.29316258430481,-0.13808935165405,102.4793548584,147.70149230957,-286.26092529297,-2.5678861141205,true,false,false,false,0,0,0
29185,SAMPLE,ALIGNING,false,2,0,0,0,0,0.29316258430481,-0.20808935165405,0.0,-0.07,0.29316258430481,-0.13808935165405,0.0,0.0,-0.013513499056262,0.0053321692627296,0.29316258430481,-0.13808935165405,117.4577331543,140.48802185059,-216.73213195801,-1.8992086648941,true,false,false,false,0,0,0
29186,SAMPLE,ALIGNING,false,2,0,0,0,0,0.21962630748749,-0.17434120178223,0.0,-0.07,0.21962630748749,-0.10434120178223,-0.073536276817322,0.033748149871826,-0.034521471272633,0.015277762475913,0.21962630748749,-0.10434120178223,117.4577331543,140.48802185059,-216.73213195801,-1.8992086648941,true,false,false,false,0,0,0
29187,SAMPLE,ALIGNING,false,2,0,0,0,0,0.21962630748749,-0.17434120178223,0.0,-0.07,0.21962630748749,-0.10434120178223,0.0,0.0,-0.022438956327211,0.0099305456093437,0.21962630748749,-0.10434120178223,117.4577331543,140.48802185059,-216.73213195801,-1.8992086648941,true,false,false,false,0,0,0
29188,SAMPLE,ALIGNING,false,2,0,0,0,0,0.16358721256256,-0.1480712890625,0.0,-0.07,0.16358721256256,-0.0780712890625,-0.056039094924927,0.026269912719727,-0.034199004836412,0.015649324097978,0.16358721256256,-0.0780712890625,128.53573608398,135.15293884277,-162.43829345703,-1.4046547412872,true,false,false,false,0,0,0
29189,SAMPLE,ALIGNING,false,2,0,0,0,0,0.16358721256256,-0.1480712890625,0.0,-0.07,0.16358721256256,-0.0780712890625,0.0,0.0,-0.022229353143668,0.010172060663686,0.16358721256256,-0.0780712890625,128.53573608398,135.15293884277,-162.43829345703,-1.4046547412872,true,false,false,false,0,0,0
29190,SAMPLE,ALIGNING,false,2,0,0,0,0,0.12149786949158,-0.12808132171631,0.0,-0.07,0.12149786949158,-0.058081321716309,-0.042089343070984,0.019989967346191,-0.029180349618228,0.013608328002563,0.12149786949158,-0.058081321716309,136.72903442383,131.20712280273,-121.03373718262,-1.0388826131821,true,false,false,false,0,0,0
29191,SAMPLE,ALIGNING,false,2,0,0,0,0,0.12149786949158,-0.12808132171631,0.0,-0.07,0.12149786949158,-0.058081321716309,0.0,0.0,-0.018967227251848,0.0088454132016657,0.12149786949158,-0.058081321716309,136.72903442383,131.20712280273,-121.03373718262,-1.0388826131821,true,false,false,false,0,0,0
29192,SAMPLE,ALIGNING,false,2,0,0,0,0,0.12149786949158,-0.12808132171631,0.0,-0.07,0.12149786949158,-0.058081321716309,0.0,0.0,-0.012328697713701,0.0057495185810827,0.12149786949158,-0.058081321716309,136.72903442383,131.20712280273,-121.03373718262,-1.0388826131821,true,false,false,false,0,0,0
29193,SAMPLE,ALIGNING,false,2,0,0,0,0,0.09005081653595,-0.11307716369629,0.0,-0.07,0.09005081653595,-0.043077163696289,-0.031447052955627,0.01500415802002,-0.019020122048376,0.0089886423847106,0.09005081653595,-0.043077163696289,142.7887878418,128.2887878418,-89.884735107422,-0.76835757493973,true,false,false,false,0,0,0
29194,SAMPLE,ALIGNING,false,2,0,0,0,0,0.09005081653595,-0.11307716369629,0.0,-0.07,0.09005081653595,-0.043077163696289,0.0,0.0,-0.012363079331444,0.0058426175500619,0.09005081653595,-0.043077163696289,142.7887878418,128.2887878418,-89.884735107422,-0.76835757493973,true,false,false,false,0,0,0
29195,SAMPLE,ALIGNING,false,2,0,0,0,0,0.066657185554504,-0.10185956954956,0.0,-0.07,0.066657185554504,-0.031859569549561,-0.023393630981445,0.011217594146729,-0.016223772408945,0.0077238593588952,0.066657185554504,-0.031859569549561,147.27058410645,126.13038635254,-66.629150390625,-0.56827729940414,true,false,false,false,0,0,0
29196,SAMPLE,ALIGNING,false,2,0,0,0,0,0.066657185554504,-0.10185956954956,0.0,-0.07,0.066657185554504,-0.031859569549561,0.0,0.0,-0.010545452065814,0.0050205085832819,0.066657185554504,-0.031859569549561,147.27058410645,126.13038635254,-66.629150390625,-0.56827729940414,true,false,false,false,0,0,0
29197,SAMPLE,ALIGNING,false,2,0,0,0,0,0.049351811408997,-0.093518257141113,0.0,-0.07,0.049351811408997,-0.023518257141113,-0.017305374145508,0.0083413124084473,-0.012911424793707,0.0061827899220898,0.049351811408997,-0.023518257141113,150.58532714844,124.534034729,-49.340057373047,-0.42029789090157,true,false,false,false,0,0,0
29198,SAMPLE,ALIGNING,false,2,0,0,0,0,0.049351811408997,-0.093518257141113,0.0,-0.07,0.049351811408997,-0.023518257141113,0.0,0.0,-0.0083924261159094,0.0040188134493583,0.049351811408997,-0.023518257141113,150.58532714844,124.534034729,-49.340057373047,-0.42029789090157,true,false,false,false,0,0,0
29199,SAMPLE,ALIGNING,false,2,0,0,0,0,0.03645658493042,-0.087334632873535,0.0,-0.07,0.03645658493042,-0.017334632873535,-0.012895226478577,0.0061836242675781,-0.009968406242843,0.0047764972357353,0.03645658493042,-0.017334632873535,153.03691101074,123.3533706665,-36.516704559326,-0.31085231900215,true,false,false,false,0,0,0
29200,SAMPLE,ALIGNING,false,2,0,0,0,0,0.03645658493042,-0.087334632873535,0.0,-0.07,0.03645658493042,-0.017334632873535,0.0,0.0,-0.0064794640578479,0.0031047232032279,0.03645658493042,-0.017334632873535,153.03691101074,123.3533706665,-36.516704559326,-0.31085231900215,true,false,false,false,0,0,0
29201,SAMPLE,ALIGNING,false,2,0,0,0,0,0.03645658493042,-0.087334632873535,0.0,-0.07,0.03645658493042,-0.017334632873535,0.0,0.0,-0.0042116516376011,0.0020180700820982,0.03645658493042,-0.017334632873535,153.03691101074,123.3533706665,-36.516704559326,-0.31085231900215,true,false,false,false,0,0,0
29202,SAMPLE,ALIGNING,false,2,0,0,0,0,0.023177862167358,-0.080958843231201,0.0,-0.07,0.023177862167358,-0.010958843231201,-0.013278722763062,0.006375789642334,-0.0073851265315123,0.0035432719281807,0.023177862167358,-0.010958843231201,155.57109069824,122.13293457031,-23.238008499146,-0.19771948456764,true,false,false,true,0,0,0
29203,SAMPLE,ALIGNING,false,2,0,0,0,0,0.023177862167358,-0.080958843231201,0.0,-0.07,0.023177862167358,-0.010958843231201,0.0,0.0,-0.004800332245483,0.0023031267533175,0.023177862167358,-0.010958843231201,155.57109069824,122.13293457031,-23.238008499146,-0.19771948456764,true,false,false,true,0,0,0
29204,SAMPLE,ALIGNING,false,2,1,0,0,0,0.01713764667511,-0.078034400939941,0.0,-0.07,0.01713764667511,-0.0080344009399414,-0.0060402154922485,0.0029244422912598,-0.0052342913818509,0.0025205871915973,0.01713764667511,-0.0080344009399414,156.72438049316,121.57751464844,-17.189413070679,-0.14623333513737,false,false,true,true,0,0,0
29205,SAMPLE,ALIGNING,false,2,2,0,0,0,0.01713764667511,-0.078034400939941,0.0,-0.07,0.01713764667511,-0.0080344009399414,0.0,0.0,-0.0034022893982031,0.0016383816745382,0.01713764667511,-0.0080344009399414,156.72438049316,121.57751464844,-17.189413070679,-0.14623333513737,false,false,true,true,0,0,0
29206,SAMPLE,ALIGNING,false,2,3,0,0,0,0.01713764667511,-0.078034400939941,0.0,-0.07,0.01713764667511,-0.0080344009399414,0.0,0.0,-0.002211488108832,0.0010649480884498,0.01713764667511,-0.0080344009399414,156.72438049316,121.57751464844,-17.189413070679,-0.14623333513737,false,false,true,true,0,0,0
29207,SAMPLE,ALIGNING,false,2,4,0,0,0,0.01263165473938,-0.07587718963623,0.0,-0.07,0.01263165473938,-0.0058771896362305,-0.00450599193573,0.0021572113037109,-0.0030145644482463,0.0014472402137912,0.01263165473938,-0.0058771896362305,157.57734680176,121.16673278809,-12.714364051819,-0.10815418511629,false,false,true,true,0,0,0
29208,STABLE,STABLE,false,2,5,0,0,0,0.01263165473938,-0.07587718963623,0.0,-0.07,0.01263165473938,-0.0058771896362305,0.0,0.0,-0.0019594668913601,0.0009407061389643,0.01263165473938,-0.0058771896362305,157.57734680176,121.16673278809,-12.714364051819,-0.10815418511629,false,false,true,true,0,0,0
29209,SAMPLE,STABLE,false,2,5,0,0,0,0.0093717575073242,-0.074295520782471,0.0,-0.07,0.0093717575073242,-0.0042955207824707,-0.0032598972320557,0.0015816688537598,-0.0024146175106035,0.0011650430891427,0.0093717575073242,-0.0042955207824707,158.20820617676,120.86291503906,-9.4039649963379,-0.079990841448307,false,false,true,true,0,0,0
29210,SAMPLE,STABLE,false,2,5,0,0,0,0.0093717575073242,-0.074295520782471,0.0,-0.07,0.0093717575073242,-0.0042955207824707,0.0,0.0,-0.0015695013818923,0.00075727800794276,0.0093717575073242,-0.0042955207824707,158.20820617676,120.86291503906,-9.4039649963379,-0.079990841448307,false,false,true,true,0,0,0
29211,SAMPLE,STABLE,false,2,5,0,0,0,0.0068790912628174,-0.073096752166748,0.0,-0.07,0.0068790912628174,-0.003096752166748,-0.0024926662445068,0.0011987686157227,-0.0018926090838074,0.00091179972066573,0.0068790912628174,-0.003096752166748,158.67478942871,120.63821411133,-6.9553437232971,-0.059161230921745,false,false,true,true,0,0,0
29212,SAMPLE,STABLE,false,2,5,0,0,0,0.0068790912628174,-0.073096752166748,0.0,-0.07,0.0068790912628174,-0.003096752166748,0.0,0.0,-0.0012301959044748,0.00059266981843272,0.0068790912628174,-0.003096752166748,158.67478942871,120.63821411133,-6.9553437232971,-0.059161230921745,false,false,true,true,0,0,0
29213,SAMPLE,STABLE,false,2,5,0,0,0,0.0068790912628174,-0.073096752166748,0.0,-0.07,0.0068790912628174,-0.003096752166748,0.0,0.0,-0.00079962733790862,0.00038523538198127,0.0068790912628174,-0.003096752166748,158.67478942871,120.63821411133,-6.9553437232971,-0.059161230921745,false,false,true,true,0,0,0
29214,SAMPLE,STABLE,false,2,5,1,0,0,0.0050574541091919,-0.072234153747559,0.0,-0.07,0.0050574541091919,-0.0022341537475586,-0.0018216371536255,0.00086259841918945,-0.0011573307734095,0.00055231244500413,0.0068790912628174,-0.003096752166748,159.01986694336,120.47202301025,-5.1442804336548,-0.043755646795034,false,true,true,true,0,0,0
29215,SAMPLE,STABLE,false,2,5,2,0,0,0.0050574541091919,-0.072234153747559,0.0,-0.07,0.0050574541091919,-0.0022341537475586,0.0,0.0,-0.00075226500271619,0.00035900308925269,0.0068790912628174,-0.003096752166748,159.01986694336,120.47202301025,-5.1442804336548,-0.043755646795034,false,true,true,true,0,0,0
29216,TARGET_TEMPORARILY_LOST,TARGET_TEMPORARILY_LOST,false,2,5,3,0,0,0.0037151575088501,-0.071610927581787,0.0,-0.07,0.0037151575088501,-0.0016109275817871,-0.0013422966003418,0.00062322616577148,-0.00095877606188515,0.00045148116603427,0.0068790912628174,-0.003096752166748,159.27510070801,120.34910583496,-3.8047003746033,-0.032361678779125,false,true,true,true,0,0,0
29217,SEARCHING_LAST_DIRECTION,SEARCHING_LAST_DIRECTION,false,2,5,3,0,0,0.0037151575088501,-0.071610927581787,0.0,-0.07,0.0037151575088501,-0.0016109275817871,0.0,0.0,-0.00062320444022535,0.00029346275792227,0.0068790912628174,-0.003096752166748,159.27510070801,120.34910583496,-3.8047003746033,-0.032361678779125,false,true,true,true,0,0,0
29218,SAMPLE,SEARCHING_LAST_DIRECTION,false,2,5,3,0,1,0.0037151575088501,-0.071610927581787,0.0,-0.07,0.0037151575088501,-0.0016109275817871,0.0,0.0,-0.00040508288614648,0.00019075079264948,0.0068790912628174,-0.003096752166748,159.4638671875,120.25820159912,-2.8139533996582,-0.023934697732329,false,true,true,true,0,0,0.96666666666667
29219,SAMPLE,SEARCHING_LAST_DIRECTION,false,2,5,3,0,2,0.0027563571929932,-0.071131706237793,0.0,-0.07,0.0027563571929932,-0.001131706237793,-0.00095880031585693,0.00047922134399414,-0.00059888398654514,0.00029171548562011,0.0068790912628174,-0.003096752166748,159.4638671875,120.25820159912,-2.8139533996582,-0.023934697732329,false,true,true,true,0,0,0.93333333333333
29220,SAMPLE,SEARCHING_LAST_DIRECTION,false,2,5,3,0,3,0.0027563571929932,-0.071131706237793,0.0,-0.07,0.0027563571929932,-0.001131706237793,0.0,0.0,-0.00038927459125434,0.00018961506565307,0.0068790912628174,-0.003096752166748,159.4638671875,120.25820159912,-2.8139533996582,-0.023934697732329,false,true,true,true,0,0,0.9
29221,SAMPLE,SEARCHING_LAST_DIRECTION,false,2,5,3,0,4,0.0017017126083374,-0.07060432434082,0.0,-0.07,0.0017017126083374,-0.00060432434082031,-0.0010546445846558,0.00052738189697266,-0.00062215408894484,0.00030783345661493,0.0068790912628174,-0.003096752166748,159.65898132324,120.16423034668,-1.7898802757263,-0.015223808586597,false,true,true,true,0,0,0.86666666666667
29222,SAMPLE,SEARCHING_LAST_DIRECTION,false,2,5,3,0,5,0.0017017126083374,-0.07060432434082,0.0,-0.07,0.0017017126083374,-0.00060432434082031,0.0,0.0,-0.00040440015781414,0.0002000917467997,0.0068790912628174,-0.003096752166748,159.65898132324,120.16423034668,-1.7898802757263,-0.015223808586597,false,true,true,true,0,0,0.83333333333333
29223,SAMPLE,SEARCHING_LAST_DIRECTION,false,2,5,3,0,6,0.0012702941894531,-0.070364475250244,0.0,-0.07,0.0012702941894531,-0.00036447525024413,-0.00043141841888428,0.00023984909057617,-0.00041385654918869,0.00021400681712147,0.0068790912628174,-0.003096752166748,159.74778747559,120.12146759033,-1.3237708806992,-0.011259529739618,false,true,true,true,0,0,0.8
29224,SAMPLE,SEARCHING_LAST_DIRECTION,false,2,5,3,0,7,0.0012702941894531,-0.070364475250244,0.0,-0.07,0.0012702941894531,-0.00036447525024413,0.0,0.0,-0.00026900675697265,0.00013910443112895,0.0068790912628174,-0.003096752166748,159.74778747559,120.12146759033,-1.3237708806992,-0.011259529739618,false,true,true,true,0,0,0.76666666666667
29225,SAMPLE,SEARCHING_LAST_DIRECTION,false,2,5,3,0,8,0.0012702941894531,-0.070364475250244,0.0,-0.07,0.0012702941894531,-0.00036447525024413,0.0,0.0,-0.00017485439203222,9.041788023382e-05,0.0068790912628174,-0.003096752166748,159.74778747559,120.12146759033,-1.3237708806992,-0.011259529739618,false,true,true,true,0,0,0.73333333333333
29226,SAMPLE,SEARCHING_LAST_DIRECTION,false,2,5,3,1,9,0.15236973762512,-0.14773559570313,0.0,-0.07,0.15236973762512,-0.077735595703125,0.15109944343567,-0.077371120452881,0.052771149847663,-0.027021120536356,0.0068790912628174,-0.003096752166748,130.73489379883,135.0617980957,-151.36003112793,-1.3064780235291,true,false,false,false,0,0,0.7
29227,REACQUIRED,REACQUIRED,false,2,5,3,2,10,0.15236973762512,-0.14773559570313,0.0,-0.07,0.15236973762512,-0.077735595703125,0.0,0.0,0.034301247400981,-0.017563728348632,0.0068790912628174,-0.003096752166748,130.73489379883,135.0617980957,-151.36003112793,-1.3064780235291,true,false,false,false,0,0,0.66666666666667
29228,ALIGNING,ALIGNING,false,2,0,0,2,10,0.21909892559052,-0.18129205703735,0.0,-0.07,0.21909892559052,-0.11129205703735,0.066729187965393,-0.033556461334229,0.045651026598525,-0.023161184893591,0.21909892559052,-0.11129205703735,117.56784820557,141.84994506836,-216.03575134277,-1.8942927122116,true,false,false,false,0,0,0
29229,SAMPLE,ALIGNING,false,2,0,0,2,10,0.21909892559052,-0.18129205703735,0.0,-0.07,0.21909892559052,-0.11129205703735,0.0,0.0,0.029673167289041,-0.015054770180834,0.21909892559052,-0.11129205703735,117.56784820557,141.84994506836,-216.03575134277,-1.8942927122116,true,false,false,false,0,0,0
29230,SAMPLE,ALIGNING,false,2,0,0,2,10,0.21909892559052,-0.18129205703735,0.0,-0.07,0.21909892559052,-0.11129205703735,0.0,0.0,0.019287558737877,-0.009785600617542,0.21909892559052,-0.11129205703735,117.56784820557,141.84994506836,-216.03575134277,-1.8942927122116,true,false,false,false,0,0,0
29231,SAMPLE,ALIGNING,false,2,0,0,2,10,0.2860199213028,-0.21408176422119,0.0,-0.07,0.2860199213028,-0.14408176422119,0.06692099571228,-0.032789707183838,0.035959261678918,-0.017837037915746,0.2860199213028,-0.14408176422119,103.95546722412,148.85922241211,-279.26831054688,-2.5019881725311,true,false,false,false,0,0,0
29232,SAMPLE,ALIGNING,false,2,0,0,2,10,0.2860199213028,-0.21408176422119,0.0,-0.07,0.2860199213028,-0.14408176422119,0.0,0.0,0.023373520091297,-0.011594074645235,0.2860199213028,-0.14408176422119,103.95546722412,148.85922241211,-279.26831054688,-2.5019881725311,true,false,false,false,0,0,0
29233,SAMPLE,ALIGNING,false,2,0,0,2,10,0.3156453371048,-0.22822284698486,0.0,-0.07,0.3156453371048,-0.15822284698486,0.029625415802002,-0.014141082763672,0.025561683590044,-0.012485527486688,0.3156453371048,-0.15822284698486,97.761489868164,152.03590393066,-306.62738037109,-2.7785053253174,true,false,false,false,0,0,0
29234,SAMPLE,ALIGNING,false,2,0,0,2,10,0.3156453371048,-0.22822284698486,0.0,-0.07,0.3156453371048,-0.15822284698486,0.0,0.0,0.016615094333528,-0.008115592866347,0.3156453371048,-0.15822284698486,97.761489868164,152.03590393066,-306.62738037109,-2.7785053253174,true,false,false,false,0,0,0
29235,SAMPLE,ALIGNING,false,2,0,0,2,10,0.3156453371048,-0.22822284698486,0.0,-0.07,0.3156453371048,-0.15822284698486,0.0,0.0,0.010799811316793,-0.0052751353631255,0.3156453371048,-0.15822284698486,97.761489868164,152.03590393066,-306.62738037109,-2.7785053253174,true,false,false,false,0,0,0
29236,SAMPLE,ALIGNING,false,2,0,0,2,10,0.34551048278809,-0.24241256713867,0.0,-0.07,0.34551048278809,-0.17241256713867,0.029865145683289,-0.014189720153809,0.017472678345067,-0.0083952400398646,0.34551048278809,-0.17241256713867,91.414001464844,155.30661010742,-333.67141723633,-3.0618753433228,true,false,false,false,0,0,0
29237,SAMPLE,ALIGNING,false,2,0,0,2,10,0.34551048278809,-0.24241256713867,0.0,-0.07,0.34551048278809,-0.17241256713867,0.0,0.0,0.011357240924293,-0.005456906025912,0.34551048278809,-0.17241256713867,91.414001464844,155.30661010742,-333.67141723633,-3.0618753433228,true,false,false,false,0,0,0
29238,SAMPLE,ALIGNING,false,2,0,0,2,10,0.34551048278809,-0.24241256713867,0.0,-0.07,0.34551048278809,-0.17241256713867,0.0,0.0,0.0073822066007907,-0.0035469889168428,0.34551048278809,-0.17241256713867,91.414001464844,155.30661010742,-333.67141723633,-3.0618753433228,true,false,false,false,0,0,0
29239,SAMPLE,ALIGNING,false,2,0,0,2,10,0.36367881298065,-0.25089740753174,0.0,-0.07,0.36367881298065,-0.18089740753174,0.018168330192566,-0.0084848403930664,0.011157349857912,-0.0052752369335211,0.36367881298065,-0.18089740753174,87.47925567627,157.33154296875,-349.91772460938,-3.2375335693359,true,false,false,false,0,0,0
29240,SAMPLE,ALIGNING,false,2,0,0,2,10,0.36367881298065,-0.25089740753174,0.0,-0.07,0.36367881298065,-0.18089740753174,0.0,0.0,0.0072522774076428,-0.0034289040067887,0.36367881298065,-0.18089740753174,87.47925567627,157.33154296875,-349.91772460938,-3.2375335693359,true,false,false,false,0,0,0
29241,SAMPLE,ALIGNING,false,2,0,0,2,10,0.37154054641724,-0.25478076934814,0.0,-0.07,0.37154054641724,-0.18478076934814,0.0078617334365845,-0.0038833618164063,0.0074655870177724,-0.0035879642401548,0.37154054641724,-0.18478076934814,85.758895874023,158.26614379883,-356.87869262695,-3.3143353462219,true,false,false,false,0,0,0
29242,SAMPLE,ALIGNING,false,2,0,0,2,10,0.37154054641724,-0.25478076934814,0.0,-0.07,0.37154054641724,-0.18478076934814,0.0,0.0,0.0048526315615521,-0.0023321767561006,0.37154054641724,-0.18478076934814,85.758895874023,158.26614379883,-356.87869262695,-3.3143353462219,true,false,false,false,0,0,0
29243,SAMPLE,ALIGNING,true,2,0,0,2,10,0.3771493434906,-0.25765705108643,0.0,-0.07,0.3771493434906,-0.18765705108643,0.0056087970733643,-0.0028762817382813,0.0051172894906863,-0.0025226134998639,0.3771493434906,-0.18765705108643,84.517395019531,158.96806335449,-361.84429931641,-3.3697595596313,true,false,false,false,-45,-41,0
29244,SAMPLE,ALIGNING,true,2,0,0,2,10,0.3771493434906,-0.25765705108643,0.0,-0.07,0.3771493434906,-0.18765705108643,0.0,0.0,0.0033262381689461,-0.0016396987749115,0.3771493434906,-0.18765705108643,84.517395019531,158.96806335449,-361.84429931641,-3.3697595596313,true,false,false,false,-45,-41,0
29245,SAMPLE,ALIGNING,true,2,0,0,2,10,0.3771493434906,-0.25765705108643,0.0,-0.07,0.3771493434906,-0.18765705108643,0.0,0.0,0.002162054809815,-0.0010658042036925,0.3771493434906,-0.18765705108643,84.517395019531,158.96806335449,-361.84429931641,-3.3697595596313,true,false,false,false,-45,-41,0
29246,SAMPLE,ALIGNING,true,2,0,0,2,10,0.38285386562347,-0.26053333282471,0.0,-0.07,0.38285386562347,-0.19053333282471,0.0057045221328735,-0.0028762817382813,0.0034019183728855,-0.0016994713407985,0.38285386562347,-0.19053333282471,83.256591796875,159.66265869141,-366.85046386719,-3.4260454177856,true,false,false,false,-45,-42,0
29247,SAMPLE,ALIGNING,true,2,0,0,2,10,0.38285386562347,-0.26053333282471,0.0,-0.07,0.38285386562347,-0.19053333282471,0.0,0.0,0.0022112469423756,-0.0011046563715191,0.38285386562347,-0.19053333282471,83.256591796875,159.66265869141,-366.85046386719,-3.4260454177856,true,false,false,false,-45,-42,0
29248,SAMPLE,ALIGNING,true,2,0,0,2,10,0.38525080680847,-0.26197147369385,0.0,-0.07,0.38525080680847,-0.19197147369385,0.0023969411849976,-0.0014381408691406,0.0022762399272933,-0.0012213759456866,0.38525080680847,-0.19197147369385,82.726081848145,160.01177978516,-368.9250793457,-3.4497287273407,true,false,false,false,-45,-42,0
29249,SAMPLE,ALIGNING,true,2,0,0,2,10,0.38525080680847,-0.26197147369385,0.0,-0.07,0.38525080680847,-0.19197147369385,0.0,0.0,0.0014795559527406,-0.00079389436469629,0.38525080680847,-0.19197147369385,82.726081848145,160.01177978516,-368.9250793457,-3.4497287273407,true,false,false,false,-45,-42,0
29250,SAMPLE,ALIGNING,true,2,0,0,2,10,0.38525080680847,-0.26197147369385,0.0,-0.07,0.38525080680847,-0.19197147369385,0.0,0.0,0.0009617113692814,-0.00051603133705259,0.38525080680847,-0.19197147369385,82.726081848145,160.01177978516,-368.9250793457,-3.4497287273407,true,false,false,false,-45,-42,0
29251,SAMPLE,ALIGNING,true,2,0,0,2,10,0.38692855834961,-0.26292991638184,0.0,-0.07,0.38692855834961,-0.19292991638184,0.0016777515411377,-0.00095844268798828,0.0012123254294311,-0.00067087530988008,0.38692855834961,-0.19292991638184,82.352096557617,160.24591064453,-370.38684082031,-3.4664244651794,true,false,false,false,-45,-42,0
29252,SAMPLE,ALIGNING,true,2,0,0,2,10,0.38692855834961,-0.26292991638184,0.0,-0.07,0.38692855834961,-0.19292991638184,0.0,0.0,0.00078801152913022,-0.00043606895142205,0.38692855834961,-0.19292991638184,82.352096557617,160.24591064453,-370.38684082031,-3.4664244651794,true,false,false,false,-45,-42,0
29253,SAMPLE,ALIGNING,true,2,0,0,2,10,0.38860642910004,-0.26388883590698,0.0,-0.07,0.38860642910004,-0.19388883590698,0.0016778707504272,-0.00095891952514648,0.0010994622565842,-0.0006190666522256,0.38860642910004,-0.19388883590698,81.977279663086,160.47401428223,-371.85015869141,-3.4831576347351,true,false,false,false,-45,-43,0
29254,SAMPLE,ALIGNING,true,2,0,0,2,10,0.38860642910004,-0.26388883590698,0.0,-0.07,0.38860642910004,-0.19388883590698,0.0,0.0,0.00071465046677972,-0.00040239332394664,0.38860642910004,-0.19388883590698,81.977279663086,160.47401428223,-371.85015869141,-3.4831576347351,true,false,false,false,-45,-43,0
29255,SAMPLE,ALIGNING,true,2,0,0,2,10,0.38860642910004,-0.26388883590698,0.0,-0.07,0.38860642910004,-0.19388883590698,0.0,0.0,0.00046452280340682,-0.00026155566056532,0.38860642910004,-0.19388883590698,81.977279663086,160.47401428223,-371.85015869141,-3.4831576347351,true,false,false,false,-45,-43,0
29256,SAMPLE,ALIGNING,true,2,0,0,2,10,0.38918173313141,-0.2642240524292,0.0,-0.07,0.38918173313141,-0.1942240524292,0.00057530403137207,-0.0003352165222168,0.00050329623319465,-0.00028733696214334,0.38918173313141,-0.1942240524292,81.855117797852,160.5638885498,-372.32092285156,-3.4886112213135,true,false,false,false,-45,-43,0
29257,SAMPLE,ALIGNING,true,2,0,0,2,10,0.38918173313141,-0.2642240524292,0.0,-0.07,0.38918173313141,-0.1942240524292,0.0,0.0,0.00032714255157653,-0.00018676902539317,0.38918173313141,-0.1942240524292,81.855117797852,160.5638885498,-372.32092285156,-3.4886112213135,true,false,false,false,-45,-43,0
29258,SAMPLE,ALIGNING,true,2,0,0,2,10,0.38937342166901,-0.26475143432617,0.0,-0.07,0.38937342166901,-0.19475143432617,0.00019168853759766,-0.00052738189697266,0.00027973364668392,-0.00030598353044599,0.38937342166901,-0.19475143432617,81.811325073242,160.66961669922,-372.46432495117,-3.4905662536621,true,false,false,false,-45,-43,0
29259,SAMPLE,ALIGNING,true,2,0,0,2,10,0.38937342166901,-0.26475143432617,0.0,-0.07,0.38937342166901,-0.19475143432617,0.0,0.0,0.00018182687034455,-0.00019888929478989,0.38937342166901,-0.19475143432617,81.811325073242,160.66961669922,-372.46432495117,-3.4905662536621,true,false,false,false,-45,-43,0
29260,SAMPLE,ALIGNING,true,2,0,0,2,10,0.38937342166901,-0.26475143432617,0.0,-0.07,0.38937342166901,-0.19475143432617,0.0,0.0,0.00011818746572396,-0.00012927804161343,0.38937342166901,-0.19475143432617,81.811325073242,160.66961669922,-372.46432495117,-3.4905662536621,true,false,false,false,-45,-43,0
29261,SAMPLE,ALIGNING,true,2,0,0,2,10,0.38927757740021,-0.26494312286377,0.0,-0.07,0.38927757740021,-0.19494312286377,-9.5844268798828e-05,-0.00019168853759766,4.3276358640982e-05,-0.00015112171520791,0.38927757740021,-0.19494312286377,81.836357116699,160.71209716797,-372.34704589844,-3.4894487857819,true,false,false,false,-45,-43,0
29262,SAMPLE,ALIGNING,true,2,0,0,2,10,0.38927757740021,-0.26494312286377,0.0,-0.07,0.38927757740021,-0.19494312286377,0.0,0.0,2.8129633116638e-05,-9.8229114885141e-05,0.38927757740021,-0.19494312286377,81.836357116699,160.71209716797,-372.34704589844,-3.4894487857819,true,false,false,false,-45,-43,0
29263,SAMPLE,ALIGNING,true,2,0,0,2,10,0.38894200325012,-0.26508712768555,0.0,-0.07,0.38894200325012,-0.19508712768555,-0.00033557415008545,-0.00014400482177734,-9.9166691004092e-05,-0.00011425061229741,0.38894200325012,-0.19508712768555,81.912605285645,160.73861694336,-372.02496337891,-3.486044883728,true,false,false,false,-45,-43,0
29264,SAMPLE,ALIGNING,true,2,0,0,2,10,0.38894200325012,-0.26508712768555,0.0,-0.07,0.38894200325012,-0.19508712768555,0.0,0.0,-6.445834915266e-05,-7.4262897993318e-05,0.38894200325012,-0.19508712768555,81.912605285645,160.73861694336,-372.02496337891,-3.486044883728,true,false,false,false,-45,-43,0
29265,SAMPLE,ALIGNING,true,2,0,0,2,10,0.38894200325012,-0.26508712768555,0.0,-0.07,0.38894200325012,-0.19508712768555,0.0,0.0,-4.1897926949229e-05,-4.8270883695657e-05,0.38894200325012,-0.19508712768555,82.029281616211,160.76356506348,-371.53729248047,-3.4808359146118,true,false,false,false,-45,-43,0
29266,SAMPLE,ALIGNING,true,2,0,0,2,10,0.38841474056244,-0.26523113250732,0.0,-0.07,0.38841474056244,-0.19523113250732,-0.00052726268768311,-0.00014400482177734,-0.00021177559320609,-8.1777762024247e-05,0.38841474056244,-0.19523113250732,82.029281616211,160.76356506348,-371.53729248047,-3.4808359146118,true,false,false,false,-45,-43,0
29267,SAMPLE,ALIGNING,true,2,0,0,2,10,0.38841474056244,-0.26523113250732,0.0,-0.07,0.38841474056244,-0.19523113250732,0.0,0.0,-0.00013765413558396,-5.3155545315761e-05,0.38841474056244,-0.19523113250732,82.029281616211,160.76356506348,-371.53729248047,-3.4808359146118,true,false,false,false,-45,-43,0
29268,SAMPLE,ALIGNING,true,2,0,0,2,10,0.38875031471252,-0.26187515258789,0.0,-0.07,0.38875031471252,-0.19187515258789,0.00033557415008545,0.0033559799194336,2.7975764400336e-05,0.0011400418673465,0.38875031471252,-0.19187515258789,81.952156066895,160.04862976074,-372.09811401367,-3.4842791557312,true,false,false,false,-45,-42,0
29269,SAMPLE,ALIGNING,true,2,0,0,2,10,0.38875031471252,-0.26187515258789,0.0,-0.07,0.38875031471252,-0.19187515258789,0.0,0.0,1.8184246860218e-05,0.00074102721377523,0.38875031471252,-0.19187515258789,81.952156066895,160.04862976074,-372.09811401367,-3.4842791557312,true,false,false,false,-45,-42,0
29270,SAMPLE,ALIGNING,true,2,0,0,2,10,0.38875031471252,-0.26187515258789,0.0,-0.07,0.38875031471252,-0.19187515258789,0.0,0.0,1.1819760459142e-05,0.0004816676889539,0.38875031471252,-0.19187515258789,81.952156066895,160.04862976074,-372.09811401367,-3.4842791557312,true,false,false,false,-45,-42,0
29271,SAMPLE,ALIGNING,true,2,0,0,2,10,0.39061975479126,-0.25420522689819,0.0,-0.07,0.39061975479126,-0.18420522689819,0.0018694400787354,0.0076699256896973,0.00066198687185582,0.0029975579892141,0.39061975479126,-0.18420522689819,81.534454345703,158.44046020508,-374.34848022461,-3.5029265880585,true,false,false,false,-45,-40,0
29272,SAMPLE,ALIGNING,true,2,0,0,2,10,0.39061975479126,-0.25420522689819,0.0,-0.07,0.39061975479126,-0.18420522689819,0.0,0.0,0.00043029146670628,0.0019484126929892,0.39061975479126,-0.18420522689819,81.534454345703,158.44046020508,-374.34848022461,-3.5029265880585,true,false,false,false,-45,-40,0
29273,SAMPLE,ALIGNING,true,2,0,0,2,10,0.25620269775391,-0.19327640533447,0.0,-0.07,0.25620269775391,-0.12327640533447,-0.13441705703735,0.060928821563721,-0.046766280509715,0.022591555797745,0.25620269775391,-0.12327640533447,110.0915145874,144.45028686523,-251.47143554688,-2.2280576229095,true,false,false,false,-45,-26,0
29274,SAMPLE,ALIGNING,true,2,0,0,2,10,0.25620269775391,-0.19327640533447,0.0,-0.07,0.25620269775391,-0.12327640533447,0.0,0.0,-0.030398082331315,0.014684511268534,0.25620269775391,-0.12327640533447,110.0915145874,144.45028686523,-251.47143554688,-2.2280576229095,true,false,false,false,-45,-26,0
29275,SAMPLE,ALIGNING,true,2,0,0,2,10,0.25620269775391,-0.19327640533447,0.0,-0.07,0.25620269775391,-0.12327640533447,0.0,0.0,-0.019758753515354,0.0095449323245473,0.25620269775391,-0.12327640533447,110.0915145874,144.45028686523,-251.47143554688,-2.2280576229095,true,false,false,false,-45,-26,0
29276,SAMPLE,ALIGNING,true,2,0,0,2,10,0.1650732755661,-0.15013265609741,0.0,-0.07,0.1650732755661,-0.080132656097412,-0.091129422187805,0.043143749237061,-0.044738487550712,0.021304518243927,0.1650732755661,-0.080132656097412,128.25540161133,135.5517578125,-163.82014465332,-1.4171694517136,true,false,false,false,-42,-16,0
29277,SAMPLE,ALIGNING,true,2,0,0,2,10,0.1650732755661,-0.15013265609741,0.0,-0.07,0.1650732755661,-0.080132656097412,0.0,0.0,-0.029080016907963,0.013847936858553,0.1650732755661,-0.080132656097412,128.25540161133,135.5517578125,-163.82014465332,-1.4171694517136,true,false,false,false,-44,-17,0
29278,SAMPLE,ALIGNING,true,2,0,0,2,10,0.1650732755661,-0.15013265609741,0.0,-0.07,0.1650732755661,-0.080132656097412,0.0,0.0,-0.018902010990176,0.0090011589580591,0.1650732755661,-0.080132656097412,128.25540161133,135.5517578125,-163.82014465332,-1.4171694517136,true,false,false,false,-45,-17,0
29279,SAMPLE,ALIGNING,true,2,0,0,2,10,0.10558259487152,-0.12137031555176,0.0,-0.07,0.10558259487152,-0.051370315551758,-0.05949068069458,0.028762340545654,-0.033108045386717,0.015917572513717,0.10558259487152,-0.051370315551758,139.80865478516,129.89178466797,-105.24672698975,-0.9013991355896,true,false,false,false,-27,-10,0
29280,SAMPLE,ALIGNING,true,2,0,0,2,10,0.10558259487152,-0.12137031555176,0.0,-0.07,0.10558259487152,-0.051370315551758,0.0,0.0,-0.021520229501366,0.010346422133916,0.10558259487152,-0.051370315551758,139.80865478516,129.89178466797,-105.24672698975,-0.9013991355896,true,false,false,false,-28,-11,0
29281,SAMPLE,ALIGNING,true,2,0,0,2,10,0.067232608795166,-0.10272216796875,0.0,-0.07,0.067232608795166,-0.03272216796875,-0.038349986076355,0.018648147583008,-0.027410644302612,0.013252026041098,0.067232608795166,-0.03272216796875,147.15718078613,126.29173278809,-67.218215942383,-0.57334035634995,true,false,false,false,-16,-6,0
29282,SAMPLE,ALIGNING,true,2,0,0,2,10,0.067232608795166,-0.10272216796875,0.0,-0.07,0.067232608795166,-0.03272216796875,0.0,0.0,-0.017816918796698,0.0086138169267139,0.067232608795166,-0.03272216796875,147.15718078613,126.29173278809,-67.218215942383,-0.57334035634995,true,false,false,false,-17,-7,0
29283,SAMPLE,ALIGNING,true,2,0,0,2,10,0.067232608795166,-0.10272216796875,0.0,-0.07,0.067232608795166,-0.03272216796875,0.0,0.0,-0.011580997217854,0.0055989810023641,0.067232608795166,-0.03272216796875,147.15718078613,126.29173278809,-67.218215942383,-0.57334035634995,true,false,false,false,-18,-7,0
29284,SAMPLE,ALIGNING,true,2,0,0,2,10,0.042832255363464,-0.090738296508789,0.0,-0.07,0.042832255363464,-0.020738296508789,-0.024400353431702,0.011983871459961,-0.0160677718927,0.007833692662523,0.042832255363464,-0.020738296508789,151.83123779297,124.00189208984,-42.826099395752,-0.36467659473419,true,false,false,false,-11,-4,0
29285,SAMPLE,ALIGNING,true,2,0,0,2,10,0.042832255363464,-0.090738296508789,0.0,-0.07,0.042832255363464,-0.020738296508789,0.0,0.0,-0.010444051730255,0.0050919002306399,0.042832255363464,-0.020738296508789,151.83123779297,124.00189208984,-42.826099395752,-0.36467659473419,true,false,false,false,-11,-4,0
29286,SAMPLE,ALIGNING,true,2,0,0,2,10,0.042832255363464,-0.090738296508789,0.0,-0.07,0.042832255363464,-0.020738296508789,0.0,0.0,-0.006788633624666,0.003309735149916,0.042832255363464,-0.020738296508789,151.83123779297,124.00189208984,-42.826099395752,-0.36467659473419,true,false,false,false,-11,-4,0
29287,SAMPLE,ALIGNING,true,2,0,0,2,10,0.027204513549805,-0.083116054534912,0.0,-0.07,0.027204513549805,-0.013116054534912,-0.01562774181366,0.007622241973877,-0.0098823214908138,0.0048191125383023,0.027204513549805,-0.013116054534912,154.80421447754,122.54542541504,-27.258234024048,-0.2319547533989,true,false,false,true,-7,-3,0
29288,SAMPLE,ALIGNING,true,2,0,0,2,10,0.027204513549805,-0.083116054534912,0.0,-0.07,0.027204513549805,-0.013116054534912,0.0,0.0,-0.0064235089690289,0.0031324231498965,0.027204513549805,-0.013116054534912,154.80421447754,122.54542541504,-27.258234024048,-0.2319547533989,true,false,false,true,-7,-3,0
29289,SAMPLE,ALIGNING,true,2,1,0,2,10,0.017281532287598,-0.078274250030518,0.0,-0.07,0.017281532287598,-0.0082742500305176,-0.009922981262207,0.0048418045043945,-0.0076483242716413,0.0037307066239708,0.017281532287598,-0.0082742500305176,156.69519042969,121.61903381348,-17.342515945435,-0.14753621816635,false,false,true,true,-4,-2,0
29290,SAMPLE,ALIGNING,true,2,2,0,2,10,0.017281532287598,-0.078274250030518,0.0,-0.07,0.017281532287598,-0.0082742500305176,0.0,0.0,-0.0049714107765668,0.002424959305581,0.017281532287598,-0.0082742500305176,156.69519042969,121.61903381348,-17.342515945435,-0.14753621816635,false,false,true,true,-4,-2,0
29291,SAMPLE,ALIGNING,true,2,3,0,2,10,0.017281532287598,-0.078274250030518,0.0,-0.07,0.017281532287598,-0.0082742500305176,0.0,0.0,-0.0032314170047684,0.0015762235486277,0.017281532287598,-0.0082742500305176,156.69519042969,121.61903381348,-17.342515945435,-0.14753621816635,false,false,true,true,-5,-2,0
29292,SAMPLE,ALIGNING,true,2,4,0,2,10,0.010953664779663,-0.07515811920166,0.0,-0.07,0.010953664779663,-0.0051581192016601,-0.0063278675079346,0.0031161308288574,-0.0043151746808766,0.0021151910967081,0.010953664779663,-0.0051581192016601,157.89794921875,121.02980041504,-11.032072067261,-0.093841299414635,false,false,true,true,-3,-1,0
29293,STABLE,STABLE,true,2,5,0,2,10,0.010953664779663,-0.07515811920166,0.0,-0.07,0.010953664779663,-0.0051581192016601,0.0,0.0,-0.0028048635425698,0.0013748742128603,0.010953664779663,-0.0051581192016601,157.89794921875,121.02980041504,-11.032072067261,-0.093841299414635,false,false,true,true,-1,0,0
29294,SAMPLE,STABLE,true,2,5,0,2,10,0.0069270133972168,-0.073192596435547,0.0,-0.07,0.0069270133972168,-0.0031925964355469,-0.0040266513824463,0.0019655227661133,-0.0032324892865266,0.0015816012064988,0.0069270133972168,-0.0031925964355469,158.66297912598,120.65500640869,-7.017324924469,-0.059688322246075,false,false,true,true,-1,0,0
29295,SAMPLE,STABLE,true,2,5,0,2,10,0.0069270133972168,-0.073192596435547,0.0,-0.07,0.0069270133972168,-0.0031925964355469,0.0,0.0,-0.0021011180362423,0.0010280407842242,0.0069270133972168,-0.0031925964355469,158.66297912598,120.65500640869,-7.017324924469,-0.059688322246075,false,false,true,true,-1,0,0
29296,SAMPLE,STABLE,true,2,5,0,2,10,0.0069270133972168,-0.073192596435547,0.0,-0.07,0.0069270133972168,-0.0031925964355469,0.0,0.0,-0.0013657267235575,0.00066822650974575,0.0069270133972168,-0.0031925964355469,158.66297912598,120.65500640869,-7.017324924469,-0.059688322246075,false,false,true,true,-1,0,0
29297,SAMPLE,STABLE,true,2,5,1,2,10,0.0043861865997314,-0.071946144104004,0.0,-0.07,0.0043861865997314,-0.0019461441040039,-0.0025408267974854,0.001246452331543,-0.0017770117494322,0.00087060554737478,0.0069270133972168,-0.0031925964355469,159.14958190918,120.41661834717,-4.4634823799133,-0.03796511888504,false,true,true,true,0,0,0
29298,SAMPLE,STABLE,true,2,5,2,2,10,0.0043861865997314,-0.071946144104004,0.0,-0.07,0.0043861865997314,-0.0019461441040039,0.0,0.0,-0.0011550576371309,0.0005658936057936,0.0069270133972168,-0.0031925964355469,159.14958190918,120.41661834717,-4.4634823799133,-0.03796511888504,false,true,true,true,0,0,0
29299,TARGET_TEMPORARILY_LOST,TARGET_TEMPORARILY_LOST,true,2,5,3,2,10,0.0043861865997314,-0.071946144104004,0.0,-0.07,0.0043861865997314,-0.0019461441040039,0.0,0.0,-0.00075078746413512,0.00036783084376584,0.0069270133972168,-0.0031925964355469,159.14958190918,120.41661834717,-4.4634823799133,-0.03796511888504,false,true,true,true,-1,0,0.66666666666667
29300,SEARCHING_LAST_DIRECTION,SEARCHING_LAST_DIRECTION,true,2,5,3,0,0,0.0028042793273926,-0.071131706237793,0.0,-0.07,0.0028042793273926,-0.001131706237793,-0.0015819072723389,0.00081443786621094,-0.0010416793970064,0.00052414330162163,0.0069270133972168,-0.0031925964355469,159.45909118652,120.26499176025,-2.8390204906464,-0.024147940799594,false,true,true,true,-2,-1,1.0
29301,SAMPLE,SEARCHING_LAST_DIRECTION,true,2,5,3,0,1,0.0028042793273926,-0.071131706237793,0.0,-0.07,0.0028042793273926,-0.001131706237793,0.0,0.0,-0.00067709160805418,0.00034069314605406,0.0069270133972168,-0.0031925964355469,159.45909118652,120.26499176025,-2.8390204906464,-0.024147940799594,false,true,true,true,-2,-1,0.96666666666667
29302,SAMPLE,SEARCHING_LAST_DIRECTION,true,2,5,3,0,2,0.0017497539520264,-0.07060432434082,0.0,-0.07,0.0017497539520264,-0.00060432434082031,-0.0010545253753662,0.00052738189697266,-0.00080919342661339,0.00040603420887557,0.0069270133972168,-0.0031925964355469,159.65594482422,120.16854858398,-1.8058176040649,-0.015359442681074,false,true,true,true,-2,-1,0.93333333333333
29303,SAMPLE,SEARCHING_LAST_DIRECTION,true,2,5,3,0,3,0.0017497539520264,-0.07060432434082,0.0,-0.07,0.0017497539520264,-0.00060432434082031,0.0,0.0,-0.0005259757272987,0.00026392223576912,0.0069270133972168,-0.0031925964355469,159.65594482422,120.16854858398,-1.8058176040649,-0.015359442681074,false,true,true,true,-2,-1,0.9
29304,SAMPLE,SEARCHING_LAST_DIRECTION,true,2,5,3,0,4,0.0017497539520264,-0.07060432434082,0.0,-0.07,0.0017497539520264,-0.00060432434082031,0.0,0.0,-0.00034188422274416,0.00017154945324993,0.0069270133972168,-0.0031925964355469,159.65594482422,120.16854858398,-1.8058176040649,-0.015359442681074,false,true,true,true,-2,-1,0.86666666666667
29305,SAMPLE,SEARCHING_LAST_DIRECTION,true,2,5,3,0,5,0.0010786056518555,-0.070316314697266,0.0,-0.07,0.0010786056518555,-0.00031631469726562,-0.0006711483001709,0.00028800964355469,-0.00045712664984352,0.00021231051985659,0.0069270133972168,-0.0031925964355469,159.78115844727,120.10720825195,-1.1486191749573,-0.0097694667056203,false,true,true,true,-2,-1,0.83333333333333
29306,SAMPLE,SEARCHING_LAST_DIRECTION,true,2,5,3,0,6,0.0010786056518555,-0.070316314697266,0.0,-0.07,0.0010786056518555,-0.00031631469726562,0.0,0.0,-0.00029713232239829,0.00013800183790679,0.0069270133972168,-0.0031925964355469,159.78115844727,120.10720825195,-1.1486191749573,-0.0097694667056203,false,true,true,true,-2,-1,0.8
29307,SAMPLE,SEARCHING_LAST_DIRECTION,true,2,5,3,0,7,0.00064718723297119,-0.070124626159668,0.0,-0.07,0.00064718723297119,-0.00012462615966796,-0.00043141841888428,0.00019168853759766,-0.00034413245616838,0.00015679218279859,0.0069270133972168,-0.0031925964355469,159.86080932617,120.06819152832,-0.73056125640869,-0.0062139281071723,false,true,true,true,-1,-1,0.76666666666667
29308,SAMPLE,SEARCHING_LAST_DIRECTION,true,2,5,3,0,8,0.00064718723297119,-0.070124626159668,0.0,-0.07,0.00064718723297119,-0.00012462615966796,0.0,0.0,-0.00022368609650945,0.00010191491881908,0.0069270133972168,-0.0031925964355469,159.86080932617,120.06819152832,-0.73056125640869,-0.0062139281071723,false,true,true,true,-1,-1,0.73333333333333
29309,SAMPLE,SEARCHING_LAST_DIRECTION,true,2,5,3,0,9,0.00064718723297119,-0.070124626159668,0.0,-0.07,0.00064718723297119,-0.00012462615966796,0.0,0.0,-0.00014539596273114,6.6244697232404e-05,0.0069270133972168,-0.0031925964355469,159.86080932617,120.06819152832,-0.73056125640869,-0.0062139281071723,false,true,true,true,-1,0,0.7
29310,SAMPLE,SEARCHING_LAST_DIRECTION,true,2,5,3,0,10,0.00040745735168457,-0.069981098175049,0.0,-0.07,0.00040745735168457,1.8901824951179e-05,-0.00023972988128662,0.00014352798461914,-0.00017841283422556,9.3293847817762e-05,0.0069270133972168,-0.0031925964355469,159.91146850586,120.04337310791,-0.4646697640419,-0.0039524063467979,false,true,true,true,-1,0,0.66666666666667
29311,SAMPLE,SEARCHING_LAST_DIRECTION,true,2,5,3,0,11,0.00040745735168457,-0.069981098175049,0.0,-0.07,0.00040745735168457,1.8901824951179e-05,0.0,0.0,-0.00011596834224661,6.0641001081545e-05,0.0069270133972168,-0.0031925964355469,159.91146850586,120.04337310791,-0.4646697640419,-0.0039524063467979,false,true,true,true,-1,0,0.63333333333333
29312,SAMPLE,SEARCHING_LAST_DIRECTION,true,2,5,3,0,12,0.00031161308288574,-0.06993293762207,0.0,-0.07,0.00031161308288574,6.7062377929694e-05,-9.5844268798828e-05,4.8160552978516e-05,-0.00010892491653989,5.6272844245485e-05,0.0069270133972168,-0.0031925964355469,159.93452453613,120.032081604,-0.34365704655647,-0.0029231996741146,false,true,true,true,-1,0,0.6
29313,SAMPLE,SEARCHING_LAST_DIRECTION,true,2,5,3,0,13,0.00031161308288574,-0.06993293762207,0.0,-0.07,0.00031161308288574,6.7062377929694e-05,0.0,0.0,-7.0801195750928e-05,3.6577348759565e-05,0.0069270133972168,-0.0031925964355469,159.93452453613,120.032081604,-0.34365704655647,-0.0029231996741146,false,true,true,true,-1,0,0.56666666666667
29314,SAMPLE,SEARCHING_LAST_DIRECTION,true,2,5,3,0,14,0.00031161308288574,-0.06993293762207,0.0,-0.07,0.00031161308288574,6.7062377929694e-05,0.0,0.0,-4.6020777238103e-05,2.3775276693717e-05,0.0069270133972168,-0.0031925964355469,159.93452453613,120.032081604,-0.34365704655647,-0.0029231996741146,false,true,true,true,-1,0,0.53333333333333
29315,SAMPLE,SEARCHING_LAST_DIRECTION,true,2,5,3,0,15,0.00016772747039795,-0.069837093353271,0.0,-0.07,0.00016772747039795,0.00016290664672852,-0.00014388561248779,9.5844268798828e-05,-8.0273469575494e-05,4.8999423930506e-05,0.0069270133972168,-0.0031925964355469,159.95835876465,120.02040100098,-0.21855978667736,-0.0018593188142404,false,true,true,true,-1,0,0.5
29316,SAMPLE,SEARCHING_LAST_DIRECTION,true,2,5,3,0,16,0.00016772747039795,-0.069837093353271,0.0,-0.07,0.00016772747039795,0.00016290664672852,0.0,0.0,-5.2177755224071e-05,3.1849625554829e-05,0.0069270133972168,-0.0031925964355469,159.95835876465,120.02040100098,-0.21855978667736,-0.0018593188142404,false,true,true,true,-1,0,0.46666666666667
29317,SAMPLE,SEARCHING_LAST_DIRECTION,true,2,5,3,0,17,0.00016772747039795,-0.069837093353271,0.0,-0.07,0.00016772747039795,0.00016290664672852,0.0,0.0,-3.3915540895646e-05,2.0702256610639e-05,0.0069270133972168,-0.0031925964355469,159.95835876465,120.02040100098,-0.21855978667736,-0.0018593188142404,false,true,true,true,-1,0,0.43333333333333
29318,SAMPLE,SEARCHING_LAST_DIRECTION,true,2,5,3,0,18,7.1883201599121e-05,-0.069837093353271,0.0,-0.07,7.1883201599121e-05,0.00016290664672852,-9.5844268798828e-05,0.0,-5.559059566176e-05,1.3456466796915e-05,0.0069270133972168,-0.0031925964355469,159.97351074219,120.0129776001,-0.13903252780437,-0.0011826308909804,false,true,true,true,-1,0,0.4
29319,SAMPLE,SEARCHING_LAST_DIRECTION,true,2,5,3,0,19,7.1883201599121e-05,-0.069837093353271,0.0,-0.07,7.1883201599121e-05,0.00016290664672852,0.0,0.0,-3.6133887180144e-05,8.7467034179949e-06,0.0069270133972168,-0.0031925964355469,159.97351074219,120.0129776001,-0.13903252780437,-0.0011826308909804,false,true,true,true,-1,0,0.36666666666667
29320,SAMPLE,SEARCHING_LAST_DIRECTION,true,2,5,3,0,20,2.3961067199707e-05,-0.069789208471775,0.0,-0.07,2.3961067199707e-05,0.00021079152822495,-4.7922134399414e-05,4.7884881496429e-05,-4.0259773706889e-05,2.2445065745447e-05,0.0069270133972168,-0.0031925964355469,159.98315429688,120.00825500488,-0.088417001068592,-0.00075221952283755,false,true,true,true,-1,0,0.33333333333333
29321,SAMPLE,SEARCHING_LAST_DIRECTION,true,2,5,3,0,21,2.3961067199707e-05,-0.069789208471775,0.0,-0.07,2.3961067199707e-05,0.00021079152822495,0.0,0.0,-2.6168852909478e-05,1.4589292734541e-05,0.0069270133972168,-0.0031925964355469,159.98315429688,120.00825500488,-0.088417001068592,-0.00075221952283755,false,true,true,true,-1,0,0.3
29322,SAMPLE,SEARCHING_LAST_DIRECTION,true,2,5,3,0,22,2.3961067199707e-05,-0.069789208471775,0.0,-0.07,2.3961067199707e-05,0.00021079152822495,0.0,0.0,-1.700975439116e-05,9.4830402774514e-06,0.0069270133972168,-0.0031925964355469,159.98753356934,120.00610351563,-0.065431781113148,-0.00055634160526097,false,true,true,true,-1,0,0.26666666666667
29323,SAMPLE,SEARCHING_LAST_DIRECTION,true,2,5,3,0,23,2.3961067199707e-05,-0.069789208471775,0.0,-0.07,2.3961067199707e-05,0.00021079152822495,0.0,0.0,-1.1056340354254e-05,6.1639761803434e-06,0.0069270133972168,-0.0031925964355469,159.98753356934,120.00610351563,-0.065431781113148,-0.00055634160526097,false,true,true,true,0,0,0.23333333333333
29324,SAMPLE,SEARCHING_LAST_DIRECTION,true,2,5,3,0,24,2.3961067199707e-05,-0.069789208471775,0.0,-0.07,2.3961067199707e-05,0.00021079152822495,0.0,0.0,-7.1866212302653e-06,4.0065845172232e-06,0.0069270133972168,-0.0031925964355469,159.98753356934,120.00610351563,-0.065431781113148,-0.00055634160526097,false,true,true,true,0,0,0.2
29325,SAMPLE,SEARCHING_LAST_DIRECTION,true,2,5,3,0,25,-2.3841857910156e-05,-0.069837093353271,0.0,-0.07,-2.3841857910156e-05,0.00016290664672852,-4.7802925109863e-05,-4.7884881496429e-05,-2.1402327588125e-05,-1.4155428587555e-05,0.0069270133972168,-0.0031925964355469,159.99078369141,120.00451660156,-0.048373069614172,-0.00041147027513944,false,true,true,true,0,0,0.16666666666667
29326,SAMPLE,SEARCHING_LAST_DIRECTION,true,2,5,3,0,26,-2.3841857910156e-05,-0.069837093353271,0.0,-0.07,-2.3841857910156e-05,0.00016290664672852,0.0,0.0,-1.3911512932281e-05,-9.2010285819109e-06,0.0069270133972168,-0.0031925964355469,159.99078369141,120.00451660156,-0.048373069614172,-0.00041147027513944,false,true,true,true,0,0,0.13333333333333
29327,SAMPLE,SEARCHING_LAST_DIRECTION,true,2,5,3,0,27,-2.3841857910156e-05,-0.069837093353271,0.0,-0.07,-2.3841857910156e-05,0.00016290664672852,0.0,0.0,-9.0424834059826e-06,-5.9806685782421e-06,0.0069270133972168,-0.0031925964355469,159.99317932129,120.0033416748,-0.035799276083708,-0.00030432344647124,false,true,true,true,0,0,0.1
29328,SAMPLE,SEARCHING_LAST_DIRECTION,true,2,5,3,0,28,-2.3841857910156e-05,-0.069837093353271,0.0,-0.07,-2.3841857910156e-05,0.00016290664672852,0.0,0.0,-5.8776142138887e-06,-3.8874345758574e-06,0.0069270133972168,-0.0031925964355469,159.99317932129,120.0033416748,-0.035799276083708,-0.00030432344647124,false,true,true,true,0,0,0.1
29329,SAMPLE,SEARCHING_LAST_DIRECTION,true,2,5,3,0,29,-2.3841857910156e-05,-0.069837093353271,0.0,-0.07,-2.3841857910156e-05,0.00016290664672852,0.0,0.0,-3.8204492390277e-06,-2.5268324743073e-06,0.0069270133972168,-0.0031925964355469,159.99317932129,120.0033416748,-0.035799276083708,-0.00030432344647124,false,true,true,true,0,0,0.1
29330,LOST,LOST,true,2,5,3,0,30,-2.3841857910156e-05,-0.069837093353271,0.0,-0.07,-2.3841857910156e-05,0.00016290664672852,0.0,0.0,-2.483292005368e-06,-1.6424411082997e-06,0.0069270133972168,-0.0031925964355469,159.99566650391,120.00212097168,-0.022744953632355,-0.0001935667678481,false,true,true,true,0,0,0.1
29331,SAMPLE,IDLE,true,2,0,0,0,0,-2.3841857910156e-05,-0.069837093353271,0.0,-0.07,-2.3841857910156e-05,0.00016290664672852,0.0,0.0,-1.6141398034892e-06,-1.0675867203948e-06,0,0,159.99566650391,120.00212097168,-0.022744953632355,-0.0001935667678481,false,true,true,true,0,0,0
29332,SAMPLE,IDLE,true,2,0,0,0,0,-2.3841857910156e-05,-0.069837093353271,0.0,-0.07,-2.3841857910156e-05,0.00016290664672852,0.0,0.0,-1.049190872268e-06,-6.9393136825664e-07,0,0,159.99723815918,120.00135040283,-0.014495903626084,-0.00012311931641307,false,true,true,true,0,0,0
29333,SAMPLE,IDLE,true,2,0,0,0,0,-2.3841857910156e-05,-0.069837093353271,0.0,-0.07,-2.3841857910156e-05,0.00016290664672852,0.0,0.0,-6.8197406697418e-07,-4.5105538936681e-07,0,0,159.99723815918,120.00135040283,-0.014495903626084,-0.00012311931641307,false,true,true,true,0,0,0
29334,SAMPLE,IDLE,true,2,0,0,0,0,-2.3841857910156e-05,-0.069837093353271,0.0,-0.07,-2.3841857910156e-05,0.00016290664672852,0.0,0.0,-4.4328314353322e-07,-2.9318600308843e-07,0,0,159.99723815918,120.00135040283,-0.014495903626084,-0.00012311931641307,false,true,true,true,0,0,0
29335,SAMPLE,IDLE,true,2,0,0,0,0,-2.3841857910156e-05,-0.069837093353271,0.0,-0.07,-2.3841857910156e-05,0.00016290664672852,0.0,0.0,-2.8813404329659e-07,-1.9057090200748e-07,0,0,159.99795532227,120.00099945068,-0.010731773450971,-9.105905337492e-05,false,true,true,true,0,0,0
29336,SAMPLE,IDLE,true,2,0,0,0,0,-2.3841857910156e-05,-0.069837093353271,0.0,-0.07,-2.3841857910156e-05,0.00016290664672852,0.0,0.0,-1.8728712814278e-07,-1.2387108630486e-07,0,0,159.99795532227,120.00099945068,-0.010731773450971,-9.105905337492e-05,false,true,true,true,0,0,0
29337,SAMPLE,IDLE,true,2,0,0,0,0,-2.3841857910156e-05,-0.069837093353271,0.0,-0.07,-2.3841857910156e-05,0.00016290664672852,0.0,0.0,-1.2173663329281e-07,-8.051620609816e-08,0,0,159.99848937988,120.00074005127,-0.007928698323667,-6.7347282310948e-05,false,true,true,true,0,0,0
29338,SAMPLE,IDLE,true,2,0,0,0,0,-2.3841857910156e-05,-0.069837093353271,0.0,-0.07,-2.3841857910156e-05,0.00016290664672852,0.0,0.0,-7.9128811640327e-08,-5.2335533963804e-08,0,0,159.99848937988,120.00074005127,-0.007928698323667,-6.7347282310948e-05,false,true,true,true,0,0,0
29339,SAMPLE,IDLE,true,2,0,0,0,0,-2.3841857910156e-05,-0.069837093353271,0.0,-0.07,-2.3841857910156e-05,0.00016290664672852,0.0,0.0,-5.1433727566212e-08,-3.4018097076473e-08,0,0,159.9988861084,120.00054931641,-0.0058464142493904,-4.9810052587418e-05,false,true,true,true,0,0,0
29340,SAMPLE,IDLE,true,2,0,0,0,0,-2.3841857910156e-05,-0.069837093353271,0.0,-0.07,-2.3841857910156e-05,0.00016290664672852,0.0,0.0,-3.3431922918038e-08,-2.2111763099707e-08,0,0,159.9988861084,120.00054931641,-0.0058464142493904,-4.9810052587418e-05,false,true,true,true,0,0,0
29341,SAMPLE,IDLE,true,2,0,0,0,0,-2.3841857910156e-05,-0.069837093353271,0.0,-0.07,-2.3841857910156e-05,0.00016290664672852,0.0,0.0,-2.1730749896725e-08,-1.437264601481e-08,0,0,159.9988861084,120.00054931641,-0.0058464142493904,-4.9810052587418e-05,false,true,true,true,0,0,0
29342,SAMPLE,IDLE,true,2,0,0,0,0,-2.3841857910156e-05,-0.069837093353271,0.0,-0.07,-2.3841857910156e-05,0.00016290664672852,0.0,0.0,-1.4124987432871e-08,-9.3422199096263e-09,0,0,159.99917602539,120.00040435791,-0.0043247444555163,-3.6839515814791e-05,false,true,true,true,0,0,0
29343,SAMPLE,IDLE,true,2,0,0,0,0,-2.3841857910156e-05,-0.069837093353271,0.0,-0.07,-2.3841857910156e-05,0.00016290664672852,0.0,0.0,-9.1812418313662e-09,-6.0724429412571e-09,0,0,159.99917602539,120.00040435791,-0.0043247444555163,-3.6839515814791e-05,false,true,true,true,0,0,0
29344,SAMPLE,IDLE,true,2,0,0,0,0,-2.3841857910156e-05,-0.069837093353271,0.0,-0.07,-2.3841857910156e-05,0.00016290664672852,0.0,0.0,-5.967807190388e-09,-3.9470879118171e-09,0,0,159.99948120117,120.00025939941,-0.0027229874394834,-2.3431995941792e-05,false,true,true,true,0,0,0
29345,SAMPLE,IDLE,true,2,0,0,0,0,-2.3841857910156e-05,-0.069837093353271,0.0,-0.07,-2.3841857910156e-05,0.00016290664672852,0.0,0.0,-3.8790746737522e-09,-2.5656071426811e-09,0,0,159.99948120117,120.00025939941,-0.0027229874394834,-2.3431995941792e-05,false,true,true,true,0,0,0
29346,SAMPLE,IDLE,true,2,0,0,0,0,-2.3841857910156e-05,-0.069837093353271,0.0,-0.07,-2.3841857910156e-05,0.00016290664672852,0.0,0.0,-2.5213985379389e-09,-1.6676446427427e-09,0,0,159.99948120117,120.00025939941,-0.0027229874394834,-2.3431995941792e-05,false,true,true,true,0,0,0
29347,SAMPLE,IDLE,true,2,0,0,0,0,-2.3841857910156e-05,-0.069837093353271,0.0,-0.07,-2.3841857910156e-05,0.00016290664672852,0.0,0.0,-1.6389090496603e-09,-1.0839690177828e-09,0,0,159.99966430664,120.00016021729,-0.0017619330901653,-1.4904062481946e-05,false,true,true,true,0,0,0
29348,SAMPLE,IDLE,true,2,0,0,0,0,-2.3841857910156e-05,-0.069837093353271,0.0,-0.07,-2.3841857910156e-05,0.00016290664672852,0.0,0.0,-1.0652908822792e-09,-7.045798615588e-10,0,0,159.99966430664,120.00016021729,-0.0017619330901653,-1.4904062481946e-05,false,true,true,true,0,0,0
29349,SAMPLE,IDLE,true,2,0,0,0,0,-2.3841857910156e-05,-0.069837093353271,0.0,-0.07,-2.3841857910156e-05,0.00016290664672852,0.0,0.0,-6.9243907348148e-10,-4.5797691001322e-10,0,0,159.99978637695,120.00010681152,-0.0011212300742045,-9.4798188001732e-06,false,true,true,true,0,0,0
29350,SAMPLE,IDLE,true,2,0,0,0,0,-2.3841857910156e-05,-0.069837093353271,0.0,-0.07,-2.3841857910156e-05,0.00016290664672852,0.0,0.0,-4.5008539776296e-10,-2.9768499150859e-10,0,0,159.99978637695,120.00010681152,-0.0011212300742045,-9.4798188001732e-06,false,true,true,true,0,0,0
29351,SAMPLE,IDLE,true,2,0,0,0,0,-2.3841857910156e-05,-0.069837093353271,0.0,-0.07,-2.3841857910156e-05,0.00016290664672852,0.0,0.0,-2.9255550854593e-10,-1.9349524448059e-10,0,0,159.99978637695,120.00010681152,-0.0011212300742045,-9.4798188001732e-06,false,true,true,true,0,0,0
29352,SAMPLE,IDLE,true,2,0,0,0,0,-2.3841857910156e-05,-0.069837093353271,0.0,-0.07,-2.3841857910156e-05,0.00016290664672852,0.0,0.0,-1.9016108055485e-10,-1.2577190891238e-10,0,0,159.9998626709,120.00006866455,-0.00072079082019627,-6.0296961237327e-06,false,true,true,true,0,0,0
29353,SAMPLE,IDLE,true,2,0,0,0,0,-2.3841857910156e-05,-0.069837093353271,0.0,-0.07,-2.3841857910156e-05,0.00016290664672852,0.0,0.0,-1.2360470236065e-10,-8.1751740793048e-11,0,0,159.9998626709,120.00006866455,-0.00072079082019627,-6.0296961237327e-06,false,true,true,true,0,0,0
29354,SAMPLE,IDLE,true,2,0,0,0,0,-2.3841857910156e-05,-0.069837093353271,0.0,-0.07,-2.3841857910156e-05,0.00016290664672852,0.0,0.0,-8.0343056534425e-11,-5.3138631515481e-11,0,0,159.99990844727,120.00004577637,-0.0004805272037629,-3.835224561044e-06,false,true,true,true,0,0,0
29355,SAMPLE,IDLE,true,2,0,0,0,0,-2.3841857910156e-05,-0.069837093353271,0.0,-0.07,-2.3841857910156e-05,0.00016290664672852,0.0,0.0,-5.2222986747376e-11,-3.4540110485063e-11,0,0,159.99990844727,120.00004577637,-0.0004805272037629,-3.835224561044e-06,false,true,true,true,0,0,0
29356,SAMPLE,IDLE,true,2,0,0,0,0,-2.3841857910156e-05,-0.069837093353271,0.0,-0.07,-2.3841857910156e-05,0.00016290664672852,0.0,0.0,-3.3944941385794e-11,-2.2451071815291e-11,0,0,159.99990844727,120.00004577637,-0.0004805272037629,-3.835224561044e-06,false,true,true,true,0,0,0
29357,SAMPLE,IDLE,true,2,0,0,0,0,-2.3841857910156e-05,-0.069837093353271,0.0,-0.07,-2.3841857910156e-05,0.00016290664672852,0.0,0.0,-2.2064211900766e-11,-1.4593196679939e-11,0,0,159.99993896484,120.00003051758,-0.00032035144977272,-2.8365323032631e-06,false,true,true,true,0,0,0
29358,SAMPLE,IDLE,true,2,0,0,0,0,-2.3841857910156e-05,-0.069837093353271,0.0,-0.07,-2.3841857910156e-05,0.00016290664672852,0.0,0.0,-1.4341737735498e-11,-9.4855778419603e-12,0,0,159.99993896484,120.00003051758,-0.00032035144977272,-2.8365323032631e-06,false,true,true,true,0,0,0
29359,SAMPLE,IDLE,true,2,0,0,0,0,-2.3841857910156e-05,-0.069837093353271,0.0,-0.07,-2.3841857910156e-05,0.00016290664672852,0.0,0.0,-9.3221295280738e-12,-6.1656255972742e-12,0,0,159.99995422363,120.00002288818,-0.00024026360188145,-2.0978993688914e-06,false,true,true,true,0,0,0
29360,SAMPLE,IDLE,true,2,0,0,0,0,-2.3841857910156e-05,-0.069837093353271,0.0,-0.07,-2.3841857910156e-05,0.00016290664672852,0.0,0.0,-6.059384193248e-12,-4.0076566382282e-12,0,0,159.99995422363,120.00002288818,-0.00024026360188145,-2.0978993688914e-06,false,true,true,true,0,0,0
29361,SAMPLE,IDLE,true,2,0,0,0,0,-2.3841857910156e-05,-0.069837093353271,0.0,-0.07,-2.3841857910156e-05,0.00016290664672852,0.0,0.0,-3.9385997256112e-12,-2.6049768148484e-12,0,0,159.99996948242,120.00001525879,-0.00016017572488636,-1.5516064877374e-06,false,true,true,true,0,0,0
29362,SAMPLE,IDLE,true,2,0,0,0,0,-2.3841857910156e-05,-0.069837093353271,0.0,-0.07,-2.3841857910156e-05,0.00016290664672852,0.0,0.0,-2.5600898216473e-12,-1.6932349296514e-12,0,0,159.99996948242,120.00001525879,-0.00016017572488636,-1.5516064877374e-06,false,true,true,true,0,0,0
29363,SAMPLE,IDLE,true,2,0,0,0,0,-2.3841857910156e-05,-0.069837093353271,0.0,-0.07,-2.3841857910156e-05,0.00016290664672852,0.0,0.0,-1.6640583840707e-12,-1.1006027042734e-12,0,0,159.99996948242,120.00001525879,-0.00016017572488636,-1.5516064877374e-06,false,true,true,true,0,0,0
29364,SAMPLE,IDLE,true,2,0,0,0,0,-2.3841857910156e-05,-0.069837093353271,0.0,-0.07,-2.3841857910156e-05,0.00016290664672852,0.0,0.0,-1.081637949646e-12,-7.1539175777773e-13,0,0,159.99998474121,120.00000762939,-8.0087862443179e-05,-9.8690873073792e-07,false,true,true,true,0,0,0
29365,SAMPLE,IDLE,true,2,0,0,0,0,-2.3841857910156e-05,-0.069837093353271,0.0,-0.07,-2.3841857910156e-05,0.00016290664672852,0.0,0.0,-7.0306466726988e-13,-4.6500464255552e-13,0,0,159.99998474121,120.00000762939,-8.0087862443179e-05,-9.8690873073792e-07,false,true,true,true,0,0,0
29366,SAMPLE,IDLE,true,2,0,0,0,0,-2.3841857910156e-05,-0.069837093353271,0.0,-0.07,-2.3841857910156e-05,0.00016290664672852,0.0,0.0,-4.5699203372542e-13,-3.0225301766109e-13,0,0,159.99998474121,120.00000762939,-8.0087862443179e-05,-6.2772926412435e-07,false,true,true,true,0,0,0
29367,SAMPLE,IDLE,true,2,0,0,0,0,-2.3841857910156e-05,-0.069837093353271,0.0,-0.07,-2.3841857910156e-05,0.00016290664672852,0.0,0.0,-2.9704482192153e-13,-1.9646446147971e-13,0,0,159.99998474121,120.00000762939,-8.0087862443179e-05,-6.2772926412435e-07,false,true,true,true,0,0,0
29368,SAMPLE,IDLE,true,2,0,0,0,0,-2.3841857910156e-05,-0.069837093353271,0.0,-0.07,-2.3841857910156e-05,0.00016290664672852,0.0,0.0,-1.9307913424899e-13,-1.2770189996181e-13,0,0,159.99998474121,120.00000762939,-8.0087862443179e-05,-6.2772926412435e-07,false,true,true,true,0,0,0
29369,SAMPLE,IDLE,true,2,0,0,0,0,-2.3841857910156e-05,-0.069837093353271,0.0,-0.07,-2.3841857910156e-05,0.00016290664672852,0.0,0.0,-1.2550143726184e-13,-8.3006234975177e-14,0,0,159.99998474121,120.00000762939,-8.0087862443179e-05,-3.9927098782755e-07,false,true,true,true,0,0,0
29370,SAMPLE,IDLE,true,2,0,0,0,0,-2.3841857910156e-05,-0.069837093353271,0.0,-0.07,-2.3841857910156e-05,0.00016290664672852,0.0,0.0,-8.1575934220199e-14,-5.3954052733865e-14,0,0,159.99998474121,120.00000762939,-8.0087862443179e-05,-3.9927098782755e-07,false,true,true,true,0,0,0
29371,SAMPLE,IDLE,true,2,0,0,0,0,0.0,-0.069813169538975,0.0,-0.07,0.0,0.00018683046102524,2.3841857910156e-05,2.3923814296722e-05,8.3446502155303e-06,8.3733349687827e-06,0,0,160.0,120.0,0.0,-2.9530082201745e-07,false,true,true,true,0,0,0
29372,SAMPLE,IDLE,true,2,0,0,0,0,0.0,-0.069813169538975,0.0,-0.07,0.0,0.00018683046102524,0.0,0.0,5.4240226400947e-06,5.4426677297088e-06,0,0,160.0,120.0,0.0,-2.9530082201745e-07,false,true,true,true,0,0,0
29373,SAMPLE,IDLE,true,2,0,0,0,0,0.0,-0.069813169538975,0.0,-0.07,0.0,0.00018683046102524,0.0,0.0,3.5256147160616e-06,3.5377340243107e-06,0,0,160.0,120.0,0.0,-2.1840449448973e-07,false,true,true,true,0,0,0
29374,SAMPLE,IDLE,true,2,0,0,0,0,0.0,-0.069813169538975,0.0,-0.07,0.0,0.00018683046102524,0.0,0.0,2.29164956544e-06,2.299527115802e-06,0,0,160.0,120.0,0.0,-2.1840449448973e-07,false,true,true,true,0,0,0
29375,SAMPLE,IDLE,true,2,0,0,0,0,0.0,-0.069813169538975,0.0,-0.07,0.0,0.00018683046102524,0.0,0.0,1.489572217536e-06,1.4946926252713e-06,0,0,160.0,120.0,0.0,-2.1840449448973e-07,false,true,true,true,0,0,0
29376,SAMPLE,IDLE,true,2,0,0,0,0,0.0,-0.069813169538975,0.0,-0.07,0.0,0.00018683046102524,0.0,0.0,9.6822194139841e-07,9.7155020642632e-07,0,0,160.0,120.0,0.0,-1.6153197179847e-07,false,true,true,true,0,0,0
29377,SAMPLE,IDLE,true,2,0,0,0,0,0.0,-0.069813169538975,0.0,-0.07,0.0,0.00018683046102524,0.0,0.0,6.2934426190896e-07,6.3150763417711e-07,0,0,160.0,120.0,0.0,-1.6153197179847e-07,false,true,true,true,0,0,0
29378,SAMPLE,IDLE,true,2,0,0,0,0,0.0,-0.069813169538975,0.0,-0.07,0.0,0.00018683046102524,0.0,0.0,4.0907377024083e-07,4.1047996221512e-07,0,0,160.0,120.0,0.0,-1.1946904976412e-07,false,true,true,true,0,0,0
29379,SAMPLE,IDLE,true,2,0,0,0,0,0.0,-0.069813169538975,0.0,-0.07,0.0,0.00018683046102524,0.0,0.0,2.6589795065654e-07,2.6681197543983e-07,0,0,160.0,120.0,0.0,-1.1946904976412e-07,false,true,true,true,0,0,0
29380,SAMPLE,IDLE,true,2,0,0,0,0,0.0,-0.069813169538975,0.0,-0.07,0.0,0.00018683046102524,0.0,0.0,1.7283366792675e-07,1.7342778403589e-07,0,0,160.0,120.0,0.0,-8.8359314531772e-08,false,true,true,true,0,0,0
29381,SAMPLE,IDLE,true,2,0,0,0,0,0.0,-0.069813169538975,0.0,-0.07,0.0,0.00018683046102524,0.0,0.0,1.1234188415239e-07,1.1272805962333e-07,0,0,160.0,120.0,0.0,-8.8359314531772e-08,false,true,true,true,0,0,0
29382,SAMPLE,IDLE,true,2,0,0,0,0,0.0,-0.069813169538975,0.0,-0.07,0.0,0.00018683046102524,0.0,0.0,7.3022224699052e-08,7.3273238755163e-08,0,0,160.0,120.0,0.0,-8.8359314531772e-08,false,true,true,true,0,0,0
29383,SAMPLE,IDLE,true,2,0,0,0,0,0.0,-0.069813169538975,0.0,-0.07,0.0,0.00018683046102524,0.0,0.0,4.7464446054384e-08,4.7627605190856e-08,0,0,160.0,120.0,0.0,-5.6201479026186e-08,false,true,true,true,0,0,0
29384,SAMPLE,IDLE,true,2,0,0,0,0,0.0,-0.069813169538975,0.0,-0.07,0.0,0.00018683046102524,0.0,0.0,3.0851889935349e-08,3.0957943374056e-08,0,0,160.0,120.0,0.0,-5.6201479026186e-08,false,true,true,true,0,0,0
29385,SAMPLE,IDLE,true,2,0,0,0,0,0.0,-0.069813169538975,0.0,-0.07,0.0,0.00018683046102524,0.0,0.0,2.0053728457977e-08,2.0122663193137e-08,0,0,160.0,120.0,0.0,-4.1566615038846e-08,false,true,true,true,0,0,0
29386,SAMPLE,IDLE,true,2,0,0,0,0,0.0,-0.069813169538975,0.0,-0.07,0.0,0.00018683046102524,0.0,0.0,1.3034923497685e-08,1.3079731075539e-08,0,0,160.0,120.0,0.0,-4.1566615038846e-08,false,true,true,true,0,0,0
29387,SAMPLE,IDLE,true,2,0,0,0,0,0.0,-0.069813169538975,0.0,-0.07,0.0,0.00018683046102524,0.0,0.0,8.4727002734953e-09,8.5018251991003e-09,0,0,160.0,120.0,0.0,-3.0742668855055e-08,false,true,true,true,0,0,0
29388,SAMPLE,IDLE,true,2,0,0,0,0,0.0,-0.069813169538975,0.0,-0.07,0.0,0.00018683046102524,0.0,0.0,5.507255177772e-09,5.5261863794152e-09,0,0,160.0,120.0,0.0,-3.0742668855055e-08,false,true,true,true,0,0,0
29389,SAMPLE,IDLE,true,2,0,0,0,0,0.0,-0.069813169538975,0.0,-0.07,0.0,0.00018683046102524,0.0,0.0,3.5797158655518e-09,3.5920211466199e-09,0,0,160.0,120.0,0.0,-3.0742668855055e-08,false,true,true,true,0,0,0
29390,SAMPLE,IDLE,true,2,0,0,0,0,0.0,-0.069813169538975,0.0,-0.07,0.0,0.00018683046102524,0.0,0.0,2.3268153126086e-09,2.3348137453029e-09,0,0,160.0,120.0,0.0,-1.9554059704774e-08,false,true,true,true,0,0,0
29391,SAMPLE,IDLE,true,2,0,0,0,0,0.0,-0.069813169538975,0.0,-0.07,0.0,0.00018683046102524,0.0,0.0,1.5124299531956e-09,1.5176289344469e-09,0,0,160.0,120.0,0.0,-1.9554059704774e-08,false,true,true,true,0,0,0
29392,SAMPLE,IDLE,true,2,0,0,0,0,0.0,-0.069813169538975,0.0,-0.07,0.0,0.00018683046102524,0.0,0.0,9.8307946957715e-10,9.8645880739048e-10,0,0,160.0,120.0,0.0,-1.4462182562625e-08,false,true,true,true,0,0,0
29393,SAMPLE,IDLE,true,2,0,0,0,0,0.0,-0.069813169538975,0.0,-0.07,0.0,0.00018683046102524,0.0,0.0,6.3900165522515e-10,6.4119822480381e-10,0,0,160.0,120.0,0.0,-1.4462182562625e-08,false,true,true,true,0,0,0
29394,SAMPLE,IDLE,true,2,0,0,0,0,0.0,-0.069813169538975,0.0,-0.07,0.0,0.00018683046102524,0.0,0.0,4.1535107589635e-10,4.1677884612248e-10,0,0,160.0,120.0,0.0,-1.4462182562625e-08,false,true,true,true,0,0,0
29395,SAMPLE,IDLE,true,2,0,0,0,0,0.0,-0.069813169538975,0.0,-0.07,0.0,0.00018683046102524,0.0,0.0,2.6997819933263e-10,2.7090624997961e-10,0,0,160.0,120.0,0.0,-1.069623056793e-08,false,true,true,true,0,0,0
29396,SAMPLE,IDLE,true,2,0,0,0,0,0.0,-0.069813169538975,0.0,-0.07,0.0,0.00018683046102524,0.0,0.0,1.7548582956621e-10,1.7608906248675e-10,0,0,160.0,120.0,0.0,-1.069623056793e-08,false,true,true,true,0,0,0
29397,SAMPLE,IDLE,true,2,0,0,0,0,0.0,-0.069813169538975,0.0,-0.07,0.0,0.00018683046102524,0.0,0.0,1.1406578921803e-10,1.1445789061639e-10,0,0,160.0,120.0,0.0,-7.9109323536386e-09,false,true,true,true,0,0,0
29398,SAMPLE,IDLE,true,2,0,0,0,0,0.0,-0.069813169538975,0.0,-0.07,0.0,0.00018683046102524,0.0,0.0,7.4142762991722e-11,7.439762890065e-11,0,0,160.0,120.0,0.0,-7.9109323536386e-09,false,true,true,true,0,0,0
29399,SAMPLE,IDLE,true,2,0,0,0,0,0.0,-0.069813169538975,0.0,-0.07,0.0,0.00018683046102524,0.0,0.0,4.819279594462e-11,4.8358458785423e-11,0,0,160.0,120.0,0.0,-5.8509255218553e-09,false,true,true,true,0,0,0
29400,SAMPLE,IDLE,true,2,0,0,0,0,0.0,-0.069813169538975,0.0,-0.07,0.0,0.00018683046102524,0.0,0.0,3.1325317364003e-11,3.1432998210525e-11,0,0,160.0,120.0,0.0,-5.8509255218553e-09,false,true,true,true,0,0,0
29401,SAMPLE,IDLE,true,2,0,0,0,0,0.0,-0.069813169538975,0.0,-0.07,0.0,0.00018683046102524,0.0,0.0,2.0361456286602e-11,2.0431448836841e-11,0,0,160.0,120.0,0.0,-5.8509255218553e-09,false,true,true,true,0,0,0
29402,SAMPLE,IDLE,true,2,0,0,0,0,0.0,-0.069813169538975,0.0,-0.07,0.0,0.00018683046102524,0.0,0.0,1.3234946586291e-11,1.3280441743947e-11,0,0,160.0,120.0,0.0,-3.7215164283566e-09,false,true,true,true,0,0,0
29403,SAMPLE,IDLE,true,2,0,0,0,0,0.0,-0.069813169538975,0.0,-0.07,0.0,0.00018683046102524,0.0,0.0,8.6027152810893e-12,8.6322871335654e-12,0,0,160.0,120.0,0.0,-3.7215164283566e-09,false,true,true,true,0,0,0
29404,SAMPLE,IDLE,true,2,0,0,0,0,0.0,-0.069813169538975,0.0,-0.07,0.0,0.00018683046102524,0.0,0.0,5.591764932708e-12,5.6109866368175e-12,0,0,160.0,120.0,0.0,-2.7524336143614e-09,false,true,true,true,0,0,0
29405,SAMPLE,IDLE,true,2,0,0,0,0,0.0,-0.069813169538975,0.0,-0.07,0.0,0.00018683046102524,0.0,0.0,3.6346472062602e-12,3.6471413139314e-12,0,0,160.0,120.0,0.0,-2.7524336143614e-09,false,true,true,true,0,0,0
29406,SAMPLE,IDLE,true,2,0,0,0,0,0.0,-0.069813169538975,0.0,-0.07,0.0,0.00018683046102524,0.0,0.0,2.3625206840691e-12,2.3706418540554e-12,0,0,160.0,120.0,0.0,-2.7524336143614e-09,false,true,true,true,0,0,0
29407,SAMPLE,IDLE,true,2,0,0,0,0,0.0,-0.069813169538975,0.0,-0.07,0.0,0.00018683046102524,0.0,0.0,1.5356384446449e-12,1.540917205136e-12,0,0,160.0,120.0,0.0,-2.0357000529714e-09,false,true,true,true,0,0,0
29408,SAMPLE,IDLE,true,2,0,0,0,0,0.0,-0.069813169538975,0.0,-0.07,0.0,0.00018683046102524,0.0,0.0,9.9816498901921e-13,1.0015961833384e-12,0,0,160.0,120.0,0.0,-2.0357000529714e-09,false,true,true,true,0,0,0
29409,SAMPLE,IDLE,true,2,0,0,0,0,0.0,-0.069813169538975,0.0,-0.07,0.0,0.00018683046102524,0.0,0.0,6.4880724286249e-13,6.5103751916996e-13,0,0,160.0,120.0,0.0,-1.5056037527827e-09,false,true,true,true,0,0,0
29410,SAMPLE,IDLE,true,2,0,0,0,0,0.0,-0.069813169538975,0.0,-0.07,0.0,0.00018683046102524,0.0,0.0,4.2172470786062e-13,4.2317438746048e-13,0,0,160.0,120.0,0.0,-1.5056037527827e-09,false,true,true,true,0,0,0
29411,SAMPLE,IDLE,true,2,0,0,0,0,0.0,-0.069813169538975,0.0,-0.07,0.0,0.00018683046102524,0.0,0.0,2.741210601094e-13,2.7506335184931e-13,0,0,160.0,120.0,0.0,-1.1135445898702e-09,false,true,true,true,0,0,0
29412,SAMPLE,IDLE,true,2,0,0,0,0,0.0,-0.069813169538975,0.0,-0.07,0.0,0.00018683046102524,0.0,0.0,1.7817868907111e-13,1.7879117870205e-13,0,0,160.0,120.0,0.0,-1.1135445898702e-09,false,true,true,true,0,0,0
29413,SAMPLE,IDLE,true,2,0,0,0,0,0.0,-0.069813169538975,0.0,-0.07,0.0,0.00018683046102524,0.0,0.0,1.1581614789622e-13,1.1621426615633e-13,0,0,160.0,120.0,0.0,-1.1135445898702e-09,false,true,true,true,0,0,0
29414,SAMPLE,IDLE,true,2,0,0,0,0,0.0,-0.069813169538975,0.0,-0.07,0.0,0.00018683046102524,0.0,0.0,7.5280496132544e-14,7.5539273001616e-14,0,0,160.0,120.0,0.0,-8.2357765052166e-10,false,true,true,true,0,0,0
29415,SAMPLE,IDLE,true,2,0,0,0,0,0.0,-0.069813169538975,0.0,-0.07,0.0,0.00018683046102524,0.0,0.0,4.8932322486154e-14,4.9100527451051e-14,0,0,160.0,120.0,0.0,-8.2357765052166e-10,false,true,true,true,0,0,0
29416,SAMPLE,IDLE,true,2,0,0,0,0,0.0,-0.069813169538975,0.0,-0.07,0.0,0.00018683046102524,0.0,0.0,3.1806009616e-14,3.1915342843183e-14,0,0,160.0,120.0,0.0,-6.0911803378971e-10,false,true,true,true,0,0,0
29417,SAMPLE,IDLE,true,2,0,0,0,0,0.0,-0.069813169538975,0.0,-0.07,0.0,0.00018683046102524,0.0,0.0,2.06739062504e-14,2.0744972848069e-14,0,0,160.0,120.0,0.0,-6.0911803378971e-10,false,true,true,true,0,0,0
29418,SAMPLE,IDLE,true,2,0,0,0,0,0.0,-0.069813169538975,0.0,-0.07,0.0,0.00018683046102524,0.0,0.0,1.343803906276e-14,1.3484232351245e-14,0,0,160.0,120.0,0.0,-4.5050371766386e-10,false,true,true,true,0,0,0
29419,SAMPLE,IDLE,true,2,0,0,0,0,0.0,-0.069813169538975,0.0,-0.07,0.0,0.00018683046102524,0.0,0.0,8.734725390794e-15,8.7647510283091e-15,0,0,160.0,120.0,0.0,-4.5050371766386e-10,false,true,true,true,0,0,0
29420,SAMPLE,IDLE,true,2,0,0,0,0,0.0,-0.069813169538975,0.0,-0.07,0.0,0.00018683046102524,0.0,0.0,5.6775715040161e-15,5.6970881684009e-15,0,0,160.0,120.0,0.0,-4.5050371766386e-10,false,true,true,true,0,0,0
29421,SAMPLE,IDLE,true,2,0,0,0,0,0.0,-0.069813169538975,0.0,-0.07,0.0,0.00018683046102524,0.0,0.0,3.6904214776105e-15,3.7031073094606e-15,0,0,160.0,120.0,0.0,-2.8654559280916e-10,false,true,true,true,0,0,0
29422,SAMPLE,IDLE,true,2,0,0,0,0,0.0,-0.069813169538975,0.0,-0.07,0.0,0.00018683046102524,0.0,0.0,2.3987739604468e-15,2.4070197511494e-15,0,0,160.0,120.0,0.0,-2.8654559280916e-10,false,true,true,true,0,0,0
29423,SAMPLE,IDLE,true,2,0,0,0,0,0.0,-0.069813169538975,0.0,-0.07,0.0,0.00018683046102524,0.0,0.0,1.5592030742904e-15,1.5645628382471e-15,0,0,160.0,120.0,0.0,-2.8654559280916e-10,false,true,true,true,0,0,0
29424,SAMPLE,IDLE,true,2,0,0,0,0,0.0,-0.069813169538975,0.0,-0.07,0.0,0.00018683046102524,0.0,0.0,1.0134819982888e-15,1.0169658448606e-15,0,0,160.0,120.0,0.0,-1.8225905507041e-10,false,true,true,true,0,0,0
29425,SAMPLE,IDLE,true,2,0,0,0,0,0.0,-0.069813169538975,0.0,-0.07,0.0,0.00018683046102524,0.0,0.0,6.587632988877e-16,6.610277991594e-16,0,0,160.0,120.0,0.0,-1.8225905507041e-10,false,true,true,true,0,0,0
29426,SAMPLE,IDLE,true,2,0,0,0,0,0.0,-0.069813169538975,0.0,-0.07,0.0,0.00018683046102524,0.0,0.0,4.2819614427701e-16,4.2966806945361e-16,0,0,160.0,120.0,0.0,-1.8225905507041e-10,false,true,true,true,0,0,0
29427,SAMPLE,IDLE,true,2,0,0,0,0,0.0,-0.069813169538975,0.0,-0.07,0.0,0.00018683046102524,0.0,0.0,2.7832749378005e-16,2.7928424514485e-16,0,0,160.0,120.0,0.0,-1.1592696941287e-10,false,true,true,true,0,0,0
29428,SAMPLE,IDLE,true,2,0,0,0,0,0.0,-0.069813169538975,0.0,-0.07,0.0,0.00018683046102524,0.0,0.0,1.8091287095704e-16,1.8153475934415e-16,0,0,160.0,120.0,0.0,-1.1592696941287e-10,false,true,true,true,0,0,0
29429,SAMPLE,IDLE,true,2,0,0,0,0,0.0,-0.069813169538975,0.0,-0.07,0.0,0.00018683046102524,0.0,0.0,1.1759336612207e-16,1.179975935737e-16,0,0,160.0,120.0,0.0,-1.1592696941287e-10,false,true,true,true,0,0,0
29430,SAMPLE,IDLE,true,2,0,0,0,0,0.0,-0.069813169538975,0.0,-0.07,0.0,0.00018683046102524,0.0,0.0,7.6435687979347e-17,7.6698435822904e-17,0,0,160.0,120.0,0.0,-7.3736045047568e-11,false,true,true,true,0,0,0
29431,SAMPLE,IDLE,true,2,0,0,0,0,0.0,-0.069813169538975,0.0,-0.07,0.0,0.00018683046102524,0.0,0.0,4.9683197186576e-17,4.9853983284887e-17,0,0,160.0,120.0,0.0,-7.3736045047568e-11,false,true,true,true,0,0,0
29432,SAMPLE,IDLE,true,2,0,0,0,0,0.0,-0.069813169538975,0.0,-0.07,0.0,0.00018683046102524,0.0,0.0,3.2294078171274e-17,3.2405089135177e-17,0,0,160.0,120.0,0.0,-4.6900254513371e-11,false,true,true,true,0,0,0
29433,SAMPLE,IDLE,true,2,0,0,0,0,0.0,-0.069813169538975,0.0,-0.07,0.0,0.00018683046102524,0.0,0.0,2.0991150811328e-17,2.1063307937865e-17,0,0,160.0,120.0,0.0,-4.6900254513371e-11,false,true,true,true,0,0,0
29434,SAMPLE,IDLE,true,2,0,0,0,0,0.0,-0.069813169538975,0.0,-0.07,0.0,0.00018683046102524,0.0,0.0,1.3644248027363e-17,1.3691150159612e-17,0,0,160.0,120.0,0.0,-4.6900254513371e-11,false,true,true,true,0,0,0
29435,SAMPLE,IDLE,true,2,0,0,0,0,0.0,-0.069813169538975,0.0,-0.07,0.0,0.00018683046102524,0.0,0.0,8.8687612177862e-18,8.8992476037479e-18,0,0,160.0,120.0,0.0,-2.983118960187e-11,false,true,true,true,0,0,0
29436,SAMPLE,IDLE,true,2,0,0,0,0,0.0,-0.069813169538975,0.0,-0.07,0.0,0.00018683046102524,0.0,0.0,5.764694791561e-18,5.7845109424362e-18,0,0,160.0,120.0,0.0,-2.983118960187e-11,false,true,true,true,0,0,0
29437,SAMPLE,IDLE,true,2,0,0,0,0,0.0,-0.069813169538975,0.0,-0.07,0.0,0.00018683046102524,0.0,0.0,3.7470516145147e-18,3.7599321125835e-18,0,0,160.0,120.0,0.0,-2.983118960187e-11,false,true,true,true,0,0,0
29438,SAMPLE,IDLE,true,2,0,0,0,0,0.0,-0.069813169538975,0.0,-0.07,0.0,0.00018683046102524,0.0,0.0,2.4355835494345e-18,2.4439558731793e-18,0,0,160.0,120.0,0.0,-2.983118960187e-11,false,true,true,true,0,0,0
29439,SAMPLE,IDLE,true,2,0,0,0,0,0.0,-0.069813169538975,0.0,-0.07,0.0,0.00018683046102524,0.0,0.0,1.5831293071324e-18,1.5885713175665e-18,0,0,160.0,120.0,0.0,-1.897430823572e-11,false,true,true,true,0,0,0
29440,SAMPLE,IDLE,true,2,0,0,0,0,0.0,-0.069813169538975,0.0,-0.07,0.0,0.00018683046102524,0.0,0.0,1.0290340496361e-18,1.0325713564182e-18,0,0,160.0,120.0,0.0,-1.897430823572e-11,false,true,true,true,0,0,0
29441,SAMPLE,IDLE,true,2,0,0,0,0,0.0,-0.069813169538975,0.0,-0.07,0.0,0.00018683046102524,0.0,0.0,6.6887213226346e-19,6.7117138167186e-19,0,0,160.0,120.0,0.0,-1.2068722757275e-11,false,true,true,true,0,0,0
29442,SAMPLE,IDLE,true,2,0,0,0,0,0.0,-0.069813169538975,0.0,-0.07,0.0,0.00018683046102524,0.0,0.0,4.3476688597125e-19,4.3626139808671e-19,0,0,160.0,120.0,0.0,-1.2068722757275e-11,false,true,true,true,0,0,0
29443,SAMPLE,IDLE,true,2,0,0,0,0,0.0,-0.069813169538975,0.0,-0.07,0.0,0.00018683046102524,0.0,0.0,2.8259847588131e-19,2.8356990875636e-19,0,0,160.0,120.0,0.0,-1.2068722757275e-11,false,true,true,true,0,0,0
29444,SAMPLE,IDLE,true,2,0,0,0,0,0.0,-0.069813169538975,0.0,-0.07,0.0,0.00018683046102524,0.0,0.0,1.8368900932285e-19,1.8432044069163e-19,0,0,160.0,120.0,0.0,-7.6763847015049e-12,false,true,true,true,0,0,0
29445,SAMPLE,IDLE,true,2,0,0,0,0,0.0,-0.069813169538975,0.0,-0.07,0.0,0.00018683046102524,0.0,0.0,1.1939785605985e-19,1.1980828644956e-19,0,0,160.0,120.0,0.0,-7.6763847015049e-12,false,true,true,true,0,0,0
29446,SAMPLE,IDLE,true,2,0,0,0,0,0.0,-0.069813169538975,0.0,-0.07,0.0,0.00018683046102524,0.0,0.0,7.7608606438905e-20,7.7875386192216e-20,0,0,160.0,120.0,0.0,-7.6763847015049e-12,false,true,true,true,0,0,0
29447,SAMPLE,IDLE,true,2,0,0,0,0,0.0,-0.069813169538975,0.0,-0.07,0.0,0.00018683046102524,0.0,0.0,5.0445594185288e-20,5.061900102494e-20,0,0,160.0,120.0,0.0,-4.8826108087208e-12,false,true,true,true,0,0,0
29448,SAMPLE,IDLE,true,2,0,0,0,0,0.0,-0.069813169538975,0.0,-0.07,0.0,0.00018683046102524,0.0,0.0,3.2789636220437e-20,3.2902350666211e-20,0,0,160.0,120.0,0.0,-4.8826108087208e-12,false,true,true,true,0,0,0
29449,SAMPLE,IDLE,true,2,0,0,0,0,0.0,-0.069813169538975,0.0,-0.07,0.0,0.00018683046102524,0.0,0.0,2.1313263543284e-20,2.1386527933037e-20,0,0,160.0,120.0,0.0,-4.8826108087208e-12,false,true,true,true,0,0,0
29450,SAMPLE,IDLE,true,2,0,0,0,0,0.0,-0.069813169538975,0.0,-0.07,0.0,0.00018683046102524,0.0,0.0,1.3853621303135e-20,1.3901243156474e-20,0,0,160.0,120.0,0.0,-3.1056138563579e-12,false,true,true,true,0,0,0
29451,SAMPLE,IDLE,true,2,0,0,0,0,0.0,-0.069813169538975,0.0,-0.07,0.0,0.00018683046102524,0.0,0.0,9.0048538470376e-21,9.0358080517082e-21,0,0,160.0,120.0,0.0,-3.1056138563579e-12,false,true,true,true,0,0,0
29452,SAMPLE,IDLE,true,2,0,0,0,0,0.0,-0.069813169538975,0.0,-0.07,0.0,0.00018683046102524,0.0,0.0,5.8531550005745e-21,5.8732752336103e-21,0,0,160.0,120.0,0.0,-3.1056138563579e-12,false,true,true,true,0,0,0
29453,SAMPLE,IDLE,true,2,0,0,0,0,0.091393113136292,-0.069813169538975,0.0,-0.07,0.091393113136292,0.00018683046102524,0.091393113136292,0.0,0.031987589597702,3.8176289018467e-21,0,0,142.5306854248,120.0,-91.307106018066,-0.77988004684448,true,false,false,false,0,0,0
29454,ACQUIRED,ACQUIRED,true,3,0,0,0,0,0.091393113136292,-0.069813169538975,0.0,-0.07,0.091393113136292,0.00018683046102524,0.0,0.0,0.020791933238506,2.4814587862004e-21,0.091393113136292,0.00018683046102524,142.5306854248,120.0,-91.307106018066,-0.77988004684448,true,false,false,false,-27,0,0
29455,ALIGNING,ALIGNING,true,3,0,0,0,0,0.091393113136292,-0.069813169538975,0.0,-0.07,0.091393113136292,0.00018683046102524,0.0,0.0,0.013514756605029,1.6129482110302e-21,0.091393113136292,0.00018683046102524,142.5306854248,120.0,-91.307106018066,-0.77988004684448,true,false,false,false,-27,0,0
29456,SAMPLE,ALIGNING,true,3,0,0,0,0,0.14882242679596,-0.069813169538975,0.0,-0.07,0.14882242679596,0.00018683046102524,0.057429313659668,0.0,0.028884851574153,1.0484163371697e-21,0.14882242679596,0.00018683046102524,131.41923522949,120.0,-148.35021972656,-1.2759273052216,true,false,false,false,-44,0,0
29457,SAMPLE,ALIGNING,true,3,0,0,0,0,0.14882242679596,-0.069813169538975,0.0,-0.07,0.14882242679596,0.00018683046102524,0.0,0.0,0.018775153523199,6.8147061916028e-22,0.14882242679596,0.00018683046102524,131.41923522949,120.0,-148.35021972656,-1.2759273052216,true,false,false,false,-43,0,0
29458,SAMPLE,ALIGNING,true,3,0,0,0,0,0.14882242679596,-0.069813169538975,0.0,-0.07,0.14882242679596,0.00018683046102524,0.0,0.0,0.01220384979008,4.4295590245418e-22,0.14882242679596,0.00018683046102524,131.41923522949,120.0,-148.35021972656,-1.2759273052216,true,false,false,false,-43,0,0
29459,SAMPLE,ALIGNING,true,3,0,0,0,0,0.14882242679596,-0.069813169538975,0.0,-0.07,0.14882242679596,0.00018683046102524,0.0,0.0,0.0079325023635517,2.8792133659522e-22,0.14882242679596,0.00018683046102524,131.41923522949,120.0,-148.35021972656,-1.2759273052216,true,false,false,false,-42,0,0
29460,SAMPLE,ALIGNING,true,3,0,0,0,0,0.14436411857605,-0.063413418829441,0.0,-0.07,0.14436411857605,0.0065865811705589,-0.0044583082199097,0.0063997507095337,0.0035957186593402,0.0022399127483368,0.14436411857605,0.0065865811705589,132.29025268555,118.75361633301,-143.92121887207,-1.2370427846909,true,false,false,false,-41,2,0
29461,SAMPLE,ALIGNING,true,3,0,0,0,0,0.14436411857605,-0.063413418829441,0.0,-0.07,0.14436411857605,0.0065865811705589,0.0,0.0,0.0023372171285711,0.0014559432864189,0.14436411857605,0.0065865811705589,132.29025268555,118.75361633301,-143.92121887207,-1.2370427846909,true,false,false,false,-41,2,0
29462,SAMPLE,ALIGNING,true,3,0,0,0,0,0.14436411857605,-0.063413418829441,0.0,-0.07,0.14436411857605,0.0065865811705589,0.0,0.0,0.0015191911335712,0.00094636313617229,0.14436411857605,0.0065865811705589,132.29025268555,118.75361633301,-143.92121887207,-1.2370427846909,true,false,false,false,-41,2,0
29463,SAMPLE,ALIGNING,true,3,0,0,0,0,0.050885796546936,-0.061639823019505,0.0,-0.07,0.050885796546936,0.0083601769804955,-0.093478322029114,0.0017735958099365,-0.031729938473369,0.0012358945719898,0.050885796546936,0.0083601769804955,150.28970336914,118.42868041992,-50.898044586182,-0.4334951043129,true,false,false,false,-11,2,0
29464,SAMPLE,ALIGNING,true,3,0,0,0,0,0.050885796546936,-0.061639823019505,0.0,-0.07,0.050885796546936,0.0083601769804955,0.0,0.0,-0.02062446000769,0.00080333147179335,0.050885796546936,0.0083601769804955,150.28970336914,118.42868041992,-50.898044586182,-0.4334951043129,true,false,false,false,-12,2,0
29465,SAMPLE,ALIGNING,true,3,0,0,0,0,0.050885796546936,-0.061639823019505,0.0,-0.07,0.050885796546936,0.0083601769804955,0.0,0.0,-0.013405899004998,0.00052216545666568,0.050885796546936,0.0083601769804955,162.0611114502,118.65979766846,10.817129135132,0.092013940215111,true,false,false,false,-13,2,0
29466,SAMPLE,ALIGNING,true,3,1,0,0,0,-0.010761737823486,-0.062838234007359,0.0,-0.07,-0.010761737823486,0.0071617659926415,-0.061647534370422,-0.001198410987854,-0.030290471382897,-8.0036298916209e-05,-0.010761737823486,0.0071617659926415,162.0611114502,118.65979766846,10.817129135132,0.092013940215111,false,false,true,true,6,2,0
29467,SAMPLE,ALIGNING,true,3,2,0,0,0,-0.010761737823486,-0.062838234007359,0.0,-0.07,-0.010761737823486,0.0071617659926415,0.0,0.0,-0.019688806398883,-5.2023594295536e-05,-0.010761737823486,0.0071617659926415,162.0611114502,118.65979766846,10.817129135132,0.092013940215111,false,false,true,true,5,2,0
29468,SAMPLE,ALIGNING,true,3,3,0,0,0,-0.010761737823486,-0.062838234007359,0.0,-0.07,-0.010761737823486,0.0071617659926415,0.0,0.0,-0.012797724159274,-3.3815336292098e-05,-0.010761737823486,0.0071617659926415,162.0611114502,118.65979766846,10.817129135132,0.092013940215111,false,false,true,true,4,2,0
29469,SAMPLE,ALIGNING,true,3,0,0,0,0,-0.051413059234619,-0.066098012030125,0.0,-0.07,-0.051413059234619,0.0039019879698753,-0.040651321411133,-0.0032597780227661,-0.022546483197424,-0.001162902276558,-0.051413059234619,0.0039019879698753,169.80718994141,119.28134155273,51.405963897705,0.43782070279121,true,false,false,false,16,1,0
29470,SAMPLE,ALIGNING,true,3,0,0,0,0,-0.051413059234619,-0.066098012030125,0.0,-0.07,-0.051413059234619,0.0039019879698753,0.0,0.0,-0.014655214078326,-0.0007558864797627,-0.051413059234619,0.0039019879698753,169.80718994141,119.28134155273,51.405963897705,0.43782070279121,true,false,false,false,16,1,0
29471,SAMPLE,ALIGNING,true,3,0,0,0,0,-0.051413059234619,-0.066098012030125,0.0,-0.07,-0.051413059234619,0.0039019879698753,0.0,0.0,-0.0095258891509118,-0.00049132621184576,-0.051413059234619,0.0039019879698753,169.80718994141,119.28134155273,51.405963897705,0.43782070279121,true,false,false,false,15,1,0
29472,SAMPLE,ALIGNING,true,3,0,0,0,0,-0.078449726104736,-0.070796012878418,0.0,-0.07,-0.078449726104736,-0.00079601287841796,-0.027036666870117,-0.0046980008482933,-0.015654661352634,-0.0019636623346024,-0.078449726104736,-0.00079601287841796,174.97998046875,120.19570922852,78.38256072998,0.6687490940094,true,false,false,false,23,0,0
29473,SAMPLE,ALIGNING,true,3,0,0,0,0,-0.078449726104736,-0.070796012878418,0.0,-0.07,-0.078449726104736,-0.00079601287841796,0.0,0.0,-0.010175529879212,-0.0012763805174916,-0.078449726104736,-0.00079601287841796,174.97998046875,120.19570922852,78.38256072998,0.6687490940094,true,false,false,false,23,0,0
29474,SAMPLE,ALIGNING,true,3,0,0,0,0,-0.078449726104736,-0.070796012878418,0.0,-0.07,-0.078449726104736,-0.00079601287841796,0.0,0.0,-0.0066140944214877,-0.00082964733636951,-0.078449726104736,-0.00079601287841796,178.27221679688,121.39102935791,95.463714599609,0.81572419404984,true,false,false,false,23,0,0
29475,SAMPLE,ALIGNING,true,3,0,0,0,0,-0.095563411712646,-0.077027797698975,0.0,-0.07,-0.095563411712646,-0.0070277976989746,-0.01711368560791,-0.0062317848205566,-0.010288951336736,-0.002720395455835,-0.095563411712646,-0.0070277976989746,178.27221679688,121.39102935791,95.463714599609,0.81572419404984,true,false,false,false,28,-2,0
29476,SAMPLE,ALIGNING,true,3,0,0,0,0,-0.095563411712646,-0.077027797698975,0.0,-0.07,-0.095563411712646,-0.0070277976989746,0.0,0.0,-0.0066878183688781,-0.0017682570462928,-0.095563411712646,-0.0070277976989746,178.27221679688,121.39102935791,95.463714599609,0.81572419404984,true,false,false,false,27,-2,0
29477,SAMPLE,ALIGNING,true,3,0,0,0,0,-0.10764408111572,-0.083259582519531,0.0,-0.07,-0.10764408111572,-0.013259582519531,-0.012080669403076,-0.0062317848205566,-0.0085753162308474,-0.0033304917672851,-0.10764408111572,-0.013259582519531,180.59623718262,122.59070587158,107.46621704102,0.91947519779205,true,false,false,false,31,-3,0
29478,SAMPLE,ALIGNING,true,3,0,0,0,0,-0.10764408111572,-0.083259582519531,0.0,-0.07,-0.10764408111572,-0.013259582519531,0.0,0.0,-0.0055739555500508,-0.0021648196487353,-0.10764408111572,-0.013259582519531,180.59623718262,122.59070587158,107.46621704102,0.91947519779205,true,false,false,false,31,-3,0
29479,SAMPLE,ALIGNING,true,3,0,0,0,0,-0.10764408111572,-0.083259582519531,0.0,-0.07,-0.10764408111572,-0.013259582519531,0.0,0.0,-0.003623071107533,-0.001407132771678,-0.10764408111572,-0.013259582519531,180.59623718262,122.59070587158,107.46621704102,0.91947519779205,true,false,false,false,30,-3,0
29480,SAMPLE,ALIGNING,true,3,0,0,0,0,-0.11708784103394,-0.090546607971191,0.0,-0.07,-0.11708784103394,-0.020546607971191,-0.0094437599182129,-0.0072870254516602,-0.005660312191271,-0.0034650952096717,-0.11708784103394,-0.020546607971191,182.41481018066,123.99150848389,116.81613922119,1.0006611347198,true,false,false,false,33,-5,0
29481,SAMPLE,ALIGNING,true,3,0,0,0,0,-0.11708784103394,-0.090546607971191,0.0,-0.07,-0.11708784103394,-0.020546607971191,0.0,0.0,-0.0036792029243261,-0.0022523118862866,-0.11708784103394,-0.020546607971191,182.41481018066,123.99150848389,116.81613922119,1.0006611347198,true,false,false,false,33,-5,0
29482,SAMPLE,ALIGNING,true,3,0,0,0,0,-0.11708784103394,-0.090546607971191,0.0,-0.07,-0.11708784103394,-0.020546607971191,0.0,0.0,-0.002391481900812,-0.0014640027260863,-0.11708784103394,-0.020546607971191,182.41481018066,123.99150848389,116.81613922119,1.0006611347198,true,false,false,false,33,-5,0
29483,SAMPLE,ALIGNING,true,3,0,0,0,0,-0.12379884719849,-0.098599910736084,0.0,-0.07,-0.12379884719849,-0.028599910736084,-0.0067110061645508,-0.0080533027648926,-0.0039033153931206,-0.0037702577396685,-0.12379884719849,-0.028599910736084,183.71527099609,125.54180145264,123.46826171875,1.0587177276611,true,false,false,false,35,-7,0
29484,SAMPLE,ALIGNING,true,3,0,0,0,0,-0.12379884719849,-0.098599910736084,0.0,-0.07,-0.12379884719849,-0.028599910736084,0.0,0.0,-0.0025371550055284,-0.0024506675307845,-0.12379884719849,-0.028599910736084,183.71527099609,125.54180145264,123.46826171875,1.0587177276611,true,false,false,false,35,-6,0
29485,SAMPLE,ALIGNING,true,3,0,0,0,0,-0.12379884719849,-0.098599910736084,0.0,-0.07,-0.12379884719849,-0.028599910736084,0.0,0.0,-0.0016491507535934,-0.0015929338950099,-0.12379884719849,-0.028599910736084,183.71527099609,125.54180145264,123.46826171875,1.0587177276611,true,false,false,false,35,-6,0
29486,SAMPLE,ALIGNING,true,3,0,0,0,0,-0.12873649597168,-0.1081395149231,0.0,-0.07,-0.12873649597168,-0.038139514923096,-0.0049376487731934,-0.0095396041870117,-0.0028001250604534,-0.0043742684972106,-0.12873649597168,-0.038139514923096,184.67474365234,127.37216186523,128.34172058105,1.1015510559082,true,false,false,false,36,-9,0
29487,SAMPLE,ALIGNING,true,3,0,0,0,0,-0.12873649597168,-0.1081395149231,0.0,-0.07,-0.12873649597168,-0.038139514923096,0.0,0.0,-0.0018200812892947,-0.0028432745231869,-0.12873649597168,-0.038139514923096,184.67474365234,127.37216186523,128.34172058105,1.1015510559082,true,false,false,false,36,-9,0
29488,SAMPLE,ALIGNING,true,3,0,0,0,0,-0.12873649597168,-0.1081395149231,0.0,-0.07,-0.12873649597168,-0.038139514923096,0.0,0.0,-0.0011830528380416,-0.0018481284400715,-0.12873649597168,-0.038139514923096,184.67474365234,127.37216186523,128.34172058105,1.1015510559082,true,false,false,false,36,-9,0
29489,SAMPLE,ALIGNING,true,3,0,0,0,0,-0.13281106948853,-0.1186375617981,0.0,-0.07,-0.13281106948853,-0.048637561798096,-0.0040745735168457,-0.010498046875,-0.002195085075623,-0.0048755998922965,-0.13281106948853,-0.048637561798096,185.46286010742,129.39717102051,132.3095703125,1.136735200882,true,false,false,false,37,-11,0
29490,SAMPLE,ALIGNING,true,3,0,0,0,0,-0.13281106948853,-0.1186375617981,0.0,-0.07,-0.13281106948853,-0.048637561798096,0.0,0.0,-0.001426805299155,-0.0031691399299927,-0.13281106948853,-0.048637561798096,185.46286010742,129.39717102051,132.3095703125,1.136735200882,true,false,false,false,37,-11,0
29491,SAMPLE,ALIGNING,true,3,0,0,0,0,-0.13281106948853,-0.1186375617981,0.0,-0.07,-0.13281106948853,-0.048637561798096,0.0,0.0,-0.00092742344445072,-0.0020599409544953,-0.13281106948853,-0.048637561798096,186.25619506836,131.74070739746,136.2653503418,1.1721520423889,true,false,false,false,37,-11,0
29492,SAMPLE,ALIGNING,true,3,0,0,0,0,-0.13693380355835,-0.13071823120117,0.0,-0.07,-0.13693380355835,-0.060718231201172,-0.0041227340698242,-0.012080669403076,-0.0020457821633314,-0.0055671959114986,-0.13693380355835,-0.060718231201172,186.25619506836,131.74070739746,136.2653503418,1.1721520423889,true,false,false,false,39,-14,0
29493,SAMPLE,ALIGNING,true,3,0,0,0,0,-0.13693380355835,-0.13071823120117,0.0,-0.07,-0.13693380355835,-0.060718231201172,0.0,0.0,-0.0013297584061654,-0.0036186773424741,-0.13693380355835,-0.060718231201172,186.25619506836,131.74070739746,136.2653503418,1.1721520423889,true,false,false,false,38,-14,0
29494,SAMPLE,ALIGNING,true,3,0,0,0,0,-0.13981008529663,-0.14428424835205,0.0,-0.07,-0.13981008529663,-0.074284248352051,-0.0028762817382813,-0.013566017150879,-0.001871041572406,-0.0071002462754158,-0.13981008529663,-0.074284248352051,186.8214263916,134.36508178711,139.0145111084,1.1973849534988,true,false,false,false,39,-17,0
29495,SAMPLE,ALIGNING,true,3,0,0,0,0,-0.13981008529663,-0.14428424835205,0.0,-0.07,-0.13981008529663,-0.074284248352051,0.0,0.0,-0.0012161770220639,-0.0046151600790202,-0.13981008529663,-0.074284248352051,186.8214263916,134.36508178711,139.0145111084,1.1973849534988,true,false,false,false,39,-17,0
29496,SAMPLE,ALIGNING,true,3,0,0,0,0,-0.13981008529663,-0.14428424835205,0.0,-0.07,-0.13981008529663,-0.074284248352051,0.0,0.0,-0.00079051506434152,-0.0029998540513632,-0.13981008529663,-0.074284248352051,186.8214263916,134.36508178711,139.0145111084,1.1973849534988,true,false,false,false,39,-17,0
29497,SAMPLE,ALIGNING,true,3,0,0,0,0,-0.14148807525635,-0.15765905380249,0.0,-0.07,-0.14148807525635,-0.08765905380249,-0.0016779899597168,-0.013374805450439,-0.0011011312777229,-0.0066310870410399,-0.14148807525635,-0.08765905380249,187.14703369141,136.95762634277,140.51582336426,1.2119215726852,true,false,false,false,40,-20,0
29498,SAMPLE,ALIGNING,true,3,0,0,0,0,-0.14148807525635,-0.15765905380249,0.0,-0.07,-0.14148807525635,-0.08765905380249,0.0,0.0,-0.00071573533051987,-0.0043102065766759,-0.14148807525635,-0.08765905380249,187.14703369141,136.95762634277,140.51582336426,1.2119215726852,true,false,false,false,40,-20,0
29499,SAMPLE,ALIGNING,true,3,0,0,0,0,-0.14148807525635,-0.15765905380249,0.0,-0.07,-0.14148807525635,-0.08765905380249,0.0,0.0,-0.00046522796483791,-0.0028016342748393,-0.14148807525635,-0.08765905380249,187.14703369141,136.95762634277,140.51582336426,1.2119215726852,true,false,false,false,40,-19,0
29500,SAMPLE,ALIGNING,true,3,0,0,0,0,-0.14230298995972,-0.17017078399658,0.0,-0.07,-0.14230298995972,-0.10017078399658,-0.00081491470336914,-0.012511730194092,-0.00058761832332384,-0.0062001678465777,-0.14230298995972,-0.10017078399658,187.3074798584,139.38795471191,141.16285705566,1.2190840244293,true,false,false,false,40,-22,0
29501,SAMPLE,ALIGNING,true,3,0,0,0,0,-0.14230298995972,-0.17017078399658,0.0,-0.07,-0.14230298995972,-0.10017078399658,0.0,0.0,-0.0003819519101605,-0.0040301091002755,-0.14230298995972,-0.10017078399658,187.3074798584,139.38795471191,141.16285705566,1.2190840244293,true,false,false,false,40,-22,0
29502,SAMPLE,ALIGNING,true,3,0,0,0,0,-0.14230298995972,-0.17017078399658,0.0,-0.07,-0.14230298995972,-0.10017078399658,0.0,0.0,-0.00024826874160432,-0.0026195709151791,-0.14230298995972,-0.10017078399658,187.3074798584,139.38795471191,141.16285705566,1.2190840244293,true,false,false,false,40,-22,0
29503,SAMPLE,ALIGNING,true,3,0,0,0,0,-0.14268636703491,-0.18402481079102,0.0,-0.07,-0.14268636703491,-0.11402481079102,-0.00038337707519531,-0.013854026794434,-0.00029555665836117,-0.0065516304729182,-0.14268636703491,-0.11402481079102,187.37821960449,142.07881164551,141.31074523926,1.2222417593002,true,false,false,false,40,-26,0
29504,SAMPLE,ALIGNING,true,3,0,0,0,0,-0.14268636703491,-0.18402481079102,0.0,-0.07,-0.14268636703491,-0.11402481079102,0.0,0.0,-0.00019211182793476,-0.0042585598073968,-0.14268636703491,-0.11402481079102,187.37821960449,142.07881164551,141.31074523926,1.2222417593002,true,false,false,false,40,-25,0
29505,SAMPLE,ALIGNING,true,3,0,0,0,0,-0.14268636703491,-0.18402481079102,0.0,-0.07,-0.14268636703491,-0.11402481079102,0.0,0.0,-0.00012487268815759,-0.0027680638748079,-0.14268636703491,-0.11402481079102,187.37821960449,142.07881164551,141.31074523926,1.2222417593002,true,false,false,false,40,-25,0
29506,SAMPLE,ALIGNING,true,3,0,0,0,0,-0.14306974411011,-0.19917297363281,0.0,-0.07,-0.14306974411011,-0.12917297363281,-0.00038337707519531,-0.015148162841797,-0.0002153492236208,-0.0071010985132541,-0.14306974411011,-0.12917297363281,187.45397949219,145.04782104492,141.43058776855,1.2256243228912,true,false,false,false,40,-29,0
29507,SAMPLE,ALIGNING,true,3,0,0,0,0,-0.14306974411011,-0.19917297363281,0.0,-0.07,-0.14306974411011,-0.12917297363281,0.0,0.0,-0.00013997699535352,-0.0046157140336151,-0.14306974411011,-0.12917297363281,187.45397949219,145.04782104492,141.43058776855,1.2256243228912,true,false,false,false,40,-29,0
29508,SAMPLE,ALIGNING,true,3,0,0,0,0,-0.14306974411011,-0.19917297363281,0.0,-0.07,-0.14306974411011,-0.12917297363281,0.0,0.0,-9.0985046979786e-05,-0.0030002141218498,-0.14306974411011,-0.12917297363281,187.45397949219,145.04782104492,141.43058776855,1.2256243228912,true,false,false,false,40,-29,0
29509,SAMPLE,ALIGNING,true,3,0,0,0,0,-0.14374113082886,-0.21297883987427,0.0,-0.07,-0.14374113082886,-0.14297883987427,-0.00067138671875,-0.013805866241455,-0.00029412563209936,-0.0067821923637117,-0.14374113082886,-0.14297883987427,187.57873535156,147.75506591797,141.79170227051,1.231193780899,true,false,false,false,40,-32,0
29510,SAMPLE,ALIGNING,true,3,0,0,0,0,-0.14374113082886,-0.21297883987427,0.0,-0.07,-0.14374113082886,-0.14297883987427,0.0,0.0,-0.00019118166086458,-0.0044084250364126,-0.14374113082886,-0.14297883987427,187.57873535156,147.75506591797,141.79170227051,1.231193780899,true,false,false,false,40,-32,0
29511,SAMPLE,ALIGNING,true,3,0,0,0,0,-0.14374113082886,-0.21297883987427,0.0,-0.07,-0.14374113082886,-0.14297883987427,0.0,0.0,-0.00012426807956198,-0.0028654762736682,-0.14374113082886,-0.14297883987427,187.57873535156,147.75506591797,141.79170227051,1.231193780899,true,false,false,false,40,-32,0
29512,SAMPLE,ALIGNING,true,3,0,0,0,0,-0.14474773406982,-0.22261428833008,0.0,-0.07,-0.14474773406982,-0.15261428833008,-0.0010066032409668,-0.0096354484558105,-0.00043308538605367,-0.005234966537418,-0.14474773406982,-0.15261428833008,187.78022766113,149.66007995605,142.60064697266,1.2401888370514,true,false,false,false,41,-34,0
29513,SAMPLE,ALIGNING,true,3,0,0,0,0,-0.14474773406982,-0.22261428833008,0.0,-0.07,-0.14474773406982,-0.15261428833008,0.0,0.0,-0.00028150550093488,-0.0034027282493217,-0.14474773406982,-0.15261428833008,187.78022766113,149.66007995605,142.60064697266,1.2401888370514,true,false,false,false,41,-34,0
29514,SAMPLE,ALIGNING,true,3,0,0,0,0,-0.14474773406982,-0.22261428833008,0.0,-0.07,-0.14474773406982,-0.15261428833008,0.0,0.0,-0.00018297857560767,-0.0022117733620591,-0.14474773406982,-0.15261428833008,187.78022766113,149.66007995605,142.60064697266,1.2401888370514,true,false,false,false,41,-34,0
29515,SAMPLE,ALIGNING,true,3,0,0,0,0,-0.14632940292358,-0.22927761077881,0.0,-0.07,-0.14632940292358,-0.15927761077881,-0.0015816688537598,-0.0066633224487305,-0.00067252017296091,-0.0037698155423941,-0.14632940292358,-0.15927761077881,188.08703613281,150.98721313477,143.99046325684,1.2538856267929,true,false,false,false,41,-35,0
29516,SAMPLE,ALIGNING,true,3,0,0,0,0,-0.14632940292358,-0.22927761077881,0.0,-0.07,-0.14632940292358,-0.15927761077881,0.0,0.0,-0.00043713811242459,-0.0024503801025562,-0.14632940292358,-0.15927761077881,188.08703613281,150.98721313477,143.99046325684,1.2538856267929,true,false,false,false,41,-35,0
29517,SAMPLE,ALIGNING,true,3,0,0,0,0,-0.14757585525513,-0.23407173156738,0.0,-0.07,-0.14757585525513,-0.16407173156738,-0.001246452331543,-0.0047941207885742,-0.00072039808911602,-0.0032706893426625,-0.14757585525513,-0.16407173156738,188.3293762207,151.93768310547,145.09281921387,1.264704823494,true,false,false,false,41,-36,0
29518,SAMPLE,ALIGNING,true,3,0,0,0,0,-0.14757585525513,-0.23407173156738,0.0,-0.07,-0.14757585525513,-0.16407173156738,0.0,0.0,-0.00046825875792541,-0.0021259480727306,-0.14757585525513,-0.16407173156738,188.3293762207,151.93768310547,145.09281921387,1.264704823494,true,false,false,false,41,-36,0
29519,SAMPLE,ALIGNING,true,3,0,0,0,0,-0.14757585525513,-0.23407173156738,0.0,-0.07,-0.14757585525513,-0.16407173156738,0.0,0.0,-0.00030436819265152,-0.0013818662472749,-0.14757585525513,-0.16407173156738,188.3293762207,151.93768310547,145.09281921387,1.264704823494,true,false,false,false,41,-36,0
29520,SAMPLE,ALIGNING,true,3,0,0,0,0,-0.14757585525513,-0.23407173156738,0.0,-0.07,-0.14757585525513,-0.16407173156738,0.0,0.0,-0.00019783932522349,-0.00089821306072868,-0.14757585525513,-0.16407173156738,188.32801818848,152.51918029785,145.01472473145,1.2646435499191,true,false,false,false,41,-36,0
29521,SAMPLE,ALIGNING,true,3,0,0,0,0,-0.14752817153931,-0.23699569702148,0.0,-0.07,-0.14752817153931,-0.16699569702148,4.7683715820313e-05,-0.0029239654541016,-0.00011190626085816,-0.0016072263984092,-0.14752817153931,-0.16699569702148,188.32801818848,152.51918029785,145.01472473145,1.2646435499191,true,false,false,false,41,-37,0
29522,SAMPLE,ALIGNING,true,3,0,0,0,0,-0.14752817153931,-0.23699569702148,0.0,-0.07,-0.14752817153931,-0.16699569702148,0.0,0.0,-7.2739069557802e-05,-0.001044697158966,-0.14752817153931,-0.16699569702148,188.32801818848,152.51918029785,145.01472473145,1.2646435499191,true,false,false,false,41,-37,0
29523,SAMPLE,ALIGNING,true,3,0,0,0,0,-0.14685678482056,-0.2384819984436,0.0,-0.07,-0.14685678482056,-0.1684819984436,0.00067138671875,-0.0014863014221191,0.00018770495634993,-0.0011992586510696,-0.14685678482056,-0.1684819984436,188.1867980957,152.81100463867,144.27085876465,1.2583396434784,true,false,false,false,41,-37,0
29524,SAMPLE,ALIGNING,true,3,0,0,0,0,-0.14685678482056,-0.2384819984436,0.0,-0.07,-0.14685678482056,-0.1684819984436,0.0,0.0,0.00012200822162745,-0.00077951812319523,-0.14685678482056,-0.1684819984436,188.1867980957,152.81100463867,144.27085876465,1.2583396434784,true,false,false,false,41,-37,0
29525,SAMPLE,ALIGNING,true,3,0,0,0,0,-0.14685678482056,-0.2384819984436,0.0,-0.07,-0.14685678482056,-0.1684819984436,0.0,0.0,7.9305344057845e-05,-0.0005066867800769,-0.14685678482056,-0.1684819984436,188.1867980957,152.81100463867,144.27085876465,1.2583396434784,true,false,false,false,41,-37,0
29526,SAMPLE,ALIGNING,true,3,0,0,0,0,-0.14685678482056,-0.2384819984436,0.0,-0.07,-0.14685678482056,-0.1684819984436,0.0,0.0,5.1548473637599e-05,-0.00032934640704998,-0.14685678482056,-0.1684819984436,188.1867980957,152.81100463867,144.27085876465,1.2583396434784,true,false,false,false,41,-37,0
29527,SAMPLE,ALIGNING,true,3,0,0,0,0,-0.14613771438599,-0.23944044113159,0.0,-0.07,-0.14613771438599,-0.16944044113159,0.00071907043457031,-0.00095844268798828,0.00028518115996405,-0.00054953010537839,-0.14613771438599,-0.16944044113159,188.05169677734,152.98867797852,143.57167053223,1.2523077726364,true,false,false,false,41,-37,0
29528,SAMPLE,ALIGNING,true,3,0,0,0,0,-0.14613771438599,-0.23944044113159,0.0,-0.07,-0.14613771438599,-0.16944044113159,0.0,0.0,0.00018536775397663,-0.00035719456849595,-0.14613771438599,-0.16944044113159,188.05169677734,152.98867797852,143.57167053223,1.2523077726364,true,false,false,false,41,-37,0
29529,SAMPLE,ALIGNING,true,3,0,0,0,0,-0.14556264877319,-0.24001598358154,0.0,-0.07,-0.14556264877319,-0.17001598358154,0.00057506561279297,-0.00057554244995117,0.00032176200456235,-0.00043361632700528,-0.14556264877319,-0.17001598358154,187.93804931641,153.10557556152,142.9874420166,1.2472344636917,true,false,false,false,41,-37,0
29530,SAMPLE,ALIGNING,true,3,0,0,0,0,-0.14556264877319,-0.24001598358154,0.0,-0.07,-0.14556264877319,-0.17001598358154,0.0,0.0,0.00020914530296553,-0.00028185061255343,-0.14556264877319,-0.17001598358154,187.93804931641,153.10557556152,142.9874420166,1.2472344636917,true,false,false,false,41,-37,0
29531,SAMPLE,ALIGNING,true,3,0,0,0,0,-0.14556264877319,-0.24001598358154,0.0,-0.07,-0.14556264877319,-0.17001598358154,0.0,0.0,0.00013594444692759,-0.00018320289815973,-0.14556264877319,-0.17001598358154,187.93804931641,153.10557556152,142.9874420166,1.2472344636917,true,false,false,false,41,-37,0
29532,SAMPLE,ALIGNING,true,3,0,0,0,0,-0.14556264877319,-0.24001598358154,0.0,-0.07,-0.14556264877319,-0.17001598358154,0.0,0.0,8.8363890502935e-05,-0.00011908188380382,-0.14556264877319,-0.17001598358154,187.83087158203,153.17359924316,142.44165039063,1.2424495220184,true,false,false,false,41,-37,0
29533,SAMPLE,ALIGNING,true,3,0,0,0,0,-0.14503526687622,-0.24039936065674,0.0,-0.07,-0.14503526687622,-0.17039936065674,0.00052738189697266,-0.00038337707519531,0.00024202019276734,-0.00021158520079085,-0.14503526687622,-0.17039936065674,187.83087158203,153.17359924316,142.44165039063,1.2424495220184,true,false,false,false,41,-38,0
29534,SAMPLE,ALIGNING,true,3,0,0,0,0,-0.14503526687622,-0.24039936065674,0.0,-0.07,-0.14503526687622,-0.17039936065674,0.0,0.0,0.00015731312529877,-0.00013753038051405,-0.14503526687622,-0.17039936065674,187.83087158203,153.17359924316,142.44165039063,1.2424495220184,true,false,false,false,41,-37,0
29535,SAMPLE,ALIGNING,true,3,0,0,0,0,-0.14446020126343,-0.24078273773193,0.0,-0.07,-0.14446020126343,-0.17078273773193,0.00057506561279297,-0.00038337707519531,0.00030352649592174,-0.00022357672365249,-0.14446020126343,-0.17078273773193,187.71656799316,153.24514770508,141.85960388184,1.2373471260071,true,false,false,false,40,-38,0
29536,SAMPLE,ALIGNING,true,3,0,0,0,0,-0.14446020126343,-0.24078273773193,0.0,-0.07,-0.14446020126343,-0.17078273773193,0.0,0.0,0.00019729222234913,-0.00014532487037412,-0.14446020126343,-0.17078273773193,187.71656799316,153.24514770508,141.85960388184,1.2373471260071,true,false,false,false,40,-38,0
29537,SAMPLE,ALIGNING,true,3,0,0,0,0,-0.14446020126343,-0.24078273773193,0.0,-0.07,-0.14446020126343,-0.17078273773193,0.0,0.0,0.00012823994452693,-9.4461165743178e-05,-0.14446020126343,-0.17078273773193,187.71656799316,153.24514770508,141.85960388184,1.2373471260071,true,false,false,false,40,-38,0
29538,SAMPLE,ALIGNING,true,3,0,0,0,0,-0.14446020126343,-0.24078273773193,0.0,-0.07,-0.14446020126343,-0.17078273773193,0.0,0.0,8.3355963942508e-05,-6.1399757733066e-05,-0.14446020126343,-0.17078273773193,187.71656799316,153.24514770508,141.85960388184,1.2373471260071,true,false,false,false,40,-38,0
29539,SAMPLE,ALIGNING,true,3,0,0,0,0,-0.14316558837891,-0.24068689346313,0.0,-0.07,-0.14316558837891,-0.17068689346313,0.0012946128845215,9.5844268798828e-05,0.00050729588614515,-6.3643484469028e-06,-0.14316558837891,-0.17068689346313,187.47581481934,153.22329711914,140.65454101563,1.226598739624,true,false,false,false,40,-38,0
29540,SAMPLE,ALIGNING,true,3,0,0,0,0,-0.14316558837891,-0.24068689346313,0.0,-0.07,-0.14316558837891,-0.17068689346313,0.0,0.0,0.00032974232599435,-4.1368264904868e-06,-0.14316558837891,-0.17068689346313,187.47581481934,153.22329711914,140.65454101563,1.226598739624,true,false,false,false,40,-38,0
29541,SAMPLE,ALIGNING,true,3,0,0,0,0,-0.14316558837891,-0.24068689346313,0.0,-0.07,-0.14316558837891,-0.17068689346313,0.0,0.0,0.00021433251189633,-2.6889372188164e-06,-0.14316558837891,-0.17068689346313,187.25971984863,153.20637512207,139.57196044922,1.2169519662857,true,false,false,false,40,-38,0
29542,SAMPLE,ALIGNING,true,3,0,0,0,0,-0.14206314086914,-0.24063873291016,0.0,-0.07,-0.14206314086914,-0.17063873291016,0.0011024475097656,4.8160552978516e-05,0.00052517276115058,1.510838435025e-05,-0.14206314086914,-0.17063873291016,187.25971984863,153.20637512207,139.57196044922,1.2169519662857,true,false,false,false,40,-38,0
29543,SAMPLE,ALIGNING,true,3,0,0,0,0,-0.14206314086914,-0.24063873291016,0.0,-0.07,-0.14206314086914,-0.17063873291016,0.0,0.0,0.00034136229474788,9.8204498276624e-06,-0.14206314086914,-0.17063873291016,187.25971984863,153.20637512207,139.57196044922,1.2169519662857,true,false,false,false,40,-38,0
29544,SAMPLE,ALIGNING,true,3,0,0,0,0,-0.14206314086914,-0.24063873291016,0.0,-0.07,-0.14206314086914,-0.17063873291016,0.0,0.0,0.00022188549158612,6.3832923879805e-06,-0.14206314086914,-0.17063873291016,187.25971984863,153.20637512207,139.57196044922,1.2169519662857,true,false,false,false,40,-38,0
29545,SAMPLE,ALIGNING,true,3,0,0,0,0,-0.14124822616577,-0.24068689346313,0.0,-0.07,-0.14124822616577,-0.17068689346313,0.00081491470336914,-4.8160552978516e-05,0.00042944571571018,-1.2707053490293e-05,-0.14124822616577,-0.17068689346313,187.10223388672,153.21719360352,138.77990722656,1.2099212408066,true,false,false,false,40,-38,0
29546,SAMPLE,ALIGNING,true,3,0,0,0,0,-0.14124822616577,-0.24068689346313,0.0,-0.07,-0.14124822616577,-0.17068689346313,0.0,0.0,0.00027913971521162,-8.2595847686905e-06,-0.14124822616577,-0.17068689346313,187.10223388672,153.21719360352,138.77990722656,1.2099212408066,true,false,false,false,40,-38,0
29547,SAMPLE,ALIGNING,true,3,0,0,0,0,-0.14124822616577,-0.24068689346313,0.0,-0.07,-0.14124822616577,-0.17068689346313,0.0,0.0,0.00018144081488755,-5.3687300996488e-06,-0.14124822616577,-0.17068689346313,187.10223388672,153.21719360352,138.77990722656,1.2099212408066,true,false,false,false,40,-38,0
29548,SAMPLE,ALIGNING,true,3,0,0,0,0,-0.1408166885376,-0.23771476745605,0.0,-0.07,-0.1408166885376,-0.16771476745605,0.00043153762817383,0.0029721260070801,0.00026897469953775,0.0010367544279133,-0.1408166885376,-0.16771476745605,187.01737976074,152.62649536133,138.42434692383,1.2061331272125,true,false,false,false,39,-37,0
29549,SAMPLE,ALIGNING,true,3,0,0,0,0,-0.1408166885376,-0.23771476745605,0.0,-0.07,-0.1408166885376,-0.16771476745605,0.0,0.0,0.00017483355469954,0.00067389037814362,-0.1408166885376,-0.16771476745605,187.01737976074,152.62649536133,138.42434692383,1.2061331272125,true,false,false,false,39,-37,0
29550,SAMPLE,ALIGNING,true,3,0,0,0,0,-0.1408166885376,-0.23771476745605,0.0,-0.07,-0.1408166885376,-0.16771476745605,0.0,0.0,0.0001136418105547,0.00043802874579335,-0.1408166885376,-0.16771476745605,187.01737976074,152.62649536133,138.42434692383,1.2061331272125,true,false,false,false,39,-37,0
29551,SAMPLE,ALIGNING,true,3,0,0,0,0,-0.14038515090942,-0.23038053512573,0.0,-0.07,-0.14038515090942,-0.16038053512573,0.00043153762817383,0.0073342323303223,0.00022490534672139,0.0028517000003785,-0.14038515090942,-0.16038053512573,186.92944335938,151.17434692383,138.15051269531,1.2022070884705,true,false,false,false,39,-35,0
29552,SAMPLE,ALIGNING,true,3,0,0,0,0,-0.14038515090942,-0.23038053512573,0.0,-0.07,-0.14038515090942,-0.16038053512573,0.0,0.0,0.00014618847536891,0.001853605000246,-0.14038515090942,-0.16038053512573,186.92944335938,151.17434692383,138.15051269531,1.2022070884705,true,false,false,false,39,-35,0
29553,SAMPLE,ALIGNING,true,3,0,0,0,0,-0.14038515090942,-0.23038053512573,0.0,-0.07,-0.14038515090942,-0.16038053512573,0.0,0.0,9.5022508989789e-05,0.0012048432501599,-0.14038515090942,-0.16038053512573,186.92944335938,151.17434692383,138.15051269531,1.2022070884705,true,false,false,false,39,-35,0
29554,SAMPLE,ALIGNING,true,3,0,0,0,0,-0.13909101486206,-0.22132015228271,0.0,-0.07,-0.13909101486206,-0.15132015228271,0.0012941360473633,0.0090603828430176,0.00051471224742051,0.0039542821076601,-0.13909101486206,-0.15132015228271,186.6798248291,149.38380432129,137.08987426758,1.1910635232925,true,false,false,false,39,-33,0
29555,SAMPLE,ALIGNING,true,3,0,0,0,0,-0.13909101486206,-0.22132015228271,0.0,-0.07,-0.13909101486206,-0.15132015228271,0.0,0.0,0.00033456296082333,0.0025702833699791,-0.13909101486206,-0.15132015228271,186.6798248291,149.38380432129,137.08987426758,1.1910635232925,true,false,false,false,39,-33,0
29556,SAMPLE,ALIGNING,true,3,0,0,0,0,-0.13909101486206,-0.22132015228271,0.0,-0.07,-0.13909101486206,-0.15132015228271,0.0,0.0,0.00021746592453517,0.0016706841904864,-0.13909101486206,-0.15132015228271,186.6798248291,149.38380432129,137.08987426758,1.1910635232925,true,false,false,false,39,-33,0
29557,SAMPLE,ALIGNING,true,3,0,0,0,0,-0.13909101486206,-0.22132015228271,0.0,-0.07,-0.13909101486206,-0.15132015228271,0.0,0.0,0.00014135285094786,0.0010859447238162,-0.13909101486206,-0.15132015228271,186.6798248291,149.38380432129,137.08987426758,1.1910635232925,true,false,false,false,39,-33,0
29558,SAMPLE,ALIGNING,true,3,0,0,0,0,-0.13909101486206,-0.22132015228271,0.0,-0.07,-0.13909101486206,-0.15132015228271,0.0,0.0,9.1879353116108e-05,0.0007058640704805,-0.13909101486206,-0.15132015228271,186.6798248291,149.38380432129,137.08987426758,1.1910635232925,true,false,false,false,39,-33,0
29559,SAMPLE,ALIGNING,true,3,0,0,0,0,-0.13592720031738,-0.20607614517212,0.0,-0.07,-0.13592720031738,-0.13607614517212,0.0031638145446777,0.015244007110596,0.0011670566701627,0.0057942141345208,-0.13592720031738,-0.13607614517212,186.06747436523,146.37362670898,134.29870605469,1.1637268066406,true,false,false,false,38,-30,0
29560,SAMPLE,ALIGNING,true,3,0,0,0,0,-0.13592720031738,-0.20607614517212,0.0,-0.07,-0.13592720031738,-0.13607614517212,0.0,0.0,0.00075858683560574,0.0037662391874385,-0.13592720031738,-0.13607614517212,186.06747436523,146.37362670898,134.29870605469,1.1637268066406,true,false,false,false,38,-30,0
29561,SAMPLE,ALIGNING,true,3,0,0,0,0,-0.13592720031738,-0.20607614517212,0.0,-0.07,-0.13592720031738,-0.13607614517212,0.0,0.0,0.00049308144314373,0.002448055471835,-0.13592720031738,-0.13607614517212,186.06747436523,146.37362670898,134.29870605469,1.1637268066406,true,false,false,false,38,-30,0
29562,SAMPLE,ALIGNING,true,3,0,0,0,0,-0.13592720031738,-0.20607614517212,0.0,-0.07,-0.13592720031738,-0.13607614517212,0.0,0.0,0.00032050293804343,0.0015912360566928,-0.13592720031738,-0.13607614517212,185.02452087402,143.12591552734,129.2932434082,1.1171662807465,true,false,false,false,38,-30,0
29563,SAMPLE,ALIGNING,true,3,0,0,0,0,-0.13055801391602,-0.18958520889282,0.0,-0.07,-0.13055801391602,-0.11958520889282,0.0053691864013672,0.016490936279297,0.0020875421502067,0.0068061311346042,-0.13055801391602,-0.11958520889282,185.02452087402,143.12591552734,129.2932434082,1.1171662807465,true,false,false,false,36,-26,0
29564,SAMPLE,ALIGNING,true,3,0,0,0,0,-0.13055801391602,-0.18958520889282,0.0,-0.07,-0.13055801391602,-0.11958520889282,0.0,0.0,0.0013569023976344,0.0044239852374927,-0.13055801391602,-0.11958520889282,185.02452087402,143.12591552734,129.2932434082,1.1171662807465,true,false,false,false,36,-26,0
29565,SAMPLE,ALIGNING,true,3,0,0,0,0,-0.13055801391602,-0.18958520889282,0.0,-0.07,-0.13055801391602,-0.11958520889282,0.0,0.0,0.00088198655846235,0.0028755904043703,-0.13055801391602,-0.11958520889282,185.02452087402,143.12591552734,129.2932434082,1.1171662807465,true,false,false,false,36,-26,0
29566,SAMPLE,ALIGNING,true,3,0,0,0,0,-0.12648344039917,-0.1750602722168,0.0,-0.07,-0.12648344039917,-0.1050602722168,0.0040745735168457,0.014524936676025,0.0019993919938965,0.0069528615994496,-0.12648344039917,-0.1050602722168,184.23638916016,140.28924560547,125.49284362793,1.0819816589355,true,false,false,false,35,-23,0
29567,SAMPLE,ALIGNING,true,3,0,0,0,0,-0.12648344039917,-0.1750602722168,0.0,-0.07,-0.12648344039917,-0.1050602722168,0.0,0.0,0.0012996047960327,0.0045193600396422,-0.12648344039917,-0.1050602722168,184.23638916016,140.28924560547,125.49284362793,1.0819816589355,true,false,false,false,35,-23,0
29568,SAMPLE,ALIGNING,true,3,0,0,0,0,-0.12648344039917,-0.1750602722168,0.0,-0.07,-0.12648344039917,-0.1050602722168,0.0,0.0,0.00084474311742128,0.0029375840257674,-0.12648344039917,-0.1050602722168,184.23638916016,140.28924560547,125.49284362793,1.0819816589355,true,false,false,false,35,-23,0
29569,SAMPLE,ALIGNING,true,3,0,0,0,0,-0.12437391281128,-0.16576051712036,0.0,-0.07,-0.12437391281128,-0.095760517120361,0.0021095275878906,0.0092997550964355,0.0012874176820856,0.0051643439005013,-0.12437391281128,-0.095760517120361,183.83018493652,138.48661804199,123.53774261475,1.0638476610184,true,false,false,false,35,-21,0
29570,SAMPLE,ALIGNING,true,3,0,0,0,0,-0.12437391281128,-0.16576051712036,0.0,-0.07,-0.12437391281128,-0.095760517120361,0.0,0.0,0.00083682149335561,0.0033568235353258,-0.12437391281128,-0.095760517120361,183.83018493652,138.48661804199,123.53774261475,1.0638476610184,true,false,false,false,35,-21,0
29571,SAMPLE,ALIGNING,true,3,0,0,0,0,-0.12437391281128,-0.16576051712036,0.0,-0.07,-0.12437391281128,-0.095760517120361,0.0,0.0,0.00054393397068115,0.0021819352979618,-0.12437391281128,-0.095760517120361,183.83018493652,138.48661804199,123.53774261475,1.0638476610184,true,false,false,false,35,-21,0
29572,SAMPLE,ALIGNING,true,3,0,0,0,0,-0.12336778640747,-0.15900135040283,0.0,-0.07,-0.12336778640747,-0.089001350402832,0.0010061264038086,0.0067591667175293,0.00070570132227575,0.0037839662948104,-0.12336778640747,-0.089001350402832,183.63287353516,137.17752075195,122.60725402832,1.0550394058228,true,false,false,false,34,-19,0
29573,SAMPLE,ALIGNING,true,3,0,0,0,0,-0.12336778640747,-0.15900135040283,0.0,-0.07,-0.12336778640747,-0.089001350402832,0.0,0.0,0.00045870585947924,0.0024595780916268,-0.12336778640747,-0.089001350402832,183.63287353516,137.17752075195,122.60725402832,1.0550394058228,true,false,false,false,35,-19,0
29574,SAMPLE,ALIGNING,true,3,0,0,0,0,-0.12336778640747,-0.15900135040283,0.0,-0.07,-0.12336778640747,-0.089001350402832,0.0,0.0,0.00029815880866151,0.0015987257595574,-0.12336778640747,-0.089001350402832,183.63287353516,137.17752075195,122.60725402832,1.0550394058228,true,false,false,false,35,-19,0
29575,SAMPLE,ALIGNING,true,3,0,0,0,0,-0.12336778640747,-0.15900135040283,0.0,-0.07,-0.12336778640747,-0.089001350402832,0.0,0.0,0.00019380322562998,0.0010391717437123,-0.12336778640747,-0.089001350402832,183.63287353516,137.17752075195,122.60725402832,1.0550394058228,true,false,false,false,35,-20,0
29576,SAMPLE,ALIGNING,true,3,0,0,0,0,-0.12312793731689,-0.15348815917969,0.0,-0.07,-0.12312793731689,-0.083488159179687,0.00023984909057617,0.0055131912231445,0.00020991927836115,0.0026050785615136,-0.12312793731689,-0.083488159179687,183.58805847168,136.10810852051,122.43690490723,1.0530383586884,true,false,false,false,34,-18,0
29577,SAMPLE,ALIGNING,true,3,0,0,0,0,-0.12312793731689,-0.15348815917969,0.0,-0.07,-0.12312793731689,-0.083488159179687,0.0,0.0,0.00013644753093475,0.0016933010649838,-0.12312793731689,-0.083488159179687,183.58805847168,136.10810852051,122.43690490723,1.0530383586884,true,false,false,false,34,-18,0
29578,SAMPLE,ALIGNING,true,3,0,0,0,0,-0.12312793731689,-0.15348815917969,0.0,-0.07,-0.12312793731689,-0.083488159179687,0.0,0.0,8.8690895107584e-05,0.0011006456922395,-0.12312793731689,-0.083488159179687,183.58805847168,136.10810852051,122.43690490723,1.0530383586884,true,false,false,false,34,-18,0
29579,SAMPLE,ALIGNING,true,3,0,0,0,0,-0.12312793731689,-0.15113925933838,0.0,-0.07,-0.12312793731689,-0.081139259338379,0.0,0.0023488998413086,5.764908181993e-05,0.0015375346444137,-0.12312793731689,-0.081139259338379,183.58625793457,135.65264892578,122.45156860352,1.0529582500458,true,false,false,false,34,-18,0
29580,SAMPLE,ALIGNING,true,3,0,0,0,0,-0.12312793731689,-0.15113925933838,0.0,-0.07,-0.12312793731689,-0.081139259338379,0.0,0.0,3.7471903182954e-05,0.00099939751886889,-0.12312793731689,-0.081139259338379,183.58625793457,135.65264892578,122.45156860352,1.0529582500458,true,false,false,false,34,-18,0
29581,SAMPLE,ALIGNING,true,3,0,0,0,0,-0.12312793731689,-0.15113925933838,0.0,-0.07,-0.12312793731689,-0.081139259338379,0.0,0.0,2.435673706892e-05,0.00064960838726478,-0.12312793731689,-0.081139259338379,183.58625793457,135.65264892578,122.45156860352,1.0529582500458,true,false,false,false,34,-18,0
29582,SAMPLE,ALIGNING,true,3,0,0,0,0,-0.12312793731689,-0.15113925933838,0.0,-0.07,-0.12312793731689,-0.081139259338379,0.0,0.0,1.5831879094798e-05,0.00042224545172211,-0.12312793731689,-0.081139259338379,183.58625793457,135.65264892578,122.45156860352,1.0529582500458,true,false,false,false,34,-18,0
29583,SAMPLE,ALIGNING,true,3,0,0,0,0,-0.12317562103271,-0.14927005767822,0.0,-0.07,-0.12317562103271,-0.079270057678223,-4.7683715820313e-05,0.0018692016601563,-6.3985791254905e-06,0.00092868012467406,-0.12317562103271,-0.079270057678223,183.58975219727,135.2926940918,122.48782348633,1.0531139373779,true,false,false,false,34,-17,0
29584,SAMPLE,ALIGNING,true,3,0,0,0,0,-0.12317562103271,-0.14927005767822,0.0,-0.07,-0.12317562103271,-0.079270057678223,0.0,0.0,-4.1590764315688e-06,0.00060364208103814,-0.12317562103271,-0.079270057678223,183.58975219727,135.2926940918,122.48782348633,1.0531139373779,true,false,false,false,34,-17,0
29585,SAMPLE,ALIGNING,true,3,0,0,0,0,-0.12317562103271,-0.14927005767822,0.0,-0.07,-0.12317562103271,-0.079270057678223,0.0,0.0,-2.7033996805198e-06,0.00039236735267479,-0.12317562103271,-0.079270057678223,183.58975219727,135.2926940918,122.48782348633,1.0531139373779,true,false,false,false,34,-17,0
29586,SAMPLE,ALIGNING,true,3,0,0,0,0,-0.1229362487793,-0.1482629776001,0.0,-0.07,-0.1229362487793,-0.078262977600098,0.00023937225341797,0.001007080078125,8.2023078903951e-05,0.00060751680658236,-0.1229362487793,-0.078262977600098,183.5477142334,135.10092163086,122.28241729736,1.0512375831604,true,false,false,false,34,-17,0
29587,SAMPLE,ALIGNING,true,3,0,0,0,0,-0.1229362487793,-0.1482629776001,0.0,-0.07,-0.1229362487793,-0.078262977600098,0.0,0.0,5.3315001287568e-05,0.00039488592427854,-0.1229362487793,-0.078262977600098,183.5477142334,135.10092163086,122.28241729736,1.0512375831604,true,false,false,false,34,-17,0
29588,SAMPLE,ALIGNING,true,3,0,0,0,0,-0.1229362487793,-0.1482629776001,0.0,-0.07,-0.1229362487793,-0.078262977600098,0.0,0.0,3.4654750836919e-05,0.00025667585078105,-0.1229362487793,-0.078262977600098,183.5477142334,135.10092163086,122.28241729736,1.0512375831604,true,false,false,false,34,-17,0
29589,SAMPLE,ALIGNING,true,3,0,0,0,0,-0.1229362487793,-0.1482629776001,0.0,-0.07,-0.1229362487793,-0.078262977600098,0.0,0.0,2.2525588043998e-05,0.00016683930300768,-0.1229362487793,-0.078262977600098,183.5477142334,135.10092163086,122.28241729736,1.0512375831604,true,false,false,false,34,-17,0
29590,SAMPLE,ALIGNING,true,3,0,0,0,0,-0.12298393249512,-0.1478796005249,0.0,-0.07,-0.12298393249512,-0.077879600524902,-4.7683715820313e-05,0.00038337707519531,-2.0476683085109e-06,0.00024262752327335,-0.12298393249512,-0.077879600524902,183.56192016602,135.02679443359,122.35877227783,1.0518714189529,true,false,false,false,34,-17,0
29591,SAMPLE,ALIGNING,true,3,0,0,0,0,-0.12298393249512,-0.1478796005249,0.0,-0.07,-0.12298393249512,-0.077879600524902,0.0,0.0,-1.3309844005321e-06,0.00015770789012768,-0.12298393249512,-0.077879600524902,183.56192016602,135.02679443359,122.35877227783,1.0518714189529,true,false,false,false,34,-17,0
29592,SAMPLE,ALIGNING,true,3,0,0,0,0,-0.12298393249512,-0.1478796005249,0.0,-0.07,-0.12298393249512,-0.077879600524902,0.0,0.0,-8.6513986034587e-07,0.00010251012858299,-0.12298393249512,-0.077879600524902,183.56192016602,135.02679443359,122.35877227783,1.0518714189529,true,false,false,false,34,-17,0
29593,SAMPLE,ALIGNING,true,3,0,0,0,0,-0.12322378158569,-0.1480712890625,0.0,-0.07,-0.12322378158569,-0.0780712890625,-0.00023984909057617,-0.00019168853759766,-8.4509522610885e-05,-4.594045802353e-07,-0.12322378158569,-0.0780712890625,183.60176086426,135.05822753906,122.56100463867,1.0536502599716,true,false,false,false,35,-17,0
29594,SAMPLE,ALIGNING,true,3,0,0,0,0,-0.12322378158569,-0.1480712890625,0.0,-0.07,-0.12322378158569,-0.0780712890625,0.0,0.0,-5.4931189697075e-05,-2.9861297715294e-07,-0.12322378158569,-0.0780712890625,183.60176086426,135.05822753906,122.56100463867,1.0536502599716,true,false,false,false,35,-17,0
29595,SAMPLE,ALIGNING,true,3,0,0,0,0,-0.12322378158569,-0.1480712890625,0.0,-0.07,-0.12322378158569,-0.0780712890625,0.0,0.0,-3.5705273303099e-05,-1.9409843514941e-07,-0.12322378158569,-0.0780712890625,183.60176086426,135.05822753906,122.56100463867,1.0536502599716,true,false,false,false,35,-17,0
29596,SAMPLE,ALIGNING,true,3,0,0,0,0,-0.12322378158569,-0.1480712890625,0.0,-0.07,-0.12322378158569,-0.0780712890625,0.0,0.0,-2.3208427647014e-05,-1.2616398284712e-07,-0.12322378158569,-0.0780712890625,183.60176086426,135.05822753906,122.56100463867,1.0536502599716,true,false,false,false,35,-17,0
29597,SAMPLE,ALIGNING,true,3,0,0,0,0,-0.12355947494507,-0.1484546661377,0.0,-0.07,-0.12355947494507,-0.078454666137695,-0.000335693359375,-0.00038337707519531,-0.00013257815375181,-0.00013426398290721,-0.12355947494507,-0.078454666137695,183.67042541504,135.1379699707,122.908203125,1.0567154884338,true,false,false,false,35,-17,0
29598,SAMPLE,ALIGNING,true,3,0,0,0,0,-0.12355947494507,-0.1484546661377,0.0,-0.07,-0.12355947494507,-0.078454666137695,0.0,0.0,-8.6175799938676e-05,-8.7271588889686e-05,-0.12355947494507,-0.078454666137695,183.67042541504,135.1379699707,122.908203125,1.0567154884338,true,false,false,false,35,-17,0
29599,SAMPLE,ALIGNING,true,3,0,0,0,0,-0.12355947494507,-0.1484546661377,0.0,-0.07,-0.12355947494507,-0.078454666137695,0.0,0.0,-5.6014269960139e-05,-5.6726532778296e-05,-0.12355947494507,-0.078454666137695,183.67042541504,135.1379699707,122.908203125,1.0567154884338,true,false,false,false,35,-17,0
29600,SAMPLE,ALIGNING,true,3,0,0,0,0,-0.12370300292969,-0.14874267578125,0.0,-0.07,-0.12370300292969,-0.07874267578125,-0.00014352798461914,-0.00028800964355469,-8.664407009079e-05,-0.00013767562155003,-0.12370300292969,-0.07874267578125,183.69692993164,135.18800354004,123.04122924805,1.0578987598419,true,false,false,false,35,-17,0
29601,SAMPLE,ALIGNING,true,3,0,0,0,0,-0.12370300292969,-0.14874267578125,0.0,-0.07,-0.12370300292969,-0.07874267578125,0.0,0.0,-5.6318645559013e-05,-8.9489154007522e-05,-0.12370300292969,-0.07874267578125,183.69692993164,135.18800354004,123.04122924805,1.0578987598419,true,false,false,false,35,-17,0
29602,SAMPLE,ALIGNING,true,3,0,0,0,0,-0.12370300292969,-0.14874267578125,0.0,-0.07,-0.12370300292969,-0.07874267578125,0.0,0.0,-3.6607119613359e-05,-5.8167950104889e-05,-0.12370300292969,-0.07874267578125,183.69692993164,135.18800354004,123.04122924805,1.0578987598419,true,false,false,false,35,-17,0
29603,SAMPLE,ALIGNING,true,3,0,0,0,0,-0.12375116348267,-0.14893436431885,0.0,-0.07,-0.12375116348267,-0.078934364318848,-4.8160552978516e-05,-0.00019168853759766,-4.0650821291164e-05,-0.00010490015572736,-0.12375116348267,-0.078934364318848,183.70951843262,135.22407531738,123.10377502441,1.0584608316422,true,false,false,false,35,-17,0
29604,SAMPLE,ALIGNING,true,3,0,0,0,0,-0.12375116348267,-0.14893436431885,0.0,-0.07,-0.12375116348267,-0.078934364318848,0.0,0.0,-2.6423033839256e-05,-6.8185101222782e-05,-0.12375116348267,-0.078934364318848,183.70951843262,135.22407531738,123.10377502441,1.0584608316422,true,false,false,false,35,-17,0
29605,SAMPLE,ALIGNING,true,3,0,0,0,0,-0.12375116348267,-0.14893436431885,0.0,-0.07,-0.12375116348267,-0.078934364318848,0.0,0.0,-1.7174971995517e-05,-4.4320315794809e-05,-0.12375116348267,-0.078934364318848,183.74114990234,135.26171875,123.26361083984,1.0598728656769,true,false,false,false,35,-17,0
29606,SAMPLE,ALIGNING,true,3,0,0,0,0,-0.12394285202026,-0.14907836914063,0.0,-0.07,-0.12394285202026,-0.079078369140625,-0.00019168853759766,-0.00014400482177734,-7.8254719956265e-05,-7.9209892888696e-05,-0.12394285202026,-0.079078369140625,183.74114990234,135.26171875,123.26361083984,1.0598728656769,true,false,false,false,35,-17,0
29607,SAMPLE,ALIGNING,true,3,0,0,0,0,-0.12394285202026,-0.14907836914063,0.0,-0.07,-0.12394285202026,-0.079078369140625,0.0,0.0,-5.0865567971573e-05,-5.1486430377652e-05,-0.12394285202026,-0.079078369140625,183.74114990234,135.26171875,123.26361083984,1.0598728656769,true,false,false,false,35,-17,0
29608,SAMPLE,ALIGNING,true,3,0,0,0,0,-0.12437391281128,-0.14960527420044,0.0,-0.07,-0.12437391281128,-0.079605274200439,-0.00043106079101563,-0.00052690505981445,-0.00018393389603699,-0.00021788295068053,-0.12437391281128,-0.079605274200439,183.82110595703,135.36502075195,123.6671295166,1.0634422302246,true,false,false,false,35,-18,0
29609,SAMPLE,ALIGNING,true,3,0,0,0,0,-0.12437391281128,-0.14960527420044,0.0,-0.07,-0.12437391281128,-0.079605274200439,0.0,0.0,-0.00011955703242404,-0.00014162391794235,-0.12437391281128,-0.079605274200439,183.82110595703,135.36502075195,123.6671295166,1.0634422302246,true,false,false,false,35,-18,0
29610,SAMPLE,ALIGNING,true,3,0,0,0,0,-0.12437391281128,-0.14960527420044,0.0,-0.07,-0.12437391281128,-0.079605274200439,0.0,0.0,-7.7712071075629e-05,-9.2055546662525e-05,-0.12437391281128,-0.079605274200439,183.82110595703,135.36502075195,123.6671295166,1.0634422302246,true,false,false,false,35,-18,0
29611,SAMPLE,ALIGNING,true,3,0,0,0,0,-0.12494945526123,-0.15027666091919,0.0,-0.07,-0.12494945526123,-0.080276660919189,-0.00057554244995117,-0.00067138671875,-0.00025195270368207,-0.00029482145689314,-0.12494945526123,-0.080276660919189,183.93525695801,135.48837280273,124.24423217773,1.0685381889343,true,false,false,false,35,-18,0
29612,SAMPLE,ALIGNING,true,3,0,0,0,0,-0.12494945526123,-0.15027666091919,0.0,-0.07,-0.12494945526123,-0.080276660919189,0.0,0.0,-0.00016376925739334,-0.00019163394698054,-0.12494945526123,-0.080276660919189,183.93525695801,135.48837280273,124.24423217773,1.0685381889343,true,false,false,false,35,-18,0
29613,SAMPLE,ALIGNING,true,3,0,0,0,0,-0.12494945526123,-0.15027666091919,0.0,-0.07,-0.12494945526123,-0.080276660919189,0.0,0.0,-0.00010645001730567,-0.00012456206553735,-0.12494945526123,-0.080276660919189,183.93525695801,135.48837280273,124.24423217773,1.0685381889343,true,false,false,false,35,-18,0
29614,SAMPLE,ALIGNING,true,3,0,0,0,0,-0.12533283233643,-0.15061187744141,0.0,-0.07,-0.12533283233643,-0.080611877441406,-0.00038337707519531,-0.0003352165222168,-0.00020337448756705,-0.00019829112537516,-0.12533283233643,-0.080611877441406,184.00602722168,135.55938720703,124.60221862793,1.0716977119446,true,false,false,false,35,-18,0
29615,SAMPLE,ALIGNING,true,3,0,0,0,0,-0.12533283233643,-0.15061187744141,0.0,-0.07,-0.12533283233643,-0.080611877441406,0.0,0.0,-0.00013219341691858,-0.00012888923149385,-0.12533283233643,-0.080611877441406,184.00602722168,135.55938720703,124.60221862793,1.0716977119446,true,false,false,false,35,-18,0
29616,SAMPLE,ALIGNING,true,3,0,0,0,0,-0.12533283233643,-0.15061187744141,0.0,-0.07,-0.12533283233643,-0.080611877441406,0.0,0.0,-8.5925720997078e-05,-8.3778000471004e-05,-0.12533283233643,-0.080611877441406,184.00602722168,135.55938720703,124.60221862793,1.0716977119446,true,false,false,false,35,-18,0
29617,SAMPLE,ALIGNING,true,3,0,0,0,0,-0.12518930435181,-0.15056419372559,0.0,-0.07,-0.12518930435181,-0.080564193725586,0.00014352798461914,4.7683715820313e-05,-5.6169240314012e-06,-3.7766399769043e-05,-0.12518930435181,-0.080564193725586,183.98313903809,135.54148864746,124.48617553711,1.0706760883331,true,false,false,false,35,-18,0
29618,SAMPLE,ALIGNING,true,3,0,0,0,0,-0.12518930435181,-0.15056419372559,0.0,-0.07,-0.12518930435181,-0.080564193725586,0.0,0.0,-3.6510006204108e-06,-2.4548159849878e-05,-0.12518930435181,-0.080564193725586,183.98313903809,135.54148864746,124.48617553711,1.0706760883331,true,false,false,false,35,-18,0
29619,SAMPLE,ALIGNING,true,3,0,0,0,0,-0.12518930435181,-0.15056419372559,0.0,-0.07,-0.12518930435181,-0.080564193725586,0.0,0.0,-2.373150403267e-06,-1.5956303902421e-05,-0.12518930435181,-0.080564193725586,184.11993408203,135.55587768555,125.18436431885,1.0767824649811,true,false,false,false,35,-18,0
29620,SAMPLE,ALIGNING,true,3,0,0,0,0,-0.12590837478638,-0.15061187744141,0.0,-0.07,-0.12590837478638,-0.080611877441406,-0.00071907043457031,-4.7683715820313e-05,-0.00025321719986173,-2.7060898073683e-05,-0.12590837478638,-0.080611877441406,184.11993408203,135.55587768555,125.18436431885,1.0767824649811,true,false,false,false,35,-18,0
29621,SAMPLE,ALIGNING,true,3,0,0,0,0,-0.12590837478638,-0.15061187744141,0.0,-0.07,-0.12590837478638,-0.080611877441406,0.0,0.0,-0.00016459117991013,-1.7589583747894e-05,-0.12590837478638,-0.080611877441406,184.11993408203,135.55587768555,125.18436431885,1.0767824649811,true,false,false,false,35,-18,0
29622,SAMPLE,ALIGNING,true,3,0,0,0,0,-0.12701082229614,-0.150803565979,0.0,-0.07,-0.12701082229614,-0.080803565979004,-0.0011024475097656,-0.00019168853759766,-0.00049284089535955,-7.8524217595311e-05,-0.12701082229614,-0.080803565979004,184.34202575684,135.59945678711,126.31643676758,1.0866978168488,true,false,false,false,36,-18,0
29623,SAMPLE,ALIGNING,true,3,0,0,0,0,-0.12701082229614,-0.150803565979,0.0,-0.07,-0.12701082229614,-0.080803565979004,0.0,0.0,-0.00032034658198371,-5.1040741436952e-05,-0.12701082229614,-0.080803565979004,184.34202575684,135.59945678711,126.31643676758,1.0866978168488,true,false,false,false,36,-18,0
29624,SAMPLE,ALIGNING,true,3,0,0,0,0,-0.12701082229614,-0.150803565979,0.0,-0.07,-0.12701082229614,-0.080803565979004,0.0,0.0,-0.00020822527828941,-3.3176481934019e-05,-0.12701082229614,-0.080803565979004,184.34202575684,135.59945678711,126.31643676758,1.0866978168488,true,false,false,false,36,-18,0
29625,SAMPLE,ALIGNING,true,3,0,0,0,0,-0.12864065170288,-0.15128326416016,0.0,-0.07,-0.12864065170288,-0.081283264160156,-0.0016298294067383,-0.00047969818115234,-0.00070578672324652,-0.00018945907666043,-0.12864065170288,-0.081283264160156,184.65238952637,135.6888885498,127.89597320557,1.1005535125732,true,false,false,false,36,-18,0
29626,SAMPLE,ALIGNING,true,3,0,0,0,0,-0.12864065170288,-0.15128326416016,0.0,-0.07,-0.12864065170288,-0.081283264160156,0.0,0.0,-0.00045876137011023,-0.00012314839982928,-0.12864065170288,-0.081283264160156,184.65238952637,135.6888885498,127.89597320557,1.1005535125732,true,false,false,false,36,-18,0
29627,SAMPLE,ALIGNING,true,3,0,0,0,0,-0.12864065170288,-0.15128326416016,0.0,-0.07,-0.12864065170288,-0.081283264160156,0.0,0.0,-0.00029819489057165,-8.0046459889033e-05,-0.12864065170288,-0.081283264160156,184.65238952637,135.6888885498,127.89597320557,1.1005535125732,true,false,false,false,36,-18,0
29628,SAMPLE,ALIGNING,true,3,0,0,0,0,-0.13036632537842,-0.15161895751953,0.0,-0.07,-0.13036632537842,-0.081618957519531,-0.0017256736755371,-0.000335693359375,-0.00079781246530956,-0.00016952287470912,-0.13036632537842,-0.081618957519531,184.98751831055,135.7600402832,129.6016998291,1.1155145168304,true,false,false,false,37,-18,0
29629,SAMPLE,ALIGNING,true,3,0,0,0,0,-0.13036632537842,-0.15161895751953,0.0,-0.07,-0.13036632537842,-0.081618957519531,0.0,0.0,-0.00051857810245122,-0.00011018986856093,-0.13036632537842,-0.081618957519531,184.98751831055,135.7600402832,129.6016998291,1.1155145168304,true,false,false,false,37,-18,0
29630,SAMPLE,ALIGNING,true,3,0,0,0,0,-0.13036632537842,-0.15161895751953,0.0,-0.07,-0.13036632537842,-0.081618957519531,0.0,0.0,-0.00033707576659329,-7.1623414564604e-05,-0.13036632537842,-0.081618957519531,184.98751831055,135.7600402832,129.6016998291,1.1155145168304,true,false,false,false,37,-18,0
29631,SAMPLE,ALIGNING,true,3,0,0,0,0,-0.13170862197876,-0.15085172653198,0.0,-0.07,-0.13170862197876,-0.080851726531982,-0.0013422966003418,0.00076723098754883,-0.00068890305840527,0.0002219756261751,-0.13170862197876,-0.080851726531982,185.2440032959,135.61323547363,130.91743469238,1.1269646883011,true,false,false,false,37,-18,0
29632,SAMPLE,ALIGNING,true,3,0,0,0,0,-0.13170862197876,-0.15085172653198,0.0,-0.07,-0.13170862197876,-0.080851726531982,0.0,0.0,-0.00044778698796342,0.00014428415701381,-0.13170862197876,-0.080851726531982,185.2440032959,135.61323547363,130.91743469238,1.1269646883011,true,false,false,false,37,-18,0
29633,SAMPLE,ALIGNING,true,3,0,0,0,0,-0.1329550743103,-0.14869451522827,0.0,-0.07,-0.1329550743103,-0.078694515228271,-0.001246452331543,0.0021572113037109,-0.00072731985821626,0.00084880865835781,-0.1329550743103,-0.078694515228271,185.48579406738,135.19853210449,132.17227172852,1.1377586126328,true,false,false,false,37,-17,0
29634,SAMPLE,ALIGNING,true,3,0,0,0,0,-0.1329550743103,-0.14869451522827,0.0,-0.07,-0.1329550743103,-0.078694515228271,0.0,0.0,-0.00047275790784057,0.00055172562793257,-0.1329550743103,-0.078694515228271,185.48579406738,135.19853210449,132.17227172852,1.1377586126328,true,false,false,false,37,-17,0
29635,SAMPLE,ALIGNING,true,3,0,0,0,0,-0.1329550743103,-0.14869451522827,0.0,-0.07,-0.1329550743103,-0.078694515228271,0.0,0.0,-0.00030729264009637,0.00035862165815617,-0.1329550743103,-0.078694515228271,185.48579406738,135.19853210449,132.17227172852,1.1377586126328,true,false,false,false,37,-17,0
29636,SAMPLE,ALIGNING,true,3,0,0,0,0,-0.13405752182007,-0.14586639404297,0.0,-0.07,-0.13405752182007,-0.075866394042969,-0.0011024475097656,0.0028281211853027,-0.00058559684448061,0.0012229464926575,-0.13405752182007,-0.075866394042969,185.70031738281,134.65617370605,133.29415893555,1.1473355293274,true,false,false,false,38,-17,0
29637,SAMPLE,ALIGNING,true,3,0,0,0,0,-0.13405752182007,-0.14586639404297,0.0,-0.07,-0.13405752182007,-0.075866394042969,0.0,0.0,-0.0003806379489124,0.00079491522022736,-0.13405752182007,-0.075866394042969,185.70031738281,134.65617370605,133.29415893555,1.1473355293274,true,false,false,false,38,-17,0
29638,SAMPLE,ALIGNING,true,3,0,0,0,0,-0.13405752182007,-0.14586639404297,0.0,-0.07,-0.13405752182007,-0.075866394042969,0.0,0.0,-0.00024741466679306,0.00051669489314778,-0.13405752182007,-0.075866394042969,185.70031738281,134.65617370605,133.29415893555,1.1473355293274,true,false,false,false,38,-17,0
29639,SAMPLE,ALIGNING,true,3,0,0,0,0,-0.13453722000122,-0.14255857467651,0.0,-0.07,-0.13453722000122,-0.072558574676514,-0.00047969818115234,0.0033078193664551,-0.00032871389681881,0.0014935884588053,-0.13453722000122,-0.072558574676514,185.78840637207,134.0158996582,133.77590942383,1.1512680053711,true,false,false,false,38,-16,0
29640,SAMPLE,ALIGNING,true,3,0,0,0,0,-0.13453722000122,-0.14255857467651,0.0,-0.07,-0.13453722000122,-0.072558574676514,0.0,0.0,-0.00021366403293223,0.00097083249822347,-0.13453722000122,-0.072558574676514,185.78840637207,134.0158996582,133.77590942383,1.1512680053711,true,false,false,false,38,-16,0
29641,SAMPLE,ALIGNING,true,3,0,0,0,0,-0.13453722000122,-0.14255857467651,0.0,-0.07,-0.13453722000122,-0.072558574676514,0.0,0.0,-0.00013888162140595,0.00063104112384525,-0.13453722000122,-0.072558574676514,185.78840637207,134.0158996582,133.77590942383,1.1512680053711,true,false,false,false,38,-16,0
29642,SAMPLE,ALIGNING,true,3,0,0,0,0,-0.13444089889526,-0.13762092590332,0.0,-0.07,-0.13444089889526,-0.06762092590332,9.6321105957031e-05,0.0049376487731934,-5.6560666828904e-05,0.0021383538011171,-0.13444089889526,-0.06762092590332,185.77589416504,133.06365966797,133.75859069824,1.1507098674774,true,false,false,false,38,-15,0
29643,SAMPLE,ALIGNING,true,3,0,0,0,0,-0.13444089889526,-0.13762092590332,0.0,-0.07,-0.13444089889526,-0.06762092590332,0.0,0.0,-3.6764433438788e-05,0.0013899299707261,-0.13444089889526,-0.06762092590332,185.77589416504,133.06365966797,133.75859069824,1.1507098674774,true,false,false,false,38,-15,0
29644,SAMPLE,ALIGNING,true,3,0,0,0,0,-0.13444089889526,-0.13762092590332,0.0,-0.07,-0.13444089889526,-0.06762092590332,0.0,0.0,-2.3896881735212e-05,0.00090345448097197,-0.13444089889526,-0.06762092590332,185.77589416504,133.06365966797,133.75859069824,1.1507098674774,true,false,false,false,38,-15,0
29645,SAMPLE,ALIGNING,true,3,0,0,0,0,-0.13444089889526,-0.13201236724854,0.0,-0.07,-0.13444089889526,-0.062012367248535,0.0,0.0056085586547852,-1.5532973127888e-05,0.0025502409418066,-0.13444089889526,-0.062012367248535,185.77169799805,131.98355102539,133.78594970703,1.1505225896835,true,false,false,false,38,-13,0
29646,SAMPLE,ALIGNING,true,3,0,0,0,0,-0.13444089889526,-0.13201236724854,0.0,-0.07,-0.13444089889526,-0.062012367248535,0.0,0.0,-1.0096432533127e-05,0.0016576566121743,-0.13444089889526,-0.062012367248535,185.77169799805,131.98355102539,133.78594970703,1.1505225896835,true,false,false,false,38,-14,0
29647,SAMPLE,ALIGNING,true,3,0,0,0,0,-0.13367414474487,-0.1254448890686,0.0,-0.07,-0.13367414474487,-0.055444889068604,0.00076675415039063,0.0065674781799316,0.00026180127149019,0.0033760941608894,-0.13367414474487,-0.055444889068604,185.62811279297,130.70751953125,133.1057434082,1.1441122293472,true,false,false,false,37,-12,0
29648,SAMPLE,ALIGNING,true,3,0,0,0,0,-0.13367414474487,-0.1254448890686,0.0,-0.07,-0.13367414474487,-0.055444889068604,0.0,0.0,0.00017017082646862,0.0021944612045781,-0.13367414474487,-0.055444889068604,185.62811279297,130.70751953125,133.1057434082,1.1441122293472,true,false,false,false,37,-12,0
29649,SAMPLE,ALIGNING,true,3,0,0,0,0,-0.13367414474487,-0.1254448890686,0.0,-0.07,-0.13367414474487,-0.055444889068604,0.0,0.0,0.0001106110372046,0.0014263997829758,-0.13367414474487,-0.055444889068604,185.62811279297,130.70751953125,133.1057434082,1.1441122293472,true,false,false,false,37,-12,0
29650,SAMPLE,ALIGNING,true,3,0,0,0,0,-0.13247537612915,-0.11791849136353,0.0,-0.07,-0.13247537612915,-0.047918491363525,0.0011987686157227,0.0075263977050781,0.00049146618968592,0.0035613990557116,-0.13247537612915,-0.047918491363525,185.39866638184,129.25752258301,131.98645019531,1.1338694095612,true,false,false,false,37,-10,0
29651,SAMPLE,ALIGNING,true,3,0,0,0,0,-0.13247537612915,-0.11791849136353,0.0,-0.07,-0.13247537612915,-0.047918491363525,0.0,0.0,0.00031945302329585,0.0023149093862125,-0.13247537612915,-0.047918491363525,185.39866638184,129.25752258301,131.98645019531,1.1338694095612,true,false,false,false,37,-10,0
29652,SAMPLE,ALIGNING,true,3,0,0,0,0,-0.13247537612915,-0.11791849136353,0.0,-0.07,-0.13247537612915,-0.047918491363525,0.0,0.0,0.0002076444651423,0.0015046911010381,-0.13247537612915,-0.047918491363525,185.39866638184,129.25752258301,131.98645019531,1.1338694095612,true,false,false,false,37,-10,0
29653,SAMPLE,ALIGNING,true,3,0,0,0,0,-0.13185262680054,-0.1104884147644,0.0,-0.07,-0.13185262680054,-0.040488414764404,0.00062274932861328,0.0074300765991211,0.00035293116735714,0.0035785760253672,-0.13185262680054,-0.040488414764404,185.27577209473,127.82817840576,131.40222167969,1.1283826828003,true,false,false,false,37,-9,0
29654,SAMPLE,ALIGNING,true,3,0,0,0,0,-0.13185262680054,-0.1104884147644,0.0,-0.07,-0.13185262680054,-0.040488414764404,0.0,0.0,0.00022940525878214,0.0023260744164887,-0.13185262680054,-0.040488414764404,185.27577209473,127.82817840576,131.40222167969,1.1283826828003,true,false,false,false,37,-9,0
29655,SAMPLE,ALIGNING,true,3,0,0,0,0,-0.13257169723511,-0.10296201705933,0.0,-0.07,-0.13257169723511,-0.032962017059326,-0.00071907043457031,0.0075263977050781,-0.00010256123389122,0.004146187567495,-0.13257169723511,-0.032962017059326,185.40664672852,126.38829803467,132.10729980469,1.1342251300812,true,false,false,false,37,-7,0
29656,SAMPLE,ALIGNING,true,3,0,0,0,0,-0.13257169723511,-0.10296201705933,0.0,-0.07,-0.13257169723511,-0.032962017059326,0.0,0.0,-6.666480202929e-05,0.0026950219188717,-0.13257169723511,-0.032962017059326,185.40664672852,126.38829803467,132.10729980469,1.1342251300812,true,false,false,false,37,-7,0
29657,SAMPLE,ALIGNING,true,3,0,0,0,0,-0.13257169723511,-0.10296201705933,0.0,-0.07,-0.13257169723511,-0.032962017059326,0.0,0.0,-4.3332121319039e-05,0.0017517642472666,-0.13257169723511,-0.032962017059326,185.40664672852,126.38829803467,132.10729980469,1.1342251300812,true,false,false,false,37,-7,0
29658,SAMPLE,ALIGNING,true,3,0,0,0,0,-0.13439321517944,-0.095436096191406,0.0,-0.07,-0.13439321517944,-0.025436096191406,-0.0018215179443359,0.0075259208679199,-0.00066569715937495,0.0037727190644953,-0.13439321517944,-0.025436096191406,185.76948547363,124.94201660156,133.99000549316,1.1504232883453,true,false,false,false,38,-5,0
29659,SAMPLE,ALIGNING,true,3,0,0,0,0,-0.13439321517944,-0.095436096191406,0.0,-0.07,-0.13439321517944,-0.025436096191406,0.0,0.0,-0.00043270315359372,0.0024522673919219,-0.13439321517944,-0.025436096191406,185.76948547363,124.94201660156,133.99000549316,1.1504232883453,true,false,false,false,38,-5,0
29660,SAMPLE,ALIGNING,true,3,0,0,0,0,-0.13439321517944,-0.095436096191406,0.0,-0.07,-0.13439321517944,-0.025436096191406,0.0,0.0,-0.00028125704983592,0.0015939738047493,-0.13439321517944,-0.025436096191406,185.76948547363,124.94201660156,133.99000549316,1.1504232883453,true,false,false,false,38,-5,0
29661,SAMPLE,ALIGNING,true,3,0,0,0,0,-0.13659811019897,-0.089827537536621,0.0,-0.07,-0.13659811019897,-0.019827537536621,-0.0022048950195313,0.0056085586547852,-0.00095453033922928,0.0029990785022618,-0.13659811019897,-0.019827537536621,186.19793701172,123.85765075684,136.19435119629,1.1695507764816,true,false,false,false,38,-4,0
29662,SAMPLE,ALIGNING,true,3,0,0,0,0,-0.13659811019897,-0.089827537536621,0.0,-0.07,-0.13659811019897,-0.019827537536621,0.0,0.0,-0.00062044472049903,0.0019494010264702,-0.13659811019897,-0.019827537536621,186.19793701172,123.85765075684,136.19435119629,1.1695507764816,true,false,false,false,38,-4,0
29663,SAMPLE,ALIGNING,true,3,0,0,0,0,-0.14000177383423,-0.086663246154785,0.0,-0.07,-0.14000177383423,-0.016663246154785,-0.0034036636352539,0.0031642913818359,-0.0015945713406632,0.0023746126508482,-0.14000177383423,-0.016663246154785,186.8583984375,123.25369262695,139.5699005127,1.1990361213684,true,false,false,false,39,-3,0
29664,SAMPLE,ALIGNING,true,3,0,0,0,0,-0.14000177383423,-0.086663246154785,0.0,-0.07,-0.14000177383423,-0.016663246154785,0.0,0.0,-0.0010364713714311,0.0015434982230513,-0.14000177383423,-0.016663246154785,186.8583984375,123.25369262695,139.5699005127,1.1990361213684,true,false,false,false,39,-4,0
29665,SAMPLE,ALIGNING,true,3,0,0,0,0,-0.14000177383423,-0.086663246154785,0.0,-0.07,-0.14000177383423,-0.016663246154785,0.0,0.0,-0.00067370639143022,0.0010032738449834,-0.14000177383423,-0.016663246154785,186.8583984375,123.25369262695,139.5699005127,1.1990361213684,true,false,false,false,39,-4,0
29666,SAMPLE,ALIGNING,true,3,0,0,0,0,-0.14350128173828,-0.084506034851074,0.0,-0.07,-0.14350128173828,-0.014506034851074,-0.0034995079040527,0.0021572113037109,-0.0016627369208481,0.001407151955538,-0.14350128173828,-0.014506034851074,187.5368347168,122.84310150146,143.02897644043,1.2293230295181,true,false,false,false,40,-3,0
29667,SAMPLE,ALIGNING,true,3,0,0,0,0,-0.14350128173828,-0.084506034851074,0.0,-0.07,-0.14350128173828,-0.014506034851074,0.0,0.0,-0.0010807789985513,0.00091464877109971,-0.14350128173828,-0.014506034851074,187.5368347168,122.84310150146,143.02897644043,1.2293230295181,true,false,false,false,40,-3,0
29668,SAMPLE,ALIGNING,true,3,0,0,0,0,-0.14350128173828,-0.084506034851074,0.0,-0.07,-0.14350128173828,-0.014506034851074,0.0,0.0,-0.00070250634905832,0.00059452170121481,-0.14350128173828,-0.014506034851074,187.5368347168,122.84310150146,143.02897644043,1.2293230295181,true,false,false,false,40,-3,0
29669,SAMPLE,ALIGNING,true,3,0,0,0,0,-0.14618587493896,-0.082348823547363,0.0,-0.07,-0.14618587493896,-0.012348823547363,-0.0026845932006836,0.0021572113037109,-0.0013962367471272,0.0011414630620885,-0.14618587493896,-0.012348823547363,188.05606079102,122.42180633545,145.67353820801,1.2525029182434,true,false,false,false,41,-3,0
29670,SAMPLE,ALIGNING,true,3,0,0,0,0,-0.14618587493896,-0.082348823547363,0.0,-0.07,-0.14618587493896,-0.012348823547363,0.0,0.0,-0.00090755388563266,0.0007419509903575,-0.14618587493896,-0.012348823547363,188.05606079102,122.42180633545,145.67353820801,1.2525029182434,true,false,false,false,41,-3,0
29671,SAMPLE,ALIGNING,true,3,0,0,0,0,-0.14925384521484,-0.079089164733887,0.0,-0.07,-0.14925384521484,-0.0090891647338867,-0.0030679702758789,0.0032596588134766,-0.0016636996222188,0.0016231487284492,-0.14925384521484,-0.0090891647338867,188.65602111816,121.8009185791,148.7257232666,1.2792865037918,true,false,false,false,42,-2,0
29672,SAMPLE,ALIGNING,true,3,0,0,0,0,-0.14925384521484,-0.079089164733887,0.0,-0.07,-0.14925384521484,-0.0090891647338867,0.0,0.0,-0.0010814047544422,0.001055046673492,-0.14925384521484,-0.0090891647338867,188.65602111816,121.8009185791,148.7257232666,1.2792865037918,true,false,false,false,42,-2,0
29673,SAMPLE,ALIGNING,true,3,0,0,0,0,-0.14925384521484,-0.079089164733887,0.0,-0.07,-0.14925384521484,-0.0090891647338867,0.0,0.0,-0.00070291309038746,0.00068578033776977,-0.14925384521484,-0.0090891647338867,188.65602111816,121.8009185791,148.7257232666,1.2792865037918,true,false,false,false,42,-2,0
29674,SAMPLE,ALIGNING,true,3,0,0,0,0,-0.15308904647827,-0.076021194458008,0.0,-0.07,-0.15308904647827,-0.0060211944580078,-0.0038352012634277,0.0030679702758789,-0.0017992139509516,0.001519546816108,-0.15308904647827,-0.0060211944580078,189.41119384766,121.21084594727,152.55865478516,1.3130000829697,true,false,false,false,43,-1,0
29675,SAMPLE,ALIGNING,true,3,0,0,0,0,-0.15308904647827,-0.076021194458008,0.0,-0.07,-0.15308904647827,-0.0060211944580078,0.0,0.0,-0.0011694890681185,0.00098770543047018,-0.15308904647827,-0.0060211944580078,189.41119384766,121.21084594727,152.55865478516,1.3130000829697,true,false,false,false,43,-1,0
29676,SAMPLE,ALIGNING,true,3,0,0,0,0,-0.15308904647827,-0.076021194458008,0.0,-0.07,-0.15308904647827,-0.0060211944580078,0.0,0.0,-0.00076016789427703,0.00064200852980562,-0.15308904647827,-0.0060211944580078,189.41119384766,121.21084594727,152.55865478516,1.3130000829697,true,false,false,false,43,-1,0
29677,SAMPLE,ALIGNING,true,3,0,0,0,0,-0.15826606750488,-0.074151515960693,0.0,-0.07,-0.15826606750488,-0.0041515159606934,-0.0051770210266113,0.0018696784973145,-0.002306066490594,0.0010716930184337,-0.15826606750488,-0.0041515159606934,190.42260742188,120.84417724609,157.67823791504,1.3581520318985,true,false,false,false,45,-1,0
29678,SAMPLE,ALIGNING,true,3,0,0,0,0,-0.15826606750488,-0.074151515960693,0.0,-0.07,-0.15826606750488,-0.0041515159606934,0.0,0.0,-0.0014989432188861,0.00069660046198191,-0.15826606750488,-0.0041515159606934,190.42260742188,120.84417724609,157.67823791504,1.3581520318985,true,false,false,false,44,-1,0
29679,SAMPLE,ALIGNING,true,3,0,0,0,0,-0.16334772109985,-0.074055671691895,0.0,-0.07,-0.16334772109985,-0.0040556716918945,-0.0050816535949707,9.5844268798828e-05,-0.0027528918505157,0.00048633579436783,-0.16334772109985,-0.0040556716918945,191.41088867188,120.82832336426,162.66703796387,1.4022719860077,true,false,false,false,45,-1,0
29680,SAMPLE,ALIGNING,true,3,0,0,0,0,-0.16334772109985,-0.074055671691895,0.0,-0.07,-0.16334772109985,-0.0040556716918945,0.0,0.0,-0.0017893797028352,0.00031611826633909,-0.16334772109985,-0.0040556716918945,191.41088867188,120.82832336426,162.66703796387,1.4022719860077,true,false,false,false,45,-1,0
29681,SAMPLE,ALIGNING,true,3,0,0,0,0,-0.16334772109985,-0.074055671691895,0.0,-0.07,-0.16334772109985,-0.0040556716918945,0.0,0.0,-0.0011630968068429,0.00020547687312041,-0.16334772109985,-0.0040556716918945,191.41088867188,120.82832336426,162.66703796387,1.4022719860077,true,false,false,false,45,-1,0
29682,SAMPLE,ALIGNING,true,3,0,0,0,0,-0.17130517959595,-0.074966430664063,0.0,-0.07,-0.17130517959595,-0.0049664306640625,-0.0079574584960938,-0.00091075897216797,-0.0035411233980807,-0.00018520567273052,-0.17130517959595,-0.0049664306640625,192.96678161621,121.00682067871,170.49493408203,1.4717314243317,true,false,false,false,45,-1,0
29683,SAMPLE,ALIGNING,true,3,0,0,0,0,-0.17130517959595,-0.074966430664063,0.0,-0.07,-0.17130517959595,-0.0049664306640625,0.0,0.0,-0.0023017302087525,-0.00012038368727484,-0.17130517959595,-0.0049664306640625,192.96678161621,121.00682067871,170.49493408203,1.4717314243317,true,false,false,false,45,-1,0
29684,SAMPLE,ALIGNING,true,3,0,0,0,0,-0.17130517959595,-0.074966430664063,0.0,-0.07,-0.17130517959595,-0.0049664306640625,0.0,0.0,-0.0014961246356891,-7.8249396728646e-05,-0.17130517959595,-0.0049664306640625,194.88272094727,121.36750030518,180.0887298584,1.5572644472122,true,false,false,false,45,-1,0
29685,SAMPLE,ALIGNING,true,3,0,0,0,0,-0.18103647232056,-0.076836109161377,0.0,-0.07,-0.18103647232056,-0.0068361091613769,-0.0097312927246094,-0.0018696784973145,-0.0043784334668112,-0.00070524958193368,-0.18103647232056,-0.0068361091613769,194.88272094727,121.36750030518,180.0887298584,1.5572644472122,true,false,false,false,45,-2,0
29686,SAMPLE,ALIGNING,true,3,0,0,0,0,-0.18103647232056,-0.076836109161377,0.0,-0.07,-0.18103647232056,-0.0068361091613769,0.0,0.0,-0.0028459817534273,-0.00045841222825689,-0.18103647232056,-0.0068361091613769,194.88272094727,121.36750030518,180.0887298584,1.5572644472122,true,false,false,false,45,-2,0
29687,SAMPLE,ALIGNING,true,3,0,0,0,0,-0.19263744354248,-0.07880163192749,0.0,-0.07,-0.19263744354248,-0.0088016319274902,-0.011600971221924,-0.0019655227661133,-0.0059102280674011,-0.00098590091650663,-0.19263744354248,-0.0088016319274902,197.18048095703,121.75588989258,191.52612304688,1.6598429679871,true,false,false,false,45,-2,0
29688,SAMPLE,ALIGNING,true,3,0,0,0,0,-0.19263744354248,-0.07880163192749,0.0,-0.07,-0.19263744354248,-0.0088016319274902,0.0,0.0,-0.0038416482438107,-0.00064083559572931,-0.19263744354248,-0.0088016319274902,197.18048095703,121.75588989258,191.52612304688,1.6598429679871,true,false,false,false,45,-2,0
29689,SAMPLE,ALIGNING,true,3,0,0,0,0,-0.19263744354248,-0.07880163192749,0.0,-0.07,-0.19263744354248,-0.0088016319274902,0.0,0.0,-0.002497071358477,-0.00041654313722405,-0.19263744354248,-0.0088016319274902,197.18048095703,121.75588989258,191.52612304688,1.6598429679871,true,false,false,false,45,-2,0
29690,SAMPLE,ALIGNING,true,3,0,0,0,0,-0.20486116409302,-0.083067893981934,0.0,-0.07,-0.20486116409302,-0.013067893981934,-0.012223720550537,-0.0042662620544434,-0.005901398575698,-0.0017639447582508,-0.20486116409302,-0.013067893981934,199.60131835938,122.59160614014,203.48545837402,1.767916560173,true,false,false,false,45,-3,0
29691,SAMPLE,ALIGNING,true,3,0,0,0,0,-0.20486116409302,-0.083067893981934,0.0,-0.07,-0.20486116409302,-0.013067893981934,0.0,0.0,-0.0038359090742037,-0.001146564092863,-0.20486116409302,-0.013067893981934,199.60131835938,122.59160614014,203.48545837402,1.767916560173,true,false,false,false,45,-3,0
29692,SAMPLE,ALIGNING,true,3,0,0,0,0,-0.20486116409302,-0.083067893981934,0.0,-0.07,-0.20486116409302,-0.013067893981934,0.0,0.0,-0.0024933408982324,-0.00074526666036097,-0.20486116409302,-0.013067893981934,201.99124145508,123.64010620117,215.19395446777,1.8746092319489,true,false,false,false,45,-3,0
29693,SAMPLE,ALIGNING,true,3,0,0,0,0,-0.21689367294312,-0.088437080383301,0.0,-0.07,-0.21689367294312,-0.018437080383301,-0.012032508850098,-0.0053691864013672,-0.0058320496813852,-0.0023636385697131,-0.21689367294312,-0.018437080383301,201.99124145508,123.64010620117,215.19395446777,1.8746092319489,true,false,false,false,45,-4,0
29694,SAMPLE,ALIGNING,true,3,0,0,0,0,-0.21689367294312,-0.088437080383301,0.0,-0.07,-0.21689367294312,-0.018437080383301,0.0,0.0,-0.0037908322929004,-0.0015363650703135,-0.21689367294312,-0.018437080383301,201.99124145508,123.64010620117,215.19395446777,1.8746092319489,true,false,false,false,45,-4,0
29695,SAMPLE,ALIGNING,true,3,0,0,0,0,-0.22499513626099,-0.092463493347168,0.0,-0.07,-0.22499513626099,-0.022463493347168,-0.0081014633178711,-0.0040264129638672,-0.0052995531516401,-0.0024078818330573,-0.22499513626099,-0.022463493347168,203.61129760742,124.43430328369,223.07171630859,1.9469327926636,true,false,false,false,45,-5,0
29696,SAMPLE,ALIGNING,true,3,0,0,0,0,-0.22499513626099,-0.092463493347168,0.0,-0.07,-0.22499513626099,-0.022463493347168,0.0,0.0,-0.0034447095485661,-0.0015651231914873,-0.22499513626099,-0.022463493347168,203.61129760742,124.43430328369,223.07171630859,1.9469327926636,true,false,false,false,45,-5,0
29697,SAMPLE,ALIGNING,true,3,0,0,0,0,-0.23256921768188,-0.096346855163574,0.0,-0.07,-0.23256921768188,-0.026346855163574,-0.0075740814208984,-0.0038833618164063,-0.0048899897038824,-0.0023765067102089,-0.23256921768188,-0.026346855163574,205.13717651367,125.20975494385,230.44619750977,2.015052318573,true,false,false,false,45,-6,0
29698,SAMPLE,ALIGNING,true,3,0,0,0,0,-0.23256921768188,-0.096346855163574,0.0,-0.07,-0.23256921768188,-0.026346855163574,0.0,0.0,-0.0031784933075236,-0.0015447293616358,-0.23256921768188,-0.026346855163574,205.13717651367,125.20975494385,230.44619750977,2.015052318573,true,false,false,false,45,-6,0
29699,SAMPLE,ALIGNING,true,3,0,0,0,0,-0.23256921768188,-0.096346855163574,0.0,-0.07,-0.23256921768188,-0.026346855163574,0.0,0.0,-0.0020660206498903,-0.0010040740850633,-0.23256921768188,-0.026346855163574,205.13717651367,125.20975494385,230.44619750977,2.015052318573,true,false,false,false,45,-6,0
29700,SAMPLE,ALIGNING,true,3,0,0,0,0,-0.23966407775879,-0.10008573532104,0.0,-0.07,-0.23966407775879,-0.030085735321045,-0.0070948600769043,-0.0037388801574707,-0.0038261144493452,-0.0019612562104059,-0.23966407775879,-0.030085735321045,206.56359863281,125.95140838623,237.29898071289,2.0787324905396,true,false,false,false,45,-7,0
29701,SAMPLE,ALIGNING,true,3,0,0,0,0,-0.23966407775879,-0.10008573532104,0.0,-0.07,-0.23966407775879,-0.030085735321045,0.0,0.0,-0.0024869743920744,-0.0012748165367638,-0.23966407775879,-0.030085735321045,206.56359863281,125.95140838623,237.29898071289,2.0787324905396,true,false,false,false,45,-7,0
29702,SAMPLE,ALIGNING,true,3,0,0,0,0,-0.24867677688599,-0.10507154464722,0.0,-0.07,-0.24867677688599,-0.035071544647217,-0.0090126991271973,-0.0049858093261719,-0.0047709780493674,-0.0025736640130566,-0.24867677688599,-0.035071544647217,208.38584899902,126.9460144043,245.99266052246,2.1600828170776,true,false,false,false,45,-8,0
29703,SAMPLE,ALIGNING,true,3,0,0,0,0,-0.24867677688599,-0.10507154464722,0.0,-0.07,-0.24867677688599,-0.035071544647217,0.0,0.0,-0.0031011357320888,-0.0016728816084868,-0.24867677688599,-0.035071544647217,208.38584899902,126.9460144043,245.99266052246,2.1600828170776,true,false,false,false,45,-8,0
29704,SAMPLE,ALIGNING,true,3,0,0,0,0,-0.24867677688599,-0.10507154464722,0.0,-0.07,-0.24867677688599,-0.035071544647217,0.0,0.0,-0.0020157382258577,-0.0010873730455164,-0.24867677688599,-0.035071544647217,208.38584899902,126.9460144043,245.99266052246,2.1600828170776,true,false,false,false,45,-8,0
29705,SAMPLE,ALIGNING,true,3,0,0,0,0,-0.25610685348511,-0.10952949523926,0.0,-0.07,-0.25610685348511,-0.039529495239258,-0.0074300765991211,-0.004457950592041,-0.0039107566564999,-0.0022670751868,-0.25610685348511,-0.039529495239258,209.89907836914,127.83444213867,253.15686035156,2.2276380062103,true,false,false,false,45,-9,0
29706,SAMPLE,ALIGNING,true,3,0,0,0,0,-0.25610685348511,-0.10952949523926,0.0,-0.07,-0.25610685348511,-0.039529495239258,0.0,0.0,-0.0025419918267249,-0.00147359887142,-0.25610685348511,-0.039529495239258,209.89907836914,127.83444213867,253.15686035156,2.2276380062103,true,false,false,false,45,-9,0
29707,SAMPLE,ALIGNING,true,3,0,0,0,0,-0.26224279403687,-0.1136999130249,0.0,-0.07,-0.26224279403687,-0.043699913024902,-0.0061359405517578,-0.0041704177856445,-0.0037998738804864,-0.0024174854913986,-0.26224279403687,-0.043699913024902,211.14807128906,128.66697692871,259.02740478516,2.2833964824677,true,false,false,false,45,-10,0
29708,SAMPLE,ALIGNING,true,3,0,0,0,0,-0.26224279403687,-0.1136999130249,0.0,-0.07,-0.26224279403687,-0.043699913024902,0.0,0.0,-0.0024699180223162,-0.0015713655694091,-0.26224279403687,-0.043699913024902,211.14807128906,128.66697692871,259.02740478516,2.2833964824677,true,false,false,false,45,-10,0
29709,SAMPLE,ALIGNING,true,3,0,0,0,0,-0.26224279403687,-0.1136999130249,0.0,-0.07,-0.26224279403687,-0.043699913024902,0.0,0.0,-0.0016054467145055,-0.0010213876201159,-0.26224279403687,-0.043699913024902,211.14807128906,128.66697692871,259.02740478516,2.2833964824677,true,false,false,false,45,-10,0
29710,SAMPLE,ALIGNING,true,3,0,0,0,0,-0.26224279403687,-0.1136999130249,0.0,-0.07,-0.26224279403687,-0.043699913024902,0.0,0.0,-0.0010435403644286,-0.00066390195307534,-0.26224279403687,-0.043699913024902,211.14807128906,128.66697692871,259.02740478516,2.2833964824677,true,false,false,false,45,-10,0
29711,SAMPLE,ALIGNING,true,3,0,0,0,0,-0.26224279403687,-0.1136999130249,0.0,-0.07,-0.26224279403687,-0.043699913024902,0.0,0.0,-0.00067830123687858,-0.00043153626949897,-0.26224279403687,-0.043699913024902,196.06100463867,128.84625244141,185.77619934082,1.6098662614822,true,false,false,false,45,-10,0
29712,SAMPLE,ALIGNING,true,3,0,0,0,0,-0.18702840805054,-0.11537790298462,0.0,-0.07,-0.18702840805054,-0.045377902984619,0.075214385986328,-0.0016779899597168,0.025884139291244,-0.00086779506107521,-0.18702840805054,-0.045377902984619,196.06100463867,128.84625244141,185.77619934082,1.6098662614822,true,false,false,false,45,-10,0
29713,SAMPLE,ALIGNING,true,3,0,0,0,0,-0.18702840805054,-0.11537790298462,0.0,-0.07,-0.18702840805054,-0.045377902984619,0.0,0.0,0.016824690539308,-0.00056406678969889,-0.18702840805054,-0.045377902984619,196.06100463867,128.84625244141,185.77619934082,1.6098662614822,true,false,false,false,45,-10,0
29714,SAMPLE,ALIGNING,true,3,0,0,0,0,-0.18702840805054,-0.11537790298462,0.0,-0.07,-0.18702840805054,-0.045377902984619,0.0,0.0,0.01093604885055,-0.00036664341330428,-0.18702840805054,-0.045377902984619,196.06100463867,128.84625244141,185.77619934082,1.6098662614822,true,false,false,false,45,-10,0
29715,SAMPLE,ALIGNING,true,3,0,0,0,0,-0.03717565536499,-0.11389207839966,0.0,-0.07,-0.03717565536499,-0.043892078399658,0.14985275268555,0.0014858245849609,0.059556895192799,0.00028172038608855,-0.03717565536499,-0.043892078399658,167.09504699707,128.41949462891,37.177307128906,0.31674310564995,true,false,false,false,5,-10,0
29716,SAMPLE,ALIGNING,true,3,0,0,0,0,-0.03717565536499,-0.11389207839966,0.0,-0.07,-0.03717565536499,-0.043892078399658,0.0,0.0,0.038711981875319,0.00018311825095756,-0.03717565536499,-0.043892078399658,167.09504699707,128.41949462891,37.177307128906,0.31674310564995,true,false,false,false,7,-10,0
29717,SAMPLE,ALIGNING,true,3,0,0,0,0,-0.03717565536499,-0.11389207839966,0.0,-0.07,-0.03717565536499,-0.043892078399658,0.0,0.0,0.025162788218958,0.00011902686312241,-0.03717565536499,-0.043892078399658,167.09504699707,128.41949462891,37.177307128906,0.31674310564995,true,false,false,false,8,-10,0
29718,SAMPLE,ALIGNING,true,3,0,0,0,0,0.026964902877808,-0.11441898345947,0.0,-0.07,0.026964902877808,-0.044418983459473,0.064140558242798,-0.00052690505981445,0.038805007727302,-0.00010704930990549,0.026964902877808,-0.044418983459473,154.84713745117,128.51611328125,-27.008680343628,-0.23003846406937,true,false,false,true,-11,-10,0
29719,SAMPLE,ALIGNING,true,3,0,0,0,0,0.026964902877808,-0.11441898345947,0.0,-0.07,0.026964902877808,-0.044418983459473,0.0,0.0,0.025223255022746,-6.9582051438569e-05,0.026964902877808,-0.044418983459473,154.84713745117,128.51611328125,-27.008680343628,-0.23003846406937,true,false,false,true,-10,-10,0
29720,SAMPLE,ALIGNING,true,3,0,0,0,0,0.026964902877808,-0.11441898345947,0.0,-0.07,0.026964902877808,-0.044418983459473,0.0,0.0,0.016395115764785,-4.522833343507e-05,0.026964902877808,-0.044418983459473,154.84713745117,128.51611328125,-27.008680343628,-0.23003846406937,true,false,false,true,-9,-10,0
29721,SAMPLE,ALIGNING,true,3,0,0,0,0,0.067280530929565,-0.1156177520752,0.0,-0.07,0.067280530929565,-0.045617752075195,0.040315628051758,-0.0011987686157227,0.024767295065225,-0.00044896743223573,0.067280530929565,-0.045617752075195,147.15225219727,128.75955200195,-67.20970916748,-0.5735604763031,true,false,false,false,-21,-10,0
29722,SAMPLE,ALIGNING,true,3,0,0,0,0,0.067280530929565,-0.1156177520752,0.0,-0.07,0.067280530929565,-0.045617752075195,0.0,0.0,0.016098741792397,-0.00029182883095322,0.067280530929565,-0.045617752075195,147.15225219727,128.75955200195,-67.20970916748,-0.5735604763031,true,false,false,false,-20,-10,0
29723,SAMPLE,ALIGNING,true,3,0,0,0,0,0.067280530929565,-0.1156177520752,0.0,-0.07,0.067280530929565,-0.045617752075195,0.0,0.0,0.010464182165058,-0.00018968874011959,0.067280530929565,-0.045617752075195,147.15225219727,128.75955200195,-67.20970916748,-0.5735604763031,true,false,false,false,-20,-10,0
29724,SAMPLE,ALIGNING,true,3,0,0,0,0,0.092160105705261,-0.11763095855713,0.0,-0.07,0.092160105705261,-0.047630958557129,0.024879574775696,-0.0020132064819336,0.015509569578781,-0.00082791994975449,0.092160105705261,-0.047630958557129,142.38140869141,129.16510009766,-91.975280761719,-0.78654402494431,true,false,false,false,-27,-11,0
29725,SAMPLE,ALIGNING,true,3,0,0,0,0,0.092160105705261,-0.11763095855713,0.0,-0.07,0.092160105705261,-0.047630958557129,0.0,0.0,0.010081220226208,-0.00053814796734042,0.092160105705261,-0.047630958557129,142.38140869141,129.16510009766,-91.975280761719,-0.78654402494431,true,false,false,false,-27,-11,0
29726,SAMPLE,ALIGNING,true,3,0,0,0,0,0.092160105705261,-0.11763095855713,0.0,-0.07,0.092160105705261,-0.047630958557129,0.0,0.0,0.006552793147035,-0.00034979617877127,0.092160105705261,-0.047630958557129,142.38140869141,129.16510009766,-91.975280761719,-0.78654402494431,true,false,false,false,-26,-11,0
29727,SAMPLE,ALIGNING,true,3,0,0,0,0,0.10769188404083,-0.11978816986084,0.0,-0.07,0.10769188404083,-0.04978816986084,0.015531778335571,-0.0021572113037109,0.0096954379630227,-0.00098239147250016,0.10769188404083,-0.04978816986084,139.39007568359,129.59494018555,-107.41209411621,-0.92008638381958,true,false,false,false,-31,-11,0
29728,SAMPLE,ALIGNING,true,3,0,0,0,0,0.10769188404083,-0.11978816986084,0.0,-0.07,0.10769188404083,-0.04978816986084,0.0,0.0,0.0063020346759648,-0.0006385544571251,0.10769188404083,-0.04978816986084,139.39007568359,129.59494018555,-107.41209411621,-0.92008638381958,true,false,false,false,-31,-11,0
29729,SAMPLE,ALIGNING,true,3,0,0,0,0,0.10769188404083,-0.11978816986084,0.0,-0.07,0.10769188404083,-0.04978816986084,0.0,0.0,0.0040963225393771,-0.00041506039713132,0.10769188404083,-0.04978816986084,139.39007568359,129.59494018555,-107.41209411621,-0.92008638381958,true,false,false,false,-31,-11,0
29730,SAMPLE,ALIGNING,true,3,0,0,0,0,0.10769188404083,-0.11978816986084,0.0,-0.07,0.10769188404083,-0.04978816986084,0.0,0.0,0.0026626096505951,-0.00026978925813536,0.10769188404083,-0.04978816986084,139.39007568359,129.59494018555,-107.41209411621,-0.92008638381958,true,false,false,false,-30,-11,0
29731,SAMPLE,ALIGNING,true,3,0,0,0,0,0.11780667304993,-0.12180137634277,0.0,-0.07,0.11780667304993,-0.051801376342773,0.010114789009094,-0.0020132064819336,0.0052708724260698,-0.00087998528646474,0.11780667304993,-0.051801376342773,137.44953918457,129.99017333984,-117.37976074219,-1.006716966629,true,false,false,false,-33,-11,0
29732,SAMPLE,ALIGNING,true,3,0,0,0,0,0.11780667304993,-0.12180137634277,0.0,-0.07,0.11780667304993,-0.051801376342773,0.0,0.0,0.0034260670769454,-0.00057199043620208,0.11780667304993,-0.051801376342773,137.44953918457,129.99017333984,-117.37976074219,-1.006716966629,true,false,false,false,-33,-11,0
29733,SAMPLE,ALIGNING,true,3,0,0,0,0,0.11780667304993,-0.12180137634277,0.0,-0.07,0.11780667304993,-0.051801376342773,0.0,0.0,0.0022269436000145,-0.00037179378353135,0.11780667304993,-0.051801376342773,136.1538848877,130.22494506836,-124.01498413086,-1.0645586252213,true,false,false,false,-33,-11,0
29734,SAMPLE,ALIGNING,true,3,0,0,0,0,0.12447011470795,-0.1230001449585,0.0,-0.07,0.12447011470795,-0.053000144958496,0.00666344165802,-0.0011987686157227,0.0037797179203164,-0.00066123497479831,0.12447011470795,-0.053000144958496,136.1538848877,130.22494506836,-124.01498413086,-1.0645586252213,true,false,false,false,-35,-12,0
29735,SAMPLE,ALIGNING,true,3,0,0,0,0,0.12447011470795,-0.1230001449585,0.0,-0.07,0.12447011470795,-0.053000144958496,0.0,0.0,0.0024568166482057,-0.0004298027336189,0.12447011470795,-0.053000144958496,136.1538848877,130.22494506836,-124.01498413086,-1.0645586252213,true,false,false,false,-35,-12,0
29736,SAMPLE,ALIGNING,true,3,0,0,0,0,0.12868857383728,-0.12352752685547,0.0,-0.07,0.12868857383728,-0.053527526855469,0.0042184591293335,-0.00052738189697266,0.0030733915166004,-0.00046395544079272,0.12868857383728,-0.053527526855469,135.33633422852,130.33435058594,-128.19413757324,-1.101056933403,true,false,false,false,-36,-12,0
29737,SAMPLE,ALIGNING,true,3,0,0,0,0,0.12868857383728,-0.12352752685547,0.0,-0.07,0.12868857383728,-0.053527526855469,0.0,0.0,0.0019977044857903,-0.00030157103651526,0.12868857383728,-0.053527526855469,135.33633422852,130.33435058594,-128.19413757324,-1.101056933403,true,false,false,false,-36,-12,0
29738,SAMPLE,ALIGNING,true,3,0,0,0,0,0.12868857383728,-0.12352752685547,0.0,-0.07,0.12868857383728,-0.053527526855469,0.0,0.0,0.0012985079157637,-0.00019602117373492,0.12868857383728,-0.053527526855469,135.33633422852,130.33435058594,-128.19413757324,-1.101056933403,true,false,false,false,-36,-12,0
29739,SAMPLE,ALIGNING,true,3,0,0,0,0,0.12868857383728,-0.12352752685547,0.0,-0.07,0.12868857383728,-0.053527526855469,0.0,0.0,0.00084403014524639,-0.0001274137629277,0.12868857383728,-0.053527526855469,135.33633422852,130.33435058594,-128.19413757324,-1.101056933403,true,false,false,false,-36,-12,0
29740,SAMPLE,ALIGNING,true,3,0,0,0,0,0.13055813312531,-0.12415027618408,0.0,-0.07,0.13055813312531,-0.054150276184082,0.0018695592880249,-0.00062274932861328,0.0012029653452189,-0.00030078121091765,0.13055813312531,-0.054150276184082,134.97129821777,130.4578704834,-130.05511474609,-1.1173529624939,true,false,false,false,-37,-12,0
29741,SAMPLE,ALIGNING,true,3,0,0,0,0,0.13055813312531,-0.12415027618408,0.0,-0.07,0.13055813312531,-0.054150276184082,0.0,0.0,0.00078192747439226,-0.00019550778709647,0.13055813312531,-0.054150276184082,134.97129821777,130.4578704834,-130.05511474609,-1.1173529624939,true,false,false,false,-37,-12,0
29742,SAMPLE,ALIGNING,true,3,0,0,0,0,0.13055813312531,-0.12415027618408,0.0,-0.07,0.13055813312531,-0.054150276184082,0.0,0.0,0.00050825285835497,-0.00012708006161271,0.13055813312531,-0.054150276184082,134.97129821777,130.4578704834,-130.05511474609,-1.1173529624939,true,false,false,false,-37,-12,0
29743,SAMPLE,ALIGNING,true,3,0,0,0,0,0.13065409660339,-0.12506151199341,0.0,-0.07,0.13065409660339,-0.055061511993408,9.5963478088379e-05,-0.00091123580932617,0.00036395157526166,-0.00040153457331242,0.13065409660339,-0.055061511993408,134.96032714844,130.63154602051,-130.10472106934,-1.1178423166275,true,false,false,false,-37,-12,0
29744,SAMPLE,ALIGNING,true,3,0,0,0,0,0.13065409660339,-0.12506151199341,0.0,-0.07,0.13065409660339,-0.055061511993408,0.0,0.0,0.00023656852392008,-0.00026099747265307,0.13065409660339,-0.055061511993408,134.96032714844,130.63154602051,-130.10472106934,-1.1178423166275,true,false,false,false,-37,-12,0
29745,SAMPLE,ALIGNING,true,3,0,0,0,0,0.13065409660339,-0.12506151199341,0.0,-0.07,0.13065409660339,-0.055061511993408,0.0,0.0,0.00015376954054805,-0.0001696483572245,0.13065409660339,-0.055061511993408,134.96032714844,130.63154602051,-130.10472106934,-1.1178423166275,true,false,false,false,-37,-12,0
29746,SAMPLE,ALIGNING,true,3,0,0,0,0,0.13142108917236,-0.12654733657837,0.0,-0.07,0.13142108917236,-0.056547336578369,0.00076699256896973,-0.0014858245849609,0.00036839760049564,-0.00063031003693225,0.13142108917236,-0.056547336578369,134.8067779541,130.9225769043,-130.87783813477,-1.1246975660324,true,false,false,false,-37,-12,0
29747,SAMPLE,ALIGNING,true,3,0,0,0,0,0.13142108917236,-0.12654733657837,0.0,-0.07,0.13142108917236,-0.056547336578369,0.0,0.0,0.00023945844032217,-0.00040970152400596,0.13142108917236,-0.056547336578369,134.8067779541,130.9225769043,-130.87783813477,-1.1246975660324,true,false,false,false,-37,-12,0
29748,SAMPLE,ALIGNING,true,3,0,0,0,0,0.13142108917236,-0.12654733657837,0.0,-0.07,0.13142108917236,-0.056547336578369,0.0,0.0,0.00015564798620941,-0.00026630599060388,0.13142108917236,-0.056547336578369,134.8067779541,130.9225769043,-130.87783813477,-1.1246975660324,true,false,false,false,-37,-12,0
29749,SAMPLE,ALIGNING,true,3,0,0,0,0,0.13170862197876,-0.12779378890991,0.0,-0.07,0.13170862197876,-0.057793788909912,0.00028753280639648,-0.001246452331543,0.00020180767327488,-0.00060935720993256,0.13170862197876,-0.057793788909912,134.75761413574,131.16014099121,-131.11958312988,-1.1268920898438,true,false,false,false,-37,-13,0
29750,SAMPLE,ALIGNING,true,3,0,0,0,0,0.13170862197876,-0.12779378890991,0.0,-0.07,0.13170862197876,-0.057793788909912,0.0,0.0,0.00013117498762867,-0.00039608218645616,0.13170862197876,-0.057793788909912,134.75761413574,131.16014099121,-131.11958312988,-1.1268920898438,true,false,false,false,-37,-13,0
29751,SAMPLE,ALIGNING,true,3,0,0,0,0,0.13170862197876,-0.12779378890991,0.0,-0.07,0.13170862197876,-0.057793788909912,0.0,0.0,8.5263741958639e-05,-0.00025745342119651,0.13170862197876,-0.057793788909912,134.75761413574,131.16014099121,-131.11958312988,-1.1268920898438,true,false,false,false,-37,-13,0
29752,SAMPLE,ALIGNING,true,3,0,0,0,0,0.13118135929108,-0.12865686416626,0.0,-0.07,0.13118135929108,-0.05865686416626,-0.00052726268768311,-0.00086307525634766,-0.00012912050841597,-0.00046942106349941,0.13118135929108,-0.05865686416626,134.85958862305,131.33171081543,-130.59213256836,-1.1223396062851,true,false,false,false,-37,-13,0
29753,SAMPLE,ALIGNING,true,3,0,0,0,0,0.13118135929108,-0.12865686416626,0.0,-0.07,0.13118135929108,-0.05865686416626,0.0,0.0,-8.3928330470382e-05,-0.00030512369127462,0.13118135929108,-0.05865686416626,134.85958862305,131.33171081543,-130.59213256836,-1.1223396062851,true,false,false,false,-37,-13,0
29754,SAMPLE,ALIGNING,true,3,0,0,0,0,0.13118135929108,-0.12865686416626,0.0,-0.07,0.13118135929108,-0.05865686416626,0.0,0.0,-5.4553414805748e-05,-0.0001983303993285,0.13118135929108,-0.05865686416626,134.85958862305,131.33171081543,-130.59213256836,-1.1223396062851,true,false,false,false,-37,-13,0
29755,SAMPLE,ALIGNING,true,3,0,0,0,0,0.13060617446899,-0.12937593460083,0.0,-0.07,0.13060617446899,-0.05937593460083,-0.00057518482208252,-0.00071907043457031,-0.00023677440735262,-0.00038058941166313,0.13060617446899,-0.05937593460083,134.9651184082,131.47216796875,-130.04762268066,-1.1176288127899,true,false,false,false,-37,-13,0
29756,SAMPLE,ALIGNING,true,3,0,0,0,0,0.13060617446899,-0.12937593460083,0.0,-0.07,0.13060617446899,-0.05937593460083,0.0,0.0,-0.0001539033647792,-0.00024738311758104,0.13060617446899,-0.05937593460083,134.9651184082,131.47216796875,-130.04762268066,-1.1176288127899,true,false,false,false,-37,-13,0
29757,SAMPLE,ALIGNING,true,3,0,0,0,0,0.13060617446899,-0.12937593460083,0.0,-0.07,0.13060617446899,-0.05937593460083,0.0,0.0,-0.00010003718710648,-0.00016079902642767,0.13060617446899,-0.05937593460083,134.9651184082,131.47216796875,-130.04762268066,-1.1176288127899,true,false,false,false,-37,-13,0
29758,SAMPLE,ALIGNING,true,3,0,0,0,0,0.13060617446899,-0.12937593460083,0.0,-0.07,0.13060617446899,-0.05937593460083,0.0,0.0,-6.5024171619213e-05,-0.00010451936717799,0.13060617446899,-0.05937593460083,135.03771972656,131.61022949219,-129.67126464844,-1.114387512207,true,false,false,false,-37,-13,0
29759,SAMPLE,ALIGNING,true,3,0,0,0,0,0.13022267818451,-0.13014268875122,0.0,-0.07,0.13022267818451,-0.060142688751221,-0.00038349628448486,-0.00076675415039063,-0.00017648941112219,-0.00033630154130241,0.13022267818451,-0.060142688751221,135.03771972656,131.61022949219,-129.67126464844,-1.114387512207,true,false,false,false,-36,-13,0
29760,SAMPLE,ALIGNING,true,3,0,0,0,0,0.13022267818451,-0.13014268875122,0.0,-0.07,0.13022267818451,-0.060142688751221,0.0,0.0,-0.00011471811722942,-0.00021859600184657,0.13022267818451,-0.060142688751221,135.03771972656,131.61022949219,-129.67126464844,-1.114387512207,true,false,false,false,-36,-13,0
29761,SAMPLE,ALIGNING,true,3,0,0,0,0,0.13022267818451,-0.13014268875122,0.0,-0.07,0.13022267818451,-0.060142688751221,0.0,0.0,-7.4566776199125e-05,-0.00014208740120027,0.13022267818451,-0.060142688751221,135.10766601563,131.72113037109,-129.30949401855,-1.1112651824951,true,false,false,false,-36,-13,0
29762,SAMPLE,ALIGNING,true,3,0,0,0,0,0.12988710403442,-0.13071823120117,0.0,-0.07,0.12988710403442,-0.060718231201172,-0.00033557415008545,-0.00057554244995117,-0.00016591935705934,-0.00029379666826308,0.12988710403442,-0.060718231201172,135.10766601563,131.72113037109,-129.30949401855,-1.1112651824951,true,false,false,false,-36,-13,0
29763,SAMPLE,ALIGNING,true,3,0,0,0,0,0.12988710403442,-0.13071823120117,0.0,-0.07,0.12988710403442,-0.060718231201172,0.0,0.0,-0.00010784758208857,-0.00019096783437101,0.12988710403442,-0.060718231201172,135.10766601563,131.72113037109,-129.30949401855,-1.1112651824951,true,false,false,false,-36,-13,0
29764,SAMPLE,ALIGNING,true,3,0,0,0,0,0.12988710403442,-0.13071823120117,0.0,-0.07,0.12988710403442,-0.060718231201172,0.0,0.0,-7.0100928357571e-05,-0.00012412909234115,0.12988710403442,-0.060718231201172,135.10766601563,131.72113037109,-129.30949401855,-1.1112651824951,true,false,false,false,-36,-13,0
29765,SAMPLE,ALIGNING,true,3,0,0,0,0,0.12964737415314,-0.13095760345459,0.0,-0.07,0.12964737415314,-0.06095760345459,-0.00023972988128662,-0.00023937225341797,-0.00012947106188274,-0.00016446419871804,0.12964737415314,-0.06095760345459,135.15020751953,131.77362060547,-129.09002685547,-1.1093654632568,true,false,false,false,-36,-13,0
29766,SAMPLE,ALIGNING,true,3,0,0,0,0,0.12964737415314,-0.13095760345459,0.0,-0.07,0.12964737415314,-0.06095760345459,0.0,0.0,-8.415619022378e-05,-0.00010690172916673,0.12964737415314,-0.06095760345459,135.15020751953,131.77362060547,-129.09002685547,-1.1093654632568,true,false,false,false,-36,-13,0
29767,SAMPLE,ALIGNING,true,3,0,0,0,0,0.12964737415314,-0.13095760345459,0.0,-0.07,0.12964737415314,-0.06095760345459,0.0,0.0,-5.4701523645457e-05,-6.9486123958371e-05,0.12964737415314,-0.06095760345459,135.15020751953,131.77362060547,-129.09002685547,-1.1093654632568,true,false,false,false,-36,-13,0
29768,SAMPLE,ALIGNING,true,3,0,0,0,0,0.12921583652496,-0.13138914108276,0.0,-0.07,0.12921583652496,-0.061389141082764,-0.00043153762817383,-0.00043153762817383,-0.00018659416023039,-0.00019620415043378,0.12921583652496,-0.061389141082764,135.2364654541,131.85374450684,-128.6460723877,-1.1055147647858,true,false,false,false,-36,-14,0
29769,SAMPLE,ALIGNING,true,3,0,0,0,0,0.12921583652496,-0.13138914108276,0.0,-0.07,0.12921583652496,-0.061389141082764,0.0,0.0,-0.00012128620414975,-0.00012753269778196,0.12921583652496,-0.061389141082764,135.2364654541,131.85374450684,-128.6460723877,-1.1055147647858,true,false,false,false,-36,-14,0
29770,SAMPLE,ALIGNING,true,3,0,0,0,0,0.12921583652496,-0.13138914108276,0.0,-0.07,0.12921583652496,-0.061389141082764,0.0,0.0,-7.8836032697338e-05,-8.2896253558273e-05,0.12921583652496,-0.061389141082764,135.2364654541,131.85374450684,-128.6460723877,-1.1055147647858,true,false,false,false,-36,-14,0
29771,SAMPLE,ALIGNING,true,3,0,0,0,0,0.12816119194031,-0.13167667388916,0.0,-0.07,0.12816119194031,-0.06167667388916,-0.0010546445846558,-0.00028753280639648,-0.00042036902588279,-0.00015451904705165,0.12816119194031,-0.06167667388916,135.44125366211,131.91003417969,-127.59729766846,-1.0963724851608,true,false,false,false,-36,-14,0
29772,SAMPLE,ALIGNING,true,3,0,0,0,0,0.12816119194031,-0.13167667388916,0.0,-0.07,0.12816119194031,-0.06167667388916,0.0,0.0,-0.00027323986682381,-0.00010043738058357,0.12816119194031,-0.06167667388916,135.44125366211,131.91003417969,-127.59729766846,-1.0963724851608,true,false,false,false,-36,-14,0
29773,SAMPLE,ALIGNING,true,3,0,0,0,0,0.12816119194031,-0.13167667388916,0.0,-0.07,0.12816119194031,-0.06167667388916,0.0,0.0,-0.00017760591343548,-6.5284297379321e-05,0.12816119194031,-0.06167667388916,135.44125366211,131.91003417969,-127.59729766846,-1.0963724851608,true,false,false,false,-36,-14,0
29774,SAMPLE,ALIGNING,true,3,0,0,0,0,0.12753808498383,-0.12942361831665,0.0,-0.07,0.12753808498383,-0.05942361831665,-0.00062310695648193,0.0022530555725098,-0.00033353127850174,0.00074613465708186,0.12753808498383,-0.05942361831665,135.5648651123,131.47358703613,-126.98292541504,-1.0908541679382,true,false,false,false,-36,-13,0
29775,SAMPLE,ALIGNING,true,3,0,0,0,0,0.12753808498383,-0.12942361831665,0.0,-0.07,0.12753808498383,-0.05942361831665,0.0,0.0,-0.00021679533102613,0.00048498752710321,0.12753808498383,-0.05942361831665,135.5648651123,131.47358703613,-126.98292541504,-1.0908541679382,true,false,false,false,-36,-13,0
29776,SAMPLE,ALIGNING,true,3,0,0,0,0,0.12753808498383,-0.12942361831665,0.0,-0.07,0.12753808498383,-0.05942361831665,0.0,0.0,-0.00014091696516698,0.00031524189261709,0.12753808498383,-0.05942361831665,135.5648651123,131.47358703613,-126.98292541504,-1.0908541679382,true,false,false,false,-36,-13,0
29777,SAMPLE,ALIGNING,true,3,0,0,0,0,0.12763392925262,-0.12472581863403,0.0,-0.07,0.12763392925262,-0.054725818634033,9.5844268798828e-05,0.0046977996826172,-5.805053327895e-05,0.0018491371191171,0.12763392925262,-0.054725818634033,135.53677368164,130.56655883789,-127.16088867188,-1.0921084880829,true,false,false,false,-36,-12,0
29778,SAMPLE,ALIGNING,true,3,0,0,0,0,0.12763392925262,-0.12472581863403,0.0,-0.07,0.12763392925262,-0.054725818634033,0.0,0.0,-3.7732846631317e-05,0.0012019391274261,0.12763392925262,-0.054725818634033,135.53677368164,130.56655883789,-127.16088867188,-1.0921084880829,true,false,false,false,-36,-12,0
29779,SAMPLE,ALIGNING,true,3,0,0,0,0,0.12763392925262,-0.12472581863403,0.0,-0.07,0.12763392925262,-0.054725818634033,0.0,0.0,-2.4526350310356e-05,0.00078126043282698,0.12763392925262,-0.054725818634033,135.53677368164,130.56655883789,-127.16088867188,-1.0921084880829,true,false,false,false,-36,-12,0
29780,SAMPLE,ALIGNING,true,3,0,0,0,0,0.12763392925262,-0.12472581863403,0.0,-0.07,0.12763392925262,-0.054725818634033,0.0,0.0,-1.5942127701732e-05,0.00050781928133754,0.12763392925262,-0.054725818634033,135.53677368164,130.56655883789,-127.16088867188,-1.0921084880829,true,false,false,false,-36,-12,0
29781,SAMPLE,ALIGNING,true,3,0,0,0,0,0.12964737415314,-0.11700773239136,0.0,-0.07,0.12964737415314,-0.047007732391357,0.0020134449005127,0.0077180862426758,0.00069434333217332,0.0030314127178059,0.12964737415314,-0.047007732391357,135.15478515625,129.0807800293,-129.16455078125,-1.1091618537903,true,false,false,false,-36,-10,0
29782,SAMPLE,ALIGNING,true,3,0,0,0,0,0.12964737415314,-0.11700773239136,0.0,-0.07,0.12964737415314,-0.047007732391357,0.0,0.0,0.00045132316591266,0.0019704182665739,0.12964737415314,-0.047007732391357,135.15478515625,129.0807800293,-129.16455078125,-1.1091618537903,true,false,false,false,-36,-10,0
29783,SAMPLE,ALIGNING,true,3,0,0,0,0,0.12964737415314,-0.11700773239136,0.0,-0.07,0.12964737415314,-0.047007732391357,0.0,0.0,0.00029336005784323,0.001280771873273,0.12964737415314,-0.047007732391357,135.15478515625,129.0807800293,-129.16455078125,-1.1091618537903,true,false,false,false,-36,-10,0
29784,SAMPLE,ALIGNING,true,3,0,0,0,0,0.13170862197876,-0.10780382156372,0.0,-0.07,0.13170862197876,-0.037803821563721,0.0020612478256226,0.0092039108276367,0.00091212077656599,0.0040538705073003,0.13170862197876,-0.037803821563721,134.75761413574,127.31836700439,-131.24534606934,-1.1268923282623,true,false,false,false,-37,-8,0
29785,SAMPLE,ALIGNING,true,3,0,0,0,0,0.13170862197876,-0.10780382156372,0.0,-0.07,0.13170862197876,-0.037803821563721,0.0,0.0,0.0005928785047679,0.0026350158297452,0.13170862197876,-0.037803821563721,134.75761413574,127.31836700439,-131.24534606934,-1.1268923282623,true,false,false,false,-37,-8,0
29786,SAMPLE,ALIGNING,true,3,0,0,0,0,0.13170862197876,-0.10780382156372,0.0,-0.07,0.13170862197876,-0.037803821563721,0.0,0.0,0.00038537102809913,0.0017127602893344,0.13170862197876,-0.037803821563721,134.75761413574,127.31836700439,-131.24534606934,-1.1268923282623,true,false,false,false,-37,-8,0
29787,SAMPLE,ALIGNING,true,3,0,0,0,0,0.13290703296661,-0.099414825439453,0.0,-0.07,0.13290703296661,-0.029414825439453,0.001198410987854,0.0083889961242676,0.00066993501401334,0.004049442831561,0.13290703296661,-0.029414825439453,134.52749633789,125.7032623291,-132.4585723877,-1.1371653079987,true,false,false,false,-37,-6,0
29788,SAMPLE,ALIGNING,true,3,0,0,0,0,0.13290703296661,-0.099414825439453,0.0,-0.07,0.13290703296661,-0.029414825439453,0.0,0.0,0.00043545775910867,0.0026321378405146,0.13290703296661,-0.029414825439453,134.52749633789,125.7032623291,-132.4585723877,-1.1371653079987,true,false,false,false,-37,-6,0
29789,SAMPLE,ALIGNING,true,3,0,0,0,0,0.13290703296661,-0.099414825439453,0.0,-0.07,0.13290703296661,-0.029414825439453,0.0,0.0,0.00028304754342063,0.0017108895963345,0.13290703296661,-0.029414825439453,134.52749633789,125.7032623291,-132.4585723877,-1.1371653079987,true,false,false,false,-37,-6,0
29790,SAMPLE,ALIGNING,true,3,0,0,0,0,0.13348233699799,-0.092368125915527,0.0,-0.07,0.13348233699799,-0.022368125915527,0.00057530403137207,0.0070466995239258,0.00038533731420364,0.0035784230709915,0.13348233699799,-0.022368125915527,134.40350341797,124.35355377197,-133.11636352539,-1.1427011489868,true,false,false,false,-37,-5,0
29791,SAMPLE,ALIGNING,true,3,0,0,0,0,0.13348233699799,-0.092368125915527,0.0,-0.07,0.13348233699799,-0.022368125915527,0.0,0.0,0.00025046925423236,0.0023259749961445,0.13348233699799,-0.022368125915527,134.40350341797,124.35355377197,-133.11636352539,-1.1427011489868,true,false,false,false,-37,-5,0
29792,SAMPLE,ALIGNING,true,3,0,0,0,0,0.13348233699799,-0.092368125915527,0.0,-0.07,0.13348233699799,-0.022368125915527,0.0,0.0,0.00016280501525104,0.0015118837474939,0.13348233699799,-0.022368125915527,134.40350341797,124.35355377197,-133.11636352539,-1.1427011489868,true,false,false,false,-37,-5,0
29793,SAMPLE,ALIGNING,true,3,0,0,0,0,0.13338649272919,-0.086375713348389,0.0,-0.07,0.13338649272919,-0.016375713348389,-9.5844268798828e-05,0.0059924125671387,7.2277765833584e-05,0.0030800688343696,0.13338649272919,-0.016375713348389,134.42475891113,123.19745635986,-133.02349853516,-1.1417520046234,true,false,false,false,-37,-3,0
29794,SAMPLE,ALIGNING,true,3,0,0,0,0,0.13338649272919,-0.086375713348389,0.0,-0.07,0.13338649272919,-0.016375713348389,0.0,0.0,4.698054779183e-05,0.0020020447423402,0.13338649272919,-0.016375713348389,134.42475891113,123.19745635986,-133.02349853516,-1.1417520046234,true,false,false,false,-37,-3,0
29795,SAMPLE,ALIGNING,true,3,0,0,0,0,0.13338649272919,-0.086375713348389,0.0,-0.07,0.13338649272919,-0.016375713348389,0.0,0.0,3.0537356064689e-05,0.0013013290825211,0.13338649272919,-0.016375713348389,134.42475891113,123.19745635986,-133.02349853516,-1.1417520046234,true,false,false,false,-37,-4,0
29796,SAMPLE,ALIGNING,true,3,0,0,0,0,0.13338649272919,-0.086375713348389,0.0,-0.07,0.13338649272919,-0.016375713348389,0.0,0.0,1.9849281442048e-05,0.00084586390363874,0.13338649272919,-0.016375713348389,134.42475891113,123.19745635986,-133.02349853516,-1.1417520046234,true,false,false,false,-37,-4,0
29797,SAMPLE,ALIGNING,true,3,0,0,0,0,0.13276326656342,-0.079616546630859,0.0,-0.07,0.13276326656342,-0.0096165466308594,-0.00062322616577148,0.0067591667175293,-0.00020522712508269,0.0029155198885004,0.13276326656342,-0.0096165466308594,134.55123901367,121.89633178711,-132.38906860352,-1.136105298996,true,false,false,false,-37,-2,0
29798,SAMPLE,ALIGNING,true,3,0,0,0,0,0.13276326656342,-0.079616546630859,0.0,-0.07,0.13276326656342,-0.0096165466308594,0.0,0.0,-0.00013339763130375,0.0018950879275253,0.13276326656342,-0.0096165466308594,134.55123901367,121.89633178711,-132.38906860352,-1.136105298996,true,false,false,false,-37,-2,0
29799,SAMPLE,ALIGNING,true,3,0,0,0,0,0.13276326656342,-0.079616546630859,0.0,-0.07,0.13276326656342,-0.0096165466308594,0.0,0.0,-8.6708460347436e-05,0.0012318071528914,0.13276326656342,-0.0096165466308594,134.55123901367,121.89633178711,-132.38906860352,-1.136105298996,true,false,false,false,-37,-2,0
29800,SAMPLE,ALIGNING,true,3,0,0,0,0,-0.04101037979126,-0.075206279754639,0.0,-0.07,-0.04101037979126,-0.0052062797546387,-0.17377364635468,0.0044102668762207,-0.060877136723362,0.0023442680560567,-0.04101037979126,-0.0052062797546387,167.82292175293,121.03730773926,41.024513244629,0.34923791885376,true,false,false,false,17,-1,0
29801,SAMPLE,ALIGNING,true,3,0,0,0,0,-0.04101037979126,-0.075206279754639,0.0,-0.07,-0.04101037979126,-0.0052062797546387,0.0,0.0,-0.039570138870185,0.0015237742364368,-0.04101037979126,-0.0052062797546387,167.82292175293,121.03730773926,41.024513244629,0.34923791885376,true,false,false,false,15,-1,0
29802,SAMPLE,ALIGNING,true,3,0,0,0,0,-0.04101037979126,-0.075206279754639,0.0,-0.07,-0.04101037979126,-0.0052062797546387,0.0,0.0,-0.025720590265621,0.00099045325368395,-0.04101037979126,-0.0052062797546387,167.82292175293,121.03730773926,41.024513244629,0.34923791885376,true,false,false,false,14,-1,0
29803,SAMPLE,ALIGNING,true,3,0,0,0,0,-0.04101037979126,-0.075206279754639,0.0,-0.07,-0.04101037979126,-0.0052062797546387,0.0,0.0,-0.016718383672653,0.00064379461489457,-0.04101037979126,-0.0052062797546387,167.82292175293,121.03730773926,41.024513244629,0.34923791885376,true,false,false,false,13,-1,0
29804,SAMPLE,ALIGNING,true,3,0,0,0,0,-0.026053905487061,-0.073192596435547,0.0,-0.07,-0.026053905487061,-0.0031925964355469,0.014956474304199,0.0020136833190918,-0.0056321833807549,0.0011232556613636,-0.026053905487061,-0.0031925964355469,164.97581481934,120.65979003906,26.107194900513,0.22213488817215,true,false,false,true,8,-1,0
29805,SAMPLE,ALIGNING,true,3,0,0,0,0,-0.026053905487061,-0.073192596435547,0.0,-0.07,-0.026053905487061,-0.0031925964355469,0.0,0.0,-0.0036609191974907,0.00073011617988634,-0.026053905487061,-0.0031925964355469,164.97581481934,120.65979003906,26.107194900513,0.22213488817215,true,false,false,true,8,-1,0
29806,SAMPLE,ALIGNING,true,3,0,0,0,0,-0.026053905487061,-0.073192596435547,0.0,-0.07,-0.026053905487061,-0.0031925964355469,0.0,0.0,-0.002379597478369,0.00047457551692612,-0.026053905487061,-0.0031925964355469,164.97581481934,120.65979003906,26.107194900513,0.22213488817215,true,false,false,true,8,-1,0
29807,SAMPLE,ALIGNING,true,3,1,0,0,0,-0.016562461853027,-0.071946144104004,0.0,-0.07,-0.016562461853027,-0.0019461441040039,0.0094914436340332,0.001246452331543,0.0017752669109718,0.00074473240204202,-0.016562461853027,-0.0019461441040039,163.1649017334,120.41966247559,16.609094619751,0.14129023253918,false,false,true,true,4,0,0
29808,SAMPLE,ALIGNING,true,3,2,0,0,0,-0.016562461853027,-0.071946144104004,0.0,-0.07,-0.016562461853027,-0.0019461441040039,0.0,0.0,0.0011539234921317,0.00048407606132731,-0.016562461853027,-0.0019461441040039,163.1649017334,120.41966247559,16.609094619751,0.14129023253918,false,false,true,true,5,0,0
29809,SAMPLE,ALIGNING,true,3,3,0,0,0,-0.016562461853027,-0.071946144104004,0.0,-0.07,-0.016562461853027,-0.0019461441040039,0.0,0.0,0.00075005026988558,0.00031464943986275,-0.016562461853027,-0.0019461441040039,163.1649017334,120.41966247559,16.609094619751,0.14129023253918,false,false,true,true,5,0,0
29810,SAMPLE,ALIGNING,true,3,4,0,0,0,-0.0090360641479492,-0.070940017700195,0.0,-0.07,-0.0090360641479492,-0.00094001770019531,0.0075263977050781,0.0010061264038086,0.003121771872203,0.0005566663772438,-0.0090360641479492,-0.00094001770019531,161.73123168945,120.22956085205,9.0862274169922,0.077286921441555,false,false,true,true,2,0,0
29811,STABLE,STABLE,true,3,5,0,0,0,-0.0090360641479492,-0.070940017700195,0.0,-0.07,-0.0090360641479492,-0.00094001770019531,0.0,0.0,0.0020291517169319,0.00036183314520847,-0.0090360641479492,-0.00094001770019531,161.73123168945,120.22956085205,9.0862274169922,0.077286921441555,false,false,true,true,1,0,0
29812,SAMPLE,STABLE,true,3,5,0,0,0,-0.0090360641479492,-0.070940017700195,0.0,-0.07,-0.0090360641479492,-0.00094001770019531,0.0,0.0,0.0013189486160058,0.0002351915443855,-0.0090360641479492,-0.00094001770019531,161.73123168945,120.22956085205,9.0862274169922,0.077286921441555,false,false,true,true,1,0,0
29813,SAMPLE,STABLE,true,3,5,0,0,0,-0.0090360641479492,-0.070940017700195,0.0,-0.07,-0.0090360641479492,-0.00094001770019531,0.0,0.0,0.00085731660040374,0.00015287450385058,-0.0090360641479492,-0.00094001770019531,161.1011505127,120.14601135254,5.7794427871704,0.049158811569214,false,false,true,true,1,0,0
29814,SAMPLE,STABLE,true,3,5,1,0,0,-0.0057287216186523,-0.070508480072021,0.0,-0.07,-0.0057287216186523,-0.00050848007202148,0.0033073425292969,0.00043153762817383,0.0017148256755163,0.00025040659736372,-0.0090360641479492,-0.00094001770019531,161.1011505127,120.14601135254,5.7794427871704,0.049158811569214,false,true,true,true,1,0,0
29815,SAMPLE,STABLE,true,3,5,2,0,0,-0.0057287216186523,-0.070508480072021,0.0,-0.07,-0.0057287216186523,-0.00050848007202148,0.0,0.0,0.0011146366890856,0.00016276428828641,-0.0090360641479492,-0.00094001770019531,161.1011505127,120.14601135254,5.7794427871704,0.049158811569214,false,true,true,true,1,0,0
29816,TARGET_TEMPORARILY_LOST,TARGET_TEMPORARILY_LOST,true,3,5,3,0,0,-0.0057287216186523,-0.070508480072021,0.0,-0.07,-0.0057287216186523,-0.00050848007202148,0.0,0.0,0.00072451384790565,0.00010579678738617,-0.0090360641479492,-0.00094001770019531,161.1011505127,120.14601135254,5.7794427871704,0.049158811569214,false,true,true,true,3,0,1.0
29817,SEARCHING_LAST_DIRECTION,SEARCHING_LAST_DIRECTION,true,3,5,3,0,0,-0.0036191940307617,-0.070220947265625,0.0,-0.07,-0.0036191940307617,-0.00022094726562499,0.0021095275878906,0.00028753280639648,0.0012092686569004,0.00016940439403978,-0.0090360641479492,-0.00094001770019531,160.70039367676,120.09287261963,3.6760883331299,0.031267762184143,false,true,true,true,3,0,1.0
29818,SAMPLE,SEARCHING_LAST_DIRECTION,true,3,5,3,0,1,-0.0036191940307617,-0.070220947265625,0.0,-0.07,-0.0036191940307617,-0.00022094726562499,0.0,0.0,0.00078602462698526,0.00011011285612586,-0.0090360641479492,-0.00094001770019531,160.70039367676,120.09287261963,3.6760883331299,0.031267762184143,false,true,true,true,2,0,0.96666666666667
29819,SAMPLE,SEARCHING_LAST_DIRECTION,true,3,5,3,0,2,-0.0036191940307617,-0.070220947265625,0.0,-0.07,-0.0036191940307617,-0.00022094726562499,0.0,0.0,0.00051091600754042,7.1573356481807e-05,-0.0090360641479492,-0.00094001770019531,160.44549560547,120.05907440186,2.3382389545441,0.019888048991561,false,true,true,true,2,0,0.93333333333333
29820,SAMPLE,SEARCHING_LAST_DIRECTION,true,3,5,3,0,3,-0.0022768974304199,-0.070076942443848,0.0,-0.07,-0.0022768974304199,-7.694244384765e-05,0.0013422966003418,0.00014400482177734,0.0008018992150209,9.6924369335245e-05,-0.0090360641479492,-0.00094001770019531,160.44549560547,120.05907440186,2.3382389545441,0.019888048991561,false,true,true,true,2,0,0.9
29821,SAMPLE,SEARCHING_LAST_DIRECTION,true,3,5,3,0,4,-0.0022768974304199,-0.070076942443848,0.0,-0.07,-0.0022768974304199,-7.694244384765e-05,0.0,0.0,0.00052123448976358,6.3000840067909e-05,-0.0090360641479492,-0.00094001770019531,160.44549560547,120.05907440186,2.3382389545441,0.019888048991561,false,true,true,true,2,0,0.86666666666667
29822,SAMPLE,SEARCHING_LAST_DIRECTION,true,3,5,3,0,5,-0.0022768974304199,-0.070076942443848,0.0,-0.07,-0.0022768974304199,-7.694244384765e-05,0.0,0.0,0.00033880241834633,4.0950546044141e-05,-0.0090360641479492,-0.00094001770019531,160.44549560547,120.05907440186,2.3382389545441,0.019888048991561,false,true,true,true,2,0,0.83333333333333
29823,SAMPLE,SEARCHING_LAST_DIRECTION,true,3,5,3,0,6,-0.0012221336364746,-0.06993293762207,0.0,-0.07,-0.0012221336364746,6.7062377929694e-05,0.0010547637939453,0.00014400482177734,0.00058938889980597,7.7019542550762e-05,-0.0090360641479492,-0.00094001770019531,160.24368286133,120.03231048584,1.2790020704269,0.010878925211728,false,true,true,true,2,0,0.8
29824,SAMPLE,SEARCHING_LAST_DIRECTION,true,3,5,3,0,7,-0.0012221336364746,-0.06993293762207,0.0,-0.07,-0.0012221336364746,6.7062377929694e-05,0.0,0.0,0.00038310278487388,5.0062702657995e-05,-0.0090360641479492,-0.00094001770019531,160.24368286133,120.03231048584,1.2790020704269,0.010878925211728,false,true,true,true,2,0,0.76666666666667
29825,SAMPLE,SEARCHING_LAST_DIRECTION,true,3,5,3,0,8,-0.0012221336364746,-0.06993293762207,0.0,-0.07,-0.0012221336364746,6.7062377929694e-05,0.0,0.0,0.00024901681016802,3.2540756727697e-05,-0.0090360641479492,-0.00094001770019531,160.24368286133,120.03231048584,1.2790020704269,0.010878925211728,false,true,true,true,2,0,0.73333333333333
29826,SAMPLE,SEARCHING_LAST_DIRECTION,true,3,5,3,0,9,-0.00074291229248047,-0.069837093353271,0.0,-0.07,-0.00074291229248047,0.00016290664672852,0.00047922134399414,9.5844268798828e-05,0.00032958839700716,5.4696985952593e-05,-0.0090360641479492,-0.00094001770019531,160.1549987793,120.02055358887,0.81353229284286,0.0069196061231196,false,true,true,true,2,0,0.7
29827,SAMPLE,SEARCHING_LAST_DIRECTION,true,3,5,3,0,10,-0.00074291229248047,-0.069837093353271,0.0,-0.07,-0.00074291229248047,0.00016290664672852,0.0,0.0,0.00021423245805466,3.5553040869185e-05,-0.0090360641479492,-0.00094001770019531,160.1549987793,120.02055358887,0.81353229284286,0.0069196061231196,false,true,true,true,2,0,0.66666666666667
29828,SAMPLE,SEARCHING_LAST_DIRECTION,true,3,5,3,0,11,-0.00074291229248047,-0.069837093353271,0.0,-0.07,-0.00074291229248047,0.00016290664672852,0.0,0.0,0.00013925109773553,2.310947656497e-05,-0.0090360641479492,-0.00094001770019531,160.1549987793,120.02055358887,0.81353229284286,0.0069196061231196,false,true,true,true,2,0,0.63333333333333
29829,SAMPLE,SEARCHING_LAST_DIRECTION,true,3,5,3,0,12,-0.00045537948608398,-0.069837093353271,0.0,-0.07,-0.00045537948608398,0.00016290664672852,0.00028753280639648,0.0,0.00019114969576686,1.5021159767231e-05,-0.0090360641479492,-0.00094001770019531,160.09858703613,120.01306915283,0.51744765043259,0.0044012567959726,false,true,true,true,2,0,0.6
29830,SAMPLE,SEARCHING_LAST_DIRECTION,true,3,5,3,0,13,-0.00045537948608398,-0.069837093353271,0.0,-0.07,-0.00045537948608398,0.00016290664672852,0.0,0.0,0.00012424730224846,9.7637538487e-06,-0.0090360641479492,-0.00094001770019531,160.09858703613,120.01306915283,0.51744765043259,0.0044012567959726,false,true,true,true,1,0,0.56666666666667
29831,SAMPLE,SEARCHING_LAST_DIRECTION,true,3,5,3,0,14,-0.00045537948608398,-0.069837093353271,0.0,-0.07,-0.00045537948608398,0.00016290664672852,0.0,0.0,8.0760746461499e-05,6.346440001655e-06,-0.0090360641479492,-0.00094001770019531,160.09858703613,120.01306915283,0.51744765043259,0.0044012567959726,false,true,true,true,1,0,0.53333333333333
29832,SAMPLE,SEARCHING_LAST_DIRECTION,true,3,5,3,0,15,-0.00045537948608398,-0.069837093353271,0.0,-0.07,-0.00045537948608398,0.00016290664672852,0.0,0.0,5.2494485199975e-05,4.1251860010758e-06,-0.0090360641479492,-0.00094001770019531,160.09858703613,120.01306915283,0.51744765043259,0.0044012567959726,false,true,true,true,1,0,0.5
29833,SAMPLE,SEARCHING_LAST_DIRECTION,true,3,5,3,0,16,-0.00021553039550781,-0.069789208471775,0.0,-0.07,-0.00021553039550781,0.00021079152822495,0.00023984909057617,4.7884881496429e-05,0.00011806859708164,1.944107942445e-05,-0.0090360641479492,-0.00094001770019531,160.05392456055,120.00714874268,0.28303050994873,0.0024075235705823,false,true,true,true,1,0,0.46666666666667
29834,SAMPLE,SEARCHING_LAST_DIRECTION,true,3,5,3,0,17,-0.00021553039550781,-0.069789208471775,0.0,-0.07,-0.00021553039550781,0.00021079152822495,0.0,0.0,7.6744588103068e-05,1.2636701625892e-05,-0.0090360641479492,-0.00094001770019531,160.05392456055,120.00714874268,0.28303050994873,0.0024075235705823,false,true,true,true,1,0,0.43333333333333
29835,SAMPLE,SEARCHING_LAST_DIRECTION,true,3,5,3,0,18,-0.00021553039550781,-0.069789208471775,0.0,-0.07,-0.00021553039550781,0.00021079152822495,0.0,0.0,4.9883982266994e-05,8.2138560568299e-06,-0.0090360641479492,-0.00094001770019531,160.05392456055,120.00714874268,0.28303050994873,0.0024075235705823,false,true,true,true,1,0,0.4
29836,SAMPLE,SEARCHING_LAST_DIRECTION,true,3,5,3,0,19,-0.00011968612670898,-0.069837093353271,0.0,-0.07,-0.00011968612670898,0.00016290664672852,9.5844268798828e-05,-4.7884881496429e-05,6.5970082553136e-05,-1.1420702086811e-05,-0.0090360641479492,-0.00094001770019531,160.03430175781,120.00454711914,0.18003751337528,0.0015313199255615,false,true,true,true,1,0,0.36666666666667
29837,SAMPLE,SEARCHING_LAST_DIRECTION,true,3,5,3,0,20,-0.00011968612670898,-0.069837093353271,0.0,-0.07,-0.00011968612670898,0.00016290664672852,0.0,0.0,4.2880553659539e-05,-7.4234563564271e-06,-0.0090360641479492,-0.00094001770019531,160.03430175781,120.00454711914,0.18003751337528,0.0015313199255615,false,true,true,true,1,0,0.33333333333333
29838,SAMPLE,SEARCHING_LAST_DIRECTION,true,3,5,3,0,21,-0.00011968612670898,-0.069837093353271,0.0,-0.07,-0.00011968612670898,0.00016290664672852,0.0,0.0,2.78723598787e-05,-4.8252466316776e-06,-0.0090360641479492,-0.00094001770019531,160.03430175781,120.00454711914,0.18003751337528,0.0015313199255615,false,true,true,true,1,0,0.3
29839,SAMPLE,SEARCHING_LAST_DIRECTION,true,3,5,3,0,22,-2.3841857910156e-05,-0.069837093353271,0.0,-0.07,-2.3841857910156e-05,0.00016290664672852,9.5844268798828e-05,0.0,5.1662528000745e-05,-3.1364103105904e-06,-0.0090360641479492,-0.00094001770019531,160.02182006836,120.00289154053,0.1145256459713,0.00097400526283309,false,true,true,true,1,0,0.26666666666667
29840,SAMPLE,SEARCHING_LAST_DIRECTION,true,3,5,3,0,23,-2.3841857910156e-05,-0.069837093353271,0.0,-0.07,-2.3841857910156e-05,0.00016290664672852,0.0,0.0,3.3580643200484e-05,-2.0386667018838e-06,-0.0090360641479492,-0.00094001770019531,160.02182006836,120.00289154053,0.1145256459713,0.00097400526283309,false,true,true,true,1,0,0.23333333333333
29841,SAMPLE,SEARCHING_LAST_DIRECTION,true,3,5,3,0,24,-2.3841857910156e-05,-0.069837093353271,0.0,-0.07,-2.3841857910156e-05,0.00016290664672852,0.0,0.0,2.1827418080315e-05,-1.3251333562245e-06,-0.0090360641479492,-0.00094001770019531,160.02182006836,120.00289154053,0.1145256459713,0.00097400526283309,false,true,true,true,1,0,0.2
29842,SAMPLE,SEARCHING_LAST_DIRECTION,true,3,5,3,0,25,-2.3841857910156e-05,-0.069837093353271,0.0,-0.07,-2.3841857910156e-05,0.00016290664672852,0.0,0.0,1.4187821752205e-05,-8.613366815459e-07,-0.0090360641479492,-0.00094001770019531,160.01387023926,120.00183868408,0.072799868881702,0.00061952194664627,false,true,true,true,0,0,0.16666666666667
29843,SAMPLE,SEARCHING_LAST_DIRECTION,true,3,5,3,0,26,-2.3841857910156e-05,-0.069837093353271,0.0,-0.07,-2.3841857910156e-05,0.00016290664672852,0.0,0.0,9.222084138933e-06,-5.5986884300483e-07,-0.0090360641479492,-0.00094001770019531,160.01387023926,120.00183868408,0.072799868881702,0.00061952194664627,false,true,true,true,0,0,0.13333333333333
29844,SAMPLE,SEARCHING_LAST_DIRECTION,true,3,5,3,0,27,-2.3841857910156e-05,-0.069837093353271,0.0,-0.07,-2.3841857910156e-05,0.00016290664672852,0.0,0.0,5.9943546903064e-06,-3.6391474795314e-07,-0.0090360641479492,-0.00094001770019531,160.01387023926,120.00183868408,0.072799868881702,0.00061952194664627,false,true,true,true,0,0,0.1
29845,SAMPLE,SEARCHING_LAST_DIRECTION,true,3,5,3,0,28,2.3961067199707e-05,-0.069837093353271,0.0,-0.07,2.3961067199707e-05,0.00016290664672852,4.7802925109863e-05,0.0,2.0627354337151e-05,-2.3654458616954e-07,-0.0090360641479492,-0.00094001770019531,160.00881958008,120.00116729736,0.046290785074234,0.00039405064308085,false,true,true,true,0,0,0.1
29846,SAMPLE,SEARCHING_LAST_DIRECTION,true,3,5,3,0,29,2.3961067199707e-05,-0.069837093353271,0.0,-0.07,2.3961067199707e-05,0.00016290664672852,0.0,0.0,1.3407780319148e-05,-1.537539810102e-07,-0.0090360641479492,-0.00094001770019531,160.00881958008,120.00116729736,0.046290785074234,0.00039405064308085,false,true,true,true,0,0,0.1
29847,LOST,LOST,true,3,5,3,0,30,2.3961067199707e-05,-0.069837093353271,0.0,-0.07,2.3961067199707e-05,0.00016290664672852,0.0,0.0,8.7150572074464e-06,-9.9940087656631e-08,-0.0090360641479492,-0.00094001770019531,160.00881958008,120.00116729736,0.046290785074234,0.00039405064308085,false,true,true,true,0,0,0.1
29848,SAMPLE,IDLE,true,3,0,0,0,0,-2.3841857910156e-05,-0.069837093353271,0.0,-0.07,-2.3841857910156e-05,0.00016290664672852,-4.7802925109863e-05,0.0,-1.1066236603612e-05,-6.496105697681e-08,0,0,160.00561523438,120.00074768066,0.029472334310412,0.00025063828798011,false,true,true,true,0,0,0
29849,SAMPLE,IDLE,true,3,0,0,0,0,-2.3841857910156e-05,-0.069837093353271,0.0,-0.07,-2.3841857910156e-05,0.00016290664672852,0.0,0.0,-7.1930537923478e-06,-4.2224687034927e-08,0,0,160.00561523438,120.00074768066,0.029472334310412,0.00025063828798011,false,true,true,true,0,0,0
29850,SAMPLE,IDLE,true,3,0,0,0,0,-2.3841857910156e-05,-0.069837093353271,0.0,-0.07,-2.3841857910156e-05,0.00016290664672852,0.0,0.0,-4.6754849650261e-06,-2.7446046572702e-08,0,0,160.00561523438,120.00074768066,0.029472334310412,0.00025063828798011,false,true,true,true,0,0,0
29851,SAMPLE,IDLE,true,3,0,0,0,0,-2.3841857910156e-05,-0.069837093353271,0.0,-0.07,-2.3841857910156e-05,0.00016290664672852,0.0,0.0,-3.0390652272669e-06,-1.7839930272257e-08,0,0,160.00357055664,120.00047302246,0.018740560859442,0.0001594200002728,false,true,true,true,0,0,0
29852,SAMPLE,IDLE,true,3,0,0,0,0,-2.3841857910156e-05,-0.069837093353271,0.0,-0.07,-2.3841857910156e-05,0.00016290664672852,0.0,0.0,-1.9753923977235e-06,-1.1595954676967e-08,0,0,160.00357055664,120.00047302246,0.018740560859442,0.0001594200002728,false,true,true,true,0,0,0
29853,SAMPLE,IDLE,true,3,0,0,0,0,-2.3841857910156e-05,-0.069837093353271,0.0,-0.07,-2.3841857910156e-05,0.00016290664672852,0.0,0.0,-1.2840050585203e-06,-7.5373705400284e-09,0,0,160.00357055664,120.00047302246,0.018740560859442,0.0001594200002728,false,true,true,true,0,0,0
29854,SAMPLE,IDLE,true,3,0,0,0,0,-2.3841857910156e-05,-0.069837093353271,0.0,-0.07,-2.3841857910156e-05,0.00016290664672852,0.0,0.0,-8.3460328803818e-07,-4.8992908510185e-09,0,0,160.00227355957,120.00029754639,0.011933092027903,0.00010140005178982,false,true,true,true,0,0,0
29855,SAMPLE,IDLE,true,3,0,0,0,0,-2.3841857910156e-05,-0.069837093353271,0.0,-0.07,-2.3841857910156e-05,0.00016290664672852,0.0,0.0,-5.4249213722482e-07,-3.184539053162e-09,0,0,160.00227355957,120.00029754639,0.011933092027903,0.00010140005178982,false,true,true,true,0,0,0
29856,SAMPLE,IDLE,true,3,0,0,0,0,-2.3841857910156e-05,-0.069837093353271,0.0,-0.07,-2.3841857910156e-05,0.00016290664672852,0.0,0.0,-3.5261988919613e-07,-2.0699503845553e-09,0,0,160.00227355957,120.00029754639,0.011933092027903,0.00010140005178982,false,true,true,true,0,0,0
29857,SAMPLE,IDLE,true,3,0,0,0,0,-2.3841857910156e-05,-0.069837093353271,0.0,-0.07,-2.3841857910156e-05,0.00016290664672852,0.0,0.0,-2.2920292797749e-07,-1.3454677499609e-09,0,0,160.00144958496,120.00019073486,0.007608347106725,6.4496118284296e-05,false,true,true,true,0,0,0
29858,SAMPLE,IDLE,true,3,0,0,0,0,-2.3841857910156e-05,-0.069837093353271,0.0,-0.07,-2.3841857910156e-05,0.00016290664672852,0.0,0.0,-1.4898190318537e-07,-8.7455403747461e-10,0,0,160.00144958496,120.00019073486,0.007608347106725,6.4496118284296e-05,false,true,true,true,0,0,0
29859,SAMPLE,IDLE,true,3,0,0,0,0,-2.3841857910156e-05,-0.069837093353271,0.0,-0.07,-2.3841857910156e-05,0.00016290664672852,0.0,0.0,-9.6838237070488e-08,-5.684601243585e-10,0,0,160.00144958496,120.00019073486,0.007608347106725,6.4496118284296e-05,false,true,true,true,0,0,0
29860,SAMPLE,IDLE,true,3,0,0,0,0,-2.3841857910156e-05,-0.069837093353271,0.0,-0.07,-2.3841857910156e-05,0.00016290664672852,0.0,0.0,-6.2944854095817e-08,-3.6949908083302e-10,0,0,160.00091552734,120.00012207031,0.0048052719794214,4.1023144149221e-05,false,true,true,true,0,0,0
29861,SAMPLE,IDLE,true,3,0,0,0,0,-2.3841857910156e-05,-0.069837093353271,0.0,-0.07,-2.3841857910156e-05,0.00016290664672852,0.0,0.0,-4.0914155162281e-08,-2.4017440254147e-10,0,0,160.00091552734,120.00012207031,0.0048052719794214,4.1023144149221e-05,false,true,true,true,0,0,0
29862,SAMPLE,IDLE,true,3,0,0,0,0,-2.3841857910156e-05,-0.069837093353271,0.0,-0.07,-2.3841857910156e-05,0.00016290664672852,0.0,0.0,-2.6594200855483e-08,-1.5611336165195e-10,0,0,160.00091552734,120.00012207031,0.0048052719794214,4.1023144149221e-05,false,true,true,true,0,0,0
29863,SAMPLE,IDLE,true,3,0,0,0,0,-2.3841857910156e-05,-0.069837093353271,0.0,-0.07,-2.3841857910156e-05,0.00016290664672852,0.0,0.0,-1.7286230556064e-08,-1.0147368507377e-10,0,0,160.00091552734,120.00012207031,0.0048052719794214,4.1023144149221e-05,false,true,true,true,0,0,0
29864,SAMPLE,IDLE,true,3,0,0,0,0,-2.3841857910156e-05,-0.069837093353271,0.0,-0.07,-2.3841857910156e-05,0.00016290664672852,0.0,0.0,-1.1236049861441e-08,-6.595789529795e-11,0,0,160.00057983398,120.00007629395,0.0030433388892561,2.6093017368112e-05,false,true,true,true,0,0,0
29865,SAMPLE,IDLE,true,3,0,0,0,0,-2.3841857910156e-05,-0.069837093353271,0.0,-0.07,-2.3841857910156e-05,0.00016290664672852,0.0,0.0,-7.3034324099369e-09,-4.2872631943668e-11,0,0,160.00057983398,120.00007629395,0.0030433388892561,2.6093017368112e-05,false,true,true,true,0,0,0
29866,SAMPLE,IDLE,true,3,0,0,0,0,-2.3841857910156e-05,-0.069837093353271,0.0,-0.07,-2.3841857910156e-05,0.00016290664672852,0.0,0.0,-4.747231066459e-09,-2.7867210763384e-11,0,0,160.00057983398,120.00007629395,0.0030433388892561,2.6093017368112e-05,false,true,true,true,0,0,0
29867,SAMPLE,IDLE,true,3,0,0,0,0,-2.3841857910156e-05,-0.069837093353271,0.0,-0.07,-2.3841857910156e-05,0.00016290664672852,0.0,0.0,-3.0857001931984e-09,-1.81136869962e-11,0,0,160.00032043457,120.00004577637,0.0016818451695144,1.4273094166128e-05,false,true,true,true,0,0,0
29868,SAMPLE,IDLE,true,3,0,0,0,0,-2.3841857910156e-05,-0.069837093353271,0.0,-0.07,-2.3841857910156e-05,0.00016290664672852,0.0,0.0,-2.0057051255789e-09,-1.177389654753e-11,0,0,160.00032043457,120.00004577637,0.0016818451695144,1.4273094166128e-05,false,true,true,true,0,0,0
29869,SAMPLE,IDLE,true,3,0,0,0,0,-2.3841857910156e-05,-0.069837093353271,0.0,-0.07,-2.3841857910156e-05,0.00016290664672852,0.0,0.0,-1.3037083316263e-09,-7.6530327558943e-12,0,0,160.00032043457,120.00004577637,0.0016818451695144,1.4273094166128e-05,false,true,true,true,0,0,0
29870,SAMPLE,IDLE,true,3,0,0,0,0,-2.3841857910156e-05,-0.069837093353271,0.0,-0.07,-2.3841857910156e-05,0.00016290664672852,0.0,0.0,-8.474104155571e-10,-4.9744712913313e-12,0,0,160.00032043457,120.00004577637,0.0016818451695144,1.4273094166128e-05,false,true,true,true,0,0,0
29871,SAMPLE,IDLE,true,3,0,0,0,0,-2.3841857910156e-05,-0.069837093353271,0.0,-0.07,-2.3841857910156e-05,0.00016290664672852,0.0,0.0,-5.5081677011211e-10,-3.2334063393653e-12,0,0,160.00016784668,120.00002288818,0.00088096654508263,7.8074999692035e-06,false,true,true,true,0,0,0
29872,SAMPLE,IDLE,true,3,0,0,0,0,-2.3841857910156e-05,-0.069837093353271,0.0,-0.07,-2.3841857910156e-05,0.00016290664672852,0.0,0.0,-3.5803090057287e-10,-2.1017141205875e-12,0,0,160.00016784668,120.00002288818,0.00088096654508263,7.8074999692035e-06,false,true,true,true,0,0,0
29873,SAMPLE,IDLE,true,3,0,0,0,0,-2.3841857910156e-05,-0.069837093353271,0.0,-0.07,-2.3841857910156e-05,0.00016290664672852,0.0,0.0,-2.3272008537237e-10,-1.3661141783819e-12,0,0,160.00016784668,120.00002288818,0.00088096654508263,7.8074999692035e-06,false,true,true,true,0,0,0
29874,SAMPLE,IDLE,true,3,0,0,0,0,-2.3841857910156e-05,-0.069837093353271,0.0,-0.07,-2.3841857910156e-05,0.00016290664672852,0.0,0.0,-1.5126805549204e-10,-8.8797421594821e-13,0,0,160.00010681152,120.00001525879,0.00056061503710225,4.9660075092106e-06,false,true,true,true,0,0,0
29875,SAMPLE,IDLE,true,3,0,0,0,0,-2.3841857910156e-05,-0.069837093353271,0.0,-0.07,-2.3841857910156e-05,0.00016290664672852,0.0,0.0,-9.8324236069826e-11,-5.7718324036634e-13,0,0,160.00010681152,120.00001525879,0.00056061503710225,4.9660075092106e-06,false,true,true,true,0,0,0
29876,SAMPLE,IDLE,true,3,0,0,0,0,-2.3841857910156e-05,-0.069837093353271,0.0,-0.07,-2.3841857910156e-05,0.00016290664672852,0.0,0.0,-6.3910753445387e-11,-3.7516910623812e-13,0,0,160.00010681152,120.00001525879,0.00056061503710225,4.9660075092106e-06,false,true,true,true,0,0,0
29877,SAMPLE,IDLE,true,3,0,0,0,0,-2.3841857910156e-05,-0.069837093353271,0.0,-0.07,-2.3841857910156e-05,0.00016290664672852,0.0,0.0,-4.1541989739501e-11,-2.4385991905478e-13,0,0,160.00007629395,120.00000762939,0.00040043931221589,3.1586589557264e-06,false,true,true,true,0,0,0
29878,SAMPLE,IDLE,true,3,0,0,0,0,-2.3841857910156e-05,-0.069837093353271,0.0,-0.07,-2.3841857910156e-05,0.00016290664672852,0.0,0.0,-2.7002293330676e-11,-1.585089473856e-13,0,0,160.00007629395,120.00000762939,0.00040043931221589,3.1586589557264e-06,false,true,true,true,0,0,0
29879,SAMPLE,IDLE,true,3,0,0,0,0,-2.3841857910156e-05,-0.069837093353271,0.0,-0.07,-2.3841857910156e-05,0.00016290664672852,0.0,0.0,-1.7551490664939e-11,-1.0303081580064e-13,0,0,160.00007629395,120.00000762939,0.00040043931221589,3.1586589557264e-06,false,true,true,true,0,0,0
29880,SAMPLE,IDLE,true,3,0,0,0,0,-2.3841857910156e-05,-0.069837093353271,0.0,-0.07,-2.3841857910156e-05,0.00016290664672852,0.0,0.0,-1.1408468932211e-11,-6.6970030270418e-14,0,0,160.00004577637,120.00000762939,0.00024026360188145,2.0090840280318e-06,false,true,true,true,0,0,0
29881,SAMPLE,IDLE,true,3,0,0,0,0,-2.3841857910156e-05,-0.069837093353271,0.0,-0.07,-2.3841857910156e-05,0.00016290664672852,0.0,0.0,-7.4155048059369e-12,-4.3530519675772e-14,0,0,160.00004577637,120.00000762939,0.00024026360188145,2.0090840280318e-06,false,true,true,true,0,0,0
29882,SAMPLE,IDLE,true,3,0,0,0,0,-2.3841857910156e-05,-0.069837093353271,0.0,-0.07,-2.3841857910156e-05,0.00016290664672852,0.0,0.0,-4.820078123859e-12,-2.8294837789252e-14,0,0,160.00004577637,120.00000762939,0.00024026360188145,2.0090840280318e-06,false,true,true,true,0,0,0
29883,SAMPLE,IDLE,true,3,0,0,0,0,-2.3841857910156e-05,-0.069837093353271,0.0,-0.07,-2.3841857910156e-05,0.00016290664672852,0.0,0.0,-3.1330507805083e-12,-1.8391644563014e-14,0,0,160.00003051758,120.0,0.00016017572488636,1.0989854217769e-06,false,true,true,true,0,0,0
29884,SAMPLE,IDLE,true,3,0,0,0,0,-2.3841857910156e-05,-0.069813169538975,0.0,-0.07,-2.3841857910156e-05,0.00018683046102524,0.0,2.3923814296722e-05,-2.0364830073304e-12,8.3733349918983e-06,0,0,160.00003051758,120.0,0.00016017572488636,1.0989854217769e-06,false,true,true,true,0,0,0
29885,SAMPLE,IDLE,true,3,0,0,0,0,-2.3841857910156e-05,-0.069813169538975,0.0,-0.07,-2.3841857910156e-05,0.00018683046102524,0.0,0.0,-1.3237139547648e-12,5.4426677447339e-06,0,0,160.00003051758,120.0,0.00016017572488636,1.0989854217769e-06,false,true,true,true,0,0,0
29886,SAMPLE,IDLE,true,3,0,0,0,0,-2.3841857910156e-05,-0.069813169538975,0.0,-0.07,-2.3841857910156e-05,0.00018683046102524,0.0,0.0,-8.604140705971e-13,3.537734034077e-06,0,0,142.53070068359,120.0,-91.307029724121,-0.77987933158875,false,true,true,true,0,0,0
29887,SAMPLE,IDLE,true,3,0,0,0,0,0.091393113136292,-0.069813169538975,0.0,-0.07,0.091393113136292,0.00018683046102524,0.091416954994202,0.0,0.031995934247411,2.2995271221501e-06,0,0,142.53070068359,120.0,-91.307029724121,-0.77987933158875,true,false,false,false,0,0,0
29888,ACQUIRED,ACQUIRED,true,4,0,0,0,0,0.091393113136292,-0.069813169538975,0.0,-0.07,0.091393113136292,0.00018683046102524,0.0,0.0,0.020797357260817,1.4946926293975e-06,0.091393113136292,0.00018683046102524,142.53070068359,120.0,-91.307029724121,-0.77987933158875,true,false,false,false,-27,0,0
29889,ALIGNING,ALIGNING,true,4,0,0,0,0,0.091393113136292,-0.069813169538975,0.0,-0.07,0.091393113136292,0.00018683046102524,0.0,0.0,0.013518282219531,9.715502091084e-07,0.091393113136292,0.00018683046102524,131.41923522949,120.0,-148.35021972656,-1.2759269475937,true,false,false,false,-27,0,0
29890,SAMPLE,ALIGNING,true,4,0,0,0,0,0.14882242679596,-0.069813169538975,0.0,-0.07,0.14882242679596,0.00018683046102524,0.057429313659668,0.0,0.028887143223579,6.3150763592046e-07,0.14882242679596,0.00018683046102524,131.41923522949,120.0,-148.35021972656,-1.2759269475937,true,false,false,false,-44,0,0
29891,SAMPLE,ALIGNING,true,4,0,0,0,0,0.14882242679596,-0.069813169538975,0.0,-0.07,0.14882242679596,0.00018683046102524,0.0,0.0,0.018776643095326,4.104799633483e-07,0.14882242679596,0.00018683046102524,131.41923522949,120.0,-148.35021972656,-1.2759269475937,true,false,false,false,-43,0,0
29892,SAMPLE,ALIGNING,true,4,0,0,0,0,0.14882242679596,-0.069813169538975,0.0,-0.07,0.14882242679596,0.00018683046102524,0.0,0.0,0.012204818011962,2.6681197617639e-07,0.14882242679596,0.00018683046102524,131.41923522949,120.0,-148.35021972656,-1.2759269475937,true,false,false,false,-43,0,0
29893,SAMPLE,ALIGNING,true,4,0,0,0,0,0.22039330005646,-0.08771800994873,0.0,-0.07,0.22039330005646,-0.01771800994873,0.071570873260498,-0.017904840409756,0.03298293734895,-0.00626652071563,0.22039330005646,-0.01771800994873,117.3060760498,123.50724029541,-218.62699890137,-1.905978679657,true,false,false,false,-45,-4,0
29894,SAMPLE,ALIGNING,true,4,0,0,0,0,0.22039330005646,-0.08771800994873,0.0,-0.07,0.22039330005646,-0.01771800994873,0.0,0.0,0.021438909276817,-0.0040732384651595,0.22039330005646,-0.01771800994873,117.3060760498,123.50724029541,-218.62699890137,-1.905978679657,true,false,false,false,-45,-4,0
29895,SAMPLE,ALIGNING,true,4,0,0,0,0,0.22039330005646,-0.08771800994873,0.0,-0.07,0.22039330005646,-0.01771800994873,0.0,0.0,0.013935291029931,-0.0026476050023537,0.22039330005646,-0.01771800994873,117.3060760498,123.50724029541,-218.62699890137,-1.905978679657,true,false,false,false,-45,-4,0
29896,SAMPLE,ALIGNING,true,4,0,0,0,0,0.25222384929657,-0.10521507263184,0.0,-0.07,0.25222384929657,-0.035215072631836,0.031830549240112,-0.017497062683105,0.020198631403495,-0.0078449151906168,0.25222384929657,-0.035215072631836,110.89361572266,126.97796630859,-249.42807006836,-2.1922497749329,true,false,false,false,-45,-8,0
29897,SAMPLE,ALIGNING,true,4,0,0,0,0,0.25222384929657,-0.10521507263184,0.0,-0.07,0.25222384929657,-0.035215072631836,0.0,0.0,0.013129110412272,-0.0050991948739009,0.25222384929657,-0.035215072631836,110.89361572266,126.97796630859,-249.42807006836,-2.1922497749329,true,false,false,false,-45,-8,0
29898,SAMPLE,ALIGNING,true,4,0,0,0,0,0.25222384929657,-0.10521507263184,0.0,-0.07,0.25222384929657,-0.035215072631836,0.0,0.0,0.0085339217679765,-0.0033144766680356,0.25222384929657,-0.035215072631836,110.89361572266,126.97796630859,-249.42807006836,-2.1922497749329,true,false,false,false,-45,-8,0
29899,SAMPLE,ALIGNING,true,4,0,0,0,0,0.2589350938797,-0.11652851104736,0.0,-0.07,0.2589350938797,-0.046528511047363,0.0067112445831299,-0.011313438415527,0.0078959847532802,-0.0061141132796577,0.2589350938797,-0.046528511047363,109.52642059326,129.22494506836,-255.80375671387,-2.2532851696014,true,false,false,false,-45,-11,0
29900,SAMPLE,ALIGNING,true,4,0,0,0,0,0.2589350938797,-0.11652851104736,0.0,-0.07,0.2589350938797,-0.046528511047363,0.0,0.0,0.0051323900896321,-0.0039741736317775,0.2589350938797,-0.046528511047363,109.52642059326,129.22494506836,-255.80375671387,-2.2532851696014,true,false,false,false,-45,-11,0
29901,SAMPLE,ALIGNING,true,4,0,0,0,0,0.2589350938797,-0.11652851104736,0.0,-0.07,0.2589350938797,-0.046528511047363,0.0,0.0,0.0033360535582609,-0.0025832128606554,0.2589350938797,-0.046528511047363,109.52642059326,129.22494506836,-255.80375671387,-2.2532851696014,true,false,false,false,-45,-10,0
29902,SAMPLE,ALIGNING,true,4,0,0,0,0,0.24858057498932,-0.12065124511719,0.0,-0.07,0.24858057498932,-0.050651245117187,-0.010354518890381,-0.0041227340698242,-0.0014556467987637,-0.0031220452838645,0.24858057498932,-0.050651245117187,111.63121795654,130.0122833252,-245.74604797363,-2.1593208312988,true,false,false,false,-45,-11,0
29903,SAMPLE,ALIGNING,true,4,0,0,0,0,0.24858057498932,-0.12065124511719,0.0,-0.07,0.24858057498932,-0.050651245117187,0.0,0.0,-0.00094617041919643,-0.0020293294345119,0.24858057498932,-0.050651245117187,111.63121795654,130.0122833252,-245.74604797363,-2.1593208312988,true,false,false,false,-45,-11,0
29904,SAMPLE,ALIGNING,true,4,0,0,0,0,0.2267210483551,-0.11911678314209,0.0,-0.07,0.2267210483551,-0.04911678314209,-0.021859526634216,0.0015344619750977,-0.0082658450944534,-0.00078200244114856,0.2267210483551,-0.04911678314209,116.04149627686,129.65980529785,-224.54223632813,-1.962433218956,true,false,false,false,-45,-11,0
29905,SAMPLE,ALIGNING,true,4,0,0,0,0,0.2267210483551,-0.11911678314209,0.0,-0.07,0.2267210483551,-0.04911678314209,0.0,0.0,-0.0053727993113947,-0.00050830158674656,0.2267210483551,-0.04911678314209,116.04149627686,129.65980529785,-224.54223632813,-1.962433218956,true,false,false,false,-45,-11,0
29906,SAMPLE,ALIGNING,true,4,0,0,0,0,0.2267210483551,-0.11911678314209,0.0,-0.07,0.2267210483551,-0.04911678314209,0.0,0.0,-0.0034923195524066,-0.00033039603138527,0.2267210483551,-0.04911678314209,116.04149627686,129.65980529785,-224.54223632813,-1.962433218956,true,false,false,false,-45,-11,0
29907,SAMPLE,ALIGNING,true,4,0,0,0,0,0.1973352432251,-0.11571359634399,0.0,-0.07,0.1973352432251,-0.045713596343994,-0.029385805130005,0.0034031867980957,-0.012555039504566,0.00097635795893307,0.1973352432251,-0.045713596343994,121.8939666748,128.92984008789,-195.91384887695,-1.7011625766754,true,false,false,false,-45,-10,0
29908,SAMPLE,ALIGNING,true,4,0,0,0,0,0.1973352432251,-0.11571359634399,0.0,-0.07,0.1973352432251,-0.045713596343994,0.0,0.0,-0.0081607756779679,0.0006346326733065,0.1973352432251,-0.045713596343994,121.8939666748,128.92984008789,-195.91384887695,-1.7011625766754,true,false,false,false,-45,-10,0
29909,SAMPLE,ALIGNING,true,4,0,0,0,0,0.1973352432251,-0.11571359634399,0.0,-0.07,0.1973352432251,-0.045713596343994,0.0,0.0,-0.0053045041906791,0.00041251123764922,0.1973352432251,-0.045713596343994,126.62962341309,128.6237487793,-172.35157775879,-1.4897489547729,true,false,false,false,-45,-10,0
29910,SAMPLE,ALIGNING,true,4,0,0,0,0,0.17336642742157,-0.11432361602783,0.0,-0.07,0.17336642742157,-0.044323616027832,-0.023968815803528,0.0013899803161621,-0.011837013255176,0.00075462541512873,0.17336642742157,-0.044323616027832,126.62962341309,128.6237487793,-172.35157775879,-1.4897489547729,true,false,false,false,-45,-10,0
29911,SAMPLE,ALIGNING,true,4,0,0,0,0,0.17336642742157,-0.11432361602783,0.0,-0.07,0.17336642742157,-0.044323616027832,0.0,0.0,-0.0076940586158645,0.00049050651983368,0.17336642742157,-0.044323616027832,126.62962341309,128.6237487793,-172.35157775879,-1.4897489547729,true,false,false,false,-45,-10,0
29912,SAMPLE,ALIGNING,true,4,0,0,0,0,0.13909101486206,-0.11307716369629,0.0,-0.07,0.13909101486206,-0.043077163696289,-0.034275412559509,0.001246452331543,-0.01699753249614,0.00075508755393193,0.13909101486206,-0.043077163696289,133.32232666016,128.33422851563,-138.53874206543,-1.1909679174423,true,false,false,false,-37,-9,0
29913,SAMPLE,ALIGNING,true,4,0,0,0,0,0.13909101486206,-0.11307716369629,0.0,-0.07,0.13909101486206,-0.043077163696289,0.0,0.0,-0.011048396122491,0.00049080691005575,0.13909101486206,-0.043077163696289,133.32232666016,128.33422851563,-138.53874206543,-1.1909679174423,true,false,false,false,-38,-9,0
29914,SAMPLE,ALIGNING,true,4,0,0,0,0,0.13909101486206,-0.11307716369629,0.0,-0.07,0.13909101486206,-0.043077163696289,0.0,0.0,-0.0071814574796192,0.00031902449153624,0.13909101486206,-0.043077163696289,140.14495849609,128.56582641602,-103.5471496582,-0.88638561964035,true,false,false,false,-38,-9,0
29915,SAMPLE,ALIGNING,true,4,0,0,0,0,0.10380887985229,-0.11446714401245,0.0,-0.07,0.10380887985229,-0.044467144012451,-0.035282135009766,-0.0013899803161621,-0.01701669461517,-0.00027912719115818,0.10380887985229,-0.044467144012451,140.14495849609,128.56582641602,-103.5471496582,-0.88638561964035,true,false,false,false,-28,-10,0
29916,SAMPLE,ALIGNING,true,4,0,0,0,0,0.10380887985229,-0.11446714401245,0.0,-0.07,0.10380887985229,-0.044467144012451,0.0,0.0,-0.011060851499861,-0.00018143267425282,0.10380887985229,-0.044467144012451,140.14495849609,128.56582641602,-103.5471496582,-0.88638561964035,true,false,false,false,-28,-10,0
29917,SAMPLE,ALIGNING,true,4,0,0,0,0,0.068383097648621,-0.11772680282593,0.0,-0.07,0.068383097648621,-0.047726802825928,-0.035425782203674,-0.0032596588134766,-0.019588577246196,-0.0012588118229811,0.068383097648621,-0.047726802825928,146.94355773926,129.16159057617,-68.289657592773,-0.58287715911865,true,false,false,false,-17,-11,0
29918,SAMPLE,ALIGNING,true,4,0,0,0,0,0.068383097648621,-0.11772680282593,0.0,-0.07,0.068383097648621,-0.047726802825928,0.0,0.0,-0.012732575210027,-0.00081822768493773,0.068383097648621,-0.047726802825928,146.94355773926,129.16159057617,-68.289657592773,-0.58287715911865,true,false,false,false,-18,-11,0
29919,SAMPLE,ALIGNING,true,4,0,0,0,0,0.068383097648621,-0.11772680282593,0.0,-0.07,0.068383097648621,-0.047726802825928,0.0,0.0,-0.0082761738865176,-0.00053184799520953,0.068383097648621,-0.047726802825928,146.94355773926,129.16159057617,-68.289657592773,-0.58287715911865,true,false,false,false,-18,-11,0
29920,SAMPLE,ALIGNING,true,4,0,0,0,0,0.034059643745422,-0.12122631072998,0.0,-0.07,0.034059643745422,-0.05122631072998,-0.034323453903198,-0.0034995079040527,-0.017392721892356,-0.0015705289633046,0.034059643745422,-0.05122631072998,153.49758911133,129.81300354004,-34.063842773438,-0.29028594493866,true,false,false,false,-8,-11,0
29921,SAMPLE,ALIGNING,true,4,0,0,0,0,0.034059643745422,-0.12122631072998,0.0,-0.07,0.034059643745422,-0.05122631072998,0.0,0.0,-0.011305269230031,-0.001020843826148,0.034059643745422,-0.05122631072998,153.49758911133,129.81300354004,-34.063842773438,-0.29028594493866,true,false,false,false,-9,-11,0
29922,SAMPLE,ALIGNING,true,4,0,0,0,0,0.034059643745422,-0.12122631072998,0.0,-0.07,0.034059643745422,-0.05122631072998,0.0,0.0,-0.0073484249995203,-0.00066354848699621,0.034059643745422,-0.05122631072998,159.87567138672,129.52279663086,-0.65174221992493,-0.0055501908063889,true,false,false,false,-9,-11,0
29923,SAMPLE,ALIGNING,true,4,0,0,0,0,0.00059926509857178,-0.11974048614502,0.0,-0.07,0.00059926509857178,-0.04974048614502,-0.033460378646851,0.0014858245849609,-0.016487608776086,8.8732088188789e-05,0.00059926509857178,-0.04974048614502,159.87567138672,129.52279663086,-0.65174221992493,-0.0055501908063889,true,false,false,false,1,-11,0
29924,SAMPLE,ALIGNING,true,4,0,0,0,0,0.00059926509857178,-0.11974048614502,0.0,-0.07,0.00059926509857178,-0.04974048614502,0.0,0.0,-0.010716945704456,5.7675857322713e-05,0.00059926509857178,-0.04974048614502,159.87567138672,129.52279663086,-0.65174221992493,-0.0055501908063889,true,false,false,false,1,-11,0
29925,SAMPLE,ALIGNING,true,4,0,0,0,0,-0.033340454101563,-0.11590528488159,0.0,-0.07,-0.033340454101563,-0.045905284881592,-0.033939719200134,0.0038352012634277,-0.018844916427943,0.0013798097494595,-0.033340454101563,-0.045905284881592,166.36282348633,128.7989654541,33.342056274414,0.28405433893204,true,false,false,false,11,-10,0
29926,SAMPLE,ALIGNING,true,4,0,0,0,0,-0.033340454101563,-0.11590528488159,0.0,-0.07,-0.033340454101563,-0.045905284881592,0.0,0.0,-0.012249195678163,0.00089687633714866,-0.033340454101563,-0.045905284881592,166.36282348633,128.7989654541,33.342056274414,0.28405433893204,true,false,false,false,10,-10,0
29927,SAMPLE,ALIGNING,true,4,0,0,0,0,-0.033340454101563,-0.11590528488159,0.0,-0.07,-0.033340454101563,-0.045905284881592,0.0,0.0,-0.007961977190806,0.00058296961914663,-0.033340454101563,-0.045905284881592,166.36282348633,128.7989654541,33.342056274414,0.28405433893204,true,false,false,false,10,-10,0
29928,SAMPLE,ALIGNING,true,4,0,0,0,0,-0.067615985870361,-0.10890626907349,0.0,-0.07,-0.067615985870361,-0.038906269073486,-0.034275531768799,0.0069990158081055,-0.017171721293104,0.0028285857852822,-0.067615985870361,-0.038906269073486,172.90606689453,127.48279571533,67.532577514648,0.57616370916367,true,false,false,false,20,-8,0
29929,SAMPLE,ALIGNING,true,4,0,0,0,0,-0.067615985870361,-0.10890626907349,0.0,-0.07,-0.067615985870361,-0.038906269073486,0.0,0.0,-0.011161618840517,0.0018385807604334,-0.067615985870361,-0.038906269073486,172.90606689453,127.48279571533,67.532577514648,0.57616370916367,true,false,false,false,20,-8,0
29930,SAMPLE,ALIGNING,true,4,0,0,0,0,-0.067615985870361,-0.10890626907349,0.0,-0.07,-0.067615985870361,-0.038906269073486,0.0,0.0,-0.0072550522463362,0.0011950774942817,-0.067615985870361,-0.038906269073486,172.90606689453,127.48279571533,67.532577514648,0.57616370916367,true,false,false,false,20,-8,0
29931,SAMPLE,ALIGNING,true,4,0,0,0,0,-0.10098075866699,-0.10272216796875,0.0,-0.07,-0.10098075866699,-0.03272216796875,-0.033364772796631,0.0061841011047363,-0.016393454438939,0.0029412357579408,-0.10098075866699,-0.03272216796875,179.31480407715,126.31627655029,100.80464935303,0.86226803064346,true,false,false,false,30,-7,0
29932,SAMPLE,ALIGNING,true,4,0,0,0,0,-0.10098075866699,-0.10272216796875,0.0,-0.07,-0.10098075866699,-0.03272216796875,0.0,0.0,-0.010655745385311,0.0019118032426615,-0.10098075866699,-0.03272216796875,179.31480407715,126.31627655029,100.80464935303,0.86226803064346,true,false,false,false,29,-7,0
29933,SAMPLE,ALIGNING,true,4,0,0,0,0,-0.12121057510376,-0.10185956954956,0.0,-0.07,-0.12121057510376,-0.031859569549561,-0.020229816436768,0.00086259841918945,-0.014006670253321,0.0015445815544463,-0.12121057510376,-0.031859569549561,183.21313476563,126.16223907471,120.88070678711,1.0363006591797,true,false,false,false,35,-7,0
29934,SAMPLE,ALIGNING,true,4,0,0,0,0,-0.12121057510376,-0.10185956954956,0.0,-0.07,-0.12121057510376,-0.031859569549561,0.0,0.0,-0.0091043356646583,0.0010039780103901,-0.12121057510376,-0.031859569549561,183.21313476563,126.16223907471,120.88070678711,1.0363006591797,true,false,false,false,35,-7,0
29935,SAMPLE,ALIGNING,true,4,0,0,0,0,-0.12121057510376,-0.10185956954956,0.0,-0.07,-0.12121057510376,-0.031859569549561,0.0,0.0,-0.0059178181820279,0.00065258570675357,-0.12121057510376,-0.031859569549561,183.21313476563,126.16223907471,120.88070678711,1.0363006591797,true,false,false,false,34,-7,0
29936,SAMPLE,ALIGNING,true,4,0,0,0,0,-0.14004993438721,-0.10305786132813,0.0,-0.07,-0.14004993438721,-0.033057861328125,-0.018839359283447,-0.0011982917785645,-0.010440357567525,4.7785868922608e-06,-0.14004993438721,-0.033057861328125,186.86599731445,126.41399383545,139.55104064941,1.1993749141693,true,false,false,false,40,-7,0
29937,SAMPLE,ALIGNING,true,4,0,0,0,0,-0.14004993438721,-0.10305786132813,0.0,-0.07,-0.14004993438721,-0.033057861328125,0.0,0.0,-0.0067862324188911,3.1060814799695e-06,-0.14004993438721,-0.033057861328125,186.86599731445,126.41399383545,139.55104064941,1.1993749141693,true,false,false,false,40,-7,0
29938,SAMPLE,ALIGNING,true,4,0,0,0,0,-0.14004993438721,-0.10305786132813,0.0,-0.07,-0.14004993438721,-0.033057861328125,0.0,0.0,-0.0044110510722792,2.0189529619802e-06,-0.14004993438721,-0.033057861328125,186.86599731445,126.41399383545,139.55104064941,1.1993749141693,true,false,false,false,40,-7,0
29939,SAMPLE,ALIGNING,true,4,0,0,0,0,-0.16018342971802,-0.1030101776123,0.0,-0.07,-0.16018342971802,-0.033010177612305,-0.020133495330811,4.7683715820313e-05,-0.0099139065627652,1.8001619962396e-05,-0.16018342971802,-0.033010177612305,190.79000854492,126.42279052734,159.4475402832,1.3745539188385,true,false,false,false,45,-7,0
29940,SAMPLE,ALIGNING,true,4,0,0,0,0,-0.16018342971802,-0.1030101776123,0.0,-0.07,-0.16018342971802,-0.033010177612305,0.0,0.0,-0.0064440392657974,1.1701052975558e-05,-0.16018342971802,-0.033010177612305,190.79000854492,126.42279052734,159.4475402832,1.3745539188385,true,false,false,false,45,-7,0
29941,SAMPLE,ALIGNING,true,4,0,0,0,0,-0.17911911010742,-0.10056495666504,0.0,-0.07,-0.17911911010742,-0.030564956665039,-0.018935680389404,0.0024452209472656,-0.01081611365906,0.00086343301597708,-0.17911911010742,-0.030564956665039,194.5082244873,125.97065734863,178.13684082031,1.5405459403992,true,false,false,false,45,-7,0
29942,SAMPLE,ALIGNING,true,4,0,0,0,0,-0.17911911010742,-0.10056495666504,0.0,-0.07,-0.17911911010742,-0.030564956665039,0.0,0.0,-0.0070304738783889,0.0005612314603851,-0.17911911010742,-0.030564956665039,194.5082244873,125.97065734863,178.13684082031,1.5405459403992,true,false,false,false,45,-7,0
29943,SAMPLE,ALIGNING,true,4,0,0,0,0,-0.17911911010742,-0.10056495666504,0.0,-0.07,-0.17911911010742,-0.030564956665039,0.0,0.0,-0.0045698080209528,0.00036480044925032,-0.17911911010742,-0.030564956665039,194.5082244873,125.97065734863,178.13684082031,1.5405459403992,true,false,false,false,45,-7,0
29944,SAMPLE,ALIGNING,true,4,0,0,0,0,-0.19369173049927,-0.098551750183105,0.0,-0.07,-0.19369173049927,-0.028551750183105,-0.014572620391846,0.0020132064819336,-0.0080707923507653,0.00094174256068946,-0.19369173049927,-0.028551750183105,197.37968444824,125.5945892334,192.44230651855,1.6687361001968,true,false,false,false,45,-6,0
29945,SAMPLE,ALIGNING,true,4,0,0,0,0,-0.19369173049927,-0.098551750183105,0.0,-0.07,-0.19369173049927,-0.028551750183105,0.0,0.0,-0.0052460150279974,0.00061213266444815,-0.19369173049927,-0.028551750183105,197.37968444824,125.5945892334,192.44230651855,1.6687361001968,true,false,false,false,45,-6,0
29946,SAMPLE,ALIGNING,true,4,0,0,0,0,-0.19369173049927,-0.098551750183105,0.0,-0.07,-0.19369173049927,-0.028551750183105,0.0,0.0,-0.0034099097681983,0.0003978862318913,-0.19369173049927,-0.028551750183105,197.37968444824,125.5945892334,192.44230651855,1.6687361001968,true,false,false,false,45,-6,0
29947,SAMPLE,ALIGNING,true,4,0,0,0,0,-0.20371103286743,-0.097065925598145,0.0,-0.07,-0.20371103286743,-0.027065925598145,-0.010019302368164,0.0014858245849609,-0.0057231971781863,0.00077866465546567,-0.20371103286743,-0.027065925598145,199.36694335938,125.32063293457,202.27293395996,1.7574529647827,true,false,false,false,45,-6,0
29948,SAMPLE,ALIGNING,true,4,0,0,0,0,-0.20371103286743,-0.097065925598145,0.0,-0.07,-0.20371103286743,-0.027065925598145,0.0,0.0,-0.0037200781658211,0.00050613202605269,-0.20371103286743,-0.027065925598145,199.36694335938,125.32063293457,202.27293395996,1.7574529647827,true,false,false,false,45,-6,0
29949,SAMPLE,ALIGNING,true,4,0,0,0,0,-0.20371103286743,-0.097065925598145,0.0,-0.07,-0.20371103286743,-0.027065925598145,0.0,0.0,-0.0024180508077837,0.00032898581693425,-0.20371103286743,-0.027065925598145,199.36694335938,125.32063293457,202.27293395996,1.7574529647827,true,false,false,false,45,-6,0
29950,SAMPLE,ALIGNING,true,4,0,0,0,0,-0.21023035049438,-0.09605884552002,0.0,-0.07,-0.21023035049438,-0.02605884552002,-0.0065193176269531,0.001007080078125,-0.003853494194493,0.00056631880835101,-0.21023035049438,-0.02605884552002,200.66366577148,125.12622070313,208.65560913086,1.8153423070908,true,false,false,false,45,-6,0
29951,SAMPLE,ALIGNING,true,4,0,0,0,0,-0.21023035049438,-0.09605884552002,0.0,-0.07,-0.21023035049438,-0.02605884552002,0.0,0.0,-0.0025047712264205,0.00036810722542816,-0.21023035049438,-0.02605884552002,200.66366577148,125.12622070313,208.65560913086,1.8153423070908,true,false,false,false,45,-6,0
29952,SAMPLE,ALIGNING,true,4,0,0,0,0,-0.21023035049438,-0.09605884552002,0.0,-0.07,-0.21023035049438,-0.02605884552002,0.0,0.0,-0.0016281012971733,0.0002392696965283,-0.21023035049438,-0.02605884552002,200.66366577148,125.12622070313,208.65560913086,1.8153423070908,true,false,false,false,45,-6,0
29953,SAMPLE,ALIGNING,true,4,0,0,0,0,-0.13487243652344,-0.086711406707764,0.0,-0.07,-0.13487243652344,-0.016711406707764,0.075357913970947,0.0093474388122559,0.025317004046669,0.0034271288870329,-0.13487243652344,-0.016711406707764,185.86436462402,123.26056671143,134.49951171875,1.1546593904495,true,false,false,false,35,-3,0
29954,SAMPLE,ALIGNING,true,4,0,0,0,0,-0.13487243652344,-0.086711406707764,0.0,-0.07,-0.13487243652344,-0.016711406707764,0.0,0.0,0.016456052630335,0.0022276337765714,-0.13487243652344,-0.016711406707764,185.86436462402,123.26056671143,134.49951171875,1.1546593904495,true,false,false,false,36,-4,0
29955,SAMPLE,ALIGNING,true,4,0,0,0,0,-0.086071968078613,-0.080623149871826,0.0,-0.07,-0.086071968078613,-0.010623149871826,0.048800468444824,0.0060882568359375,0.027776598165406,0.0035788518473495,-0.086071968078613,-0.010623149871826,176.45118713379,122.07389831543,86.021171569824,0.73442804813385,true,false,false,false,22,-2,0
29956,SAMPLE,ALIGNING,true,4,0,0,0,0,-0.086071968078613,-0.080623149871826,0.0,-0.07,-0.086071968078613,-0.010623149871826,0.0,0.0,0.018054788807514,0.0023262537007772,-0.086071968078613,-0.010623149871826,176.45118713379,122.07389831543,86.021171569824,0.73442804813385,true,false,false,false,22,-2,0
29957,SAMPLE,ALIGNING,true,4,0,0,0,0,-0.086071968078613,-0.080623149871826,0.0,-0.07,-0.086071968078613,-0.010623149871826,0.0,0.0,0.011735612724884,0.0015120649055052,-0.086071968078613,-0.010623149871826,176.45118713379,122.07389831543,86.021171569824,0.73442804813385,true,false,false,false,23,-2,0
29958,SAMPLE,ALIGNING,true,4,0,0,0,0,-0.054816722869873,-0.076644420623779,0.0,-0.07,-0.054816722869873,-0.0066444206237793,0.03125524520874,0.0039787292480469,0.018567484094234,0.0023753974253948,-0.054816722869873,-0.0066444206237793,170.46388244629,121.31911468506,54.837177276611,0.46713742613792,true,false,false,false,14,-1,0
29959,SAMPLE,ALIGNING,true,4,0,0,0,0,-0.054816722869873,-0.076644420623779,0.0,-0.07,-0.054816722869873,-0.0066444206237793,0.0,0.0,0.012068864661252,0.0015440083265066,-0.054816722869873,-0.0066444206237793,170.46388244629,121.31911468506,54.837177276611,0.46713742613792,true,false,false,false,14,-1,0
29960,SAMPLE,ALIGNING,true,4,0,0,0,0,-0.054816722869873,-0.076644420623779,0.0,-0.07,-0.054816722869873,-0.0066444206237793,0.0,0.0,0.0078447620298138,0.0010036054122293,-0.054816722869873,-0.0066444206237793,170.46388244629,121.31911468506,54.837177276611,0.46713742613792,true,false,false,false,15,-1,0
29961,SAMPLE,ALIGNING,true,4,0,0,0,0,-0.034874439239502,-0.074151515960693,0.0,-0.07,-0.034874439239502,-0.0041515159606934,0.019942283630371,0.0024929046630859,0.012078894590009,0.0015248601500291,-0.034874439239502,-0.0041515159606934,166.65560913086,120.83903503418,34.911251068115,0.29712557792664,true,false,false,true,9,-1,0
29962,SAMPLE,ALIGNING,true,4,0,0,0,0,-0.034874439239502,-0.074151515960693,0.0,-0.07,-0.034874439239502,-0.0041515159606934,0.0,0.0,0.0078512814835057,0.00099115909751893,-0.034874439239502,-0.0041515159606934,166.65560913086,120.83903503418,34.911251068115,0.29712557792664,true,false,false,true,9,-1,0
29963,SAMPLE,ALIGNING,true,4,0,0,0,0,-0.034874439239502,-0.074151515960693,0.0,-0.07,-0.034874439239502,-0.0041515159606934,0.0,0.0,0.0051033329642787,0.0006442534133873,-0.034874439239502,-0.0041515159606934,164.23333740234,120.53366851807,22.213689804077,0.18898852169514,true,false,false,true,9,-1,0
29964,SAMPLE,ALIGNING,true,4,0,0,0,0,-0.022123336791992,-0.072521686553955,0.0,-0.07,-0.022123336791992,-0.0025216865539551,0.01275110244751,0.0016298294067383,0.0077800522834096,0.00098920501106014,-0.022123336791992,-0.0025216865539551,164.23333740234,120.53366851807,22.213689804077,0.18898852169514,true,false,false,true,5,0,0
29965,SAMPLE,ALIGNING,true,4,0,0,0,0,-0.022123336791992,-0.072521686553955,0.0,-0.07,-0.022123336791992,-0.0025216865539551,0.0,0.0,0.0050570339842162,0.00064298325718909,-0.022123336791992,-0.0025216865539551,164.23333740234,120.53366851807,22.213689804077,0.18898852169514,true,false,false,true,6,-1,0
29966,SAMPLE,ALIGNING,true,4,1,0,0,0,-0.014069557189941,-0.071515083312988,0.0,-0.07,-0.014069557189941,-0.0015150833129883,0.0080537796020508,0.0010066032409668,0.0061058949504583,0.00077025025151129,-0.014069557189941,-0.0015150833129883,162.69264221191,120.33944702148,14.131272315979,0.12020727992058,false,false,true,true,3,0,0
29967,SAMPLE,ALIGNING,true,4,2,0,0,0,-0.014069557189941,-0.071515083312988,0.0,-0.07,-0.014069557189941,-0.0015150833129883,0.0,0.0,0.0039688317177979,0.00050066266348234,-0.014069557189941,-0.0015150833129883,162.69264221191,120.33944702148,14.131272315979,0.12020727992058,false,false,true,true,4,0,0
29968,SAMPLE,ALIGNING,true,4,3,0,0,0,-0.014069557189941,-0.071515083312988,0.0,-0.07,-0.014069557189941,-0.0015150833129883,0.0,0.0,0.0025797406165686,0.00032543073126352,-0.014069557189941,-0.0015150833129883,162.69264221191,120.33944702148,14.131272315979,0.12020727992058,false,false,true,true,4,0,0
29969,SAMPLE,ALIGNING,true,4,4,0,0,0,-0.0089402198791504,-0.070891857147217,0.0,-0.07,-0.0089402198791504,-0.00089185714721679,0.005129337310791,0.00062322616577148,0.0034720994595465,0.00042965913334131,-0.0089402198791504,-0.00089185714721679,161.71267700195,120.21590423584,8.9888534545898,0.07645857334137,false,false,true,true,2,0,0
29970,STABLE,STABLE,true,4,5,0,0,0,-0.0089402198791504,-0.070891857147217,0.0,-0.07,-0.0089402198791504,-0.00089185714721679,0.0,0.0,0.0022568646487052,0.00027927843667185,-0.0089402198791504,-0.00089185714721679,161.71267700195,120.21590423584,8.9888534545898,0.07645857334137,false,false,true,true,1,0,0
29971,SAMPLE,STABLE,true,4,5,1,0,0,-0.0056805610656738,-0.070460319519043,0.0,-0.07,-0.0056805610656738,-0.00046031951904296,0.0032596588134766,0.00043153762817383,0.0026078426063752,0.00033256915369754,-0.0089402198791504,-0.00089185714721679,161.08935546875,120.13732910156,5.717538356781,0.048631936311722,false,true,true,true,1,0,0
29972,SAMPLE,STABLE,true,4,5,2,0,0,-0.0056805610656738,-0.070460319519043,0.0,-0.07,-0.0056805610656738,-0.00046031951904296,0.0,0.0,0.0016950976941439,0.0002161699499034,-0.0089402198791504,-0.00089185714721679,161.08935546875,120.13732910156,5.717538356781,0.048631936311722,false,true,true,true,1,0,0
29973,TARGET_TEMPORARILY_LOST,TARGET_TEMPORARILY_LOST,true,4,5,3,0,0,-0.0056805610656738,-0.070460319519043,0.0,-0.07,-0.0056805610656738,-0.00046031951904296,0.0,0.0,0.0011018135011935,0.00014051046743721,-0.0089402198791504,-0.00089185714721679,161.08935546875,120.13732910156,5.717538356781,0.048631936311722,false,true,true,true,3,0,1.0
29974,SEARCHING_LAST_DIRECTION,SEARCHING_LAST_DIRECTION,true,4,5,3,0,0,-0.0035715103149414,-0.070220947265625,0.0,-0.07,-0.0035715103149414,-0.00022094726562499,0.0021090507507324,0.00023937225341797,0.0014543465385321,0.00017511209253048,-0.0089402198791504,-0.00089185714721679,160.69288635254,120.08734893799,3.6366856098175,0.030932635068893,false,true,true,true,3,0,1.0
29975,SAMPLE,SEARCHING_LAST_DIRECTION,true,4,5,3,0,1,-0.0035715103149414,-0.070220947265625,0.0,-0.07,-0.0035715103149414,-0.00022094726562499,0.0,0.0,0.00094532525004589,0.00011382286014481,-0.0089402198791504,-0.00089185714721679,160.69288635254,120.08734893799,3.6366856098175,0.030932635068893,false,true,true,true,2,0,0.96666666666667
29976,SAMPLE,SEARCHING_LAST_DIRECTION,true,4,5,3,0,2,-0.0035715103149414,-0.070220947265625,0.0,-0.07,-0.0035715103149414,-0.00022094726562499,0.0,0.0,0.00061446141252983,7.3984859094126e-05,-0.0089402198791504,-0.00089185714721679,160.69288635254,120.08734893799,3.6366856098175,0.030932635068893,false,true,true,true,2,0,0.93333333333333
29977,SAMPLE,SEARCHING_LAST_DIRECTION,true,4,5,3,0,3,-0.0022292137145996,-0.070028781890869,0.0,-0.07,-0.0022292137145996,-2.8781890869134e-05,0.0013422966003418,0.00019216537475586,0.00086920372826402,0.00011534803957573,-0.0089402198791504,-0.00089185714721679,160.44071960449,120.05555725098,2.3131713867188,0.019674889743328,false,true,true,true,2,0,0.9
29978,SAMPLE,SEARCHING_LAST_DIRECTION,true,4,5,3,0,4,-0.0022292137145996,-0.070028781890869,0.0,-0.07,-0.0022292137145996,-2.8781890869134e-05,0.0,0.0,0.00056498242337161,7.4976225724226e-05,-0.0089402198791504,-0.00089185714721679,160.44071960449,120.05555725098,2.3131713867188,0.019674889743328,false,true,true,true,2,0,0.86666666666667
29979,SAMPLE,SEARCHING_LAST_DIRECTION,true,4,5,3,0,5,-0.0022292137145996,-0.070028781890869,0.0,-0.07,-0.0022292137145996,-2.8781890869134e-05,0.0,0.0,0.00036723857519155,4.8734546720747e-05,-0.0089402198791504,-0.00089185714721679,160.44071960449,120.05555725098,2.3131713867188,0.019674889743328,false,true,true,true,2,0,0.83333333333333
29980,SAMPLE,SEARCHING_LAST_DIRECTION,true,4,5,3,0,6,-0.0014142990112305,-0.06993293762207,0.0,-0.07,-0.0014142990112305,6.7062377929694e-05,0.00081491470336914,9.5844268798828e-05,0.0005239252200537,6.5222949448076e-05,-0.0089402198791504,-0.00089185714721679,160.28031921387,120.03533935547,1.4712926149368,0.012514333240688,false,true,true,true,2,0,0.8
29981,SAMPLE,SEARCHING_LAST_DIRECTION,true,4,5,3,0,7,-0.0014142990112305,-0.06993293762207,0.0,-0.07,-0.0014142990112305,6.7062377929694e-05,0.0,0.0,0.00034055139303491,4.2394917141249e-05,-0.0089402198791504,-0.00089185714721679,160.28031921387,120.03533935547,1.4712926149368,0.012514333240688,false,true,true,true,2,0,0.76666666666667
29982,SAMPLE,SEARCHING_LAST_DIRECTION,true,4,5,3,0,8,-0.0014142990112305,-0.06993293762207,0.0,-0.07,-0.0014142990112305,6.7062377929694e-05,0.0,0.0,0.00022135840547269,2.7556696141812e-05,-0.0089402198791504,-0.00089185714721679,160.28031921387,120.03533935547,1.4712926149368,0.012514333240688,false,true,true,true,2,0,0.73333333333333
29983,SAMPLE,SEARCHING_LAST_DIRECTION,true,4,5,3,1,9,-0.10639762878418,-0.085033416748047,0.0,-0.07,-0.10639762878418,-0.015033416748047,-0.10498332977295,-0.015100479125977,-0.036600282456975,-0.0052672558415996,-0.0089402198791504,-0.00089185714721679,180.35064697266,122.93483734131,106.1965713501,0.90851086378098,true,false,false,false,2,0,0.7
29984,REACQUIRED,REACQUIRED,true,4,5,3,2,10,-0.10639762878418,-0.085033416748047,0.0,-0.07,-0.10639762878418,-0.015033416748047,0.0,0.0,-0.023790183597034,-0.0034237162970398,-0.0089402198791504,-0.00089185714721679,180.35064697266,122.93483734131,106.1965713501,0.90851086378098,true,false,false,false,0,0,0.66666666666667
29985,ALIGNING,ALIGNING,true,4,0,0,2,10,-0.10639762878418,-0.085033416748047,0.0,-0.07,-0.10639762878418,-0.015033416748047,0.0,0.0,-0.015463619338072,-0.0022254155930758,-0.10639762878418,-0.015033416748047,193.42489624023,124.85376739502,172.74183654785,1.4921833276749,true,false,false,false,31,-3,0
29986,SAMPLE,ALIGNING,true,4,0,0,2,10,-0.17365407943726,-0.094812870025635,0.0,-0.07,-0.17365407943726,-0.024812870025635,-0.067256450653076,-0.0097794532775879,-0.033591110298323,-0.0048693287826551,-0.17365407943726,-0.024812870025635,193.42489624023,124.85376739502,172.74183654785,1.4921833276749,true,false,false,false,45,-6,0
29987,SAMPLE,ALIGNING,true,4,0,0,2,10,-0.17365407943726,-0.094812870025635,0.0,-0.07,-0.17365407943726,-0.024812870025635,0.0,0.0,-0.02183422169391,-0.0031650637087258,-0.17365407943726,-0.024812870025635,193.42489624023,124.85376739502,172.74183654785,1.4921833276749,true,false,false,false,45,-6,0
29988,SAMPLE,ALIGNING,true,4,0,0,2,10,-0.21612691879272,-0.10166788101196,0.0,-0.07,-0.21612691879272,-0.031667881011963,-0.042472839355469,-0.0068550109863281,-0.029057737875456,-0.0044565452558866,-0.21612691879272,-0.031667881011963,201.8374786377,126.2297744751,214.37030029297,1.8677450418472,true,false,false,false,45,-7,0
29989,SAMPLE,ALIGNING,true,4,0,0,2,10,-0.21612691879272,-0.10166788101196,0.0,-0.07,-0.21612691879272,-0.031667881011963,0.0,0.0,-0.018887529619046,-0.0028967544163263,-0.21612691879272,-0.031667881011963,201.8374786377,126.2297744751,214.37030029297,1.8677450418472,true,false,false,false,45,-7,0
29990,SAMPLE,ALIGNING,true,4,0,0,2,10,-0.21612691879272,-0.10166788101196,0.0,-0.07,-0.21612691879272,-0.031667881011963,0.0,0.0,-0.01227689425238,-0.0018828903706121,-0.21612691879272,-0.031667881011963,201.8374786377,126.2297744751,214.37030029297,1.8677450418472,true,false,false,false,45,-7,0
29991,SAMPLE,ALIGNING,true,4,0,0,2,10,-0.24436187744141,-0.10694122314453,0.0,-0.07,-0.24436187744141,-0.036941223144531,-0.028234958648682,-0.0052733421325684,-0.017862216791086,-0.0030695484872968,-0.24436187744141,-0.036941223144531,207.50477600098,127.30875396729,241.76121520996,2.1207489967346,true,false,false,false,45,-8,0
29992,SAMPLE,ALIGNING,true,4,0,0,2,10,-0.24436187744141,-0.10694122314453,0.0,-0.07,-0.24436187744141,-0.036941223144531,0.0,0.0,-0.011610440914206,-0.0019952065167429,-0.24436187744141,-0.036941223144531,207.50477600098,127.30875396729,241.76121520996,2.1207489967346,true,false,false,false,45,-8,0
29993,SAMPLE,ALIGNING,true,4,0,0,2,10,-0.24436187744141,-0.10694122314453,0.0,-0.07,-0.24436187744141,-0.036941223144531,0.0,0.0,-0.0075467865942337,-0.0012968842358829,-0.24436187744141,-0.036941223144531,207.50477600098,127.30875396729,241.76121520996,2.1207489967346,true,false,false,false,45,-8,0
29994,SAMPLE,ALIGNING,true,4,0,0,2,10,-0.2638726234436,-0.11149501800537,0.0,-0.07,-0.2638726234436,-0.041495018005371,-0.019510746002197,-0.0045537948608398,-0.011734172387021,-0.0024368029546178,-0.2638726234436,-0.041495018005371,211.47979736328,128.23472595215,260.61801147461,2.29820561409,true,false,false,false,45,-9,0
29995,SAMPLE,ALIGNING,true,4,0,0,2,10,-0.2638726234436,-0.11149501800537,0.0,-0.07,-0.2638726234436,-0.041495018005371,0.0,0.0,-0.0076272120515636,-0.0015839219205016,-0.2638726234436,-0.041495018005371,211.47979736328,128.23472595215,260.61801147461,2.29820561409,true,false,false,false,45,-9,0
29996,SAMPLE,ALIGNING,true,4,0,0,2,10,-0.27758264541626,-0.11518621444702,0.0,-0.07,-0.27758264541626,-0.045186214447021,-0.013710021972656,-0.0036911964416504,-0.009756195523946,-0.0023214680029037,-0.27758264541626,-0.045186214447021,214.28709411621,129.00514221191,273.74401855469,2.4235310554504,true,false,false,false,45,-10,0
29997,SAMPLE,ALIGNING,true,4,0,0,2,10,-0.27758264541626,-0.11518621444702,0.0,-0.07,-0.27758264541626,-0.045186214447021,0.0,0.0,-0.0063415270905649,-0.0015089542018874,-0.27758264541626,-0.045186214447021,214.28709411621,129.00514221191,273.74401855469,2.4235310554504,true,false,false,false,45,-10,0
29998,SAMPLE,ALIGNING,true,4,0,0,2,10,-0.27758264541626,-0.11518621444702,0.0,-0.07,-0.27758264541626,-0.045186214447021,0.0,0.0,-0.0041219926088672,-0.0009808202312268,-0.27758264541626,-0.045186214447021,214.28709411621,129.00514221191,273.74401855469,2.4235310554504,true,false,false,false,45,-10,0
29999,SAMPLE,ALIGNING,true,4,0,0,2,10,-0.28678703308105,-0.11791849136353,0.0,-0.07,-0.28678703308105,-0.047918491363525,-0.0092043876647949,-0.0027322769165039,-0.0059008308784419,-0.0015938300710738,-0.28678703308105,-0.047918491363525,216.19151306152,129.56793212891,282.55484008789,2.5085501670837,true,false,false,false,45,-11,0
30000,SAMPLE,ALIGNING,true,4,0,0,2,10,-0.28678703308105,-0.11791849136353,0.0,-0.07,-0.28678703308105,-0.047918491363525,0.0,0.0,-0.0038355400709872,-0.001035989546198,-0.28678703308105,-0.047918491363525,216.19151306152,129.56793212891,282.55484008789,2.5085501670837,true,false,false,false,45,-11,0
30001,SAMPLE,ALIGNING,true,4,0,0,2,10,-0.29316282272339,-0.11983585357666,0.0,-0.07,-0.29316282272339,-0.04983585357666,-0.006375789642334,-0.0019173622131348,-0.0047246274209586,-0.0013444699796258,-0.29316282272339,-0.04983585357666,217.51629638672,129.97061157227,288.63858032227,2.5676920413971,true,false,false,false,45,-11,0
30002,SAMPLE,ALIGNING,true,4,0,0,2,10,-0.29316282272339,-0.11983585357666,0.0,-0.07,-0.29316282272339,-0.04983585357666,0.0,0.0,-0.0030710078236231,-0.0008739054867568,-0.29316282272339,-0.04983585357666,217.51629638672,129.97061157227,288.63858032227,2.5676920413971,true,false,false,false,45,-11,0
30003,SAMPLE,ALIGNING,true,4,0,0,2,10,-0.29316282272339,-0.11983585357666,0.0,-0.07,-0.29316282272339,-0.04983585357666,0.0,0.0,-0.001996155085355,-0.00056803856639192,-0.29316282272339,-0.04983585357666,217.51629638672,129.97061157227,288.63858032227,2.5676920413971,true,false,false,false,45,-11,0
30004,SAMPLE,ALIGNING,true,4,0,0,2,10,-0.29920244216919,-0.12146615982056,0.0,-0.07,-0.29920244216919,-0.051466159820557,-0.0060396194458008,-0.0016303062438965,-0.003411367611511,-0.00093983225351852,-0.29920244216919,-0.051466159820557,218.77560424805,130.31454467773,294.39010620117,2.6239109039307,true,false,false,false,45,-11,0
30005,SAMPLE,ALIGNING,true,4,0,0,2,10,-0.29920244216919,-0.12146615982056,0.0,-0.07,-0.29920244216919,-0.051466159820557,0.0,0.0,-0.0022173889474822,-0.00061089096478704,-0.29920244216919,-0.051466159820557,218.77560424805,130.31454467773,294.39010620117,2.6239109039307,true,false,false,false,45,-11,0
30006,SAMPLE,ALIGNING,true,4,0,0,2,10,-0.29920244216919,-0.12146615982056,0.0,-0.07,-0.29920244216919,-0.051466159820557,0.0,0.0,-0.0014413028158634,-0.00039707912711157,-0.29920244216919,-0.051466159820557,218.77560424805,130.31454467773,294.39010620117,2.6239109039307,true,false,false,false,45,-11,0
30007,SAMPLE,ALIGNING,true,4,0,0,2,10,-0.30361318588257,-0.12199354171753,0.0,-0.07,-0.30361318588257,-0.051993541717529,-0.0044107437133789,-0.00052738189697266,-0.0024806071299938,-0.00044268509656295,-0.30361318588257,-0.051993541717529,219.7004699707,130.43653869629,298.60287475586,2.6652002334595,true,false,false,false,45,-11,0
30008,SAMPLE,ALIGNING,true,4,0,0,2,10,-0.30361318588257,-0.12199354171753,0.0,-0.07,-0.30361318588257,-0.051993541717529,0.0,0.0,-0.001612394634496,-0.00028774531276592,-0.30361318588257,-0.051993541717529,219.7004699707,130.43653869629,298.60287475586,2.6652002334595,true,false,false,false,45,-11,0
30009,SAMPLE,ALIGNING,true,4,0,0,2,10,-0.30658483505249,-0.12228107452393,0.0,-0.07,-0.30658483505249,-0.052281074523926,-0.0029716491699219,-0.00028753280639648,-0.0020881337218951,-0.00028767093553662,-0.30658483505249,-0.052281074523926,220.32391357422,130.50465393066,301.43374633789,2.6930322647095,true,false,false,false,45,-12,0
30010,SAMPLE,ALIGNING,true,4,0,0,2,10,-0.30658483505249,-0.12228107452393,0.0,-0.07,-0.30658483505249,-0.052281074523926,0.0,0.0,-0.0013572869192318,-0.0001869861080988,-0.30658483505249,-0.052281074523926,220.32391357422,130.50465393066,301.43374633789,2.6930322647095,true,false,false,false,45,-12,0
30011,SAMPLE,ALIGNING,true,4,0,0,2,10,-0.30658483505249,-0.12228107452393,0.0,-0.07,-0.30658483505249,-0.052281074523926,0.0,0.0,-0.00088223649750066,-0.00012154097026422,-0.30658483505249,-0.052281074523926,220.32391357422,130.50465393066,301.43374633789,2.6930322647095,true,false,false,false,45,-12,0
30012,SAMPLE,ALIGNING,true,4,0,0,2,10,-0.30840682983398,-0.1226167678833,0.0,-0.07,-0.30840682983398,-0.052616767883301,-0.0018219947814941,-0.000335693359375,-0.0012111518968984,-0.00019649430645299,-0.30840682983398,-0.052616767883301,220.71307373047,130.57385253906,303.1946105957,2.7104051113129,true,false,false,false,45,-12,0
30013,SAMPLE,ALIGNING,true,4,0,0,2,10,-0.30840682983398,-0.1226167678833,0.0,-0.07,-0.30840682983398,-0.052616767883301,0.0,0.0,-0.00078724873298395,-0.00012772129919445,-0.30840682983398,-0.052616767883301,220.71307373047,130.57385253906,303.1946105957,2.7104051113129,true,false,false,false,45,-12,0
30014,SAMPLE,ALIGNING,true,4,0,0,2,10,-0.30840682983398,-0.1226167678833,0.0,-0.07,-0.30840682983398,-0.052616767883301,0.0,0.0,-0.00051171167643956,-8.301884447639e-05,-0.30840682983398,-0.052616767883301,220.71307373047,130.57385253906,303.1946105957,2.7104051113129,true,false,false,false,45,-12,0
30015,SAMPLE,ALIGNING,true,4,0,0,2,10,-0.30936574935913,-0.12295198440552,0.0,-0.07,-0.30936574935913,-0.052951984405518,-0.00095891952514648,-0.0003352165222168,-0.00066823442348699,-0.00017128803168553,-0.30936574935913,-0.052951984405518,220.91488647461,130.64642333984,304.103515625,2.71941447258,true,false,false,false,45,-12,0
30016,SAMPLE,ALIGNING,true,4,0,0,2,10,-0.30936574935913,-0.12295198440552,0.0,-0.07,-0.30936574935913,-0.052951984405518,0.0,0.0,-0.00043435237526654,-0.0001113372205956,-0.30936574935913,-0.052951984405518,220.91488647461,130.64642333984,304.103515625,2.71941447258,true,false,false,false,45,-12,0
30017,SAMPLE,ALIGNING,true,4,0,0,2,10,-0.30936574935913,-0.12295198440552,0.0,-0.07,-0.30936574935913,-0.052951984405518,0.0,0.0,-0.00028232904392325,-7.2369193387137e-05,-0.30936574935913,-0.052951984405518,220.91488647461,130.64642333984,304.103515625,2.71941447258,true,false,false,false,45,-12,0
30018,SAMPLE,ALIGNING,true,4,0,0,2,10,-0.3100848197937,-0.12323951721191,0.0,-0.07,-0.3100848197937,-0.053239517211914,-0.00071907043457031,-0.00028753280639648,-0.00043518853064972,-0.00014767645794041,-0.3100848197937,-0.053239517211914,221.05386352539,130.70162963867,304.728515625,2.7256193161011,true,false,false,false,45,-12,0
30019,SAMPLE,ALIGNING,true,4,0,0,2,10,-0.3100848197937,-0.12323951721191,0.0,-0.07,-0.3100848197937,-0.053239517211914,0.0,0.0,-0.00028287254492232,-9.5989697661266e-05,-0.3100848197937,-0.053239517211914,221.05386352539,130.70162963867,304.728515625,2.7256193161011,true,false,false,false,45,-12,0
30020,SAMPLE,ALIGNING,true,4,0,0,2,10,-0.3100848197937,-0.12323951721191,0.0,-0.07,-0.3100848197937,-0.053239517211914,0.0,0.0,-0.00018386715419951,-6.2393303479823e-05,-0.3100848197937,-0.053239517211914,221.05386352539,130.70162963867,304.728515625,2.7256193161011,true,false,false,false,45,-12,0
30021,SAMPLE,ALIGNING,true,4,0,0,2,10,-0.31042003631592,-0.12352752685547,0.0,-0.07,-0.31042003631592,-0.053527526855469,-0.0003352165222168,-0.00028800964355469,-0.00023683943300556,-0.00014135902250603,-0.31042003631592,-0.053527526855469,221.13143920898,130.76864624023,305.07421875,2.7290821075439,true,false,false,false,45,-12,0
30022,SAMPLE,ALIGNING,true,4,0,0,2,10,-0.31042003631592,-0.12352752685547,0.0,-0.07,-0.31042003631592,-0.053527526855469,0.0,0.0,-0.00015394563145361,-9.1883364628917e-05,-0.31042003631592,-0.053527526855469,221.13143920898,130.76864624023,305.07421875,2.7290821075439,true,false,false,false,45,-12,0
30023,SAMPLE,ALIGNING,true,4,0,0,2,10,-0.31042003631592,-0.12352752685547,0.0,-0.07,-0.31042003631592,-0.053527526855469,0.0,0.0,-0.00010006466044485,-5.9724187008796e-05,-0.31042003631592,-0.053527526855469,221.13143920898,130.76864624023,305.07421875,2.7290821075439,true,false,false,false,45,-12,0
30024,SAMPLE,ALIGNING,true,4,0,0,2,10,-0.17370176315308,-0.10018157958984,0.0,-0.07,-0.17370176315308,-0.030181579589844,0.13671827316284,0.023345947265625,0.047786353577705,0.008132260821413,-0.17370176315308,-0.030181579589844,193.43939208984,125.89053344727,172.78883361816,1.4928303956985,true,false,false,false,44,-6,0
30025,SAMPLE,ALIGNING,true,4,0,0,2,10,-0.17370176315308,-0.10018157958984,0.0,-0.07,-0.17370176315308,-0.030181579589844,0.0,0.0,0.031061129825509,0.0052859695339185,-0.17370176315308,-0.030181579589844,193.43939208984,125.89053344727,172.78883361816,1.4928303956985,true,false,false,false,45,-6,0
30026,SAMPLE,ALIGNING,true,4,0,0,2,10,-0.17370176315308,-0.10018157958984,0.0,-0.07,-0.17370176315308,-0.030181579589844,0.0,0.0,0.020189734386581,0.003435880197047,-0.17370176315308,-0.030181579589844,193.43939208984,125.89053344727,172.78883361816,1.4928303956985,true,false,false,false,45,-6,0
30027,SAMPLE,ALIGNING,true,4,0,0,2,10,-0.11114358901978,-0.089300155639648,0.0,-0.07,-0.11114358901978,-0.019300155639648,0.062558174133301,0.010881423950195,0.035018688297933,0.0060418205106489,-0.11114358901978,-0.019300155639648,181.26933288574,123.74671173096,110.92467498779,0.94952386617661,true,false,false,false,28,-4,0
30028,SAMPLE,ALIGNING,true,4,0,0,2,10,-0.11114358901978,-0.089300155639648,0.0,-0.07,-0.11114358901978,-0.019300155639648,0.0,0.0,0.022762147393656,0.0039271833319218,-0.11114358901978,-0.019300155639648,181.26933288574,123.74671173096,110.92467498779,0.94952386617661,true,false,false,false,29,-4,0
30029,SAMPLE,ALIGNING,true,4,0,0,2,10,-0.11114358901978,-0.089300155639648,0.0,-0.07,-0.11114358901978,-0.019300155639648,0.0,0.0,0.014795395805877,0.0025526691657492,-0.11114358901978,-0.019300155639648,181.26933288574,123.74671173096,110.92467498779,0.94952386617661,true,false,false,false,30,-4,0
30030,SAMPLE,ALIGNING,true,4,0,0,2,10,-0.070827960968018,-0.082205295562744,0.0,-0.07,-0.070827960968018,-0.012205295562744,0.040315628051758,0.0070948600769043,0.023727477091935,0.0041424359846535,-0.070827960968018,-0.012205295562744,173.52848815918,122.38311767578,70.822303771973,0.60395038127899,true,false,false,false,18,-2,0
30031,SAMPLE,ALIGNING,true,4,0,0,2,10,-0.070827960968018,-0.082205295562744,0.0,-0.07,-0.070827960968018,-0.012205295562744,0.0,0.0,0.015422860109758,0.0026925833900248,-0.070827960968018,-0.012205295562744,173.52848815918,122.38311767578,70.822303771973,0.60395038127899,true,false,false,false,18,-2,0
30032,SAMPLE,ALIGNING,true,4,0,0,2,10,-0.070827960968018,-0.082205295562744,0.0,-0.07,-0.070827960968018,-0.012205295562744,0.0,0.0,0.010024859071343,0.0017501792035161,-0.070827960968018,-0.012205295562744,168.60487365723,121.51579284668,45.116455078125,0.38414627313614,true,false,false,false,19,-3,0
30033,SAMPLE,ALIGNING,true,4,0,0,2,10,-0.045085430145264,-0.077698707580566,0.0,-0.07,-0.045085430145264,-0.0076987075805664,0.025742530822754,0.0045065879821777,0.015526044184337,0.0027149222760477,-0.045085430145264,-0.0076987075805664,168.60487365723,121.51579284668,45.116455078125,0.38414627313614,true,false,false,false,11,-2,0
30034,SAMPLE,ALIGNING,true,4,0,0,2,10,-0.045085430145264,-0.077698707580566,0.0,-0.07,-0.045085430145264,-0.0076987075805664,0.0,0.0,0.010091928719819,0.001764699479431,-0.045085430145264,-0.0076987075805664,168.60487365723,121.51579284668,45.116455078125,0.38414627313614,true,false,false,false,12,-2,0
30035,SAMPLE,ALIGNING,true,4,0,0,2,10,-0.028642654418945,-0.074822902679443,0.0,-0.07,-0.028642654418945,-0.0048229026794434,0.016442775726318,0.002875804901123,0.012314725172094,0.0021535863770232,-0.028642654418945,-0.0048229026794434,165.47319030762,120.96413421631,28.714582443237,0.24433855712414,true,false,false,true,7,-1,0
30036,SAMPLE,ALIGNING,true,4,0,0,2,10,-0.028642654418945,-0.074822902679443,0.0,-0.07,-0.028642654418945,-0.0048229026794434,0.0,0.0,0.0080045713618608,0.0013998311450651,-0.028642654418945,-0.0048229026794434,165.47319030762,120.96413421631,28.714582443237,0.24433855712414,true,false,false,true,7,-1,0
30037,SAMPLE,ALIGNING,true,4,0,0,2,10,-0.028642654418945,-0.074822902679443,0.0,-0.07,-0.028642654418945,-0.0048229026794434,0.0,0.0,0.0052029713852095,0.0009098902442923,-0.028642654418945,-0.0048229026794434,165.47319030762,120.96413421631,28.714582443237,0.24433855712414,true,false,false,true,8,-1,0
30038,SAMPLE,ALIGNING,true,4,1,0,2,10,-0.018192291259766,-0.072953224182129,0.0,-0.07,-0.018192291259766,-0.0029532241821289,0.01045036315918,0.0018696784973145,0.0070395585060991,0.0012458161328501,-0.018192291259766,-0.0029532241821289,163.48124694824,120.61324310303,18.268661499023,0.1554130166769,false,false,true,true,4,-1,0
30039,SAMPLE,ALIGNING,true,4,2,0,2,10,-0.018192291259766,-0.072953224182129,0.0,-0.07,-0.018192291259766,-0.0029532241821289,0.0,0.0,0.0045757130289644,0.00080978048635254,-0.018192291259766,-0.0029532241821289,163.48124694824,120.61324310303,18.268661499023,0.1554130166769,false,false,true,true,5,-1,0
30040,SAMPLE,ALIGNING,true,4,3,0,2,10,-0.018192291259766,-0.072953224182129,0.0,-0.07,-0.018192291259766,-0.0029532241821289,0.0,0.0,0.0029742134688269,0.00052635731612915,-0.018192291259766,-0.0029532241821289,163.48124694824,120.61324310303,18.268661499023,0.1554130166769,false,false,true,true,5,-1,0
30041,SAMPLE,ALIGNING,true,4,4,0,2,10,-0.011528968811035,-0.071802616119385,0.0,-0.07,-0.011528968811035,-0.0018026161193848,0.0066633224487305,0.0011506080627441,0.0042654016117931,0.0007448450774444,-0.011528968811035,-0.0018026161193848,162.21426391602,120.39005279541,11.621060371399,0.098851382732391,false,false,true,true,3,0,0
30042,STABLE,STABLE,true,4,5,0,2,10,-0.011528968811035,-0.071802616119385,0.0,-0.07,-0.011528968811035,-0.0018026161193848,0.0,0.0,0.0027725110476655,0.00048414930033886,-0.011528968811035,-0.0018026161193848,162.21426391602,120.39005279541,11.621060371399,0.098851382732391,false,false,true,true,1,0,0
30043,SAMPLE,STABLE,true,4,5,0,2,10,-0.011528968811035,-0.071802616119385,0.0,-0.07,-0.011528968811035,-0.0018026161193848,0.0,0.0,0.0018021321809826,0.00031469704522026,-0.011528968811035,-0.0018026161193848,162.21426391602,120.39005279541,11.621060371399,0.098851382732391,false,false,true,true,1,0,0
30044,SAMPLE,STABLE,true,4,5,0,2,10,-0.0073585510253906,-0.071035385131836,0.0,-0.07,-0.0073585510253906,-0.0010353851318359,0.0041704177856445,0.00076723098754883,0.0026310321426143,0.00047308392503526,-0.0073585510253906,-0.0010353851318359,161.40840148926,120.24810028076,7.3919820785522,0.062875017523766,false,false,true,true,1,0,0
30045,SAMPLE,STABLE,true,4,5,0,2,10,-0.0073585510253906,-0.071035385131836,0.0,-0.07,-0.0073585510253906,-0.0010353851318359,0.0,0.0,0.0017101708926993,0.00030750455127292,-0.0073585510253906,-0.0010353851318359,161.40840148926,120.24810028076,7.3919820785522,0.062875017523766,false,false,true,true,1,0,0
30046,SAMPLE,STABLE,true,4,5,0,2,10,-0.0073585510253906,-0.071035385131836,0.0,-0.07,-0.0073585510253906,-0.0010353851318359,0.0,0.0,0.0011116110802545,0.0001998779583274,-0.0073585510253906,-0.0010353851318359,161.40840148926,120.24810028076,7.3919820785522,0.062875017523766,false,false,true,true,1,0,0
30047,SAMPLE,STABLE,true,4,5,1,2,10,-0.004673957824707,-0.07060432434082,0.0,-0.07,-0.004673957824707,-0.00060432434082031,0.0026845932006836,0.00043106079101563,0.0016621548224047,0.00028079194976828,-0.0073585510253906,-0.0010353851318359,160.89582824707,120.15780639648,4.7018251419067,0.039992034435272,false,true,true,true,1,0,0
30048,SAMPLE,STABLE,true,4,5,2,2,10,-0.004673957824707,-0.07060432434082,0.0,-0.07,-0.004673957824707,-0.00060432434082031,0.0,0.0,0.0010804006345631,0.00018251476734938,-0.0073585510253906,-0.0010353851318359,160.89582824707,120.15780639648,4.7018251419067,0.039992034435272,false,true,true,true,1,0,0
30049,TARGET_TEMPORARILY_LOST,TARGET_TEMPORARILY_LOST,true,4,5,3,2,10,-0.004673957824707,-0.07060432434082,0.0,-0.07,-0.004673957824707,-0.00060432434082031,0.0,0.0,0.00070226041246599,0.0001186345987771,-0.0073585510253906,-0.0010353851318359,160.89582824707,120.15780639648,4.7018251419067,0.039992034435272,false,true,true,true,1,0,0.66666666666667
30050,SEARCHING_LAST_DIRECTION,SEARCHING_LAST_DIRECTION,true,4,5,3,0,0,-0.0029001235961914,-0.070268630981445,0.0,-0.07,-0.0029001235961914,-0.00026863098144531,0.0017738342285156,0.000335693359375,0.0010773112480834,0.00019460516498636,-0.0073585510253906,-0.0010353851318359,160.56979370117,120.10037231445,2.9906277656555,0.025437174364924,false,true,true,true,2,0,1.0
30051,SAMPLE,SEARCHING_LAST_DIRECTION,true,4,5,3,0,1,-0.0029001235961914,-0.070268630981445,0.0,-0.07,-0.0029001235961914,-0.00026863098144531,0.0,0.0,0.00070025231125418,0.00012649335724114,-0.0073585510253906,-0.0010353851318359,160.56979370117,120.10037231445,2.9906277656555,0.025437174364924,false,true,true,true,2,0,0.96666666666667
30052,SAMPLE,SEARCHING_LAST_DIRECTION,true,4,5,3,0,2,-0.0029001235961914,-0.070268630981445,0.0,-0.07,-0.0029001235961914,-0.00026863098144531,0.0,0.0,0.00045516400231522,8.2220682206738e-05,-0.0073585510253906,-0.0010353851318359,160.56979370117,120.10037231445,2.9906277656555,0.025437174364924,false,true,true,true,2,0,0.93333333333333
30053,SAMPLE,SEARCHING_LAST_DIRECTION,true,4,5,3,0,3,-0.0018458366394043,-0.070076942443848,0.0,-0.07,-0.0018458366394043,-7.694244384765e-05,0.0010542869567871,0.00019168853759766,0.00066485703638038,0.00012053443159356,-0.0073585510253906,-0.0010353851318359,160.36242675781,120.06384277344,1.9022436141968,0.016179468482733,false,true,true,true,2,0,0.9
30054,SAMPLE,SEARCHING_LAST_DIRECTION,true,4,5,3,0,4,-0.0018458366394043,-0.070076942443848,0.0,-0.07,-0.0018458366394043,-7.694244384765e-05,0.0,0.0,0.00043215707364725,7.8347380535814e-05,-0.0073585510253906,-0.0010353851318359,160.36242675781,120.06384277344,1.9022436141968,0.016179468482733,false,true,true,true,2,0,0.86666666666667
30055,SAMPLE,SEARCHING_LAST_DIRECTION,true,4,5,3,0,5,-0.0018458366394043,-0.070076942443848,0.0,-0.07,-0.0018458366394043,-7.694244384765e-05,0.0,0.0,0.00028090209787071,5.0925797348279e-05,-0.0073585510253906,-0.0010353851318359,160.23051452637,120.0406036377,1.209886431694,0.010291048325598,false,true,true,true,2,0,0.83333333333333
30056,SAMPLE,SEARCHING_LAST_DIRECTION,true,4,5,3,0,6,-0.001126766204834,-0.06993293762207,0.0,-0.07,-0.001126766204834,6.7062377929694e-05,0.00071907043457031,0.00014400482177734,0.00043426101571557,8.3503455898452e-05,-0.0073585510253906,-0.0010353851318359,160.23051452637,120.0406036377,1.209886431694,0.010291048325598,false,true,true,true,2,0,0.8
30057,SAMPLE,SEARCHING_LAST_DIRECTION,true,4,5,3,0,7,-0.001126766204834,-0.06993293762207,0.0,-0.07,-0.001126766204834,6.7062377929694e-05,0.0,0.0,0.00028226966021512,5.4277246333994e-05,-0.0073585510253906,-0.0010353851318359,160.23051452637,120.0406036377,1.209886431694,0.010291048325598,false,true,true,true,2,0,0.76666666666667
30058,SAMPLE,SEARCHING_LAST_DIRECTION,true,4,5,3,0,8,-0.001126766204834,-0.06993293762207,0.0,-0.07,-0.001126766204834,6.7062377929694e-05,0.0,0.0,0.00018347527913983,3.5280210117096e-05,-0.0073585510253906,-0.0010353851318359,160.1466217041,120.02582550049,0.76956409215927,0.0065456833690405,false,true,true,true,2,0,0.73333333333333
30059,SAMPLE,SEARCHING_LAST_DIRECTION,true,4,5,3,0,9,-0.00069522857666016,-0.06988525390625,0.0,-0.07,-0.00069522857666016,0.00011474609375001,0.00043153762817383,4.7683715820313e-05,0.00027029710130173,3.9621437113222e-05,-0.0073585510253906,-0.0010353851318359,160.1466217041,120.02582550049,0.76956409215927,0.0065456833690405,false,true,true,true,1,0,0.7
30060,SAMPLE,SEARCHING_LAST_DIRECTION,true,4,5,3,0,10,-0.00069522857666016,-0.06988525390625,0.0,-0.07,-0.00069522857666016,0.00011474609375001,0.0,0.0,0.00017569311584612,2.5753934123594e-05,-0.0073585510253906,-0.0010353851318359,160.1466217041,120.02582550049,0.76956409215927,0.0065456833690405,false,true,true,true,1,0,0.66666666666667
30061,SAMPLE,SEARCHING_LAST_DIRECTION,true,4,5,3,0,11,-0.00045537948608398,-0.069837093353271,0.0,-0.07,-0.00045537948608398,0.00016290664672852,0.00023984909057617,4.8160552978516e-05,0.00019814770700164,3.3596250722817e-05,-0.0073585510253906,-0.0010353851318359,160.09326171875,120.01642608643,0.48949697613716,0.0041634212248027,false,true,true,true,1,0,0.63333333333333
30062,SAMPLE,SEARCHING_LAST_DIRECTION,true,4,5,3,0,12,-0.00045537948608398,-0.069837093353271,0.0,-0.07,-0.00045537948608398,0.00016290664672852,0.0,0.0,0.00012879600955107,2.1837562969831e-05,-0.0073585510253906,-0.0010353851318359,160.09326171875,120.01642608643,0.48949697613716,0.0041634212248027,false,true,true,true,1,0,0.6
30063,SAMPLE,SEARCHING_LAST_DIRECTION,true,4,5,3,0,13,-0.00045537948608398,-0.069837093353271,0.0,-0.07,-0.00045537948608398,0.00016290664672852,0.0,0.0,8.3717406208193e-05,1.419441593039e-05,-0.0073585510253906,-0.0010353851318359,160.09326171875,120.01642608643,0.48949697613716,0.0041634212248027,false,true,true,true,1,0,0.56666666666667
30064,SAMPLE,SEARCHING_LAST_DIRECTION,true,4,5,3,0,14,-0.00045537948608398,-0.069837093353271,0.0,-0.07,-0.00045537948608398,0.00016290664672852,0.0,0.0,5.4416314035326e-05,9.2263703547535e-06,-0.0073585510253906,-0.0010353851318359,160.05932617188,120.01045227051,0.31138160824776,0.0026481691747904,false,true,true,true,1,0,0.53333333333333
30065,SAMPLE,SEARCHING_LAST_DIRECTION,true,4,5,3,0,15,-0.00026369094848633,-0.069789208471775,0.0,-0.07,-0.00026369094848633,0.00021079152822495,0.00019168853759766,4.7884881496429e-05,0.00010246159228214,2.275684925434e-05,-0.0073585510253906,-0.0010353851318359,160.05932617188,120.01045227051,0.31138160824776,0.0026481691747904,false,true,true,true,1,0,0.5
30066,SAMPLE,SEARCHING_LAST_DIRECTION,true,4,5,3,0,16,-0.00026369094848633,-0.069789208471775,0.0,-0.07,-0.00026369094848633,0.00021079152822495,0.0,0.0,6.6600034983392e-05,1.4791952015321e-05,-0.0073585510253906,-0.0010353851318359,160.05932617188,120.01045227051,0.31138160824776,0.0026481691747904,false,true,true,true,1,0,0.46666666666667
30067,SAMPLE,SEARCHING_LAST_DIRECTION,true,4,5,3,0,17,-0.00011968612670898,-0.069789208471775,0.0,-0.07,-0.00011968612670898,0.00021079152822495,0.00014400482177734,0.0,9.3691710361275e-05,9.6147688099587e-06,-0.0073585510253906,-0.0010353851318359,160.03773498535,120.00664520264,0.19805727899075,0.0016843840712681,false,true,true,true,1,0,0.43333333333333
30068,SAMPLE,SEARCHING_LAST_DIRECTION,true,4,5,3,0,18,-0.00011968612670898,-0.069789208471775,0.0,-0.07,-0.00011968612670898,0.00021079152822495,0.0,0.0,6.0899611734829e-05,6.2495997264731e-06,-0.0073585510253906,-0.0010353851318359,160.03773498535,120.00664520264,0.19805727899075,0.0016843840712681,false,true,true,true,1,0,0.4
30069,SAMPLE,SEARCHING_LAST_DIRECTION,true,4,5,3,0,19,-0.00011968612670898,-0.069789208471775,0.0,-0.07,-0.00011968612670898,0.00021079152822495,0.0,0.0,3.9584747627639e-05,4.0622398222075e-06,-0.0073585510253906,-0.0010353851318359,160.03773498535,120.00664520264,0.19805727899075,0.0016843840712681,false,true,true,true,1,0,0.36666666666667
30070,SAMPLE,SEARCHING_LAST_DIRECTION,true,4,5,3,0,20,-7.2002410888672e-05,-0.069837093353271,0.0,-0.07,-7.2002410888672e-05,0.00016290664672852,4.7683715820313e-05,-4.7884881496429e-05,4.2419386495075e-05,-1.4119252639315e-05,-0.0073585510253906,-0.0010353851318359,160.0240020752,120.00422668457,0.12597821652889,0.0010713626397774,false,true,true,true,1,0,0.33333333333333
30071,SAMPLE,SEARCHING_LAST_DIRECTION,true,4,5,3,0,21,-7.2002410888672e-05,-0.069837093353271,0.0,-0.07,-7.2002410888672e-05,0.00016290664672852,0.0,0.0,2.7572601221798e-05,-9.177514215555e-06,-0.0073585510253906,-0.0010353851318359,160.0240020752,120.00422668457,0.12597821652889,0.0010713626397774,false,true,true,true,1,0,0.3
30072,SAMPLE,SEARCHING_LAST_DIRECTION,true,4,5,3,0,22,-7.2002410888672e-05,-0.069837093353271,0.0,-0.07,-7.2002410888672e-05,0.00016290664672852,0.0,0.0,1.7922190794169e-05,-5.9653842401108e-06,-0.0073585510253906,-0.0010353851318359,160.0240020752,120.00422668457,0.12597821652889,0.0010713626397774,false,true,true,true,1,0,0.26666666666667
30073,SAMPLE,SEARCHING_LAST_DIRECTION,true,4,5,3,0,23,-2.3841857910156e-05,-0.069837093353271,0.0,-0.07,-2.3841857910156e-05,0.00016290664672852,4.8160552978516e-05,0.0,2.850561755869e-05,-3.877499756072e-06,-0.0073585510253906,-0.0010353851318359,160.01525878906,120.00268554688,0.08008786290884,0.00068144669057801,false,true,true,true,0,0,0.23333333333333
30074,SAMPLE,SEARCHING_LAST_DIRECTION,true,4,5,3,0,24,-2.3841857910156e-05,-0.069837093353271,0.0,-0.07,-2.3841857910156e-05,0.00016290664672852,0.0,0.0,1.8528651413149e-05,-2.5203748414468e-06,-0.0073585510253906,-0.0010353851318359,160.01525878906,120.00268554688,0.08008786290884,0.00068144669057801,false,true,true,true,0,0,0.2
30075,SAMPLE,SEARCHING_LAST_DIRECTION,true,4,5,3,0,25,-2.3841857910156e-05,-0.069837093353271,0.0,-0.07,-2.3841857910156e-05,0.00016290664672852,0.0,0.0,1.2043623418547e-05,-1.6382436469404e-06,-0.0073585510253906,-0.0010353851318359,160.01525878906,120.00268554688,0.08008786290884,0.00068144669057801,false,true,true,true,0,0,0.16666666666667
30076,SAMPLE,SEARCHING_LAST_DIRECTION,true,4,5,3,0,26,-2.3841857910156e-05,-0.069837093353271,0.0,-0.07,-2.3841857910156e-05,0.00016290664672852,0.0,0.0,7.8283552220553e-06,-1.0648583705113e-06,-0.0073585510253906,-0.0010353851318359,160.00970458984,120.00170898438,0.050935883074999,0.00043343825382181,false,true,true,true,0,0,0.13333333333333
30077,SAMPLE,SEARCHING_LAST_DIRECTION,true,4,5,3,0,27,2.3961067199707e-05,-0.069837093353271,0.0,-0.07,2.3961067199707e-05,0.00016290664672852,4.7802925109863e-05,0.0,2.1819454682788e-05,-6.9215794083233e-07,-0.0073585510253906,-0.0010353851318359,160.00970458984,120.00170898438,0.050935883074999,0.00043343825382181,false,true,true,true,0,0,0.1
30078,SAMPLE,SEARCHING_LAST_DIRECTION,true,4,5,3,0,28,2.3961067199707e-05,-0.069837093353271,0.0,-0.07,2.3961067199707e-05,0.00016290664672852,0.0,0.0,1.4182645543812e-05,-4.4990266154101e-07,-0.0073585510253906,-0.0010353851318359,160.00970458984,120.00170898438,0.050935883074999,0.00043343825382181,false,true,true,true,0,0,0.1
30079,SAMPLE,SEARCHING_LAST_DIRECTION,true,4,5,3,0,29,2.3961067199707e-05,-0.069837093353271,0.0,-0.07,2.3961067199707e-05,0.00016290664672852,0.0,0.0,9.218719603478e-06,-2.9243673000166e-07,-0.0073585510253906,-0.0010353851318359,160.00617980957,120.00109100342,0.032435584813356,0.00027569101075642,false,true,true,true,0,0,0.1
30080,LOST,LOST,true,4,5,3,0,30,2.3961067199707e-05,-0.069837093353271,0.0,-0.07,2.3961067199707e-05,0.00016290664672852,0.0,0.0,5.9921677422607e-06,-1.9008387450108e-07,-0.0073585510253906,-0.0010353851318359,160.00617980957,120.00109100342,0.032435584813356,0.00027569101075642,false,true,true,true,0,0,0.1
30081,SAMPLE,IDLE,true,4,0,0,0,0,2.3961067199707e-05,-0.069837093353271,0.0,-0.07,2.3961067199707e-05,0.00016290664672852,0.0,0.0,3.8949090324694e-06,-1.235545184257e-07,0,0,160.00617980957,120.00109100342,0.032435584813356,0.00027569101075642,false,true,true,true,0,0,0
30082,SAMPLE,IDLE,true,4,0,0,0,0,2.3961067199707e-05,-0.069837093353271,0.0,-0.07,2.3961067199707e-05,0.00016290664672852,0.0,0.0,2.5316908711051e-06,-8.0310436976705e-08,0,0,160.00617980957,120.00109100342,0.032435584813356,0.00027569101075642,false,true,true,true,0,0,0
30083,SAMPLE,IDLE,true,4,0,0,0,0,-2.3841857910156e-05,-0.069837093353271,0.0,-0.07,-2.3841857910156e-05,0.00016290664672852,-4.7802925109863e-05,0.0,-1.5085424722234e-05,-5.2201784034858e-08,0,0,160.00392150879,120.0006942749,0.020582580938935,0.00017535492952447,false,true,true,true,0,0,0
30084,SAMPLE,IDLE,true,4,0,0,0,0,-2.3841857910156e-05,-0.069837093353271,0.0,-0.07,-2.3841857910156e-05,0.00016290664672852,0.0,0.0,-9.805526069452e-06,-3.3931159622658e-08,0,0,160.00392150879,120.0006942749,0.020582580938935,0.00017535492952447,false,true,true,true,0,0,0
30085,SAMPLE,IDLE,true,4,0,0,0,0,-2.3841857910156e-05,-0.069837093353271,0.0,-0.07,-2.3841857910156e-05,0.00016290664672852,0.0,0.0,-6.3735919451438e-06,-2.2055253754728e-08,0,0,160.00250244141,120.00044250488,0.013134409673512,0.00011153555533383,false,true,true,true,0,0,0
30086,SAMPLE,IDLE,true,4,0,0,0,0,-2.3841857910156e-05,-0.069837093353271,0.0,-0.07,-2.3841857910156e-05,0.00016290664672852,0.0,0.0,-4.1428347643435e-06,-1.4335914940573e-08,0,0,160.00250244141,120.00044250488,0.013134409673512,0.00011153555533383,false,true,true,true,0,0,0
30087,SAMPLE,IDLE,true,4,0,0,0,0,-2.3841857910156e-05,-0.069837093353271,0.0,-0.07,-2.3841857910156e-05,0.00016290664672852,0.0,0.0,-2.6928425968232e-06,-9.3183447113724e-09,0,0,160.00250244141,120.00044250488,0.013134409673512,0.00011153555533383,false,true,true,true,0,0,0
30088,SAMPLE,IDLE,true,4,0,0,0,0,-2.3841857910156e-05,-0.069837093353271,0.0,-0.07,-2.3841857910156e-05,0.00016290664672852,0.0,0.0,-1.7503476879351e-06,-6.0569240623921e-09,0,0,160.00158691406,120.0002822876,0.0083291381597519,7.0942864113022e-05,false,true,true,true,0,0,0
30089,SAMPLE,IDLE,true,4,0,0,0,0,-2.3841857910156e-05,-0.069837093353271,0.0,-0.07,-2.3841857910156e-05,0.00016290664672852,0.0,0.0,-1.1377259971578e-06,-3.9370006405549e-09,0,0,160.00158691406,120.0002822876,0.0083291381597519,7.0942864113022e-05,false,true,true,true,0,0,0
30090,SAMPLE,IDLE,true,4,0,0,0,0,-2.3841857910156e-05,-0.069837093353271,0.0,-0.07,-2.3841857910156e-05,0.00016290664672852,0.0,0.0,-7.3952189815258e-07,-2.5590504163607e-09,0,0,160.00158691406,120.0002822876,0.0083291381597519,7.0942864113022e-05,false,true,true,true,0,0,0
30091,SAMPLE,IDLE,true,4,0,0,0,0,-2.3841857910156e-05,-0.069837093353271,0.0,-0.07,-2.3841857910156e-05,0.00016290664672852,0.0,0.0,-4.8068923379918e-07,-1.6633827706344e-09,0,0,160.00100708008,120.00017547607,0.0052857990376651,4.5123637391953e-05,false,true,true,true,0,0,0
30092,SAMPLE,IDLE,true,4,0,0,0,0,-2.3841857910156e-05,-0.069837093353271,0.0,-0.07,-2.3841857910156e-05,0.00016290664672852,0.0,0.0,-3.1244800196947e-07,-1.0811988009124e-09,0,0,160.00100708008,120.00017547607,0.0052857990376651,4.5123637391953e-05,false,true,true,true,0,0,0
30093,SAMPLE,IDLE,true,4,0,0,0,0,-2.3841857910156e-05,-0.069837093353271,0.0,-0.07,-2.3841857910156e-05,0.00016290664672852,0.0,0.0,-2.0309120128015e-07,-7.0277922059305e-10,0,0,160.00064086914,120.00011444092,0.0033636903390288,2.8701160772471e-05,false,true,true,true,0,0,0
30094,SAMPLE,IDLE,true,4,0,0,0,0,-2.3841857910156e-05,-0.069837093353271,0.0,-0.07,-2.3841857910156e-05,0.00016290664672852,0.0,0.0,-1.320092808321e-07,-4.5680649338548e-10,0,0,160.00064086914,120.00011444092,0.0033636903390288,2.8701160772471e-05,false,true,true,true,0,0,0
30095,SAMPLE,IDLE,true,4,0,0,0,0,-2.3841857910156e-05,-0.069837093353271,0.0,-0.07,-2.3841857910156e-05,0.00016290664672852,0.0,0.0,-8.5806032540865e-08,-2.9692422070056e-10,0,0,160.00064086914,120.00011444092,0.0033636903390288,2.8701160772471e-05,false,true,true,true,0,0,0
30096,SAMPLE,IDLE,true,4,0,0,0,0,-2.3841857910156e-05,-0.069837093353271,0.0,-0.07,-2.3841857910156e-05,0.00016290664672852,0.0,0.0,-5.5773921151562e-08,-1.9300074345537e-10,0,0,160.0004119873,120.00006866455,0.0021623722277582,1.8255546820001e-05,false,true,true,true,0,0,0
30097,SAMPLE,IDLE,true,4,0,0,0,0,-2.3841857910156e-05,-0.069837093353271,0.0,-0.07,-2.3841857910156e-05,0.00016290664672852,0.0,0.0,-3.6253048748515e-08,-1.2545048324599e-10,0,0,160.0004119873,120.00006866455,0.0021623722277582,1.8255546820001e-05,false,true,true,true,0,0,0
30098,SAMPLE,IDLE,true,4,0,0,0,0,-2.3841857910156e-05,-0.069837093353271,0.0,-0.07,-2.3841857910156e-05,0.00016290664672852,0.0,0.0,-2.3564481686535e-08,-8.1542814109892e-11,0,0,160.0004119873,120.00006866455,0.0021623722277582,1.8255546820001e-05,false,true,true,true,0,0,0
30099,SAMPLE,IDLE,true,4,0,0,0,0,-2.3841857910156e-05,-0.069837093353271,0.0,-0.07,-2.3841857910156e-05,0.00016290664672852,0.0,0.0,-1.5316913096248e-08,-5.300282917143e-11,0,0,160.00025939941,120.00004577637,0.0013614937197417,1.161155068985e-05,false,true,true,true,0,0,0
30100,SAMPLE,IDLE,true,4,0,0,0,0,-2.3841857910156e-05,-0.069837093353271,0.0,-0.07,-2.3841857910156e-05,0.00016290664672852,0.0,0.0,-9.955993512561e-09,-3.4451838961429e-11,0,0,160.00025939941,120.00004577637,0.0013614937197417,1.161155068985e-05,false,true,true,true,0,0,0
30101,SAMPLE,IDLE,true,4,0,0,0,0,-2.3841857910156e-05,-0.069837093353271,0.0,-0.07,-2.3841857910156e-05,0.00016290664672852,0.0,0.0,-6.4713957831647e-09,-2.2393695324929e-11,0,0,160.00025939941,120.00004577637,0.0013614937197417,1.161155068985e-05,false,true,true,true,0,0,0
30102,SAMPLE,IDLE,true,4,0,0,0,0,-2.3841857910156e-05,-0.069837093353271,0.0,-0.07,-2.3841857910156e-05,0.00016290664672852,0.0,0.0,-4.206407259057e-09,-1.4555901961204e-11,0,0,160.00016784668,120.00003051758,0.00088096654508263,7.3855967457348e-06,false,true,true,true,0,0,0
30103,SAMPLE,IDLE,true,4,0,0,0,0,-2.3841857910156e-05,-0.069837093353271,0.0,-0.07,-2.3841857910156e-05,0.00016290664672852,0.0,0.0,-2.7341647183871e-09,-9.4613362747825e-12,0,0,160.00016784668,120.00003051758,0.00088096654508263,7.3855967457348e-06,false,true,true,true,0,0,0
30104,SAMPLE,IDLE,true,4,0,0,0,0,-2.3841857910156e-05,-0.069837093353271,0.0,-0.07,-2.3841857910156e-05,0.00016290664672852,0.0,0.0,-1.7772070669516e-09,-6.1498685786086e-12,0,0,160.00016784668,120.00003051758,0.00088096654508263,7.3855967457348e-06,false,true,true,true,0,0,0
30105,SAMPLE,IDLE,true,4,0,0,0,0,-2.3841857910156e-05,-0.069837093353271,0.0,-0.07,-2.3841857910156e-05,0.00016290664672852,0.0,0.0,-1.1551845935185e-09,-3.9974145760956e-12,0,0,160.00010681152,120.00001525879,0.00056061503710225,4.6976533667475e-06,false,true,true,true,0,0,0
30106,SAMPLE,IDLE,true,4,0,0,0,0,-2.3841857910156e-05,-0.069837093353271,0.0,-0.07,-2.3841857910156e-05,0.00016290664672852,0.0,0.0,-7.5086998578705e-10,-2.5983194744622e-12,0,0,160.00010681152,120.00001525879,0.00056061503710225,4.6976533667475e-06,false,true,true,true,0,0,0
30107,SAMPLE,IDLE,true,4,0,0,0,0,-2.3841857910156e-05,-0.069837093353271,0.0,-0.07,-2.3841857910156e-05,0.00016290664672852,0.0,0.0,-4.8806549076158e-10,-1.6889076584004e-12,0,0,160.00010681152,120.00001525879,0.00056061503710225,4.6976533667475e-06,false,true,true,true,0,0,0
30108,SAMPLE,IDLE,true,4,0,0,0,0,-2.3841857910156e-05,-0.069837093353271,0.0,-0.07,-2.3841857910156e-05,0.00016290664672852,0.0,0.0,-3.1724256899503e-10,-1.0977899779603e-12,0,0,160.00006103516,120.00001525879,0.00032035144977272,2.9879706744396e-06,false,true,true,true,0,0,0
30109,SAMPLE,IDLE,true,4,0,0,0,0,-2.3841857910156e-05,-0.069837093353271,0.0,-0.07,-2.3841857910156e-05,0.00016290664672852,0.0,0.0,-2.0620766984677e-10,-7.1356348567417e-13,0,0,160.00006103516,120.00001525879,0.00032035144977272,2.9879706744396e-06,false,true,true,true,0,0,0
30110,SAMPLE,IDLE,true,4,0,0,0,0,-2.3841857910156e-05,-0.069837093353271,0.0,-0.07,-2.3841857910156e-05,0.00016290664672852,0.0,0.0,-1.340349854004e-10,-4.6381626568821e-13,0,0,160.00004577637,120.00000762939,0.00024026360188145,1.9005167359865e-06,false,true,true,true,0,0,0
30111,SAMPLE,IDLE,true,4,0,0,0,0,-2.3841857910156e-05,-0.069837093353271,0.0,-0.07,-2.3841857910156e-05,0.00016290664672852,0.0,0.0,-8.712274051026e-11,-3.0148057269734e-13,0,0,160.00004577637,120.00000762939,0.00024026360188145,1.9005167359865e-06,false,true,true,true,0,0,0
30112,SAMPLE,IDLE,true,4,0,0,0,0,-2.3841857910156e-05,-0.069837093353271,0.0,-0.07,-2.3841857910156e-05,0.00016290664672852,0.0,0.0,-5.6629781331669e-11,-1.9596237225327e-13,0,0,160.00004577637,120.00000762939,0.00024026360188145,1.9005167359865e-06,false,true,true,true,0,0,0
30113,SAMPLE,IDLE,true,4,0,0,0,0,-2.3841857910156e-05,-0.069837093353271,0.0,-0.07,-2.3841857910156e-05,0.00016290664672852,0.0,0.0,-3.6809357865585e-11,-1.2737554196462e-13,0,0,160.00003051758,120.00000762939,0.00016017572488636,1.2088351013517e-06,false,true,true,true,0,0,0
30114,SAMPLE,IDLE,true,4,0,0,0,0,-2.3841857910156e-05,-0.069837093353271,0.0,-0.07,-2.3841857910156e-05,0.00016290664672852,0.0,0.0,-2.392608261263e-11,-8.2794102277006e-14,0,0,160.00003051758,120.00000762939,0.00016017572488636,1.2088351013517e-06,false,true,true,true,0,0,0
30115,SAMPLE,IDLE,true,4,0,0,0,0,-2.3841857910156e-05,-0.069837093353271,0.0,-0.07,-2.3841857910156e-05,0.00016290664672852,0.0,0.0,-1.555195369821e-11,-5.3816166480054e-14,0,0,160.00001525879,120.0,8.0087862443179e-05,7.6888687772225e-07,false,true,true,true,0,0,0
30116,SAMPLE,IDLE,true,4,0,0,0,0,-2.3841857910156e-05,-0.069813169538975,0.0,-0.07,-2.3841857910156e-05,0.00018683046102524,0.0,2.3923814296722e-05,-1.0108769903836e-11,8.3733349688723e-06,0,0,160.00001525879,120.0,8.0087862443179e-05,7.6888687772225e-07,false,true,true,true,0,0,0
30117,SAMPLE,IDLE,true,4,0,0,0,0,-2.3841857910156e-05,-0.069813169538975,0.0,-0.07,-2.3841857910156e-05,0.00018683046102524,0.0,0.0,-6.5707004374935e-12,5.442667729767e-06,0,0,160.00001525879,120.0,8.0087862443179e-05,7.6888687772225e-07,false,true,true,true,0,0,0
30118,SAMPLE,IDLE,true,4,0,0,0,0,-2.3841857910156e-05,-0.069813169538975,0.0,-0.07,-2.3841857910156e-05,0.00018683046102524,0.0,0.0,-4.2709552843708e-12,3.5377340243486e-06,0,0,160.00001525879,120.0,8.0087862443179e-05,4.8905513949649e-07,false,true,true,true,0,0,0
30119,SAMPLE,IDLE,true,4,0,0,0,0,-2.3841857910156e-05,-0.069813169538975,0.0,-0.07,-2.3841857910156e-05,0.00018683046102524,0.0,0.0,-2.776120934841e-12,2.2995271158266e-06,0,0,160.00001525879,120.0,8.0087862443179e-05,4.8905513949649e-07,false,true,true,true,0,0,0
30120,SAMPLE,IDLE,true,4,0,0,0,0,-2.3841857910156e-05,-0.069813169538975,0.0,-0.07,-2.3841857910156e-05,0.00018683046102524,0.0,0.0,-1.8044786076467e-12,1.4946926252873e-06,0,0,160.00001525879,120.0,8.0087862443179e-05,4.8905513949649e-07,false,true,true,true,0,0,0
30121,SAMPLE,IDLE,true,4,0,0,0,0,0.0,-0.069813169538975,0.0,-0.07,0.0,0.00018683046102524,2.3841857910156e-05,0.0,8.3446490956436e-06,9.7155020643672e-07,0,0,160.0,120.0,0.0,3.1106648634704e-07,false,true,true,true,0,0,0
30122,SAMPLE,IDLE,true,4,0,0,0,0,0.0,-0.069813169538975,0.0,-0.07,0.0,0.00018683046102524,0.0,0.0,5.4240219121683e-06,6.3150763418387e-07,0,0,160.0,120.0,0.0,3.1106648634704e-07,false,true,true,true,0,0,0
30123,SAMPLE,IDLE,true,4,0,0,0,0,0.0,-0.069813169538975,0.0,-0.07,0.0,0.00018683046102524,0.0,0.0,3.5256142429094e-06,4.1047996221952e-07,0,0,160.0,120.0,0.0,3.1106648634704e-07,false,true,true,true,0,0,0
30124,SAMPLE,IDLE,true,4,0,0,0,0,0.0,-0.069813169538975,0.0,-0.07,0.0,0.00018683046102524,0.0,0.0,2.2916492578911e-06,2.6681197544269e-07,0,0,160.0,120.0,0.0,1.9785571225839e-07,false,true,true,true,0,0,0
30125,SAMPLE,IDLE,true,4,0,0,0,0,0.0,-0.069813169538975,0.0,-0.07,0.0,0.00018683046102524,0.0,0.0,1.4895720176292e-06,1.7342778403775e-07,0,0,160.0,120.0,0.0,1.9785571225839e-07,false,true,true,true,0,0,0
30126,SAMPLE,IDLE,true,4,0,0,0,0,0.0,-0.069813169538975,0.0,-0.07,0.0,0.00018683046102524,0.0,0.0,9.68221811459e-07,1.1272805962453e-07,0,0,160.0,120.0,0.0,1.258473218968e-07,false,true,true,true,0,0,0
30127,SAMPLE,IDLE,true,4,0,0,0,0,0.0,-0.069813169538975,0.0,-0.07,0.0,0.00018683046102524,0.0,0.0,6.2934417744835e-07,7.3273238755947e-08,0,0,160.0,120.0,0.0,1.258473218968e-07,false,true,true,true,0,0,0
30128,SAMPLE,IDLE,true,4,0,0,0,0,0.0,-0.069813169538975,0.0,-0.07,0.0,0.00018683046102524,0.0,0.0,4.0907371534143e-07,4.7627605191366e-08,0,0,160.0,120.0,0.0,1.258473218968e-07,false,true,true,true,0,0,0
30129,SAMPLE,IDLE,true,4,0,0,0,0,0.0,-0.069813169538975,0.0,-0.07,0.0,0.00018683046102524,0.0,0.0,2.6589791497193e-07,3.0957943374388e-08,0,0,160.0,120.0,0.0,8.0045943207097e-08,false,true,true,true,0,0,0
30130,SAMPLE,IDLE,true,4,0,0,0,0,0.0,-0.069813169538975,0.0,-0.07,0.0,0.00018683046102524,0.0,0.0,1.7283364473175e-07,2.0122663193352e-08,0,0,160.0,120.0,0.0,8.0045943207097e-08,false,true,true,true,0,0,0
30131,SAMPLE,IDLE,true,4,0,0,0,0,0.0,-0.069813169538975,0.0,-0.07,0.0,0.00018683046102524,0.0,0.0,1.1234186907564e-07,1.3079731075679e-08,0,0,160.0,120.0,0.0,8.0045943207097e-08,false,true,true,true,0,0,0
30132,SAMPLE,IDLE,true,4,0,0,0,0,0.0,-0.069813169538975,0.0,-0.07,0.0,0.00018683046102524,0.0,0.0,7.3022214899166e-08,8.5018251991913e-09,0,0,160.0,120.0,0.0,5.0913705251787e-08,false,true,true,true,0,0,0
30133,SAMPLE,IDLE,true,4,0,0,0,0,0.0,-0.069813169538975,0.0,-0.07,0.0,0.00018683046102524,0.0,0.0,4.7464439684458e-08,5.5261863794743e-09,0,0,160.0,120.0,0.0,5.0913705251787e-08,false,true,true,true,0,0,0
30134,SAMPLE,IDLE,true,4,0,0,0,0,0.0,-0.069813169538975,0.0,-0.07,0.0,0.00018683046102524,0.0,0.0,3.0851885794897e-08,3.5920211466583e-09,0,0,160.0,120.0,0.0,5.0913705251787e-08,false,true,true,true,0,0,0
30135,SAMPLE,IDLE,true,4,0,0,0,0,0.0,-0.069813169538975,0.0,-0.07,0.0,0.00018683046102524,0.0,0.0,2.0053725766683e-08,2.3348137453279e-09,0,0,160.0,120.0,0.0,3.2383969283956e-08,false,true,true,true,0,0,0
30136,SAMPLE,IDLE,true,4,0,0,0,0,0.0,-0.069813169538975,0.0,-0.07,0.0,0.00018683046102524,0.0,0.0,1.3034921748344e-08,1.5176289344631e-09,0,0,160.0,120.0,0.0,3.2383969283956e-08,false,true,true,true,0,0,0
30137,SAMPLE,IDLE,true,4,0,0,0,0,0.0,-0.069813169538975,0.0,-0.07,0.0,0.00018683046102524,0.0,0.0,8.4726991364237e-09,9.8645880740104e-10,0,0,160.0,120.0,0.0,2.3951184147109e-08,false,true,true,true,0,0,0
30138,SAMPLE,IDLE,true,4,0,0,0,0,0.0,-0.069813169538975,0.0,-0.07,0.0,0.00018683046102524,0.0,0.0,5.5072544386754e-09,6.4119822481067e-10,0,0,160.0,120.0,0.0,2.3951184147109e-08,false,true,true,true,0,0,0
30139,SAMPLE,IDLE,true,4,0,0,0,0,0.0,-0.069813169538975,0.0,-0.07,0.0,0.00018683046102524,0.0,0.0,3.579715385139e-09,4.1677884612694e-10,0,0,160.0,120.0,0.0,2.3951184147109e-08,false,true,true,true,0,0,0
30140,SAMPLE,IDLE,true,4,0,0,0,0,0.0,-0.069813169538975,0.0,-0.07,0.0,0.00018683046102524,0.0,0.0,2.3268150003404e-09,2.7090624998251e-10,0,0,160.0,120.0,0.0,1.7714297584348e-08,false,true,true,true,0,0,0
30141,SAMPLE,IDLE,true,4,0,0,0,0,0.0,-0.069813169538975,0.0,-0.07,0.0,0.00018683046102524,0.0,0.0,1.5124297502212e-09,1.7608906248863e-10,0,0,160.0,120.0,0.0,1.7714297584348e-08,false,true,true,true,0,0,0
30142,SAMPLE,IDLE,true,4,0,0,0,0,0.0,-0.069813169538975,0.0,-0.07,0.0,0.00018683046102524,0.0,0.0,9.830793376438e-10,1.1445789061761e-10,0,0,160.0,120.0,0.0,1.1267284882877e-08,false,true,true,true,0,0,0
30143,SAMPLE,IDLE,true,4,0,0,0,0,0.0,-0.069813169538975,0.0,-0.07,0.0,0.00018683046102524,0.0,0.0,6.3900156946847e-10,7.4397628901447e-11,0,0,160.0,120.0,0.0,1.1267284882877e-08,false,true,true,true,0,0,0
30144,SAMPLE,IDLE,true,4,0,0,0,0,0.0,-0.069813169538975,0.0,-0.07,0.0,0.00018683046102524,0.0,0.0,4.1535102015451e-10,4.835845878594e-11,0,0,160.0,120.0,0.0,1.1267284882877e-08,false,true,true,true,0,0,0
30145,SAMPLE,IDLE,true,4,0,0,0,0,0.0,-0.069813169538975,0.0,-0.07,0.0,0.00018683046102524,0.0,0.0,2.6997816310043e-10,3.1432998210861e-11,0,0,160.0,120.0,0.0,7.1666246270752e-09,false,true,true,true,0,0,0
30146,SAMPLE,IDLE,true,4,0,0,0,0,0.0,-0.069813169538975,0.0,-0.07,0.0,0.00018683046102524,0.0,0.0,1.7548580601528e-10,2.043144883706e-11,0,0,160.0,120.0,0.0,7.1666246270752e-09,false,true,true,true,0,0,0
30147,SAMPLE,IDLE,true,4,0,0,0,0,0.0,-0.069813169538975,0.0,-0.07,0.0,0.00018683046102524,0.0,0.0,1.1406577390993e-10,1.3280441744089e-11,0,0,160.0,120.0,0.0,5.3004360900388e-09,false,true,true,true,0,0,0
30148,SAMPLE,IDLE,true,4,0,0,0,0,0.0,-0.069813169538975,0.0,-0.07,0.0,0.00018683046102524,0.0,0.0,7.4142753041456e-11,8.6322871336578e-12,0,0,160.0,120.0,0.0,5.3004360900388e-09,false,true,true,true,0,0,0
30149,SAMPLE,IDLE,true,4,0,0,0,0,0.0,-0.069813169538975,0.0,-0.07,0.0,0.00018683046102524,0.0,0.0,4.8192789476946e-11,5.6109866368776e-12,0,0,160.0,120.0,0.0,5.3004360900388e-09,false,true,true,true,0,0,0
30150,SAMPLE,IDLE,true,4,0,0,0,0,0.0,-0.069813169538975,0.0,-0.07,0.0,0.00018683046102524,0.0,0.0,3.1325313160015e-11,3.6471413139704e-12,0,0,160.0,120.0,0.0,3.9202023849327e-09,false,true,true,true,0,0,0
30151,SAMPLE,IDLE,true,4,0,0,0,0,0.0,-0.069813169538975,0.0,-0.07,0.0,0.00018683046102524,0.0,0.0,2.036145355401e-11,2.3706418540808e-12,0,0,160.0,120.0,0.0,3.9202023849327e-09,false,true,true,true,0,0,0
30152,SAMPLE,IDLE,true,4,0,0,0,0,0.0,-0.069813169538975,0.0,-0.07,0.0,0.00018683046102524,0.0,0.0,1.3234944810106e-11,1.5409172051525e-12,0,0,160.0,120.0,0.0,2.4934683207078e-09,false,true,true,true,0,0,0
30153,SAMPLE,IDLE,true,4,0,0,0,0,0.0,-0.069813169538975,0.0,-0.07,0.0,0.00018683046102524,0.0,0.0,8.6027141265691e-12,1.0015961833491e-12,0,0,160.0,120.0,0.0,2.4934683207078e-09,false,true,true,true,0,0,0
30154,SAMPLE,IDLE,true,4,0,0,0,0,0.0,-0.069813169538975,0.0,-0.07,0.0,0.00018683046102524,0.0,0.0,5.5917641822699e-12,6.5103751917693e-13,0,0,160.0,120.0,0.0,2.4934683207078e-09,false,true,true,true,0,0,0
30155,SAMPLE,IDLE,true,4,0,0,0,0,0.0,-0.069813169538975,0.0,-0.07,0.0,0.00018683046102524,0.0,0.0,3.6346467184755e-12,4.23174387465e-13,0,0,160.0,120.0,0.0,1.5859856761224e-09,false,true,true,true,0,0,0
30156,SAMPLE,IDLE,true,4,0,0,0,0,0.0,-0.069813169538975,0.0,-0.07,0.0,0.00018683046102524,0.0,0.0,2.362520367009e-12,2.7506335185225e-13,0,0,160.0,120.0,0.0,1.5859856761224e-09,false,true,true,true,0,0,0
30157,SAMPLE,IDLE,true,4,0,0,0,0,0.0,-0.069813169538975,0.0,-0.07,0.0,0.00018683046102524,0.0,0.0,1.5356382385559e-12,1.7879117870396e-13,0,0,160.0,120.0,0.0,1.1729950344375e-09,false,true,true,true,0,0,0
30158,SAMPLE,IDLE,true,4,0,0,0,0,0.0,-0.069813169538975,0.0,-0.07,0.0,0.00018683046102524,0.0,0.0,9.9816485506132e-13,1.1621426615758e-13,0,0,160.0,120.0,0.0,1.1729950344375e-09,false,true,true,true,0,0,0
30159,SAMPLE,IDLE,true,4,0,0,0,0,0.0,-0.069813169538975,0.0,-0.07,0.0,0.00018683046102524,0.0,0.0,6.4880715578986e-13,7.5539273002425e-14,0,0,160.0,120.0,0.0,1.1729950344375e-09,false,true,true,true,0,0,0
30160,SAMPLE,IDLE,true,4,0,0,0,0,0.0,-0.069813169538975,0.0,-0.07,0.0,0.00018683046102524,0.0,0.0,4.2172465126341e-13,4.9100527451576e-14,0,0,160.0,120.0,0.0,7.4609057820751e-10,false,true,true,true,0,0,0
30161,SAMPLE,IDLE,true,4,0,0,0,0,0.0,-0.069813169538975,0.0,-0.07,0.0,0.00018683046102524,0.0,0.0,2.7412102332122e-13,3.1915342843525e-14,0,0,160.0,120.0,0.0,7.4609057820751e-10,false,true,true,true,0,0,0
30162,SAMPLE,IDLE,true,4,0,0,0,0,0.0,-0.069813169538975,0.0,-0.07,0.0,0.00018683046102524,0.0,0.0,1.7817866515879e-13,2.0744972848291e-14,0,0,160.0,120.0,0.0,4.7455539498031e-10,false,true,true,true,0,0,0
30163,SAMPLE,IDLE,true,4,0,0,0,0,0.0,-0.069813169538975,0.0,-0.07,0.0,0.00018683046102524,0.0,0.0,1.1581613235321e-13,1.3484232351389e-14,0,0,160.0,120.0,0.0,4.7455539498031e-10,false,true,true,true,0,0,0
30164,SAMPLE,IDLE,true,4,0,0,0,0,0.0,-0.069813169538975,0.0,-0.07,0.0,0.00018683046102524,0.0,0.0,7.5280486029589e-14,8.7647510284029e-15,0,0,160.0,120.0,0.0,4.7455539498031e-10,false,true,true,true,0,0,0
30165,SAMPLE,IDLE,true,4,0,0,0,0,0.0,-0.069813169538975,0.0,-0.07,0.0,0.00018683046102524,0.0,0.0,4.8932315919233e-14,5.6970881684619e-15,0,0,160.0,120.0,0.0,3.0184382771026e-10,false,true,true,true,0,0,0
30166,SAMPLE,IDLE,true,4,0,0,0,0,0.0,-0.069813169538975,0.0,-0.07,0.0,0.00018683046102524,0.0,0.0,3.1806005347501e-14,3.7031073095002e-15,0,0,160.0,120.0,0.0,3.0184382771026e-10,false,true,true,true,0,0,0
30167,SAMPLE,IDLE,true,4,0,0,0,0,0.0,-0.069813169538975,0.0,-0.07,0.0,0.00018683046102524,0.0,0.0,2.0673903475876e-14,2.4070197511752e-15,0,0,160.0,120.0,0.0,1.9198957701416e-10,false,true,true,true,0,0,0
30168,SAMPLE,IDLE,true,4,0,0,0,0,0.0,-0.069813169538975,0.0,-0.07,0.0,0.00018683046102524,0.0,0.0,1.3438037259319e-14,1.5645628382639e-15,0,0,160.0,120.0,0.0,1.9198957701416e-10,false,true,true,true,0,0,0
30169,SAMPLE,IDLE,true,4,0,0,0,0,0.0,-0.069813169538975,0.0,-0.07,0.0,0.00018683046102524,0.0,0.0,8.7347242185575e-15,1.0169658448715e-15,0,0,160.0,120.0,0.0,1.9198957701416e-10,false,true,true,true,0,0,0
30170,SAMPLE,IDLE,true,4,0,0,0,0,0.0,-0.069813169538975,0.0,-0.07,0.0,0.00018683046102524,0.0,0.0,5.6775707420624e-15,6.6102779916648e-16,0,0,160.0,120.0,0.0,1.2211613664714e-10,false,true,true,true,0,0,0
30171,SAMPLE,IDLE,true,4,0,0,0,0,0.0,-0.069813169538975,0.0,-0.07,0.0,0.00018683046102524,0.0,0.0,3.6904209823406e-15,4.2966806945821e-16,0,0,160.0,120.0,0.0,1.2211613664714e-10,false,true,true,true,0,0,0
30172,SAMPLE,IDLE,true,4,0,0,0,0,0.0,-0.069813169538975,0.0,-0.07,0.0,0.00018683046102524,0.0,0.0,2.3987736385214e-15,2.7928424514784e-16,0,0,160.0,120.0,0.0,1.2211613664714e-10,false,true,true,true,0,0,0
30173,SAMPLE,IDLE,true,4,0,0,0,0,0.0,-0.069813169538975,0.0,-0.07,0.0,0.00018683046102524,0.0,0.0,1.5592028650389e-15,1.8153475934609e-16,0,0,160.0,120.0,0.0,7.7672708542753e-11,false,true,true,true,0,0,0
30174,SAMPLE,IDLE,true,4,0,0,0,0,0.0,-0.069813169538975,0.0,-0.07,0.0,0.00018683046102524,0.0,0.0,1.0134818622753e-15,1.1799759357496e-16,0,0,160.0,120.0,0.0,7.7672708542753e-11,false,true,true,true,0,0,0
30175,SAMPLE,IDLE,true,4,0,0,0,0,0.0,-0.069813169538975,0.0,-0.07,0.0,0.00018683046102524,0.0,0.0,6.5876321047893e-16,7.6698435823725e-17,0,0,160.0,120.0,0.0,5.7446738338518e-11,false,true,true,true,0,0,0
30176,SAMPLE,IDLE,true,4,0,0,0,0,0.0,-0.069813169538975,0.0,-0.07,0.0,0.00018683046102524,0.0,0.0,4.281960868113e-16,4.9853983285421e-17,0,0,160.0,120.0,0.0,5.7446738338518e-11,false,true,true,true,0,0,0
30177,SAMPLE,IDLE,true,4,0,0,0,0,0.0,-0.069813169538975,0.0,-0.07,0.0,0.00018683046102524,0.0,0.0,2.7832745642735e-16,3.2405089135524e-17,0,0,160.0,120.0,0.0,5.7446738338518e-11,false,true,true,true,0,0,0
30178,SAMPLE,IDLE,true,4,0,0,0,0,0.0,-0.069813169538975,0.0,-0.07,0.0,0.00018683046102524,0.0,0.0,1.8091284667778e-16,2.106330793809e-17,0,0,160.0,120.0,0.0,3.6539344466791e-11,false,true,true,true,0,0,0
30179,SAMPLE,IDLE,true,4,0,0,0,0,0.0,-0.069813169538975,0.0,-0.07,0.0,0.00018683046102524,0.0,0.0,1.1759335034055e-16,1.3691150159759e-17,0,0,160.0,120.0,0.0,3.6539344466791e-11,false,true,true,true,0,0,0
30180,SAMPLE,IDLE,true,4,0,0,0,0,0.0,-0.069813169538975,0.0,-0.07,0.0,0.00018683046102524,0.0,0.0,7.643567772136e-17,8.8992476038432e-18,0,0,160.0,120.0,0.0,2.3241068791702e-11,false,true,true,true,0,0,0
30181,SAMPLE,IDLE,true,4,0,0,0,0,0.0,-0.069813169538975,0.0,-0.07,0.0,0.00018683046102524,0.0,0.0,4.9683190518884e-17,5.7845109424981e-18,0,0,160.0,120.0,0.0,2.3241068791702e-11,false,true,true,true,0,0,0
30182,SAMPLE,IDLE,true,4,0,0,0,0,0.0,-0.069813169538975,0.0,-0.07,0.0,0.00018683046102524,0.0,0.0,3.2294073837275e-17,3.7599321126238e-18,0,0,160.0,120.0,0.0,2.3241068791702e-11,false,true,true,true,0,0,0
30183,SAMPLE,IDLE,true,4,0,0,0,0,0.0,-0.069813169538975,0.0,-0.07,0.0,0.00018683046102524,0.0,0.0,2.0991147994229e-17,2.4439558732054e-18,0,0,160.0,120.0,0.0,1.4782621307607e-11,false,true,true,true,0,0,0
30184,SAMPLE,IDLE,true,4,0,0,0,0,0.0,-0.069813169538975,0.0,-0.07,0.0,0.00018683046102524,0.0,0.0,1.3644246196249e-17,1.5885713175835e-18,0,0,160.0,120.0,0.0,1.4782621307607e-11,false,true,true,true,0,0,0
30185,SAMPLE,IDLE,true,4,0,0,0,0,0.0,-0.069813169538975,0.0,-0.07,0.0,0.00018683046102524,0.0,0.0,8.8687600275616e-18,1.0325713564293e-18,0,0,160.0,120.0,0.0,1.4782621307607e-11,false,true,true,true,0,0,0
30186,SAMPLE,IDLE,true,4,0,0,0,0,0.0,-0.069813169538975,0.0,-0.07,0.0,0.00018683046102524,0.0,0.0,5.764694017915e-18,6.7117138167904e-19,0,0,160.0,120.0,0.0,9.4025759400651e-12,false,true,true,true,0,0,0
30187,SAMPLE,IDLE,true,4,0,0,0,0,0.0,-0.069813169538975,0.0,-0.07,0.0,0.00018683046102524,0.0,0.0,3.7470511116448e-18,4.3626139809138e-19,0,0,160.0,120.0,0.0,9.4025759400651e-12,false,true,true,true,0,0,0
30188,SAMPLE,IDLE,true,4,0,0,0,0,0.0,-0.069813169538975,0.0,-0.07,0.0,0.00018683046102524,0.0,0.0,2.4355832225691e-18,2.835699087594e-19,0,0,160.0,120.0,0.0,5.9805654352429e-12,false,true,true,true,0,0,0
30189,SAMPLE,IDLE,true,4,0,0,0,0,0.0,-0.069813169538975,0.0,-0.07,0.0,0.00018683046102524,0.0,0.0,1.5831290946699e-18,1.8432044069361e-19,0,0,160.0,120.0,0.0,5.9805654352429e-12,false,true,true,true,0,0,0
30190,SAMPLE,IDLE,true,4,0,0,0,0,0.0,-0.069813169538975,0.0,-0.07,0.0,0.00018683046102524,0.0,0.0,1.0290339115354e-18,1.1980828645084e-19,0,0,160.0,120.0,0.0,5.9805654352429e-12,false,true,true,true,0,0,0
30191,SAMPLE,IDLE,true,4,0,0,0,0,0.0,-0.069813169538975,0.0,-0.07,0.0,0.00018683046102524,0.0,0.0,6.6887204249804e-19,7.7875386193049e-20,0,0,160.0,120.0,0.0,3.8039749301888e-12,false,true,true,true,0,0,0
30192,SAMPLE,IDLE,true,4,0,0,0,0,0.0,-0.069813169538975,0.0,-0.07,0.0,0.00018683046102524,0.0,0.0,4.3476682762373e-19,5.0619001025482e-20,0,0,160.0,120.0,0.0,3.8039749301888e-12,false,true,true,true,0,0,0
30193,SAMPLE,IDLE,true,4,0,0,0,0,0.0,-0.069813169538975,0.0,-0.07,0.0,0.00018683046102524,0.0,0.0,2.8259843795542e-19,3.2902350666563e-20,0,0,160.0,120.0,0.0,3.8039749301888e-12,false,true,true,true,0,0,0
30194,SAMPLE,IDLE,true,4,0,0,0,0,-0.091392993927002,-0.069813169538975,0.0,-0.07,-0.091392993927002,0.00018683046102524,-0.091392993927002,0.0,-0.031987547874451,2.1386527933266e-20,0,0,177.4693145752,120.0,91.307106018066,0.77988004684448,true,false,false,false,0,0,0
30195,ACQUIRED,ACQUIRED,true,5,0,0,0,0,-0.091392993927002,-0.069813169538975,0.0,-0.07,-0.091392993927002,0.00018683046102524,0.0,0.0,-0.020791906118393,1.3901243156623e-20,-0.091392993927002,0.00018683046102524,177.4693145752,120.0,91.307106018066,0.77988004684448,true,false,false,false,27,0,0
30196,ALIGNING,ALIGNING,true,5,0,0,0,0,-0.13261938095093,-0.069813169538975,0.0,-0.07,-0.13261938095093,0.00018683046102524,-0.041226387023926,0.0,-0.027943974435329,9.0358080518049e-21,-0.091392993927002,0.00018683046102524,185.41949462891,120.0,132.24591064453,1.1347992420197,true,false,false,false,40,0,0
30197,SAMPLE,ALIGNING,true,5,0,0,0,0,-0.13261938095093,-0.069813169538975,0.0,-0.07,-0.13261938095093,0.00018683046102524,0.0,0.0,-0.018163583382964,5.8732752336732e-21,-0.13261938095093,0.00018683046102524,185.41949462891,120.0,132.24591064453,1.1347992420197,true,false,false,false,39,0,0
30198,SAMPLE,ALIGNING,true,5,0,0,0,0,-0.13261938095093,-0.069813169538975,0.0,-0.07,-0.13261938095093,0.00018683046102524,0.0,0.0,-0.011806329198927,3.8176289018876e-21,-0.13261938095093,0.00018683046102524,185.41949462891,120.0,132.24591064453,1.1347992420197,true,false,false,false,38,0,0
30199,SAMPLE,ALIGNING,true,5,0,0,0,0,-0.084633827209473,-0.069813169538975,0.0,-0.07,-0.084633827209473,0.00018683046102524,0.047985553741455,0.0,0.0091208298302069,2.4814587862269e-21,-0.084633827209473,0.00018683046102524,176.16822814941,120.0,84.557258605957,0.72179591655731,true,false,false,false,23,0,0
30200,SAMPLE,ALIGNING,true,5,0,0,0,0,-0.084633827209473,-0.069813169538975,0.0,-0.07,-0.084633827209473,0.00018683046102524,0.0,0.0,0.0059285393896345,1.6129482110475e-21,-0.084633827209473,0.00018683046102524,176.16822814941,120.0,84.557258605957,0.72179591655731,true,false,false,false,23,0,0
30201,SAMPLE,ALIGNING,true,5,0,0,0,0,-0.084633827209473,-0.069813169538975,0.0,-0.07,-0.084633827209473,0.00018683046102524,0.0,0.0,0.0038535506032624,1.0484163371809e-21,-0.084633827209473,0.00018683046102524,176.16822814941,120.0,84.557258605957,0.72179591655731,true,false,false,false,23,0,0
30202,SAMPLE,ALIGNING,true,5,0,0,0,0,-0.053905963897705,-0.069813169538975,0.0,-0.07,-0.053905963897705,0.00018683046102524,0.030727863311768,0.0,0.013259560051239,6.8147061916757e-22,-0.053905963897705,0.00018683046102524,170.2839050293,120.0,53.898040771484,0.45910266041756,true,false,false,false,14,0,0
30203,SAMPLE,ALIGNING,true,5,0,0,0,0,-0.053905963897705,-0.069813169538975,0.0,-0.07,-0.053905963897705,0.00018683046102524,0.0,0.0,0.0086187140333055,4.4295590245892e-22,-0.053905963897705,0.00018683046102524,170.2839050293,120.0,53.898040771484,0.45910266041756,true,false,false,false,14,0,0
30204,SAMPLE,ALIGNING,true,5,0,0,0,0,-0.053905963897705,-0.069813169538975,0.0,-0.07,-0.053905963897705,0.00018683046102524,0.0,0.0,0.0056021641216486,2.879213365983e-22,-0.053905963897705,0.00018683046102524,166.54113769531,120.0,34.311847686768,0.29201501607895,true,false,false,false,15,0,0
30205,SAMPLE,ALIGNING,true,5,0,0,0,0,-0.03425121307373,-0.069813169538975,0.0,-0.07,-0.03425121307373,0.00018683046102524,0.019654750823975,0.0,0.010520569467463,1.8714886878889e-22,-0.03425121307373,0.00018683046102524,166.54113769531,120.0,34.311847686768,0.29201501607895,true,false,false,true,9,0,0
30206,SAMPLE,ALIGNING,true,5,0,0,0,0,-0.03425121307373,-0.069813169538975,0.0,-0.07,-0.03425121307373,0.00018683046102524,0.0,0.0,0.0068383701538507,1.2164676471278e-22,-0.03425121307373,0.00018683046102524,166.54113769531,120.0,34.311847686768,0.29201501607895,true,false,false,true,9,0,0
30207,SAMPLE,ALIGNING,true,5,0,0,0,0,-0.02533483505249,-0.069813169538975,0.0,-0.07,-0.02533483505249,0.00018683046102524,0.0089163780212402,0.0,0.0075656729074371,7.9070397063308e-23,-0.02533483505249,0.00018683046102524,164.83782958984,120.0,25.383834838867,0.21597430109978,true,false,false,true,6,0,0
30208,SAMPLE,ALIGNING,true,5,0,0,0,0,-0.02533483505249,-0.069813169538975,0.0,-0.07,-0.02533483505249,0.00018683046102524,0.0,0.0,0.0049176873898341,5.139575809115e-23,-0.02533483505249,0.00018683046102524,164.83782958984,120.0,25.383834838867,0.21597430109978,true,false,false,true,7,0,0
30209,SAMPLE,ALIGNING,true,5,1,0,0,0,-0.016083240509033,-0.069813169538975,0.0,-0.07,-0.016083240509033,0.00018683046102524,0.009251594543457,0.0,0.0064345548936021,3.3407242759248e-23,-0.016083240509033,0.00018683046102524,163.07713317871,120.0,16.148653030396,0.137371763587,false,false,true,true,4,0,0
30210,SAMPLE,ALIGNING,true,5,2,0,0,0,-0.016083240509033,-0.069813169538975,0.0,-0.07,-0.016083240509033,0.00018683046102524,0.0,0.0,0.0041824606808414,2.1714707793511e-23,-0.016083240509033,0.00018683046102524,163.07713317871,120.0,16.148653030396,0.137371763587,false,false,true,true,4,0,0
30211,SAMPLE,ALIGNING,true,5,3,0,0,0,-0.016083240509033,-0.069813169538975,0.0,-0.07,-0.016083240509033,0.00018683046102524,0.0,0.0,0.0027185994425469,1.4114560065782e-23,-0.016083240509033,0.00018683046102524,163.07713317871,120.0,16.148653030396,0.137371763587,false,false,true,true,4,0,0
30212,SAMPLE,ALIGNING,true,5,4,0,0,0,-0.010186672210693,-0.069813169538975,0.0,-0.07,-0.010186672210693,0.00018683046102524,0.0058965682983398,0.0,0.0038308885420744,9.1744640427584e-24,-0.010186672210693,0.00018683046102524,161.95722961426,120.0,10.272249221802,0.087376140058041,false,false,true,true,3,0,0
30213,STABLE,STABLE,true,5,5,0,0,0,-0.010186672210693,-0.069813169538975,0.0,-0.07,-0.010186672210693,0.00018683046102524,0.0,0.0,0.0024900775523484,5.9634016277929e-24,-0.010186672210693,0.00018683046102524,161.95722961426,120.0,10.272249221802,0.087376140058041,false,false,true,true,1,0,0
30214,SAMPLE,STABLE,true,5,5,0,0,0,-0.0075020790100098,-0.069813169538975,0.0,-0.07,-0.0075020790100098,0.00018683046102524,0.0026845932006836,0.0,0.0025581580292657,3.8762110580654e-24,-0.0075020790100098,0.00018683046102524,161.44757080078,120.0,7.5975561141968,0.064623393118382,false,false,true,true,1,0,0
30215,SAMPLE,STABLE,true,5,5,0,0,0,-0.0075020790100098,-0.069813169538975,0.0,-0.07,-0.0075020790100098,0.00018683046102524,0.0,0.0,0.0016628027190227,2.5195371877425e-24,-0.0075020790100098,0.00018683046102524,161.44757080078,120.0,7.5975561141968,0.064623393118382,false,false,true,true,1,0,0
30216,SAMPLE,STABLE,true,5,5,0,0,0,-0.0075020790100098,-0.069813169538975,0.0,-0.07,-0.0075020790100098,0.00018683046102524,0.0,0.0,0.0010808217673648,1.6376991720326e-24,-0.0075020790100098,0.00018683046102524,161.44757080078,120.0,7.5975561141968,0.064623393118382,false,false,true,true,1,0,0
30217,SAMPLE,STABLE,true,5,5,1,0,0,-0.0047698020935059,-0.069813169538975,0.0,-0.07,-0.0047698020935059,0.00018683046102524,0.0027322769165039,0.0,0.0016588310695635,1.0645044618212e-24,-0.0075020790100098,0.00018683046102524,160.92073059082,120.0,4.8325257301331,0.041104100644588,false,true,true,true,1,0,0
30218,SAMPLE,STABLE,true,5,5,2,0,0,-0.0047698020935059,-0.069813169538975,0.0,-0.07,-0.0047698020935059,0.00018683046102524,0.0,0.0,0.0010782401952162,6.9192790018379e-25,-0.0075020790100098,0.00018683046102524,160.92073059082,120.0,4.8325257301331,0.041104100644588,false,true,true,true,1,0,0
30219,TARGET_TEMPORARILY_LOST,TARGET_TEMPORARILY_LOST,true,5,5,3,0,0,-0.0047698020935059,-0.069813169538975,0.0,-0.07,-0.0047698020935059,0.00018683046102524,0.0,0.0,0.00070085612689056,4.4975313511946e-25,-0.0075020790100098,0.00018683046102524,160.58563232422,120.0,3.0737578868866,0.026144510135055,false,true,true,true,2,0,1.0
30220,SEARCHING_LAST_DIRECTION,SEARCHING_LAST_DIRECTION,true,5,5,3,0,0,-0.0029959678649902,-0.069813169538975,0.0,-0.07,-0.0029959678649902,0.00018683046102524,0.0017738342285156,0.0,0.0010763984624593,2.9233953782765e-25,-0.0075020790100098,0.00018683046102524,160.58563232422,120.0,3.0737578868866,0.026144510135055,false,true,true,true,2,0,1.0
30221,SAMPLE,SEARCHING_LAST_DIRECTION,true,5,5,3,0,1,-0.0029959678649902,-0.069813169538975,0.0,-0.07,-0.0029959678649902,0.00018683046102524,0.0,0.0,0.00069965900059857,1.9002069958797e-25,-0.0075020790100098,0.00018683046102524,160.58563232422,120.0,3.0737578868866,0.026144510135055,false,true,true,true,2,0,0.96666666666667
30222,SAMPLE,SEARCHING_LAST_DIRECTION,true,5,5,3,0,2,-0.0018935203552246,-0.069813169538975,0.0,-0.07,-0.0018935203552246,0.00018683046102524,0.0011024475097656,0.0,0.00084063497880704,1.2351345473218e-25,-0.0075020790100098,0.00018683046102524,160.37249755859,120.0,1.9551012516022,0.016629371792078,false,true,true,true,2,0,0.93333333333333
30223,SAMPLE,SEARCHING_LAST_DIRECTION,true,5,5,3,0,3,-0.0018935203552246,-0.069813169538975,0.0,-0.07,-0.0018935203552246,0.00018683046102524,0.0,0.0,0.00054641273622457,8.0283745575919e-26,-0.0075020790100098,0.00018683046102524,160.37249755859,120.0,1.9551012516022,0.016629371792078,false,true,true,true,2,0,0.9
30224,SAMPLE,SEARCHING_LAST_DIRECTION,true,5,5,3,0,4,-0.0018935203552246,-0.069813169538975,0.0,-0.07,-0.0018935203552246,0.00018683046102524,0.0,0.0,0.00035516827854597,5.2184434624347e-26,-0.0075020790100098,0.00018683046102524,160.27549743652,120.0,1.4459848403931,0.012299084104598,false,true,true,true,2,0,0.86666666666667
30225,SAMPLE,SEARCHING_LAST_DIRECTION,true,5,5,3,0,5,-0.001366138458252,-0.069813169538975,0.0,-0.07,-0.001366138458252,0.00018683046102524,0.00052738189697266,0.0,0.00041544304499531,3.3919882505826e-26,-0.0075020790100098,0.00018683046102524,160.27549743652,120.0,1.4459848403931,0.012299084104598,false,true,true,true,2,0,0.83333333333333
30226,SAMPLE,SEARCHING_LAST_DIRECTION,true,5,5,3,0,6,-0.001366138458252,-0.069813169538975,0.0,-0.07,-0.001366138458252,0.00018683046102524,0.0,0.0,0.00027003797924695,2.2047923628787e-26,-0.0075020790100098,0.00018683046102524,160.27549743652,120.0,1.4459848403931,0.012299084104598,false,true,true,true,2,0,0.8
30227,SAMPLE,SEARCHING_LAST_DIRECTION,true,5,5,3,0,7,-0.00088691711425781,-0.069813169538975,0.0,-0.07,-0.00088691711425781,0.00018683046102524,0.00047922134399414,0.0,0.00034325215690847,1.4331150358711e-26,-0.0075020790100098,0.00018683046102524,160.17523193359,120.0,0.91972875595093,0.0078229065984488,false,true,true,true,2,0,0.76666666666667
30228,SAMPLE,SEARCHING_LAST_DIRECTION,true,5,5,3,0,8,-0.00088691711425781,-0.069813169538975,0.0,-0.07,-0.00088691711425781,0.00018683046102524,0.0,0.0,0.0002231139019905,9.3152477331624e-27,-0.0075020790100098,0.00018683046102524,160.17523193359,120.0,0.91972875595093,0.0078229065984488,false,true,true,true,2,0,0.73333333333333
30229,SAMPLE,SEARCHING_LAST_DIRECTION,true,5,5,3,0,9,-0.00064706802368164,-0.069813169538975,0.0,-0.07,-0.00064706802368164,0.00018683046102524,0.00023984909057617,0.0,0.00022897121799549,6.0549110265555e-27,-0.0075020790100098,0.00018683046102524,160.1296081543,120.0,0.68026620149612,0.0057858219370246,false,true,true,true,1,0,0.7
30230,SAMPLE,SEARCHING_LAST_DIRECTION,true,5,5,3,0,10,-0.00064706802368164,-0.069813169538975,0.0,-0.07,-0.00064706802368164,0.00018683046102524,0.0,0.0,0.00014883129169707,3.9356921672611e-27,-0.0075020790100098,0.00018683046102524,160.1296081543,120.0,0.68026620149612,0.0057858219370246,false,true,true,true,1,0,0.66666666666667
30231,SAMPLE,SEARCHING_LAST_DIRECTION,true,5,5,3,0,11,-0.00064706802368164,-0.069813169538975,0.0,-0.07,-0.00064706802368164,0.00018683046102524,0.0,0.0,9.6740339603094e-05,2.5581999087197e-27,-0.0075020790100098,0.00018683046102524,160.1296081543,120.0,0.68026620149612,0.0057858219370246,false,true,true,true,1,0,0.63333333333333
30232,SAMPLE,SEARCHING_LAST_DIRECTION,true,5,5,3,0,12,-0.00045537948608398,-0.069813169538975,0.0,-0.07,-0.00045537948608398,0.00018683046102524,0.00019168853759766,0.0,0.00012997220890119,1.6628299406678e-27,-0.0075020790100098,0.00018683046102524,160.09585571289,120.0,0.50311189889908,0.0042791939340532,false,true,true,true,1,0,0.6
30233,SAMPLE,SEARCHING_LAST_DIRECTION,true,5,5,3,0,13,-0.00045537948608398,-0.069813169538975,0.0,-0.07,-0.00045537948608398,0.00018683046102524,0.0,0.0,8.4481935785774e-05,1.0808394614341e-27,-0.0075020790100098,0.00018683046102524,160.09585571289,120.0,0.50311189889908,0.0042791939340532,false,true,true,true,1,0,0.56666666666667
30234,SAMPLE,SEARCHING_LAST_DIRECTION,true,5,5,3,0,14,-0.00031137466430664,-0.069813169538975,0.0,-0.07,-0.00031137466430664,0.00018683046102524,0.00014400482177734,0.0,0.00010531494588282,7.0254564993215e-28,-0.0075020790100098,0.00018683046102524,160.07089233398,120.0,0.37208822369576,0.0031648920848966,false,true,true,true,1,0,0.53333333333333
30235,SAMPLE,SEARCHING_LAST_DIRECTION,true,5,5,3,0,15,-0.00031137466430664,-0.069813169538975,0.0,-0.07,-0.00031137466430664,0.00018683046102524,0.0,0.0,6.8454714823835e-05,4.566546724559e-28,-0.0075020790100098,0.00018683046102524,160.07089233398,120.0,0.37208822369576,0.0031648920848966,false,true,true,true,1,0,0.5
30236,SAMPLE,SEARCHING_LAST_DIRECTION,true,5,5,3,0,16,-0.00031137466430664,-0.069813169538975,0.0,-0.07,-0.00031137466430664,0.00018683046102524,0.0,0.0,4.4495564635493e-05,2.9682553709633e-28,-0.0075020790100098,0.00018683046102524,160.07089233398,120.0,0.37208822369576,0.0031648920848966,false,true,true,true,1,0,0.46666666666667
30237,SAMPLE,SEARCHING_LAST_DIRECTION,true,5,5,3,0,17,-0.00021553039550781,-0.069813169538975,0.0,-0.07,-0.00021553039550781,0.00018683046102524,9.5844268798828e-05,0.0,6.246761109266e-05,1.9293659911262e-28,-0.0075020790100098,0.00018683046102524,160.05242919922,120.0,0.275181889534,0.0023407542612404,false,true,true,true,1,0,0.43333333333333
30238,SAMPLE,SEARCHING_LAST_DIRECTION,true,5,5,3,0,18,-0.00021553039550781,-0.069813169538975,0.0,-0.07,-0.00021553039550781,0.00018683046102524,0.0,0.0,4.0603947210229e-05,1.254087894232e-28,-0.0075020790100098,0.00018683046102524,160.05242919922,120.0,0.275181889534,0.0023407542612404,false,true,true,true,1,0,0.4
30239,SAMPLE,SEARCHING_LAST_DIRECTION,true,5,5,3,0,19,-0.00011968612670898,-0.069813169538975,0.0,-0.07,-0.00011968612670898,0.00018683046102524,9.5844268798828e-05,0.0,5.9938059766239e-05,8.1515713125081e-29,-0.0075020790100098,0.00018683046102524,160.03877258301,120.0,0.20350326597691,0.0017312217969447,false,true,true,true,1,0,0.36666666666667
30240,SAMPLE,SEARCHING_LAST_DIRECTION,true,5,5,3,0,20,-0.00011968612670898,-0.069813169538975,0.0,-0.07,-0.00011968612670898,0.00018683046102524,0.0,0.0,3.8959738848055e-05,5.2985213531302e-29,-0.0075020790100098,0.00018683046102524,160.03877258301,120.0,0.20350326597691,0.0017312217969447,false,true,true,true,1,0,0.33333333333333
30241,SAMPLE,SEARCHING_LAST_DIRECTION,true,5,5,3,0,21,-0.00011968612670898,-0.069813169538975,0.0,-0.07,-0.00011968612670898,0.00018683046102524,0.0,0.0,2.5323830251236e-05,3.4440388795347e-29,-0.0075020790100098,0.00018683046102524,160.03877258301,120.0,0.20350326597691,0.0017312217969447,false,true,true,true,1,0,0.3
30242,SAMPLE,SEARCHING_LAST_DIRECTION,true,5,5,3,0,22,-7.2002410888672e-05,-0.069813169538975,0.0,-0.07,-7.2002410888672e-05,0.00018683046102524,4.7683715820313e-05,0.0,3.3149790200413e-05,2.2386252716975e-29,-0.0075020790100098,0.00018683046102524,160.02868652344,120.0,0.15056519210339,0.0012804117286578,false,true,true,true,1,0,0.26666666666667
30243,SAMPLE,SEARCHING_LAST_DIRECTION,true,5,5,3,0,23,-7.2002410888672e-05,-0.069813169538975,0.0,-0.07,-7.2002410888672e-05,0.00018683046102524,0.0,0.0,2.1547363630268e-05,1.4551064266034e-29,-0.0075020790100098,0.00018683046102524,160.02868652344,120.0,0.15056519210339,0.0012804117286578,false,true,true,true,0,0,0.23333333333333
30244,SAMPLE,SEARCHING_LAST_DIRECTION,true,5,5,3,0,24,-2.3841857910156e-05,-0.069813169538975,0.0,-0.07,-2.3841857910156e-05,0.00018683046102524,4.8160552978516e-05,0.0,3.0861979902155e-05,9.4581917729221e-30,-0.0075020790100098,0.00018683046102524,160.01824951172,120.0,0.095785088837147,0.000814413651824,false,true,true,true,0,0,0.2
30245,SAMPLE,SEARCHING_LAST_DIRECTION,true,5,5,3,0,25,-2.3841857910156e-05,-0.069813169538975,0.0,-0.07,-2.3841857910156e-05,0.00018683046102524,0.0,0.0,2.0060286936401e-05,6.1478246523993e-30,-0.0075020790100098,0.00018683046102524,160.01824951172,120.0,0.095785088837147,0.000814413651824,false,true,true,true,0,0,0.16666666666667
30246,SAMPLE,SEARCHING_LAST_DIRECTION,true,5,5,3,0,26,-2.3841857910156e-05,-0.069813169538975,0.0,-0.07,-2.3841857910156e-05,0.00018683046102524,0.0,0.0,1.303918650866e-05,3.9960860240596e-30,-0.0075020790100098,0.00018683046102524,160.01824951172,120.0,0.095785088837147,0.000814413651824,false,true,true,true,0,0,0.13333333333333
30247,SAMPLE,SEARCHING_LAST_DIRECTION,true,5,5,3,0,27,2.3961067199707e-05,-0.069813169538975,0.0,-0.07,2.3961067199707e-05,0.00018683046102524,4.7802925109863e-05,0.0,2.5206495019081e-05,2.5974559156387e-30,-0.0075020790100098,0.00018683046102524,160.01159667969,120.0,0.0608667768538,0.0005180126754567,false,true,true,true,0,0,0.1
30248,SAMPLE,SEARCHING_LAST_DIRECTION,true,5,5,3,0,28,2.3961067199707e-05,-0.069813169538975,0.0,-0.07,2.3961067199707e-05,0.00018683046102524,0.0,0.0,1.6384221762403e-05,1.6883463451652e-30,-0.0075020790100098,0.00018683046102524,160.01159667969,120.0,0.0608667768538,0.0005180126754567,false,true,true,true,0,0,0.1
30249,SAMPLE,SEARCHING_LAST_DIRECTION,true,5,5,3,0,29,2.3961067199707e-05,-0.069813169538975,0.0,-0.07,2.3961067199707e-05,0.00018683046102524,0.0,0.0,1.0649744145562e-05,1.0974251243574e-30,-0.0075020790100098,0.00018683046102524,160.00857543945,120.0,0.045009378343821,0.00038312218384817,false,true,true,true,0,0,0.1
30250,LOST,LOST,true,5,5,3,0,30,2.3961067199707e-05,-0.069813169538975,0.0,-0.07,2.3961067199707e-05,0.00018683046102524,0.0,0.0,6.9223336946152e-06,7.1332633083228e-31,-0.0075020790100098,0.00018683046102524,160.00857543945,120.0,0.045009378343821,0.00038312218384817,false,true,true,true,0,0,0.1
30251,SAMPLE,IDLE,true,5,0,0,0,0,2.3961067199707e-05,-0.069813169538975,0.0,-0.07,2.3961067199707e-05,0.00018683046102524,0.0,0.0,4.4995169014999e-06,4.6366211504098e-31,0,0,160.00857543945,120.0,0.045009378343821,0.00038312218384817,false,true,true,true,0,0,0
30252,SAMPLE,IDLE,true,5,0,0,0,0,2.3961067199707e-05,-0.069813169538975,0.0,-0.07,2.3961067199707e-05,0.00018683046102524,0.0,0.0,2.9246859859749e-06,3.0138037477664e-31,0,0,160.00634765625,120.0,0.033316552639008,0.00028335716342553,false,true,true,true,0,0,0
30253,SAMPLE,IDLE,true,5,0,0,0,0,2.3961067199707e-05,-0.069813169538975,0.0,-0.07,2.3961067199707e-05,0.00018683046102524,0.0,0.0,1.9010458908837e-06,1.9589724360482e-31,0,0,160.00634765625,120.0,0.033316552639008,0.00028335716342553,false,true,true,true,0,0,0
30254,SAMPLE,IDLE,true,5,0,0,0,0,-2.3841857910156e-05,-0.069813169538975,0.0,-0.07,-2.3841857910156e-05,0.00018683046102524,-4.7802925109863e-05,0.0,-1.5495343959378e-05,1.2733320834313e-31,0,0,160.0040435791,120.0,0.021223284304142,0.00018023102893494,false,true,true,true,0,0,0
30255,SAMPLE,IDLE,true,5,0,0,0,0,-2.3841857910156e-05,-0.069813169538975,0.0,-0.07,-2.3841857910156e-05,0.00018683046102524,0.0,0.0,-1.0071973573596e-05,8.2766585423035e-32,0,0,160.0040435791,120.0,0.021223284304142,0.00018023102893494,false,true,true,true,0,0,0
30256,SAMPLE,IDLE,true,5,0,0,0,0,-2.3841857910156e-05,-0.069813169538975,0.0,-0.07,-2.3841857910156e-05,0.00018683046102524,0.0,0.0,-6.5467828228371e-06,5.3798280524973e-32,0,0,160.00299072266,120.0,0.015697222203016,0.00013329887588043,false,true,true,true,0,0,0
30257,SAMPLE,IDLE,true,5,0,0,0,0,-2.3841857910156e-05,-0.069813169538975,0.0,-0.07,-2.3841857910156e-05,0.00018683046102524,0.0,0.0,-4.2554088348441e-06,3.4968882341232e-32,0,0,160.00299072266,120.0,0.015697222203016,0.00013329887588043,false,true,true,true,0,0,0
30258,SAMPLE,IDLE,true,5,0,0,0,0,-2.3841857910156e-05,-0.069813169538975,0.0,-0.07,-2.3841857910156e-05,0.00018683046102524,0.0,0.0,-2.7660157426487e-06,2.2729773521801e-32,0,0,160.00299072266,120.0,0.015697222203016,0.00013329887588043,false,true,true,true,0,0,0
30259,SAMPLE,IDLE,true,5,0,0,0,0,-2.3841857910156e-05,-0.069813169538975,0.0,-0.07,-2.3841857910156e-05,0.00018683046102524,0.0,0.0,-1.7979102327216e-06,1.4774352789171e-32,0,0,160.00189208984,120.0,0.0099308956414461,8.4785555372946e-05,false,true,true,true,0,0,0
30260,SAMPLE,IDLE,true,5,0,0,0,0,-2.3841857910156e-05,-0.069813169538975,0.0,-0.07,-2.3841857910156e-05,0.00018683046102524,0.0,0.0,-1.1686416512691e-06,9.6033293129609e-33,0,0,160.00189208984,120.0,0.0099308956414461,8.4785555372946e-05,false,true,true,true,0,0,0
30261,SAMPLE,IDLE,true,5,0,0,0,0,-2.3841857910156e-05,-0.069813169538975,0.0,-0.07,-2.3841857910156e-05,0.00018683046102524,0.0,0.0,-7.5961707332489e-07,6.2421640534246e-33,0,0,160.00140380859,120.0,0.0073680835776031,6.2707396864425e-05,false,true,true,true,0,0,0
30262,SAMPLE,IDLE,true,5,0,0,0,0,-2.3841857910156e-05,-0.069813169538975,0.0,-0.07,-2.3841857910156e-05,0.00018683046102524,0.0,0.0,-4.9375109766118e-07,4.057406634726e-33,0,0,160.00140380859,120.0,0.0073680835776031,6.2707396864425e-05,false,true,true,true,0,0,0
30263,SAMPLE,IDLE,true,5,0,0,0,0,-2.3841857910156e-05,-0.069813169538975,0.0,-0.07,-2.3841857910156e-05,0.00018683046102524,0.0,0.0,-3.2093821347977e-07,2.6373143125719e-33,0,0,160.00140380859,120.0,0.0073680835776031,6.2707396864425e-05,false,true,true,true,0,0,0
30264,SAMPLE,IDLE,true,5,0,0,0,0,-2.3841857910156e-05,-0.069813169538975,0.0,-0.07,-2.3841857910156e-05,0.00018683046102524,0.0,0.0,-2.0860983876185e-07,1.7142543031717e-33,0,0,160.00090026855,120.0,0.0047251842916012,3.9885417209007e-05,false,true,true,true,0,0,0
30265,SAMPLE,IDLE,true,5,0,0,0,0,-2.3841857910156e-05,-0.069813169538975,0.0,-0.07,-2.3841857910156e-05,0.00018683046102524,0.0,0.0,-1.355963951952e-07,1.1142652970616e-33,0,0,160.00090026855,120.0,0.0047251842916012,3.9885417209007e-05,false,true,true,true,0,0,0
30266,SAMPLE,IDLE,true,5,0,0,0,0,-2.3841857910156e-05,-0.069813169538975,0.0,-0.07,-2.3841857910156e-05,0.00018683046102524,0.0,0.0,-8.8137656876881e-08,7.2427244309005e-34,0,0,160.00090026855,120.0,0.0047251842916012,3.9885417209007e-05,false,true,true,true,0,0,0
30267,SAMPLE,IDLE,true,5,0,0,0,0,-2.3841857910156e-05,-0.069813169538975,0.0,-0.07,-2.3841857910156e-05,0.00018683046102524,0.0,0.0,-5.7289476969973e-08,4.7077708800853e-34,0,0,160.0005645752,120.0,0.0029632509686053,2.5369359718752e-05,false,true,true,true,0,0,0
30268,SAMPLE,IDLE,true,5,0,0,0,0,-2.3841857910156e-05,-0.069813169538975,0.0,-0.07,-2.3841857910156e-05,0.00018683046102524,0.0,0.0,-3.7238160030482e-08,3.0600510720555e-34,0,0,160.0005645752,120.0,0.0029632509686053,2.5369359718752e-05,false,true,true,true,0,0,0
30269,SAMPLE,IDLE,true,5,0,0,0,0,-2.3841857910156e-05,-0.069813169538975,0.0,-0.07,-2.3841857910156e-05,0.00018683046102524,0.0,0.0,-2.4204804019813e-08,1.9890331968361e-34,0,0,160.0005645752,120.0,0.0029632509686053,2.5369359718752e-05,false,true,true,true,0,0,0
30270,SAMPLE,IDLE,true,5,0,0,0,0,-2.3841857910156e-05,-0.069813169538975,0.0,-0.07,-2.3841857910156e-05,0.00018683046102524,0.0,0.0,-1.5733122612879e-08,1.2928715779434e-34,0,0,160.00036621094,120.0,0.0019221088150516,1.6136335034389e-05,false,true,true,true,0,0,0
30271,SAMPLE,IDLE,true,5,0,0,0,0,-2.3841857910156e-05,-0.069813169538975,0.0,-0.07,-2.3841857910156e-05,0.00018683046102524,0.0,0.0,-1.0226529698371e-08,8.4036652566324e-35,0,0,160.00036621094,120.0,0.0019221088150516,1.6136335034389e-05,false,true,true,true,0,0,0
30272,SAMPLE,IDLE,true,5,0,0,0,0,-2.3841857910156e-05,-0.069813169538975,0.0,-0.07,-2.3841857910156e-05,0.00018683046102524,0.0,0.0,-6.6472443039413e-09,5.462382416811e-35,0,0,160.00022888184,120.0,0.0012013179948553,1.0263613148709e-05,false,true,true,true,0,0,0
30273,SAMPLE,IDLE,true,5,0,0,0,0,-2.3841857910156e-05,-0.069813169538975,0.0,-0.07,-2.3841857910156e-05,0.00018683046102524,0.0,0.0,-4.3207087975618e-09,3.5505485709272e-35,0,0,160.00022888184,120.0,0.0012013179948553,1.0263613148709e-05,false,true,true,true,0,0,0
30274,SAMPLE,IDLE,true,5,0,0,0,0,-2.3841857910156e-05,-0.069813169538975,0.0,-0.07,-2.3841857910156e-05,0.00018683046102524,0.0,0.0,-2.8084607184152e-09,2.3078565711027e-35,0,0,160.00022888184,120.0,0.0012013179948553,1.0263613148709e-05,false,true,true,true,0,0,0
30275,SAMPLE,IDLE,true,5,0,0,0,0,-2.3841857910156e-05,-0.069813169538975,0.0,-0.07,-2.3841857910156e-05,0.00018683046102524,0.0,0.0,-1.8254994669699e-09,1.5001067712167e-35,0,0,160.00016784668,120.0,0.00088096654508263,7.5909683801001e-06,false,true,true,true,0,0,0
30276,SAMPLE,IDLE,true,5,0,0,0,0,-2.3841857910156e-05,-0.069813169538975,0.0,-0.07,-2.3841857910156e-05,0.00018683046102524,0.0,0.0,-1.1865746535304e-09,9.7506940129087e-36,0,0,160.00016784668,120.0,0.00088096654508263,7.5909683801001e-06,false,true,true,true,0,0,0
30277,SAMPLE,IDLE,true,5,0,0,0,0,-2.3841857910156e-05,-0.069813169538975,0.0,-0.07,-2.3841857910156e-05,0.00018683046102524,0.0,0.0,-7.7127352479477e-10,6.3379511083907e-36,0,0,160.00012207031,120.0,0.00064070289954543,5.6142803259718e-06,false,true,true,true,0,0,0
30278,SAMPLE,IDLE,true,5,0,0,0,0,-2.3841857910156e-05,-0.069813169538975,0.0,-0.07,-2.3841857910156e-05,0.00018683046102524,0.0,0.0,-5.013277911166e-10,4.1196682204539e-36,0,0,160.00012207031,120.0,0.00064070289954543,5.6142803259718e-06,false,true,true,true,0,0,0
30279,SAMPLE,IDLE,true,5,0,0,0,0,-2.3841857910156e-05,-0.069813169538975,0.0,-0.07,-2.3841857910156e-05,0.00018683046102524,0.0,0.0,-3.2586306422579e-10,2.6777843432951e-36,0,0,160.00012207031,120.0,0.00064070289954543,5.6142803259718e-06,false,true,true,true,0,0,0
30280,SAMPLE,IDLE,true,5,0,0,0,0,-2.3841857910156e-05,-0.069813169538975,0.0,-0.07,-2.3841857910156e-05,0.00018683046102524,0.0,0.0,-2.1181099174676e-10,1.7405598231418e-36,0,0,160.00007629395,120.0,0.00040043931221589,3.5709970234166e-06,false,true,true,true,0,0,0
30281,SAMPLE,IDLE,true,5,0,0,0,0,-2.3841857910156e-05,-0.069813169538975,0.0,-0.07,-2.3841857910156e-05,0.00018683046102524,0.0,0.0,-1.376771446354e-10,1.1313638850422e-36,0,0,160.00007629395,120.0,0.00040043931221589,3.5709970234166e-06,false,true,true,true,0,0,0
30282,SAMPLE,IDLE,true,5,0,0,0,0,-2.3841857910156e-05,-0.069813169538975,0.0,-0.07,-2.3841857910156e-05,0.00018683046102524,0.0,0.0,-8.9490144013008e-11,7.3538652527741e-37,0,0,160.00004577637,120.0,0.00024026360188145,2.271354333061e-06,false,true,true,true,0,0,0
30283,SAMPLE,IDLE,true,5,0,0,0,0,-2.3841857910156e-05,-0.069813169538975,0.0,-0.07,-2.3841857910156e-05,0.00018683046102524,0.0,0.0,-5.8168593608455e-11,4.7800124143031e-37,0,0,160.00004577637,120.0,0.00024026360188145,2.271354333061e-06,false,true,true,true,0,0,0
30284,SAMPLE,IDLE,true,5,0,0,0,0,-2.3841857910156e-05,-0.069813169538975,0.0,-0.07,-2.3841857910156e-05,0.00018683046102524,0.0,0.0,-3.7809585845496e-11,3.107008069297e-37,0,0,160.00004577637,120.0,0.00024026360188145,2.271354333061e-06,false,true,true,true,0,0,0
30285,SAMPLE,IDLE,true,5,0,0,0,0,-2.3841857910156e-05,-0.069813169538975,0.0,-0.07,-2.3841857910156e-05,0.00018683046102524,0.0,0.0,-2.4576230799572e-11,2.0195552450431e-37,0,0,160.00003051758,120.0,0.00016017572488636,1.4447085732172e-06,false,true,true,true,0,0,0
30286,SAMPLE,IDLE,true,5,0,0,0,0,-2.3841857910156e-05,-0.069813169538975,0.0,-0.07,-2.3841857910156e-05,0.00018683046102524,0.0,0.0,-1.5974550019722e-11,1.312710909278e-37,0,0,160.00003051758,120.0,0.00016017572488636,1.4447085732172e-06,false,true,true,true,0,0,0
30287,SAMPLE,IDLE,true,5,0,0,0,0,-2.3841857910156e-05,-0.069813169538975,0.0,-0.07,-2.3841857910156e-05,0.00018683046102524,0.0,0.0,-1.0383457512819e-11,8.532620910307e-38,0,0,160.00003051758,120.0,0.00016017572488636,1.0685064353311e-06,false,true,true,true,0,0,0
30288,SAMPLE,IDLE,true,5,0,0,0,0,-2.3841857910156e-05,-0.069813169538975,0.0,-0.07,-2.3841857910156e-05,0.00018683046102524,0.0,0.0,-6.7492473833325e-12,5.5462035916996e-38,0,0,160.00003051758,120.0,0.00016017572488636,1.0685064353311e-06,false,true,true,true,0,0,0
30289,SAMPLE,IDLE,true,5,0,0,0,0,-2.3841857910156e-05,-0.069813169538975,0.0,-0.07,-2.3841857910156e-05,0.00018683046102524,0.0,0.0,-4.3870107991661e-12,3.6050323346047e-38,0,0,160.00003051758,120.0,0.00016017572488636,1.0685064353311e-06,false,true,true,true,0,0,0
30290,SAMPLE,IDLE,true,5,0,0,0,0,-2.3841857910156e-05,-0.069813169538975,0.0,-0.07,-2.3841857910156e-05,0.00018683046102524,0.0,0.0,-2.851557019458e-12,2.3432710174931e-38,0,0,160.00001525879,120.0,8.0087862443179e-05,6.7962997718496e-07,false,true,true,true,0,0,0
30291,SAMPLE,IDLE,true,5,0,0,0,0,-2.3841857910156e-05,-0.069813169538975,0.0,-0.07,-2.3841857910156e-05,0.00018683046102524,0.0,0.0,-1.8535120626477e-12,1.5231261613705e-38,0,0,160.00001525879,120.0,8.0087862443179e-05,6.7962997718496e-07,false,true,true,true,0,0,0
30292,SAMPLE,IDLE,true,5,0,0,0,0,-2.3841857910156e-05,-0.069813169538975,0.0,-0.07,-2.3841857910156e-05,0.00018683046102524,0.0,0.0,-1.204782840721e-12,9.9003200489082e-39,0,0,160.00001525879,120.0,8.0087862443179e-05,6.7962997718496e-07,false,true,true,true,0,0,0
30293,SAMPLE,IDLE,true,5,0,0,0,0,-2.3841857910156e-05,-0.069813169538975,0.0,-0.07,-2.3841857910156e-05,0.00018683046102524,0.0,0.0,-7.8310884646865e-13,6.4352080317903e-39,0,0,160.00001525879,120.0,8.0087862443179e-05,4.3228271806584e-07,false,true,true,true,0,0,0
30294,SAMPLE,IDLE,true,5,0,0,0,0,-2.3841857910156e-05,-0.069813169538975,0.0,-0.07,-2.3841857910156e-05,0.00018683046102524,0.0,0.0,-5.0902075020462e-13,4.1828852206637e-39,0,0,160.00001525879,120.0,8.0087862443179e-05,4.3228271806584e-07,false,true,true,true,0,0,0
30295,SAMPLE,IDLE,true,5,0,0,0,0,0.0,-0.069813169538975,0.0,-0.07,0.0,0.00018683046102524,2.3841857910156e-05,0.0,8.3446499376912e-06,2.7188753934314e-39,0,0,160.0,120.0,0.0,2.749560508164e-07,false,true,true,true,0,0,0
30296,SAMPLE,IDLE,true,5,0,0,0,0,0.0,-0.069813169538975,0.0,-0.07,0.0,0.00018683046102524,0.0,0.0,5.4240224594993e-06,1.7672690057304e-39,0,0,160.0,120.0,0.0,2.749560508164e-07,false,true,true,true,0,0,0
30297,SAMPLE,IDLE,true,5,0,0,0,0,0.0,-0.069813169538975,0.0,-0.07,0.0,0.00018683046102524,0.0,0.0,3.5256145986745e-06,1.1487248537248e-39,0,0,160.0,120.0,0.0,2.749560508164e-07,false,true,true,true,0,0,0
30298,SAMPLE,IDLE,true,5,0,0,0,0,0.0,-0.069813169538975,0.0,-0.07,0.0,0.00018683046102524,0.0,0.0,2.2916494891384e-06,7.466711549211e-40,0,0,160.0,120.0,0.0,1.7488746095751e-07,false,true,true,true,0,0,0
30299,SAMPLE,IDLE,true,5,0,0,0,0,0.0,-0.069813169538975,0.0,-0.07,0.0,0.00018683046102524,0.0,0.0,1.48957216794e-06,4.8533625069872e-40,0,0,160.0,120.0,0.0,1.7488746095751e-07,false,true,true,true,0,0,0
30300,SAMPLE,IDLE,true,5,0,0,0,0,0.0,-0.069813169538975,0.0,-0.07,0.0,0.00018683046102524,0.0,0.0,9.6822190916099e-07,3.1546856295417e-40,0,0,160.0,120.0,0.0,1.7488746095751e-07,false,true,true,true,0,0,0
30301,SAMPLE,IDLE,true,5,0,0,0,0,0.0,-0.069813169538975,0.0,-0.07,0.0,0.00018683046102524,0.0,0.0,6.2934424095465e-07,2.0505456592021e-40,0,0,160.0,120.0,0.0,1.1123822929449e-07,false,true,true,true,0,0,0
30302,SAMPLE,IDLE,true,5,0,0,0,0,0.0,-0.069813169538975,0.0,-0.07,0.0,0.00018683046102524,0.0,0.0,4.0907375662052e-07,1.3328546784813e-40,0,0,160.0,120.0,0.0,1.1123822929449e-07,false,true,true,true,0,0,0
30303,SAMPLE,IDLE,true,5,0,0,0,0,0.0,-0.069813169538975,0.0,-0.07,0.0,0.00018683046102524,0.0,0.0,2.6589794180334e-07,8.6635554101288e-41,0,0,160.0,120.0,0.0,1.1123822929449e-07,false,true,true,true,0,0,0
30304,SAMPLE,IDLE,true,5,0,0,0,0,0.0,-0.069813169538975,0.0,-0.07,0.0,0.00018683046102524,0.0,0.0,1.7283366217217e-07,5.6313110165837e-41,0,0,160.0,120.0,0.0,7.075374952592e-08,false,true,true,true,0,0,0
30305,SAMPLE,IDLE,true,5,0,0,0,0,0.0,-0.069813169538975,0.0,-0.07,0.0,0.00018683046102524,0.0,0.0,1.1234188041191e-07,3.6603521607794e-41,0,0,160.0,120.0,0.0,7.075374952592e-08,false,true,true,true,0,0,0
30306,SAMPLE,IDLE,true,5,0,0,0,0,0.0,-0.069813169538975,0.0,-0.07,0.0,0.00018683046102524,0.0,0.0,7.3022222267742e-08,2.3792289045066e-41,0,0,160.0,120.0,0.0,4.5003346826888e-08,false,true,true,true,0,0,0
30307,SAMPLE,IDLE,true,5,0,0,0,0,0.0,-0.069813169538975,0.0,-0.07,0.0,0.00018683046102524,0.0,0.0,4.7464444474032e-08,1.5464987879293e-41,0,0,160.0,120.0,0.0,4.5003346826888e-08,false,true,true,true,0,0,0
30308,SAMPLE,IDLE,true,5,0,0,0,0,0.0,-0.069813169538975,0.0,-0.07,0.0,0.00018683046102524,0.0,0.0,3.0851888908121e-08,1.005224212154e-41,0,0,160.0,120.0,0.0,4.5003346826888e-08,false,true,true,true,0,0,0
30309,SAMPLE,IDLE,true,5,0,0,0,0,0.0,-0.069813169538975,0.0,-0.07,0.0,0.00018683046102524,0.0,0.0,2.0053727790279e-08,6.5339573790013e-42,0,0,160.0,120.0,0.0,3.3284475620121e-08,false,true,true,true,0,0,0
30310,SAMPLE,IDLE,true,5,0,0,0,0,0.0,-0.069813169538975,0.0,-0.07,0.0,0.00018683046102524,0.0,0.0,1.3034923063681e-08,4.2470722963508e-42,0,0,160.0,120.0,0.0,3.3284475620121e-08,false,true,true,true,0,0,0
30311,SAMPLE,IDLE,true,5,0,0,0,0,0.0,-0.069813169538975,0.0,-0.07,0.0,0.00018683046102524,0.0,0.0,8.4726999913927e-09,2.760596992628e-42,0,0,160.0,120.0,0.0,2.1170791342229e-08,false,true,true,true,0,0,0
30312,SAMPLE,IDLE,true,5,0,0,0,0,0.0,-0.069813169538975,0.0,-0.07,0.0,0.00018683046102524,0.0,0.0,5.5072549944052e-09,1.7943880452082e-42,0,0,160.0,120.0,0.0,2.1170791342229e-08,false,true,true,true,0,0,0
30313,SAMPLE,IDLE,true,5,0,0,0,0,0.0,-0.069813169538975,0.0,-0.07,0.0,0.00018683046102524,0.0,0.0,3.5797157463634e-09,1.1663522293853e-42,0,0,160.0,120.0,0.0,2.1170791342229e-08,false,true,true,true,0,0,0
30314,SAMPLE,IDLE,true,5,0,0,0,0,0.0,-0.069813169538975,0.0,-0.07,0.0,0.00018683046102524,0.0,0.0,2.3268152351362e-09,7.5812894910048e-43,0,0,160.0,120.0,0.0,1.346580980055e-08,false,true,true,true,0,0,0
30315,SAMPLE,IDLE,true,5,0,0,0,0,0.0,-0.069813169538975,0.0,-0.07,0.0,0.00018683046102524,0.0,0.0,1.5124299028385e-09,4.9278381691531e-43,0,0,160.0,120.0,0.0,1.346580980055e-08,false,true,true,true,0,0,0
30316,SAMPLE,IDLE,true,5,0,0,0,0,0.0,-0.069813169538975,0.0,-0.07,0.0,0.00018683046102524,0.0,0.0,9.8307943684505e-10,3.2030948099495e-43,0,0,160.0,120.0,0.0,1.346580980055e-08,false,true,true,true,0,0,0
30317,SAMPLE,IDLE,true,5,0,0,0,0,0.0,-0.069813169538975,0.0,-0.07,0.0,0.00018683046102524,0.0,0.0,6.3900163394928e-10,2.0820116264672e-43,0,0,160.0,120.0,0.0,8.5650100345447e-09,false,true,true,true,0,0,0
30318,SAMPLE,IDLE,true,5,0,0,0,0,0.0,-0.069813169538975,0.0,-0.07,0.0,0.00018683046102524,0.0,0.0,4.1535106206703e-10,1.3533075572037e-43,0,0,160.0,120.0,0.0,8.5650100345447e-09,false,true,true,true,0,0,0
30319,SAMPLE,IDLE,true,5,0,0,0,0,0.0,-0.069813169538975,0.0,-0.07,0.0,0.00018683046102524,0.0,0.0,2.6997819034357e-10,8.7964991218239e-44,0,0,160.0,120.0,0.0,5.4478261901636e-09,false,true,true,true,0,0,0
30320,SAMPLE,IDLE,true,5,0,0,0,0,0.0,-0.069813169538975,0.0,-0.07,0.0,0.00018683046102524,0.0,0.0,1.7548582372332e-10,5.7177244291855e-44,0,0,160.0,120.0,0.0,5.4478261901636e-09,false,true,true,true,0,0,0
30321,SAMPLE,IDLE,true,5,0,0,0,0,0.0,-0.069813169538975,0.0,-0.07,0.0,0.00018683046102524,0.0,0.0,1.1406578542016e-10,3.7165208789706e-44,0,0,160.0,120.0,0.0,5.4478261901636e-09,false,true,true,true,0,0,0
30322,SAMPLE,IDLE,true,5,0,0,0,0,0.0,-0.069813169538975,0.0,-0.07,0.0,0.00018683046102524,0.0,0.0,7.4142760523104e-11,2.4157385713309e-44,0,0,160.0,120.0,0.0,3.4651228553173e-09,false,true,true,true,0,0,0
30323,SAMPLE,IDLE,true,5,0,0,0,0,0.0,-0.069813169538975,0.0,-0.07,0.0,0.00018683046102524,0.0,0.0,4.8192794340017e-11,1.5702300713651e-44,0,0,160.0,120.0,0.0,3.4651228553173e-09,false,true,true,true,0,0,0
30324,SAMPLE,IDLE,true,5,0,0,0,0,0.0,-0.069813169538975,0.0,-0.07,0.0,0.00018683046102524,0.0,0.0,3.1325316321011e-11,1.0206495463873e-44,0,0,160.0,120.0,0.0,3.4651228553173e-09,false,true,true,true,0,0,0
30325,SAMPLE,IDLE,true,5,0,0,0,0,0.0,-0.069813169538975,0.0,-0.07,0.0,0.00018683046102524,0.0,0.0,2.0361455608657e-11,6.6342220515174e-45,0,0,160.0,120.0,0.0,2.2040123059952e-09,false,true,true,true,0,0,0
30326,SAMPLE,IDLE,true,5,0,0,0,0,0.0,-0.069813169538975,0.0,-0.07,0.0,0.00018683046102524,0.0,0.0,1.3234946145627e-11,4.3122443334863e-45,0,0,160.0,120.0,0.0,2.2040123059952e-09,false,true,true,true,0,0,0
30327,SAMPLE,IDLE,true,5,0,0,0,0,0.0,-0.069813169538975,0.0,-0.07,0.0,0.00018683046102524,0.0,0.0,8.6027149946577e-12,2.8029588167661e-45,0,0,160.0,120.0,0.0,1.4018753935474e-09,false,true,true,true,0,0,0
30328,SAMPLE,IDLE,true,5,0,0,0,0,0.0,-0.069813169538975,0.0,-0.07,0.0,0.00018683046102524,0.0,0.0,5.5917647465275e-12,1.821923230898e-45,0,0,160.0,120.0,0.0,1.4018753935474e-09,false,true,true,true,0,0,0
30329,SAMPLE,IDLE,true,5,0,0,0,0,0.0,-0.069813169538975,0.0,-0.07,0.0,0.00018683046102524,0.0,0.0,3.6346470852429e-12,1.1842501000837e-45,0,0,160.0,120.0,0.0,1.4018753935474e-09,false,true,true,true,0,0,0
30330,SAMPLE,IDLE,true,5,0,0,0,0,0.0,-0.069813169538975,0.0,-0.07,0.0,0.00018683046102524,0.0,0.0,2.3625206054079e-12,7.6976256505439e-46,0,0,160.0,120.0,0.0,8.916712923579e-10,false,true,true,true,0,0,0
30331,SAMPLE,IDLE,true,5,0,0,0,0,0.0,-0.069813169538975,0.0,-0.07,0.0,0.00018683046102524,0.0,0.0,1.5356383935151e-12,5.0034566728536e-46,0,0,160.0,120.0,0.0,8.916712923579e-10,false,true,true,true,0,0,0
30332,SAMPLE,IDLE,true,5,0,0,0,0,0.0,-0.069813169538975,0.0,-0.07,0.0,0.00018683046102524,0.0,0.0,9.9816495578483e-13,3.2522468373548e-46,0,0,160.0,120.0,0.0,8.916712923579e-10,false,true,true,true,0,0,0
30333,SAMPLE,IDLE,true,5,0,0,0,0,0.0,-0.069813169538975,0.0,-0.07,0.0,0.00018683046102524,0.0,0.0,6.4880722126014e-13,2.1139604442806e-46,0,0,160.0,120.0,0.0,5.6715288021536e-10,false,true,true,true,0,0,0
30334,SAMPLE,IDLE,true,5,0,0,0,0,0.0,-0.069813169538975,0.0,-0.07,0.0,0.00018683046102524,0.0,0.0,4.2172469381909e-13,1.3740742887824e-46,0,0,160.0,120.0,0.0,5.6715288021536e-10,false,true,true,true,0,0,0
30335,SAMPLE,IDLE,true,5,0,0,0,0,0.0,-0.069813169538975,0.0,-0.07,0.0,0.00018683046102524,0.0,0.0,2.7412105098241e-13,8.9314828770856e-47,0,0,160.0,120.0,0.0,3.6074102038874e-10,false,true,true,true,0,0,0
30336,SAMPLE,IDLE,true,5,0,0,0,0,0.0,-0.069813169538975,0.0,-0.07,0.0,0.00018683046102524,0.0,0.0,1.7817868313857e-13,5.8054638701057e-47,0,0,160.0,120.0,0.0,3.6074102038874e-10,false,true,true,true,0,0,0
30337,SAMPLE,IDLE,true,5,0,0,0,0,0.0,-0.069813169538975,0.0,-0.07,0.0,0.00018683046102524,0.0,0.0,1.1581614404007e-13,3.7735515155687e-47,0,0,160.0,120.0,0.0,3.6074102038874e-10,false,true,true,true,0,0,0
30338,SAMPLE,IDLE,true,5,0,0,0,0,0.0,-0.069813169538975,0.0,-0.07,0.0,0.00018683046102524,0.0,0.0,7.5280493626044e-14,2.4528084851196e-47,0,0,160.0,120.0,0.0,2.2945151334497e-10,false,true,true,true,0,0,0
30339,SAMPLE,IDLE,true,5,0,0,0,0,0.0,-0.069813169538975,0.0,-0.07,0.0,0.00018683046102524,0.0,0.0,4.8932320856929e-14,1.5943255153278e-47,0,0,160.0,120.0,0.0,2.2945151334497e-10,false,true,true,true,0,0,0
30340,SAMPLE,IDLE,true,5,0,0,0,0,0.0,-0.069813169538975,0.0,-0.07,0.0,0.00018683046102524,0.0,0.0,3.1806008557004e-14,1.0363115849631e-47,0,0,160.0,120.0,0.0,1.6970234939517e-10,false,true,true,true,0,0,0
30341,SAMPLE,IDLE,true,5,0,0,0,0,0.0,-0.069813169538975,0.0,-0.07,0.0,0.00018683046102524,0.0,0.0,2.0673905562052e-14,6.7360253022598e-48,0,0,160.0,120.0,0.0,1.6970234939517e-10,false,true,true,true,0,0,0
30342,SAMPLE,IDLE,true,5,0,0,0,0,0.0,-0.069813169538975,0.0,-0.07,0.0,0.00018683046102524,0.0,0.0,1.3438038615334e-14,4.3784164464689e-48,0,0,160.0,120.0,0.0,1.6970234939517e-10,false,true,true,true,0,0,0
30343,SAMPLE,IDLE,true,5,0,0,0,0,0.0,-0.069813169538975,0.0,-0.07,0.0,0.00018683046102524,0.0,0.0,8.7347250999671e-15,2.8459706902048e-48,0,0,160.0,120.0,0.0,1.0794020538496e-10,false,true,true,true,0,0,0
30344,SAMPLE,IDLE,true,5,0,0,0,0,0.0,-0.069813169538975,0.0,-0.07,0.0,0.00018683046102524,0.0,0.0,5.6775713149786e-15,1.8498809486331e-48,0,0,160.0,120.0,0.0,1.0794020538496e-10,false,true,true,true,0,0,0
30345,SAMPLE,IDLE,true,5,0,0,0,0,0.0,-0.069813169538975,0.0,-0.07,0.0,0.00018683046102524,0.0,0.0,3.6904213547361e-15,1.2024226166115e-48,0,0,160.0,120.0,0.0,6.8656018370472e-11,false,true,true,true,0,0,0
30346,SAMPLE,IDLE,true,5,0,0,0,0,0.0,-0.069813169538975,0.0,-0.07,0.0,0.00018683046102524,0.0,0.0,2.3987738805785e-15,7.8157470079749e-49,0,0,160.0,120.0,0.0,6.8656018370472e-11,false,true,true,true,0,0,0
30347,SAMPLE,IDLE,true,5,0,0,0,0,0.0,-0.069813169538975,0.0,-0.07,0.0,0.00018683046102524,0.0,0.0,1.559203022376e-15,5.0802355551837e-49,0,0,160.0,120.0,0.0,6.8656018370472e-11,false,true,true,true,0,0,0
30348,SAMPLE,IDLE,true,5,0,0,0,0,0.0,-0.069813169538975,0.0,-0.07,0.0,0.00018683046102524,0.0,0.0,1.0134819645444e-15,3.3021531108694e-49,0,0,160.0,120.0,0.0,4.3669078769737e-11,false,true,true,true,0,0,0
30349,SAMPLE,IDLE,true,5,0,0,0,0,0.0,-0.069813169538975,0.0,-0.07,0.0,0.00018683046102524,0.0,0.0,6.5876327695386e-16,2.1463995220651e-49,0,0,160.0,120.0,0.0,4.3669078769737e-11,false,true,true,true,0,0,0
30350,SAMPLE,IDLE,true,5,0,0,0,0,0.0,-0.069813169538975,0.0,-0.07,0.0,0.00018683046102524,0.0,0.0,4.2819613002001e-16,1.3951596893423e-49,0,0,160.0,120.0,0.0,4.3669078769737e-11,false,true,true,true,0,0,0
30351,SAMPLE,IDLE,true,5,0,0,0,0,0.0,-0.069813169538975,0.0,-0.07,0.0,0.00018683046102524,0.0,0.0,2.7832748451301e-16,9.068537980725e-50,0,0,160.0,120.0,0.0,2.7775979433153e-11,false,true,true,true,0,0,0
30352,SAMPLE,IDLE,true,5,0,0,0,0,0.0,-0.069813169538975,0.0,-0.07,0.0,0.00018683046102524,0.0,0.0,1.8091286493345e-16,5.8945496874713e-50,0,0,160.0,120.0,0.0,2.7775979433153e-11,false,true,true,true,0,0,0
30353,SAMPLE,IDLE,true,5,0,0,0,0,0.0,-0.069813169538975,0.0,-0.07,0.0,0.00018683046102524,0.0,0.0,1.1759336220675e-16,3.8314572968563e-50,0,0,160.0,120.0,0.0,2.7775979433153e-11,false,true,true,true,0,0,0
30354,SAMPLE,IDLE,true,5,0,0,0,0,0.0,-0.069813169538975,0.0,-0.07,0.0,0.00018683046102524,0.0,0.0,7.6435685434384e-17,2.4904472429566e-50,0,0,160.0,120.0,0.0,1.7667079604822e-11,false,true,true,true,0,0,0
30355,SAMPLE,IDLE,true,5,0,0,0,0,0.0,-0.069813169538975,0.0,-0.07,0.0,0.00018683046102524,0.0,0.0,4.968319553235e-17,1.6187907079218e-50,0,0,160.0,120.0,0.0,1.7667079604822e-11,false,true,true,true,0,0,0
30356,SAMPLE,IDLE,true,5,0,0,0,0,0.0,-0.069813169538975,0.0,-0.07,0.0,0.00018683046102524,0.0,0.0,3.2294077096027e-17,1.0522139601492e-50,0,0,160.0,120.0,0.0,1.1237252448004e-11,false,true,true,true,0,0,0
30357,SAMPLE,IDLE,true,5,0,0,0,0,0.0,-0.069813169538975,0.0,-0.07,0.0,0.00018683046102524,0.0,0.0,2.0991150112418e-17,6.8393907409696e-51,0,0,160.0,120.0,0.0,1.1237252448004e-11,false,true,true,true,0,0,0
30358,SAMPLE,IDLE,true,5,0,0,0,0,0.0,-0.069813169538975,0.0,-0.07,0.0,0.00018683046102524,0.0,0.0,1.3644247573072e-17,4.4456039816302e-51,0,0,160.0,120.0,0.0,1.1237252448004e-11,false,true,true,true,0,0,0
30359,SAMPLE,IDLE,true,5,0,0,0,0,0.0,-0.069813169538975,0.0,-0.07,0.0,0.00018683046102524,0.0,0.0,8.8687609224965e-18,2.8896425880597e-51,0,0,160.0,120.0,0.0,7.1475221574691e-12,false,true,true,true,0,0,0
30360,SAMPLE,IDLE,true,5,0,0,0,0,0.0,-0.069813169538975,0.0,-0.07,0.0,0.00018683046102524,0.0,0.0,5.7646945996227e-18,1.8782676822388e-51,0,0,160.0,120.0,0.0,7.1475221574691e-12,false,true,true,true,0,0,0
30361,SAMPLE,IDLE,true,5,0,0,0,0,0.0,-0.069813169538975,0.0,-0.07,0.0,0.00018683046102524,0.0,0.0,3.7470514897548e-18,1.2208739934552e-51,0,0,160.0,120.0,0.0,4.5462245079619e-12,false,true,true,true,0,0,0
30362,SAMPLE,IDLE,true,5,0,0,0,0,0.0,-0.069813169538975,0.0,-0.07,0.0,0.00018683046102524,0.0,0.0,2.4355834683406e-18,7.9356809574588e-52,0,0,160.0,120.0,0.0,4.5462245079619e-12,false,true,true,true,0,0,0
30363,SAMPLE,IDLE,true,5,0,0,0,0,0.0,-0.069813169538975,0.0,-0.07,0.0,0.00018683046102524,0.0,0.0,1.5831292544214e-18,5.1581926223482e-52,0,0,160.0,120.0,0.0,4.5462245079619e-12,false,true,true,true,0,0,0
30364,SAMPLE,IDLE,true,5,0,0,0,0,0.0,-0.069813169538975,0.0,-0.07,0.0,0.00018683046102524,0.0,0.0,1.0290340153739e-18,3.3528252045264e-52,0,0,160.0,120.0,0.0,2.8916534965118e-12,false,true,true,true,0,0,0
30365,SAMPLE,IDLE,true,5,0,0,0,0,0.0,-0.069813169538975,0.0,-0.07,0.0,0.00018683046102524,0.0,0.0,6.6887210999304e-19,2.1793363829421e-52,0,0,160.0,120.0,0.0,2.8916534965118e-12,false,true,true,true,0,0,0
30366,SAMPLE,IDLE,true,5,0,0,0,0,0.0,-0.069813169538975,0.0,-0.07,0.0,0.00018683046102524,0.0,0.0,4.3476687149548e-19,1.4165686489124e-52,0,0,160.0,120.0,0.0,2.1386668477841e-12,false,true,true,true,0,0,0
30367,SAMPLE,IDLE,true,5,0,0,0,0,0.0,-0.069813169538975,0.0,-0.07,0.0,0.00018683046102524,0.0,0.0,2.8259846647206e-19,9.2076962179305e-53,0,0,160.0,120.0,0.0,2.1386668477841e-12,false,true,true,true,0,0,0
30368,SAMPLE,IDLE,true,5,0,0,0,0,0.0,-0.069813169538975,0.0,-0.07,0.0,0.00018683046102524,0.0,0.0,1.8368900320684e-19,5.9850025416548e-53,0,0,160.0,120.0,0.0,2.1386668477841e-12,false,true,true,true,0,0,0
30369,SAMPLE,IDLE,true,5,0,0,0,0,0.0,-0.069813169538975,0.0,-0.07,0.0,0.00018683046102524,0.0,0.0,1.1939785208445e-19,3.8902516520756e-53,0,0,160.0,120.0,0.0,1.5817580535302e-12,false,true,true,true,0,0,0
30370,SAMPLE,IDLE,true,5,0,0,0,0,0.0,-0.069813169538975,0.0,-0.07,0.0,0.00018683046102524,0.0,0.0,7.7608603854889e-20,2.5286635738492e-53,0,0,160.0,120.0,0.0,1.5817580535302e-12,false,true,true,true,0,0,0
30371,SAMPLE,IDLE,true,5,0,0,0,0,0.0,-0.069813169538975,0.0,-0.07,0.0,0.00018683046102524,0.0,0.0,5.0445592505678e-20,1.643631323002e-53,0,0,160.0,120.0,0.0,1.0060867070005e-12,false,true,true,true,0,0,0
30372,SAMPLE,IDLE,true,5,0,0,0,0,0.0,-0.069813169538975,0.0,-0.07,0.0,0.00018683046102524,0.0,0.0,3.2789635128691e-20,1.0683603599513e-53,0,0,160.0,120.0,0.0,1.0060867070005e-12,false,true,true,true,0,0,0
30373,SAMPLE,IDLE,true,5,0,0,0,0,0.0,-0.069813169538975,0.0,-0.07,0.0,0.00018683046102524,0.0,0.0,2.1313262833649e-20,6.9443423396833e-54,0,0,160.0,120.0,0.0,1.0060867070005e-12,false,true,true,true,0,0,0
30374,SAMPLE,IDLE,true,5,0,0,0,0,0.0,-0.069813169538975,0.0,-0.07,0.0,0.00018683046102524,0.0,0.0,1.3853620841872e-20,4.5138225207941e-54,0,0,160.0,120.0,0.0,6.3992750985384e-13,false,true,true,true,0,0,0
30375,SAMPLE,IDLE,true,5,0,0,0,0,0.0,-0.069813169538975,0.0,-0.07,0.0,0.00018683046102524,0.0,0.0,9.0048535472167e-21,2.9339846385162e-54,0,0,160.0,120.0,0.0,6.3992750985384e-13,false,true,true,true,0,0,0
30376,SAMPLE,IDLE,true,5,0,0,0,0,0.0,-0.069813169538975,0.0,-0.07,0.0,0.00018683046102524,0.0,0.0,5.8531548056908e-21,1.9070900150355e-54,0,0,160.0,120.0,0.0,4.0702974302663e-13,false,true,true,true,0,0,0
30377,SAMPLE,IDLE,true,5,0,0,0,0,0.0,-0.069813169538975,0.0,-0.07,0.0,0.00018683046102524,0.0,0.0,3.8045506236991e-21,1.2396085097731e-54,0,0,160.0,120.0,0.0,4.0702974302663e-13,false,true,true,true,0,0,0
30378,SAMPLE,IDLE,true,5,0,0,0,0,0.0,-0.069813169538975,0.0,-0.07,0.0,0.00018683046102524,0.0,0.0,2.4729579054044e-21,8.0574553135251e-55,0,0,160.0,120.0,0.0,4.0702974302663e-13,false,true,true,true,0,0,0
30379,SAMPLE,IDLE,true,5,0,0,0,0,0.0,-0.069813169538975,0.0,-0.07,0.0,0.00018683046102524,0.0,0.0,1.6074226385128e-21,5.2373459537913e-55,0,0,160.0,120.0,0.0,3.0103922284662e-13,false,true,true,true,0,0,0
30380,SAMPLE,IDLE,true,5,0,0,0,0,0.0,-0.069813169538975,0.0,-0.07,0.0,0.00018683046102524,0.0,0.0,1.0448247150334e-21,3.4042748699643e-55,0,0,160.0,120.0,0.0,3.0103922284662e-13,false,true,true,true,0,0,0
30381,SAMPLE,IDLE,true,5,0,0,0,0,0.0,-0.069813169538975,0.0,-0.07,0.0,0.00018683046102524,0.0,0.0,6.7913606477168e-22,2.2127786654768e-55,0,0,160.0,120.0,0.0,1.9147781504889e-13,false,true,true,true,0,0,0
30382,SAMPLE,IDLE,true,5,0,0,0,0,0.0,-0.069813169538975,0.0,-0.07,0.0,0.00018683046102524,0.0,0.0,4.4143844210159e-22,1.4383061325599e-55,0,0,160.0,120.0,0.0,1.9147781504889e-13,false,true,true,true,0,0,0
30383,SAMPLE,IDLE,true,5,0,0,0,0,0.0,-0.069813169538975,0.0,-0.07,0.0,0.00018683046102524,0.0,0.0,2.8693498736603e-22,9.3489898616396e-56,0,0,160.0,120.0,0.0,1.9147781504889e-13,false,true,true,true,0,0,0
30384,SAMPLE,IDLE,true,5,0,0,0,0,0.0,-0.069813169538975,0.0,-0.07,0.0,0.00018683046102524,0.0,0.0,1.8650774178792e-22,6.0768434100657e-56,0,0,160.0,120.0,0.0,1.217906255447e-13,false,true,true,true,0,0,0
30385,SAMPLE,IDLE,true,5,0,0,0,0,0.0,-0.069813169538975,0.0,-0.07,0.0,0.00018683046102524,0.0,0.0,1.2123003216215e-22,3.9499482165427e-56,0,0,160.0,120.0,0.0,1.217906255447e-13,false,true,true,true,0,0,0
30386,SAMPLE,IDLE,true,5,0,0,0,0,0.0,-0.069813169538975,0.0,-0.07,0.0,0.00018683046102524,0.0,0.0,7.8799520905397e-23,2.5674663407528e-56,0,0,160.0,120.0,0.0,1.217906255447e-13,false,true,true,true,0,0,0
30387,SAMPLE,IDLE,true,5,0,0,0,0,0.0,-0.069813169538975,0.0,-0.07,0.0,0.00018683046102524,0.0,0.0,5.1219688588508e-23,1.6688531214893e-56,0,0,160.0,120.0,0.0,9.0076349970516e-14,false,true,true,true,0,0,0
30388,SAMPLE,IDLE,true,5,0,0,0,0,0.0,-0.069813169538975,0.0,-0.07,0.0,0.00018683046102524,0.0,0.0,3.329279758253e-23,1.084754528968e-56,0,0,160.0,120.0,0.0,9.0076349970516e-14,false,true,true,true,0,0,0
30389,SAMPLE,IDLE,true,5,0,0,0,0,0.0,-0.069813169538975,0.0,-0.07,0.0,0.00018683046102524,0.0,0.0,2.1640318428645e-23,7.0509044382923e-57,0,0,160.0,120.0,0.0,6.6620469449212e-14,false,true,true,true,0,0,0
30390,SAMPLE,IDLE,true,5,0,0,0,0,0.0,-0.069813169538975,0.0,-0.07,0.0,0.00018683046102524,0.0,0.0,1.4066206978619e-23,4.58308788489e-57,0,0,160.0,120.0,0.0,6.6620469449212e-14,false,true,true,true,0,0,0
30391,SAMPLE,IDLE,true,5,0,0,0,0,0.0,-0.069813169538975,0.0,-0.07,0.0,0.00018683046102524,0.0,0.0,9.1430345361024e-24,2.9790071251785e-57,0,0,160.0,120.0,0.0,6.6620469449212e-14,false,true,true,true,0,0,0
30392,SAMPLE,IDLE,true,5,0,0,0,0,0.0,-0.069813169538975,0.0,-0.07,0.0,0.00018683046102524,0.0,0.0,5.9429724484666e-24,1.936354631366e-57,0,0,160.0,120.0,0.0,4.2374354621965e-14,false,true,true,true,0,0,0
30393,SAMPLE,IDLE,true,5,0,0,0,0,0.0,-0.069813169538975,0.0,-0.07,0.0,0.00018683046102524,0.0,0.0,3.8629320915033e-24,1.2586305103879e-57,0,0,160.0,120.0,0.0,4.2374354621965e-14,false,true,true,true,0,0,0
30394,SAMPLE,IDLE,true,5,0,0,0,0,0.0,-0.069813169538975,0.0,-0.07,0.0,0.00018683046102524,0.0,0.0,2.5109058594771e-24,8.1810983175215e-58,0,0,160.0,120.0,0.0,2.6952463020756e-14,false,true,true,true,0,0,0
30395,SAMPLE,IDLE,true,5,0,0,0,0,0.0,-0.069813169538975,0.0,-0.07,0.0,0.00018683046102524,0.0,0.0,1.6320888086601e-24,5.3177139063889e-58,0,0,160.0,120.0,0.0,2.6952463020756e-14,false,true,true,true,0,0,0
30396,SAMPLE,IDLE,true,5,0,0,0,0,0.0,-0.069813169538975,0.0,-0.07,0.0,0.00018683046102524,0.0,0.0,1.0608577256291e-24,3.4565140391528e-58,0,0,160.0,120.0,0.0,2.6952463020756e-14,false,true,true,true,0,0,0
30397,SAMPLE,IDLE,true,5,0,0,0,0,0.0,-0.069813169538975,0.0,-0.07,0.0,0.00018683046102524,0.0,0.0,6.895575216589e-25,2.2467341254493e-58,0,0,160.0,120.0,0.0,1.9934042887497e-14,false,true,true,true,0,0,0
30398,SAMPLE,IDLE,true,5,0,0,0,0,0.0,-0.069813169538975,0.0,-0.07,0.0,0.00018683046102524,0.0,0.0,4.4821238907829e-25,1.4603771815421e-58,0,0,160.0,120.0,0.0,1.9934042887497e-14,false,true,true,true,0,0,0
30399,SAMPLE,IDLE,true,5,0,0,0,0,0.0,-0.069813169538975,0.0,-0.07,0.0,0.00018683046102524,0.0,0.0,2.9133805290089e-25,9.4924516800234e-59,0,0,160.0,120.0,0.0,1.2679167577781e-14,false,true,true,true,0,0,0
30400,SAMPLE,IDLE,true,5,0,0,0,0,0.0,-0.069813169538975,0.0,-0.07,0.0,0.00018683046102524,0.0,0.0,1.8936973438558e-25,6.1700935920152e-59,0,0,160.0,120.0,0.0,1.2679167577781e-14,false,true,true,true,0,0,0
30401,SAMPLE,IDLE,true,5,0,0,0,0,0.0,-0.069813169538975,0.0,-0.07,0.0,0.00018683046102524,0.0,0.0,1.2309032735062e-25,4.0105608348099e-59,0,0,160.0,120.0,0.0,1.2679167577781e-14,false,true,true,true,0,0,0
30402,SAMPLE,IDLE,true,5,0,0,0,0,0.0,-0.069813169538975,0.0,-0.07,0.0,0.00018683046102524,0.0,0.0,8.0008712777906e-26,2.6068645426264e-59,0,0,160.0,120.0,0.0,9.3775127704807e-15,false,true,true,true,0,0,0
30403,SAMPLE,IDLE,true,5,0,0,0,0,0.0,-0.069813169538975,0.0,-0.07,0.0,0.00018683046102524,0.0,0.0,5.2005663305639e-26,1.6944619527072e-59,0,0,160.0,120.0,0.0,9.3775127704807e-15,false,true,true,true,0,0,0
30404,SAMPLE,IDLE,true,5,0,0,0,0,0.0,-0.069813169538975,0.0,-0.07,0.0,0.00018683046102524,0.0,0.0,3.3803681148665e-26,1.1014002692597e-59,0,0,160.0,120.0,0.0,5.9646230554482e-15,false,true,true,true,0,0,0
30405,SAMPLE,IDLE,true,5,0,0,0,0,0.0,-0.069813169538975,0.0,-0.07,0.0,0.00018683046102524,0.0,0.0,2.1972392746632e-26,7.1591017501878e-60,0,0,160.0,120.0,0.0,5.9646230554482e-15,false,true,true,true,0,0,0
30406,SAMPLE,IDLE,true,5,0,0,0,0,0.0,-0.069813169538975,0.0,-0.07,0.0,0.00018683046102524,0.0,0.0,1.4282055285311e-26,4.6534161376221e-60,0,0,160.0,120.0,0.0,5.9646230554482e-15,false,true,true,true,0,0,0
30407,SAMPLE,IDLE,true,5,0,0,0,0,0.0,-0.069813169538975,0.0,-0.07,0.0,0.00018683046102524,0.0,0.0,9.2833359354522e-27,3.0247204894544e-60,0,0,160.0,120.0,0.0,4.4114356807269e-15,false,true,true,true,0,0,0
30408,SAMPLE,IDLE,true,5,0,0,0,0,0.0,-0.069813169538975,0.0,-0.07,0.0,0.00018683046102524,0.0,0.0,6.0341683580439e-27,1.9660683181453e-60,0,0,160.0,120.0,0.0,4.4114356807269e-15,false,true,true,true,0,0,0
30409,SAMPLE,IDLE,true,5,0,0,0,0,-0.091392993927002,-0.069813169538975,0.0,-0.07,-0.091392993927002,0.00018683046102524,-0.091392993927002,0.0,-0.031987547874451,1.2779444067945e-60,0,0,177.4693145752,120.0,91.307106018066,0.77988004684448,true,false,false,false,0,0,0
30410,ACQUIRED,ACQUIRED,true,6,0,0,0,0,-0.091392993927002,-0.069813169538975,0.0,-0.07,-0.091392993927002,0.00018683046102524,0.0,0.0,-0.020791906118393,8.306638644164e-61,-0.091392993927002,0.00018683046102524,177.4693145752,120.0,91.307106018066,0.77988004684448,true,false,false,false,27,0,0
30411,ALIGNING,ALIGNING,true,6,0,0,0,0,-0.091392993927002,-0.069813169538975,0.0,-0.07,-0.091392993927002,0.00018683046102524,0.0,0.0,-0.013514738976955,5.3993151187066e-61,-0.091392993927002,0.00018683046102524,177.4693145752,120.0,91.307106018066,0.77988004684448,true,false,false,false,27,0,0
30412,SAMPLE,ALIGNING,true,6,0,0,0,0,-0.15721130371094,-0.077315330505371,0.0,-0.07,-0.15721130371094,-0.0073153305053711,-0.065818309783936,-0.0075021609663963,-0.031820988759398,-0.0026257563382387,-0.15721130371094,-0.0073153305053711,190.20948791504,121.46268463135,156.59783935547,1.3486377000809,true,false,false,false,45,-2,0
30413,SAMPLE,ALIGNING,true,6,0,0,0,0,-0.15721130371094,-0.077315330505371,0.0,-0.07,-0.15721130371094,-0.0073153305053711,0.0,0.0,-0.020683642693609,-0.0017067416198552,-0.15721130371094,-0.0073153305053711,190.20948791504,121.46268463135,156.59783935547,1.3486377000809,true,false,false,false,45,-2,0
30414,SAMPLE,ALIGNING,true,6,0,0,0,0,-0.15721130371094,-0.077315330505371,0.0,-0.07,-0.15721130371094,-0.0073153305053711,0.0,0.0,-0.013444367750846,-0.0011093820529059,-0.15721130371094,-0.0073153305053711,190.20948791504,121.46268463135,156.59783935547,1.3486377000809,true,false,false,false,45,-2,0
30415,SAMPLE,ALIGNING,true,6,0,0,0,0,-0.1330509185791,-0.080095767974854,0.0,-0.07,-0.1330509185791,-0.010095767974854,0.024160385131836,-0.0027804374694824,-0.00028270424190723,-0.0016942514487077,-0.1330509185791,-0.010095767974854,185.50645446777,121.99063873291,132.68324279785,1.1386812925339,true,false,false,false,37,-2,0
30416,SAMPLE,ALIGNING,true,6,0,0,0,0,-0.1330509185791,-0.080095767974854,0.0,-0.07,-0.1330509185791,-0.010095767974854,0.0,0.0,-0.0001837577572397,-0.00110126344166,-0.1330509185791,-0.010095767974854,185.50645446777,121.99063873291,132.68324279785,1.1386812925339,true,false,false,false,37,-2,0
30417,SAMPLE,ALIGNING,true,6,0,0,0,0,-0.11881351470947,-0.083595275878906,0.0,-0.07,-0.11881351470947,-0.013595275878906,0.014237403869629,-0.0034995079040527,0.0048636488121643,-0.0019406490034974,-0.11881351470947,-0.013595275878906,182.75225830078,122.65858459473,118.56449890137,1.015725851059,true,false,false,false,33,-3,0
30418,SAMPLE,ALIGNING,true,6,0,0,0,0,-0.11881351470947,-0.083595275878906,0.0,-0.07,-0.11881351470947,-0.013595275878906,0.0,0.0,0.0031613717279068,-0.0012614218522733,-0.11881351470947,-0.013595275878906,182.75225830078,122.65858459473,118.56449890137,1.015725851059,true,false,false,false,33,-3,0
30419,SAMPLE,ALIGNING,true,6,0,0,0,0,-0.11881351470947,-0.083595275878906,0.0,-0.07,-0.11881351470947,-0.013595275878906,0.0,0.0,0.0020548916231394,-0.00081992420397767,-0.11881351470947,-0.013595275878906,182.75225830078,122.65858459473,118.56449890137,1.015725851059,true,false,false,false,33,-3,0
30420,SAMPLE,ALIGNING,true,6,0,0,0,0,-0.11401987075806,-0.086135864257813,0.0,-0.07,-0.11401987075806,-0.016135864257812,0.004793643951416,-0.0025405883789063,0.0030134549380362,-0.0014221566652027,-0.11401987075806,-0.016135864257812,181.82806396484,123.14019775391,113.80778503418,0.97446745634079,true,false,false,false,32,-4,0
30421,SAMPLE,ALIGNING,true,6,0,0,0,0,-0.11401987075806,-0.086135864257813,0.0,-0.07,-0.11401987075806,-0.016135864257812,0.0,0.0,0.0019587457097235,-0.00092440183238174,-0.11401987075806,-0.016135864257812,181.82806396484,123.14019775391,113.80778503418,0.97446745634079,true,false,false,false,32,-4,0
30422,SAMPLE,ALIGNING,true,6,0,0,0,0,-0.1106162071228,-0.089012145996094,0.0,-0.07,-0.1106162071228,-0.019012145996094,0.0034036636352539,-0.0028762817382813,0.0024644669836592,-0.0016075597994466,-0.1106162071228,-0.019012145996094,181.16189575195,123.69805908203,110.37174224854,0.94472748041153,true,false,false,false,31,-4,0
30423,SAMPLE,ALIGNING,true,6,0,0,0,0,-0.1106162071228,-0.089012145996094,0.0,-0.07,-0.1106162071228,-0.019012145996094,0.0,0.0,0.0016019035393785,-0.0010449138696403,-0.1106162071228,-0.019012145996094,181.16189575195,123.69805908203,110.37174224854,0.94472748041153,true,false,false,false,31,-4,0
30424,SAMPLE,ALIGNING,true,6,0,0,0,0,-0.1106162071228,-0.089012145996094,0.0,-0.07,-0.1106162071228,-0.019012145996094,0.0,0.0,0.001041237300596,-0.00067919401526617,-0.1106162071228,-0.019012145996094,181.16189575195,123.69805908203,110.37174224854,0.94472748041153,true,false,false,false,31,-4,0
30425,SAMPLE,ALIGNING,true,6,0,0,0,0,-0.10965728759766,-0.090690135955811,0.0,-0.07,-0.10965728759766,-0.020690135955811,0.00095891952514648,-0.0016779899597168,0.0010124260791887,-0.0010287725958239,-0.10965728759766,-0.020690135955811,180.9801940918,124.01891326904,109.4317779541,0.93661606311798,true,false,false,false,31,-5,0
30426,SAMPLE,ALIGNING,true,6,0,0,0,0,-0.10965728759766,-0.090690135955811,0.0,-0.07,-0.10965728759766,-0.020690135955811,0.0,0.0,0.00065807695147264,-0.00066870218728553,-0.10965728759766,-0.020690135955811,180.9801940918,124.01891326904,109.4317779541,0.93661606311798,true,false,false,false,31,-5,0
30427,SAMPLE,ALIGNING,true,6,0,0,0,0,-0.10941743850708,-0.092319965362549,0.0,-0.07,-0.10941743850708,-0.022319965362549,0.00023984909057617,-0.0016298294067383,0.00051169720015887,-0.001005096714094,-0.10941743850708,-0.022319965362549,180.93478393555,124.32814788818,109.19390869141,0.93458867073059,true,false,false,false,31,-5,0
30428,SAMPLE,ALIGNING,true,6,0,0,0,0,-0.10941743850708,-0.092319965362549,0.0,-0.07,-0.10941743850708,-0.022319965362549,0.0,0.0,0.00033260318010327,-0.0006533128641611,-0.10941743850708,-0.022319965362549,180.93478393555,124.32814788818,109.19390869141,0.93458867073059,true,false,false,false,31,-5,0
30429,SAMPLE,ALIGNING,true,6,0,0,0,0,-0.10970544815063,-0.094525337219238,0.0,-0.07,-0.10970544815063,-0.024525337219238,-0.00028800964355469,-0.0022053718566895,0.00011538869182298,-0.001196533511546,-0.10970544815063,-0.024525337219238,180.99320983887,124.74761962891,109.48934173584,0.93719691038132,true,false,false,false,31,-5,0
30430,SAMPLE,ALIGNING,true,6,0,0,0,0,-0.10970544815063,-0.094525337219238,0.0,-0.07,-0.10970544815063,-0.024525337219238,0.0,0.0,7.5002649684939e-05,-0.00077774678250491,-0.10970544815063,-0.024525337219238,180.99320983887,124.74761962891,109.48934173584,0.93719691038132,true,false,false,false,31,-5,0
30431,SAMPLE,ALIGNING,true,6,0,0,0,0,-0.10970544815063,-0.094525337219238,0.0,-0.07,-0.10970544815063,-0.024525337219238,0.0,0.0,4.875172229521e-05,-0.00050553540862819,-0.10970544815063,-0.024525337219238,180.99320983887,124.74761962891,109.48934173584,0.93719691038132,true,false,false,false,31,-5,0
30432,SAMPLE,ALIGNING,true,6,0,0,0,0,-0.11018466949463,-0.0959153175354,0.0,-0.07,-0.11018466949463,-0.0259153175354,-0.00047922134399414,-0.0013899803161621,-0.00013603885090606,-0.00081509112626506,-0.11018466949463,-0.0259153175354,181.08641052246,125.01831817627,109.96560668945,0.94135773181915,true,false,false,false,31,-6,0
30433,SAMPLE,ALIGNING,true,6,0,0,0,0,-0.11018466949463,-0.0959153175354,0.0,-0.07,-0.11018466949463,-0.0259153175354,0.0,0.0,-8.8425253088941e-05,-0.00052980923207229,-0.11018466949463,-0.0259153175354,181.08641052246,125.01831817627,109.96560668945,0.94135773181915,true,false,false,false,31,-6,0
30434,SAMPLE,ALIGNING,true,6,0,0,0,0,-0.11066389083862,-0.097257614135742,0.0,-0.07,-0.11066389083862,-0.027257614135742,-0.00047922134399414,-0.0013422966003418,-0.00022520388490576,-0.00081417981096662,-0.11066389083862,-0.027257614135742,181.17385864258,125.27760314941,110.41208648682,0.94526171684265,true,false,false,false,31,-6,0
30435,SAMPLE,ALIGNING,true,6,0,0,0,0,-0.11066389083862,-0.097257614135742,0.0,-0.07,-0.11066389083862,-0.027257614135742,0.0,0.0,-0.00014638252518874,-0.0005292168771283,-0.11066389083862,-0.027257614135742,181.17385864258,125.27760314941,110.41208648682,0.94526171684265,true,false,false,false,31,-6,0
30436,SAMPLE,ALIGNING,true,6,0,0,0,0,-0.11066389083862,-0.097257614135742,0.0,-0.07,-0.11066389083862,-0.027257614135742,0.0,0.0,-9.5148641372684e-05,-0.0003439909701334,-0.11066389083862,-0.027257614135742,181.17385864258,125.27760314941,110.41208648682,0.94526171684265,true,false,false,false,31,-6,0
30437,SAMPLE,ALIGNING,true,6,0,0,0,0,-0.11095190048218,-0.098264217376709,0.0,-0.07,-0.11095190048218,-0.028264217376709,-0.00028800964355469,-0.0010066032409668,-0.00016264999213639,-0.00057590526492509,-0.11095190048218,-0.028264217376709,181.22993469238,125.46491241455,110.69789123535,0.94776505231857,true,false,false,false,31,-6,0
30438,SAMPLE,ALIGNING,true,6,0,0,0,0,-0.11095190048218,-0.098264217376709,0.0,-0.07,-0.11095190048218,-0.028264217376709,0.0,0.0,-0.00010572249488865,-0.00037433842220131,-0.11095190048218,-0.028264217376709,181.22993469238,125.46491241455,110.69789123535,0.94776505231857,true,false,false,false,31,-6,0
30439,SAMPLE,ALIGNING,true,6,0,0,0,0,-0.11114358901978,-0.09888744354248,0.0,-0.07,-0.11114358901978,-0.02888744354248,-0.00019168853759766,-0.00062322616577148,-0.0001358106098368,-0.00046144913245087,-0.11114358901978,-0.02888744354248,181.26965332031,125.58698272705,110.90041351318,0.949538230896,true,false,false,false,31,-6,0
30440,SAMPLE,ALIGNING,true,6,0,0,0,0,-0.11114358901978,-0.09888744354248,0.0,-0.07,-0.11114358901978,-0.02888744354248,0.0,0.0,-8.8276896393922e-05,-0.00029994193609306,-0.11114358901978,-0.02888744354248,181.26965332031,125.58698272705,110.90041351318,0.949538230896,true,false,false,false,31,-6,0
30441,SAMPLE,ALIGNING,true,6,0,0,0,0,-0.11138296127319,-0.099174976348877,0.0,-0.07,-0.11138296127319,-0.029174976348877,-0.00023937225341797,-0.00028753280639648,-0.00014116027135234,-0.00029559874069926,-0.11138296127319,-0.029174976348877,181.31112670898,125.64691162109,111.11297607422,0.95139002799988,true,false,false,false,31,-6,0
30442,SAMPLE,ALIGNING,true,6,0,0,0,0,-0.11138296127319,-0.099174976348877,0.0,-0.07,-0.11138296127319,-0.029174976348877,0.0,0.0,-9.175417637902e-05,-0.00019213918145452,-0.11138296127319,-0.029174976348877,181.31112670898,125.64691162109,111.11297607422,0.95139002799988,true,false,false,false,31,-6,0
30443,SAMPLE,ALIGNING,true,6,0,0,0,0,-0.11138296127319,-0.099174976348877,0.0,-0.07,-0.11138296127319,-0.029174976348877,0.0,0.0,-5.9640214646363e-05,-0.00012489046794544,-0.11138296127319,-0.029174976348877,181.31112670898,125.64691162109,111.11297607422,0.95139002799988,true,false,false,false,31,-6,0
30444,SAMPLE,ALIGNING,true,6,0,0,0,0,-0.11181449890137,-0.099510669708252,0.0,-0.07,-0.11181449890137,-0.029510669708252,-0.00043153762817383,-0.000335693359375,-0.00018980430938098,-0.00019867147994578,-0.11181449890137,-0.029510669708252,181.39543151855,125.71236419678,111.54594421387,0.95515334606171,true,false,false,false,31,-7,0
30445,SAMPLE,ALIGNING,true,6,0,0,0,0,-0.11181449890137,-0.099510669708252,0.0,-0.07,-0.11181449890137,-0.029510669708252,0.0,0.0,-0.00012337280109763,-0.00012913646196476,-0.11181449890137,-0.029510669708252,181.39543151855,125.71236419678,111.54594421387,0.95515334606171,true,false,false,false,31,-7,0
30446,SAMPLE,ALIGNING,true,6,0,0,0,0,-0.11181449890137,-0.099510669708252,0.0,-0.07,-0.11181449890137,-0.029510669708252,0.0,0.0,-8.0192320713462e-05,-8.3938700277094e-05,-0.11181449890137,-0.029510669708252,181.39543151855,125.71236419678,111.54594421387,0.95515334606171,true,false,false,false,31,-6,0
30447,SAMPLE,ALIGNING,true,6,0,0,0,0,-0.11325263977051,-0.10003805160522,0.0,-0.07,-0.11325263977051,-0.030038051605225,-0.0014381408691406,-0.00052738189697266,-0.00055547431266297,-0.00023914381912054,-0.11325263977051,-0.030038051605225,181.67582702637,125.81107330322,112.98750305176,0.96767073869705,true,false,false,false,32,-7,0
30448,SAMPLE,ALIGNING,true,6,0,0,0,0,-0.11325263977051,-0.10003805160522,0.0,-0.07,-0.11325263977051,-0.030038051605225,0.0,0.0,-0.00036105830323093,-0.00015544348242835,-0.11325263977051,-0.030038051605225,181.67582702637,125.81107330322,112.98750305176,0.96767073869705,true,false,false,false,32,-7,0
30449,SAMPLE,ALIGNING,true,6,0,0,0,0,-0.11421155929565,-0.10061311721802,0.0,-0.07,-0.11421155929565,-0.030613117218018,-0.00095891952514648,-0.00057506561279297,-0.00057030973090137,-0.00030231122805597,-0.11421155929565,-0.030613117218018,181.8639831543,125.92043304443,113.95362854004,0.97607064247131,true,false,false,false,32,-7,0
30450,SAMPLE,ALIGNING,true,6,0,0,0,0,-0.11421155929565,-0.10061311721802,0.0,-0.07,-0.11421155929565,-0.030613117218018,0.0,0.0,-0.00037070132508589,-0.00019650229823638,-0.11421155929565,-0.030613117218018,181.8639831543,125.92043304443,113.95362854004,0.97607064247131,true,false,false,false,32,-7,0
30451,SAMPLE,ALIGNING,true,6,0,0,0,0,-0.11421155929565,-0.10061311721802,0.0,-0.07,-0.11421155929565,-0.030613117218018,0.0,0.0,-0.00024095586130583,-0.00012772649385365,-0.11421155929565,-0.030613117218018,181.8639831543,125.92043304443,113.95362854004,0.97607064247131,true,false,false,false,32,-7,0
30452,SAMPLE,ALIGNING,true,6,0,0,0,0,-0.11473894119263,-0.10171556472778,0.0,-0.07,-0.11473894119263,-0.031715564727783,-0.00052738189697266,-0.0011024475097656,-0.00034120497378922,-0.00046887884942284,-0.11473894119263,-0.031715564727783,181.96197509766,126.13566589355,114.45364379883,0.98044538497925,true,false,false,false,32,-7,0
30453,SAMPLE,ALIGNING,true,6,0,0,0,0,-0.11473894119263,-0.10171556472778,0.0,-0.07,-0.11473894119263,-0.031715564727783,0.0,0.0,-0.00022178323296299,-0.00030477125212485,-0.11473894119263,-0.031715564727783,181.96197509766,126.13566589355,114.45364379883,0.98044538497925,true,false,false,false,32,-7,0
30454,SAMPLE,ALIGNING,true,6,0,0,0,0,-0.11531400680542,-0.10267448425293,0.0,-0.07,-0.11531400680542,-0.03267448425293,-0.00057506561279297,-0.00095891952514648,-0.00034543206590348,-0.00053372314768242,-0.11531400680542,-0.03267448425293,182.0705871582,126.31619262695,115.00868225098,0.98529404401779,true,false,false,false,32,-7,0
30455,SAMPLE,ALIGNING,true,6,0,0,0,0,-0.11531400680542,-0.10267448425293,0.0,-0.07,-0.11531400680542,-0.03267448425293,0.0,0.0,-0.00022453084283726,-0.00034692004599357,-0.11531400680542,-0.03267448425293,182.0705871582,126.31619262695,115.00868225098,0.98529404401779,true,false,false,false,32,-7,0
30456,SAMPLE,ALIGNING,true,6,0,0,0,0,-0.11531400680542,-0.10267448425293,0.0,-0.07,-0.11531400680542,-0.03267448425293,0.0,0.0,-0.00014594504784422,-0.00022549802989582,-0.11531400680542,-0.03267448425293,182.25038146973,126.45168304443,115.93032836914,0.99332052469254,true,false,false,false,32,-7,0
30457,SAMPLE,ALIGNING,true,6,0,0,0,0,-0.11622476577759,-0.1033935546875,0.0,-0.07,-0.11622476577759,-0.0333935546875,-0.00091075897216797,-0.00071907043457031,-0.00041362992135753,-0.00039824837153189,-0.11622476577759,-0.0333935546875,182.25038146973,126.45168304443,115.93032836914,0.99332052469254,true,false,false,false,33,-7,0
30458,SAMPLE,ALIGNING,true,6,0,0,0,0,-0.11622476577759,-0.1033935546875,0.0,-0.07,-0.11622476577759,-0.0333935546875,0.0,0.0,-0.0002688594488824,-0.00025886144149573,-0.11622476577759,-0.0333935546875,182.25038146973,126.45168304443,115.93032836914,0.99332052469254,true,false,false,false,33,-7,0
30459,SAMPLE,ALIGNING,true,6,0,0,0,0,-0.11703968048096,-0.10396862030029,0.0,-0.07,-0.11703968048096,-0.033968620300293,-0.00081491470336914,-0.00057506561279297,-0.00045997878795276,-0.00036953290144976,-0.11703968048096,-0.033968620300293,182.4012298584,126.56604766846,116.7032623291,1.0000550746918,true,false,false,false,33,-7,0
30460,SAMPLE,ALIGNING,true,6,0,0,0,0,-0.11703968048096,-0.10396862030029,0.0,-0.07,-0.11703968048096,-0.033968620300293,0.0,0.0,-0.00029898621216929,-0.00024019638594235,-0.11703968048096,-0.033968620300293,182.4012298584,126.56604766846,116.7032623291,1.0000550746918,true,false,false,false,33,-7,0
30461,SAMPLE,ALIGNING,true,6,0,0,0,0,-0.11703968048096,-0.10396862030029,0.0,-0.07,-0.11703968048096,-0.033968620300293,0.0,0.0,-0.00019434103791004,-0.00015612765086253,-0.11703968048096,-0.033968620300293,182.4012298584,126.56604766846,116.7032623291,1.0000550746918,true,false,false,false,33,-7,0
30462,SAMPLE,ALIGNING,true,6,0,0,0,0,-0.11751890182495,-0.10459232330322,0.0,-0.07,-0.11751890182495,-0.034592323303223,-0.00047922134399414,-0.00062370300292969,-0.00029404914503948,-0.00031977902408603,-0.11751890182495,-0.034592323303223,182.49978637695,126.68115234375,117.20724487305,1.0044548511505,true,false,false,false,33,-8,0
30463,SAMPLE,ALIGNING,true,6,0,0,0,0,-0.11751890182495,-0.10459232330322,0.0,-0.07,-0.11751890182495,-0.034592323303223,0.0,0.0,-0.00019113194427566,-0.00020785636565592,-0.11751890182495,-0.034592323303223,182.49978637695,126.68115234375,117.20724487305,1.0044548511505,true,false,false,false,33,-8,0
30464,SAMPLE,ALIGNING,true,6,0,0,0,0,-0.11795043945313,-0.10507154464722,0.0,-0.07,-0.11795043945313,-0.035071544647217,-0.00043153762817383,-0.00047922134399414,-0.00027527393364002,-0.0003028341080743,-0.11795043945313,-0.035071544647217,182.5796661377,126.77657318115,117.61555480957,1.0080211162567,true,false,false,false,33,-8,0
30465,SAMPLE,ALIGNING,true,6,0,0,0,0,-0.11795043945313,-0.10507154464722,0.0,-0.07,-0.11795043945313,-0.035071544647217,0.0,0.0,-0.00017892805686601,-0.00019684217024829,-0.11795043945313,-0.035071544647217,182.5796661377,126.77657318115,117.61555480957,1.0080211162567,true,false,false,false,33,-8,0
30466,SAMPLE,ALIGNING,true,6,0,0,0,0,-0.11795043945313,-0.10507154464722,0.0,-0.07,-0.11795043945313,-0.035071544647217,0.0,0.0,-0.00011630323696291,-0.00012794741066139,-0.11795043945313,-0.035071544647217,182.5796661377,126.77657318115,117.61555480957,1.0080211162567,true,false,false,false,33,-8,0
30467,SAMPLE,ALIGNING,true,6,0,0,0,0,-0.1181902885437,-0.10531139373779,0.0,-0.07,-0.1181902885437,-0.035311393737793,-0.00023984909057617,-0.00023984909057617,-0.00015954428572755,-0.00016711299863156,-0.1181902885437,-0.035311393737793,182.62606811523,126.82551574707,117.85284423828,1.0100927352905,true,false,false,false,33,-8,0
30468,SAMPLE,ALIGNING,true,6,0,0,0,0,-0.1181902885437,-0.10531139373779,0.0,-0.07,-0.1181902885437,-0.035311393737793,0.0,0.0,-0.00010370378572291,-0.00010862344911052,-0.1181902885437,-0.035311393737793,182.62606811523,126.82551574707,117.85284423828,1.0100927352905,true,false,false,false,33,-8,0
30469,SAMPLE,ALIGNING,true,6,0,0,0,0,-0.1181902885437,-0.10531139373779,0.0,-0.07,-0.1181902885437,-0.035311393737793,0.0,0.0,-6.740746071989e-05,-7.0605241921836e-05,-0.1181902885437,-0.035311393737793,182.62606811523,126.82551574707,117.85284423828,1.0100927352905,true,false,false,false,33,-8,0
30470,SAMPLE,ALIGNING,true,6,0,0,0,0,-0.11785459518433,-0.10382509231567,0.0,-0.07,-0.11785459518433,-0.033825092315674,0.000335693359375,0.0014863014221191,7.3677826313322e-05,0.00047431209049251,-0.11785459518433,-0.033825092315674,182.57060241699,126.53656005859,117.57409667969,1.007616519928,true,false,false,false,33,-7,0
30471,SAMPLE,ALIGNING,true,6,0,0,0,0,-0.11785459518433,-0.10382509231567,0.0,-0.07,-0.11785459518433,-0.033825092315674,0.0,0.0,4.7890587103659e-05,0.00030830285882013,-0.11785459518433,-0.033825092315674,182.57060241699,126.53656005859,117.57409667969,1.007616519928,true,false,false,false,33,-7,0
30472,SAMPLE,ALIGNING,true,6,0,0,0,0,-0.11785459518433,-0.10382509231567,0.0,-0.07,-0.11785459518433,-0.033825092315674,0.0,0.0,3.1128881617378e-05,0.00020039685823308,-0.11785459518433,-0.033825092315674,182.57060241699,126.53656005859,117.57409667969,1.007616519928,true,false,false,false,33,-7,0
30473,SAMPLE,ALIGNING,true,6,0,0,0,0,-0.11679983139038,-0.10032558441162,0.0,-0.07,-0.11679983139038,-0.030325584411621,0.0010547637939453,0.0034995079040527,0.00038940110093216,0.00135508572427,-0.11679983139038,-0.030325584411621,182.35928344727,125.86637878418,116.50145721436,0.99818205833435,true,false,false,false,33,-7,0
30474,SAMPLE,ALIGNING,true,6,0,0,0,0,-0.11679983139038,-0.10032558441162,0.0,-0.07,-0.11679983139038,-0.030325584411621,0.0,0.0,0.0002531107156059,0.00088080572077547,-0.11679983139038,-0.030325584411621,182.35928344727,125.86637878418,116.50145721436,0.99818205833435,true,false,false,false,33,-7,0
30475,SAMPLE,ALIGNING,true,6,0,0,0,0,-0.11382818222046,-0.094764709472656,0.0,-0.07,-0.11382818222046,-0.024764709472656,0.0029716491699219,0.0055608749389648,0.0012045991746165,0.0025188299471418,-0.11382818222046,-0.024764709472656,181.78610229492,124.79554748535,113.57155609131,0.97259420156479,true,false,false,false,32,-5,0
30476,SAMPLE,ALIGNING,true,6,0,0,0,0,-0.11382818222046,-0.094764709472656,0.0,-0.07,-0.11382818222046,-0.024764709472656,0.0,0.0,0.00078298946350072,0.0016372394656421,-0.11382818222046,-0.024764709472656,181.78610229492,124.79554748535,113.57155609131,0.97259420156479,true,false,false,false,32,-5,0
30477,SAMPLE,ALIGNING,true,6,0,0,0,0,-0.11382818222046,-0.094764709472656,0.0,-0.07,-0.11382818222046,-0.024764709472656,0.0,0.0,0.00050894315127547,0.0010642056526674,-0.11382818222046,-0.024764709472656,181.78610229492,124.79554748535,113.57155609131,0.97259420156479,true,false,false,false,32,-5,0
30478,SAMPLE,ALIGNING,true,6,0,0,0,0,-0.11066389083862,-0.088293075561523,0.0,-0.07,-0.11066389083862,-0.018293075561523,0.0031642913818359,0.0064716339111328,0.0014383150319716,0.0029568055431303,-0.11066389083862,-0.018293075561523,181.17590332031,123.55602264404,110.4454574585,0.94535261392593,true,false,false,false,31,-4,0
30479,SAMPLE,ALIGNING,true,6,0,0,0,0,-0.11066389083862,-0.088293075561523,0.0,-0.07,-0.11066389083862,-0.018293075561523,0.0,0.0,0.00093490477078156,0.0019219236030347,-0.11066389083862,-0.018293075561523,181.17590332031,123.55602264404,110.4454574585,0.94535261392593,true,false,false,false,31,-4,0
30480,SAMPLE,ALIGNING,true,6,0,0,0,0,-0.11066389083862,-0.088293075561523,0.0,-0.07,-0.11066389083862,-0.018293075561523,0.0,0.0,0.00060768810100801,0.0012492503419725,-0.11066389083862,-0.018293075561523,181.17590332031,123.55602264404,110.4454574585,0.94535261392593,true,false,false,false,31,-4,0
30481,SAMPLE,ALIGNING,true,6,0,0,0,0,-0.10045337677002,-0.082828521728516,0.0,-0.07,-0.10045337677002,-0.012828521728516,0.010210514068604,0.0054645538330078,0.0039686771896664,0.0027246065638349,-0.10045337677002,-0.012828521728516,179.21252441406,122.50534057617,100.32218933105,0.85770183801651,true,false,false,false,28,-3,0
30482,SAMPLE,ALIGNING,true,6,0,0,0,0,-0.10045337677002,-0.082828521728516,0.0,-0.07,-0.10045337677002,-0.012828521728516,0.0,0.0,0.0025796401732832,0.0017709942664927,-0.10045337677002,-0.012828521728516,179.21252441406,122.50534057617,100.32218933105,0.85770183801651,true,false,false,false,28,-3,0
30483,SAMPLE,ALIGNING,true,6,0,0,0,0,-0.10045337677002,-0.082828521728516,0.0,-0.07,-0.10045337677002,-0.012828521728516,0.0,0.0,0.0016767661126341,0.0011511462732202,-0.10045337677002,-0.012828521728516,176.51972961426,121.67460632324,86.378677368164,0.73748791217804,true,false,false,false,28,-3,0
30484,SAMPLE,ALIGNING,true,6,0,0,0,0,-0.086455345153809,-0.078514099121094,0.0,-0.07,-0.086455345153809,-0.0085140991210937,0.013998031616211,0.0043144226074219,0.005989209038886,0.0022582929901908,-0.086455345153809,-0.0085140991210937,176.51972961426,121.67460632324,86.378677368164,0.73748791217804,true,false,false,false,24,-2,0
30485,SAMPLE,ALIGNING,true,6,0,0,0,0,-0.086455345153809,-0.078514099121094,0.0,-0.07,-0.086455345153809,-0.0085140991210937,0.0,0.0,0.0038929858752759,0.001467890443624,-0.086455345153809,-0.0085140991210937,176.51972961426,121.67460632324,86.378677368164,0.73748791217804,true,false,false,false,24,-2,0
30486,SAMPLE,ALIGNING,true,6,0,0,0,0,-0.070732116699219,-0.074822902679443,0.0,-0.07,-0.070732116699219,-0.0048229026794434,0.01572322845459,0.0036911964416504,0.0080335707780358,0.0022460475429333,-0.070732116699219,-0.0048229026794434,173.51069641113,120.96508026123,70.734230041504,0.60315603017807,true,false,false,false,19,-1,0
30487,SAMPLE,ALIGNING,true,6,0,0,0,0,-0.070732116699219,-0.074822902679443,0.0,-0.07,-0.070732116699219,-0.0048229026794434,0.0,0.0,0.0052218210057232,0.0014599309029066,-0.070732116699219,-0.0048229026794434,173.51069641113,120.96508026123,70.734230041504,0.60315603017807,true,false,false,false,19,-1,0
30488,SAMPLE,ALIGNING,true,6,0,0,0,0,-0.070732116699219,-0.074822902679443,0.0,-0.07,-0.070732116699219,-0.0048229026794434,0.0,0.0,0.0033941836537201,0.0009489550868893,-0.070732116699219,-0.0048229026794434,173.51069641113,120.96508026123,70.734230041504,0.60315603017807,true,false,false,false,19,-1,0
30489,SAMPLE,ALIGNING,true,6,0,0,0,0,-0.054385185241699,-0.071371078491211,0.0,-0.07,-0.054385185241699,-0.0013710784912109,0.01634693145752,0.0034518241882324,0.0079276453850499,0.0018249592723594,-0.054385185241699,-0.0013710784912109,170.38252258301,120.30389404297,54.413303375244,0.46350541710854,true,false,false,false,15,0,0
30490,SAMPLE,ALIGNING,true,6,0,0,0,0,-0.054385185241699,-0.071371078491211,0.0,-0.07,-0.054385185241699,-0.0013710784912109,0.0,0.0,0.0051529695002824,0.0011862235270336,-0.054385185241699,-0.0013710784912109,170.38252258301,120.30389404297,54.413303375244,0.46350541710854,true,false,false,false,15,0,0
30491,SAMPLE,ALIGNING,true,6,0,0,0,0,-0.038901329040527,-0.068446911871433,0.0,-0.07,-0.038901329040527,0.0015530881285667,0.015483856201172,0.0029241666197777,0.0087687798455937,0.001794503609494,-0.038901329040527,0.0015530881285667,167.41932678223,119.73033905029,38.9118309021,0.33122017979622,true,false,false,false,10,0,0
30492,SAMPLE,ALIGNING,true,6,0,0,0,0,-0.038901329040527,-0.068446911871433,0.0,-0.07,-0.038901329040527,0.0015530881285667,0.0,0.0,0.0056997068996359,0.0011664273461711,-0.038901329040527,0.0015530881285667,167.41932678223,119.73033905029,38.9118309021,0.33122017979622,true,false,false,false,10,0,0
30493,SAMPLE,ALIGNING,true,6,0,0,0,0,-0.038901329040527,-0.068446911871433,0.0,-0.07,-0.038901329040527,0.0015530881285667,0.0,0.0,0.0037048094847634,0.00075817777501123,-0.038901329040527,0.0015530881285667,167.41932678223,119.73033905029,38.9118309021,0.33122017979622,true,false,false,false,11,0,0
30494,SAMPLE,ALIGNING,true,6,0,0,0,0,-0.024903774261475,-0.066673316061497,0.0,-0.07,-0.024903774261475,0.0033266839385033,0.013997554779053,0.0017735958099365,0.0073072703377646,0.0011135740872351,-0.024903774261475,0.0033266839385033,164.75459289551,119.38618469238,24.947242736816,0.21225878596306,true,false,false,true,6,1,0
30495,SAMPLE,ALIGNING,true,6,0,0,0,0,-0.024903774261475,-0.066673316061497,0.0,-0.07,-0.024903774261475,0.0033266839385033,0.0,0.0,0.004749725719547,0.0007238231567028,-0.024903774261475,0.0033266839385033,164.75459289551,119.38618469238,24.947242736816,0.21225878596306,true,false,false,true,7,1,0
30496,SAMPLE,ALIGNING,true,6,0,0,0,0,-0.024903774261475,-0.066673316061497,0.0,-0.07,-0.024903774261475,0.0033266839385033,0.0,0.0,0.0030873217177056,0.00047048505185682,-0.024903774261475,0.0033266839385033,162.42556762695,119.30947113037,12.72981262207,0.10828393697739,true,false,false,true,7,1,0
30497,SAMPLE,ALIGNING,true,6,1,0,0,0,-0.012679576873779,-0.066241897642612,0.0,-0.07,-0.012679576873779,0.0037581023573875,0.012224197387695,0.00043141841888428,0.006285228202202,0.00045681173031643,-0.012679576873779,0.0037581023573875,162.42556762695,119.30947113037,12.72981262207,0.10828393697739,false,false,true,true,3,1,0
30498,SAMPLE,ALIGNING,true,6,2,0,0,0,-0.012679576873779,-0.066241897642612,0.0,-0.07,-0.012679576873779,0.0037581023573875,0.0,0.0,0.0040853983314313,0.00029692762470568,-0.012679576873779,0.0037581023573875,162.42556762695,119.30947113037,12.72981262207,0.10828393697739,false,false,true,true,3,1,0
30499,SAMPLE,ALIGNING,true,6,3,1,0,0,-0.0023250579833984,-0.066769160330296,0.0,-0.07,-0.0023250579833984,0.0032308396697044,0.010354518890381,-0.00052726268768311,0.0062795905270636,8.4610153696054e-06,-0.012679576873779,0.0037581023573875,160.45402526855,119.41011810303,2.3829963207245,0.020269248634577,false,true,true,true,0,1,0
30500,SAMPLE,ALIGNING,true,6,4,2,0,0,-0.0023250579833984,-0.066769160330296,0.0,-0.07,-0.0023250579833984,0.0032308396697044,0.0,0.0,0.0040817338425914,5.4996599902435e-06,-0.012679576873779,0.0037581023573875,160.45402526855,119.41011810303,2.3829963207245,0.020269248634577,false,true,true,true,0,1,0
30501,STABLE,STABLE,true,6,5,3,0,0,-0.0023250579833984,-0.066769160330296,0.0,-0.07,-0.0023250579833984,0.0032308396697044,0.0,0.0,0.0026531269976844,3.5747789936583e-06,-0.012679576873779,0.0037581023573875,160.45402526855,119.41011810303,2.3829963207245,0.020269248634577,false,true,true,true,0,0,0
30502,SAMPLE,STABLE,true,6,5,0,0,0,0.0060641765594482,-0.067775882780552,0.0,-0.07,0.0060641765594482,0.0022241172194481,0.0083892345428467,-0.0010067224502563,0.0046607646384912,-0.00035002925124384,0.0060641765594482,0.0022241172194481,158.8264465332,119.59896087646,-6.1594276428223,-0.052390724420547,false,false,true,true,-1,0,0
30503,SAMPLE,STABLE,true,6,5,0,0,0,0.0060641765594482,-0.067775882780552,0.0,-0.07,0.0060641765594482,0.0022241172194481,0.0,0.0,0.0030294970150193,-0.0002275190133085,0.0060641765594482,0.0022241172194481,158.8264465332,119.59896087646,-6.1594276428223,-0.052390724420547,false,false,true,true,-1,0,0
30504,SAMPLE,STABLE,true,6,5,0,0,0,0.0060641765594482,-0.067775882780552,0.0,-0.07,0.0060641765594482,0.0022241172194481,0.0,0.0,0.0019691730597625,-0.00014788735865052,0.0060641765594482,0.0022241172194481,158.8264465332,119.59896087646,-6.1594276428223,-0.052390724420547,false,false,true,true,-1,0,0
30505,SAMPLE,STABLE,true,6,5,0,0,0,0.013110995292664,-0.068878449499607,0.0,-0.07,0.013110995292664,0.0011215505003929,0.0070468187332153,-0.0011025667190552,0.003746349045471,-0.00048202513479215,0.013110995292664,0.0011215505003929,157.49238586426,119.81011962891,-13.160413742065,-0.1119469627738,false,false,true,true,-2,0,0
30506,SAMPLE,STABLE,true,6,5,0,0,0,0.013110995292664,-0.068878449499607,0.0,-0.07,0.013110995292664,0.0011215505003929,0.0,0.0,0.0024351268795562,-0.0003133163376149,0.013110995292664,0.0011215505003929,157.49238586426,119.81011962891,-13.160413742065,-0.1119469627738,false,false,true,true,-2,0,0
30507,SAMPLE,STABLE,true,6,5,0,0,0,0.019151091575623,-0.069837093353271,0.0,-0.07,0.019151091575623,0.00016290664672852,0.006040096282959,-0.0009586438536644,0.0036968661707471,-0.00053918096823222,0.019151091575623,0.00016290664672852,156.3371887207,120.02310180664,-19.221220016479,-0.16351866722107,false,false,true,true,-3,0,0
30508,SAMPLE,STABLE,true,6,5,0,0,0,0.019151091575623,-0.069837093353271,0.0,-0.07,0.019151091575623,0.00016290664672852,0.0,0.0,0.0024029630109856,-0.00035046762935095,0.019151091575623,0.00016290664672852,156.3371887207,120.02310180664,-19.221220016479,-0.16351866722107,false,false,true,true,-3,0,0
30509,SAMPLE,STABLE,true,6,5,0,0,0,0.019151091575623,-0.069837093353271,0.0,-0.07,0.019151091575623,0.00016290664672852,0.0,0.0,0.0015619259571407,-0.00022780395907811,0.019151091575623,0.00016290664672852,156.3371887207,120.02310180664,-19.221220016479,-0.16351866722107,false,false,true,true,-2,0,0
30510,SAMPLE,STABLE,true,6,5,0,0,0,0.019151091575623,-0.069837093353271,0.0,-0.07,0.019151091575623,0.00016290664672852,0.0,0.0,0.0010152518721414,-0.00014807257340077,0.019151091575623,0.00016290664672852,155.35426330566,120.21271514893,-24.376529693604,-0.20739887654781,false,false,true,true,-2,0,0
30511,SAMPLE,STABLE,true,6,5,0,0,0,0.024328351020813,-0.070843696594238,0.0,-0.07,0.024328351020813,-0.00084369659423827,0.0051772594451904,-0.0010066032409668,0.0024719545227086,-0.00044855830704888,0.024328351020813,-0.00084369659423827,155.35426330566,120.21271514893,-24.376529693604,-0.20739887654781,true,false,false,true,-3,0,0
30512,SAMPLE,STABLE,true,6,5,0,0,0,0.024328351020813,-0.070843696594238,0.0,-0.07,0.024328351020813,-0.00084369659423827,0.0,0.0,0.0016067704397606,-0.00029156289958177,0.024328351020813,-0.00084369659423827,155.35426330566,120.21271514893,-24.376529693604,-0.20739887654781,true,false,false,true,-3,0,0
30513,SAMPLE,STABLE,true,6,5,0,0,0,0.028019547462463,-0.071659088134766,0.0,-0.07,0.028019547462463,-0.0016590881347656,0.0036911964416504,-0.00081539154052734,0.002336319540422,-0.00047490292391272,0.028019547462463,-0.0016590881347656,154.65168762207,120.36181640625,-28.060255050659,-0.23876388370991,true,false,false,true,-4,0,0
30514,SAMPLE,STABLE,true,6,5,0,0,0,0.028019547462463,-0.071659088134766,0.0,-0.07,0.028019547462463,-0.0016590881347656,0.0,0.0,0.0015186077012743,-0.00030868690054327,0.028019547462463,-0.0016590881347656,154.65168762207,120.36181640625,-28.060255050659,-0.23876388370991,true,false,false,true,-4,0,0
30515,SAMPLE,STABLE,true,6,5,0,0,0,0.028019547462463,-0.071659088134766,0.0,-0.07,0.028019547462463,-0.0016590881347656,0.0,0.0,0.0009870950058283,-0.00020064648535313,0.028019547462463,-0.0016590881347656,154.11116027832,120.46195220947,-30.893543243408,-0.26289474964142,true,false,false,true,-4,0,0
30516,SAMPLE,STABLE,true,6,5,0,0,0,0.030847907066345,-0.07218599319458,0.0,-0.07,0.030847907066345,-0.0021859931945801,0.0028283596038818,-0.00052690505981445,0.001631537615147,-0.00031483698641459,0.030847907066345,-0.0021859931945801,154.11116027832,120.46195220947,-30.893543243408,-0.26289474964142,true,false,false,true,-4,0,0
30517,SAMPLE,STABLE,true,6,5,0,0,0,0.030847907066345,-0.07218599319458,0.0,-0.07,0.030847907066345,-0.0021859931945801,0.0,0.0,0.0010604994498456,-0.00020464404116948,0.030847907066345,-0.0021859931945801,154.11116027832,120.46195220947,-30.893543243408,-0.26289474964142,true,false,false,true,-4,0,0
30518,SAMPLE,STABLE,true,6,5,0,0,0,0.03276538848877,-0.072617530822754,0.0,-0.07,0.03276538848877,-0.0026175308227539,0.0019174814224243,-0.00043153762817383,0.0013604431402481,-0.000284056796621,0.03276538848877,-0.0026175308227539,153.74351501465,120.54892730713,-32.820201873779,-0.27930736541748,true,false,false,true,-4,0,0
30519,SAMPLE,STABLE,true,6,5,0,0,0,0.03276538848877,-0.072617530822754,0.0,-0.07,0.03276538848877,-0.0026175308227539,0.0,0.0,0.00088428804116129,-0.00018463691780365,0.03276538848877,-0.0026175308227539,153.74351501465,120.54892730713,-32.820201873779,-0.27930736541748,true,false,false,true,-4,0,0
30520,SAMPLE,STABLE,true,6,5,0,0,0,0.03276538848877,-0.072617530822754,0.0,-0.07,0.03276538848877,-0.0026175308227539,0.0,0.0,0.00057478722675484,-0.00012001399657237,0.03276538848877,-0.0026175308227539,153.74351501465,120.54892730713,-32.820201873779,-0.27930736541748,true,false,false,true,-4,0,0
30521,SAMPLE,STABLE,true,6,5,0,0,0,0.034203410148621,-0.07290506362915,0.0,-0.07,0.034203410148621,-0.0029050636291504,0.0014380216598511,-0.00028753280639648,0.00087691927833852,-0.00017864558001081,0.034203410148621,-0.0029050636291504,153.46647644043,120.60209655762,-34.271785736084,-0.29167509078979,true,false,false,true,-4,0,0
30522,SAMPLE,STABLE,true,6,5,0,0,0,0.034203410148621,-0.07290506362915,0.0,-0.07,0.034203410148621,-0.0029050636291504,0.0,0.0,0.00056999753092004,-0.00011611962700703,0.034203410148621,-0.0029050636291504,153.46647644043,120.60209655762,-34.271785736084,-0.29167509078979,true,false,false,true,-4,0,0
30523,ALIGNING,ALIGNING,true,6,0,0,0,0,0.036121010780334,-0.073288917541504,0.0,-0.07,0.036121010780334,-0.0032889175415039,0.0019176006317139,-0.00038385391235352,0.0010416586161979,-0.0002098266268783,0.036121010780334,-0.0032889175415039,153.10522460938,120.66938018799,-36.164283752441,-0.30780234932899,true,false,false,false,-10,-1,0
30524,SAMPLE,ALIGNING,true,6,0,0,0,0,0.036121010780334,-0.073288917541504,0.0,-0.07,0.036121010780334,-0.0032889175415039,0.0,0.0,0.00067707810052862,-0.00013638730747089,0.036121010780334,-0.0032889175415039,153.10522460938,120.66938018799,-36.164283752441,-0.30780234932899,true,false,false,false,-10,-1,0
30525,SAMPLE,ALIGNING,true,6,0,0,0,0,0.036121010780334,-0.073288917541504,0.0,-0.07,0.036121010780334,-0.0032889175415039,0.0,0.0,0.0004401007653436,-8.8651749856081e-05,0.036121010780334,-0.0032889175415039,153.10522460938,120.66938018799,-36.164283752441,-0.30780234932899,true,false,false,false,-10,-1,0
30526,SAMPLE,ALIGNING,true,6,0,0,0,0,0.03722357749939,-0.073528289794922,0.0,-0.07,0.03722357749939,-0.0035282897949219,0.0011025667190552,-0.00023937225341797,0.00067196384914265,-0.00014140392610274,0.03722357749939,-0.0035282897949219,152.89190673828,120.7172164917,-37.281608581543,-0.31732591986656,true,false,false,false,-10,-1,0
30527,SAMPLE,ALIGNING,true,6,0,0,0,0,0.03722357749939,-0.073528289794922,0.0,-0.07,0.03722357749939,-0.0035282897949219,0.0,0.0,0.00043677650194272,-9.1912551966782e-05,0.03722357749939,-0.0035282897949219,152.89190673828,120.7172164917,-37.281608581543,-0.31732591986656,true,false,false,false,-10,-1,0
30528,SAMPLE,ALIGNING,true,6,0,0,0,0,0.03722357749939,-0.073528289794922,0.0,-0.07,0.03722357749939,-0.0035282897949219,0.0,0.0,0.00028390472626277,-5.9743158778408e-05,0.03722357749939,-0.0035282897949219,152.89190673828,120.7172164917,-37.281608581543,-0.31732591986656,true,false,false,false,-10,-1,0
30529,SAMPLE,ALIGNING,true,6,0,0,0,0,0.037750959396362,-0.073672294616699,0.0,-0.07,0.037750959396362,-0.0036722946166992,0.00052738189697266,-0.00014400482177734,0.00036912173601123,-8.9234740828036e-05,0.037750959396362,-0.0036722946166992,152.7984161377,120.74962615967,-37.771244049072,-0.32149922847748,true,false,false,false,-11,-1,0
30530,SAMPLE,ALIGNING,true,6,0,0,0,0,0.037750959396362,-0.073672294616699,0.0,-0.07,0.037750959396362,-0.0036722946166992,0.0,0.0,0.0002399291284073,-5.8002581538223e-05,0.037750959396362,-0.0036722946166992,152.7984161377,120.74962615967,-37.771244049072,-0.32149922847748,true,false,false,false,-11,-1,0
30531,SAMPLE,ALIGNING,true,6,0,0,0,0,0.037702918052673,-0.073912143707275,0.0,-0.07,0.037702918052673,-0.0039121437072754,-4.8041343688965e-05,-0.00023984909057617,0.00013913946317361,-0.00012164885970151,0.037702918052673,-0.0039121437072754,152.80418395996,120.79167938232,-37.741004943848,-0.32124194502831,true,false,false,false,-11,-1,0
30532,SAMPLE,ALIGNING,true,6,0,0,0,0,0.037702918052673,-0.073912143707275,0.0,-0.07,0.037702918052673,-0.0039121437072754,0.0,0.0,9.0440651062845e-05,-7.9071758805978e-05,0.037702918052673,-0.0039121437072754,152.80418395996,120.79167938232,-37.741004943848,-0.32124194502831,true,false,false,false,-11,-1,0
30533,SAMPLE,ALIGNING,true,6,0,0,0,0,0.037702918052673,-0.073912143707275,0.0,-0.07,0.037702918052673,-0.0039121437072754,0.0,0.0,5.8786423190849e-05,-5.1396643223886e-05,0.037702918052673,-0.0039121437072754,152.80418395996,120.79167938232,-37.741004943848,-0.32124194502831,true,false,false,false,-11,-1,0
30534,SAMPLE,ALIGNING,true,6,0,0,0,0,0.036840081214905,-0.072378158569336,0.0,-0.07,0.036840081214905,-0.0023781585693359,-0.00086283683776855,0.0015339851379395,-0.00026378171814494,0.00050348698018328,0.036840081214905,-0.0023781585693359,152.97116088867,120.49729156494,-36.866626739502,-0.31378781795502,true,false,false,false,-10,0,0
30535,SAMPLE,ALIGNING,true,6,0,0,0,0,0.036840081214905,-0.072378158569336,0.0,-0.07,0.036840081214905,-0.0023781585693359,0.0,0.0,-0.00017145811679421,0.00032726653711913,0.036840081214905,-0.0023781585693359,152.97116088867,120.49729156494,-36.866626739502,-0.31378781795502,true,false,false,false,-10,-1,0
30536,SAMPLE,ALIGNING,true,6,0,0,0,0,0.036840081214905,-0.072378158569336,0.0,-0.07,0.036840081214905,-0.0023781585693359,0.0,0.0,-0.00011144777591624,0.00021272324912744,0.036840081214905,-0.0023781585693359,152.97116088867,120.49729156494,-36.866626739502,-0.31378781795502,true,false,false,false,-10,-1,0
30537,SAMPLE,ALIGNING,true,6,0,0,0,0,0.036264896392822,-0.070508480072021,0.0,-0.07,0.036264896392822,-0.00050848007202148,-0.00057518482208252,0.0018696784973145,-0.00027375574207444,0.00079265758599289,0.036264896392822,-0.00050848007202148,153.07656860352,120.14449310303,-36.314609527588,-0.30908206105232,true,false,false,false,-10,0,0
30538,SAMPLE,ALIGNING,true,6,0,0,0,0,0.036264896392822,-0.070508480072021,0.0,-0.07,0.036264896392822,-0.00050848007202148,0.0,0.0,-0.00017794123234838,0.00051522743089538,0.036264896392822,-0.00050848007202148,153.07656860352,120.14449310303,-36.314609527588,-0.30908206105232,true,false,false,false,-10,0,0
30539,SAMPLE,ALIGNING,true,6,0,0,0,0,0.03717565536499,-0.069837093353271,0.0,-0.07,0.03717565536499,0.00016290664672852,0.00091075897216797,0.00067138671875,0.00020310383923234,0.0005698831816445,0.03717565536499,0.00016290664672852,152.90447998047,119.99639892578,-37.216022491455,-0.31676408648491,true,false,false,false,-10,0,0
30540,SAMPLE,ALIGNING,true,6,0,0,0,0,0.03717565536499,-0.069837093353271,0.0,-0.07,0.03717565536499,0.00016290664672852,0.0,0.0,0.00013201749550102,0.00037042406806892,0.03717565536499,0.00016290664672852,152.90447998047,119.99639892578,-37.216022491455,-0.31676408648491,true,false,false,false,-10,0,0
30541,SAMPLE,ALIGNING,true,6,0,0,0,0,0.038853406906128,-0.069501556456089,0.0,-0.07,0.038853406906128,0.00049844354391099,0.0016777515411377,0.00033553689718246,0.00067302441147386,0.00035821355825866,0.038853406906128,0.00049844354391099,152.58305358887,119.93286895752,-38.899398803711,-0.33111378550529,true,false,false,false,-11,0,0
30542,SAMPLE,ALIGNING,true,6,0,0,0,0,0.038853406906128,-0.069501556456089,0.0,-0.07,0.038853406906128,0.00049844354391099,0.0,0.0,0.00043746586745801,0.00023283881286813,0.038853406906128,0.00049844354391099,152.58305358887,119.93286895752,-38.899398803711,-0.33111378550529,true,false,false,false,-11,0,0
30543,SAMPLE,ALIGNING,true,6,0,0,0,0,0.038853406906128,-0.069501556456089,0.0,-0.07,0.038853406906128,0.00049844354391099,0.0,0.0,0.0002843528138477,0.00015134522836428,0.038853406906128,0.00049844354391099,152.58305358887,119.93286895752,-38.899398803711,-0.33111378550529,true,false,false,false,-11,0,0
30544,SAMPLE,ALIGNING,true,6,0,0,0,0,0.041537880897522,-0.069309867918491,0.0,-0.07,0.041537880897522,0.00069013208150864,0.002684473991394,0.00019168853759766,0.0011243952259889,0.00016546538659596,0.041537880897522,0.00069013208150864,152.07333374023,119.89260101318,-41.568237304688,-0.35386925935745,true,false,false,false,-12,0,0
30545,SAMPLE,ALIGNING,true,6,0,0,0,0,0.041537880897522,-0.069309867918491,0.0,-0.07,0.041537880897522,0.00069013208150864,0.0,0.0,0.0007308568968928,0.00010755250128738,0.041537880897522,0.00069013208150864,152.07333374023,119.89260101318,-41.568237304688,-0.35386925935745,true,false,false,false,-12,0,0
30546,SAMPLE,ALIGNING,true,6,0,0,0,0,0.044510126113892,-0.06945363432169,0.0,-0.07,0.044510126113892,0.0005463656783104,0.0029722452163696,-0.00014376640319824,0.0015153428087097,1.959088471741e-05,0.044510126113892,0.0005463656783104,151.51173400879,119.91410064697,-44.507682800293,-0.37894079089165,true,false,false,false,-13,0,0
30547,SAMPLE,ALIGNING,true,6,0,0,0,0,0.044510126113892,-0.06945363432169,0.0,-0.07,0.044510126113892,0.0005463656783104,0.0,0.0,0.0009849728256613,1.2734075066317e-05,0.044510126113892,0.0005463656783104,151.51173400879,119.91410064697,-44.507682800293,-0.37894079089165,true,false,false,false,-13,0,0
30548,SAMPLE,ALIGNING,true,6,0,0,0,0,0.044510126113892,-0.06945363432169,0.0,-0.07,0.044510126113892,0.0005463656783104,0.0,0.0,0.00064023233667984,8.2771487931059e-06,0.044510126113892,0.0005463656783104,151.51173400879,119.91410064697,-44.507682800293,-0.37894079089165,true,false,false,false,-13,0,0
30549,SAMPLE,ALIGNING,true,6,0,0,0,0,0.048632740974426,-0.070940017700195,0.0,-0.07,0.048632740974426,-0.00094001770019531,0.0041226148605347,-0.0014863833785057,0.001859066220029,-0.00051485403576148,0.048632740974426,-0.00094001770019531,150.72297668457,120.22646331787,-48.634086608887,-0.41415309906006,true,false,false,false,-14,0,0
30550,SAMPLE,ALIGNING,true,6,0,0,0,0,0.048632740974426,-0.070940017700195,0.0,-0.07,0.048632740974426,-0.00094001770019531,0.0,0.0,0.0012083930430189,-0.00033465512324496,0.048632740974426,-0.00094001770019531,150.72297668457,120.22646331787,-48.634086608887,-0.41415309906006,true,false,false,false,-14,0,0
30551,SAMPLE,ALIGNING,true,6,0,0,0,0,0.052228093147278,-0.073624610900879,0.0,-0.07,0.052228093147278,-0.0036246109008789,0.0035953521728516,-0.0026845932006836,0.0020438287384603,-0.0011571334503485,0.052228093147278,-0.0036246109008789,150.03230285645,120.73433685303,-52.244998931885,-0.44498673081398,true,false,false,false,-15,-1,0
30552,SAMPLE,ALIGNING,true,6,0,0,0,0,0.052228093147278,-0.073624610900879,0.0,-0.07,0.052228093147278,-0.0036246109008789,0.0,0.0,0.0013284886799992,-0.00075213674272651,0.052228093147278,-0.0036246109008789,150.03230285645,120.73433685303,-52.244998931885,-0.44498673081398,true,false,false,false,-15,-1,0
30553,SAMPLE,ALIGNING,true,6,0,0,0,0,0.052228093147278,-0.073624610900879,0.0,-0.07,0.052228093147278,-0.0036246109008789,0.0,0.0,0.00086351764199948,-0.00048888888277223,0.052228093147278,-0.0036246109008789,150.03230285645,120.73433685303,-52.244998931885,-0.44498673081398,true,false,false,false,-15,-1,0
30554,SAMPLE,ALIGNING,true,6,0,0,0,0,0.055967211723328,-0.076500415802002,0.0,-0.07,0.055967211723328,-0.0065004158020019,0.0037391185760498,-0.002875804901123,0.0018699779689171,-0.001324309489195,0.055967211723328,-0.0065004158020019,149.31973266602,121.2897644043,-55.967712402344,-0.4767978489399,true,false,false,false,-16,-2,0
30555,SAMPLE,ALIGNING,true,6,0,0,0,0,0.055967211723328,-0.076500415802002,0.0,-0.07,0.055967211723328,-0.0065004158020019,0.0,0.0,0.0012154856797961,-0.00086080116797676,0.055967211723328,-0.0065004158020019,149.31973266602,121.2897644043,-55.967712402344,-0.4767978489399,true,false,false,false,-16,-1,0
30556,SAMPLE,ALIGNING,true,6,0,0,0,0,0.055967211723328,-0.076500415802002,0.0,-0.07,0.055967211723328,-0.0065004158020019,0.0,0.0,0.00079006569186747,-0.0005595207591849,0.055967211723328,-0.0065004158020019,149.31973266602,121.2897644043,-55.967712402344,-0.4767978489399,true,false,false,false,-16,-1,0
30557,SAMPLE,ALIGNING,true,6,0,0,0,0,0.059274911880493,-0.079280853271484,0.0,-0.07,0.059274911880493,-0.0092808532714844,0.0033077001571655,-0.0027804374694824,0.0016712377547218,-0.001336841607789,0.059274911880493,-0.0092808532714844,148.68278503418,121.81705474854,-59.292762756348,-0.50523293018341,true,false,false,false,-17,-2,0
30558,SAMPLE,ALIGNING,true,6,0,0,0,0,0.059274911880493,-0.079280853271484,0.0,-0.07,0.059274911880493,-0.0092808532714844,0.0,0.0,0.0010863045405692,-0.00086894704506287,0.059274911880493,-0.0092808532714844,148.68278503418,121.81705474854,-59.292762756348,-0.50523293018341,true,false,false,false,-17,-2,0
30559,SAMPLE,ALIGNING,true,6,0,0,0,0,0.062103271484375,-0.081869602203369,0.0,-0.07,0.062103271484375,-0.011869602203369,0.0028283596038818,-0.0025887489318848,0.0016960238127286,-0.0014708777054505,0.062103271484375,-0.011869602203369,148.13874816895,122.31549072266,-62.130550384521,-0.52952045202255,true,false,false,false,-18,-3,0
30560,SAMPLE,ALIGNING,true,6,0,0,0,0,0.062103271484375,-0.081869602203369,0.0,-0.07,0.062103271484375,-0.011869602203369,0.0,0.0,0.0011024154782736,-0.00095607050854285,0.062103271484375,-0.011869602203369,148.13874816895,122.31549072266,-62.130550384521,-0.52952045202255,true,false,false,false,-17,-3,0
30561,SAMPLE,ALIGNING,true,6,0,0,0,0,0.062103271484375,-0.081869602203369,0.0,-0.07,0.062103271484375,-0.011869602203369,0.0,0.0,0.00071657006087783,-0.00062144583055285,0.062103271484375,-0.011869602203369,148.13874816895,122.31549072266,-62.130550384521,-0.52952045202255,true,false,false,false,-17,-3,0
30562,SAMPLE,ALIGNING,true,6,0,0,0,0,0.064452171325684,-0.084218502044678,0.0,-0.07,0.064452171325684,-0.014218502044678,0.0023488998413086,-0.0023488998413086,0.0012878854840286,-0.0012260547343174,0.064452171325684,-0.014218502044678,147.68907165527,122.76676177979,-64.47437286377,-0.54959523677826,true,false,false,false,-18,-3,0
30563,SAMPLE,ALIGNING,true,6,0,0,0,0,0.064452171325684,-0.084218502044678,0.0,-0.07,0.064452171325684,-0.014218502044678,0.0,0.0,0.00083712556461859,-0.00079693557730628,0.064452171325684,-0.014218502044678,147.68907165527,122.76676177979,-64.47437286377,-0.54959523677826,true,false,false,false,-18,-3,0
30564,SAMPLE,ALIGNING,true,6,0,0,0,0,0.066369652748108,-0.08632755279541,0.0,-0.07,0.066369652748108,-0.01632755279541,0.0019174814224243,-0.0021090507507324,0.0012152501148506,-0.0012561758880054,0.066369652748108,-0.01632755279541,147.33120727539,123.16463470459,-66.338287353516,-0.5655711889267,true,false,false,false,-19,-4,0
30565,SAMPLE,ALIGNING,true,6,0,0,0,0,0.066369652748108,-0.08632755279541,0.0,-0.07,0.066369652748108,-0.01632755279541,0.0,0.0,0.00078991257465289,-0.00081651432720353,0.066369652748108,-0.01632755279541,147.33120727539,123.16463470459,-66.338287353516,-0.5655711889267,true,false,false,false,-19,-4,0
30566,SAMPLE,ALIGNING,true,6,0,0,0,0,0.066369652748108,-0.08632755279541,0.0,-0.07,0.066369652748108,-0.01632755279541,0.0,0.0,0.00051344317352438,-0.0005307343126823,0.066369652748108,-0.01632755279541,147.33120727539,123.16463470459,-66.338287353516,-0.5655711889267,true,false,false,false,-19,-4,0
30567,SAMPLE,ALIGNING,true,6,0,0,0,0,0.067759871482849,-0.088149070739746,0.0,-0.07,0.067759871482849,-0.018149070739746,0.0013902187347412,-0.0018215179443359,0.00082031461995027,-0.00098250858376107,0.067759871482849,-0.018149070739746,147.05816650391,123.50936126709,-67.759391784668,-0.57776045799255,true,false,false,false,-19,-4,0
30568,SAMPLE,ALIGNING,true,6,0,0,0,0,0.067759871482849,-0.088149070739746,0.0,-0.07,0.067759871482849,-0.018149070739746,0.0,0.0,0.00053320450296767,-0.0006386305794447,0.067759871482849,-0.018149070739746,147.05816650391,123.50936126709,-67.759391784668,-0.57776045799255,true,false,false,false,-19,-4,0
30569,SAMPLE,ALIGNING,true,6,0,0,0,0,0.068526864051819,-0.08925199508667,0.0,-0.07,0.068526864051819,-0.01925199508667,0.00076699256896973,-0.0011029243469238,0.00061503032606839,-0.00080113339806239,0.068526864051819,-0.01925199508667,146.92068481445,123.72093200684,-68.474403381348,-0.5838977098465,true,false,false,false,-19,-4,0
30570,SAMPLE,ALIGNING,true,6,0,0,0,0,0.068526864051819,-0.08925199508667,0.0,-0.07,0.068526864051819,-0.01925199508667,0.0,0.0,0.00039976971194446,-0.00052073670874055,0.068526864051819,-0.01925199508667,146.92068481445,123.72093200684,-68.474403381348,-0.5838977098465,true,false,false,false,-19,-4,0
30571,SAMPLE,ALIGNING,true,6,0,0,0,0,0.068526864051819,-0.08925199508667,0.0,-0.07,0.068526864051819,-0.01925199508667,0.0,0.0,0.0002598503127639,-0.00033847886068136,0.068526864051819,-0.01925199508667,146.92068481445,123.72093200684,-68.474403381348,-0.5838977098465,true,false,false,false,-19,-4,0
30572,SAMPLE,ALIGNING,true,6,0,0,0,0,0.069102168083191,-0.090210914611816,0.0,-0.07,0.069102168083191,-0.020210914611816,0.00057530403137207,-0.00095891952514648,0.00037025911427676,-0.00055563309324415,0.069102168083191,-0.020210914611816,146.80773925781,123.90950775146,-69.061546325684,-0.58893996477127,true,false,false,false,-19,-4,0
30573,SAMPLE,ALIGNING,true,6,0,0,0,0,0.069102168083191,-0.090210914611816,0.0,-0.07,0.069102168083191,-0.020210914611816,0.0,0.0,0.00024066842427989,-0.0003611615106087,0.069102168083191,-0.020210914611816,146.80773925781,123.90950775146,-69.061546325684,-0.58893996477127,true,false,false,false,-19,-4,0
30574,SAMPLE,ALIGNING,true,6,0,0,0,0,0.069821119308472,-0.091457366943359,0.0,-0.07,0.069821119308472,-0.021457366943359,0.00071895122528076,-0.001246452331543,0.0004080674046302,-0.00067101329793569,0.069821119308472,-0.021457366943359,146.66772460938,124.14352416992,-69.789169311523,-0.59519106149673,true,false,false,false,-20,-5,0
30575,SAMPLE,ALIGNING,true,6,0,0,0,0,0.069821119308472,-0.091457366943359,0.0,-0.07,0.069821119308472,-0.021457366943359,0.0,0.0,0.00026524381300963,-0.0004361586436582,0.069821119308472,-0.021457366943359,146.66772460938,124.14352416992,-69.789169311523,-0.59519106149673,true,false,false,false,-20,-5,0
30576,SAMPLE,ALIGNING,true,6,0,0,0,0,0.069821119308472,-0.091457366943359,0.0,-0.07,0.069821119308472,-0.021457366943359,0.0,0.0,0.00017240847845626,-0.00028350311837783,0.069821119308472,-0.021457366943359,146.66772460938,124.14352416992,-69.789169311523,-0.59519106149673,true,false,false,false,-20,-5,0
30577,SAMPLE,ALIGNING,true,6,0,0,0,0,0.070300579071045,-0.092128276824951,0.0,-0.07,0.070300579071045,-0.022128276824951,0.00047945976257324,-0.0006709098815918,0.0002798764278972,-0.00041909548550272,0.070300579071045,-0.022128276824951,146.57304382324,124.27861022949,-70.28125,-0.5994176864624,true,false,false,false,-20,-5,0
30578,SAMPLE,ALIGNING,true,6,0,0,0,0,0.070300579071045,-0.092128276824951,0.0,-0.07,0.070300579071045,-0.022128276824951,0.0,0.0,0.00018191967813318,-0.00027241206557677,0.070300579071045,-0.022128276824951,146.57304382324,124.27861022949,-70.28125,-0.5994176864624,true,false,false,false,-20,-5,0
30579,SAMPLE,ALIGNING,true,6,0,0,0,0,0.070779919624329,-0.092799186706543,0.0,-0.07,0.070779919624329,-0.022799186706543,0.00047934055328369,-0.0006709098815918,0.00028601698443586,-0.00041188630118203,0.070779919624329,-0.022799186706543,146.48648071289,124.40323638916,-70.731048583984,-0.60328221321106,true,false,false,false,-20,-5,0
30580,SAMPLE,ALIGNING,true,6,0,0,0,0,0.070779919624329,-0.092799186706543,0.0,-0.07,0.070779919624329,-0.022799186706543,0.0,0.0,0.00018591103988331,-0.00026772609576832,0.070779919624329,-0.022799186706543,146.48648071289,124.40323638916,-70.731048583984,-0.60328221321106,true,false,false,false,-20,-5,0
30581,SAMPLE,ALIGNING,true,6,0,0,0,0,0.071211338043213,-0.093614101409912,0.0,-0.07,0.071211338043213,-0.023614101409912,0.00043141841888428,-0.00081491470336914,0.00027183862253365,-0.00045924210842861,0.071211338043213,-0.023614101409912,146.40078735352,124.56458282471,-71.175895690918,-0.60710799694061,true,false,false,false,-20,-5,0
30582,SAMPLE,ALIGNING,true,6,0,0,0,0,0.071211338043213,-0.093614101409912,0.0,-0.07,0.071211338043213,-0.023614101409912,0.0,0.0,0.00017669510464687,-0.00029850737047859,0.071211338043213,-0.023614101409912,146.40078735352,124.56458282471,-71.175895690918,-0.60710799694061,true,false,false,false,-20,-5,0
30583,SAMPLE,ALIGNING,true,6,0,0,0,0,0.071211338043213,-0.093614101409912,0.0,-0.07,0.071211338043213,-0.023614101409912,0.0,0.0,0.00011485181802047,-0.00019402979081109,0.071211338043213,-0.023614101409912,146.40078735352,124.56458282471,-71.175895690918,-0.60710799694061,true,false,false,false,-20,-5,0
30584,SAMPLE,ALIGNING,true,6,0,0,0,0,0.071978330612183,-0.094381332397461,0.0,-0.07,0.071978330612183,-0.024381332397461,0.00076699256896973,-0.00076723098754883,0.00034310108085271,-0.0003946502096693,0.071978330612183,-0.024381332397461,146.25622558594,124.70687866211,-71.927314758301,-0.61356139183044,true,false,false,false,-20,-5,0
30585,SAMPLE,ALIGNING,true,6,0,0,0,0,0.071978330612183,-0.094381332397461,0.0,-0.07,0.071978330612183,-0.024381332397461,0.0,0.0,0.00022301570255426,-0.00025652263628504,0.071978330612183,-0.024381332397461,146.25622558594,124.70687866211,-71.927314758301,-0.61356139183044,true,false,false,false,-20,-5,0
30586,SAMPLE,ALIGNING,true,6,0,0,0,0,0.071978330612183,-0.094381332397461,0.0,-0.07,0.071978330612183,-0.024381332397461,0.0,0.0,0.00014496020666027,-0.00016673971358528,0.071978330612183,-0.024381332397461,146.25622558594,124.70687866211,-71.927314758301,-0.61356139183044,true,false,false,false,-20,-5,0
30587,SAMPLE,ALIGNING,true,6,0,0,0,0,0.07293713092804,-0.095579624176025,0.0,-0.07,0.07293713092804,-0.025579624176025,0.00095880031585693,-0.0011982917785645,0.0004298042448791,-0.00052778293632799,0.07293713092804,-0.025579624176025,146.07682800293,124.93650817871,-72.859016418457,-0.62157034873962,true,false,false,false,-20,-6,0
30588,SAMPLE,ALIGNING,true,6,0,0,0,0,0.07293713092804,-0.095579624176025,0.0,-0.07,0.07293713092804,-0.025579624176025,0.0,0.0,0.00027937275917142,-0.00034305890861319,0.07293713092804,-0.025579624176025,146.07682800293,124.93650817871,-72.859016418457,-0.62157034873962,true,false,false,false,-20,-6,0
30589,SAMPLE,ALIGNING,true,6,0,0,0,0,0.073512315750122,-0.097017765045166,0.0,-0.07,0.073512315750122,-0.027017765045166,0.00057518482208252,-0.0014381408691406,0.0003829069811903,-0.00072633759479779,0.073512315750122,-0.027017765045166,145.96643066406,125.2085723877,-73.430839538574,-0.62649875879288,true,false,false,false,-21,-6,0
30590,SAMPLE,ALIGNING,true,6,0,0,0,0,0.073512315750122,-0.097017765045166,0.0,-0.07,0.073512315750122,-0.027017765045166,0.0,0.0,0.0002488895377737,-0.00047211943661857,0.073512315750122,-0.027017765045166,145.96643066406,125.2085723877,-73.430839538574,-0.62649875879288,true,false,false,false,-21,-6,0
30591,SAMPLE,ALIGNING,true,6,0,0,0,0,0.073512315750122,-0.097017765045166,0.0,-0.07,0.073512315750122,-0.027017765045166,0.0,0.0,0.0001617781995529,-0.00030687763380207,0.073512315750122,-0.027017765045166,145.96643066406,125.2085723877,-73.430839538574,-0.62649875879288,true,false,false,false,-21,-6,0
30592,SAMPLE,ALIGNING,true,6,0,0,0,0,0.075190186500549,-0.10013389587402,0.0,-0.07,0.075190186500549,-0.030133895874023,0.0016778707504272,-0.0031161308288574,0.00069241059235892,-0.0012901162520714,0.075190186500549,-0.030133895874023,145.63830566406,125.80751037598,-75.131401062012,-0.64114743471146,true,false,false,false,-21,-7,0
30593,SAMPLE,ALIGNING,true,6,0,0,0,0,0.075190186500549,-0.10013389587402,0.0,-0.07,0.075190186500549,-0.030133895874023,0.0,0.0,0.0004500668850333,-0.00083857556384644,0.075190186500549,-0.030133895874023,145.63830566406,125.80751037598,-75.131401062012,-0.64114743471146,true,false,false,false,-21,-7,0
30594,SAMPLE,ALIGNING,true,6,0,0,0,0,0.076053142547607,-0.10229110717773,0.0,-0.07,0.076053142547607,-0.032291107177734,0.00086295604705811,-0.0021572113037109,0.00059457809174198,-0.001300098072799,0.076053142547607,-0.032291107177734,145.4786529541,126.21754455566,-75.956680297852,-0.6482743024826,true,false,false,false,-21,-7,0
30595,SAMPLE,ALIGNING,true,6,0,0,0,0,0.076053142547607,-0.10229110717773,0.0,-0.07,0.076053142547607,-0.032291107177734,0.0,0.0,0.00038647575963229,-0.00084506374731936,0.076053142547607,-0.032291107177734,145.4786529541,126.21754455566,-75.956680297852,-0.6482743024826,true,false,false,false,-21,-7,0
30596,SAMPLE,ALIGNING,true,6,0,0,0,0,0.076053142547607,-0.10229110717773,0.0,-0.07,0.076053142547607,-0.032291107177734,0.0,0.0,0.00025120924376099,-0.00054929143575758,0.076053142547607,-0.032291107177734,145.4786529541,126.21754455566,-75.956680297852,-0.6482743024826,true,false,false,false,-21,-7,0
30597,SAMPLE,ALIGNING,true,6,0,0,0,0,0.076244831085205,-0.10468769073486,0.0,-0.07,0.076244831085205,-0.034687690734863,0.00019168853759766,-0.0023965835571289,0.00023037699660382,-0.0011958436782375,0.076244831085205,-0.034687690734863,145.4441986084,126.67028808594,-76.129783630371,-0.6498127579689,true,false,false,false,-21,-8,0
30598,SAMPLE,ALIGNING,true,6,0,0,0,0,0.076244831085205,-0.10468769073486,0.0,-0.07,0.076244831085205,-0.034687690734863,0.0,0.0,0.00014974504779248,-0.0007772983908544,0.076244831085205,-0.034687690734863,145.4441986084,126.67028808594,-76.129783630371,-0.6498127579689,true,false,false,false,-21,-8,0
30599,SAMPLE,ALIGNING,true,6,0,0,0,0,0.07586133480072,-0.10876274108887,0.0,-0.07,0.07586133480072,-0.038762741088867,-0.00038349628448486,-0.0040750503540039,-3.6889418504588e-05,-0.0019315115779567,0.07586133480072,-0.038762741088867,145.51103210449,127.45304870605,-75.770782470703,-0.64682894945145,true,false,false,false,-21,-9,0
30600,SAMPLE,ALIGNING,true,6,0,0,0,0,0.07586133480072,-0.10876274108887,0.0,-0.07,0.07586133480072,-0.038762741088867,0.0,0.0,-2.3978122027982e-05,-0.0012554825256719,0.07586133480072,-0.038762741088867,145.51103210449,127.45304870605,-75.770782470703,-0.64682894945145,true,false,false,false,-21,-9,0
30601,SAMPLE,ALIGNING,true,6,0,0,0,0,0.075621604919434,-0.11245393753052,0.0,-0.07,0.075621604919434,-0.042453937530518,-0.00023972988128662,-0.0036911964416504,-9.9491237768506e-05,-0.0021079823962644,0.075621604919434,-0.042453937530518,145.5583190918,128.16047668457,-75.51350402832,-0.64471805095673,true,false,false,false,-21,-9,0
30602,SAMPLE,ALIGNING,true,6,0,0,0,0,0.075621604919434,-0.11245393753052,0.0,-0.07,0.075621604919434,-0.042453937530518,0.0,0.0,-6.4669304549529e-05,-0.0013701885575718,0.075621604919434,-0.042453937530518,145.5583190918,128.16047668457,-75.51350402832,-0.64471805095673,true,false,false,false,-21,-9,0
30603,SAMPLE,ALIGNING,true,6,0,0,0,0,0.075621604919434,-0.11245393753052,0.0,-0.07,0.075621604919434,-0.042453937530518,0.0,0.0,-4.2035047957194e-05,-0.00089062256242169,0.075621604919434,-0.042453937530518,145.5583190918,128.16047668457,-75.51350402832,-0.64471805095673,true,false,false,false,-21,-9,0
30604,SAMPLE,ALIGNING,true,6,0,0,0,0,0.07514226436615,-0.1186375617981,0.0,-0.07,0.07514226436615,-0.048637561798096,-0.00047934055328369,-0.0061836242675781,-0.00019509197482147,-0.0027431731592264,0.07514226436615,-0.048637561798096,145.64613342285,129.34362792969,-75.035682678223,-0.64079749584198,true,false,false,false,-21,-11,0
30605,SAMPLE,ALIGNING,true,6,0,0,0,0,0.07514226436615,-0.1186375617981,0.0,-0.07,0.07514226436615,-0.048637561798096,0.0,0.0,-0.00012680978363395,-0.0017830625534972,0.07514226436615,-0.048637561798096,145.64613342285,129.34362792969,-75.035682678223,-0.64079749584198,true,false,false,false,-21,-11,0
30606,SAMPLE,ALIGNING,true,6,0,0,0,0,0.074758768081665,-0.12415027618408,0.0,-0.07,0.074758768081665,-0.054150276184082,-0.00038349628448486,-0.0055127143859863,-0.00021665005893177,-0.0030884406948684,0.074758768081665,-0.054150276184082,145.72190856934,130.39674377441,-74.620590209961,-0.63741457462311,true,false,false,false,-21,-12,0
30607,SAMPLE,ALIGNING,true,6,0,0,0,0,0.074758768081665,-0.12415027618408,0.0,-0.07,0.074758768081665,-0.054150276184082,0.0,0.0,-0.00014082253830565,-0.0020074864516645,0.074758768081665,-0.054150276184082,145.72190856934,130.39674377441,-74.620590209961,-0.63741457462311,true,false,false,false,-21,-12,0
30608,SAMPLE,ALIGNING,true,6,0,0,0,0,0.074758768081665,-0.12415027618408,0.0,-0.07,0.074758768081665,-0.054150276184082,0.0,0.0,-9.1534649898674e-05,-0.0013048661935819,0.074758768081665,-0.054150276184082,145.72190856934,130.39674377441,-74.620590209961,-0.63741457462311,true,false,false,false,-21,-12,0
30609,SAMPLE,ALIGNING,true,6,0,0,0,0,0.073943734169006,-0.13023853302002,0.0,-0.07,0.073943734169006,-0.06023853302002,-0.00081503391265869,-0.0060882568359375,-0.00034475939186468,-0.0029790529184064,0.073943734169006,-0.06023853302002,145.88282775879,131.56080627441,-73.758445739746,-0.63023114204407,true,false,false,false,-21,-13,0
30610,SAMPLE,ALIGNING,true,6,0,0,0,0,0.073943734169006,-0.13023853302002,0.0,-0.07,0.073943734169006,-0.06023853302002,0.0,0.0,-0.00022409360471204,-0.0019363843969641,0.073943734169006,-0.06023853302002,145.88282775879,131.56080627441,-73.758445739746,-0.63023114204407,true,false,false,false,-21,-13,0
30611,SAMPLE,ALIGNING,true,6,0,0,0,0,0.072793245315552,-0.13699817657471,0.0,-0.07,0.072793245315552,-0.066998176574707,-0.0011504888534546,-0.0067596435546875,-0.00054833194177193,-0.0036245251021673,0.072793245315552,-0.066998176574707,146.10090637207,132.86029052734,-72.593650817871,-0.62049543857574,true,false,false,false,-20,-15,0
30612,SAMPLE,ALIGNING,true,6,0,0,0,0,0.072793245315552,-0.13699817657471,0.0,-0.07,0.072793245315552,-0.066998176574707,0.0,0.0,-0.00035641576215176,-0.0023559413164088,0.072793245315552,-0.066998176574707,146.10090637207,132.86029052734,-72.593650817871,-0.62049543857574,true,false,false,false,-20,-15,0
30613,SAMPLE,ALIGNING,true,6,0,0,0,0,0.071834564208984,-0.14442825317383,0.0,-0.07,0.071834564208984,-0.074428253173828,-0.00095868110656738,-0.0074300765991211,-0.00056720863269723,-0.0041318886653581,0.071834564208984,-0.074428253173828,146.28630065918,134.291015625,-71.592430114746,-0.61221885681152,true,false,false,false,-20,-17,0
30614,SAMPLE,ALIGNING,true,6,0,0,0,0,0.071834564208984,-0.14442825317383,0.0,-0.07,0.071834564208984,-0.074428253173828,0.0,0.0,-0.0003686856112532,-0.0026857276324827,0.071834564208984,-0.074428253173828,146.28630065918,134.291015625,-71.592430114746,-0.61221885681152,true,false,false,false,-20,-17,0
30615,SAMPLE,ALIGNING,true,6,0,0,0,0,0.071834564208984,-0.14442825317383,0.0,-0.07,0.071834564208984,-0.074428253173828,0.0,0.0,-0.00023964564731458,-0.0017457229611138,0.071834564208984,-0.074428253173828,146.28630065918,134.291015625,-71.592430114746,-0.61221885681152,true,false,false,false,-20,-16,0
30616,SAMPLE,ALIGNING,true,6,0,0,0,0,0.070971608161926,-0.1556453704834,0.0,-0.07,0.070971608161926,-0.085645370483398,-0.00086295604705811,-0.01121711730957,-0.00045780428722481,-0.0050607109830736,0.070971608161926,-0.085645370483398,146.44462585449,136.43911743164,-70.706474304199,-0.6051504611969,true,false,false,false,-20,-19,0
30617,SAMPLE,ALIGNING,true,6,0,0,0,0,0.070971608161926,-0.1556453704834,0.0,-0.07,0.070971608161926,-0.085645370483398,0.0,0.0,-0.00029757278669613,-0.0032894621389978,0.070971608161926,-0.085645370483398,146.44462585449,136.43911743164,-70.706474304199,-0.6051504611969,true,false,false,false,-20,-19,0
30618,SAMPLE,ALIGNING,true,6,0,0,0,0,0.070779919624329,-0.16307592391968,0.0,-0.07,0.070779919624329,-0.093075923919678,-0.00019168853759766,-0.0074305534362793,-0.00026051329951166,-0.0047388440930463,0.070779919624329,-0.093075923919678,146.4875793457,137.87919616699,-70.436195373535,-0.60323303937912,true,false,false,false,-20,-21,0
30619,SAMPLE,ALIGNING,true,6,0,0,0,0,0.070779919624329,-0.16307592391968,0.0,-0.07,0.070779919624329,-0.093075923919678,0.0,0.0,-0.00016933364468258,-0.0030802486604801,0.070779919624329,-0.093075923919678,146.4875793457,137.87919616699,-70.436195373535,-0.60323303937912,true,false,false,false,-20,-21,0
30620,SAMPLE,ALIGNING,true,6,0,0,0,0,0.070779919624329,-0.16307592391968,0.0,-0.07,0.070779919624329,-0.093075923919678,0.0,0.0,-0.00011006686904368,-0.0020021616293121,0.070779919624329,-0.093075923919678,146.4875793457,137.87919616699,-70.436195373535,-0.60323303937912,true,false,false,false,-20,-21,0
30621,SAMPLE,ALIGNING,true,6,0,0,0,0,0.070779919624329,-0.17055416107178,0.0,-0.07,0.070779919624329,-0.10055416107178,0.0,-0.0074782371520996,-7.154346487839e-05,-0.0039187880622877,0.070779919624329,-0.10055416107178,146.48425292969,139.31520080566,-70.402381896973,-0.60338139533997,true,false,false,false,-20,-22,0
30622,SAMPLE,ALIGNING,true,6,0,0,0,0,0.070779919624329,-0.17055416107178,0.0,-0.07,0.070779919624329,-0.10055416107178,0.0,0.0,-4.6503252170954e-05,-0.002547212240487,0.070779919624329,-0.10055416107178,146.48425292969,139.31520080566,-70.402381896973,-0.60338139533997,true,false,false,false,-20,-22,0
30623,SAMPLE,ALIGNING,true,6,0,0,0,0,0.070875763893127,-0.17836809158325,0.0,-0.07,0.070875763893127,-0.10836809158325,9.5844268798828e-05,-0.0078139305114746,3.3183801684699e-06,-0.0043905636353327,0.070875763893127,-0.10836809158325,146.46488952637,140.82795715332,-70.444732666016,-0.60424590110779,true,false,false,false,-20,-24,0
30624,SAMPLE,ALIGNING,true,6,0,0,0,0,0.070875763893127,-0.17836809158325,0.0,-0.07,0.070875763893127,-0.10836809158325,0.0,0.0,2.1569471095054e-06,-0.0028538663629662,0.070875763893127,-0.10836809158325,146.46488952637,140.82795715332,-70.444732666016,-0.60424590110779,true,false,false,false,-20,-24,0
30625,SAMPLE,ALIGNING,true,6,0,0,0,0,0.070971608161926,-0.18718862533569,0.0,-0.07,0.070971608161926,-0.11718862533569,9.5844268798828e-05,-0.0088205337524414,3.4947509700768e-05,-0.0049421999492825,0.070971608161926,-0.11718862533569,146.44320678711,142.52912902832,-70.486656188965,-0.60521376132965,true,false,false,false,-20,-26,0
30626,SAMPLE,ALIGNING,true,6,0,0,0,0,0.070971608161926,-0.18718862533569,0.0,-0.07,0.070971608161926,-0.11718862533569,0.0,0.0,2.2715881305499e-05,-0.0032124299670337,0.070971608161926,-0.11718862533569,146.44320678711,142.52912902832,-70.486656188965,-0.60521376132965,true,false,false,false,-20,-26,0
30627,SAMPLE,ALIGNING,true,6,0,0,0,0,0.070971608161926,-0.18718862533569,0.0,-0.07,0.070971608161926,-0.11718862533569,0.0,0.0,1.4765322848575e-05,-0.0020880794785719,0.070971608161926,-0.11718862533569,146.44320678711,142.52912902832,-70.486656188965,-0.60521376132965,true,false,false,false,-20,-26,0
30628,SAMPLE,ALIGNING,true,6,0,0,0,0,0.070923686027527,-0.19639253616333,0.0,-0.07,0.070923686027527,-0.12639253616333,-4.7922134399414e-05,-0.0092039108276367,-7.1752871882214e-06,-0.0045786204507446,0.070923686027527,-0.12639253616333,146.45745849609,144.3141784668,-70.333465576172,-0.60457760095596,true,false,false,false,-20,-28,0
30629,SAMPLE,ALIGNING,true,6,0,0,0,0,0.070923686027527,-0.19639253616333,0.0,-0.07,0.070923686027527,-0.12639253616333,0.0,0.0,-4.6639366723439e-06,-0.002976103292984,0.070923686027527,-0.12639253616333,146.45745849609,144.3141784668,-70.333465576172,-0.60457760095596,true,false,false,false,-20,-28,0
30630,SAMPLE,ALIGNING,true,6,0,0,0,0,0.07063615322113,-0.20540475845337,0.0,-0.07,0.07063615322113,-0.13540475845337,-0.00028753280639648,-0.0090122222900391,-0.00010366804107579,-0.0050887449419533,0.07063615322113,-0.13540475845337,146.50628662109,146.06571960449,-69.997871398926,-0.60239797830582,true,false,false,false,-20,-30,0
30631,SAMPLE,ALIGNING,true,6,0,0,0,0,0.07063615322113,-0.20540475845337,0.0,-0.07,0.07063615322113,-0.13540475845337,0.0,0.0,-6.7384226699265e-05,-0.0033076842122696,0.07063615322113,-0.13540475845337,146.50628662109,146.06571960449,-69.997871398926,-0.60239797830582,true,false,false,false,-20,-30,0
30632,SAMPLE,ALIGNING,true,6,0,0,0,0,0.070252656936646,-0.21297883987427,0.0,-0.07,0.070252656936646,-0.14297883987427,-0.00038349628448486,-0.0075740814208984,-0.00017802344692422,-0.0048009232352897,0.070252656936646,-0.14297883987427,146.58444213867,147.53840637207,-69.520606994629,-0.59890884160995,true,false,false,false,-20,-32,0
30633,SAMPLE,ALIGNING,true,6,0,0,0,0,0.070252656936646,-0.21297883987427,0.0,-0.07,0.070252656936646,-0.14297883987427,0.0,0.0,-0.00011571524050075,-0.0031206001029383,0.070252656936646,-0.14297883987427,146.58444213867,147.53840637207,-69.520606994629,-0.59890884160995,true,false,false,false,-20,-32,0
30634,SAMPLE,ALIGNING,true,6,0,0,0,0,0.069629430770874,-0.21853971481323,0.0,-0.07,0.069629430770874,-0.14853971481323,-0.00062322616577148,-0.0055608749389648,-0.0002933440643455,-0.0039746962955476,0.069629430770874,-0.14853971481323,146.70681762695,148.62384033203,-68.833145141602,-0.5934454202652,true,false,false,false,-19,-33,0
30635,SAMPLE,ALIGNING,true,6,0,0,0,0,0.069629430770874,-0.21853971481323,0.0,-0.07,0.069629430770874,-0.14853971481323,0.0,0.0,-0.00019067364182458,-0.0025835525921059,0.069629430770874,-0.14853971481323,146.70681762695,148.62384033203,-68.833145141602,-0.5934454202652,true,false,false,false,-19,-33,0
30636,SAMPLE,ALIGNING,true,6,0,0,0,0,0.069629430770874,-0.21853971481323,0.0,-0.07,0.069629430770874,-0.14853971481323,0.0,0.0,-0.00012393786718598,-0.0016793091848689,0.069629430770874,-0.14853971481323,146.70681762695,148.62384033203,-68.833145141602,-0.5934454202652,true,false,false,false,-19,-33,0
30637,SAMPLE,ALIGNING,true,6,0,0,0,0,0.068718671798706,-0.22271060943604,0.0,-0.07,0.068718671798706,-0.15271060943604,-0.00091075897216797,-0.0041708946228027,-0.00039932525392967,-0.0025513640881457,0.068718671798706,-0.15271060943604,146.87562561035,149.43551635742,-67.920196533203,-0.58590966463089,true,false,false,false,-19,-34,0
30638,SAMPLE,ALIGNING,true,6,0,0,0,0,0.068718671798706,-0.22271060943604,0.0,-0.07,0.068718671798706,-0.15271060943604,0.0,0.0,-0.00025956141505429,-0.0016583866572947,0.068718671798706,-0.15271060943604,146.87562561035,149.43551635742,-67.920196533203,-0.58590966463089,true,false,false,false,-19,-34,0
30639,SAMPLE,ALIGNING,true,6,0,0,0,0,0.067616105079651,-0.22611379623413,0.0,-0.07,0.067616105079651,-0.15611379623413,-0.0011025667190552,-0.0034031867980957,-0.0005546132714546,-0.0022690667065751,0.067616105079651,-0.15611379623413,147.09619140625,150.10154724121,-66.74845123291,-0.57606327533722,true,false,false,false,-19,-35,0
30640,SAMPLE,ALIGNING,true,6,0,0,0,0,0.067616105079651,-0.22611379623413,0.0,-0.07,0.067616105079651,-0.15611379623413,0.0,0.0,-0.00036049862644549,-0.0014748933592738,0.067616105079651,-0.15611379623413,147.09619140625,150.10154724121,-66.74845123291,-0.57606327533722,true,false,false,false,-19,-34,0
30641,SAMPLE,ALIGNING,true,6,0,0,0,0,0.066465497016907,-0.22970914840698,0.0,-0.07,0.066465497016907,-0.15970914840698,-0.0011506080627441,-0.0035953521728516,-0.00063703692915002,-0.002217053944026,0.066465497016907,-0.15970914840698,147.3117980957,150.80470275879,-65.600425720215,-0.56643760204315,true,false,false,false,-19,-35,0
30642,SAMPLE,ALIGNING,true,6,0,0,0,0,0.066465497016907,-0.22970914840698,0.0,-0.07,0.066465497016907,-0.15970914840698,0.0,0.0,-0.00041407400394751,-0.0014410850636169,0.066465497016907,-0.15970914840698,147.3117980957,150.80470275879,-65.600425720215,-0.56643760204315,true,false,false,false,-19,-35,0
30643,SAMPLE,ALIGNING,true,6,0,0,0,0,0.066465497016907,-0.22970914840698,0.0,-0.07,0.066465497016907,-0.15970914840698,0.0,0.0,-0.00026914810256588,-0.00093670529135099,0.066465497016907,-0.15970914840698,147.3117980957,150.80470275879,-65.600425720215,-0.56643760204315,true,false,false,false,-19,-35,0
30644,SAMPLE,ALIGNING,true,6,0,0,0,0,0.066561341285706,-0.23177051544189,0.0,-0.07,0.066561341285706,-0.16177051544189,9.5844268798828e-05,-0.0020613670349121,-0.00014140077258823,-0.0013303369015974,0.066561341285706,-0.16177051544189,147.2936706543,151.20259094238,-65.672088623047,-0.56724679470062,true,false,false,false,-19,-36,0
30645,SAMPLE,ALIGNING,true,6,0,0,0,0,0.066561341285706,-0.23177051544189,0.0,-0.07,0.066561341285706,-0.16177051544189,0.0,0.0,-9.1910502182352e-05,-0.0008647189860383,0.066561341285706,-0.16177051544189,147.2936706543,151.20259094238,-65.672088623047,-0.56724679470062,true,false,false,false,-19,-36,0
30646,SAMPLE,ALIGNING,true,6,0,0,0,0,0.066561341285706,-0.23177051544189,0.0,-0.07,0.066561341285706,-0.16177051544189,0.0,0.0,-5.9741826418529e-05,-0.00056206734092489,0.066561341285706,-0.16177051544189,147.2936706543,151.20259094238,-65.672088623047,-0.56724679470062,true,false,false,false,-19,-36,0
30647,SAMPLE,ALIGNING,true,6,0,0,0,0,0.067328453063965,-0.23253726959229,0.0,-0.07,0.067328453063965,-0.16253726959229,0.00076711177825928,-0.00076675415039063,0.0002296569352187,-0.0006337077242379,0.067328453063965,-0.16253726959229,147.14906311035,151.35754394531,-66.407615661621,-0.57370257377625,true,false,false,false,-19,-36,0
30648,SAMPLE,ALIGNING,true,6,0,0,0,0,0.067328453063965,-0.23253726959229,0.0,-0.07,0.067328453063965,-0.16253726959229,0.0,0.0,0.00014927700789216,-0.00041191002075463,0.067328453063965,-0.16253726959229,147.14906311035,151.35754394531,-66.407615661621,-0.57370257377625,true,false,false,false,-19,-36,0
30649,SAMPLE,ALIGNING,true,6,0,0,0,0,0.067807793617249,-0.23277711868286,0.0,-0.07,0.067807793617249,-0.16277711868286,0.00047934055328369,-0.00023984909057617,0.00026479924877919,-0.00035168869519217,0.067807793617249,-0.16277711868286,147.05599975586,151.40409851074,-66.883758544922,-0.5778568983078,true,false,false,false,-19,-36,0
30650,SAMPLE,ALIGNING,true,6,0,0,0,0,0.067807793617249,-0.23277711868286,0.0,-0.07,0.067807793617249,-0.16277711868286,0.0,0.0,0.00017211951170648,-0.00022859765187491,0.067807793617249,-0.16277711868286,147.05599975586,151.40409851074,-66.883758544922,-0.5778568983078,true,false,false,false,-19,-36,0
30651,SAMPLE,ALIGNING,true,6,0,0,0,0,0.068191289901733,-0.23282527923584,0.0,-0.07,0.068191289901733,-0.16282527923584,0.00038349628448486,-4.8160552978516e-05,0.00024610138217891,-0.00016544466726117,0.068191289901733,-0.16282527923584,146.98246765137,151.4213104248,-67.261032104492,-0.58114004135132,true,false,false,false,-19,-36,0
30652,SAMPLE,ALIGNING,true,6,0,0,0,0,0.068191289901733,-0.23282527923584,0.0,-0.07,0.068191289901733,-0.16282527923584,0.0,0.0,0.00015996589841629,-0.00010753903371976,0.068191289901733,-0.16282527923584,146.98246765137,151.4213104248,-67.261032104492,-0.58114004135132,true,false,false,false,-19,-36,0
30653,SAMPLE,ALIGNING,true,6,0,0,0,0,0.068191289901733,-0.23282527923584,0.0,-0.07,0.068191289901733,-0.16282527923584,0.0,0.0,0.00010397783397059,-6.9900371917846e-05,0.068191289901733,-0.16282527923584,146.98246765137,151.4213104248,-67.261032104492,-0.58114004135132,true,false,false,false,-19,-36,0
30654,SAMPLE,ALIGNING,true,6,0,0,0,0,0.068670749664307,-0.23287296295166,0.0,-0.07,0.068670749664307,-0.16287296295166,0.00047945976257324,-4.7683715820313e-05,0.00023539650898152,-6.2124542283709e-05,0.068670749664307,-0.16287296295166,146.89129638672,151.42608642578,-67.729682922363,-0.58520996570587,true,false,false,false,-19,-36,0
30655,SAMPLE,ALIGNING,true,6,0,0,0,0,0.068670749664307,-0.23287296295166,0.0,-0.07,0.068670749664307,-0.16287296295166,0.0,0.0,0.00015300773083799,-4.0380952484411e-05,0.068670749664307,-0.16287296295166,146.89129638672,151.42608642578,-67.729682922363,-0.58520996570587,true,false,false,false,-19,-36,0
30656,SAMPLE,ALIGNING,true,6,0,0,0,0,0.068958282470703,-0.23282527923584,0.0,-0.07,0.068958282470703,-0.16282527923584,0.00028753280639648,4.7683715820313e-05,0.00020009150728346,-9.5583185777577e-06,0.068958282470703,-0.16282527923584,146.83633422852,151.41735839844,-68.012855529785,-0.58766394853592,true,false,false,false,-19,-36,0
30657,SAMPLE,ALIGNING,true,6,0,0,0,0,0.068958282470703,-0.23282527923584,0.0,-0.07,0.068958282470703,-0.16282527923584,0.0,0.0,0.00013005947973425,-6.2129070755425e-06,0.068958282470703,-0.16282527923584,146.83633422852,151.41735839844,-68.012855529785,-0.58766394853592,true,false,false,false,-19,-36,0
30658,SAMPLE,ALIGNING,true,6,0,0,0,0,0.068958282470703,-0.23282527923584,0.0,-0.07,0.068958282470703,-0.16282527923584,0.0,0.0,8.4538661827262e-05,-4.0383895991026e-06,0.068958282470703,-0.16282527923584,146.83633422852,151.41735839844,-68.012855529785,-0.58766394853592,true,false,false,false,-19,-36,0
30659,SAMPLE,ALIGNING,true,6,0,0,0,0,0.069341778755188,-0.23282527923584,0.0,-0.07,0.069341778755188,-0.16282527923584,0.00038349628448486,0.0,0.00018917382975742,-2.6249532394167e-06,0.069341778755188,-0.16282527923584,146.75961303711,151.41311645508,-68.407638549805,-0.59108877182007,true,false,false,false,-19,-36,0
30660,SAMPLE,ALIGNING,true,6,0,0,0,0,0.069341778755188,-0.23282527923584,0.0,-0.07,0.069341778755188,-0.16282527923584,0.0,0.0,0.00012296298934232,-1.7062196056209e-06,0.069341778755188,-0.16282527923584,146.75961303711,151.41311645508,-68.407638549805,-0.59108877182007,true,false,false,false,-19,-36,0
30661,SAMPLE,ALIGNING,true,6,0,0,0,0,0.070060849189758,-0.23248958587646,0.0,-0.07,0.070060849189758,-0.16248958587646,0.00071907043457031,0.000335693359375,0.00033160059517212,0.0001163836330376,0.070060849189758,-0.16248958587646,146.62545776367,151.35391235352,-69.100898742676,-0.59707808494568,true,false,false,false,-20,-36,0
30662,SAMPLE,ALIGNING,true,6,0,0,0,0,0.070060849189758,-0.23248958587646,0.0,-0.07,0.070060849189758,-0.16248958587646,0.0,0.0,0.00021554038686188,7.5649361474438e-05,0.070060849189758,-0.16248958587646,146.62545776367,151.35391235352,-69.100898742676,-0.59707808494568,true,false,false,false,-20,-36,0
30663,SAMPLE,ALIGNING,true,6,0,0,0,0,0.070060849189758,-0.23248958587646,0.0,-0.07,0.070060849189758,-0.16248958587646,0.0,0.0,0.00014010125146022,4.9172084958384e-05,0.070060849189758,-0.16248958587646,146.49876403809,151.28890991211,-69.756103515625,-0.60273373126984,true,false,false,false,-20,-36,0
30664,SAMPLE,ALIGNING,true,6,0,0,0,0,0.070731997489929,-0.23215389251709,0.0,-0.07,0.070731997489929,-0.16215389251709,0.0006711483001709,0.000335693359375,0.00032596771850896,0.0001494545310042,0.070731997489929,-0.16215389251709,146.49876403809,151.28890991211,-69.756103515625,-0.60273373126984,true,false,false,false,-20,-36,0
30665,SAMPLE,ALIGNING,true,6,0,0,0,0,0.070731997489929,-0.23215389251709,0.0,-0.07,0.070731997489929,-0.16215389251709,0.0,0.0,0.00021187901703082,9.714544515273e-05,0.070731997489929,-0.16215389251709,146.49876403809,151.28890991211,-69.756103515625,-0.60273373126984,true,false,false,false,-20,-36,0
30666,SAMPLE,ALIGNING,true,6,0,0,0,0,0.0714031457901,-0.23181867599487,0.0,-0.07,0.0714031457901,-0.16181867599487,0.0006711483001709,0.0003352165222168,0.00037262326612985,0.00018047032212515,0.0714031457901,-0.16181867599487,146.37007141113,151.23010253906,-70.421180725098,-0.60847872495651,true,false,false,false,-20,-36,0
30667,SAMPLE,ALIGNING,true,6,0,0,0,0,0.0714031457901,-0.23181867599487,0.0,-0.07,0.0714031457901,-0.16181867599487,0.0,0.0,0.0002422051229844,0.00011730570938135,0.0714031457901,-0.16181867599487,146.37007141113,151.23010253906,-70.421180725098,-0.60847872495651,true,false,false,false,-20,-36,0
30668,SAMPLE,ALIGNING,true,6,0,0,0,0,0.071690678596497,-0.2316746711731,0.0,-0.07,0.071690678596497,-0.1616746711731,0.00028753280639648,0.00014400482177734,0.00025806981217863,0.00012665039871995,0.071690678596497,-0.1616746711731,146.3081817627,151.19662475586,-70.741325378418,-0.61124193668365,true,false,false,false,-20,-36,0
30669,SAMPLE,ALIGNING,true,6,0,0,0,0,0.071690678596497,-0.2316746711731,0.0,-0.07,0.071690678596497,-0.1616746711731,0.0,0.0,0.00016774537791611,8.2322759167966e-05,0.071690678596497,-0.1616746711731,146.3081817627,151.19662475586,-70.741325378418,-0.61124193668365,true,false,false,false,-20,-36,0
30670,SAMPLE,ALIGNING,true,6,0,0,0,0,0.071690678596497,-0.2316746711731,0.0,-0.07,0.071690678596497,-0.1616746711731,0.0,0.0,0.00010903449564547,5.3509793459178e-05,0.071690678596497,-0.1616746711731,146.3081817627,151.19662475586,-70.741325378418,-0.61124193668365,true,false,false,false,-20,-36,0
30671,SAMPLE,ALIGNING,true,6,0,0,0,0,0.072026252746582,-0.23153114318848,0.0,-0.07,0.072026252746582,-0.16153114318848,0.00033557415008545,0.00014352798461914,0.00018832337469946,8.5016160365165e-05,0.072026252746582,-0.16153114318848,146.2420501709,151.17471313477,-71.082580566406,-0.6141944527626,true,false,false,false,-20,-36,0
30672,SAMPLE,ALIGNING,true,6,0,0,0,0,0.072026252746582,-0.23153114318848,0.0,-0.07,0.072026252746582,-0.16153114318848,0.0,0.0,0.00012241019355465,5.5260504237357e-05,0.072026252746582,-0.16153114318848,146.2420501709,151.17471313477,-71.082580566406,-0.6141944527626,true,false,false,false,-20,-36,0
30673,SAMPLE,ALIGNING,true,6,0,0,0,0,0.072026252746582,-0.23153114318848,0.0,-0.07,0.072026252746582,-0.16153114318848,0.0,0.0,7.9566625810523e-05,3.5919327754282e-05,0.072026252746582,-0.16153114318848,146.22817993164,151.17509460449,-71.153854370117,-0.61481350660324,true,false,false,false,-20,-36,0
30674,SAMPLE,ALIGNING,true,6,0,0,0,0,0.072122097015381,-0.23153114318848,0.0,-0.07,0.072122097015381,-0.16153114318848,9.5844268798828e-05,0.0,8.526380085643e-05,2.3347563040283e-05,0.072122097015381,-0.16153114318848,146.22817993164,151.17509460449,-71.153854370117,-0.61481350660324,true,false,false,false,-20,-36,0
30675,SAMPLE,ALIGNING,true,6,0,0,0,0,0.072122097015381,-0.23153114318848,0.0,-0.07,0.072122097015381,-0.16153114318848,0.0,0.0,5.542147055668e-05,1.5175915976184e-05,0.072122097015381,-0.16153114318848,146.22817993164,151.17509460449,-71.153854370117,-0.61481350660324,true,false,false,false,-20,-36,0
30676,SAMPLE,ALIGNING,true,6,0,0,0,0,0.071738600730896,-0.23177051544189,0.0,-0.07,0.071738600730896,-0.16177051544189,-0.00038349628448486,-0.00023937225341797,-9.819974370786e-05,-7.3915943311769e-05,0.071738600730896,-0.16177051544189,146.29885864258,151.21350097656,-70.78825378418,-0.61165797710419,true,false,false,false,-20,-36,0
30677,SAMPLE,ALIGNING,true,6,0,0,0,0,0.071738600730896,-0.23177051544189,0.0,-0.07,0.071738600730896,-0.16177051544189,0.0,0.0,-6.3829833410109e-05,-4.804536315265e-05,0.071738600730896,-0.16177051544189,146.29885864258,151.21350097656,-70.78825378418,-0.61165797710419,true,false,false,false,-20,-36,0
30678,SAMPLE,ALIGNING,true,6,0,0,0,0,0.071738600730896,-0.23177051544189,0.0,-0.07,0.071738600730896,-0.16177051544189,0.0,0.0,-4.1489391716571e-05,-3.1229486049223e-05,0.071738600730896,-0.16177051544189,146.29885864258,151.21350097656,-70.78825378418,-0.61165797710419,true,false,false,false,-20,-36,0
30679,SAMPLE,ALIGNING,true,6,0,0,0,0,0.071259260177612,-0.23201036453247,0.0,-0.07,0.071259260177612,-0.16201036453247,-0.00047934055328369,-0.00023984909057617,-0.00019473729826506,-0.00010424634763365,0.071259260177612,-0.16201036453247,146.39137268066,151.2619934082,-70.309799194336,-0.60752826929092,true,false,false,false,-20,-36,0
30680,SAMPLE,ALIGNING,true,6,0,0,0,0,0.071259260177612,-0.23201036453247,0.0,-0.07,0.071259260177612,-0.16201036453247,0.0,0.0,-0.00012657924387229,-6.7760125961876e-05,0.071259260177612,-0.16201036453247,146.39137268066,151.2619934082,-70.309799194336,-0.60752826929092,true,false,false,false,-20,-36,0
30681,SAMPLE,ALIGNING,true,6,0,0,0,0,0.070540189743042,-0.23239374160767,0.0,-0.07,0.070540189743042,-0.16239374160767,-0.00071907043457031,-0.00038337707519531,-0.0003339511606166,-0.00017822605819358,0.070540189743042,-0.16239374160767,146.52456665039,151.33764648438,-69.620597839355,-0.60158157348633,true,false,false,false,-20,-36,0
30682,SAMPLE,ALIGNING,true,6,0,0,0,0,0.070540189743042,-0.23239374160767,0.0,-0.07,0.070540189743042,-0.16239374160767,0.0,0.0,-0.00021706825440079,-0.00011584693782583,0.070540189743042,-0.16239374160767,146.52456665039,151.33764648438,-69.620597839355,-0.60158157348633,true,false,false,false,-20,-36,0
30683,SAMPLE,ALIGNING,true,6,0,0,0,0,0.070540189743042,-0.23239374160767,0.0,-0.07,0.070540189743042,-0.16239374160767,0.0,0.0,-0.00014109436536051,-7.5300509586787e-05,0.070540189743042,-0.16239374160767,146.52456665039,151.33764648438,-69.620597839355,-0.60158157348633,true,false,false,false,-20,-36,0
30684,SAMPLE,ALIGNING,true,6,0,0,0,0,0.071211338043213,-0.22860670089722,0.0,-0.07,0.071211338043213,-0.15860670089722,0.0006711483001709,0.0037870407104492,0.00014319056757548,0.0012765189174258,0.071211338043213,-0.15860670089722,146.40515136719,150.60221862793,-70.277252197266,-0.60691291093826,true,false,false,false,-20,-35,0
30685,SAMPLE,ALIGNING,true,6,0,0,0,0,0.071211338043213,-0.22860670089722,0.0,-0.07,0.071211338043213,-0.15860670089722,0.0,0.0,9.3073868924063e-05,0.00082973729632678,0.071211338043213,-0.15860670089722,146.40515136719,150.60221862793,-70.277252197266,-0.60691291093826,true,false,false,false,-20,-35,0
30686,SAMPLE,ALIGNING,true,6,0,0,0,0,0.071642756462097,-0.22261428833008,0.0,-0.07,0.071642756462097,-0.15261428833008,0.00043141841888428,0.0059924125671387,0.00021149446141014,0.0026366736411109,0.071642756462097,-0.15261428833008,146.3125,149.42324829102,-70.820823669434,-0.61104935407639,true,false,false,false,-20,-33,0
30687,SAMPLE,ALIGNING,true,6,0,0,0,0,0.071642756462097,-0.22261428833008,0.0,-0.07,0.071642756462097,-0.15261428833008,0.0,0.0,0.00013747139991659,0.0017138378667221,0.071642756462097,-0.15261428833008,146.3125,149.42324829102,-70.820823669434,-0.61104935407639,true,false,false,false,-20,-33,0
30688,SAMPLE,ALIGNING,true,6,0,0,0,0,0.071642756462097,-0.22261428833008,0.0,-0.07,0.071642756462097,-0.15261428833008,0.0,0.0,8.9356409945783e-05,0.0011139946133694,0.071642756462097,-0.15261428833008,146.3125,149.42324829102,-70.820823669434,-0.61104935407639,true,false,false,false,-20,-33,0
30689,SAMPLE,ALIGNING,true,6,0,0,0,0,0.071546912193298,-0.21451282501221,0.0,-0.07,0.071546912193298,-0.14451282501221,-9.5844268798828e-05,0.0081014633178711,2.4536172385169e-05,0.003559608659945,0.071546912193298,-0.14451282501221,146.3376159668,147.84378051758,-70.777252197266,-0.609927713871,true,false,false,false,-20,-32,0
30690,SAMPLE,ALIGNING,true,6,0,0,0,0,0.071546912193298,-0.21451282501221,0.0,-0.07,0.071546912193298,-0.14451282501221,0.0,0.0,1.594851205036e-05,0.0023137456289642,0.071546912193298,-0.14451282501221,146.3376159668,147.84378051758,-70.777252197266,-0.609927713871,true,false,false,false,-20,-32,0
30691,SAMPLE,ALIGNING,true,6,0,0,0,0,0.071546912193298,-0.21451282501221,0.0,-0.07,0.071546912193298,-0.14451282501221,0.0,0.0,1.0366532832734e-05,0.0015039346588268,0.071546912193298,-0.14451282501221,146.3376159668,147.84378051758,-70.777252197266,-0.609927713871,true,false,false,false,-20,-32,0
30692,SAMPLE,ALIGNING,true,6,0,0,0,0,0.07063615322113,-0.20444583892822,0.0,-0.07,0.07063615322113,-0.13444583892822,-0.00091075897216797,0.010066986083984,-0.00031202739391751,0.0045010026576319,0.07063615322113,-0.13444583892822,146.5108795166,145.88130187988,-69.983177185059,-0.6021928191185,true,false,false,false,-20,-29,0
30693,SAMPLE,ALIGNING,true,6,0,0,0,0,0.07063615322113,-0.20444583892822,0.0,-0.07,0.07063615322113,-0.13444583892822,0.0,0.0,-0.00020281780604638,0.0029256517274607,0.07063615322113,-0.13444583892822,146.5108795166,145.88130187988,-69.983177185059,-0.6021928191185,true,false,false,false,-20,-29,0
30694,SAMPLE,ALIGNING,true,6,0,0,0,0,0.069965004920959,-0.19404363632202,0.0,-0.07,0.069965004920959,-0.12404363632202,-0.0006711483001709,0.010402202606201,-0.00036673347898996,0.0055424445350199,0.069965004920959,-0.12404363632202,146.6452331543,143.85971069336,-69.38346862793,-0.59619498252869,true,false,false,false,-20,-27,0
30695,SAMPLE,ALIGNING,true,6,0,0,0,0,0.069965004920959,-0.19404363632202,0.0,-0.07,0.069965004920959,-0.12404363632202,0.0,0.0,-0.00023837676134348,0.0036025889477629,0.069965004920959,-0.12404363632202,146.6452331543,143.85971069336,-69.38346862793,-0.59619498252869,true,false,false,false,-20,-27,0
30696,SAMPLE,ALIGNING,true,6,0,0,0,0,0.069965004920959,-0.19404363632202,0.0,-0.07,0.069965004920959,-0.12404363632202,0.0,0.0,-0.00015494489487326,0.0023416828160459,0.069965004920959,-0.12404363632202,146.6452331543,143.85971069336,-69.38346862793,-0.59619498252869,true,false,false,false,-20,-27,0
30697,SAMPLE,ALIGNING,true,6,0,0,0,0,0.070012927055359,-0.18450403213501,0.0,-0.07,0.070012927055359,-0.11450403213501,4.7922134399414e-05,0.0095396041870117,-8.3941434627824e-05,0.0048609552958839,0.070012927055359,-0.11450403213501,146.63041687012,142.00531005859,-69.539939880371,-0.59685659408569,true,false,false,false,-20,-25,0
30698,SAMPLE,ALIGNING,true,6,0,0,0,0,0.070012927055359,-0.18450403213501,0.0,-0.07,0.070012927055359,-0.11450403213501,0.0,0.0,-5.4561932508085e-05,0.0031596209423246,0.070012927055359,-0.11450403213501,146.63041687012,142.00531005859,-69.539939880371,-0.59685659408569,true,false,false,false,-20,-25,0
30699,SAMPLE,ALIGNING,true,6,0,0,0,0,0.070012927055359,-0.18450403213501,0.0,-0.07,0.070012927055359,-0.11450403213501,0.0,0.0,-3.5465256130256e-05,0.002053753612511,0.070012927055359,-0.11450403213501,146.63041687012,142.00531005859,-69.539939880371,-0.59685659408569,true,false,false,false,-20,-25,0
30700,SAMPLE,ALIGNING,true,6,0,0,0,0,0.071067571640015,-0.17606687545776,0.0,-0.07,0.071067571640015,-0.10606687545776,0.0010546445846558,0.0084371566772461,0.00034607318814485,0.0042879446851683,0.071067571640015,-0.10606687545776,146.42672729492,140.37927246094,-70.660064697266,-0.60594946146011,true,false,false,false,-20,-23,0
30701,SAMPLE,ALIGNING,true,6,0,0,0,0,0.071067571640015,-0.17606687545776,0.0,-0.07,0.071067571640015,-0.10606687545776,0.0,0.0,0.00022494757229415,0.0027871640453594,0.071067571640015,-0.10606687545776,146.42672729492,140.37927246094,-70.660064697266,-0.60594946146011,true,false,false,false,-20,-23,0
30702,SAMPLE,ALIGNING,true,6,0,0,0,0,0.071067571640015,-0.17606687545776,0.0,-0.07,0.071067571640015,-0.10606687545776,0.0,0.0,0.0001462159219912,0.0018116566294836,0.071067571640015,-0.10606687545776,146.42672729492,140.37927246094,-70.660064697266,-0.60594946146011,true,false,false,false,-20,-23,0
30703,SAMPLE,ALIGNING,true,6,0,0,0,0,0.072841167449951,-0.16882848739624,0.0,-0.07,0.072841167449951,-0.09882848739624,0.0017735958099365,0.0072383880615234,0.00071579888277206,0.0037110126306975,0.072841167449951,-0.09882848739624,146.08729553223,138.98582458496,-72.471794128418,-0.62110275030136,true,false,false,false,-20,-21,0
30704,SAMPLE,ALIGNING,true,6,0,0,0,0,0.072841167449951,-0.16882848739624,0.0,-0.07,0.072841167449951,-0.09882848739624,0.0,0.0,0.00046526927380184,0.0024121582099534,0.072841167449951,-0.09882848739624,146.08729553223,138.98582458496,-72.471794128418,-0.62110275030136,true,false,false,false,-20,-22,0
30705,SAMPLE,ALIGNING,true,6,0,0,0,0,0.072841167449951,-0.16882848739624,0.0,-0.07,0.072841167449951,-0.09882848739624,0.0,0.0,0.0003024250279712,0.0015679028364697,0.072841167449951,-0.09882848739624,146.08729553223,138.98582458496,-72.471794128418,-0.62110275030136,true,false,false,false,-20,-22,0
30706,SAMPLE,ALIGNING,true,6,0,0,0,0,0.075381994247437,-0.16298007965088,0.0,-0.07,0.075381994247437,-0.092980079650879,0.0025408267974854,0.0058484077453613,0.0010858656473012,0.0030660795545818,0.075381994247437,-0.092980079650879,145.60565185547,137.85989379883,-75.009056091309,-0.64260518550873,true,false,false,false,-21,-20,0
30707,SAMPLE,ALIGNING,true,6,0,0,0,0,0.075381994247437,-0.16298007965088,0.0,-0.07,0.075381994247437,-0.092980079650879,0.0,0.0,0.00070581267074575,0.0019929517104782,0.075381994247437,-0.092980079650879,145.60565185547,137.85989379883,-75.009056091309,-0.64260518550873,true,false,false,false,-21,-20,0
30708,SAMPLE,ALIGNING,true,6,0,0,0,0,0.080559134483337,-0.15900135040283,0.0,-0.07,0.080559134483337,-0.089001350402832,0.0051771402359009,0.0039787292480469,0.00227077731855,0.0026879738486272,0.080559134483337,-0.089001350402832,144.61651611328,137.10678100586,-80.160049438477,-0.686763048172,true,false,false,false,-23,-19,0
30709,SAMPLE,ALIGNING,true,6,0,0,0,0,0.080559134483337,-0.15900135040283,0.0,-0.07,0.080559134483337,-0.089001350402832,0.0,0.0,0.0014760052570575,0.0017471830016077,0.080559134483337,-0.089001350402832,144.61651611328,137.10678100586,-80.160049438477,-0.686763048172,true,false,false,false,-23,-19,0
30710,SAMPLE,ALIGNING,true,6,0,0,0,0,0.080559134483337,-0.15900135040283,0.0,-0.07,0.080559134483337,-0.089001350402832,0.0,0.0,0.00095940341708739,0.001135668951045,0.080559134483337,-0.089001350402832,144.61651611328,137.10678100586,-80.160049438477,-0.686763048172,true,false,false,false,-23,-20,0
30711,SAMPLE,ALIGNING,true,6,0,0,0,0,0.086503505706787,-0.15665245056152,0.0,-0.07,0.086503505706787,-0.086652450561523,0.0059443712234497,0.0023488998413086,0.0027041421493142,0.0015602997626373,0.086503505706787,-0.086652450561523,143.4705657959,136.65916442871,-86.106269836426,-0.73792105913162,true,false,false,false,-24,-19,0
30712,SAMPLE,ALIGNING,true,6,0,0,0,0,0.086503505706787,-0.15665245056152,0.0,-0.07,0.086503505706787,-0.086652450561523,0.0,0.0,0.0017576923970542,0.0010141948457142,0.086503505706787,-0.086652450561523,143.4705657959,136.65916442871,-86.106269836426,-0.73792105913162,true,false,false,false,-24,-19,0
30713,SAMPLE,ALIGNING,true,6,0,0,0,0,0.086503505706787,-0.15665245056152,0.0,-0.07,0.086503505706787,-0.086652450561523,0.0,0.0,0.0011425000580853,0.00065922664971424,0.086503505706787,-0.086652450561523,142.3625793457,136.45834350586,-91.839195251465,-0.78738510608673,true,false,false,false,-24,-19,0
30714,SAMPLE,ALIGNING,true,6,0,0,0,0,0.09225594997406,-0.15559768676758,0.0,-0.07,0.09225594997406,-0.085597686767578,0.0057524442672729,0.0010547637939453,0.0027559805313009,0.00079766465019512,0.09225594997406,-0.085597686767578,142.3625793457,136.45834350586,-91.839195251465,-0.78738510608673,true,false,false,false,-26,-19,0
30715,SAMPLE,ALIGNING,true,6,0,0,0,0,0.09225594997406,-0.15559768676758,0.0,-0.07,0.09225594997406,-0.085597686767578,0.0,0.0,0.0017913873453456,0.00051848202262683,0.09225594997406,-0.085597686767578,142.3625793457,136.45834350586,-91.839195251465,-0.78738510608673,true,false,false,false,-26,-19,0
30716,SAMPLE,ALIGNING,true,6,0,0,0,0,0.09743320941925,-0.1552619934082,0.0,-0.07,0.09743320941925,-0.085261993408203,0.0051772594451904,0.000335693359375,0.0029764425802913,0.00045450599048869,0.09743320941925,-0.085261993408203,141.36343383789,136.40251159668,-96.996574401855,-0.83198928833008,true,false,false,false,-28,-19,0
30717,SAMPLE,ALIGNING,true,6,0,0,0,0,0.09743320941925,-0.1552619934082,0.0,-0.07,0.09743320941925,-0.085261993408203,0.0,0.0,0.0019346876771893,0.00029542889381765,0.09743320941925,-0.085261993408203,141.36343383789,136.40251159668,-96.996574401855,-0.83198928833008,true,false,false,false,-27,-19,0
30718,SAMPLE,ALIGNING,true,6,0,0,0,0,0.09743320941925,-0.1552619934082,0.0,-0.07,0.09743320941925,-0.085261993408203,0.0,0.0,0.0012575469901731,0.00019202878098147,0.09743320941925,-0.085261993408203,141.36343383789,136.40251159668,-96.996574401855,-0.83198928833008,true,false,false,false,-27,-19,0
30719,SAMPLE,ALIGNING,true,6,0,0,0,0,0.10213112831116,-0.15521430969238,0.0,-0.07,0.10213112831116,-0.085214309692383,0.0046979188919067,4.7683715820313e-05,0.0024616771557799,0.00014150800817506,0.10213112831116,-0.085214309692383,140.46711730957,136.39733886719,-101.61473846436,-0.87200373411179,true,false,false,false,-29,-19,0
30720,SAMPLE,ALIGNING,true,6,0,0,0,0,0.10213112831116,-0.15521430969238,0.0,-0.07,0.10213112831116,-0.085214309692383,0.0,0.0,0.0016000901512569,9.1980205313792e-05,0.10213112831116,-0.085214309692383,140.46711730957,136.39733886719,-101.61473846436,-0.87200373411179,true,false,false,false,-29,-19,0
30721,SAMPLE,ALIGNING,true,6,0,0,0,0,0.10213112831116,-0.15521430969238,0.0,-0.07,0.10213112831116,-0.085214309692383,0.0,0.0,0.001040058598317,5.9787133453965e-05,0.10213112831116,-0.085214309692383,140.46711730957,136.39733886719,-101.61473846436,-0.87200373411179,true,false,false,false,-29,-19,0
30722,SAMPLE,ALIGNING,true,6,0,0,0,0,0.10625386238098,-0.15521430969238,0.0,-0.07,0.10625386238098,-0.085214309692383,0.0041227340698242,0.0,0.0021189950133445,3.8861636745077e-05,0.10625386238098,-0.085214309692383,139.67726135254,136.40686035156,-105.67830657959,-0.90726494789124,true,false,false,false,-30,-19,0
30723,SAMPLE,ALIGNING,true,6,0,0,0,0,0.10625386238098,-0.15521430969238,0.0,-0.07,0.10625386238098,-0.085214309692383,0.0,0.0,0.0013773467586739,2.52600638843e-05,0.10625386238098,-0.085214309692383,139.67726135254,136.40686035156,-105.67830657959,-0.90726494789124,true,false,false,false,-30,-19,0
30724,SAMPLE,ALIGNING,true,6,0,0,0,0,0.10625386238098,-0.15521430969238,0.0,-0.07,0.10625386238098,-0.085214309692383,0.0,0.0,0.00089527539313806,1.6419041524795e-05,0.10625386238098,-0.085214309692383,139.67726135254,136.40686035156,-105.67830657959,-0.90726494789124,true,false,false,false,-30,-19,0
30725,SAMPLE,ALIGNING,true,6,0,0,0,0,0.10960936546326,-0.155357837677,0.0,-0.07,0.10960936546326,-0.085357837677002,0.0033555030822754,-0.00014352798461914,0.0017563550843361,-3.9562417625582e-05,0.10960936546326,-0.085357837677002,139.02452087402,136.44604492188,-109.03092956543,-0.93640530109406,true,false,false,false,-31,-19,0
30726,SAMPLE,ALIGNING,true,6,0,0,0,0,0.10960936546326,-0.155357837677,0.0,-0.07,0.10960936546326,-0.085357837677002,0.0,0.0,0.0011416308048185,-2.5715571456629e-05,0.10960936546326,-0.085357837677002,139.02452087402,136.44604492188,-109.03092956543,-0.93640530109406,true,false,false,false,-31,-19,0
30727,SAMPLE,ALIGNING,true,6,0,0,0,0,0.10960936546326,-0.155357837677,0.0,-0.07,0.10960936546326,-0.085357837677002,0.0,0.0,0.00074206002313201,-1.6715121446809e-05,0.10960936546326,-0.085357837677002,138.53186035156,136.53662109375,-111.55577087402,-0.95839929580688,true,false,false,false,-31,-19,0
30728,SAMPLE,ALIGNING,true,6,0,0,0,0,0.11215007305145,-0.15578937530518,0.0,-0.07,0.11215007305145,-0.085789375305176,0.0025407075881958,-0.00043153762817383,0.0013715866709043,-0.00016190299880127,0.11215007305145,-0.085789375305176,138.53186035156,136.53662109375,-111.55577087402,-0.95839929580688,true,false,false,false,-32,-19,0
30729,SAMPLE,ALIGNING,true,6,0,0,0,0,0.11215007305145,-0.15578937530518,0.0,-0.07,0.11215007305145,-0.085789375305176,0.0,0.0,0.00089153133608782,-0.00010523694922082,0.11215007305145,-0.085789375305176,138.53186035156,136.53662109375,-111.55577087402,-0.95839929580688,true,false,false,false,-31,-19,0
30730,SAMPLE,ALIGNING,true,6,0,0,0,0,0.11215007305145,-0.15578937530518,0.0,-0.07,0.11215007305145,-0.085789375305176,0.0,0.0,0.00057949536845708,-6.8404016993535e-05,0.11215007305145,-0.085789375305176,138.17468261719,136.67134094238,-113.38128662109,-0.97434425354004,true,false,false,false,-31,-19,0
30731,SAMPLE,ALIGNING,true,6,0,0,0,0,0.11401975154877,-0.15646076202393,0.0,-0.07,0.11401975154877,-0.086460762023926,0.0018696784973145,-0.00067138671875,0.0010310594635572,-0.0002794479626083,0.11401975154877,-0.086460762023926,138.17468261719,136.67134094238,-113.38128662109,-0.97434425354004,true,false,false,false,-32,-19,0
30732,SAMPLE,ALIGNING,true,6,0,0,0,0,0.11401975154877,-0.15646076202393,0.0,-0.07,0.11401975154877,-0.086460762023926,0.0,0.0,0.00067018865131216,-0.00018164117569539,0.11401975154877,-0.086460762023926,138.17468261719,136.67134094238,-113.38128662109,-0.97434425354004,true,false,false,false,-32,-19,0
30733,SAMPLE,ALIGNING,true,6,0,0,0,0,0.11497843265533,-0.15689182281494,0.0,-0.07,0.11497843265533,-0.086891822814941,0.00095868110656738,-0.00043106079101563,0.00077116101065149,-0.00026893804105747,0.11497843265533,-0.086891822814941,137.98681640625,136.75161743164,-114.34038543701,-0.98273175954819,true,false,false,false,-32,-19,0
30734,SAMPLE,ALIGNING,true,6,0,0,0,0,0.11497843265533,-0.15689182281494,0.0,-0.07,0.11497843265533,-0.086891822814941,0.0,0.0,0.00050125465692347,-0.00017480972668736,0.11497843265533,-0.086891822814941,137.98681640625,136.75161743164,-114.34038543701,-0.98273175954819,true,false,false,false,-32,-19,0
30735,SAMPLE,ALIGNING,true,6,0,0,0,0,0.11651241779327,-0.1571798324585,0.0,-0.07,0.11651241779327,-0.087179832458496,0.0015339851379395,-0.00028800964355469,0.00086271032527906,-0.00021442969759092,0.11651241779327,-0.087179832458496,137.6929473877,136.80793762207,-115.84349822998,-0.99585044384003,true,false,false,false,-33,-19,0
30736,SAMPLE,ALIGNING,true,6,0,0,0,0,0.11651241779327,-0.1571798324585,0.0,-0.07,0.11651241779327,-0.087179832458496,0.0,0.0,0.00056076171143139,-0.0001393793034341,0.11651241779327,-0.087179832458496,137.6929473877,136.80793762207,-115.84349822998,-0.99585044384003,true,false,false,false,-33,-19,0
30737,SAMPLE,ALIGNING,true,6,0,0,0,0,0.11651241779327,-0.1571798324585,0.0,-0.07,0.11651241779327,-0.087179832458496,0.0,0.0,0.0003644951124304,-9.0596547232165e-05,0.11651241779327,-0.087179832458496,137.6929473877,136.80793762207,-115.84349822998,-0.99585044384003,true,false,false,false,-33,-19,0
30738,SAMPLE,ALIGNING,true,6,0,0,0,0,0.11775875091553,-0.15708351135254,0.0,-0.07,0.11775875091553,-0.087083511352539,0.0012463331222534,9.6321105957031e-05,0.00067313841586846,-2.5175368615946e-05,0.11775875091553,-0.087083511352539,137.45216369629,136.79721069336,-117.0774307251,-1.0065999031067,true,false,false,false,-33,-19,0
30739,SAMPLE,ALIGNING,true,6,0,0,0,0,0.11775875091553,-0.15708351135254,0.0,-0.07,0.11775875091553,-0.087083511352539,0.0,0.0,0.0004375399703145,-1.6363989600365e-05,0.11775875091553,-0.087083511352539,137.45216369629,136.79721069336,-117.0774307251,-1.0065999031067,true,false,false,false,-33,-19,0
30740,SAMPLE,ALIGNING,true,6,0,0,0,0,0.11775875091553,-0.15708351135254,0.0,-0.07,0.11775875091553,-0.087083511352539,0.0,0.0,0.00028440098070442,-1.0636593240237e-05,0.11775875091553,-0.087083511352539,137.45216369629,136.79721069336,-117.0774307251,-1.0065999031067,true,false,false,false,-33,-19,0
30741,SAMPLE,ALIGNING,true,6,0,0,0,0,0.11785471439362,-0.15727519989014,0.0,-0.07,0.11785471439362,-0.087275199890137,9.5963478088379e-05,-0.00019168853759766,0.00021844785478881,-7.4004773765334e-05,0.11785471439362,-0.087275199890137,137.43241882324,136.8311920166,-117.17675018311,-1.0074813365936,true,false,false,false,-33,-19,0
30742,SAMPLE,ALIGNING,true,6,0,0,0,0,0.11785471439362,-0.15727519989014,0.0,-0.07,0.11785471439362,-0.087275199890137,0.0,0.0,0.00014199110561273,-4.8103102947467e-05,0.11785471439362,-0.087275199890137,137.43241882324,136.8311920166,-117.17675018311,-1.0074813365936,true,false,false,false,-33,-19,0
30743,SAMPLE,ALIGNING,true,6,0,0,0,0,0.11751914024353,-0.15746688842773,0.0,-0.07,0.11751914024353,-0.087466888427734,-0.00033557415008545,-0.00019168853759766,-2.5156733881636e-05,-9.8358005075033e-05,0.11751914024353,-0.087466888427734,137.50486755371,136.8709564209,-116.80360412598,-1.0042471885681,true,false,false,false,-33,-19,0
30744,SAMPLE,ALIGNING,true,6,0,0,0,0,0.11751914024353,-0.15746688842773,0.0,-0.07,0.11751914024353,-0.087466888427734,0.0,0.0,-1.6351877023063e-05,-6.3932703298772e-05,0.11751914024353,-0.087466888427734,137.50486755371,136.8709564209,-116.80360412598,-1.0042471885681,true,false,false,false,-33,-19,0
30745,SAMPLE,ALIGNING,true,6,0,0,0,0,0.11751914024353,-0.15746688842773,0.0,-0.07,0.11751914024353,-0.087466888427734,0.0,0.0,-1.0628720064991e-05,-4.1556257144202e-05,0.11751914024353,-0.087466888427734,137.50486755371,136.8709564209,-116.80360412598,-1.0042471885681,true,false,false,false,-33,-19,0
30746,SAMPLE,ALIGNING,true,6,0,0,0,0,0.11684799194336,-0.15780258178711,0.0,-0.07,0.11684799194336,-0.087802581787109,-0.0006711483001709,-0.000335693359375,-0.00024181057310206,-0.00014450424292498,0.11684799194336,-0.087802581787109,137.62646484375,136.92990112305,-116.17765045166,-0.99881875514984,true,false,false,false,-33,-19,0
30747,SAMPLE,ALIGNING,true,6,0,0,0,0,0.11684799194336,-0.15780258178711,0.0,-0.07,0.11684799194336,-0.087802581787109,0.0,0.0,-0.00015717687251634,-9.3927757901238e-05,0.11684799194336,-0.087802581787109,137.62646484375,136.92990112305,-116.17765045166,-0.99881875514984,true,false,false,false,-33,-19,0
30748,SAMPLE,ALIGNING,true,6,0,0,0,0,0.1158412694931,-0.1581859588623,0.0,-0.07,0.1158412694931,-0.088185958862305,-0.0010067224502563,-0.00038337707519531,-0.00045451782472534,-0.00019523501895416,0.1158412694931,-0.088185958862305,137.8313293457,137.00720214844,-115.12395477295,-0.98967254161835,true,false,false,false,-32,-19,0
30749,SAMPLE,ALIGNING,true,6,0,0,0,0,0.1158412694931,-0.1581859588623,0.0,-0.07,0.1158412694931,-0.088185958862305,0.0,0.0,-0.00029543658607147,-0.00012690276232021,0.1158412694931,-0.088185958862305,137.8313293457,137.00720214844,-115.12395477295,-0.98967254161835,true,false,false,false,-32,-19,0
30750,SAMPLE,ALIGNING,true,6,0,0,0,0,0.1158412694931,-0.1581859588623,0.0,-0.07,0.1158412694931,-0.088185958862305,0.0,0.0,-0.00019203378094646,-8.2486795508134e-05,0.1158412694931,-0.088185958862305,137.8313293457,137.00720214844,-115.12395477295,-0.98967254161835,true,false,false,false,-32,-19,0
30751,SAMPLE,ALIGNING,true,6,0,0,0,0,0.11478674411774,-0.15770673751831,0.0,-0.07,0.11478674411774,-0.087706737518311,-0.0010545253753662,0.00047922134399414,-0.00049390583899337,0.00011411105331766,0.11478674411774,-0.087706737518311,138.02897644043,136.90995788574,-114.11605834961,-0.98084932565689,true,false,false,false,-32,-19,0
30752,SAMPLE,ALIGNING,true,6,0,0,0,0,0.11478674411774,-0.15770673751831,0.0,-0.07,0.11478674411774,-0.087706737518311,0.0,0.0,-0.00032103879534569,7.417218465648e-05,0.11478674411774,-0.087706737518311,138.02897644043,136.90995788574,-114.11605834961,-0.98084932565689,true,false,false,false,-32,-19,0
30753,SAMPLE,ALIGNING,true,6,0,0,0,0,0.11397182941437,-0.15602922439575,0.0,-0.07,0.11397182941437,-0.086029224395752,-0.00081491470336914,0.0016775131225586,-0.0004938953631539,0.00063534151292222,0.11397182941437,-0.086029224395752,138.18423461914,136.58584594727,-113.3366394043,-0.97391849756241,true,false,false,false,-32,-19,0
30754,SAMPLE,ALIGNING,true,6,0,0,0,0,0.11397182941437,-0.15602922439575,0.0,-0.07,0.11397182941437,-0.086029224395752,0.0,0.0,-0.00032103198605003,0.00041297198339944,0.11397182941437,-0.086029224395752,138.18423461914,136.58584594727,-113.3366394043,-0.97391849756241,true,false,false,false,-32,-19,0
30755,SAMPLE,ALIGNING,true,6,0,0,0,0,0.11397182941437,-0.15602922439575,0.0,-0.07,0.11397182941437,-0.086029224395752,0.0,0.0,-0.00020867079093252,0.00026843178920964,0.11397182941437,-0.086029224395752,138.31338500977,136.16357421875,-112.69526672363,-0.96815234422684,true,false,false,false,-32,-19,0
30756,SAMPLE,ALIGNING,true,6,0,0,0,0,0.11330056190491,-0.15387201309204,0.0,-0.07,0.11330056190491,-0.083872013092041,-0.00067126750946045,0.0021572113037109,-0.0003705796424173,0.00092950461928509,0.11330056190491,-0.083872013092041,138.31338500977,136.16357421875,-112.69526672363,-0.96815234422684,true,false,false,false,-32,-18,0
30757,SAMPLE,ALIGNING,true,6,0,0,0,0,0.11330056190491,-0.15387201309204,0.0,-0.07,0.11330056190491,-0.083872013092041,0.0,0.0,-0.00024087676757124,0.00060417800253531,0.11330056190491,-0.083872013092041,138.31338500977,136.16357421875,-112.69526672363,-0.96815234422684,true,false,false,false,-32,-18,0
30758,SAMPLE,ALIGNING,true,6,0,0,0,0,0.11267733573914,-0.15109157562256,0.0,-0.07,0.11267733573914,-0.081091575622559,-0.00062322616577148,0.0027804374694824,-0.00037469905694133,0.0013658688159668,0.11267733573914,-0.081091575622559,138.43838500977,135.6277923584,-112.07965087891,-0.96257239580154,true,false,false,false,-32,-18,0
30759,SAMPLE,ALIGNING,true,6,0,0,0,0,0.11267733573914,-0.15109157562256,0.0,-0.07,0.11267733573914,-0.081091575622559,0.0,0.0,-0.00024355438701186,0.00088781473037842,0.11267733573914,-0.081091575622559,138.43838500977,135.6277923584,-112.07965087891,-0.96257239580154,true,false,false,false,-32,-18,0
30760,SAMPLE,ALIGNING,true,6,0,0,0,0,0.11267733573914,-0.15109157562256,0.0,-0.07,0.11267733573914,-0.081091575622559,0.0,0.0,-0.00015831035155771,0.00057707957474597,0.11267733573914,-0.081091575622559,138.43838500977,135.6277923584,-112.07965087891,-0.96257239580154,true,false,false,false,-32,-18,0
30761,SAMPLE,ALIGNING,true,6,0,0,0,0,0.11282122135162,-0.14692115783691,0.0,-0.07,0.11282122135162,-0.076921157836914,0.00014388561248779,0.0041704177856445,-5.2541764141784e-05,0.0018347479485605,0.11282122135162,-0.076921157836914,138.41119384766,134.81927490234,-112.25656890869,-0.96378618478775,true,false,false,false,-32,-17,0
30762,SAMPLE,ALIGNING,true,6,0,0,0,0,0.11282122135162,-0.14692115783691,0.0,-0.07,0.11282122135162,-0.076921157836914,0.0,0.0,-3.415214669216e-05,0.0011925861665643,0.11282122135162,-0.076921157836914,138.41119384766,134.81927490234,-112.25656890869,-0.96378618478775,true,false,false,false,-32,-17,0
30763,SAMPLE,ALIGNING,true,6,0,0,0,0,0.11282122135162,-0.14692115783691,0.0,-0.07,0.11282122135162,-0.076921157836914,0.0,0.0,-2.2198895349904e-05,0.0007751810082668,0.11282122135162,-0.076921157836914,138.41119384766,134.81927490234,-112.25656890869,-0.96378618478775,true,false,false,false,-32,-17,0
30764,SAMPLE,ALIGNING,true,6,0,0,0,0,0.11315667629242,-0.14155197143555,0.0,-0.07,0.11315667629242,-0.071551971435547,0.0003354549407959,0.0053691864013672,0.00010297994730113,0.0023830828958519,0.11315667629242,-0.071551971435547,138.33757019043,133.79330444336,-112.67926025391,-0.96707284450531,true,false,false,false,-32,-16,0
30765,SAMPLE,ALIGNING,true,6,0,0,0,0,0.11315667629242,-0.14155197143555,0.0,-0.07,0.11315667629242,-0.071551971435547,0.0,0.0,6.6936965745732e-05,0.0015490038823038,0.11315667629242,-0.071551971435547,138.33757019043,133.79330444336,-112.67926025391,-0.96707284450531,true,false,false,false,-32,-16,0
30766,SAMPLE,ALIGNING,true,6,0,0,0,0,0.11368405818939,-0.13522434234619,0.0,-0.07,0.11368405818939,-0.065224342346191,0.00052738189697266,0.0063276290893555,0.00022809269167516,0.0032215227047719,0.11368405818939,-0.065224342346191,138.23777770996,132.57379150391,-113.24096679688,-0.97152769565582,true,false,false,false,-32,-14,0
30767,SAMPLE,ALIGNING,true,6,0,0,0,0,0.11368405818939,-0.13522434234619,0.0,-0.07,0.11368405818939,-0.065224342346191,0.0,0.0,0.00014826024958885,0.0020939897581017,0.11368405818939,-0.065224342346191,138.23777770996,132.57379150391,-113.24096679688,-0.97152769565582,true,false,false,false,-32,-14,0
30768,SAMPLE,ALIGNING,true,6,0,0,0,0,0.11368405818939,-0.13522434234619,0.0,-0.07,0.11368405818939,-0.065224342346191,0.0,0.0,9.6369162232753e-05,0.0013610933427661,0.11368405818939,-0.065224342346191,138.23777770996,132.57379150391,-113.24096679688,-0.97152769565582,true,false,false,false,-32,-14,0
30769,SAMPLE,ALIGNING,true,6,0,0,0,0,0.11449909210205,-0.13023853302002,0.0,-0.07,0.11449909210205,-0.06023853302002,0.00081503391265869,0.0049858093261719,0.00034790182488183,0.0026297439369581,0.11449909210205,-0.06023853302002,138.08215332031,131.60531616211,-114.0764541626,-0.9784751534462,true,false,false,false,-32,-13,0
30770,SAMPLE,ALIGNING,true,6,0,0,0,0,0.11449909210205,-0.13023853302002,0.0,-0.07,0.11449909210205,-0.06023853302002,0.0,0.0,0.00022613618617319,0.0017093335590228,0.11449909210205,-0.06023853302002,138.08215332031,131.60531616211,-114.0764541626,-0.9784751534462,true,false,false,false,-32,-13,0
30771,SAMPLE,ALIGNING,true,6,0,0,0,0,0.11550581455231,-0.12467765808105,0.0,-0.07,0.11550581455231,-0.054677658081055,0.0010067224502563,0.0055608749389648,0.0004993413786023,0.0030573730420025,0.11550581455231,-0.054677658081055,137.8931427002,130.53909301758,-115.08402252197,-0.98691350221634,true,false,false,false,-32,-12,0
30772,SAMPLE,ALIGNING,true,6,0,0,0,0,0.11550581455231,-0.12467765808105,0.0,-0.07,0.11550581455231,-0.054677658081055,0.0,0.0,0.00032457189609149,0.0019872924773016,0.11550581455231,-0.054677658081055,137.8931427002,130.53909301758,-115.08402252197,-0.98691350221634,true,false,false,false,-32,-12,0
30773,SAMPLE,ALIGNING,true,6,0,0,0,0,0.11550581455231,-0.12467765808105,0.0,-0.07,0.11550581455231,-0.054677658081055,0.0,0.0,0.00021097173245947,0.0012917401102461,0.11550581455231,-0.054677658081055,137.71908569336,129.47903442383,-116.01134490967,-0.99468344449997,true,false,false,false,-32,-12,0
30774,SAMPLE,ALIGNING,true,6,0,0,0,0,0.11636865139008,-0.11916494369507,0.0,-0.07,0.11636865139008,-0.049164943695068,0.00086283683776855,0.0055127143859863,0.00043912451931765,0.0027690811067552,0.11636865139008,-0.049164943695068,137.71908569336,129.47903442383,-116.01134490967,-0.99468344449997,true,false,false,false,-33,-11,0
30775,SAMPLE,ALIGNING,true,6,0,0,0,0,0.11636865139008,-0.11916494369507,0.0,-0.07,0.11636865139008,-0.049164943695068,0.0,0.0,0.00028543093755647,0.0017999027193908,0.11636865139008,-0.049164943695068,137.71908569336,129.47903442383,-116.01134490967,-0.99468344449997,true,false,false,false,-33,-11,0
30776,SAMPLE,ALIGNING,true,6,0,0,0,0,0.11780667304993,-0.11144733428955,0.0,-0.07,0.11780667304993,-0.041447334289551,0.0014380216598511,0.0077176094055176,0.00068883769035958,0.0038711000595352,0.11780667304993,-0.041447334289551,137.44580078125,128.00360107422,-117.45584869385,-1.0068838596344,true,false,false,false,-33,-9,0
30777,SAMPLE,ALIGNING,true,6,0,0,0,0,0.11780667304993,-0.11144733428955,0.0,-0.07,0.11780667304993,-0.041447334289551,0.0,0.0,0.00044774449873373,0.0025162150386979,0.11780667304993,-0.041447334289551,137.44580078125,128.00360107422,-117.45584869385,-1.0068838596344,true,false,false,false,-33,-9,0
30778,SAMPLE,ALIGNING,true,6,0,0,0,0,0.11780667304993,-0.11144733428955,0.0,-0.07,0.11780667304993,-0.041447334289551,0.0,0.0,0.00029103392417692,0.0016355397751536,0.11780667304993,-0.041447334289551,137.44580078125,128.00360107422,-117.45584869385,-1.0068838596344,true,false,false,false,-33,-9,0
30779,SAMPLE,ALIGNING,true,6,0,0,0,0,0.11866962909698,-0.10372924804688,0.0,-0.07,0.11866962909698,-0.033729248046875,0.00086295604705811,0.0077180862426758,0.00049120666718534,0.0037644310387864,0.11866962909698,-0.033729248046875,137.27653503418,126.5203704834,-118.35961151123,-1.0144402980804,true,false,false,false,-33,-7,0
30780,SAMPLE,ALIGNING,true,6,0,0,0,0,0.11866962909698,-0.10372924804688,0.0,-0.07,0.11866962909698,-0.033729248046875,0.0,0.0,0.00031928433367047,0.0024468801752111,0.11866962909698,-0.033729248046875,137.27653503418,126.5203704834,-118.35961151123,-1.0144402980804,true,false,false,false,-33,-7,0
30781,SAMPLE,ALIGNING,true,6,0,0,0,0,0.11967623233795,-0.099079132080078,0.0,-0.07,0.11967623233795,-0.029079132080078,0.0010066032409668,0.0046501159667969,0.00055984595122418,0.0032180127022662,0.11967623233795,-0.029079132080078,137.08540344238,125.62873077393,-119.35855865479,-1.0229730606079,true,false,false,false,-34,-6,0
30782,SAMPLE,ALIGNING,true,6,0,0,0,0,0.11967623233795,-0.099079132080078,0.0,-0.07,0.11967623233795,-0.029079132080078,0.0,0.0,0.00036389986829572,0.002091708256473,0.11967623233795,-0.029079132080078,137.08540344238,125.62873077393,-119.35855865479,-1.0229730606079,true,false,false,false,-34,-6,0
30783,SAMPLE,ALIGNING,true,6,0,0,0,0,0.11967623233795,-0.099079132080078,0.0,-0.07,0.11967623233795,-0.029079132080078,0.0,0.0,0.00023653491439222,0.0013596103667074,0.11967623233795,-0.029079132080078,137.08540344238,125.62873077393,-119.35855865479,-1.0229730606079,true,false,false,false,-34,-6,0
30784,SAMPLE,ALIGNING,true,6,0,0,0,0,0.12097060680389,-0.094285488128662,0.0,-0.07,0.12097060680389,-0.024285488128662,0.0012943744659424,0.004793643951416,0.00060677875743478,0.0025615221213554,0.12097060680389,-0.024285488128662,136.83778381348,124.70700836182,-120.64528656006,-1.0340275764465,true,false,false,false,-34,-5,0
30785,SAMPLE,ALIGNING,true,6,0,0,0,0,0.12097060680389,-0.094285488128662,0.0,-0.07,0.12097060680389,-0.024285488128662,0.0,0.0,0.0003944061923326,0.001664989378881,0.12097060680389,-0.024285488128662,136.83778381348,124.70700836182,-120.64528656006,-1.0340275764465,true,false,false,false,-34,-5,0
30786,SAMPLE,ALIGNING,true,6,0,0,0,0,0.12097060680389,-0.094285488128662,0.0,-0.07,0.12097060680389,-0.024285488128662,0.0,0.0,0.00025636402501619,0.0010822430962727,0.12097060680389,-0.024285488128662,136.83778381348,124.70700836182,-120.64528656006,-1.0340275764465,true,false,false,false,-34,-5,0
30787,SAMPLE,ALIGNING,true,6,0,0,0,0,0.12121021747589,-0.091361045837402,0.0,-0.07,0.12121021747589,-0.021361045837402,0.00023961067199707,0.0029244422912598,0.0002505003514595,0.0017270128145182,0.12121021747589,-0.021361045837402,136.78189086914,124.14664459229,-120.94030761719,-1.0365227460861,true,false,false,false,-34,-5,0
30788,SAMPLE,ALIGNING,true,6,0,0,0,0,0.12121021747589,-0.091361045837402,0.0,-0.07,0.12121021747589,-0.021361045837402,0.0,0.0,0.00016282522844867,0.0011225583294368,0.12121021747589,-0.021361045837402,136.78189086914,124.14664459229,-120.94030761719,-1.0365227460861,true,false,false,false,-34,-5,0
30789,SAMPLE,ALIGNING,true,6,0,0,0,0,0.12140202522278,-0.08858060836792,0.0,-0.07,0.12140202522278,-0.01858060836792,0.00019180774688721,0.0027804374694824,0.00017296910990216,0.0017028160284528,0.12140202522278,-0.01858060836792,136.7479095459,123.61709594727,-121.12149047852,-1.0380398035049,true,false,false,false,-34,-4,0
30790,SAMPLE,ALIGNING,true,6,0,0,0,0,0.12140202522278,-0.08858060836792,0.0,-0.07,0.12140202522278,-0.01858060836792,0.0,0.0,0.0001124299214364,0.0011068304184943,0.12140202522278,-0.01858060836792,136.7479095459,123.61709594727,-121.12149047852,-1.0380398035049,true,false,false,false,-34,-4,0
30791,SAMPLE,ALIGNING,true,6,0,0,0,0,0.12140202522278,-0.08858060836792,0.0,-0.07,0.12140202522278,-0.01858060836792,0.0,0.0,7.3079448933663e-05,0.0007194397720213,0.12140202522278,-0.01858060836792,136.7479095459,123.61709594727,-121.12149047852,-1.0380398035049,true,false,false,false,-34,-4,0
30792,SAMPLE,ALIGNING,true,6,0,0,0,0,0.12226498126984,-0.08556079864502,0.0,-0.07,0.12226498126984,-0.01556079864502,0.00086295604705811,0.0030198097229004,0.00034953625827722,0.001524569254829,0.12226498126984,-0.01556079864502,136.58059692383,123.03968811035,-121.98645782471,-1.0455093383789,true,false,false,false,-34,-3,0
30793,SAMPLE,ALIGNING,true,6,0,0,0,0,0.12226498126984,-0.08556079864502,0.0,-0.07,0.12226498126984,-0.01556079864502,0.0,0.0,0.00022719856788019,0.00099097001563884,0.12226498126984,-0.01556079864502,136.58059692383,123.03968811035,-121.98645782471,-1.0455093383789,true,false,false,false,-34,-3,0
30794,SAMPLE,ALIGNING,true,6,0,0,0,0,0.12298405170441,-0.082876205444336,0.0,-0.07,0.12298405170441,-0.012876205444336,0.00071907043457031,0.0026845932006836,0.00039935372122173,0.0015837381304045,0.12298405170441,-0.012876205444336,136.44422912598,122.51907348633,-122.69091796875,-1.0515971183777,true,false,false,false,-34,-3,0
30795,SAMPLE,ALIGNING,true,6,0,0,0,0,0.12298405170441,-0.082876205444336,0.0,-0.07,0.12298405170441,-0.012876205444336,0.0,0.0,0.00025957991879413,0.0010294297847629,0.12298405170441,-0.012876205444336,136.44422912598,122.51907348633,-122.69091796875,-1.0515971183777,true,false,false,false,-34,-3,0
30796,SAMPLE,ALIGNING,true,6,0,0,0,0,0.12298405170441,-0.082876205444336,0.0,-0.07,0.12298405170441,-0.012876205444336,0.0,0.0,0.00016872694721618,0.0006691293600959,0.12298405170441,-0.012876205444336,136.44422912598,122.51907348633,-122.69091796875,-1.0515971183777,true,false,false,false,-34,-3,0
30797,SAMPLE,ALIGNING,true,6,0,0,0,0,0.12403869628906,-0.079424858093262,0.0,-0.07,0.12403869628906,-0.0094248580932617,0.0010546445846558,0.0034513473510742,0.00047879812032004,0.0016429056569383,0.12403869628906,-0.0094248580932617,136.23631286621,121.8578414917,-123.76219940186,-1.0608788728714,true,false,false,false,-35,-2,0
30798,SAMPLE,ALIGNING,true,6,0,0,0,0,0.12403869628906,-0.079424858093262,0.0,-0.07,0.12403869628906,-0.0094248580932617,0.0,0.0,0.00031121877820802,0.0010678886770099,0.12403869628906,-0.0094248580932617,136.23631286621,121.8578414917,-123.76219940186,-1.0608788728714,true,false,false,false,-35,-2,0
30799,SAMPLE,ALIGNING,true,6,0,0,0,0,0.125572681427,-0.075446128845215,0.0,-0.07,0.125572681427,-0.0054461288452148,0.0015339851379395,0.0039787292480469,0.00073918700411402,0.0020866828768728,0.125572681427,-0.0054461288452148,135.9465637207,121.09526062012,-125.25152587891,-1.073814034462,true,false,false,false,-35,-1,0
30800,SAMPLE,ALIGNING,true,6,0,0,0,0,0.125572681427,-0.075446128845215,0.0,-0.07,0.125572681427,-0.0054461288452148,0.0,0.0,0.00048047155267412,0.0013563438699673,0.125572681427,-0.0054461288452148,135.9465637207,121.09526062012,-125.25152587891,-1.073814034462,true,false,false,false,-35,-1,0
30801,SAMPLE,ALIGNING,true,6,0,0,0,0,0.125572681427,-0.075446128845215,0.0,-0.07,0.125572681427,-0.0054461288452148,0.0,0.0,0.00031230650923817,0.00088162351547878,0.125572681427,-0.0054461288452148,135.9465637207,121.09526062012,-125.25152587891,-1.073814034462,true,false,false,false,-35,-1,0
30802,SAMPLE,ALIGNING,true,6,0,0,0,0,0.12739419937134,-0.072281837463379,0.0,-0.07,0.12739419937134,-0.0022818374633789,0.0018215179443359,0.0031642913818359,0.00084053051152239,0.0016805572687038,0.12739419937134,-0.0022818374633789,135.58964538574,120.48505401611,-127.08192443848,-1.0897482633591,true,false,false,false,-36,0,0
30803,SAMPLE,ALIGNING,true,6,0,0,0,0,0.12739419937134,-0.072281837463379,0.0,-0.07,0.12739419937134,-0.0022818374633789,0.0,0.0,0.00054634483248955,0.0010923622246575,0.12739419937134,-0.0022818374633789,135.58964538574,120.48505401611,-127.08192443848,-1.0897482633591,true,false,false,false,-36,0,0
30804,SAMPLE,ALIGNING,true,6,0,0,0,0,0.12864053249359,-0.070987701416016,0.0,-0.07,0.12864053249359,-0.00098770141601562,0.0012463331222534,0.0012941360473633,0.00079134073390691,0.0011629830626045,0.12864053249359,-0.00098770141601562,135.34994506836,120.23762512207,-128.30969238281,-1.1004493236542,true,false,false,false,-36,0,0
30805,SAMPLE,ALIGNING,true,6,0,0,0,0,0.12864053249359,-0.070987701416016,0.0,-0.07,0.12864053249359,-0.00098770141601562,0.0,0.0,0.00051437147703949,0.00075593899069292,0.12864053249359,-0.00098770141601562,135.34994506836,120.23762512207,-128.30969238281,-1.1004493236542,true,false,false,false,-36,0,0
30806,SAMPLE,ALIGNING,true,6,0,0,0,0,0.12864053249359,-0.070987701416016,0.0,-0.07,0.12864053249359,-0.00098770141601562,0.0,0.0,0.00033434146007567,0.0004913603439504,0.12864053249359,-0.00098770141601562,135.34994506836,120.23762512207,-128.30969238281,-1.1004493236542,true,false,false,false,-36,0,0
30807,SAMPLE,ALIGNING,true,6,0,0,0,0,0.13046228885651,-0.069789208471775,0.0,-0.07,0.13046228885651,0.00021079152822495,0.001821756362915,0.0011984929442406,0.00085493667606945,0.00073885675405196,0.13046228885651,0.00021079152822495,134.99317932129,120.0111541748,-130.1356048584,-1.1163759231567,true,false,false,false,-37,0,0
30808,SAMPLE,ALIGNING,true,6,0,0,0,0,0.13046228885651,-0.069789208471775,0.0,-0.07,0.13046228885651,0.00021079152822495,0.0,0.0,0.00055570883944514,0.00048025689013377,0.13046228885651,0.00021079152822495,134.99317932129,120.0111541748,-130.1356048584,-1.1163759231567,true,false,false,false,-37,0,0
30809,SAMPLE,ALIGNING,true,6,0,0,0,0,0.13237977027893,-0.070412635803223,0.0,-0.07,0.13237977027893,-0.00041263580322265,0.0019174814224243,-0.0006234273314476,0.0010323292434879,9.3967412580292e-05,0.13237977027893,-0.00041263580322265,134.62612915039,120.12860870361,-132.01266479492,-1.1327619552612,true,false,false,false,-37,0,0
30810,SAMPLE,ALIGNING,true,6,0,0,0,0,0.13237977027893,-0.070412635803223,0.0,-0.07,0.13237977027893,-0.00041263580322265,0.0,0.0,0.0006710140082671,6.107881817719e-05,0.13237977027893,-0.00041263580322265,134.62612915039,120.12860870361,-132.01266479492,-1.1327619552612,true,false,false,false,-37,0,0
30811,SAMPLE,ALIGNING,true,6,0,0,0,0,0.13237977027893,-0.070412635803223,0.0,-0.07,0.13237977027893,-0.00041263580322265,0.0,0.0,0.00043615910537362,3.9701231815174e-05,0.13237977027893,-0.00041263580322265,134.62612915039,120.12860870361,-132.01266479492,-1.1327619552612,true,false,false,false,-37,0,0
30812,SAMPLE,ALIGNING,true,6,0,0,0,0,0.13415348529816,-0.071850776672363,0.0,-0.07,0.13415348529816,-0.0018507766723633,0.0017737150192261,-0.0014381408691406,0.00090430367522198,-0.00047754350351936,0.13415348529816,-0.0018507766723633,134.28088378906,120.40607452393,-133.77667236328,-1.1481750011444,true,false,false,false,-38,0,0
30813,SAMPLE,ALIGNING,true,6,0,0,0,0,0.13415348529816,-0.071850776672363,0.0,-0.07,0.13415348529816,-0.0018507766723633,0.0,0.0,0.00058779738889429,-0.00031040327728758,0.13415348529816,-0.0018507766723633,134.28088378906,120.40607452393,-133.77667236328,-1.1481750011444,true,false,false,false,-38,0,0
30814,SAMPLE,ALIGNING,true,6,0,0,0,0,0.13415348529816,-0.071850776672363,0.0,-0.07,0.13415348529816,-0.0018507766723633,0.0,0.0,0.00038206830278129,-0.00020176213023693,0.13415348529816,-0.0018507766723633,134.28088378906,120.40607452393,-133.77667236328,-1.1481750011444,true,false,false,false,-38,0,0
30815,SAMPLE,ALIGNING,true,6,0,0,0,0,0.1357353925705,-0.073624610900879,0.0,-0.07,0.1357353925705,-0.0036246109008789,0.0015819072723389,-0.0017738342285156,0.00080201194212644,-0.00075198736463447,0.1357353925705,-0.0036246109008789,133.97637939453,120.73988342285,-135.33099365234,-1.1617691516876,true,false,false,false,-38,-1,0
30816,SAMPLE,ALIGNING,true,6,0,0,0,0,0.1357353925705,-0.073624610900879,0.0,-0.07,0.1357353925705,-0.0036246109008789,0.0,0.0,0.00052130776238219,-0.00048879178701241,0.1357353925705,-0.0036246109008789,133.97637939453,120.73988342285,-135.33099365234,-1.1617691516876,true,false,false,false,-38,-1,0
30817,SAMPLE,ALIGNING,true,6,0,0,0,0,0.1357353925705,-0.073624610900879,0.0,-0.07,0.1357353925705,-0.0036246109008789,0.0,0.0,0.00033885004554842,-0.00031771466155806,0.1357353925705,-0.0036246109008789,133.97637939453,120.73988342285,-135.33099365234,-1.1617691516876,true,false,false,false,-38,-1,0
30818,SAMPLE,ALIGNING,true,6,0,0,0,0,0.13702964782715,-0.075397968292236,0.0,-0.07,0.13702964782715,-0.0053979682922363,0.0012942552566528,-0.0017733573913574,0.00067324186943496,-0.00082718961698784,0.13702964782715,-0.0053979682922363,133.71969604492,121.08387756348,-136.63986206055,-1.1732283830643,true,false,false,false,-38,-1,0
30819,SAMPLE,ALIGNING,true,6,0,0,0,0,0.13702964782715,-0.075397968292236,0.0,-0.07,0.13702964782715,-0.0053979682922363,0.0,0.0,0.00043760721513273,-0.0005376732510421,0.13702964782715,-0.0053979682922363,133.71969604492,121.08387756348,-136.63986206055,-1.1732283830643,true,false,false,false,-38,-1,0
30820,SAMPLE,ALIGNING,true,6,0,0,0,0,0.13808441162109,-0.077075958251953,0.0,-0.07,0.13808441162109,-0.0070759582519531,0.0010547637939453,-0.0016779899597168,0.00065361201771713,-0.00093678409907824,0.13808441162109,-0.0070759582519531,133.51287841797,121.40941619873,-137.69337463379,-1.1824612617493,true,false,false,false,-39,-2,0
30821,SAMPLE,ALIGNING,true,6,0,0,0,0,0.13808441162109,-0.077075958251953,0.0,-0.07,0.13808441162109,-0.0070759582519531,0.0,0.0,0.00042484781151614,-0.00060890966440086,0.13808441162109,-0.0070759582519531,133.51287841797,121.40941619873,-137.69337463379,-1.1824612617493,true,false,false,false,-39,-2,0
30822,SAMPLE,ALIGNING,true,6,0,0,0,0,0.13808441162109,-0.077075958251953,0.0,-0.07,0.13808441162109,-0.0070759582519531,0.0,0.0,0.00027615107748549,-0.00039579128186056,0.13808441162109,-0.0070759582519531,133.51287841797,121.40941619873,-137.69337463379,-1.1824612617493,true,false,false,false,-39,-2,0
30823,SAMPLE,ALIGNING,true,6,0,0,0,0,0.13889932632446,-0.078609943389893,0.0,-0.07,0.13889932632446,-0.0086099433898926,0.00081491470336914,-0.0015339851379395,0.00046471834654477,-0.00079415913148817,0.13889932632446,-0.0086099433898926,133.35688781738,121.70294189453,-138.48707580566,-1.1894245147705,true,false,false,false,-39,-2,0
30824,SAMPLE,ALIGNING,true,6,0,0,0,0,0.13889932632446,-0.078609943389893,0.0,-0.07,0.13889932632446,-0.0086099433898926,0.0,0.0,0.0003020669252541,-0.00051620343546731,0.13889932632446,-0.0086099433898926,133.35688781738,121.70294189453,-138.48707580566,-1.1894245147705,true,false,false,false,-39,-2,0
30825,SAMPLE,ALIGNING,true,6,0,0,0,0,0.13961839675903,-0.079999923706055,0.0,-0.07,0.13961839675903,-0.0099999237060547,0.00071907043457031,-0.0013899803161621,0.00044801815351477,-0.00082202534371049,0.13961839675903,-0.0099999237060547,133.21733093262,121.97172546387,-139.19657897949,-1.1956548690796,true,false,false,false,-39,-2,0
30826,SAMPLE,ALIGNING,true,6,0,0,0,0,0.13961839675903,-0.079999923706055,0.0,-0.07,0.13961839675903,-0.0099999237060547,0.0,0.0,0.0002912117997846,-0.00053431647341182,0.13961839675903,-0.0099999237060547,133.21733093262,121.97172546387,-139.19657897949,-1.1956548690796,true,false,false,false,-39,-2,0
30827,SAMPLE,ALIGNING,true,6,0,0,0,0,0.13961839675903,-0.079999923706055,0.0,-0.07,0.13961839675903,-0.0099999237060547,0.0,0.0,0.00018928766985999,-0.00034730570771768,0.13961839675903,-0.0099999237060547,133.21733093262,121.97172546387,-139.19657897949,-1.1956548690796,true,false,false,false,-39,-2,0
30828,SAMPLE,ALIGNING,true,6,0,0,0,0,0.14072096347809,-0.081150531768799,0.0,-0.07,0.14072096347809,-0.011150531768799,0.0011025667190552,-0.0011506080627441,0.00050893533707831,-0.00062846153197694,0.14072096347809,-0.011150531768799,133.00631713867,122.19427490234,-140.27001953125,-1.2050750255585,true,false,false,false,-39,-2,0
30829,SAMPLE,ALIGNING,true,6,0,0,0,0,0.14072096347809,-0.081150531768799,0.0,-0.07,0.14072096347809,-0.011150531768799,0.0,0.0,0.0003308079691009,-0.00040849999578501,0.14072096347809,-0.011150531768799,133.00631713867,122.19427490234,-140.27001953125,-1.2050750255585,true,false,false,false,-39,-2,0
30830,SAMPLE,ALIGNING,true,6,0,0,0,0,0.14148795604706,-0.081965446472168,0.0,-0.07,0.14148795604706,-0.011965446472168,0.00076699256896973,-0.00081491470336914,0.00048347257905499,-0.00055074514343946,0.14148795604706,-0.011965446472168,132.84773254395,122.34994506836,-141.07638549805,-1.2121551036835,true,false,false,false,-40,-3,0
30831,SAMPLE,ALIGNING,true,6,0,0,0,0,0.14148795604706,-0.081965446472168,0.0,-0.07,0.14148795604706,-0.011965446472168,0.0,0.0,0.00031425717638574,-0.00035798434323565,0.14148795604706,-0.011965446472168,132.84773254395,122.34994506836,-141.07638549805,-1.2121551036835,true,false,false,false,-40,-3,0
30832,SAMPLE,ALIGNING,true,6,0,0,0,0,0.14148795604706,-0.081965446472168,0.0,-0.07,0.14148795604706,-0.011965446472168,0.0,0.0,0.00020426716465073,-0.00023268982310317,0.14148795604706,-0.011965446472168,132.84773254395,122.34994506836,-141.07638549805,-1.2121551036835,true,false,false,false,-40,-3,0
30833,SAMPLE,ALIGNING,true,6,0,0,0,0,0.14254248142242,-0.083116054534912,0.0,-0.07,0.14254248142242,-0.013116054534912,0.0010545253753662,-0.0011506080627441,0.00050185753840115,-0.00055396120697751,0.14254248142242,-0.013116054534912,132.64979553223,122.57473754883,-142.08203125,-1.2209914922714,true,false,false,false,-40,-3,0
30834,SAMPLE,ALIGNING,true,6,0,0,0,0,0.14254248142242,-0.083116054534912,0.0,-0.07,0.14254248142242,-0.013116054534912,0.0,0.0,0.00032620739996075,-0.00036007478453538,0.14254248142242,-0.013116054534912,132.64979553223,122.57473754883,-142.08203125,-1.2209914922714,true,false,false,false,-40,-3,0
30835,SAMPLE,ALIGNING,true,6,0,0,0,0,0.14254248142242,-0.083116054534912,0.0,-0.07,0.14254248142242,-0.013116054534912,0.0,0.0,0.00021203480997449,-0.000234048609948,0.14254248142242,-0.013116054534912,132.64979553223,122.57473754883,-142.08203125,-1.2209914922714,true,false,false,false,-40,-3,0
30836,SAMPLE,ALIGNING,true,6,0,0,0,0,0.14350128173828,-0.084458351135254,0.0,-0.07,0.14350128173828,-0.014458351135254,0.00095880031585693,-0.0013422966003418,0.00047340273703334,-0.00062193540658583,0.14350128173828,-0.014458351135254,132.46913146973,122.82619476318,-142.99879455566,-1.2290567159653,true,false,false,false,-40,-3,0
30837,SAMPLE,ALIGNING,true,6,0,0,0,0,0.14350128173828,-0.084458351135254,0.0,-0.07,0.14350128173828,-0.014458351135254,0.0,0.0,0.00030771177907167,-0.00040425801428079,0.14350128173828,-0.014458351135254,132.46913146973,122.82619476318,-142.99879455566,-1.2290567159653,true,false,false,false,-40,-3,0
30838,SAMPLE,ALIGNING,true,6,0,0,0,0,0.1431657075882,-0.08556079864502,0.0,-0.07,0.1431657075882,-0.01556079864502,-0.00033557415008545,-0.0011024475097656,8.256170386668e-05,-0.00064862433770048,0.1431657075882,-0.01556079864502,132.5339050293,123.04267883301,-142.66677856445,-1.2261648178101,true,false,false,false,-40,-3,0
30839,SAMPLE,ALIGNING,true,6,0,0,0,0,0.1431657075882,-0.08556079864502,0.0,-0.07,0.1431657075882,-0.01556079864502,0.0,0.0,5.3665107513342e-05,-0.00042160581950531,0.1431657075882,-0.01556079864502,132.5339050293,123.04267883301,-142.66677856445,-1.2261648178101,true,false,false,false,-40,-3,0
30840,SAMPLE,ALIGNING,true,6,0,0,0,0,0.1431657075882,-0.08556079864502,0.0,-0.07,0.1431657075882,-0.01556079864502,0.0,0.0,3.4882319883672e-05,-0.00027404378267845,0.1431657075882,-0.01556079864502,132.5339050293,123.04267883301,-142.66677856445,-1.2261648178101,true,false,false,false,-40,-3,0
30841,SAMPLE,ALIGNING,true,6,0,0,0,0,0.14235079288483,-0.085992336273193,0.0,-0.07,0.14235079288483,-0.015992336273193,-0.00081491470336914,-0.00043153762817383,-0.00026254663825481,-0.00032916662860183,0.14235079288483,-0.015992336273193,132.68475341797,123.12796783447,-141.89804077148,-1.2194304466248,true,false,false,false,-40,-4,0
30842,SAMPLE,ALIGNING,true,6,0,0,0,0,0.14235079288483,-0.085992336273193,0.0,-0.07,0.14235079288483,-0.015992336273193,0.0,0.0,-0.00017065531486563,-0.00021395830859119,0.14235079288483,-0.015992336273193,132.68475341797,123.12796783447,-141.89804077148,-1.2194304466248,true,false,false,false,-40,-4,0
30843,SAMPLE,ALIGNING,true,6,0,0,0,0,0.14235079288483,-0.085992336273193,0.0,-0.07,0.14235079288483,-0.015992336273193,0.0,0.0,-0.00011092595466266,-0.00013907290058428,0.14235079288483,-0.015992336273193,132.68475341797,123.12796783447,-141.89804077148,-1.2194304466248,true,false,false,false,-40,-4,0
30844,SAMPLE,ALIGNING,true,6,0,0,0,0,0.14191937446594,-0.086184024810791,0.0,-0.07,0.14191937446594,-0.016184024810791,-0.00043141841888428,-0.00019168853759766,-0.00022309831714022,-0.00015748837353896,0.14191937446594,-0.016184024810791,132.76997375488,123.16430664063,-141.46376037598,-1.2156262397766,true,false,false,false,-40,-4,0
30845,SAMPLE,ALIGNING,true,6,0,0,0,0,0.14191937446594,-0.086184024810791,0.0,-0.07,0.14191937446594,-0.016184024810791,0.0,0.0,-0.00014501390614115,-0.00010236744280032,0.14191937446594,-0.016184024810791,132.76997375488,123.16430664063,-141.46376037598,-1.2156262397766,true,false,false,false,-40,-4,0
30846,SAMPLE,ALIGNING,true,6,0,0,0,0,0.14158380031586,-0.086567401885986,0.0,-0.07,0.14158380031586,-0.016567401885986,-0.00033557415008545,-0.00038337707519531,-0.00021170999152165,-0.00020072081413857,0.14158380031586,-0.016567401885986,132.84162902832,123.23491668701,-141.09805297852,-1.2124271392822,true,false,false,false,-40,-4,0
30847,SAMPLE,ALIGNING,true,6,0,0,0,0,0.14158380031586,-0.086567401885986,0.0,-0.07,0.14158380031586,-0.016567401885986,0.0,0.0,-0.00013761149448907,-0.00013046852919007,0.14158380031586,-0.016567401885986,132.84162902832,123.23491668701,-141.09805297852,-1.2124271392822,true,false,false,false,-40,-4,0
30848,SAMPLE,ALIGNING,true,6,0,0,0,0,0.14158380031586,-0.086567401885986,0.0,-0.07,0.14158380031586,-0.016567401885986,0.0,0.0,-8.9447471417898e-05,-8.4804543973546e-05,0.14158380031586,-0.016567401885986,132.84162902832,123.23491668701,-141.09805297852,-1.2124271392822,true,false,false,false,-40,-4,0
30849,SAMPLE,ALIGNING,true,6,0,0,0,0,0.14144003391266,-0.086903095245361,0.0,-0.07,0.14144003391266,-0.016903095245361,-0.00014376640319824,-0.000335693359375,-0.00010845909754102,-0.00017261562936405,0.14144003391266,-0.016903095245361,132.8625793457,123.30281066895,-140.99053955078,-1.2114924192429,true,false,false,false,-40,-4,0
30850,SAMPLE,ALIGNING,true,6,0,0,0,0,0.14144003391266,-0.086903095245361,0.0,-0.07,0.14144003391266,-0.016903095245361,0.0,0.0,-7.0498413401662e-05,-0.00011220015908664,0.14144003391266,-0.016903095245361,132.8625793457,123.30281066895,-140.99053955078,-1.2114924192429,true,false,false,false,-40,-4,0
30851,SAMPLE,ALIGNING,true,6,0,0,0,0,0.14167964458466,-0.087094783782959,0.0,-0.07,0.14167964458466,-0.017094783782959,0.00023961067199707,-0.00019168853759766,3.8039766487894e-05,-0.00014002109156549,0.14167964458466,-0.017094783782959,132.82209777832,123.33985900879,-141.19619750977,-1.2132991552353,true,false,false,false,-40,-4,0
30852,SAMPLE,ALIGNING,true,6,0,0,0,0,0.14167964458466,-0.087094783782959,0.0,-0.07,0.14167964458466,-0.017094783782959,0.0,0.0,2.4725848217131e-05,-9.101370951757e-05,0.14167964458466,-0.017094783782959,132.82209777832,123.33985900879,-141.19619750977,-1.2132991552353,true,false,false,false,-40,-4,0
30853,SAMPLE,ALIGNING,true,6,0,0,0,0,0.14167964458466,-0.087094783782959,0.0,-0.07,0.14167964458466,-0.017094783782959,0.0,0.0,1.6071801341135e-05,-5.9158911186421e-05,0.14167964458466,-0.017094783782959,132.82209777832,123.33985900879,-141.19619750977,-1.2132991552353,true,false,false,false,-40,-4,0
30854,SAMPLE,ALIGNING,true,6,0,0,0,0,0.14215898513794,-0.087094783782959,0.0,-0.07,0.14215898513794,-0.017094783782959,0.00047934055328369,0.0,0.00017821586452103,-3.8453292271173e-05,0.14215898513794,-0.017094783782959,132.72367858887,123.33337402344,-141.69735717773,-1.2176932096481,true,false,false,false,-40,-4,0
30855,SAMPLE,ALIGNING,true,6,0,0,0,0,0.14215898513794,-0.087094783782959,0.0,-0.07,0.14215898513794,-0.017094783782959,0.0,0.0,0.00011584031193867,-2.4994639976263e-05,0.14215898513794,-0.017094783782959,132.72367858887,123.33337402344,-141.69735717773,-1.2176932096481,true,false,false,false,-40,-4,0
30856,SAMPLE,ALIGNING,true,6,0,0,0,0,0.14259052276611,-0.086759090423584,0.0,-0.07,0.14259052276611,-0.016759090423584,0.00043153762817383,0.000335693359375,0.00022633437262098,0.00010124615979668,0.14259052276611,-0.016759090423584,132.6417388916,123.26770019531,-142.11526489258,-1.2213509082794,true,false,false,false,-40,-4,0
30857,SAMPLE,ALIGNING,true,6,0,0,0,0,0.14259052276611,-0.086759090423584,0.0,-0.07,0.14259052276611,-0.016759090423584,0.0,0.0,0.00014711734220363,6.5810003867841e-05,0.14259052276611,-0.016759090423584,132.6417388916,123.26770019531,-142.11526489258,-1.2213509082794,true,false,false,false,-40,-4,0
30858,SAMPLE,ALIGNING,true,6,0,0,0,0,0.14259052276611,-0.086759090423584,0.0,-0.07,0.14259052276611,-0.016759090423584,0.0,0.0,9.5626272432362e-05,4.2776502514097e-05,0.14259052276611,-0.016759090423584,132.6417388916,123.26770019531,-142.11526489258,-1.2213509082794,true,false,false,false,-40,-4,0
30859,SAMPLE,ALIGNING,true,6,0,0,0,0,0.14287805557251,-0.086423873901367,0.0,-0.07,0.14287805557251,-0.016423873901367,0.00028753280639648,0.0003352165222168,0.0001627935593198,0.00014513050941004,0.14287805557251,-0.016423873901367,132.57986450195,123.20332336426,-142.43096923828,-1.2241132259369,true,false,false,false,-40,-4,0
30860,SAMPLE,ALIGNING,true,6,0,0,0,0,0.14287805557251,-0.086423873901367,0.0,-0.07,0.14287805557251,-0.016423873901367,0.0,0.0,0.00010581581355787,9.4334831116527e-05,0.14287805557251,-0.016423873901367,132.57986450195,123.20332336426,-142.43096923828,-1.2241132259369,true,false,false,false,-40,-4,0
30861,SAMPLE,ALIGNING,true,6,0,0,0,0,0.14287805557251,-0.086088180541992,0.0,-0.07,0.14287805557251,-0.016088180541992,0.0,0.000335693359375,6.8780278812618e-05,0.00017881031600699,0.14287805557251,-0.016088180541992,132.58847045898,123.14387512207,-142.38787841797,-1.2237290143967,true,false,false,false,-40,-4,0
30862,SAMPLE,ALIGNING,true,6,0,0,0,0,0.14287805557251,-0.086088180541992,0.0,-0.07,0.14287805557251,-0.016088180541992,0.0,0.0,4.4707181228201e-05,0.00011622670540455,0.14287805557251,-0.016088180541992,132.58847045898,123.14387512207,-142.38787841797,-1.2237290143967,true,false,false,false,-40,-4,0
30863,SAMPLE,ALIGNING,true,6,0,0,0,0,0.14287805557251,-0.086088180541992,0.0,-0.07,0.14287805557251,-0.016088180541992,0.0,0.0,2.9059667798331e-05,7.5547358512954e-05,0.14287805557251,-0.016088180541992,132.58847045898,123.14387512207,-142.38787841797,-1.2237290143967,true,false,false,false,-40,-4,0
30864,SAMPLE,ALIGNING,true,6,0,0,0,0,0.14220702648163,-0.086040019989014,0.0,-0.07,0.14220702648163,-0.016040019989014,-0.00067102909088135,4.8160552978516e-05,-0.00021597139773956,6.5961976575901e-05,0.14220702648163,-0.016040019989014,132.71156311035,123.13276672363,-141.76148986816,-1.2182338237762,true,false,false,false,-40,-4,0
30865,SAMPLE,ALIGNING,true,6,0,0,0,0,0.14220702648163,-0.086040019989014,0.0,-0.07,0.14220702648163,-0.016040019989014,0.0,0.0,-0.00014038140853071,4.2875284774336e-05,0.14220702648163,-0.016040019989014,132.71156311035,123.13276672363,-141.76148986816,-1.2182338237762,true,false,false,false,-40,-4,0
30866,SAMPLE,ALIGNING,true,6,0,0,0,0,0.14244663715363,-0.086423873901367,0.0,-0.07,0.14244663715363,-0.016423873901367,0.00023961067199707,-0.00038385391235352,-7.384180345988e-06,-0.00010647993422041,0.14244663715363,-0.016423873901367,132.67189025879,123.2127456665,-141.96246337891,-1.220005273819,true,false,false,false,-40,-4,0
30867,SAMPLE,ALIGNING,true,6,0,0,0,0,0.14244663715363,-0.086423873901367,0.0,-0.07,0.14244663715363,-0.016423873901367,0.0,0.0,-4.7997172248922e-06,-6.9211957243268e-05,0.14244663715363,-0.016423873901367,132.67189025879,123.2127456665,-141.96246337891,-1.220005273819,true,false,false,false,-40,-4,0
30868,SAMPLE,ALIGNING,true,6,0,0,0,0,0.14244663715363,-0.086423873901367,0.0,-0.07,0.14244663715363,-0.016423873901367,0.0,0.0,-3.1198161961799e-06,-4.4987772208124e-05,0.14244663715363,-0.016423873901367,132.67189025879,123.2127456665,-141.96246337891,-1.220005273819,true,false,false,false,-40,-4,0
30869,SAMPLE,ALIGNING,true,6,0,0,0,0,0.14254248142242,-0.086759090423584,0.0,-0.07,0.14254248142242,-0.016759090423584,9.5844268798828e-05,-0.0003352165222168,3.1517613552073e-05,-0.00014656783471116,0.14254248142242,-0.016759090423584,132.65562438965,123.27740478516,-142.04446411133,-1.2207310199738,true,false,false,false,-40,-4,0
30870,SAMPLE,ALIGNING,true,6,0,0,0,0,0.14254248142242,-0.086759090423584,0.0,-0.07,0.14254248142242,-0.016759090423584,0.0,0.0,2.0486448808847e-05,-9.5269092562254e-05,0.14254248142242,-0.016759090423584,132.65562438965,123.27740478516,-142.04446411133,-1.2207310199738,true,false,false,false,-40,-4,0
30871,SAMPLE,ALIGNING,true,6,0,0,0,0,0.14230287075043,-0.086903095245361,0.0,-0.07,0.14230287075043,-0.016903095245361,-0.00023961067199707,-0.00014400482177734,-7.0547543473224e-05,-0.00011232659778754,0.14230287075043,-0.016903095245361,132.69401550293,123.3042678833,-141.84870910645,-1.2190172672272,true,false,false,false,-40,-4,0
30872,SAMPLE,ALIGNING,true,6,0,0,0,0,0.14230287075043,-0.086903095245361,0.0,-0.07,0.14230287075043,-0.016903095245361,0.0,0.0,-4.5855903257595e-05,-7.3012288561898e-05,0.14230287075043,-0.016903095245361,132.69401550293,123.3042678833,-141.84870910645,-1.2190172672272,true,false,false,false,-40,-4,0
30873,SAMPLE,ALIGNING,true,6,0,0,0,0,0.14230287075043,-0.086903095245361,0.0,-0.07,0.14230287075043,-0.016903095245361,0.0,0.0,-2.9806337117437e-05,-4.7457987565234e-05,0.14230287075043,-0.016903095245361,132.69401550293,123.3042678833,-141.84870910645,-1.2190172672272,true,false,false,false,-40,-4,0
30874,SAMPLE,ALIGNING,true,6,0,0,0,0,0.14206314086914,-0.08704662322998,0.0,-0.07,0.14206314086914,-0.01704662322998,-0.00023972988128662,-0.00014352798461914,-0.00010327957757665,-8.1082486534101e-05,0.14206314086914,-0.01704662322998,132.74571228027,123.33068847656,-141.58520507813,-1.2167094945908,true,false,false,false,-40,-4,0
30875,SAMPLE,ALIGNING,true,6,0,0,0,0,0.14206314086914,-0.08704662322998,0.0,-0.07,0.14206314086914,-0.01704662322998,0.0,0.0,-6.7131725424823e-05,-5.2703616247166e-05,0.14206314086914,-0.01704662322998,132.74571228027,123.33068847656,-141.58520507813,-1.2167094945908,true,false,false,false,-40,-4,0
30876,SAMPLE,ALIGNING,true,6,0,0,0,0,0.14206314086914,-0.08704662322998,0.0,-0.07,0.14206314086914,-0.01704662322998,0.0,0.0,-4.3635621526135e-05,-3.4257350560658e-05,0.14206314086914,-0.01704662322998,132.74571228027,123.33068847656,-141.58520507813,-1.2167094945908,true,false,false,false,-40,-4,0
30877,SAMPLE,ALIGNING,true,6,0,0,0,0,0.14196729660034,-0.087238311767578,0.0,-0.07,0.14196729660034,-0.017238311767578,-9.5844268798828e-05,-0.00019168853759766,-6.1908648071578e-05,-8.9358266023607e-05,0.14196729660034,-0.017238311767578,132.76153564453,123.36738586426,-141.5041809082,-1.2160032987595,true,false,false,false,-40,-4,0
30878,SAMPLE,ALIGNING,true,6,0,0,0,0,0.14196729660034,-0.087238311767578,0.0,-0.07,0.14196729660034,-0.017238311767578,0.0,0.0,-4.0240621246526e-05,-5.8082872915345e-05,0.14196729660034,-0.017238311767578,132.76153564453,123.36738586426,-141.5041809082,-1.2160032987595,true,false,false,false,-40,-4,0
30879,SAMPLE,ALIGNING,true,6,0,0,0,0,0.14196729660034,-0.087334632873535,0.0,-0.07,0.14196729660034,-0.017334632873535,0.0,-9.6321105957031e-05,-2.6156403810242e-05,-7.1466254479935e-05,0.14196729660034,-0.017334632873535,132.76058959961,123.38668823242,-141.50875854492,-1.2160456180573,true,false,false,false,-40,-4,0
30880,SAMPLE,ALIGNING,true,6,0,0,0,0,0.14196729660034,-0.087334632873535,0.0,-0.07,0.14196729660034,-0.017334632873535,0.0,0.0,-1.7001662476657e-05,-4.6453065411958e-05,0.14196729660034,-0.017334632873535,132.76058959961,123.38668823242,-141.50875854492,-1.2160456180573,true,false,false,false,-40,-4,0
30881,SAMPLE,ALIGNING,true,6,0,0,0,0,0.14196729660034,-0.087334632873535,0.0,-0.07,0.14196729660034,-0.017334632873535,0.0,0.0,-1.1051080609827e-05,-3.0194492517773e-05,0.14196729660034,-0.017334632873535,132.76058959961,123.38668823242,-141.50875854492,-1.2160456180573,true,false,false,false,-40,-4,0
30882,SAMPLE,ALIGNING,true,6,0,0,0,0,0.14191937446594,-0.087478160858154,0.0,-0.07,0.14191937446594,-0.017478160858154,-4.7922134399414e-05,-0.00014352798461914,-2.3955949436183e-05,-6.9861214753251e-05,0.14191937446594,-0.017478160858154,132.76571655273,123.41886138916,-141.48223876953,-1.2158164978027,true,false,false,false,-40,-4,0
30883,SAMPLE,ALIGNING,true,6,0,0,0,0,0.14191937446594,-0.087478160858154,0.0,-0.07,0.14191937446594,-0.017478160858154,0.0,0.0,-1.5571367133519e-05,-4.5409789589613e-05,0.14191937446594,-0.017478160858154,132.76571655273,123.41886138916,-141.48223876953,-1.2158164978027,true,false,false,false,-40,-4,0
30884,SAMPLE,ALIGNING,true,6,0,0,0,0,0.14206314086914,-0.087526321411133,0.0,-0.07,0.14206314086914,-0.017526321411133,0.00014376640319824,-4.8160552978516e-05,4.0196852482598e-05,-4.6372556775729e-05,0.14206314086914,-0.017526321411133,132.74270629883,123.42382049561,-141.5993347168,-1.2168438434601,true,false,false,false,-40,-4,0
30885,SAMPLE,ALIGNING,true,6,0,0,0,0,0.14206314086914,-0.087526321411133,0.0,-0.07,0.14206314086914,-0.017526321411133,0.0,0.0,2.6127954113688e-05,-3.0142161904224e-05,0.14206314086914,-0.017526321411133,132.74270629883,123.42382049561,-141.5993347168,-1.2168438434601,true,false,false,false,-40,-4,0
30886,SAMPLE,ALIGNING,true,6,0,0,0,0,0.14206314086914,-0.087526321411133,0.0,-0.07,0.14206314086914,-0.017526321411133,0.0,0.0,1.6983170173898e-05,-1.9592405237746e-05,0.14206314086914,-0.017526321411133,132.74270629883,123.42382049561,-141.5993347168,-1.2168438434601,true,false,false,false,-40,-4,0
30887,SAMPLE,ALIGNING,true,6,0,0,0,0,0.14191937446594,-0.087526321411133,0.0,-0.07,0.14191937446594,-0.017526321411133,-0.00014376640319824,0.0,-3.9279180506351e-05,-1.2735063404535e-05,0.14191937446594,-0.017526321411133,132.7723236084,123.42433929443,-141.44854736328,-1.2155213356018,true,false,false,false,-40,-4,0
30888,SAMPLE,ALIGNING,true,6,0,0,0,0,0.14191937446594,-0.087526321411133,0.0,-0.07,0.14191937446594,-0.017526321411133,0.0,0.0,-2.5531467329128e-05,-8.2777912129475e-06,0.14191937446594,-0.017526321411133,132.7723236084,123.42433929443,-141.44854736328,-1.2155213356018,true,false,false,false,-40,-4,0
30889,SAMPLE,ALIGNING,true,6,0,0,0,0,0.14148795604706,-0.087526321411133,0.0,-0.07,0.14148795604706,-0.017526321411133,-0.00043141841888428,0.0,-0.00016759190037343,-5.3805642884159e-06,0.14148795604706,-0.017526321411133,132.85375976563,123.42416381836,-141.03388977051,-1.2118856906891,true,false,false,false,-40,-4,0
30890,SAMPLE,ALIGNING,true,6,0,0,0,0,0.14148795604706,-0.087526321411133,0.0,-0.07,0.14148795604706,-0.017526321411133,0.0,0.0,-0.00010893473524273,-3.4973667874703e-06,0.14148795604706,-0.017526321411133,132.85375976563,123.42416381836,-141.03388977051,-1.2118856906891,true,false,false,false,-40,-4,0
30891,SAMPLE,ALIGNING,true,6,0,0,0,0,0.14148795604706,-0.087526321411133,0.0,-0.07,0.14148795604706,-0.017526321411133,0.0,0.0,-7.0807577907774e-05,-2.2732884118557e-06,0.14148795604706,-0.017526321411133,132.85375976563,123.42416381836,-141.03388977051,-1.2118856906891,true,false,false,false,-40,-4,0
30892,SAMPLE,ALIGNING,true,6,0,0,0,0,0.14124822616577,-0.087574005126953,0.0,-0.07,0.14124822616577,-0.017574005126953,-0.00023972988128662,-4.7683715820313e-05,-0.00012993038409037,-1.8166938004816e-05,0.14124822616577,-0.017574005126953,132.90190124512,123.43034362793,-140.78868103027,-1.2097368240356,true,false,false,false,-40,-4,0
30893,SAMPLE,ALIGNING,true,6,0,0,0,0,0.14124822616577,-0.087574005126953,0.0,-0.07,0.14124822616577,-0.017574005126953,0.0,0.0,-8.4454749658741e-05,-1.180850970313e-05,0.14124822616577,-0.017574005126953,132.90190124512,123.43034362793,-140.78868103027,-1.2097368240356,true,false,false,false,-40,-4,0
30894,SAMPLE,ALIGNING,true,6,0,0,0,0,0.14124822616577,-0.087574005126953,0.0,-0.07,0.14124822616577,-0.017574005126953,0.0,0.0,-5.4895587278182e-05,-7.6755313070346e-06,0.14124822616577,-0.017574005126953,132.90190124512,123.43034362793,-140.78868103027,-1.2097368240356,true,false,false,false,-40,-4,0
30895,SAMPLE,ALIGNING,true,6,0,0,0,0,0.14100849628448,-0.087765693664551,0.0,-0.07,0.14100849628448,-0.017765693664551,-0.00023972988128662,-0.00019168853759766,-0.00011958759018114,-7.2080083508752e-05,0.14100849628448,-0.017765693664551,132.94790649414,123.46069335938,-140.55397033691,-1.2076828479767,true,false,false,false,-39,-4,0
30896,SAMPLE,ALIGNING,true,6,0,0,0,0,0.14100849628448,-0.087765693664551,0.0,-0.07,0.14100849628448,-0.017765693664551,0.0,0.0,-7.7731933617738e-05,-4.6852054280689e-05,0.14100849628448,-0.017765693664551,132.94790649414,123.46069335938,-140.55397033691,-1.2076828479767,true,false,false,false,-39,-4,0
30897,SAMPLE,ALIGNING,true,6,0,0,0,0,0.14100849628448,-0.08771800994873,0.0,-0.07,0.14100849628448,-0.01771800994873,0.0,4.7683715820313e-05,-5.052575685153e-05,-1.3764534745338e-05,0.14100849628448,-0.01771800994873,132.94430541992,123.45887756348,-140.57234191895,-1.2078440189362,true,false,false,false,-39,-4,0
30898,SAMPLE,ALIGNING,true,6,0,0,0,0,0.14100849628448,-0.08771800994873,0.0,-0.07,0.14100849628448,-0.01771800994873,0.0,0.0,-3.2841741953494e-05,-8.94694758447e-06,0.14100849628448,-0.01771800994873,132.94430541992,123.45887756348,-140.57234191895,-1.2078440189362,true,false,false,false,-39,-4,0
30899,SAMPLE,ALIGNING,true,6,0,0,0,0,0.14100849628448,-0.08771800994873,0.0,-0.07,0.14100849628448,-0.01771800994873,0.0,0.0,-2.1347132269771e-05,-5.8155159299055e-06,0.14100849628448,-0.01771800994873,132.94430541992,123.45887756348,-140.57234191895,-1.2078440189362,true,false,false,false,-39,-4,0
30900,SAMPLE,ALIGNING,true,6,0,0,0,0,0.14091265201569,-0.087574005126953,0.0,-0.07,0.14091265201569,-0.017574005126953,-9.5844268798828e-05,0.00014400482177734,-4.7421130054941e-05,4.6621602267632e-05,0.14091265201569,-0.017574005126953,132.9723815918,123.43014526367,-140.42970275879,-1.2065901756287,true,false,false,false,-39,-4,0
30901,SAMPLE,ALIGNING,true,6,0,0,0,0,0.14091265201569,-0.087574005126953,0.0,-0.07,0.14091265201569,-0.017574005126953,0.0,0.0,-3.0823734535712e-05,3.0304041473961e-05,0.14091265201569,-0.017574005126953,132.9723815918,123.43014526367,-140.42970275879,-1.2065901756287,true,false,false,false,-39,-4,0
30902,SAMPLE,ALIGNING,true,6,0,0,0,0,0.14091265201569,-0.087574005126953,0.0,-0.07,0.14091265201569,-0.017574005126953,0.0,0.0,-2.0035427448213e-05,1.9697626958074e-05,0.14091265201569,-0.017574005126953,132.9723815918,123.43014526367,-140.42970275879,-1.2065901756287,true,false,false,false,-39,-4,0
30903,SAMPLE,ALIGNING,true,6,0,0,0,0,0.1405291557312,-0.087430000305176,0.0,-0.07,0.1405291557312,-0.017430000305176,-0.00038349628448486,0.00014400482177734,-0.00014724672741104,6.3205145144819e-05,0.1405291557312,-0.017430000305176,133.04388427734,123.39628601074,-140.06593322754,-1.2033982276917,true,false,false,false,-39,-4,0
30904,SAMPLE,ALIGNING,true,6,0,0,0,0,0.1405291557312,-0.087430000305176,0.0,-0.07,0.1405291557312,-0.017430000305176,0.0,0.0,-9.5710372817176e-05,4.1083344344132e-05,0.1405291557312,-0.017430000305176,133.04388427734,123.39628601074,-140.06593322754,-1.2033982276917,true,false,false,false,-39,-4,0
30905,SAMPLE,ALIGNING,true,6,0,0,0,0,0.1404333114624,-0.087334632873535,0.0,-0.07,0.1404333114624,-0.017334632873535,-9.5844268798828e-05,9.5367431640625e-05,-9.5757236410754e-05,6.0082774897905e-05,0.1404333114624,-0.017334632873535,133.06135559082,123.38201904297,-139.97711181641,-1.2026181221008,true,false,false,false,-39,-4,0
30906,SAMPLE,ALIGNING,true,6,0,0,0,0,0.1404333114624,-0.087334632873535,0.0,-0.07,0.1404333114624,-0.017334632873535,0.0,0.0,-6.224220366699e-05,3.9053803683638e-05,0.1404333114624,-0.017334632873535,133.06135559082,123.38201904297,-139.97711181641,-1.2026181221008,true,false,false,false,-39,-4,0
30907,SAMPLE,ALIGNING,true,6,0,0,0,0,0.1404333114624,-0.087334632873535,0.0,-0.07,0.1404333114624,-0.017334632873535,0.0,0.0,-4.0457432383544e-05,2.5384972394365e-05,0.1404333114624,-0.017334632873535,133.06135559082,123.38201904297,-139.97711181641,-1.2026181221008,true,false,false,false,-39,-4,0
30908,SAMPLE,ALIGNING,true,6,0,0,0,0,0.1402895450592,-0.087382316589355,0.0,-0.07,0.1402895450592,-0.017382316589355,-0.00014376640319824,-4.7683715820313e-05,-7.6615572168688e-05,-1.8906848077231e-07,0.1402895450592,-0.017382316589355,133.08528137207,123.39121246338,-139.85513305664,-1.2015501260757,true,false,false,false,-39,-4,0
30909,SAMPLE,ALIGNING,true,6,0,0,0,0,0.1402895450592,-0.087382316589355,0.0,-0.07,0.1402895450592,-0.017382316589355,0.0,0.0,-4.9800121909647e-05,-1.22894512502e-07,0.1402895450592,-0.017382316589355,133.08528137207,123.39121246338,-139.85513305664,-1.2015501260757,true,false,false,false,-39,-4,0
30910,SAMPLE,ALIGNING,true,6,0,0,0,0,0.14009773731232,-0.087334632873535,0.0,-0.07,0.14009773731232,-0.017334632873535,-0.00019180774688721,4.7683715820313e-05,-9.9502790651793e-05,1.6609419103983e-05,0.14009773731232,-0.017334632873535,133.12448120117,123.38370513916,-139.65550231934,-1.1997997760773,true,false,false,false,-39,-4,0
30911,SAMPLE,ALIGNING,true,6,0,0,0,0,0.14009773731232,-0.087334632873535,0.0,-0.07,0.14009773731232,-0.017334632873535,0.0,0.0,-6.4676813923666e-05,1.0796122417589e-05,0.14009773731232,-0.017334632873535,133.12448120117,123.38370513916,-139.65550231934,-1.1997997760773,true,false,false,false,-39,-4,0
30912,SAMPLE,ALIGNING,true,6,0,0,0,0,0.14009773731232,-0.087334632873535,0.0,-0.07,0.14009773731232,-0.017334632873535,0.0,0.0,-4.2039929050383e-05,7.0174795714328e-06,0.14009773731232,-0.017334632873535,133.12448120117,123.38370513916,-139.65550231934,-1.1997997760773,true,false,false,false,-39,-4,0
30913,SAMPLE,ALIGNING,true,6,0,0,0,0,0.14004981517792,-0.087430000305176,0.0,-0.07,0.14004981517792,-0.017430000305176,-4.7922134399414e-05,-9.5367431640625e-05,-4.4098700922544e-05,-2.8817239352787e-05,0.14004981517792,-0.017430000305176,133.14001464844,123.40626525879,-139.57604980469,-1.1991064548492,true,false,false,false,-39,-4,0
30914,SAMPLE,ALIGNING,true,6,0,0,0,0,0.14004981517792,-0.087430000305176,0.0,-0.07,0.14004981517792,-0.017430000305176,0.0,0.0,-2.8664155599653e-05,-1.8731205579312e-05,0.14004981517792,-0.017430000305176,133.14001464844,123.40626525879,-139.57604980469,-1.1991064548492,true,false,false,false,-39,-4,0
30915,SAMPLE,ALIGNING,true,6,0,0,0,0,0.13990604877472,-0.087430000305176,0.0,-0.07,0.13990604877472,-0.017430000305176,-0.00014376640319824,0.0,-6.8949942259159e-05,-1.2175283626553e-05,0.13990604877472,-0.017430000305176,133.16314697266,123.39911651611,-139.4582824707,-1.1980741024017,true,false,false,false,-39,-4,0
30916,SAMPLE,ALIGNING,true,6,0,0,0,0,0.13990604877472,-0.087430000305176,0.0,-0.07,0.13990604877472,-0.017430000305176,0.0,0.0,-4.4817462468454e-05,-7.9139343572592e-06,0.13990604877472,-0.017430000305176,133.16314697266,123.39911651611,-139.4582824707,-1.1980741024017,true,false,false,false,-39,-4,0
30917,SAMPLE,ALIGNING,true,6,0,0,0,0,0.13990604877472,-0.087430000305176,0.0,-0.07,0.13990604877472,-0.017430000305176,0.0,0.0,-2.9131350604495e-05,-5.1440573322185e-06,0.13990604877472,-0.017430000305176,133.16314697266,123.39911651611,-139.4582824707,-1.1980741024017,true,false,false,false,-39,-4,0
30918,SAMPLE,ALIGNING,true,6,0,0,0,0,0.13947451114655,-0.086423873901367,0.0,-0.07,0.13947451114655,-0.016423873901367,-0.00043153762817383,0.0010061264038086,-0.00016997354775376,0.00034880060406707,0.13947451114655,-0.016423873901367,133.24389648438,123.20468139648,-139.04920959473,-1.194469332695,true,false,false,false,-39,-4,0
30919,SAMPLE,ALIGNING,true,6,0,0,0,0,0.13947451114655,-0.086423873901367,0.0,-0.07,0.13947451114655,-0.016423873901367,0.0,0.0,-0.00011048280603994,0.00022672039264359,0.13947451114655,-0.016423873901367,133.24389648438,123.20468139648,-139.04920959473,-1.194469332695,true,false,false,false,-39,-4,0
30920,SAMPLE,ALIGNING,true,6,0,0,0,0,0.13947451114655,-0.086423873901367,0.0,-0.07,0.13947451114655,-0.016423873901367,0.0,0.0,-7.1813823925964e-05,0.00014736825521834,0.13947451114655,-0.016423873901367,133.24389648438,123.20468139648,-139.04920959473,-1.194469332695,true,false,false,false,-39,-4,0
30921,SAMPLE,ALIGNING,true,6,0,0,0,0,0.13904309272766,-0.083020210266113,0.0,-0.07,0.13904309272766,-0.013020210266113,-0.00043141841888428,0.0034036636352539,-0.00019767543216137,0.0012870716382308,0.13904309272766,-0.013020210266113,133.32914733887,122.55332946777,-138.62170410156,-1.1906632184982,true,false,false,false,-39,-3,0
30922,SAMPLE,ALIGNING,true,6,0,0,0,0,0.13904309272766,-0.083020210266113,0.0,-0.07,0.13904309272766,-0.013020210266113,0.0,0.0,-0.00012848903090489,0.00083659656485001,0.13904309272766,-0.013020210266113,133.32914733887,122.55332946777,-138.62170410156,-1.1906632184982,true,false,false,false,-39,-3,0
30923,SAMPLE,ALIGNING,true,6,0,0,0,0,0.13904309272766,-0.083020210266113,0.0,-0.07,0.13904309272766,-0.013020210266113,0.0,0.0,-8.351787008818e-05,0.00054378776715251,0.13904309272766,-0.013020210266113,133.32914733887,122.55332946777,-138.62170410156,-1.1906632184982,true,false,false,false,-39,-3,0
30924,SAMPLE,ALIGNING,true,6,0,0,0,0,0.13947451114655,-0.079233169555664,0.0,-0.07,0.13947451114655,-0.0092331695556641,0.00043141841888428,0.0037870407104492,9.670983105218e-05,0.0016789262973064,0.13947451114655,-0.0092331695556641,133.24407958984,121.82266998291,-139.06130981445,-1.1944609880447,true,false,false,false,-39,-2,0
30925,SAMPLE,ALIGNING,true,6,0,0,0,0,0.13947451114655,-0.079233169555664,0.0,-0.07,0.13947451114655,-0.0092331695556641,0.0,0.0,6.2861390183917e-05,0.0010913020932491,0.13947451114655,-0.0092331695556641,133.24407958984,121.82266998291,-139.06130981445,-1.1944609880447,true,false,false,false,-39,-2,0
30926,SAMPLE,ALIGNING,true,6,0,0,0,0,0.13947451114655,-0.079233169555664,0.0,-0.07,0.13947451114655,-0.0092331695556641,0.0,0.0,4.0859903619546e-05,0.00070934636061194,0.13947451114655,-0.0092331695556641,133.24407958984,121.82266998291,-139.06130981445,-1.1944609880447,true,false,false,false,-39,-2,0
30927,SAMPLE,ALIGNING,true,6,0,0,0,0,0.14139199256897,-0.075397968292236,0.0,-0.07,0.14139199256897,-0.0053979682922363,0.0019174814224243,0.0038352012634277,0.00069767743520122,0.0018033955765975,0.14139199256897,-0.0053979682922363,132.87310791016,121.08132171631,-140.95544433594,-1.2110217809677,true,false,false,false,-40,-1,0
30928,SAMPLE,ALIGNING,true,6,0,0,0,0,0.14139199256897,-0.075397968292236,0.0,-0.07,0.14139199256897,-0.0053979682922363,0.0,0.0,0.00045349033288079,0.0011722071247884,0.14139199256897,-0.0053979682922363,132.87310791016,121.08132171631,-140.95544433594,-1.2110217809677,true,false,false,false,-40,-1,0
30929,SAMPLE,ALIGNING,true,6,0,0,0,0,0.14139199256897,-0.075397968292236,0.0,-0.07,0.14139199256897,-0.0053979682922363,0.0,0.0,0.00029476871637251,0.00076193463111243,0.14139199256897,-0.0053979682922363,132.87310791016,121.08132171631,-140.95544433594,-1.2110217809677,true,false,false,false,-40,-1,0
30930,SAMPLE,ALIGNING,true,6,0,0,0,0,0.14441204071045,-0.070987701416016,0.0,-0.07,0.14441204071045,-0.00098770141601562,0.0030200481414795,0.0044102668762207,0.00124861651516,0.0020388509169003,0.14441204071045,-0.00098770141601562,132.28497314453,120.24029541016,-143.95097351074,-1.237278342247,true,false,false,false,-41,0,0
30931,SAMPLE,ALIGNING,true,6,0,0,0,0,0.14441204071045,-0.070987701416016,0.0,-0.07,0.14441204071045,-0.00098770141601562,0.0,0.0,0.00081160073485397,0.0013252530959852,0.14441204071045,-0.00098770141601562,132.28497314453,120.24029541016,-143.95097351074,-1.237278342247,true,false,false,false,-41,0,0
30932,SAMPLE,ALIGNING,true,6,0,0,0,0,0.14441204071045,-0.070987701416016,0.0,-0.07,0.14441204071045,-0.00098770141601562,0.0,0.0,0.00052754047765508,0.00086141451239039,0.14441204071045,-0.00098770141601562,131.65089416504,119.29661560059,-147.17294311523,-1.2655854225159,true,false,false,false,-40,0,0
30933,SAMPLE,ALIGNING,true,6,0,0,0,0,0.1476719379425,-0.066241897642612,0.0,-0.07,0.1476719379425,0.0037581023573875,0.0032598972320557,0.0047458037734032,0.0014838653416953,0.0022209507537449,0.1476719379425,0.0037581023573875,131.65089416504,119.29661560059,-147.17294311523,-1.2655854225159,true,false,false,false,-41,1,0
30934,SAMPLE,ALIGNING,true,6,0,0,0,0,0.1476719379425,-0.066241897642612,0.0,-0.07,0.1476719379425,0.0037581023573875,0.0,0.0,0.00096451247210194,0.0014436179899342,0.1476719379425,0.0037581023573875,131.65089416504,119.29661560059,-147.17294311523,-1.2655854225159,true,false,false,false,-41,1,0
30935,SAMPLE,ALIGNING,true,6,0,0,0,0,0.15093159675598,-0.061352171003819,0.0,-0.07,0.15093159675598,0.0086478289961815,0.0032596588134766,0.0048897266387939,0.0017678136915831,0.0026497560170351,0.15093159675598,0.0086478289961815,131.01559448242,118.3579788208,-150.39282226563,-1.2939469814301,true,false,false,false,-42,2,0
30936,SAMPLE,ALIGNING,true,6,0,0,0,0,0.15093159675598,-0.061352171003819,0.0,-0.07,0.15093159675598,0.0086478289961815,0.0,0.0,0.001149078899529,0.0017223414110728,0.15093159675598,0.0086478289961815,131.01559448242,118.3579788208,-150.39282226563,-1.2939469814301,true,false,false,false,-42,2,0
30937,SAMPLE,ALIGNING,true,6,0,0,0,0,0.15093159675598,-0.061352171003819,0.0,-0.07,0.15093159675598,0.0086478289961815,0.0,0.0,0.00074690128469384,0.0011195219171973,0.15093159675598,0.0086478289961815,131.01559448242,118.3579788208,-150.39282226563,-1.2939469814301,true,false,false,false,-42,2,0
30938,SAMPLE,ALIGNING,true,6,0,0,0,0,0.15347242355347,-0.057277478277683,0.0,-0.07,0.15347242355347,0.012722521722317,0.0025408267974854,0.0040746927261353,0.0013747752141709,0.0021538317003256,0.15347242355347,0.012722521722317,130.51477050781,117.57243347168,-152.92460632324,-1.3163048028946,true,false,false,false,-43,3,0
30939,SAMPLE,ALIGNING,true,6,0,0,0,0,0.15347242355347,-0.057277478277683,0.0,-0.07,0.15347242355347,0.012722521722317,0.0,0.0,0.00089360388921107,0.0013999906052116,0.15347242355347,0.012722521722317,130.51477050781,117.57243347168,-152.92460632324,-1.3163048028946,true,false,false,false,-43,3,0
30940,SAMPLE,ALIGNING,true,6,0,0,0,0,0.15347242355347,-0.057277478277683,0.0,-0.07,0.15347242355347,0.012722521722317,0.0,0.0,0.00058084252798719,0.00090999389338757,0.15347242355347,0.012722521722317,130.51477050781,117.57243347168,-152.92460632324,-1.3163048028946,true,false,false,false,-43,3,0
30941,SAMPLE,ALIGNING,true,6,0,0,0,0,0.15582132339478,-0.054593004286289,0.0,-0.07,0.15582132339478,0.015406995713711,0.0023488998413086,0.002684473991394,0.0011996625876497,0.0015310619276898,0.15582132339478,0.015406995713711,130.06044006348,117.04708099365,-155.21873474121,-1.3365875482559,true,false,false,false,-44,3,0
30942,SAMPLE,ALIGNING,true,6,0,0,0,0,0.15582132339478,-0.054593004286289,0.0,-0.07,0.15582132339478,0.015406995713711,0.0,0.0,0.00077978068197229,0.00099519025299839,0.15582132339478,0.015406995713711,130.06044006348,117.04708099365,-155.21873474121,-1.3365875482559,true,false,false,false,-44,3,0
30943,SAMPLE,ALIGNING,true,6,0,0,0,0,0.15582132339478,-0.054593004286289,0.0,-0.07,0.15582132339478,0.015406995713711,0.0,0.0,0.00050685744328199,0.00064687366444895,0.15582132339478,0.015406995713711,130.06044006348,117.04708099365,-155.21873474121,-1.3365875482559,true,false,false,false,-44,3,0
30944,SAMPLE,ALIGNING,true,6,0,0,0,0,0.15745115280151,-0.053394593298435,0.0,-0.07,0.15745115280151,0.016605406701565,0.0016298294067383,0.001198410987854,0.00089989763049169,0.00083991172764072,0.15745115280151,0.016605406701565,129.73481750488,116.81813812256,-156.86260986328,-1.3511241674423,true,false,false,false,-44,4,0
30945,SAMPLE,ALIGNING,true,6,0,0,0,0,0.15745115280151,-0.053394593298435,0.0,-0.07,0.15745115280151,0.016605406701565,0.0,0.0,0.0005849334598196,0.00054594262296647,0.15745115280151,0.016605406701565,129.73481750488,116.81813812256,-156.86260986328,-1.3511241674423,true,false,false,false,-44,4,0
30946,SAMPLE,ALIGNING,true,6,0,0,0,0,0.15745115280151,-0.053394593298435,0.0,-0.07,0.15745115280151,0.016605406701565,0.0,0.0,0.00038020674888274,0.0003548627049282,0.15745115280151,0.016605406701565,129.73481750488,116.81813812256,-156.86260986328,-1.3511241674423,true,false,false,false,-44,4,0
30947,SAMPLE,ALIGNING,true,6,0,0,0,0,0.16056704521179,-0.053394593298435,0.0,-0.07,0.16056704521179,0.016605406701565,0.0031158924102783,0.0,0.0013376967303712,0.00023066075820333,0.16056704521179,0.016605406701565,129.13433837891,116.81658172607,-159.89602661133,-1.3779313564301,true,false,false,false,-45,4,0
30948,SAMPLE,ALIGNING,true,6,0,0,0,0,0.16056704521179,-0.053394593298435,0.0,-0.07,0.16056704521179,0.016605406701565,0.0,0.0,0.00086950287474128,0.00014992949283217,0.16056704521179,0.016605406701565,129.13433837891,116.81658172607,-159.89602661133,-1.3779313564301,true,false,false,false,-45,4,0
30949,SAMPLE,ALIGNING,true,6,0,0,0,0,0.16392278671265,-0.053921855986118,0.0,-0.07,0.16392278671265,0.016078144013882,0.0033557415008545,-0.00052726268768311,0.0017396863938809,-8.7087770348179e-05,0.16392278671265,0.016078144013882,128.47793579102,116.92139434814,-163.20823669434,-1.4072351455688,true,false,false,false,-45,4,0
30950,SAMPLE,ALIGNING,true,6,0,0,0,0,0.16392278671265,-0.053921855986118,0.0,-0.07,0.16392278671265,0.016078144013882,0.0,0.0,0.0011307961560226,-5.6607050726316e-05,0.16392278671265,0.016078144013882,128.47793579102,116.92139434814,-163.20823669434,-1.4072351455688,true,false,false,false,-45,4,0
30951,SAMPLE,ALIGNING,true,6,0,0,0,0,0.16392278671265,-0.053921855986118,0.0,-0.07,0.16392278671265,0.016078144013882,0.0,0.0,0.00073501750141468,-3.6794582972105e-05,0.16392278671265,0.016078144013882,128.47793579102,116.92139434814,-163.20823669434,-1.4072351455688,true,false,false,false,-45,4,0
30952,SAMPLE,ALIGNING,true,6,0,0,0,0,0.16392278671265,-0.053921855986118,0.0,-0.07,0.16392278671265,0.016078144013882,0.0,0.0,0.00047776137591954,-2.3916478931869e-05,0.16392278671265,0.016078144013882,128.47793579102,116.92139434814,-163.20823669434,-1.4072351455688,true,false,false,false,-45,4,0
30953,SAMPLE,ALIGNING,true,6,0,0,0,0,0.16703867912292,-0.054832614958286,0.0,-0.07,0.16703867912292,0.015167385041714,0.0031158924102783,-0.00091075897216797,0.0014011072379451,-0.0003343113515645,0.16703867912292,0.015167385041714,127.86633300781,117.08759307861,-166.29032897949,-1.4345390796661,true,false,false,false,-45,3,0
30954,SAMPLE,ALIGNING,true,6,0,0,0,0,0.16703867912292,-0.054832614958286,0.0,-0.07,0.16703867912292,0.015167385041714,0.0,0.0,0.00091071970466432,-0.00021730237851693,0.16703867912292,0.015167385041714,127.86633300781,117.08759307861,-166.29032897949,-1.4345390796661,true,false,false,false,-45,3,0
30955,SAMPLE,ALIGNING,true,6,0,0,0,0,0.16886031627655,-0.055599607527256,0.0,-0.07,0.16886031627655,0.014400392472744,0.0018216371536255,-0.00076699256896973,0.0012295408118007,-0.00040969394517541,0.16886031627655,0.014400392472744,127.51023864746,117.23583221436,-168.08320617676,-1.4504358768463,true,false,false,false,-45,3,0
30956,SAMPLE,ALIGNING,true,6,0,0,0,0,0.16886031627655,-0.055599607527256,0.0,-0.07,0.16886031627655,0.014400392472744,0.0,0.0,0.00079920152767048,-0.00026630106436401,0.16886031627655,0.014400392472744,127.51023864746,117.23583221436,-168.08320617676,-1.4504358768463,true,false,false,false,-45,3,0
30957,SAMPLE,ALIGNING,true,6,0,0,0,0,0.16886031627655,-0.055599607527256,0.0,-0.07,0.16886031627655,0.014400392472744,0.0,0.0,0.00051948099298581,-0.00017309569183661,0.16886031627655,0.014400392472744,127.51023864746,117.23583221436,-168.08320617676,-1.4504358768463,true,false,false,false,-45,3,0
30958,SAMPLE,ALIGNING,true,6,0,0,0,0,0.17029845714569,-0.056270755827427,0.0,-0.07,0.17029845714569,0.013729244172573,0.0014381408691406,-0.0006711483001709,0.00084101194963999,-0.00034741410475361,0.17029845714569,0.013729244172573,127.23150634766,117.36309814453,-169.48551940918,-1.4628794193268,true,false,false,false,-45,3,0
30959,SAMPLE,ALIGNING,true,6,0,0,0,0,0.17029845714569,-0.056270755827427,0.0,-0.07,0.17029845714569,0.013729244172573,0.0,0.0,0.000546657767266,-0.00022581916808985,0.17029845714569,0.013729244172573,127.23150634766,117.36309814453,-169.48551940918,-1.4628794193268,true,false,false,false,-45,3,0
30960,SAMPLE,ALIGNING,true,6,0,0,0,0,0.17029845714569,-0.056270755827427,0.0,-0.07,0.17029845714569,0.013729244172573,0.0,0.0,0.0003553275487229,-0.0001467824592584,0.17029845714569,0.013729244172573,127.23150634766,117.36309814453,-169.48551940918,-1.4628794193268,true,false,false,false,-45,3,0
30961,SAMPLE,ALIGNING,true,6,0,0,0,0,0.17231178283691,-0.056845940649509,0.0,-0.07,0.17231178283691,0.013154059350491,0.0020133256912231,-0.00057518482208252,0.00093562689859798,-0.00029672328624684,0.17231178283691,0.013154059350491,126.83464050293,117.47389984131,-171.4794921875,-1.480596780777,true,false,false,false,-45,3,0
30962,SAMPLE,ALIGNING,true,6,0,0,0,0,0.17231178283691,-0.056845940649509,0.0,-0.07,0.17231178283691,0.013154059350491,0.0,0.0,0.00060815748408869,-0.00019287013606045,0.17231178283691,0.013154059350491,126.83464050293,117.47389984131,-171.4794921875,-1.480596780777,true,false,false,false,-45,3,0
30963,SAMPLE,ALIGNING,true,6,0,0,0,0,0.17231178283691,-0.056845940649509,0.0,-0.07,0.17231178283691,0.013154059350491,0.0,0.0,0.00039530236465765,-0.00012536558843929,0.17231178283691,0.013154059350491,126.83464050293,117.47389984131,-171.4794921875,-1.480596780777,true,false,false,false,-45,3,0
30964,SAMPLE,ALIGNING,true,6,0,0,0,0,0.17451691627502,-0.057469166815281,0.0,-0.07,0.17451691627502,0.012530833184719,0.0022051334381104,-0.00062322616577148,0.0010287432403661,-0.00029961679050556,0.17451691627502,0.012530833184719,126.40287780762,117.6019744873,-173.64645385742,-1.4998717308044,true,false,false,false,-45,3,0
30965,SAMPLE,ALIGNING,true,6,0,0,0,0,0.17451691627502,-0.057469166815281,0.0,-0.07,0.17451691627502,0.012530833184719,0.0,0.0,0.00066868310623796,-0.00019475091382861,0.17451691627502,0.012530833184719,126.40287780762,117.6019744873,-173.64645385742,-1.4998717308044,true,false,false,false,-45,3,0
30966,SAMPLE,ALIGNING,true,6,0,0,0,0,0.17734527587891,-0.058332122862339,0.0,-0.07,0.17734527587891,0.011667877137661,0.0028283596038818,-0.00086295604705811,0.0014245698804133,-0.00042862271045894,0.17734527587891,0.011667877137661,125.84191894531,117.77005004883,-176.45803833008,-1.5249145030975,true,false,false,false,-45,3,0
30967,SAMPLE,ALIGNING,true,6,0,0,0,0,0.17734527587891,-0.058332122862339,0.0,-0.07,0.17734527587891,0.011667877137661,0.0,0.0,0.00092597042226866,-0.00027860476179831,0.17734527587891,0.011667877137661,125.84191894531,117.77005004883,-176.45803833008,-1.5249145030975,true,false,false,false,-45,3,0
30968,SAMPLE,ALIGNING,true,6,0,0,0,0,0.17734527587891,-0.058332122862339,0.0,-0.07,0.17734527587891,0.011667877137661,0.0,0.0,0.00060188077447463,-0.0001810930951689,0.17734527587891,0.011667877137661,125.84191894531,117.77005004883,-176.45803833008,-1.5249145030975,true,false,false,false,-45,3,0
30969,SAMPLE,ALIGNING,true,6,0,0,0,0,0.1799818277359,-0.058667697012424,0.0,-0.07,0.1799818277359,0.011332302987576,0.0026365518569946,-0.00033557415008545,0.0013140156533566,-0.00023516146438969,0.1799818277359,0.011332302987576,125.32109069824,117.836769104,-179.06365966797,-1.548165678978,true,false,false,false,-45,2,0
30970,SAMPLE,ALIGNING,true,6,0,0,0,0,0.1799818277359,-0.058667697012424,0.0,-0.07,0.1799818277359,0.011332302987576,0.0,0.0,0.00085411017468181,-0.0001528549518533,0.1799818277359,0.011332302987576,125.32109069824,117.836769104,-179.06365966797,-1.548165678978,true,false,false,false,-45,2,0
30971,SAMPLE,ALIGNING,true,6,0,0,0,0,0.1799818277359,-0.058667697012424,0.0,-0.07,0.1799818277359,0.011332302987576,0.0,0.0,0.00055517161354318,-9.9355718704645e-05,0.1799818277359,0.011332302987576,125.32109069824,117.836769104,-179.06365966797,-1.548165678978,true,false,false,false,-45,2,0
30972,SAMPLE,ALIGNING,true,6,0,0,0,0,0.18242657184601,-0.057852782309055,0.0,-0.07,0.18242657184601,0.012147217690945,0.0024447441101074,0.00081491470336914,0.0012165219873407,0.00022063892902118,0.18242657184601,0.012147217690945,124.84108734131,117.67556762695,-181.45932006836,-1.5695943832397,true,false,false,false,-45,3,0
30973,SAMPLE,ALIGNING,true,6,0,0,0,0,0.18242657184601,-0.057852782309055,0.0,-0.07,0.18242657184601,0.012147217690945,0.0,0.0,0.00079073929177143,0.00014341530386377,0.18242657184601,0.012147217690945,124.84108734131,117.67556762695,-181.45932006836,-1.5695943832397,true,false,false,false,-45,3,0
30974,SAMPLE,ALIGNING,true,6,0,0,0,0,0.18602204322815,-0.057085670530796,0.0,-0.07,0.18602204322815,0.012914329469204,0.0035954713821411,0.00076711177825928,0.0017723955234008,0.0003617090699022,0.18602204322815,0.012914329469204,124.12805938721,117.52140045166,-185.01277160645,-1.6014261245728,true,false,false,false,-45,3,0
30975,SAMPLE,ALIGNING,true,6,0,0,0,0,0.18602204322815,-0.057085670530796,0.0,-0.07,0.18602204322815,0.012914329469204,0.0,0.0,0.0011520570902105,0.00023511089543643,0.18602204322815,0.012914329469204,124.12805938721,117.52140045166,-185.01277160645,-1.6014261245728,true,false,false,false,-45,3,0
30976,SAMPLE,ALIGNING,true,6,0,0,0,0,0.18602204322815,-0.057085670530796,0.0,-0.07,0.18602204322815,0.012914329469204,0.0,0.0,0.00074883710863685,0.00015282208203368,0.18602204322815,0.012914329469204,124.12805938721,117.52140045166,-185.01277160645,-1.6014261245728,true,false,false,false,-45,3,0
30977,SAMPLE,ALIGNING,true,6,0,0,0,0,0.19071984291077,-0.056989826261997,0.0,-0.07,0.19071984291077,0.013010173738003,0.0046977996826172,9.5844268798828e-05,0.00213097400953,0.00013287984740148,0.19071984291077,0.013010173738003,123.20541381836,117.49610900879,-189.60206604004,-1.6426156759262,true,false,false,false,-45,3,0
30978,SAMPLE,ALIGNING,true,6,0,0,0,0,0.19071984291077,-0.056989826261997,0.0,-0.07,0.19071984291077,0.013010173738003,0.0,0.0,0.0013851331061945,8.6371900810962e-05,0.19071984291077,0.013010173738003,123.20541381836,117.49610900879,-189.60206604004,-1.6426156759262,true,false,false,false,-45,3,0
30979,SAMPLE,ALIGNING,true,6,0,0,0,0,0.19071984291077,-0.056989826261997,0.0,-0.07,0.19071984291077,0.013010173738003,0.0,0.0,0.00090033651902641,5.6141735527125e-05,0.19071984291077,0.013010173738003,123.20541381836,117.49610900879,-189.60206604004,-1.6426156759262,true,false,false,false,-45,3,0
30980,SAMPLE,ALIGNING,true,6,0,0,0,0,0.19680798053741,-0.057661093771458,0.0,-0.07,0.19680798053741,0.012338906228542,0.0060881376266479,-0.00067126750946045,0.0027160669066939,-0.00019845150021853,0.19680798053741,0.012338906228542,121.99882507324,117.62870788574,-195.58708190918,-1.6964812278748,true,false,false,false,-45,3,0
30981,SAMPLE,ALIGNING,true,6,0,0,0,0,0.19680798053741,-0.057661093771458,0.0,-0.07,0.19680798053741,0.012338906228542,0.0,0.0,0.0017654434893511,-0.00012899347514204,0.19680798053741,0.012338906228542,121.99882507324,117.62870788574,-195.58708190918,-1.6964812278748,true,false,false,false,-45,3,0
30982,SAMPLE,ALIGNING,true,6,0,0,0,0,0.20423829555511,-0.058476008474827,0.0,-0.07,0.20423829555511,0.011523991525173,0.0074303150177002,-0.00081491470336914,0.0037481485242733,-0.00036906590502153,0.20423829555511,0.011523991525173,120.51899719238,117.78347015381,-202.89756774902,-1.7625448703766,true,false,false,false,-45,3,0
30983,SAMPLE,ALIGNING,true,6,0,0,0,0,0.20423829555511,-0.058476008474827,0.0,-0.07,0.20423829555511,0.011523991525173,0.0,0.0,0.0024362965407776,-0.00023989283826399,0.20423829555511,0.011523991525173,120.51899719238,117.78347015381,-202.89756774902,-1.7625448703766,true,false,false,false,-45,3,0
30984,SAMPLE,ALIGNING,true,6,0,0,0,0,0.20423829555511,-0.058476008474827,0.0,-0.07,0.20423829555511,0.011523991525173,0.0,0.0,0.0015835927515055,-0.00015593034487159,0.20423829555511,0.011523991525173,120.51899719238,117.78347015381,-202.89756774902,-1.7625448703766,true,false,false,false,-45,3,0
30985,SAMPLE,ALIGNING,true,6,0,0,0,0,0.21325051784515,-0.05900327116251,0.0,-0.07,0.21325051784515,0.01099672883749,0.0090122222900391,-0.00052726268768311,0.0041836130899922,-0.00028589666485562,0.21325051784515,0.01099672883749,118.73849487305,117.8779296875,-211.64749145508,-1.8420314788818,true,false,false,false,-45,2,0
30986,SAMPLE,ALIGNING,true,6,0,0,0,0,0.21325051784515,-0.05900327116251,0.0,-0.07,0.21325051784515,0.01099672883749,0.0,0.0,0.0027193485084949,-0.00018583283215616,0.21325051784515,0.01099672883749,118.73849487305,117.8779296875,-211.64749145508,-1.8420314788818,true,false,false,false,-45,2,0
30987,SAMPLE,ALIGNING,true,6,0,0,0,0,0.21325051784515,-0.05900327116251,0.0,-0.07,0.21325051784515,0.01099672883749,0.0,0.0,0.0017675765305217,-0.0001207913409015,0.21325051784515,0.01099672883749,118.73849487305,117.8779296875,-211.64749145508,-1.8420314788818,true,false,false,false,-45,2,0
30988,SAMPLE,ALIGNING,true,6,0,0,0,0,0.22245454788208,-0.058955349028111,0.0,-0.07,0.22245454788208,0.01104465097189,0.0092040300369263,4.7922134399414e-05,0.0043703352577633,-6.1741624546181e-05,0.22245454788208,0.01104465097189,116.892578125,117.86833190918,-220.66421508789,-1.9244387149811,true,false,false,false,-45,2,0
30989,SAMPLE,ALIGNING,true,6,0,0,0,0,0.22245454788208,-0.058955349028111,0.0,-0.07,0.22245454788208,0.01104465097189,0.0,0.0,0.0028407179175461,-4.0132055955017e-05,0.22245454788208,0.01104465097189,116.892578125,117.86833190918,-220.66421508789,-1.9244387149811,true,false,false,false,-45,2,0
30990,SAMPLE,ALIGNING,true,6,0,0,0,0,0.22245454788208,-0.058955349028111,0.0,-0.07,0.22245454788208,0.01104465097189,0.0,0.0,0.001846466646405,-2.6085836370761e-05,0.22245454788208,0.01104465097189,115.03790283203,117.98411560059,-229.6686706543,-2.0072367191315,true,false,false,false,-45,2,0
30991,SAMPLE,ALIGNING,true,6,0,0,0,0,0.2317066192627,-0.059578455984592,0.0,-0.07,0.2317066192627,0.010421544015408,0.0092520713806152,-0.00062310695648193,0.0044384283033786,-0.00023504322840967,0.2317066192627,0.010421544015408,115.03790283203,117.98411560059,-229.6686706543,-2.0072367191315,true,false,false,false,-45,2,0
30992,SAMPLE,ALIGNING,true,6,0,0,0,0,0.2317066192627,-0.059578455984592,0.0,-0.07,0.2317066192627,0.010421544015408,0.0,0.0,0.0028849783971961,-0.00015277809846629,0.2317066192627,0.010421544015408,115.03790283203,117.98411560059,-229.6686706543,-2.0072367191315,true,false,false,false,-45,2,0
30993,SAMPLE,ALIGNING,true,6,0,0,0,0,0.24095857143402,-0.061352171003819,0.0,-0.07,0.24095857143402,0.0086478289961815,0.0092519521713257,-0.0017737150192261,0.0051134192181414,-0.00072010602073221,0.24095857143402,0.0086478289961815,113.17174530029,118.33293914795,-238.67231750488,-2.0905473232269,true,false,false,false,-45,2,0
30994,SAMPLE,ALIGNING,true,6,0,0,0,0,0.24095857143402,-0.061352171003819,0.0,-0.07,0.24095857143402,0.0086478289961815,0.0,0.0,0.0033237224917919,-0.00046806891347594,0.24095857143402,0.0086478289961815,113.17174530029,118.33293914795,-238.67231750488,-2.0905473232269,true,false,false,false,-45,2,0
30995,SAMPLE,ALIGNING,true,6,0,0,0,0,0.24095857143402,-0.061352171003819,0.0,-0.07,0.24095857143402,0.0086478289961815,0.0,0.0,0.0021604196196648,-0.00030424479375936,0.24095857143402,0.0086478289961815,111.3695526123,119.06105804443,-247.31170654297,-2.1710021495819,true,false,false,false,-45,2,0
30996,SAMPLE,ALIGNING,true,6,0,0,0,0,0.24987494945526,-0.065091289579868,0.0,-0.07,0.24987494945526,0.0049087104201317,0.0089163780212402,-0.0037391185760498,0.0045250050602162,-0.001506450617561,0.24987494945526,0.0049087104201317,111.3695526123,119.06105804443,-247.31170654297,-2.1710021495819,true,false,false,false,-45,1,0
30997,SAMPLE,ALIGNING,true,6,0,0,0,0,0.24987494945526,-0.065091289579868,0.0,-0.07,0.24987494945526,0.0049087104201317,0.0,0.0,0.0029412532891405,-0.00097919290141466,0.24987494945526,0.0049087104201317,111.3695526123,119.06105804443,-247.31170654297,-2.1710021495819,true,false,false,false,-45,1,0
30998,SAMPLE,ALIGNING,true,6,0,0,0,0,0.25821602344513,-0.069837093353271,0.0,-0.07,0.25821602344513,0.00016290664672852,0.0083410739898682,-0.0047458037734032,0.0048311905343952,-0.0022975067066106,0.25821602344513,0.00016290664672852,109.67765808105,120.00456237793,-255.36656188965,-2.2465331554413,true,false,false,false,-45,0,0
30999,SAMPLE,ALIGNING,true,6,0,0,0,0,0.25821602344513,-0.069837093353271,0.0,-0.07,0.25821602344513,0.00016290664672852,0.0,0.0,0.0031402738473569,-0.0014933793592969,0.25821602344513,0.00016290664672852,109.67765808105,120.00456237793,-255.36656188965,-2.2465331554413,true,false,false,false,-45,0,0
31000,SAMPLE,ALIGNING,true,6,0,0,0,0,0.25821602344513,-0.069837093353271,0.0,-0.07,0.25821602344513,0.00016290664672852,0.0,0.0,0.002041178000782,-0.00097069658354299,0.25821602344513,0.00016290664672852,109.67765808105,120.00456237793,-255.36656188965,-2.2465331554413,true,false,false,false,-45,0,0
31001,SAMPLE,ALIGNING,true,6,0,0,0,0,0.26593399047852,-0.075302124023438,0.0,-0.07,0.26593399047852,-0.0053021240234375,0.0077179670333862,-0.005465030670166,0.0040280541621935,-0.0025437135138611,0.26593399047852,-0.0053021240234375,108.0954284668,121.09289550781,-262.84490966797,-2.3171684741974,true,false,false,false,-45,-1,0
31002,SAMPLE,ALIGNING,true,6,0,0,0,0,0.26593399047852,-0.075302124023438,0.0,-0.07,0.26593399047852,-0.0053021240234375,0.0,0.0,0.0026182352054257,-0.0016534137840097,0.26593399047852,-0.0053021240234375,108.0954284668,121.09289550781,-262.84490966797,-2.3171684741974,true,false,false,false,-45,-1,0
31003,SAMPLE,ALIGNING,true,6,0,0,0,0,0.27274119853973,-0.081198692321777,0.0,-0.07,0.27274119853973,-0.011198692321777,0.0068072080612183,-0.0058965682983398,0.0040843757049531,-0.0031385178640252,0.27274119853973,-0.011198692321777,106.7024307251,122.26511383057,-269.37979125977,-2.3793559074402,true,false,false,false,-45,-3,0
31004,SAMPLE,ALIGNING,true,6,0,0,0,0,0.27274119853973,-0.081198692321777,0.0,-0.07,0.27274119853973,-0.011198692321777,0.0,0.0,0.0026548442082195,-0.0020400366116164,0.27274119853973,-0.011198692321777,106.7024307251,122.26511383057,-269.37979125977,-2.3793559074402,true,false,false,false,-45,-3,0
31005,SAMPLE,ALIGNING,true,6,0,0,0,0,0.27274119853973,-0.081198692321777,0.0,-0.07,0.27274119853973,-0.011198692321777,0.0,0.0,0.0017256487353427,-0.0013260237975507,0.27274119853973,-0.011198692321777,106.7024307251,122.26511383057,-269.37979125977,-2.3793559074402,true,false,false,false,-45,-3,0
31006,SAMPLE,ALIGNING,true,6,0,0,0,0,0.27801430225372,-0.087574005126953,0.0,-0.07,0.27801430225372,-0.017574005126953,0.0052731037139893,-0.0063753128051758,0.002967257977869,-0.0030932749502195,0.27801430225372,-0.017574005126953,105.62048339844,123.52705383301,-274.41461181641,-2.4276571273804,true,false,false,false,-45,-4,0
31007,SAMPLE,ALIGNING,true,6,0,0,0,0,0.27801430225372,-0.087574005126953,0.0,-0.07,0.27801430225372,-0.017574005126953,0.0,0.0,0.0019287176856148,-0.0020106287176426,0.27801430225372,-0.017574005126953,105.62048339844,123.52705383301,-274.41461181641,-2.4276571273804,true,false,false,false,-45,-4,0
31008,SAMPLE,ALIGNING,true,6,0,0,0,0,0.28065085411072,-0.091936588287354,0.0,-0.07,0.28065085411072,-0.021936588287354,0.0026365518569946,-0.0043625831604004,0.0021764596455978,-0.0028338127726079,0.28065085411072,-0.021936588287354,105.07173919678,124.40256500244,-276.94784545898,-2.4521546363831,true,false,false,false,-45,-5,0
31009,SAMPLE,ALIGNING,true,6,0,0,0,0,0.28065085411072,-0.091936588287354,0.0,-0.07,0.28065085411072,-0.021936588287354,0.0,0.0,0.0014146987696386,-0.0018419783021951,0.28065085411072,-0.021936588287354,105.07173919678,124.40256500244,-276.94784545898,-2.4521546363831,true,false,false,false,-45,-5,0
31010,SAMPLE,ALIGNING,true,6,0,0,0,0,0.28314363956451,-0.095963478088379,0.0,-0.07,0.28314363956451,-0.025963478088379,0.0024927854537964,-0.0040268898010254,0.0017920291090938,-0.0026066973267857,0.28314363956451,-0.025963478088379,104.55449676514,125.20771789551,-279.32568359375,-2.4752459526062,true,false,false,false,-45,-6,0
31011,SAMPLE,ALIGNING,true,6,0,0,0,0,0.28314363956451,-0.095963478088379,0.0,-0.07,0.28314363956451,-0.025963478088379,0.0,0.0,0.001164818920911,-0.0016943532624107,0.28314363956451,-0.025963478088379,104.55449676514,125.20771789551,-279.32568359375,-2.4752459526062,true,false,false,false,-45,-6,0
31012,SAMPLE,ALIGNING,true,6,0,0,0,0,0.28314363956451,-0.095963478088379,0.0,-0.07,0.28314363956451,-0.025963478088379,0.0,0.0,0.00075713229859213,-0.001101329620567,0.28314363956451,-0.025963478088379,104.55449676514,125.20771789551,-279.32568359375,-2.4752459526062,true,false,false,false,-45,-6,0
31013,SAMPLE,ALIGNING,true,6,0,0,0,0,0.28534865379333,-0.099798202514648,0.0,-0.07,0.28534865379333,-0.029798202514648,0.0022050142288208,-0.0038347244262695,0.0012638909741722,-0.0020580178025629,0.28534865379333,-0.029798202514648,104.09735107422,125.97068023682,-281.41656494141,-2.4956543445587,true,false,false,false,-45,-7,0
31014,SAMPLE,ALIGNING,true,6,0,0,0,0,0.28534865379333,-0.099798202514648,0.0,-0.07,0.28534865379333,-0.029798202514648,0.0,0.0,0.00082152913321191,-0.0013377115716659,0.28534865379333,-0.029798202514648,104.09735107422,125.97068023682,-281.41656494141,-2.4956543445587,true,false,false,false,-45,-7,0
31015,SAMPLE,ALIGNING,true,6,0,0,0,0,0.28683483600616,-0.1034893989563,0.0,-0.07,0.28683483600616,-0.033489398956299,0.0014861822128296,-0.0036911964416504,0.0010541577110781,-0.0021614312761604,0.28683483600616,-0.033489398956299,103.79667663574,126.6989440918,-282.77639770508,-2.5090773105621,true,false,false,false,-45,-8,0
31016,SAMPLE,ALIGNING,true,6,0,0,0,0,0.28683483600616,-0.1034893989563,0.0,-0.07,0.28683483600616,-0.033489398956299,0.0,0.0,0.00068520251220076,-0.0014049303295043,0.28683483600616,-0.033489398956299,103.79667663574,126.6989440918,-282.77639770508,-2.5090773105621,true,false,false,false,-45,-7,0
31017,SAMPLE,ALIGNING,true,6,0,0,0,0,0.28803324699402,-0.10670137405396,0.0,-0.07,0.28803324699402,-0.036701374053955,0.001198410987854,-0.0032119750976563,0.0008648254786794,-0.0020373959983575,0.28803324699402,-0.036701374053955,103.54459381104,127.33744812012,-283.91046142578,-2.5203309059143,true,false,false,false,-45,-8,0
31018,SAMPLE,ALIGNING,true,6,0,0,0,0,0.28803324699402,-0.10670137405396,0.0,-0.07,0.28803324699402,-0.036701374053955,0.0,0.0,0.00056213656114161,-0.0013243073989324,0.28803324699402,-0.036701374053955,103.54459381104,127.33744812012,-283.91046142578,-2.5203309059143,true,false,false,false,-45,-8,0
31019,SAMPLE,ALIGNING,true,6,0,0,0,0,0.28803324699402,-0.10670137405396,0.0,-0.07,0.28803324699402,-0.036701374053955,0.0,0.0,0.00036538876474205,-0.00086079980930603,0.28803324699402,-0.036701374053955,103.54459381104,127.33744812012,-283.91046142578,-2.5203309059143,true,false,false,false,-45,-8,0
31020,SAMPLE,ALIGNING,true,6,0,0,0,0,0.28908789157867,-0.10948181152344,0.0,-0.07,0.28908789157867,-0.039481811523437,0.0010546445846558,-0.0027804374694824,0.00060662830171185,-0.0015326729903678,0.28908789157867,-0.039481811523437,103.32291412354,127.90410614014,-284.90383911133,-2.5302271842957,true,false,false,false,-45,-9,0
31021,SAMPLE,ALIGNING,true,6,0,0,0,0,0.28908789157867,-0.10948181152344,0.0,-0.07,0.28908789157867,-0.039481811523437,0.0,0.0,0.0003943083961127,-0.00099623744373905,0.28908789157867,-0.039481811523437,103.32291412354,127.90410614014,-284.90383911133,-2.5302271842957,true,false,false,false,-45,-9,0
31022,SAMPLE,ALIGNING,true,6,0,0,0,0,0.28990280628204,-0.11211824417114,0.0,-0.07,0.28990280628204,-0.042118244171143,0.00081491470336914,-0.0026364326477051,0.00054152060365245,-0.0015703057651272,0.28990280628204,-0.042118244171143,103.15257263184,128.42533874512,-285.65960693359,-2.5378320217133,true,false,false,false,-45,-9,0
31023,SAMPLE,ALIGNING,true,6,0,0,0,0,0.28990280628204,-0.11211824417114,0.0,-0.07,0.28990280628204,-0.042118244171143,0.0,0.0,0.0003519883923741,-0.0010206987473327,0.28990280628204,-0.042118244171143,103.15257263184,128.42533874512,-285.65960693359,-2.5378320217133,true,false,false,false,-45,-9,0
31024,SAMPLE,ALIGNING,true,6,0,0,0,0,0.29071772098541,-0.11422729492188,0.0,-0.07,0.29071772098541,-0.044227294921875,0.00081491470336914,-0.0021090507507324,0.00051401260122236,-0.0014016219485226,0.29071772098541,-0.044227294921875,102.98511505127,128.84194946289,-286.40615844727,-2.545307636261,true,false,false,false,-45,-10,0
31025,SAMPLE,ALIGNING,true,6,0,0,0,0,0.29071772098541,-0.11422729492188,0.0,-0.07,0.29071772098541,-0.044227294921875,0.0,0.0,0.00033410819079453,-0.00091105426653967,0.29071772098541,-0.044227294921875,102.98511505127,128.84194946289,-286.40615844727,-2.545307636261,true,false,false,false,-45,-10,0
31026,SAMPLE,ALIGNING,true,6,0,0,0,0,0.29071772098541,-0.11422729492188,0.0,-0.07,0.29071772098541,-0.044227294921875,0.0,0.0,0.00021717032401645,-0.00059218527325079,0.29071772098541,-0.044227294921875,102.98511505127,128.84194946289,-286.40615844727,-2.545307636261,true,false,false,false,-45,-10,0
31027,SAMPLE,ALIGNING,true,6,0,0,0,0,0.2911491394043,-0.11619281768799,0.0,-0.07,0.2911491394043,-0.046192817687988,0.00043141841888428,-0.0019655227661133,0.00029215715722019,-0.0010728533957527,0.2911491394043,-0.046192817687988,102.90247344971,129.23306274414,-286.76156616211,-2.548996925354,true,false,false,false,-45,-10,0
31028,SAMPLE,ALIGNING,true,6,0,0,0,0,0.2911491394043,-0.11619281768799,0.0,-0.07,0.2911491394043,-0.046192817687988,0.0,0.0,0.00018990215219312,-0.00069735470723923,0.2911491394043,-0.046192817687988,102.90247344971,129.23306274414,-286.76156616211,-2.548996925354,true,false,false,false,-45,-10,0
31029,SAMPLE,ALIGNING,true,6,0,0,0,0,0.29052603244781,-0.11849403381348,0.0,-0.07,0.29052603244781,-0.048494033813477,-0.00062310695648193,-0.0023012161254883,-9.4651035843147e-05,-0.0012587062036264,0.29052603244781,-0.048494033813477,103.02662658691,129.6923828125,-286.15780639648,-2.5434546470642,true,false,false,false,-45,-11,0
31030,SAMPLE,ALIGNING,true,6,0,0,0,0,0.29052603244781,-0.11849403381348,0.0,-0.07,0.29052603244781,-0.048494033813477,0.0,0.0,-6.1523173298046e-05,-0.00081815903235716,0.29052603244781,-0.048494033813477,103.02662658691,129.6923828125,-286.15780639648,-2.5434546470642,true,false,false,false,-45,-11,0
31031,SAMPLE,ALIGNING,true,6,0,0,0,0,0.28942346572876,-0.12098693847656,0.0,-0.07,0.28942346572876,-0.050986938476562,-0.0011025667190552,-0.0024929046630859,-0.00042588841431304,-0.0014043200031122,0.28942346572876,-0.050986938476562,103.25042724609,130.19195556641,-285.08950805664,-2.5334634780884,true,false,false,false,-45,-11,0
31032,SAMPLE,ALIGNING,true,6,0,0,0,0,0.28942346572876,-0.12098693847656,0.0,-0.07,0.28942346572876,-0.050986938476562,0.0,0.0,-0.00027682746930348,-0.00091280800202295,0.28942346572876,-0.050986938476562,103.25042724609,130.19195556641,-285.08950805664,-2.5334634780884,true,false,false,false,-45,-11,0
31033,SAMPLE,ALIGNING,true,6,0,0,0,0,0.28880023956299,-0.12319183349609,0.0,-0.07,0.28880023956299,-0.053191833496094,-0.00062322616577148,-0.0022048950195313,-0.00039806701306728,-0.0013650384581509,0.28880023956299,-0.053191833496094,103.39434814453,130.6248626709,-284.39273071289,-2.5270380973816,true,false,false,false,-45,-12,0
31034,SAMPLE,ALIGNING,true,6,0,0,0,0,0.28880023956299,-0.12319183349609,0.0,-0.07,0.28880023956299,-0.053191833496094,0.0,0.0,-0.00025874355849373,-0.00088727499779806,0.28880023956299,-0.053191833496094,103.39434814453,130.6248626709,-284.39273071289,-2.5270380973816,true,false,false,false,-45,-12,0
31035,SAMPLE,ALIGNING,true,6,0,0,0,0,0.2884167432785,-0.12510919570923,0.0,-0.07,0.2884167432785,-0.055109195709229,-0.00038349628448486,-0.0019173622131348,-0.00030240701259063,-0.0012478055231659,0.2884167432785,-0.055109195709229,103.4711151123,131.00607299805,-284.00860595703,-2.5236110687256,true,false,false,false,-45,-12,0
31036,SAMPLE,ALIGNING,true,6,0,0,0,0,0.2884167432785,-0.12510919570923,0.0,-0.07,0.2884167432785,-0.055109195709229,0.0,0.0,-0.00019656455818391,-0.00081107359005784,0.2884167432785,-0.055109195709229,103.4711151123,131.00607299805,-284.00860595703,-2.5236110687256,true,false,false,false,-45,-12,0
31037,SAMPLE,ALIGNING,true,6,0,0,0,0,0.2884167432785,-0.12510919570923,0.0,-0.07,0.2884167432785,-0.055109195709229,0.0,0.0,-0.00012776696281954,-0.00052719783353759,0.2884167432785,-0.055109195709229,103.56693267822,131.41780090332,-283.53289794922,-2.5193336009979,true,false,false,false,-45,-12,0
31038,SAMPLE,ALIGNING,true,6,0,0,0,0,0.28793740272522,-0.12717056274414,0.0,-0.07,0.28793740272522,-0.057170562744141,-0.00047934055328369,-0.0020613670349121,-0.00025081771948199,-0.0010641570540187,0.28793740272522,-0.057170562744141,103.56693267822,131.41780090332,-283.53289794922,-2.5193336009979,true,false,false,false,-45,-13,0
31039,SAMPLE,ALIGNING,true,6,0,0,0,0,0.28793740272522,-0.12717056274414,0.0,-0.07,0.28793740272522,-0.057170562744141,0.0,0.0,-0.0001630315176633,-0.00069170208511214,0.28793740272522,-0.057170562744141,103.56693267822,131.41780090332,-283.53289794922,-2.5193336009979,true,false,false,false,-45,-13,0
31040,SAMPLE,ALIGNING,true,6,0,0,0,0,0.28769767284393,-0.129807472229,0.0,-0.07,0.28769767284393,-0.059807472229004,-0.00023972988128662,-0.0026369094848633,-0.00018987594493146,-0.001372524675025,0.28769767284393,-0.059807472229004,103.61756134033,131.9423828125,-283.2551574707,-2.517073392868,true,false,false,false,-45,-13,0
31041,SAMPLE,ALIGNING,true,6,0,0,0,0,0.28769767284393,-0.129807472229,0.0,-0.07,0.28769767284393,-0.059807472229004,0.0,0.0,-0.00012341936420545,-0.00089214103876627,0.28769767284393,-0.059807472229004,103.61756134033,131.9423828125,-283.2551574707,-2.517073392868,true,false,false,false,-45,-13,0
31042,SAMPLE,ALIGNING,true,6,0,0,0,0,0.28784155845642,-0.13062191009521,0.0,-0.07,0.28784155845642,-0.060621910095215,0.00014388561248779,-0.00081443786621094,-2.9862622362814e-05,-0.00086494492837191,0.28784155845642,-0.060621910095215,103.59153747559,132.11393737793,-283.36065673828,-2.5182349681854,true,false,false,false,-45,-13,0
31043,SAMPLE,ALIGNING,true,6,0,0,0,0,0.28784155845642,-0.13062191009521,0.0,-0.07,0.28784155845642,-0.060621910095215,0.0,0.0,-1.9410704535829e-05,-0.00056221420344174,0.28784155845642,-0.060621910095215,103.59153747559,132.11393737793,-283.36065673828,-2.5182349681854,true,false,false,false,-45,-13,0
31044,SAMPLE,ALIGNING,true,6,0,0,0,0,0.28784155845642,-0.13062191009521,0.0,-0.07,0.28784155845642,-0.060621910095215,0.0,0.0,-1.2616957948289e-05,-0.00036543923223713,0.28784155845642,-0.060621910095215,103.59153747559,132.11393737793,-283.36065673828,-2.5182349681854,true,false,false,false,-45,-13,0
31045,SAMPLE,ALIGNING,true,6,0,0,0,0,0.28798532485962,-0.13114929199219,0.0,-0.07,0.28798532485962,-0.061149291992187,0.00014376640319824,-0.00052738189697266,4.2117218452997e-05,-0.00042211916489456,0.28798532485962,-0.061149291992187,103.55718231201,132.21740722656,-283.51031494141,-2.5197689533234,true,false,false,false,-45,-13,0
31046,SAMPLE,ALIGNING,true,6,0,0,0,0,0.28798532485962,-0.13114929199219,0.0,-0.07,0.28798532485962,-0.061149291992187,0.0,0.0,2.7376191994448e-05,-0.00027437745718147,0.28798532485962,-0.061149291992187,103.55718231201,132.21740722656,-283.51031494141,-2.5197689533234,true,false,false,false,-45,-13,0
31047,SAMPLE,ALIGNING,true,6,0,0,0,0,0.2883208990097,-0.13172483444214,0.0,-0.07,0.2883208990097,-0.061724834442139,0.00033557415008545,-0.00057554244995117,0.0001352454773263,-0.00037978520465086,0.2883208990097,-0.061724834442139,103.48031616211,132.32875061035,-283.85556030273,-2.5232002735138,true,false,false,false,-45,-14,0
31048,SAMPLE,ALIGNING,true,6,0,0,0,0,0.2883208990097,-0.13172483444214,0.0,-0.07,0.2883208990097,-0.061724834442139,0.0,0.0,8.7909560262094e-05,-0.00024686038302306,0.2883208990097,-0.061724834442139,103.48031616211,132.32875061035,-283.85556030273,-2.5232002735138,true,false,false,false,-45,-14,0
31049,SAMPLE,ALIGNING,true,6,0,0,0,0,0.2883208990097,-0.13172483444214,0.0,-0.07,0.2883208990097,-0.061724834442139,0.0,0.0,5.7141214170361e-05,-0.00016045924896499,0.2883208990097,-0.061724834442139,103.4027633667,132.39678955078,-284.20758056641,-2.5266625881195,true,false,false,false,-45,-14,0
31050,SAMPLE,ALIGNING,true,6,0,0,0,0,0.28870439529419,-0.13206005096436,0.0,-0.07,0.28870439529419,-0.062060050964355,0.00038349628448486,-0.0003352165222168,0.00017136548878044,-0.00022162429460312,0.28870439529419,-0.062060050964355,103.4027633667,132.39678955078,-284.20758056641,-2.5266625881195,true,false,false,false,-45,-14,0
31051,SAMPLE,ALIGNING,true,6,0,0,0,0,0.28870439529419,-0.13206005096436,0.0,-0.07,0.28870439529419,-0.062060050964355,0.0,0.0,0.00011138756770728,-0.00014405579149203,0.28870439529419,-0.062060050964355,103.4027633667,132.39678955078,-284.20758056641,-2.5266625881195,true,false,false,false,-45,-14,0
31052,SAMPLE,ALIGNING,true,6,0,0,0,0,0.28884816169739,-0.1328272819519,0.0,-0.07,0.28884816169739,-0.062827281951904,0.00014376640319824,-0.00076723098754883,0.00012272016012912,-0.00036216711011191,0.28884816169739,-0.062827281951904,103.37588500977,132.55624389648,-284.31735229492,-2.5278625488281,true,false,false,false,-45,-14,0
31053,SAMPLE,ALIGNING,true,6,0,0,0,0,0.28884816169739,-0.1328272819519,0.0,-0.07,0.28884816169739,-0.062827281951904,0.0,0.0,7.9768104083928e-05,-0.00023540862157274,0.28884816169739,-0.062827281951904,103.37588500977,132.55624389648,-284.31735229492,-2.5278625488281,true,false,false,false,-45,-14,0
31054,SAMPLE,ALIGNING,true,6,0,0,0,0,0.28884816169739,-0.13335466384888,0.0,-0.07,0.28884816169739,-0.063354663848877,0.0,-0.00052738189697266,5.1849267654553e-05,-0.00033759926796271,0.28884816169739,-0.063354663848877,103.38006591797,132.65419006348,-284.28921508789,-2.5276756286621,true,false,false,false,-45,-14,0
31055,SAMPLE,ALIGNING,true,6,0,0,0,0,0.28884816169739,-0.13335466384888,0.0,-0.07,0.28884816169739,-0.063354663848877,0.0,0.0,3.3702023975459e-05,-0.00021943952417576,0.28884816169739,-0.063354663848877,103.38006591797,132.65419006348,-284.28921508789,-2.5276756286621,true,false,false,false,-45,-14,0
31056,SAMPLE,ALIGNING,true,6,0,0,0,0,0.28884816169739,-0.13335466384888,0.0,-0.07,0.28884816169739,-0.063354663848877,0.0,0.0,2.1906315584049e-05,-0.00014263569071425,0.28884816169739,-0.063354663848877,103.38006591797,132.65419006348,-284.28921508789,-2.5276756286621,true,false,false,false,-45,-14,0
31057,SAMPLE,ALIGNING,true,6,0,0,0,0,0.28884816169739,-0.13378620147705,0.0,-0.07,0.28884816169739,-0.063786201477051,0.0,-0.00043153762817383,1.4239105129632e-05,-0.0002437513688251,0.28884816169739,-0.063786201477051,103.37936401367,132.74096679688,-284.28457641602,-2.5277070999146,true,false,false,false,-45,-14,0
31058,SAMPLE,ALIGNING,true,6,0,0,0,0,0.28884816169739,-0.13378620147705,0.0,-0.07,0.28884816169739,-0.063786201477051,0.0,0.0,9.2554183342605e-06,-0.00015843838973631,0.28884816169739,-0.063786201477051,103.37936401367,132.74096679688,-284.28457641602,-2.5277070999146,true,false,false,false,-45,-14,0
31059,SAMPLE,ALIGNING,true,6,0,0,0,0,0.28884816169739,-0.13412141799927,0.0,-0.07,0.28884816169739,-0.064121417999268,0.0,-0.0003352165222168,6.0160219172694e-06,-0.00022031073610448,0.28884816169739,-0.064121417999268,103.37997436523,132.80484008789,-284.27587890625,-2.5276801586151,true,false,false,false,-45,-14,0
31060,SAMPLE,ALIGNING,true,6,0,0,0,0,0.28884816169739,-0.13412141799927,0.0,-0.07,0.28884816169739,-0.064121417999268,0.0,0.0,3.9104142462251e-06,-0.00014320197846791,0.28884816169739,-0.064121417999268,103.37997436523,132.80484008789,-284.27587890625,-2.5276801586151,true,false,false,false,-45,-14,0
31061,SAMPLE,ALIGNING,true,6,0,0,0,0,0.28884816169739,-0.13436126708984,0.0,-0.07,0.28884816169739,-0.064361267089844,0.0,-0.00023984909057617,2.5417692600463e-06,-0.0001770284677058,0.28884816169739,-0.064361267089844,103.37490081787,132.85974121094,-284.29428100586,-2.5279064178467,true,false,false,false,-45,-14,0
31062,SAMPLE,ALIGNING,true,6,0,0,0,0,0.28884816169739,-0.13436126708984,0.0,-0.07,0.28884816169739,-0.064361267089844,0.0,0.0,1.6521500190301e-06,-0.00011506850400877,0.28884816169739,-0.064361267089844,103.37490081787,132.85974121094,-284.29428100586,-2.5279064178467,true,false,false,false,-45,-14,0
31063,SAMPLE,ALIGNING,true,6,0,0,0,0,0.28884816169739,-0.13436126708984,0.0,-0.07,0.28884816169739,-0.064361267089844,0.0,0.0,1.0738975123696e-06,-7.4794527605702e-05,0.28884816169739,-0.064361267089844,103.37490081787,132.85974121094,-284.29428100586,-2.5279064178467,true,false,false,false,-45,-14,0
31064,SAMPLE,ALIGNING,true,6,0,0,0,0,0.28975903987885,-0.13498449325562,0.0,-0.07,0.28975903987885,-0.064984493255615,0.00091087818145752,-0.00062322616577148,0.00031950539689317,-0.00026674560096373,0.28975903987885,-0.064984493255615,103.1880569458,132.98693847656,-285.14440917969,-2.5362477302551,true,false,false,false,-45,-14,0
31065,SAMPLE,ALIGNING,true,6,0,0,0,0,0.28975903987885,-0.13498449325562,0.0,-0.07,0.28975903987885,-0.064984493255615,0.0,0.0,0.00020767850798056,-0.00017338464062642,0.28975903987885,-0.064984493255615,103.1880569458,132.98693847656,-285.14440917969,-2.5362477302551,true,false,false,false,-45,-14,0
31066,SAMPLE,ALIGNING,true,6,0,0,0,0,0.29182028770447,-0.13575172424316,0.0,-0.07,0.29182028770447,-0.065751724243164,0.0020612478256226,-0.00076723098754883,0.00085642776915526,-0.00038123086204926,0.29182028770447,-0.065751724243164,102.75894927979,133.14526367188,-287.10623168945,-2.5554041862488,true,false,false,false,-45,-14,0
31067,SAMPLE,ALIGNING,true,6,0,0,0,0,0.29182028770447,-0.13575172424316,0.0,-0.07,0.29182028770447,-0.065751724243164,0.0,0.0,0.00055667804995092,-0.00024780006033202,0.29182028770447,-0.065751724243164,102.75894927979,133.14526367188,-287.10623168945,-2.5554041862488,true,false,false,false,-45,-14,0
31068,SAMPLE,ALIGNING,true,6,0,0,0,0,0.29182028770447,-0.13575172424316,0.0,-0.07,0.29182028770447,-0.065751724243164,0.0,0.0,0.0003618407324681,-0.00016107003921581,0.29182028770447,-0.065751724243164,102.75894927979,133.14526367188,-287.10623168945,-2.5554041862488,true,false,false,false,-45,-14,0
31069,SAMPLE,ALIGNING,true,6,0,0,0,0,0.2957991361618,-0.13685417175293,0.0,-0.07,0.2957991361618,-0.06685417175293,0.0039788484573364,-0.0011024475097656,0.001627793436172,-0.00049055215390825,0.2957991361618,-0.06685417175293,101.93241119385,133.38438415527,-290.88024902344,-2.592303276062,true,false,false,false,-45,-15,0
31070,SAMPLE,ALIGNING,true,6,0,0,0,0,0.2957991361618,-0.13685417175293,0.0,-0.07,0.2957991361618,-0.06685417175293,0.0,0.0,0.0010580657335118,-0.00031885890004036,0.2957991361618,-0.06685417175293,101.93241119385,133.38438415527,-290.88024902344,-2.592303276062,true,false,false,false,-45,-15,0
31071,SAMPLE,ALIGNING,true,6,0,0,0,0,0.2957991361618,-0.13685417175293,0.0,-0.07,0.2957991361618,-0.06685417175293,0.0,0.0,0.00068774272678268,-0.00020725828502623,0.2957991361618,-0.06685417175293,101.93241119385,133.38438415527,-290.88024902344,-2.592303276062,true,false,false,false,-45,-15,0
31072,SAMPLE,ALIGNING,true,6,0,0,0,0,0.30059289932251,-0.13939476013184,0.0,-0.07,0.30059289932251,-0.069394760131836,0.0047937631607056,-0.0025405883789063,0.0021248498786557,-0.0010239238178842,0.30059289932251,-0.069394760131836,100.9260559082,133.90780639648,-295.43188476563,-2.6372301578522,true,false,false,false,-45,-15,0
31073,SAMPLE,ALIGNING,true,6,0,0,0,0,0.30059289932251,-0.13939476013184,0.0,-0.07,0.30059289932251,-0.069394760131836,0.0,0.0,0.0013811524211262,-0.00066555048162476,0.30059289932251,-0.069394760131836,100.9260559082,133.90780639648,-295.43188476563,-2.6372301578522,true,false,false,false,-45,-15,0
31074,SAMPLE,ALIGNING,true,6,0,0,0,0,0.3056263923645,-0.14231872558594,0.0,-0.07,0.3056263923645,-0.072318725585937,0.0050334930419922,-0.0029239654541016,0.0026594716384293,-0.0014559957219916,0.3056263923645,-0.072318725585937,99.879890441895,134.52285766602,-300.13067626953,-2.6839337348938,true,false,false,false,-45,-16,0
31075,SAMPLE,ALIGNING,true,6,0,0,0,0,0.3056263923645,-0.14231872558594,0.0,-0.07,0.3056263923645,-0.072318725585937,0.0,0.0,0.001728656564979,-0.00094639721929456,0.3056263923645,-0.072318725585937,99.879890441895,134.52285766602,-300.13067626953,-2.6839337348938,true,false,false,false,-45,-16,0
31076,SAMPLE,ALIGNING,true,6,0,0,0,0,0.3056263923645,-0.14231872558594,0.0,-0.07,0.3056263923645,-0.072318725585937,0.0,0.0,0.0011236267672364,-0.00061515819254147,0.3056263923645,-0.072318725585937,99.879890441895,134.52285766602,-300.13067626953,-2.6839337348938,true,false,false,false,-45,-16,0
31077,SAMPLE,ALIGNING,true,6,0,0,0,0,0.31046807765961,-0.14562654495239,0.0,-0.07,0.31046807765961,-0.075626544952393,0.004841685295105,-0.0033078193664551,0.0024249472519904,-0.0015575896034112,0.31046807765961,-0.075626544952393,98.865081787109,135.20095825195,-304.6535949707,-2.7292375564575,true,false,false,false,-45,-17,0
31078,SAMPLE,ALIGNING,true,6,0,0,0,0,0.31046807765961,-0.14562654495239,0.0,-0.07,0.31046807765961,-0.075626544952393,0.0,0.0,0.0015762157137938,-0.0010124332422173,0.31046807765961,-0.075626544952393,98.865081787109,135.20095825195,-304.6535949707,-2.7292375564575,true,false,false,false,-45,-17,0
31079,SAMPLE,ALIGNING,true,6,0,0,0,0,0.31487834453583,-0.14879035949707,0.0,-0.07,0.31487834453583,-0.07879035949707,0.0044102668762207,-0.0031638145446777,0.0025681336206432,-0.0017654166980785,0.31487834453583,-0.07879035949707,97.932083129883,135.86499023438,-308.78366088867,-2.7708892822266,true,false,false,false,-45,-17,0
31080,SAMPLE,ALIGNING,true,6,0,0,0,0,0.31487834453583,-0.14879035949707,0.0,-0.07,0.31487834453583,-0.07879035949707,0.0,0.0,0.0016692868534181,-0.001147520853751,0.31487834453583,-0.07879035949707,97.932083129883,135.86499023438,-308.78366088867,-2.7708892822266,true,false,false,false,-45,-17,0
31081,SAMPLE,ALIGNING,true,6,0,0,0,0,0.31487834453583,-0.14879035949707,0.0,-0.07,0.31487834453583,-0.07879035949707,0.0,0.0,0.0010850364547217,-0.00074588855493815,0.31487834453583,-0.07879035949707,97.932083129883,135.86499023438,-308.78366088867,-2.7708892822266,true,false,false,false,-45,-17,0
31082,SAMPLE,ALIGNING,true,6,0,0,0,0,0.31876134872437,-0.15166664123535,0.0,-0.07,0.31876134872437,-0.081666641235352,0.0038830041885376,-0.0028762817382813,0.0020643251615573,-0.0014915261691082,0.31876134872437,-0.081666641235352,97.113265991211,136.4654083252,-312.38696289063,-2.8074436187744,true,false,false,false,-45,-18,0
31083,SAMPLE,ALIGNING,true,6,0,0,0,0,0.31876134872437,-0.15166664123535,0.0,-0.07,0.31876134872437,-0.081666641235352,0.0,0.0,0.0013418113550122,-0.00096949200992035,0.31876134872437,-0.081666641235352,97.113265991211,136.4654083252,-312.38696289063,-2.8074436187744,true,false,false,false,-45,-18,0
31084,SAMPLE,ALIGNING,true,6,0,0,0,0,0.31876134872437,-0.15166664123535,0.0,-0.07,0.31876134872437,-0.081666641235352,0.0,0.0,0.00087217738075796,-0.00063016980644823,0.31876134872437,-0.081666641235352,97.113265991211,136.4654083252,-312.38696289063,-2.8074436187744,true,false,false,false,-45,-18,0
31085,SAMPLE,ALIGNING,true,6,0,0,0,0,0.32101440429688,-0.15368032455444,0.0,-0.07,0.32101440429688,-0.083680324554443,0.0022530555725098,-0.0020136833190918,0.0013554847478711,-0.0011143995358735,0.32101440429688,-0.083680324554443,96.634078979492,136.88134765625,-314.47891235352,-2.8288359642029,true,false,false,false,-45,-18,0
31086,SAMPLE,ALIGNING,true,6,0,0,0,0,0.32101440429688,-0.15368032455444,0.0,-0.07,0.32101440429688,-0.083680324554443,0.0,0.0,0.00088106508611621,-0.00072435969831776,0.32101440429688,-0.083680324554443,96.634078979492,136.88134765625,-314.47891235352,-2.8288359642029,true,false,false,false,-45,-18,0
31087,SAMPLE,ALIGNING,true,6,0,0,0,0,0.32350707054138,-0.15487861633301,0.0,-0.07,0.32350707054138,-0.084878616333008,0.0024926662445068,-0.0011982917785645,0.0014451254915529,-0.0008902359264041,0.32350707054138,-0.084878616333008,96.102096557617,137.14239501953,-316.82043457031,-2.8525853157043,true,false,false,false,-45,-19,0
31088,SAMPLE,ALIGNING,true,6,0,0,0,0,0.32350707054138,-0.15487861633301,0.0,-0.07,0.32350707054138,-0.084878616333008,0.0,0.0,0.0009393315695094,-0.00057865335216267,0.32350707054138,-0.084878616333008,96.102096557617,137.14239501953,-316.82043457031,-2.8525853157043,true,false,false,false,-45,-19,0
31089,SAMPLE,ALIGNING,true,6,0,0,0,0,0.32350707054138,-0.15487861633301,0.0,-0.07,0.32350707054138,-0.084878616333008,0.0,0.0,0.00061056552018111,-0.00037612467890573,0.32350707054138,-0.084878616333008,96.102096557617,137.14239501953,-316.82043457031,-2.8525853157043,true,false,false,false,-45,-19,0
31090,SAMPLE,ALIGNING,true,6,0,0,0,0,0.32489740848541,-0.15147495269775,0.0,-0.07,0.32489740848541,-0.081474952697754,0.0013903379440308,0.0034036636352539,0.00088348586852849,0.00094680123105014,0.32489740848541,-0.081474952697754,95.810989379883,136.45927429199,-318.2077331543,-2.865581035614,true,false,false,false,-45,-18,0
31091,SAMPLE,ALIGNING,true,6,0,0,0,0,0.32489740848541,-0.15147495269775,0.0,-0.07,0.32489740848541,-0.081474952697754,0.0,0.0,0.00057426581454352,0.00061542080018259,0.32489740848541,-0.081474952697754,95.810989379883,136.45927429199,-318.2077331543,-2.865581035614,true,false,false,false,-45,-18,0
31092,SAMPLE,ALIGNING,true,6,0,0,0,0,0.32657516002655,-0.14596223831177,0.0,-0.07,0.32657516002655,-0.075962238311768,0.0016777515411377,0.0055127143859863,0.00096048581885148,0.0023294735552139,0.32657516002655,-0.075962238311768,95.458740234375,135.35067749023,-319.91430664063,-2.8813064098358,true,false,false,false,-45,-17,0
31093,SAMPLE,ALIGNING,true,6,0,0,0,0,0.32657516002655,-0.14596223831177,0.0,-0.07,0.32657516002655,-0.075962238311768,0.0,0.0,0.00062431578225346,0.001514157810889,0.32657516002655,-0.075962238311768,95.458740234375,135.35067749023,-319.91430664063,-2.8813064098358,true,false,false,false,-45,-17,0
31094,SAMPLE,ALIGNING,true,6,0,0,0,0,0.32657516002655,-0.14596223831177,0.0,-0.07,0.32657516002655,-0.075962238311768,0.0,0.0,0.00040580525846475,0.00098420257707787,0.32657516002655,-0.075962238311768,95.458740234375,135.35067749023,-319.91430664063,-2.8813064098358,true,false,false,false,-45,-17,0
31095,SAMPLE,ALIGNING,true,6,0,0,0,0,0.32911574840546,-0.13857984542847,0.0,-0.07,0.32911574840546,-0.068579845428467,0.0025405883789063,0.0073823928833008,0.0011529793506193,0.0032235691842559,0.32911574840546,-0.068579845428467,94.923973083496,133.87457275391,-322.46139526367,-2.905179977417,true,false,false,false,-45,-15,0
31096,SAMPLE,ALIGNING,true,6,0,0,0,0,0.32911574840546,-0.13857984542847,0.0,-0.07,0.32911574840546,-0.068579845428467,0.0,0.0,0.00074943657790253,0.0020953199697663,0.32911574840546,-0.068579845428467,94.923973083496,133.87457275391,-322.46139526367,-2.905179977417,true,false,false,false,-45,-15,0
31097,SAMPLE,ALIGNING,true,6,0,0,0,0,0.32911574840546,-0.13857984542847,0.0,-0.07,0.32911574840546,-0.068579845428467,0.0,0.0,0.00048713377563664,0.0013619579803481,0.32911574840546,-0.068579845428467,94.923973083496,133.87457275391,-322.46139526367,-2.905179977417,true,false,false,false,-45,-15,0
31098,SAMPLE,ALIGNING,true,6,0,0,0,0,0.33256733417511,-0.12971115112305,0.0,-0.07,0.33256733417511,-0.059711151123047,0.0034515857696533,0.0088686943054199,0.0015246919735425,0.0039893156941232,0.33256733417511,-0.059711151123047,94.184600830078,132.09927368164,-325.92239379883,-2.9381875991821,true,false,false,false,-45,-13,0
31099,SAMPLE,ALIGNING,true,6,0,0,0,0,0.33256733417511,-0.12971115112305,0.0,-0.07,0.33256733417511,-0.059711151123047,0.0,0.0,0.00099104978280261,0.0025930552011801,0.33256733417511,-0.059711151123047,94.184600830078,132.09927368164,-325.92239379883,-2.9381875991821,true,false,false,false,-45,-13,0
31100,SAMPLE,ALIGNING,true,6,0,0,0,0,0.33256733417511,-0.12971115112305,0.0,-0.07,0.33256733417511,-0.059711151123047,0.0,0.0,0.0006441823588217,0.0016854858807671,0.33256733417511,-0.059711151123047,94.184600830078,132.09927368164,-325.92239379883,-2.9381875991821,true,false,false,false,-45,-13,0
31101,SAMPLE,ALIGNING,true,6,0,0,0,0,0.33649826049805,-0.12103462219238,0.0,-0.07,0.33649826049805,-0.051034622192383,0.003930926322937,0.0086765289306641,0.0017945427462621,0.004132350948231,0.33649826049805,-0.051034622192383,93.354133605957,130.35374450684,-329.7487487793,-2.9752621650696,true,false,false,false,-45,-11,0
31102,SAMPLE,ALIGNING,true,6,0,0,0,0,0.33649826049805,-0.12103462219238,0.0,-0.07,0.33649826049805,-0.051034622192383,0.0,0.0,0.0011664527850703,0.0026860281163502,0.33649826049805,-0.051034622192383,93.354133605957,130.35374450684,-329.7487487793,-2.9752621650696,true,false,false,false,-45,-11,0
31103,SAMPLE,ALIGNING,true,6,0,0,0,0,0.33649826049805,-0.12103462219238,0.0,-0.07,0.33649826049805,-0.051034622192383,0.0,0.0,0.00075819431029572,0.0017459182756276,0.33649826049805,-0.051034622192383,92.587463378906,128.79927062988,-333.24438476563,-3.0094883441925,true,false,false,false,-45,-11,0
31104,SAMPLE,ALIGNING,true,6,0,0,0,0,0.34004557132721,-0.11331653594971,0.0,-0.07,0.34004557132721,-0.043316535949707,0.0035473108291626,0.0077180862426758,0.0017343850918991,0.0038361770640945,0.34004557132721,-0.043316535949707,92.587463378906,128.79927062988,-333.24438476563,-3.0094883441925,true,false,false,false,-45,-9,0
31105,SAMPLE,ALIGNING,true,6,0,0,0,0,0.34004557132721,-0.11331653594971,0.0,-0.07,0.34004557132721,-0.043316535949707,0.0,0.0,0.0011273503097344,0.0024935150916614,0.34004557132721,-0.043316535949707,92.587463378906,128.79927062988,-333.24438476563,-3.0094883441925,true,false,false,false,-45,-9,0
31106,SAMPLE,ALIGNING,true,6,0,0,0,0,0.34004557132721,-0.11331653594971,0.0,-0.07,0.34004557132721,-0.043316535949707,0.0,0.0,0.00073277770132738,0.0016207848095799,0.34004557132721,-0.043316535949707,92.587463378906,128.79927062988,-333.24438476563,-3.0094883441925,true,false,false,false,-45,-9,0
31107,SAMPLE,ALIGNING,true,6,0,0,0,0,0.34301769733429,-0.10679721832275,0.0,-0.07,0.34301769733429,-0.036797218322754,0.0029721260070801,0.0065193176269531,0.0015165496083408,0.0033352712956605,0.34301769733429,-0.036797218322754,91.952667236328,127.49137878418,-336.11688232422,-3.0378277301788,true,false,false,false,-45,-8,0
31108,SAMPLE,ALIGNING,true,6,0,0,0,0,0.34301769733429,-0.10679721832275,0.0,-0.07,0.34301769733429,-0.036797218322754,0.0,0.0,0.00098575724542154,0.0021679263421793,0.34301769733429,-0.036797218322754,91.952667236328,127.49137878418,-336.11688232422,-3.0378277301788,true,false,false,false,-45,-8,0
31109,SAMPLE,ALIGNING,true,6,0,0,0,0,0.34301769733429,-0.10679721832275,0.0,-0.07,0.34301769733429,-0.036797218322754,0.0,0.0,0.000640742209524,0.0014091521224166,0.34301769733429,-0.036797218322754,116.71807861328,124.76493835449,-221.46104431152,-1.9322286844254,true,false,false,false,-45,-8,0
31110,SAMPLE,ALIGNING,true,6,0,0,0,0,0.22331750392914,-0.094141483306885,0.0,-0.07,0.22331750392914,-0.024141483306885,-0.11970019340515,0.012655735015869,-0.041478585255612,0.005345456135125,0.22331750392914,-0.024141483306885,116.71807861328,124.76493835449,-221.46104431152,-1.9322286844254,true,false,false,false,-45,-5,0
31111,SAMPLE,ALIGNING,true,6,0,0,0,0,0.22331750392914,-0.094141483306885,0.0,-0.07,0.22331750392914,-0.024141483306885,0.0,0.0,-0.026961080416148,0.0034745464878312,0.22331750392914,-0.024141483306885,116.71807861328,124.76493835449,-221.46104431152,-1.9322286844254,true,false,false,false,-45,-5,0
31112,SAMPLE,ALIGNING,true,6,0,0,0,0,0.052707433700562,-0.085656642913818,0.0,-0.07,0.052707433700562,-0.015656642913818,-0.17061007022858,0.0084848403930664,-0.077238226850498,0.0052281493546635,0.052707433700562,-0.015656642913818,149.9395904541,123.03076171875,-52.723342895508,-0.44912570714951,true,false,false,false,-8,-3,0
31113,SAMPLE,ALIGNING,true,6,0,0,0,0,0.052707433700562,-0.085656642913818,0.0,-0.07,0.052707433700562,-0.015656642913818,0.0,0.0,-0.050204847452824,0.0033982970805313,0.052707433700562,-0.015656642913818,149.9395904541,123.03076171875,-52.723342895508,-0.44912570714951,true,false,false,false,-10,-3,0
31114,SAMPLE,ALIGNING,true,6,0,0,0,0,0.052707433700562,-0.085656642913818,0.0,-0.07,0.052707433700562,-0.015656642913818,0.0,0.0,-0.032633150844335,0.0022088931023453,0.052707433700562,-0.015656642913818,149.9395904541,123.03076171875,-52.723342895508,-0.44912570714951,true,false,false,false,-12,-3,0
31115,SAMPLE,ALIGNING,true,6,0,0,0,0,0.038997292518616,-0.081533908843994,0.0,-0.07,0.038997292518616,-0.011533908843994,-0.013710141181946,0.0041227340698242,-0.026010097462499,0.002878737440963,0.038997292518616,-0.011533908843994,152.55931091309,122.24155426025,-39.02103805542,-0.33217337727547,true,false,false,false,-9,-2,0
31116,SAMPLE,ALIGNING,true,6,0,0,0,0,0.038997292518616,-0.081533908843994,0.0,-0.07,0.038997292518616,-0.011533908843994,0.0,0.0,-0.016906563350624,0.0018711793366259,0.038997292518616,-0.011533908843994,152.55931091309,122.24155426025,-39.02103805542,-0.33217337727547,true,false,false,false,-9,-2,0
31117,SAMPLE,ALIGNING,true,6,0,0,0,0,0.028834581375122,-0.078417778015137,0.0,-0.07,0.028834581375122,-0.0084177780151367,-0.010162711143494,0.0031161308288574,-0.014546215078129,0.0023069123589069,0.028834581375122,-0.0084177780151367,154.49687194824,121.65785217285,-28.870794296265,-0.24567544460297,true,false,false,true,-7,-2,0
31118,SAMPLE,ALIGNING,true,6,0,0,0,0,0.028834581375122,-0.078417778015137,0.0,-0.07,0.028834581375122,-0.0084177780151367,0.0,0.0,-0.0094550398007836,0.0014994930332895,0.028834581375122,-0.0084177780151367,154.49687194824,121.65785217285,-28.870794296265,-0.24567544460297,true,false,false,true,-7,-2,0
31119,SAMPLE,ALIGNING,true,6,0,0,0,0,0.021308302879333,-0.076165199279785,0.0,-0.07,0.021308302879333,-0.0061651992797851,-0.0075262784957886,0.0022525787353516,-0.0087799733440353,0.0017630730290112,0.021308302879333,-0.0061651992797851,155.92988586426,121.2261505127,-21.357242584229,-0.18170155584812,true,false,false,true,-5,-1,0
31120,SAMPLE,ALIGNING,true,6,0,0,0,0,0.021308302879333,-0.076165199279785,0.0,-0.07,0.021308302879333,-0.0061651992797851,0.0,0.0,-0.005706982673623,0.0011459974688573,0.021308302879333,-0.0061651992797851,155.92988586426,121.2261505127,-21.357242584229,-0.18170155584812,true,false,false,true,-5,-1,0
31121,SAMPLE,ALIGNING,true,6,1,0,0,0,0.015747547149658,-0.074487209320068,0.0,-0.07,0.015747547149658,-0.0044872093200684,-0.0055607557296753,0.0016779899597168,-0.0056558032432413,0.0013321948406581,0.015747547149658,-0.0044872093200684,156.98974609375,120.90686035156,-15.797584533691,-0.13438646495342,false,false,true,true,-4,-1,0
31122,SAMPLE,ALIGNING,true,6,2,0,0,0,0.015747547149658,-0.074487209320068,0.0,-0.07,0.015747547149658,-0.0044872093200684,0.0,0.0,-0.0036762721081068,0.00086592664642778,0.015747547149658,-0.0044872093200684,156.98974609375,120.90686035156,-15.797584533691,-0.13438646495342,false,false,true,true,-4,-1,0
31123,SAMPLE,ALIGNING,true,6,3,0,0,0,0.011624813079834,-0.073288917541504,0.0,-0.07,0.011624813079834,-0.0032889175415039,-0.0041227340698242,0.0011982917785645,-0.0038325337947079,0.00098225444267562,0.011624813079834,-0.0032889175415039,157.77362060547,120.67071533203,-11.684590339661,-0.099392235279083,false,false,true,true,-3,-1,0
31124,SAMPLE,ALIGNING,true,6,4,0,0,0,0.011624813079834,-0.073288917541504,0.0,-0.07,0.011624813079834,-0.0032889175415039,0.0,0.0,-0.0024911469665601,0.00063846538773915,0.011624813079834,-0.0032889175415039,157.77362060547,120.67071533203,-11.684590339661,-0.099392235279083,false,false,true,true,-3,-1,0
31125,STABLE,STABLE,true,6,5,0,0,0,0.011624813079834,-0.073288917541504,0.0,-0.07,0.011624813079834,-0.0032889175415039,0.0,0.0,-0.0016192455282641,0.00041500250203045,0.011624813079834,-0.0032889175415039,158.35336303711,120.49606323242,-8.6422500610352,-0.073510497808456,false,false,true,true,-1,0,0
31126,SAMPLE,STABLE,true,6,5,0,0,0,0.0086047649383545,-0.072378158569336,0.0,-0.07,0.0086047649383545,-0.0023781585693359,-0.0030200481414795,0.00091075897216797,-0.0021095264428895,0.00058851726657858,0.0086047649383545,-0.0023781585693359,158.35336303711,120.49606323242,-8.6422500610352,-0.073510497808456,false,false,true,true,-1,0,0
31127,SAMPLE,STABLE,true,6,5,0,0,0,0.0086047649383545,-0.072378158569336,0.0,-0.07,0.0086047649383545,-0.0023781585693359,0.0,0.0,-0.0013711921878782,0.00038253622327608,0.0086047649383545,-0.0023781585693359,158.78215026855,120.36688232422,-6.3919105529785,-0.054368361830711,false,false,true,true,-1,0,0
31128,SAMPLE,STABLE,true,6,5,0,0,0,0.0063517093658447,-0.071706771850586,0.0,-0.07,0.0063517093658447,-0.0017067718505859,-0.0022530555725098,0.00067138671875,-0.0016798443724992,0.00048363389669195,0.0063517093658447,-0.0017067718505859,158.78215026855,120.36688232422,-6.3919105529785,-0.054368361830711,false,false,true,true,-1,0,0
31129,SAMPLE,STABLE,true,6,5,0,0,0,0.0063517093658447,-0.071706771850586,0.0,-0.07,0.0063517093658447,-0.0017067718505859,0.0,0.0,-0.0010918988421245,0.00031436203284977,0.0063517093658447,-0.0017067718505859,158.78215026855,120.36688232422,-6.3919105529785,-0.054368361830711,false,false,true,true,-1,0,0
31130,SAMPLE,STABLE,true,6,5,1,0,0,0.004673957824707,-0.071179389953613,0.0,-0.07,0.004673957824707,-0.0011793899536133,-0.0016777515411377,0.00052738189697266,-0.0012969472867791,0.00038891898529278,0.0063517093658447,-0.0017067718505859,159.09927368164,120.2713470459,-4.7275290489197,-0.040210843086243,false,true,true,true,-1,0,0
31131,SAMPLE,STABLE,true,6,5,2,0,0,0.004673957824707,-0.071179389953613,0.0,-0.07,0.004673957824707,-0.0011793899536133,0.0,0.0,-0.00084301573640643,0.00025279734044031,0.0063517093658447,-0.0017067718505859,159.09927368164,120.2713470459,-4.7275290489197,-0.040210843086243,false,true,true,true,-1,0,0
31132,TARGET_TEMPORARILY_LOST,TARGET_TEMPORARILY_LOST,true,6,5,3,0,0,0.0029481649398804,-0.070652008056641,0.0,-0.07,0.0029481649398804,-0.00065200805664062,-0.0017257928848267,0.00052738189697266,-0.0011519877383535,0.00034890193522663,0.0063517093658447,-0.0017067718505859,159.42709350586,120.17259216309,-3.0069642066956,-0.02557634934783,false,true,true,true,-2,0,1.0
31133,SEARCHING_LAST_DIRECTION,SEARCHING_LAST_DIRECTION,true,6,5,3,0,0,0.0029481649398804,-0.070652008056641,0.0,-0.07,0.0029481649398804,-0.00065200805664062,0.0,0.0,-0.00074879202992978,0.00022678625789731,0.0063517093658447,-0.0017067718505859,159.42709350586,120.17259216309,-3.0069642066956,-0.02557634934783,false,true,true,true,-2,0,1.0
31134,SAMPLE,SEARCHING_LAST_DIRECTION,true,6,5,3,0,1,0.0021332502365112,-0.070412635803223,0.0,-0.07,0.0021332502365112,-0.00041263580322265,-0.00081491470336914,0.00023937225341797,-0.00077193496563356,0.00023119135632954,0.0063517093658447,-0.0017067718505859,159.57627868652,120.1276473999,-2.223953962326,-0.018916267901659,false,true,true,true,-2,0,0.96666666666667
31135,SAMPLE,SEARCHING_LAST_DIRECTION,true,6,5,3,0,2,0.0021332502365112,-0.070412635803223,0.0,-0.07,0.0021332502365112,-0.00041263580322265,0.0,0.0,-0.00050175772766181,0.0001502743816142,0.0063517093658447,-0.0017067718505859,159.57627868652,120.1276473999,-2.223953962326,-0.018916267901659,false,true,true,true,-2,0,0.93333333333333
31136,SAMPLE,SEARCHING_LAST_DIRECTION,true,6,5,3,0,3,0.0021332502365112,-0.070412635803223,0.0,-0.07,0.0021332502365112,-0.00041263580322265,0.0,0.0,-0.00032614252298018,9.7678348049231e-05,0.0063517093658447,-0.0017067718505859,159.57627868652,120.1276473999,-2.223953962326,-0.018916267901659,false,true,true,true,-2,0,0.9
31137,SAMPLE,SEARCHING_LAST_DIRECTION,true,6,5,3,0,4,0.0015579462051392,-0.070268630981445,0.0,-0.07,0.0015579462051392,-0.00026863098144531,-0.00057530403137207,0.00014400482177734,-0.00041334905091734,0.00011389261385407,0.0063517093658447,-0.0017067718505859,159.68661499023,120.09440612793,-1.6448422670364,-0.013990472070873,false,true,true,true,-2,0,0.86666666666667
31138,SAMPLE,SEARCHING_LAST_DIRECTION,true,6,5,3,0,5,0.0015579462051392,-0.070268630981445,0.0,-0.07,0.0015579462051392,-0.00026863098144531,0.0,0.0,-0.00026867688309627,7.4030199005146e-05,0.0063517093658447,-0.0017067718505859,159.68661499023,120.09440612793,-1.6448422670364,-0.013990472070873,false,true,true,true,-1,0,0.83333333333333
31139,SAMPLE,SEARCHING_LAST_DIRECTION,true,6,5,3,0,6,0.0011265277862549,-0.070124626159668,0.0,-0.07,0.0011265277862549,-0.00012462615966796,-0.00043141841888428,0.00014400482177734,-0.00032563642062207,9.8521316975415e-05,0.0063517093658447,-0.0017067718505859,159.76821899414,120.06982421875,-1.2165336608887,-0.010347354225814,false,true,true,true,-1,0,0.8
31140,SAMPLE,SEARCHING_LAST_DIRECTION,true,6,5,3,0,7,0.0011265277862549,-0.070124626159668,0.0,-0.07,0.0011265277862549,-0.00012462615966796,0.0,0.0,-0.00021166367340435,6.403885603402e-05,0.0063517093658447,-0.0017067718505859,159.76821899414,120.06982421875,-1.2165336608887,-0.010347354225814,false,true,true,true,-1,0,0.76666666666667
31141,SAMPLE,SEARCHING_LAST_DIRECTION,true,6,5,3,0,8,0.00083887577056885,-0.070028781890869,0.0,-0.07,0.00083887577056885,-2.8781890869134e-05,-0.00028765201568604,9.5844268798828e-05,-0.00023825959320294,7.5170750501703e-05,0.0063517093658447,-0.0017067718505859,159.82856750488,120.05164337158,-0.89978682994843,-0.0076529034413397,false,true,true,true,-1,0,0.73333333333333
31142,SAMPLE,SEARCHING_LAST_DIRECTION,true,6,5,3,0,9,0.00083887577056885,-0.070028781890869,0.0,-0.07,0.00083887577056885,-2.8781890869134e-05,0.0,0.0,-0.00015486873558191,4.8860987826107e-05,0.0063517093658447,-0.0017067718505859,159.82856750488,120.05164337158,-0.89978682994843,-0.0076529034413397,false,true,true,true,-1,0,0.7
31143,SAMPLE,SEARCHING_LAST_DIRECTION,true,6,5,3,0,10,0.00059926509857178,-0.06993293762207,0.0,-0.07,0.00059926509857178,6.7062377929694e-05,-0.00023961067199707,9.5844268798828e-05,-0.00018452841332722,6.5305136166559e-05,0.0063517093658447,-0.0017067718505859,159.87321472168,120.03819274902,-0.66544991731644,-0.0056600873358548,false,true,true,true,-1,0,0.66666666666667
31144,SAMPLE,SEARCHING_LAST_DIRECTION,true,6,5,3,0,11,0.00059926509857178,-0.06993293762207,0.0,-0.07,0.00059926509857178,6.7062377929694e-05,0.0,0.0,-0.00011994346866269,4.2448338508263e-05,0.0063517093658447,-0.0017067718505859,159.87321472168,120.03819274902,-0.66544991731644,-0.0056600873358548,false,true,true,true,-1,0,0.63333333333333
31145,SAMPLE,SEARCHING_LAST_DIRECTION,true,6,5,3,0,12,0.00045537948608398,-0.06988525390625,0.0,-0.07,0.00045537948608398,0.00011474609375001,-0.00014388561248779,4.7683715820313e-05,-0.00012832321900148,4.4280720567481e-05,0.0063517093658447,-0.0017067718505859,159.90623474121,120.02825164795,-0.49213990569115,-0.0041862009093165,false,true,true,true,-1,0,0.6
31146,SAMPLE,SEARCHING_LAST_DIRECTION,true,6,5,3,0,13,0.00045537948608398,-0.06988525390625,0.0,-0.07,0.00045537948608398,0.00011474609375001,0.0,0.0,-8.341009235096e-05,2.8782468368862e-05,0.0063517093658447,-0.0017067718505859,159.90623474121,120.02825164795,-0.49213990569115,-0.0041862009093165,false,true,true,true,-1,0,0.56666666666667
31147,SAMPLE,SEARCHING_LAST_DIRECTION,true,6,5,3,0,14,0.00031161308288574,-0.069837093353271,0.0,-0.07,0.00031161308288574,0.00016290664672852,-0.00014376640319824,4.8160552978516e-05,-0.00010453480114751,3.5564797982241e-05,0.0063517093658447,-0.0017067718505859,159.93064880371,120.02088928223,-0.36399933695793,-0.0030961143784225,false,true,true,true,-1,0,0.53333333333333
31148,SAMPLE,SEARCHING_LAST_DIRECTION,true,6,5,3,0,15,0.00031161308288574,-0.069837093353271,0.0,-0.07,0.00031161308288574,0.00016290664672852,0.0,0.0,-6.7947620745881e-05,2.3117118688457e-05,0.0063517093658447,-0.0017067718505859,159.93064880371,120.02088928223,-0.36399933695793,-0.0030961143784225,false,true,true,true,-1,0,0.5
31149,SAMPLE,SEARCHING_LAST_DIRECTION,true,6,5,3,0,16,0.00021576881408691,-0.069837093353271,0.0,-0.07,0.00021576881408691,0.00016290664672852,-9.5844268798828e-05,0.0,-7.7711447564412e-05,1.5026127147497e-05,0.0063517093658447,-0.0017067718505859,159.94869995117,120.01544952393,-0.26925539970398,-0.0022898863535374,false,true,true,true,-1,0,0.46666666666667
31150,SAMPLE,SEARCHING_LAST_DIRECTION,true,6,5,3,0,17,0.00021576881408691,-0.069837093353271,0.0,-0.07,0.00021576881408691,0.00016290664672852,0.0,0.0,-5.0512440916868e-05,9.7669826458729e-06,0.0063517093658447,-0.0017067718505859,159.94869995117,120.01544952393,-0.26925539970398,-0.0022898863535374,false,true,true,true,-1,0,0.43333333333333
31151,SAMPLE,SEARCHING_LAST_DIRECTION,true,6,5,3,0,18,0.00011980533599854,-0.069789208471775,0.0,-0.07,0.00011980533599854,0.00021079152822495,-9.5963478088379e-05,4.7884881496429e-05,-6.6420303926897e-05,2.3108247243568e-05,0.0063517093658447,-0.0017067718505859,159.96206665039,120.01142883301,-0.19909843802452,-0.0016935999738052,false,true,true,true,-1,0,0.4
31152,SAMPLE,SEARCHING_LAST_DIRECTION,true,6,5,3,0,19,0.00011980533599854,-0.069789208471775,0.0,-0.07,0.00011980533599854,0.00021079152822495,0.0,0.0,-4.3173197552483e-05,1.5020360708319e-05,0.0063517093658447,-0.0017067718505859,159.96206665039,120.01142883301,-0.19909843802452,-0.0016935999738052,false,true,true,true,-1,0,0.36666666666667
31153,SAMPLE,SEARCHING_LAST_DIRECTION,true,6,5,3,0,20,0.00011980533599854,-0.069789208471775,0.0,-0.07,0.00011980533599854,0.00021079152822495,0.0,0.0,-2.8062578409114e-05,9.7632344604074e-06,0.0063517093658447,-0.0017067718505859,159.96206665039,120.01142883301,-0.19909843802452,-0.0016935999738052,false,true,true,true,-1,0,0.33333333333333
31154,SAMPLE,SEARCHING_LAST_DIRECTION,true,6,5,3,0,21,7.1883201599121e-05,-0.069789208471775,0.0,-0.07,7.1883201599121e-05,0.00021079152822495,-4.7922134399414e-05,0.0,-3.5013423005719e-05,6.3461023992648e-06,0.0063517093658447,-0.0017067718505859,159.97193908691,120.00845336914,-0.14728157222271,-0.0012525864876807,false,true,true,true,-1,0,0.3
31155,SAMPLE,SEARCHING_LAST_DIRECTION,true,6,5,3,0,22,7.1883201599121e-05,-0.069789208471775,0.0,-0.07,7.1883201599121e-05,0.00021079152822495,0.0,0.0,-2.2758724953717e-05,4.1249665595221e-06,0.0063517093658447,-0.0017067718505859,159.97193908691,120.00845336914,-0.14728157222271,-0.0012525864876807,false,true,true,true,0,0,0.26666666666667
31156,SAMPLE,SEARCHING_LAST_DIRECTION,true,6,5,3,0,23,2.3961067199707e-05,-0.069789208471775,0.0,-0.07,2.3961067199707e-05,0.00021079152822495,-4.7922134399414e-05,0.0,-3.1565918259711e-05,2.6812282636894e-06,0.0063517093658447,-0.0017067718505859,159.97924804688,120.00624847412,-0.10891950130463,-0.00092641299124807,false,true,true,true,0,0,0.23333333333333
31157,SAMPLE,SEARCHING_LAST_DIRECTION,true,6,5,3,0,24,2.3961067199707e-05,-0.069789208471775,0.0,-0.07,2.3961067199707e-05,0.00021079152822495,0.0,0.0,-2.0517846868812e-05,1.7427983713981e-06,0.0063517093658447,-0.0017067718505859,159.97924804688,120.00624847412,-0.10891950130463,-0.00092641299124807,false,true,true,true,0,0,0.2
31158,SAMPLE,SEARCHING_LAST_DIRECTION,true,6,5,3,0,25,2.3961067199707e-05,-0.069837093353271,0.0,-0.07,2.3961067199707e-05,0.00016290664672852,0.0,-4.7884881496429e-05,-1.3336600464728e-05,-1.5626889582342e-05,0.0063517093658447,-0.0017067718505859,159.9846496582,120.00462341309,-0.080568395555019,-0.0006851750658825,false,true,true,true,0,0,0.16666666666667
31159,SAMPLE,SEARCHING_LAST_DIRECTION,true,6,5,3,0,26,2.3961067199707e-05,-0.069837093353271,0.0,-0.07,2.3961067199707e-05,0.00016290664672852,0.0,0.0,-8.6687903020732e-06,-1.0157478228522e-05,0.0063517093658447,-0.0017067718505859,159.9846496582,120.00462341309,-0.080568395555019,-0.0006851750658825,false,true,true,true,0,0,0.13333333333333
31160,SAMPLE,SEARCHING_LAST_DIRECTION,true,6,5,3,0,27,-2.3841857910156e-05,-0.069837093353271,0.0,-0.07,-2.3841857910156e-05,0.00016290664672852,-4.7802925109863e-05,0.0,-2.23657374848e-05,-6.6023608485393e-06,0.0063517093658447,-0.0017067718505859,159.98864746094,120.00341796875,-0.059585370123386,-0.00050675548845902,false,true,true,true,0,0,0.1
31161,SAMPLE,SEARCHING_LAST_DIRECTION,true,6,5,3,0,28,-2.3841857910156e-05,-0.069837093353271,0.0,-0.07,-2.3841857910156e-05,0.00016290664672852,0.0,0.0,-1.453772936512e-05,-4.2915345515505e-06,0.0063517093658447,-0.0017067718505859,159.98864746094,120.00341796875,-0.059585370123386,-0.00050675548845902,false,true,true,true,0,0,0.1
31162,SAMPLE,SEARCHING_LAST_DIRECTION,true,6,5,3,0,29,-2.3841857910156e-05,-0.069837093353271,0.0,-0.07,-2.3841857910156e-05,0.00016290664672852,0.0,0.0,-9.4495240873279e-06,-2.7894974585079e-06,0.0063517093658447,-0.0017067718505859,159.98864746094,120.00341796875,-0.059585370123386,-0.00050675548845902,false,true,true,true,0,0,0.1
31163,LOST,LOST,true,6,5,3,0,30,-2.3841857910156e-05,-0.069837093353271,0.0,-0.07,-2.3841857910156e-05,0.00016290664672852,0.0,0.0,-6.1421906567631e-06,-1.8131733480301e-06,0.0063517093658447,-0.0017067718505859,159.99160766602,120.00253295898,-0.044048327952623,-0.00037479636375792,false,true,true,true,0,0,0.1
31164,SAMPLE,IDLE,true,6,0,0,0,0,-2.3841857910156e-05,-0.069837093353271,0.0,-0.07,-2.3841857910156e-05,0.00016290664672852,0.0,0.0,-3.992423926896e-06,-1.1785626762196e-06,0,0,159.99378967285,120.00186920166,-0.032595761120319,-0.0002771993749775,false,true,true,true,0,0,0
31165,SAMPLE,IDLE,true,6,0,0,0,0,-2.3841857910156e-05,-0.069837093353271,0.0,-0.07,-2.3841857910156e-05,0.00016290664672852,0.0,0.0,-2.5950755524824e-06,-7.6606573954272e-07,0,0,159.99378967285,120.00186920166,-0.032595761120319,-0.0002771993749775,false,true,true,true,0,0,0
31166,SAMPLE,IDLE,true,6,0,0,0,0,-2.3841857910156e-05,-0.069837093353271,0.0,-0.07,-2.3841857910156e-05,0.00016290664672852,0.0,0.0,-1.6867991091136e-06,-4.9794273070277e-07,0,0,159.99540710449,120.00138092041,-0.02410644851625,-0.00020501666585915,false,true,true,true,0,0,0
31167,SAMPLE,IDLE,true,6,0,0,0,0,-2.3841857910156e-05,-0.069837093353271,0.0,-0.07,-2.3841857910156e-05,0.00016290664672852,0.0,0.0,-1.0964194209238e-06,-3.236627749568e-07,0,0,159.99540710449,120.00138092041,-0.02410644851625,-0.00020501666585915,false,true,true,true,0,0,0
31168,SAMPLE,IDLE,true,6,0,0,0,0,-2.3841857910156e-05,-0.069837093353271,0.0,-0.07,-2.3841857910156e-05,0.00016290664672852,0.0,0.0,-7.1267262360048e-07,-2.1038080372192e-07,0,0,159.99659729004,120.00102233887,-0.017859594896436,-0.00015163033094723,false,true,true,true,0,0,0
31169,SAMPLE,IDLE,true,6,0,0,0,0,-2.3841857910156e-05,-0.069837093353271,0.0,-0.07,-2.3841857910156e-05,0.00016290664672852,0.0,0.0,-4.6323720534031e-07,-1.3674752241925e-07,0,0,159.99659729004,120.00102233887,-0.017859594896436,-0.00015163033094723,false,true,true,true,0,0,0
31170,SAMPLE,IDLE,true,6,0,0,0,0,-2.3841857910156e-05,-0.069837093353271,0.0,-0.07,-2.3841857910156e-05,0.00016290664672852,0.0,0.0,-3.011041834712e-07,-8.8885889572511e-08,0,0,159.9974822998,120.00075531006,-0.013214497826993,-0.00011214579717489,false,true,true,true,0,0,0
31171,SAMPLE,IDLE,true,6,0,0,0,0,-2.3841857910156e-05,-0.069837093353271,0.0,-0.07,-2.3841857910156e-05,0.00016290664672852,0.0,0.0,-1.9571771925628e-07,-5.7775828222132e-08,0,0,159.9974822998,120.00075531006,-0.013214497826993,-0.00011214579717489,false,true,true,true,0,0,0
31172,SAMPLE,IDLE,true,6,0,0,0,0,-2.3841857910156e-05,-0.069837093353271,0.0,-0.07,-2.3841857910156e-05,0.00016290664672852,0.0,0.0,-1.2721651751658e-07,-3.7554288344386e-08,0,0,159.9974822998,120.00075531006,-0.013214497826993,-0.00011214579717489,false,true,true,true,0,0,0
31173,SAMPLE,IDLE,true,6,0,0,0,0,-2.3841857910156e-05,-0.069837093353271,0.0,-0.07,-2.3841857910156e-05,0.00016290664672852,0.0,0.0,-8.269073638578e-08,-2.4410287423851e-08,0,0,159.99813842773,120.0005569458,-0.0097707193344831,-8.2943035522476e-05,false,true,true,true,0,0,0
31174,SAMPLE,IDLE,true,6,0,0,0,0,-2.3841857910156e-05,-0.069837093353271,0.0,-0.07,-2.3841857910156e-05,0.00016290664672852,0.0,0.0,-5.3748978650757e-08,-1.5866686825503e-08,0,0,159.99813842773,120.0005569458,-0.0097707193344831,-8.2943035522476e-05,false,true,true,true,0,0,0
31175,SAMPLE,IDLE,true,6,0,0,0,0,-2.3841857910156e-05,-0.069837093353271,0.0,-0.07,-2.3841857910156e-05,0.00016290664672852,0.0,0.0,-3.4936836122992e-08,-1.0313346436577e-08,0,0,159.99862670898,120.0004119873,-0.0072079077363014,-6.1344675486907e-05,false,true,true,true,0,0,0
31176,SAMPLE,IDLE,true,6,0,0,0,0,-2.3841857910156e-05,-0.069837093353271,0.0,-0.07,-2.3841857910156e-05,0.00016290664672852,0.0,0.0,-2.2708943479945e-08,-6.703675183775e-09,0,0,159.99862670898,120.0004119873,-0.0072079077363014,-6.1344675486907e-05,false,true,true,true,0,0,0
31177,SAMPLE,IDLE,true,6,0,0,0,0,-2.3841857910156e-05,-0.069837093353271,0.0,-0.07,-2.3841857910156e-05,0.00016290664672852,0.0,0.0,-1.4760813261964e-08,-4.3573888694538e-09,0,0,159.99897766113,120.00030517578,-0.0053658867254853,-4.5370525185717e-05,false,true,true,true,0,0,0
31178,SAMPLE,IDLE,true,6,0,0,0,0,-2.3841857910156e-05,-0.069837093353271,0.0,-0.07,-2.3841857910156e-05,0.00016290664672852,0.0,0.0,-9.5945286202766e-09,-2.832302765145e-09,0,0,159.99897766113,120.00030517578,-0.0053658867254853,-4.5370525185717e-05,false,true,true,true,0,0,0
31179,SAMPLE,IDLE,true,6,0,0,0,0,-2.3841857910156e-05,-0.069837093353271,0.0,-0.07,-2.3841857910156e-05,0.00016290664672852,0.0,0.0,-6.2364436031798e-09,-1.8409967973442e-09,0,0,159.99925231934,120.00022888184,-0.0039243055507541,-3.3556039852556e-05,false,true,true,true,0,0,0
31180,SAMPLE,IDLE,true,6,0,0,0,0,-2.3841857910156e-05,-0.069837093353271,0.0,-0.07,-2.3841857910156e-05,0.00016290664672852,0.0,0.0,-4.0536883420669e-09,-1.1966479182737e-09,0,0,159.99925231934,120.00022888184,-0.0039243055507541,-3.3556039852556e-05,false,true,true,true,0,0,0
31181,SAMPLE,IDLE,true,6,0,0,0,0,-2.3841857910156e-05,-0.069837093353271,0.0,-0.07,-2.3841857910156e-05,0.00016290664672852,0.0,0.0,-2.6348974223435e-09,-7.7782114687793e-10,0,0,159.99945068359,120.00016784668,-0.0028831632807851,-2.48180476774e-05,false,true,true,true,0,0,0
31182,SAMPLE,IDLE,true,6,0,0,0,0,-2.3841857910156e-05,-0.069837093353271,0.0,-0.07,-2.3841857910156e-05,0.00016290664672852,0.0,0.0,-1.7126833245233e-09,-5.0558374547066e-10,0,0,159.99945068359,120.00016784668,-0.0028831632807851,-2.48180476774e-05,false,true,true,true,0,0,0
31183,SAMPLE,IDLE,true,6,0,0,0,0,-2.3841857910156e-05,-0.069837093353271,0.0,-0.07,-2.3841857910156e-05,0.00016290664672852,0.0,0.0,-1.1132441609401e-09,-3.2862943455593e-10,0,0,159.99945068359,120.00016784668,-0.0028831632807851,-2.48180476774e-05,false,true,true,true,0,0,0
31184,SAMPLE,IDLE,true,6,0,0,0,0,-2.3841857910156e-05,-0.069837093353271,0.0,-0.07,-2.3841857910156e-05,0.00016290664672852,0.0,0.0,-7.2360870461108e-10,-2.1360913246135e-10,0,0,159.9995880127,120.00012207031,-0.0021623722277582,-1.8355429347139e-05,false,true,true,true,0,0,0
31185,SAMPLE,IDLE,true,6,0,0,0,0,-2.3841857910156e-05,-0.069837093353271,0.0,-0.07,-2.3841857910156e-05,0.00016290664672852,0.0,0.0,-4.703456579972e-10,-1.3884593609988e-10,0,0,159.9995880127,120.00012207031,-0.0021623722277582,-1.8355429347139e-05,false,true,true,true,0,0,0
31186,SAMPLE,IDLE,true,6,0,0,0,0,-2.3841857910156e-05,-0.069837093353271,0.0,-0.07,-2.3841857910156e-05,0.00016290664672852,0.0,0.0,-3.0572467769818e-10,-9.0249858464921e-11,0,0,159.99969482422,120.00009155273,-0.0016017572488636,-1.357567634841e-05,false,true,true,true,0,0,0
31187,SAMPLE,IDLE,true,6,0,0,0,0,-2.3841857910156e-05,-0.069837093353271,0.0,-0.07,-2.3841857910156e-05,0.00016290664672852,0.0,0.0,-1.9872104050382e-10,-5.8662408002199e-11,0,0,159.99969482422,120.00009155273,-0.0016017572488636,-1.357567634841e-05,false,true,true,true,0,0,0
31188,SAMPLE,IDLE,true,6,0,0,0,0,-2.3841857910156e-05,-0.069837093353271,0.0,-0.07,-2.3841857910156e-05,0.00016290664672852,0.0,0.0,-1.2916867632748e-10,-3.8130565201429e-11,0,0,159.99977111816,120.00006866455,-0.0012013179948553,-1.0040570487035e-05,false,true,true,true,0,0,0
31189,SAMPLE,IDLE,true,6,0,0,0,0,-2.3841857910156e-05,-0.069837093353271,0.0,-0.07,-2.3841857910156e-05,0.00016290664672852,0.0,0.0,-8.3959639612863e-11,-2.4784867380929e-11,0,0,159.99977111816,120.00006866455,-0.0012013179948553,-1.0040570487035e-05,false,true,true,true,0,0,0
31190,SAMPLE,IDLE,true,6,0,0,0,0,-2.3841857910156e-05,-0.069837093353271,0.0,-0.07,-2.3841857910156e-05,0.00016290664672852,0.0,0.0,-5.4573765748361e-11,-1.6110163797604e-11,0,0,159.99983215332,120.00005340576,-0.00088096654508263,-7.4260065048293e-06,false,true,true,true,0,0,0
31191,SAMPLE,IDLE,true,6,0,0,0,0,-2.3841857910156e-05,-0.069837093353271,0.0,-0.07,-2.3841857910156e-05,0.00016290664672852,0.0,0.0,-3.5472947736434e-11,-1.0471606468443e-11,0,0,159.99983215332,120.00005340576,-0.00088096654508263,-7.4260065048293e-06,false,true,true,true,0,0,0
31192,SAMPLE,IDLE,true,6,0,0,0,0,-2.3841857910156e-05,-0.069837093353271,0.0,-0.07,-2.3841857910156e-05,0.00016290664672852,0.0,0.0,-2.3057416028682e-11,-6.8065442044876e-12,0,0,159.99987792969,120.00003814697,-0.00064070289954543,-5.4922747949604e-06,false,true,true,true,0,0,0
31193,SAMPLE,IDLE,true,6,0,0,0,0,-2.3841857910156e-05,-0.069837093353271,0.0,-0.07,-2.3841857910156e-05,0.00016290664672852,0.0,0.0,-1.4987320418644e-11,-4.424253732917e-12,0,0,159.99987792969,120.00003814697,-0.00064070289954543,-5.4922747949604e-06,false,true,true,true,0,0,0
31194,SAMPLE,IDLE,true,6,0,0,0,0,-2.3841857910156e-05,-0.069837093353271,0.0,-0.07,-2.3841857910156e-05,0.00016290664672852,0.0,0.0,-9.7417582721183e-12,-2.875764926396e-12,0,0,147.5007019043,120.00003051758,-65.463562011719,-0.55800408124924,false,true,true,true,0,0,0
31195,SAMPLE,IDLE,true,6,0,0,0,0,0.06545877456665,-0.069837093353271,0.0,-0.07,0.06545877456665,0.00016290664672852,0.065482616424561,0.0,0.022918915742264,-1.8692472021574e-12,0,0,147.5007019043,120.00003051758,-65.463562011719,-0.55800408124924,true,false,false,false,0,0,0
31196,ACQUIRED,ACQUIRED,true,7,0,0,0,0,0.06545877456665,-0.069837093353271,0.0,-0.07,0.06545877456665,0.00016290664672852,0.0,0.0,0.014897295232472,-1.2150106814023e-12,0.06545877456665,0.00016290664672852,147.5007019043,120.00003051758,-65.463562011719,-0.55800408124924,true,false,false,false,-20,0,0
31197,ALIGNING,ALIGNING,true,7,0,0,0,0,0.11358821392059,-0.069837093353271,0.0,-0.07,0.11358821392059,0.00016290664672852,0.048129439353943,0.0,0.026528545674987,-7.8975694291151e-13,0.06545877456665,0.00016290664672852,138.25631713867,120.00002288818,-113.38870239258,-0.97069984674454,true,false,false,false,-34,0,0
31198,SAMPLE,ALIGNING,true,7,0,0,0,0,0.11358821392059,-0.069837093353271,0.0,-0.07,0.11358821392059,0.00016290664672852,0.0,0.0,0.017243554688741,-5.1334201289248e-13,0.11358821392059,0.00016290664672852,138.25631713867,120.00002288818,-113.38870239258,-0.97069984674454,true,false,false,false,-33,0,0
31199,SAMPLE,ALIGNING,true,7,0,0,0,0,0.072409749031067,-0.069837093353271,0.0,-0.07,0.072409749031067,0.00016290664672852,-0.041178464889526,0.0,-0.0032041521636524,-3.3367230838011e-13,0.072409749031067,0.00016290664672852,146.16979980469,120.00001525879,-72.399223327637,-0.61741948127747,true,false,false,false,-20,0,0
31200,SAMPLE,ALIGNING,true,7,0,0,0,0,0.072409749031067,-0.069837093353271,0.0,-0.07,0.072409749031067,0.00016290664672852,0.0,0.0,-0.0020826989063741,-2.1688700044707e-13,0.072409749031067,0.00016290664672852,146.16979980469,120.00001525879,-72.399223327637,-0.61741948127747,true,false,false,false,-20,0,0
31201,SAMPLE,ALIGNING,true,7,0,0,0,0,0.072409749031067,-0.069837093353271,0.0,-0.07,0.072409749031067,0.00016290664672852,0.0,0.0,-0.0013537542891431,-1.409765502906e-13,0.072409749031067,0.00016290664672852,146.16979980469,120.00001525879,-72.399223327637,-0.61741948127747,true,false,false,false,-20,0,0
31202,SAMPLE,ALIGNING,true,7,0,0,0,0,0.04613995552063,-0.069837093353271,0.0,-0.07,0.04613995552063,0.00016290664672852,-0.026269793510437,0.0,-0.010074368016596,-9.1634757688888e-14,0.04613995552063,0.00016290664672852,151.20321655273,120.00000762939,-46.121997833252,-0.39271339774132,true,false,false,false,-12,0,0
31203,SAMPLE,ALIGNING,true,7,0,0,0,0,0.04613995552063,-0.069837093353271,0.0,-0.07,0.04613995552063,0.00016290664672852,0.0,0.0,-0.0065483392107874,-5.9562592497777e-14,0.04613995552063,0.00016290664672852,151.20321655273,120.00000762939,-46.121997833252,-0.39271339774132,true,false,false,false,-12,0,0
31204,SAMPLE,ALIGNING,true,7,0,0,0,0,0.04613995552063,-0.069837093353271,0.0,-0.07,0.04613995552063,0.00016290664672852,0.0,0.0,-0.0042564204870118,-3.8715685123555e-14,0.04613995552063,0.00016290664672852,151.20321655273,120.00000762939,-46.121997833252,-0.39271339774132,true,false,false,false,-13,0,0
31205,SAMPLE,ALIGNING,true,7,0,0,0,0,0.029265999794006,-0.069837093353271,0.0,-0.07,0.029265999794006,0.00016290664672852,-0.016873955726624,0.0,-0.0086725578208759,-2.5165195330311e-14,0.029265999794006,0.00016290664672852,154.40475463867,120.00000762939,-29.354763031006,-0.24978773295879,true,false,false,true,-7,0,0
31206,SAMPLE,ALIGNING,true,7,0,0,0,0,0.029265999794006,-0.069837093353271,0.0,-0.07,0.029265999794006,0.00016290664672852,0.0,0.0,-0.0056371625835693,-1.6357376964702e-14,0.029265999794006,0.00016290664672852,154.40475463867,120.00000762939,-29.354763031006,-0.24978773295879,true,false,false,true,-8,0,0
31207,SAMPLE,ALIGNING,true,7,1,0,0,0,0.01862370967865,-0.069813169538975,0.0,-0.07,0.01862370967865,0.00018683046102524,-0.010642290115356,2.3923814296722e-05,-0.0073889572196948,8.3733349932205e-06,0.01862370967865,0.00018683046102524,156.44111633301,120.0,-18.676034927368,-0.15887899696827,false,false,true,true,-5,0,0
31208,SAMPLE,ALIGNING,true,7,2,0,0,0,0.01862370967865,-0.069813169538975,0.0,-0.07,0.01862370967865,0.00018683046102524,0.0,0.0,-0.0048028221928016,5.4426677455934e-06,0.01862370967865,0.00018683046102524,156.44111633301,120.0,-18.676034927368,-0.15887899696827,false,false,true,true,-5,0,0
31209,SAMPLE,ALIGNING,true,7,3,0,0,0,0.01862370967865,-0.069813169538975,0.0,-0.07,0.01862370967865,0.00018683046102524,0.0,0.0,-0.0031218344253211,3.5377340346357e-06,0.01862370967865,0.00018683046102524,156.44111633301,120.0,-18.676034927368,-0.15887899696827,false,false,true,true,-5,0,0
31210,SAMPLE,ALIGNING,true,7,4,0,0,0,0.011816620826721,-0.069813169538975,0.0,-0.07,0.011816620826721,0.00018683046102524,-0.0068070888519287,0.0,-0.0044116734746337,2.2995271225132e-06,0.011816620826721,0.00018683046102524,157.73634338379,120.0,-11.880276679993,-0.10105594992638,false,false,true,true,-3,0,0
31211,STABLE,STABLE,true,7,5,0,0,0,0.011816620826721,-0.069813169538975,0.0,-0.07,0.011816620826721,0.00018683046102524,0.0,0.0,-0.0028675877585119,1.4946926296336e-06,0.011816620826721,0.00018683046102524,157.73634338379,120.0,-11.880276679993,-0.10105594992638,false,false,true,true,-1,0,0
31212,SAMPLE,STABLE,true,7,5,0,0,0,0.011816620826721,-0.069813169538975,0.0,-0.07,0.011816620826721,0.00018683046102524,0.0,0.0,-0.0018639320430328,9.7155020926182e-07,0.011816620826721,0.00018683046102524,157.73634338379,120.0,-11.880276679993,-0.10105594992638,false,false,true,true,-1,0,0
31213,SAMPLE,STABLE,true,7,5,0,0,0,0.0075021982192993,-0.069813169538975,0.0,-0.07,0.0075021982192993,0.00018683046102524,-0.0043144226074219,0.0,-0.0027216037405689,6.3150763602019e-07,0.0075021982192993,0.00018683046102524,158.56019592285,120.0,-7.5567951202393,-0.064277246594429,false,false,true,true,-1,0,0
31214,SAMPLE,STABLE,true,7,5,0,0,0,0.0075021982192993,-0.069813169538975,0.0,-0.07,0.0075021982192993,0.00018683046102524,0.0,0.0,-0.0017690424313698,4.1047996341312e-07,0.0075021982192993,0.00018683046102524,158.56019592285,120.0,-7.5567951202393,-0.064277246594429,false,false,true,true,-1,0,0
31215,SAMPLE,STABLE,true,7,5,1,0,0,0.0047218799591064,-0.069813169538975,0.0,-0.07,0.0047218799591064,0.00018683046102524,-0.0027803182601929,0.0,-0.0021229889714579,2.6681197621853e-07,0.0075021982192993,0.00018683046102524,159.08419799805,120.0,-4.8066582679749,-0.040883928537369,false,true,true,true,0,0,0
31216,SAMPLE,STABLE,true,7,5,2,0,0,0.0047218799591064,-0.069813169538975,0.0,-0.07,0.0047218799591064,0.00018683046102524,0.0,0.0,-0.0013799428314476,1.7342778454204e-07,0.0075021982192993,0.00018683046102524,159.08419799805,120.0,-4.8066582679749,-0.040883928537369,false,true,true,true,-1,0,0
31217,TARGET_TEMPORARILY_LOST,TARGET_TEMPORARILY_LOST,true,7,5,3,0,0,0.0047218799591064,-0.069813169538975,0.0,-0.07,0.0047218799591064,0.00018683046102524,0.0,0.0,-0.00089696284044096,1.1272805995233e-07,0.0075021982192993,0.00018683046102524,159.08419799805,120.0,-4.8066582679749,-0.040883928537369,false,true,true,true,-2,0,1.0
31218,SEARCHING_LAST_DIRECTION,SEARCHING_LAST_DIRECTION,true,7,5,3,0,0,0.0029960870742798,-0.069813169538975,0.0,-0.07,0.0029960870742798,0.00018683046102524,-0.0017257928848267,0.0,-0.001187053355976,7.3273238969013e-08,0.0075021982192993,0.00018683046102524,159.41749572754,120.0,-3.0573401451111,-0.026004469022155,false,true,true,true,-2,0,1.0
31219,SAMPLE,SEARCHING_LAST_DIRECTION,true,7,5,3,0,1,0.0029960870742798,-0.069813169538975,0.0,-0.07,0.0029960870742798,0.00018683046102524,0.0,0.0,-0.00077158468138437,4.7627605329859e-08,0.0075021982192993,0.00018683046102524,159.41749572754,120.0,-3.0573401451111,-0.026004469022155,false,true,true,true,-2,0,0.96666666666667
31220,SAMPLE,SEARCHING_LAST_DIRECTION,true,7,5,3,0,2,0.0018935203552246,-0.069813169538975,0.0,-0.07,0.0018935203552246,0.00018683046102524,-0.0011025667190552,0.0,-0.00088742839456915,3.0957943464408e-08,0.0075021982192993,0.00018683046102524,159.62950134277,120.0,-1.9446097612381,-0.016540300101042,false,true,true,true,-2,0,0.93333333333333
31221,SAMPLE,SEARCHING_LAST_DIRECTION,true,7,5,3,0,3,0.0018935203552246,-0.069813169538975,0.0,-0.07,0.0018935203552246,0.00018683046102524,0.0,0.0,-0.00057682845646995,2.0122663251865e-08,0.0075021982192993,0.00018683046102524,159.62950134277,120.0,-1.9446097612381,-0.016540300101042,false,true,true,true,-2,0,0.9
31222,SAMPLE,SEARCHING_LAST_DIRECTION,true,7,5,3,0,4,0.0018935203552246,-0.069813169538975,0.0,-0.07,0.0018935203552246,0.00018683046102524,0.0,0.0,-0.00037493849670547,1.3079731113712e-08,0.0075021982192993,0.00018683046102524,159.62950134277,120.0,-1.9446097612381,-0.016540300101042,false,true,true,true,-2,0,0.86666666666667
31223,SAMPLE,SEARCHING_LAST_DIRECTION,true,7,5,3,0,5,0.0011744499206543,-0.069813169538975,0.0,-0.07,0.0011744499206543,0.00018683046102524,-0.00071907043457031,0.0,-0.00049538467495816,8.5018252239131e-09,0.0075021982192993,0.00018683046102524,159.76434326172,120.0,-1.2368760108948,-0.010520557872951,false,true,true,true,-2,0,0.83333333333333
31224,SAMPLE,SEARCHING_LAST_DIRECTION,true,7,5,3,0,6,0.0011744499206543,-0.069813169538975,0.0,-0.07,0.0011744499206543,0.00018683046102524,0.0,0.0,-0.00032200003872281,5.5261863955435e-09,0.0075021982192993,0.00018683046102524,159.76434326172,120.0,-1.2368760108948,-0.010520557872951,false,true,true,true,-2,0,0.8
31225,SAMPLE,SEARCHING_LAST_DIRECTION,true,7,5,3,0,7,0.0011744499206543,-0.069813169538975,0.0,-0.07,0.0011744499206543,0.00018683046102524,0.0,0.0,-0.00020930002516982,3.5920211571033e-09,0.0075021982192993,0.00018683046102524,159.76434326172,120.0,-1.2368760108948,-0.010520557872951,false,true,true,true,-2,0,0.76666666666667
31226,SAMPLE,SEARCHING_LAST_DIRECTION,true,7,5,3,0,8,0.00069510936737061,-0.069813169538975,0.0,-0.07,0.00069510936737061,0.00018683046102524,-0.00047934055328369,0.0,-0.00030381421000968,2.3348137521171e-09,0.0075021982192993,0.00018683046102524,159.85011291504,120.0,-0.78670287132263,-0.0066916639916599,false,true,true,true,-2,0,0.73333333333333
31227,SAMPLE,SEARCHING_LAST_DIRECTION,true,7,5,3,0,9,0.00069510936737061,-0.069813169538975,0.0,-0.07,0.00069510936737061,0.00018683046102524,0.0,0.0,-0.00019747923650629,1.5176289388761e-09,0.0075021982192993,0.00018683046102524,159.85011291504,120.0,-0.78670287132263,-0.0066916639916599,false,true,true,true,-1,0,0.7
31228,SAMPLE,SEARCHING_LAST_DIRECTION,true,7,5,3,0,10,0.00069510936737061,-0.069813169538975,0.0,-0.07,0.00069510936737061,0.00018683046102524,0.0,0.0,-0.00012836150372909,9.8645881026949e-10,0.0075021982192993,0.00018683046102524,159.85011291504,120.0,-0.78670287132263,-0.0066916639916599,false,true,true,true,-1,0,0.66666666666667
31229,SAMPLE,SEARCHING_LAST_DIRECTION,true,7,5,3,0,11,0.00045537948608398,-0.069813169538975,0.0,-0.07,0.00045537948608398,0.00018683046102524,-0.00023972988128662,0.0,-0.00016734043587423,6.4119822667517e-10,0.0075021982192993,0.00018683046102524,159.90466308594,120.0,-0.50038892030716,-0.0042562731541693,false,true,true,true,-1,0,0.63333333333333
31230,SAMPLE,SEARCHING_LAST_DIRECTION,true,7,5,3,0,12,0.00045537948608398,-0.069813169538975,0.0,-0.07,0.00045537948608398,0.00018683046102524,0.0,0.0,-0.00010877128331825,4.1677884733886e-10,0.0075021982192993,0.00018683046102524,159.90466308594,120.0,-0.50038892030716,-0.0042562731541693,false,true,true,true,-1,0,0.6
31231,SAMPLE,SEARCHING_LAST_DIRECTION,true,7,5,3,0,13,0.00026369094848633,-0.069813169538975,0.0,-0.07,0.00026369094848633,0.00018683046102524,-0.00019168853759766,0.0,-0.00013779232231604,2.7090625077026e-10,0.0075021982192993,0.00018683046102524,159.93936157227,120.0,-0.31826919317245,-0.002707228064537,false,true,true,true,-1,0,0.56666666666667
31232,SAMPLE,SEARCHING_LAST_DIRECTION,true,7,5,3,0,14,0.00026369094848633,-0.069813169538975,0.0,-0.07,0.00026369094848633,0.00018683046102524,0.0,0.0,-8.9565009505426e-05,1.7608906300067e-10,0.0075021982192993,0.00018683046102524,159.93936157227,120.0,-0.31826919317245,-0.002707228064537,false,true,true,true,-1,0,0.53333333333333
31233,SAMPLE,SEARCHING_LAST_DIRECTION,true,7,5,3,0,15,0.00026369094848633,-0.069813169538975,0.0,-0.07,0.00026369094848633,0.00018683046102524,0.0,0.0,-5.8217256178527e-05,1.1445789095043e-10,0.0075021982192993,0.00018683046102524,159.93936157227,120.0,-0.31826919317245,-0.002707228064537,false,true,true,true,-1,0,0.5
31234,SAMPLE,SEARCHING_LAST_DIRECTION,true,7,5,3,0,16,0.00011980533599854,-0.069813169538975,0.0,-0.07,0.00011980533599854,0.00018683046102524,-0.00014388561248779,0.0,-8.820118088677e-05,7.4397629117782e-11,0.0075021982192993,0.00018683046102524,159.96142578125,120.0,-0.20246212184429,-0.0017219486180693,false,true,true,true,-1,0,0.46666666666667
31235,SAMPLE,SEARCHING_LAST_DIRECTION,true,7,5,3,0,17,0.00011980533599854,-0.069813169538975,0.0,-0.07,0.00011980533599854,0.00018683046102524,0.0,0.0,-5.73307675764e-05,4.8358458926558e-11,0.0075021982192993,0.00018683046102524,159.96142578125,120.0,-0.20246212184429,-0.0017219486180693,false,true,true,true,-1,0,0.43333333333333
31236,SAMPLE,SEARCHING_LAST_DIRECTION,true,7,5,3,0,18,0.00011980533599854,-0.069813169538975,0.0,-0.07,0.00011980533599854,0.00018683046102524,0.0,0.0,-3.726499892466e-05,3.1432998302263e-11,0.0075021982192993,0.00018683046102524,159.97146606445,120.0,-0.14976431429386,-0.0012735532363877,false,true,true,true,-1,0,0.4
31237,SAMPLE,SEARCHING_LAST_DIRECTION,true,7,5,3,0,19,7.1883201599121e-05,-0.069813169538975,0.0,-0.07,7.1883201599121e-05,0.00018683046102524,-4.7922134399414e-05,0.0,-4.0994996340824e-05,2.0431448896471e-11,0.0075021982192993,0.00018683046102524,159.97146606445,120.0,-0.14976431429386,-0.0012735532363877,false,true,true,true,-1,0,0.36666666666667
31238,SAMPLE,SEARCHING_LAST_DIRECTION,true,7,5,3,0,20,7.1883201599121e-05,-0.069813169538975,0.0,-0.07,7.1883201599121e-05,0.00018683046102524,0.0,0.0,-2.6646747621536e-05,1.3280441782706e-11,0.0075021982192993,0.00018683046102524,159.97146606445,120.0,-0.14976431429386,-0.0012735532363877,false,true,true,true,-1,0,0.33333333333333
31239,SAMPLE,SEARCHING_LAST_DIRECTION,true,7,5,3,0,21,2.3961067199707e-05,-0.069813169538975,0.0,-0.07,2.3961067199707e-05,0.00018683046102524,-4.7922134399414e-05,0.0,-3.4093132993793e-05,8.632287158759e-12,0.0075021982192993,0.00018683046102524,159.9818572998,120.0,-0.095224469900131,-0.00081005122046918,false,true,true,true,-1,0,0.3
31240,SAMPLE,SEARCHING_LAST_DIRECTION,true,7,5,3,0,22,2.3961067199707e-05,-0.069813169538975,0.0,-0.07,2.3961067199707e-05,0.00018683046102524,0.0,0.0,-2.2160536445966e-05,5.6109866531933e-12,0.0075021982192993,0.00018683046102524,159.9818572998,120.0,-0.095224469900131,-0.00081005122046918,false,true,true,true,-1,0,0.26666666666667
31241,SAMPLE,SEARCHING_LAST_DIRECTION,true,7,5,3,0,23,2.3961067199707e-05,-0.069813169538975,0.0,-0.07,2.3961067199707e-05,0.00018683046102524,0.0,0.0,-1.4404348689878e-05,3.6471413245757e-12,0.0075021982192993,0.00018683046102524,159.98657226563,120.0,-0.070477321743965,-0.00059911393327639,false,true,true,true,0,0,0.23333333333333
31242,SAMPLE,SEARCHING_LAST_DIRECTION,true,7,5,3,0,24,2.3961067199707e-05,-0.069813169538975,0.0,-0.07,2.3961067199707e-05,0.00018683046102524,0.0,0.0,-9.3628266484204e-06,2.3706418609742e-12,0.0075021982192993,0.00018683046102524,159.98657226563,120.0,-0.070477321743965,-0.00059911393327639,false,true,true,true,0,0,0.2
31243,SAMPLE,SEARCHING_LAST_DIRECTION,true,7,5,3,0,25,2.3961067199707e-05,-0.069813169538975,0.0,-0.07,2.3961067199707e-05,0.00018683046102524,0.0,0.0,-6.0858373214733e-06,1.5409172096332e-12,0.0075021982192993,0.00018683046102524,159.98657226563,120.0,-0.070477321743965,-0.00059911393327639,false,true,true,true,0,0,0.16666666666667
31244,SAMPLE,SEARCHING_LAST_DIRECTION,true,7,5,3,0,26,-2.3841857910156e-05,-0.069813169538975,0.0,-0.07,-2.3841857910156e-05,0.00018683046102524,-4.7802925109863e-05,0.0,-2.068681804741e-05,1.0015961862616e-12,0.0075021982192993,0.00018683046102524,159.99147033691,120.0,-0.044769115746021,-0.00038107001455501,false,true,true,true,0,0,0.13333333333333
31245,SAMPLE,SEARCHING_LAST_DIRECTION,true,7,5,3,0,27,-2.3841857910156e-05,-0.069813169538975,0.0,-0.07,-2.3841857910156e-05,0.00018683046102524,0.0,0.0,-1.3446431730816e-05,6.5103752107004e-13,0.0075021982192993,0.00018683046102524,159.99147033691,120.0,-0.044769115746021,-0.00038107001455501,false,true,true,true,0,0,0.1
31246,SAMPLE,SEARCHING_LAST_DIRECTION,true,7,5,3,0,28,-2.3841857910156e-05,-0.069813169538975,0.0,-0.07,-2.3841857910156e-05,0.00018683046102524,0.0,0.0,-8.7401806250306e-06,4.2317438869552e-13,0.0075021982192993,0.00018683046102524,159.99147033691,120.0,-0.044769115746021,-0.00038107001455501,false,true,true,true,0,0,0.1
31247,SAMPLE,SEARCHING_LAST_DIRECTION,true,7,5,3,0,29,-2.3841857910156e-05,-0.069813169538975,0.0,-0.07,-2.3841857910156e-05,0.00018683046102524,0.0,0.0,-5.6811174062699e-06,2.7506335265209e-13,0.0075021982192993,0.00018683046102524,159.99456787109,120.0,-0.028511280193925,-0.0002423818805255,false,true,true,true,0,0,0.1
31248,LOST,LOST,true,7,5,3,0,30,-2.3841857910156e-05,-0.069813169538975,0.0,-0.07,-2.3841857910156e-05,0.00018683046102524,0.0,0.0,-3.6927263140754e-06,1.7879117922386e-13,0.0075021982192993,0.00018683046102524,159.99456787109,120.0,-0.028511280193925,-0.0002423818805255,false,true,true,true,0,0,0.1
31249,SAMPLE,IDLE,true,7,0,0,0,0,-2.3841857910156e-05,-0.069813169538975,0.0,-0.07,-2.3841857910156e-05,0.00018683046102524,0.0,0.0,-2.400272104149e-06,1.1621426649551e-13,0,0,159.99598693848,120.0,-0.021063107997179,-0.00017926564032678,false,true,true,true,0,0,0
31250,SAMPLE,IDLE,true,7,0,0,0,0,-2.3841857910156e-05,-0.069813169538975,0.0,-0.07,-2.3841857910156e-05,0.00018683046102524,0.0,0.0,-1.5601768676969e-06,7.553927322208e-14,0,0,159.99598693848,120.0,-0.021063107997179,-0.00017926564032678,false,true,true,true,0,0,0
31251,SAMPLE,IDLE,true,7,0,0,0,0,-2.3841857910156e-05,-0.069813169538975,0.0,-0.07,-2.3841857910156e-05,0.00018683046102524,0.0,0.0,-1.014114964003e-06,4.9100527594352e-14,0,0,159.99702453613,120.0,-0.015617134049535,-0.00013258487160783,false,true,true,true,0,0,0
31252,SAMPLE,IDLE,true,7,0,0,0,0,-2.3841857910156e-05,-0.069813169538975,0.0,-0.07,-2.3841857910156e-05,0.00018683046102524,0.0,0.0,-6.5917472660193e-07,3.1915342936329e-14,0,0,159.99702453613,120.0,-0.015617134049535,-0.00013258487160783,false,true,true,true,0,0,0
31253,SAMPLE,IDLE,true,7,0,0,0,0,-2.3841857910156e-05,-0.069813169538975,0.0,-0.07,-2.3841857910156e-05,0.00018683046102524,0.0,0.0,-4.2846357229125e-07,2.0744972908614e-14,0,0,159.99702453613,120.0,-0.015617134049535,-0.00013258487160783,false,true,true,true,0,0,0
31254,SAMPLE,IDLE,true,7,0,0,0,0,-2.3841857910156e-05,-0.069813169538975,0.0,-0.07,-2.3841857910156e-05,0.00018683046102524,0.0,0.0,-2.7850132198932e-07,1.3484232390599e-14,0,0,159.99810791016,120.0,-0.0099308956414461,-8.4331411926541e-05,false,true,true,true,0,0,0
31255,SAMPLE,IDLE,true,7,0,0,0,0,-2.3841857910156e-05,-0.069813169538975,0.0,-0.07,-2.3841857910156e-05,0.00018683046102524,0.0,0.0,-1.8102585929305e-07,8.7647510538893e-15,0,0,159.99810791016,120.0,-0.0099308956414461,-8.4331411926541e-05,false,true,true,true,0,0,0
31256,SAMPLE,IDLE,true,7,0,0,0,0,-2.3841857910156e-05,-0.069813169538975,0.0,-0.07,-2.3841857910156e-05,0.00018683046102524,0.0,0.0,-1.1766680854049e-07,5.6970881850281e-15,0,0,159.99810791016,120.0,-0.0099308956414461,-8.4331411926541e-05,false,true,true,true,0,0,0
31257,SAMPLE,IDLE,true,7,0,0,0,0,-2.3841857910156e-05,-0.069813169538975,0.0,-0.07,-2.3841857910156e-05,0.00018683046102524,0.0,0.0,-7.6483425551316e-08,3.7031073202682e-15,0,0,159.99859619141,120.0,-0.0073680835776031,-6.2371509557124e-05,false,true,true,true,0,0,0
31258,SAMPLE,IDLE,true,7,0,0,0,0,-2.3841857910156e-05,-0.069813169538975,0.0,-0.07,-2.3841857910156e-05,0.00018683046102524,0.0,0.0,-4.9714226608355e-08,2.4070197581744e-15,0,0,159.99859619141,120.0,-0.0073680835776031,-6.2371509557124e-05,false,true,true,true,0,0,0
31259,SAMPLE,IDLE,true,7,0,0,0,0,-2.3841857910156e-05,-0.069813169538975,0.0,-0.07,-2.3841857910156e-05,0.00018683046102524,0.0,0.0,-3.2314247295431e-08,1.5645628428133e-15,0,0,159.99911499023,120.0,-0.004645096603781,-3.9671773265582e-05,false,true,true,true,0,0,0
31260,SAMPLE,IDLE,true,7,0,0,0,0,-2.3841857910156e-05,-0.069813169538975,0.0,-0.07,-2.3841857910156e-05,0.00018683046102524,0.0,0.0,-2.100426074203e-08,1.0169658478287e-15,0,0,159.99911499023,120.0,-0.004645096603781,-3.9671773265582e-05,false,true,true,true,0,0,0
31261,SAMPLE,IDLE,true,7,0,0,0,0,-2.3841857910156e-05,-0.069813169538975,0.0,-0.07,-2.3841857910156e-05,0.00018683046102524,0.0,0.0,-1.365276948232e-08,6.6102780108863e-16,0,0,159.99911499023,120.0,-0.004645096603781,-3.9671773265582e-05,false,true,true,true,0,0,0
31262,SAMPLE,IDLE,true,7,0,0,0,0,-2.3841857910156e-05,-0.069813169538975,0.0,-0.07,-2.3841857910156e-05,0.00018683046102524,0.0,0.0,-8.8743001635077e-09,4.2966807070761e-16,0,0,159.9994354248,120.0,-0.0029632509686053,-2.5233470296371e-05,false,true,true,true,0,0,0
31263,SAMPLE,IDLE,true,7,0,0,0,0,-2.3841857910156e-05,-0.069813169538975,0.0,-0.07,-2.3841857910156e-05,0.00018683046102524,0.0,0.0,-5.76829510628e-09,2.7928424595995e-16,0,0,159.9994354248,120.0,-0.0029632509686053,-2.5233470296371e-05,false,true,true,true,0,0,0
31264,SAMPLE,IDLE,true,7,0,0,0,0,-2.3841857910156e-05,-0.069813169538975,0.0,-0.07,-2.3841857910156e-05,0.00018683046102524,0.0,0.0,-3.749391819082e-09,1.8153475987397e-16,0,0,159.9994354248,120.0,-0.0029632509686053,-2.5233470296371e-05,false,true,true,true,0,0,0
31265,SAMPLE,IDLE,true,7,0,0,0,0,-2.3841857910156e-05,-0.069813169538975,0.0,-0.07,-2.3841857910156e-05,0.00018683046102524,0.0,0.0,-2.4371046824033e-09,1.1799759391808e-16,0,0,159.99963378906,120.0,-0.0019221088150516,-1.6049902114901e-05,false,true,true,true,0,0,0
31266,SAMPLE,IDLE,true,7,0,0,0,0,-2.3841857910156e-05,-0.069813169538975,0.0,-0.07,-2.3841857910156e-05,0.00018683046102524,0.0,0.0,-1.5841180435621e-09,7.6698436046751e-17,0,0,159.99963378906,120.0,-0.0019221088150516,-1.6049902114901e-05,false,true,true,true,0,0,0
31267,SAMPLE,IDLE,true,7,0,0,0,0,-2.3841857910156e-05,-0.069813169538975,0.0,-0.07,-2.3841857910156e-05,0.00018683046102524,0.0,0.0,-1.0296767283154e-09,4.9853983430388e-17,0,0,159.99974060059,120.0,-0.0013614937197417,-1.1870508387801e-05,false,true,true,true,0,0,0
31268,SAMPLE,IDLE,true,7,0,0,0,0,-2.3841857910156e-05,-0.069813169538975,0.0,-0.07,-2.3841857910156e-05,0.00018683046102524,0.0,0.0,-6.6928987340501e-10,3.2405089229752e-17,0,0,159.99974060059,120.0,-0.0013614937197417,-1.1870508387801e-05,false,true,true,true,0,0,0
31269,SAMPLE,IDLE,true,7,0,0,0,0,-2.3841857910156e-05,-0.069813169538975,0.0,-0.07,-2.3841857910156e-05,0.00018683046102524,0.0,0.0,-4.3503841771326e-10,2.1063307999339e-17,0,0,159.99974060059,120.0,-0.0013614937197417,-1.1870508387801e-05,false,true,true,true,0,0,0
31270,SAMPLE,IDLE,true,7,0,0,0,0,-2.3841857910156e-05,-0.069813169538975,0.0,-0.07,-2.3841857910156e-05,0.00018683046102524,0.0,0.0,-2.8277497151362e-10,1.369115019957e-17,0,0,159.99983215332,120.0,-0.00088096654508263,-7.55030896471e-06,false,true,true,true,0,0,0
31271,SAMPLE,IDLE,true,7,0,0,0,0,-2.3841857910156e-05,-0.069813169538975,0.0,-0.07,-2.3841857910156e-05,0.00018683046102524,0.0,0.0,-1.8380373148385e-10,8.8992476297207e-18,0,0,159.99983215332,120.0,-0.00088096654508263,-7.55030896471e-06,false,true,true,true,0,0,0
31272,SAMPLE,IDLE,true,7,0,0,0,0,-2.3841857910156e-05,-0.069813169538975,0.0,-0.07,-2.3841857910156e-05,0.00018683046102524,0.0,0.0,-1.194724254645e-10,5.7845109593184e-18,0,0,159.99989318848,120.0,-0.00056061503710225,-4.8024194256868e-06,false,true,true,true,0,0,0
31273,SAMPLE,IDLE,true,7,0,0,0,0,-2.3841857910156e-05,-0.069813169538975,0.0,-0.07,-2.3841857910156e-05,0.00018683046102524,0.0,0.0,-7.7657076551927e-11,3.759932123557e-18,0,0,159.99989318848,120.0,-0.00056061503710225,-4.8024194256868e-06,false,true,true,true,0,0,0
31274,SAMPLE,IDLE,true,7,0,0,0,0,-2.3841857910156e-05,-0.069813169538975,0.0,-0.07,-2.3841857910156e-05,0.00018683046102524,0.0,0.0,-5.0477099758752e-11,2.443955880312e-18,0,0,159.99989318848,120.0,-0.00056061503710225,-4.8024194256868e-06,false,true,true,true,0,0,0
31275,SAMPLE,IDLE,true,7,0,0,0,0,-2.3841857910156e-05,-0.069813169538975,0.0,-0.07,-2.3841857910156e-05,0.00018683046102524,0.0,0.0,-3.2810114843189e-11,1.5885713222028e-18,0,0,159.99993896484,120.0,-0.00032035144977272,-3.0546079869964e-06,false,true,true,true,0,0,0
31276,SAMPLE,IDLE,true,7,0,0,0,0,-2.3841857910156e-05,-0.069813169538975,0.0,-0.07,-2.3841857910156e-05,0.00018683046102524,0.0,0.0,-2.1326574648073e-11,1.0325713594318e-18,0,0,159.99993896484,120.0,-0.00032035144977272,-3.0546079869964e-06,false,true,true,true,0,0,0
31277,SAMPLE,IDLE,true,7,0,0,0,0,-2.3841857910156e-05,-0.069813169538975,0.0,-0.07,-2.3841857910156e-05,0.00018683046102524,0.0,0.0,-1.3862273521247e-11,6.7117138363069e-19,0,0,159.99993896484,120.0,-0.00032035144977272,-3.0546079869964e-06,false,true,true,true,0,0,0
31278,SAMPLE,IDLE,true,7,0,0,0,0,-2.3841857910156e-05,-0.069813169538975,0.0,-0.07,-2.3841857910156e-05,0.00018683046102524,0.0,0.0,-9.0104777888108e-12,4.3626139935995e-19,0,0,159.99995422363,120.0,-0.00024026360188145,-1.9429016901995e-06,false,true,true,true,0,0,0
31279,SAMPLE,IDLE,true,7,0,0,0,0,-2.3841857910156e-05,-0.069813169538975,0.0,-0.07,-2.3841857910156e-05,0.00018683046102524,0.0,0.0,-5.856810562727e-12,2.8356990958397e-19,0,0,159.99995422363,120.0,-0.00024026360188145,-1.9429016901995e-06,false,true,true,true,0,0,0
31280,SAMPLE,IDLE,true,7,0,0,0,0,-2.3841857910156e-05,-0.069813169538975,0.0,-0.07,-2.3841857910156e-05,0.00018683046102524,0.0,0.0,-3.8069268657726e-12,1.8432044122958e-19,0,0,159.99996948242,120.0,-0.00016017572488636,-1.2357943433017e-06,false,true,true,true,0,0,0
31281,SAMPLE,IDLE,true,7,0,0,0,0,-2.3841857910156e-05,-0.069813169538975,0.0,-0.07,-2.3841857910156e-05,0.00018683046102524,0.0,0.0,-2.4745024627522e-12,1.1980828679923e-19,0,0,159.99996948242,120.0,-0.00016017572488636,-1.2357943433017e-06,false,true,true,true,0,0,0
31282,SAMPLE,IDLE,true,7,0,0,0,0,-2.3841857910156e-05,-0.069813169538975,0.0,-0.07,-2.3841857910156e-05,0.00018683046102524,0.0,0.0,-1.6084266007889e-12,7.7875386419497e-20,0,0,159.99996948242,120.0,-0.00016017572488636,-1.2357943433017e-06,false,true,true,true,0,0,0
31283,SAMPLE,IDLE,true,7,0,0,0,0,-2.3841857910156e-05,-0.069813169538975,0.0,-0.07,-2.3841857910156e-05,0.00018683046102524,0.0,0.0,-1.0454772905128e-12,5.0619001172673e-20,0,0,159.99998474121,120.0,-8.0087862443179e-05,-7.8603437714264e-07,false,true,true,true,0,0,0
31284,SAMPLE,IDLE,true,7,0,0,0,0,-2.3841857910156e-05,-0.069813169538975,0.0,-0.07,-2.3841857910156e-05,0.00018683046102524,0.0,0.0,-6.7956023883331e-13,3.2902350762238e-20,0,0,159.99998474121,120.0,-8.0087862443179e-05,-7.8603437714264e-07,false,true,true,true,0,0,0
31285,SAMPLE,IDLE,true,7,0,0,0,0,-2.3841857910156e-05,-0.069813169538975,0.0,-0.07,-2.3841857910156e-05,0.00018683046102524,0.0,0.0,-4.4171415524165e-13,2.1386527995454e-20,0,0,159.99998474121,120.0,-8.0087862443179e-05,-7.8603437714264e-07,false,true,true,true,0,0,0
31286,SAMPLE,IDLE,true,7,0,0,0,0,-2.3841857910156e-05,-0.069813169538975,0.0,-0.07,-2.3841857910156e-05,0.00018683046102524,0.0,0.0,-2.8711420090708e-13,1.3901243197045e-20,0,0,159.99998474121,120.0,-8.0087862443179e-05,-4.9996185680357e-07,false,true,true,true,0,0,0
31287,SAMPLE,IDLE,true,7,0,0,0,0,-2.3841857910156e-05,-0.069813169538975,0.0,-0.07,-2.3841857910156e-05,0.00018683046102524,0.0,0.0,-1.866242305896e-13,9.0358080780795e-21,0,0,159.99998474121,120.0,-8.0087862443179e-05,-4.9996185680357e-07,false,true,true,true,0,0,0
31288,SAMPLE,IDLE,true,7,0,0,0,0,-2.3841857910156e-05,-0.069813169538975,0.0,-0.07,-2.3841857910156e-05,0.00018683046102524,0.0,0.0,-1.2130574988324e-13,5.8732752507517e-21,0,0,160.0,120.0,0.0,-3.1800377087166e-07,false,true,true,true,0,0,0
31289,SAMPLE,IDLE,true,7,0,0,0,0,0.0,-0.069813169538975,0.0,-0.07,0.0,0.00018683046102524,2.3841857910156e-05,0.0,8.344650189706e-06,3.8176289129886e-21,0,0,160.0,120.0,0.0,-3.1800377087166e-07,false,true,true,true,0,0,0
31290,SAMPLE,IDLE,true,7,0,0,0,0,0.0,-0.069813169538975,0.0,-0.07,0.0,0.00018683046102524,0.0,0.0,5.4240226233089e-06,2.4814587934426e-21,0,0,160.0,120.0,0.0,-3.1800377087166e-07,false,true,true,true,0,0,0
31291,SAMPLE,IDLE,true,7,0,0,0,0,0.0,-0.069813169538975,0.0,-0.07,0.0,0.00018683046102524,0.0,0.0,3.5256147051508e-06,1.6129482157377e-21,0,0,160.0,120.0,0.0,-2.0226821106917e-07,false,true,true,true,0,0,0
31292,SAMPLE,IDLE,true,7,0,0,0,0,0.0,-0.069813169538975,0.0,-0.07,0.0,0.00018683046102524,0.0,0.0,2.291649558348e-06,1.0484163402295e-21,0,0,160.0,120.0,0.0,-2.0226821106917e-07,false,true,true,true,0,0,0
31293,SAMPLE,IDLE,true,7,0,0,0,0,0.0,-0.069813169538975,0.0,-0.07,0.0,0.00018683046102524,0.0,0.0,1.4895722129262e-06,6.8147062114917e-22,0,0,160.0,120.0,0.0,-2.0226821106917e-07,false,true,true,true,0,0,0
31294,SAMPLE,IDLE,true,7,0,0,0,0,0.091393113136292,-0.069813169538975,0.0,-0.07,0.091393113136292,0.00018683046102524,0.091393113136292,0.0,0.03198855781964,4.4295590374696e-22,0,0,142.5306854248,120.0,-91.307106018066,-0.77988016605377,true,false,false,false,0,0,0
31295,ACQUIRED,ACQUIRED,true,8,0,0,0,0,0.091393113136292,-0.069813169538975,0.0,-0.07,0.091393113136292,0.00018683046102524,0.0,0.0,0.020792562582766,2.8792133743552e-22,0.091393113136292,0.00018683046102524,142.5306854248,120.0,-91.307106018066,-0.77988016605377,true,false,false,false,-27,0,0
31296,ALIGNING,ALIGNING,true,8,0,0,0,0,0.091393113136292,-0.069813169538975,0.0,-0.07,0.091393113136292,0.00018683046102524,0.0,0.0,0.013515165678798,1.8714886933309e-22,0.091393113136292,0.00018683046102524,142.5306854248,120.0,-91.307106018066,-0.77988016605377,true,false,false,false,-27,0,0
31297,SAMPLE,ALIGNING,true,8,0,0,0,0,0.14882242679596,-0.069813169538975,0.0,-0.07,0.14882242679596,0.00018683046102524,0.057429313659668,0.0,0.028885117472103,1.2164676506651e-22,0.14882242679596,0.00018683046102524,131.4192199707,120.0,-148.3503112793,-1.2759275436401,true,false,false,false,-44,0,0
31298,SAMPLE,ALIGNING,true,8,0,0,0,0,0.14882242679596,-0.069813169538975,0.0,-0.07,0.14882242679596,0.00018683046102524,0.0,0.0,0.018775326356867,7.9070397293231e-23,0.14882242679596,0.00018683046102524,131.4192199707,120.0,-148.3503112793,-1.2759275436401,true,false,false,false,-43,0,0
31299,SAMPLE,ALIGNING,true,8,0,0,0,0,0.14882242679596,-0.069813169538975,0.0,-0.07,0.14882242679596,0.00018683046102524,0.0,0.0,0.012203962131963,5.13957582406e-23,0.14882242679596,0.00018683046102524,131.4192199707,120.0,-148.3503112793,-1.2759275436401,true,false,false,false,-43,0,0
31300,SAMPLE,ALIGNING,true,8,0,0,0,0,0.20399856567383,-0.075014591217041,0.0,-0.07,0.20399856567383,-0.005014591217041,0.055176138877869,-0.0052014216780663,0.02724422399303,-0.0018204975873232,0.20399856567383,-0.005014591217041,120.57136535645,121.02276611328,-202.64984130859,-1.7602071762085,true,false,false,false,-45,-1,0
31301,SAMPLE,ALIGNING,true,8,0,0,0,0,0.20399856567383,-0.075014591217041,0.0,-0.07,0.20399856567383,-0.005014591217041,0.0,0.0,0.01770874559547,-0.0011833234317601,0.20399856567383,-0.005014591217041,120.57136535645,121.02276611328,-202.64984130859,-1.7602071762085,true,false,false,false,-45,-1,0
31302,SAMPLE,ALIGNING,true,8,0,0,0,0,0.20399856567383,-0.075014591217041,0.0,-0.07,0.20399856567383,-0.005014591217041,0.0,0.0,0.011510684637055,-0.00076916023064405,0.20399856567383,-0.005014591217041,120.57136535645,121.02276611328,-202.64984130859,-1.7602071762085,true,false,false,false,-45,-1,0
31303,SAMPLE,ALIGNING,true,8,0,0,0,0,0.23338437080383,-0.078178405761719,0.0,-0.07,0.23338437080383,-0.0081784057617187,0.029385805130005,-0.0031638145446777,0.017766976809588,-0.0016072892405558,0.23338437080383,-0.0081784057617187,114.70471191406,121.64472961426,-231.28399658203,-2.022111415863,true,false,false,false,-45,-2,0
31304,SAMPLE,ALIGNING,true,8,0,0,0,0,0.23338437080383,-0.078178405761719,0.0,-0.07,0.23338437080383,-0.0081784057617187,0.0,0.0,0.011548534926232,-0.0010447380063613,0.23338437080383,-0.0081784057617187,114.70471191406,121.64472961426,-231.28399658203,-2.022111415863,true,false,false,false,-45,-2,0
31305,SAMPLE,ALIGNING,true,8,0,0,0,0,0.25184035301208,-0.080095767974854,0.0,-0.07,0.25184035301208,-0.010095767974854,0.018455982208252,-0.0019173622131348,0.013966141474939,-0.001350156478732,0.25184035301208,-0.010095767974854,110.97319030762,122.04032897949,-249.19216918945,-2.1886970996857,true,false,false,false,-45,-2,0
31306,SAMPLE,ALIGNING,true,8,0,0,0,0,0.25184035301208,-0.080095767974854,0.0,-0.07,0.25184035301208,-0.010095767974854,0.0,0.0,0.0090779919587103,-0.00087760171117581,0.25184035301208,-0.010095767974854,110.97319030762,122.04032897949,-249.19216918945,-2.1886970996857,true,false,false,false,-45,-2,0
31307,SAMPLE,ALIGNING,true,8,0,0,0,0,0.25184035301208,-0.080095767974854,0.0,-0.07,0.25184035301208,-0.010095767974854,0.0,0.0,0.0059006947731617,-0.00057044111226427,0.25184035301208,-0.010095767974854,110.97319030762,122.04032897949,-249.19216918945,-2.1886970996857,true,false,false,false,-45,-2,0
31308,SAMPLE,ALIGNING,true,8,0,0,0,0,0.26348924636841,-0.081342220306396,0.0,-0.07,0.26348924636841,-0.011342220306396,0.011648893356323,-0.001246452331543,0.0079125642772682,-0.00080704503901182,0.26348924636841,-0.011342220306396,108.59973144531,122.29195404053,-260.45156860352,-2.29465508461,true,false,false,false,-45,-3,0
31309,SAMPLE,ALIGNING,true,8,0,0,0,0,0.26348924636841,-0.081342220306396,0.0,-0.07,0.26348924636841,-0.011342220306396,0.0,0.0,0.0051431667802244,-0.00052457927535768,0.26348924636841,-0.011342220306396,108.59973144531,122.29195404053,-260.45156860352,-2.29465508461,true,false,false,false,-45,-3,0
31310,SAMPLE,ALIGNING,true,8,0,0,0,0,0.27082371711731,-0.082157135009766,0.0,-0.07,0.27082371711731,-0.012157135009766,0.0073344707489014,-0.00081491470336914,0.0059101231692613,-0.00062619667516169,0.27082371711731,-0.012157135009766,107.09008026123,122.452003479,-267.55822753906,-2.3620500564575,true,false,false,false,-45,-3,0
31311,SAMPLE,ALIGNING,true,8,0,0,0,0,0.27082371711731,-0.082157135009766,0.0,-0.07,0.27082371711731,-0.012157135009766,0.0,0.0,0.0038415800600199,-0.0004070278388551,0.27082371711731,-0.012157135009766,107.09008026123,122.452003479,-267.55822753906,-2.3620500564575,true,false,false,false,-45,-3,0
31312,SAMPLE,ALIGNING,true,8,0,0,0,0,0.27082371711731,-0.082157135009766,0.0,-0.07,0.27082371711731,-0.012157135009766,0.0,0.0,0.0024970270390129,-0.00026456809525581,0.27082371711731,-0.012157135009766,107.09008026123,122.452003479,-267.55822753906,-2.3620500564575,true,false,false,false,-45,-3,0
31313,SAMPLE,ALIGNING,true,8,0,0,0,0,0.27552151679993,-0.082636833190918,0.0,-0.07,0.27552151679993,-0.012636833190918,0.0046977996826172,-0.00047969818115234,0.0032672974642744,-0.0003398636253196,0.27552151679993,-0.012636833190918,106.12986755371,122.55380249023,-272.05569458008,-2.4049167633057,true,false,false,false,-45,-3,0
31314,SAMPLE,ALIGNING,true,8,0,0,0,0,0.27552151679993,-0.082636833190918,0.0,-0.07,0.27552151679993,-0.012636833190918,0.0,0.0,0.0021237433517784,-0.00022091135645774,0.27552151679993,-0.012636833190918,106.12986755371,122.55380249023,-272.05569458008,-2.4049167633057,true,false,false,false,-45,-3,0
31315,SAMPLE,ALIGNING,true,8,0,0,0,0,0.2784937620163,-0.082972049713135,0.0,-0.07,0.2784937620163,-0.012972049713135,0.0029722452163696,-0.0003352165222168,0.0024207190043853,-0.00026091816447341,0.2784937620163,-0.012972049713135,105.5191192627,122.61855316162,-274.90704345703,-2.4321825504303,true,false,false,false,-45,-3,0
31316,SAMPLE,ALIGNING,true,8,0,0,0,0,0.2784937620163,-0.082972049713135,0.0,-0.07,0.2784937620163,-0.012972049713135,0.0,0.0,0.0015734673528504,-0.00016959680690772,0.2784937620163,-0.012972049713135,105.5191192627,122.61855316162,-274.90704345703,-2.4321825504303,true,false,false,false,-45,-3,0
31317,SAMPLE,ALIGNING,true,8,0,0,0,0,0.2784937620163,-0.082972049713135,0.0,-0.07,0.2784937620163,-0.012972049713135,0.0,0.0,0.0010227537793528,-0.00011023792449002,0.2784937620163,-0.012972049713135,105.5191192627,122.61855316162,-274.90704345703,-2.4321825504303,true,false,false,false,-45,-3,0
31318,SAMPLE,ALIGNING,true,8,0,0,0,0,0.28036332130432,-0.083163738250732,0.0,-0.07,0.28036332130432,-0.013163738250732,0.0018695592880249,-0.00019168853759766,0.001319135707388,-0.00013874563907769,0.28036332130432,-0.013163738250732,105.13064575195,122.6597366333,-276.71688842773,-2.4495251178741,true,false,false,false,-45,-3,0
31319,SAMPLE,ALIGNING,true,8,0,0,0,0,0.28036332130432,-0.083163738250732,0.0,-0.07,0.28036332130432,-0.013163738250732,0.0,0.0,0.00085743820980222,-9.0184665400498e-05,0.28036332130432,-0.013163738250732,105.13064575195,122.6597366333,-276.71688842773,-2.4495251178741,true,false,false,false,-45,-3,0
31320,SAMPLE,ALIGNING,true,8,0,0,0,0,0.28036332130432,-0.083163738250732,0.0,-0.07,0.28036332130432,-0.013163738250732,0.0,0.0,0.00055733483637144,-5.8620032510324e-05,0.28036332130432,-0.013163738250732,105.13064575195,122.6597366333,-276.71688842773,-2.4495251178741,true,false,false,false,-45,-3,0
31321,SAMPLE,ALIGNING,true,8,0,0,0,0,0.28156173229218,-0.08330774307251,0.0,-0.07,0.28156173229218,-0.01330774307251,0.001198410987854,-0.00014400482177734,0.00078171148939034,-8.8504708753781e-05,0.28156173229218,-0.01330774307251,104.88355255127,122.68593597412,-277.8664855957,-2.4605560302734,true,false,false,false,-45,-3,0
31322,SAMPLE,ALIGNING,true,8,0,0,0,0,0.28156173229218,-0.08330774307251,0.0,-0.07,0.28156173229218,-0.01330774307251,0.0,0.0,0.00050811246810372,-5.7528060689958e-05,0.28156173229218,-0.01330774307251,104.88355255127,122.68593597412,-277.8664855957,-2.4605560302734,true,false,false,false,-45,-3,0
31323,SAMPLE,ALIGNING,true,8,0,0,0,0,0.28232872486115,-0.083355903625488,0.0,-0.07,0.28232872486115,-0.013355903625488,0.00076699256896973,-4.8160552978516e-05,0.00059872050340682,-5.4249432990953e-05,0.28232872486115,-0.013355903625488,104.72637939453,122.70259857178,-278.59716796875,-2.4675724506378,true,false,false,false,-45,-3,0
31324,SAMPLE,ALIGNING,true,8,0,0,0,0,0.28232872486115,-0.083355903625488,0.0,-0.07,0.28232872486115,-0.013355903625488,0.0,0.0,0.00038916832721443,-3.5262131444119e-05,0.28232872486115,-0.013355903625488,104.72637939453,122.70259857178,-278.59716796875,-2.4675724506378,true,false,false,false,-45,-3,0
31325,SAMPLE,ALIGNING,true,8,0,0,0,0,0.28232872486115,-0.083355903625488,0.0,-0.07,0.28232872486115,-0.013355903625488,0.0,0.0,0.00025295941268938,-2.2920385438678e-05,0.28232872486115,-0.013355903625488,104.72637939453,122.70259857178,-278.59716796875,-2.4675724506378,true,false,false,false,-45,-3,0
31326,SAMPLE,ALIGNING,true,8,0,0,0,0,0.18242657184601,-0.078609943389893,0.0,-0.07,0.18242657184601,-0.0086099433898926,-0.099902153015137,0.0047459602355957,-0.03480132993705,0.0016461878319234,0.18242657184601,-0.0086099433898926,124.84288024902,121.71900177002,-181.45629882813,-1.5695142745972,true,false,false,false,-45,-2,0
31327,SAMPLE,ALIGNING,true,8,0,0,0,0,0.18242657184601,-0.078609943389893,0.0,-0.07,0.18242657184601,-0.0086099433898926,0.0,0.0,-0.022620864459082,0.0010700220907502,0.18242657184601,-0.0086099433898926,124.84288024902,121.71900177002,-181.45629882813,-1.5695142745972,true,false,false,false,-45,-2,0
31328,SAMPLE,ALIGNING,true,8,0,0,0,0,0.13559150695801,-0.076356887817383,0.0,-0.07,0.13559150695801,-0.0063568878173828,-0.046835064888,0.0022530555725098,-0.031095834609204,0.001484083809366,0.13559150695801,-0.0063568878173828,133.99780273438,121.27137756348,-135.21966552734,-1.1608128547668,true,false,false,false,-35,-1,0
31329,SAMPLE,ALIGNING,true,8,0,0,0,0,0.13559150695801,-0.076356887817383,0.0,-0.07,0.13559150695801,-0.0063568878173828,0.0,0.0,-0.020212292495982,0.00096465447608792,0.13559150695801,-0.0063568878173828,133.99780273438,121.27137756348,-135.21966552734,-1.1608128547668,true,false,false,false,-36,-1,0
31330,SAMPLE,ALIGNING,true,8,0,0,0,0,0.13559150695801,-0.076356887817383,0.0,-0.07,0.13559150695801,-0.0063568878173828,0.0,0.0,-0.013137990122389,0.00062702540945715,0.13559150695801,-0.0063568878173828,133.99780273438,121.27137756348,-135.21966552734,-1.1608128547668,true,false,false,false,-37,-1,0
31331,SAMPLE,ALIGNING,true,8,0,0,0,0,0.10054922103882,-0.074630737304688,0.0,-0.07,0.10054922103882,-0.0046307373046875,-0.035042285919189,0.0017261505126953,-0.020804493651269,0.0010117191955905,0.10054922103882,-0.0046307373046875,140.76876831055,120.94030761719,-100.42626190186,-0.85853719711304,true,false,false,false,-26,-1,0
31332,SAMPLE,ALIGNING,true,8,0,0,0,0,0.10054922103882,-0.074630737304688,0.0,-0.07,0.10054922103882,-0.0046307373046875,0.0,0.0,-0.013522920873325,0.00065761747713383,0.10054922103882,-0.0046307373046875,140.76876831055,120.94030761719,-100.42626190186,-0.85853719711304,true,false,false,false,-27,-1,0
31333,SAMPLE,ALIGNING,true,8,0,0,0,0,0.074470996856689,-0.073384761810303,0.0,-0.07,0.074470996856689,-0.0033847618103027,-0.026078224182129,0.0012459754943848,-0.017917277031406,0.00086354278317166,0.074470996856689,-0.0033847618103027,145.77658081055,120.6954498291,-74.445922851563,-0.63497412204742,true,false,false,false,-19,-1,0
31334,SAMPLE,ALIGNING,true,8,0,0,0,0,0.074470996856689,-0.073384761810303,0.0,-0.07,0.074470996856689,-0.0033847618103027,0.0,0.0,-0.011646230070414,0.00056130280906158,0.074470996856689,-0.0033847618103027,145.77658081055,120.6954498291,-74.445922851563,-0.63497412204742,true,false,false,false,-20,-1,0
31335,SAMPLE,ALIGNING,true,8,0,0,0,0,0.05510425567627,-0.072473526000977,0.0,-0.07,0.05510425567627,-0.0024735260009766,-0.01936674118042,0.00091123580932617,-0.014348408958916,0.00068377935915419,0.05510425567627,-0.0024735260009766,149.48036193848,120.51435852051,-55.129608154297,-0.46962684392929,true,false,false,false,-14,0,0
31336,SAMPLE,ALIGNING,true,8,0,0,0,0,0.05510425567627,-0.072473526000977,0.0,-0.07,0.05510425567627,-0.0024735260009766,0.0,0.0,-0.0093264658232955,0.00044445658345022,0.05510425567627,-0.0024735260009766,149.48036193848,120.51435852051,-55.129608154297,-0.46962684392929,true,false,false,false,-15,-1,0
31337,SAMPLE,ALIGNING,true,8,0,0,0,0,0.05510425567627,-0.072473526000977,0.0,-0.07,0.05510425567627,-0.0024735260009766,0.0,0.0,-0.0060622027851421,0.00028889677924264,0.05510425567627,-0.0024735260009766,149.48036193848,120.51435852051,-55.129608154297,-0.46962684392929,true,false,false,false,-15,-1,0
31338,SAMPLE,ALIGNING,true,8,0,0,0,0,0.035066366195679,-0.07146692276001,0.0,-0.07,0.035066366195679,-0.0014669227600098,-0.020037889480591,0.0010066032409668,-0.010953693128549,0.0005400940408461,0.035066366195679,-0.0014669227600098,153.30891418457,120.32715606689,-35.097400665283,-0.29870897531509,true,false,false,false,-9,0,0
31339,SAMPLE,ALIGNING,true,8,0,0,0,0,0.035066366195679,-0.07146692276001,0.0,-0.07,0.035066366195679,-0.0014669227600098,0.0,0.0,-0.0071199005335569,0.00035106112654996,0.035066366195679,-0.0014669227600098,153.30891418457,120.32715606689,-35.097400665283,-0.29870897531509,true,false,false,false,-9,0,0
31340,SAMPLE,ALIGNING,true,8,0,0,0,0,0.035066366195679,-0.07146692276001,0.0,-0.07,0.035066366195679,-0.0014669227600098,0.0,0.0,-0.004627935346812,0.00022818973225748,0.035066366195679,-0.0014669227600098,155.74409484863,120.20809173584,-22.332120895386,-0.18999564647675,true,false,false,false,-9,0,0
31341,SAMPLE,ALIGNING,true,8,0,0,0,0,0.02226710319519,-0.070843696594238,0.0,-0.07,0.02226710319519,-0.00084369659423827,-0.012799263000488,0.00062322616577148,-0.0074879000255987,0.00036645248398738,0.02226710319519,-0.00084369659423827,155.74409484863,120.20809173584,-22.332120895386,-0.18999564647675,true,false,false,true,-6,0,0
31342,SAMPLE,ALIGNING,true,8,0,0,0,0,0.02226710319519,-0.070843696594238,0.0,-0.07,0.02226710319519,-0.00084369659423827,0.0,0.0,-0.0048671350166392,0.0002381941145918,0.02226710319519,-0.00084369659423827,155.74409484863,120.20809173584,-22.332120895386,-0.18999564647675,true,false,false,true,-6,0,0
31343,SAMPLE,ALIGNING,true,8,1,0,0,0,0.016466617584229,-0.070556163787842,0.0,-0.07,0.016466617584229,-0.00055616378784179,-0.0058004856109619,0.00028753280639648,-0.0051938077246521,0.00025546265672344,0.016466617584229,-0.00055616378784179,156.85234069824,120.15390777588,-16.518665313721,-0.14052078127861,false,false,true,true,-4,0,0
31344,SAMPLE,ALIGNING,true,8,2,0,0,0,0.016466617584229,-0.070556163787842,0.0,-0.07,0.016466617584229,-0.00055616378784179,0.0,0.0,-0.0033759750210239,0.00016605072687023,0.016466617584229,-0.00055616378784179,156.85234069824,120.15390777588,-16.518665313721,-0.14052078127861,false,false,true,true,-4,0,0
31345,SAMPLE,ALIGNING,true,8,3,0,0,0,0.010474324226379,-0.070268630981445,0.0,-0.07,0.010474324226379,-0.00026863098144531,-0.0059922933578491,0.00028753280639648,-0.0042916864389127,0.00020856945470442,0.010474324226379,-0.00026863098144531,157.9979095459,120.09789276123,-10.507667541504,-0.089379087090492,false,false,true,true,-3,0,0
31346,SAMPLE,ALIGNING,true,8,4,0,0,0,0.010474324226379,-0.070268630981445,0.0,-0.07,0.010474324226379,-0.00026863098144531,0.0,0.0,-0.0027895961852933,0.00013557014555787,0.010474324226379,-0.00026863098144531,157.9979095459,120.09789276123,-10.507667541504,-0.089379087090492,false,false,true,true,-3,0,0
31347,STABLE,STABLE,true,8,5,0,0,0,0.010474324226379,-0.070268630981445,0.0,-0.07,0.010474324226379,-0.00026863098144531,0.0,0.0,-0.0018132375204406,8.8120594612618e-05,0.010474324226379,-0.00026863098144531,157.9979095459,120.09789276123,-10.507667541504,-0.089379087090492,false,false,true,true,-1,0,0
31348,SAMPLE,STABLE,true,8,5,0,0,0,0.0066393613815308,-0.070076942443848,0.0,-0.07,0.0066393613815308,-7.694244384765e-05,-0.0038349628448486,0.00019168853759766,-0.0025208413839834,0.00012436937465738,0.0066393613815308,-7.694244384765e-05,158.7265625,120.06226348877,-6.6836633682251,-0.056850109249353,false,false,true,true,-1,0,0
31349,SAMPLE,STABLE,true,8,5,0,0,0,0.0066393613815308,-0.070076942443848,0.0,-0.07,0.0066393613815308,-7.694244384765e-05,0.0,0.0,-0.0016385468995892,8.0840093527298e-05,0.0066393613815308,-7.694244384765e-05,158.7265625,120.06226348877,-6.6836633682251,-0.056850109249353,false,false,true,true,-1,0,0
31350,SAMPLE,STABLE,true,8,5,1,0,0,0.0048657655715942,-0.069981098175049,0.0,-0.07,0.0048657655715942,1.8901824951179e-05,-0.0017735958099365,9.5844268798828e-05,-0.0016858140182108,8.6091554872334e-05,0.0066393613815308,-7.694244384765e-05,159.05816650391,120.04605102539,-4.9432830810547,-0.042046342045069,false,true,true,true,-1,0,0
31351,SAMPLE,STABLE,true,8,5,2,0,0,0.0048657655715942,-0.069981098175049,0.0,-0.07,0.0048657655715942,1.8901824951179e-05,0.0,0.0,-0.001095779111837,5.5959510667017e-05,0.0066393613815308,-7.694244384765e-05,159.05816650391,120.04605102539,-4.9432830810547,-0.042046342045069,false,true,true,true,-1,0,0
31352,TARGET_TEMPORARILY_LOST,TARGET_TEMPORARILY_LOST,true,8,5,3,0,0,0.0048657655715942,-0.069981098175049,0.0,-0.07,0.0048657655715942,1.8901824951179e-05,0.0,0.0,-0.00071225642269405,3.6373681933561e-05,0.0066393613815308,-7.694244384765e-05,159.05816650391,120.04605102539,-4.9432830810547,-0.042046342045069,false,true,true,true,-2,0,1.0
31353,SEARCHING_LAST_DIRECTION,SEARCHING_LAST_DIRECTION,true,8,5,3,0,0,0.0035712718963623,-0.06993293762207,0.0,-0.07,0.0035712718963623,6.7062377929694e-05,-0.0012944936752319,4.8160552978516e-05,-0.00091603946108231,4.0499086799295e-05,0.0066393613815308,-7.694244384765e-05,159.30342102051,120.03405761719,-3.6560668945313,-0.03109747543931,false,true,true,true,-2,0,1.0
31354,SAMPLE,SEARCHING_LAST_DIRECTION,true,8,5,3,0,1,0.0035712718963623,-0.06993293762207,0.0,-0.07,0.0035712718963623,6.7062377929694e-05,0.0,0.0,-0.0005954256497035,2.6324406419542e-05,0.0066393613815308,-7.694244384765e-05,159.30342102051,120.03405761719,-3.6560668945313,-0.03109747543931,false,true,true,true,-2,0,0.96666666666667
31355,SAMPLE,SEARCHING_LAST_DIRECTION,true,8,5,3,0,2,0.0026605129241943,-0.06988525390625,0.0,-0.07,0.0026605129241943,0.00011474609375001,-0.00091075897216797,4.7683715820313e-05,-0.00070579231256607,3.3800164709812e-05,0.0066393613815308,-7.694244384765e-05,159.48480224609,120.02519226074,-2.7040770053864,-0.022999692708254,false,true,true,true,-2,0,0.93333333333333
31356,SAMPLE,SEARCHING_LAST_DIRECTION,true,8,5,3,0,3,0.0026605129241943,-0.06988525390625,0.0,-0.07,0.0026605129241943,0.00011474609375001,0.0,0.0,-0.00045876500316794,2.1970107061378e-05,0.0066393613815308,-7.694244384765e-05,159.48480224609,120.02519226074,-2.7040770053864,-0.022999692708254,false,true,true,true,-2,0,0.9
31357,SAMPLE,SEARCHING_LAST_DIRECTION,true,8,5,3,0,4,0.0026605129241943,-0.06988525390625,0.0,-0.07,0.0026605129241943,0.00011474609375001,0.0,0.0,-0.00029819725205916,1.4280569589895e-05,0.0066393613815308,-7.694244384765e-05,159.48480224609,120.02519226074,-2.7040770053864,-0.022999692708254,false,true,true,true,-2,0,0.86666666666667
31358,SAMPLE,SEARCHING_LAST_DIRECTION,true,8,5,3,0,5,0.001653790473938,-0.069837093353271,0.0,-0.07,0.001653790473938,0.00016290664672852,-0.0010067224502563,4.8160552978516e-05,-0.00054618107142818,2.6138563775912e-05,0.0066393613815308,-7.694244384765e-05,159.67230224609,120.01602172852,-1.7199646234512,-0.014629092998803,false,true,true,true,-2,0,0.83333333333333
31359,SAMPLE,SEARCHING_LAST_DIRECTION,true,8,5,3,0,6,0.001653790473938,-0.069837093353271,0.0,-0.07,0.001653790473938,0.00016290664672852,0.0,0.0,-0.00035501769642832,1.6990066454343e-05,0.0066393613815308,-7.694244384765e-05,159.67230224609,120.01602172852,-1.7199646234512,-0.014629092998803,false,true,true,true,-1,0,0.8
31360,SAMPLE,SEARCHING_LAST_DIRECTION,true,8,5,3,0,7,0.001653790473938,-0.069837093353271,0.0,-0.07,0.001653790473938,0.00016290664672852,0.0,0.0,-0.00023076150267841,1.1043543195323e-05,0.0066393613815308,-7.694244384765e-05,159.67230224609,120.01602172852,-1.7199646234512,-0.014629092998803,false,true,true,true,-1,0,0.76666666666667
31361,SAMPLE,SEARCHING_LAST_DIRECTION,true,8,5,3,0,8,0.0010306835174561,-0.069789208471775,0.0,-0.07,0.0010306835174561,0.00021079152822495,-0.00062310695648193,4.7884881496429e-05,-0.00036808241150964,2.393801160071e-05,0.0066393613815308,-7.694244384765e-05,159.79156494141,120.01019287109,-1.093999505043,-0.0093049230054021,false,true,true,true,-1,0,0.73333333333333
31362,SAMPLE,SEARCHING_LAST_DIRECTION,true,8,5,3,0,9,0.0010306835174561,-0.069789208471775,0.0,-0.07,0.0010306835174561,0.00021079152822495,0.0,0.0,-0.00023925356748127,1.5559707540462e-05,0.0066393613815308,-7.694244384765e-05,159.79156494141,120.01019287109,-1.093999505043,-0.0093049230054021,false,true,true,true,-1,0,0.7
31363,SAMPLE,SEARCHING_LAST_DIRECTION,true,8,5,3,0,10,0.0010306835174561,-0.069789208471775,0.0,-0.07,0.0010306835174561,0.00021079152822495,0.0,0.0,-0.00015551481886282,1.01138099013e-05,0.0066393613815308,-7.694244384765e-05,159.79156494141,120.01019287109,-1.093999505043,-0.0093049230054021,false,true,true,true,-1,0,0.66666666666667
31364,SAMPLE,SEARCHING_LAST_DIRECTION,true,8,5,3,0,11,0.00064718723297119,-0.069789208471775,0.0,-0.07,0.00064718723297119,0.00021079152822495,-0.00038349628448486,0.0,-0.00023530833183054,6.5739764358451e-06,0.0066393613815308,-7.694244384765e-05,159.86743164063,120.00648498535,-0.69580322504044,-0.0059184520505369,false,true,true,true,-1,0,0.63333333333333
31365,SAMPLE,SEARCHING_LAST_DIRECTION,true,8,5,3,0,12,0.00064718723297119,-0.069789208471775,0.0,-0.07,0.00064718723297119,0.00021079152822495,0.0,0.0,-0.00015295041568985,4.2730846832993e-06,0.0066393613815308,-7.694244384765e-05,159.86743164063,120.00648498535,-0.69580322504044,-0.0059184520505369,false,true,true,true,-1,0,0.6
31366,SAMPLE,SEARCHING_LAST_DIRECTION,true,8,5,3,0,13,0.00035953521728516,-0.069837093353271,0.0,-0.07,0.00035953521728516,0.00016290664672852,-0.00028765201568604,-4.7884881496429e-05,-0.00020009597568851,-1.3982203479606e-05,0.0066393613815308,-7.694244384765e-05,159.91567993164,120.00411987305,-0.44256547093391,-0.003764467081055,false,true,true,true,-1,0,0.56666666666667
31367,SAMPLE,SEARCHING_LAST_DIRECTION,true,8,5,3,0,14,0.00035953521728516,-0.069837093353271,0.0,-0.07,0.00035953521728516,0.00016290664672852,0.0,0.0,-0.00013006238419753,-9.0884322617437e-06,0.0066393613815308,-7.694244384765e-05,159.91567993164,120.00411987305,-0.44256547093391,-0.003764467081055,false,true,true,true,-1,0,0.53333333333333
31368,SAMPLE,SEARCHING_LAST_DIRECTION,true,8,5,3,0,15,0.00035953521728516,-0.069837093353271,0.0,-0.07,0.00035953521728516,0.00016290664672852,0.0,0.0,-8.4540549728397e-05,-5.9074809701334e-06,0.0066393613815308,-7.694244384765e-05,159.91567993164,120.00411987305,-0.44256547093391,-0.003764467081055,false,true,true,true,-1,0,0.5
31369,SAMPLE,SEARCHING_LAST_DIRECTION,true,8,5,3,0,16,0.00021576881408691,-0.069837093353271,0.0,-0.07,0.00021576881408691,0.00016290664672852,-0.00014376640319824,0.0,-0.00010526959844284,-3.8398626305867e-06,0.0066393613815308,-7.694244384765e-05,159.94636535645,120.00262451172,-0.28150883316994,-0.0023944119457155,false,true,true,true,-1,0,0.46666666666667
31370,SAMPLE,SEARCHING_LAST_DIRECTION,true,8,5,3,0,17,0.00021576881408691,-0.069837093353271,0.0,-0.07,0.00021576881408691,0.00016290664672852,0.0,0.0,-6.8425238987848e-05,-2.4959107098814e-06,0.0066393613815308,-7.694244384765e-05,159.94636535645,120.00262451172,-0.28150883316994,-0.0023944119457155,false,true,true,true,-1,0,0.43333333333333
31371,SAMPLE,SEARCHING_LAST_DIRECTION,true,8,5,3,0,18,0.00011980533599854,-0.069837093353271,0.0,-0.07,0.00011980533599854,0.00016290664672852,-9.5963478088379e-05,0.0,-7.8063622673034e-05,-1.6223419614229e-06,0.0066393613815308,-7.694244384765e-05,159.96588134766,120.0016708374,-0.17907646298409,-0.0015229801647365,false,true,true,true,-1,0,0.4
31372,SAMPLE,SEARCHING_LAST_DIRECTION,true,8,5,3,0,19,0.00011980533599854,-0.069837093353271,0.0,-0.07,0.00011980533599854,0.00016290664672852,0.0,0.0,-5.0741354737472e-05,-1.0545222749249e-06,0.0066393613815308,-7.694244384765e-05,159.96588134766,120.0016708374,-0.17907646298409,-0.0015229801647365,false,true,true,true,-1,0,0.36666666666667
31373,SAMPLE,SEARCHING_LAST_DIRECTION,true,8,5,3,0,20,0.00011980533599854,-0.069837093353271,0.0,-0.07,0.00011980533599854,0.00016290664672852,0.0,0.0,-3.2981880579357e-05,-6.8543947870117e-07,0.0066393613815308,-7.694244384765e-05,159.96588134766,120.0016708374,-0.17907646298409,-0.0015229801647365,false,true,true,true,-1,0,0.33333333333333
31374,SAMPLE,SEARCHING_LAST_DIRECTION,true,8,5,3,0,21,2.3961067199707e-05,-0.069837093353271,0.0,-0.07,2.3961067199707e-05,0.00016290664672852,-9.5844268798828e-05,0.0,-5.4983716456172e-05,-4.4553566115576e-07,0.0066393613815308,-7.694244384765e-05,159.97830200195,120.00106048584,-0.11388494819403,-0.00096870068227872,false,true,true,true,-1,0,0.3
31375,SAMPLE,SEARCHING_LAST_DIRECTION,true,8,5,3,0,22,2.3961067199707e-05,-0.069837093353271,0.0,-0.07,2.3961067199707e-05,0.00016290664672852,0.0,0.0,-3.5739415696512e-05,-2.8959817975125e-07,0.0066393613815308,-7.694244384765e-05,159.97830200195,120.00106048584,-0.11388494819403,-0.00096870068227872,false,true,true,true,0,0,0.26666666666667
31376,SAMPLE,SEARCHING_LAST_DIRECTION,true,8,5,3,0,23,2.3961067199707e-05,-0.069837093353271,0.0,-0.07,2.3961067199707e-05,0.00016290664672852,0.0,0.0,-2.3230620202733e-05,-1.8823881683831e-07,0.0066393613815308,-7.694244384765e-05,159.97830200195,120.00106048584,-0.11388494819403,-0.00096870068227872,false,true,true,true,0,0,0.23333333333333
31377,SAMPLE,SEARCHING_LAST_DIRECTION,true,8,5,3,0,24,2.3961067199707e-05,-0.069837093353271,0.0,-0.07,2.3961067199707e-05,0.00016290664672852,0.0,0.0,-1.5099903131776e-05,-1.223552309449e-07,0.0066393613815308,-7.694244384765e-05,159.9861907959,120.00067138672,-0.072479516267776,-0.00061614788137376,false,true,true,true,0,0,0.2
31378,SAMPLE,SEARCHING_LAST_DIRECTION,true,8,5,3,0,25,2.3961067199707e-05,-0.069837093353271,0.0,-0.07,2.3961067199707e-05,0.00016290664672852,0.0,0.0,-9.8149370356545e-06,-7.9530900114186e-08,0.0066393613815308,-7.694244384765e-05,159.9861907959,120.00067138672,-0.072479516267776,-0.00061614788137376,false,true,true,true,0,0,0.16666666666667
31379,SAMPLE,SEARCHING_LAST_DIRECTION,true,8,5,3,0,26,-2.3841857910156e-05,-0.069837093353271,0.0,-0.07,-2.3841857910156e-05,0.00016290664672852,-4.7802925109863e-05,0.0,-2.3110732861628e-05,-5.1695085074221e-08,0.0066393613815308,-7.694244384765e-05,159.99122619629,120.00042724609,-0.046050522476435,-0.00039190458483063,false,true,true,true,0,0,0.13333333333333
31380,SAMPLE,SEARCHING_LAST_DIRECTION,true,8,5,3,0,27,-2.3841857910156e-05,-0.069837093353271,0.0,-0.07,-2.3841857910156e-05,0.00016290664672852,0.0,0.0,-1.5021976360058e-05,-3.3601805298244e-08,0.0066393613815308,-7.694244384765e-05,159.99122619629,120.00042724609,-0.046050522476435,-0.00039190458483063,false,true,true,true,0,0,0.1
31381,SAMPLE,SEARCHING_LAST_DIRECTION,true,8,5,3,0,28,-2.3841857910156e-05,-0.069837093353271,0.0,-0.07,-2.3841857910156e-05,0.00016290664672852,0.0,0.0,-9.7642846340377e-06,-2.1841173443858e-08,0.0066393613815308,-7.694244384765e-05,159.99122619629,120.00042724609,-0.046050522476435,-0.00039190458483063,false,true,true,true,0,0,0.1
31382,SAMPLE,SEARCHING_LAST_DIRECTION,true,8,5,3,0,29,-2.3841857910156e-05,-0.069837093353271,0.0,-0.07,-2.3841857910156e-05,0.00016290664672852,0.0,0.0,-6.3467850121245e-06,-1.4196762738508e-08,0.0066393613815308,-7.694244384765e-05,159.9944152832,120.0002746582,-0.029312159866095,-0.00024927328922786,false,true,true,true,0,0,0.1
31383,LOST,LOST,true,8,5,3,0,30,-2.3841857910156e-05,-0.069837093353271,0.0,-0.07,-2.3841857910156e-05,0.00016290664672852,0.0,0.0,-4.1254102578809e-06,-9.2278957800301e-09,0.0066393613815308,-7.694244384765e-05,159.9944152832,120.0002746582,-0.029312159866095,-0.00024927328922786,false,true,true,true,0,0,0.1
31384,SAMPLE,IDLE,true,8,0,0,0,0,-2.3841857910156e-05,-0.069837093353271,0.0,-0.07,-2.3841857910156e-05,0.00016290664672852,0.0,0.0,-2.6815166676226e-06,-5.9981322570196e-09,0,0,159.99644470215,120.00017547607,-0.01866047270596,-0.00015855178935453,false,true,true,true,0,0,0
31385,SAMPLE,IDLE,true,8,0,0,0,0,-2.3841857910156e-05,-0.069837093353271,0.0,-0.07,-2.3841857910156e-05,0.00016290664672852,0.0,0.0,-1.7429858339547e-06,-3.8987859670627e-09,0,0,159.99644470215,120.00017547607,-0.01866047270596,-0.00015855178935453,false,true,true,true,0,0,0
31386,SAMPLE,IDLE,true,8,0,0,0,0,-2.3841857910156e-05,-0.069837093353271,0.0,-0.07,-2.3841857910156e-05,0.00016290664672852,0.0,0.0,-1.1329407920705e-06,-2.5342108785908e-09,0,0,159.99644470215,120.00017547607,-0.01866047270596,-0.00015855178935453,false,true,true,true,0,0,0
31387,SAMPLE,IDLE,true,8,0,0,0,0,0.091393113136292,-0.069837093353271,0.0,-0.07,0.091393113136292,0.00016290664672852,0.091416954994202,0.0,0.031995197836456,-1.647237071084e-09,0,0,142.52842712402,120.00010681152,-91.318809509277,-0.77998089790344,true,false,false,false,0,0,0
31388,ACQUIRED,ACQUIRED,true,9,0,0,0,0,0.091393113136292,-0.069837093353271,0.0,-0.07,0.091393113136292,0.00016290664672852,0.0,0.0,0.020796878593696,-1.0707040962046e-09,0.091393113136292,0.00016290664672852,142.52842712402,120.00010681152,-91.318809509277,-0.77998089790344,true,false,false,false,-27,0,0
31389,ALIGNING,ALIGNING,true,9,0,0,0,0,0.15817022323608,-0.07808256149292,0.0,-0.07,0.15817022323608,-0.0080825614929199,0.066777110099792,-0.0082454681396484,0.03688995962083,-0.0028859145448346,0.091393113136292,0.00016290664672852,129.60540771484,121.60492706299,-157.53269958496,-1.3569014072418,true,false,false,false,-45,-2,0
31390,SAMPLE,ALIGNING,true,9,0,0,0,0,0.15817022323608,-0.07808256149292,0.0,-0.07,0.15817022323608,-0.0080825614929199,0.0,0.0,0.023978473753539,-0.0018758444541425,0.15817022323608,-0.0080825614929199,129.60540771484,121.60492706299,-157.53269958496,-1.3569014072418,true,false,false,false,-45,-2,0
31391,SAMPLE,ALIGNING,true,9,0,0,0,0,0.15817022323608,-0.07808256149292,0.0,-0.07,0.15817022323608,-0.0080825614929199,0.0,0.0,0.015586007939801,-0.0012192988951926,0.15817022323608,-0.0080825614929199,129.60540771484,121.60492706299,-157.53269958496,-1.3569014072418,true,false,false,false,-45,-2,0
31392,SAMPLE,ALIGNING,true,9,0,0,0,0,0.15817022323608,-0.07808256149292,0.0,-0.07,0.15817022323608,-0.0080825614929199,0.0,0.0,0.01013090516087,-0.00079254428187521,0.15817022323608,-0.0080825614929199,129.60540771484,121.60492706299,-157.53269958496,-1.3569014072418,true,false,false,false,-45,-2,0
31393,SAMPLE,ALIGNING,true,9,0,0,0,0,0.12878441810608,-0.084601879119873,0.0,-0.07,0.12878441810608,-0.014601879119873,-0.029385805130005,-0.0065193176269531,-0.0036999434409359,-0.0027969149526525,0.12878441810608,-0.014601879119873,135.32078552246,122.8504486084,-128.44493103027,-1.1017506122589,true,false,false,false,-36,-3,0
31394,SAMPLE,ALIGNING,true,9,0,0,0,0,0.12878441810608,-0.084601879119873,0.0,-0.07,0.12878441810608,-0.014601879119873,0.0,0.0,-0.0024049632366084,-0.0018179947192241,0.12878441810608,-0.014601879119873,135.32078552246,122.8504486084,-128.44493103027,-1.1017506122589,true,false,false,false,-36,-3,0
31395,SAMPLE,ALIGNING,true,9,0,0,0,0,0.12878441810608,-0.084601879119873,0.0,-0.07,0.12878441810608,-0.014601879119873,0.0,0.0,-0.0015632261037954,-0.0011816965674957,0.12878441810608,-0.014601879119873,135.32078552246,122.8504486084,-128.44493103027,-1.1017506122589,true,false,false,false,-36,-3,0
31396,SAMPLE,ALIGNING,true,9,0,0,0,0,0.11617684364319,-0.090258598327637,0.0,-0.07,0.11617684364319,-0.020258598327637,-0.012607574462891,-0.0056567192077637,-0.0054287480294788,-0.0027479544915895,0.11617684364319,-0.020258598327637,137.75991821289,123.93209838867,-115.91855621338,-0.99286097288132,true,false,false,false,-32,-5,0
31397,SAMPLE,ALIGNING,true,9,0,0,0,0,0.11617684364319,-0.090258598327637,0.0,-0.07,0.11617684364319,-0.020258598327637,0.0,0.0,-0.0035286862191612,-0.0017861704195332,0.11617684364319,-0.020258598327637,137.75991821289,123.93209838867,-115.91855621338,-0.99286097288132,true,false,false,false,-32,-5,0
31398,SAMPLE,ALIGNING,true,9,0,0,0,0,0.11617684364319,-0.090258598327637,0.0,-0.07,0.11617684364319,-0.020258598327637,0.0,0.0,-0.0022936460424548,-0.0011610107726966,0.11617684364319,-0.020258598327637,139.78494262695,124.89697265625,-105.47486114502,-0.90245765447617,true,false,false,false,-32,-5,0
31399,SAMPLE,ALIGNING,true,9,0,0,0,0,0.10567843914032,-0.095292091369629,0.0,-0.07,0.10567843914032,-0.025292091369629,-0.010498404502869,-0.0050334930419922,-0.0051653115035996,-0.00251637956695,0.10567843914032,-0.025292091369629,139.78494262695,124.89697265625,-105.47486114502,-0.90245765447617,true,false,false,false,-29,-6,0
31400,SAMPLE,ALIGNING,true,9,0,0,0,0,0.10567843914032,-0.095292091369629,0.0,-0.07,0.10567843914032,-0.025292091369629,0.0,0.0,-0.0033574524773398,-0.0016356467185175,0.10567843914032,-0.025292091369629,139.78494262695,124.89697265625,-105.47486114502,-0.90245765447617,true,false,false,false,-29,-6,0
31401,SAMPLE,ALIGNING,true,9,0,0,0,0,0.10035741329193,-0.099942207336426,0.0,-0.07,0.10035741329193,-0.029942207336426,-0.0053210258483887,-0.0046501159667969,-0.0040447031572069,-0.0026907109554153,0.10035741329193,-0.029942207336426,140.81283569336,125.77834320068,-100.15408325195,-0.85656976699829,true,false,false,false,-28,-7,0
31402,SAMPLE,ALIGNING,true,9,0,0,0,0,0.10035741329193,-0.099942207336426,0.0,-0.07,0.10035741329193,-0.029942207336426,0.0,0.0,-0.0026290570521845,-0.0017489621210199,0.10035741329193,-0.029942207336426,140.81283569336,125.77834320068,-100.15408325195,-0.85656976699829,true,false,false,false,-28,-7,0
31403,SAMPLE,ALIGNING,true,9,0,0,0,0,0.10035741329193,-0.099942207336426,0.0,-0.07,0.10035741329193,-0.029942207336426,0.0,0.0,-0.0017088870839199,-0.001136825378663,0.10035741329193,-0.029942207336426,141.34596252441,126.49147033691,-97.38639831543,-0.83276957273483,true,false,false,false,-28,-7,0
31404,SAMPLE,ALIGNING,true,9,0,0,0,0,0.097529053688049,-0.10363292694092,0.0,-0.07,0.097529053688049,-0.033632926940918,-0.0028283596038818,-0.0036907196044922,-0.0021007024659066,-0.0020306883577032,0.097529053688049,-0.033632926940918,141.34596252441,126.49147033691,-97.38639831543,-0.83276957273483,true,false,false,false,-27,-8,0
31405,SAMPLE,ALIGNING,true,9,0,0,0,0,0.097529053688049,-0.10363292694092,0.0,-0.07,0.097529053688049,-0.033632926940918,0.0,0.0,-0.0013654566028393,-0.0013199474325071,0.097529053688049,-0.033632926940918,141.34596252441,126.49147033691,-97.38639831543,-0.83276957273483,true,false,false,false,-27,-7,0
31406,SAMPLE,ALIGNING,true,9,0,0,0,0,0.093885898590088,-0.10890626907349,0.0,-0.07,0.093885898590088,-0.038906269073486,-0.0036431550979614,-0.0052733421325684,-0.002162651076132,-0.0027036355775285,0.093885898590088,-0.038906269073486,142.04898071289,127.49833679199,-93.731048583984,-0.80138516426086,true,false,false,false,-26,-9,0
31407,SAMPLE,ALIGNING,true,9,0,0,0,0,0.093885898590088,-0.10890626907349,0.0,-0.07,0.093885898590088,-0.038906269073486,0.0,0.0,-0.0014057231994858,-0.0017573631253935,0.093885898590088,-0.038906269073486,142.04898071289,127.49833679199,-93.731048583984,-0.80138516426086,true,false,false,false,-26,-9,0
31408,SAMPLE,ALIGNING,true,9,0,0,0,0,0.093885898590088,-0.10890626907349,0.0,-0.07,0.093885898590088,-0.038906269073486,0.0,0.0,-0.00091372007966578,-0.0011422860315058,0.093885898590088,-0.038906269073486,142.04898071289,127.49833679199,-93.731048583984,-0.80138516426086,true,false,false,false,-26,-9,0
31409,SAMPLE,ALIGNING,true,9,0,0,0,0,0.090626120567322,-0.11408376693726,0.0,-0.07,0.090626120567322,-0.044083766937256,-0.0032597780227661,-0.0051774978637695,-0.0017348403597509,-0.0025546101727981,0.090626120567322,-0.044083766937256,142.6791229248,128.48371887207,-90.448753356934,-0.77325350046158,true,false,false,false,-25,-10,0
31410,SAMPLE,ALIGNING,true,9,0,0,0,0,0.090626120567322,-0.11408376693726,0.0,-0.07,0.090626120567322,-0.044083766937256,0.0,0.0,-0.0011276462338381,-0.0016604966123188,0.090626120567322,-0.044083766937256,142.6791229248,128.48371887207,-90.448753356934,-0.77325350046158,true,false,false,false,-25,-10,0
31411,SAMPLE,ALIGNING,true,9,0,0,0,0,0.088229179382324,-0.11715173721313,0.0,-0.07,0.088229179382324,-0.047151737213135,-0.0023969411849976,-0.0030679702758789,-0.0015718994667439,-0.0021531123945648,0.088229179382324,-0.047151737213135,143.1363067627,129.06893920898,-88.067802429199,-0.7528435587883,true,false,false,false,-25,-11,0
31412,SAMPLE,ALIGNING,true,9,0,0,0,0,0.088229179382324,-0.11715173721313,0.0,-0.07,0.088229179382324,-0.047151737213135,0.0,0.0,-0.0010217346533835,-0.0013995230564671,0.088229179382324,-0.047151737213135,143.1363067627,129.06893920898,-88.067802429199,-0.7528435587883,true,false,false,false,-25,-10,0
31413,SAMPLE,ALIGNING,true,9,0,0,0,0,0.088229179382324,-0.11715173721313,0.0,-0.07,0.088229179382324,-0.047151737213135,0.0,0.0,-0.0006641275246993,-0.00090968998670364,0.088229179382324,-0.047151737213135,143.57711791992,129.56408691406,-85.772109985352,-0.73316425085068,true,false,false,false,-25,-10,0
31414,SAMPLE,ALIGNING,true,9,0,0,0,0,0.085976123809814,-0.11974048614502,0.0,-0.07,0.085976123809814,-0.04974048614502,-0.0022530555725098,-0.0025887489318848,-0.001220252341433,-0.001497360617517,0.085976123809814,-0.04974048614502,143.57711791992,129.56408691406,-85.772109985352,-0.73316425085068,true,false,false,false,-24,-11,0
31415,SAMPLE,ALIGNING,true,9,0,0,0,0,0.085976123809814,-0.11974048614502,0.0,-0.07,0.085976123809814,-0.04974048614502,0.0,0.0,-0.00079316402193143,-0.00097328440138607,0.085976123809814,-0.04974048614502,143.57711791992,129.56408691406,-85.772109985352,-0.73316425085068,true,false,false,false,-24,-11,0
31416,SAMPLE,ALIGNING,true,9,0,0,0,0,0.083004117012024,-0.1228084564209,0.0,-0.07,0.083004117012024,-0.052808456420898,-0.0029720067977905,-0.0030679702758789,-0.0015557589934821,-0.0017064244574586,0.083004117012024,-0.052808456420898,144.14462280273,130.15322875977,-82.815765380859,-0.70782965421677,true,false,false,false,-23,-12,0
31417,SAMPLE,ALIGNING,true,9,0,0,0,0,0.083004117012024,-0.1228084564209,0.0,-0.07,0.083004117012024,-0.052808456420898,0.0,0.0,-0.0010112433457634,-0.0011091758973481,0.083004117012024,-0.052808456420898,144.14462280273,130.15322875977,-82.815765380859,-0.70782965421677,true,false,false,false,-23,-12,0
31418,SAMPLE,ALIGNING,true,9,0,0,0,0,0.083004117012024,-0.1228084564209,0.0,-0.07,0.083004117012024,-0.052808456420898,0.0,0.0,-0.00065730817474619,-0.00072096433327624,0.083004117012024,-0.052808456420898,144.53192138672,130.51782226563,-80.797882080078,-0.69053918123245,true,false,false,false,-23,-12,0
31419,SAMPLE,ALIGNING,true,9,0,0,0,0,0.080990552902222,-0.12477397918701,0.0,-0.07,0.080990552902222,-0.054773979187012,-0.0020135641098022,-0.0019655227661133,-0.0011319977520158,-0.0011565597847692,0.080990552902222,-0.054773979187012,144.53192138672,130.51782226563,-80.797882080078,-0.69053918123245,true,false,false,false,-23,-12,0
31420,SAMPLE,ALIGNING,true,9,0,0,0,0,0.080990552902222,-0.12477397918701,0.0,-0.07,0.080990552902222,-0.054773979187012,0.0,0.0,-0.00073579853881028,-0.00075176386009998,0.080990552902222,-0.054773979187012,144.53192138672,130.51782226563,-80.797882080078,-0.69053918123245,true,false,false,false,-23,-12,0
31421,SAMPLE,ALIGNING,true,9,0,0,0,0,0.078449964523315,-0.12707471847534,0.0,-0.07,0.078449964523315,-0.057074718475342,-0.0025405883789063,-0.0023007392883301,-0.0013674749828439,-0.0012939052599805,0.078449964523315,-0.057074718475342,145.01759338379,130.96249389648,-78.266571044922,-0.6688574552536,true,false,false,false,-22,-13,0
31422,SAMPLE,ALIGNING,true,9,0,0,0,0,0.078449964523315,-0.12707471847534,0.0,-0.07,0.078449964523315,-0.057074718475342,0.0,0.0,-0.00088885873884851,-0.00084103841898734,0.078449964523315,-0.057074718475342,145.01759338379,130.96249389648,-78.266571044922,-0.6688574552536,true,false,false,false,-22,-13,0
31423,SAMPLE,ALIGNING,true,9,0,0,0,0,0.075813412666321,-0.12971115112305,0.0,-0.07,0.075813412666321,-0.059711151123047,-0.0026365518569946,-0.0026364326477051,-0.0015005513301997,-0.0014694263990385,0.075813412666321,-0.059711151123047,145.52038574219,131.46214294434,-75.643760681152,-0.64641165733337,true,false,false,false,-21,-13,0
31424,SAMPLE,ALIGNING,true,9,0,0,0,0,0.075813412666321,-0.12971115112305,0.0,-0.07,0.075813412666321,-0.059711151123047,0.0,0.0,-0.00097535836462978,-0.00095512715937505,0.075813412666321,-0.059711151123047,145.52038574219,131.46214294434,-75.643760681152,-0.64641165733337,true,false,false,false,-21,-13,0
31425,SAMPLE,ALIGNING,true,9,0,0,0,0,0.075813412666321,-0.12971115112305,0.0,-0.07,0.075813412666321,-0.059711151123047,0.0,0.0,-0.00063398293700935,-0.00062083265359379,0.075813412666321,-0.059711151123047,145.52038574219,131.46214294434,-75.643760681152,-0.64641165733337,true,false,false,false,-21,-13,0
31426,SAMPLE,ALIGNING,true,9,0,0,0,0,0.072841167449951,-0.13277912139893,0.0,-0.07,0.072841167449951,-0.062779121398926,-0.0029722452163696,-0.0030679702758789,-0.0014523747347855,-0.0014773308213936,0.072841167449951,-0.062779121398926,146.09188842773,132.05479431152,-72.660400390625,-0.62089782953262,true,false,false,false,-20,-14,0
31427,SAMPLE,ALIGNING,true,9,0,0,0,0,0.072841167449951,-0.13277912139893,0.0,-0.07,0.072841167449951,-0.062779121398926,0.0,0.0,-0.00094404357761054,-0.00096026503390583,0.072841167449951,-0.062779121398926,146.09188842773,132.05479431152,-72.660400390625,-0.62089782953262,true,false,false,false,-20,-14,0
31428,SAMPLE,ALIGNING,true,9,0,0,0,0,0.072841167449951,-0.13277912139893,0.0,-0.07,0.072841167449951,-0.062779121398926,0.0,0.0,-0.00061362832544685,-0.00062417227203879,0.072841167449951,-0.062779121398926,146.09188842773,132.05479431152,-72.660400390625,-0.62089782953262,true,false,false,false,-20,-14,0
31429,SAMPLE,ALIGNING,true,9,0,0,0,0,0.070060849189758,-0.13613510131836,0.0,-0.07,0.070060849189758,-0.066135101318359,-0.0027803182601929,-0.0033559799194336,-0.001371969802608,-0.001580304948627,0.070060849189758,-0.066135101318359,146.62355041504,132.69897460938,-69.881462097168,-0.59716302156448,true,false,false,false,-19,-15,0
31430,SAMPLE,ALIGNING,true,9,0,0,0,0,0.070060849189758,-0.13613510131836,0.0,-0.07,0.070060849189758,-0.066135101318359,0.0,0.0,-0.00089178037169517,-0.0010271982166075,0.070060849189758,-0.066135101318359,146.62355041504,132.69897460938,-69.881462097168,-0.59716302156448,true,false,false,false,-20,-15,0
31431,SAMPLE,ALIGNING,true,9,0,0,0,0,0.066321611404419,-0.14044952392578,0.0,-0.07,0.066321611404419,-0.070449523925781,-0.0037392377853394,-0.0043144226074219,-0.0018883904664706,-0.0021777267533926,0.066321611404419,-0.070449523925781,147.33648681641,133.51498413086,-66.154365539551,-0.56533563137054,true,false,false,false,-18,-16,0
31432,SAMPLE,ALIGNING,true,9,0,0,0,0,0.066321611404419,-0.14044952392578,0.0,-0.07,0.066321611404419,-0.070449523925781,0.0,0.0,-0.0012274538032059,-0.0014155223897052,0.066321611404419,-0.070449523925781,147.33648681641,133.51498413086,-66.154365539551,-0.56533563137054,true,false,false,false,-18,-16,0
31433,SAMPLE,ALIGNING,true,9,0,0,0,0,0.066321611404419,-0.14044952392578,0.0,-0.07,0.066321611404419,-0.070449523925781,0.0,0.0,-0.00079784497208384,-0.00092008955330835,0.066321611404419,-0.070449523925781,147.33648681641,133.51498413086,-66.154365539551,-0.56533563137054,true,false,false,false,-18,-16,0
31434,SAMPLE,ALIGNING,true,9,0,0,0,0,0.062918186187744,-0.14471578598022,0.0,-0.07,0.062918186187744,-0.074715785980225,-0.0034034252166748,-0.0042662620544434,-0.0017097980576907,-0.0020912499287056,0.062918186187744,-0.074715785980225,147.98121643066,134.3316192627,-62.780448913574,-0.53655308485031,true,false,false,false,-17,-17,0
31435,SAMPLE,ALIGNING,true,9,0,0,0,0,0.062918186187744,-0.14471578598022,0.0,-0.07,0.062918186187744,-0.074715785980225,0.0,0.0,-0.0011113687374989,-0.0013593124536586,0.062918186187744,-0.074715785980225,147.98121643066,134.3316192627,-62.780448913574,-0.53655308485031,true,false,false,false,-18,-17,0
31436,SAMPLE,ALIGNING,true,9,0,0,0,0,0.061432123184204,-0.14677715301514,0.0,-0.07,0.061432123184204,-0.076777153015137,-0.00148606300354,-0.0020613670349121,-0.0012425117306133,-0.0016050315570974,0.061432123184204,-0.076777153015137,148.27659606934,134.72773742676,-61.23376083374,-0.52336651086807,true,false,false,false,-17,-17,0
31437,SAMPLE,ALIGNING,true,9,0,0,0,0,0.061432123184204,-0.14677715301514,0.0,-0.07,0.061432123184204,-0.076777153015137,0.0,0.0,-0.00080763262489866,-0.0010432705121133,0.061432123184204,-0.076777153015137,148.27659606934,134.72773742676,-61.23376083374,-0.52336651086807,true,false,false,false,-17,-17,0
31438,SAMPLE,ALIGNING,true,9,0,0,0,0,0.061432123184204,-0.14677715301514,0.0,-0.07,0.061432123184204,-0.076777153015137,0.0,0.0,-0.00052496120618413,-0.00067812583287363,0.061432123184204,-0.076777153015137,148.27659606934,134.72773742676,-61.23376083374,-0.52336651086807,true,false,false,false,-17,-17,0
31439,SAMPLE,ALIGNING,true,9,0,0,0,0,0.060473322868347,-0.1478796005249,0.0,-0.07,0.060473322868347,-0.077879600524902,-0.00095880031585693,-0.0011024475097656,-0.00067680489456961,-0.00082663841978583,0.060473322868347,-0.077879600524902,148.45790100098,134.93698120117,-60.285137176514,-0.51527214050293,true,false,false,false,-17,-17,0
31440,SAMPLE,ALIGNING,true,9,0,0,0,0,0.060473322868347,-0.1478796005249,0.0,-0.07,0.060473322868347,-0.077879600524902,0.0,0.0,-0.00043992318147025,-0.00053731497286079,0.060473322868347,-0.077879600524902,148.45790100098,134.93698120117,-60.285137176514,-0.51527214050293,true,false,false,false,-17,-17,0
31441,SAMPLE,ALIGNING,true,9,0,0,0,0,0.060089826583862,-0.1484546661377,0.0,-0.07,0.060089826583862,-0.078454666137695,-0.00038349628448486,-0.00057506561279297,-0.00042017376752536,-0.00055052769683705,0.060089826583862,-0.078454666137695,148.53172302246,135.05187988281,-59.898132324219,-0.5119765996933,true,false,false,false,-17,-17,0
31442,SAMPLE,ALIGNING,true,9,0,0,0,0,0.060089826583862,-0.1484546661377,0.0,-0.07,0.060089826583862,-0.078454666137695,0.0,0.0,-0.00027311294889149,-0.00035784300294408,0.060089826583862,-0.078454666137695,148.53172302246,135.05187988281,-59.898132324219,-0.5119765996933,true,false,false,false,-17,-17,0
31443,SAMPLE,ALIGNING,true,9,0,0,0,0,0.060089826583862,-0.1484546661377,0.0,-0.07,0.060089826583862,-0.078454666137695,0.0,0.0,-0.00017752341677947,-0.00023259795191365,0.060089826583862,-0.078454666137695,148.53254699707,135.16226196289,-59.891117095947,-0.51193994283676,true,false,false,false,-17,-17,0
31444,SAMPLE,ALIGNING,true,9,0,0,0,0,0.060089826583862,-0.14903020858765,0.0,-0.07,0.060089826583862,-0.079030208587646,0.0,-0.00057554244995117,-0.00011539022090665,-0.00035262852622679,0.060089826583862,-0.079030208587646,148.53254699707,135.16226196289,-59.891117095947,-0.51193994283676,true,false,false,false,-17,-17,0
31445,SAMPLE,ALIGNING,true,9,0,0,0,0,0.060089826583862,-0.14903020858765,0.0,-0.07,0.060089826583862,-0.079030208587646,0.0,0.0,-7.5003643589324e-05,-0.00022920854204741,0.060089826583862,-0.079030208587646,148.53254699707,135.16226196289,-59.891117095947,-0.51193994283676,true,false,false,false,-17,-17,0
31446,SAMPLE,ALIGNING,true,9,0,0,0,0,0.060089826583862,-0.14903020858765,0.0,-0.07,0.060089826583862,-0.079030208587646,0.0,0.0,-4.8752368333061e-05,-0.00014898555233082,0.060089826583862,-0.079030208587646,148.44982910156,135.05941772461,-60.324119567871,-0.51563274860382,true,false,false,false,-17,-17,0
31447,SAMPLE,ALIGNING,true,9,0,0,0,0,0.060473322868347,-0.14850282669067,0.0,-0.07,0.060473322868347,-0.078502826690674,0.00038349628448486,0.00052738189697266,0.00010253466015321,8.7743054925399e-05,0.060473322868347,-0.078502826690674,148.44982910156,135.05941772461,-60.324119567871,-0.51563274860382,true,false,false,false,-17,-17,0
31448,SAMPLE,ALIGNING,true,9,0,0,0,0,0.060473322868347,-0.14850282669067,0.0,-0.07,0.060473322868347,-0.078502826690674,0.0,0.0,6.6647529099588e-05,5.7032985701509e-05,0.060473322868347,-0.078502826690674,148.44982910156,135.05941772461,-60.324119567871,-0.51563274860382,true,false,false,false,-17,-17,0
31449,SAMPLE,ALIGNING,true,9,0,0,0,0,0.061048626899719,-0.14802360534668,0.0,-0.07,0.061048626899719,-0.07802360534668,0.00057530403137207,0.00047922134399414,0.00024467730489496,0.00020479891110393,0.061048626899719,-0.07802360534668,148.34745788574,134.97016906738,-60.859035491943,-0.52020257711411,true,false,false,false,-17,-17,0
31450,SAMPLE,ALIGNING,true,9,0,0,0,0,0.061048626899719,-0.14802360534668,0.0,-0.07,0.061048626899719,-0.07802360534668,0.0,0.0,0.00015904024818172,0.00013311929221755,0.061048626899719,-0.07802360534668,148.34745788574,134.97016906738,-60.859035491943,-0.52020257711411,true,false,false,false,-17,-17,0
31451,SAMPLE,ALIGNING,true,9,0,0,0,0,0.061048626899719,-0.14802360534668,0.0,-0.07,0.061048626899719,-0.07802360534668,0.0,0.0,0.00010337616131812,8.6527539941411e-05,0.061048626899719,-0.07802360534668,148.34745788574,134.97016906738,-60.859035491943,-0.52020257711411,true,false,false,false,-17,-17,0
31452,SAMPLE,ALIGNING,true,9,0,0,0,0,0.06171977519989,-0.14749622344971,0.0,-0.07,0.06171977519989,-0.077496223449707,0.0006711483001709,0.00052738189697266,0.00030209640991659,0.00024082656490235,0.06171977519989,-0.077496223449707,148.21765136719,134.86221313477,-61.537139892578,-0.52599775791168,true,false,false,false,-17,-17,0
31453,SAMPLE,ALIGNING,true,9,0,0,0,0,0.06171977519989,-0.14749622344971,0.0,-0.07,0.06171977519989,-0.077496223449707,0.0,0.0,0.00019636266644578,0.00015653726718653,0.06171977519989,-0.077496223449707,148.21765136719,134.86221313477,-61.537139892578,-0.52599775791168,true,false,false,false,-17,-17,0
31454,SAMPLE,ALIGNING,true,9,0,0,0,0,0.062247037887573,-0.14735221862793,0.0,-0.07,0.062247037887573,-0.07735221862793,0.00052726268768311,0.00014400482177734,0.00031217767387885,0.00015215091129331,0.062247037887573,-0.07735221862793,148.1118927002,134.83786010742,-62.087993621826,-0.53071904182434,true,false,false,false,-17,-17,0
31455,SAMPLE,ALIGNING,true,9,0,0,0,0,0.062247037887573,-0.14735221862793,0.0,-0.07,0.062247037887573,-0.07735221862793,0.0,0.0,0.00020291548802125,9.8898092340653e-05,0.062247037887573,-0.07735221862793,148.1118927002,134.83786010742,-62.087993621826,-0.53071904182434,true,false,false,false,-17,-17,0
31456,SAMPLE,ALIGNING,true,9,0,0,0,0,0.062247037887573,-0.14735221862793,0.0,-0.07,0.062247037887573,-0.07735221862793,0.0,0.0,0.00013189506721381,6.4283760021424e-05,0.062247037887573,-0.07735221862793,148.1118927002,134.83786010742,-62.087993621826,-0.53071904182434,true,false,false,false,-17,-17,0
31457,SAMPLE,ALIGNING,true,9,0,0,0,0,0.062582612037659,-0.14730453491211,0.0,-0.07,0.062582612037659,-0.077304534912109,0.00033557415008545,4.7683715820313e-05,0.00020318274621889,5.8473744551035e-05,0.062582612037659,-0.077304534912109,148.05250549316,134.82778930664,-62.39720916748,-0.53337001800537,true,false,false,false,-18,-17,0
31458,SAMPLE,ALIGNING,true,9,0,0,0,0,0.062582612037659,-0.14730453491211,0.0,-0.07,0.062582612037659,-0.077304534912109,0.0,0.0,0.00013206878504228,3.8007933958173e-05,0.062582612037659,-0.077304534912109,148.05250549316,134.82778930664,-62.39720916748,-0.53337001800537,true,false,false,false,-18,-17,0
31459,SAMPLE,ALIGNING,true,9,0,0,0,0,0.062582612037659,-0.14730453491211,0.0,-0.07,0.062582612037659,-0.077304534912109,0.0,0.0,8.5844710277479e-05,2.4705157072812e-05,0.062582612037659,-0.077304534912109,148.01524353027,134.8544921875,-62.590370178223,-0.53503388166428,true,false,false,false,-18,-17,0
31460,SAMPLE,ALIGNING,true,9,0,0,0,0,0.062774300575256,-0.14740037918091,0.0,-0.07,0.062774300575256,-0.077400379180908,0.00019168853759766,-9.5844268798828e-05,0.00012289004983954,-1.7487141982262e-05,0.062774300575256,-0.077400379180908,148.01524353027,134.8544921875,-62.590370178223,-0.53503388166428,true,false,false,false,-18,-17,0
31461,SAMPLE,ALIGNING,true,9,0,0,0,0,0.062774300575256,-0.14740037918091,0.0,-0.07,0.062774300575256,-0.077400379180908,0.0,0.0,7.9878532395702e-05,-1.136664228847e-05,0.062774300575256,-0.077400379180908,148.01524353027,134.8544921875,-62.590370178223,-0.53503388166428,true,false,false,false,-18,-17,0
31462,SAMPLE,ALIGNING,true,9,0,0,0,0,0.062918186187744,-0.14749622344971,0.0,-0.07,0.062918186187744,-0.077496223449707,0.00014388561248779,-9.5844268798828e-05,0.00010228101042793,-4.0933811567095e-05,0.062918186187744,-0.077496223449707,147.98971557617,134.86541748047,-62.72289276123,-0.53617358207703,true,false,false,false,-18,-17,0
31463,SAMPLE,ALIGNING,true,9,0,0,0,0,0.062918186187744,-0.14749622344971,0.0,-0.07,0.062918186187744,-0.077496223449707,0.0,0.0,6.6482656778157e-05,-2.6606977518612e-05,0.062918186187744,-0.077496223449707,147.98971557617,134.86541748047,-62.72289276123,-0.53617358207703,true,false,false,false,-18,-17,0
31464,SAMPLE,ALIGNING,true,9,0,0,0,0,0.062918186187744,-0.14749622344971,0.0,-0.07,0.062918186187744,-0.077496223449707,0.0,0.0,4.3213726905802e-05,-1.7294535387098e-05,0.062918186187744,-0.077496223449707,147.98971557617,134.86541748047,-62.72289276123,-0.53617358207703,true,false,false,false,-18,-17,0
31465,SAMPLE,ALIGNING,true,9,0,0,0,0,0.062870264053345,-0.1476879119873,0.0,-0.07,0.062870264053345,-0.077687911987305,-4.7922134399414e-05,-0.00019168853759766,1.1316175448976e-05,-7.8332436160793e-05,0.062870264053345,-0.077687911987305,147.9944152832,134.90310668945,-62.697479248047,-0.53596377372742,true,false,false,false,-18,-17,0
31466,SAMPLE,ALIGNING,true,9,0,0,0,0,0.062870264053345,-0.1476879119873,0.0,-0.07,0.062870264053345,-0.077687911987305,0.0,0.0,7.3555140418346e-06,-5.0916083504516e-05,0.062870264053345,-0.077687911987305,147.9944152832,134.90310668945,-62.697479248047,-0.53596377372742,true,false,false,false,-18,-17,0
31467,SAMPLE,ALIGNING,true,9,0,0,0,0,0.062870264053345,-0.1477837562561,0.0,-0.07,0.062870264053345,-0.077783756256104,0.0,-9.5844268798828e-05,4.7810841271925e-06,-6.6640948357525e-05,0.062870264053345,-0.077783756256104,148.00109863281,134.91940307617,-62.662307739258,-0.53566539287567,true,false,false,false,-18,-17,0
31468,SAMPLE,ALIGNING,true,9,0,0,0,0,0.062870264053345,-0.1477837562561,0.0,-0.07,0.062870264053345,-0.077783756256104,0.0,0.0,3.1077046826751e-06,-4.3316616432391e-05,0.062870264053345,-0.077783756256104,148.00109863281,134.91940307617,-62.662307739258,-0.53566539287567,true,false,false,false,-18,-17,0
31469,SAMPLE,ALIGNING,true,9,0,0,0,0,0.062870264053345,-0.1477837562561,0.0,-0.07,0.062870264053345,-0.077783756256104,0.0,0.0,2.0200080437388e-06,-2.8155800681054e-05,0.062870264053345,-0.077783756256104,148.00109863281,134.91940307617,-62.662307739258,-0.53566539287567,true,false,false,false,-18,-17,0
31470,SAMPLE,ALIGNING,true,9,0,0,0,0,0.063205718994141,-0.14639377593994,0.0,-0.07,0.063205718994141,-0.076393775939941,0.0003354549407959,0.0013899803161621,0.00011872223450699,0.00046819184021405,0.063205718994141,-0.076393775939941,147.9298248291,134.65646362305,-63.039722442627,-0.53884708881378,true,false,false,false,-18,-17,0
31471,SAMPLE,ALIGNING,true,9,0,0,0,0,0.063205718994141,-0.14639377593994,0.0,-0.07,0.063205718994141,-0.076393775939941,0.0,0.0,7.7169452429547e-05,0.00030432469613913,0.063205718994141,-0.076393775939941,147.9298248291,134.65646362305,-63.039722442627,-0.53884708881378,true,false,false,false,-18,-17,0
31472,SAMPLE,ALIGNING,true,9,0,0,0,0,0.063205718994141,-0.14639377593994,0.0,-0.07,0.063205718994141,-0.076393775939941,0.0,0.0,5.0160144079205e-05,0.00019781105249044,0.063205718994141,-0.076393775939941,147.9298248291,134.65646362305,-63.039722442627,-0.53884708881378,true,false,false,false,-18,-17,0
31473,SAMPLE,ALIGNING,true,9,0,0,0,0,0.064595937728882,-0.14054536819458,0.0,-0.07,0.064595937728882,-0.07054536819458,0.0013902187347412,0.0058484077453613,0.00051918065081091,0.0021755198949952,0.064595937728882,-0.07054536819458,147.66612243652,133.52952575684,-64.439247131348,-0.55061966180801,true,false,false,false,-18,-15,0
31474,SAMPLE,ALIGNING,true,9,0,0,0,0,0.064595937728882,-0.14054536819458,0.0,-0.07,0.064595937728882,-0.07054536819458,0.0,0.0,0.00033746742302709,0.0014140879317469,0.064595937728882,-0.07054536819458,147.66612243652,133.52952575684,-64.439247131348,-0.55061966180801,true,false,false,false,-18,-15,0
31475,SAMPLE,ALIGNING,true,9,0,0,0,0,0.064595937728882,-0.14054536819458,0.0,-0.07,0.064595937728882,-0.07054536819458,0.0,0.0,0.00021935382496761,0.00091915715563549,0.064595937728882,-0.07054536819458,147.29862976074,132.20503234863,-66.381790161133,-0.56702560186386,true,false,false,false,-18,-15,0
31476,SAMPLE,ALIGNING,true,9,0,0,0,0,0.066513419151306,-0.13359451293945,0.0,-0.07,0.066513419151306,-0.063594512939453,0.0019174814224243,0.006950855255127,0.00081369848407746,0.0030302514904575,0.066513419151306,-0.063594512939453,147.29862976074,132.20503234863,-66.381790161133,-0.56702560186386,true,false,false,false,-19,-14,0
31477,SAMPLE,ALIGNING,true,9,0,0,0,0,0.066513419151306,-0.13359451293945,0.0,-0.07,0.066513419151306,-0.063594512939453,0.0,0.0,0.00052890401465035,0.0019696634687974,0.066513419151306,-0.063594512939453,147.29862976074,132.20503234863,-66.381790161133,-0.56702560186386,true,false,false,false,-19,-14,0
31478,SAMPLE,ALIGNING,true,9,0,0,0,0,0.066513419151306,-0.13359451293945,0.0,-0.07,0.066513419151306,-0.063594512939453,0.0,0.0,0.00034378760952273,0.0012802812547183,0.066513419151306,-0.063594512939453,147.29862976074,132.20503234863,-66.381790161133,-0.56702560186386,true,false,false,false,-19,-14,0
31479,SAMPLE,ALIGNING,true,9,0,0,0,0,0.068047523498535,-0.1261157989502,0.0,-0.07,0.068047523498535,-0.056115798950195,0.001534104347229,0.0074787139892578,0.00076039846771992,0.0034497327118071,0.068047523498535,-0.056115798950195,147.00796508789,130.77301025391,-67.924507141113,-0.58000135421753,true,false,false,false,-19,-12,0
31480,SAMPLE,ALIGNING,true,9,0,0,0,0,0.068047523498535,-0.1261157989502,0.0,-0.07,0.068047523498535,-0.056115798950195,0.0,0.0,0.00049425900401795,0.0022423262626746,0.068047523498535,-0.056115798950195,147.00796508789,130.77301025391,-67.924507141113,-0.58000135421753,true,false,false,false,-19,-12,0
31481,SAMPLE,ALIGNING,true,9,0,0,0,0,0.069102168083191,-0.11753511428833,0.0,-0.07,0.069102168083191,-0.04753511428833,0.0010546445846558,0.0085806846618652,0.00069039395724118,0.0044607517023913,0.069102168083191,-0.04753511428833,146.80918884277,129.12463378906,-68.989761352539,-0.58887541294098,true,false,false,false,-19,-10,0
31482,SAMPLE,ALIGNING,true,9,0,0,0,0,0.069102168083191,-0.11753511428833,0.0,-0.07,0.069102168083191,-0.04753511428833,0.0,0.0,0.00044875607220677,0.0028994886065544,0.069102168083191,-0.04753511428833,146.80918884277,129.12463378906,-68.989761352539,-0.58887541294098,true,false,false,false,-19,-10,0
31483,SAMPLE,ALIGNING,true,9,0,0,0,0,0.069102168083191,-0.11753511428833,0.0,-0.07,0.069102168083191,-0.04753511428833,0.0,0.0,0.0002916914469344,0.0018846675942603,0.069102168083191,-0.04753511428833,146.80918884277,129.12463378906,-68.989761352539,-0.58887541294098,true,false,false,false,-19,-10,0
31484,SAMPLE,ALIGNING,true,9,0,0,0,0,0.069533586502075,-0.10833120346069,0.0,-0.07,0.069533586502075,-0.038331203460693,0.00043141841888428,0.0092039108276367,0.00034059588711686,0.0044464027259421,0.069533586502075,-0.038331203460693,146.7258605957,127.36639404297,-69.451034545898,-0.59259551763535,true,false,false,false,-20,-8,0
31485,SAMPLE,ALIGNING,true,9,0,0,0,0,0.069533586502075,-0.10833120346069,0.0,-0.07,0.069533586502075,-0.038331203460693,0.0,0.0,0.00022138732662596,0.0028901617718623,0.069533586502075,-0.038331203460693,146.7258605957,127.36639404297,-69.451034545898,-0.59259551763535,true,false,false,false,-19,-8,0
31486,SAMPLE,ALIGNING,true,9,0,0,0,0,0.069533586502075,-0.10833120346069,0.0,-0.07,0.069533586502075,-0.038331203460693,0.0,0.0,0.00014390176230687,0.0018786051517105,0.069533586502075,-0.038331203460693,146.7258605957,127.36639404297,-69.451034545898,-0.59259551763535,true,false,false,false,-19,-8,0
31487,SAMPLE,ALIGNING,true,9,0,0,0,0,0.07068407535553,-0.099989891052246,0.0,-0.07,0.07068407535553,-0.029989891052246,0.0011504888534546,0.0083413124084473,0.00049620724420857,0.0041405526915684,0.07068407535553,-0.029989891052246,146.50495910645,125.78442382813,-70.621200561523,-0.60245716571808,true,false,false,false,-20,-6,0
31488,SAMPLE,ALIGNING,true,9,0,0,0,0,0.07068407535553,-0.099989891052246,0.0,-0.07,0.07068407535553,-0.029989891052246,0.0,0.0,0.00032253470873557,0.0026913592495195,0.07068407535553,-0.029989891052246,146.50495910645,125.78442382813,-70.621200561523,-0.60245716571808,true,false,false,false,-20,-6,0
31489,SAMPLE,ALIGNING,true,9,0,0,0,0,0.072457671165466,-0.093182563781738,0.0,-0.07,0.072457671165466,-0.023182563781738,0.0017735958099365,0.0068073272705078,0.00083040609415591,0.0041319480568654,0.072457671165466,-0.023182563781738,146.16033935547,124.47846221924,-72.428588867188,-0.61784225702286,true,false,false,false,-20,-5,0
31490,SAMPLE,ALIGNING,true,9,0,0,0,0,0.072457671165466,-0.093182563781738,0.0,-0.07,0.072457671165466,-0.023182563781738,0.0,0.0,0.00053976396120134,0.0026857662369625,0.072457671165466,-0.023182563781738,146.16033935547,124.47846221924,-72.428588867188,-0.61784225702286,true,false,false,false,-20,-5,0
31491,SAMPLE,ALIGNING,true,9,0,0,0,0,0.072457671165466,-0.093182563781738,0.0,-0.07,0.072457671165466,-0.023182563781738,0.0,0.0,0.00035084657478087,0.0017457480540256,0.072457671165466,-0.023182563781738,146.16033935547,124.47846221924,-72.428588867188,-0.61784225702286,true,false,false,false,-20,-5,0
31492,SAMPLE,ALIGNING,true,9,0,0,0,0,0.072457671165466,-0.093182563781738,0.0,-0.07,0.072457671165466,-0.023182563781738,0.0,0.0,0.00022805027360757,0.0011347362351167,0.072457671165466,-0.023182563781738,145.73712158203,123.4722442627,-74.63948059082,-0.63673603534698,true,false,false,false,-20,-5,0
31493,SAMPLE,ALIGNING,true,9,0,0,0,0,0.074710845947266,-0.087909698486328,0.0,-0.07,0.074710845947266,-0.017909698486328,0.0022531747817993,0.0052728652954102,0.00093684385147468,0.0025830814062194,0.074710845947266,-0.017909698486328,145.73712158203,123.4722442627,-74.63948059082,-0.63673603534698,true,false,false,false,-21,-4,0
31494,SAMPLE,ALIGNING,true,9,0,0,0,0,0.074710845947266,-0.087909698486328,0.0,-0.07,0.074710845947266,-0.017909698486328,0.0,0.0,0.00060894850345854,0.0016790029140426,0.074710845947266,-0.017909698486328,145.73712158203,123.4722442627,-74.63948059082,-0.63673603534698,true,false,false,false,-21,-4,0
31495,SAMPLE,ALIGNING,true,9,0,0,0,0,0.077203631401062,-0.084601879119873,0.0,-0.07,0.077203631401062,-0.014601879119873,0.0024927854537964,0.0033078193664551,0.0012682914360768,0.002249088672387,0.077203631401062,-0.014601879119873,145.25280761719,122.8404006958,-77.16332244873,-0.65835708379745,true,false,false,false,-22,-3,0
31496,SAMPLE,ALIGNING,true,9,0,0,0,0,0.077203631401062,-0.084601879119873,0.0,-0.07,0.077203631401062,-0.014601879119873,0.0,0.0,0.00082438943344991,0.0014619076370515,0.077203631401062,-0.014601879119873,145.25280761719,122.8404006958,-77.16332244873,-0.65835708379745,true,false,false,false,-22,-3,0
31497,SAMPLE,ALIGNING,true,9,0,0,0,0,0.077203631401062,-0.084601879119873,0.0,-0.07,0.077203631401062,-0.014601879119873,0.0,0.0,0.00053585313174244,0.00095023996408349,0.077203631401062,-0.014601879119873,145.25280761719,122.8404006958,-77.16332244873,-0.65835708379745,true,false,false,false,-22,-3,0
31498,SAMPLE,ALIGNING,true,9,0,0,0,0,0.079792141914368,-0.082972049713135,0.0,-0.07,0.079792141914368,-0.012972049713135,0.0025885105133057,0.0016298294067383,0.0012542832152896,0.0011880962690127,0.079792141914368,-0.012972049713135,144.75552368164,122.52307128906,-79.750900268555,-0.68055701255798,true,false,false,false,-22,-3,0
31499,SAMPLE,ALIGNING,true,9,0,0,0,0,0.079792141914368,-0.082972049713135,0.0,-0.07,0.079792141914368,-0.012972049713135,0.0,0.0,0.00081528408993822,0.00077226257485823,0.079792141914368,-0.012972049713135,144.75552368164,122.52307128906,-79.750900268555,-0.68055701255798,true,false,false,false,-22,-3,0
31500,SAMPLE,ALIGNING,true,9,0,0,0,0,0.079792141914368,-0.082972049713135,0.0,-0.07,0.079792141914368,-0.012972049713135,0.0,0.0,0.00052993465845984,0.00050197067365785,0.079792141914368,-0.012972049713135,144.75552368164,122.52307128906,-79.750900268555,-0.68055701255798,true,false,false,false,-22,-3,0
31501,SAMPLE,ALIGNING,true,9,0,0,0,0,0.082237005233765,-0.082348823547363,0.0,-0.07,0.082237005233765,-0.012348823547363,0.002444863319397,0.00062322616577148,0.0012001596897878,0.00054441009589762,0.082237005233765,-0.012348823547363,144.28765869141,122.41128540039,-82.182846069336,-0.70144385099411,true,false,false,false,-23,-3,0
31502,SAMPLE,ALIGNING,true,9,0,0,0,0,0.082237005233765,-0.082348823547363,0.0,-0.07,0.082237005233765,-0.012348823547363,0.0,0.0,0.0007801037983621,0.00035386656233346,0.082237005233765,-0.012348823547363,144.28765869141,122.41128540039,-82.182846069336,-0.70144385099411,true,false,false,false,-23,-3,0
31503,SAMPLE,ALIGNING,true,9,0,0,0,0,0.082237005233765,-0.082348823547363,0.0,-0.07,0.082237005233765,-0.012348823547363,0.0,0.0,0.00050706746893536,0.00023001326551675,0.082237005233765,-0.012348823547363,144.28765869141,122.41128540039,-82.182846069336,-0.70144385099411,true,false,false,false,-23,-3,0
31504,SAMPLE,ALIGNING,true,9,0,0,0,0,0.084394216537476,-0.082348823547363,0.0,-0.07,0.084394216537476,-0.012348823547363,0.0021572113037109,0.0,0.0010846178111068,0.00014950862258588,0.084394216537476,-0.012348823547363,143.87940979004,122.41401672363,-84.303169250488,-0.71966898441315,true,false,false,false,-24,-3,0
31505,SAMPLE,ALIGNING,true,9,0,0,0,0,0.084394216537476,-0.082348823547363,0.0,-0.07,0.084394216537476,-0.012348823547363,0.0,0.0,0.00070500157721943,9.7180604680825e-05,0.084394216537476,-0.012348823547363,143.87940979004,122.41401672363,-84.303169250488,-0.71966898441315,true,false,false,false,-24,-3,0
31506,SAMPLE,ALIGNING,true,9,0,0,0,0,0.084394216537476,-0.082348823547363,0.0,-0.07,0.084394216537476,-0.012348823547363,0.0,0.0,0.00045825102519263,6.3167393042536e-05,0.084394216537476,-0.012348823547363,143.87940979004,122.41401672363,-84.303169250488,-0.71966898441315,true,false,false,false,-24,-3,0
31507,SAMPLE,ALIGNING,true,9,0,0,0,0,0.086120009422302,-0.082732200622559,0.0,-0.07,0.086120009422302,-0.012732200622559,0.0017257928848267,-0.00038337707519531,0.00090189067606454,-9.3123170840711e-05,0.086120009422302,-0.012732200622559,143.54246520996,122.48401641846,-86.051918029785,-0.73471140861511,true,false,false,false,-24,-3,0
31508,SAMPLE,ALIGNING,true,9,0,0,0,0,0.086120009422302,-0.082732200622559,0.0,-0.07,0.086120009422302,-0.012732200622559,0.0,0.0,0.00058622893944195,-6.0530061046462e-05,0.086120009422302,-0.012732200622559,143.54246520996,122.48401641846,-86.051918029785,-0.73471140861511,true,false,false,false,-24,-3,0
31509,SAMPLE,ALIGNING,true,9,0,0,0,0,0.086120009422302,-0.082732200622559,0.0,-0.07,0.086120009422302,-0.012732200622559,0.0,0.0,0.00038104881063727,-3.93445396802e-05,0.086120009422302,-0.012732200622559,143.54246520996,122.48401641846,-86.051918029785,-0.73471140861511,true,false,false,false,-24,-3,0
31510,SAMPLE,ALIGNING,true,9,0,0,0,0,0.087605953216553,-0.08330774307251,0.0,-0.07,0.087605953216553,-0.01330774307251,0.0014859437942505,-0.00057554244995117,0.0007677620549019,-0.00022701380827504,0.087605953216553,-0.01330774307251,143.26167297363,122.59663391113,-87.508277893066,-0.74724674224854,true,false,false,false,-25,-3,0
31511,SAMPLE,ALIGNING,true,9,0,0,0,0,0.087605953216553,-0.08330774307251,0.0,-0.07,0.087605953216553,-0.01330774307251,0.0,0.0,0.00049904533568623,-0.00014755897537878,0.087605953216553,-0.01330774307251,143.26167297363,122.59663391113,-87.508277893066,-0.74724674224854,true,false,false,false,-25,-3,0
31512,SAMPLE,ALIGNING,true,9,0,0,0,0,0.087605953216553,-0.08330774307251,0.0,-0.07,0.087605953216553,-0.01330774307251,0.0,0.0,0.00032437946819605,-9.5913333996205e-05,0.087605953216553,-0.01330774307251,143.26167297363,122.59663391113,-87.508277893066,-0.74724674224854,true,false,false,false,-25,-3,0
31513,SAMPLE,ALIGNING,true,9,0,0,0,0,0.088852405548096,-0.084074974060059,0.0,-0.07,0.088852405548096,-0.014074974060059,0.001246452331543,-0.00076723098754883,0.00064710497036747,-0.00033087451273962,0.088852405548096,-0.014074974060059,143.01779174805,122.74250793457,-88.772369384766,-0.75813454389572,true,false,false,false,-25,-3,0
31514,SAMPLE,ALIGNING,true,9,0,0,0,0,0.088852405548096,-0.084074974060059,0.0,-0.07,0.088852405548096,-0.014074974060059,0.0,0.0,0.00042061823073886,-0.00021506843328075,0.088852405548096,-0.014074974060059,143.01779174805,122.74250793457,-88.772369384766,-0.75813454389572,true,false,false,false,-25,-3,0
31515,SAMPLE,ALIGNING,true,9,0,0,0,0,0.089859008789063,-0.085033416748047,0.0,-0.07,0.089859008789063,-0.015033416748047,0.0010066032409668,-0.00095844268798828,0.00062571298431864,-0.00047524942242839,0.089859008789063,-0.015033416748047,142.81979370117,122.92304992676,-89.797828674316,-0.76697373390198,true,false,false,false,-25,-3,0
31516,SAMPLE,ALIGNING,true,9,0,0,0,0,0.089859008789063,-0.085033416748047,0.0,-0.07,0.089859008789063,-0.015033416748047,0.0,0.0,0.00040671343980711,-0.00030891212457845,0.089859008789063,-0.015033416748047,142.81979370117,122.92304992676,-89.797828674316,-0.76697373390198,true,false,false,false,-25,-3,0
31517,SAMPLE,ALIGNING,true,9,0,0,0,0,0.089859008789063,-0.085033416748047,0.0,-0.07,0.089859008789063,-0.015033416748047,0.0,0.0,0.00026436373587462,-0.00020079288097599,0.089859008789063,-0.015033416748047,142.81979370117,122.92304992676,-89.797828674316,-0.76697373390198,true,false,false,false,-25,-3,0
31518,SAMPLE,ALIGNING,true,9,0,0,0,0,0.090721964836121,-0.085752487182617,0.0,-0.07,0.090721964836121,-0.015752487182617,0.00086295604705811,-0.00071907043457031,0.00047387104478884,-0.00038219002473401,0.090721964836121,-0.015752487182617,142.66062927246,123.06342315674,-90.621917724609,-0.77407896518707,true,false,false,false,-25,-3,0
31519,SAMPLE,ALIGNING,true,9,0,0,0,0,0.090721964836121,-0.085752487182617,0.0,-0.07,0.090721964836121,-0.015752487182617,0.0,0.0,0.00030801617911275,-0.0002484235160771,0.090721964836121,-0.015752487182617,142.66062927246,123.06342315674,-90.621917724609,-0.77407896518707,true,false,false,false,-25,-3,0
31520,SAMPLE,ALIGNING,true,9,0,0,0,0,0.090721964836121,-0.085752487182617,0.0,-0.07,0.090721964836121,-0.015752487182617,0.0,0.0,0.00020021051642329,-0.00016147528545012,0.090721964836121,-0.015752487182617,142.66062927246,123.06342315674,-90.621917724609,-0.77407896518707,true,false,false,false,-25,-3,0
31521,SAMPLE,ALIGNING,true,9,0,0,0,0,0.091345191001892,-0.086375713348389,0.0,-0.07,0.091345191001892,-0.016375713348389,0.00062322616577148,-0.00062322616577148,0.00034826599369516,-0.0003230880935626,0.091345191001892,-0.016375713348389,142.54147338867,123.1792678833,-91.238594055176,-0.77939862012863,true,false,false,false,-26,-4,0
31522,SAMPLE,ALIGNING,true,9,0,0,0,0,0.091345191001892,-0.086375713348389,0.0,-0.07,0.091345191001892,-0.016375713348389,0.0,0.0,0.00022637289590185,-0.00021000726081569,0.091345191001892,-0.016375713348389,142.54147338867,123.1792678833,-91.238594055176,-0.77939862012863,true,false,false,false,-26,-4,0
31523,SAMPLE,ALIGNING,true,9,0,0,0,0,0.091824531555176,-0.086807250976563,0.0,-0.07,0.091824531555176,-0.016807250976562,0.00047934055328369,-0.00043153762817383,0.0003149115759855,-0.00028754288939104,0.091824531555176,-0.016807250976562,142.4451751709,123.26156616211,-91.736961364746,-0.78369730710983,true,false,false,false,-26,-4,0
31524,SAMPLE,ALIGNING,true,9,0,0,0,0,0.091824531555176,-0.086807250976563,0.0,-0.07,0.091824531555176,-0.016807250976562,0.0,0.0,0.00020469252439057,-0.00018690287810417,0.091824531555176,-0.016807250976562,142.4451751709,123.26156616211,-91.736961364746,-0.78369730710983,true,false,false,false,-26,-4,0
31525,SAMPLE,ALIGNING,true,9,0,0,0,0,0.091824531555176,-0.086807250976563,0.0,-0.07,0.091824531555176,-0.016807250976562,0.0,0.0,0.00013305014085387,-0.00012148687076771,0.091824531555176,-0.016807250976562,142.4451751709,123.26156616211,-91.736961364746,-0.78369730710983,true,false,false,false,-26,-4,0
31526,SAMPLE,ALIGNING,true,9,0,0,0,0,0.092351913452148,-0.087238311767578,0.0,-0.07,0.092351913452148,-0.017238311767578,0.00052738189697266,-0.00043106079101563,0.00027106625549545,-0.00022983774285448,0.092351913452148,-0.017238311767578,142.34916687012,123.34808349609,-92.233695983887,-0.78798365592957,true,false,false,false,-26,-4,0
31527,SAMPLE,ALIGNING,true,9,0,0,0,0,0.092351913452148,-0.087238311767578,0.0,-0.07,0.092351913452148,-0.017238311767578,0.0,0.0,0.00017619306607204,-0.00014939453285541,0.092351913452148,-0.017238311767578,142.34916687012,123.34808349609,-92.233695983887,-0.78798365592957,true,false,false,false,-26,-4,0
31528,SAMPLE,ALIGNING,true,9,0,0,0,0,0.092351913452148,-0.087238311767578,0.0,-0.07,0.092351913452148,-0.017238311767578,0.0,0.0,0.00011452549294683,-9.7106446356019e-05,0.092351913452148,-0.017238311767578,142.34916687012,123.34808349609,-92.233695983887,-0.78798365592957,true,false,false,false,-26,-4,0
31529,SAMPLE,ALIGNING,true,9,0,0,0,0,0.092927098274231,-0.087478160858154,0.0,-0.07,0.092927098274231,-0.017478160858154,0.00057518482208252,-0.00023984909057617,0.00027575625814432,-0.00014706637183307,0.092927098274231,-0.017478160858154,142.24063110352,123.39044952393,-92.795623779297,-0.79282921552658,true,false,false,false,-26,-4,0
31530,SAMPLE,ALIGNING,true,9,0,0,0,0,0.092927098274231,-0.087478160858154,0.0,-0.07,0.092927098274231,-0.017478160858154,0.0,0.0,0.00017924156779381,-9.5593141691497e-05,0.092927098274231,-0.017478160858154,142.24063110352,123.39044952393,-92.795623779297,-0.79282921552658,true,false,false,false,-26,-4,0
31531,SAMPLE,ALIGNING,true,9,0,0,0,0,0.094029664993286,-0.087142944335938,0.0,-0.07,0.094029664993286,-0.017142944335937,0.0011025667190552,0.0003352165222168,0.00050240537073529,5.5190240676406e-05,0.094029664993286,-0.017142944335937,142.02899169922,123.33407592773,-93.892265319824,-0.80227744579315,true,false,false,false,-26,-4,0
31532,SAMPLE,ALIGNING,true,9,0,0,0,0,0.094029664993286,-0.087142944335938,0.0,-0.07,0.094029664993286,-0.017142944335937,0.0,0.0,0.00032656349097794,3.5873656439664e-05,0.094029664993286,-0.017142944335937,142.02899169922,123.33407592773,-93.892265319824,-0.80227744579315,true,false,false,false,-26,-4,0
31533,SAMPLE,ALIGNING,true,9,0,0,0,0,0.094029664993286,-0.087142944335938,0.0,-0.07,0.094029664993286,-0.017142944335937,0.0,0.0,0.00021226626913566,2.3317876685781e-05,0.094029664993286,-0.017142944335937,142.02899169922,123.33407592773,-93.892265319824,-0.80227744579315,true,false,false,false,-26,-4,0
31534,SAMPLE,ALIGNING,true,9,0,0,0,0,0.095371961593628,-0.087094783782959,0.0,-0.07,0.095371961593628,-0.017094783782959,0.0013422966003418,4.8160552978516e-05,0.00060777688505781,3.2012813388238e-05,0.095371961593628,-0.017094783782959,141.76684570313,123.31355285645,-95.249725341797,-0.81398004293442,true,false,false,false,-27,-4,0
31535,SAMPLE,ALIGNING,true,9,0,0,0,0,0.095371961593628,-0.087094783782959,0.0,-0.07,0.095371961593628,-0.017094783782959,0.0,0.0,0.00039505497528757,2.0808328702355e-05,0.095371961593628,-0.017094783782959,141.76684570313,123.31355285645,-95.249725341797,-0.81398004293442,true,false,false,false,-27,-4,0
31536,SAMPLE,ALIGNING,true,9,0,0,0,0,0.095371961593628,-0.087094783782959,0.0,-0.07,0.095371961593628,-0.017094783782959,0.0,0.0,0.00025678573393692,1.3525413656531e-05,0.095371961593628,-0.017094783782959,141.57440185547,123.27983093262,-96.246070861816,-0.82257175445557,true,false,false,false,-27,-4,0
31537,SAMPLE,ALIGNING,true,9,0,0,0,0,0.096378564834595,-0.086903095245361,0.0,-0.07,0.096378564834595,-0.016903095245361,0.0010066032409668,0.00019168853759766,0.00051922186139738,7.5882507035925e-05,0.096378564834595,-0.016903095245361,141.57440185547,123.27983093262,-96.246070861816,-0.82257175445557,true,false,false,false,-27,-4,0
31538,SAMPLE,ALIGNING,true,9,0,0,0,0,0.096378564834595,-0.086903095245361,0.0,-0.07,0.096378564834595,-0.016903095245361,0.0,0.0,0.0003374942099083,4.9323629573351e-05,0.096378564834595,-0.016903095245361,141.57440185547,123.27983093262,-96.246070861816,-0.82257175445557,true,false,false,false,-27,-4,0
31539,SAMPLE,ALIGNING,true,9,0,0,0,0,0.097337365150452,-0.08704662322998,0.0,-0.07,0.097337365150452,-0.01704662322998,0.00095880031585693,-0.00014352798461914,0.00055495134699032,-1.8174435394021e-05,0.097337365150452,-0.01704662322998,141.38766479492,123.30813598633,-97.21208190918,-0.8309081196785,true,false,false,false,-27,-4,0
31540,SAMPLE,ALIGNING,true,9,0,0,0,0,0.097337365150452,-0.08704662322998,0.0,-0.07,0.097337365150452,-0.01704662322998,0.0,0.0,0.00036071837554371,-1.1813383006114e-05,0.097337365150452,-0.01704662322998,141.38766479492,123.30813598633,-97.21208190918,-0.8309081196785,true,false,false,false,-27,-4,0
31541,SAMPLE,ALIGNING,true,9,0,0,0,0,0.097337365150452,-0.08704662322998,0.0,-0.07,0.097337365150452,-0.01704662322998,0.0,0.0,0.00023446694410341,-7.6786989539739e-06,0.097337365150452,-0.01704662322998,141.38766479492,123.30813598633,-97.21208190918,-0.8309081196785,true,false,false,false,-27,-4,0
31542,SAMPLE,ALIGNING,true,9,0,0,0,0,0.09891939163208,-0.087286472320557,0.0,-0.07,0.09891939163208,-0.017286472320557,0.0015820264816284,-0.00023984909057617,0.00070611278223716,-8.8938336021743e-05,0.09891939163208,-0.017286472320557,141.08853149414,123.35625457764,-98.758895874023,-0.84426212310791,true,false,false,false,-28,-4,0
31543,SAMPLE,ALIGNING,true,9,0,0,0,0,0.09891939163208,-0.087286472320557,0.0,-0.07,0.09891939163208,-0.017286472320557,0.0,0.0,0.00045897330845416,-5.7809918414133e-05,0.09891939163208,-0.017286472320557,141.08853149414,123.35625457764,-98.758895874023,-0.84426212310791,true,false,false,false,-28,-4,0
31544,SAMPLE,ALIGNING,true,9,0,0,0,0,0.09891939163208,-0.087286472320557,0.0,-0.07,0.09891939163208,-0.017286472320557,0.0,0.0,0.0002983326504952,-3.7576446969186e-05,0.09891939163208,-0.017286472320557,141.08853149414,123.35625457764,-98.758895874023,-0.84426212310791,true,false,false,false,-28,-4,0
31545,SAMPLE,ALIGNING,true,9,0,0,0,0,0.1010285615921,-0.087813854217529,0.0,-0.07,0.1010285615921,-0.017813854217529,0.002109169960022,-0.00052738189697266,0.00093212570882957,-0.0002090083544704,0.1010285615921,-0.017813854217529,140.67517089844,123.4591217041,-100.89483642578,-0.86271578073502,true,false,false,false,-28,-4,0
31546,SAMPLE,ALIGNING,true,9,0,0,0,0,0.1010285615921,-0.087813854217529,0.0,-0.07,0.1010285615921,-0.017813854217529,0.0,0.0,0.00060588171073922,-0.00013585543040576,0.1010285615921,-0.017813854217529,140.67517089844,123.4591217041,-100.89483642578,-0.86271578073502,true,false,false,false,-28,-4,0
31547,SAMPLE,ALIGNING,true,9,0,0,0,0,0.1037609577179,-0.088437080383301,0.0,-0.07,0.1037609577179,-0.018437080383301,0.0027323961257935,-0.00062322616577148,0.0013501617560082,-0.00030643518778376,0.1037609577179,-0.018437080383301,140.14709472656,123.58293914795,-103.62146759033,-0.88629013299942,true,false,false,false,-29,-4,0
31548,SAMPLE,ALIGNING,true,9,0,0,0,0,0.1037609577179,-0.088437080383301,0.0,-0.07,0.1037609577179,-0.018437080383301,0.0,0.0,0.00087760514140533,-0.00019918287205945,0.1037609577179,-0.018437080383301,140.14709472656,123.58293914795,-103.62146759033,-0.88629013299942,true,false,false,false,-29,-4,0
31549,SAMPLE,ALIGNING,true,9,0,0,0,0,0.1037609577179,-0.088437080383301,0.0,-0.07,0.1037609577179,-0.018437080383301,0.0,0.0,0.00057044334191347,-0.00012946886683864,0.1037609577179,-0.018437080383301,140.14709472656,123.58293914795,-103.62146759033,-0.88629013299942,true,false,false,false,-29,-4,0
31550,SAMPLE,ALIGNING,true,9,0,0,0,0,0.10678112506866,-0.088964462280273,0.0,-0.07,0.10678112506866,-0.018964462280273,0.003020167350769,-0.00052738189697266,0.0014278467450129,-0.00026873842738555,0.10678112506866,-0.018964462280273,139.57606506348,123.68264007568,-106.56749725342,-0.9117830991745,true,false,false,false,-30,-4,0
