frame,event,state,gate_enabled,memory_remaining,ready_count,lost_count,screen_x,screen_x_copy,raw_horizontal,normalized,arm_ready,raw_detected,normalized_detected,auto_aim_detected,centered_for_lost,raw_quiet,normalized_quiet,target_lost_candidate
18035,SAMPLE,IDLE,false,0,0,0,160.0,160.0,0.0,0.0,true,false,false,false,true,true,true,true
18040,SAMPLE,IDLE,false,0,0,0,160.0,160.0,0.0,0.0,true,false,false,false,true,true,true,true
18045,SAMPLE,IDLE,false,0,0,0,160.0,160.0,0.0,0.0,true,false,false,false,true,true,true,true
18050,SAMPLE,IDLE,false,0,0,0,160.0,160.0,0.0,0.0,true,false,false,false,true,true,true,true
18055,SAMPLE,IDLE,false,0,0,0,160.0,160.0,0.0,0.0,true,false,false,false,true,true,true,true
18060,SAMPLE,IDLE,true,0,0,0,160.0,160.0,0.0,0.0,true,false,false,false,true,true,true,true
18065,SAMPLE,IDLE,true,0,0,0,160.0,160.0,0.0,0.0,true,false,false,false,true,true,true,true
18070,SAMPLE,IDLE,true,0,0,0,160.0,160.0,0.0,0.0,true,false,false,false,true,true,true,true
18075,SAMPLE,IDLE,true,0,0,0,160.0,160.0,0.0,0.0,true,false,false,false,true,true,true,true
18080,SAMPLE,IDLE,true,0,0,0,160.0,160.0,0.0,0.0,true,false,false,false,true,true,true,true
18085,SAMPLE,IDLE,true,0,0,0,160.0,160.0,0.0,0.0,true,false,false,false,true,true,true,true
18090,SAMPLE,IDLE,true,0,0,0,160.0,160.0,0.0,0.0,true,false,false,false,true,true,true,true
18095,SAMPLE,IDLE,true,0,0,0,160.0,160.0,0.0,0.0,true,false,false,false,true,true,true,true
18100,SAMPLE,IDLE,true,0,0,0,160.0,160.0,0.0,0.0,true,false,false,false,true,true,true,true
18105,SAMPLE,IDLE,true,0,0,0,160.0,160.0,0.0,0.0,true,false,false,false,true,true,true,true
18110,SAMPLE,IDLE,true,0,0,0,160.0,160.0,0.0,0.0,true,false,false,false,true,true,true,true
18115,SAMPLE,IDLE,true,0,0,0,160.0,160.0,0.0,0.0,true,false,false,false,true,true,true,true
18120,SAMPLE,IDLE,true,0,0,0,160.0,160.0,0.0,0.0,true,false,false,false,true,true,true,true
18125,SAMPLE,IDLE,true,0,0,0,160.0,160.0,0.0,0.0,true,false,false,false,true,true,true,true
18130,SAMPLE,IDLE,true,0,0,0,160.0,160.0,0.0,0.0,true,false,false,false,true,true,true,true
18135,SAMPLE,IDLE,true,0,0,0,160.0,160.0,0.0,0.0,true,false,false,false,true,true,true,true
18140,SAMPLE,IDLE,true,0,0,0,160.0,160.0,0.0,0.0,true,false,false,false,true,true,true,true
18145,SAMPLE,IDLE,true,0,0,0,160.0,160.0,0.0,0.0,true,false,false,false,true,true,true,true
18150,SAMPLE,IDLE,true,0,0,0,160.0,160.0,0.0,0.0,true,false,false,false,true,true,true,true
18155,SAMPLE,IDLE,true,0,0,0,160.0,160.0,0.0,0.0,true,false,false,false,true,true,true,true
18157,ACQUIRED,TRACKING,true,45,0,0,147.50079345703,147.50079345703,-65.463096618652,0.06545877456665,false,true,true,true,false,false,false,false
18160,SAMPLE,TRACKING,true,45,0,0,131.41923522949,131.41923522949,-148.35021972656,0.14882242679596,false,true,true,true,false,false,false,false
18165,SAMPLE,TRACKING,true,45,0,0,141.82102966309,141.82102966309,-94.983459472656,0.095084309577942,false,true,true,true,false,false,false,false
18170,SAMPLE,TRACKING,true,45,0,0,152.64538574219,152.64538574219,-38.572982788086,0.038517951965332,false,true,true,true,false,false,false,false
18175,SAMPLE,SHOT_READY,true,44,1,0,157.02456665039,157.02456665039,-15.615069389343,0.015555739402771,true,false,false,false,false,false,false,false
18176,AUTO_SHOT,FIRED,true,43,2,0,157.02456665039,157.02456665039,-15.615069389343,0.015555739402771,true,false,false,false,false,false,false,false
18180,SAMPLE,TARGET_LOCKED,true,0,0,0,158.10745239258,158.10745239258,-9.932806968689,0.0098512172698975,true,false,false,false,true,false,false,false
18185,SAMPLE,TARGET_LOCKED,true,0,0,0,159.10969543457,159.10969543457,-4.6728358268738,0.0046260356903076,true,false,false,false,true,false,false,false
18190,SAMPLE,TARGET_LOCKED,true,0,0,2,159.63981628418,159.63981628418,-1.8904707431793,0.0017976760864258,true,false,false,false,true,true,true,true
18195,SAMPLE,TARGET_LOCKED,true,0,0,7,159.80297851563,159.80297851563,-1.0340939760208,0.00098276138305664,true,false,false,false,true,true,true,true
18200,SAMPLE,TARGET_LOCKED,true,0,0,12,159.93144226074,159.93144226074,-0.3598347902298,0.00031161308288574,true,false,false,false,true,true,true,true
18205,SAMPLE,TARGET_LOCKED,true,0,0,17,159.97225952148,159.97225952148,-0.1455997377634,7.1883201599121e-05,true,false,false,false,true,true,true,true
18210,SAMPLE,TARGET_LOCKED,true,0,0,22,159.98236083984,159.98236083984,-0.092581570148468,2.3961067199707e-05,true,false,false,false,true,true,true,true
18215,SAMPLE,TARGET_LOCKED,true,0,0,27,159.9938659668,159.9938659668,-0.032195322215557,-2.3841857910156e-05,true,false,false,false,true,true,true,true
18220,SAMPLE,TARGET_LOCKED,true,0,0,32,159.99609375,159.99609375,-0.020502492785454,-2.3841857910156e-05,true,false,false,false,true,true,true,true
18225,SAMPLE,TARGET_LOCKED,true,0,0,0,148.88696289063,148.88696289063,-58.229343414307,0.058220267295837,false,true,true,true,false,false,false,false
18230,SAMPLE,TARGET_LOCKED,true,0,0,0,155.50402832031,155.50402832031,-23.591161727905,0.023561358451843,false,true,true,true,false,false,false,false
18235,SAMPLE,TARGET_LOCKED,true,0,0,0,157.14030456543,157.14030456543,-15.007817268372,0.014932632446289,true,false,false,false,false,false,false,false
18240,SAMPLE,TARGET_LOCKED,true,0,0,0,158.84306335449,158.84306335449,-6.0722303390503,0.0060162544250488,true,false,false,false,true,false,false,false
18245,SAMPLE,TARGET_LOCKED,true,0,0,0,159.53193664551,159.53193664551,-2.4566879272461,0.0038110017776489,true,false,false,false,true,false,false,false
18250,SAMPLE,TARGET_LOCKED,true,0,0,0,142.23297119141,142.23297119141,-92.849868774414,0.092927098274231,false,true,true,true,false,false,false,false
18255,SAMPLE,TARGET_LOCKED,true,0,0,0,133.58224487305,133.58224487305,-137.34204101563,0.13774883747101,false,true,true,true,false,false,false,false
18260,SAMPLE,TARGET_LOCKED,true,0,0,0,131.01536560059,131.01536560059,-150.39801025391,0.15093159675598,false,true,true,true,false,false,false,false
18265,SAMPLE,TARGET_LOCKED,true,0,0,0,127.76971435547,127.76971435547,-166.79508972168,0.16756594181061,false,true,true,true,false,false,false,false
18270,SAMPLE,TARGET_LOCKED,true,0,0,0,126.7113494873,126.7113494873,-172.11280822754,0.17293500900269,false,true,true,true,false,false,false,false
18275,SAMPLE,TARGET_LOCKED,true,0,0,0,125.27174377441,125.27174377441,-179.32066345215,0.18026947975159,false,true,true,true,false,false,false,false
18280,SAMPLE,TARGET_LOCKED,true,0,0,0,124.55506896973,124.55506896973,-182.89695739746,0.18391263484955,false,true,true,true,false,false,false,false
18285,SAMPLE,TARGET_LOCKED,true,0,0,0,124.32147216797,124.32147216797,-184.060546875,0.18506324291229,false,true,true,true,false,false,false,false
18290,SAMPLE,TARGET_LOCKED,true,0,0,0,123.97418212891,123.97418212891,-185.78898620605,0.18683695793152,false,true,true,true,false,false,false,false
18295,SAMPLE,TARGET_LOCKED,true,0,0,0,123.87675476074,123.87675476074,-186.27326965332,0.1873162984848,false,true,true,true,false,false,false,false
18300,SAMPLE,TARGET_LOCKED,true,0,0,0,123.8447265625,123.8447265625,-186.4322052002,0.18750810623169,false,true,true,true,false,false,false,false
18305,SAMPLE,TARGET_LOCKED,true,0,0,0,123.8299407959,123.8299407959,-186.50509643555,0.18755602836609,false,true,true,true,false,false,false,false
18310,SAMPLE,TARGET_LOCKED,true,0,0,0,123.89625549316,123.89625549316,-186.17489624023,0.187220454216,false,true,true,true,false,false,false,false
18315,SAMPLE,TARGET_LOCKED,true,0,0,0,123.99668884277,123.99668884277,-185.67495727539,0.18674111366272,false,true,true,true,false,false,false,false
18320,SAMPLE,TARGET_LOCKED,true,0,0,0,123.97636413574,123.97636413574,-185.77864074707,0.18683695793152,false,true,true,true,false,false,false,false
18325,SAMPLE,TARGET_LOCKED,true,0,0,0,124.15234375,124.15234375,-184.90689086914,0.18645346164703,false,true,true,true,false,false,false,false
18330,SAMPLE,TARGET_LOCKED,true,0,0,0,124.0096206665,124.0096206665,-185.61688232422,0.18664515018463,false,true,true,true,false,false,false,false
18335,SAMPLE,TARGET_LOCKED,true,0,0,0,123.22881317139,123.22881317139,-189.49649047852,0.19062399864197,false,true,true,true,false,false,false,false
18340,SAMPLE,TARGET_LOCKED,true,0,0,0,121.92182159424,121.92182159424,-195.97520446777,0.1971914768219,false,true,true,true,false,false,false,false
18345,SAMPLE,TARGET_LOCKED,true,0,0,0,120.20745849609,120.20745849609,-204.43717956543,0.20586812496185,false,true,true,true,false,false,false,false
18350,SAMPLE,TARGET_LOCKED,true,0,0,0,117.58044433594,117.58044433594,-217.31687927246,0.21905100345612,false,true,true,true,false,false,false,false
18355,SAMPLE,TARGET_LOCKED,true,0,0,0,142.83843994141,142.83843994141,-89.711151123047,0.089811086654663,false,true,true,true,false,false,false,false
18360,SAMPLE,TARGET_LOCKED,true,0,0,0,151.92674255371,151.92674255371,-42.335567474365,0.042304873466492,false,true,true,true,false,false,false,false
18365,SAMPLE,TARGET_LOCKED,true,0,0,0,156.73382568359,156.73382568359,-17.140445709229,0.01708972454071,false,false,false,false,false,false,false,false
18370,SAMPLE,TARGET_LOCKED,true,0,0,0,158.67860412598,158.67860412598,-6.9353618621826,0.0068790912628174,true,false,false,false,true,false,false,false
18375,SAMPLE,TARGET_LOCKED,true,0,0,0,159.15951538086,159.15951538086,-4.4113574028015,0.004338264465332,true,false,false,false,true,false,false,false
18380,SAMPLE,TARGET_LOCKED,true,0,0,2,159.65997314453,159.65997314453,-1.7846752405167,0.0017017126083374,true,false,false,false,true,true,true,true
18385,SAMPLE,TARGET_LOCKED,true,0,0,0,131.48527526855,131.48527526855,-148.01458740234,0.14853477478027,false,true,true,true,false,false,false,false
18390,SAMPLE,TARGET_LOCKED,true,0,0,0,109.4034576416,109.4034576416,-256.66592407227,0.25955832004547,false,true,true,true,false,false,false,false
18395,SAMPLE,TARGET_LOCKED,true,0,0,0,99.180564880371,99.180564880371,-304.0905456543,0.30893397331238,false,true,true,true,false,false,false,false
18400,SAMPLE,TARGET_LOCKED,true,0,0,0,96.276443481445,96.276443481445,-317.17199707031,0.32274007797241,false,true,true,true,false,false,false,false
18405,SAMPLE,TARGET_LOCKED,true,0,0,0,93.254348754883,93.254348754883,-330.59197998047,0.33692967891693,false,true,true,true,false,false,false,false
18410,SAMPLE,TARGET_LOCKED,true,0,0,0,90.928100585938,90.928100585938,-340.70895385742,0.3477635383606,false,true,true,true,false,false,false,false
18415,SAMPLE,TARGET_LOCKED,true,0,0,0,89.851257324219,89.851257324219,-345.26467895508,0.35274910926819,false,true,true,true,false,false,false,false
18420,SAMPLE,TARGET_LOCKED,true,0,0,0,88.877113342285,88.877113342285,-349.00955200195,0.35725522041321,false,true,true,true,false,false,false,false
18425,SAMPLE,TARGET_LOCKED,true,0,0,0,88.384124755859,88.384124755859,-350.34802246094,0.35840570926666,false,true,true,true,false,false,false,false
18430,SAMPLE,TARGET_LOCKED,true,0,0,0,88.132751464844,88.132751464844,-350.99981689453,0.36065876483917,false,true,true,true,false,false,false,false
18435,SAMPLE,TARGET_LOCKED,true,0,0,0,87.895088195801,87.895088195801,-350.85858154297,0.36176133155823,false,true,true,true,false,false,false,false
18440,SAMPLE,TARGET_LOCKED,true,0,0,0,87.936569213867,87.936569213867,-350.1955871582,0.36156952381134,false,true,true,true,false,false,false,false
18445,SAMPLE,TARGET_LOCKED,true,0,0,0,88.357955932617,88.357955932617,-347.71170043945,0.35965204238892,false,true,true,true,false,false,false,false
18450,SAMPLE,TARGET_LOCKED,true,0,0,0,88.173377990723,88.173377990723,-348.39401245117,0.36046707630157,false,true,true,true,false,false,false,false
18455,SAMPLE,TARGET_LOCKED,true,0,0,0,87.715309143066,87.715309143066,-350.26519775391,0.362624168396,false,true,true,true,false,false,false,false
18460,SAMPLE,TARGET_LOCKED,true,0,0,0,87.48713684082,87.48713684082,-351.21658325195,0.36363089084625,false,true,true,true,false,false,false,false
18465,SAMPLE,TARGET_LOCKED,true,0,0,0,87.066833496094,87.066833496094,-352.99249267578,0.36554849147797,false,true,true,true,false,false,false,false
18470,SAMPLE,TARGET_LOCKED,true,0,0,0,86.790672302246,86.790672302246,-354.17727661133,0.36679482460022,false,true,true,true,false,false,false,false
18475,SAMPLE,TARGET_LOCKED,true,0,0,0,86.440170288086,86.440170288086,-355.66354370117,0.36842465400696,false,true,true,true,false,false,false,false
18480,SAMPLE,TARGET_LOCKED,true,0,0,0,86.30534362793,86.30534362793,-356.22088623047,0.36904788017273,false,true,true,true,false,false,false,false
18485,SAMPLE,TARGET_LOCKED,true,0,0,0,86.420913696289,86.420913696289,-355.68273925781,0.36852049827576,false,true,true,true,false,false,false,false
18490,SAMPLE,TARGET_LOCKED,true,0,0,0,86.493461608887,86.493461608887,-355.345703125,0.36818492412567,false,true,true,true,false,false,false,false
18495,SAMPLE,TARGET_LOCKED,true,0,0,0,86.547691345215,86.547691345215,-355.07244873047,0.36789739131927,false,true,true,true,false,false,false,false
18500,SAMPLE,TARGET_LOCKED,true,0,0,0,86.544898986816,86.544898986816,-355.06674194336,0.36794531345367,false,true,true,true,false,false,false,false
18505,SAMPLE,TARGET_LOCKED,true,0,0,0,86.658638000488,86.658638000488,-354.52410888672,0.3674179315567,false,true,true,true,false,false,false,false
18510,SAMPLE,TARGET_LOCKED,true,0,0,0,86.623886108398,86.623886108398,-354.64999389648,0.36760973930359,false,true,true,true,false,false,false,false
18515,SAMPLE,TARGET_LOCKED,true,0,0,0,86.373924255371,86.373924255371,-355.68725585938,0.36871230602264,false,true,true,true,false,false,false,false
18520,SAMPLE,TARGET_LOCKED,true,0,0,0,86.266792297363,86.266792297363,-356.13064575195,0.36923956871033,false,true,true,true,false,false,false,false
18525,SAMPLE,TARGET_LOCKED,true,0,0,0,86.284385681152,86.284385681152,-356.33349609375,0.36914372444153,false,true,true,true,false,false,false,false
18530,SAMPLE,TARGET_LOCKED,true,0,0,0,85.932914733887,85.932914733887,-358.25839233398,0.37072563171387,false,true,true,true,false,false,false,false
18535,SAMPLE,TARGET_LOCKED,true,0,0,0,118.98983764648,118.98983764648,-209.76756286621,0.2119562625885,false,true,true,true,false,false,false,false
18540,SAMPLE,TARGET_LOCKED,true,0,0,0,137.5671081543,137.5671081543,-116.82068634033,0.11718356609344,false,true,true,true,false,false,false,false
18545,SAMPLE,TARGET_LOCKED,true,0,0,0,150.92437744141,150.92437744141,-47.573043823242,0.047578096389771,false,true,true,true,false,false,false,false
18550,SAMPLE,TARGET_LOCKED,true,0,0,0,156.32830810547,156.32830810547,-19.267297744751,0.019199013710022,false,false,false,false,false,false,false,false
18555,SAMPLE,TARGET_LOCKED,true,0,0,0,158.51455688477,158.51455688477,-7.7962837219238,0.0077419281005859,true,false,false,false,true,false,false,false
18560,SAMPLE,TARGET_LOCKED,true,0,0,0,159.39903259277,159.39903259277,-3.1542427539825,0.0030919313430786,true,false,false,false,true,false,false,false
18565,SAMPLE,TARGET_LOCKED,true,0,0,1,159.75686645508,159.75686645508,-1.2761188745499,0.001941442489624,true,false,false,false,true,true,true,true
18570,SAMPLE,TARGET_LOCKED,true,0,0,6,159.84535217285,159.84535217285,-0.81169021129608,0.00074303150177002,true,false,false,false,true,true,true,true
18575,SAMPLE,TARGET_LOCKED,true,0,0,11,159.94619750977,159.94619750977,-0.28238981962204,0.00021576881408691,true,false,false,false,true,true,true,true
18580,SAMPLE,TARGET_LOCKED,true,0,0,16,159.96577453613,159.96577453613,-0.17963707447052,0.00011980533599854,true,false,false,false,true,true,true,true
18585,SAMPLE,TARGET_LOCKED,true,0,0,21,159.98809814453,159.98809814453,-0.062468536198139,2.3961067199707e-05,true,false,false,false,true,true,true,true
18590,SAMPLE,TARGET_LOCKED,true,0,0,26,159.99440002441,159.99440002441,-0.029392246156931,-2.3841857910156e-05,true,false,false,false,true,true,true,true
18595,SAMPLE,TARGET_LOCKED,true,0,0,31,159.99736022949,159.99736022949,-0.013855200260878,-2.3841857910156e-05,true,false,false,false,true,true,true,true
18600,SAMPLE,TARGET_LOCKED,true,0,0,36,159.99876403809,159.99876403809,-0.0064871171489358,-2.3841857910156e-05,true,false,false,false,true,true,true,true
18605,SAMPLE,TARGET_LOCKED,true,0,0,41,159.99942016602,159.99942016602,-0.0030433388892561,-2.3841857910156e-05,true,false,false,false,true,true,true,true
18610,SAMPLE,TARGET_LOCKED,true,0,0,0,142.5304107666,142.5304107666,-91.308532714844,0.091393113136292,false,true,true,true,false,false,false,false
18615,SAMPLE,TARGET_LOCKED,true,0,0,0,130.19781494141,130.19781494141,-154.54154968262,0.15510225296021,false,true,true,true,false,false,false,false
18620,SAMPLE,TARGET_LOCKED,true,0,0,0,140.59979248047,140.59979248047,-101.30034637451,0.10145998001099,false,true,true,true,false,false,false,false
18625,SAMPLE,TARGET_LOCKED,true,0,0,0,144.57345581055,144.57345581055,-80.702644348145,0.080750942230225,false,true,true,true,false,false,false,false
18630,SAMPLE,TARGET_LOCKED,true,0,0,0,146.63330078125,146.63330078125,-69.981788635254,0.070012927055359,false,true,true,true,false,false,false,false
18635,SAMPLE,TARGET_LOCKED,true,0,0,0,147.88500976563,147.88500976563,-63.45369720459,0.063445448875427,false,true,true,true,false,false,false,false
18640,SAMPLE,TARGET_LOCKED,true,0,0,0,148.39163208008,148.39163208008,-60.80810546875,0.060808897018433,false,true,true,true,false,false,false,false
18645,SAMPLE,TARGET_LOCKED,true,0,0,0,148.84378051758,148.84378051758,-58.445465087891,0.058459877967834,false,true,true,true,false,false,false,false
18650,SAMPLE,TARGET_LOCKED,true,0,0,0,149.34680175781,149.34680175781,-55.816059112549,0.05582332611084,false,true,true,true,false,false,false,false
18655,SAMPLE,TARGET_LOCKED,true,0,0,0,149.74258422852,149.74258422852,-53.74490737915,0.053762078285217,false,true,true,true,false,false,false,false
18660,SAMPLE,TARGET_LOCKED,true,0,0,0,149.7801361084,149.7801361084,-53.545356750488,0.05357027053833,false,true,true,true,false,false,false,false
18665,SAMPLE,TARGET_LOCKED,true,0,0,0,149.53042602539,149.53042602539,-54.847023010254,0.054864645004272,false,true,true,true,false,false,false,false
18670,SAMPLE,TARGET_LOCKED,true,0,0,0,149.55010986328,149.55010986328,-54.741748809814,0.054768800735474,false,true,true,true,false,false,false,false
18675,SAMPLE,TARGET_LOCKED,true,0,0,0,149.89939880371,149.89939880371,-52.912021636963,0.052947163581848,false,true,true,true,false,false,false,false
18680,SAMPLE,TARGET_LOCKED,true,0,0,0,150.52783203125,150.52783203125,-49.625,0.049639344215393,false,true,true,true,false,false,false,false
18685,SAMPLE,TARGET_LOCKED,true,0,0,0,151.36137390137,151.36137390137,-45.264141082764,0.045277118682861,false,true,true,true,false,false,false,false
18690,SAMPLE,TARGET_LOCKED,true,0,0,0,152.19078063965,152.19078063965,-40.921195983887,0.04091477394104,false,true,true,true,false,false,false,false
18695,SAMPLE,TARGET_LOCKED,true,0,0,0,152.73257446289,152.73257446289,-38.082653045654,0.038086414337158,false,true,true,true,false,false,false,false
18700,SAMPLE,TARGET_LOCKED,true,0,0,0,153.5149230957,153.5149230957,-33.982105255127,0.033963799476624,false,true,true,true,false,false,false,false
18705,SAMPLE,TARGET_LOCKED,true,0,0,0,153.57543945313,153.57543945313,-33.66569519043,0.033676147460938,false,true,true,true,false,false,false,false
18710,SAMPLE,TARGET_LOCKED,true,0,0,0,153.36633300781,153.36633300781,-34.763381958008,0.034778714179993,false,true,true,true,false,false,false,false
18715,SAMPLE,TARGET_LOCKED,true,0,0,0,153.17416381836,153.17416381836,-35.771488189697,0.035353899002075,false,true,true,true,false,false,false,false
18720,SAMPLE,TARGET_LOCKED,true,0,0,0,153.14122009277,153.14122009277,-35.944541931152,0.035929322242737,false,true,true,true,false,false,false,false
18725,SAMPLE,TARGET_LOCKED,true,0,0,0,153.14308166504,153.14308166504,-35.93546295166,0.035929322242737,false,true,true,true,false,false,false,false
18730,SAMPLE,TARGET_LOCKED,true,0,0,0,153.2227935791,153.2227935791,-35.518501281738,0.035497784614563,false,true,true,true,false,false,false,false
18735,SAMPLE,TARGET_LOCKED,true,0,0,0,153.26902770996,153.26902770996,-35.277153015137,0.035258054733276,false,true,true,true,false,false,false,false
18740,SAMPLE,TARGET_LOCKED,true,0,0,0,153.30389404297,153.30389404297,-35.094875335693,0.035066366195679,false,true,true,true,false,false,false,false
18745,SAMPLE,TARGET_LOCKED,true,0,0,0,153.38681030273,153.38681030273,-34.660835266113,0.034634947776794,false,true,true,true,false,false,false,false
18750,SAMPLE,TARGET_LOCKED,true,0,0,0,153.42321777344,153.42321777344,-34.470161437988,0.034443140029907,false,true,true,true,false,false,false,false
18755,SAMPLE,TARGET_LOCKED,true,0,0,0,153.2963104248,153.2963104248,-35.134502410889,0.035114288330078,false,true,true,true,false,false,false,false
18760,SAMPLE,TARGET_LOCKED,true,0,0,0,153.00035095215,153.00035095215,-36.683639526367,0.036696314811707,false,true,true,true,false,false,false,false
18765,SAMPLE,TARGET_LOCKED,true,0,0,0,152.4955291748,152.4955291748,-39.324203491211,0.039332866668701,false,true,true,true,false,false,false,false
18770,SAMPLE,TARGET_LOCKED,true,0,0,0,151.27215576172,151.27215576172,-45.719158172607,0.045756459236145,false,true,true,true,false,false,false,false
18775,SAMPLE,TARGET_LOCKED,true,0,0,0,150.50375366211,150.50375366211,-49.733192443848,0.049783229827881,false,true,true,true,false,false,false,false
18780,SAMPLE,TARGET_LOCKED,true,0,0,0,148.97245788574,148.97245788574,-57.727691650391,0.057788729667664,false,true,true,true,false,false,false,false
18785,SAMPLE,TARGET_LOCKED,true,0,0,0,147.71192932129,147.71192932129,-64.309410095215,0.064356207847595,false,true,true,true,false,false,false,false
18790,SAMPLE,TARGET_LOCKED,true,0,0,0,147.48121643066,147.48121643066,-65.530136108398,0.065554618835449,false,true,true,true,false,false,false,false
18795,SAMPLE,TARGET_LOCKED,true,0,0,0,147.64653015137,147.64653015137,-64.679626464844,0.064691781997681,false,true,true,true,false,false,false,false
18800,SAMPLE,TARGET_LOCKED,true,0,0,0,147.69345092773,147.69345092773,-64.437316894531,0.064452171325684,false,true,true,true,false,false,false,false
18805,SAMPLE,TARGET_LOCKED,true,0,0,0,147.75038146973,147.75038146973,-64.142440795898,0.064164519309998,false,true,true,true,false,false,false,false
18810,SAMPLE,TARGET_LOCKED,true,0,0,0,147.794921875,147.794921875,-63.910499572754,0.063924789428711,false,true,true,true,false,false,false,false
18815,SAMPLE,TARGET_LOCKED,true,0,0,0,147.74697875977,147.74697875977,-64.160453796387,0.064164519309998,false,true,true,true,false,false,false,false
18820,SAMPLE,TARGET_LOCKED,true,0,0,0,147.58508300781,147.58508300781,-65.003837585449,0.065027356147766,false,true,true,true,false,false,false,false
18825,SAMPLE,TARGET_LOCKED,true,0,0,0,147.63168334961,147.63168334961,-64.759002685547,0.064787626266479,false,true,true,true,false,false,false,false
18830,SAMPLE,TARGET_LOCKED,true,0,0,0,147.97026062012,147.97026062012,-62.993282318115,0.063014030456543,false,true,true,true,false,false,false,false
18835,SAMPLE,TARGET_LOCKED,true,0,0,0,148.19638061523,148.19638061523,-61.813777923584,0.061815619468689,false,true,true,true,false,false,false,false
18840,SAMPLE,TARGET_LOCKED,true,0,0,0,148.34033203125,148.34033203125,-61.06209564209,0.061096549034119,false,true,true,true,false,false,false,false
18845,SAMPLE,TARGET_LOCKED,true,0,0,0,148.2532043457,148.2532043457,-61.517051696777,0.061527967453003,false,true,true,true,false,false,false,false
18850,SAMPLE,TARGET_LOCKED,true,0,0,0,148.15573120117,148.15573120117,-62.02685546875,0.062055230140686,false,true,true,true,false,false,false,false
18855,SAMPLE,TARGET_LOCKED,true,0,0,0,148.37428283691,148.37428283691,-60.887329101563,0.060904741287231,false,true,true,true,false,false,false,false
18860,SAMPLE,TARGET_LOCKED,true,0,0,0,148.36512756348,148.36512756348,-60.934005737305,0.06095278263092,false,true,true,true,false,false,false,false
18865,SAMPLE,TARGET_LOCKED,true,0,0,0,148.45414733887,148.45414733887,-60.468811035156,0.060473322868347,false,true,true,true,false,false,false,false
18870,SAMPLE,TARGET_LOCKED,true,0,0,0,148.36790466309,148.36790466309,-60.91780090332,0.060904741287231,false,true,true,true,false,false,false,false
18875,SAMPLE,TARGET_LOCKED,true,0,0,0,148.21766662598,148.21766662598,-61.700534820557,0.06171977519989,false,true,true,true,false,false,false,false
18880,SAMPLE,TARGET_LOCKED,true,0,0,0,148.19635009766,148.19635009766,-61.805374145508,0.061815619468689,false,true,true,true,false,false,false,false
18885,SAMPLE,TARGET_LOCKED,true,0,0,0,148.22410583496,148.22410583496,-61.658149719238,0.061671733856201,false,true,true,true,false,false,false,false
18890,SAMPLE,TARGET_LOCKED,true,0,0,0,147.82206726074,147.82206726074,-63.761302947998,0.063781023025513,false,true,true,true,false,false,false,false
18895,SAMPLE,TARGET_LOCKED,true,0,0,0,146.74533081055,146.74533081055,-69.387405395508,0.069437623023987,false,true,true,true,false,false,false,false
18900,SAMPLE,TARGET_LOCKED,true,0,0,0,145.89057922363,145.89057922363,-73.849586486816,0.073847889900208,false,true,true,true,false,false,false,false
18905,SAMPLE,TARGET_LOCKED,true,0,0,0,145.70658874512,145.70658874512,-74.810249328613,0.074854612350464,false,true,true,true,false,false,false,false
18910,SAMPLE,TARGET_LOCKED,true,0,0,0,145.87728881836,145.87728881836,-73.922142028809,0.073943734169006,false,true,true,true,false,false,false,false
18915,SAMPLE,TARGET_LOCKED,true,0,0,0,146.14088439941,146.14088439941,-72.549606323242,0.073272585868835,false,true,true,true,false,false,false,false
18920,SAMPLE,TARGET_LOCKED,true,0,0,0,146.1876373291,146.1876373291,-72.30598449707,0.072361826896667,false,true,true,true,false,false,false,false
18925,SAMPLE,TARGET_LOCKED,true,0,0,0,146.26705932617,146.26705932617,-71.89200592041,0.071930408477783,false,true,true,true,false,false,false,false
18930,SAMPLE,TARGET_LOCKED,true,0,0,0,146.39752197266,146.39752197266,-71.212272644043,0.071259260177612,false,true,true,true,false,false,false,false
18935,SAMPLE,TARGET_LOCKED,true,0,0,0,146.44314575195,146.44314575195,-70.975044250488,0.070971608161926,false,true,true,true,false,false,false,false
18940,SAMPLE,TARGET_LOCKED,true,0,0,0,146.24674987793,146.24674987793,-71.99821472168,0.072026252746582,false,true,true,true,false,false,false,false
18945,SAMPLE,TARGET_LOCKED,true,0,0,0,145.56349182129,145.56349182129,-75.554405212402,0.075573682785034,false,true,true,true,false,false,false,false
18950,SAMPLE,TARGET_LOCKED,true,0,0,0,144.23663330078,144.23663330078,-82.449775695801,0.082524657249451,false,true,true,true,false,false,false,false
18955,SAMPLE,TARGET_LOCKED,true,0,0,0,142.45356750488,142.45356750488,-91.693756103516,0.091776609420776,false,true,true,true,false,false,false,false
18960,SAMPLE,TARGET_LOCKED,true,0,0,0,141.43908691406,141.43908691406,-96.938484191895,0.097097635269165,false,true,true,true,false,false,false,false
18965,SAMPLE,TARGET_LOCKED,true,0,0,0,140.36138916016,140.36138916016,-102.49894714355,0.10265839099884,false,true,true,true,false,false,false,false
18970,SAMPLE,TARGET_LOCKED,true,0,0,0,139.72361755371,139.72361755371,-105.78497314453,0.10601413249969,false,true,true,true,false,false,false,false
18975,SAMPLE,TARGET_LOCKED,true,0,0,0,139.25025939941,139.25025939941,-108.22174072266,0.1084588766098,false,true,true,true,false,false,false,false
18980,SAMPLE,TARGET_LOCKED,true,0,0,0,138.97744750977,138.97744750977,-109.62517547607,0.10984909534454,false,true,true,true,false,false,false,false
18985,SAMPLE,TARGET_LOCKED,true,0,0,0,138.76345825195,138.76345825195,-110.72531890869,0.1109516620636,false,true,true,true,false,false,false,false
18990,SAMPLE,TARGET_LOCKED,true,0,0,0,138.47257995605,138.47257995605,-112.22214508057,0.11248564720154,false,true,true,true,false,false,false,false
18995,SAMPLE,TARGET_LOCKED,true,0,0,0,138.16488647461,138.16488647461,-113.80290222168,0.11406767368317,false,true,true,true,false,false,false,false
19000,SAMPLE,TARGET_LOCKED,true,0,0,0,138.14508056641,138.14508056641,-113.901222229,0.11421144008636,false,true,true,true,false,false,false,false
19005,SAMPLE,TARGET_LOCKED,true,0,0,0,138.49014282227,138.49014282227,-112.12660217285,0.11238968372345,false,true,true,true,false,false,false,false
19010,SAMPLE,TARGET_LOCKED,true,0,0,0,138.66757202148,138.66757202148,-111.21337127686,0.11147892475128,false,true,true,true,false,false,false,false
19015,SAMPLE,TARGET_LOCKED,true,0,0,0,138.60845947266,138.60845947266,-111.51776885986,0.11176657676697,false,true,true,true,false,false,false,false
19020,SAMPLE,TARGET_LOCKED,true,0,0,0,138.43606567383,138.43606567383,-112.40882873535,0.11267733573914,false,true,true,true,false,false,false,false
19025,SAMPLE,TARGET_LOCKED,true,0,0,0,138.50543212891,138.50543212891,-112.05445098877,0.11234176158905,false,true,true,true,false,false,false,false
19030,SAMPLE,TARGET_LOCKED,true,0,0,0,138.63739013672,138.63739013672,-111.37468719482,0.11162269115448,false,true,true,true,false,false,false,false
19035,SAMPLE,TARGET_LOCKED,true,0,0,0,138.70593261719,138.70593261719,-111.01956176758,0.11128723621368,false,true,true,true,false,false,false,false
19040,SAMPLE,TARGET_LOCKED,true,0,0,0,138.83122253418,138.83122253418,-110.37321472168,0.11061608791351,false,true,true,true,false,false,false,false
19045,SAMPLE,TARGET_LOCKED,true,0,0,0,138.88616943359,138.88616943359,-110.08911132813,0.11037635803223,false,true,true,true,false,false,false,false
19050,SAMPLE,TARGET_LOCKED,true,0,0,0,138.92176818848,138.92176818848,-109.90504455566,0.11018466949463,false,true,true,true,false,false,false,false
19055,SAMPLE,TARGET_LOCKED,true,0,0,0,139.08821105957,139.08821105957,-109.04705810547,0.10927379131317,false,true,true,true,false,false,false,false
19060,SAMPLE,TARGET_LOCKED,true,0,0,0,139.23445129395,139.23445129395,-108.29273223877,0.10855484008789,false,true,true,true,false,false,false,false
19065,SAMPLE,TARGET_LOCKED,true,0,0,0,139.36441040039,139.36441040039,-107.62148284912,0.10788369178772,false,true,true,true,false,false,false,false
19070,SAMPLE,TARGET_LOCKED,true,0,0,0,139.4875793457,139.4875793457,-106.98665618896,0.10721254348755,false,true,true,true,false,false,false,false
19075,SAMPLE,TARGET_LOCKED,true,0,0,0,139.6716003418,139.6716003418,-106.03779602051,0.10625386238098,false,true,true,true,false,false,false,false
19080,SAMPLE,TARGET_LOCKED,true,0,0,0,139.8533782959,139.8533782959,-105.09852600098,0.10529494285583,false,true,true,true,false,false,false,false
19085,SAMPLE,TARGET_LOCKED,true,0,0,0,139.39347839355,139.39347839355,-107.48873901367,0.10769188404083,false,true,true,true,false,false,false,false
19090,SAMPLE,TARGET_LOCKED,true,0,0,0,138.93710327148,138.93710327148,-109.86211395264,0.11008882522583,false,true,true,true,false,false,false,false
19095,SAMPLE,TARGET_LOCKED,true,0,0,0,138.62701416016,138.62701416016,-111.47649383545,0.11167073249817,false,true,true,true,false,false,false,false
19100,SAMPLE,TARGET_LOCKED,true,0,0,0,138.32830810547,138.32830810547,-113.01789093018,0.11325263977051,false,true,true,true,false,false,false,false
19105,SAMPLE,TARGET_LOCKED,true,0,0,0,137.83343505859,137.83343505859,-115.56060028076,0.1157933473587,false,true,true,true,false,false,false,false
19110,SAMPLE,TARGET_LOCKED,true,0,0,0,137.02685546875,137.02685546875,-119.70420074463,0.11996388435364,false,true,true,true,false,false,false,false
19115,SAMPLE,TARGET_LOCKED,true,0,0,0,136.53227233887,136.53227233887,-122.24423217773,0.12250471115112,false,true,true,true,false,false,false,false
19120,SAMPLE,TARGET_LOCKED,true,0,0,0,136.27786254883,136.27786254883,-123.55113983154,0.12384688854218,false,true,true,true,false,false,false,false
19125,SAMPLE,TARGET_LOCKED,true,0,0,0,136.16845703125,136.16845703125,-124.11304473877,0.12437415122986,false,true,true,true,false,false,false,false
19130,SAMPLE,TARGET_LOCKED,true,0,0,0,135.69429016113,135.69429016113,-126.54405212402,0.12686693668365,false,true,true,true,false,false,false,false
19135,SAMPLE,TARGET_LOCKED,true,0,0,0,135.17520141602,135.17520141602,-129.20286560059,0.12955152988434,false,true,true,true,false,false,false,false
19140,SAMPLE,TARGET_LOCKED,true,0,0,0,134.79637145996,134.79637145996,-131.1414642334,0.13151693344116,false,true,true,true,false,false,false,false
19145,SAMPLE,TARGET_LOCKED,true,0,0,0,134.12574768066,134.12574768066,-134.56874084473,0.13496840000153,false,true,true,true,false,false,false,false
19150,SAMPLE,TARGET_LOCKED,true,0,0,0,133.0316619873,133.0316619873,-140.14878845215,0.1405770778656,false,true,true,true,false,false,false,false
19155,SAMPLE,TARGET_LOCKED,true,0,0,0,131.42735290527,131.42735290527,-148.3065032959,0.14882242679596,false,true,true,true,false,false,false,false
19160,SAMPLE,TARGET_LOCKED,true,0,0,0,130.15969848633,130.15969848633,-154.73348999023,0.1552939414978,false,true,true,true,false,false,false,false
19165,SAMPLE,TARGET_LOCKED,true,0,0,0,129.07969665527,129.07969665527,-160.19357299805,0.16085481643677,false,true,true,true,false,false,false,false
19170,SAMPLE,TARGET_LOCKED,true,0,0,0,128.15068054199,128.15068054199,-164.87715148926,0.16560053825378,false,true,true,true,false,false,false,false
19175,SAMPLE,TARGET_LOCKED,true,0,0,0,127.31565856934,127.31565856934,-169.07562255859,0.16986703872681,false,true,true,true,false,false,false,false
19180,SAMPLE,TARGET_LOCKED,true,0,0,0,126.31700134277,126.31700134277,-174.07981872559,0.17394173145294,false,true,true,true,false,false,false,false
19185,SAMPLE,TARGET_LOCKED,true,0,0,0,126.22953033447,126.22953033447,-174.51403808594,0.17537975311279,false,true,true,true,false,false,false,false
19190,SAMPLE,TARGET_LOCKED,true,0,0,0,125.95602416992,125.95602416992,-175.88090515137,0.17677009105682,false,true,true,true,false,false,false,false
19195,SAMPLE,TARGET_LOCKED,true,0,0,0,125.0258026123,125.0258026123,-180.52737426758,0.18151581287384,false,true,true,true,false,false,false,false
19200,SAMPLE,TARGET_LOCKED,true,0,0,0,123.63914489746,123.63914489746,-187.44247436523,0.18851470947266,false,true,true,true,false,false,false,false
19205,SAMPLE,TARGET_LOCKED,true,0,0,0,122.29914093018,122.29914093018,-194.08866882324,0.19532191753387,false,true,true,true,false,false,false,false
19210,SAMPLE,TARGET_LOCKED,true,0,0,0,121.34272766113,121.34272766113,-198.80569458008,0.20011568069458,false,true,true,true,false,false,false,false
19215,SAMPLE,TARGET_LOCKED,true,0,0,0,120.24111938477,120.24111938477,-204.20834350586,0.20567643642426,false,true,true,true,false,false,false,false
19220,SAMPLE,TARGET_LOCKED,true,0,0,0,119.47523498535,119.47523498535,-207.94442749023,0.20955944061279,false,true,true,true,false,false,false,false
19225,SAMPLE,TARGET_LOCKED,true,0,0,0,118.84494018555,118.84494018555,-211.0018157959,0.21267533302307,false,true,true,true,false,false,false,false
19230,SAMPLE,TARGET_LOCKED,true,0,0,0,118.41027832031,118.41027832031,-213.1036529541,0.21488034725189,false,true,true,true,false,false,false,false
19235,SAMPLE,TARGET_LOCKED,true,0,0,0,118.00880432129,118.00880432129,-215.03979492188,0.21689391136169,false,true,true,true,false,false,false,false
19240,SAMPLE,TARGET_LOCKED,true,0,0,0,117.83215332031,117.83215332031,-215.87640380859,0.21770882606506,false,true,true,true,false,false,false,false
19245,SAMPLE,TARGET_LOCKED,true,0,0,0,117.81661987305,117.81661987305,-215.93647766113,0.21785259246826,false,true,true,true,false,false,false,false
19250,SAMPLE,TARGET_LOCKED,true,0,0,0,117.78079986572,117.78079986572,-216.10234069824,0.21799635887146,false,true,true,true,false,false,false,false
19255,SAMPLE,TARGET_LOCKED,true,0,0,0,117.90393066406,117.90393066406,-215.49826049805,0.21742117404938,false,true,true,true,false,false,false,false
19260,SAMPLE,TARGET_LOCKED,true,0,0,0,117.96563720703,117.96563720703,-215.19400024414,0.21708559989929,false,true,true,true,false,false,false,false
19265,SAMPLE,TARGET_LOCKED,true,0,0,0,118.02380371094,118.02380371094,-214.91854858398,0.21684587001801,false,true,true,true,false,false,false,false
19270,SAMPLE,TARGET_LOCKED,true,0,0,0,117.63238525391,117.63238525391,-216.91137695313,0.21876335144043,false,true,true,true,false,false,false,false
19275,SAMPLE,TARGET_LOCKED,true,0,0,0,116.42022705078,116.42022705078,-222.91679382324,0.22485148906708,false,true,true,true,false,false,false,false
19280,SAMPLE,TARGET_LOCKED,true,0,0,0,115.47618865967,115.47618865967,-227.5440826416,0.22954928874969,false,true,true,true,false,false,false,false
19285,SAMPLE,TARGET_LOCKED,true,0,0,0,115.17248535156,115.17248535156,-229.02886962891,0.23103547096252,false,true,true,true,false,false,false,false
19290,SAMPLE,TARGET_LOCKED,true,0,0,0,114.96519470215,114.96519470215,-230.03193664551,0.23209011554718,false,true,true,true,false,false,false,false
19295,SAMPLE,TARGET_LOCKED,true,0,0,0,114.82754516602,114.82754516602,-230.69639587402,0.23276126384735,false,true,true,true,false,false,false,false
19300,SAMPLE,TARGET_LOCKED,true,0,0,0,114.90706634521,114.90706634521,-230.31167602539,0.23237776756287,false,true,true,true,false,false,false,false
19305,SAMPLE,TARGET_LOCKED,true,0,0,0,115.04509735107,115.04509735107,-229.64407348633,0.2316586971283,false,true,true,true,false,false,false,false
19310,SAMPLE,TARGET_LOCKED,true,0,0,0,114.73516845703,114.73516845703,-231.14305114746,0.23319268226624,false,true,true,true,false,false,false,false
19315,SAMPLE,TARGET_LOCKED,true,0,0,0,114.39981079102,114.39981079102,-232.7632598877,0.23491835594177,false,true,true,true,false,false,false,false
19320,SAMPLE,TARGET_LOCKED,true,0,0,0,114.02857971191,114.02857971191,-234.55500793457,0.2367399930954,false,true,true,true,false,false,false,false
19325,SAMPLE,TARGET_LOCKED,true,0,0,0,113.69467926025,113.69467926025,-236.1636505127,0.23765075206757,false,true,true,true,false,false,false,false
19330,SAMPLE,TARGET_LOCKED,true,0,0,0,113.16605377197,113.16605377197,-238.70500183105,0.24100649356842,false,true,true,true,false,false,false,false
19335,SAMPLE,TARGET_LOCKED,true,0,0,0,111.83164215088,111.83164215088,-245.10127258301,0.24762189388275,false,true,true,true,false,false,false,false
19340,SAMPLE,TARGET_LOCKED,true,0,0,0,140.51266479492,140.51266479492,-101.75075531006,0.10189139842987,false,true,true,true,false,false,false,false
19345,SAMPLE,TARGET_LOCKED,true,0,0,0,149.34027099609,149.34027099609,-55.861637115479,0.055871248245239,false,true,true,true,false,false,false,false
19350,SAMPLE,TARGET_LOCKED,true,0,0,0,154.16903686523,154.16903686523,-30.590280532837,0.03051233291626,false,true,true,true,false,false,false,false
19355,SAMPLE,TARGET_LOCKED,true,0,0,0,157.25695800781,157.25695800781,-14.395742416382,0.014309406280518,true,false,false,false,false,false,false,false
19360,SAMPLE,TARGET_LOCKED,true,0,0,0,158.49952697754,158.49952697754,-7.8751964569092,0.0078377723693848,true,false,false,false,true,false,false,false
19365,SAMPLE,TARGET_LOCKED,true,0,0,0,176.76345825195,176.76345825195,87.64673614502,-0.087701797485352,false,true,true,true,false,false,false,false
19370,SAMPLE,TARGET_LOCKED,true,0,0,0,166.78193664551,166.78193664551,35.573402404785,-0.035545825958252,false,true,true,true,false,false,false,false
19375,SAMPLE,TARGET_LOCKED,true,0,0,0,163.19041442871,163.19041442871,16.74298286438,-0.016658306121826,false,false,false,false,false,false,false,false
19380,SAMPLE,TARGET_LOCKED,true,0,0,0,161.74517822266,161.74517822266,9.1594247817993,-0.009131908416748,true,false,false,false,true,false,false,false
19385,SAMPLE,TARGET_LOCKED,true,0,0,0,160.95462036133,160.95462036133,5.0103945732117,-0.0049614906311035,true,false,false,false,true,false,false,false
19390,SAMPLE,TARGET_LOCKED,true,0,0,0,160.4490814209,160.4490814209,2.3570594787598,-0.0023250579833984,true,false,false,false,true,false,false,false
19395,SAMPLE,TARGET_LOCKED,true,0,0,5,160.15625,160.15625,0.82009941339493,-0.00074291229248047,true,false,false,false,true,true,true,true
19400,SAMPLE,TARGET_LOCKED,true,0,0,10,160.07350158691,160.07350158691,0.38578322529793,-0.00031137466430664,true,false,false,false,true,true,true,true
19405,SAMPLE,TARGET_LOCKED,true,0,0,15,160.04020690918,160.04020690918,0.21103152632713,-0.00011968612670898,true,false,false,false,true,true,true,true
19410,SAMPLE,TARGET_LOCKED,true,0,0,20,160.01892089844,160.01892089844,0.099308952689171,-2.3841857910156e-05,true,false,false,false,true,true,true,true
19415,SAMPLE,TARGET_LOCKED,true,0,0,25,160.01034545898,160.01034545898,0.05429957434535,2.3961067199707e-05,true,false,false,false,true,true,true,true
19420,SAMPLE,TARGET_LOCKED,true,0,0,30,160.00566101074,160.00566101074,0.029712596908212,-2.3841857910156e-05,true,false,false,false,true,true,true,true
19425,SAMPLE,TARGET_LOCKED,true,0,0,35,160.00228881836,160.00228881836,0.012013180181384,-2.3841857910156e-05,true,false,false,false,true,true,true,true
19430,SAMPLE,TARGET_LOCKED,true,0,0,40,160.00093078613,160.00093078613,0.0048853596672416,-2.3841857910156e-05,true,false,false,false,true,true,true,true
19435,SAMPLE,TARGET_LOCKED,true,0,0,45,160.00038146973,160.00038146973,0.0020021966192871,-2.3841857910156e-05,true,false,false,false,true,true,true,true
19440,TARGET_LOST,TARGET_LOST,true,0,0,50,160.00015258789,160.00015258789,0.00080087862443179,-2.3841857910156e-05,true,false,false,false,true,true,true,true
19440,SAMPLE,TARGET_LOST,true,0,0,50,160.00015258789,160.00015258789,0.00080087862443179,-2.3841857910156e-05,true,false,false,false,true,true,true,true
19445,SAMPLE,IDLE,true,0,0,0,160.00009155273,160.00009155273,0.0004805272037629,-2.3841857910156e-05,true,false,false,false,true,true,true,true
19450,SAMPLE,IDLE,true,0,0,0,160.00004577637,160.00004577637,0.00024026360188145,-2.3841857910156e-05,true,false,false,false,true,true,true,true
19455,SAMPLE,IDLE,true,0,0,0,160.00001525879,160.00001525879,8.0087862443179e-05,-2.3841857910156e-05,true,false,false,false,true,true,true,true
19460,SAMPLE,IDLE,true,0,0,0,160.0,160.0,0.0,0.0,true,false,false,false,true,true,true,true
19465,SAMPLE,IDLE,true,0,0,0,160.0,160.0,0.0,0.0,true,false,false,false,true,true,true,true
19470,SAMPLE,IDLE,true,0,0,0,160.0,160.0,0.0,0.0,true,false,false,false,true,true,true,true
19475,SAMPLE,IDLE,true,0,0,0,160.0,160.0,0.0,0.0,true,false,false,false,true,true,true,true
19480,SAMPLE,IDLE,true,0,0,0,160.0,160.0,0.0,0.0,true,false,false,false,true,true,true,true
19485,SAMPLE,IDLE,true,0,0,0,160.0,160.0,0.0,0.0,true,false,false,false,true,true,true,true
19490,SAMPLE,IDLE,true,0,0,0,160.0,160.0,0.0,0.0,true,false,false,false,true,true,true,true
19495,SAMPLE,IDLE,true,0,0,0,160.0,160.0,0.0,0.0,true,false,false,false,true,true,true,true
19500,SAMPLE,IDLE,true,0,0,0,160.0,160.0,0.0,0.0,true,false,false,false,true,true,true,true
19505,SAMPLE,IDLE,true,0,0,0,160.0,160.0,0.0,0.0,true,false,false,false,true,true,true,true
19510,SAMPLE,IDLE,true,0,0,0,160.0,160.0,0.0,0.0,true,false,false,false,true,true,true,true
19514,ACQUIRED,TRACKING,true,45,0,0,147.50079345703,147.50079345703,-65.463096618652,0.0,false,true,false,true,false,false,true,false
19515,SAMPLE,TRACKING,true,45,0,0,147.50079345703,147.50079345703,-65.463096618652,0.06545877456665,false,true,true,true,false,false,false,false
19520,SAMPLE,TRACKING,true,45,0,0,131.41923522949,131.41923522949,-148.35021972656,0.14882242679596,false,true,true,true,false,false,false,false
19525,SAMPLE,TRACKING,true,45,0,0,132.61660766602,132.61660766602,-142.25688171387,0.14273428916931,false,true,true,true,false,false,false,false
19530,SAMPLE,TRACKING,true,45,0,0,151.9716796875,151.9716796875,-42.095962524414,0.042065262794495,false,true,true,true,false,false,false,false
19532,AUTO_SHOT,FIRED,true,43,2,0,157.98989868164,157.98989868164,-10.547991752625,0.010474324226379,true,false,false,false,false,false,false,false
19535,SAMPLE,TARGET_LOCKED,true,0,0,0,165.65687561035,165.65687561035,29.667533874512,-0.029601573944092,false,true,true,true,false,false,false,false
19540,SAMPLE,TARGET_LOCKED,true,0,0,0,171.09342956543,171.09342956543,58.081363677979,-0.058124542236328,false,true,true,true,false,false,false,false
19545,SAMPLE,TARGET_LOCKED,true,0,0,0,172.37167358398,172.37167358398,64.718605041504,-0.0647873878479,false,true,true,true,false,false,false,false
19550,SAMPLE,TARGET_LOCKED,true,0,0,0,172.66979980469,172.66979980469,66.197204589844,-0.066369533538818,false,true,true,true,false,false,false,false
19555,SAMPLE,TARGET_LOCKED,true,0,0,0,171.90397644043,171.90397644043,62.035820007324,-0.062343120574951,false,true,true,true,false,false,false,false
19560,SAMPLE,TARGET_LOCKED,true,0,0,0,170.91314697266,170.91314697266,56.613647460938,-0.057165622711182,false,true,true,true,false,false,false,false
19565,SAMPLE,TARGET_LOCKED,true,0,0,0,170.30325317383,170.30325317383,53.262428283691,-0.054001808166504,false,true,true,true,false,false,false,false
19570,SAMPLE,TARGET_LOCKED,true,0,0,0,169.39813232422,169.39813232422,48.338718414307,-0.049255847930908,false,true,true,true,false,false,false,false
19575,SAMPLE,TARGET_LOCKED,true,0,0,0,168.92886352539,168.92886352539,45.803340911865,-0.046811103820801,false,true,true,true,false,false,false,false
19580,SAMPLE,TARGET_LOCKED,true,0,0,0,168.99548339844,168.99548339844,46.110958099365,-0.047146797180176,false,true,true,true,false,false,false,false
19585,SAMPLE,TARGET_LOCKED,true,0,0,0,169.7791595459,169.7791595459,50.133129119873,-0.051269054412842,false,true,true,true,false,false,false,false
19590,SAMPLE,TARGET_LOCKED,true,0,0,0,170.83052062988,170.83052062988,55.556953430176,-0.056734085083008,false,true,true,true,false,false,false,false
19595,SAMPLE,TARGET_LOCKED,true,0,0,0,171.39851379395,171.39851379395,58.492763519287,-0.059706211090088,false,true,true,true,false,false,false,false
19600,SAMPLE,TARGET_LOCKED,true,0,0,0,171.64825439453,171.64825439453,59.785194396973,-0.061000823974609,false,true,true,true,false,false,false,false
19605,SAMPLE,TARGET_LOCKED,true,0,0,0,171.96989440918,171.96989440918,61.450244903564,-0.062678337097168,false,true,true,true,false,false,false,false
19610,SAMPLE,TARGET_LOCKED,true,0,0,0,172.30639648438,172.30639648438,63.186683654785,-0.064452171325684,false,true,true,true,false,false,false,false
19615,SAMPLE,TARGET_LOCKED,true,0,0,0,172.54699707031,172.54699707031,64.433052062988,-0.065362930297852,false,true,true,true,false,false,false,false
19620,SAMPLE,TARGET_LOCKED,true,0,0,0,172.75930786133,172.75930786133,65.529838562012,-0.066849231719971,false,true,true,true,false,false,false,false
19625,SAMPLE,TARGET_LOCKED,true,0,0,0,173.19325256348,173.19325256348,67.762756347656,-0.069101810455322,false,true,true,true,false,false,false,false
19630,SAMPLE,TARGET_LOCKED,true,0,0,0,173.46798706055,173.46798706055,69.172416687012,-0.070539951324463,false,true,true,true,false,false,false,false
19635,SAMPLE,TARGET_LOCKED,true,0,0,0,173.84541320801,173.84541320801,71.115417480469,-0.072505474090576,false,true,true,true,false,false,false,false
19640,SAMPLE,TARGET_LOCKED,true,0,0,0,174.27194213867,174.27194213867,73.307685852051,-0.074710845947266,false,true,true,true,false,false,false,false
19645,SAMPLE,TARGET_LOCKED,true,0,0,0,174.58253479004,174.58253479004,74.918067932129,-0.076340675354004,false,true,true,true,false,false,false,false
19650,SAMPLE,TARGET_LOCKED,true,0,0,0,174.85360717773,174.85360717773,76.41854095459,-0.077778816223145,false,true,true,true,false,false,false,false
19655,SAMPLE,TARGET_LOCKED,true,0,0,0,175.27716064453,175.27716064453,78.909240722656,-0.079984188079834,false,true,true,true,false,false,false,false
19660,SAMPLE,TARGET_LOCKED,true,0,0,0,175.83142089844,175.83142089844,81.956497192383,-0.082860469818115,false,true,true,true,false,false,false,false
19665,SAMPLE,TARGET_LOCKED,true,0,0,0,177.46855163574,177.46855163574,90.550415039063,-0.091392993927002,false,true,true,true,false,false,false,false
19670,SAMPLE,TARGET_LOCKED,true,0,0,0,177.79457092285,177.79457092285,92.462905883789,-0.093119144439697,false,true,true,true,false,false,false,false
19675,SAMPLE,TARGET_LOCKED,true,0,0,0,177.78559875488,177.78559875488,92.508285522461,-0.09302282333374,false,true,true,true,false,false,false,false
19680,SAMPLE,TARGET_LOCKED,true,0,0,0,177.91993713379,177.91993713379,93.262733459473,-0.093741893768311,false,true,true,true,false,false,false,false
19685,SAMPLE,TARGET_LOCKED,true,0,0,0,177.99935913086,177.99935913086,93.689353942871,-0.094125270843506,false,true,true,true,false,false,false,false
19690,SAMPLE,TARGET_LOCKED,true,0,0,0,178.10202026367,178.10202026367,94.230895996094,-0.094700813293457,false,true,true,true,false,false,false,false
19695,SAMPLE,TARGET_LOCKED,true,0,0,0,178.2041015625,178.2041015625,94.762512207031,-0.09522819519043,false,true,true,true,false,false,false,false
19700,SAMPLE,TARGET_LOCKED,true,0,0,0,178.27290344238,178.27290344238,95.118385314941,-0.095563411712646,false,true,true,true,false,false,false,false
19705,SAMPLE,TARGET_LOCKED,true,0,0,0,178.33515930176,178.33515930176,95.438888549805,-0.095899105072021,false,true,true,true,false,false,false,false
19710,SAMPLE,TARGET_LOCKED,true,0,0,0,178.29150390625,178.29150390625,95.211723327637,-0.095659732818604,false,true,true,true,false,false,false,false
19715,SAMPLE,TARGET_LOCKED,true,0,0,0,178.1611328125,178.1611328125,94.536231994629,-0.094988346099854,false,true,true,true,false,false,false,false
19720,SAMPLE,TARGET_LOCKED,true,0,0,0,177.87232971191,177.87232971191,93.036651611328,-0.093502521514893,false,true,true,true,false,false,false,false
19725,SAMPLE,TARGET_LOCKED,true,0,0,0,177.64205932617,177.64205932617,91.807144165039,-0.09230375289917,false,true,true,true,false,false,false,false
19730,SAMPLE,TARGET_LOCKED,true,0,0,0,177.91416931152,177.91416931152,93.172378540039,-0.09369421005249,false,true,true,true,false,false,false,false
19735,SAMPLE,TARGET_LOCKED,true,0,0,0,178.75798034668,178.75798034668,97.451316833496,-0.098104476928711,false,true,true,true,false,false,false,false
19740,SAMPLE,TARGET_LOCKED,true,0,0,0,179.6555480957,179.6555480957,101.98115539551,-0.10275411605835,false,true,true,true,false,false,false,false
19745,SAMPLE,TARGET_LOCKED,true,0,0,0,180.55946350098,180.55946350098,106.55795288086,-0.10567855834961,false,true,true,true,false,false,false,false
19750,SAMPLE,TARGET_LOCKED,true,0,0,0,181.15591430664,181.15591430664,109.63798522949,-0.11056804656982,false,true,true,true,false,false,false,false
19755,SAMPLE,TARGET_LOCKED,true,0,0,0,182.04739379883,182.04739379883,114.30741119385,-0.11517000198364,false,true,true,true,false,false,false,false
19760,SAMPLE,TARGET_LOCKED,true,0,0,0,182.99377441406,182.99377441406,119.26425170898,-0.12010765075684,false,true,true,true,false,false,false,false
19765,SAMPLE,TARGET_LOCKED,true,0,0,0,184.23751831055,184.23751831055,125.68824768066,-0.12413454055786,false,true,true,true,false,false,false,false
19770,SAMPLE,TARGET_LOCKED,true,0,0,0,185.27577209473,185.27577209473,131.00086975098,-0.13185262680054,false,true,true,true,false,false,false,false
19775,SAMPLE,TARGET_LOCKED,true,0,0,0,186.25567626953,186.25567626953,136.03601074219,-0.13693380355835,false,true,true,true,false,false,false,false
19780,SAMPLE,TARGET_LOCKED,true,0,0,0,188.1580657959,188.1580657959,145.75849914551,-0.14666509628296,false,true,true,true,false,false,false,false
19785,SAMPLE,TARGET_LOCKED,true,0,0,0,189.87660217285,189.87660217285,154.57034301758,-0.1554856300354,false,true,true,true,false,false,false,false
19790,SAMPLE,TARGET_LOCKED,true,0,0,0,191.04602050781,191.04602050781,160.5481262207,-0.16147804260254,false,true,true,true,false,false,false,false
19795,SAMPLE,TARGET_LOCKED,true,0,0,0,191.94477844238,191.94477844238,165.10412597656,-0.16607999801636,false,true,true,true,false,false,false,false
19800,SAMPLE,TARGET_LOCKED,true,0,0,0,192.3542175293,192.3542175293,167.20376586914,-0.16814136505127,false,true,true,true,false,false,false,false
19805,SAMPLE,TARGET_LOCKED,true,0,0,0,191.96942138672,191.96942138672,165.29373168945,-0.16622352600098,false,true,true,true,false,false,false,false
19810,SAMPLE,TARGET_LOCKED,true,0,0,0,191.3929901123,191.3929901123,162.39854431152,-0.1632513999939,false,true,true,true,false,false,false,false
19815,SAMPLE,TARGET_LOCKED,true,0,0,0,191.06916809082,191.06916809082,160.76623535156,-0.16157388687134,false,true,true,true,false,false,false,false
19820,SAMPLE,TARGET_LOCKED,true,0,0,0,190.74499511719,190.74499511719,159.12651062012,-0.1599440574646,false,true,true,true,false,false,false,false
19825,SAMPLE,TARGET_LOCKED,true,0,0,0,190.54817199707,190.54817199707,158.12902832031,-0.15893697738647,false,true,true,true,false,false,false,false
19830,SAMPLE,TARGET_LOCKED,true,0,0,0,190.27592468262,190.27592468262,156.74922180176,-0.15754699707031,false,true,true,true,false,false,false,false
19835,SAMPLE,TARGET_LOCKED,true,0,0,0,190.06230163574,190.06230163574,155.66865539551,-0.15644454956055,false,true,true,true,false,false,false,false
19840,SAMPLE,TARGET_LOCKED,true,0,0,0,189.80755615234,189.80755615234,154.37106323242,-0.15514993667603,false,true,true,true,false,false,false,false
19845,SAMPLE,TARGET_LOCKED,true,0,0,0,190.30772399902,190.30772399902,156.89562988281,-0.15687608718872,false,true,true,true,false,false,false,false
19850,SAMPLE,TARGET_LOCKED,true,0,0,0,190.55940246582,190.55940246582,158.16806030273,-0.15898513793945,false,true,true,true,false,false,false,false
19855,SAMPLE,TARGET_LOCKED,true,0,0,0,190.70910644531,190.70910644531,158.92260742188,-0.159752368927,false,true,true,true,false,false,false,false
19860,SAMPLE,TARGET_LOCKED,true,0,0,0,190.51416015625,190.51416015625,157.94912719727,-0.15874528884888,false,true,true,true,false,false,false,false
19865,SAMPLE,TARGET_LOCKED,true,0,0,0,190.50492858887,190.50492858887,157.91091918945,-0.15869760513306,false,true,true,true,false,false,false,false
19870,SAMPLE,TARGET_LOCKED,true,0,0,0,190.74761962891,190.74761962891,159.13586425781,-0.1599440574646,false,true,true,true,false,false,false,false
19875,SAMPLE,TARGET_LOCKED,true,0,0,0,190.82809448242,190.82809448242,159.53782653809,-0.15999174118042,false,true,true,true,false,false,false,false
19880,SAMPLE,TARGET_LOCKED,true,0,0,0,190.94952392578,190.94952392578,160.14909362793,-0.16095066070557,false,true,true,true,false,false,false,false
19885,SAMPLE,TARGET_LOCKED,true,0,0,0,191.03497314453,191.03497314453,160.57804870605,-0.16142988204956,false,true,true,true,false,false,false,false
19890,SAMPLE,TARGET_LOCKED,true,0,0,0,191.04406738281,191.04406738281,160.62440490723,-0.16147804260254,false,true,true,true,false,false,false,false
19895,SAMPLE,TARGET_LOCKED,true,0,0,0,191.22627258301,191.22627258301,161.54820251465,-0.16238880157471,false,true,true,true,false,false,false,false
19900,SAMPLE,TARGET_LOCKED,true,0,0,0,190.83773803711,190.83773803711,159.62300109863,-0.16042327880859,false,true,true,true,false,false,false,false
19905,SAMPLE,TARGET_LOCKED,true,0,0,0,189.98780822754,189.98780822754,155.40380859375,-0.15606069564819,false,true,true,true,false,false,false,false
19910,SAMPLE,TARGET_LOCKED,true,0,0,0,189.82014465332,189.82014465332,154.59460449219,-0.155198097229,false,true,true,true,false,false,false,false
19915,SAMPLE,TARGET_LOCKED,true,0,0,0,189.90975952148,189.90975952148,155.08123779297,-0.15562963485718,false,true,true,true,false,false,false,false
19920,SAMPLE,TARGET_LOCKED,true,0,0,0,189.853515625,189.853515625,154.80145263672,-0.1553897857666,false,true,true,true,false,false,false,false
19925,SAMPLE,TARGET_LOCKED,true,0,0,0,189.59112548828,189.59112548828,153.47190856934,-0.15452718734741,false,true,true,true,false,false,false,false
19930,SAMPLE,TARGET_LOCKED,true,0,0,0,189.41220092773,189.41220092773,152.56544494629,-0.15313673019409,false,true,true,true,false,false,false,false
19935,SAMPLE,TARGET_LOCKED,true,0,0,0,189.15522766113,189.15522766113,151.26347351074,-0.15179443359375,false,true,true,true,false,false,false,false
19940,SAMPLE,TARGET_LOCKED,true,0,0,0,188.89828491211,188.89828491211,149.96095275879,-0.15045213699341,false,true,true,true,false,false,false,false
19945,SAMPLE,TARGET_LOCKED,true,0,0,0,188.78363037109,188.78363037109,149.37942504883,-0.14987707138062,false,true,true,true,false,false,false,false
19950,SAMPLE,TARGET_LOCKED,true,0,0,0,188.64810180664,188.64810180664,148.69175720215,-0.14920568466187,false,true,true,true,false,false,false,false
19955,SAMPLE,TARGET_LOCKED,true,0,0,0,188.62103271484,188.62103271484,148.55442810059,-0.14906215667725,false,true,true,true,false,false,false,false
19960,SAMPLE,TARGET_LOCKED,true,0,0,0,188.80726623535,188.80726623535,149.49952697754,-0.15002107620239,false,true,true,true,false,false,false,false
19965,SAMPLE,TARGET_LOCKED,true,0,0,0,189.02142333984,189.02142333984,150.5858001709,-0.15112352371216,false,true,true,true,false,false,false,false
19970,SAMPLE,TARGET_LOCKED,true,0,0,0,188.76580810547,188.76580810547,149.28909301758,-0.14978122711182,false,true,true,true,false,false,false,false
19975,SAMPLE,TARGET_LOCKED,true,0,0,0,188.30152893066,188.30152893066,146.93211364746,-0.14743232727051,false,true,true,true,false,false,false,false
19980,SAMPLE,TARGET_LOCKED,true,0,0,0,188.08866882324,188.08866882324,145.85067749023,-0.14632940292358,false,true,true,true,false,false,false,false
19985,SAMPLE,TARGET_LOCKED,true,0,0,0,187.95492553711,187.95492553711,145.17086791992,-0.14580249786377,false,true,true,true,false,false,false,false
19990,SAMPLE,TARGET_LOCKED,true,0,0,0,187.91925048828,187.91925048828,144.98945617676,-0.14546680450439,false,true,true,true,false,false,false,false
19995,SAMPLE,TARGET_LOCKED,true,0,0,0,187.92663574219,187.92663574219,145.02697753906,-0.14551496505737,false,true,true,true,false,false,false,false
20000,SAMPLE,TARGET_LOCKED,true,0,0,0,188.00489807129,188.00489807129,145.4248046875,-0.14575433731079,false,true,true,true,false,false,false,false
20005,SAMPLE,TARGET_LOCKED,true,0,0,0,188.03147888184,188.03147888184,145.5599822998,-0.14604187011719,false,true,true,true,false,false,false,false
20010,SAMPLE,TARGET_LOCKED,true,0,0,0,188.82023620605,188.82023620605,149.56552124023,-0.15006875991821,false,true,true,true,false,false,false,false
20015,SAMPLE,TARGET_LOCKED,true,0,0,0,193.16641235352,193.16641235352,171.48828125,-0.17231178283691,false,true,true,true,false,false,false,false
20020,SAMPLE,TARGET_LOCKED,true,0,0,0,198.55291748047,198.55291748047,198.30262756348,-0.19958829879761,false,true,true,true,false,false,false,false
20025,SAMPLE,TARGET_LOCKED,true,0,0,0,208.75546264648,208.75546264648,247.89070129395,-0.25049829483032,false,true,true,true,false,false,false,false
20030,SAMPLE,TARGET_LOCKED,true,0,0,0,220.32112121582,220.32112121582,301.82781982422,-0.30658483505249,false,true,true,true,false,false,false,false
20035,SAMPLE,TARGET_LOCKED,true,0,0,0,207.67828369141,207.67828369141,242.75646972656,-0.24517679214478,false,true,true,true,false,false,false,false
20040,SAMPLE,TARGET_LOCKED,true,0,0,0,179.28907775879,179.28907775879,100.72622680664,-0.10088491439819,false,true,true,true,false,false,false,false
20045,SAMPLE,TARGET_LOCKED,true,0,0,0,167.80372619629,167.80372619629,40.924602508545,-0.055295944213867,false,true,true,true,false,false,false,false
20050,SAMPLE,TARGET_LOCKED,true,0,0,0,164.26870727539,164.26870727539,22.399276733398,-0.02231502532959,false,true,true,true,false,false,false,false
20055,SAMPLE,TARGET_LOCKED,true,0,0,0,161.7269744873,161.7269744873,9.0638914108276,-0.0089883804321289,true,false,false,false,true,false,false,false
20060,SAMPLE,TARGET_LOCKED,true,0,0,0,160.94467163086,160.94467163086,4.9581789970398,-0.0049138069152832,true,false,false,false,true,false,false,false
20065,SAMPLE,TARGET_LOCKED,true,0,0,0,160.38218688965,160.38218688965,2.0059566497803,-0.0019412040710449,true,false,false,false,true,false,true,false
20070,SAMPLE,TARGET_LOCKED,true,0,0,5,160.15461730957,160.15461730957,0.81153005361557,-0.00074291229248047,true,false,false,false,true,true,true,true
20075,SAMPLE,TARGET_LOCKED,true,0,0,0,181.80616760254,181.80616760254,113.71035003662,-0.065890312194824,false,true,true,true,false,false,false,false
20080,SAMPLE,TARGET_LOCKED,true,0,0,0,197.54179382324,197.54179382324,193.20779418945,-0.19450712203979,false,true,true,true,false,false,false,false
20085,SAMPLE,TARGET_LOCKED,true,0,0,0,195.13285827637,195.13285827637,180.89059448242,-0.18233060836792,false,true,true,true,false,false,false,false
20090,SAMPLE,TARGET_LOCKED,true,0,0,0,190.87124633789,190.87124633789,158.70191955566,-0.16056728363037,false,true,true,true,false,false,false,false
20095,SAMPLE,TARGET_LOCKED,true,0,0,0,185.82797241211,185.82797241211,132.36967468262,-0.14316558837891,false,true,true,true,false,false,false,false
20100,SAMPLE,TARGET_LOCKED,true,0,0,0,181.55108642578,181.55108642578,110.13909912109,-0.11258172988892,false,true,true,true,false,false,false,false
20105,SAMPLE,TARGET_LOCKED,true,0,0,0,176.27844238281,176.27844238281,82.84204864502,-0.085209369659424,false,true,true,true,false,false,false,false
20110,SAMPLE,TARGET_LOCKED,true,0,0,0,170.17852783203,170.17852783203,51.502208709717,-0.053330898284912,false,true,true,true,false,false,false,false
20115,SAMPLE,TARGET_LOCKED,true,0,0,0,164.20520019531,164.20520019531,21.14376449585,-0.022027492523193,false,true,true,true,false,false,false,false
20120,SAMPLE,TARGET_LOCKED,true,0,0,0,158.76669311523,158.76669311523,-6.1571078300476,0.0063997507095337,true,false,false,false,true,false,false,false
20125,SAMPLE,TARGET_LOCKED,true,0,0,0,152.51766967773,152.51766967773,-36.9909324646,0.039188981056213,false,true,true,true,false,false,false,false
20130,SAMPLE,TARGET_LOCKED,true,0,0,0,149.64443969727,149.64443969727,-50.961387634277,0.0542893409729,false,true,true,true,false,false,false,false
20135,SAMPLE,TARGET_LOCKED,true,0,0,0,148.57052612305,148.57052612305,-56.160762786865,0.059898138046265,false,true,true,true,false,false,false,false
20140,SAMPLE,TARGET_LOCKED,true,0,0,0,147.44261169434,147.44261169434,-61.781150817871,0.065746426582336,false,true,true,true,false,false,false,false
20145,SAMPLE,TARGET_LOCKED,true,0,0,0,146.08166503906,146.08166503906,-68.818183898926,0.072889089584351,false,true,true,true,false,false,false,false
20150,SAMPLE,TARGET_LOCKED,true,0,0,0,143.84622192383,143.84622192383,-80.589149475098,0.084538102149963,false,true,true,true,false,false,false,false
20155,SAMPLE,TARGET_LOCKED,true,0,0,0,141.82815551758,141.82815551758,-91.233825683594,0.095036387443542,false,true,true,true,false,false,false,false
20160,SAMPLE,TARGET_LOCKED,true,0,0,0,140.16426086426,140.16426086426,-100.12939453125,0.1037130355835,false,true,true,true,false,false,false,false
20165,SAMPLE,TARGET_LOCKED,true,0,0,0,138.98809814453,138.98809814453,-106.43208312988,0.10980117321014,false,true,true,true,false,false,false,false
20170,SAMPLE,TARGET_LOCKED,true,0,0,0,138.1729888916,138.1729888916,-110.98338317871,0.11401975154877,false,true,true,true,false,false,false,false
20175,SAMPLE,TARGET_LOCKED,true,0,0,0,137.60816955566,137.60816955566,-114.35522460938,0.11617684364319,false,true,true,true,false,false,false,false
20180,SAMPLE,TARGET_LOCKED,true,0,0,0,137.42567443848,137.42567443848,-115.37136077881,0.11790263652802,false,true,true,true,false,false,false,false
20185,SAMPLE,TARGET_LOCKED,true,0,0,0,137.37118530273,137.37118530273,-115.64804077148,0.11819016933441,false,true,true,true,false,false,false,false
20190,SAMPLE,TARGET_LOCKED,true,0,0,0,137.50267028809,137.50267028809,-114.8240737915,0.11751914024353,false,true,true,true,false,false,false,false
20195,SAMPLE,TARGET_LOCKED,true,0,0,0,137.69303894043,137.69303894043,-113.66139984131,0.11651241779327,false,true,true,true,false,false,false,false
20200,SAMPLE,TARGET_LOCKED,true,0,0,0,137.78773498535,137.78773498535,-113.03365325928,0.11603307723999,false,true,true,true,false,false,false,false
20205,SAMPLE,TARGET_LOCKED,true,0,0,0,137.7366027832,137.7366027832,-113.2248916626,0.11632072925568,false,true,true,true,false,false,false,false
20210,SAMPLE,TARGET_LOCKED,true,0,0,0,137.64379882813,137.64379882813,-113.66563415527,0.11675214767456,false,true,true,true,false,false,false,false
20215,SAMPLE,TARGET_LOCKED,true,0,0,0,137.56521606445,137.56521606445,-114.06122589111,0.11718356609344,false,true,true,true,false,false,false,false
20220,SAMPLE,TARGET_LOCKED,true,0,0,0,137.32661437988,137.32661437988,-115.36374664307,0.1184298992157,false,true,true,true,false,false,false,false
20225,SAMPLE,TARGET_LOCKED,true,0,0,0,135.96617126465,135.96617126465,-122.71767425537,0.12542879581451,false,true,true,true,false,false,false,false
20230,SAMPLE,TARGET_LOCKED,true,0,0,0,135.06901550293,135.06901550293,-127.57312774658,0.13007879257202,false,true,true,true,false,false,false,false
20235,SAMPLE,TARGET_LOCKED,true,0,0,0,133.69270324707,133.69270324707,-135.1128692627,0.13717353343964,false,true,true,true,false,false,false,false
20240,SAMPLE,TARGET_LOCKED,true,0,0,0,132.91961669922,132.91961669922,-139.48542785645,0.14115238189697,false,true,true,true,false,false,false,false
20245,SAMPLE,TARGET_LOCKED,true,0,0,0,132.46676635742,132.46676635742,-142.08462524414,0.14350128173828,false,true,true,true,false,false,false,false
20250,SAMPLE,TARGET_LOCKED,true,0,0,0,132.20739746094,132.20739746094,-143.53294372559,0.14479553699493,false,true,true,true,false,false,false,false
20255,SAMPLE,TARGET_LOCKED,true,0,0,0,131.99896240234,131.99896240234,-144.63990783691,0.14589822292328,false,true,true,true,false,false,false,false
20260,SAMPLE,TARGET_LOCKED,true,0,0,0,131.91856384277,131.91856384277,-145.07487487793,0.14628171920776,false,true,true,true,false,false,false,false
20265,SAMPLE,TARGET_LOCKED,true,0,0,0,131.75155639648,131.75155639648,-145.96640014648,0.14714455604553,false,true,true,true,false,false,false,false
20270,SAMPLE,TARGET_LOCKED,true,0,0,0,131.53732299805,131.53732299805,-147.13104248047,0.14824712276459,false,true,true,true,false,false,false,false
20275,SAMPLE,TARGET_LOCKED,true,0,0,0,131.18035888672,131.18035888672,-149.08673095703,0.15006875991821,false,true,true,true,false,false,false,false
20280,SAMPLE,TARGET_LOCKED,true,0,0,0,131.01547241211,131.01547241211,-150.08807373047,0.15093159675598,false,true,true,true,false,false,false,false
20285,SAMPLE,TARGET_LOCKED,true,0,0,0,131.0927734375,131.0927734375,-149.84776306152,0.1505481004715,false,true,true,true,false,false,false,false
20290,SAMPLE,TARGET_LOCKED,true,0,0,0,130.99438476563,130.99438476563,-150.42465209961,0.15102744102478,false,true,true,true,false,false,false,false
20295,SAMPLE,TARGET_LOCKED,true,0,0,0,131.15893554688,131.15893554688,-149.6226348877,0.15021252632141,false,true,true,true,false,false,false,false
20300,SAMPLE,TARGET_LOCKED,true,0,0,0,131.43879699707,131.43879699707,-148.22676086426,0.14877438545227,false,true,true,true,false,false,false,false
20305,SAMPLE,TARGET_LOCKED,true,0,0,0,131.94744873047,131.94744873047,-145.65832519531,0.14618587493896,false,true,true,true,false,false,false,false
20310,SAMPLE,TARGET_LOCKED,true,0,0,0,131.94912719727,131.94912719727,-145.65715026855,0.14613795280457,false,true,true,true,false,false,false,false
20315,SAMPLE,TARGET_LOCKED,true,0,0,0,131.32258605957,131.32258605957,-148.84069824219,0.14934968948364,false,true,true,true,false,false,false,false
20320,SAMPLE,TARGET_LOCKED,true,0,0,0,129.33210754395,129.33210754395,-158.91816711426,0.15956032276154,false,true,true,true,false,false,false,false
20325,SAMPLE,TARGET_LOCKED,true,0,0,0,127.78353881836,127.78353881836,-166.7233581543,0.16747009754181,false,true,true,true,false,false,false,false
20330,SAMPLE,TARGET_LOCKED,true,0,0,0,126.2829284668,126.2829284668,-174.25914001465,0.1751401424408,false,true,true,true,false,false,false,false
20335,SAMPLE,TARGET_LOCKED,true,0,0,0,123.88290405273,123.88290405273,-186.24826049805,0.1872683763504,false,true,true,true,false,false,false,false
20340,SAMPLE,TARGET_LOCKED,true,0,0,0,121.77795410156,121.77795410156,-196.68096923828,0.19795846939087,false,true,true,true,false,false,false,false
20345,SAMPLE,TARGET_LOCKED,true,0,0,0,119.95816802979,119.95816802979,-205.62548828125,0.20711445808411,false,true,true,true,false,false,false,false
20350,SAMPLE,TARGET_LOCKED,true,0,0,0,118.23875427246,118.23875427246,-213.99584960938,0.21574342250824,false,true,true,true,false,false,false,false
20355,SAMPLE,TARGET_LOCKED,true,0,0,0,116.15021514893,116.15021514893,-224.05477905273,0.22619378566742,false,true,true,true,false,false,false,false
20360,SAMPLE,TARGET_LOCKED,true,0,0,0,114.4528427124,114.4528427124,-232.09623718262,0.23463070392609,false,true,true,true,false,false,false,false
20365,SAMPLE,TARGET_LOCKED,true,0,0,0,112.81071472168,112.81071472168,-239.64155578613,0.24278008937836,false,true,true,true,false,false,false,false
20370,SAMPLE,TARGET_LOCKED,true,0,0,0,111.0697479248,111.0697479248,-247.19296264648,0.2513610124588,false,true,true,true,false,false,false,false
20375,SAMPLE,TARGET_LOCKED,true,0,0,0,109.24460601807,109.24460601807,-254.43095397949,0.26032531261444,false,true,true,true,false,false,false,false
20380,SAMPLE,TARGET_LOCKED,true,0,0,0,108.2653503418,108.2653503418,-258.00891113281,0.26511907577515,false,true,true,true,false,false,false,false
20385,SAMPLE,TARGET_LOCKED,true,0,0,0,107.33915710449,107.33915710449,-261.36172485352,0.26962518692017,false,true,true,true,false,false,false,false
20390,SAMPLE,TARGET_LOCKED,true,0,0,0,106.68444824219,106.68444824219,-263.78875732422,0.27283704280853,false,true,true,true,false,false,false,false
20395,SAMPLE,TARGET_LOCKED,true,0,0,0,106.31246948242,106.31246948242,-265.1139831543,0.27465867996216,false,true,true,true,false,false,false,false
20400,SAMPLE,TARGET_LOCKED,true,0,0,0,106.53993225098,106.53993225098,-264.04296875,0.2735081911087,false,true,true,true,false,false,false,false
20405,SAMPLE,TARGET_LOCKED,true,0,0,0,107.08839416504,107.08839416504,-261.65512084961,0.27087163925171,false,true,true,true,false,false,false,false
20410,SAMPLE,TARGET_LOCKED,true,0,0,0,107.76382446289,107.76382446289,-258.70956420898,0.26756381988525,false,true,true,true,false,false,false,false
20415,SAMPLE,TARGET_LOCKED,true,0,0,0,108.0924987793,108.0924987793,-257.30337524414,0.26598191261292,false,true,true,true,false,false,false,false
20420,SAMPLE,TARGET_LOCKED,true,0,0,0,108.27161407471,108.27161407471,-256.53875732422,0.26507115364075,false,true,true,true,false,false,false,false
20425,SAMPLE,TARGET_LOCKED,true,0,0,0,108.48593139648,108.48593139648,-255.62435913086,0.26440000534058,false,true,true,true,false,false,false,false
20430,SAMPLE,TARGET_LOCKED,true,0,0,0,108.66801452637,108.66801452637,-254.82131958008,0.26358509063721,false,true,true,true,false,false,false,false
20435,SAMPLE,TARGET_LOCKED,true,0,0,0,108.79666137695,108.79666137695,-254.26405334473,0.26253044605255,false,true,true,true,false,false,false,false
20440,SAMPLE,TARGET_LOCKED,true,0,0,0,108.88872528076,108.88872528076,-253.8805847168,0.26209890842438,false,true,true,true,false,false,false,false
20445,SAMPLE,TARGET_LOCKED,true,0,0,0,109.12117767334,109.12117767334,-252.85726928711,0.26094841957092,false,true,true,true,false,false,false,false
20450,SAMPLE,TARGET_LOCKED,true,0,0,0,109.40612792969,109.40612792969,-251.55975341797,0.25951039791107,false,true,true,true,false,false,false,false
20455,SAMPLE,TARGET_LOCKED,true,0,0,0,109.67532348633,109.67532348633,-250.32711791992,0.25821602344513,false,true,true,true,false,false,false,false
20460,SAMPLE,TARGET_LOCKED,true,0,0,0,109.90787506104,109.90787506104,-249.28350830078,0.25706553459167,false,true,true,true,false,false,false,false
20465,SAMPLE,TARGET_LOCKED,true,0,0,0,110.27935791016,110.27935791016,-247.75148010254,0.25610685348511,false,true,true,true,false,false,false,false
20470,SAMPLE,TARGET_LOCKED,true,0,0,0,110.31739044189,110.31739044189,-248.00102233887,0.25510013103485,false,true,true,true,false,false,false,false
20475,SAMPLE,TARGET_LOCKED,true,0,0,0,109.38336181641,109.38336181641,-253.24644470215,0.25965416431427,false,true,true,true,false,false,false,false
20480,SAMPLE,TARGET_LOCKED,true,0,0,0,107.31549835205,107.31549835205,-263.89520263672,0.26976895332336,false,true,true,true,false,false,false,false
20485,SAMPLE,TARGET_LOCKED,true,0,0,0,105.19273376465,105.19273376465,-274.50527954102,0.28007566928864,false,true,true,true,false,false,false,false
20490,SAMPLE,TARGET_LOCKED,true,0,0,0,103.22525024414,103.22525024414,-284.16491699219,0.28956723213196,false,true,true,true,false,false,false,false
20495,SAMPLE,TARGET_LOCKED,true,0,0,0,102.08135986328,102.08135986328,-289.62017822266,0.29508018493652,false,true,true,true,false,false,false,false
20500,SAMPLE,TARGET_LOCKED,true,0,0,0,101.22058868408,101.22058868408,-293.65097045898,0.29920268058777,false,true,true,true,false,false,false,false
20505,SAMPLE,TARGET_LOCKED,true,0,0,0,100.62968444824,100.62968444824,-296.37185668945,0.30203115940094,false,true,true,true,false,false,false,false
20510,SAMPLE,TARGET_LOCKED,true,0,0,0,135.98071289063,135.98071289063,-124.9940032959,0.12538087368011,false,true,true,true,false,false,false,false
20515,SAMPLE,TARGET_LOCKED,true,0,0,0,150.28257751465,150.28257751465,-50.931312561035,0.050933718681335,false,true,true,true,false,false,false,false
20520,SAMPLE,TARGET_LOCKED,true,0,0,0,153.81918334961,153.81918334961,-32.422336578369,0.032381892204285,false,true,true,true,false,false,false,false
20525,SAMPLE,TARGET_LOCKED,true,0,0,0,157.4994354248,157.4994354248,-13.123331069946,0.013063073158264,true,false,false,false,false,false,false,false
20530,SAMPLE,TARGET_LOCKED,true,0,0,0,158.98835754395,158.98835754395,-5.3096642494202,0.0052492618560791,true,false,false,false,true,false,false,false
20535,SAMPLE,TARGET_LOCKED,true,0,0,0,159.59072875977,159.59072875977,-2.1481113433838,0.0020852088928223,true,false,false,false,true,false,false,false
20540,SAMPLE,TARGET_LOCKED,true,0,0,3,159.7396697998,159.7396697998,-1.3663777112961,0.0013182163238525,true,false,false,false,true,true,true,true
20545,SAMPLE,TARGET_LOCKED,true,0,0,8,159.89468383789,159.89468383789,-0.55276638269424,0.0005033016204834,true,false,false,false,true,true,true,true
20550,SAMPLE,TARGET_LOCKED,true,0,0,13,159.95739746094,159.95739746094,-0.2236053198576,0.00016772747039795,true,false,false,false,true,true,true,true
20555,SAMPLE,TARGET_LOCKED,true,0,0,18,159.98275756836,159.98275756836,-0.09049928188324,2.3961067199707e-05,true,false,false,false,true,true,true,true
20560,SAMPLE,TARGET_LOCKED,true,0,0,23,159.98902893066,159.98902893066,-0.057583175599575,-2.3841857910156e-05,true,false,false,false,true,true,true,true
20565,SAMPLE,TARGET_LOCKED,true,0,0,28,159.99555969238,159.99555969238,-0.02330556884408,-2.3841857910156e-05,true,false,false,false,true,true,true,true
20570,SAMPLE,TARGET_LOCKED,true,0,0,33,159.99819946289,159.99819946289,-0.0094503685832024,-2.3841857910156e-05,true,false,false,false,true,true,true,true
20575,SAMPLE,TARGET_LOCKED,true,0,0,38,159.99926757813,159.99926757813,-0.0038442176301032,-2.3841857910156e-05,true,false,false,false,true,true,true,true
20580,SAMPLE,TARGET_LOCKED,true,0,0,0,142.53039550781,142.53039550781,-91.308609008789,-2.3841857910156e-05,false,true,false,true,false,false,true,false
20585,SAMPLE,TARGET_LOCKED,true,0,0,0,133.40579223633,133.40579223633,-138.22204589844,0.13865959644318,false,true,true,true,false,false,false,false
20590,SAMPLE,TARGET_LOCKED,true,0,0,0,123.91050720215,123.91050720215,-185.99504089355,0.1871725320816,false,true,true,true,false,false,false,false
20595,SAMPLE,TARGET_LOCKED,true,0,0,0,120.06903076172,120.06903076172,-204.94161987305,0.20653927326202,false,true,true,true,false,false,false,false
20600,SAMPLE,TARGET_LOCKED,true,0,0,0,118.51489257813,118.51489257813,-212.53678894043,0.21435308456421,false,true,true,true,false,false,false,false
20605,SAMPLE,TARGET_LOCKED,true,0,0,0,117.88613891602,117.88613891602,-215.59762573242,0.21751701831818,false,true,true,true,false,false,false,false
20610,SAMPLE,TARGET_LOCKED,true,0,0,0,117.73066711426,117.73066711426,-216.35340881348,0.21828401088715,false,true,true,true,false,false,false,false
20615,SAMPLE,TARGET_LOCKED,true,0,0,0,133.05143737793,133.05143737793,-139.98498535156,0.1404812335968,false,true,true,true,false,false,false,false
20620,SAMPLE,TARGET_LOCKED,true,0,0,0,149.09748840332,149.09748840332,-57.125514984131,0.057117700576782,false,true,true,true,false,false,false,false
20625,SAMPLE,TARGET_LOCKED,true,0,0,0,155.58920288086,155.58920288086,-23.144187927246,0.02308201789856,false,true,true,true,false,false,false,false
20630,SAMPLE,TARGET_LOCKED,true,0,0,0,158.21553039551,158.21553039551,-9.3656053543091,0.0092759132385254,true,false,false,false,true,false,false,false
20635,SAMPLE,TARGET_LOCKED,true,0,0,0,159.27806091309,159.27806091309,-3.7891688346863,0.0037151575088501,true,false,false,false,true,false,false,false
20640,SAMPLE,TARGET_LOCKED,true,0,0,0,159.54080200195,159.54080200195,-2.4101569652557,0.0023249387741089,true,false,false,false,true,false,false,false
20645,SAMPLE,TARGET_LOCKED,true,0,0,5,159.81422424316,159.81422424316,-0.97506928443909,0.00088679790496826,true,false,false,false,true,true,true,true
20650,SAMPLE,TARGET_LOCKED,true,0,0,10,159.92483520508,159.92483520508,-0.39451280236244,0.00031161308288574,true,false,false,false,true,true,true,true
20655,SAMPLE,TARGET_LOCKED,true,0,0,15,159.9695892334,159.9695892334,-0.15961511433125,0.00011980533599854,true,false,false,false,true,true,true,true
20660,SAMPLE,TARGET_LOCKED,true,0,0,0,161.94995117188,161.94995117188,10.234016418457,-0.010186672210693,true,false,false,false,true,false,false,false
20665,SAMPLE,TARGET_LOCKED,true,0,0,0,163.94458007813,163.94458007813,20.699119567871,-0.020637035369873,false,true,true,true,false,false,false,false
20670,SAMPLE,TARGET_LOCKED,true,0,0,0,168.61767578125,168.61767578125,45.183704376221,-0.045181274414063,false,true,true,true,false,false,false,false
20675,SAMPLE,TARGET_LOCKED,true,0,0,0,170.26002502441,170.26002502441,53.76420211792,-0.053761959075928,false,true,true,true,false,false,false,false
20680,SAMPLE,TARGET_LOCKED,true,0,0,0,171.12098693848,171.12098693848,58.242038726807,-0.058268070220947,false,true,true,true,false,false,false,false
20685,SAMPLE,TARGET_LOCKED,true,0,0,0,171.79922485352,171.79922485352,61.679595947266,-0.061815738677979,false,true,true,true,false,false,false,false
20690,SAMPLE,TARGET_LOCKED,true,0,0,0,172.59167480469,172.59167480469,65.613670349121,-0.065938472747803,false,true,true,true,false,false,false,false
20695,SAMPLE,TARGET_LOCKED,true,0,0,0,173.33346557617,173.33346557617,68.952987670898,-0.069820880889893,false,true,true,true,false,false,false,false
20700,SAMPLE,TARGET_LOCKED,true,0,0,0,173.3571472168,173.3571472168,68.488639831543,-0.06996488571167,false,true,true,true,false,false,false,false
20705,SAMPLE,TARGET_LOCKED,true,0,0,0,173.2713470459,173.2713470459,67.227966308594,-0.069485664367676,false,true,true,true,false,false,false,false
20710,SAMPLE,TARGET_LOCKED,true,0,0,0,173.61003112793,173.61003112793,67.97386932373,-0.071259021759033,false,true,true,true,false,false,false,false
20715,SAMPLE,TARGET_LOCKED,true,0,0,0,174.22813415527,174.22813415527,70.583541870117,-0.074519157409668,false,true,true,true,false,false,false,false
20720,SAMPLE,TARGET_LOCKED,true,0,0,0,174.23596191406,174.23596191406,70.258262634277,-0.074519157409668,false,true,true,true,false,false,false,false
20725,SAMPLE,TARGET_LOCKED,true,0,0,0,173.65057373047,173.65057373047,67.19995880127,-0.071498870849609,false,true,true,true,false,false,false,false
20730,SAMPLE,TARGET_LOCKED,true,0,0,0,173.2552947998,173.2552947998,65.171920776367,-0.069437503814697,false,true,true,true,false,false,false,false
20735,SAMPLE,TARGET_LOCKED,true,0,0,0,172.70602416992,172.70602416992,62.395114898682,-0.066561222076416,false,true,true,true,false,false,false,false
20740,SAMPLE,TARGET_LOCKED,true,0,0,0,172.03820800781,172.03820800781,59.100761413574,-0.063062191009521,false,true,true,true,false,false,false,false
20745,SAMPLE,TARGET_LOCKED,true,0,0,0,159.57569885254,159.57569885254,-2.0905966758728,0.0021332502365112,true,false,false,false,true,false,false,false
20750,SAMPLE,TARGET_LOCKED,true,0,0,0,146.30645751953,146.30645751953,-70.364318847656,0.071690678596497,false,true,true,true,false,false,false,false
20755,SAMPLE,TARGET_LOCKED,true,0,0,0,151.29013061523,151.29013061523,-45.319496154785,0.045660614967346,false,true,true,true,false,false,false,false
20760,SAMPLE,TARGET_LOCKED,true,0,0,0,156.47627258301,156.47627258301,-18.468297958374,0.018432021141052,false,false,false,false,false,false,false,false
20765,SAMPLE,TARGET_LOCKED,true,0,0,0,158.57441711426,158.57441711426,-7.4806132316589,0.0074063539505005,true,false,false,false,true,false,false,false
20770,SAMPLE,TARGET_LOCKED,true,0,0,0,159.42324829102,159.42324829102,-3.0270450115204,0.0029960870742798,true,false,false,false,true,false,false,false
20775,SAMPLE,TARGET_LOCKED,true,0,0,4,159.72868347168,159.72868347168,-1.4240301847458,0.0013662576675415,true,false,false,false,true,true,true,true
20780,SAMPLE,TARGET_LOCKED,true,0,0,9,159.87236022949,159.87236022949,-0.66993373632431,0.00059926509857178,true,false,false,false,true,true,true,true
20785,SAMPLE,TARGET_LOCKED,true,0,0,14,159.93995666504,159.93995666504,-0.31514564156532,0.00026369094848633,true,false,false,false,true,true,true,true
20790,SAMPLE,TARGET_LOCKED,true,0,0,19,159.97570800781,159.97570800781,-0.12749987840652,7.1883201599121e-05,true,false,false,false,true,true,true,true
20795,SAMPLE,TARGET_LOCKED,true,0,0,0,127.49063110352,127.49063110352,-168.06188964844,0.16895627975464,false,true,true,true,false,false,false,false
20800,SAMPLE,TARGET_LOCKED,true,0,0,0,141.06062316895,141.06062316895,-98.652290344238,0.099063158035278,false,true,true,true,false,false,false,false
20805,SAMPLE,TARGET_LOCKED,true,0,0,0,150.97723388672,150.97723388672,-47.148315429688,0.047290444374084,false,true,true,true,false,false,false,false
20810,SAMPLE,TARGET_LOCKED,true,0,0,0,156.26379394531,156.26379394531,-19.535470962524,0.019534587860107,false,false,false,false,false,false,false,false
20815,SAMPLE,TARGET_LOCKED,true,0,0,0,159.43743896484,159.43743896484,-2.9416565895081,0.002900242805481,true,false,false,false,true,false,false,false
20820,SAMPLE,TARGET_LOCKED,true,0,0,0,160.62463378906,160.62463378906,3.2663450241089,-0.0032358169555664,true,false,false,false,true,false,false,false
20825,SAMPLE,TARGET_LOCKED,true,0,0,0,161.43630981445,161.43630981445,7.5108122825623,-0.0075020790100098,true,false,false,false,true,false,false,false
20830,SAMPLE,TARGET_LOCKED,true,0,0,0,162.05964660645,162.05964660645,10.770185470581,-0.010761737823486,true,false,false,false,false,false,false,false
20835,SAMPLE,TARGET_LOCKED,true,0,0,0,162.67697143555,162.67697143555,14.00094127655,-0.013973712921143,true,false,false,false,false,false,false,false
20840,SAMPLE,TARGET_LOCKED,true,0,0,0,163.24851989746,163.24851989746,16.99747467041,-0.016993999481201,false,false,false,false,false,false,false,false
20845,SAMPLE,TARGET_LOCKED,true,0,0,0,163.51580810547,163.51580810547,18.404264450073,-0.018383979797363,false,false,false,false,false,false,false,false
20850,SAMPLE,TARGET_LOCKED,true,0,0,0,163.55543518066,163.55543518066,18.619773864746,-0.018623828887939,false,false,false,false,false,false,false,false
20855,SAMPLE,TARGET_LOCKED,true,0,0,0,163.16766357422,163.16766357422,16.597297668457,-0.016562461853027,false,false,false,false,false,false,false,false
20860,SAMPLE,TARGET_LOCKED,true,0,0,0,161.89485168457,161.89485168457,9.9374160766602,-0.011768817901611,true,false,false,false,true,false,false,false
20865,SAMPLE,TARGET_LOCKED,true,0,0,0,161.3828125,161.3828125,7.2543783187866,-0.0071663856506348,true,false,false,false,true,false,false,false
20870,SAMPLE,TARGET_LOCKED,true,0,0,0,160.90548706055,160.90548706055,4.7506613731384,-0.004673957824707,true,false,false,false,true,false,false,false
20875,SAMPLE,TARGET_LOCKED,true,0,0,0,160.75106811523,160.75106811523,3.9403131008148,-0.0039067268371582,true,false,false,false,true,false,false,false
20880,SAMPLE,TARGET_LOCKED,true,0,0,0,160.55163574219,160.55163574219,2.8940896987915,-0.0028042793273926,true,false,false,false,true,false,false,false
20885,SAMPLE,TARGET_LOCKED,true,0,0,0,160.70391845703,160.70391845703,3.6931684017181,-0.0036673545837402,true,false,false,false,true,false,false,false
20890,SAMPLE,TARGET_LOCKED,true,0,0,0,161.05464172363,161.05464172363,5.5333490371704,-0.0054888725280762,true,false,false,false,true,false,false,false
20895,SAMPLE,TARGET_LOCKED,true,0,0,0,161.70303344727,161.70303344727,8.9351387023926,-0.0079336166381836,true,false,false,false,true,false,false,false
20900,SAMPLE,TARGET_LOCKED,true,0,0,0,161.91456604004,161.91456604004,10.044875144958,-0.0099949836730957,true,false,false,false,true,false,false,false
20905,SAMPLE,TARGET_LOCKED,true,0,0,0,162.25769042969,162.25769042969,11.844924926758,-0.011241436004639,true,false,false,false,false,false,false,false
20910,SAMPLE,TARGET_LOCKED,true,0,0,0,162.5065612793,162.5065612793,13.150408744812,-0.012535572052002,true,false,false,false,false,false,false,false
20915,SAMPLE,TARGET_LOCKED,true,0,0,0,162.80529785156,162.80529785156,14.717153549194,-0.014645099639893,true,false,false,false,false,false,false,false
20920,SAMPLE,TARGET_LOCKED,true,0,0,0,163.29490661621,163.29490661621,17.284437179565,-0.017233371734619,false,false,false,false,false,false,false,false
20925,SAMPLE,TARGET_LOCKED,true,0,0,0,163.76026916504,163.76026916504,19.722618103027,-0.019678592681885,false,false,false,false,false,false,false,false
20930,SAMPLE,TARGET_LOCKED,true,0,0,0,164.50570678711,164.50570678711,23.626068115234,-0.023561477661133,false,true,true,true,false,false,false,false
20935,SAMPLE,TARGET_LOCKED,true,0,0,0,165.58868408203,165.58868408203,29.296014785767,-0.029265880584717,false,true,true,true,false,false,false,false
20940,SAMPLE,TARGET_LOCKED,true,0,0,0,166.25218200684,166.25218200684,32.76692199707,-0.032717227935791,false,true,true,true,false,false,false,false
20945,SAMPLE,TARGET_LOCKED,true,0,0,0,166.79455566406,166.79455566406,35.601463317871,-0.035593509674072,false,true,true,true,false,false,false,false
20950,SAMPLE,TARGET_LOCKED,true,0,0,0,166.98001098633,166.98001098633,36.569644927979,-0.036552429199219,false,true,true,true,false,false,false,false
20955,SAMPLE,TARGET_LOCKED,true,0,0,0,167.12298583984,167.12298583984,37.317455291748,-0.037319660186768,false,true,true,true,false,false,false,false
20960,SAMPLE,TARGET_LOCKED,true,0,0,0,167.58555603027,167.58555603027,39.735687255859,-0.039764404296875,false,true,true,true,false,false,false,false
20965,SAMPLE,TARGET_LOCKED,true,0,0,0,167.78103637695,167.78103637695,40.753841400146,-0.040291309356689,false,true,true,true,false,false,false,false
20970,SAMPLE,TARGET_LOCKED,true,0,0,0,168.07373046875,168.07373046875,42.281841278076,-0.04172945022583,false,true,true,true,false,false,false,false
20975,SAMPLE,TARGET_LOCKED,true,0,0,0,168.22595214844,168.22595214844,43.075775146484,-0.04311990737915,false,true,true,true,false,false,false,false
20980,SAMPLE,TARGET_LOCKED,true,0,0,0,168.35899353027,168.35899353027,43.769485473633,-0.043838977813721,false,true,true,true,false,false,false,false
20985,SAMPLE,TARGET_LOCKED,true,0,0,0,168.52368164063,168.52368164063,44.62869644165,-0.044702053070068,false,true,true,true,false,false,false,false
20990,SAMPLE,TARGET_LOCKED,true,0,0,0,168.79063415527,168.79063415527,46.022281646729,-0.04609203338623,false,true,true,true,false,false,false,false
20995,SAMPLE,TARGET_LOCKED,true,0,0,0,168.94702148438,168.94702148438,46.837661743164,-0.0469069480896,false,true,true,true,false,false,false,false
21000,SAMPLE,TARGET_LOCKED,true,0,0,0,169.09346008301,169.09346008301,47.601982116699,-0.04767370223999,false,true,true,true,false,false,false,false
21005,SAMPLE,TARGET_LOCKED,true,0,0,0,169.47459411621,169.47459411621,49.602737426758,-0.049639225006104,false,true,true,true,false,false,false,false
21010,SAMPLE,TARGET_LOCKED,true,0,0,0,169.47859191895,169.47859191895,49.635589599609,-0.049687385559082,false,true,true,true,false,false,false,false
21015,SAMPLE,TARGET_LOCKED,true,0,0,0,168.55987548828,168.55987548828,44.858737945557,-0.044845581054688,false,true,true,true,false,false,false,false
21020,SAMPLE,TARGET_LOCKED,true,0,0,0,167.53923034668,167.53923034668,39.533382415771,-0.039524555206299,false,true,true,true,false,false,false,false
21025,SAMPLE,TARGET_LOCKED,true,0,0,0,167.08349609375,167.08349609375,37.151653289795,-0.03712797164917,false,true,true,true,false,false,false,false
21030,SAMPLE,TARGET_LOCKED,true,0,0,0,167.05773925781,167.05773925781,37.01781463623,-0.036983966827393,false,true,true,true,false,false,false,false
21035,SAMPLE,TARGET_LOCKED,true,0,0,0,167.146484375,167.146484375,37.482723236084,-0.037463188171387,false,true,true,true,false,false,false,false
21040,SAMPLE,TARGET_LOCKED,true,0,0,0,167.35420227051,167.35420227051,38.570529937744,-0.038517951965332,false,true,true,true,false,false,false,false
21045,SAMPLE,TARGET_LOCKED,true,0,0,0,167.52738952637,167.52738952637,39.477245330811,-0.0394287109375,false,true,true,true,false,false,false,false
21050,SAMPLE,TARGET_LOCKED,true,0,0,0,167.90940856934,167.90940856934,41.477100372314,-0.041441917419434,false,true,true,true,false,false,false,false
21055,SAMPLE,TARGET_LOCKED,true,0,0,0,168.21655273438,168.21655273438,43.084625244141,-0.04307222366333,false,true,true,true,false,false,false,false
21060,SAMPLE,TARGET_LOCKED,true,0,0,0,167.85203552246,167.85203552246,41.176391601563,-0.041154384613037,false,true,true,true,false,false,false,false
21065,SAMPLE,TARGET_LOCKED,true,0,0,0,167.4359588623,167.4359588623,38.997470855713,-0.038949489593506,false,true,true,true,false,false,false,false
21070,SAMPLE,TARGET_LOCKED,true,0,0,0,167.29876708984,167.29876708984,38.278804779053,-0.038230419158936,false,true,true,true,false,false,false,false
21075,SAMPLE,TARGET_LOCKED,true,0,0,0,167.14794921875,167.14794921875,37.488849639893,-0.037463188171387,false,true,true,true,false,false,false,false
21080,SAMPLE,TARGET_LOCKED,true,0,0,0,167.05961608887,167.05961608887,37.026191711426,-0.036983966827393,false,true,true,true,false,false,false,false
21085,SAMPLE,TARGET_LOCKED,true,0,0,0,167.01411437988,167.01411437988,36.787857055664,-0.036744117736816,false,true,true,true,false,false,false,false
21090,SAMPLE,TARGET_LOCKED,true,0,0,0,167.01777648926,167.01777648926,36.807029724121,-0.036792278289795,false,true,true,true,false,false,false,false
21095,SAMPLE,TARGET_LOCKED,true,0,0,0,167.03834533691,167.03834533691,36.914745330811,-0.036888122558594,false,true,true,true,false,false,false,false
21100,SAMPLE,TARGET_LOCKED,true,0,0,0,167.07431030273,167.07431030273,37.103099822998,-0.037079811096191,false,true,true,true,false,false,false,false
21105,SAMPLE,TARGET_LOCKED,true,0,0,0,166.95524597168,166.95524597168,36.479316711426,-0.03645658493042,false,true,true,true,false,false,false,false
21110,SAMPLE,TARGET_LOCKED,true,0,0,0,166.74569702148,166.74569702148,35.380840301514,-0.035354137420654,false,true,true,true,false,false,false,false
21115,SAMPLE,TARGET_LOCKED,true,0,0,0,166.50131225586,166.50131225586,34.099250793457,-0.034059524536133,false,true,true,true,false,false,false,false
21120,SAMPLE,TARGET_LOCKED,true,0,0,0,166.56127929688,166.56127929688,34.410972595215,-0.034347057342529,false,true,true,true,false,false,false,false
21125,SAMPLE,TARGET_LOCKED,true,0,0,0,166.61801147461,166.61801147461,34.703807830811,-0.034682750701904,false,true,true,true,false,false,false,false
21130,SAMPLE,TARGET_LOCKED,true,0,0,0,166.74978637695,166.74978637695,35.384086608887,-0.035354137420654,false,true,true,true,false,false,false,false
21135,SAMPLE,TARGET_LOCKED,true,0,0,0,167.0143737793,167.0143737793,36.754219055176,-0.036744117736816,false,true,true,true,false,false,false,false
21140,SAMPLE,TARGET_LOCKED,true,0,0,0,167.07136535645,167.07136535645,37.013782501221,-0.037031650543213,false,true,true,true,false,false,false,false
21145,SAMPLE,TARGET_LOCKED,true,0,0,0,166.97790527344,166.97790527344,36.494045257568,-0.036552429199219,false,true,true,true,false,false,false,false
21150,SAMPLE,TARGET_LOCKED,true,0,0,0,166.96832275391,166.96832275391,36.387294769287,-0.03650426864624,false,true,true,true,false,false,false,false
21155,SAMPLE,TARGET_LOCKED,true,0,0,0,167.35787963867,167.35787963867,38.391212463379,-0.038566112518311,false,true,true,true,false,false,false,false
21160,SAMPLE,TARGET_LOCKED,true,0,0,0,169.22329711914,169.22329711914,48.086597442627,-0.04834508895874,false,true,true,true,false,false,false,false
21165,SAMPLE,TARGET_LOCKED,true,0,0,0,173.53285217285,173.53285217285,70.467819213867,-0.070875644683838,false,true,true,true,false,false,false,false
21170,SAMPLE,TARGET_LOCKED,true,0,0,0,179.04876708984,179.04876708984,98.974182128906,-0.099590301513672,false,true,true,true,false,false,false,false
21175,SAMPLE,TARGET_LOCKED,true,0,0,0,185.67811584473,185.67811584473,132.8938293457,-0.13391351699829,false,true,true,true,false,false,false,false
21180,SAMPLE,TARGET_LOCKED,true,0,0,0,190.44255065918,190.44255065918,156.97994995117,-0.15836191177368,false,true,true,true,false,false,false,false
21185,SAMPLE,TARGET_LOCKED,true,0,0,0,194.23641967773,194.23641967773,175.96281433105,-0.17777681350708,false,true,true,true,false,false,false,false
21190,SAMPLE,TARGET_LOCKED,true,0,0,0,198.99841308594,198.99841308594,199.52359008789,-0.20184135437012,false,true,true,true,false,false,false,false
21195,SAMPLE,TARGET_LOCKED,true,0,0,0,203.9688873291,203.9688873291,223.7532043457,-0.2267689704895,false,true,true,true,false,false,false,false
21200,SAMPLE,TARGET_LOCKED,true,0,0,0,209.78100585938,209.78100585938,251.54817199707,-0.25553178787231,false,true,true,true,false,false,false,false
21205,SAMPLE,TARGET_LOCKED,true,0,0,0,214.77621459961,214.77621459961,274.93655395508,-0.27993154525757,false,true,true,true,false,false,false,false
21210,SAMPLE,TARGET_LOCKED,true,0,0,0,218.64886474609,218.64886474609,292.73770141602,-0.29857969284058,false,true,true,true,false,false,false,false
21215,SAMPLE,TARGET_LOCKED,true,0,0,0,183.7274017334,183.7274017334,123.47261047363,-0.12384700775146,false,true,true,true,false,false,false,false
21220,SAMPLE,TARGET_LOCKED,true,0,0,0,171.16201782227,171.16201782227,58.473514556885,-0.079025268554688,false,true,true,true,false,false,false,false
21225,SAMPLE,TARGET_LOCKED,true,0,0,0,165.25091552734,165.25091552734,27.548480987549,-0.043263912200928,false,true,true,true,false,false,false,false
21230,SAMPLE,TARGET_LOCKED,true,0,0,0,162.47016906738,162.47016906738,12.963808059692,-0.012871265411377,true,false,false,false,false,false,false,false
21235,SAMPLE,TARGET_LOCKED,true,0,0,0,161.16203308105,161.16203308105,6.0989646911621,-0.0060162544250488,true,false,false,false,true,false,false,false
21240,SAMPLE,TARGET_LOCKED,true,0,0,0,160.54664611816,160.54664611816,2.8691349029541,-0.0028042793273926,true,false,false,false,true,false,false,false
21245,SAMPLE,TARGET_LOCKED,true,0,0,1,160.29902648926,160.29902648926,1.5694799423218,-0.0015101432800293,true,false,false,false,true,true,true,true
21250,SAMPLE,TARGET_LOCKED,true,0,0,6,160.16357421875,160.16357421875,0.85854160785675,-0.00079107284545898,true,false,false,false,true,true,true,true
21255,SAMPLE,TARGET_LOCKED,true,0,0,11,160.07695007324,160.07695007324,0.40388306975365,-0.00035953521728516,true,false,false,false,true,true,true,true
21260,SAMPLE,TARGET_LOCKED,true,0,0,16,160.03619384766,160.03619384766,0.18996840715408,-0.00011968612670898,true,false,false,false,true,true,true,true
21265,SAMPLE,TARGET_LOCKED,true,0,0,21,160.01702880859,160.01702880859,0.08937805891037,-2.3841857910156e-05,true,false,false,false,true,true,true,true
21270,SAMPLE,TARGET_LOCKED,true,0,0,26,160.00930786133,160.00930786133,0.048853598535061,2.3961067199707e-05,true,false,false,false,true,true,true,true
21275,SAMPLE,TARGET_LOCKED,true,0,0,31,160.00437927246,160.00437927246,0.022985218092799,-2.3841857910156e-05,true,false,false,false,true,true,true,true
21280,SAMPLE,TARGET_LOCKED,true,0,0,36,160.00177001953,160.00177001953,0.009290193207562,-2.3841857910156e-05,true,false,false,false,true,true,true,true
21285,SAMPLE,TARGET_LOCKED,true,0,0,41,160.0008392334,160.0008392334,0.0044048326089978,-2.3841857910156e-05,true,false,false,false,true,true,true,true
21290,SAMPLE,TARGET_LOCKED,true,0,0,46,160.00045776367,160.00045776367,0.0024026359897107,-2.3841857910156e-05,true,false,false,false,true,true,true,true
21294,TARGET_LOST,TARGET_LOST,true,0,0,50,160.00021362305,160.00021362305,0.0011212300742045,-2.3841857910156e-05,true,false,false,false,true,true,true,true
21295,SAMPLE,IDLE,true,0,0,0,160.00021362305,160.00021362305,0.0011212300742045,-2.3841857910156e-05,true,false,false,false,true,true,true,true
21300,SAMPLE,IDLE,true,0,0,0,160.00010681152,160.00010681152,0.00056061503710225,-2.3841857910156e-05,true,false,false,false,true,true,true,true
21305,SAMPLE,IDLE,true,0,0,0,160.00006103516,160.00006103516,0.00032035144977272,-2.3841857910156e-05,true,false,false,false,true,true,true,true
21310,SAMPLE,IDLE,true,0,0,0,160.00003051758,160.00003051758,0.00016017572488636,-2.3841857910156e-05,true,false,false,false,true,true,true,true
21315,SAMPLE,IDLE,true,0,0,0,160.00001525879,160.00001525879,8.0087862443179e-05,-2.3841857910156e-05,true,false,false,false,true,true,true,true
21320,SAMPLE,IDLE,true,0,0,0,160.0,160.0,0.0,-2.3841857910156e-05,true,false,false,false,true,true,true,true
21325,SAMPLE,IDLE,true,0,0,0,160.0,160.0,0.0,0.0,true,false,false,false,true,true,true,true
21330,SAMPLE,IDLE,true,0,0,0,160.0,160.0,0.0,0.0,true,false,false,false,true,true,true,true
21335,SAMPLE,IDLE,true,0,0,0,160.0,160.0,0.0,0.0,true,false,false,false,true,true,true,true
21340,SAMPLE,IDLE,true,0,0,0,160.0,160.0,0.0,0.0,true,false,false,false,true,true,true,true
21345,SAMPLE,IDLE,true,0,0,0,160.0,160.0,0.0,0.0,true,false,false,false,true,true,true,true
21350,SAMPLE,IDLE,true,0,0,0,160.0,160.0,0.0,0.0,true,false,false,false,true,true,true,true
21355,SAMPLE,IDLE,true,0,0,0,160.0,160.0,0.0,0.0,true,false,false,false,true,true,true,true
21360,SAMPLE,IDLE,true,0,0,0,160.0,160.0,0.0,0.0,true,false,false,false,true,true,true,true
21365,SAMPLE,IDLE,true,0,0,0,160.0,160.0,0.0,0.0,true,false,false,false,true,true,true,true
21367,ACQUIRED,TRACKING,true,45,0,0,172.49920654297,172.49920654297,65.463096618652,-0.06545877456665,false,true,true,true,false,false,false,false
21370,SAMPLE,TRACKING,true,45,0,0,181.74360656738,181.74360656738,113.38831329346,-0.11358833312988,false,true,true,true,false,false,false,false
21375,SAMPLE,TRACKING,true,45,0,0,186.24012756348,186.24012756348,136.43692016602,-0.13683795928955,false,true,true,true,false,false,false,false
21380,SAMPLE,TRACKING,true,45,0,0,190.04560852051,190.04560852051,155.77308654785,-0.15131521224976,false,true,true,true,false,false,false,false
21385,SAMPLE,TRACKING,true,45,0,0,190.82566833496,190.82566833496,159.71408081055,-0.16037511825562,false,true,true,true,false,false,false,false
21390,SAMPLE,TRACKING,true,45,0,0,191.45486450195,191.45486450195,162.88572692871,-0.16358709335327,false,true,true,true,false,false,false,false
21395,SAMPLE,TRACKING,true,45,0,0,191.76342773438,191.76342773438,164.43838500977,-0.16516923904419,false,true,true,true,false,false,false,false
21400,SAMPLE,TRACKING,true,45,0,0,192.14952087402,192.14952087402,166.37953186035,-0.1671347618103,false,true,true,true,false,false,false,false
21405,SAMPLE,TRACKING,true,45,0,0,192.71180725098,192.71180725098,169.20162963867,-0.17001104354858,false,true,true,true,false,false,false,false
21410,SAMPLE,TRACKING,true,45,0,0,193.00416564941,193.00416564941,170.66450500488,-0.17149686813354,false,true,true,true,false,false,false,false
21415,SAMPLE,TRACKING,true,45,0,0,193.0224609375,193.0224609375,170.75927734375,-0.17159271240234,false,true,true,true,false,false,false,false
21420,SAMPLE,TRACKING,true,45,0,0,193.0015411377,193.0015411377,170.66598510742,-0.17149686813354,false,true,true,true,false,false,false,false
21425,SAMPLE,TRACKING,true,45,0,0,193.28329467773,193.28329467773,172.08590698242,-0.17288732528687,false,true,true,true,false,false,false,false
21430,SAMPLE,TRACKING,true,45,0,0,193.11288452148,193.11288452148,171.2279510498,-0.17202425003052,false,true,true,true,false,false,false,false
21435,SAMPLE,TRACKING,true,45,0,0,192.59748840332,192.59748840332,168.63334655762,-0.16938781738281,false,true,true,true,false,false,false,false
21440,SAMPLE,TRACKING,true,45,0,0,192.32627868652,192.32627868652,167.26710510254,-0.16804552078247,false,true,true,true,false,false,false,false
21445,SAMPLE,TRACKING,true,45,0,0,191.95257568359,191.95257568359,165.38496398926,-0.16612768173218,false,true,true,true,false,false,false,false
21450,SAMPLE,TRACKING,true,45,0,0,191.671875,191.671875,163.97215270996,-0.16468954086304,false,true,true,true,false,false,false,false
21455,SAMPLE,TRACKING,true,45,0,0,191.5212097168,191.5212097168,163.21415710449,-0.16392278671265,false,true,true,true,false,false,false,false
21460,SAMPLE,TRACKING,true,45,0,0,191.4220123291,191.4220123291,162.71546936035,-0.16339540481567,false,true,true,true,false,false,false,false
21465,SAMPLE,TRACKING,true,45,0,0,191.47319030762,191.47319030762,162.97138977051,-0.16368293762207,false,true,true,true,false,false,false,false
21470,SAMPLE,TRACKING,true,45,0,0,191.92245483398,191.92245483398,165.23324584961,-0.16598415374756,false,true,true,true,false,false,false,false
21475,SAMPLE,TRACKING,true,45,0,0,192.74699401855,192.74699401855,169.38133239746,-0.1701545715332,false,true,true,true,false,false,false,false
21480,SAMPLE,TRACKING,true,45,0,0,194.19149780273,194.19149780273,176.62495422363,-0.1775369644165,false,true,true,true,false,false,false,false
21485,SAMPLE,TRACKING,true,45,0,0,196.40866088867,196.40866088867,187.68737792969,-0.18875455856323,false,true,true,true,false,false,false,false
21490,SAMPLE,TRACKING,true,45,0,0,198.01997375488,198.01997375488,195.68589782715,-0.19690370559692,false,true,true,true,false,false,false,false
21495,SAMPLE,TRACKING,true,45,0,0,198.99543762207,198.99543762207,200.50839233398,-0.20184135437012,false,true,true,true,false,false,false,false
21500,SAMPLE,TRACKING,true,45,0,0,199.60321044922,199.60321044922,203.50425720215,-0.20486116409302,false,true,true,true,false,false,false,false
21505,SAMPLE,TRACKING,true,45,0,0,200.4722442627,200.4722442627,207.78024291992,-0.2092719078064,false,true,true,true,false,false,false,false
21510,SAMPLE,TRACKING,true,45,0,0,202.07450866699,202.07450866699,215.63403320313,-0.21727705001831,false,true,true,true,false,false,false,false
21515,SAMPLE,TRACKING,true,45,0,0,204.49745178223,204.49745178223,227.42854309082,-0.22940540313721,false,true,true,true,false,false,false,false
21520,SAMPLE,TRACKING,true,45,0,0,208.53182983398,208.53182983398,246.8427734375,-0.2493953704834,false,true,true,true,false,false,false,false
21525,SAMPLE,TRACKING,true,45,0,0,211.46258544922,211.46258544922,260.76324462891,-0.2637767791748,false,true,true,true,false,false,false,false
21530,SAMPLE,TRACKING,true,45,0,0,214.76832580566,214.76832580566,276.26388549805,-0.27988386154175,false,true,true,true,false,false,false,false
21535,SAMPLE,TRACKING,true,45,0,0,218.44203186035,218.44203186035,293.22601318359,-0.29757261276245,false,true,true,true,false,false,false,false
21540,SAMPLE,TRACKING,true,45,0,0,221.26251220703,221.26251220703,306.05535888672,-0.30481147766113,false,true,true,true,false,false,false,false
21545,SAMPLE,TRACKING,true,45,0,0,222.69236755371,222.69236755371,312.48989868164,-0.31780242919922,false,true,true,true,false,false,false,false
21550,SAMPLE,TRACKING,true,45,0,0,223.80651855469,223.80651855469,317.4697265625,-0.32312345504761,false,true,true,true,false,false,false,false
21555,SAMPLE,TRACKING,true,45,0,0,224.68933105469,224.68933105469,321.39434814453,-0.32729434967041,false,true,true,true,false,false,false,false
21560,SAMPLE,TRACKING,true,45,0,0,225.40377807617,225.40377807617,324.55676269531,-0.33064985275269,false,true,true,true,false,false,false,false
21565,SAMPLE,TRACKING,true,45,0,0,226.04252624512,226.04252624512,327.37414550781,-0.33362197875977,false,true,true,true,false,false,false,false
21570,SAMPLE,TRACKING,true,45,0,0,226.31912231445,226.31912231445,328.58840942383,-0.33491611480713,false,true,true,true,false,false,false,false
21575,SAMPLE,TRACKING,true,45,0,0,226.57363891602,226.57363891602,329.69274902344,-0.33611440658569,false,true,true,true,false,false,false,false
21580,SAMPLE,TRACKING,true,45,0,0,227.20953369141,227.20953369141,332.48873901367,-0.33913469314575,false,true,true,true,false,false,false,false
21585,SAMPLE,TRACKING,true,45,0,0,227.6897277832,227.6897277832,334.59884643555,-0.34134006500244,false,true,true,true,false,false,false,false
21590,SAMPLE,TRACKING,true,45,0,0,228.03536987305,228.03536987305,336.11187744141,-0.34296989440918,false,true,true,true,false,false,false,false
21595,SAMPLE,TRACKING,true,45,0,0,228.20989990234,228.20989990234,336.87329101563,-0.34378480911255,false,true,true,true,false,false,false,false
21600,SAMPLE,TRACKING,true,45,0,0,228.22192382813,228.22192382813,336.94097900391,-0.34383249282837,false,true,true,true,false,false,false,false
21605,SAMPLE,TRACKING,true,45,0,0,228.54162597656,228.54162597656,338.34289550781,-0.34531879425049,false,true,true,true,false,false,false,false
21610,SAMPLE,TRACKING,true,45,0,0,228.63041687012,228.63041687012,338.72491455078,-0.34570217132568,false,true,true,true,false,false,false,false
21615,SAMPLE,TRACKING,true,45,0,0,228.79312133789,228.79312133789,339.42910766602,-0.34651708602905,false,true,true,true,false,false,false,false
21620,SAMPLE,TRACKING,true,45,0,0,228.98010253906,228.98010253906,340.24114990234,-0.34733200073242,false,true,true,true,false,false,false,false
21625,SAMPLE,TRACKING,true,45,0,0,229.09494018555,229.09494018555,340.73767089844,-0.34790754318237,false,true,true,true,false,false,false,false
21630,SAMPLE,TRACKING,true,45,0,0,229.20822143555,229.20822143555,341.22720336914,-0.34838676452637,false,true,true,true,false,false,false,false
21635,SAMPLE,TRACKING,true,45,0,0,229.49731445313,229.49731445313,342.4821472168,-0.34972906112671,false,true,true,true,false,false,false,false
21640,SAMPLE,TRACKING,true,45,0,0,229.72863769531,229.72863769531,343.48251342773,-0.35078382492065,false,true,true,true,false,false,false,false
21645,SAMPLE,TRACKING,true,45,0,0,229.82876586914,229.82876586914,343.91464233398,-0.35126304626465,false,true,true,true,false,false,false,false
21650,SAMPLE,TRACKING,true,45,0,0,230.08728027344,230.08728027344,345.03726196289,-0.35246133804321,false,true,true,true,false,false,false,false
21655,SAMPLE,TRACKING,true,45,0,0,229.52296447754,229.52296447754,342.64270019531,-0.35193395614624,false,true,true,true,false,false,false,false
21660,SAMPLE,TRACKING,true,45,0,0,228.14447021484,228.14447021484,336.70922851563,-0.34349727630615,false,true,true,true,false,false,false,false
21665,SAMPLE,TRACKING,true,45,0,0,227.24282836914,227.24282836914,332.79382324219,-0.33927869796753,false,true,true,true,false,false,false,false
21670,SAMPLE,TRACKING,true,45,0,0,196.78237915039,196.78237915039,189.55358886719,-0.19067192077637,false,true,true,true,false,false,false,false
21675,SAMPLE,TRACKING,true,45,0,0,174.88095092773,174.88095092773,77.867324829102,-0.10519933700562,false,true,true,true,false,false,false,false
21680,SAMPLE,TRACKING,true,45,0,0,168.13999938965,168.13999938965,42.68493270874,-0.042640686035156,false,true,true,true,false,false,false,false
21685,SAMPLE,TRACKING,true,45,0,0,164.45265197754,164.45265197754,23.363973617554,-0.023321628570557,false,true,true,true,false,false,false,false
21690,AUTO_SHOT,FIRED,true,41,2,0,162.43563842773,162.43563842773,12.782739639282,-0.0127272605896,true,false,false,false,false,false,false,false
21690,SAMPLE,FIRED,true,41,2,0,162.43563842773,162.43563842773,12.782739639282,-0.0127272605896,true,false,false,false,false,false,false,false
21695,SAMPLE,TARGET_LOCKED,true,0,0,0,160.98538208008,160.98538208008,5.171844959259,-0.0051054954528809,true,false,false,false,true,false,false,false
21700,SAMPLE,TARGET_LOCKED,true,0,0,0,160.53901672363,160.53901672363,2.8290927410126,-0.0027565956115723,true,false,false,false,true,false,false,false
21705,SAMPLE,TARGET_LOCKED,true,0,0,2,160.29484558105,160.29484558105,1.5475360155106,-0.0014619827270508,true,false,false,false,true,true,true,true
21710,SAMPLE,TARGET_LOCKED,true,0,0,7,160.1192779541,160.1192779541,0.62604677677155,-0.00055122375488281,true,false,false,false,true,true,true,true
21715,SAMPLE,TARGET_LOCKED,true,0,0,12,160.06524658203,160.06524658203,0.34245571494102,-0.00031137466430664,true,false,false,false,true,true,true,true
21720,SAMPLE,TARGET_LOCKED,true,0,0,17,160.03569030762,160.03569030762,0.18732550740242,-0.00011968612670898,true,false,false,false,true,true,true,true
21725,SAMPLE,TARGET_LOCKED,true,0,0,22,160.01953125,160.01953125,0.10251246392727,-2.3841857910156e-05,true,false,false,false,true,true,true,true
21730,SAMPLE,TARGET_LOCKED,true,0,0,27,160.00790405273,160.00790405273,0.041485514491796,2.3961067199707e-05,true,false,false,false,true,true,true,true
21735,SAMPLE,TARGET_LOCKED,true,0,0,32,160.0043182373,160.0043182373,0.022664865478873,-2.3841857910156e-05,true,false,false,false,true,true,true,true
21740,SAMPLE,TARGET_LOCKED,true,0,0,37,160.0023651123,160.0023651123,0.012413619086146,-2.3841857910156e-05,true,false,false,false,true,true,true,true
21745,SAMPLE,TARGET_LOCKED,true,0,0,42,160.00096130371,160.00096130371,0.0050455355085433,-2.3841857910156e-05,true,false,false,false,true,true,true,true
21750,SAMPLE,TARGET_LOCKED,true,0,0,47,160.00051879883,160.00051879883,0.0027229874394834,-2.3841857910156e-05,true,false,false,false,true,true,true,true
21753,TARGET_LOST,TARGET_LOST,true,0,0,50,160.00038146973,160.00038146973,0.0020021966192871,-2.3841857910156e-05,true,false,false,false,true,true,true,true
21755,SAMPLE,IDLE,true,0,0,0,160.00028991699,160.00028991699,0.0015216694446281,-2.3841857910156e-05,true,false,false,false,true,true,true,true
21760,SAMPLE,IDLE,true,0,0,0,160.00012207031,160.00012207031,0.00064070289954543,-2.3841857910156e-05,true,false,false,false,true,true,true,true
21765,SAMPLE,IDLE,true,0,0,0,160.00006103516,160.00006103516,0.00032035144977272,-2.3841857910156e-05,true,false,false,false,true,true,true,true
21770,SAMPLE,IDLE,true,0,0,0,160.00003051758,160.00003051758,0.00016017572488636,-2.3841857910156e-05,true,false,false,false,true,true,true,true
21775,SAMPLE,IDLE,true,0,0,0,160.00001525879,160.00001525879,8.0087862443179e-05,-2.3841857910156e-05,true,false,false,false,true,true,true,true
21780,SAMPLE,IDLE,true,0,0,0,160.00001525879,160.00001525879,8.0087862443179e-05,-2.3841857910156e-05,true,false,false,false,true,true,true,true
21785,SAMPLE,IDLE,true,0,0,0,160.0,160.0,0.0,0.0,true,false,false,false,true,true,true,true
21790,SAMPLE,IDLE,true,0,0,0,160.0,160.0,0.0,0.0,true,false,false,false,true,true,true,true
21795,SAMPLE,IDLE,true,0,0,0,160.0,160.0,0.0,0.0,true,false,false,false,true,true,true,true
21800,SAMPLE,IDLE,true,0,0,0,160.0,160.0,0.0,0.0,true,false,false,false,true,true,true,true
21805,SAMPLE,IDLE,true,0,0,0,160.0,160.0,0.0,0.0,true,false,false,false,true,true,true,true
21810,SAMPLE,IDLE,true,0,0,0,160.0,160.0,0.0,0.0,true,false,false,false,true,true,true,true
21812,ACQUIRED,TRACKING,true,45,0,0,172.49920654297,172.49920654297,65.463096618652,-0.06545877456665,false,true,true,true,false,false,false,false
21815,SAMPLE,TRACKING,true,45,0,0,190.40155029297,190.40155029297,157.5719909668,-0.15817022323608,false,true,true,true,false,false,false,false
21820,SAMPLE,TRACKING,true,45,0,0,187.91543579102,187.91543579102,144.96908569336,-0.14546680450439,false,true,true,true,false,false,false,false
21825,SAMPLE,TRACKING,true,45,0,0,152.42337036133,152.42337036133,-39.735374450684,0.039716362953186,false,true,true,true,false,false,false,false
21830,SAMPLE,TRACKING,true,45,0,0,126.07899475098,126.07899475098,-175.28167724609,0.17614674568176,false,true,true,true,false,false,false,false
21835,SAMPLE,TRACKING,true,45,0,0,110.81915283203,110.81915283203,-249.93818664551,0.25260734558105,false,true,true,true,false,false,false,false
21840,SAMPLE,TRACKING,true,45,0,0,107.13078308105,107.13078308105,-267.38598632813,0.27063190937042,false,true,true,true,false,false,false,false
21845,SAMPLE,TRACKING,true,45,0,0,105.11322021484,105.11322021484,-276.82122802734,0.28045916557312,false,true,true,true,false,false,false,false
21850,SAMPLE,TRACKING,true,45,0,0,134.17977905273,134.17977905273,-134.29319763184,0.13468074798584,false,true,true,true,false,false,false,false
21855,SAMPLE,TRACKING,true,45,0,0,149.5539855957,149.5539855957,-54.7451171875,0.054720759391785,false,true,true,true,false,false,false,false
21860,SAMPLE,TRACKING,true,45,0,0,154.28594970703,154.28594970703,-29.977504730225,0.029937028884888,false,true,true,true,false,false,false,false
21865,AUTO_SHOT,FIRED,true,43,2,0,157.31195068359,157.31195068359,-14.107193946838,0.014069676399231,true,false,false,false,false,false,false,false
21865,SAMPLE,FIRED,true,43,2,0,157.31195068359,157.31195068359,-14.107193946838,0.014069676399231,true,false,false,false,false,false,false,false
21870,SAMPLE,TARGET_LOCKED,true,0,0,0,146.41329956055,146.41329956055,-71.131042480469,0.071163415908813,false,true,true,true,false,false,false,false
21875,SAMPLE,TARGET_LOCKED,true,0,0,0,130.8243560791,130.8243560791,-151.36793518066,0.15189039707184,false,true,true,true,false,false,false,false
21880,SAMPLE,TARGET_LOCKED,true,0,0,0,132.45788574219,132.45788574219,-143.0714263916,0.14354920387268,false,true,true,true,false,false,false,false
21885,SAMPLE,TARGET_LOCKED,true,0,0,0,119.88376617432,119.88376617432,-206.03768920898,0.20745003223419,false,true,true,true,false,false,false,false
21890,SAMPLE,TARGET_LOCKED,true,0,0,0,114.58793640137,114.58793640137,-231.85343933105,0.23395967483521,false,true,true,true,false,false,false,false
21895,SAMPLE,TARGET_LOCKED,true,0,0,0,109.55535888672,109.55535888672,-255.93647766113,0.2587913274765,false,true,true,true,false,false,false,false
21900,SAMPLE,TARGET_LOCKED,true,0,0,0,107.27382659912,107.27382659912,-266.70587158203,0.26996076107025,false,true,true,true,false,false,false,false
21905,SAMPLE,TARGET_LOCKED,true,0,0,0,104.92897033691,104.92897033691,-277.67352294922,0.28132200241089,false,true,true,true,false,false,false,false
21910,SAMPLE,TARGET_LOCKED,true,0,0,0,104.20726013184,104.20726013184,-281.0276184082,0.28482139110565,false,true,true,true,false,false,false,false
21915,SAMPLE,TARGET_LOCKED,true,0,0,0,124.35186767578,124.35186767578,-183.91007995605,0.18491947650909,false,true,true,true,false,false,false,false
21920,SAMPLE,TARGET_LOCKED,true,0,0,0,157.63270568848,157.63270568848,-12.423973083496,0.012391924858093,true,false,false,false,false,false,false,false
21925,SAMPLE,TARGET_LOCKED,true,0,0,0,180.33367919922,180.33367919922,106.12069702148,-0.10630178451538,false,true,true,true,false,false,false,false
21930,SAMPLE,TARGET_LOCKED,true,0,0,0,196.50405883789,196.50405883789,188.17321777344,-0.18923377990723,false,true,true,true,false,false,false,false
21935,SAMPLE,TARGET_LOCKED,true,0,0,0,202.24151611328,202.24151611328,216.45399475098,-0.21814012527466,false,true,true,true,false,false,false,false
21940,SAMPLE,TARGET_LOCKED,true,0,0,0,204.89640808105,204.89640808105,229.36285400391,-0.2314190864563,false,true,true,true,false,false,false,false
21945,SAMPLE,TARGET_LOCKED,true,0,0,0,206.16195678711,206.16195678711,235.47439575195,-0.23765087127686,false,true,true,true,false,false,false,false
21950,SAMPLE,TARGET_LOCKED,true,0,0,0,206.5464630127,206.5464630127,237.32475280762,-0.23961639404297,false,true,true,true,false,false,false,false
21955,SAMPLE,TARGET_LOCKED,true,0,0,0,206.9367980957,206.9367980957,239.1978302002,-0.2415337562561,false,true,true,true,false,false,false,false
21960,SAMPLE,TARGET_LOCKED,true,0,0,0,207.31826782227,207.31826782227,241.02212524414,-0.24340343475342,false,true,true,true,false,false,false,false
21965,SAMPLE,TARGET_LOCKED,true,0,0,0,207.5782623291,207.5782623291,242.26351928711,-0.24469757080078,false,true,true,true,false,false,false,false
21970,SAMPLE,TARGET_LOCKED,true,0,0,0,208.09553527832,208.09553527832,244.73181152344,-0.24723863601685,false,true,true,true,false,false,false,false
21975,SAMPLE,TARGET_LOCKED,true,0,0,0,208.49310302734,208.49310302734,246.62599182129,-0.2492036819458,false,true,true,true,false,false,false,false
21980,SAMPLE,TARGET_LOCKED,true,0,0,0,208.89068603516,208.89068603516,248.51368713379,-0.25116920471191,false,true,true,true,false,false,false,false
21985,SAMPLE,TARGET_LOCKED,true,0,0,0,209.06219482422,209.06219482422,249.32373046875,-0.2520318031311,false,true,true,true,false,false,false,false
21990,SAMPLE,TARGET_LOCKED,true,0,0,0,209.09248352051,209.09248352051,249.4673614502,-0.25212812423706,false,true,true,true,false,false,false,false
21995,SAMPLE,TARGET_LOCKED,true,0,0,0,209.13374328613,209.13374328613,249.66165161133,-0.25236749649048,false,true,true,true,false,false,false,false
22000,SAMPLE,TARGET_LOCKED,true,0,0,0,209.15794372559,209.15794372559,249.77554321289,-0.25251150131226,false,true,true,true,false,false,false,false
22005,SAMPLE,TARGET_LOCKED,true,0,0,0,209.17135620117,209.17135620117,249.83808898926,-0.25255918502808,false,true,true,true,false,false,false,false
22010,SAMPLE,TARGET_LOCKED,true,0,0,0,209.14840698242,209.14840698242,249.72828674316,-0.25241565704346,false,true,true,true,false,false,false,false
22015,SAMPLE,TARGET_LOCKED,true,0,0,0,209.15103149414,209.15103149414,249.73910522461,-0.25246334075928,false,true,true,true,false,false,false,false
22020,SAMPLE,TARGET_LOCKED,true,0,0,0,209.14462280273,209.14462280273,249.70706176758,-0.25241565704346,false,true,true,true,false,false,false,false
22025,SAMPLE,TARGET_LOCKED,true,0,0,0,209.15138244629,209.15138244629,249.73748779297,-0.25241565704346,false,true,true,true,false,false,false,false
22030,SAMPLE,TARGET_LOCKED,true,0,0,0,209.18487548828,209.18487548828,249.89515686035,-0.25260734558105,false,true,true,true,false,false,false,false
22035,SAMPLE,TARGET_LOCKED,true,0,0,0,209.22146606445,209.22146606445,250.06658935547,-0.25279903411865,false,true,true,true,false,false,false,false
22040,SAMPLE,TARGET_LOCKED,true,0,0,0,209.23669433594,209.23669433594,250.13766479492,-0.25284719467163,false,true,true,true,false,false,false,false
22045,SAMPLE,TARGET_LOCKED,true,0,0,0,209.27261352539,209.27261352539,250.31161499023,-0.25303888320923,false,true,true,true,false,false,false,false
22050,SAMPLE,TARGET_LOCKED,true,0,0,0,191.3660736084,191.3660736084,162.42897033691,-0.16310787200928,false,true,true,true,false,false,false,false
22055,SAMPLE,TARGET_LOCKED,true,0,0,0,179.95057678223,179.95057678223,104.14037322998,-0.10428810119629,false,true,true,true,false,false,false,false
22060,SAMPLE,TARGET_LOCKED,true,0,0,0,168.07135009766,168.07135009766,42.325393676758,-0.042304992675781,false,true,true,true,false,false,false,false
22065,SAMPLE,TARGET_LOCKED,true,0,0,0,163.26541137695,163.26541137695,17.136430740356,-0.01708984375,false,false,false,false,false,false,false,false
22070,SAMPLE,TARGET_LOCKED,true,0,0,0,162.07698059082,162.07698059082,10.9006690979,-0.010858058929443,true,false,false,false,false,false,false,false
22075,SAMPLE,TARGET_LOCKED,true,0,0,0,160.84027099609,160.84027099609,4.4102354049683,-0.004338264465332,true,false,false,false,true,false,false,false
22080,SAMPLE,TARGET_LOCKED,true,0,0,1,160.33995056152,160.33995056152,1.7842748165131,-0.001701831817627,true,false,false,false,true,true,true,true
22085,SAMPLE,TARGET_LOCKED,true,0,0,6,160.2162322998,160.2162322998,1.134924530983,-0.0010786056518555,true,false,false,false,true,true,true,true
22090,SAMPLE,TARGET_LOCKED,true,0,0,11,160.0874786377,160.0874786377,0.45914366841316,-0.00040769577026367,true,false,false,false,true,true,true,true
22095,SAMPLE,TARGET_LOCKED,true,0,0,16,160.03538513184,160.03538513184,0.18572376668453,-0.00011968612670898,true,false,false,false,true,true,true,true
22100,SAMPLE,TARGET_LOCKED,true,0,0,21,160.02250671387,160.02250671387,0.11812960356474,-2.3841857910156e-05,true,false,false,false,true,true,true,true
22105,SAMPLE,TARGET_LOCKED,true,0,0,26,160.01058959961,160.01058959961,0.055580977350473,2.3961067199707e-05,true,false,false,false,true,true,true,true
22110,SAMPLE,TARGET_LOCKED,true,0,0,31,160.00497436523,160.00497436523,0.026108644902706,-2.3841857910156e-05,true,false,false,false,true,true,true,true
22115,SAMPLE,TARGET_LOCKED,true,0,0,36,160.00234985352,160.00234985352,0.012333530932665,-2.3841857910156e-05,true,false,false,false,true,true,true,true
22120,SAMPLE,TARGET_LOCKED,true,0,0,41,160.00094604492,160.00094604492,0.0049654478207231,-2.3841857910156e-05,true,false,false,false,true,true,true,true
22125,SAMPLE,TARGET_LOCKED,true,0,0,46,160.00051879883,160.00051879883,0.0027229874394834,-2.3841857910156e-05,true,false,false,false,true,true,true,true
22129,TARGET_LOST,TARGET_LOST,true,0,0,50,160.00024414063,160.00024414063,0.0012814057990909,-2.3841857910156e-05,true,false,false,false,true,true,true,true
22130,SAMPLE,IDLE,true,0,0,0,160.00024414063,160.00024414063,0.0012814057990909,-2.3841857910156e-05,true,false,false,false,true,true,true,true
22135,SAMPLE,IDLE,true,0,0,0,160.00009155273,160.00009155273,0.0004805272037629,-2.3841857910156e-05,true,false,false,false,true,true,true,true
22140,SAMPLE,IDLE,true,0,0,0,160.00004577637,160.00004577637,0.00024026360188145,-2.3841857910156e-05,true,false,false,false,true,true,true,true
22145,SAMPLE,IDLE,true,0,0,0,160.00001525879,160.00001525879,8.0087862443179e-05,-2.3841857910156e-05,true,false,false,false,true,true,true,true
22150,SAMPLE,IDLE,true,0,0,0,160.00001525879,160.00001525879,8.0087862443179e-05,-2.3841857910156e-05,true,false,false,false,true,true,true,true
22152,ACQUIRED,TRACKING,true,45,0,0,177.4693145752,177.4693145752,91.307106018066,-0.091392993927002,false,true,true,true,false,false,false,false
22155,SAMPLE,TRACKING,true,45,0,0,177.4693145752,177.4693145752,91.307106018066,-0.091392993927002,false,true,true,true,false,false,false,false
22160,AUTO_SHOT,FIRED,true,43,2,0,161.86138916016,161.86138916016,9.768572807312,-0.0097074508666992,true,false,false,false,true,false,false,false
22160,SAMPLE,FIRED,true,43,2,0,161.86138916016,161.86138916016,9.768572807312,-0.0097074508666992,true,false,false,false,true,false,false,false
22165,SAMPLE,TARGET_LOCKED,true,0,0,0,148.51663208008,148.51663208008,-60.157020568848,0.060137748718262,false,true,true,true,false,false,false,false
22170,SAMPLE,TARGET_LOCKED,true,0,0,0,139.98289489746,139.98289489746,-104.47560119629,0.10462379455566,false,true,true,true,false,false,false,false
22175,SAMPLE,TARGET_LOCKED,true,0,0,0,135.0397644043,135.0397644043,-129.88131713867,0.13022267818451,false,true,true,true,false,false,false,false
22180,SAMPLE,TARGET_LOCKED,true,0,0,0,133.64300537109,133.64300537109,-137.01606750488,0.13746118545532,false,true,true,true,false,false,false,false
22185,SAMPLE,TARGET_LOCKED,true,0,0,0,132.98593139648,132.98593139648,-140.36515808105,0.14081680774689,false,true,true,true,false,false,false,false
22190,SAMPLE,TARGET_LOCKED,true,0,0,0,147.2918548584,147.2918548584,-66.550674438477,0.066561341285706,false,true,true,true,false,false,false,false
22195,SAMPLE,TARGET_LOCKED,true,0,0,0,153.04853820801,153.04853820801,-36.461132049561,0.036408662796021,false,true,true,true,false,false,false,false
22200,SAMPLE,TARGET_LOCKED,true,0,0,0,131.31033325195,131.31033325195,-148.90269470215,0.14944553375244,false,true,true,true,false,false,false,false
22205,SAMPLE,TARGET_LOCKED,true,0,0,0,133.58331298828,133.58331298828,-137.3377532959,0.13774883747101,false,true,true,true,false,false,false,false
22210,SAMPLE,TARGET_LOCKED,true,0,0,0,149.31266784668,149.31266784668,-56.005893707275,0.056015133857727,false,true,true,true,false,false,false,false
22215,SAMPLE,TARGET_LOCKED,true,0,0,0,155.67625427246,155.67625427246,-22.687934875488,0.022650599479675,false,true,true,true,false,false,false,false
22220,SAMPLE,TARGET_LOCKED,true,0,0,0,164.95262145996,164.95262145996,25.985548019409,-0.025910377502441,false,true,true,true,false,false,false,false
22225,SAMPLE,TARGET_LOCKED,true,0,0,0,175.71238708496,175.71238708496,82.186218261719,-0.071498870849609,false,true,true,true,false,false,false,false
22230,SAMPLE,TARGET_LOCKED,true,0,0,0,177.86930847168,177.86930847168,93.374656677246,-0.093454360961914,false,true,true,true,false,false,false,false
22235,SAMPLE,TARGET_LOCKED,true,0,0,0,179.97947692871,179.97947692871,104.28621673584,-0.10448026657104,false,true,true,true,false,false,false,false
22240,SAMPLE,TARGET_LOCKED,true,0,0,0,181.25007629395,181.25007629395,110.83790588379,-0.11104726791382,false,true,true,true,false,false,false,false
22245,SAMPLE,TARGET_LOCKED,true,0,0,0,181.56552124023,181.56552124023,112.46803283691,-0.11267709732056,false,true,true,true,false,false,false,false
22250,SAMPLE,TARGET_LOCKED,true,0,0,0,181.19860839844,181.19860839844,110.58144378662,-0.11075973510742,false,true,true,true,false,false,false,false
22255,SAMPLE,TARGET_LOCKED,true,0,0,0,181.06622314453,181.06622314453,109.89854431152,-0.11008882522583,false,true,true,true,false,false,false,false
22260,SAMPLE,TARGET_LOCKED,true,0,0,0,180.92208862305,180.92208862305,109.15348052979,-0.10932159423828,false,true,true,true,false,false,false,false
22265,SAMPLE,TARGET_LOCKED,true,0,0,0,181.03686523438,181.03686523438,109.74308776855,-0.10994482040405,false,true,true,true,false,false,false,false
22270,SAMPLE,TARGET_LOCKED,true,0,0,0,181.8443145752,181.8443145752,113.89814758301,-0.11411571502686,false,true,true,true,false,false,false,false
22275,SAMPLE,TARGET_LOCKED,true,0,0,0,182.79739379883,182.79739379883,118.8006362915,-0.11905336380005,false,true,true,true,false,false,false,false
22280,SAMPLE,TARGET_LOCKED,true,0,0,0,182.93495178223,182.93495178223,119.50863647461,-0.11977195739746,false,true,true,true,false,false,false,false
22285,SAMPLE,TARGET_LOCKED,true,0,0,0,183.00857543945,183.00857543945,119.88954925537,-0.12015581130981,false,true,true,true,false,false,false,false
22290,SAMPLE,TARGET_LOCKED,true,0,0,0,183.52159118652,183.52159118652,122.52504730225,-0.12279224395752,false,true,true,true,false,false,false,false
22295,SAMPLE,TARGET_LOCKED,true,0,0,0,184.08660888672,184.08660888672,125.42283630371,-0.12571668624878,false,true,true,true,false,false,false,false
22300,SAMPLE,TARGET_LOCKED,true,0,0,0,186.0466003418,186.0466003418,135.4476776123,-0.13583135604858,false,true,true,true,false,false,false,false
22305,SAMPLE,TARGET_LOCKED,true,0,0,0,188.09527587891,188.09527587891,145.88304138184,-0.14637756347656,false,true,true,true,false,false,false,false
22310,SAMPLE,TARGET_LOCKED,true,0,0,0,189.04887390137,189.04887390137,150.7250213623,-0.15126705169678,false,true,true,true,false,false,false,false
22315,SAMPLE,TARGET_LOCKED,true,0,0,0,190.71932983398,190.71932983398,159.17631530762,-0.15980005264282,false,true,true,true,false,false,false,false
22320,SAMPLE,TARGET_LOCKED,true,0,0,0,191.34016418457,191.34016418457,162.30514526367,-0.16301202774048,false,true,true,true,false,false,false,false
22325,SAMPLE,TARGET_LOCKED,true,0,0,0,192.24002075195,192.24002075195,166.82348632813,-0.16756582260132,false,true,true,true,false,false,false,false
22330,SAMPLE,TARGET_LOCKED,true,0,0,0,193.22120666504,193.22120666504,171.73403930664,-0.17259931564331,false,true,true,true,false,false,false,false
22335,SAMPLE,TARGET_LOCKED,true,0,0,0,181.31997680664,181.31997680664,111.17254638672,-0.17537975311279,false,true,true,true,false,false,false,false
22340,SAMPLE,TARGET_LOCKED,true,0,0,0,155.37254333496,155.37254333496,-24.271726608276,0.024232506752014,false,true,true,true,false,false,false,false
22345,SAMPLE,TARGET_LOCKED,true,0,0,0,158.12788391113,158.12788391113,-9.8249921798706,0.0097552537918091,true,false,false,false,true,false,false,false
22350,SAMPLE,TARGET_LOCKED,true,0,0,0,158.80923461914,158.80923461914,-6.2496218681335,0.0061600208282471,true,false,false,false,true,false,false,false
22355,SAMPLE,TARGET_LOCKED,true,0,0,0,159.51824951172,159.51824951172,-2.5285160541534,0.0024687051773071,true,false,false,false,true,false,false,false
22360,SAMPLE,TARGET_LOCKED,true,0,0,4,159.8050994873,159.8050994873,-1.0229610204697,0.00098276138305664,true,false,false,false,true,true,true,true
22365,SAMPLE,TARGET_LOCKED,true,0,0,9,159.87603759766,159.87603759766,-0.65063351392746,0.00059926509857178,true,false,false,false,true,true,true,true
22370,SAMPLE,TARGET_LOCKED,true,0,0,14,159.94984436035,159.94984436035,-0.26324880123138,0.00021576881408691,true,false,false,false,true,true,true,true
22375,SAMPLE,TARGET_LOCKED,true,0,0,0,142.51040649414,142.51040649414,-91.412216186523,0.09148895740509,false,true,true,true,false,false,false,false
22380,SAMPLE,TARGET_LOCKED,true,0,0,0,129.8413848877,129.8413848877,-156.33380126953,0.15692389011383,false,true,true,true,false,false,false,false
22385,SAMPLE,TARGET_LOCKED,true,0,0,0,137.9084777832,137.9084777832,-115.15906524658,0.11540985107422,false,true,true,true,false,false,false,false
22390,SAMPLE,TARGET_LOCKED,true,0,0,0,140.92573547363,140.92573547363,-99.588317871094,0.099782228469849,false,true,true,true,false,false,false,false
22395,SAMPLE,TARGET_LOCKED,true,0,0,0,141.5969543457,141.5969543457,-96.112663269043,0.096234798431396,false,true,true,true,false,false,false,false
22400,SAMPLE,TARGET_LOCKED,true,0,0,0,142.35473632813,142.35473632813,-92.183311462402,0.092303991317749,false,true,true,true,false,false,false,false
22405,SAMPLE,TARGET_LOCKED,true,0,0,0,142.64492797852,142.64492797852,-90.674194335938,0.090817928314209,false,true,true,true,false,false,false,false
22410,SAMPLE,TARGET_LOCKED,true,0,0,0,142.71578979492,142.71578979492,-90.304542541504,0.090434432029724,false,true,true,true,false,false,false,false
22415,SAMPLE,TARGET_LOCKED,true,0,0,0,142.91346740723,142.91346740723,-89.276039123535,0.089379668235779,false,true,true,true,false,false,false,false
22420,SAMPLE,TARGET_LOCKED,true,0,0,0,143.02810668945,143.02810668945,-88.680335998535,0.088804483413696,false,true,true,true,false,false,false,false
22425,SAMPLE,TARGET_LOCKED,true,0,0,0,143.05180358887,143.05180358887,-88.573516845703,0.088708519935608,false,true,true,true,false,false,false,false
22430,SAMPLE,TARGET_LOCKED,true,0,0,0,143.14608764648,143.14608764648,-88.107559204102,0.088181257247925,false,true,true,true,false,false,false,false
22435,SAMPLE,TARGET_LOCKED,true,0,0,0,142.99234008789,142.99234008789,-88.910308837891,0.088996171951294,false,true,true,true,false,false,false,false
22440,SAMPLE,TARGET_LOCKED,true,0,0,0,142.02972412109,142.02972412109,-93.902717590332,0.093981742858887,false,true,true,true,false,false,false,false
22445,SAMPLE,TARGET_LOCKED,true,0,0,0,141.13296508789,141.13296508789,-98.54118347168,0.098631739616394,false,true,true,true,false,false,false,false
22450,SAMPLE,TARGET_LOCKED,true,0,0,0,140.5240020752,140.5240020752,-101.68639373779,0.10184347629547,false,true,true,true,false,false,false,false
22455,SAMPLE,TARGET_LOCKED,true,0,0,0,139.65805053711,139.65805053711,-106.15799713135,0.10634970664978,false,true,true,true,false,false,false,false
22460,SAMPLE,TARGET_LOCKED,true,0,0,0,138.38909912109,138.38909912109,-112.6967086792,0.11291706562042,false,true,true,true,false,false,false,false
22465,SAMPLE,TARGET_LOCKED,true,0,0,0,137.40972900391,137.40972900391,-117.73497009277,0.11799848079681,false,true,true,true,false,false,false,false
22470,SAMPLE,TARGET_LOCKED,true,0,0,0,136.98416137695,136.98416137695,-119.9213104248,0.12020361423492,false,true,true,true,false,false,false,false
22475,SAMPLE,TARGET_LOCKED,true,0,0,0,136.25393676758,136.25393676758,-123.66732025146,0.12394273281097,false,true,true,true,false,false,false,false
22480,SAMPLE,TARGET_LOCKED,true,0,0,0,134.84211730957,134.84211730957,-130.90043640137,0.13127720355988,false,true,true,true,false,false,false,false
22485,SAMPLE,TARGET_LOCKED,true,0,0,0,133.07885742188,133.07885742188,-139.90849304199,0.1403374671936,false,true,true,true,false,false,false,false
22490,SAMPLE,TARGET_LOCKED,true,0,0,0,131.44442749023,131.44442749023,-148.22117614746,0.14872646331787,false,true,true,true,false,false,false,false
22495,SAMPLE,TARGET_LOCKED,true,0,0,0,130.68186950684,130.68186950684,-152.0858001709,0.15260934829712,false,true,true,true,false,false,false,false
22500,SAMPLE,TARGET_LOCKED,true,0,0,0,129.45617675781,129.45617675781,-158.27586364746,0.15888929367065,false,true,true,true,false,false,false,false
22505,SAMPLE,TARGET_LOCKED,true,0,0,0,129.13066101074,129.13066101074,-159.90843200684,0.16056704521179,false,true,true,true,false,false,false,false
22510,SAMPLE,TARGET_LOCKED,true,0,0,0,128.88990783691,128.88990783691,-161.1142578125,0.16181349754333,false,true,true,true,false,false,false,false
22515,SAMPLE,TARGET_LOCKED,true,0,0,0,128.54278564453,128.54278564453,-162.8571472168,0.16358721256256,false,true,true,true,false,false,false,false
22520,SAMPLE,TARGET_LOCKED,true,0,0,0,128.20278930664,128.20278930664,-164.56962585449,0.1653128862381,false,true,true,true,false,false,false,false
22525,SAMPLE,TARGET_LOCKED,true,0,0,0,128.25114440918,128.25114440918,-164.32525634766,0.1650732755661,false,true,true,true,false,false,false,false
22530,SAMPLE,TARGET_LOCKED,true,0,0,0,128.13725280762,128.13725280762,-164.89352416992,0.16564846038818,false,true,true,true,false,false,false,false
22535,SAMPLE,TARGET_LOCKED,true,0,0,0,128.2271270752,128.2271270752,-164.43821716309,0.1651691198349,false,true,true,true,false,false,false,false
22540,SAMPLE,TARGET_LOCKED,true,0,0,0,128.2423248291,128.2423248291,-164.35926818848,0.1651691198349,false,true,true,true,false,false,false,false
22545,SAMPLE,TARGET_LOCKED,true,0,0,0,128.2272644043,128.2272644043,-164.43493652344,0.1651691198349,false,true,true,true,false,false,false,false
22550,SAMPLE,TARGET_LOCKED,true,0,0,0,128.35321044922,128.35321044922,-163.79975891113,0.16454589366913,false,true,true,true,false,false,false,false
22555,SAMPLE,TARGET_LOCKED,true,0,0,0,128.48626708984,128.48626708984,-163.12812805176,0.16387486457825,false,true,true,true,false,false,false,false
22560,SAMPLE,TARGET_LOCKED,true,0,0,0,128.54098510742,128.54098510742,-162.85289001465,0.16358721256256,false,true,true,true,false,false,false,false
22565,SAMPLE,TARGET_LOCKED,true,0,0,0,128.67639160156,128.67639160156,-162.17161560059,0.16291606426239,false,true,true,true,false,false,false,false
22570,SAMPLE,TARGET_LOCKED,true,0,0,0,128.7872467041,128.7872467041,-161.61161804199,0.16234087944031,false,true,true,true,false,false,false,false
22575,SAMPLE,TARGET_LOCKED,true,0,0,0,128.89151000977,128.89151000977,-161.08592224121,0.16181349754333,false,true,true,true,false,false,false,false
22580,SAMPLE,TARGET_LOCKED,true,0,0,0,128.97305297852,128.97305297852,-160.67413330078,0.16138207912445,false,true,true,true,false,false,false,false
22585,SAMPLE,TARGET_LOCKED,true,0,0,0,129.04002380371,129.04002380371,-160.33561706543,0.16104650497437,false,true,true,true,false,false,false,false
22590,SAMPLE,TARGET_LOCKED,true,0,0,0,129.01441955566,129.01441955566,-160.46534729004,0.16114234924316,false,true,true,true,false,false,false,false
22595,SAMPLE,TARGET_LOCKED,true,0,0,0,129.09017944336,129.09017944336,-160.08605957031,0.16080689430237,false,true,true,true,false,false,false,false
22600,SAMPLE,TARGET_LOCKED,true,0,0,0,128.98233032227,128.98233032227,-160.6316986084,0.16133415699005,false,true,true,true,false,false,false,false
22605,SAMPLE,TARGET_LOCKED,true,0,0,0,129.08642578125,129.08642578125,-160.1079864502,0.16080689430237,false,true,true,true,false,false,false,false
22610,SAMPLE,TARGET_LOCKED,true,0,0,0,129.43528747559,129.43528747559,-158.34790039063,0.15903306007385,false,true,true,true,false,false,false,false
22615,SAMPLE,TARGET_LOCKED,true,0,0,0,129.55758666992,129.55758666992,-157.73275756836,0.15836191177368,false,true,true,true,false,false,false,false
22620,SAMPLE,TARGET_LOCKED,true,0,0,0,128.15670776367,128.15670776367,-164.7964630127,0.16555261611938,false,true,true,true,false,false,false,false
22625,SAMPLE,TARGET_LOCKED,true,0,0,0,125.70025634766,125.70025634766,-177.12480163574,0.17806434631348,false,true,true,true,false,false,false,false
22630,SAMPLE,TARGET_LOCKED,true,0,0,0,122.48289489746,122.48289489746,-193.13410949707,0.18597412109375,false,true,true,true,false,false,false,false
22635,SAMPLE,TARGET_LOCKED,true,0,0,0,120.96333312988,120.96333312988,-200.62809753418,0.202033162117,false,true,true,true,false,false,false,false
22640,SAMPLE,TARGET_LOCKED,true,0,0,0,118.29033660889,118.29033660889,-213.70063781738,0.21545577049255,false,true,true,true,false,false,false,false
22645,SAMPLE,TARGET_LOCKED,true,0,0,0,116.26718139648,116.26718139648,-223.49430847168,0.22557055950165,false,true,true,true,false,false,false,false
22650,SAMPLE,TARGET_LOCKED,true,0,0,0,114.87307739258,114.87307739258,-230.18516540527,0.23256945610046,false,true,true,true,false,false,false,false
22655,SAMPLE,TARGET_LOCKED,true,0,0,0,113.59823608398,113.59823608398,-236.27854919434,0.23884928226471,false,true,true,true,false,false,false,false
22660,SAMPLE,TARGET_LOCKED,true,0,0,0,112.66104125977,112.66104125977,-240.71322631836,0.24354708194733,false,true,true,true,false,false,false,false
22665,SAMPLE,TARGET_LOCKED,true,0,0,0,112.73533630371,112.73533630371,-240.33422851563,0.24316358566284,false,true,true,true,false,false,false,false
22670,SAMPLE,TARGET_LOCKED,true,0,0,0,112.91791534424,112.91791534424,-239.44163513184,0.24225282669067,false,true,true,true,false,false,false,false
22675,SAMPLE,TARGET_LOCKED,true,0,0,0,112.92625427246,112.92625427246,-239.37986755371,0.24220490455627,false,true,true,true,false,false,false,false
22680,SAMPLE,TARGET_LOCKED,true,0,0,0,112.57725524902,112.57725524902,-241.05282592773,0.24393057823181,false,true,true,true,false,false,false,false
22685,SAMPLE,TARGET_LOCKED,true,0,0,0,112.58990478516,112.58990478516,-241.00509643555,0.24388265609741,false,true,true,true,false,false,false,false
22690,SAMPLE,TARGET_LOCKED,true,0,0,0,112.75286865234,112.75286865234,-240.21978759766,0.24306774139404,false,true,true,true,false,false,false,false
22695,SAMPLE,TARGET_LOCKED,true,0,0,0,112.73011779785,112.73011779785,-240.30514526367,0.24316358566284,false,true,true,true,false,false,false,false
22700,SAMPLE,TARGET_LOCKED,true,0,0,0,113.06336975098,113.06336975098,-238.72874450684,0.2415337562561,false,true,true,true,false,false,false,false
22705,SAMPLE,TARGET_LOCKED,true,0,0,0,113.45230865479,113.45230865479,-236.93252563477,0.23961627483368,false,true,true,true,false,false,false,false
22710,SAMPLE,TARGET_LOCKED,true,0,0,0,113.89579772949,113.89579772949,-234.9947052002,0.23741114139557,false,true,true,true,false,false,false,false
22715,SAMPLE,TARGET_LOCKED,true,0,0,0,113.61582183838,113.61582183838,-236.46075439453,0.23875331878662,false,true,true,true,false,false,false,false
22720,SAMPLE,TARGET_LOCKED,true,0,0,0,113.22380828857,113.22380828857,-238.38340759277,0.24071884155273,false,true,true,true,false,false,false,false
22725,SAMPLE,TARGET_LOCKED,true,0,0,0,112.15342712402,112.15342712402,-243.55928039551,0.24599194526672,false,true,true,true,false,false,false,false
22730,SAMPLE,TARGET_LOCKED,true,0,0,0,111.38461303711,111.38461303711,-247.24243164063,0.24982702732086,false,true,true,true,false,false,false,false
22735,SAMPLE,TARGET_LOCKED,true,0,0,0,110.84747314453,110.84747314453,-249.80465698242,0.25246345996857,false,true,true,true,false,false,false,false
22740,SAMPLE,TARGET_LOCKED,true,0,0,0,110.65451049805,110.65451049805,-250.72354125977,0.25342226028442,false,true,true,true,false,false,false,false
22745,SAMPLE,TARGET_LOCKED,true,0,0,0,110.42574310303,110.42574310303,-251.81129455566,0.25452494621277,false,true,true,true,false,false,false,false
22750,SAMPLE,TARGET_LOCKED,true,0,0,0,110.35440063477,110.35440063477,-252.14881896973,0.25490844249725,false,true,true,true,false,false,false,false
22755,SAMPLE,TARGET_LOCKED,true,0,0,0,109.1704864502,109.1704864502,-257.76800537109,0.26070880889893,false,true,true,true,false,false,false,false
22760,SAMPLE,TARGET_LOCKED,true,0,0,0,108.41012573242,108.41012573242,-261.36239624023,0.26440000534058,false,true,true,true,false,false,false,false
22765,SAMPLE,TARGET_LOCKED,true,0,0,0,106.38746643066,106.38746643066,-270.87127685547,0.27427518367767,false,true,true,true,false,false,false,false
22770,SAMPLE,TARGET_LOCKED,true,0,0,0,103.79674530029,103.79674530029,-282.93432617188,0.28678691387177,false,true,true,true,false,false,false,false
22775,SAMPLE,TARGET_LOCKED,true,0,0,0,101.82290649414,101.82290649414,-292.02243041992,0.29632651805878,false,true,true,true,false,false,false,false
22780,SAMPLE,TARGET_LOCKED,true,0,0,0,101.08999633789,101.08999633789,-295.36880493164,0.29982590675354,false,true,true,true,false,false,false,false
22785,SAMPLE,TARGET_LOCKED,true,0,0,0,99.760215759277,99.760215759277,-301.4055480957,0.30620157718658,false,true,true,true,false,false,false,false
22790,SAMPLE,TARGET_LOCKED,true,0,0,0,97.986846923828,97.986846923828,-309.40548706055,0.31459069252014,false,true,true,true,false,false,false,false
22795,SAMPLE,TARGET_LOCKED,true,0,0,0,109.99940490723,109.99940490723,-253.73843383789,0.25663411617279,false,true,true,true,false,false,false,false
22800,SAMPLE,TARGET_LOCKED,true,0,0,0,130.96008300781,130.96008300781,-150.61737060547,0.15121924877167,false,true,true,true,false,false,false,false
22805,SAMPLE,TARGET_LOCKED,true,0,0,0,152.91729736328,152.91729736328,-37.129264831543,0.037127733230591,false,true,true,true,false,false,false,false
22810,SAMPLE,TARGET_LOCKED,true,0,0,0,161.99588012695,161.99588012695,10.467910766602,-0.01042652130127,true,false,false,false,true,false,false,false
22815,SAMPLE,TARGET_LOCKED,true,0,0,0,164.91275024414,164.91275024414,25.756258010864,-0.025718212127686,false,true,true,true,false,false,false,false
22820,SAMPLE,TARGET_LOCKED,true,0,0,0,167.17695617676,167.17695617676,37.607711791992,-0.037607192993164,false,true,true,true,false,false,false,false
22825,SAMPLE,TARGET_LOCKED,true,0,0,0,168.01330566406,168.01330566406,41.979343414307,-0.041969299316406,false,true,true,true,false,false,false,false
22830,SAMPLE,TARGET_LOCKED,true,0,0,0,168.26681518555,168.26681518555,43.302303314209,-0.043311595916748,false,true,true,true,false,false,false,false
22835,SAMPLE,TARGET_LOCKED,true,0,0,0,168.36714172363,168.36714172363,43.823181152344,-0.043838977813721,false,true,true,true,false,false,false,false
22840,SAMPLE,TARGET_LOCKED,true,0,0,0,168.9063873291,168.9063873291,46.63773727417,-0.046715259552002,false,true,true,true,false,false,false,false
22845,SAMPLE,TARGET_LOCKED,true,0,0,0,169.56327819824,169.56327819824,50.068733215332,-0.050118923187256,false,true,true,true,false,false,false,false
22850,SAMPLE,TARGET_LOCKED,true,0,0,0,169.84812927246,169.84812927246,51.555183410645,-0.051604747772217,false,true,true,true,false,false,false,false
22855,SAMPLE,TARGET_LOCKED,true,0,0,0,169.85084533691,169.85084533691,51.569778442383,-0.051604747772217,false,true,true,true,false,false,false,false
22860,SAMPLE,TARGET_LOCKED,true,0,0,0,169.76861572266,169.76861572266,51.143886566162,-0.051173686981201,false,true,true,true,false,false,false,false
22865,SAMPLE,TARGET_LOCKED,true,0,0,0,170.06080627441,170.06080627441,52.671432495117,-0.052707195281982,false,true,true,true,false,false,false,false
22870,SAMPLE,TARGET_LOCKED,true,0,0,0,170.15780639648,170.15780639648,53.176525115967,-0.053234577178955,false,true,true,true,false,false,false,false
22875,SAMPLE,TARGET_LOCKED,true,0,0,0,170.28410339355,170.28410339355,53.834911346436,-0.053905963897705,false,true,true,true,false,false,false,false
22880,SAMPLE,TARGET_LOCKED,true,0,0,0,170.5447845459,170.5447845459,55.19478225708,-0.055248260498047,false,true,true,true,false,false,false,false
22885,SAMPLE,TARGET_LOCKED,true,0,0,0,170.69900512695,170.69900512695,55.999160766602,-0.05582332611084,false,true,true,true,false,false,false,false
22890,SAMPLE,TARGET_LOCKED,true,0,0,0,170.78790283203,170.78790283203,56.463096618652,-0.05654239654541,false,true,true,true,false,false,false,false
22895,SAMPLE,TARGET_LOCKED,true,0,0,0,171.01766967773,171.01766967773,57.662006378174,-0.057740688323975,false,true,true,true,false,false,false,false
22900,SAMPLE,TARGET_LOCKED,true,0,0,0,171.2492980957,171.2492980957,58.869644165039,-0.058939456939697,false,true,true,true,false,false,false,false
22905,SAMPLE,TARGET_LOCKED,true,0,0,0,171.34562683105,171.34562683105,59.371959686279,-0.059418678283691,false,true,true,true,false,false,false,false
22910,SAMPLE,TARGET_LOCKED,true,0,0,0,171.5531463623,171.5531463623,60.455017089844,-0.060521125793457,false,true,true,true,false,false,false,false
22915,SAMPLE,TARGET_LOCKED,true,0,0,0,171.79621887207,171.79621887207,61.72257232666,-0.061767578125,false,true,true,true,false,false,false,false
22920,SAMPLE,TARGET_LOCKED,true,0,0,0,171.96234130859,171.96234130859,62.587730407715,-0.062678337097168,false,true,true,true,false,false,false,false
22925,SAMPLE,TARGET_LOCKED,true,0,0,0,171.60136413574,171.60136413574,60.720348358154,-0.060760974884033,false,true,true,true,false,false,false,false
22930,SAMPLE,TARGET_LOCKED,true,0,0,0,170.48524475098,170.48524475098,54.924896240234,-0.05496072769165,false,true,true,true,false,false,false,false
22935,SAMPLE,TARGET_LOCKED,true,0,0,0,169.59609985352,169.59609985352,50.295593261719,-0.050310611724854,false,true,true,true,false,false,false,false
22940,SAMPLE,TARGET_LOCKED,true,0,0,0,169.37745666504,169.37745666504,49.158836364746,-0.049160003662109,false,true,true,true,false,false,false,false
22945,SAMPLE,TARGET_LOCKED,true,0,0,0,169.26205444336,169.26205444336,48.555095672607,-0.048584461212158,false,true,true,true,false,false,false,false
22950,SAMPLE,TARGET_LOCKED,true,0,0,0,169.0093536377,169.0093536377,47.232238769531,-0.047242641448975,false,true,true,true,false,false,false,false
22955,SAMPLE,TARGET_LOCKED,true,0,0,0,168.54948425293,168.54948425293,44.825889587402,-0.044797897338867,false,true,true,true,false,false,false,false
22960,SAMPLE,TARGET_LOCKED,true,0,0,0,168.49385070801,168.49385070801,44.535236358643,-0.044510364532471,false,true,true,true,false,false,false,false
22965,SAMPLE,TARGET_LOCKED,true,0,0,0,168.46781921387,168.46781921387,44.399436950684,-0.044366359710693,false,true,true,true,false,false,false,false
22970,SAMPLE,TARGET_LOCKED,true,0,0,0,168.03375244141,168.03375244141,42.127914428711,-0.042113304138184,false,true,true,true,false,false,false,false
22975,SAMPLE,TARGET_LOCKED,true,0,0,0,167.60629272461,167.60629272461,39.890308380127,-0.039860248565674,false,true,true,true,false,false,false,false
22980,SAMPLE,TARGET_LOCKED,true,0,0,0,167.30717468262,167.30717468262,38.324195861816,-0.038278102874756,false,true,true,true,false,false,false,false
22985,SAMPLE,TARGET_LOCKED,true,0,0,0,167.10870361328,167.10870361328,37.284847259521,-0.037223339080811,false,true,true,true,false,false,false,false
22990,SAMPLE,TARGET_LOCKED,true,0,0,0,166.99320983887,166.99320983887,36.679954528809,-0.036648273468018,false,true,true,true,false,false,false,false
22995,SAMPLE,TARGET_LOCKED,true,0,0,0,166.72462463379,166.72462463379,35.272830963135,-0.035210132598877,false,true,true,true,false,false,false,false
23000,SAMPLE,TARGET_LOCKED,true,0,0,0,166.53094482422,166.53094482422,34.257884979248,-0.03420352935791,false,true,true,true,false,false,false,false
23005,SAMPLE,TARGET_LOCKED,true,0,0,0,166.81689453125,166.81689453125,35.756164550781,-0.035689830780029,false,true,true,true,false,false,false,false
23010,SAMPLE,TARGET_LOCKED,true,0,0,0,167.57751464844,167.57751464844,39.740215301514,-0.039716243743896,false,true,true,true,false,false,false,false
23015,SAMPLE,TARGET_LOCKED,true,0,0,0,168.4765625,168.4765625,44.444801330566,-0.044414043426514,false,true,true,true,false,false,false,false
23020,SAMPLE,TARGET_LOCKED,true,0,0,0,170.00746154785,170.00746154785,52.444103240967,-0.052419662475586,false,true,true,true,false,false,false,false
23025,SAMPLE,TARGET_LOCKED,true,0,0,0,171.1763458252,171.1763458252,58.541191101074,-0.058556079864502,false,true,true,true,false,false,false,false
23030,SAMPLE,TARGET_LOCKED,true,0,0,0,171.88858032227,171.88858032227,62.249607086182,-0.062246799468994,false,true,true,true,false,false,false,false
23035,SAMPLE,TARGET_LOCKED,true,0,0,0,172.32475280762,172.32475280762,64.516098022461,-0.064548015594482,false,true,true,true,false,false,false,false
23040,SAMPLE,TARGET_LOCKED,true,0,0,0,172.66741943359,172.66741943359,66.295272827148,-0.066321849822998,false,true,true,true,false,false,false,false
23045,SAMPLE,TARGET_LOCKED,true,0,0,0,173.14500427246,173.14500427246,68.778930664063,-0.068862438201904,false,true,true,true,false,false,false,false
23050,SAMPLE,TARGET_LOCKED,true,0,0,0,173.43453979492,173.43453979492,70.280319213867,-0.070348262786865,false,true,true,true,false,false,false,false
23055,SAMPLE,TARGET_LOCKED,true,0,0,0,173.61703491211,173.61703491211,71.224128723145,-0.071307182312012,false,true,true,true,false,false,false,false
23060,SAMPLE,TARGET_LOCKED,true,0,0,0,173.90219116211,173.90219116211,72.703056335449,-0.072793483734131,false,true,true,true,false,false,false,false
23065,SAMPLE,TARGET_LOCKED,true,0,0,0,174.13345336914,174.13345336914,73.900444030762,-0.074039936065674,false,true,true,true,false,false,false,false
23070,SAMPLE,TARGET_LOCKED,true,0,0,0,174.28648376465,174.28648376465,74.691970825195,-0.074806690216064,false,true,true,true,false,false,false,false
23075,SAMPLE,TARGET_LOCKED,true,0,0,0,174.42945861816,174.42945861816,75.432029724121,-0.075573444366455,false,true,true,true,false,false,false,false
23080,SAMPLE,TARGET_LOCKED,true,0,0,0,174.72482299805,174.72482299805,76.96378326416,-0.077107906341553,false,true,true,true,false,false,false,false
23085,SAMPLE,TARGET_LOCKED,true,0,0,0,174.91917419434,174.91917419434,77.969795227051,-0.07811450958252,false,true,true,true,false,false,false,false
23090,SAMPLE,TARGET_LOCKED,true,0,0,0,175.19934082031,175.19934082031,79.423065185547,-0.078929424285889,false,true,true,true,false,false,false,false
23095,SAMPLE,TARGET_LOCKED,true,0,0,0,175.28527832031,175.28527832031,79.868896484375,-0.080031871795654,false,true,true,true,false,false,false,false
23100,SAMPLE,TARGET_LOCKED,true,0,0,0,164.57362365723,164.57362365723,23.99564743042,-0.023944854736328,false,true,true,true,false,false,false,false
23105,SAMPLE,TARGET_LOCKED,true,0,0,0,162.5018157959,162.5018157959,13.129547119141,-0.013062953948975,true,false,false,false,false,false,false,false
23110,SAMPLE,TARGET_LOCKED,true,0,0,0,161.36851501465,161.36851501465,7.1825814247131,-0.0071187019348145,true,false,false,false,true,false,false,false
23115,SAMPLE,TARGET_LOCKED,true,0,0,0,160.4761505127,160.4761505127,2.4991309642792,-0.0044822692871094,true,false,false,false,true,false,false,false
23120,SAMPLE,TARGET_LOCKED,true,0,0,2,160.26045227051,160.31239318848,1.6396360397339,-0.0013184547424316,true,false,false,false,true,true,true,true
23125,SAMPLE,TARGET_LOCKED,true,0,0,7,160.14247131348,160.20497131348,1.0758193731308,-0.00069522857666016,true,false,false,false,true,true,true,true
23130,SAMPLE,TARGET_LOCKED,true,0,0,12,160.04957580566,160.09803771973,0.51456445455551,-0.00021553039550781,true,false,false,false,true,true,true,true
23135,SAMPLE,TARGET_LOCKED,true,0,0,17,160.0315246582,160.07147216797,0.3751315176487,-0.00011968612670898,true,false,false,false,true,true,true,true
23140,SAMPLE,TARGET_LOCKED,true,0,0,22,160.01275634766,160.03797912598,0.19933870434761,-2.3841857910156e-05,true,false,false,false,true,true,true,true
23145,SAMPLE,TARGET_LOCKED,true,0,0,27,160.00811767578,160.02769470215,0.14535947144032,2.3961067199707e-05,true,false,false,false,true,true,true,true
23150,SAMPLE,TARGET_LOCKED,true,0,0,32,160.00282287598,160.01324462891,0.069516263902187,-2.3841857910156e-05,true,false,false,false,true,true,true,true
23155,SAMPLE,TARGET_LOCKED,true,0,0,37,160.00114440918,160.00703430176,0.036920502781868,-2.3841857910156e-05,true,false,false,false,true,true,true,true
23160,SAMPLE,TARGET_LOCKED,true,0,0,42,160.00073242188,160.00512695313,0.026909522712231,-2.3841857910156e-05,true,false,false,false,true,true,true,true
23165,SAMPLE,TARGET_LOCKED,true,0,0,47,160.00028991699,160.00273132324,0.014335727319121,-2.3841857910156e-05,true,false,false,false,true,true,true,true
23168,TARGET_LOST,TARGET_LOST,true,0,0,50,160.00018310547,160.00198364258,0.01041142269969,-2.3841857910156e-05,true,false,false,false,true,true,true,true
23170,SAMPLE,IDLE,true,0,0,0,160.00012207031,160.00144958496,0.007608347106725,-2.3841857910156e-05,true,false,false,false,true,true,true,true
23175,SAMPLE,IDLE,true,0,0,0,160.00004577637,160.00068664551,0.0036039538681507,-2.3841857910156e-05,true,false,false,false,true,true,true,true
23180,SAMPLE,IDLE,true,0,0,0,160.00001525879,160.00045776367,0.0024026359897107,-2.3841857910156e-05,true,false,false,false,true,true,true,true
23185,SAMPLE,IDLE,true,0,0,0,160.00001525879,160.00030517578,0.0016017572488636,-2.3841857910156e-05,true,false,false,false,true,true,true,true
23190,SAMPLE,IDLE,true,0,0,0,160.0,160.00012207031,0.00064070289954543,0.0,true,false,false,false,true,true,true,true
23195,SAMPLE,IDLE,true,0,0,0,160.0,160.00009155273,0.0004805272037629,0.0,true,false,false,false,true,true,true,true
23200,SAMPLE,IDLE,true,0,0,0,160.0,160.00004577637,0.00024026360188145,0.0,true,false,false,false,true,true,true,true
23205,SAMPLE,IDLE,true,0,0,0,160.0,160.00003051758,0.00016017572488636,0.0,true,false,false,false,true,true,true,true
23210,SAMPLE,IDLE,true,0,0,0,160.0,160.00001525879,8.0087862443179e-05,0.0,true,false,false,false,true,true,true,true
23215,SAMPLE,IDLE,true,0,0,0,160.0,160.00001525879,8.0087862443179e-05,0.0,true,false,false,false,true,true,true,true
