category,score,address_hex,address_dec,live,hit,dead
DEATH_ONLY,100,0x00030A6B,199275,0,0,1
DEATH_ONLY,100,0x00044DB2,282034,1,1,2
DEATH_ONLY,100,0x00044DB3,282035,251,251,2
DEATH_ONLY,100,0x0005E4DB,386267,0,0,1
DEATH_ONLY,100,0x0005E4E3,386275,0,0,1
DEATH_ONLY,100,0x0005E598,386456,0,0,255
DEATH_ONLY,100,0x0005E599,386457,0,0,255
DEATH_ONLY,100,0x0005E59A,386458,0,0,255
DEATH_ONLY,100,0x0005E59B,386459,0,0,255
DEATH_ONLY,100,0x0005E59C,386460,0,0,128
DEATH_ONLY,100,0x0005E59D,386461,0,0,45
DEATH_ONLY,100,0x0005E59E,386462,0,0,78
DEATH_ONLY,100,0x0005E5B8,386488,0,0,255
DEATH_ONLY,100,0x0005E5B9,386489,0,0,255
DEATH_ONLY,100,0x0005E5BA,386490,0,0,255
DEATH_ONLY,100,0x0005E5BB,386491,0,0,255
DEATH_ONLY,100,0x0005EA0A,387594,233,233,232
DEATH_ONLY,100,0x0005F464,390244,248,248,0
DEATH_ONLY,100,0x0005F469,390249,18,18,0
DEATH_ONLY,100,0x0005F46B,390251,76,76,0
DEATH_ONLY,100,0x0005F480,390272,246,246,231
DEATH_ONLY,100,0x0005F483,390275,80,80,0
DEATH_ONLY,100,0x0005F485,390277,18,18,0
DEATH_ONLY,100,0x0005F487,390279,68,68,0
DEATH_ONLY,100,0x0005F688,390792,246,246,231
DEATH_ONLY,100,0x0005F689,390793,50,50,0
DEATH_ONLY,100,0x0005F68A,390794,192,192,0
DEATH_ONLY,100,0x0005F68B,390795,140,140,0
DEATH_ONLY,100,0x0005F68D,390797,50,50,0
DEATH_ONLY,100,0x0005F68E,390798,192,192,0
DEATH_ONLY,100,0x0005F68F,390799,128,128,0
DEATH_ONLY,100,0x0005F690,390800,246,246,184
DEATH_ONLY,100,0x0005F691,390801,56,56,0
DEATH_ONLY,100,0x0005F692,390802,64,64,0
DEATH_ONLY,100,0x0005F693,390803,140,140,0
DEATH_ONLY,100,0x0005F695,390805,56,56,0
DEATH_ONLY,100,0x0005F696,390806,64,64,0
DEATH_ONLY,100,0x0005F697,390807,128,128,0
DEATH_ONLY,100,0x00068E13,429587,0,0,1
DEATH_ONLY,100,0x0006A130,434480,68,68,67
DEATH_ONLY,100,0x0006A138,434488,128,128,0
DEATH_ONLY,100,0x0006A139,434489,6,6,0
DEATH_ONLY,100,0x0006A13A,434490,164,164,0
DEATH_ONLY,100,0x0006A13B,434491,192,192,0
DEATH_ONLY,100,0x0006A4C8,435400,0,0,70
DEATH_ONLY,100,0x0006A4C9,435401,0,0,149
DEATH_ONLY,100,0x0006A4CA,435402,0,0,65
DEATH_ONLY,100,0x0006A4CB,435403,0,0,140
DEATH_ONLY,100,0x0006A4CC,435404,0,0,194
DEATH_ONLY,100,0x0006A4CD,435405,0,0,202
DEATH_ONLY,100,0x0006A4CE,435406,0,0,1
DEATH_ONLY,100,0x0006A4CF,435407,0,0,34
DEATH_ONLY,100,0x0006A4D0,435408,0,0,70
DEATH_ONLY,100,0x0006A4D1,435409,0,0,131
DEATH_ONLY,100,0x0006A4D2,435410,0,0,36
DEATH_ONLY,100,0x0006A4D3,435411,0,0,38
DEATH_ONLY,100,0x0006A4D8,435416,0,0,67
DEATH_ONLY,100,0x0006A4DC,435420,128,128,0
DEATH_ONLY,100,0x0006A4DD,435421,6,6,0
DEATH_ONLY,100,0x0006A4DE,435422,161,161,0
DEATH_ONLY,100,0x0006A4DF,435423,24,24,0
DEATH_ONLY,100,0x0006A4ED,435437,0,0,255
DEATH_ONLY,100,0x0006A4EE,435438,0,0,255
DEATH_ONLY,100,0x0006D221,447009,27,27,28
DEATH_ONLY,100,0x00071634,464436,128,128,0
DEATH_ONLY,100,0x00071635,464437,6,6,0
DEATH_ONLY,100,0x00073DC8,474568,0,0,62
DEATH_ONLY,100,0x00073DC9,474569,0,0,190
DEATH_ONLY,100,0x00073DCA,474570,0,0,201
DEATH_ONLY,100,0x00073DCB,474571,0,0,27
DEATH_ONLY,100,0x00073DE0,474592,0,0,63
DEATH_ONLY,100,0x00073DE1,474593,0,0,127
DEATH_ONLY,100,0x00073DE2,474594,0,0,243
DEATH_ONLY,100,0x00073DE4,474596,0,0,188
DEATH_ONLY,100,0x00073DE5,474597,0,0,144
DEATH_ONLY,100,0x00073DE6,474598,0,0,80
DEATH_ONLY,100,0x00073DE7,474599,0,0,203
DEATH_ONLY,100,0x00073DE8,474600,0,0,188
DEATH_ONLY,100,0x00073DE9,474601,0,0,24
DEATH_ONLY,100,0x00073DEA,474602,0,0,29
DEATH_ONLY,100,0x00073DEB,474603,0,0,217
DEATH_ONLY,100,0x00073DF0,474608,0,0,60
DEATH_ONLY,100,0x00073DF1,474609,0,0,146
DEATH_ONLY,100,0x00073DF2,474610,0,0,180
DEATH_ONLY,100,0x00073DF3,474611,0,0,188
DEATH_ONLY,100,0x00073DF4,474612,0,0,63
DEATH_ONLY,100,0x00073DF5,474613,0,0,127
DEATH_ONLY,100,0x00073DF6,474614,0,0,211
DEATH_ONLY,100,0x00073DF7,474615,0,0,50
DEATH_ONLY,100,0x00073DF8,474616,0,0,61
DEATH_ONLY,100,0x00073DF9,474617,0,0,4
DEATH_ONLY,100,0x00073DFA,474618,0,0,122
DEATH_ONLY,100,0x00073DFB,474619,0,0,44
DEATH_ONLY,100,0x00073E00,474624,0,0,60
DEATH_ONLY,100,0x00073E01,474625,0,0,14
DEATH_ONLY,100,0x00073E02,474626,0,0,173
DEATH_ONLY,100,0x00073E03,474627,0,0,104
DEATH_ONLY,100,0x00073E04,474628,0,0,189
DEATH_ONLY,100,0x00073E05,474629,0,0,5
DEATH_ONLY,100,0x00073E06,474630,0,0,33
DEATH_ONLY,100,0x00073E07,474631,0,0,204
DEATH_ONLY,100,0x00073E08,474632,0,0,63
DEATH_ONLY,100,0x00073E09,474633,0,0,127
DEATH_ONLY,100,0x00073E0A,474634,0,0,218
DEATH_ONLY,100,0x00073E0B,474635,0,0,226
DEATH_ONLY,100,0x00073E1C,474652,0,0,63
DEATH_ONLY,100,0x00073E1D,474653,0,0,128
DEATH_ONLY,100,0x00073E20,474656,0,0,63
DEATH_ONLY,100,0x00073E21,474657,0,0,128
DEATH_ONLY,100,0x00073E24,474660,0,0,62
DEATH_ONLY,100,0x00073E25,474661,0,0,96
DEATH_ONLY,100,0x00073E26,474662,0,0,226
DEATH_ONLY,100,0x00073E27,474663,0,0,195
DEATH_ONLY,100,0x00073E28,474664,0,0,61
DEATH_ONLY,100,0x00073E29,474665,0,0,201
DEATH_ONLY,100,0x00073E2A,474666,0,0,184
DEATH_ONLY,100,0x00073E2B,474667,0,0,154
DEATH_ONLY,100,0x00073E2C,474668,0,0,62
DEATH_ONLY,100,0x00073E2D,474669,0,0,161
DEATH_ONLY,100,0x00073E2E,474670,0,0,67
DEATH_ONLY,100,0x00073E2F,474671,0,0,195
DEATH_ONLY,100,0x00073E30,474672,0,0,191
DEATH_ONLY,100,0x00073E31,474673,0,0,34
DEATH_ONLY,100,0x00073E32,474674,0,0,253
DEATH_ONLY,100,0x00073E33,474675,0,0,153
DEATH_ONLY,100,0x00073E34,474676,0,0,63
DEATH_ONLY,100,0x00073E35,474677,0,0,50
DEATH_ONLY,100,0x00073E36,474678,0,0,106
DEATH_ONLY,100,0x00073E37,474679,0,0,198
DEATH_ONLY,100,0x00073E38,474680,0,0,52
DEATH_ONLY,100,0x00073E39,474681,0,0,138
DEATH_ONLY,100,0x00073E3A,474682,0,0,9
DEATH_ONLY,100,0x00073E3B,474683,0,0,159
DEATH_ONLY,100,0x00073E3C,474684,0,0,62
DEATH_ONLY,100,0x00073E3D,474685,0,0,157
DEATH_ONLY,100,0x00073E3E,474686,0,0,109
DEATH_ONLY,100,0x00073E3F,474687,0,0,194
DEATH_ONLY,100,0x00073E40,474688,0,0,179
DEATH_ONLY,100,0x00073E41,474689,0,0,178
DEATH_ONLY,100,0x00073E42,474690,0,0,106
DEATH_ONLY,100,0x00073E43,474691,0,0,225
DEATH_ONLY,100,0x00073E44,474692,0,0,63
DEATH_ONLY,100,0x00073E45,474693,0,0,115
DEATH_ONLY,100,0x00073E46,474694,0,0,153
DEATH_ONLY,100,0x00073E47,474695,0,0,30
DEATH_ONLY,100,0x00073E4C,474700,0,0,61
DEATH_ONLY,100,0x00073E4D,474701,0,0,76
DEATH_ONLY,100,0x00073E4E,474702,0,0,204
DEATH_ONLY,100,0x00073E4F,474703,0,0,205
DEATH_ONLY,100,0x00073E53,474707,0,0,1
DEATH_ONLY,100,0x00073E60,474720,0,0,255
DEATH_ONLY,100,0x00073E61,474721,0,0,255
DEATH_ONLY,100,0x00073E62,474722,0,0,255
DEATH_ONLY,100,0x00073E63,474723,0,0,255
DEATH_ONLY,100,0x00073E6B,474731,0,0,44
DEATH_ONLY,100,0x00073E6E,474734,0,0,6
DEATH_ONLY,100,0x00073E6F,474735,0,0,38
DEATH_ONLY,100,0x00073E7B,474747,0,0,1
DEATH_ONLY,100,0x00073E80,474752,0,0,61
DEATH_ONLY,100,0x00073E81,474753,0,0,204
DEATH_ONLY,100,0x00073E82,474754,0,0,204
DEATH_ONLY,100,0x00073E83,474755,0,0,226
DEATH_ONLY,100,0x00073E84,474756,0,0,61
DEATH_ONLY,100,0x00073E85,474757,0,0,204
DEATH_ONLY,100,0x00073E86,474758,0,0,204
DEATH_ONLY,100,0x00073E87,474759,0,0,203
DEATH_ONLY,100,0x00073E88,474760,0,0,61
DEATH_ONLY,100,0x00073E89,474761,0,0,204
DEATH_ONLY,100,0x00073E8A,474762,0,0,204
DEATH_ONLY,100,0x00073E8B,474763,0,0,188
DEATH_ONLY,100,0x00073EA3,474787,0,0,85
DEATH_ONLY,100,0x00076AB9,486073,31,31,33
DEATH_ONLY,100,0x00076BC6,486342,107,107,106
DEATH_ONLY,100,0x00076BEE,486382,108,108,109
DEATH_ONLY,100,0x00076C16,486422,108,108,109
DEATH_ONLY,100,0x00076C4A,486474,169,169,171
DEATH_ONLY,100,0x00076C7A,486522,108,108,106
DEATH_ONLY,100,0x00076CAD,486573,31,31,33
DEATH_ONLY,100,0x00076CC1,486593,31,31,33
DEATH_ONLY,100,0x00076CF2,486642,109,109,108
DEATH_ONLY,100,0x00076CF6,486646,108,108,109
DEATH_ONLY,100,0x00076D1E,486686,108,108,107
DEATH_ONLY,100,0x00076D2E,486702,108,108,107
DEATH_ONLY,100,0x00079EF7,499447,0,0,1
DEATH_ONLY,100,0x00079F0F,499471,0,0,1
DEATH_ONLY,100,0x00082B11,535313,23,23,22
DEATH_ONLY,100,0x00082B13,535315,134,134,125
DEATH_ONLY,100,0x00083E48,540232,252,252,253
DEATH_ONLY,100,0x00083E49,540233,58,58,15
DEATH_ONLY,100,0x00083E4B,540235,128,128,139
DEATH_ONLY,100,0x00083E4D,540237,62,62,225
DEATH_ONLY,100,0x00083E68,540264,105,105,143
DEATH_ONLY,100,0x00083E6A,540266,116,116,148
DEATH_ONLY,100,0x00083E6B,540267,15,15,226
DEATH_ONLY,100,0x00083E6C,540268,112,112,240
DEATH_ONLY,100,0x00083E6D,540269,78,78,52
DEATH_ONLY,100,0x00083EC8,540360,253,253,252
DEATH_ONLY,100,0x00083EC9,540361,15,15,161
DEATH_ONLY,100,0x00083ECB,540363,139,139,128
DEATH_ONLY,100,0x00083ECD,540365,225,225,139
DEATH_ONLY,100,0x00083EE8,540392,143,143,34
DEATH_ONLY,100,0x00083EE9,540393,100,100,76
DEATH_ONLY,100,0x00083EEA,540394,148,148,116
DEATH_ONLY,100,0x00083EEB,540395,226,226,15
DEATH_ONLY,100,0x00083EEC,540396,240,240,123
DEATH_ONLY,100,0x00083EED,540397,52,52,0
DEATH_ONLY,100,0x0008D14F,577871,4,4,3
DEATH_ONLY,100,0x0008D153,577875,0,0,1
DEATH_ONLY,100,0x0008D157,577879,4,4,16
DEATH_ONLY,100,0x0008D167,577895,6,6,7
DEATH_ONLY,100,0x0008D16B,577899,6,6,4
DEATH_ONLY,100,0x0008D16F,577903,15,15,0
DEATH_ONLY,100,0x0008D173,577907,15,15,0
DEATH_ONLY,100,0x0008D17B,577915,4,4,3
DEATH_ONLY,100,0x0008D17F,577919,0,0,1
DEATH_ONLY,100,0x0008D183,577923,4,4,8
DEATH_ONLY,100,0x0008D186,577926,0,0,1
DEATH_ONLY,100,0x0008D197,577943,6,6,3
DEATH_ONLY,100,0x0008D19B,577947,0,0,1
DEATH_ONLY,100,0x0008D19F,577951,0,0,1
DEATH_ONLY,100,0x0008D1A7,577959,4,4,3
DEATH_ONLY,100,0x0008D1AB,577963,0,0,1
DEATH_ONLY,100,0x0008D1AF,577967,2,2,4
DEATH_ONLY,100,0x0008D1B3,577971,0,0,64
DEATH_ONLY,100,0x0008D1C3,577987,5,5,2
DEATH_ONLY,100,0x0008D1C7,577991,1,1,2
DEATH_ONLY,100,0x0008D1CB,577995,1,1,2
DEATH_ONLY,100,0x0008D1D3,578003,4,4,3
DEATH_ONLY,100,0x0008D1D7,578007,0,0,1
DEATH_ONLY,100,0x0008D1DB,578011,1,1,2
DEATH_ONLY,100,0x0008D1DF,578015,64,64,80
DEATH_ONLY,100,0x0008D1EF,578031,4,4,1
DEATH_ONLY,100,0x0008D1F3,578035,2,2,3
DEATH_ONLY,100,0x0008D1F7,578039,2,2,3
DEATH_ONLY,100,0x0008D1FF,578047,4,4,3
DEATH_ONLY,100,0x0008D203,578051,0,0,1
DEATH_ONLY,100,0x0008D20B,578059,80,80,84
DEATH_ONLY,100,0x0008D21B,578075,3,3,0
DEATH_ONLY,100,0x0008D21F,578079,3,3,4
DEATH_ONLY,100,0x0008D223,578083,3,3,4
DEATH_ONLY,100,0x0008D22B,578091,4,4,3
DEATH_ONLY,100,0x0008D22F,578095,0,0,1
DEATH_ONLY,100,0x0008D237,578103,88,88,85
DEATH_ONLY,100,0x0008D247,578119,2,2,0
DEATH_ONLY,100,0x0008D24B,578123,4,4,5
DEATH_ONLY,100,0x0008D24F,578127,4,4,5
DEATH_ONLY,100,0x0008D257,578135,4,4,3
DEATH_ONLY,100,0x0008D25B,578139,0,0,1
DEATH_ONLY,100,0x0008D263,578147,92,92,86
DEATH_ONLY,100,0x0008D273,578163,1,1,0
DEATH_ONLY,100,0x0008D277,578167,5,5,6
DEATH_ONLY,100,0x0008D27B,578171,5,5,6
DEATH_ONLY,100,0x0008D283,578179,4,4,3
DEATH_ONLY,100,0x0008D287,578183,0,0,2
DEATH_ONLY,100,0x0008D28B,578187,1,1,0
DEATH_ONLY,100,0x0008D28E,578190,1,1,0
DEATH_ONLY,100,0x0008D28F,578191,94,94,0
DEATH_ONLY,100,0x0008D2A3,578211,6,6,0
DEATH_ONLY,100,0x0008D2A7,578215,6,6,0
DEATH_ONLY,100,0x0008D2B6,578230,0,0,1
DEATH_ONLY,100,0x0008D2BB,578235,254,254,62
DEATH_ONLY,100,0x0008D2CF,578255,254,254,30
DEATH_ONLY,100,0x0008D2E3,578275,126,126,14
DEATH_ONLY,100,0x0008D2F7,578295,62,62,6
DEATH_ONLY,100,0x0008D30B,578315,30,30,2
DEATH_ONLY,100,0x0008D31F,578335,14,14,2
DEATH_ONLY,100,0x0008D333,578355,6,6,2
DEATH_ONLY,100,0x0008D337,578359,1,1,0
DEATH_ONLY,100,0x0008D352,578386,202,202,234
DEATH_ONLY,100,0x0008D353,578387,162,162,210
DEATH_ONLY,100,0x0008D356,578390,201,201,234
DEATH_ONLY,100,0x0008D357,578391,128,128,8
DEATH_ONLY,100,0x0008D35A,578394,1,1,0
DEATH_ONLY,100,0x0008D35B,578395,110,110,92
DEATH_ONLY,100,0x0008D35E,578398,1,1,0
DEATH_ONLY,100,0x0008D35F,578399,192,192,112
DEATH_ONLY,100,0x00091250,594512,255,255,0
DEATH_ONLY,100,0x00091251,594513,249,249,30
DEATH_ONLY,100,0x00091254,594516,255,255,0
DEATH_ONLY,100,0x00091255,594517,221,221,0
DEATH_ONLY,100,0x00091256,594518,0,0,13
DEATH_ONLY,100,0x00091257,594519,0,0,77
DEATH_ONLY,100,0x00091258,594520,248,248,0
DEATH_ONLY,100,0x00091259,594521,67,67,0
DEATH_ONLY,100,0x0009125A,594522,2,2,0
DEATH_ONLY,100,0x0009125B,594523,27,27,3
DEATH_ONLY,100,0x0009125E,594526,0,0,16
DEATH_ONLY,100,0x0009125F,594527,255,255,186
DEATH_ONLY,100,0x00091261,594529,58,58,0
DEATH_ONLY,100,0x00091262,594530,255,255,14
DEATH_ONLY,100,0x00091263,594531,96,96,8
DEATH_ONLY,100,0x00091265,594533,16,16,0
DEATH_ONLY,100,0x00091267,594535,0,0,81
DEATH_ONLY,100,0x00091268,594536,251,251,0
DEATH_ONLY,100,0x00091269,594537,188,188,0
DEATH_ONLY,100,0x0009126A,594538,2,2,17
DEATH_ONLY,100,0x0009126B,594539,138,138,145
DEATH_ONLY,100,0x0009126C,594540,133,133,0
DEATH_ONLY,100,0x0009126D,594541,133,133,35
DEATH_ONLY,100,0x00091271,594545,24,24,0
DEATH_ONLY,100,0x00091272,594546,255,255,13
DEATH_ONLY,100,0x00091273,594547,115,115,140
DEATH_ONLY,100,0x00091275,594549,203,203,255
DEATH_ONLY,100,0x00091276,594550,0,0,255
DEATH_ONLY,100,0x00091277,594551,0,0,231
DEATH_ONLY,100,0x00091278,594552,249,249,0
DEATH_ONLY,100,0x00091279,594553,223,223,0
DEATH_ONLY,100,0x0009127A,594554,4,4,16
DEATH_ONLY,100,0x0009127B,594555,93,93,186
DEATH_ONLY,100,0x0009127E,594558,0,0,14
DEATH_ONLY,100,0x0009127F,594559,255,255,77
DEATH_ONLY,100,0x00091281,594561,46,46,0
DEATH_ONLY,100,0x00091282,594562,255,255,0
DEATH_ONLY,100,0x00091283,594563,146,146,81
DEATH_ONLY,100,0x00091285,594565,7,7,0
DEATH_ONLY,100,0x00091286,594566,0,0,17
DEATH_ONLY,100,0x00091287,594567,0,0,60
DEATH_ONLY,100,0x00091288,594568,252,252,0
DEATH_ONLY,100,0x00091289,594569,36,36,44
DEATH_ONLY,100,0x0009128C,594572,116,116,0
DEATH_ONLY,100,0x0009128D,594573,116,116,0
DEATH_ONLY,100,0x0009128E,594574,116,116,13
DEATH_ONLY,100,0x0009128F,594575,255,255,197
DEATH_ONLY,100,0x00091290,594576,0,0,255
DEATH_ONLY,100,0x00091291,594577,15,15,255
DEATH_ONLY,100,0x00091292,594578,0,0,255
DEATH_ONLY,100,0x00091293,594579,15,15,231
DEATH_ONLY,100,0x00091294,594580,255,255,0
DEATH_ONLY,100,0x00091295,594581,207,207,0
DEATH_ONLY,100,0x00091296,594582,0,0,17
DEATH_ONLY,100,0x00091297,594583,0,0,18
DEATH_ONLY,100,0x00091298,594584,252,252,0
DEATH_ONLY,100,0x00091299,594585,115,115,0
DEATH_ONLY,100,0x0009129A,594586,9,9,14
DEATH_ONLY,100,0x0009129B,594587,1,1,77
DEATH_ONLY,100,0x0009129C,594588,116,116,0
DEATH_ONLY,100,0x0009129D,594589,116,116,0
DEATH_ONLY,100,0x0009129E,594590,116,116,0
DEATH_ONLY,100,0x0009129F,594591,255,255,88
DEATH_ONLY,100,0x000912A0,594592,255,255,0
DEATH_ONLY,100,0x000912A1,594593,206,206,0
DEATH_ONLY,100,0x000912A2,594594,255,255,17
DEATH_ONLY,100,0x000912A3,594595,179,179,198
DEATH_ONLY,100,0x000912A4,594596,255,255,0
DEATH_ONLY,100,0x000912A5,594597,148,148,47
DEATH_ONLY,100,0x000912A8,594600,248,248,0
DEATH_ONLY,100,0x000912A9,594601,83,83,0
DEATH_ONLY,100,0x000912AA,594602,7,7,13
DEATH_ONLY,100,0x000912AB,594603,203,203,189
DEATH_ONLY,100,0x000912AC,594604,0,0,255
DEATH_ONLY,100,0x000912AD,594605,0,0,255
DEATH_ONLY,100,0x000912AE,594606,0,0,255
DEATH_ONLY,100,0x000912AF,594607,255,255,231
DEATH_ONLY,100,0x000912B0,594608,255,255,0
DEATH_ONLY,100,0x000912B1,594609,202,202,0
DEATH_ONLY,100,0x000912B2,594610,0,0,17
DEATH_ONLY,100,0x000912B3,594611,61,61,1
DEATH_ONLY,100,0x000912B4,594612,255,255,0
DEATH_ONLY,100,0x000912B5,594613,137,137,0
DEATH_ONLY,100,0x000912B6,594614,0,0,14
DEATH_ONLY,100,0x000912B7,594615,0,0,86
DEATH_ONLY,100,0x000912B8,594616,250,250,0
DEATH_ONLY,100,0x000912B9,594617,95,95,0
DEATH_ONLY,100,0x000912BA,594618,12,12,0
DEATH_ONLY,100,0x000912BB,594619,13,13,103
DEATH_ONLY,100,0x000912BC,594620,136,136,0
DEATH_ONLY,100,0x000912BD,594621,136,136,0
DEATH_ONLY,100,0x000912BE,594622,136,136,17
DEATH_ONLY,100,0x000912BF,594623,255,255,211
DEATH_ONLY,100,0x000912C0,594624,255,255,0
DEATH_ONLY,100,0x000912C1,594625,232,232,51
DEATH_ONLY,100,0x000912C4,594628,255,255,0
DEATH_ONLY,100,0x000912C5,594629,195,195,0
DEATH_ONLY,100,0x000912C6,594630,0,0,13
DEATH_ONLY,100,0x000912C7,594631,0,0,77
DEATH_ONLY,100,0x000912C8,594632,248,248,255
DEATH_ONLY,100,0x000912C9,594633,83,83,255
DEATH_ONLY,100,0x000912CA,594634,4,4,255
DEATH_ONLY,100,0x000912CB,594635,72,72,231
DEATH_ONLY,100,0x000912CE,594638,0,0,17
DEATH_ONLY,100,0x000912CF,594639,255,255,1
DEATH_ONLY,100,0x000912D2,594642,254,254,14
DEATH_ONLY,100,0x000912D3,594643,211,211,86
DEATH_ONLY,100,0x000912D4,594644,255,255,0
DEATH_ONLY,100,0x000912D5,594645,226,226,0
DEATH_ONLY,100,0x000912D7,594647,0,0,106
DEATH_ONLY,100,0x000912D8,594648,247,247,0
DEATH_ONLY,100,0x000912D9,594649,49,49,0
DEATH_ONLY,100,0x000912DA,594650,255,255,17
DEATH_ONLY,100,0x000912DB,594651,168,168,212
DEATH_ONLY,100,0x000912DD,594653,0,0,55
DEATH_ONLY,100,0x000912E0,594656,255,255,0
DEATH_ONLY,100,0x000912E1,594657,249,249,0
DEATH_ONLY,100,0x000912E2,594658,0,0,13
DEATH_ONLY,100,0x000912E3,594659,143,143,137
DEATH_ONLY,100,0x000912E5,594661,221,221,255
DEATH_ONLY,100,0x000912E6,594662,0,0,255
DEATH_ONLY,100,0x000912E7,594663,0,0,244
DEATH_ONLY,100,0x000912E8,594664,254,254,0
DEATH_ONLY,100,0x000912E9,594665,134,134,0
DEATH_ONLY,100,0x000912EA,594666,12,12,16
DEATH_ONLY,100,0x000912EB,594667,214,214,186
DEATH_ONLY,100,0x000912EC,594668,127,127,0
DEATH_ONLY,100,0x000912ED,594669,127,127,0
DEATH_ONLY,100,0x000912EE,594670,127,127,14
DEATH_ONLY,100,0x000912EF,594671,255,255,4
DEATH_ONLY,100,0x000912F0,594672,255,255,0
DEATH_ONLY,100,0x000912F1,594673,232,232,0
DEATH_ONLY,100,0x000912F3,594675,199,199,81
DEATH_ONLY,100,0x000912F4,594676,255,255,0
DEATH_ONLY,100,0x000912F5,594677,195,195,0
DEATH_ONLY,100,0x000912F6,594678,0,0,17
DEATH_ONLY,100,0x000912F7,594679,0,0,190
DEATH_ONLY,100,0x000912F8,594680,254,254,0
DEATH_ONLY,100,0x000912F9,594681,151,151,59
DEATH_ONLY,100,0x000912FC,594684,146,146,0
DEATH_ONLY,100,0x000912FD,594685,146,146,0
DEATH_ONLY,100,0x000912FE,594686,146,146,13
DEATH_ONLY,100,0x000912FF,594687,255,255,204
DEATH_ONLY,100,0x00091301,594689,206,206,255
DEATH_ONLY,100,0x00091302,594690,1,1,255
DEATH_ONLY,100,0x00091303,594691,33,33,244
DEATH_ONLY,100,0x00091304,594692,255,255,0
DEATH_ONLY,100,0x00091305,594693,148,148,0
DEATH_ONLY,100,0x00091306,594694,0,0,16
DEATH_ONLY,100,0x00091307,594695,0,0,186
DEATH_ONLY,100,0x00091308,594696,254,254,0
DEATH_ONLY,100,0x00091309,594697,150,150,0
DEATH_ONLY,100,0x0009130A,594698,18,18,14
DEATH_ONLY,100,0x0009130B,594699,134,134,68
DEATH_ONLY,100,0x0009130C,594700,143,143,0
DEATH_ONLY,100,0x0009130D,594701,143,143,0
DEATH_ONLY,100,0x0009130E,594702,143,143,0
DEATH_ONLY,100,0x0009130F,594703,255,255,81
DEATH_ONLY,100,0x00091310,594704,255,255,0
DEATH_ONLY,100,0x00091311,594705,202,202,0
DEATH_ONLY,100,0x00091312,594706,0,0,17
DEATH_ONLY,100,0x00091313,594707,61,61,30
DEATH_ONLY,100,0x00091314,594708,255,255,0
DEATH_ONLY,100,0x00091315,594709,137,137,63
DEATH_ONLY,100,0x00091318,594712,250,250,0
DEATH_ONLY,100,0x00091319,594713,95,95,0
DEATH_ONLY,100,0x0009131A,594714,12,12,13
DEATH_ONLY,100,0x0009131B,594715,13,13,77
DEATH_ONLY,100,0x0009131C,594716,136,136,255
DEATH_ONLY,100,0x0009131D,594717,136,136,255
DEATH_ONLY,100,0x0009131E,594718,136,136,255
DEATH_ONLY,100,0x0009131F,594719,255,255,240
DEATH_ONLY,100,0x00091320,594720,255,255,0
DEATH_ONLY,100,0x00091321,594721,206,206,0
DEATH_ONLY,100,0x00091322,594722,1,1,16
DEATH_ONLY,100,0x00091323,594723,33,33,241
DEATH_ONLY,100,0x00091324,594724,255,255,0
DEATH_ONLY,100,0x00091325,594725,148,148,0
DEATH_ONLY,100,0x00091326,594726,0,0,14
DEATH_ONLY,100,0x00091327,594727,0,0,61
DEATH_ONLY,100,0x00091328,594728,254,254,0
DEATH_ONLY,100,0x00091329,594729,150,150,0
DEATH_ONLY,100,0x0009132A,594730,18,18,0
DEATH_ONLY,100,0x0009132B,594731,134,134,81
DEATH_ONLY,100,0x0009132C,594732,143,143,0
DEATH_ONLY,100,0x0009132D,594733,143,143,0
DEATH_ONLY,100,0x0009132E,594734,143,143,17
DEATH_ONLY,100,0x0009132F,594735,255,255,145
DEATH_ONLY,100,0x00091330,594736,255,255,0
DEATH_ONLY,100,0x00091331,594737,187,187,92
DEATH_ONLY,100,0x00091334,594740,255,255,0
DEATH_ONLY,100,0x00091335,594741,76,76,0
DEATH_ONLY,100,0x00091336,594742,0,0,13
DEATH_ONLY,100,0x00091337,594743,0,0,80
DEATH_ONLY,100,0x00091338,594744,253,253,255
DEATH_ONLY,100,0x00091339,594745,192,192,255
DEATH_ONLY,100,0x0009133A,594746,21,21,255
DEATH_ONLY,100,0x0009133B,594747,166,166,231
DEATH_ONLY,100,0x0009133E,594750,0,0,17
DEATH_ONLY,100,0x0009133F,594751,255,255,95
DEATH_ONLY,100,0x00091341,594753,147,147,0
DEATH_ONLY,100,0x00091342,594754,1,1,13
DEATH_ONLY,100,0x00091343,594755,100,100,201
DEATH_ONLY,100,0x00091344,594756,0,0,255
DEATH_ONLY,100,0x00091345,594757,48,48,255
DEATH_ONLY,100,0x00091346,594758,0,0,255
DEATH_ONLY,100,0x00091347,594759,0,0,244
DEATH_ONLY,100,0x00091348,594760,5,5,0
DEATH_ONLY,100,0x00091349,594761,167,167,0
DEATH_ONLY,100,0x0009134A,594762,6,6,17
DEATH_ONLY,100,0x0009134B,594763,111,111,190
DEATH_ONLY,100,0x0009134C,594764,68,68,0
DEATH_ONLY,100,0x0009134D,594765,68,68,96
DEATH_ONLY,100,0x00091351,594769,52,52,0
DEATH_ONLY,100,0x00091352,594770,1,1,13
DEATH_ONLY,100,0x00091353,594771,100,100,139
DEATH_ONLY,100,0x00091355,594773,250,250,255
DEATH_ONLY,100,0x00091356,594774,0,0,255
DEATH_ONLY,100,0x00091357,594775,0,0,231
DEATH_ONLY,100,0x00091358,594776,3,3,0
DEATH_ONLY,100,0x00091359,594777,62,62,0
DEATH_ONLY,100,0x0009135A,594778,8,8,16
DEATH_ONLY,100,0x0009135B,594779,127,127,186
DEATH_ONLY,100,0x0009135C,594780,127,127,0
DEATH_ONLY,100,0x0009135D,594781,127,127,0
DEATH_ONLY,100,0x0009135E,594782,127,127,14
DEATH_ONLY,100,0x0009135F,594783,255,255,8
DEATH_ONLY,100,0x00091360,594784,0,0,255
DEATH_ONLY,100,0x00091361,594785,138,138,255
DEATH_ONLY,100,0x00091362,594786,1,1,255
DEATH_ONLY,100,0x00091363,594787,5,5,244
DEATH_ONLY,100,0x00091365,594789,62,62,0
DEATH_ONLY,100,0x00091366,594790,0,0,17
DEATH_ONLY,100,0x00091367,594791,0,0,185
DEATH_ONLY,100,0x00091368,594792,4,4,0
DEATH_ONLY,100,0x00091369,594793,87,87,100
DEATH_ONLY,100,0x0009136C,594796,68,68,0
DEATH_ONLY,100,0x0009136D,594797,68,68,0
DEATH_ONLY,100,0x0009136E,594798,68,68,13
DEATH_ONLY,100,0x0009136F,594799,255,255,200
DEATH_ONLY,100,0x00091370,594800,0,0,255
DEATH_ONLY,100,0x00091371,594801,46,46,255
DEATH_ONLY,100,0x00091372,594802,1,1,255
DEATH_ONLY,100,0x00091373,594803,0,0,231
DEATH_ONLY,100,0x00091375,594805,7,7,0
DEATH_ONLY,100,0x00091376,594806,0,0,16
DEATH_ONLY,100,0x00091377,594807,0,0,188
DEATH_ONLY,100,0x00091378,594808,1,1,0
DEATH_ONLY,100,0x00091379,594809,218,218,0
DEATH_ONLY,100,0x0009137A,594810,5,5,14
DEATH_ONLY,100,0x0009137B,594811,239,239,38
DEATH_ONLY,100,0x0009137C,594812,93,93,255
DEATH_ONLY,100,0x0009137D,594813,93,93,255
DEATH_ONLY,100,0x0009137E,594814,93,93,255
DEATH_ONLY,100,0x0009137F,594815,255,255,244
DEATH_ONLY,100,0x00091380,594816,255,255,0
DEATH_ONLY,100,0x00091381,594817,205,205,0
DEATH_ONLY,100,0x00091382,594818,1,1,17
DEATH_ONLY,100,0x00091383,594819,89,89,0
DEATH_ONLY,100,0x00091384,594820,255,255,0
DEATH_ONLY,100,0x00091385,594821,172,172,104
DEATH_ONLY,100,0x00091389,594825,13,13,0
DEATH_ONLY,100,0x0009138A,594826,10,10,14
DEATH_ONLY,100,0x0009138B,594827,173,173,4
DEATH_ONLY,100,0x0009138C,594828,106,106,255
DEATH_ONLY,100,0x0009138D,594829,106,106,255
DEATH_ONLY,100,0x0009138E,594830,106,106,255
DEATH_ONLY,100,0x0009138F,594831,255,255,231
DEATH_ONLY,100,0x00091391,594833,148,148,0
DEATH_ONLY,100,0x00091392,594834,0,0,16
DEATH_ONLY,100,0x00091393,594835,217,217,233
DEATH_ONLY,100,0x00091395,594837,53,53,0
DEATH_ONLY,100,0x00091396,594838,0,0,14
DEATH_ONLY,100,0x00091397,594839,0,0,68
DEATH_ONLY,100,0x00091398,594840,3,3,255
DEATH_ONLY,100,0x00091399,594841,148,148,255
DEATH_ONLY,100,0x0009139A,594842,2,2,255
DEATH_ONLY,100,0x0009139B,594843,222,222,244
DEATH_ONLY,100,0x0009139C,594844,68,68,0
DEATH_ONLY,100,0x0009139D,594845,68,68,0
DEATH_ONLY,100,0x0009139E,594846,68,68,17
DEATH_ONLY,100,0x0009139F,594847,255,255,25
DEATH_ONLY,100,0x000913A1,594849,58,58,129
DEATH_ONLY,100,0x000913A5,594853,16,16,0
DEATH_ONLY,100,0x000913A6,594854,0,0,13
DEATH_ONLY,100,0x000913A7,594855,0,0,80
DEATH_ONLY,100,0x000913A8,594856,1,1,255
DEATH_ONLY,100,0x000913A9,594857,109,109,255
DEATH_ONLY,100,0x000913AA,594858,4,4,255
DEATH_ONLY,100,0x000913AB,594859,96,96,231
DEATH_ONLY,100,0x000913AC,594860,135,135,0
DEATH_ONLY,100,0x000913AD,594861,135,135,0
DEATH_ONLY,100,0x000913AE,594862,135,135,16
DEATH_ONLY,100,0x000913AF,594863,255,255,191
DEATH_ONLY,100,0x000913B1,594865,148,148,0
DEATH_ONLY,100,0x000913B2,594866,0,0,14
DEATH_ONLY,100,0x000913B3,594867,217,217,4
DEATH_ONLY,100,0x000913B4,594868,0,0,255
DEATH_ONLY,100,0x000913B5,594869,53,53,255
DEATH_ONLY,100,0x000913B6,594870,0,0,255
DEATH_ONLY,100,0x000913B7,594871,0,0,232
DEATH_ONLY,100,0x000913B8,594872,3,3,0
DEATH_ONLY,100,0x000913B9,594873,148,148,0
DEATH_ONLY,100,0x000913BA,594874,2,2,17
DEATH_ONLY,100,0x000913BB,594875,222,222,185
DEATH_ONLY,100,0x000913BC,594876,150,150,0
DEATH_ONLY,100,0x000913BD,594877,150,150,138
DEATH_ONLY,100,0x000913C1,594881,141,141,0
DEATH_ONLY,100,0x000913C2,594882,0,0,13
DEATH_ONLY,100,0x000913C3,594883,158,158,197
DEATH_ONLY,100,0x000913C4,594884,0,0,255
DEATH_ONLY,100,0x000913C5,594885,75,75,255
DEATH_ONLY,100,0x000913C6,594886,0,0,255
DEATH_ONLY,100,0x000913C7,594887,0,0,231
DEATH_ONLY,100,0x000913C8,594888,3,3,0
DEATH_ONLY,100,0x000913C9,594889,2,2,0
DEATH_ONLY,100,0x000913CA,594890,1,1,16
DEATH_ONLY,100,0x000913CB,594891,61,61,236
DEATH_ONLY,100,0x000913CC,594892,68,68,0
DEATH_ONLY,100,0x000913CD,594893,68,68,0
DEATH_ONLY,100,0x000913CE,594894,68,68,14
DEATH_ONLY,100,0x000913CF,594895,255,255,68
DEATH_ONLY,100,0x000913D0,594896,0,0,255
DEATH_ONLY,100,0x000913D1,594897,68,68,255
DEATH_ONLY,100,0x000913D2,594898,0,0,255
DEATH_ONLY,100,0x000913D3,594899,134,134,244
DEATH_ONLY,100,0x000913D5,594901,24,24,0
DEATH_ONLY,100,0x000913D6,594902,0,0,17
DEATH_ONLY,100,0x000913D7,594903,0,0,190
DEATH_ONLY,100,0x000913D9,594905,149,149,172
DEATH_ONLY,100,0x000913DC,594908,89,89,0
DEATH_ONLY,100,0x000913DD,594909,89,89,0
DEATH_ONLY,100,0x000913DE,594910,89,89,13
DEATH_ONLY,100,0x000913DF,594911,255,255,94
DEATH_ONLY,100,0x000913E1,594913,154,154,0
DEATH_ONLY,100,0x000913E3,594915,85,85,66
DEATH_ONLY,100,0x000913E5,594917,69,69,0
DEATH_ONLY,100,0x000913E6,594918,0,0,16
DEATH_ONLY,100,0x000913E7,594919,0,0,199
DEATH_ONLY,100,0x000913E8,594920,1,1,0
DEATH_ONLY,100,0x000913E9,594921,235,235,0
DEATH_ONLY,100,0x000913EA,594922,255,255,13
DEATH_ONLY,100,0x000913EB,594923,66,66,246
DEATH_ONLY,100,0x000913EC,594924,68,68,0
DEATH_ONLY,100,0x000913ED,594925,68,68,0
DEATH_ONLY,100,0x000913EE,594926,68,68,0
DEATH_ONLY,100,0x000913EF,594927,255,255,69
DEATH_ONLY,100,0x000913F1,594929,68,68,0
DEATH_ONLY,100,0x000913F2,594930,0,0,17
DEATH_ONLY,100,0x000913F3,594931,49,49,132
DEATH_ONLY,100,0x000913F5,594933,24,24,187
DEATH_ONLY,100,0x000913F8,594936,255,255,0
DEATH_ONLY,100,0x000913F9,594937,64,64,0
DEATH_ONLY,100,0x000913FA,594938,0,0,13
DEATH_ONLY,100,0x000913FB,594939,50,50,94
DEATH_ONLY,100,0x000913FF,594943,255,255,66
DEATH_ONLY,100,0x00091401,594945,149,149,0
DEATH_ONLY,100,0x00091402,594946,255,255,17
DEATH_ONLY,100,0x00091403,594947,246,246,111
DEATH_ONLY,100,0x00091405,594949,61,61,0
DEATH_ONLY,100,0x00091406,594950,0,0,13
DEATH_ONLY,100,0x00091407,594951,0,0,121
DEATH_ONLY,100,0x00091409,594953,45,45,0
DEATH_ONLY,100,0x0009140A,594954,253,253,0
DEATH_ONLY,100,0x0009140B,594955,10,10,69
DEATH_ONLY,100,0x0009140E,594958,0,0,17
DEATH_ONLY,100,0x0009140F,594959,255,255,132
DEATH_ONLY,100,0x00091411,594961,68,68,30
DEATH_ONLY,100,0x00091415,594965,24,24,0
DEATH_ONLY,100,0x00091416,594966,0,0,12
DEATH_ONLY,100,0x00091417,594967,0,0,213
DEATH_ONLY,100,0x00091418,594968,255,255,0
DEATH_ONLY,100,0x00091419,594969,64,64,0
DEATH_ONLY,100,0x0009141B,594971,50,50,3
DEATH_ONLY,100,0x0009141C,594972,93,93,0
DEATH_ONLY,100,0x0009141D,594973,93,93,0
DEATH_ONLY,100,0x0009141E,594974,93,93,16
DEATH_ONLY,100,0x0009141F,594975,255,255,181
DEATH_ONLY,100,0x00091421,594977,68,68,0
DEATH_ONLY,100,0x00091422,594978,0,0,13
DEATH_ONLY,100,0x00091423,594979,134,134,84
DEATH_ONLY,100,0x00091425,594981,24,24,0
DEATH_ONLY,100,0x00091427,594983,0,0,81
DEATH_ONLY,100,0x00091429,594985,149,149,0
DEATH_ONLY,100,0x0009142A,594986,2,2,17
DEATH_ONLY,100,0x0009142B,594987,83,83,100
DEATH_ONLY,100,0x0009142C,594988,89,89,0
DEATH_ONLY,100,0x0009142D,594989,89,89,35
DEATH_ONLY,100,0x00091430,594992,255,255,0
DEATH_ONLY,100,0x00091431,594993,249,249,0
DEATH_ONLY,100,0x00091432,594994,0,0,13
DEATH_ONLY,100,0x00091433,594995,143,143,17
DEATH_ONLY,100,0x00091434,594996,255,255,0
DEATH_ONLY,100,0x00091435,594997,221,221,0
DEATH_ONLY,100,0x00091437,594999,0,0,3
DEATH_ONLY,100,0x00091438,595000,254,254,0
DEATH_ONLY,100,0x00091439,595001,121,121,0
DEATH_ONLY,100,0x0009143A,595002,4,4,16
DEATH_ONLY,100,0x0009143C,595004,127,127,0
DEATH_ONLY,100,0x0009143D,595005,127,127,0
DEATH_ONLY,100,0x0009143E,595006,127,127,13
DEATH_ONLY,100,0x0009143F,595007,255,255,144
DEATH_ONLY,100,0x00091441,595009,58,58,0
DEATH_ONLY,100,0x00091443,595011,206,206,81
DEATH_ONLY,100,0x00091445,595013,16,16,0
DEATH_ONLY,100,0x00091446,595014,0,0,17
DEATH_ONLY,100,0x00091447,595015,0,0,100
DEATH_ONLY,100,0x00091448,595016,1,1,0
DEATH_ONLY,100,0x00091449,595017,109,109,39
DEATH_ONLY,100,0x0009144C,595020,135,135,0
DEATH_ONLY,100,0x0009144D,595021,135,135,0
DEATH_ONLY,100,0x0009144E,595022,135,135,13
DEATH_ONLY,100,0x0009144F,595023,255,255,20
DEATH_ONLY,100,0x00091451,595025,24,24,0
DEATH_ONLY,100,0x00091453,595027,224,224,3
DEATH_ONLY,100,0x00091454,595028,255,255,0
DEATH_ONLY,100,0x00091455,595029,203,203,0
DEATH_ONLY,100,0x00091456,595030,0,0,16
DEATH_ONLY,100,0x00091457,595031,0,0,96
DEATH_ONLY,100,0x00091458,595032,255,255,0
DEATH_ONLY,100,0x00091459,595033,211,211,0
DEATH_ONLY,100,0x0009145A,595034,6,6,13
DEATH_ONLY,100,0x0009145B,595035,31,31,204
DEATH_ONLY,100,0x0009145C,595036,130,130,0
DEATH_ONLY,100,0x0009145D,595037,130,130,0
DEATH_ONLY,100,0x0009145E,595038,130,130,0
DEATH_ONLY,100,0x0009145F,595039,255,255,81
DEATH_ONLY,100,0x00091461,595041,46,46,0
DEATH_ONLY,100,0x00091462,595042,1,1,16
DEATH_ONLY,100,0x00091463,595043,0,0,226
DEATH_ONLY,100,0x00091465,595045,7,7,43
DEATH_ONLY,100,0x00091468,595048,1,1,0
DEATH_ONLY,100,0x00091469,595049,218,218,0
DEATH_ONLY,100,0x0009146A,595050,5,5,12
DEATH_ONLY,100,0x0009146B,595051,239,239,213
DEATH_ONLY,100,0x0009146C,595052,93,93,255
DEATH_ONLY,100,0x0009146D,595053,93,93,255
DEATH_ONLY,100,0x0009146E,595054,93,93,255
DEATH_ONLY,100,0x0009146F,595055,255,255,244
DEATH_ONLY,100,0x00091470,595056,255,255,0
DEATH_ONLY,100,0x00091471,595057,205,205,0
DEATH_ONLY,100,0x00091472,595058,1,1,16
DEATH_ONLY,100,0x00091473,595059,89,89,141
DEATH_ONLY,100,0x00091474,595060,255,255,0
DEATH_ONLY,100,0x00091475,595061,172,172,0
DEATH_ONLY,100,0x00091476,595062,0,0,13
DEATH_ONLY,100,0x00091477,595063,0,0,204
DEATH_ONLY,100,0x00091479,595065,13,13,0
DEATH_ONLY,100,0x0009147A,595066,10,10,0
DEATH_ONLY,100,0x0009147B,595067,173,173,81
DEATH_ONLY,100,0x0009147C,595068,106,106,0
DEATH_ONLY,100,0x0009147D,595069,106,106,0
DEATH_ONLY,100,0x0009147E,595070,106,106,17
DEATH_ONLY,100,0x0009147F,595071,255,255,55
DEATH_ONLY,100,0x00091480,595072,255,255,0
DEATH_ONLY,100,0x00091481,595073,206,206,52
DEATH_ONLY,100,0x00091484,595076,255,255,0
DEATH_ONLY,100,0x00091485,595077,148,148,0
DEATH_ONLY,100,0x00091486,595078,0,0,13
DEATH_ONLY,100,0x00091487,595079,0,0,17
DEATH_ONLY,100,0x00091488,595080,254,254,255
DEATH_ONLY,100,0x00091489,595081,175,175,255
DEATH_ONLY,100,0x0009148A,595082,9,9,255
DEATH_ONLY,100,0x0009148B,595083,126,126,244
DEATH_ONLY,100,0x0009148C,595084,143,143,0
DEATH_ONLY,100,0x0009148D,595085,143,143,0
DEATH_ONLY,100,0x0009148E,595086,143,143,16
DEATH_ONLY,100,0x0009148F,595087,255,255,96
DEATH_ONLY,100,0x00091490,595088,255,255,0
DEATH_ONLY,100,0x00091491,595089,187,187,0
DEATH_ONLY,100,0x00091492,595090,1,1,13
DEATH_ONLY,100,0x00091493,595091,100,100,204
DEATH_ONLY,100,0x00091494,595092,255,255,0
DEATH_ONLY,100,0x00091495,595093,76,76,0
DEATH_ONLY,100,0x00091497,595095,0,0,3
DEATH_ONLY,100,0x00091498,595096,253,253,0
DEATH_ONLY,100,0x00091499,595097,246,246,0
DEATH_ONLY,100,0x0009149A,595098,12,12,17
DEATH_ONLY,100,0x0009149B,595099,68,68,100
DEATH_ONLY,100,0x0009149D,595101,0,0,81
DEATH_ONLY,100,0x000914A0,595104,255,255,0
DEATH_ONLY,100,0x000914A1,595105,232,232,0
DEATH_ONLY,100,0x000914A2,595106,0,0,12
DEATH_ONLY,100,0x000914A3,595107,199,199,213
DEATH_ONLY,100,0x000914A5,595109,195,195,255
DEATH_ONLY,100,0x000914A6,595110,0,0,255
DEATH_ONLY,100,0x000914A7,595111,0,0,231
DEATH_ONLY,100,0x000914A8,595112,254,254,0
DEATH_ONLY,100,0x000914A9,595113,152,152,0
DEATH_ONLY,100,0x000914AA,595114,6,6,17
DEATH_ONLY,100,0x000914AB,595115,86,86,5
DEATH_ONLY,100,0x000914AC,595116,146,146,0
DEATH_ONLY,100,0x000914AD,595117,146,146,0
DEATH_ONLY,100,0x000914AE,595118,146,146,13
DEATH_ONLY,100,0x000914AF,595119,255,255,20
DEATH_ONLY,100,0x000914B0,595120,0,0,255
DEATH_ONLY,100,0x000914B1,595121,15,15,255
DEATH_ONLY,100,0x000914B2,595122,0,0,255
DEATH_ONLY,100,0x000914B3,595123,15,15,244
DEATH_ONLY,100,0x000914B4,595124,255,255,0
DEATH_ONLY,100,0x000914B5,595125,207,207,0
DEATH_ONLY,100,0x000914B6,595126,0,0,17
DEATH_ONLY,100,0x000914B7,595127,0,0,55
DEATH_ONLY,100,0x000914B8,595128,252,252,0
DEATH_ONLY,100,0x000914B9,595129,119,119,85
DEATH_ONLY,100,0x000914BC,595132,116,116,0
DEATH_ONLY,100,0x000914BD,595133,116,116,0
DEATH_ONLY,100,0x000914BE,595134,116,116,12
DEATH_ONLY,100,0x000914BF,595135,255,255,216
DEATH_ONLY,100,0x000914C0,595136,0,0,255
DEATH_ONLY,100,0x000914C1,595137,68,68,255
DEATH_ONLY,100,0x000914C2,595138,0,0,255
DEATH_ONLY,100,0x000914C3,595139,49,49,231
DEATH_ONLY,100,0x000914C5,595141,24,24,0
DEATH_ONLY,100,0x000914C6,595142,0,0,17
DEATH_ONLY,100,0x000914C7,595143,0,0,5
DEATH_ONLY,100,0x000914C8,595144,255,255,0
DEATH_ONLY,100,0x000914C9,595145,64,64,0
DEATH_ONLY,100,0x000914CA,595146,0,0,13
DEATH_ONLY,100,0x000914CB,595147,50,50,80
DEATH_ONLY,100,0x000914CC,595148,0,0,255
DEATH_ONLY,100,0x000914CD,595149,0,0,255
DEATH_ONLY,100,0x000914CE,595150,0,0,255
DEATH_ONLY,100,0x000914CF,595151,255,255,244
DEATH_ONLY,100,0x000914D0,595152,255,255,0
DEATH_ONLY,100,0x000914D1,595153,184,184,0
DEATH_ONLY,100,0x000914D2,595154,0,0,17
DEATH_ONLY,100,0x000914D3,595155,187,187,100
DEATH_ONLY,100,0x000914D5,595157,72,72,89
DEATH_ONLY,100,0x000914D8,595160,255,255,0
DEATH_ONLY,100,0x000914D9,595161,113,113,0
DEATH_ONLY,100,0x000914DA,595162,7,7,13
DEATH_ONLY,100,0x000914DB,595163,155,155,20
DEATH_ONLY,100,0x000914DC,595164,68,68,255
DEATH_ONLY,100,0x000914DD,595165,68,68,255
DEATH_ONLY,100,0x000914DE,595166,68,68,255
DEATH_ONLY,100,0x000914DF,595167,255,255,231
DEATH_ONLY,100,0x000914E1,595169,31,31,0
DEATH_ONLY,100,0x000914E2,595170,1,1,16
DEATH_ONLY,100,0x000914E3,595171,6,6,96
DEATH_ONLY,100,0x000914E5,595173,192,192,0
DEATH_ONLY,100,0x000914E6,595174,0,0,13
DEATH_ONLY,100,0x000914E7,595175,0,0,144
DEATH_ONLY,100,0x000914E8,595176,250,250,255
DEATH_ONLY,100,0x000914E9,595177,131,131,255
DEATH_ONLY,100,0x000914EA,595178,5,5,255
DEATH_ONLY,100,0x000914EB,595179,186,186,244
DEATH_ONLY,100,0x000914EC,595180,68,68,0
DEATH_ONLY,100,0x000914ED,595181,68,68,0
DEATH_ONLY,100,0x000914EE,595182,68,68,17
DEATH_ONLY,100,0x000914EF,595183,255,255,95
DEATH_ONLY,100,0x000914F1,595185,51,51,93
DEATH_ONLY,100,0x000914F5,595189,177,177,0
DEATH_ONLY,100,0x000914F6,595190,0,0,13
DEATH_ONLY,100,0x000914F7,595191,0,0,80
DEATH_ONLY,100,0x000914F8,595192,252,252,255
DEATH_ONLY,100,0x000914F9,595193,30,30,255
DEATH_ONLY,100,0x000914FA,595194,4,4,255
DEATH_ONLY,100,0x000914FB,595195,77,77,231
DEATH_ONLY,100,0x000914FC,595196,68,68,0
DEATH_ONLY,100,0x000914FD,595197,68,68,0
DEATH_ONLY,100,0x000914FE,595198,68,68,16
DEATH_ONLY,100,0x000914FF,595199,255,255,101
DEATH_ONLY,100,0x00091500,595200,255,255,0
DEATH_ONLY,100,0x00091501,595201,184,184,0
DEATH_ONLY,100,0x00091502,595202,1,1,13
DEATH_ONLY,100,0x00091503,595203,6,6,204
DEATH_ONLY,100,0x00091504,595204,0,0,255
DEATH_ONLY,100,0x00091505,595205,72,72,255
DEATH_ONLY,100,0x00091506,595206,0,0,255
DEATH_ONLY,100,0x00091507,595207,0,0,244
DEATH_ONLY,100,0x00091508,595208,253,253,0
DEATH_ONLY,100,0x00091509,595209,203,203,0
DEATH_ONLY,100,0x0009150A,595210,9,9,16
DEATH_ONLY,100,0x0009150B,595211,33,33,188
DEATH_ONLY,100,0x0009150C,595212,68,68,0
DEATH_ONLY,100,0x0009150D,595213,68,68,97
DEATH_ONLY,100,0x00091510,595216,255,255,0
DEATH_ONLY,100,0x00091511,595217,184,184,0
DEATH_ONLY,100,0x00091512,595218,0,0,12
DEATH_ONLY,100,0x00091513,595219,187,187,246
DEATH_ONLY,100,0x00091514,595220,0,0,255
DEATH_ONLY,100,0x00091515,595221,72,72,255
DEATH_ONLY,100,0x00091516,595222,0,0,255
DEATH_ONLY,100,0x00091517,595223,0,0,231
DEATH_ONLY,100,0x00091518,595224,255,255,0
DEATH_ONLY,100,0x00091519,595225,113,113,0
DEATH_ONLY,100,0x0009151A,595226,7,7,16
DEATH_ONLY,100,0x0009151B,595227,155,155,143
DEATH_ONLY,100,0x0009151C,595228,68,68,0
DEATH_ONLY,100,0x0009151D,595229,68,68,0
DEATH_ONLY,100,0x0009151E,595230,68,68,13
DEATH_ONLY,100,0x0009151F,595231,255,255,202
DEATH_ONLY,100,0x00091521,595233,111,111,255
DEATH_ONLY,100,0x00091522,595234,0,0,255
DEATH_ONLY,100,0x00091523,595235,187,187,244
DEATH_ONLY,100,0x00091524,595236,255,255,0
DEATH_ONLY,100,0x00091525,595237,212,212,0
DEATH_ONLY,100,0x00091526,595238,0,0,17
DEATH_ONLY,100,0x00091527,595239,0,0,50
DEATH_ONLY,100,0x00091528,595240,2,2,0
DEATH_ONLY,100,0x00091529,595241,65,65,122
DEATH_ONLY,100,0x0009152C,595244,48,48,0
DEATH_ONLY,100,0x0009152D,595245,48,48,0
DEATH_ONLY,100,0x0009152E,595246,48,48,12
DEATH_ONLY,100,0x0009152F,595247,255,255,216
DEATH_ONLY,100,0x00091531,595249,184,184,255
DEATH_ONLY,100,0x00091532,595250,1,1,255
DEATH_ONLY,100,0x00091533,595251,6,6,231
DEATH_ONLY,100,0x00091535,595253,72,72,0
DEATH_ONLY,100,0x00091536,595254,0,0,16
DEATH_ONLY,100,0x00091537,595255,0,0,101
DEATH_ONLY,100,0x00091538,595256,253,253,0
DEATH_ONLY,100,0x00091539,595257,203,203,0
DEATH_ONLY,100,0x0009153A,595258,9,9,13
DEATH_ONLY,100,0x0009153B,595259,33,33,140
DEATH_ONLY,100,0x0009153C,595260,68,68,255
DEATH_ONLY,100,0x0009153D,595261,68,68,255
DEATH_ONLY,100,0x0009153E,595262,68,68,255
DEATH_ONLY,100,0x0009153F,595263,255,255,232
DEATH_ONLY,100,0x00091540,595264,255,255,0
DEATH_ONLY,100,0x00091541,595265,111,111,0
DEATH_ONLY,100,0x00091542,595266,1,1,17
DEATH_ONLY,100,0x00091543,595267,6,6,95
DEATH_ONLY,100,0x00091544,595268,255,255,0
DEATH_ONLY,100,0x00091545,595269,212,212,126
DEATH_ONLY,100,0x00091549,595273,155,155,0
DEATH_ONLY,100,0x0009154B,595275,42,42,230
DEATH_ONLY,100,0x0009154C,595276,48,48,255
DEATH_ONLY,100,0x0009154D,595277,48,48,255
DEATH_ONLY,100,0x0009154E,595278,48,48,255
DEATH_ONLY,100,0x0009154F,595279,255,255,231
DEATH_ONLY,100,0x00091550,595280,255,255,0
DEATH_ONLY,100,0x00091551,595281,122,122,0
DEATH_ONLY,100,0x00091552,595282,0,0,16
DEATH_ONLY,100,0x00091553,595283,187,187,146
DEATH_ONLY,100,0x00091554,595284,255,255,0
DEATH_ONLY,100,0x00091555,595285,80,80,0
DEATH_ONLY,100,0x00091556,595286,0,0,13
DEATH_ONLY,100,0x00091557,595287,0,0,200
DEATH_ONLY,100,0x00091558,595288,4,4,0
DEATH_ONLY,100,0x00091559,595289,44,44,0
DEATH_ONLY,100,0x0009155A,595290,13,13,0
DEATH_ONLY,100,0x0009155B,595291,51,51,69
DEATH_ONLY,100,0x0009155E,595294,0,0,17
DEATH_ONLY,100,0x0009155F,595295,255,255,87
DEATH_ONLY,100,0x00091560,595296,255,255,0
DEATH_ONLY,100,0x00091561,595297,132,132,154
DEATH_ONLY,100,0x00091564,595300,255,255,0
DEATH_ONLY,100,0x00091565,595301,68,68,0
DEATH_ONLY,100,0x00091566,595302,0,0,12
DEATH_ONLY,100,0x00091567,595303,0,0,230
DEATH_ONLY,100,0x00091568,595304,2,2,0
DEATH_ONLY,100,0x00091569,595305,149,149,0
DEATH_ONLY,100,0x0009156A,595306,14,14,0
DEATH_ONLY,100,0x0009156B,595307,222,222,66
DEATH_ONLY,100,0x0009156E,595310,0,0,16
DEATH_ONLY,100,0x0009156F,595311,255,255,109
DEATH_ONLY,100,0x00091570,595312,255,255,0
DEATH_ONLY,100,0x00091571,595313,151,151,0
DEATH_ONLY,100,0x00091572,595314,0,0,13
DEATH_ONLY,100,0x00091573,595315,112,112,186
DEATH_ONLY,100,0x00091575,595317,78,78,0
DEATH_ONLY,100,0x00091577,595319,0,0,69
DEATH_ONLY,100,0x00091578,595320,1,1,0
DEATH_ONLY,100,0x00091579,595321,112,112,0
DEATH_ONLY,100,0x0009157A,595322,6,6,17
DEATH_ONLY,100,0x0009157B,595323,69,69,42
DEATH_ONLY,100,0x0009157C,595324,68,68,0
DEATH_ONLY,100,0x0009157D,595325,68,68,169
DEATH_ONLY,100,0x00091581,595329,51,51,0
DEATH_ONLY,100,0x00091582,595330,0,0,13
DEATH_ONLY,100,0x00091583,595331,187,187,34
DEATH_ONLY,100,0x00091585,595333,177,177,0
DEATH_ONLY,100,0x00091587,595335,0,0,66
DEATH_ONLY,100,0x00091588,595336,252,252,0
DEATH_ONLY,100,0x00091589,595337,30,30,0
DEATH_ONLY,100,0x0009158A,595338,4,4,16
DEATH_ONLY,100,0x0009158B,595339,77,77,109
DEATH_ONLY,100,0x0009158C,595340,68,68,0
DEATH_ONLY,100,0x0009158D,595341,68,68,0
DEATH_ONLY,100,0x0009158E,595342,68,68,13
DEATH_ONLY,100,0x0009158F,595343,255,255,161
DEATH_ONLY,100,0x00091591,595345,31,31,0
DEATH_ONLY,100,0x00091593,595347,112,112,69
DEATH_ONLY,100,0x00091595,595349,192,192,0
DEATH_ONLY,100,0x00091596,595350,0,0,17
DEATH_ONLY,100,0x00091597,595351,0,0,87
DEATH_ONLY,100,0x00091598,595352,253,253,0
DEATH_ONLY,100,0x00091599,595353,205,205,172
DEATH_ONLY,100,0x0009159C,595356,68,68,0
DEATH_ONLY,100,0x0009159D,595357,68,68,0
DEATH_ONLY,100,0x0009159E,595358,68,68,13
DEATH_ONLY,100,0x0009159F,595359,255,255,185
DEATH_ONLY,100,0x000915A0,595360,255,255,0
DEATH_ONLY,100,0x000915A1,595361,111,111,0
DEATH_ONLY,100,0x000915A3,595363,112,112,66
DEATH_ONLY,100,0x000915A4,595364,255,255,0
DEATH_ONLY,100,0x000915A5,595365,212,212,0
DEATH_ONLY,100,0x000915A6,595366,0,0,16
DEATH_ONLY,100,0x000915A7,595367,0,0,173
DEATH_ONLY,100,0x000915A8,595368,3,3,0
DEATH_ONLY,100,0x000915A9,595369,230,230,0
DEATH_ONLY,100,0x000915AA,595370,9,9,13
DEATH_ONLY,100,0x000915AB,595371,29,29,186
DEATH_ONLY,100,0x000915AC,595372,48,48,0
DEATH_ONLY,100,0x000915AD,595373,48,48,0
DEATH_ONLY,100,0x000915AE,595374,48,48,0
DEATH_ONLY,100,0x000915AF,595375,255,255,69
DEATH_ONLY,100,0x000915B0,595376,255,255,0
DEATH_ONLY,100,0x000915B1,595377,102,102,0
DEATH_ONLY,100,0x000915B2,595378,0,0,16
DEATH_ONLY,100,0x000915B3,595379,112,112,175
DEATH_ONLY,100,0x000D396C,866668,62,62,63
DEATH_ONLY,100,0x000D3C38,867384,192,192,191
DEATH_ONLY,100,0x000D41F2,868850,0,0,32
DEATH_ONLY,100,0x000D41F4,868852,0,0,32
DEATH_ONLY,100,0x000D595B,874843,0,0,1
DEATH_ONLY,100,0x000D6359,877401,3,3,0
DEATH_ONLY,100,0x000D6362,877410,64,64,0
DEATH_ONLY,100,0x000D636C,877420,16,16,0
DEATH_ONLY,100,0x000D6374,877428,100,100,0
DEATH_ONLY,100,0x000D6376,877430,157,157,0
DEATH_ONLY,100,0x000D6392,877458,56,56,0
DEATH_ONLY,100,0x000D6393,877459,6,6,0
DEATH_ONLY,100,0x000D6398,877464,6,6,188
DEATH_ONLY,100,0x000D63A0,877472,1,1,183
DEATH_ONLY,100,0x000D63A1,877473,3,3,0
DEATH_ONLY,100,0x000D63A3,877475,64,64,0
DEATH_ONLY,100,0x000D63A7,877479,224,224,0
DEATH_ONLY,100,0x000D63AD,877485,1,1,0
DEATH_ONLY,100,0x000D63B9,877497,3,3,0
DEATH_ONLY,100,0x000D63D1,877521,3,3,0
DEATH_ONLY,100,0x000D63D3,877523,64,64,0
DEATH_ONLY,100,0x000D63E4,877540,16,16,0
DEATH_ONLY,100,0x000D63EB,877547,8,8,0
DEATH_ONLY,100,0x000D63EC,877548,100,100,0
DEATH_ONLY,100,0x000D63EE,877550,157,157,0
DEATH_ONLY,100,0x000D63FA,877562,4,4,0
DEATH_ONLY,100,0x000D6415,877589,9,9,0
DEATH_ONLY,100,0x000D6419,877593,3,3,0
DEATH_ONLY,100,0x000D6425,877605,1,1,0
DEATH_ONLY,100,0x000D6431,877617,3,3,0
DEATH_ONLY,100,0x000D6733,878387,6,6,0
DEATH_ONLY,100,0x000D7078,880760,186,186,179
DEATH_ONLY,100,0x000D707C,880764,0,0,4
DEATH_ONLY,100,0x000D707E,880766,0,0,4
DEATH_ONLY,100,0x000D70C4,880836,0,0,4
DEATH_ONLY,100,0x000D776C,882540,0,0,4
DEATH_ONLY,100,0x000D7B15,883477,15,15,0
DEATH_ONLY,100,0x000D7B23,883491,6,6,0
DEATH_ONLY,100,0x000D7BCB,883659,0,0,2
DEATH_ONLY,100,0x000D7FF4,884724,0,0,7
DEATH_ONLY,100,0x000D8457,885847,0,0,32
DEATH_ONLY,100,0x000D8479,885881,0,0,38
DEATH_ONLY,100,0x000D847C,885884,0,0,31
DEATH_ONLY,100,0x000D8484,885892,0,0,196
DEATH_ONLY,100,0x000D84B9,885945,0,0,38
DEATH_ONLY,100,0x000D84BC,885948,0,0,31
DEATH_ONLY,100,0x000D84C4,885956,0,0,196
DEATH_ONLY,100,0x000D84CC,885964,0,0,5
DEATH_ONLY,100,0x000D84FC,886012,0,0,31
DEATH_ONLY,100,0x000D8502,886018,0,0,3
DEATH_ONLY,100,0x000D8503,886019,0,0,29
DEATH_ONLY,100,0x000D850E,886030,0,0,94
DEATH_ONLY,100,0x000D8517,886039,0,0,32
DEATH_ONLY,100,0x000D8539,886073,0,0,38
DEATH_ONLY,100,0x000D854C,886092,0,0,5
DEATH_ONLY,100,0x000D854E,886094,0,0,91
DEATH_ONLY,100,0x000D854F,886095,0,0,104
DEATH_ONLY,100,0x000D8579,886137,0,0,38
DEATH_ONLY,100,0x000D857C,886140,0,0,31
DEATH_ONLY,100,0x000D8587,886151,0,0,72
DEATH_ONLY,100,0x000D858C,886156,0,0,5
DEATH_ONLY,100,0x000D8596,886166,0,0,48
DEATH_ONLY,100,0x000D85F1,886257,0,0,255
DEATH_ONLY,100,0x000D8601,886273,0,0,66
DEATH_ONLY,100,0x000D8654,886356,0,0,7
DEATH_ONLY,100,0x000D8656,886358,0,0,242
DEATH_ONLY,100,0x000D8684,886404,0,0,255
DEATH_ONLY,100,0x000D8691,886417,0,0,66
DEATH_ONLY,100,0x000D86C2,886466,0,0,19
DEATH_ONLY,100,0x000D86C3,886467,0,0,1
DEATH_ONLY,100,0x000D86C5,886469,0,0,8
DEATH_ONLY,100,0x000D8702,886530,0,0,6
DEATH_ONLY,100,0x000D8703,886531,0,0,2
DEATH_ONLY,100,0x000D8707,886535,0,0,192
DEATH_ONLY,100,0x000D870F,886543,0,0,200
DEATH_ONLY,100,0x000D8714,886548,0,0,255
DEATH_ONLY,100,0x000D8751,886609,0,0,255
DEATH_ONLY,100,0x000D8757,886615,0,0,251
DEATH_ONLY,100,0x000D8771,886641,0,0,255
DEATH_ONLY,100,0x000D88B9,886969,0,0,70
DEATH_ONLY,100,0x000D88BF,886975,0,0,52
DEATH_ONLY,100,0x000D88C2,886978,0,0,3
DEATH_ONLY,100,0x000D88C3,886979,0,0,29
DEATH_ONLY,100,0x000D88CE,886990,0,0,254
DEATH_ONLY,100,0x000D88CF,886991,0,0,255
DEATH_ONLY,100,0x000D88D3,886995,0,0,2
DEATH_ONLY,100,0x000D88E1,887009,0,0,144
DEATH_ONLY,100,0x000D88F4,887028,0,0,7
DEATH_ONLY,100,0x000D890F,887055,0,0,28
DEATH_ONLY,100,0x000D8917,887063,0,0,255
DEATH_ONLY,100,0x000D89C1,887233,0,0,68
DEATH_ONLY,100,0x000D89C2,887234,0,0,195
DEATH_ONLY,100,0x000D89C3,887235,0,0,96
DEATH_ONLY,100,0x000D89D4,887252,0,0,4
DEATH_ONLY,100,0x000D89E1,887265,0,0,68
DEATH_ONLY,100,0x000D89E5,887269,0,0,67
DEATH_ONLY,100,0x000D89E6,887270,0,0,3
DEATH_ONLY,100,0x000D89E7,887271,0,0,60
DEATH_ONLY,100,0x000D89F6,887286,0,0,4
DEATH_ONLY,100,0x000D8A01,887297,0,0,144
DEATH_ONLY,100,0x000D8A09,887305,0,0,144
DEATH_ONLY,100,0x000D8A0C,887308,0,0,7
DEATH_ONLY,100,0x000D8AE9,887529,0,0,70
DEATH_ONLY,100,0x000D8AFC,887548,0,0,4
DEATH_ONLY,100,0x000D8AFE,887550,0,0,4
DEATH_ONLY,100,0x000D8B05,887557,0,0,255
DEATH_ONLY,100,0x000D8B07,887559,0,0,255
DEATH_ONLY,100,0x000E7B56,949078,3,3,81
DEATH_ONLY,100,0x000E7B59,949081,3,3,0
DEATH_ONLY,100,0x000E7B62,949090,64,64,0
DEATH_ONLY,100,0x000E7B6C,949100,16,16,0
DEATH_ONLY,100,0x000E7B74,949108,100,100,0
DEATH_ONLY,100,0x000E7B76,949110,157,157,0
DEATH_ONLY,100,0x000E7B85,949125,0,0,16
DEATH_ONLY,100,0x000E7B92,949138,56,56,0
DEATH_ONLY,100,0x000E7B93,949139,6,6,0
DEATH_ONLY,100,0x000E7B98,949144,6,6,188
DEATH_ONLY,100,0x000E7BA0,949152,1,1,183
DEATH_ONLY,100,0x000E7BA1,949153,3,3,0
DEATH_ONLY,100,0x000E7BA3,949155,64,64,0
DEATH_ONLY,100,0x000E7BA7,949159,224,224,0
DEATH_ONLY,100,0x000E7BAD,949165,1,1,0
DEATH_ONLY,100,0x000E7BB9,949177,3,3,0
DEATH_ONLY,100,0x000E7BD1,949201,3,3,0
DEATH_ONLY,100,0x000E7BD3,949203,64,64,0
DEATH_ONLY,100,0x000E7BE4,949220,16,16,0
DEATH_ONLY,100,0x000E7BEB,949227,8,8,0
DEATH_ONLY,100,0x000E7BEC,949228,100,100,0
DEATH_ONLY,100,0x000E7BEE,949230,157,157,0
DEATH_ONLY,100,0x000E7BFA,949242,4,4,0
DEATH_ONLY,100,0x000E7C15,949269,9,9,0
DEATH_ONLY,100,0x000E7C19,949273,3,3,0
DEATH_ONLY,100,0x000E7C25,949285,1,1,0
DEATH_ONLY,100,0x000E7C31,949297,3,3,0
DEATH_ONLY,100,0x000E7F33,950067,6,6,0
DEATH_ONLY,100,0x000E82F3,951027,6,6,0
DEATH_ONLY,100,0x000E87BC,952252,0,0,255
DEATH_ONLY,100,0x000E8882,952450,0,0,131
DEATH_ONLY,100,0x000E88C4,952516,0,0,4
DEATH_ONLY,100,0x000E8CD4,953556,0,0,4
DEATH_ONLY,100,0x000E8D3B,953659,0,0,88
DEATH_ONLY,100,0x000E930A,955146,64,64,0
DEATH_ONLY,100,0x000E930B,955147,40,40,0
DEATH_ONLY,100,0x000E930F,955151,152,152,0
DEATH_ONLY,100,0x000E9315,955157,16,16,0
DEATH_ONLY,100,0x000E9323,955171,6,6,0
DEATH_ONLY,100,0x000E9365,955237,16,16,0
DEATH_ONLY,100,0x000E978B,956299,6,6,0
DEATH_ONLY,100,0x000E97F1,956401,0,0,144
DEATH_ONLY,100,0x000E97FD,956413,16,16,0
DEATH_ONLY,100,0x000E9813,956435,6,6,0
DEATH_ONLY,100,0x000E983D,956477,16,16,0
DEATH_ONLY,100,0x000E98EB,956651,2,2,0
DEATH_ONLY,100,0x000E994A,956746,0,0,3
DEATH_ONLY,100,0x000E9954,956756,0,0,5
DEATH_ONLY,100,0x000E996D,956781,16,16,0
DEATH_ONLY,100,0x000E997D,956797,16,16,0
DEATH_ONLY,100,0x000E9981,956801,0,0,38
DEATH_ONLY,100,0x000E9990,956816,188,188,6
DEATH_ONLY,100,0x000E9993,956819,6,6,0
DEATH_ONLY,100,0x000E9994,956820,0,0,5
DEATH_ONLY,100,0x000E99C1,956865,0,0,38
DEATH_ONLY,100,0x000E99ED,956909,16,16,0
DEATH_ONLY,100,0x000E99F2,956914,0,0,20
DEATH_ONLY,100,0x000E9A01,956929,0,0,38
DEATH_ONLY,100,0x000E9A0A,956938,0,0,3
DEATH_ONLY,100,0x000E9A0B,956939,0,0,29
DEATH_ONLY,100,0x000E9A1A,956954,0,0,20
DEATH_ONLY,100,0x000E9A2D,956973,16,16,0
DEATH_ONLY,100,0x000E9A41,956993,0,0,38
DEATH_ONLY,100,0x000E9A54,957012,0,0,5
DEATH_ONLY,100,0x000E9A72,957042,0,0,20
DEATH_ONLY,100,0x000E9A73,957043,0,0,2
DEATH_ONLY,100,0x000E9A75,957045,0,0,16
DEATH_ONLY,100,0x000E9AAB,957099,2,2,0
DEATH_ONLY,100,0x000E9ACD,957133,0,0,17
DEATH_ONLY,100,0x000E9AF2,957170,0,0,20
DEATH_ONLY,100,0x000E9B01,957185,0,0,38
DEATH_ONLY,100,0x000E9B41,957249,0,0,38
DEATH_ONLY,100,0x000E9B4A,957258,0,0,3
DEATH_ONLY,100,0x000E9B4B,957259,0,0,29
DEATH_ONLY,100,0x000E9B54,957268,0,0,5
DEATH_ONLY,100,0x000E9B5D,957277,0,0,36
DEATH_ONLY,100,0x000E9B5F,957279,0,0,32
DEATH_ONLY,100,0x000E9B9F,957343,0,0,32
DEATH_ONLY,100,0x000E9BB5,957365,0,0,16
DEATH_ONLY,100,0x000E9BCA,957386,0,0,3
DEATH_ONLY,100,0x000E9BCB,957387,0,0,29
DEATH_ONLY,100,0x000E9BCF,957391,0,0,72
DEATH_ONLY,100,0x000E9BDA,957402,0,0,20
DEATH_ONLY,100,0x000E9BF2,957426,0,0,20
DEATH_ONLY,100,0x000E9BF3,957427,0,0,2
DEATH_ONLY,100,0x000E9BF5,957429,0,0,16
DEATH_ONLY,100,0x000E9C01,957441,0,0,38
DEATH_ONLY,100,0x000E9C0A,957450,0,0,3
DEATH_ONLY,100,0x000E9C0B,957451,0,0,29
DEATH_ONLY,100,0x000E9C0D,957453,0,0,17
DEATH_ONLY,100,0x000E9C14,957460,0,0,5
DEATH_ONLY,100,0x000E9CFC,957692,0,0,255
DEATH_ONLY,100,0x000E9D09,957705,0,0,66
DEATH_ONLY,100,0x000E9D39,957753,0,0,18
DEATH_ONLY,100,0x000E9D49,957769,0,0,24
DEATH_ONLY,100,0x000E9D5C,957788,0,0,7
DEATH_ONLY,100,0x000E9D71,957809,0,0,24
DEATH_ONLY,100,0x000E9D89,957833,0,0,18
DEATH_ONLY,100,0x000E9D99,957849,0,0,66
DEATH_ONLY,100,0x000E9E19,957977,0,0,255
DEATH_ONLY,100,0x000E9E1C,957980,0,0,255
DEATH_ONLY,100,0x000E9E59,958041,0,0,255
DEATH_ONLY,100,0x000E9E79,958073,0,0,255
DEATH_ONLY,100,0x000E9E89,958089,0,0,144
DEATH_ONLY,100,0x000E9E91,958097,0,0,144
DEATH_ONLY,100,0x000E9F59,958297,0,0,64
DEATH_ONLY,100,0x000E9F71,958321,0,0,64
DEATH_ONLY,100,0x000E9F77,958327,0,0,64
DEATH_ONLY,100,0x000E9F91,958353,0,0,63
DEATH_ONLY,100,0x000E9FB1,958385,0,0,255
DEATH_ONLY,100,0x000E9FD1,958417,0,0,255
DEATH_ONLY,100,0x000E9FE9,958441,0,0,144
DEATH_ONLY,100,0x000E9FFC,958460,0,0,7
DEATH_ONLY,100,0x000E9FFD,958461,0,0,1
DEATH_ONLY,100,0x000EA015,958485,0,0,1
DEATH_ONLY,100,0x000EA0B1,958641,0,0,68
DEATH_ONLY,100,0x000EA0B7,958647,0,0,60
DEATH_ONLY,100,0x000EA109,958729,0,0,144
DEATH_ONLY,100,0x000EA111,958737,0,0,144
DEATH_ONLY,100,0x000EA1C1,958913,0,0,70
DEATH_ONLY,100,0x000EA1D4,958932,0,0,4
DEATH_ONLY,100,0x000EA1F6,958966,0,0,3
DEATH_ONLY,100,0x000EA1F7,958967,0,0,64
DEATH_ONLY,100,0x000EA20C,958988,0,0,255
DEATH_ONLY,100,0x000EA20D,958989,0,0,255
DEATH_ONLY,100,0x000EA20E,958990,0,0,255
DEATH_ONLY,100,0x000EA20F,958991,0,0,255
DEATH_ONLY,100,0x000EA213,958995,0,0,92
DEATH_ONLY,100,0x000EA215,958997,0,0,68
DEATH_ONLY,100,0x000EA216,958998,0,0,195
DEATH_ONLY,100,0x000EA217,958999,0,0,60
DEATH_ONLY,100,0x000EA232,959026,0,0,6
DEATH_ONLY,100,0x000EA233,959027,0,0,2
DEATH_ONLY,100,0x000EA237,959031,0,0,64
DEATH_ONLY,100,0x000EA23D,959037,0,0,8
DEATH_ONLY,100,0x000EA24E,959054,0,0,3
DEATH_ONLY,100,0x000F8E4C,1019468,0,0,255
DEATH_ONLY,100,0x000F8E4D,1019469,0,0,255
DEATH_ONLY,100,0x000F8E6C,1019500,0,0,254
DEATH_ONLY,100,0x000F8F0C,1019660,0,0,255
DEATH_ONLY,100,0x000F8F0D,1019661,0,0,255
DEATH_ONLY,100,0x000F908E,1020046,0,0,255
DEATH_ONLY,100,0x000F909E,1020062,0,0,255
DEATH_ONLY,100,0x000F90AE,1020078,0,0,255
DEATH_ONLY,100,0x000F90BE,1020094,0,0,255
DEATH_ONLY,100,0x000F9248,1020488,0,0,255
DEATH_ONLY,100,0x000F9249,1020489,0,0,255
DEATH_ONLY,100,0x000F9254,1020500,0,0,255
DEATH_ONLY,100,0x000F925A,1020506,0,0,255
DEATH_ONLY,100,0x000F92C2,1020610,255,255,0
DEATH_ONLY,100,0x000F92C3,1020611,255,255,0
DEATH_ONLY,100,0x000F9300,1020672,255,255,0
DEATH_ONLY,100,0x000F9301,1020673,255,255,0
DEATH_ONLY,100,0x000F9312,1020690,0,0,255
DEATH_ONLY,100,0x000F9313,1020691,0,0,255
DEATH_ONLY,100,0x000F9343,1020739,0,0,19
DEATH_ONLY,100,0x000F9345,1020741,255,255,235
DEATH_ONLY,100,0x000F934C,1020748,0,0,255
DEATH_ONLY,100,0x000F934D,1020749,0,0,255
DEATH_ONLY,100,0x000F934E,1020750,0,0,255
DEATH_ONLY,100,0x000F934F,1020751,0,0,255
DEATH_ONLY,100,0x000F9350,1020752,0,0,255
DEATH_ONLY,100,0x000F9351,1020753,0,0,249
DEATH_ONLY,100,0x000F935E,1020766,0,0,255
DEATH_ONLY,100,0x000F935F,1020767,1,1,255
DEATH_ONLY,100,0x000F936E,1020782,0,0,255
DEATH_ONLY,100,0x000F936F,1020783,0,0,255
DEATH_ONLY,100,0x000F937E,1020798,0,0,255
DEATH_ONLY,100,0x000F937F,1020799,0,0,255
DEATH_ONLY,100,0x000F9382,1020802,0,0,255
DEATH_ONLY,100,0x000F9383,1020803,0,0,255
DEATH_ONLY,100,0x000F9384,1020804,255,255,0
DEATH_ONLY,100,0x000F9385,1020805,255,255,0
DEATH_ONLY,100,0x000F9390,1020816,0,0,255
DEATH_ONLY,100,0x000F9391,1020817,0,0,255
DEATH_ONLY,100,0x000F939A,1020826,0,0,255
DEATH_ONLY,100,0x000F93D4,1020884,0,0,255
DEATH_ONLY,100,0x000F93D5,1020885,0,0,255
DEATH_ONLY,100,0x000F942A,1020970,0,0,2
DEATH_ONLY,100,0x000F984C,1022028,0,0,255
DEATH_ONLY,100,0x000F984D,1022029,0,0,255
DEATH_ONLY,100,0x000F990C,1022220,0,0,255
DEATH_ONLY,100,0x000F990D,1022221,0,0,255
DEATH_ONLY,100,0x000F994C,1022284,0,0,255
DEATH_ONLY,100,0x000F994D,1022285,0,0,255
DEATH_ONLY,100,0x000F996C,1022316,0,0,251
DEATH_ONLY,100,0x000F9B0C,1022732,0,0,255
DEATH_ONLY,100,0x000F9B0D,1022733,0,0,255
DEATH_ONLY,100,0x000F9C0C,1022988,0,0,255
DEATH_ONLY,100,0x000F9C0D,1022989,0,0,255
DEATH_ONLY,100,0x000F9D8E,1023374,0,0,255
DEATH_ONLY,100,0x000F9D8F,1023375,0,0,255
DEATH_ONLY,100,0x000F9D9E,1023390,0,0,255
DEATH_ONLY,100,0x000F9D9F,1023391,1,1,255
DEATH_ONLY,100,0x000F9DAE,1023406,0,0,255
DEATH_ONLY,100,0x000F9DAF,1023407,0,0,255
DEATH_ONLY,100,0x000F9DBE,1023422,0,0,255
DEATH_ONLY,100,0x000F9DBF,1023423,0,0,255
DEATH_ONLY,100,0x000F9E48,1023560,0,0,255
DEATH_ONLY,100,0x000F9E49,1023561,0,0,255
DEATH_ONLY,100,0x000F9E4A,1023562,0,0,255
DEATH_ONLY,100,0x000F9E80,1023616,255,255,0
DEATH_ONLY,100,0x000F9E8B,1023627,0,0,1
DEATH_ONLY,100,0x000F9E9C,1023644,255,255,0
DEATH_ONLY,100,0x000F9EC0,1023680,255,255,0
DEATH_ONLY,100,0x000F9EC1,1023681,255,255,1
DEATH_ONLY,100,0x000F9ECB,1023691,0,0,1
DEATH_ONLY,100,0x000F9ED4,1023700,255,255,0
DEATH_ONLY,100,0x000F9ED5,1023701,255,255,1
DEATH_ONLY,100,0x000F9EDA,1023706,255,255,0
DEATH_ONLY,100,0x000F9F40,1023808,0,0,255
DEATH_ONLY,100,0x000F9F52,1023826,0,0,255
DEATH_ONLY,100,0x000F9F53,1023827,0,0,255
DEATH_ONLY,100,0x0010564C,1070668,0,0,255
DEATH_ONLY,100,0x0010564D,1070669,0,0,255
DEATH_ONLY,100,0x0010566C,1070700,0,0,254
DEATH_ONLY,100,0x00105693,1070739,255,255,0
DEATH_ONLY,100,0x0010570C,1070860,0,0,255
DEATH_ONLY,100,0x0010570D,1070861,0,0,255
DEATH_ONLY,100,0x0010588E,1071246,0,0,255
DEATH_ONLY,100,0x0010589E,1071262,0,0,255
DEATH_ONLY,100,0x001058AE,1071278,0,0,255
DEATH_ONLY,100,0x001058BE,1071294,0,0,255
DEATH_ONLY,100,0x00105B4C,1071948,0,0,255
DEATH_ONLY,100,0x00105B4D,1071949,0,0,255
DEATH_ONLY,100,0x00105B4E,1071950,0,0,255
DEATH_ONLY,100,0x00105B4F,1071951,0,0,255
DEATH_ONLY,100,0x00105B5E,1071966,0,0,255
DEATH_ONLY,100,0x00105B6E,1071982,0,0,255
DEATH_ONLY,100,0x00105B6F,1071983,0,0,255
DEATH_ONLY,100,0x00105B7E,1071998,0,0,255
DEATH_ONLY,100,0x00105B7F,1071999,0,0,255
DEATH_ONLY,100,0x00105ECC,1072844,0,0,255
DEATH_ONLY,100,0x00105ECD,1072845,0,0,255
DEATH_ONLY,100,0x00105ECE,1072846,0,0,255
DEATH_ONLY,100,0x00105ECF,1072847,0,0,59
DEATH_ONLY,100,0x00105EDE,1072862,0,0,255
DEATH_ONLY,100,0x00105EEE,1072878,0,0,255
DEATH_ONLY,100,0x00105EEF,1072879,0,0,59
DEATH_ONLY,100,0x00105EFE,1072894,0,0,255
DEATH_ONLY,100,0x00105EFF,1072895,0,0,59
DEATH_ONLY,100,0x00105F0E,1072910,0,0,255
DEATH_ONLY,100,0x00105F0F,1072911,0,0,80
DEATH_ONLY,100,0x00105F1E,1072926,0,0,255
DEATH_ONLY,100,0x00105F2E,1072942,0,0,255
DEATH_ONLY,100,0x00105F2F,1072943,0,0,80
DEATH_ONLY,100,0x00105F3E,1072958,0,0,255
DEATH_ONLY,100,0x00105F3F,1072959,0,0,80
DEATH_ONLY,100,0x00105F4C,1072972,0,0,255
DEATH_ONLY,100,0x00105F4D,1072973,0,0,255
DEATH_ONLY,100,0x00105F4E,1072974,0,0,255
DEATH_ONLY,100,0x00105F4F,1072975,0,0,255
DEATH_ONLY,100,0x00105F5E,1072990,0,0,255
DEATH_ONLY,100,0x00105F6E,1073006,0,0,255
DEATH_ONLY,100,0x00105F6F,1073007,0,0,255
DEATH_ONLY,100,0x00105F7E,1073022,0,0,255
DEATH_ONLY,100,0x00105F7F,1073023,0,0,255
DEATH_ONLY,100,0x0010610C,1073420,0,0,255
DEATH_ONLY,100,0x0010610D,1073421,0,0,255
DEATH_ONLY,100,0x0010614C,1073484,0,0,255
DEATH_ONLY,100,0x0010614D,1073485,0,0,255
DEATH_ONLY,100,0x0010618C,1073548,0,0,255
DEATH_ONLY,100,0x0010618D,1073549,0,0,255
DEATH_ONLY,100,0x0010630C,1073932,0,0,255
DEATH_ONLY,100,0x0010630D,1073933,0,0,255
DEATH_ONLY,100,0x0010634C,1073996,0,0,255
DEATH_ONLY,100,0x0010634D,1073997,0,0,255
DEATH_ONLY,100,0x0010648C,1074316,0,0,255
DEATH_ONLY,100,0x0010648D,1074317,0,0,255
DEATH_ONLY,100,0x0010648E,1074318,0,0,255
DEATH_ONLY,100,0x0010648F,1074319,0,0,41
DEATH_ONLY,100,0x0010649E,1074334,0,0,255
DEATH_ONLY,100,0x001064AE,1074350,0,0,255
DEATH_ONLY,100,0x001064AF,1074351,0,0,41
DEATH_ONLY,100,0x001064BE,1074366,0,0,255
DEATH_ONLY,100,0x001064BF,1074367,0,0,41
DEATH_ONLY,100,0x00106548,1074504,0,0,2
DEATH_ONLY,100,0x00106608,1074696,0,0,255
DEATH_ONLY,100,0x00106609,1074697,0,0,255
DEATH_ONLY,100,0x0010660A,1074698,0,0,255
DEATH_ONLY,100,0x0010661A,1074714,0,0,255
DEATH_ONLY,100,0x0010661B,1074715,0,0,240
DEATH_ONLY,100,0x00106638,1074744,0,0,117
DEATH_ONLY,100,0x00106639,1074745,0,0,213
DEATH_ONLY,100,0x0010669C,1074844,255,255,0
DEATH_ONLY,100,0x00106700,1074944,0,0,255
DEATH_ONLY,100,0x001CF848,1898568,1,1,0
DEATH_ONLY,100,0x001CF849,1898569,179,179,0
DEATH_ONLY,100,0x001CF84A,1898570,2,2,0
DEATH_ONLY,100,0x001CF84B,1898571,249,249,0
DEATH_ONLY,100,0x001CF84C,1898572,2,2,0
DEATH_ONLY,100,0x001CF84D,1898573,250,250,0
DEATH_ONLY,100,0x001CF84E,1898574,1,1,0
DEATH_ONLY,100,0x001CF84F,1898575,251,251,0
DEATH_ONLY,100,0x001CF858,1898584,1,1,128
DEATH_ONLY,100,0x001CF859,1898585,160,160,28
DEATH_ONLY,100,0x001CF85A,1898586,1,1,254
DEATH_ONLY,100,0x001CF85B,1898587,5,5,96
DEATH_ONLY,100,0x001CF864,1898596,22,22,1
DEATH_ONLY,100,0x001CF865,1898597,0,0,170
DEATH_ONLY,100,0x001CF868,1898600,1,1,255
DEATH_ONLY,100,0x001CF869,1898601,0,0,255
DEATH_ONLY,100,0x001CF86A,1898602,1,1,0
DEATH_ONLY,100,0x001CFB30,1899312,1,1,0
DEATH_ONLY,100,0x001CFB31,1899313,244,244,5
DEATH_ONLY,100,0x001CFB32,1899314,1,1,0
DEATH_ONLY,100,0x001CFB33,1899315,196,196,90
DEATH_ONLY,100,0x001CFB34,1899316,1,1,0
DEATH_ONLY,100,0x001CFB35,1899317,46,46,116
DEATH_ONLY,100,0x001CFB36,1899318,1,1,0
DEATH_ONLY,100,0x001CFB37,1899319,6,6,0
DEATH_ONLY,100,0x001CFB38,1899320,1,1,2
DEATH_ONLY,100,0x001CFB39,1899321,2,2,31
DEATH_ONLY,100,0x001CFB3A,1899322,1,1,4
DEATH_ONLY,100,0x001CFB3B,1899323,1,1,74
DEATH_ONLY,100,0x001CFB3C,1899324,6,6,255
DEATH_ONLY,100,0x001CFB3D,1899325,0,0,255
DEATH_ONLY,100,0x001CFB3E,1899326,1,1,255
DEATH_ONLY,100,0x001CFB3F,1899327,1,1,255
DEATH_ONLY,100,0x001CFB40,1899328,1,1,0
DEATH_ONLY,100,0x001CFB41,1899329,0,0,76
DEATH_ONLY,100,0x001CFB42,1899330,2,2,0
DEATH_ONLY,100,0x001CFB43,1899331,1,1,149
DEATH_ONLY,100,0x001CFB44,1899332,3,3,0
DEATH_ONLY,100,0x001CFB45,1899333,0,0,95
DEATH_ONLY,100,0x001CFB46,1899334,1,1,0
DEATH_ONLY,100,0x001CFB47,1899335,1,1,0
DEATH_ONLY,100,0x001CFB48,1899336,4,4,3
DEATH_ONLY,100,0x001CFB49,1899337,0,0,222
DEATH_ONLY,100,0x001CFB4A,1899338,2,2,5
DEATH_ONLY,100,0x001CFB4B,1899339,1,1,220
DEATH_ONLY,100,0x001CFB4C,1899340,4,4,255
DEATH_ONLY,100,0x001CFB4D,1899341,0,0,255
DEATH_ONLY,100,0x001CFB4E,1899342,1,1,255
DEATH_ONLY,100,0x001CFB4F,1899343,1,1,255
DEATH_ONLY,100,0x001CFB50,1899344,3,3,0
DEATH_ONLY,100,0x001CFB51,1899345,0,0,2
DEATH_ONLY,100,0x001CFB52,1899346,1,1,0
DEATH_ONLY,100,0x001CFB53,1899347,3,3,185
DEATH_ONLY,100,0x001CFB54,1899348,2,2,0
DEATH_ONLY,100,0x001CFB55,1899349,0,0,116
DEATH_ONLY,100,0x001CFB56,1899350,1,1,0
DEATH_ONLY,100,0x001CFB57,1899351,1,1,0
DEATH_ONLY,100,0x001CFB58,1899352,4,4,2
DEATH_ONLY,100,0x001CFB59,1899353,0,0,55
DEATH_ONLY,100,0x001CFB5A,1899354,1,1,6
DEATH_ONLY,100,0x001CFB5B,1899355,3,3,199
DEATH_ONLY,100,0x001CFB5C,1899356,1,1,255
DEATH_ONLY,100,0x001CFB5D,1899357,2,2,255
DEATH_ONLY,100,0x001CFB5E,1899358,1,1,255
DEATH_ONLY,100,0x001CFB5F,1899359,0,0,255
DEATH_ONLY,100,0x001CFB60,1899360,1,1,255
DEATH_ONLY,100,0x001CFB61,1899361,14,14,200
DEATH_ONLY,100,0x001CFB62,1899362,1,1,0
DEATH_ONLY,100,0x001CFB63,1899363,125,125,88
DEATH_ONLY,100,0x001CFB64,1899364,1,1,0
DEATH_ONLY,100,0x001CFB65,1899365,246,246,95
DEATH_ONLY,100,0x001CFB66,1899366,1,1,0
DEATH_ONLY,100,0x001CFB67,1899367,248,248,0
DEATH_ONLY,100,0x001CFB68,1899368,1,1,0
DEATH_ONLY,100,0x001CFB69,1899369,250,250,184
DEATH_ONLY,100,0x001CFB6A,1899370,1,1,4
DEATH_ONLY,100,0x001CFB6B,1899371,251,251,56
DEATH_ONLY,100,0x001CFB6C,1899372,1,1,255
DEATH_ONLY,100,0x001CFB6D,1899373,248,248,255
DEATH_ONLY,100,0x001CFB6E,1899374,1,1,255
DEATH_ONLY,100,0x001CFB6F,1899375,249,249,255
DEATH_ONLY,100,0x001CFB70,1899376,1,1,255
DEATH_ONLY,100,0x001CFB71,1899377,250,250,224
DEATH_ONLY,100,0x001CFB72,1899378,1,1,255
DEATH_ONLY,100,0x001CFB73,1899379,252,252,205
DEATH_ONLY,100,0x001CFB74,1899380,1,1,0
DEATH_ONLY,100,0x001CFB75,1899381,250,250,119
DEATH_ONLY,100,0x001CFB76,1899382,1,1,0
DEATH_ONLY,100,0x001CFB77,1899383,249,249,0
DEATH_ONLY,100,0x001CFB79,1899385,250,250,13
DEATH_ONLY,100,0x001CFB7A,1899386,1,1,0
DEATH_ONLY,100,0x001CFB7B,1899387,251,251,148
DEATH_ONLY,100,0x001CFB7C,1899388,1,1,152
DEATH_ONLY,100,0x001CFB7D,1899389,252,252,152
DEATH_ONLY,100,0x001CFB7E,1899390,1,1,152
DEATH_ONLY,100,0x001CFB7F,1899391,251,251,167
DEATH_ONLY,100,0x001CFB80,1899392,2,2,255
DEATH_ONLY,100,0x001CFB81,1899393,250,250,245
DEATH_ONLY,100,0x001CFB82,1899394,2,2,0
DEATH_ONLY,100,0x001CFB83,1899395,252,252,27
DEATH_ONLY,100,0x001CFB84,1899396,1,1,0
DEATH_ONLY,100,0x001CFB85,1899397,250,250,128
DEATH_ONLY,100,0x001CFB86,1899398,1,1,0
DEATH_ONLY,100,0x001CFB87,1899399,251,251,0
DEATH_ONLY,100,0x001CFB89,1899401,250,250,166
DEATH_ONLY,100,0x001CFB8A,1899402,1,1,2
DEATH_ONLY,100,0x001CFB8B,1899403,249,249,158
DEATH_ONLY,100,0x001CFB8C,1899404,1,1,255
DEATH_ONLY,100,0x001CFB8D,1899405,246,246,255
DEATH_ONLY,100,0x001CFB8E,1899406,1,1,255
DEATH_ONLY,100,0x001CFB8F,1899407,252,252,255
DEATH_ONLY,100,0x001CFB90,1899408,1,1,0
DEATH_ONLY,100,0x001CFB91,1899409,251,251,56
DEATH_ONLY,100,0x001CFB92,1899410,2,2,0
DEATH_ONLY,100,0x001CFB93,1899411,249,249,89
DEATH_ONLY,100,0x001CFB94,1899412,1,1,0
DEATH_ONLY,100,0x001CFB95,1899413,250,250,95
DEATH_ONLY,100,0x001CFB96,1899414,2,2,0
DEATH_ONLY,100,0x001CFB97,1899415,251,251,0
DEATH_ONLY,100,0x001CFB99,1899417,252,252,79
DEATH_ONLY,100,0x001CFB9A,1899418,1,1,4
DEATH_ONLY,100,0x001CFB9B,1899419,250,250,72
DEATH_ONLY,100,0x001CFB9C,1899420,1,1,255
DEATH_ONLY,100,0x001CFB9D,1899421,251,251,255
DEATH_ONLY,100,0x001CFB9E,1899422,3,3,255
DEATH_ONLY,100,0x001CFB9F,1899423,252,252,255
DEATH_ONLY,100,0x001CFBA0,1899424,1,1,255
DEATH_ONLY,100,0x001CFBA1,1899425,250,250,187
DEATH_ONLY,100,0x001CFBA2,1899426,1,1,0
DEATH_ONLY,100,0x001CFBA3,1899427,249,249,154
DEATH_ONLY,100,0x001CFBA4,1899428,1,1,0
DEATH_ONLY,100,0x001CFBA5,1899429,250,250,95
DEATH_ONLY,100,0x001CFBA6,1899430,1,1,0
DEATH_ONLY,100,0x001CFBA7,1899431,251,251,0
DEATH_ONLY,100,0x001CFBA8,1899432,1,1,0
DEATH_ONLY,100,0x001CFBA9,1899433,252,252,138
DEATH_ONLY,100,0x001CFBAA,1899434,1,1,5
DEATH_ONLY,100,0x001CFBAB,1899435,250,250,237
DEATH_ONLY,100,0x001CFBAC,1899436,1,1,255
DEATH_ONLY,100,0x001CFBAD,1899437,251,251,255
DEATH_ONLY,100,0x001CFBAE,1899438,2,2,255
DEATH_ONLY,100,0x001CFBAF,1899439,247,247,255
DEATH_ONLY,100,0x001CFBB0,1899440,1,1,255
DEATH_ONLY,100,0x001CFBB1,1899441,251,251,255
DEATH_ONLY,100,0x001CFBB2,1899442,2,2,0
DEATH_ONLY,100,0x001CFBB3,1899443,249,249,90
DEATH_ONLY,100,0x001CFBB4,1899444,2,2,0
DEATH_ONLY,100,0x001CFBB5,1899445,248,248,116
DEATH_ONLY,100,0x001CFBB6,1899446,1,1,0
DEATH_ONLY,100,0x001CFBB7,1899447,250,250,0
DEATH_ONLY,100,0x001CFBB9,1899449,249,249,253
DEATH_ONLY,100,0x001CFBBA,1899450,2,2,4
DEATH_ONLY,100,0x001CFBBB,1899451,251,251,71
DEATH_ONLY,100,0x001CFBBC,1899452,1,1,255
DEATH_ONLY,100,0x001CFBBD,1899453,249,249,255
DEATH_ONLY,100,0x001CFBBE,1899454,1,1,255
DEATH_ONLY,100,0x001CFBBF,1899455,251,251,255
DEATH_ONLY,100,0x001CFBC0,1899456,2,2,0
DEATH_ONLY,100,0x001CFBC1,1899457,249,249,37
DEATH_ONLY,100,0x001CFBC2,1899458,1,1,255
DEATH_ONLY,100,0x001CFBC3,1899459,251,251,205
DEATH_ONLY,100,0x001CFBC4,1899460,1,1,0
DEATH_ONLY,100,0x001CFBC5,1899461,249,249,119
DEATH_ONLY,100,0x001CFBC6,1899462,1,1,0
DEATH_ONLY,100,0x001CFBC7,1899463,250,250,0
DEATH_ONLY,100,0x001CFBC8,1899464,1,1,2
DEATH_ONLY,100,0x001CFBC9,1899465,251,251,157
DEATH_ONLY,100,0x001CFBCA,1899466,2,2,0
DEATH_ONLY,100,0x001CFBCB,1899467,250,250,154
DEATH_ONLY,100,0x001CFBCC,1899468,2,2,152
DEATH_ONLY,100,0x001CFBCD,1899469,251,251,152
DEATH_ONLY,100,0x001CFBCE,1899470,2,2,152
DEATH_ONLY,100,0x001CFBCF,1899471,252,252,255
DEATH_ONLY,100,0x001CFBD0,1899472,1,1,0
DEATH_ONLY,100,0x001CFBD1,1899473,250,250,13
DEATH_ONLY,100,0x001CFBD2,1899474,1,1,0
DEATH_ONLY,100,0x001CFBD3,1899475,251,251,27
DEATH_ONLY,100,0x001CFBD4,1899476,1,1,0
DEATH_ONLY,100,0x001CFBD5,1899477,250,250,128
DEATH_ONLY,100,0x001CFBD6,1899478,1,1,0
DEATH_ONLY,100,0x001CFBD7,1899479,252,252,0
DEATH_ONLY,100,0x001CFBD8,1899480,1,1,2
DEATH_ONLY,100,0x001CFBD9,1899481,251,251,51
DEATH_ONLY,100,0x001CFBDA,1899482,1,1,2
DEATH_ONLY,100,0x001CFBDB,1899483,249,249,160
DEATH_ONLY,100,0x001CFBDC,1899484,4,4,255
DEATH_ONLY,100,0x001CFBDD,1899485,251,251,255
DEATH_ONLY,100,0x001CFBDE,1899486,1,1,255
DEATH_ONLY,100,0x001CFBDF,1899487,252,252,255
DEATH_ONLY,100,0x001CFBE0,1899488,1,1,255
DEATH_ONLY,100,0x001CFBE1,1899489,251,251,248
DEATH_ONLY,100,0x001CFBE2,1899490,1,1,0
DEATH_ONLY,100,0x001CFBE3,1899491,207,207,33
DEATH_ONLY,100,0x001CFBE4,1899492,1,1,0
DEATH_ONLY,100,0x001CFBE5,1899493,87,87,140
DEATH_ONLY,100,0x001CFBE6,1899494,1,1,0
DEATH_ONLY,100,0x001CFBE7,1899495,145,145,0
DEATH_ONLY,100,0x001CFBE9,1899497,251,251,190
DEATH_ONLY,100,0x001CFBEA,1899498,1,1,2
DEATH_ONLY,100,0x001CFBEB,1899499,250,250,202
DEATH_ONLY,100,0x001CFBEC,1899500,2,2,255
DEATH_ONLY,100,0x001CFBED,1899501,251,251,255
DEATH_ONLY,100,0x001CFBEE,1899502,1,1,255
DEATH_ONLY,100,0x001CFBEF,1899503,252,252,255
DEATH_ONLY,100,0x001CFBF0,1899504,1,1,0
DEATH_ONLY,100,0x001CFBF1,1899505,249,249,9
DEATH_ONLY,100,0x001CFBF2,1899506,3,3,0
DEATH_ONLY,100,0x001CFBF3,1899507,250,250,33
DEATH_ONLY,100,0x001CFBF4,1899508,2,2,0
DEATH_ONLY,100,0x001CFBF5,1899509,249,249,140
DEATH_ONLY,100,0x001CFBF6,1899510,2,2,0
DEATH_ONLY,100,0x001CFBF7,1899511,250,250,0
DEATH_ONLY,100,0x001CFBF8,1899512,1,1,2
DEATH_ONLY,100,0x001CFBF9,1899513,251,251,32
DEATH_ONLY,100,0x001CFBFB,1899515,249,249,204
DEATH_ONLY,100,0x001CFBFC,1899516,1,1,255
DEATH_ONLY,100,0x001CFBFD,1899517,248,248,255
DEATH_ONLY,100,0x001CFBFE,1899518,1,1,255
DEATH_ONLY,100,0x001CFBFF,1899519,241,241,255
DEATH_ONLY,100,0x001CFC00,1899520,1,1,255
DEATH_ONLY,100,0x001CFC01,1899521,228,228,252
DEATH_ONLY,100,0x001CFC02,1899522,1,1,255
DEATH_ONLY,100,0x001CFC03,1899523,164,164,218
DEATH_ONLY,100,0x001CFC04,1899524,1,1,0
DEATH_ONLY,100,0x001CFC05,1899525,38,38,73
DEATH_ONLY,100,0x001CFC06,1899526,1,1,0
DEATH_ONLY,100,0x001CFC07,1899527,1,1,0
DEATH_ONLY,100,0x001CFC09,1899529,6,6,207
DEATH_ONLY,100,0x001CFC0A,1899530,1,1,0
DEATH_ONLY,100,0x001CFC0B,1899531,0,0,150
DEATH_ONLY,100,0x001CFC0C,1899532,1,1,152
DEATH_ONLY,100,0x001CFC0D,1899533,2,2,152
DEATH_ONLY,100,0x001CFC0E,1899534,2,2,152
DEATH_ONLY,100,0x001CFC0F,1899535,0,0,255
DEATH_ONLY,100,0x001CFC10,1899536,1,1,0
DEATH_ONLY,100,0x001CFC11,1899537,1,1,2
DEATH_ONLY,100,0x001CFC12,1899538,2,2,255
DEATH_ONLY,100,0x001CFC13,1899539,0,0,193
DEATH_ONLY,100,0x001CFC14,1899540,1,1,0
DEATH_ONLY,100,0x001CFC15,1899541,1,1,107
DEATH_ONLY,100,0x001CFC16,1899542,3,3,0
DEATH_ONLY,100,0x001CFC19,1899545,1,1,204
DEATH_ONLY,100,0x001CFC1A,1899546,3,3,0
DEATH_ONLY,100,0x001CFC1B,1899547,0,0,70
DEATH_ONLY,100,0x001CFC1C,1899548,1,1,152
DEATH_ONLY,100,0x001CFC1D,1899549,1,1,152
DEATH_ONLY,100,0x001CFC1E,1899550,3,3,152
DEATH_ONLY,100,0x001CFC1F,1899551,0,0,255
DEATH_ONLY,100,0x001CFC20,1899552,1,1,0
DEATH_ONLY,100,0x001CFC21,1899553,1,1,30
DEATH_ONLY,100,0x001CFC22,1899554,3,3,0
DEATH_ONLY,100,0x001CFC24,1899556,2,2,255
DEATH_ONLY,100,0x001CFC25,1899557,1,1,219
DEATH_ONLY,100,0x001CFC26,1899558,4,4,0
DEATH_ONLY,100,0x001CFC28,1899560,1,1,7
DEATH_ONLY,100,0x001CFC29,1899561,1,1,114
DEATH_ONLY,100,0x001CFC2B,1899563,0,0,4
DEATH_ONLY,100,0x001CFC2C,1899564,1,1,152
DEATH_ONLY,100,0x001CFC2D,1899565,2,2,152
DEATH_ONLY,100,0x001CFC2E,1899566,1,1,152
DEATH_ONLY,100,0x001CFC2F,1899567,1,1,255
DEATH_ONLY,100,0x001CFC30,1899568,12,12,0
DEATH_ONLY,100,0x001CFC31,1899569,0,0,56
DEATH_ONLY,100,0x001CFC32,1899570,2,2,0
DEATH_ONLY,100,0x001CFC33,1899571,1,1,12
DEATH_ONLY,100,0x001CFC34,1899572,10,10,0
DEATH_ONLY,100,0x001CFC35,1899573,0,0,5
DEATH_ONLY,100,0x001CFC36,1899574,1,1,0
DEATH_ONLY,100,0x001CFC37,1899575,1,1,0
DEATH_ONLY,100,0x001CFC38,1899576,12,12,6
DEATH_ONLY,100,0x001CFC39,1899577,0,0,69
DEATH_ONLY,100,0x001CFC3A,1899578,3,3,2
DEATH_ONLY,100,0x001CFC3B,1899579,1,1,132
DEATH_ONLY,100,0x001CFC3C,1899580,3,3,206
DEATH_ONLY,100,0x001CFC3D,1899581,0,0,206
DEATH_ONLY,100,0x001CFC3E,1899582,1,1,206
DEATH_ONLY,100,0x001CFC3F,1899583,1,1,255
DEATH_ONLY,100,0x001CFC40,1899584,3,3,0
DEATH_ONLY,100,0x001CFC41,1899585,0,0,52
DEATH_ONLY,100,0x001CFC42,1899586,1,1,255
DEATH_ONLY,100,0x001CFC43,1899587,1,1,244
DEATH_ONLY,100,0x001CFC44,1899588,1,1,0
DEATH_ONLY,100,0x001CFC45,1899589,0,0,44
DEATH_ONLY,100,0x001CFC46,1899590,2,2,0
DEATH_ONLY,100,0x001CFC47,1899591,1,1,0
DEATH_ONLY,100,0x001CFC48,1899592,1,1,5
DEATH_ONLY,100,0x001CFC49,1899593,1,1,155
DEATH_ONLY,100,0x001CFC4A,1899594,12,12,1
DEATH_ONLY,100,0x001CFC4B,1899595,0,0,152
DEATH_ONLY,100,0x001CFC4C,1899596,1,1,212
DEATH_ONLY,100,0x001CFC4D,1899597,1,1,212
DEATH_ONLY,100,0x001CFC4E,1899598,3,3,212
DEATH_ONLY,100,0x001CFC4F,1899599,0,0,255
DEATH_ONLY,100,0x001CFC50,1899600,1,1,0
DEATH_ONLY,100,0x001CFC51,1899601,1,1,43
DEATH_ONLY,100,0x001CFC52,1899602,8,8,0
DEATH_ONLY,100,0x001CFC53,1899603,0,0,9
DEATH_ONLY,100,0x001CFC54,1899604,2,2,255
DEATH_ONLY,100,0x001CFC55,1899605,2,2,201
DEATH_ONLY,100,0x001CFC56,1899606,6,6,0
DEATH_ONLY,100,0x001CFC58,1899608,1,1,7
DEATH_ONLY,100,0x001CFC59,1899609,2,2,200
DEATH_ONLY,100,0x001CFC5A,1899610,1,1,3
DEATH_ONLY,100,0x001CFC5B,1899611,1,1,104
DEATH_ONLY,100,0x001CFC5C,1899612,6,6,152
DEATH_ONLY,100,0x001CFC5D,1899613,0,0,152
DEATH_ONLY,100,0x001CFC5E,1899614,1,1,152
DEATH_ONLY,100,0x001CFC5F,1899615,1,1,255
DEATH_ONLY,100,0x001CFC60,1899616,6,6,255
DEATH_ONLY,100,0x001CFC61,1899617,0,0,207
DEATH_ONLY,100,0x001CFC62,1899618,1,1,255
DEATH_ONLY,100,0x001CFC63,1899619,1,1,245
DEATH_ONLY,100,0x001CFC64,1899620,1,1,0
DEATH_ONLY,100,0x001CFC65,1899621,0,0,44
DEATH_ONLY,100,0x001CFC66,1899622,1,1,0
DEATH_ONLY,100,0x001CFC67,1899623,1,1,0
DEATH_ONLY,100,0x001CFC68,1899624,2,2,5
DEATH_ONLY,100,0x001CFC69,1899625,0,0,102
DEATH_ONLY,100,0x001CFC6A,1899626,2,2,1
DEATH_ONLY,100,0x001CFC6B,1899627,1,1,48
DEATH_ONLY,100,0x001CFC6C,1899628,1,1,212
DEATH_ONLY,100,0x001CFC6D,1899629,2,2,212
DEATH_ONLY,100,0x001CFC6E,1899630,1,1,212
DEATH_ONLY,100,0x001CFC6F,1899631,1,1,255
DEATH_ONLY,100,0x001CFC70,1899632,1,1,255
DEATH_ONLY,100,0x001CFC71,1899633,6,6,203
DEATH_ONLY,100,0x001CFC72,1899634,1,1,0
DEATH_ONLY,100,0x001CFC73,1899635,213,213,12
DEATH_ONLY,100,0x001CFC74,1899636,1,1,0
DEATH_ONLY,100,0x001CFC75,1899637,128,128,5
DEATH_ONLY,100,0x001CFC76,1899638,1,1,0
DEATH_ONLY,100,0x001CFC77,1899639,18,18,0
DEATH_ONLY,100,0x001CFC78,1899640,1,1,6
DEATH_ONLY,100,0x001CFC79,1899641,77,77,55
DEATH_ONLY,100,0x001CFC7A,1899642,1,1,2
DEATH_ONLY,100,0x001CFC7B,1899643,9,9,25
DEATH_ONLY,100,0x001CFC7C,1899644,1,1,255
DEATH_ONLY,100,0x001CFC7D,1899645,216,216,255
DEATH_ONLY,100,0x001CFC7E,1899646,1,1,255
DEATH_ONLY,100,0x001CFC7F,1899647,222,222,255
DEATH_ONLY,100,0x001CFC80,1899648,1,1,255
DEATH_ONLY,100,0x001CFC81,1899649,72,72,217
DEATH_ONLY,100,0x001CFC82,1899650,1,1,0
DEATH_ONLY,100,0x001CFC83,1899651,61,61,8
DEATH_ONLY,100,0x001CFC84,1899652,1,1,255
DEATH_ONLY,100,0x001CFC85,1899653,44,44,201
DEATH_ONLY,100,0x001CFC86,1899654,1,1,0
DEATH_ONLY,100,0x001CFC87,1899655,5,5,0
DEATH_ONLY,100,0x001CFC88,1899656,1,1,7
DEATH_ONLY,100,0x001CFC89,1899657,2,2,242
DEATH_ONLY,100,0x001CFC8A,1899658,1,1,2
DEATH_ONLY,100,0x001CFC8B,1899659,40,40,188
DEATH_ONLY,100,0x001CFC8C,1899660,1,1,152
DEATH_ONLY,100,0x001CFC8D,1899661,245,245,152
DEATH_ONLY,100,0x001CFC8E,1899662,1,1,152
DEATH_ONLY,100,0x001CFC8F,1899663,249,249,255
DEATH_ONLY,100,0x001CFC90,1899664,2,2,255
DEATH_ONLY,100,0x001CFC91,1899665,250,250,212
DEATH_ONLY,100,0x001CFC92,1899666,1,1,0
DEATH_ONLY,100,0x001CFC93,1899667,251,251,2
DEATH_ONLY,100,0x001CFC94,1899668,1,1,255
DEATH_ONLY,100,0x001CFC95,1899669,249,249,225
DEATH_ONLY,100,0x001CFC96,1899670,2,2,0
DEATH_ONLY,100,0x001CFC97,1899671,248,248,0
DEATH_ONLY,100,0x001CFC98,1899672,1,1,7
DEATH_ONLY,100,0x001CFC99,1899673,249,249,89
DEATH_ONLY,100,0x001CFC9B,1899675,251,251,81
DEATH_ONLY,100,0x001CFC9C,1899676,1,1,152
DEATH_ONLY,100,0x001CFC9D,1899677,252,252,152
DEATH_ONLY,100,0x001CFC9E,1899678,1,1,152
DEATH_ONLY,100,0x001CFC9F,1899679,250,250,255
DEATH_ONLY,100,0x001CFCA0,1899680,1,1,0
DEATH_ONLY,100,0x001CFCA1,1899681,83,83,37
DEATH_ONLY,100,0x001CFCA2,1899682,1,1,255
DEATH_ONLY,100,0x001CFCA3,1899683,4,4,205
DEATH_ONLY,100,0x001CFCA4,1899684,2,2,0
DEATH_ONLY,100,0x001CFCA5,1899685,1,1,119
DEATH_ONLY,100,0x001CFCA6,1899686,1,1,0
DEATH_ONLY,100,0x001CFCA7,1899687,2,2,0
DEATH_ONLY,100,0x001CFCA8,1899688,1,1,0
DEATH_ONLY,100,0x001CFCA9,1899689,0,0,254
DEATH_ONLY,100,0x001CFCAA,1899690,2,2,1
DEATH_ONLY,100,0x001CFCAB,1899691,1,1,70
DEATH_ONLY,100,0x001CFCAC,1899692,6,6,152
DEATH_ONLY,100,0x001CFCAD,1899693,0,0,152
DEATH_ONLY,100,0x001CFCAE,1899694,1,1,152
DEATH_ONLY,100,0x001CFCAF,1899695,1,1,255
DEATH_ONLY,100,0x001CFCB0,1899696,2,2,0
DEATH_ONLY,100,0x001CFCB1,1899697,0,0,52
DEATH_ONLY,100,0x001CFCB2,1899698,1,1,255
DEATH_ONLY,100,0x001CFCB3,1899699,2,2,244
DEATH_ONLY,100,0x001CFCB4,1899700,1,1,0
DEATH_ONLY,100,0x001CFCB5,1899701,0,0,44
DEATH_ONLY,100,0x001CFCB6,1899702,1,1,0
DEATH_ONLY,100,0x001CFCB7,1899703,4,4,0
DEATH_ONLY,100,0x001CFCB8,1899704,3,3,2
DEATH_ONLY,100,0x001CFCB9,1899705,0,0,62
DEATH_ONLY,100,0x001CFCBB,1899707,1,1,132
DEATH_ONLY,100,0x001CFCBC,1899708,10,10,212
DEATH_ONLY,100,0x001CFCBD,1899709,0,0,212
DEATH_ONLY,100,0x001CFCBE,1899710,2,2,212
DEATH_ONLY,100,0x001CFCBF,1899711,1,1,255
DEATH_ONLY,100,0x001CFCC0,1899712,1,1,0
DEATH_ONLY,100,0x001CFCC1,1899713,2,2,56
DEATH_ONLY,100,0x001CFCC2,1899714,1,1,0
DEATH_ONLY,100,0x001CFCC3,1899715,0,0,89
DEATH_ONLY,100,0x001CFCC4,1899716,1,1,0
DEATH_ONLY,100,0x001CFCC5,1899717,2,2,95
DEATH_ONLY,100,0x001CFCC6,1899718,1,1,0
DEATH_ONLY,100,0x001CFCC9,1899721,1,1,140
DEATH_ONLY,100,0x001CFCCA,1899722,2,2,4
DEATH_ONLY,100,0x001CFCCB,1899723,2,2,230
DEATH_ONLY,100,0x001CFCCC,1899724,3,3,255
DEATH_ONLY,100,0x001CFCCD,1899725,1,1,255
DEATH_ONLY,100,0x001CFCCE,1899726,15,15,255
DEATH_ONLY,100,0x001CFCCF,1899727,0,0,255
DEATH_ONLY,100,0x001CFCD0,1899728,4,4,0
DEATH_ONLY,100,0x001CFCD1,1899729,1,1,56
DEATH_ONLY,100,0x001CFCD2,1899730,1,1,0
DEATH_ONLY,100,0x001CFCD3,1899731,2,2,12
DEATH_ONLY,100,0x001CFCD4,1899732,2,2,0
DEATH_ONLY,100,0x001CFCD5,1899733,1,1,5
DEATH_ONLY,100,0x001CFCD6,1899734,2,2,0
DEATH_ONLY,100,0x001CFCD8,1899736,1,1,2
DEATH_ONLY,100,0x001CFCD9,1899737,1,1,147
DEATH_ONLY,100,0x001CFCDB,1899739,0,0,236
DEATH_ONLY,100,0x001CFCDC,1899740,1,1,206
DEATH_ONLY,100,0x001CFCDD,1899741,1,1,206
DEATH_ONLY,100,0x001CFCDE,1899742,9,9,206
DEATH_ONLY,100,0x001CFCDF,1899743,0,0,255
DEATH_ONLY,100,0x001CFCE0,1899744,1,1,0
DEATH_ONLY,100,0x001CFCE1,1899745,1,1,43
DEATH_ONLY,100,0x001CFCE2,1899746,2,2,0
DEATH_ONLY,100,0x001CFCE3,1899747,0,0,9
DEATH_ONLY,100,0x001CFCE4,1899748,3,3,255
DEATH_ONLY,100,0x001CFCE5,1899749,1,1,201
DEATH_ONLY,100,0x001CFCE6,1899750,2,2,0
DEATH_ONLY,100,0x001CFCE9,1899753,1,1,91
DEATH_ONLY,100,0x001CFCEA,1899754,1,1,2
DEATH_ONLY,100,0x001CFCEB,1899755,0,0,214
DEATH_ONLY,100,0x001CFCEC,1899756,3,3,152
DEATH_ONLY,100,0x001CFCED,1899757,1,1,152
DEATH_ONLY,100,0x001CFCEE,1899758,2,2,152
DEATH_ONLY,100,0x001CFCEF,1899759,0,0,255
DEATH_ONLY,100,0x001CFCF0,1899760,3,3,0
DEATH_ONLY,100,0x001CFCF1,1899761,1,1,58
DEATH_ONLY,100,0x001CFCF2,1899762,3,3,0
DEATH_ONLY,100,0x001CFCF3,1899763,0,0,147
DEATH_ONLY,100,0x001CFCF4,1899764,2,2,255
DEATH_ONLY,100,0x001CFCF5,1899765,1,1,188
DEATH_ONLY,100,0x001CFCF6,1899766,1,1,0
DEATH_ONLY,100,0x001CFCF7,1899767,27,27,0
DEATH_ONLY,100,0x001CFCF8,1899768,1,1,3
DEATH_ONLY,100,0x001CFCF9,1899769,181,181,193
DEATH_ONLY,100,0x001CFCFA,1899770,1,1,6
DEATH_ONLY,100,0x001CFCFB,1899771,241,241,111
DEATH_ONLY,100,0x001CFCFC,1899772,1,1,197
DEATH_ONLY,100,0x001CFCFD,1899773,244,244,197
DEATH_ONLY,100,0x001CFCFE,1899774,1,1,197
DEATH_ONLY,100,0x001CFCFF,1899775,247,247,255
DEATH_ONLY,100,0x001CFD00,1899776,1,1,0
DEATH_ONLY,100,0x001CFD01,1899777,246,246,70
DEATH_ONLY,100,0x001CFD02,1899778,1,1,0
DEATH_ONLY,100,0x001CFD03,1899779,243,243,79
DEATH_ONLY,100,0x001CFD04,1899780,1,1,0
DEATH_ONLY,100,0x001CFD05,1899781,217,217,20
DEATH_ONLY,100,0x001CFD06,1899782,1,1,0
DEATH_ONLY,100,0x001CFD07,1899783,65,65,0
DEATH_ONLY,100,0x001CFD08,1899784,1,1,2
DEATH_ONLY,100,0x001CFD09,1899785,2,2,127
DEATH_ONLY,100,0x001CFD0A,1899786,5,5,4
DEATH_ONLY,100,0x001CFD0B,1899787,0,0,165
DEATH_ONLY,100,0x001CFD0C,1899788,3,3,212
DEATH_ONLY,100,0x001CFD0D,1899789,1,1,212
DEATH_ONLY,100,0x001CFD0E,1899790,1,1,212
DEATH_ONLY,100,0x001CFD0F,1899791,0,0,255
DEATH_ONLY,100,0x001CFD10,1899792,1,1,0
DEATH_ONLY,100,0x001CFD11,1899793,2,2,76
DEATH_ONLY,100,0x001CFD12,1899794,3,3,0
DEATH_ONLY,100,0x001CFD13,1899795,0,0,149
DEATH_ONLY,100,0x001CFD14,1899796,1,1,0
DEATH_ONLY,100,0x001CFD15,1899797,2,2,95
DEATH_ONLY,100,0x001CFD16,1899798,1,1,0
DEATH_ONLY,100,0x001CFD17,1899799,1,1,0
DEATH_ONLY,100,0x001CFD18,1899800,2,2,1
DEATH_ONLY,100,0x001CFD19,1899801,0,0,164
DEATH_ONLY,100,0x001CFD1A,1899802,1,1,6
DEATH_ONLY,100,0x001CFD1B,1899803,1,1,115
DEATH_ONLY,100,0x001CFD1C,1899804,1,1,255
DEATH_ONLY,100,0x001CFD1D,1899805,2,2,255
DEATH_ONLY,100,0x001CFD1E,1899806,2,2,255
DEATH_ONLY,100,0x001CFD1F,1899807,1,1,255
DEATH_ONLY,100,0x001CFD20,1899808,11,11,0
DEATH_ONLY,100,0x001CFD21,1899809,0,0,37
DEATH_ONLY,100,0x001CFD22,1899810,1,1,255
DEATH_ONLY,100,0x001CFD23,1899811,1,1,205
DEATH_ONLY,100,0x001CFD24,1899812,4,4,0
DEATH_ONLY,100,0x001CFD25,1899813,0,0,119
DEATH_ONLY,100,0x001CFD26,1899814,1,1,0
DEATH_ONLY,100,0x001CFD27,1899815,1,1,0
DEATH_ONLY,100,0x001CFD28,1899816,2,2,0
DEATH_ONLY,100,0x001CFD29,1899817,0,0,254
DEATH_ONLY,100,0x001CFD2B,1899819,1,1,70
DEATH_ONLY,100,0x001CFD2C,1899820,1,1,152
DEATH_ONLY,100,0x001CFD2D,1899821,9,9,152
DEATH_ONLY,100,0x001CFD2E,1899822,1,1,152
DEATH_ONLY,100,0x001CFD2F,1899823,171,171,255
DEATH_ONLY,100,0x001CFD30,1899824,1,1,255
DEATH_ONLY,100,0x001CFD31,1899825,246,246,252
DEATH_ONLY,100,0x001CFD32,1899826,3,3,255
DEATH_ONLY,100,0x001CFD33,1899827,248,248,218
DEATH_ONLY,100,0x001CFD34,1899828,1,1,0
DEATH_ONLY,100,0x001CFD35,1899829,250,250,73
DEATH_ONLY,100,0x001CFD36,1899830,2,2,0
DEATH_ONLY,100,0x001CFD37,1899831,251,251,0
DEATH_ONLY,100,0x001CFD39,1899833,250,250,199
DEATH_ONLY,100,0x001CFD3B,1899835,249,249,71
DEATH_ONLY,100,0x001CFD3C,1899836,1,1,152
DEATH_ONLY,100,0x001CFD3D,1899837,251,251,152
DEATH_ONLY,100,0x001CFD3E,1899838,1,1,152
DEATH_ONLY,100,0x001CFD3F,1899839,250,250,255
DEATH_ONLY,100,0x001CFD40,1899840,1,1,0
DEATH_ONLY,100,0x001CFD41,1899841,251,251,52
DEATH_ONLY,100,0x001CFD42,1899842,1,1,255
DEATH_ONLY,100,0x001CFD43,1899843,249,249,244
DEATH_ONLY,100,0x001CFD44,1899844,1,1,0
DEATH_ONLY,100,0x001CFD45,1899845,251,251,44
DEATH_ONLY,100,0x001CFD46,1899846,1,1,0
DEATH_ONLY,100,0x001CFD47,1899847,252,252,0
DEATH_ONLY,100,0x001CFD48,1899848,1,1,2
DEATH_ONLY,100,0x001CFD49,1899849,251,251,62
DEATH_ONLY,100,0x001CFD4A,1899850,1,1,2
DEATH_ONLY,100,0x001CFD4B,1899851,250,250,132
DEATH_ONLY,100,0x001CFD4C,1899852,1,1,212
DEATH_ONLY,100,0x001CFD4D,1899853,249,249,212
DEATH_ONLY,100,0x001CFD4E,1899854,1,1,212
DEATH_ONLY,100,0x001CFD4F,1899855,251,251,255
DEATH_ONLY,100,0x001CFD50,1899856,2,2,255
DEATH_ONLY,100,0x001CFD51,1899857,248,248,200
DEATH_ONLY,100,0x001CFD52,1899858,1,1,0
DEATH_ONLY,100,0x001CFD53,1899859,251,251,88
DEATH_ONLY,100,0x001CFD54,1899860,2,2,0
DEATH_ONLY,100,0x001CFD55,1899861,250,250,95
DEATH_ONLY,100,0x001CFD56,1899862,2,2,0
DEATH_ONLY,100,0x001CFD57,1899863,249,249,0
DEATH_ONLY,100,0x001CFD58,1899864,4,4,1
DEATH_ONLY,100,0x001CFD59,1899865,250,250,139
DEATH_ONLY,100,0x001CFD5A,1899866,1,1,4
DEATH_ONLY,100,0x001CFD5B,1899867,249,249,163
DEATH_ONLY,100,0x001CFD5C,1899868,1,1,255
DEATH_ONLY,100,0x001CFD5D,1899869,248,248,255
DEATH_ONLY,100,0x001CFD5E,1899870,1,1,255
DEATH_ONLY,100,0x001CFD5F,1899871,250,250,255
DEATH_ONLY,100,0x001CFD60,1899872,2,2,255
DEATH_ONLY,100,0x001CFD61,1899873,251,251,187
DEATH_ONLY,100,0x001CFD62,1899874,1,1,0
DEATH_ONLY,100,0x001CFD63,1899875,250,250,154
DEATH_ONLY,100,0x001CFD64,1899876,1,1,0
DEATH_ONLY,100,0x001CFD65,1899877,252,252,95
DEATH_ONLY,100,0x001CFD66,1899878,2,2,0
DEATH_ONLY,100,0x001CFD67,1899879,249,249,0
DEATH_ONLY,100,0x001CFD69,1899881,252,252,129
DEATH_ONLY,100,0x001CFD6A,1899882,1,1,6
DEATH_ONLY,100,0x001CFD6B,1899883,251,251,99
DEATH_ONLY,100,0x001CFD6C,1899884,3,3,255
DEATH_ONLY,100,0x001CFD6D,1899885,250,250,255
DEATH_ONLY,100,0x001CFD6E,1899886,2,2,255
DEATH_ONLY,100,0x001CFD6F,1899887,247,247,255
DEATH_ONLY,100,0x001CFD70,1899888,2,2,255
DEATH_ONLY,100,0x001CFD71,1899889,248,248,184
DEATH_ONLY,100,0x001CFD72,1899890,1,1,0
DEATH_ONLY,100,0x001CFD73,1899891,247,247,80
DEATH_ONLY,100,0x001CFD74,1899892,1,1,0
DEATH_ONLY,100,0x001CFD75,1899893,248,248,20
DEATH_ONLY,100,0x001CFD76,1899894,2,2,0
DEATH_ONLY,100,0x001CFD77,1899895,250,250,0
DEATH_ONLY,100,0x001CFD78,1899896,1,1,2
DEATH_ONLY,100,0x001CFD79,1899897,249,249,99
DEATH_ONLY,100,0x001CFD7A,1899898,1,1,4
DEATH_ONLY,100,0x001CFD7B,1899899,252,252,196
DEATH_ONLY,100,0x001CFD7C,1899900,1,1,212
DEATH_ONLY,100,0x001CFD7D,1899901,251,251,212
DEATH_ONLY,100,0x001CFD7E,1899902,1,1,212
DEATH_ONLY,100,0x001CFD7F,1899903,250,250,255
DEATH_ONLY,100,0x001CFD80,1899904,1,1,255
DEATH_ONLY,100,0x001CFD81,1899905,251,251,192
DEATH_ONLY,100,0x001CFD82,1899906,1,1,0
DEATH_ONLY,100,0x001CFD83,1899907,249,249,147
DEATH_ONLY,100,0x001CFD84,1899908,2,2,255
DEATH_ONLY,100,0x001CFD85,1899909,251,251,188
DEATH_ONLY,100,0x001CFD86,1899910,1,1,0
DEATH_ONLY,100,0x001CFD87,1899911,250,250,0
DEATH_ONLY,100,0x001CFD88,1899912,1,1,3
DEATH_ONLY,100,0x001CFD89,1899913,253,253,88
DEATH_ONLY,100,0x001CFD8A,1899914,1,1,6
DEATH_ONLY,100,0x001CFD8B,1899915,252,252,251
DEATH_ONLY,100,0x001CFD8C,1899916,1,1,197
DEATH_ONLY,100,0x001CFD8D,1899917,251,251,197
DEATH_ONLY,100,0x001CFD8E,1899918,2,2,197
DEATH_ONLY,100,0x001CFD8F,1899919,252,252,255
DEATH_ONLY,100,0x001CFD90,1899920,1,1,255
DEATH_ONLY,100,0x001CFD91,1899921,250,250,217
DEATH_ONLY,100,0x001CFD92,1899922,1,1,0
DEATH_ONLY,100,0x001CFD93,1899923,253,253,8
DEATH_ONLY,100,0x001CFD94,1899924,1,1,255
DEATH_ONLY,100,0x001CFD95,1899925,251,251,201
DEATH_ONLY,100,0x001CFD96,1899926,2,2,0
DEATH_ONLY,100,0x001CFD97,1899927,252,252,0
DEATH_ONLY,100,0x001CFD98,1899928,1,1,3
DEATH_ONLY,100,0x001CFD99,1899929,250,250,70
DEATH_ONLY,100,0x001CFD9A,1899930,1,1,3
DEATH_ONLY,100,0x001CFD9B,1899931,252,252,46
DEATH_ONLY,100,0x001CFD9C,1899932,2,2,152
DEATH_ONLY,100,0x001CFD9D,1899933,250,250,152
DEATH_ONLY,100,0x001CFD9E,1899934,2,2,152
DEATH_ONLY,100,0x001CFD9F,1899935,252,252,255
DEATH_ONLY,100,0x001CFDA0,1899936,1,1,255
DEATH_ONLY,100,0x001CFDA1,1899937,251,251,203
DEATH_ONLY,100,0x001CFDA2,1899938,1,1,0
DEATH_ONLY,100,0x001CFDA3,1899939,252,252,12
DEATH_ONLY,100,0x001CFDA4,1899940,1,1,0
DEATH_ONLY,100,0x001CFDA5,1899941,199,199,5
DEATH_ONLY,100,0x001CFDA6,1899942,1,1,0
DEATH_ONLY,100,0x001CFDA7,1899943,138,138,0
DEATH_ONLY,100,0x001CFDA8,1899944,1,1,2
DEATH_ONLY,100,0x001CFDA9,1899945,172,172,150
DEATH_ONLY,100,0x001CFDAA,1899946,1,1,3
DEATH_ONLY,100,0x001CFDAB,1899947,5,5,0
DEATH_ONLY,100,0x001CFDAC,1899948,1,1,255
DEATH_ONLY,100,0x001CFDAD,1899949,144,144,255
DEATH_ONLY,100,0x001CFDAE,1899950,2,2,255
DEATH_ONLY,100,0x001CFDAF,1899951,251,251,255
DEATH_ONLY,100,0x001CFDB0,1899952,2,2,255
DEATH_ONLY,100,0x001CFDB1,1899953,250,250,207
DEATH_ONLY,100,0x001CFDB2,1899954,1,1,255
DEATH_ONLY,100,0x001CFDB3,1899955,251,251,245
DEATH_ONLY,100,0x001CFDB4,1899956,1,1,0
DEATH_ONLY,100,0x001CFDB5,1899957,249,249,44
DEATH_ONLY,100,0x001CFDB6,1899958,5,5,0
DEATH_ONLY,100,0x001CFDB7,1899959,251,251,0
DEATH_ONLY,100,0x001CFDB9,1899961,250,250,83
DEATH_ONLY,100,0x001CFDBB,1899963,249,249,121
DEATH_ONLY,100,0x001CFDBC,1899964,1,1,212
DEATH_ONLY,100,0x001CFDBD,1899965,245,245,212
DEATH_ONLY,100,0x001CFDBE,1899966,1,1,212
DEATH_ONLY,100,0x001CFDBF,1899967,246,246,255
DEATH_ONLY,100,0x001CFDC0,1899968,1,1,255
DEATH_ONLY,100,0x001CFDC1,1899969,217,217,224
DEATH_ONLY,100,0x001CFDC2,1899970,1,1,255
DEATH_ONLY,100,0x001CFDC3,1899971,62,62,205
DEATH_ONLY,100,0x001CFDC4,1899972,1,1,0
DEATH_ONLY,100,0x001CFDC5,1899973,26,26,119
DEATH_ONLY,100,0x001CFDC6,1899974,1,1,0
DEATH_ONLY,100,0x001CFDC7,1899975,1,1,0
DEATH_ONLY,100,0x001CFDC8,1899976,9,9,1
DEATH_ONLY,100,0x001CFDC9,1899977,0,0,86
DEATH_ONLY,100,0x001CFDCA,1899978,1,1,0
DEATH_ONLY,100,0x001CFDCB,1899979,1,1,202
DEATH_ONLY,100,0x001CFDCC,1899980,2,2,152
DEATH_ONLY,100,0x001CFDCD,1899981,0,0,152
DEATH_ONLY,100,0x001CFDCE,1899982,1,1,152
DEATH_ONLY,100,0x001CFDCF,1899983,1,1,167
DEATH_ONLY,100,0x001CFDD0,1899984,3,3,255
DEATH_ONLY,100,0x001CFDD1,1899985,0,0,252
DEATH_ONLY,100,0x001CFDD2,1899986,1,1,255
DEATH_ONLY,100,0x001CFDD3,1899987,1,1,218
DEATH_ONLY,100,0x001CFDD4,1899988,3,3,0
DEATH_ONLY,100,0x001CFDD5,1899989,0,0,73
DEATH_ONLY,100,0x001CFDD6,1899990,1,1,0
DEATH_ONLY,100,0x001CFDD7,1899991,1,1,0
DEATH_ONLY,100,0x001CFDD8,1899992,4,4,2
DEATH_ONLY,100,0x001CFDD9,1899993,0,0,5
DEATH_ONLY,100,0x001CFDDB,1899995,1,1,16
DEATH_ONLY,100,0x001CFDDC,1899996,8,8,152
DEATH_ONLY,100,0x001CFDDD,1899997,0,0,152
DEATH_ONLY,100,0x001CFDDE,1899998,2,2,152
DEATH_ONLY,100,0x001CFDDF,1899999,1,1,255
DEATH_ONLY,100,0x001CFDE0,1900000,2,2,0
DEATH_ONLY,100,0x001CFDE1,1900001,0,0,43
DEATH_ONLY,100,0x001CFDE2,1900002,2,2,0
DEATH_ONLY,100,0x001CFDE3,1900003,1,1,9
DEATH_ONLY,100,0x001CFDE4,1900004,1,1,255
DEATH_ONLY,100,0x001CFDE5,1900005,0,0,201
DEATH_ONLY,100,0x001CFDE6,1900006,1,1,0
DEATH_ONLY,100,0x001CFDE7,1900007,1,1,0
DEATH_ONLY,100,0x001CFDE8,1900008,5,5,1
DEATH_ONLY,100,0x001CFDE9,1900009,0,0,122
DEATH_ONLY,100,0x001CFDEA,1900010,2,2,0
DEATH_ONLY,100,0x001CFDEB,1900011,1,1,206
DEATH_ONLY,100,0x001CFDEC,1900012,13,13,152
DEATH_ONLY,100,0x001CFDED,1900013,0,0,152
DEATH_ONLY,100,0x001CFDEE,1900014,1,1,152
DEATH_ONLY,100,0x001CFDEF,1900015,2,2,255
DEATH_ONLY,100,0x001CFDF0,1900016,4,4,0
DEATH_ONLY,100,0x001CFDF1,1900017,0,0,30
DEATH_ONLY,100,0x001CFDF2,1900018,1,1,0
DEATH_ONLY,100,0x001CFDF3,1900019,2,2,0
DEATH_ONLY,100,0x001CFDF4,1900020,2,2,255
DEATH_ONLY,100,0x001CFDF5,1900021,1,1,219
DEATH_ONLY,100,0x001CFDF6,1900022,8,8,0
DEATH_ONLY,100,0x001CFDF8,1900024,1,1,2
DEATH_ONLY,100,0x001CFDF9,1900025,1,1,98
DEATH_ONLY,100,0x001CFDFA,1900026,2,2,0
DEATH_ONLY,100,0x001CFDFB,1900027,0,0,104
DEATH_ONLY,100,0x001CFDFC,1900028,4,4,152
DEATH_ONLY,100,0x001CFDFD,1900029,1,1,152
DEATH_ONLY,100,0x001CFDFE,1900030,3,3,152
DEATH_ONLY,100,0x001CFDFF,1900031,0,0,255
DEATH_ONLY,100,0x001CFE00,1900032,1,1,255
DEATH_ONLY,100,0x001CFE01,1900033,1,1,217
DEATH_ONLY,100,0x001CFE02,1900034,6,6,0
DEATH_ONLY,100,0x001CFE03,1900035,0,0,8
DEATH_ONLY,100,0x001CFE04,1900036,1,1,255
DEATH_ONLY,100,0x001CFE05,1900037,1,1,201
DEATH_ONLY,100,0x001CFE06,1900038,8,8,0
DEATH_ONLY,100,0x001CFE08,1900040,1,1,7
DEATH_ONLY,100,0x001CFE09,1900041,1,1,126
DEATH_ONLY,100,0x001CFE0A,1900042,10,10,1
DEATH_ONLY,100,0x001CFE0B,1900043,0,0,32
DEATH_ONLY,100,0x001CFE0C,1900044,1,1,152
DEATH_ONLY,100,0x001CFE0D,1900045,1,1,152
DEATH_ONLY,100,0x001CFE0E,1900046,10,10,152
DEATH_ONLY,100,0x001CFE0F,1900047,0,0,255
DEATH_ONLY,100,0x001CFE10,1900048,1,1,255
DEATH_ONLY,100,0x001CFE11,1900049,3,3,212
DEATH_ONLY,100,0x001CFE12,1900050,7,7,0
DEATH_ONLY,100,0x001CFE13,1900051,0,0,2
DEATH_ONLY,100,0x001CFE14,1900052,2,2,255
DEATH_ONLY,100,0x001CFE15,1900053,2,2,225
DEATH_ONLY,100,0x001CFE16,1900054,8,8,0
DEATH_ONLY,100,0x001CFE18,1900056,3,3,7
DEATH_ONLY,100,0x001CFE19,1900057,1,1,224
DEATH_ONLY,100,0x001CFE1A,1900058,1,1,0
DEATH_ONLY,100,0x001CFE1B,1900059,139,139,204
DEATH_ONLY,100,0x001CFE1C,1900060,1,1,152
DEATH_ONLY,100,0x001CFE1D,1900061,199,199,152
DEATH_ONLY,100,0x001CFE1E,1900062,1,1,152
DEATH_ONLY,100,0x001CFE1F,1900063,64,64,255
DEATH_ONLY,100,0x001CFE20,1900064,1,1,0
DEATH_ONLY,100,0x001CFE21,1900065,95,95,58
DEATH_ONLY,100,0x001CFE22,1900066,1,1,0
DEATH_ONLY,100,0x001CFE23,1900067,3,3,147
DEATH_ONLY,100,0x001CFE24,1900068,1,1,255
DEATH_ONLY,100,0x001CFE25,1900069,12,12,188
DEATH_ONLY,100,0x001CFE26,1900070,1,1,0
DEATH_ONLY,100,0x001CFE27,1900071,17,17,0
DEATH_ONLY,100,0x001CFE28,1900072,2,2,0
DEATH_ONLY,100,0x001CFE29,1900073,2,2,137
DEATH_ONLY,100,0x001CFE2A,1900074,1,1,3
DEATH_ONLY,100,0x001CFE2B,1900075,1,1,241
DEATH_ONLY,100,0x001CFE2C,1900076,1,1,197
DEATH_ONLY,100,0x001CFE2D,1900077,0,0,197
DEATH_ONLY,100,0x001CFE2E,1900078,1,1,197
DEATH_ONLY,100,0x001CFE2F,1900079,2,2,255
DEATH_ONLY,100,0x001CFE30,1900080,1,1,255
DEATH_ONLY,100,0x001CFE31,1900081,13,13,217
DEATH_ONLY,100,0x001CFE32,1900082,1,1,0
DEATH_ONLY,100,0x001CFE33,1900083,196,196,8
DEATH_ONLY,100,0x001CFE34,1900084,2,2,255
DEATH_ONLY,100,0x001CFE35,1900085,251,251,201
DEATH_ONLY,100,0x001CFE36,1900086,1,1,0
DEATH_ONLY,100,0x001CFE37,1900087,250,250,0
DEATH_ONLY,100,0x001CFE38,1900088,2,2,7
DEATH_ONLY,100,0x001CFE39,1900089,251,251,55
DEATH_ONLY,100,0x001CFE3A,1900090,1,1,0
DEATH_ONLY,100,0x001CFE3B,1900091,250,250,186
DEATH_ONLY,100,0x001CFE3C,1900092,4,4,152
DEATH_ONLY,100,0x001CFE3D,1900093,251,251,152
DEATH_ONLY,100,0x001CFE3E,1900094,1,1,152
DEATH_ONLY,100,0x001CFE3F,1900095,252,252,255
DEATH_ONLY,100,0x001CFE40,1900096,1,1,255
DEATH_ONLY,100,0x001CFE41,1900097,247,247,192
DEATH_ONLY,100,0x001CFE42,1900098,1,1,0
DEATH_ONLY,100,0x001CFE43,1900099,74,74,147
DEATH_ONLY,100,0x001CFE44,1900100,1,1,255
DEATH_ONLY,100,0x001CFE45,1900101,2,2,188
DEATH_ONLY,100,0x001CFE46,1900102,2,2,0
DEATH_ONLY,100,0x001CFE47,1900103,1,1,0
DEATH_ONLY,100,0x001CFE48,1900104,1,1,8
DEATH_ONLY,100,0x001CFE49,1900105,2,2,66
DEATH_ONLY,100,0x001CFE4A,1900106,2,2,3
DEATH_ONLY,100,0x001CFE4B,1900107,1,1,253
DEATH_ONLY,100,0x001CFE4C,1900108,10,10,197
DEATH_ONLY,100,0x001CFE4D,1900109,0,0,197
DEATH_ONLY,100,0x001CFE4E,1900110,1,1,197
DEATH_ONLY,100,0x001CFE4F,1900111,1,1,255
DEATH_ONLY,100,0x001CFE50,1900112,1,1,0
DEATH_ONLY,100,0x001CFE51,1900113,0,0,43
DEATH_ONLY,100,0x001CFE52,1900114,1,1,0
DEATH_ONLY,100,0x001CFE53,1900115,2,2,9
DEATH_ONLY,100,0x001CFE54,1900116,5,5,255
DEATH_ONLY,100,0x001CFE55,1900117,1,1,201
DEATH_ONLY,100,0x001CFE56,1900118,11,11,0
DEATH_ONLY,100,0x001CFE58,1900120,1,1,2
DEATH_ONLY,100,0x001CFE59,1900121,1,1,14
DEATH_ONLY,100,0x001CFE5A,1900122,1,1,0
DEATH_ONLY,100,0x001CFE5B,1900123,0,0,182
DEATH_ONLY,100,0x001CFE5C,1900124,1,1,152
DEATH_ONLY,100,0x001CFE5D,1900125,1,1,152
DEATH_ONLY,100,0x001CFE5E,1900126,2,2,152
DEATH_ONLY,100,0x001CFE5F,1900127,0,0,255
DEATH_ONLY,100,0x001D79FF,1931775,95,95,202
DEATH_ONLY,100,0x001D7A1C,1931804,0,0,1
DEATH_ONLY,100,0x001D7A1D,1931805,202,202,9
DEATH_ONLY,100,0x001D7A44,1931844,0,0,1
DEATH_ONLY,100,0x001D7A52,1931858,0,0,255
DEATH_ONLY,100,0x001D7A53,1931859,0,0,255
DEATH_ONLY,100,0x001D7E40,1932864,255,255,0
DEATH_ONLY,100,0x001D7E41,1932865,255,255,53
DEATH_ONLY,100,0x001D8017,1933335,26,26,95
DEATH_ONLY,100,0x001D83F1,1934321,95,95,202
DEATH_ONLY,100,0x001D8530,1934640,0,0,1
DEATH_ONLY,100,0x001D8531,1934641,202,202,9
DEATH_ONLY,100,0x001E0120,1966368,0,0,189
DEATH_ONLY,100,0x001E0121,1966369,0,0,166
DEATH_ONLY,100,0x001E0122,1966370,0,0,19
DEATH_ONLY,100,0x001E0123,1966371,0,0,88
DEATH_ONLY,100,0x001E0124,1966372,0,0,51
DEATH_ONLY,100,0x001E0125,1966373,0,0,60
DEATH_ONLY,100,0x001E0126,1966374,0,0,55
DEATH_ONLY,100,0x001E0127,1966375,0,0,150
DEATH_ONLY,100,0x001E0128,1966376,0,0,61
DEATH_ONLY,100,0x001E0129,1966377,0,0,111
DEATH_ONLY,100,0x001E012A,1966378,0,0,175
DEATH_ONLY,100,0x001E012B,1966379,0,0,14
DEATH_ONLY,100,0x001E0130,1966384,0,0,179
DEATH_ONLY,100,0x001E0131,1966385,0,0,104
DEATH_ONLY,100,0x001E0132,1966386,0,0,26
DEATH_ONLY,100,0x001E0133,1966387,0,0,184
DEATH_ONLY,100,0x001E0134,1966388,0,0,189
DEATH_ONLY,100,0x001E0135,1966389,0,0,204
DEATH_ONLY,100,0x001E0136,1966390,0,0,204
DEATH_ONLY,100,0x001E0137,1966391,0,0,203
DEATH_ONLY,100,0x001E0140,1966400,0,0,61
DEATH_ONLY,100,0x001E0141,1966401,0,0,111
DEATH_ONLY,100,0x001E0142,1966402,0,0,174
DEATH_ONLY,100,0x001E0143,1966403,0,0,225
DEATH_ONLY,100,0x001E0144,1966404,0,0,179
DEATH_ONLY,100,0x001E0145,1966405,0,0,7
DEATH_ONLY,100,0x001E0146,1966406,0,0,209
DEATH_ONLY,100,0x001E0147,1966407,0,0,178
DEATH_ONLY,100,0x001E0148,1966408,0,0,61
DEATH_ONLY,100,0x001E0149,1966409,0,0,166
DEATH_ONLY,100,0x001E014A,1966410,0,0,19
DEATH_ONLY,100,0x001E014B,1966411,0,0,57
DEATH_ONLY,100,0x001E015C,1966428,0,0,63
DEATH_ONLY,100,0x001E015D,1966429,0,0,128
DEATH_ONLY,100,0x001E0160,1966432,0,0,70
DEATH_ONLY,100,0x001E0161,1966433,0,0,149
DEATH_ONLY,100,0x001E0162,1966434,0,0,65
DEATH_ONLY,100,0x001E0163,1966435,0,0,140
DEATH_ONLY,100,0x001E0164,1966436,0,0,194
DEATH_ONLY,100,0x001E0165,1966437,0,0,202
DEATH_ONLY,100,0x001E0166,1966438,0,0,1
DEATH_ONLY,100,0x001E0167,1966439,0,0,34
DEATH_ONLY,100,0x001E0168,1966440,0,0,70
DEATH_ONLY,100,0x001E0169,1966441,0,0,131
DEATH_ONLY,100,0x001E016A,1966442,0,0,36
DEATH_ONLY,100,0x001E016B,1966443,0,0,38
DEATH_ONLY,100,0x001EEF6F,2027375,15,15,1
DEATH_ONLY,100,0x001EEF76,2027382,233,233,0
DEATH_ONLY,100,0x001EEF7A,2027386,2,2,0
DEATH_ONLY,100,0x001EEF94,2027412,70,70,0
DEATH_ONLY,100,0x001EEF95,2027413,116,116,0
DEATH_ONLY,100,0x001EEF96,2027414,110,110,0
DEATH_ONLY,100,0x001EEF97,2027415,232,232,0
DEATH_ONLY,100,0x001EEF98,2027416,194,194,0
DEATH_ONLY,100,0x001EEF99,2027417,94,94,0
DEATH_ONLY,100,0x001EEF9A,2027418,144,144,0
DEATH_ONLY,100,0x001EEF9B,2027419,141,141,0
DEATH_ONLY,100,0x001EEF9C,2027420,70,70,0
DEATH_ONLY,100,0x001EEF9D,2027421,49,49,0
DEATH_ONLY,100,0x001EEF9E,2027422,211,211,226
DEATH_ONLY,100,0x001EEF9F,2027423,8,8,225
DEATH_ONLY,100,0x001EEFA0,2027424,128,128,0
DEATH_ONLY,100,0x001EEFA1,2027425,28,28,0
DEATH_ONLY,100,0x001EEFA2,2027426,56,56,0
DEATH_ONLY,100,0x001EEFA3,2027427,184,184,0
DEATH_ONLY,100,0x001EEFA4,2027428,128,128,0
DEATH_ONLY,100,0x001EEFA5,2027429,30,30,0
DEATH_ONLY,100,0x001EEFA6,2027430,175,175,0
DEATH_ONLY,100,0x001EEFA7,2027431,176,176,3
DEATH_ONLY,100,0x001EEFA8,2027432,128,128,0
DEATH_ONLY,100,0x001EEFA9,2027433,30,30,0
DEATH_ONLY,100,0x001EEFAF,2027439,0,0,252
DEATH_ONLY,100,0x001EF06E,2027630,187,187,182
DEATH_ONLY,100,0x001EF06F,2027631,44,44,80
DEATH_ONLY,100,0x001EF071,2027633,6,6,10
DEATH_ONLY,100,0x001EF32E,2028334,233,233,0
DEATH_ONLY,100,0x001EF42A,2028586,255,255,0
DEATH_ONLY,100,0x001EF42B,2028587,255,255,2
DEATH_ONLY,100,0x001F1857,2037847,8,8,5
DEATH_ONLY,100,0x001F187C,2037884,128,128,0
DEATH_ONLY,100,0x001F187D,2037885,2,2,0
DEATH_ONLY,100,0x001F1880,2037888,2,2,191
DEATH_ONLY,100,0x001F1881,2037889,0,0,128
DEATH_ONLY,100,0x001F1885,2037893,0,0,128
DEATH_ONLY,100,0x001F1887,2037895,1,1,0
DEATH_ONLY,100,0x001F1888,2037896,1,1,0
DEATH_ONLY,100,0x001F1937,2038071,248,248,24
DEATH_ONLY,100,0x001F194D,2038093,0,0,32
DEATH_ONLY,100,0x001F1957,2038103,132,132,124
DEATH_ONLY,100,0x001F19B0,2038192,128,128,0
DEATH_ONLY,100,0x001F19B1,2038193,6,6,0
DEATH_ONLY,100,0x001F19B2,2038194,164,164,0
DEATH_ONLY,100,0x001F19B3,2038195,192,192,0
DEATH_ONLY,100,0x001F1C6E,2038894,129,129,9
DEATH_ONLY,100,0x001F1C6F,2038895,147,147,187
DEATH_ONLY,100,0x001F1C70,2038896,67,67,194
DEATH_ONLY,100,0x001F1C71,2038897,186,186,94
DEATH_ONLY,100,0x001F1C72,2038898,47,47,144
DEATH_ONLY,100,0x001F1C73,2038899,19,19,141
DEATH_ONLY,100,0x001F1C75,2038901,67,67,61
DEATH_ONLY,100,0x001F1C76,2038902,191,191,169
DEATH_ONLY,100,0x001F1C77,2038903,73,73,85
DEATH_ONLY,100,0x001F1C82,2038914,3,3,12
DEATH_ONLY,100,0x001F1C83,2038915,65,65,80
DEATH_ONLY,100,0x001F1CC5,2038981,129,129,130
DEATH_ONLY,100,0x001F1CC6,2038982,148,148,179
DEATH_ONLY,100,0x001F1CC7,2038983,169,169,145
DEATH_ONLY,100,0x001F1CC8,2038984,67,67,192
DEATH_ONLY,100,0x001F1CC9,2038985,214,214,32
DEATH_ONLY,100,0x001F1CCA,2038986,0,0,36
DEATH_ONLY,100,0x001F1CCB,2038987,220,220,128
DEATH_ONLY,100,0x001F1CCD,2038989,65,65,62
DEATH_ONLY,100,0x001F1CCE,2038990,188,188,10
DEATH_ONLY,100,0x001F1CCF,2038991,7,7,254
DEATH_ONLY,100,0x001F1CFF,2039039,0,0,63
DEATH_ONLY,100,0x001F1D03,2039043,0,0,63
DEATH_ONLY,100,0x001F421C,2048540,128,128,0
DEATH_ONLY,100,0x001F421D,2048541,31,31,0
DEATH_ONLY,100,0x001F421E,2048542,171,171,0
DEATH_ONLY,100,0x001F421F,2048543,220,220,0
DEATH_ONLY,100,0x001F5D8F,2055567,192,192,128
DEATH_ONLY,100,0x001F6E19,2059801,43,43,42
DEATH_ONLY,100,0x001F6E1A,2059802,52,52,244
DEATH_ONLY,100,0x001F6E1B,2059803,216,216,220
DEATH_ONLY,100,0x001F6E1E,2059806,0,0,1
DEATH_ONLY,100,0x001F6E20,2059808,0,0,64
DEATH_ONLY,100,0x001F6E29,2059817,0,0,2
DEATH_ONLY,100,0x001F6E2B,2059819,1,1,3
DEATH_ONLY,100,0x001F6E34,2059828,191,191,66
DEATH_ONLY,100,0x001F6E35,2059829,128,128,240
DEATH_ONLY,100,0x001F6E38,2059832,63,63,62
DEATH_ONLY,100,0x001F6E39,2059833,0,0,128
DEATH_ONLY,100,0x001F6E4C,2059852,128,128,0
DEATH_ONLY,100,0x001F6E4D,2059853,42,42,0
DEATH_ONLY,100,0x001F6E4E,2059854,244,244,0
DEATH_ONLY,100,0x001F6E4F,2059855,220,220,0
DEATH_ONLY,100,0x001F6E50,2059856,0,0,65
DEATH_ONLY,100,0x001F6E51,2059857,0,0,48
DEATH_ONLY,100,0x001F6E59,2059865,0,0,11
DEATH_ONLY,100,0x001F6E5B,2059867,1,1,12
DEATH_ONLY,100,0x001F6E64,2059876,66,66,191
DEATH_ONLY,100,0x001F6E65,2059877,240,240,128
DEATH_ONLY,100,0x001F6E68,2059880,62,62,63
DEATH_ONLY,100,0x001F6E69,2059881,128,128,0
DEATH_ONLY,100,0x001F6E7C,2059900,63,63,0
DEATH_ONLY,100,0x001F6E7D,2059901,128,128,0
DEATH_ONLY,100,0x001F6E80,2059904,65,65,0
DEATH_ONLY,100,0x001F6E81,2059905,128,128,0
DEATH_ONLY,100,0x001F6E84,2059908,0,0,65
DEATH_ONLY,100,0x001F6F95,2060181,27,27,0
DEATH_ONLY,100,0x001F6F9D,2060189,128,128,0
DEATH_ONLY,100,0x001F6FCA,2060234,205,205,0
DEATH_ONLY,100,0x001F6FCB,2060235,109,109,0
DEATH_ONLY,100,0x001F6FD0,2060240,146,146,0
DEATH_ONLY,100,0x001F6FE4,2060260,16,16,158
DEATH_ONLY,100,0x001F6FE5,2060261,101,101,233
DEATH_ONLY,100,0x001F6FE6,2060262,238,238,178
DEATH_ONLY,100,0x001F6FE7,2060263,0,0,46
DEATH_ONLY,100,0x001F6FE8,2060264,235,235,96
DEATH_ONLY,100,0x001F6FE9,2060265,194,194,255
DEATH_ONLY,100,0x001F6FEA,2060266,50,50,240
DEATH_ONLY,100,0x001F6FEB,2060267,192,192,54
DEATH_ONLY,100,0x001F6FF0,2060272,85,85,255
DEATH_ONLY,100,0x001F6FF1,2060273,115,115,221
DEATH_ONLY,100,0x001F6FF3,2060275,168,168,17
DEATH_ONLY,100,0x001F6FFC,2060284,75,75,65
DEATH_ONLY,100,0x001F6FFD,2060285,26,26,128
DEATH_ONLY,100,0x001F6FFE,2060286,73,73,0
DEATH_ONLY,100,0x001F6FFF,2060287,219,219,0
DEATH_ONLY,100,0x001F7E41,2063937,42,42,43
DEATH_ONLY,100,0x001F7E8C,2064012,66,66,191
DEATH_ONLY,100,0x001F7E8D,2064013,240,240,128
DEATH_ONLY,100,0x001F7E90,2064016,62,62,63
DEATH_ONLY,100,0x001F7E91,2064017,128,128,0
DEATH_ONLY,100,0x001F7FC1,2064321,104,104,248
DEATH_ONLY,100,0x001F7FC4,2064324,63,63,0
DEATH_ONLY,100,0x001F7FC9,2064329,14,14,31
DEATH_ONLY,100,0x001F7FCB,2064331,15,15,32
DEATH_ONLY,100,0x001FAB7B,2075515,124,124,148
DEATH_ONLY,100,0x001FAB88,2075528,128,128,0
DEATH_ONLY,100,0x001FAB89,2075529,31,31,0
DEATH_ONLY,100,0x001FAB8A,2075530,171,171,0
DEATH_ONLY,100,0x001FAB8B,2075531,148,148,0
DEATH_ONLY,100,0x001FAB8C,2075532,0,0,128
DEATH_ONLY,100,0x001FAB8D,2075533,0,0,31
DEATH_ONLY,100,0x001FAB8E,2075534,0,0,171
DEATH_ONLY,100,0x001FAB8F,2075535,0,0,148
DEATH_ONLY,100,0x001FABA0,2075552,0,0,128
DEATH_ONLY,100,0x001FABA1,2075553,0,0,31
DEATH_ONLY,100,0x001FABA2,2075554,0,0,171
DEATH_ONLY,100,0x001FABA3,2075555,0,0,124
DEATH_ONLY,100,0x001FABA4,2075556,128,128,0
DEATH_ONLY,100,0x001FABA5,2075557,31,31,0
DEATH_ONLY,100,0x001FABA6,2075558,171,171,0
DEATH_ONLY,100,0x001FABA7,2075559,124,124,0
DEATH_ONLY,100,0x00204B59,2116441,217,217,216
DEATH_ONLY,100,0x00204B5A,2116442,0,0,153
DEATH_ONLY,100,0x00204B5B,2116443,1,1,155
DEATH_ONLY,100,0x00204B68,2116456,66,66,194
DEATH_ONLY,100,0x00204B69,2116457,217,217,94
DEATH_ONLY,100,0x00204B6A,2116458,0,0,144
DEATH_ONLY,100,0x00204B6B,2116459,1,1,141
DEATH_ONLY,100,0x00204B75,2116469,216,216,217
DEATH_ONLY,100,0x00204B76,2116470,153,153,0
DEATH_ONLY,100,0x00204B77,2116471,155,155,1
DEATH_ONLY,100,0x00204B80,2116480,66,66,194
DEATH_ONLY,100,0x00204B81,2116481,216,216,94
DEATH_ONLY,100,0x00204B82,2116482,153,153,144
DEATH_ONLY,100,0x00204B83,2116483,155,155,141
DEATH_ONLY,100,0x0020C2A2,2146978,0,0,1
DEATH_ONLY,100,0x0020C2DB,2147035,155,155,152
DEATH_ONLY,100,0x0020C2E4,2147044,0,0,66
DEATH_ONLY,100,0x0020C2F0,2147056,0,0,66
DEATH_ONLY,100,0x0020C2F1,2147057,0,0,216
DEATH_ONLY,100,0x0020C2F2,2147058,0,0,153
DEATH_ONLY,100,0x0020EE72,2158194,0,0,1
DEATH_ONLY,100,0x0020EEAB,2158251,155,155,152
DEATH_ONLY,100,0x0020EEB4,2158260,0,0,66
DEATH_ONLY,100,0x0020EEC0,2158272,0,0,66
DEATH_ONLY,100,0x0020EEC1,2158273,0,0,216
DEATH_ONLY,100,0x0020EEC2,2158274,0,0,153
DEATH_ONLY,100,0x0020F3A8,2159528,66,66,65
DEATH_ONLY,100,0x0020F3B8,2159544,66,66,65
DEATH_ONLY,100,0x0020F3C5,2159557,216,216,72
DEATH_ONLY,100,0x0020F3C6,2159558,153,153,204
DEATH_ONLY,100,0x0020F3C7,2159559,155,155,206
DEATH_ONLY,100,0x0020F3D1,2159569,216,216,75
DEATH_ONLY,100,0x0020F3D2,2159570,153,153,51
DEATH_ONLY,100,0x0020F3D3,2159571,155,155,52
DEATH_ONLY,100,0x0020F453,2159699,1,1,0
DEATH_ONLY,100,0x0020F6E4,2160356,67,67,194
DEATH_ONLY,100,0x0020F6E5,2160357,160,160,214
DEATH_ONLY,100,0x0020F6E6,2160358,128,128,1
DEATH_ONLY,100,0x0020F6E7,2160359,220,220,37
DEATH_ONLY,100,0x0020F709,2160393,217,217,213
DEATH_ONLY,100,0x0020F70A,2160394,153,153,51
DEATH_ONLY,100,0x0020F70B,2160395,155,155,52
DEATH_ONLY,100,0x00234706,2311942,189,189,188
DEATH_ONLY,100,0x0023470B,2311947,178,178,176
DEATH_ONLY,100,0x00274A83,2574979,252,252,28
DEATH_ONLY,100,0x002758CD,2578637,252,252,160
DEATH_ONLY,100,0x00275B3F,2579263,252,252,28
DEATH_ONLY,100,0x002762D7,2581207,252,252,212
DEATH_ONLY,100,0x00276303,2581251,252,252,236
DEATH_ONLY,100,0x00276545,2581829,252,252,220
DEATH_ONLY,100,0x00276A63,2583139,252,252,56
DEATH_ONLY,100,0x00276F87,2584455,252,252,200
DEATH_ONLY,100,0x00277473,2585715,252,252,184
DEATH_ONLY,100,0x00277475,2585717,252,252,212
DEATH_ONLY,100,0x002C9417,2921495,212,212,211
DEATH_ONLY,100,0x002D8DA9,2985385,45,45,5
DEATH_ONLY,100,0x002DA020,2990112,0,0,255
DEATH_ONLY,100,0x002DA024,2990116,0,0,255
DEATH_ONLY,100,0x002E2CC3,3026115,0,0,176
DEATH_ONLY,100,0x002E2D92,3026322,0,0,209
DEATH_ONLY,100,0x002E2DB2,3026354,0,0,30
DEATH_ONLY,100,0x002E2E77,3026551,0,0,54
DEATH_ONLY,100,0x002E2EE8,3026664,0,0,255
DEATH_ONLY,100,0x002E2EEC,3026668,0,0,18
DEATH_ONLY,100,0x002E2F47,3026759,0,0,2
DEATH_ONLY,100,0x002E62D2,3039954,0,0,1
DEATH_ONLY,100,0x002E62E0,3039968,8,8,14
DEATH_ONLY,100,0x002E62E6,3039974,1,1,131
DEATH_ONLY,100,0x002E62E7,3039975,64,64,128
DEATH_ONLY,100,0x002E62EC,3039980,0,0,1
DEATH_ONLY,100,0x002E62ED,3039981,45,45,64
DEATH_ONLY,100,0x002E632C,3040044,0,0,1
DEATH_ONLY,100,0x002E633A,3040058,0,0,205
DEATH_ONLY,100,0x002E6344,3040068,0,0,1
DEATH_ONLY,100,0x002E636A,3040106,0,0,29
DEATH_ONLY,100,0x002E636B,3040107,0,0,128
DEATH_ONLY,100,0x002E6372,3040114,0,0,8
DEATH_ONLY,100,0x002E6374,3040116,0,0,6
DEATH_ONLY,100,0x002E6382,3040130,0,0,127
DEATH_ONLY,100,0x002E6383,3040131,0,0,255
DEATH_ONLY,100,0x002E6384,3040132,0,0,6
DEATH_ONLY,100,0x002E6388,3040136,8,8,12
DEATH_ONLY,100,0x002E638C,3040140,0,0,8
DEATH_ONLY,100,0x002E638E,3040142,1,1,5
DEATH_ONLY,100,0x002E63C3,3040195,0,0,128
DEATH_ONLY,100,0x002E63CA,3040202,0,0,6
DEATH_ONLY,100,0x002E6408,3040264,8,8,5
DEATH_ONLY,100,0x002E6419,3040281,0,0,8
DEATH_ONLY,100,0x002E6421,3040289,0,0,8
DEATH_ONLY,100,0x002E6469,3040361,0,0,8
DEATH_ONLY,100,0x002E6471,3040369,0,0,8
DEATH_ONLY,100,0x002E64B9,3040441,0,0,8
DEATH_ONLY,100,0x002E64BA,3040442,0,0,5
DEATH_ONLY,100,0x002E64C1,3040449,0,0,8
DEATH_ONLY,100,0x002E6504,3040516,0,0,4
DEATH_ONLY,100,0x002E6509,3040521,0,0,8
DEATH_ONLY,100,0x002E6511,3040529,0,0,8
DEATH_ONLY,100,0x002E6542,3040578,0,0,1
DEATH_ONLY,100,0x002E6559,3040601,0,0,8
DEATH_ONLY,100,0x002E655A,3040602,0,0,5
DEATH_ONLY,100,0x002E6561,3040609,0,0,8
DEATH_ONLY,100,0x002E6592,3040658,0,0,1
DEATH_ONLY,100,0x002E65A9,3040681,0,0,8
DEATH_ONLY,100,0x002E65B1,3040689,0,0,8
DEATH_ONLY,100,0x002E66D4,3040980,0,0,1
DEATH_ONLY,100,0x002E680D,3041293,45,45,0
DEATH_ONLY,100,0x002E69FA,3041786,0,0,1
DEATH_ONLY,100,0x002E6A11,3041809,0,0,8
DEATH_ONLY,100,0x002E6A19,3041817,0,0,8
DEATH_ONLY,100,0x002E6A30,3041840,8,8,4
DEATH_ONLY,100,0x002E6A5C,3041884,0,0,4
DEATH_ONLY,100,0x002E6A61,3041889,0,0,8
DEATH_ONLY,100,0x002E6A63,3041891,0,0,128
DEATH_ONLY,100,0x002E6A69,3041897,0,0,8
DEATH_ONLY,100,0x002E6A7D,3041917,45,45,0
DEATH_ONLY,100,0x002E6A87,3041927,64,64,144
DEATH_ONLY,100,0x002E6AB1,3041969,0,0,8
DEATH_ONLY,100,0x002E6C44,3042372,1,1,0
DEATH_ONLY,100,0x002E6C7A,3042426,0,0,1
DEATH_ONLY,100,0x002E6E05,3042821,45,45,0
DEATH_ONLY,100,0x002E7135,3043637,0,0,45
DEATH_ONLY,100,0x002E7849,3045449,0,0,8
DEATH_ONLY,100,0x002E78A5,3045541,0,0,45
DEATH_ONLY,100,0x002E7E74,3047028,1,1,0
DEATH_ONLY,100,0x002E7E75,3047029,64,64,45
DEATH_ONLY,100,0x002E7E7A,3047034,0,0,8
DEATH_ONLY,100,0x002E7F5C,3047260,0,0,1
DEATH_ONLY,100,0x002E806C,3047532,0,0,1
DEATH_ONLY,100,0x002E80CB,3047627,0,0,32
DEATH_ONLY,100,0x002E80DC,3047644,0,0,1
DEATH_ONLY,100,0x002E811B,3047707,0,0,134
DEATH_ONLY,100,0x002E811C,3047708,0,0,1
DEATH_ONLY,100,0x002E8122,3047714,0,0,127
DEATH_ONLY,100,0x002E8123,3047715,0,0,255
DEATH_ONLY,100,0x002E812B,3047723,0,0,56
DEATH_ONLY,100,0x002E812D,3047725,45,45,0
DEATH_ONLY,100,0x002E814C,3047756,0,0,1
DEATH_ONLY,100,0x002E8164,3047780,0,0,6
DEATH_ONLY,100,0x002E8176,3047798,0,0,4
DEATH_ONLY,100,0x002E817C,3047804,0,0,8
DEATH_ONLY,100,0x002E81C2,3047874,0,0,224
DEATH_ONLY,100,0x002E823A,3047994,0,0,2
DEATH_ONLY,100,0x002E823B,3047995,0,0,134
DEATH_ONLY,100,0x002E823C,3047996,0,0,1
DEATH_ONLY,100,0x002E8252,3048018,0,0,50
DEATH_ONLY,100,0x002E8253,3048019,0,0,200
DEATH_ONLY,100,0x002E8254,3048020,0,0,1
DEATH_ONLY,100,0x002E828D,3048077,45,45,0
DEATH_ONLY,100,0x002E829A,3048090,0,0,127
DEATH_ONLY,100,0x002E82EE,3048174,0,0,98
DEATH_ONLY,100,0x002E82F2,3048178,0,0,17
DEATH_ONLY,100,0x002E82F3,3048179,0,0,235
DEATH_ONLY,100,0x002E832A,3048234,0,0,192
DEATH_ONLY,100,0x002E8332,3048242,0,0,64
DEATH_ONLY,100,0x002E8334,3048244,0,0,1
DEATH_ONLY,100,0x002E834A,3048266,0,0,1
DEATH_ONLY,100,0x002E83CA,3048394,0,0,1
DEATH_ONLY,100,0x002E83CB,3048395,0,0,64
DEATH_ONLY,100,0x002E8422,3048482,0,0,2
DEATH_ONLY,100,0x002E8423,3048483,0,0,134
DEATH_ONLY,100,0x002E8424,3048484,0,0,1
DEATH_ONLY,100,0x002E8462,3048546,0,0,29
DEATH_ONLY,100,0x002E8463,3048547,0,0,128
DEATH_ONLY,100,0x002E847C,3048572,0,0,6
DEATH_ONLY,100,0x002EBF64,3063652,0,0,1
DEATH_ONLY,100,0x002EBFD4,3063764,0,0,1
DEATH_ONLY,100,0x002EC50C,3065100,0,0,1
DEATH_ONLY,100,0x002EC5FD,3065341,0,0,45
DEATH_ONLY,100,0x002EC635,3065397,45,45,0
DEATH_ONLY,100,0x002EC638,3065400,8,8,4
DEATH_ONLY,100,0x002ECA35,3066421,45,45,0
DEATH_ONLY,100,0x002ECA62,3066466,1,1,0
DEATH_ONLY,100,0x002ECA67,3066471,64,64,176
DEATH_ONLY,100,0x002ECA85,3066501,45,45,0
DEATH_ONLY,100,0x002ECA98,3066520,4,4,8
DEATH_ONLY,100,0x002ECAF4,3066612,1,1,0
DEATH_ONLY,100,0x002ECAF5,3066613,64,64,45
DEATH_ONLY,100,0x002ECBEC,3066860,0,0,1
DEATH_ONLY,100,0x002ECD14,3067156,0,0,1
DEATH_ONLY,100,0x002ED5ED,3069421,0,0,45
DEATH_ONLY,100,0x002ED6B7,3069623,0,0,192
DEATH_ONLY,100,0x002ED8D4,3070164,0,0,1
DEATH_ONLY,100,0x002EDC08,3070984,8,8,12
DEATH_ONLY,100,0x002EDF02,3071746,0,0,40
DEATH_ONLY,100,0x002EDF0C,3071756,0,0,1
DEATH_ONLY,100,0x002EDF16,3071766,0,0,88
DEATH_ONLY,100,0x002EDF1A,3071770,0,0,17
DEATH_ONLY,100,0x002EDF1C,3071772,0,0,1
DEATH_ONLY,100,0x002EDF5C,3071836,0,0,1
DEATH_ONLY,100,0x002EDF74,3071860,0,0,1
DEATH_ONLY,100,0x002EDFF3,3071987,0,0,64
DEATH_ONLY,100,0x002EE07A,3072122,0,0,1
DEATH_ONLY,100,0x002EE07B,3072123,0,0,64
DEATH_ONLY,100,0x002EE083,3072131,0,0,32
DEATH_ONLY,100,0x002EE094,3072148,0,0,6
DEATH_ONLY,100,0x002EE0A6,3072166,0,0,4
DEATH_ONLY,100,0x002EE0A7,3072167,192,192,64
DEATH_ONLY,100,0x002EE0AC,3072172,0,0,8
DEATH_ONLY,100,0x002EE0CD,3072205,64,64,45
DEATH_ONLY,100,0x002EE0D2,3072210,0,0,127
DEATH_ONLY,100,0x002EE0D3,3072211,0,0,255
DEATH_ONLY,100,0x002EE0D4,3072212,0,0,6
DEATH_ONLY,100,0x002EE0EC,3072236,0,0,4
DEATH_ONLY,100,0x002F258A,3089802,36,36,37
DEATH_ONLY,100,0x002F25FA,3089914,36,36,37
DEATH_ONLY,100,0x002F3ED6,3096278,62,62,61
DEATH_ONLY,100,0x002F52E6,3101414,0,0,11
DEATH_ONLY,100,0x002F52E7,3101415,0,0,12
DEATH_ONLY,100,0x002F52F1,3101425,0,0,45
DEATH_ONLY,100,0x002F5349,3101513,6,6,5
DEATH_ONLY,100,0x003B08A8,3868840,0,0,128
DEATH_ONLY,100,0x003B08A9,3868841,0,0,59
DEATH_ONLY,100,0x003B08AA,3868842,0,0,14
DEATH_ONLY,100,0x003B08AB,3868843,0,0,200
DEATH_ONLY,100,0x003B08AF,3868847,254,254,0
DEATH_ONLY,100,0x003B08B0,3868848,254,254,128
DEATH_ONLY,100,0x003B08B1,3868849,174,174,8
DEATH_ONLY,100,0x003B08B2,3868850,0,0,211
DEATH_ONLY,100,0x003B08B3,3868851,0,0,104
DEATH_ONLY,100,0x003B08B4,3868852,0,0,128
DEATH_ONLY,100,0x003B08B5,3868853,0,0,59
DEATH_ONLY,100,0x003B08B6,3868854,0,0,20
DEATH_ONLY,100,0x003B08B7,3868855,0,0,60
DEATH_ONLY,100,0x003B08B8,3868856,0,0,1
DEATH_ONLY,100,0x003B08B9,3868857,0,0,3
DEATH_ONLY,100,0x003B08BB,3868859,0,0,64
DEATH_ONLY,100,0x003B08BF,3868863,254,254,4
DEATH_ONLY,100,0x003B08C0,3868864,254,254,0
DEATH_ONLY,100,0x003B08C1,3868865,193,193,0
DEATH_ONLY,100,0x003B08C3,3868867,0,0,4
DEATH_ONLY,100,0x003B08CB,3868875,0,0,1
DEATH_ONLY,100,0x003B08CC,3868876,0,0,127
DEATH_ONLY,100,0x003B08CD,3868877,0,0,12
DEATH_ONLY,100,0x003B08CE,3868878,0,0,251
DEATH_ONLY,100,0x003B08CF,3868879,255,255,140
DEATH_ONLY,100,0x003B08D0,3868880,255,255,0
DEATH_ONLY,100,0x003B08D1,3868881,219,219,0
DEATH_ONLY,100,0x003B08D3,3868883,0,0,32
DEATH_ONLY,100,0x003B08D4,3868884,0,0,128
DEATH_ONLY,100,0x003B08D5,3868885,0,0,59
DEATH_ONLY,100,0x003B08D6,3868886,0,0,9
DEATH_ONLY,100,0x003B08D7,3868887,0,0,156
DEATH_ONLY,100,0x003B08DA,3868890,0,0,1
DEATH_ONLY,100,0x003B08DC,3868892,0,0,128
DEATH_ONLY,100,0x003B08DD,3868893,0,0,59
DEATH_ONLY,100,0x003B08DE,3868894,0,0,9
DEATH_ONLY,100,0x003B08DF,3868895,255,255,184
DEATH_ONLY,100,0x003B08EC,3868908,0,0,128
DEATH_ONLY,100,0x003B08ED,3868909,0,0,59
DEATH_ONLY,100,0x003B08EE,3868910,0,0,14
DEATH_ONLY,100,0x003B08EF,3868911,255,255,92
DEATH_ONLY,100,0x003B08F4,3868916,0,0,128
DEATH_ONLY,100,0x003B08F5,3868917,0,0,59
DEATH_ONLY,100,0x003B08F6,3868918,0,0,14
DEATH_ONLY,100,0x003B08F7,3868919,0,0,112
DEATH_ONLY,100,0x003B090E,3868942,4,4,0
DEATH_ONLY,100,0x003B090F,3868943,254,254,0
DEATH_ONLY,100,0x003B0910,3868944,254,254,0
DEATH_ONLY,100,0x003B0911,3868945,246,246,0
DEATH_ONLY,100,0x003B0917,3868951,0,0,1
DEATH_ONLY,100,0x003B091B,3868955,0,0,4
DEATH_ONLY,100,0x003B091E,3868958,2,2,0
DEATH_ONLY,100,0x003B091F,3868959,255,255,8
DEATH_ONLY,100,0x003B0920,3868960,254,254,0
DEATH_ONLY,100,0x003B0921,3868961,244,244,0
DEATH_ONLY,100,0x003B0923,3868963,0,0,11
DEATH_ONLY,100,0x003B0927,3868967,0,0,13
DEATH_ONLY,100,0x003B092B,3868971,0,0,62
DEATH_ONLY,100,0x003B092E,3868974,2,2,0
DEATH_ONLY,100,0x003B092F,3868975,255,255,120
DEATH_ONLY,100,0x003B0930,3868976,254,254,0
DEATH_ONLY,100,0x003B0931,3868977,242,242,0
DEATH_ONLY,100,0x003B0933,3868979,0,0,16
DEATH_ONLY,100,0x003B0937,3868983,0,0,16
DEATH_ONLY,100,0x003B093B,3868987,0,0,20
DEATH_ONLY,100,0x003B093F,3868991,254,254,176
DEATH_ONLY,100,0x003B0950,3869008,254,254,128
DEATH_ONLY,100,0x003B0951,3869009,41,41,8
DEATH_ONLY,100,0x003B0952,3869010,0,0,211
DEATH_ONLY,100,0x003B0953,3869011,0,0,108
DEATH_ONLY,100,0x003B0958,3869016,0,0,128
DEATH_ONLY,100,0x003B0959,3869017,0,0,8
DEATH_ONLY,100,0x003B095A,3869018,0,0,211
DEATH_ONLY,100,0x003B095B,3869019,0,0,104
DEATH_ONLY,100,0x003B095C,3869020,0,0,128
DEATH_ONLY,100,0x003B095D,3869021,0,0,59
DEATH_ONLY,100,0x003B095E,3869022,0,0,20
DEATH_ONLY,100,0x003B095F,3869023,0,0,60
DEATH_ONLY,100,0x003B0960,3869024,0,0,1
DEATH_ONLY,100,0x003B0961,3869025,0,0,3
DEATH_ONLY,100,0x003B0963,3869027,0,0,64
DEATH_ONLY,100,0x003B0967,3869031,0,0,4
DEATH_ONLY,100,0x003B096B,3869035,0,0,4
DEATH_ONLY,100,0x003B0973,3869043,0,0,1
DEATH_ONLY,100,0x003B0974,3869044,0,0,127
DEATH_ONLY,100,0x003B0975,3869045,0,0,12
DEATH_ONLY,100,0x003B0976,3869046,0,0,246
DEATH_ONLY,100,0x003B0977,3869047,0,0,104
DEATH_ONLY,100,0x003B097B,3869051,0,0,16
DEATH_ONLY,100,0x003B097C,3869052,0,0,128
DEATH_ONLY,100,0x003B097D,3869053,0,0,59
DEATH_ONLY,100,0x003B097E,3869054,0,0,10
DEATH_ONLY,100,0x003B097F,3869055,0,0,116
DEATH_ONLY,100,0x003B0983,3869059,0,0,6
DEATH_ONLY,100,0x003B0987,3869063,0,0,7
DEATH_ONLY,100,0x003B098B,3869067,0,0,3
DEATH_ONLY,100,0x003B098F,3869071,0,0,5
DEATH_ONLY,100,0x003B0993,3869075,0,0,7
DEATH_ONLY,100,0x003B0994,3869076,0,0,128
DEATH_ONLY,100,0x003B0995,3869077,0,0,59
DEATH_ONLY,100,0x003B0996,3869078,0,0,15
DEATH_ONLY,100,0x003B099B,3869083,0,0,10
DEATH_ONLY,100,0x003B099F,3869087,0,0,12
DEATH_ONLY,100,0x003B09A3,3869091,0,0,13
DEATH_ONLY,100,0x003B09A7,3869095,0,0,14
DEATH_ONLY,100,0x003B09AB,3869099,0,0,18
DEATH_ONLY,100,0x003B09AF,3869103,0,0,2
DEATH_ONLY,100,0x003B09B3,3869107,0,0,20
DEATH_ONLY,100,0x003B09CB,3869131,0,0,30
DEATH_ONLY,100,0x003B09CC,3869132,1,1,0
DEATH_ONLY,100,0x003B09CD,3869133,2,2,0
DEATH_ONLY,100,0x003B09CE,3869134,3,3,0
DEATH_ONLY,100,0x003B09CF,3869135,4,4,0
DEATH_ONLY,100,0x003B09D0,3869136,4,4,0
DEATH_ONLY,100,0x003B09D1,3869137,3,3,0
DEATH_ONLY,100,0x003B09D2,3869138,2,2,0
DEATH_ONLY,100,0x003B09D3,3869139,1,1,24
DEATH_ONLY,100,0x003B09D7,3869143,0,0,176
DEATH_ONLY,100,0x003B09DA,3869146,0,0,1
DEATH_ONLY,100,0x003B09DB,3869147,1,1,32
DEATH_ONLY,100,0x003B09DC,3869148,3,3,0
DEATH_ONLY,100,0x003B09DD,3869149,5,5,0
DEATH_ONLY,100,0x003B09DE,3869150,7,7,0
DEATH_ONLY,100,0x003B09DF,3869151,8,8,130
DEATH_ONLY,100,0x003B09E0,3869152,8,8,0
DEATH_ONLY,100,0x003B09E1,3869153,7,7,0
DEATH_ONLY,100,0x003B09E2,3869154,5,5,0
DEATH_ONLY,100,0x003B09E3,3869155,3,3,134
DEATH_ONLY,100,0x003B09E4,3869156,1,1,0
DEATH_ONLY,100,0x003B09E7,3869159,0,0,135
DEATH_ONLY,100,0x003B09EA,3869162,1,1,0
DEATH_ONLY,100,0x003B09EB,3869163,3,3,140
DEATH_ONLY,100,0x003B09EC,3869164,6,6,0
DEATH_ONLY,100,0x003B09ED,3869165,10,10,0
DEATH_ONLY,100,0x003B09EE,3869166,13,13,0
DEATH_ONLY,100,0x003B09EF,3869167,14,14,147
DEATH_ONLY,100,0x003B09F0,3869168,14,14,0
DEATH_ONLY,100,0x003B09F1,3869169,13,13,0
DEATH_ONLY,100,0x003B09F2,3869170,10,10,0
DEATH_ONLY,100,0x003B09F3,3869171,6,6,150
DEATH_ONLY,100,0x003B09F4,3869172,3,3,0
DEATH_ONLY,100,0x003B09F5,3869173,1,1,0
DEATH_ONLY,100,0x003B09F7,3869175,0,0,152
DEATH_ONLY,100,0x003B09FA,3869178,2,2,0
DEATH_ONLY,100,0x003B09FB,3869179,6,6,160
DEATH_ONLY,100,0x003B09FC,3869180,11,11,0
DEATH_ONLY,100,0x003B09FD,3869181,16,16,0
DEATH_ONLY,100,0x003B09FE,3869182,20,20,0
DEATH_ONLY,100,0x003B09FF,3869183,23,23,0
DEATH_ONLY,100,0x003B0A00,3869184,23,23,0
DEATH_ONLY,100,0x003B0A01,3869185,20,20,0
DEATH_ONLY,100,0x003B0A02,3869186,16,16,0
DEATH_ONLY,100,0x003B0A03,3869187,11,11,1
DEATH_ONLY,100,0x003B0A04,3869188,6,6,0
DEATH_ONLY,100,0x003B0A05,3869189,2,2,0
DEATH_ONLY,100,0x003B0A07,3869191,0,0,2
DEATH_ONLY,100,0x003B0A09,3869193,1,1,0
DEATH_ONLY,100,0x003B0A0A,3869194,5,5,0
DEATH_ONLY,100,0x003B0A0B,3869195,10,10,3
DEATH_ONLY,100,0x003B0A0C,3869196,17,17,0
DEATH_ONLY,100,0x003B0A0D,3869197,25,25,0
DEATH_ONLY,100,0x003B0A0E,3869198,31,31,0
DEATH_ONLY,100,0x003B0A0F,3869199,35,35,4
DEATH_ONLY,100,0x003B0A10,3869200,35,35,0
DEATH_ONLY,100,0x003B0A11,3869201,31,31,0
DEATH_ONLY,100,0x003B0A12,3869202,25,25,0
DEATH_ONLY,100,0x003B0A13,3869203,18,18,5
DEATH_ONLY,100,0x003B0A14,3869204,11,11,0
DEATH_ONLY,100,0x003B0A15,3869205,5,5,0
DEATH_ONLY,100,0x003B0A16,3869206,1,1,0
DEATH_ONLY,100,0x003B0A17,3869207,0,0,6
DEATH_ONLY,100,0x003B0A19,3869209,2,2,0
DEATH_ONLY,100,0x003B0A1A,3869210,7,7,0
DEATH_ONLY,100,0x003B0A1B,3869211,15,15,7
DEATH_ONLY,100,0x003B0A1C,3869212,25,25,0
DEATH_ONLY,100,0x003B0A1D,3869213,35,35,0
DEATH_ONLY,100,0x003B0A1E,3869214,45,45,0
DEATH_ONLY,100,0x003B0A1F,3869215,52,52,8
DEATH_ONLY,100,0x003B0A20,3869216,52,52,0
DEATH_ONLY,100,0x003B0A21,3869217,45,45,0
DEATH_ONLY,100,0x003B0A22,3869218,35,35,0
DEATH_ONLY,100,0x003B0A23,3869219,25,25,9
DEATH_ONLY,100,0x003B0A24,3869220,16,16,0
DEATH_ONLY,100,0x003B0A25,3869221,7,7,0
DEATH_ONLY,100,0x003B0A26,3869222,2,2,0
DEATH_ONLY,100,0x003B0A27,3869223,0,0,10
DEATH_ONLY,100,0x003B0A29,3869225,3,3,0
DEATH_ONLY,100,0x003B0A2A,3869226,11,11,0
DEATH_ONLY,100,0x003B0A2B,3869227,21,21,11
DEATH_ONLY,100,0x003B0A2C,3869228,34,34,0
DEATH_ONLY,100,0x003B0A2D,3869229,47,47,0
DEATH_ONLY,100,0x003B0A2E,3869230,61,61,0
DEATH_ONLY,100,0x003B0A2F,3869231,75,75,12
DEATH_ONLY,100,0x003B0A30,3869232,220,220,0
DEATH_ONLY,100,0x003B0A31,3869233,61,61,0
DEATH_ONLY,100,0x003B0A32,3869234,47,47,0
DEATH_ONLY,100,0x003B0A33,3869235,34,34,13
DEATH_ONLY,100,0x003B0A34,3869236,22,22,0
DEATH_ONLY,100,0x003B0A35,3869237,12,12,0
DEATH_ONLY,100,0x003B0A36,3869238,4,4,0
DEATH_ONLY,100,0x003B0A37,3869239,0,0,14
DEATH_ONLY,100,0x003B0A39,3869241,5,5,0
DEATH_ONLY,100,0x003B0A3A,3869242,15,15,0
DEATH_ONLY,100,0x003B0A3B,3869243,27,27,15
DEATH_ONLY,100,0x003B0A3C,3869244,43,43,0
DEATH_ONLY,100,0x003B0A3D,3869245,60,60,0
DEATH_ONLY,100,0x003B0A3E,3869246,79,79,0
DEATH_ONLY,100,0x003B0A3F,3869247,118,118,16
DEATH_ONLY,100,0x003B0A40,3869248,255,255,0
DEATH_ONLY,100,0x003B0A41,3869249,80,80,0
DEATH_ONLY,100,0x003B0A42,3869250,61,61,0
DEATH_ONLY,100,0x003B0A43,3869251,43,43,17
DEATH_ONLY,100,0x003B0A44,3869252,28,28,0
DEATH_ONLY,100,0x003B0A45,3869253,15,15,0
DEATH_ONLY,100,0x003B0A46,3869254,6,6,0
DEATH_ONLY,100,0x003B0A47,3869255,0,0,18
DEATH_ONLY,100,0x003B0A48,3869256,1,1,0
DEATH_ONLY,100,0x003B0A49,3869257,7,7,0
DEATH_ONLY,100,0x003B0A4A,3869258,19,19,0
DEATH_ONLY,100,0x003B0A4B,3869259,35,35,19
DEATH_ONLY,100,0x003B0A4C,3869260,53,53,0
DEATH_ONLY,100,0x003B0A4D,3869261,74,74,0
DEATH_ONLY,100,0x003B0A4E,3869262,97,97,0
DEATH_ONLY,100,0x003B0A4F,3869263,198,198,20
DEATH_ONLY,100,0x003B0A50,3869264,255,255,0
DEATH_ONLY,100,0x003B0A51,3869265,98,98,0
DEATH_ONLY,100,0x003B0A52,3869266,75,75,0
DEATH_ONLY,100,0x003B0A53,3869267,54,54,21
DEATH_ONLY,100,0x003B0A54,3869268,35,35,0
DEATH_ONLY,100,0x003B0A55,3869269,19,19,0
DEATH_ONLY,100,0x003B0A56,3869270,8,8,0
DEATH_ONLY,100,0x003B0A57,3869271,0,0,22
DEATH_ONLY,100,0x003B0A58,3869272,1,1,0
DEATH_ONLY,100,0x003B0A59,3869273,9,9,0
DEATH_ONLY,100,0x003B0A5A,3869274,22,22,0
DEATH_ONLY,100,0x003B0A5B,3869275,40,40,23
DEATH_ONLY,100,0x003B0A5C,3869276,62,62,0
DEATH_ONLY,100,0x003B0A5D,3869277,87,87,0
DEATH_ONLY,100,0x003B0A5E,3869278,115,115,0
DEATH_ONLY,100,0x003B0A5F,3869279,240,240,24
DEATH_ONLY,100,0x003B0A60,3869280,255,255,0
DEATH_ONLY,100,0x003B0A61,3869281,117,117,0
DEATH_ONLY,100,0x003B0A62,3869282,89,89,0
DEATH_ONLY,100,0x003B0A63,3869283,64,64,25
DEATH_ONLY,100,0x003B0A64,3869284,41,41,0
DEATH_ONLY,100,0x003B0A65,3869285,23,23,0
DEATH_ONLY,100,0x003B0A66,3869286,9,9,0
DEATH_ONLY,100,0x003B0A67,3869287,1,1,26
DEATH_ONLY,100,0x003B0A68,3869288,1,1,0
DEATH_ONLY,100,0x003B0A69,3869289,10,10,0
DEATH_ONLY,100,0x003B0A6A,3869290,26,26,0
DEATH_ONLY,100,0x003B0A6B,3869291,47,47,27
DEATH_ONLY,100,0x003B0A6C,3869292,72,72,0
DEATH_ONLY,100,0x003B0A6D,3869293,100,100,0
DEATH_ONLY,100,0x003B0A6E,3869294,132,132,0
DEATH_ONLY,100,0x003B0A6F,3869295,253,253,28
DEATH_ONLY,100,0x003B0A70,3869296,255,255,0
DEATH_ONLY,100,0x003B0A71,3869297,135,135,0
DEATH_ONLY,100,0x003B0A72,3869298,102,102,0
DEATH_ONLY,100,0x003B0A73,3869299,74,74,29
DEATH_ONLY,100,0x003B0A74,3869300,48,48,0
DEATH_ONLY,100,0x003B0A75,3869301,27,27,0
DEATH_ONLY,100,0x003B0A76,3869302,11,11,0
DEATH_ONLY,100,0x003B0A77,3869303,2,2,6
DEATH_ONLY,100,0x003B0A78,3869304,2,2,0
DEATH_ONLY,100,0x003B0A79,3869305,11,11,0
DEATH_ONLY,100,0x003B0A7A,3869306,29,29,0
DEATH_ONLY,100,0x003B0A7B,3869307,53,53,7
DEATH_ONLY,100,0x003B0A7C,3869308,80,80,0
DEATH_ONLY,100,0x003B0A7D,3869309,112,112,0
DEATH_ONLY,100,0x003B0A7E,3869310,146,146,0
DEATH_ONLY,100,0x003B0A7F,3869311,255,255,8
DEATH_ONLY,100,0x003B0A80,3869312,255,255,0
DEATH_ONLY,100,0x003B0A81,3869313,159,159,0
DEATH_ONLY,100,0x003B0A82,3869314,114,114,0
DEATH_ONLY,100,0x003B0A83,3869315,82,82,9
DEATH_ONLY,100,0x003B0A84,3869316,54,54,0
DEATH_ONLY,100,0x003B0A85,3869317,30,30,0
DEATH_ONLY,100,0x003B0A86,3869318,12,12,0
DEATH_ONLY,100,0x003B0A87,3869319,2,2,10
DEATH_ONLY,100,0x003B0A88,3869320,2,2,0
DEATH_ONLY,100,0x003B0A89,3869321,12,12,0
DEATH_ONLY,100,0x003B0A8A,3869322,32,32,0
DEATH_ONLY,100,0x003B0A8B,3869323,58,58,11
DEATH_ONLY,100,0x003B0A8C,3869324,89,89,0
DEATH_ONLY,100,0x003B0A8D,3869325,123,123,0
DEATH_ONLY,100,0x003B0A8E,3869326,153,153,0
DEATH_ONLY,100,0x003B0A8F,3869327,255,255,12
DEATH_ONLY,100,0x003B0A90,3869328,255,255,0
DEATH_ONLY,100,0x003B0A91,3869329,186,186,0
DEATH_ONLY,100,0x003B0A92,3869330,125,125,0
DEATH_ONLY,100,0x003B0A93,3869331,90,90,13
DEATH_ONLY,100,0x003B0A94,3869332,60,60,0
DEATH_ONLY,100,0x003B0A95,3869333,33,33,0
DEATH_ONLY,100,0x003B0A96,3869334,13,13,0
DEATH_ONLY,100,0x003B0A97,3869335,2,2,14
DEATH_ONLY,100,0x003B0A98,3869336,2,2,0
DEATH_ONLY,100,0x003B0A99,3869337,13,13,0
DEATH_ONLY,100,0x003B0A9A,3869338,34,34,0
DEATH_ONLY,100,0x003B0A9B,3869339,62,62,15
DEATH_ONLY,100,0x003B0A9C,3869340,95,95,0
DEATH_ONLY,100,0x003B0A9D,3869341,131,131,0
DEATH_ONLY,100,0x003B0A9E,3869342,153,153,0
DEATH_ONLY,100,0x003B0A9F,3869343,255,255,16
DEATH_ONLY,100,0x003B0AA0,3869344,255,255,0
DEATH_ONLY,100,0x003B0AA1,3869345,205,205,0
DEATH_ONLY,100,0x003B0AA2,3869346,134,134,0
DEATH_ONLY,100,0x003B0AA3,3869347,97,97,17
DEATH_ONLY,100,0x003B0AA4,3869348,64,64,0
DEATH_ONLY,100,0x003B0AA5,3869349,35,35,0
DEATH_ONLY,100,0x003B0AA6,3869350,14,14,0
DEATH_ONLY,100,0x003B0AA7,3869351,3,3,18
DEATH_ONLY,100,0x003B0AA8,3869352,3,3,0
DEATH_ONLY,100,0x003B0AA9,3869353,14,14,0
DEATH_ONLY,100,0x003B0AAA,3869354,36,36,0
DEATH_ONLY,100,0x003B0AAB,3869355,65,65,19
DEATH_ONLY,100,0x003B0AAC,3869356,100,100,0
DEATH_ONLY,100,0x003B0AAD,3869357,140,140,0
DEATH_ONLY,100,0x003B0AAE,3869358,153,153,0
DEATH_ONLY,100,0x003B0AAF,3869359,255,255,20
DEATH_ONLY,100,0x003B0AB0,3869360,255,255,0
DEATH_ONLY,100,0x003B0AB1,3869361,217,217,0
DEATH_ONLY,100,0x003B0AB2,3869362,142,142,0
DEATH_ONLY,100,0x003B0AB3,3869363,103,103,21
DEATH_ONLY,100,0x003B0AB4,3869364,67,67,0
DEATH_ONLY,100,0x003B0AB5,3869365,37,37,0
DEATH_ONLY,100,0x003B0AB6,3869366,15,15,0
DEATH_ONLY,100,0x003B0AB7,3869367,3,3,22
DEATH_ONLY,100,0x003B0AB8,3869368,3,3,0
DEATH_ONLY,100,0x003B0AB9,3869369,15,15,0
DEATH_ONLY,100,0x003B0ABA,3869370,37,37,0
DEATH_ONLY,100,0x003B0ABB,3869371,68,68,23
DEATH_ONLY,100,0x003B0ABC,3869372,105,105,0
DEATH_ONLY,100,0x003B0ABD,3869373,145,145,0
DEATH_ONLY,100,0x003B0ABE,3869374,153,153,0
DEATH_ONLY,100,0x003B0ABF,3869375,255,255,24
DEATH_ONLY,100,0x003B0AC0,3869376,255,255,0
DEATH_ONLY,100,0x003B0AC1,3869377,235,235,0
DEATH_ONLY,100,0x003B0AC2,3869378,146,146,0
DEATH_ONLY,100,0x003B0AC3,3869379,107,107,25
DEATH_ONLY,100,0x003B0AC4,3869380,70,70,0
DEATH_ONLY,100,0x003B0AC5,3869381,39,39,0
DEATH_ONLY,100,0x003B0AC6,3869382,16,16,0
DEATH_ONLY,100,0x003B0AC7,3869383,4,4,26
DEATH_ONLY,100,0x003B0AC8,3869384,3,3,0
DEATH_ONLY,100,0x003B0AC9,3869385,15,15,0
DEATH_ONLY,100,0x003B0ACA,3869386,39,39,0
DEATH_ONLY,100,0x003B0ACB,3869387,71,71,27
DEATH_ONLY,100,0x003B0ACC,3869388,108,108,0
DEATH_ONLY,100,0x003B0ACD,3869389,149,149,0
DEATH_ONLY,100,0x003B0ACE,3869390,153,153,0
DEATH_ONLY,100,0x003B0ACF,3869391,255,255,28
DEATH_ONLY,100,0x003B0AD0,3869392,255,255,0
DEATH_ONLY,100,0x003B0AD1,3869393,241,241,0
DEATH_ONLY,100,0x003B0AD2,3869394,150,150,0
DEATH_ONLY,100,0x003B0AD3,3869395,110,110,29
DEATH_ONLY,100,0x003B0AD4,3869396,72,72,0
DEATH_ONLY,100,0x003B0AD5,3869397,41,41,0
DEATH_ONLY,100,0x003B0AD6,3869398,17,17,0
DEATH_ONLY,100,0x003B0AD7,3869399,4,4,30
DEATH_ONLY,100,0x003B0AD8,3869400,4,4,0
DEATH_ONLY,100,0x003B0AD9,3869401,16,16,0
DEATH_ONLY,100,0x003B0ADA,3869402,40,40,0
DEATH_ONLY,100,0x003B0ADB,3869403,72,72,31
DEATH_ONLY,100,0x003B0ADC,3869404,110,110,0
DEATH_ONLY,100,0x003B0ADD,3869405,150,150,0
DEATH_ONLY,100,0x003B0ADE,3869406,153,153,0
DEATH_ONLY,100,0x003B0ADF,3869407,255,255,32
DEATH_ONLY,100,0x003B0AE0,3869408,255,255,0
DEATH_ONLY,100,0x003B0AE1,3869409,241,241,0
DEATH_ONLY,100,0x003B0AE2,3869410,152,152,0
DEATH_ONLY,100,0x003B0AE3,3869411,112,112,33
DEATH_ONLY,100,0x003B0AE4,3869412,74,74,0
DEATH_ONLY,100,0x003B0AE5,3869413,42,42,0
DEATH_ONLY,100,0x003B0AE6,3869414,17,17,0
DEATH_ONLY,100,0x003B0AE7,3869415,4,4,34
DEATH_ONLY,100,0x003B0AE8,3869416,4,4,0
DEATH_ONLY,100,0x003B0AE9,3869417,17,17,0
DEATH_ONLY,100,0x003B0AEA,3869418,40,40,0
DEATH_ONLY,100,0x003B0AEB,3869419,73,73,35
DEATH_ONLY,100,0x003B0AEC,3869420,110,110,0
DEATH_ONLY,100,0x003B0AED,3869421,149,149,0
DEATH_ONLY,100,0x003B0AEE,3869422,153,153,0
DEATH_ONLY,100,0x003B0AEF,3869423,255,255,36
DEATH_ONLY,100,0x003B0AF0,3869424,255,255,0
DEATH_ONLY,100,0x003B0AF1,3869425,251,251,0
DEATH_ONLY,100,0x003B0AF2,3869426,151,151,0
DEATH_ONLY,100,0x003B0AF3,3869427,113,113,37
DEATH_ONLY,100,0x003B0AF4,3869428,75,75,0
DEATH_ONLY,100,0x003B0AF5,3869429,42,42,0
DEATH_ONLY,100,0x003B0AF6,3869430,17,17,0
DEATH_ONLY,100,0x003B0AF7,3869431,4,4,38
DEATH_ONLY,100,0x003B0AF8,3869432,4,4,0
DEATH_ONLY,100,0x003B0AF9,3869433,17,17,0
DEATH_ONLY,100,0x003B0AFA,3869434,40,40,0
DEATH_ONLY,100,0x003B0AFB,3869435,71,71,39
DEATH_ONLY,100,0x003B0AFC,3869436,107,107,0
DEATH_ONLY,100,0x003B0AFD,3869437,148,148,0
DEATH_ONLY,100,0x003B0AFE,3869438,154,154,0
DEATH_ONLY,100,0x003B0AFF,3869439,255,255,40
DEATH_ONLY,100,0x003B0B00,3869440,255,255,0
DEATH_ONLY,100,0x003B0B01,3869441,253,253,0
DEATH_ONLY,100,0x003B0B02,3869442,149,149,0
DEATH_ONLY,100,0x003B0B03,3869443,110,110,41
DEATH_ONLY,100,0x003B0B04,3869444,73,73,0
DEATH_ONLY,100,0x003B0B05,3869445,42,42,0
DEATH_ONLY,100,0x003B0B06,3869446,18,18,0
DEATH_ONLY,100,0x003B0B07,3869447,5,5,42
DEATH_ONLY,100,0x003B0B08,3869448,4,4,0
DEATH_ONLY,100,0x003B0B09,3869449,16,16,0
DEATH_ONLY,100,0x003B0B0A,3869450,38,38,0
DEATH_ONLY,100,0x003B0B0B,3869451,67,67,43
DEATH_ONLY,100,0x003B0B0C,3869452,102,102,0
DEATH_ONLY,100,0x003B0B0D,3869453,141,141,0
DEATH_ONLY,100,0x003B0B0E,3869454,154,154,0
DEATH_ONLY,100,0x003B0B0F,3869455,255,255,44
DEATH_ONLY,100,0x003B0B10,3869456,255,255,0
DEATH_ONLY,100,0x003B0B11,3869457,253,253,0
DEATH_ONLY,100,0x003B0B12,3869458,144,144,0
DEATH_ONLY,100,0x003B0B13,3869459,104,104,45
DEATH_ONLY,100,0x003B0B14,3869460,69,69,0
DEATH_ONLY,100,0x003B0B15,3869461,40,40,0
DEATH_ONLY,100,0x003B0B16,3869462,17,17,0
DEATH_ONLY,100,0x003B0B17,3869463,4,4,46
DEATH_ONLY,100,0x003B0B18,3869464,3,3,0
DEATH_ONLY,100,0x003B0B19,3869465,15,15,0
DEATH_ONLY,100,0x003B0B1A,3869466,36,36,0
DEATH_ONLY,100,0x003B0B1B,3869467,62,62,47
DEATH_ONLY,100,0x003B0B1C,3869468,94,94,0
DEATH_ONLY,100,0x003B0B1D,3869469,132,132,0
DEATH_ONLY,100,0x003B0B1E,3869470,154,154,0
DEATH_ONLY,100,0x003B0B1F,3869471,255,255,48
DEATH_ONLY,100,0x003B0B20,3869472,255,255,0
DEATH_ONLY,100,0x003B0B21,3869473,253,253,0
DEATH_ONLY,100,0x003B0B22,3869474,134,134,0
DEATH_ONLY,100,0x003B0B23,3869475,97,97,49
DEATH_ONLY,100,0x003B0B24,3869476,64,64,0
DEATH_ONLY,100,0x003B0B25,3869477,37,37,0
DEATH_ONLY,100,0x003B0B26,3869478,16,16,0
DEATH_ONLY,100,0x003B0B27,3869479,4,4,50
DEATH_ONLY,100,0x003B0B28,3869480,3,3,0
DEATH_ONLY,100,0x003B0B29,3869481,13,13,0
DEATH_ONLY,100,0x003B0B2A,3869482,31,31,0
DEATH_ONLY,100,0x003B0B2B,3869483,55,55,51
DEATH_ONLY,100,0x003B0B2C,3869484,84,84,0
DEATH_ONLY,100,0x003B0B2D,3869485,118,118,0
DEATH_ONLY,100,0x003B0B2E,3869486,152,152,0
DEATH_ONLY,100,0x003B0B2F,3869487,255,255,52
DEATH_ONLY,100,0x003B0B30,3869488,255,255,0
DEATH_ONLY,100,0x003B0B31,3869489,253,253,0
DEATH_ONLY,100,0x003B0B32,3869490,120,120,0
DEATH_ONLY,100,0x003B0B33,3869491,86,86,53
DEATH_ONLY,100,0x003B0B34,3869492,57,57,0
DEATH_ONLY,100,0x003B0B35,3869493,32,32,0
DEATH_ONLY,100,0x003B0B36,3869494,14,14,0
DEATH_ONLY,100,0x003B0B37,3869495,3,3,54
DEATH_ONLY,100,0x003B0B38,3869496,2,2,0
DEATH_ONLY,100,0x003B0B39,3869497,11,11,0
DEATH_ONLY,100,0x003B0B3A,3869498,26,26,0
DEATH_ONLY,100,0x003B0B3B,3869499,47,47,55
DEATH_ONLY,100,0x003B0B3C,3869500,72,72,0
DEATH_ONLY,100,0x003B0B3D,3869501,101,101,0
DEATH_ONLY,100,0x003B0B3E,3869502,135,135,0
DEATH_ONLY,100,0x003B0B3F,3869503,255,255,56
DEATH_ONLY,100,0x003B0B40,3869504,255,255,0
DEATH_ONLY,100,0x003B0B41,3869505,238,238,0
DEATH_ONLY,100,0x003B0B42,3869506,104,104,0
DEATH_ONLY,100,0x003B0B43,3869507,74,74,57
DEATH_ONLY,100,0x003B0B44,3869508,49,49,0
DEATH_ONLY,100,0x003B0B45,3869509,28,28,0
DEATH_ONLY,100,0x003B0B46,3869510,12,12,0
DEATH_ONLY,100,0x003B0B47,3869511,3,3,58
DEATH_ONLY,100,0x003B0B48,3869512,2,2,0
DEATH_ONLY,100,0x003B0B49,3869513,9,9,0
DEATH_ONLY,100,0x003B0B4A,3869514,21,21,0
DEATH_ONLY,100,0x003B0B4B,3869515,38,38,59
DEATH_ONLY,100,0x003B0B4C,3869516,59,59,0
DEATH_ONLY,100,0x003B0B4D,3869517,82,82,0
DEATH_ONLY,100,0x003B0B4E,3869518,107,107,0
DEATH_ONLY,100,0x003B0B4F,3869519,253,253,60
DEATH_ONLY,100,0x003B0B50,3869520,255,255,0
DEATH_ONLY,100,0x003B0B51,3869521,127,127,0
DEATH_ONLY,100,0x003B0B52,3869522,84,84,0
DEATH_ONLY,100,0x003B0B54,3869524,39,39,0
DEATH_ONLY,100,0x003B0B55,3869525,22,22,0
DEATH_ONLY,100,0x003B0B56,3869526,9,9,0
DEATH_ONLY,100,0x003B0B57,3869527,2,2,62
DEATH_ONLY,100,0x003B0B58,3869528,1,1,0
DEATH_ONLY,100,0x003B0B59,3869529,6,6,0
DEATH_ONLY,100,0x003B0B5A,3869530,16,16,0
DEATH_ONLY,100,0x003B0B5B,3869531,29,29,63
DEATH_ONLY,100,0x003B0B5C,3869532,46,46,0
DEATH_ONLY,100,0x003B0B5D,3869533,64,64,0
DEATH_ONLY,100,0x003B0B5E,3869534,81,81,0
DEATH_ONLY,100,0x003B0B5F,3869535,93,93,64
DEATH_ONLY,100,0x003B0B60,3869536,93,93,0
DEATH_ONLY,100,0x003B0B61,3869537,82,82,0
DEATH_ONLY,100,0x003B0B62,3869538,65,65,0
DEATH_ONLY,100,0x003B0B63,3869539,47,47,65
DEATH_ONLY,100,0x003B0B64,3869540,30,30,0
DEATH_ONLY,100,0x003B0B65,3869541,16,16,0
DEATH_ONLY,100,0x003B0B66,3869542,6,6,0
DEATH_ONLY,100,0x003B0B67,3869543,1,1,66
DEATH_ONLY,100,0x003B0B69,3869545,3,3,0
DEATH_ONLY,100,0x003B0B6A,3869546,10,10,0
DEATH_ONLY,100,0x003B0B6B,3869547,21,21,67
DEATH_ONLY,100,0x003B0B6C,3869548,33,33,0
DEATH_ONLY,100,0x003B0B6D,3869549,46,46,0
DEATH_ONLY,100,0x003B0B6E,3869550,58,58,0
DEATH_ONLY,100,0x003B0B6F,3869551,65,65,68
DEATH_ONLY,100,0x003B0B70,3869552,65,65,0
DEATH_ONLY,100,0x003B0B71,3869553,59,59,0
DEATH_ONLY,100,0x003B0B72,3869554,47,47,0
DEATH_ONLY,100,0x003B0B73,3869555,34,34,69
DEATH_ONLY,100,0x003B0B74,3869556,21,21,0
DEATH_ONLY,100,0x003B0B75,3869557,11,11,0
DEATH_ONLY,100,0x003B0B76,3869558,4,4,0
DEATH_ONLY,100,0x003B0B77,3869559,0,0,70
DEATH_ONLY,100,0x003B0B79,3869561,2,2,0
DEATH_ONLY,100,0x003B0B7A,3869562,6,6,0
DEATH_ONLY,100,0x003B0B7B,3869563,14,14,71
DEATH_ONLY,100,0x003B0B7C,3869564,23,23,0
DEATH_ONLY,100,0x003B0B7D,3869565,32,32,0
DEATH_ONLY,100,0x003B0B7E,3869566,40,40,0
DEATH_ONLY,100,0x003B0B7F,3869567,45,45,72
DEATH_ONLY,100,0x003B0B80,3869568,45,45,0
DEATH_ONLY,100,0x003B0B81,3869569,40,40,0
DEATH_ONLY,100,0x003B0B82,3869570,33,33,0
DEATH_ONLY,100,0x003B0B83,3869571,24,24,73
DEATH_ONLY,100,0x003B0B84,3869572,14,14,0
DEATH_ONLY,100,0x003B0B85,3869573,7,7,0
DEATH_ONLY,100,0x003B0B86,3869574,2,2,0
DEATH_ONLY,100,0x003B0B87,3869575,0,0,74
DEATH_ONLY,100,0x003B0B8A,3869578,3,3,0
DEATH_ONLY,100,0x003B0B8B,3869579,8,8,75
DEATH_ONLY,100,0x003B0B8C,3869580,14,14,0
DEATH_ONLY,100,0x003B0B8D,3869581,20,20,0
DEATH_ONLY,100,0x003B0B8E,3869582,25,25,0
DEATH_ONLY,100,0x003B0B8F,3869583,29,29,76
DEATH_ONLY,100,0x003B0B90,3869584,29,29,0
DEATH_ONLY,100,0x003B0B91,3869585,26,26,0
DEATH_ONLY,100,0x003B0B92,3869586,20,20,0
DEATH_ONLY,100,0x003B0B93,3869587,14,14,77
DEATH_ONLY,100,0x003B0B94,3869588,8,8,0
DEATH_ONLY,100,0x003B0B95,3869589,3,3,0
DEATH_ONLY,100,0x003B0B97,3869591,0,0,78
DEATH_ONLY,100,0x003B0B9B,3869595,3,3,79
DEATH_ONLY,100,0x003B0B9C,3869596,7,7,0
DEATH_ONLY,100,0x003B0B9D,3869597,11,11,0
DEATH_ONLY,100,0x003B0B9E,3869598,15,15,0
DEATH_ONLY,100,0x003B0B9F,3869599,17,17,80
DEATH_ONLY,100,0x003B0BA0,3869600,17,17,0
DEATH_ONLY,100,0x003B0BA1,3869601,15,15,0
DEATH_ONLY,100,0x003B0BA2,3869602,12,12,0
DEATH_ONLY,100,0x003B0BA3,3869603,8,8,81
DEATH_ONLY,100,0x003B0BA4,3869604,4,4,0
DEATH_ONLY,100,0x003B0BA5,3869605,1,1,0
DEATH_ONLY,100,0x003B0BA7,3869607,0,0,82
DEATH_ONLY,100,0x003B0BAB,3869611,1,1,83
DEATH_ONLY,100,0x003B0BAC,3869612,2,2,0
DEATH_ONLY,100,0x003B0BAD,3869613,5,5,0
DEATH_ONLY,100,0x003B0BAE,3869614,7,7,0
DEATH_ONLY,100,0x003B0BAF,3869615,8,8,84
DEATH_ONLY,100,0x003B0BB0,3869616,8,8,0
DEATH_ONLY,100,0x003B0BB1,3869617,7,7,0
DEATH_ONLY,100,0x003B0BB2,3869618,5,5,0
DEATH_ONLY,100,0x003B0BB3,3869619,3,3,85
DEATH_ONLY,100,0x003B0BB4,3869620,1,1,0
DEATH_ONLY,100,0x003B0BB7,3869623,0,0,86
DEATH_ONLY,100,0x003B0BBB,3869627,0,0,87
DEATH_ONLY,100,0x003B0BBD,3869629,1,1,0
DEATH_ONLY,100,0x003B0BBE,3869630,2,2,0
DEATH_ONLY,100,0x003B0BBF,3869631,3,3,88
DEATH_ONLY,100,0x003B0BC0,3869632,3,3,0
DEATH_ONLY,100,0x003B0BC1,3869633,2,2,0
DEATH_ONLY,100,0x003B0BC2,3869634,1,1,0
DEATH_ONLY,100,0x003B0BC3,3869635,0,0,89
DEATH_ONLY,100,0x003B0BC7,3869639,0,0,90
DEATH_ONLY,100,0x003B0E88,3870344,0,0,128
DEATH_ONLY,100,0x003B0E89,3870345,0,0,59
DEATH_ONLY,100,0x003B0E8A,3870346,0,0,24
DEATH_ONLY,100,0x003B0E8B,3870347,0,0,128
DEATH_ONLY,100,0x003B0E90,3870352,128,128,0
DEATH_ONLY,100,0x003B0E91,3870353,59,59,0
DEATH_ONLY,100,0x003B0E92,3870354,22,22,0
DEATH_ONLY,100,0x003B0E93,3870355,136,136,8
DEATH_ONLY,100,0x003B0E94,3870356,128,128,0
DEATH_ONLY,100,0x003B0E95,3870357,59,59,0
DEATH_ONLY,100,0x003B0E96,3870358,41,41,0
DEATH_ONLY,100,0x003B0E97,3870359,72,72,6
DEATH_ONLY,100,0x003B0E98,3870360,0,0,128
DEATH_ONLY,100,0x003B0E99,3870361,0,0,4
DEATH_ONLY,100,0x003B0E9A,3870362,0,0,233
DEATH_ONLY,100,0x003B0E9B,3870363,9,9,144
DEATH_ONLY,100,0x003B0E9C,3870364,0,0,128
DEATH_ONLY,100,0x003B0E9D,3870365,0,0,59
DEATH_ONLY,100,0x003B0E9E,3870366,0,0,32
DEATH_ONLY,100,0x003B0E9F,3870367,6,6,132
DEATH_ONLY,100,0x003B0EA1,3870369,4,4,59
DEATH_ONLY,100,0x003B0EA2,3870370,233,233,19
DEATH_ONLY,100,0x003B0EA3,3870371,144,144,204
DEATH_ONLY,100,0x003B0EA6,3870374,43,43,40
DEATH_ONLY,100,0x003B0EA7,3870375,76,76,172
DEATH_ONLY,100,0x003B0ED3,3870419,3,3,6
DEATH_ONLY,100,0x003B0ED7,3870423,6,6,7
DEATH_ONLY,100,0x003B0EEF,3870447,2,2,4
DEATH_ONLY,100,0x003B0F4F,3870543,8,8,0
DEATH_ONLY,100,0x003B0F53,3870547,10,10,8
DEATH_ONLY,100,0x003B141E,3871774,201,201,234
DEATH_ONLY,100,0x003B141F,3871775,128,128,208
DEATH_ONLY,100,0x003B1422,3871778,202,202,234
DEATH_ONLY,100,0x003B1423,3871779,160,160,8
DEATH_ONLY,100,0x003B1425,3871781,7,7,8
DEATH_ONLY,100,0x003B1426,3871782,255,255,0
DEATH_ONLY,100,0x003B1427,3871783,216,216,44
DEATH_ONLY,100,0x003B142B,3871787,2,2,5
DEATH_ONLY,100,0x003B1433,3871795,2,2,5
DEATH_ONLY,100,0x003B146E,3871854,97,97,98
DEATH_ONLY,100,0x003B146F,3871855,112,112,176
DEATH_ONLY,100,0x003B1880,3872896,17,17,16
DEATH_ONLY,100,0x003B1881,3872897,9,9,3
DEATH_ONLY,100,0x003B1883,3872899,232,232,230
DEATH_ONLY,100,0x003B1884,3872900,128,128,0
DEATH_ONLY,100,0x003B1885,3872901,59,59,0
DEATH_ONLY,100,0x003B1886,3872902,40,40,0
DEATH_ONLY,100,0x003B1887,3872903,136,136,231
DEATH_ONLY,100,0x003B1889,3872905,3,3,7
DEATH_ONLY,100,0x003B188B,3872907,232,232,230
DEATH_ONLY,100,0x003B188D,3872909,0,0,65
DEATH_ONLY,100,0x003B188F,3872911,233,233,231
DEATH_ONLY,100,0x003B1891,3872913,7,7,6
DEATH_ONLY,100,0x003B1893,3872915,232,232,230
DEATH_ONLY,100,0x003B1895,3872917,10,10,1
DEATH_ONLY,100,0x003B1897,3872919,233,233,231
DEATH_ONLY,100,0x003B18A0,3872928,16,16,0
DEATH_ONLY,100,0x003B18A1,3872929,8,8,4
DEATH_ONLY,100,0x003B18A3,3872931,232,232,230
DEATH_ONLY,100,0x003B18A5,3872933,136,136,3
DEATH_ONLY,100,0x003B18A7,3872935,233,233,231
DEATH_ONLY,100,0x003B18A9,3872937,4,4,7
DEATH_ONLY,100,0x003B18AB,3872939,232,232,230
DEATH_ONLY,100,0x003B18AD,3872941,255,255,184
DEATH_ONLY,100,0x003B18AF,3872943,233,233,231
DEATH_ONLY,100,0x003B18B1,3872945,7,7,6
DEATH_ONLY,100,0x003B18B3,3872947,232,232,230
DEATH_ONLY,100,0x003B18B5,3872949,8,8,5
DEATH_ONLY,100,0x003B18B7,3872951,233,233,231
DEATH_ONLY,100,0x003B18C1,3872961,9,9,3
DEATH_ONLY,100,0x003B18C3,3872963,232,232,230
DEATH_ONLY,100,0x003B18C5,3872965,126,126,0
DEATH_ONLY,100,0x003B18C7,3872967,233,233,231
DEATH_ONLY,100,0x003B18C9,3872969,3,3,7
DEATH_ONLY,100,0x003B18CB,3872971,232,232,230
DEATH_ONLY,100,0x003B18CD,3872973,0,0,134
DEATH_ONLY,100,0x003B18CF,3872975,233,233,231
DEATH_ONLY,100,0x003B18D1,3872977,7,7,6
DEATH_ONLY,100,0x003B18D3,3872979,232,232,230
DEATH_ONLY,100,0x003B18D5,3872981,68,68,32
DEATH_ONLY,100,0x003B18D7,3872983,233,233,231
DEATH_ONLY,100,0x003B18D8,3872984,1,1,16
DEATH_ONLY,100,0x003B18D9,3872985,5,5,8
DEATH_ONLY,100,0x003B18DB,3872987,232,232,230
DEATH_ONLY,100,0x003B18DD,3872989,11,11,35
DEATH_ONLY,100,0x003B18DF,3872991,233,233,231
DEATH_ONLY,100,0x003B18E1,3872993,8,8,5
DEATH_ONLY,100,0x003B18E3,3872995,232,232,230
DEATH_ONLY,100,0x003B18E5,3872997,246,246,186
DEATH_ONLY,100,0x003B18E7,3872999,233,233,231
DEATH_ONLY,100,0x003B18E8,3873000,0,0,16
DEATH_ONLY,100,0x003B18E9,3873001,4,4,7
DEATH_ONLY,100,0x003B18EB,3873003,232,232,230
DEATH_ONLY,100,0x003B18ED,3873005,3,3,235
DEATH_ONLY,100,0x003B18EF,3873007,233,233,231
DEATH_ONLY,100,0x003B18F1,3873009,8,8,7
DEATH_ONLY,100,0x003B18F3,3873011,232,232,230
DEATH_ONLY,100,0x003B18F5,3873013,93,93,13
DEATH_ONLY,100,0x003B18F7,3873015,233,233,231
DEATH_ONLY,100,0x003B1900,3873024,17,17,16
DEATH_ONLY,100,0x003B1901,3873025,9,9,3
DEATH_ONLY,100,0x003B1903,3873027,232,232,230
DEATH_ONLY,100,0x003B1904,3873028,128,128,0
DEATH_ONLY,100,0x003B1905,3873029,59,59,0
DEATH_ONLY,100,0x003B1906,3873030,38,38,0
DEATH_ONLY,100,0x003B1907,3873031,168,168,231
DEATH_ONLY,100,0x003B1909,3873033,3,3,7
DEATH_ONLY,100,0x003B190B,3873035,232,232,230
DEATH_ONLY,100,0x003B190D,3873037,0,0,103
DEATH_ONLY,100,0x003B190F,3873039,233,233,231
DEATH_ONLY,100,0x003B1911,3873041,7,7,6
DEATH_ONLY,100,0x003B1913,3873043,232,232,230
DEATH_ONLY,100,0x003B1915,3873045,24,24,4
DEATH_ONLY,100,0x003B1917,3873047,233,233,231
DEATH_ONLY,100,0x003B1920,3873056,16,16,0
DEATH_ONLY,100,0x003B1921,3873057,8,8,4
DEATH_ONLY,100,0x003B1923,3873059,232,232,230
DEATH_ONLY,100,0x003B1925,3873061,187,187,3
DEATH_ONLY,100,0x003B1927,3873063,233,233,231
DEATH_ONLY,100,0x003B1929,3873065,4,4,7
DEATH_ONLY,100,0x003B192B,3873067,232,232,230
DEATH_ONLY,100,0x003B192D,3873069,255,255,204
DEATH_ONLY,100,0x003B192F,3873071,233,233,231
DEATH_ONLY,100,0x003B1931,3873073,8,8,7
DEATH_ONLY,100,0x003B1933,3873075,232,232,230
DEATH_ONLY,100,0x003B1935,3873077,31,31,7
DEATH_ONLY,100,0x003B1937,3873079,233,233,231
DEATH_ONLY,100,0x003B1941,3873089,9,9,3
DEATH_ONLY,100,0x003B1943,3873091,232,232,230
DEATH_ONLY,100,0x003B1945,3873093,206,206,0
DEATH_ONLY,100,0x003B1947,3873095,233,233,231
DEATH_ONLY,100,0x003B1949,3873097,3,3,7
DEATH_ONLY,100,0x003B194B,3873099,232,232,230
DEATH_ONLY,100,0x003B194D,3873101,0,0,150
DEATH_ONLY,100,0x003B194F,3873103,233,233,231
DEATH_ONLY,100,0x003B1951,3873105,7,7,6
DEATH_ONLY,100,0x003B1953,3873107,232,232,230
DEATH_ONLY,100,0x003B1955,3873109,146,146,177
DEATH_ONLY,100,0x003B1957,3873111,233,233,231
DEATH_ONLY,100,0x003B1959,3873113,6,6,8
DEATH_ONLY,100,0x003B195B,3873115,232,232,230
DEATH_ONLY,100,0x003B195D,3873117,1,1,70
DEATH_ONLY,100,0x003B195F,3873119,233,233,231
DEATH_ONLY,100,0x003B1960,3873120,16,16,0
DEATH_ONLY,100,0x003B1961,3873121,9,9,5
DEATH_ONLY,100,0x003B1963,3873123,232,232,230
DEATH_ONLY,100,0x003B1965,3873125,39,39,6
DEATH_ONLY,100,0x003B1967,3873127,233,233,231
DEATH_ONLY,100,0x003B1968,3873128,0,0,16
DEATH_ONLY,100,0x003B1969,3873129,4,4,7
DEATH_ONLY,100,0x003B196B,3873131,232,232,230
DEATH_ONLY,100,0x003B196D,3873133,3,3,254
DEATH_ONLY,100,0x003B196F,3873135,233,233,231
DEATH_ONLY,100,0x003B1971,3873137,8,8,7
DEATH_ONLY,100,0x003B1973,3873139,232,232,230
DEATH_ONLY,100,0x003B1975,3873141,116,116,20
DEATH_ONLY,100,0x003B1977,3873143,233,233,231
DEATH_ONLY,100,0x003B1980,3873152,17,17,16
DEATH_ONLY,100,0x003B1981,3873153,9,9,3
DEATH_ONLY,100,0x003B1983,3873155,232,232,230
DEATH_ONLY,100,0x003B1984,3873156,128,128,0
DEATH_ONLY,100,0x003B1985,3873157,59,59,0
DEATH_ONLY,100,0x003B1986,3873158,40,40,0
DEATH_ONLY,100,0x003B1987,3873159,40,40,231
DEATH_ONLY,100,0x003B1989,3873161,3,3,7
DEATH_ONLY,100,0x003B198B,3873163,232,232,230
DEATH_ONLY,100,0x003B198D,3873165,0,0,84
DEATH_ONLY,100,0x003B198F,3873167,233,233,231
DEATH_ONLY,100,0x003B1991,3873169,7,7,6
DEATH_ONLY,100,0x003B1993,3873171,232,232,230
DEATH_ONLY,100,0x003B1995,3873173,13,13,2
DEATH_ONLY,100,0x003B1997,3873175,233,233,231
DEATH_ONLY,100,0x003B19A0,3873184,16,16,0
DEATH_ONLY,100,0x003B19A1,3873185,8,8,4
DEATH_ONLY,100,0x003B19A3,3873187,232,232,230
DEATH_ONLY,100,0x003B19A5,3873189,150,150,3
DEATH_ONLY,100,0x003B19A7,3873191,233,233,231
DEATH_ONLY,100,0x003B19A9,3873193,4,4,7
DEATH_ONLY,100,0x003B19AB,3873195,232,232,230
DEATH_ONLY,100,0x003B19AD,3873197,255,255,192
DEATH_ONLY,100,0x003B19AF,3873199,233,233,231
DEATH_ONLY,100,0x003B19B1,3873201,8,8,7
DEATH_ONLY,100,0x003B19B3,3873203,232,232,230
DEATH_ONLY,100,0x003B19B5,3873205,11,11,3
DEATH_ONLY,100,0x003B19B7,3873207,233,233,231
DEATH_ONLY,100,0x003B19C1,3873217,9,9,3
DEATH_ONLY,100,0x003B19C3,3873219,232,232,230
DEATH_ONLY,100,0x003B19C5,3873221,164,164,0
DEATH_ONLY,100,0x003B19C7,3873223,233,233,231
DEATH_ONLY,100,0x003B19C9,3873225,3,3,7
DEATH_ONLY,100,0x003B19CB,3873227,232,232,230
DEATH_ONLY,100,0x003B19CD,3873229,0,0,140
DEATH_ONLY,100,0x003B19CF,3873231,233,233,231
DEATH_ONLY,100,0x003B19D1,3873233,7,7,6
DEATH_ONLY,100,0x003B19D3,3873235,232,232,230
DEATH_ONLY,100,0x003B19D5,3873237,121,121,118
DEATH_ONLY,100,0x003B19D7,3873239,233,233,231
DEATH_ONLY,100,0x003B19D8,3873240,1,1,16
DEATH_ONLY,100,0x003B19D9,3873241,5,5,8
DEATH_ONLY,100,0x003B19DB,3873243,232,232,230
DEATH_ONLY,100,0x003B19DD,3873245,11,11,49
DEATH_ONLY,100,0x003B19DF,3873247,233,233,231
DEATH_ONLY,100,0x003B19E0,3873248,1,1,16
DEATH_ONLY,100,0x003B19E1,3873249,8,8,5
DEATH_ONLY,100,0x003B19E3,3873251,232,232,230
DEATH_ONLY,100,0x003B19E5,3873253,17,17,186
DEATH_ONLY,100,0x003B19E7,3873255,233,233,231
DEATH_ONLY,100,0x003B19E8,3873256,0,0,16
DEATH_ONLY,100,0x003B19E9,3873257,4,4,7
DEATH_ONLY,100,0x003B19EB,3873259,232,232,230
DEATH_ONLY,100,0x003B19ED,3873261,3,3,251
DEATH_ONLY,100,0x003B19EF,3873263,233,233,231
DEATH_ONLY,100,0x003B19F1,3873265,8,8,7
DEATH_ONLY,100,0x003B19F3,3873267,232,232,230
DEATH_ONLY,100,0x003B19F5,3873269,109,109,18
DEATH_ONLY,100,0x003B19F7,3873271,233,233,231
DEATH_ONLY,100,0x003B1A00,3873280,17,17,16
DEATH_ONLY,100,0x003B1A01,3873281,9,9,3
DEATH_ONLY,100,0x003B1A03,3873283,232,232,230
DEATH_ONLY,100,0x003B1A04,3873284,128,128,0
DEATH_ONLY,100,0x003B1A05,3873285,59,59,0
DEATH_ONLY,100,0x003B1A06,3873286,39,39,0
DEATH_ONLY,100,0x003B1A07,3873287,104,104,231
DEATH_ONLY,100,0x003B1A09,3873289,3,3,7
DEATH_ONLY,100,0x003B1A0B,3873291,232,232,230
DEATH_ONLY,100,0x003B1A0D,3873293,0,0,120
DEATH_ONLY,100,0x003B1A0F,3873295,233,233,231
DEATH_ONLY,100,0x003B1A11,3873297,7,7,6
DEATH_ONLY,100,0x003B1A13,3873299,232,232,230
DEATH_ONLY,100,0x003B1A15,3873301,49,49,16
DEATH_ONLY,100,0x003B1A17,3873303,233,233,231
DEATH_ONLY,100,0x003B1A20,3873312,16,16,0
DEATH_ONLY,100,0x003B1A21,3873313,8,8,4
DEATH_ONLY,100,0x003B1A23,3873315,232,232,230
DEATH_ONLY,100,0x003B1A25,3873317,211,211,3
DEATH_ONLY,100,0x003B1A27,3873319,233,233,231
DEATH_ONLY,100,0x003B1A29,3873321,4,4,7
DEATH_ONLY,100,0x003B1A2B,3873323,232,232,230
DEATH_ONLY,100,0x003B1A2D,3873325,255,255,224
DEATH_ONLY,100,0x003B1A2F,3873327,233,233,231
DEATH_ONLY,100,0x003B1A31,3873329,8,8,7
DEATH_ONLY,100,0x003B1A33,3873331,232,232,230
DEATH_ONLY,100,0x003B1A35,3873333,61,61,10
DEATH_ONLY,100,0x003B1A37,3873335,233,233,231
DEATH_ONLY,100,0x003B1A41,3873345,9,9,3
DEATH_ONLY,100,0x003B1A43,3873347,232,232,230
DEATH_ONLY,100,0x003B1A45,3873349,239,239,0
DEATH_ONLY,100,0x003B1A47,3873351,233,233,231
DEATH_ONLY,100,0x003B1A49,3873353,3,3,7
DEATH_ONLY,100,0x003B1A4B,3873355,232,232,230
DEATH_ONLY,100,0x003B1A4D,3873357,0,0,160
DEATH_ONLY,100,0x003B1A4F,3873359,233,233,231
DEATH_ONLY,100,0x003B1A51,3873361,7,7,6
DEATH_ONLY,100,0x003B1A53,3873363,232,232,230
DEATH_ONLY,100,0x003B1A55,3873365,251,251,220
DEATH_ONLY,100,0x003B1A57,3873367,233,233,231
DEATH_ONLY,100,0x003B1A59,3873369,6,6,8
DEATH_ONLY,100,0x003B1A5B,3873371,232,232,230
DEATH_ONLY,100,0x003B1A5D,3873373,2,2,87
DEATH_ONLY,100,0x003B1A5F,3873375,233,233,231
DEATH_ONLY,100,0x003B1A60,3873376,16,16,0
DEATH_ONLY,100,0x003B1A61,3873377,9,9,5
DEATH_ONLY,100,0x003B1A63,3873379,232,232,230
DEATH_ONLY,100,0x003B1A65,3873381,65,65,6
DEATH_ONLY,100,0x003B1A67,3873383,233,233,231
DEATH_ONLY,100,0x003B1A69,3873385,4,4,7
DEATH_ONLY,100,0x003B1A6B,3873387,232,232,230
DEATH_ONLY,100,0x003B1A6D,3873389,3,3,4
DEATH_ONLY,100,0x003B1A6F,3873391,233,233,231
DEATH_ONLY,100,0x003B1A71,3873393,8,8,7
DEATH_ONLY,100,0x003B1A73,3873395,232,232,230
DEATH_ONLY,100,0x003B1A75,3873397,130,130,48
DEATH_ONLY,100,0x003B1A77,3873399,233,233,231
DEATH_ONLY,100,0x003B1A80,3873408,17,17,16
DEATH_ONLY,100,0x003B1A81,3873409,9,9,3
DEATH_ONLY,100,0x003B1A83,3873411,232,232,230
DEATH_ONLY,100,0x003B1A84,3873412,128,128,0
DEATH_ONLY,100,0x003B1A85,3873413,59,59,0
DEATH_ONLY,100,0x003B1A86,3873414,40,40,0
DEATH_ONLY,100,0x003B1A87,3873415,232,232,231
DEATH_ONLY,100,0x003B1A89,3873417,3,3,7
DEATH_ONLY,100,0x003B1A8B,3873419,232,232,230
DEATH_ONLY,100,0x003B1A8D,3873421,0,0,67
DEATH_ONLY,100,0x003B1A8F,3873423,233,233,231
DEATH_ONLY,100,0x003B1A91,3873425,7,7,6
DEATH_ONLY,100,0x003B1A93,3873427,232,232,230
DEATH_ONLY,100,0x003B1A95,3873429,9,9,1
DEATH_ONLY,100,0x003B1A97,3873431,233,233,231
DEATH_ONLY,100,0x003B1AA0,3873440,16,16,0
DEATH_ONLY,100,0x003B1AA1,3873441,8,8,4
DEATH_ONLY,100,0x003B1AA3,3873443,232,232,230
DEATH_ONLY,100,0x003B1AA5,3873445,135,135,3
DEATH_ONLY,100,0x003B1AA7,3873447,233,233,231
DEATH_ONLY,100,0x003B1AA9,3873449,4,4,7
DEATH_ONLY,100,0x003B1AAB,3873451,232,232,230
DEATH_ONLY,100,0x003B1AAD,3873453,255,255,187
DEATH_ONLY,100,0x003B1AAF,3873455,233,233,231
DEATH_ONLY,100,0x003B1AB0,3873456,16,16,0
DEATH_ONLY,100,0x003B1AB1,3873457,7,7,6
DEATH_ONLY,100,0x003B1AB3,3873459,232,232,230
DEATH_ONLY,100,0x003B1AB5,3873461,253,253,5
DEATH_ONLY,100,0x003B1AB7,3873463,233,233,231
DEATH_ONLY,100,0x003B1AC1,3873473,9,9,3
DEATH_ONLY,100,0x003B1AC3,3873475,232,232,230
DEATH_ONLY,100,0x003B1AC5,3873477,107,107,0
DEATH_ONLY,100,0x003B1AC7,3873479,233,233,231
DEATH_ONLY,100,0x003B1AC9,3873481,3,3,7
DEATH_ONLY,100,0x003B1ACB,3873483,232,232,230
DEATH_ONLY,100,0x003B1ACD,3873485,0,0,135
DEATH_ONLY,100,0x003B1ACF,3873487,233,233,231
DEATH_ONLY,100,0x003B1AD1,3873489,7,7,6
DEATH_ONLY,100,0x003B1AD3,3873491,232,232,230
DEATH_ONLY,100,0x003B1AD5,3873493,52,52,32
DEATH_ONLY,100,0x003B1AD7,3873495,233,233,231
DEATH_ONLY,100,0x003B1AD8,3873496,1,1,16
DEATH_ONLY,100,0x003B1AD9,3873497,5,5,8
DEATH_ONLY,100,0x003B1ADB,3873499,232,232,230
DEATH_ONLY,100,0x003B1ADD,3873501,11,11,37
DEATH_ONLY,100,0x003B1ADF,3873503,233,233,231
DEATH_ONLY,100,0x003B1AE1,3873505,8,8,5
DEATH_ONLY,100,0x003B1AE3,3873507,232,232,230
DEATH_ONLY,100,0x003B1AE5,3873509,242,242,186
DEATH_ONLY,100,0x003B1AE7,3873511,233,233,231
DEATH_ONLY,100,0x003B1AE8,3873512,0,0,16
DEATH_ONLY,100,0x003B1AE9,3873513,4,4,7
DEATH_ONLY,100,0x003B1AEB,3873515,232,232,230
DEATH_ONLY,100,0x003B1AED,3873517,3,3,240
DEATH_ONLY,100,0x003B1AEF,3873519,233,233,231
DEATH_ONLY,100,0x003B1AF1,3873521,8,8,7
DEATH_ONLY,100,0x003B1AF3,3873523,232,232,230
DEATH_ONLY,100,0x003B1AF5,3873525,83,83,14
DEATH_ONLY,100,0x003B1AF7,3873527,233,233,231
DEATH_ONLY,100,0x003B1B00,3873536,2,2,16
DEATH_ONLY,100,0x003B1B01,3873537,9,9,3
DEATH_ONLY,100,0x003B1B03,3873539,232,232,230
DEATH_ONLY,100,0x003B1B05,3873541,31,31,0
DEATH_ONLY,100,0x003B1B07,3873543,233,233,231
DEATH_ONLY,100,0x003B1B09,3873545,3,3,7
DEATH_ONLY,100,0x003B1B0B,3873547,232,232,230
DEATH_ONLY,100,0x003B1B0D,3873549,0,0,117
DEATH_ONLY,100,0x003B1B0F,3873551,233,233,231
DEATH_ONLY,100,0x003B1B11,3873553,7,7,6
DEATH_ONLY,100,0x003B1B13,3873555,232,232,230
DEATH_ONLY,100,0x003B1B15,3873557,14,14,4
DEATH_ONLY,100,0x003B1B17,3873559,233,233,231
DEATH_ONLY,100,0x003B1B20,3873568,16,16,0
DEATH_ONLY,100,0x003B1B21,3873569,8,8,4
DEATH_ONLY,100,0x003B1B23,3873571,232,232,230
DEATH_ONLY,100,0x003B1B25,3873573,179,179,3
DEATH_ONLY,100,0x003B1B27,3873575,233,233,231
DEATH_ONLY,100,0x003B1B29,3873577,4,4,7
DEATH_ONLY,100,0x003B1B2B,3873579,232,232,230
DEATH_ONLY,100,0x003B1B2D,3873581,255,255,219
DEATH_ONLY,100,0x003B1B2F,3873583,233,233,231
DEATH_ONLY,100,0x003B1B31,3873585,8,8,7
DEATH_ONLY,100,0x003B1B33,3873587,232,232,230
DEATH_ONLY,100,0x003B1B35,3873589,30,30,8
DEATH_ONLY,100,0x003B1B37,3873591,233,233,231
DEATH_ONLY,100,0x003B1B41,3873601,9,9,3
DEATH_ONLY,100,0x003B1B43,3873603,232,232,230
DEATH_ONLY,100,0x003B1B45,3873605,191,191,0
DEATH_ONLY,100,0x003B1B47,3873607,233,233,231
DEATH_ONLY,100,0x003B1B49,3873609,3,3,7
DEATH_ONLY,100,0x003B1B4B,3873611,232,232,230
DEATH_ONLY,100,0x003B1B4D,3873613,0,0,152
DEATH_ONLY,100,0x003B1B4F,3873615,233,233,231
DEATH_ONLY,100,0x003B1B51,3873617,7,7,6
DEATH_ONLY,100,0x003B1B53,3873619,232,232,230
DEATH_ONLY,100,0x003B1B55,3873621,133,133,177
DEATH_ONLY,100,0x003B1B57,3873623,233,233,231
DEATH_ONLY,100,0x003B1B59,3873625,6,6,8
DEATH_ONLY,100,0x003B1B5B,3873627,232,232,230
DEATH_ONLY,100,0x003B1B5D,3873629,1,1,81
DEATH_ONLY,100,0x003B1B5F,3873631,233,233,231
DEATH_ONLY,100,0x003B1B60,3873632,16,16,0
DEATH_ONLY,100,0x003B1B61,3873633,9,9,5
DEATH_ONLY,100,0x003B1B63,3873635,232,232,230
DEATH_ONLY,100,0x003B1B65,3873637,33,33,6
DEATH_ONLY,100,0x003B1B67,3873639,233,233,231
DEATH_ONLY,100,0x003B1B68,3873640,0,0,16
DEATH_ONLY,100,0x003B1B69,3873641,4,4,7
DEATH_ONLY,100,0x003B1B6B,3873643,232,232,230
DEATH_ONLY,100,0x003B1B6D,3873645,3,3,255
DEATH_ONLY,100,0x003B1B6F,3873647,233,233,231
DEATH_ONLY,100,0x003B1B71,3873649,8,8,7
DEATH_ONLY,100,0x003B1B73,3873651,232,232,230
DEATH_ONLY,100,0x003B1B75,3873653,115,115,40
DEATH_ONLY,100,0x003B1B77,3873655,233,233,231
DEATH_ONLY,100,0x003B1B80,3873664,17,17,16
DEATH_ONLY,100,0x003B1B81,3873665,9,9,3
DEATH_ONLY,100,0x003B1B83,3873667,232,232,230
DEATH_ONLY,100,0x003B1B84,3873668,128,128,0
DEATH_ONLY,100,0x003B1B85,3873669,59,59,0
DEATH_ONLY,100,0x003B1B86,3873670,39,39,0
DEATH_ONLY,100,0x003B1B87,3873671,248,248,231
DEATH_ONLY,100,0x003B1B89,3873673,3,3,7
DEATH_ONLY,100,0x003B1B8B,3873675,232,232,230
DEATH_ONLY,100,0x003B1B8D,3873677,0,0,101
DEATH_ONLY,100,0x003B1B8F,3873679,233,233,231
DEATH_ONLY,100,0x003B1B91,3873681,7,7,6
DEATH_ONLY,100,0x003B1B93,3873683,232,232,230
DEATH_ONLY,100,0x003B1B95,3873685,12,12,2
DEATH_ONLY,100,0x003B1B97,3873687,233,233,231
DEATH_ONLY,100,0x003B1BA0,3873696,16,16,0
DEATH_ONLY,100,0x003B1BA1,3873697,8,8,4
DEATH_ONLY,100,0x003B1BA3,3873699,232,232,230
DEATH_ONLY,100,0x003B1BA5,3873701,149,149,3
DEATH_ONLY,100,0x003B1BA7,3873703,233,233,231
DEATH_ONLY,100,0x003B1BA9,3873705,4,4,7
DEATH_ONLY,100,0x003B1BAB,3873707,232,232,230
DEATH_ONLY,100,0x003B1BAD,3873709,255,255,202
DEATH_ONLY,100,0x003B1BAF,3873711,233,233,231
DEATH_ONLY,100,0x003B1BB0,3873712,1,1,16
DEATH_ONLY,100,0x003B1BB3,3873715,232,232,230
DEATH_ONLY,100,0x003B1BB5,3873717,13,13,5
DEATH_ONLY,100,0x003B1BB7,3873719,233,233,231
DEATH_ONLY,100,0x003B1BC1,3873729,9,9,3
DEATH_ONLY,100,0x003B1BC3,3873731,232,232,230
DEATH_ONLY,100,0x003B1BC5,3873733,158,158,0
DEATH_ONLY,100,0x003B1BC7,3873735,233,233,231
DEATH_ONLY,100,0x003B1BC9,3873737,3,3,7
DEATH_ONLY,100,0x003B1BCB,3873739,232,232,230
DEATH_ONLY,100,0x003B1BCD,3873741,0,0,147
DEATH_ONLY,100,0x003B1BCF,3873743,233,233,231
DEATH_ONLY,100,0x003B1BD1,3873745,7,7,6
DEATH_ONLY,100,0x003B1BD3,3873747,232,232,230
DEATH_ONLY,100,0x003B1BD5,3873749,89,89,118
DEATH_ONLY,100,0x003B1BD7,3873751,233,233,231
DEATH_ONLY,100,0x003B1BD8,3873752,1,1,16
DEATH_ONLY,100,0x003B1BD9,3873753,5,5,8
DEATH_ONLY,100,0x003B1BDB,3873755,232,232,230
DEATH_ONLY,100,0x003B1BDD,3873757,11,11,53
DEATH_ONLY,100,0x003B1BDF,3873759,233,233,231
DEATH_ONLY,100,0x003B1BE0,3873760,0,0,16
DEATH_ONLY,100,0x003B1BE1,3873761,8,8,5
DEATH_ONLY,100,0x003B1BE3,3873763,232,232,230
DEATH_ONLY,100,0x003B1BE5,3873765,9,9,186
DEATH_ONLY,100,0x003B1BE7,3873767,233,233,231
DEATH_ONLY,100,0x003B1BE8,3873768,0,0,16
DEATH_ONLY,100,0x003B1BE9,3873769,4,4,7
DEATH_ONLY,100,0x003B1BEB,3873771,232,232,230
DEATH_ONLY,100,0x003B1BED,3873773,3,3,252
DEATH_ONLY,100,0x003B1BEF,3873775,233,233,231
DEATH_ONLY,100,0x003B1BF1,3873777,8,8,7
DEATH_ONLY,100,0x003B1BF3,3873779,232,232,230
DEATH_ONLY,100,0x003B1BF5,3873781,106,106,19
DEATH_ONLY,100,0x003B1BF7,3873783,233,233,231
DEATH_ONLY,100,0x003B1C00,3873792,17,17,16
DEATH_ONLY,100,0x003B1C01,3873793,9,9,3
DEATH_ONLY,100,0x003B1C03,3873795,232,232,230
DEATH_ONLY,100,0x003B1C04,3873796,128,128,0
DEATH_ONLY,100,0x003B1C05,3873797,59,59,0
DEATH_ONLY,100,0x003B1C06,3873798,39,39,0
DEATH_ONLY,100,0x003B1C07,3873799,56,56,231
DEATH_ONLY,100,0x003B1C09,3873801,3,3,7
DEATH_ONLY,100,0x003B1C0B,3873803,232,232,230
DEATH_ONLY,100,0x003B1C0D,3873805,0,0,130
DEATH_ONLY,100,0x003B1C0F,3873807,233,233,231
DEATH_ONLY,100,0x003B1C11,3873809,7,7,6
DEATH_ONLY,100,0x003B1C13,3873811,232,232,230
DEATH_ONLY,100,0x003B1C15,3873813,48,48,16
DEATH_ONLY,100,0x003B1C17,3873815,233,233,231
DEATH_ONLY,100,0x003B1C20,3873824,16,16,0
DEATH_ONLY,100,0x003B1C21,3873825,8,8,4
DEATH_ONLY,100,0x003B1C23,3873827,232,232,230
DEATH_ONLY,100,0x003B1C25,3873829,203,203,3
DEATH_ONLY,100,0x003B1C27,3873831,233,233,231
DEATH_ONLY,100,0x003B1C29,3873833,4,4,7
DEATH_ONLY,100,0x003B1C2B,3873835,232,232,230
DEATH_ONLY,100,0x003B1C2D,3873837,255,255,231
DEATH_ONLY,100,0x003B1C2F,3873839,233,233,231
DEATH_ONLY,100,0x003B1C31,3873841,8,8,7
DEATH_ONLY,100,0x003B1C33,3873843,232,232,230
DEATH_ONLY,100,0x003B1C35,3873845,56,56,12
DEATH_ONLY,100,0x003B1C37,3873847,233,233,231
DEATH_ONLY,100,0x003B1C41,3873857,9,9,3
DEATH_ONLY,100,0x003B1C43,3873859,232,232,230
DEATH_ONLY,100,0x003B1C45,3873861,224,224,0
DEATH_ONLY,100,0x003B1C47,3873863,233,233,231
DEATH_ONLY,100,0x003B1C49,3873865,3,3,7
DEATH_ONLY,100,0x003B1C4B,3873867,232,232,230
DEATH_ONLY,100,0x003B1C4D,3873869,0,0,183
DEATH_ONLY,100,0x003B1C4F,3873871,233,233,231
DEATH_ONLY,100,0x003B1C51,3873873,7,7,6
DEATH_ONLY,100,0x003B1C53,3873875,232,232,230
DEATH_ONLY,100,0x003B1C55,3873877,232,232,220
DEATH_ONLY,100,0x003B1C57,3873879,233,233,231
DEATH_ONLY,100,0x003B1C59,3873881,6,6,8
DEATH_ONLY,100,0x003B1C5B,3873883,232,232,230
DEATH_ONLY,100,0x003B1C5D,3873885,2,2,89
DEATH_ONLY,100,0x003B1C5F,3873887,233,233,231
DEATH_ONLY,100,0x003B1C60,3873888,16,16,0
DEATH_ONLY,100,0x003B1C61,3873889,9,9,5
DEATH_ONLY,100,0x003B1C63,3873891,232,232,230
DEATH_ONLY,100,0x003B1C65,3873893,62,62,6
DEATH_ONLY,100,0x003B1C67,3873895,233,233,231
DEATH_ONLY,100,0x003B1C69,3873897,4,4,7
DEATH_ONLY,100,0x003B1C6B,3873899,232,232,230
DEATH_ONLY,100,0x003B1C6D,3873901,3,3,7
DEATH_ONLY,100,0x003B1C6F,3873903,233,233,231
DEATH_ONLY,100,0x003B1C71,3873905,8,8,7
DEATH_ONLY,100,0x003B1C73,3873907,232,232,230
DEATH_ONLY,100,0x003B1C75,3873909,127,127,50
DEATH_ONLY,100,0x003B1C77,3873911,233,233,231
DEATH_ONLY,100,0x003B1C78,3873912,16,16,2
DEATH_ONLY,100,0x003B1C79,3873913,7,7,8
DEATH_ONLY,100,0x003B1C7B,3873915,232,232,230
DEATH_ONLY,100,0x003B1C91,3873937,7,7,6
DEATH_ONLY,100,0x003B1C93,3873939,232,232,230
DEATH_ONLY,100,0x003B1CA9,3873961,4,4,7
DEATH_ONLY,100,0x003B1CAB,3873963,232,232,230
DEATH_ONLY,100,0x003B1CC1,3873985,9,9,3
DEATH_ONLY,100,0x003B1CC3,3873987,232,232,230
DEATH_ONLY,100,0x003B1CD8,3874008,1,1,16
DEATH_ONLY,100,0x003B1CD9,3874009,5,5,8
DEATH_ONLY,100,0x003B1CDB,3874011,232,232,230
DEATH_ONLY,100,0x003B1CF1,3874033,8,8,7
DEATH_ONLY,100,0x003B1CF3,3874035,232,232,230
DEATH_ONLY,100,0x003B1D09,3874057,3,3,7
DEATH_ONLY,100,0x003B1D0B,3874059,232,232,230
DEATH_ONLY,100,0x003B1D20,3874080,16,16,0
DEATH_ONLY,100,0x003B1D21,3874081,8,8,4
DEATH_ONLY,100,0x003B1D23,3874083,232,232,230
DEATH_ONLY,100,0x003B1D39,3874105,6,6,8
DEATH_ONLY,100,0x003B1D3B,3874107,232,232,230
DEATH_ONLY,100,0x003B1D51,3874129,7,7,6
DEATH_ONLY,100,0x003B1D53,3874131,232,232,230
DEATH_ONLY,100,0x003B1D68,3874152,0,0,16
DEATH_ONLY,100,0x003B1D69,3874153,4,4,7
DEATH_ONLY,100,0x003B1D6B,3874155,232,232,230
DEATH_ONLY,100,0x003B1D80,3874176,17,17,16
DEATH_ONLY,100,0x003B1D81,3874177,9,9,3
DEATH_ONLY,100,0x003B1D83,3874179,232,232,230
DEATH_ONLY,100,0x003B1D98,3874200,0,0,2
DEATH_ONLY,100,0x003B1D99,3874201,5,5,7
DEATH_ONLY,100,0x003B1D9B,3874203,232,232,230
DEATH_ONLY,100,0x003B1DB1,3874225,8,8,7
DEATH_ONLY,100,0x003B1DB3,3874227,232,232,230
DEATH_ONLY,100,0x003B1DC9,3874249,3,3,7
DEATH_ONLY,100,0x003B1DCB,3874251,232,232,230
DEATH_ONLY,100,0x003B1DE0,3874272,2,2,16
DEATH_ONLY,100,0x003B1DE1,3874273,8,8,5
DEATH_ONLY,100,0x003B1DE3,3874275,232,232,230
DEATH_ONLY,100,0x003B1DF8,3874296,1,1,16
DEATH_ONLY,100,0x003B1DF9,3874297,6,6,8
DEATH_ONLY,100,0x003B1DFB,3874299,232,232,230
DEATH_ONLY,100,0x003B1E11,3874321,7,7,6
DEATH_ONLY,100,0x003B1E13,3874323,232,232,230
DEATH_ONLY,100,0x003B1E29,3874345,4,4,7
DEATH_ONLY,100,0x003B1E2B,3874347,232,232,230
DEATH_ONLY,100,0x003B1E41,3874369,9,9,3
DEATH_ONLY,100,0x003B1E43,3874371,232,232,230
DEATH_ONLY,100,0x003B1E59,3874393,6,6,8
DEATH_ONLY,100,0x003B1E5B,3874395,232,232,230
DEATH_ONLY,100,0x003B1E71,3874417,8,8,7
DEATH_ONLY,100,0x003B1E73,3874419,232,232,230
DEATH_ONLY,100,0x003B1E89,3874441,3,3,7
DEATH_ONLY,100,0x003B1E8B,3874443,232,232,230
DEATH_ONLY,100,0x003B1EA0,3874464,16,16,0
DEATH_ONLY,100,0x003B1EA1,3874465,8,8,4
DEATH_ONLY,100,0x003B1EA3,3874467,232,232,230
DEATH_ONLY,100,0x003B1EB9,3874489,6,6,8
DEATH_ONLY,100,0x003B1EBB,3874491,232,232,230
DEATH_ONLY,100,0x003B1ED1,3874513,7,7,6
DEATH_ONLY,100,0x003B1ED3,3874515,232,232,230
DEATH_ONLY,100,0x003B1EE8,3874536,0,0,16
DEATH_ONLY,100,0x003B1EE9,3874537,4,4,7
DEATH_ONLY,100,0x003B1EEB,3874539,232,232,230
DEATH_ONLY,100,0x003B1F00,3874560,0,0,16
DEATH_ONLY,100,0x003B1F01,3874561,9,9,3
DEATH_ONLY,100,0x003B1F03,3874563,232,232,230
DEATH_ONLY,100,0x003B1F18,3874584,0,0,16
DEATH_ONLY,100,0x003B1F19,3874585,5,5,8
DEATH_ONLY,100,0x003B1F1B,3874587,232,232,230
DEATH_ONLY,100,0x003B1F31,3874609,8,8,7
DEATH_ONLY,100,0x003B1F33,3874611,232,232,230
DEATH_ONLY,100,0x003B1F49,3874633,3,3,7
DEATH_ONLY,100,0x003B1F4B,3874635,232,232,230
DEATH_ONLY,100,0x003B1F60,3874656,16,16,0
DEATH_ONLY,100,0x003B1F61,3874657,9,9,5
DEATH_ONLY,100,0x003B1F63,3874659,232,232,230
DEATH_ONLY,100,0x003B1F78,3874680,16,16,0
DEATH_ONLY,100,0x003B1F79,3874681,7,7,8
DEATH_ONLY,100,0x003B1F7B,3874683,232,232,230
DEATH_ONLY,100,0x003B1F91,3874705,7,7,6
DEATH_ONLY,100,0x003B1F93,3874707,232,232,230
DEATH_ONLY,100,0x003B1FA9,3874729,4,4,7
DEATH_ONLY,100,0x003B1FAB,3874731,232,232,230
DEATH_ONLY,100,0x003B1FC1,3874753,9,9,3
DEATH_ONLY,100,0x003B1FC3,3874755,232,232,230
DEATH_ONLY,100,0x003B1FD8,3874776,1,1,16
DEATH_ONLY,100,0x003B1FD9,3874777,5,5,8
DEATH_ONLY,100,0x003B1FDB,3874779,232,232,230
DEATH_ONLY,100,0x003B1FF1,3874801,8,8,7
DEATH_ONLY,100,0x003B1FF3,3874803,232,232,230
DEATH_ONLY,100,0x003B2009,3874825,3,3,7
DEATH_ONLY,100,0x003B200B,3874827,232,232,230
DEATH_ONLY,100,0x003B2020,3874848,16,16,0
DEATH_ONLY,100,0x003B2021,3874849,8,8,4
DEATH_ONLY,100,0x003B2023,3874851,232,232,230
DEATH_ONLY,100,0x003B2038,3874872,0,0,16
DEATH_ONLY,100,0x003B2039,3874873,6,6,8
DEATH_ONLY,100,0x003B203B,3874875,232,232,230
DEATH_ONLY,100,0x003B2051,3874897,7,7,6
DEATH_ONLY,100,0x003B2053,3874899,232,232,230
DEATH_ONLY,100,0x003B2069,3874921,4,4,7
DEATH_ONLY,100,0x003B206B,3874923,232,232,230
DEATH_ONLY,100,0x003B2080,3874944,17,17,16
DEATH_ONLY,100,0x003B2098,3874968,0,0,4
DEATH_ONLY,100,0x003B2099,3874969,5,5,3
DEATH_ONLY,100,0x003B209B,3874971,232,232,230
DEATH_ONLY,100,0x003B20B0,3874992,0,0,5
DEATH_ONLY,100,0x003B20B1,3874993,7,7,4
DEATH_ONLY,100,0x003B20B3,3874995,232,232,230
DEATH_ONLY,100,0x003B20C8,3875016,16,16,3
DEATH_ONLY,100,0x003B20C9,3875017,3,3,2
DEATH_ONLY,100,0x003B20CB,3875019,232,232,230
DEATH_ONLY,100,0x003B20E0,3875040,16,16,7
DEATH_ONLY,100,0x003B20E1,3875041,8,8,4
DEATH_ONLY,100,0x003B20E3,3875043,232,232,230
DEATH_ONLY,100,0x003B20F8,3875064,0,0,4
DEATH_ONLY,100,0x003B20F9,3875065,6,6,3
DEATH_ONLY,100,0x003B20FB,3875067,232,232,230
DEATH_ONLY,100,0x003B2110,3875088,16,16,6
DEATH_ONLY,100,0x003B2111,3875089,7,7,3
DEATH_ONLY,100,0x003B2113,3875091,232,232,230
DEATH_ONLY,100,0x003B2128,3875112,16,16,3
DEATH_ONLY,100,0x003B2129,3875113,4,4,2
DEATH_ONLY,100,0x003B212B,3875115,232,232,230
DEATH_ONLY,100,0x003B2140,3875136,16,16,1
DEATH_ONLY,100,0x003B2141,3875137,9,9,5
DEATH_ONLY,100,0x003B2143,3875139,232,232,230
DEATH_ONLY,100,0x003B2158,3875160,16,16,4
DEATH_ONLY,100,0x003B2159,3875161,6,6,3
DEATH_ONLY,100,0x003B215B,3875163,232,232,230
DEATH_ONLY,100,0x003B2170,3875184,16,16,6
DEATH_ONLY,100,0x003B2171,3875185,8,8,4
DEATH_ONLY,100,0x003B2173,3875187,232,232,230
DEATH_ONLY,100,0x003B2188,3875208,16,16,3
DEATH_ONLY,100,0x003B2189,3875209,3,3,2
DEATH_ONLY,100,0x003B218B,3875211,232,232,230
DEATH_ONLY,100,0x003B21A0,3875232,16,16,7
DEATH_ONLY,100,0x003B21A1,3875233,8,8,4
DEATH_ONLY,100,0x003B21A3,3875235,232,232,230
DEATH_ONLY,100,0x003B21B8,3875256,16,16,4
DEATH_ONLY,100,0x003B21B9,3875257,6,6,3
DEATH_ONLY,100,0x003B21BB,3875259,232,232,230
DEATH_ONLY,100,0x003B21D0,3875280,16,16,6
DEATH_ONLY,100,0x003B21D1,3875281,7,7,3
DEATH_ONLY,100,0x003B21D3,3875283,232,232,230
DEATH_ONLY,100,0x003B21E8,3875304,0,0,3
DEATH_ONLY,100,0x003B21E9,3875305,4,4,2
DEATH_ONLY,100,0x003B21EB,3875307,232,232,230
DEATH_ONLY,100,0x003B2200,3875328,17,17,5
DEATH_ONLY,100,0x003B2201,3875329,9,9,5
DEATH_ONLY,100,0x003B2203,3875331,232,232,230
DEATH_ONLY,100,0x003B2218,3875352,0,0,4
DEATH_ONLY,100,0x003B2219,3875353,5,5,3
DEATH_ONLY,100,0x003B221B,3875355,232,232,230
DEATH_ONLY,100,0x003B2230,3875376,16,16,5
DEATH_ONLY,100,0x003B2231,3875377,8,8,4
DEATH_ONLY,100,0x003B2233,3875379,232,232,230
DEATH_ONLY,100,0x003B2248,3875400,16,16,3
DEATH_ONLY,100,0x003B2249,3875401,3,3,2
DEATH_ONLY,100,0x003B224B,3875403,232,232,230
DEATH_ONLY,100,0x003B2260,3875424,16,16,7
DEATH_ONLY,100,0x003B2261,3875425,9,9,4
DEATH_ONLY,100,0x003B2263,3875427,232,232,230
DEATH_ONLY,100,0x003B2278,3875448,16,16,4
DEATH_ONLY,100,0x003B2279,3875449,7,7,3
DEATH_ONLY,100,0x003B227B,3875451,232,232,230
DEATH_ONLY,100,0x003B2290,3875472,16,16,0
DEATH_ONLY,100,0x003B2291,3875473,7,7,5
DEATH_ONLY,100,0x003B22D8,3875544,1,1,0
DEATH_ONLY,100,0x003B22D9,3875545,5,5,4
DEATH_ONLY,100,0x003B22F0,3875568,16,16,1
DEATH_ONLY,100,0x003B22F1,3875569,8,8,7
DEATH_ONLY,100,0x003B2308,3875592,16,16,0
DEATH_ONLY,100,0x003B2315,3875605,0,0,140
DEATH_ONLY,100,0x003B2316,3875606,0,0,35
DEATH_ONLY,100,0x003B2317,3875607,1,1,16
DEATH_ONLY,100,0x003B2318,3875608,0,0,16
DEATH_ONLY,100,0x003B2319,3875609,0,0,1
DEATH_ONLY,100,0x003B231A,3875610,0,0,252
DEATH_ONLY,100,0x003B231B,3875611,5,5,136
DEATH_ONLY,100,0x003B231C,3875612,112,112,0
DEATH_ONLY,100,0x003B231D,3875613,0,0,141
DEATH_ONLY,100,0x003B231E,3875614,224,224,35
DEATH_ONLY,100,0x003B231F,3875615,56,56,16
DEATH_ONLY,100,0x003B2328,3875624,128,128,16
DEATH_ONLY,100,0x003B2329,3875625,6,6,1
DEATH_ONLY,100,0x003B232A,3875626,106,106,252
DEATH_ONLY,100,0x003B232B,3875627,208,208,136
DEATH_ONLY,100,0x003B2338,3875640,16,16,1
DEATH_ONLY,100,0x003B2339,3875641,6,6,4
DEATH_ONLY,100,0x003B2340,3875648,128,128,4
DEATH_ONLY,100,0x003B2341,3875649,8,8,1
DEATH_ONLY,100,0x003B2342,3875650,199,199,252
DEATH_ONLY,100,0x003B2343,3875651,32,32,136
DEATH_ONLY,100,0x003B2344,3875652,128,128,0
DEATH_ONLY,100,0x003B2345,3875653,6,6,115
DEATH_ONLY,100,0x003B2346,3875654,78,78,35
DEATH_ONLY,100,0x003B2347,3875655,208,208,64
DEATH_ONLY,100,0x003B2348,3875656,128,128,5
DEATH_ONLY,100,0x003B2349,3875657,13,13,1
DEATH_ONLY,100,0x003B234A,3875658,130,130,252
DEATH_ONLY,100,0x003B234B,3875659,184,184,136
DEATH_ONLY,100,0x003B234C,3875660,112,112,0
DEATH_ONLY,100,0x003B234D,3875661,0,0,131
DEATH_ONLY,100,0x003B234E,3875662,247,247,35
DEATH_ONLY,100,0x003B234F,3875663,144,144,64
DEATH_ONLY,100,0x003B2351,3875665,7,7,6
DEATH_ONLY,100,0x003B2360,3875680,128,128,5
DEATH_ONLY,100,0x003B2361,3875681,6,6,1
DEATH_ONLY,100,0x003B2362,3875682,78,78,252
DEATH_ONLY,100,0x003B2363,3875683,208,208,136
DEATH_ONLY,100,0x003B2364,3875684,128,128,0
DEATH_ONLY,100,0x003B2365,3875685,6,6,195
DEATH_ONLY,100,0x003B2366,3875686,54,54,35
DEATH_ONLY,100,0x003B2367,3875687,208,208,88
DEATH_ONLY,100,0x003B2369,3875689,0,0,4
DEATH_ONLY,100,0x003B236B,3875691,0,0,232
DEATH_ONLY,100,0x003B2374,3875700,128,128,0
DEATH_ONLY,100,0x003B2375,3875701,8,8,227
DEATH_ONLY,100,0x003B2376,3875702,199,199,35
DEATH_ONLY,100,0x003B2377,3875703,32,32,112
DEATH_ONLY,100,0x003B2378,3875704,128,128,0
DEATH_ONLY,100,0x003B2379,3875705,31,31,1
DEATH_ONLY,100,0x003B237A,3875706,25,25,252
DEATH_ONLY,100,0x003B237B,3875707,208,208,136
DEATH_ONLY,100,0x003B237C,3875708,112,112,1
DEATH_ONLY,100,0x003B237D,3875709,0,0,2
DEATH_ONLY,100,0x003B237E,3875710,91,91,35
DEATH_ONLY,100,0x003B237F,3875711,224,224,112
DEATH_ONLY,100,0x003B2380,3875712,17,17,16
DEATH_ONLY,100,0x003B2385,3875717,8,8,59
DEATH_ONLY,100,0x003B2386,3875718,199,199,35
DEATH_ONLY,100,0x003B2387,3875719,32,32,160
DEATH_ONLY,100,0x003B2388,3875720,128,128,99
DEATH_ONLY,100,0x003B2389,3875721,31,31,1
DEATH_ONLY,100,0x003B238A,3875722,25,25,252
DEATH_ONLY,100,0x003B238B,3875723,208,208,136
DEATH_ONLY,100,0x003B238C,3875724,112,112,0
DEATH_ONLY,100,0x003B238E,3875726,92,92,35
DEATH_ONLY,100,0x003B238F,3875727,12,12,136
DEATH_ONLY,100,0x003B2390,3875728,0,0,99
DEATH_ONLY,100,0x003B2391,3875729,0,0,1
DEATH_ONLY,100,0x003B2392,3875730,0,0,252
DEATH_ONLY,100,0x003B2393,3875731,0,0,136
DEATH_ONLY,100,0x003B2395,3875733,179,179,0
DEATH_ONLY,100,0x003B2396,3875734,139,139,35
DEATH_ONLY,100,0x003B2397,3875735,144,144,136
DEATH_ONLY,100,0x003B2398,3875736,128,128,0
DEATH_ONLY,100,0x003B2399,3875737,6,6,4
DEATH_ONLY,100,0x003B239A,3875738,54,54,0
DEATH_ONLY,100,0x003B239B,3875739,240,240,232
DEATH_ONLY,100,0x003B239C,3875740,0,0,128
DEATH_ONLY,100,0x003B239D,3875741,0,0,59
DEATH_ONLY,100,0x003B239E,3875742,0,0,35
DEATH_ONLY,100,0x003B239F,3875743,0,0,200
DEATH_ONLY,100,0x003B23A0,3875744,0,0,16
DEATH_ONLY,100,0x003B23A1,3875745,0,0,2
DEATH_ONLY,100,0x003B23A2,3875746,0,0,252
DEATH_ONLY,100,0x003B23A3,3875747,1,1,136
DEATH_ONLY,100,0x003B23AC,3875756,112,112,0
DEATH_ONLY,100,0x003B23AD,3875757,0,0,146
DEATH_ONLY,100,0x003B23AE,3875758,92,92,35
DEATH_ONLY,100,0x003B23AF,3875759,52,52,160
DEATH_ONLY,100,0x003B23B0,3875760,128,128,16
DEATH_ONLY,100,0x003B23B1,3875761,59,59,2
DEATH_ONLY,100,0x003B23B2,3875762,36,36,252
DEATH_ONLY,100,0x003B23B3,3875763,32,32,136
DEATH_ONLY,100,0x003B23B5,3875765,179,179,145
DEATH_ONLY,100,0x003B23B6,3875766,139,139,35
DEATH_ONLY,100,0x003B23B7,3875767,144,144,160
DEATH_ONLY,100,0x003B23B8,3875768,0,0,16
DEATH_ONLY,100,0x003B23B9,3875769,0,0,2
DEATH_ONLY,100,0x003B23BA,3875770,4,4,252
DEATH_ONLY,100,0x003B23BB,3875771,144,144,136
DEATH_ONLY,100,0x003B23C4,3875780,127,127,128
DEATH_ONLY,100,0x003B23C5,3875781,12,12,59
DEATH_ONLY,100,0x003B23C6,3875782,190,190,35
DEATH_ONLY,100,0x003B23C7,3875783,52,52,240
DEATH_ONLY,100,0x003B23C8,3875784,128,128,16
DEATH_ONLY,100,0x003B23C9,3875785,25,25,2
DEATH_ONLY,100,0x003B23CA,3875786,248,248,252
DEATH_ONLY,100,0x003B23CB,3875787,232,232,136
DEATH_ONLY,100,0x003B23CC,3875788,128,128,0
DEATH_ONLY,100,0x003B23CD,3875789,25,25,148
DEATH_ONLY,100,0x003B23CE,3875790,248,248,35
DEATH_ONLY,100,0x003B23CF,3875791,232,232,200
DEATH_ONLY,100,0x003B23D0,3875792,0,0,16
DEATH_ONLY,100,0x003B23D1,3875793,0,0,2
DEATH_ONLY,100,0x003B23D2,3875794,0,0,252
DEATH_ONLY,100,0x003B23D3,3875795,0,0,136
DEATH_ONLY,100,0x003B23D5,3875797,0,0,150
DEATH_ONLY,100,0x003B23D6,3875798,0,0,35
DEATH_ONLY,100,0x003B23D7,3875799,6,6,200
DEATH_ONLY,100,0x003B23D8,3875800,128,128,16
DEATH_ONLY,100,0x003B23D9,3875801,8,8,2
DEATH_ONLY,100,0x003B23DA,3875802,199,199,252
DEATH_ONLY,100,0x003B23DB,3875803,32,32,136
DEATH_ONLY,100,0x003B23E9,3875817,0,0,4
DEATH_ONLY,100,0x003B23EB,3875819,1,1,232
DEATH_ONLY,100,0x003B23EC,3875820,127,127,128
DEATH_ONLY,100,0x003B23ED,3875821,7,7,59
DEATH_ONLY,100,0x003B23EE,3875822,110,110,36
DEATH_ONLY,100,0x003B23EF,3875823,92,92,24
DEATH_ONLY,100,0x003B23F4,3875828,128,128,0
DEATH_ONLY,100,0x003B23F5,3875829,59,59,152
DEATH_ONLY,100,0x003B23F6,3875830,36,36,35
DEATH_ONLY,100,0x003B23F7,3875831,32,32,240
DEATH_ONLY,100,0x003B2405,3875845,36,36,153
DEATH_ONLY,100,0x003B2406,3875846,13,13,35
DEATH_ONLY,100,0x003B2407,3875847,161,161,240
DEATH_ONLY,100,0x003B240C,3875852,128,128,0
DEATH_ONLY,100,0x003B240D,3875853,26,26,155
DEATH_ONLY,100,0x003B240E,3875854,205,205,35
DEATH_ONLY,100,0x003B240F,3875855,0,0,240
DEATH_ONLY,100,0x003B2411,3875857,0,0,5
DEATH_ONLY,100,0x003B2413,3875859,6,6,232
DEATH_ONLY,100,0x003B2414,3875860,0,0,128
PROGRESSIVE,95,0x00030A37,199223,0,1,2
PROGRESSIVE,95,0x0005EDCA,388554,0,31,245
PROGRESSIVE,95,0x0005EDCD,388557,0,62,63
PROGRESSIVE,95,0x0005EDCF,388559,0,120,132
PROGRESSIVE,95,0x00075DD1,482769,0,5,239
PROGRESSIVE,95,0x00075DD6,482774,0,164,222
PROGRESSIVE,95,0x00075DD8,482776,0,190,191
PROGRESSIVE,95,0x00075DD9,482777,0,105,148
PROGRESSIVE,95,0x00075DDA,482778,0,155,240
PROGRESSIVE,95,0x00075DDB,482779,0,29,46
PROGRESSIVE,95,0x00075DDE,482782,0,137,205
PROGRESSIVE,95,0x00075DE1,482785,0,11,158
PROGRESSIVE,95,0x00075DE3,482787,0,162,253
PROGRESSIVE,95,0x00075DE4,482788,0,62,63
PROGRESSIVE,95,0x00075DE6,482790,0,98,115
PROGRESSIVE,95,0x00075DEA,482794,0,37,142
PROGRESSIVE,95,0x00075DEB,482795,0,20,79
PROGRESSIVE,95,0x00075DED,482797,0,41,233
PROGRESSIVE,95,0x00075DEE,482798,0,133,234
PROGRESSIVE,95,0x00075DF8,482808,0,62,189
PROGRESSIVE,95,0x00075DFB,482811,0,63,116
PROGRESSIVE,95,0x00075DFD,482813,0,26,72
PROGRESSIVE,95,0x00075E04,482820,0,63,190
PROGRESSIVE,95,0x00075E05,482821,0,48,246
PROGRESSIVE,95,0x00075E06,482822,0,57,195
PROGRESSIVE,95,0x00075E08,482824,0,63,191
PROGRESSIVE,95,0x00075E09,482825,0,19,68
PROGRESSIVE,95,0x00075E0A,482826,0,23,170
PROGRESSIVE,95,0x00075E0B,482827,0,28,168
PROGRESSIVE,95,0x00075E0E,482830,0,171,188
PROGRESSIVE,95,0x00075E0F,482831,0,20,68
PROGRESSIVE,95,0x00075E26,482854,0,18,51
PROGRESSIVE,95,0x00075E27,482855,0,225,253
PROGRESSIVE,95,0x00075E29,482857,0,28,193
PROGRESSIVE,95,0x00075E2A,482858,0,85,232
PROGRESSIVE,95,0x00075E2E,482862,0,22,98
PROGRESSIVE,95,0x00075E34,482868,0,61,190
PROGRESSIVE,95,0x00075E3A,482874,0,46,210
PROGRESSIVE,95,0x00075E3D,482877,0,62,142
PROGRESSIVE,95,0x00075E3E,482878,0,180,194
PROGRESSIVE,95,0x00075E3F,482879,0,220,238
PROGRESSIVE,95,0x00075E46,482886,0,77,106
PROGRESSIVE,95,0x00075E48,482888,0,62,190
PROGRESSIVE,95,0x00075E49,482889,0,22,85
PROGRESSIVE,95,0x00075E4A,482890,0,143,207
PROGRESSIVE,95,0x00075E4B,482891,0,79,228
PROGRESSIVE,95,0x00075E4D,482893,0,112,115
PROGRESSIVE,95,0x00076A9F,486047,64,200,240
PROGRESSIVE,95,0x00079EF3,499443,0,1,2
PROGRESSIVE,95,0x0007A1CB,500171,0,10,11
PROGRESSIVE,95,0x0007A1D7,500183,0,12,196
PROGRESSIVE,95,0x0007A1D9,500185,0,148,158
PROGRESSIVE,95,0x0007A1DA,500186,0,165,182
PROGRESSIVE,95,0x0007A1DC,500188,0,65,66
PROGRESSIVE,95,0x0007A1DF,500191,0,234,235
PROGRESSIVE,95,0x0007A1E6,500198,0,156,176
PROGRESSIVE,95,0x0007A1E9,500201,0,25,33
PROGRESSIVE,95,0x0007A1EE,500206,0,1,142
PROGRESSIVE,95,0x0007A1EF,500207,0,4,88
PROGRESSIVE,95,0x000D37FF,866303,7,6,5
PROGRESSIVE,95,0x000D3803,866307,0,1,2
PROGRESSIVE,95,0x000D382C,866348,0,62,187
PROGRESSIVE,95,0x000D382D,866349,0,14,247
PROGRESSIVE,95,0x000D382E,866350,0,96,206
PROGRESSIVE,95,0x000D382F,866351,0,142,160
PROGRESSIVE,95,0x000D3835,866357,0,184,185
PROGRESSIVE,95,0x000D3837,866359,0,115,219
PROGRESSIVE,95,0x000D3862,866402,135,232,250
PROGRESSIVE,95,0x000D3876,866422,135,232,250
PROGRESSIVE,95,0x000D387C,866428,0,61,186
PROGRESSIVE,95,0x000D387D,866429,0,47,145
PROGRESSIVE,95,0x000D3886,866438,248,66,56
PROGRESSIVE,95,0x000D39B2,866738,0,9,13
PROGRESSIVE,95,0x000D39B3,866739,0,95,253
PROGRESSIVE,95,0x000D39BE,866750,0,4,14
PROGRESSIVE,95,0x000D39C1,866753,0,132,133
PROGRESSIVE,95,0x000D39C3,866755,0,95,145
PROGRESSIVE,95,0x000D39C7,866759,0,120,173
PROGRESSIVE,95,0x000D39C8,866760,0,188,189
PROGRESSIVE,95,0x000D39C9,866761,0,231,245
PROGRESSIVE,95,0x000D39CA,866762,0,33,140
PROGRESSIVE,95,0x000D39CB,866763,0,97,112
PROGRESSIVE,95,0x000D39CC,866764,0,62,190
PROGRESSIVE,95,0x000D39CD,866765,0,141,213
PROGRESSIVE,95,0x000D39D1,866769,0,49,62
PROGRESSIVE,95,0x000D39D2,866770,0,125,134
PROGRESSIVE,95,0x000D39D5,866773,0,13,200
PROGRESSIVE,95,0x000D39D9,866777,0,13,200
PROGRESSIVE,95,0x000D39DD,866781,0,100,194
PROGRESSIVE,95,0x000D39DE,866782,0,70,141
PROGRESSIVE,95,0x000D39DF,866783,0,48,150
PROGRESSIVE,95,0x000D3B6F,867183,0,136,218
PROGRESSIVE,95,0x000D3B73,867187,0,130,188
PROGRESSIVE,95,0x000D3B76,867190,0,107,141
PROGRESSIVE,95,0x000D3F17,868119,0,136,218
PROGRESSIVE,95,0x000D3F1B,868123,0,130,188
PROGRESSIVE,95,0x000D3F1E,868126,0,107,141
PROGRESSIVE,95,0x000D4214,868884,2,3,5
PROGRESSIVE,95,0x000D4215,868885,2,3,5
PROGRESSIVE,95,0x000D791D,882973,16,15,0
PROGRESSIVE,95,0x000D7FBB,884667,40,4,0
PROGRESSIVE,95,0x000D7FBD,884669,79,16,0
PROGRESSIVE,95,0x000D7FEA,884714,56,20,0
PROGRESSIVE,95,0x000D7FEB,884715,6,2,0
PROGRESSIVE,95,0x000D7FFB,884731,64,4,0
PROGRESSIVE,95,0x000D8000,884736,182,185,243
PROGRESSIVE,95,0x000D8016,884758,152,121,0
PROGRESSIVE,95,0x000D8017,884759,128,32,0
PROGRESSIVE,95,0x000D807C,884860,255,31,0
PROGRESSIVE,95,0x000D870E,886542,0,4,65
PROGRESSIVE,95,0x000D8901,887041,0,70,136
PROGRESSIVE,95,0x000D8914,887060,0,4,100
PROGRESSIVE,95,0x000D8916,887062,0,4,100
PROGRESSIVE,95,0x000D894F,887119,0,56,64
PROGRESSIVE,95,0x000D8996,887190,0,3,67
PROGRESSIVE,95,0x000E9745,956229,16,6,0
PROGRESSIVE,95,0x000E976C,956268,100,2,0
PROGRESSIVE,95,0x000E978A,956298,56,12,0
PROGRESSIVE,95,0x000E97BB,956347,40,4,0
PROGRESSIVE,95,0x000E97BD,956349,79,16,0
PROGRESSIVE,95,0x000E97FB,956411,64,4,0
PROGRESSIVE,95,0x000E980F,956431,152,56,0
PROGRESSIVE,95,0x000E9817,956439,128,32,0
PROGRESSIVE,95,0x000E983B,956475,6,4,0
PROGRESSIVE,95,0x000E987C,956540,255,31,0
PROGRESSIVE,95,0x000E98EA,956650,32,20,0
PROGRESSIVE,95,0x000E9920,956704,245,231,186
PROGRESSIVE,95,0x000E994C,956748,0,5,196
PROGRESSIVE,95,0x000E996B,956779,6,2,0
PROGRESSIVE,95,0x000E997B,956795,6,4,0
PROGRESSIVE,95,0x000E998C,956812,0,5,196
PROGRESSIVE,95,0x000E998E,956814,96,72,32
PROGRESSIVE,95,0x000E99C2,956866,0,3,160
PROGRESSIVE,95,0x000E99C6,956870,0,32,147
PROGRESSIVE,95,0x000E99EB,956907,6,2,0
PROGRESSIVE,95,0x000E99FB,956923,40,4,0
PROGRESSIVE,95,0x000E99FD,956925,80,16,0
PROGRESSIVE,95,0x000E9A02,956930,0,3,160
PROGRESSIVE,95,0x000E9A03,956931,40,29,4
PROGRESSIVE,95,0x000E9A05,956933,80,17,16
PROGRESSIVE,95,0x000E9A06,956934,3,32,147
PROGRESSIVE,95,0x000E9A0C,956940,0,5,196
PROGRESSIVE,95,0x000E9A0F,956943,0,40,72
PROGRESSIVE,95,0x000E9A13,956947,64,6,0
PROGRESSIVE,95,0x000E9A18,956952,1,183,188
PROGRESSIVE,95,0x000E9A4F,957007,255,144,72
PROGRESSIVE,95,0x000E9A8C,957068,0,5,196
PROGRESSIVE,95,0x000E9A90,957072,245,188,6
PROGRESSIVE,95,0x000E9AA0,957088,245,231,183
PROGRESSIVE,95,0x000E9AAA,957098,32,20,0
PROGRESSIVE,95,0x000E9B02,957186,0,3,160
PROGRESSIVE,95,0x000E9B07,957191,0,72,255
PROGRESSIVE,95,0x000E9B0C,957196,0,5,196
PROGRESSIVE,95,0x000E9B42,957250,0,3,160
PROGRESSIVE,95,0x000E9B47,957255,0,72,255
PROGRESSIVE,95,0x000E9B57,957271,0,32,152
PROGRESSIVE,95,0x000E9B5E,957278,0,32,121
PROGRESSIVE,95,0x000E9B9E,957342,0,32,121
PROGRESSIVE,95,0x000E9BC2,957378,0,3,160
PROGRESSIVE,95,0x000E9BCC,957388,0,5,196
PROGRESSIVE,95,0x000E9C02,957442,0,3,160
PROGRESSIVE,95,0x000E9C0C,957452,0,5,196
PROGRESSIVE,95,0x000E9CF9,957689,0,24,255
PROGRESSIVE,95,0x000E9E5C,958044,0,7,255
PROGRESSIVE,95,0x000E9E7C,958076,0,100,255
PROGRESSIVE,95,0x000E9EB1,958129,0,63,136
PROGRESSIVE,95,0x000EA009,958473,0,68,136
PROGRESSIVE,95,0x000EA01C,958492,0,4,100
PROGRESSIVE,95,0x000EA03E,958526,0,3,195
PROGRESSIVE,95,0x000EA0B6,958646,0,4,67
PROGRESSIVE,95,0x000EA114,958740,0,4,7
PROGRESSIVE,95,0x000EA131,958769,0,70,136
PROGRESSIVE,95,0x000EA144,958788,0,4,100
PROGRESSIVE,95,0x000EA1E8,958952,253,186,179
PROGRESSIVE,95,0x000EA1F2,958962,0,19,131
PROGRESSIVE,95,0x000EA1F3,958963,0,1,96
PROGRESSIVE,95,0x000EA1F5,958965,0,8,69
PROGRESSIVE,95,0x000EA1F8,958968,230,186,180
PROGRESSIVE,95,0x000EA200,958976,243,237,179
PROGRESSIVE,95,0x000EA208,958984,231,233,250
PROGRESSIVE,95,0x000EA248,959048,180,186,237
PROGRESSIVE,95,0x000F9358,1020760,255,253,0
PROGRESSIVE,95,0x000F9398,1020824,255,253,0
PROGRESSIVE,95,0x000F93D8,1020888,255,253,0
PROGRESSIVE,95,0x000F93E2,1020898,251,5,0
PROGRESSIVE,95,0x000F9418,1020952,255,253,0
PROGRESSIVE,95,0x001064C5,1074373,0,147,149
PROGRESSIVE,95,0x001064D5,1074389,255,170,168
PROGRESSIVE,95,0x0010654F,1074511,0,80,255
PROGRESSIVE,95,0x00106550,1074512,255,254,0
PROGRESSIVE,95,0x0010655F,1074527,1,80,255
PROGRESSIVE,95,0x0010656A,1074538,0,3,4
PROGRESSIVE,95,0x0010656F,1074543,0,80,255
PROGRESSIVE,95,0x0010657F,1074559,0,80,255
PROGRESSIVE,95,0x001065AA,1074602,255,25,5
PROGRESSIVE,95,0x001065B4,1074612,0,230,254
PROGRESSIVE,95,0x0010660B,1074699,0,1,255
PROGRESSIVE,95,0x001F185B,2037851,0,1,2
PROGRESSIVE,95,0x001F194C,2038092,0,64,65
PROGRESSIVE,95,0x00277C4D,2587725,252,192,136
PROGRESSIVE,95,0x002E639E,3040158,0,1,5
PROGRESSIVE,95,0x002E64BC,3040444,0,1,6
PROGRESSIVE,95,0x002E6525,3040549,64,45,0
PROGRESSIVE,95,0x002E655C,3040604,0,1,6
PROGRESSIVE,95,0x002E7200,3043840,12,11,8
PROGRESSIVE,95,0x002E8225,3047973,64,45,0
PROGRESSIVE,95,0x002E8315,3048213,64,45,0
PROGRESSIVE,95,0x002E846A,3048554,0,1,8
PROGRESSIVE,95,0x002ED8D5,3070165,0,45,64
PROGRESSIVE,95,0x002F5344,3101508,128,112,0
PROGRESSIVE,75,0x0005E4BD,386237,2,3,2
PROGRESSIVE,75,0x0005E88E,387214,232,233,232
PROGRESSIVE,75,0x0005EDC9,388553,0,46,45
PROGRESSIVE,75,0x0005EDCE,388558,0,89,2
PROGRESSIVE,75,0x0005F342,389954,236,237,236
PROGRESSIVE,75,0x0005F386,390022,236,237,236
PROGRESSIVE,75,0x0005F4D4,390356,0,216,0
PROGRESSIVE,75,0x0005F58A,390538,192,128,192
PROGRESSIVE,75,0x0005F58E,390542,192,128,192
PROGRESSIVE,75,0x0005F592,390546,64,192,64
PROGRESSIVE,75,0x0005F596,390550,64,192,64
PROGRESSIVE,75,0x0005F5E2,390626,192,128,192
PROGRESSIVE,75,0x0005F5E6,390630,192,128,192
PROGRESSIVE,75,0x0005F5EA,390634,64,192,64
PROGRESSIVE,75,0x0005F5EE,390638,64,192,64
PROGRESSIVE,75,0x0005F638,390712,246,231,246
PROGRESSIVE,75,0x0005F63A,390714,192,0,192
PROGRESSIVE,75,0x0005F63B,390715,140,0,140
PROGRESSIVE,75,0x0005F63E,390718,192,0,192
PROGRESSIVE,75,0x0005F63F,390719,128,0,128
PROGRESSIVE,75,0x0005F640,390720,246,184,246
PROGRESSIVE,75,0x0005F642,390722,64,0,64
PROGRESSIVE,75,0x0005F643,390723,140,0,140
PROGRESSIVE,75,0x0005F646,390726,64,0,64
PROGRESSIVE,75,0x0005F647,390727,128,0,128
PROGRESSIVE,75,0x0005FED9,392921,61,50,61
PROGRESSIVE,75,0x0005FEDD,392925,61,50,61
PROGRESSIVE,75,0x0005FEE1,392929,67,56,67
PROGRESSIVE,75,0x0005FEE5,392933,67,56,67
PROGRESSIVE,75,0x0005FEE8,392936,231,246,231
PROGRESSIVE,75,0x0005FEE9,392937,0,61,0
PROGRESSIVE,75,0x0005FEEA,392938,0,192,0
PROGRESSIVE,75,0x0005FEEB,392939,0,140,0
PROGRESSIVE,75,0x0005FEED,392941,0,61,0
PROGRESSIVE,75,0x0005FEEE,392942,0,192,0
PROGRESSIVE,75,0x0005FEEF,392943,0,128,0
PROGRESSIVE,75,0x0005FEF0,392944,184,246,184
PROGRESSIVE,75,0x0005FEF1,392945,0,67,0
PROGRESSIVE,75,0x0005FEF2,392946,0,64,0
PROGRESSIVE,75,0x0005FEF3,392947,0,140,0
PROGRESSIVE,75,0x0005FEF5,392949,0,67,0
PROGRESSIVE,75,0x0005FEF6,392950,0,64,0
PROGRESSIVE,75,0x0005FEF7,392951,0,128,0
PROGRESSIVE,75,0x000604D2,394450,128,0,128
PROGRESSIVE,75,0x000604D3,394451,2,1,2
PROGRESSIVE,75,0x000604E2,394466,0,128,0
PROGRESSIVE,75,0x000604E3,394467,1,2,1
PROGRESSIVE,75,0x000604F2,394482,128,0,128
PROGRESSIVE,75,0x000604F3,394483,2,1,2
PROGRESSIVE,75,0x000605CA,394698,128,0,128
PROGRESSIVE,75,0x000605CB,394699,1,4,1
PROGRESSIVE,75,0x000605DA,394714,0,128,0
PROGRESSIVE,75,0x000605DB,394715,4,1,4
PROGRESSIVE,75,0x000605EA,394730,128,0,128
PROGRESSIVE,75,0x000605EB,394731,1,4,1
PROGRESSIVE,75,0x000636DD,407261,23,19,23
PROGRESSIVE,75,0x00071642,464450,161,203,161
PROGRESSIVE,75,0x00071643,464451,24,192,24
PROGRESSIVE,75,0x00075DCD,482765,0,154,149
PROGRESSIVE,75,0x00075DCE,482766,0,188,57
PROGRESSIVE,75,0x00075DCF,482767,0,200,66
PROGRESSIVE,75,0x00075DD0,482768,0,195,194
PROGRESSIVE,75,0x00075DD2,482770,0,220,104
PROGRESSIVE,75,0x00075DD3,482771,0,157,112
PROGRESSIVE,75,0x00075DD7,482775,0,177,112
PROGRESSIVE,75,0x00075DDD,482781,0,22,18
PROGRESSIVE,75,0x00075DDF,482783,0,211,88
PROGRESSIVE,75,0x00075DE2,482786,0,160,144
PROGRESSIVE,75,0x00075DE5,482789,0,57,30
PROGRESSIVE,75,0x00075DE7,482791,0,168,94
PROGRESSIVE,75,0x00075DE9,482793,0,58,35
PROGRESSIVE,75,0x00075DEC,482796,0,191,62
PROGRESSIVE,75,0x00075DEF,482799,0,202,146
PROGRESSIVE,75,0x00075DF5,482805,0,51,30
PROGRESSIVE,75,0x00075DF6,482806,0,207,196
PROGRESSIVE,75,0x00075DF7,482807,0,198,28
PROGRESSIVE,75,0x00075DF9,482809,0,192,38
PROGRESSIVE,75,0x00075DFA,482810,0,91,83
PROGRESSIVE,75,0x00075DFC,482812,0,191,63
PROGRESSIVE,75,0x00075DFE,482814,0,196,141
PROGRESSIVE,75,0x00075DFF,482815,0,187,166
PROGRESSIVE,75,0x00075E07,482823,0,224,115
PROGRESSIVE,75,0x00075E0D,482829,0,226,215
PROGRESSIVE,75,0x00075E25,482853,0,114,106
PROGRESSIVE,75,0x00075E28,482856,0,190,62
PROGRESSIVE,75,0x00075E2B,482859,0,238,45
PROGRESSIVE,75,0x00075E2D,482861,0,147,15
PROGRESSIVE,75,0x00075E2F,482863,0,158,129
PROGRESSIVE,75,0x00075E35,482869,0,207,169
PROGRESSIVE,75,0x00075E36,482870,0,68,65
PROGRESSIVE,75,0x00075E37,482871,0,235,210
PROGRESSIVE,75,0x00075E39,482873,0,122,102
PROGRESSIVE,75,0x00075E3B,482875,0,235,113
PROGRESSIVE,75,0x00075E3C,482876,0,190,62
PROGRESSIVE,75,0x00075E45,482885,0,158,109
PROGRESSIVE,75,0x00075E47,482887,0,210,205
PROGRESSIVE,75,0x00075E4E,482894,0,135,56
PROGRESSIVE,75,0x00075E4F,482895,0,108,65
PROGRESSIVE,75,0x00076A76,486006,106,107,106
PROGRESSIVE,75,0x00076A92,486034,171,168,173
PROGRESSIVE,75,0x00076B46,486214,171,169,171
PROGRESSIVE,75,0x00076B52,486226,107,106,107
PROGRESSIVE,75,0x00076B81,486273,31,33,31
PROGRESSIVE,75,0x00076BA2,486306,106,107,106
PROGRESSIVE,75,0x00076DF6,486902,109,110,109
PROGRESSIVE,75,0x00076E1E,486942,110,109,110
PROGRESSIVE,75,0x00076E3E,486974,168,171,168
PROGRESSIVE,75,0x00076E9B,487067,36,176,16
PROGRESSIVE,75,0x00076EA2,487074,168,171,168
PROGRESSIVE,75,0x0007A1D6,500182,0,236,235
PROGRESSIVE,75,0x0007A1DB,500187,0,127,70
PROGRESSIVE,75,0x0007A1DD,500189,0,133,53
PROGRESSIVE,75,0x0007A1DE,500190,0,201,36
PROGRESSIVE,75,0x0007A1E1,500193,0,134,132
PROGRESSIVE,75,0x0007A1E2,500194,0,151,129
PROGRESSIVE,75,0x0007A1E3,500195,0,59,54
PROGRESSIVE,75,0x0007A1E5,500197,0,131,36
PROGRESSIVE,75,0x0007A1E7,500199,0,235,5
PROGRESSIVE,75,0x0007A1E8,500200,0,193,65
PROGRESSIVE,75,0x0007A1EA,500202,0,123,91
PROGRESSIVE,75,0x0007A1EB,500203,0,199,103
PROGRESSIVE,75,0x0007A1ED,500205,0,133,41
PROGRESSIVE,75,0x0007A1F2,500210,0,255,200
PROGRESSIVE,75,0x000D3836,866358,0,225,104
PROGRESSIVE,75,0x000D3863,866403,70,58,167
PROGRESSIVE,75,0x000D3865,866405,120,220,81
PROGRESSIVE,75,0x000D3866,866406,128,161,96
PROGRESSIVE,75,0x000D3867,866407,236,77,206
PROGRESSIVE,75,0x000D3871,866417,120,220,81
PROGRESSIVE,75,0x000D3872,866418,128,161,96
PROGRESSIVE,75,0x000D3873,866419,236,77,206
PROGRESSIVE,75,0x000D3877,866423,70,58,167
PROGRESSIVE,75,0x000D387E,866430,0,200,41
PROGRESSIVE,75,0x000D387F,866431,0,154,131
PROGRESSIVE,75,0x000D3885,866437,104,228,89
PROGRESSIVE,75,0x000D3887,866439,221,132,147
PROGRESSIVE,75,0x000D39B9,866745,0,154,149
PROGRESSIVE,75,0x000D39BA,866746,0,155,107
PROGRESSIVE,75,0x000D39BB,866747,0,76,43
PROGRESSIVE,75,0x000D39BD,866749,0,36,10
PROGRESSIVE,75,0x000D39BF,866751,0,214,89
PROGRESSIVE,75,0x000D39C2,866754,0,226,44
PROGRESSIVE,75,0x000D39C5,866757,0,117,102
PROGRESSIVE,75,0x000D39C6,866758,0,224,166
PROGRESSIVE,75,0x000D39CE,866766,0,210,124
PROGRESSIVE,75,0x000D39CF,866767,0,154,56
PROGRESSIVE,75,0x000D39D0,866768,0,68,67
PROGRESSIVE,75,0x000D39D3,866771,0,65,18
PROGRESSIVE,75,0x000D39D4,866772,0,67,66
PROGRESSIVE,75,0x000D39D6,866774,0,253,0
PROGRESSIVE,75,0x000D39D7,866775,0,206,0
PROGRESSIVE,75,0x000D39D8,866776,0,67,66
PROGRESSIVE,75,0x000D39DA,866778,0,253,0
PROGRESSIVE,75,0x000D39DB,866779,0,206,0
PROGRESSIVE,75,0x000D39DC,866780,0,68,67
PROGRESSIVE,75,0x000D3B6D,867181,0,149,148
PROGRESSIVE,75,0x000D3B6E,867182,0,71,19
PROGRESSIVE,75,0x000D3B71,867185,0,167,58
PROGRESSIVE,75,0x000D3B72,867186,0,202,187
PROGRESSIVE,75,0x000D3B75,867189,0,134,132
PROGRESSIVE,75,0x000D3F15,868117,0,149,148
PROGRESSIVE,75,0x000D3F16,868118,0,71,19
PROGRESSIVE,75,0x000D3F19,868121,0,167,58
PROGRESSIVE,75,0x000D3F1A,868122,0,202,187
PROGRESSIVE,75,0x000D3F1D,868125,0,134,132
PROGRESSIVE,75,0x000D6452,877650,12,64,0
PROGRESSIVE,75,0x000D645C,877660,0,16,0
PROGRESSIVE,75,0x000D6464,877668,0,100,0
PROGRESSIVE,75,0x000D6479,877689,0,2,0
PROGRESSIVE,75,0x000D647B,877691,0,64,0
PROGRESSIVE,75,0x000D67DB,878555,0,2,0
PROGRESSIVE,75,0x000D701F,880671,224,0,255
PROGRESSIVE,75,0x000D70CF,880847,240,0,64
PROGRESSIVE,75,0x000D71BA,881082,0,20,0
PROGRESSIVE,75,0x000D794B,883019,0,6,0
PROGRESSIVE,75,0x000D7A95,883349,0,15,0
PROGRESSIVE,75,0x000D7FB9,884665,0,38,0
PROGRESSIVE,75,0x000D7FBA,884666,64,160,0
PROGRESSIVE,75,0x000D7FBF,884671,152,255,0
PROGRESSIVE,75,0x000D7FE8,884712,188,186,253
PROGRESSIVE,75,0x000D7FF0,884720,6,248,245
PROGRESSIVE,75,0x000D7FF8,884728,1,252,230
PROGRESSIVE,75,0x000D7FF9,884729,3,38,0
PROGRESSIVE,75,0x000D7FFA,884730,0,160,0
PROGRESSIVE,75,0x000D7FFC,884732,0,31,0
PROGRESSIVE,75,0x000D7FFD,884733,15,16,0
PROGRESSIVE,75,0x000D7FFE,884734,137,147,0
PROGRESSIVE,75,0x000D7FFF,884735,224,255,0
PROGRESSIVE,75,0x000D8002,884738,0,3,0
PROGRESSIVE,75,0x000D8003,884739,0,29,0
PROGRESSIVE,75,0x000D8004,884740,0,196,7
PROGRESSIVE,75,0x000D8007,884743,0,72,0
PROGRESSIVE,75,0x000D8008,884744,237,6,231
PROGRESSIVE,75,0x000D800C,884748,0,5,0
PROGRESSIVE,75,0x000D8015,884757,15,36,0
PROGRESSIVE,75,0x000D8092,884882,0,20,0
PROGRESSIVE,75,0x000D80AB,884907,0,2,0
PROGRESSIVE,75,0x000D80BC,884924,7,31,0
PROGRESSIVE,75,0x000D80C2,884930,0,3,0
PROGRESSIVE,75,0x000D80C3,884931,0,29,0
PROGRESSIVE,75,0x000D80C4,884932,0,196,0
PROGRESSIVE,75,0x000D80C5,884933,0,17,0
PROGRESSIVE,75,0x000D80C7,884935,0,72,0
PROGRESSIVE,75,0x000D86C4,886468,0,4,0
PROGRESSIVE,75,0x000D870C,886540,0,4,0
PROGRESSIVE,75,0x000D873C,886588,0,4,0
PROGRESSIVE,75,0x000D880E,886798,0,195,67
PROGRESSIVE,75,0x000D88CB,886987,2,0,255
PROGRESSIVE,75,0x000D88FC,887036,0,100,0
PROGRESSIVE,75,0x000D8902,887042,0,3,2
PROGRESSIVE,75,0x000D8903,887043,0,88,0
PROGRESSIVE,75,0x000D8905,887045,0,68,0
PROGRESSIVE,75,0x000D8931,887089,0,70,68
PROGRESSIVE,75,0x000D8949,887113,0,70,68
PROGRESSIVE,75,0x000D8961,887137,0,70,68
PROGRESSIVE,75,0x000D8991,887185,0,70,68
PROGRESSIVE,75,0x000D8995,887189,0,69,67
PROGRESSIVE,75,0x000D8997,887191,0,60,56
PROGRESSIVE,75,0x000D89A9,887209,0,70,68
PROGRESSIVE,75,0x000D89AB,887211,2,96,92
PROGRESSIVE,75,0x000D89AD,887213,0,69,67
PROGRESSIVE,75,0x000D89AF,887215,0,64,60
PROGRESSIVE,75,0x000D89C4,887236,0,255,0
PROGRESSIVE,75,0x000D89C5,887237,0,255,67
PROGRESSIVE,75,0x000D89C7,887239,0,255,64
PROGRESSIVE,75,0x000D89F5,887285,0,8,0
PROGRESSIVE,75,0x000D89FD,887293,0,1,0
PROGRESSIVE,75,0x000D8A07,887303,0,192,24
PROGRESSIVE,75,0x000D8A84,887428,4,0,4
PROGRESSIVE,75,0x000D8ADF,887519,0,64,0
PROGRESSIVE,75,0x000D8B33,887603,255,0,1
PROGRESSIVE,75,0x000E77BA,948154,0,20,0
PROGRESSIVE,75,0x000E7C45,949317,79,80,16
PROGRESSIVE,75,0x000E7C52,949330,12,64,0
PROGRESSIVE,75,0x000E7C5C,949340,0,16,0
PROGRESSIVE,75,0x000E7C64,949348,0,100,0
PROGRESSIVE,75,0x000E7C79,949369,0,2,0
PROGRESSIVE,75,0x000E7C7B,949371,0,64,0
PROGRESSIVE,75,0x000E877F,952191,0,32,0
PROGRESSIVE,75,0x000E88CF,952527,240,0,64
PROGRESSIVE,75,0x000E88DE,952542,234,0,4
PROGRESSIVE,75,0x000E8B9C,953244,0,4,0
PROGRESSIVE,75,0x000E8CD6,953558,167,0,4
PROGRESSIVE,75,0x000E8F35,954165,0,31,0
PROGRESSIVE,75,0x000E8F49,954185,0,3,0
PROGRESSIVE,75,0x000E8F52,954194,0,12,0
PROGRESSIVE,75,0x000E8F53,954195,0,6,0
PROGRESSIVE,75,0x000E8F55,954197,0,16,0
PROGRESSIVE,75,0x000E8F99,954265,0,38,0
PROGRESSIVE,75,0x000E8FB1,954289,0,3,0
PROGRESSIVE,75,0x000E8FC1,954305,0,3,0
PROGRESSIVE,75,0x000E8FC4,954308,0,128,0
PROGRESSIVE,75,0x000E8FCA,954314,0,12,0
PROGRESSIVE,75,0x000E8FCB,954315,0,6,0
PROGRESSIVE,75,0x000E9011,954385,0,38,0
PROGRESSIVE,75,0x000E9017,954391,0,251,0
PROGRESSIVE,75,0x000E939C,955292,0,16,0
PROGRESSIVE,75,0x000E93B7,955319,0,32,0
PROGRESSIVE,75,0x000E93B9,955321,0,2,0
PROGRESSIVE,75,0x000E93BC,955324,0,128,0
PROGRESSIVE,75,0x000E93BF,955327,0,240,0
PROGRESSIVE,75,0x000E93D1,955345,0,3,0
PROGRESSIVE,75,0x000E9433,955443,2,64,0
PROGRESSIVE,75,0x000E9442,955458,0,64,0
PROGRESSIVE,75,0x000E944F,955471,0,128,0
PROGRESSIVE,75,0x000E964B,955979,0,40,0
PROGRESSIVE,75,0x000E964D,955981,0,80,0
PROGRESSIVE,75,0x000E9669,956009,0,3,0
PROGRESSIVE,75,0x000E96DA,956122,0,14,0
PROGRESSIVE,75,0x000E96EC,956140,0,1,0
PROGRESSIVE,75,0x000E96F4,956148,0,1,0
PROGRESSIVE,75,0x000E96F9,956153,0,104,0
PROGRESSIVE,75,0x000E96FB,956155,6,230,0
PROGRESSIVE,75,0x000E970C,956172,0,13,0
PROGRESSIVE,75,0x000E9754,956244,0,128,0
PROGRESSIVE,75,0x000E9772,956274,0,3,0
PROGRESSIVE,75,0x000E9773,956275,0,29,0
PROGRESSIVE,75,0x000E9775,956277,1,80,0
PROGRESSIVE,75,0x000E9777,956279,0,216,0
PROGRESSIVE,75,0x000E978D,956301,8,16,0
PROGRESSIVE,75,0x000E978F,956303,96,128,0
PROGRESSIVE,75,0x000E97B9,956345,0,38,0
PROGRESSIVE,75,0x000E97BA,956346,64,160,0
PROGRESSIVE,75,0x000E97BF,956351,152,255,0
PROGRESSIVE,75,0x000E97C2,956354,0,3,0
PROGRESSIVE,75,0x000E97C3,956355,0,29,0
PROGRESSIVE,75,0x000E97FA,956410,0,160,0
PROGRESSIVE,75,0x000E97FE,956414,81,147,0
PROGRESSIVE,75,0x000E97FF,956415,224,255,0
PROGRESSIVE,75,0x000E9802,956418,0,3,0
PROGRESSIVE,75,0x000E9803,956419,0,29,0
PROGRESSIVE,75,0x000E9807,956423,0,72,0
PROGRESSIVE,75,0x000E9815,956437,16,36,0
PROGRESSIVE,75,0x000E9816,956438,96,121,0
PROGRESSIVE,75,0x000E9839,956473,0,38,0
PROGRESSIVE,75,0x000E983A,956474,12,160,0
PROGRESSIVE,75,0x000E983F,956479,128,255,0
PROGRESSIVE,75,0x000E984C,956492,0,5,0
PROGRESSIVE,75,0x000E98C4,956612,0,196,0
PROGRESSIVE,75,0x000E98CF,956623,0,72,0
PROGRESSIVE,75,0x000E9902,956674,2,3,0
PROGRESSIVE,75,0x000E9905,956677,0,17,0
PROGRESSIVE,75,0x000E9915,956693,0,36,0
PROGRESSIVE,75,0x000E9918,956696,242,183,186
PROGRESSIVE,75,0x000E9942,956738,0,3,0
PROGRESSIVE,75,0x000E9944,956740,0,196,0
PROGRESSIVE,75,0x000E9955,956757,16,36,0
PROGRESSIVE,75,0x000E9960,956768,188,231,183
PROGRESSIVE,75,0x000E9966,956774,96,0,32
PROGRESSIVE,75,0x000E9968,956776,188,186,231
PROGRESSIVE,75,0x000E996A,956778,12,20,0
PROGRESSIVE,75,0x000E9970,956784,188,248,186
PROGRESSIVE,75,0x000E9972,956786,12,0,20
PROGRESSIVE,75,0x000E9973,956787,6,0,2
PROGRESSIVE,75,0x000E9975,956789,16,0,16
PROGRESSIVE,75,0x000E9978,956792,188,252,248
PROGRESSIVE,75,0x000E9979,956793,0,38,0
PROGRESSIVE,75,0x000E997A,956794,12,160,0
PROGRESSIVE,75,0x000E997C,956796,0,31,0
PROGRESSIVE,75,0x000E997E,956798,96,147,0
PROGRESSIVE,75,0x000E997F,956799,128,255,0
PROGRESSIVE,75,0x000E9980,956800,188,185,252
PROGRESSIVE,75,0x000E9982,956802,12,3,160
PROGRESSIVE,75,0x000E9983,956803,6,29,4
PROGRESSIVE,75,0x000E9984,956804,0,196,31
PROGRESSIVE,75,0x000E9985,956805,16,17,16
PROGRESSIVE,75,0x000E9986,956806,96,32,147
PROGRESSIVE,75,0x000E9987,956807,128,72,255
PROGRESSIVE,75,0x000E9988,956808,188,6,185
PROGRESSIVE,75,0x000E998A,956810,12,0,3
PROGRESSIVE,75,0x000E998B,956811,6,0,29
PROGRESSIVE,75,0x000E998D,956813,16,0,17
PROGRESSIVE,75,0x000E998F,956815,128,8,72
PROGRESSIVE,75,0x000E9992,956818,12,20,0
PROGRESSIVE,75,0x000E9995,956821,16,36,0
PROGRESSIVE,75,0x000E9996,956822,96,121,79
PROGRESSIVE,75,0x000E9997,956823,128,32,232
PROGRESSIVE,75,0x000E9998,956824,188,183,188
PROGRESSIVE,75,0x000E999A,956826,12,0,20
PROGRESSIVE,75,0x000E999B,956827,6,0,6
PROGRESSIVE,75,0x000E999D,956829,16,0,36
PROGRESSIVE,75,0x000E999F,956831,128,0,32
PROGRESSIVE,75,0x000E99A0,956832,188,231,183
PROGRESSIVE,75,0x000E99B9,956857,0,38,0
PROGRESSIVE,75,0x000E99BC,956860,0,31,0
PROGRESSIVE,75,0x000E99BE,956862,0,147,0
PROGRESSIVE,75,0x000E99C3,956867,0,29,4
PROGRESSIVE,75,0x000E99C5,956869,0,17,16
PROGRESSIVE,75,0x000E99E8,956904,188,186,231
PROGRESSIVE,75,0x000E99EA,956906,12,20,0
PROGRESSIVE,75,0x000E99F0,956912,237,248,186
PROGRESSIVE,75,0x000E99F3,956915,40,0,2
PROGRESSIVE,75,0x000E99F5,956917,80,0,16
PROGRESSIVE,75,0x000E99F8,956920,237,252,248
PROGRESSIVE,75,0x000E99F9,956921,0,38,0
PROGRESSIVE,75,0x000E99FA,956922,0,160,0
PROGRESSIVE,75,0x000E99FC,956924,0,31,0
PROGRESSIVE,75,0x000E99FE,956926,3,147,0
PROGRESSIVE,75,0x000E99FF,956927,152,255,0
PROGRESSIVE,75,0x000E9A00,956928,237,185,252
PROGRESSIVE,75,0x000E9A04,956932,0,196,31
PROGRESSIVE,75,0x000E9A07,956935,152,72,255
PROGRESSIVE,75,0x000E9A08,956936,182,6,185
PROGRESSIVE,75,0x000E9A0D,956941,1,0,17
PROGRESSIVE,75,0x000E9A0E,956942,0,69,32
PROGRESSIVE,75,0x000E9A10,956944,1,188,6
PROGRESSIVE,75,0x000E9A12,956946,0,20,0
PROGRESSIVE,75,0x000E9A14,956948,128,0,5
PROGRESSIVE,75,0x000E9A15,956949,16,36,0
PROGRESSIVE,75,0x000E9A16,956950,81,121,70
PROGRESSIVE,75,0x000E9A17,956951,224,32,96
PROGRESSIVE,75,0x000E9A1B,956955,64,0,6
PROGRESSIVE,75,0x000E9A1D,956957,16,0,36
PROGRESSIVE,75,0x000E9A1E,956958,82,32,121
PROGRESSIVE,75,0x000E9A1F,956959,32,0,32
PROGRESSIVE,75,0x000E9A39,956985,0,38,0
PROGRESSIVE,75,0x000E9A6A,957034,0,20,0
PROGRESSIVE,75,0x000E9A6B,957035,0,2,0
PROGRESSIVE,75,0x000E9A79,957049,0,38,0
PROGRESSIVE,75,0x000E9A7F,957055,0,255,0
PROGRESSIVE,75,0x000E9A83,957059,0,29,4
PROGRESSIVE,75,0x000E9A84,957060,0,196,31
PROGRESSIVE,75,0x000E9A8B,957067,2,0,29
PROGRESSIVE,75,0x000E9A98,957080,242,183,188
PROGRESSIVE,75,0x000E9A9A,957082,32,0,20
PROGRESSIVE,75,0x000E9A9B,957083,2,0,6
PROGRESSIVE,75,0x000E9AA8,957096,242,186,231
PROGRESSIVE,75,0x000E9AB9,957113,0,38,0
PROGRESSIVE,75,0x000E9ABB,957115,2,4,0
PROGRESSIVE,75,0x000E9AD5,957141,0,36,0
PROGRESSIVE,75,0x000E9AF3,957171,64,0,2
PROGRESSIVE,75,0x000E9AF5,957173,16,0,16
PROGRESSIVE,75,0x000E9AFA,957178,0,160,0
PROGRESSIVE,75,0x000E9AFF,957183,32,255,0
PROGRESSIVE,75,0x000E9B03,957187,0,29,4
PROGRESSIVE,75,0x000E9B04,957188,0,196,31
PROGRESSIVE,75,0x000E9B05,957189,0,17,16
PROGRESSIVE,75,0x000E9B0F,957199,0,152,72
PROGRESSIVE,75,0x000E9B43,957251,0,29,4
PROGRESSIVE,75,0x000E9B44,957252,0,196,31
PROGRESSIVE,75,0x000E9B45,957253,0,17,16
PROGRESSIVE,75,0x000E9B4F,957263,0,176,72
PROGRESSIVE,75,0x000E9B56,957270,0,121,83
PROGRESSIVE,75,0x000E9B79,957305,0,38,0
PROGRESSIVE,75,0x000E9BB9,957369,0,38,0
PROGRESSIVE,75,0x000E9BBC,957372,0,31,0
PROGRESSIVE,75,0x000E9BC4,957380,0,196,31
PROGRESSIVE,75,0x000E9BCE,957390,0,94,32
PROGRESSIVE,75,0x000E9BD5,957397,16,36,0
PROGRESSIVE,75,0x000E9BF0,957424,6,248,186
PROGRESSIVE,75,0x000E9BF9,957433,0,38,0
PROGRESSIVE,75,0x000E9BFC,957436,0,31,0
PROGRESSIVE,75,0x000E9C04,957444,0,196,31
PROGRESSIVE,75,0x000E9C05,957445,0,17,16
PROGRESSIVE,75,0x000E9C0F,957455,0,104,72
PROGRESSIVE,75,0x000E9C15,957461,16,36,0
PROGRESSIVE,75,0x000E9C17,957463,0,32,0
PROGRESSIVE,75,0x000E9C39,957497,0,38,0
PROGRESSIVE,75,0x000E9C3C,957500,0,31,0
PROGRESSIVE,75,0x000E9CB1,957617,0,255,0
PROGRESSIVE,75,0x000E9CF1,957681,0,18,0
PROGRESSIVE,75,0x000E9D29,957737,0,24,0
PROGRESSIVE,75,0x000E9D51,957777,0,66,0
PROGRESSIVE,75,0x000E9DD1,957905,0,255,0
PROGRESSIVE,75,0x000E9E11,957969,0,255,0
PROGRESSIVE,75,0x000E9E31,958001,0,255,0
PROGRESSIVE,75,0x000E9E49,958025,0,144,0
PROGRESSIVE,75,0x000E9E69,958057,0,136,63
PROGRESSIVE,75,0x000E9E99,958105,0,63,0
PROGRESSIVE,75,0x000E9EF9,958201,0,64,63
PROGRESSIVE,75,0x000E9F11,958225,0,64,63
PROGRESSIVE,75,0x000E9F29,958249,0,64,63
PROGRESSIVE,75,0x000E9F49,958281,0,63,0
PROGRESSIVE,75,0x000E9F5C,958300,0,4,0
PROGRESSIVE,75,0x000E9F69,958313,0,255,0
PROGRESSIVE,75,0x000E9F79,958329,0,70,0
PROGRESSIVE,75,0x000E9F89,958345,0,255,0
PROGRESSIVE,75,0x000E9F99,958361,0,144,0
PROGRESSIVE,75,0x000E9F9C,958364,0,128,0
PROGRESSIVE,75,0x000E9FD9,958425,0,68,0
PROGRESSIVE,75,0x000E9FF1,958449,0,68,0
PROGRESSIVE,75,0x000EA025,958501,0,67,66
PROGRESSIVE,75,0x000EA03D,958525,0,67,66
PROGRESSIVE,75,0x000EA03F,958527,0,64,60
PROGRESSIVE,75,0x000EA0A2,958626,0,131,0
PROGRESSIVE,75,0x000EA0A3,958627,0,92,0
PROGRESSIVE,75,0x000EA0B4,958644,0,4,0
PROGRESSIVE,75,0x000EA0BA,958650,0,14,0
PROGRESSIVE,75,0x000EA0BB,958651,0,2,0
PROGRESSIVE,75,0x000EA0C9,958665,0,144,68
PROGRESSIVE,75,0x000EA0DC,958684,0,7,4
PROGRESSIVE,75,0x000EA0FC,958716,0,100,4
PROGRESSIVE,75,0x000EA101,958721,0,70,0
PROGRESSIVE,75,0x000EA105,958725,0,68,0
PROGRESSIVE,75,0x000EA116,958742,0,4,0
PROGRESSIVE,75,0x000EA12C,958764,0,4,0
PROGRESSIVE,75,0x000EA132,958770,0,3,2
PROGRESSIVE,75,0x000EA166,958822,0,195,131
PROGRESSIVE,75,0x000EA167,958823,0,64,60
PROGRESSIVE,75,0x000EA1AD,958893,0,69,68
PROGRESSIVE,75,0x000EA1C4,958916,0,255,0
PROGRESSIVE,75,0x000EA1C6,958918,0,255,3
PROGRESSIVE,75,0x000EA1C7,958919,0,255,56
PROGRESSIVE,75,0x000EA1EA,958954,0,6,0
PROGRESSIVE,75,0x000EA1EB,958955,0,2,0
PROGRESSIVE,75,0x000EA1EC,958956,128,0,4
PROGRESSIVE,75,0x000EA1EE,958958,19,0,4
PROGRESSIVE,75,0x000EA1EF,958959,56,64,0
PROGRESSIVE,75,0x000EA1F0,958960,245,186,228
PROGRESSIVE,75,0x000EA1F1,958961,144,0,70
PROGRESSIVE,75,0x000EA1FA,958970,0,16,0
PROGRESSIVE,75,0x000EA1FB,958971,0,1,0
PROGRESSIVE,75,0x000EA1FD,958973,0,1,0
PROGRESSIVE,75,0x000EA204,958980,7,0,4
PROGRESSIVE,75,0x000EA205,958981,1,80,0
PROGRESSIVE,75,0x000EA206,958982,248,3,4
PROGRESSIVE,75,0x000EA207,958983,0,192,0
PROGRESSIVE,75,0x000EA210,958992,245,184,228
PROGRESSIVE,75,0x000EA211,958993,136,0,70
PROGRESSIVE,75,0x000EA212,958994,2,0,67
PROGRESSIVE,75,0x000F8B5A,1018714,0,1,0
PROGRESSIVE,75,0x000F921C,1020444,253,0,255
PROGRESSIVE,75,0x000F9242,1020482,255,0,255
PROGRESSIVE,75,0x000F9243,1020483,255,0,255
PROGRESSIVE,75,0x000F9262,1020514,253,0,255
PROGRESSIVE,75,0x000F9292,1020562,255,0,255
PROGRESSIVE,75,0x000F9293,1020563,255,0,255
PROGRESSIVE,75,0x000F92B2,1020594,253,0,253
PROGRESSIVE,75,0x000F930A,1020682,255,0,255
PROGRESSIVE,75,0x000F930B,1020683,255,0,255
PROGRESSIVE,75,0x000F93C0,1020864,0,255,0
PROGRESSIVE,75,0x000F93C1,1020865,0,255,0
PROGRESSIVE,75,0x000F93C8,1020872,0,255,0
PROGRESSIVE,75,0x000F93C9,1020873,0,255,0
PROGRESSIVE,75,0x000F93E0,1020896,0,255,1
PROGRESSIVE,75,0x000F9422,1020962,4,5,0
PROGRESSIVE,75,0x000F9430,1020976,4,5,0
PROGRESSIVE,75,0x000F9458,1021016,255,253,254
PROGRESSIVE,75,0x000F9498,1021080,255,253,254
PROGRESSIVE,75,0x000F94D8,1021144,255,253,254
PROGRESSIVE,75,0x000F9518,1021208,255,253,254
PROGRESSIVE,75,0x000F9558,1021272,255,253,254
PROGRESSIVE,75,0x000F9598,1021336,255,253,254
PROGRESSIVE,75,0x000F95D8,1021400,255,253,254
PROGRESSIVE,75,0x000F9618,1021464,255,253,254
PROGRESSIVE,75,0x000F9658,1021528,255,253,254
PROGRESSIVE,75,0x000F9698,1021592,255,253,254
PROGRESSIVE,75,0x000F96D8,1021656,255,253,254
PROGRESSIVE,75,0x000F97CC,1021900,255,0,255
PROGRESSIVE,75,0x000F97CD,1021901,255,0,255
PROGRESSIVE,75,0x000F9853,1022035,0,255,0
PROGRESSIVE,75,0x000F986C,1022060,4,0,254
PROGRESSIVE,75,0x000F9D85,1023365,255,0,14
PROGRESSIVE,75,0x000F9E0C,1023500,255,0,255
PROGRESSIVE,75,0x000F9E0D,1023501,255,0,255
PROGRESSIVE,75,0x000F9E12,1023506,251,0,255
PROGRESSIVE,75,0x000F9E2C,1023532,255,0,255
PROGRESSIVE,75,0x000F9E32,1023538,251,0,255
PROGRESSIVE,75,0x000F9E4C,1023564,255,0,255
PROGRESSIVE,75,0x000F9E4D,1023565,255,0,255
PROGRESSIVE,75,0x000F9E68,1023592,3,0,231
PROGRESSIVE,75,0x000F9E6C,1023596,255,0,252
PROGRESSIVE,75,0x000F9E90,1023632,0,255,0
PROGRESSIVE,75,0x0010535A,1069914,0,1,0
PROGRESSIVE,75,0x001059DC,1071580,253,0,255
PROGRESSIVE,75,0x00105A1C,1071644,253,0,255
PROGRESSIVE,75,0x00105D49,1072457,255,0,255
PROGRESSIVE,75,0x00105E0C,1072652,255,0,255
PROGRESSIVE,75,0x00105E0D,1072653,255,0,255
PROGRESSIVE,75,0x00105F8C,1073036,255,0,255
PROGRESSIVE,75,0x00105F8D,1073037,255,0,255
PROGRESSIVE,75,0x00105FEC,1073132,255,0,2
PROGRESSIVE,75,0x001064C1,1074369,255,143,145
PROGRESSIVE,75,0x001064C3,1074371,0,217,206
PROGRESSIVE,75,0x001064D3,1074387,0,217,206
PROGRESSIVE,75,0x00106540,1074496,255,254,255
PROGRESSIVE,75,0x00106544,1074500,0,254,0
PROGRESSIVE,75,0x00106558,1074520,0,3,0
PROGRESSIVE,75,0x00106560,1074528,251,1,4
PROGRESSIVE,75,0x00106564,1074532,2,1,2
PROGRESSIVE,75,0x00106568,1074536,2,3,2
PROGRESSIVE,75,0x0010659A,1074586,0,255,0
PROGRESSIVE,75,0x001065C4,1074628,254,0,255
PROGRESSIVE,75,0x001065C5,1074629,147,0,255
PROGRESSIVE,75,0x001065D0,1074640,254,255,0
PROGRESSIVE,75,0x001065D1,1074641,143,255,0
PROGRESSIVE,75,0x001065DD,1074653,255,187,222
PROGRESSIVE,75,0x00106602,1074690,251,0,255
PROGRESSIVE,75,0x0010660C,1074700,255,0,255
PROGRESSIVE,75,0x0010660D,1074701,255,0,255
PROGRESSIVE,75,0x00106612,1074706,251,0,255
PROGRESSIVE,75,0x00106614,1074708,1,0,255
PROGRESSIVE,75,0x00106619,1074713,255,0,17
PROGRESSIVE,75,0x0010661C,1074716,255,0,255
PROGRESSIVE,75,0x0010661D,1074717,255,0,187
PROGRESSIVE,75,0x00106620,1074720,1,0,2
PROGRESSIVE,75,0x00106622,1074722,251,0,226
PROGRESSIVE,75,0x00106628,1074728,3,0,226
PROGRESSIVE,75,0x00106629,1074729,255,0,79
PROGRESSIVE,75,0x0010662A,1074730,3,0,253
PROGRESSIVE,75,0x0010662B,1074731,255,0,121
PROGRESSIVE,75,0x0010662C,1074732,255,0,252
PROGRESSIVE,75,0x0010662D,1074733,255,0,48
PROGRESSIVE,75,0x00106630,1074736,1,0,3
PROGRESSIVE,75,0x00106632,1074738,251,0,255
PROGRESSIVE,75,0x00106634,1074740,254,0,226
PROGRESSIVE,75,0x0010663A,1074746,3,0,28
PROGRESSIVE,75,0x0010663B,1074747,255,0,235
PROGRESSIVE,75,0x0010663C,1074748,255,0,151
PROGRESSIVE,75,0x0010663D,1074749,255,0,204
PROGRESSIVE,75,0x001066D0,1074896,0,255,0
PROGRESSIVE,75,0x001066D1,1074897,0,255,0
PROGRESSIVE,75,0x001F185E,2037854,7,8,0
PROGRESSIVE,75,0x001F1931,2038065,134,132,134
PROGRESSIVE,75,0x001F472D,2049837,16,15,16
PROGRESSIVE,75,0x001F472E,2049838,85,140,84
PROGRESSIVE,75,0x001F474D,2049869,16,15,16
PROGRESSIVE,75,0x001F474E,2049870,85,140,83
PROGRESSIVE,75,0x001F476D,2049901,16,15,16
PROGRESSIVE,75,0x0020D563,2151779,202,139,202
PROGRESSIVE,75,0x0020D56A,2151786,145,143,145
PROGRESSIVE,75,0x0020D56B,2151787,244,110,244
PROGRESSIVE,75,0x00279A19,2595353,252,140,212
PROGRESSIVE,75,0x002D945A,2987098,0,255,127
PROGRESSIVE,75,0x002D9460,2987104,0,255,127
PROGRESSIVE,75,0x002D97CE,2987982,255,0,255
PROGRESSIVE,75,0x002D97CF,2987983,255,0,255
PROGRESSIVE,75,0x002E6125,3039525,45,0,45
PROGRESSIVE,75,0x002E6128,3039528,8,4,8
PROGRESSIVE,75,0x002E61F4,3039732,0,1,0
PROGRESSIVE,75,0x002E6274,3039860,0,1,0
PROGRESSIVE,75,0x002E6275,3039861,0,64,45
PROGRESSIVE,75,0x002E62E4,3039972,0,1,0
PROGRESSIVE,75,0x002E62E5,3039973,0,64,45
PROGRESSIVE,75,0x002E632D,3040045,45,0,64
PROGRESSIVE,75,0x002E633B,3040059,32,0,56
PROGRESSIVE,75,0x002E635C,3040092,1,0,1
PROGRESSIVE,75,0x002E6395,3040149,0,45,0
PROGRESSIVE,75,0x002E6398,3040152,12,8,13
PROGRESSIVE,75,0x002E6470,3040368,8,1,3
PROGRESSIVE,75,0x002E648C,3040396,0,4,0
PROGRESSIVE,75,0x002E6491,3040401,0,8,0
PROGRESSIVE,75,0x002E6493,3040403,0,128,2
PROGRESSIVE,75,0x002E6494,3040404,0,6,1
PROGRESSIVE,75,0x002E6495,3040405,0,192,64
PROGRESSIVE,75,0x002E6499,3040409,0,8,0
PROGRESSIVE,75,0x002E64A5,3040421,0,44,0
PROGRESSIVE,75,0x002E64A6,3040422,1,249,1
PROGRESSIVE,75,0x002E64A7,3040423,64,24,64
PROGRESSIVE,75,0x002E64CA,3040458,0,1,0
PROGRESSIVE,75,0x002E64DC,3040476,0,4,0
PROGRESSIVE,75,0x002E64E1,3040481,0,8,0
PROGRESSIVE,75,0x002E64E4,3040484,0,6,1
PROGRESSIVE,75,0x002E64E9,3040489,0,8,0
PROGRESSIVE,75,0x002E64F0,3040496,8,11,8
PROGRESSIVE,75,0x002E652C,3040556,0,4,0
PROGRESSIVE,75,0x002E6531,3040561,0,8,0
PROGRESSIVE,75,0x002E6534,3040564,0,6,1
PROGRESSIVE,75,0x002E6539,3040569,0,8,0
PROGRESSIVE,75,0x002E654B,3040587,128,0,201
PROGRESSIVE,75,0x002E6570,3040624,8,5,8
PROGRESSIVE,75,0x002E6581,3040641,0,8,0
PROGRESSIVE,75,0x002E6584,3040644,0,6,1
PROGRESSIVE,75,0x002E6585,3040645,0,192,64
PROGRESSIVE,75,0x002E6589,3040649,0,8,0
PROGRESSIVE,75,0x002E65E7,3040743,64,208,64
PROGRESSIVE,75,0x002E666D,3040877,45,64,0
PROGRESSIVE,75,0x002E67EC,3041260,0,1,0
PROGRESSIVE,75,0x002E69DD,3041757,0,45,0
PROGRESSIVE,75,0x002E6A25,3041829,45,0,44
PROGRESSIVE,75,0x002E6AA5,3041957,45,0,45
PROGRESSIVE,75,0x002E700B,3043339,0,128,0
PROGRESSIVE,75,0x002E719C,3043740,0,1,0
PROGRESSIVE,75,0x002E719D,3043741,45,64,0
PROGRESSIVE,75,0x002E7865,3045477,0,64,0
PROGRESSIVE,75,0x002E79A4,3045796,0,1,0
PROGRESSIVE,75,0x002E7DF0,3046896,8,12,8
PROGRESSIVE,75,0x002E7F95,3047317,45,64,45
PROGRESSIVE,75,0x002E813D,3047741,0,45,0
PROGRESSIVE,75,0x002E8140,3047744,4,8,6
PROGRESSIVE,75,0x002E8145,3047749,45,0,45
PROGRESSIVE,75,0x002E815D,3047773,45,0,45
PROGRESSIVE,75,0x002E81DD,3047901,45,0,45
PROGRESSIVE,75,0x002E8294,3048084,1,0,6
PROGRESSIVE,75,0x002E8318,3048216,6,8,4
PROGRESSIVE,75,0x002E831D,3048221,45,64,45
PROGRESSIVE,75,0x002E8360,3048288,12,5,8
PROGRESSIVE,75,0x002E83FD,3048445,45,0,45
PROGRESSIVE,75,0x002E840D,3048461,45,64,0
PROGRESSIVE,75,0x002E846B,3048555,0,64,0
PROGRESSIVE,75,0x002E8475,3048565,0,45,0
PROGRESSIVE,75,0x002E849E,3048606,112,0,1
PROGRESSIVE,75,0x002ECF78,3067768,8,4,8
PROGRESSIVE,75,0x002ECFED,3067885,0,45,0
PROGRESSIVE,75,0x002ED0ED,3068141,64,45,64
PROGRESSIVE,75,0x002ED134,3068212,0,1,0
PROGRESSIVE,75,0x002ED13D,3068221,64,45,64
PROGRESSIVE,75,0x002ED1B8,3068344,3,11,8
PROGRESSIVE,75,0x002ED224,3068452,0,1,0
PROGRESSIVE,75,0x002ED324,3068708,0,1,0
PROGRESSIVE,75,0x002ED325,3068709,45,64,0
PROGRESSIVE,75,0x002ED444,3068996,0,1,0
PROGRESSIVE,75,0x002ED445,3068997,0,64,45
PROGRESSIVE,75,0x002ED713,3069715,0,32,0
PROGRESSIVE,75,0x002ED8BC,3070140,0,1,0
PROGRESSIVE,75,0x002ED8BD,3070141,46,64,45
PROGRESSIVE,75,0x002ED8E3,3070179,0,128,0
PROGRESSIVE,75,0x002ED9C7,3070407,192,160,192
PROGRESSIVE,75,0x002EDA5C,3070556,0,1,0
PROGRESSIVE,75,0x002EDB5C,3070812,0,1,0
PROGRESSIVE,75,0x002EDBCC,3070924,0,1,0
PROGRESSIVE,75,0x002EDBD5,3070933,0,45,0
PROGRESSIVE,75,0x002EDD34,3071284,1,0,1
PROGRESSIVE,75,0x002EDFDA,3071962,127,0,32
PROGRESSIVE,75,0x002EDFFC,3071996,0,1,0
PROGRESSIVE,75,0x002F3D54,3095892,128,0,128
PROGRESSIVE,75,0x002F3D55,3095893,47,0,47
PROGRESSIVE,75,0x002F3D56,3095894,61,0,62
PROGRESSIVE,75,0x002F5345,3101509,6,0,45
PROGRESSIVE,75,0x002F5346,3101510,161,126,209
PROGRESSIVE,75,0x002F534A,3101514,160,59,230
PROGRESSIVE,75,0x002F534B,3101515,228,80,224
PROGRESSIVE,75,0x003B29CA,3877322,0,128,0
PROGRESSIVE,75,0x003B2A10,3877392,67,68,67
PROGRESSIVE,75,0x003B2A3C,3877436,65,194,65
PROGRESSIVE,75,0x003B2A3D,3877437,208,170,208
PROGRESSIVE,75,0x003B2A40,3877440,67,0,67
PROGRESSIVE,75,0x003B2A41,3877441,119,0,119
PROGRESSIVE,75,0x003B2A45,3877445,64,100,64
PROGRESSIVE,75,0x003B2A48,3877448,66,191,66
PROGRESSIVE,75,0x003B2A49,3877449,214,128,214
PROGRESSIVE,75,0x003B2A4B,3877451,64,0,64
PROGRESSIVE,75,0x003B2A54,3877460,0,255,0
PROGRESSIVE,75,0x003B2A55,3877461,0,255,0
PROGRESSIVE,75,0x003B2A56,3877462,0,255,0
PROGRESSIVE,75,0x003B2A57,3877463,1,255,1
PROGRESSIVE,75,0x003B2C44,3877956,0,127,0
PROGRESSIVE,75,0x003B2C45,3877957,0,2,0
PROGRESSIVE,75,0x003B2C46,3877958,0,81,0
PROGRESSIVE,75,0x003B2C47,3877959,0,80,0
PROGRESSIVE,75,0x003B2C54,3877972,128,127,128
PROGRESSIVE,75,0x003B2C55,3877973,59,6,59
PROGRESSIVE,75,0x003B2C56,3877974,44,252,44
PROGRESSIVE,75,0x003B2C57,3877975,104,200,104
PROGRESSIVE,75,0x003B2C5C,3877980,127,128,127
PROGRESSIVE,75,0x003B2C5D,3877981,6,42,6
PROGRESSIVE,75,0x003B2C6A,3877994,4,0,4
PROGRESSIVE,75,0x003B2C6C,3877996,0,65,0
PROGRESSIVE,75,0x003B2C6D,3877997,0,128,0
PROGRESSIVE,75,0x003B34E8,3880168,128,0,128
PROGRESSIVE,75,0x003B3690,3880592,0,128,0
HIT_PERSISTENT,85,0x0003CB7F,248703,0,1,1
HIT_PERSISTENT,85,0x0004838F,295823,0,99,99
HIT_PERSISTENT,85,0x000483A4,295844,65,66,66
HIT_PERSISTENT,85,0x000483B4,295860,65,66,66
HIT_PERSISTENT,85,0x000484A7,296103,1,0,0
HIT_PERSISTENT,85,0x0005D9F9,383481,5,59,59
HIT_PERSISTENT,85,0x0005D9FA,383482,218,56,56
HIT_PERSISTENT,85,0x0005D9FB,383483,64,220,220
HIT_PERSISTENT,85,0x0005D9FD,383485,59,5,5
HIT_PERSISTENT,85,0x0005D9FE,383486,56,218,218
HIT_PERSISTENT,85,0x0005D9FF,383487,220,64,64
HIT_PERSISTENT,85,0x0005DAD5,383701,45,4,4
HIT_PERSISTENT,85,0x0005DAD9,383705,4,45,45
HIT_PERSISTENT,85,0x0005DADD,383709,45,4,4
HIT_PERSISTENT,85,0x0005EDC1,388545,0,11,11
HIT_PERSISTENT,85,0x0005EDC2,388546,0,1,1
HIT_PERSISTENT,85,0x0005EDC4,388548,0,128,128
HIT_PERSISTENT,85,0x0005EDC5,388549,0,5,5
HIT_PERSISTENT,85,0x0005EDC6,388550,0,242,242
HIT_PERSISTENT,85,0x0005EDC7,388551,0,208,208
HIT_PERSISTENT,85,0x0005EDC8,388552,0,128,128
HIT_PERSISTENT,85,0x0005EDCB,388555,0,144,144
HIT_PERSISTENT,85,0x0005EDD2,388562,0,2,2
HIT_PERSISTENT,85,0x0005F4C0,390336,247,231,231
HIT_PERSISTENT,85,0x0005F4C4,390340,248,0,0
HIT_PERSISTENT,85,0x0005F4C5,390341,1,0,0
HIT_PERSISTENT,85,0x0005F4C6,390342,248,0,0
HIT_PERSISTENT,85,0x0005F4C7,390343,1,0,0
HIT_PERSISTENT,85,0x0005F4CA,390346,128,0,0
HIT_PERSISTENT,85,0x0005F4CB,390347,76,0,0
HIT_PERSISTENT,85,0x0005F4F8,390392,231,246,246
HIT_PERSISTENT,85,0x0005F504,390404,216,0,0
HIT_PERSISTENT,85,0x0005F518,390424,231,246,246
HIT_PERSISTENT,85,0x0005F538,390456,231,246,246
HIT_PERSISTENT,85,0x0005F544,390468,248,0,0
HIT_PERSISTENT,85,0x0005F558,390488,247,246,246
HIT_PERSISTENT,85,0x0005FEB8,392888,231,246,246
HIT_PERSISTENT,85,0x0005FEBA,392890,0,192,192
HIT_PERSISTENT,85,0x0005FEBB,392891,0,140,140
HIT_PERSISTENT,85,0x0005FEBE,392894,0,192,192
HIT_PERSISTENT,85,0x0005FEBF,392895,0,128,128
HIT_PERSISTENT,85,0x0005FEC0,392896,184,246,246
HIT_PERSISTENT,85,0x0005FEC2,392898,0,64,64
HIT_PERSISTENT,85,0x0005FEC3,392899,0,140,140
HIT_PERSISTENT,85,0x0005FEC6,392902,0,64,64
HIT_PERSISTENT,85,0x0005FEC7,392903,0,128,128
HIT_PERSISTENT,85,0x0005FEF8,392952,246,231,231
HIT_PERSISTENT,85,0x0005FEF9,392953,67,0,0
HIT_PERSISTENT,85,0x0005FEFA,392954,64,0,0
HIT_PERSISTENT,85,0x0005FEFB,392955,112,0,0
HIT_PERSISTENT,85,0x0005FEFD,392957,67,0,0
HIT_PERSISTENT,85,0x0005FEFE,392958,64,0,0
HIT_PERSISTENT,85,0x0005FEFF,392959,100,0,0
HIT_PERSISTENT,85,0x0005FF00,392960,246,184,184
HIT_PERSISTENT,85,0x0005FF01,392961,12,0,0
HIT_PERSISTENT,85,0x0005FF02,392962,128,0,0
HIT_PERSISTENT,85,0x0005FF03,392963,140,0,0
HIT_PERSISTENT,85,0x0005FF05,392965,12,0,0
HIT_PERSISTENT,85,0x0005FF06,392966,128,0,0
HIT_PERSISTENT,85,0x0005FF07,392967,128,0,0
HIT_PERSISTENT,85,0x00060522,394530,128,0,0
HIT_PERSISTENT,85,0x00060523,394531,2,1,1
HIT_PERSISTENT,85,0x00060572,394610,128,0,0
HIT_PERSISTENT,85,0x00060573,394611,2,1,1
HIT_PERSISTENT,85,0x0006065A,394842,0,128,128
HIT_PERSISTENT,85,0x0006065B,394843,4,1,1
HIT_PERSISTENT,85,0x0006066A,394858,128,0,0
HIT_PERSISTENT,85,0x0006066B,394859,1,4,4
HIT_PERSISTENT,85,0x0006387E,407678,33,34,34
HIT_PERSISTENT,85,0x0006388A,407690,38,39,39
HIT_PERSISTENT,85,0x00063896,407702,40,41,41
HIT_PERSISTENT,85,0x000638A2,407714,45,46,46
HIT_PERSISTENT,85,0x000638AA,407722,47,48,48
HIT_PERSISTENT,85,0x000638AE,407726,49,50,50
HIT_PERSISTENT,85,0x000638C8,407752,0,128,128
HIT_PERSISTENT,85,0x000638C9,407753,0,45,45
HIT_PERSISTENT,85,0x000638CA,407754,0,38,38
HIT_PERSISTENT,85,0x000638CB,407755,0,233,233
HIT_PERSISTENT,85,0x0006390C,407820,0,148,148
HIT_PERSISTENT,85,0x00063912,407826,0,186,186
HIT_PERSISTENT,85,0x00066B0F,420623,112,192,192
HIT_PERSISTENT,85,0x00066B1F,420639,112,192,192
HIT_PERSISTENT,85,0x00067C0B,424971,112,192,192
HIT_PERSISTENT,85,0x0006D20D,446989,6,4,4
HIT_PERSISTENT,85,0x0006D256,447062,176,177,177
HIT_PERSISTENT,85,0x00075DC8,482760,0,194,194
HIT_PERSISTENT,85,0x00075DC9,482761,0,214,214
HIT_PERSISTENT,85,0x00075DCA,482762,0,1,1
HIT_PERSISTENT,85,0x00075DCB,482763,0,37,37
HIT_PERSISTENT,85,0x00075DCC,482764,0,70,70
HIT_PERSISTENT,85,0x00075DD4,482772,0,70,70
HIT_PERSISTENT,85,0x00075DD5,482773,0,132,132
HIT_PERSISTENT,85,0x00075DDC,482780,0,193,193
HIT_PERSISTENT,85,0x00075DE0,482784,0,191,191
HIT_PERSISTENT,85,0x00075DE8,482792,0,191,191
HIT_PERSISTENT,85,0x00075DF4,482804,0,191,191
HIT_PERSISTENT,85,0x00075E0C,482828,0,190,190
HIT_PERSISTENT,85,0x00075E20,482848,0,63,63
HIT_PERSISTENT,85,0x00075E21,482849,0,128,128
HIT_PERSISTENT,85,0x00075E24,482852,0,63,63
HIT_PERSISTENT,85,0x00075E2C,482860,0,190,190
HIT_PERSISTENT,85,0x00075E38,482872,0,63,63
HIT_PERSISTENT,85,0x00075E44,482884,0,62,62
HIT_PERSISTENT,85,0x00075E4C,482892,0,63,63
HIT_PERSISTENT,85,0x00075E60,482912,0,63,63
HIT_PERSISTENT,85,0x00075E61,482913,0,128,128
HIT_PERSISTENT,85,0x00076A9E,486046,107,106,106
HIT_PERSISTENT,85,0x00076B2A,486186,107,106,106
HIT_PERSISTENT,85,0x00076B3A,486202,106,107,107
HIT_PERSISTENT,85,0x00076BCA,486346,106,107,107
HIT_PERSISTENT,85,0x00076BDA,486362,108,109,109
HIT_PERSISTENT,85,0x00076CE2,486626,107,108,108
HIT_PERSISTENT,85,0x00076D92,486802,109,110,110
HIT_PERSISTENT,85,0x00076D96,486806,109,110,110
HIT_PERSISTENT,85,0x0007995C,498012,69,70,70
HIT_PERSISTENT,85,0x00079968,498024,62,63,63
HIT_PERSISTENT,85,0x00079970,498032,62,63,63
HIT_PERSISTENT,85,0x00079EFF,499455,0,1,1
HIT_PERSISTENT,85,0x00079F28,499496,68,69,69
HIT_PERSISTENT,85,0x0007A1CF,500175,0,135,135
HIT_PERSISTENT,85,0x0007A1D0,500176,0,63,63
HIT_PERSISTENT,85,0x0007A1D4,500180,0,128,128
HIT_PERSISTENT,85,0x0007A1D5,500181,0,26,26
HIT_PERSISTENT,85,0x0007A1D8,500184,0,70,70
HIT_PERSISTENT,85,0x0007A1E0,500192,0,70,70
HIT_PERSISTENT,85,0x0007A1E4,500196,0,66,66
HIT_PERSISTENT,85,0x0007A1EC,500204,0,66,66
HIT_PERSISTENT,85,0x0007A1F0,500208,0,255,255
HIT_PERSISTENT,85,0x0007A1F1,500209,0,255,255
HIT_PERSISTENT,85,0x0007A1F3,500211,0,255,255
HIT_PERSISTENT,85,0x0007A1F7,500215,0,13,13
HIT_PERSISTENT,85,0x0007A1FB,500219,0,135,135
HIT_PERSISTENT,85,0x0007A1FC,500220,0,63,63
HIT_PERSISTENT,85,0x0007A200,500224,0,128,128
HIT_PERSISTENT,85,0x0007A201,500225,0,26,26
HIT_PERSISTENT,85,0x0007A202,500226,0,235,235
HIT_PERSISTENT,85,0x0007A203,500227,0,196,196
HIT_PERSISTENT,85,0x0007A204,500228,0,70,70
HIT_PERSISTENT,85,0x0007A205,500229,0,149,149
HIT_PERSISTENT,85,0x0007A206,500230,0,71,71
HIT_PERSISTENT,85,0x0007A207,500231,0,136,136
HIT_PERSISTENT,85,0x0007A208,500232,0,65,65
HIT_PERSISTENT,85,0x0007A209,500233,0,167,167
HIT_PERSISTENT,85,0x0007A20A,500234,0,202,202
HIT_PERSISTENT,85,0x0007A20B,500235,0,130,130
HIT_PERSISTENT,85,0x0007A20C,500236,0,70,70
HIT_PERSISTENT,85,0x0007A20D,500237,0,134,134
HIT_PERSISTENT,85,0x0007A20E,500238,0,107,107
HIT_PERSISTENT,85,0x0007A20F,500239,0,175,175
HIT_PERSISTENT,85,0x0007A210,500240,0,191,191
HIT_PERSISTENT,85,0x0007A211,500241,0,253,253
HIT_PERSISTENT,85,0x0007A212,500242,0,152,152
HIT_PERSISTENT,85,0x0007A213,500243,0,184,184
HIT_PERSISTENT,85,0x0007A214,500244,0,65,65
HIT_PERSISTENT,85,0x0007A215,500245,0,226,226
HIT_PERSISTENT,85,0x0007A216,500246,0,69,69
HIT_PERSISTENT,85,0x0007A217,500247,0,235,235
HIT_PERSISTENT,85,0x0007A218,500248,0,65,65
HIT_PERSISTENT,85,0x0007A219,500249,0,226,226
HIT_PERSISTENT,85,0x0007A21A,500250,0,211,211
HIT_PERSISTENT,85,0x0007A21B,500251,0,220,220
HIT_PERSISTENT,85,0x0007A21C,500252,0,255,255
HIT_PERSISTENT,85,0x0007A21D,500253,0,255,255
HIT_PERSISTENT,85,0x0007A21E,500254,0,200,200
HIT_PERSISTENT,85,0x0007A21F,500255,0,255,255
HIT_PERSISTENT,85,0x0007BA11,506385,28,27,27
HIT_PERSISTENT,85,0x0007BA12,506386,58,171,171
HIT_PERSISTENT,85,0x0007BA13,506387,200,240,240
HIT_PERSISTENT,85,0x0007BA15,506389,28,27,27
HIT_PERSISTENT,85,0x0007BA16,506390,58,172,172
HIT_PERSISTENT,85,0x0007BA17,506391,232,144,144
HIT_PERSISTENT,85,0x0007BA19,506393,28,27,27
HIT_PERSISTENT,85,0x0007BA1A,506394,60,172,172
HIT_PERSISTENT,85,0x0007BA1B,506395,104,112,112
HIT_PERSISTENT,85,0x0007BA1D,506397,28,27,27
HIT_PERSISTENT,85,0x0007BA1E,506398,54,171,171
HIT_PERSISTENT,85,0x0007BA1F,506399,80,176,176
HIT_PERSISTENT,85,0x0007BA21,506401,28,27,27
HIT_PERSISTENT,85,0x0007BA22,506402,59,169,169
HIT_PERSISTENT,85,0x0007BA23,506403,8,144,144
HIT_PERSISTENT,85,0x0007BA25,506405,28,27,27
HIT_PERSISTENT,85,0x0007BA26,506406,59,172,172
HIT_PERSISTENT,85,0x0007BA27,506407,200,80,80
HIT_PERSISTENT,85,0x0007BA29,506409,28,27,27
HIT_PERSISTENT,85,0x0007BA2A,506410,60,171,171
HIT_PERSISTENT,85,0x0007BA2B,506411,8,208,208
HIT_PERSISTENT,85,0x0007BA2D,506413,28,27,27
HIT_PERSISTENT,85,0x0007BA2E,506414,54,169,169
HIT_PERSISTENT,85,0x0007BA2F,506415,48,208,208
HIT_PERSISTENT,85,0x0007BA31,506417,28,27,27
HIT_PERSISTENT,85,0x0007BA32,506418,40,169,169
HIT_PERSISTENT,85,0x0007BA33,506419,56,48,48
HIT_PERSISTENT,85,0x0007BA35,506421,28,27,27
HIT_PERSISTENT,85,0x0007BA36,506422,53,169,169
HIT_PERSISTENT,85,0x0007BA37,506423,208,112,112
HIT_PERSISTENT,85,0x0007BA39,506425,28,27,27
HIT_PERSISTENT,85,0x0007BA3A,506426,17,177,177
HIT_PERSISTENT,85,0x0007BA3B,506427,96,120,120
HIT_PERSISTENT,85,0x000D30FC,864508,60,0,0
HIT_PERSISTENT,85,0x000D3834,866356,0,63,63
HIT_PERSISTENT,85,0x000D3838,866360,0,64,64
HIT_PERSISTENT,85,0x000D3839,866361,0,198,198
HIT_PERSISTENT,85,0x000D383A,866362,0,68,68
HIT_PERSISTENT,85,0x000D383B,866363,0,248,248
HIT_PERSISTENT,85,0x000D3864,866404,61,188,188
HIT_PERSISTENT,85,0x000D3870,866416,189,60,60
HIT_PERSISTENT,85,0x000D3880,866432,189,0,0
HIT_PERSISTENT,85,0x000D3881,866433,226,0,0
HIT_PERSISTENT,85,0x000D3882,866434,92,0,0
HIT_PERSISTENT,85,0x000D3883,866435,192,0,0
HIT_PERSISTENT,85,0x000D3884,866436,63,62,62
HIT_PERSISTENT,85,0x000D39B5,866741,0,5,5
HIT_PERSISTENT,85,0x000D39B8,866744,0,70,70
HIT_PERSISTENT,85,0x000D39BC,866748,0,66,66
HIT_PERSISTENT,85,0x000D39C0,866752,0,70,70
HIT_PERSISTENT,85,0x000D39C4,866756,0,191,191
HIT_PERSISTENT,85,0x000D3B6B,867179,0,1,1
HIT_PERSISTENT,85,0x000D3B6C,867180,0,70,70
HIT_PERSISTENT,85,0x000D3B70,867184,0,65,65
HIT_PERSISTENT,85,0x000D3B74,867188,0,70,70
HIT_PERSISTENT,85,0x000D3B77,867191,0,175,175
HIT_PERSISTENT,85,0x000D3CB4,867508,189,61,61
HIT_PERSISTENT,85,0x000D3F14,868116,0,70,70
HIT_PERSISTENT,85,0x000D3F18,868120,0,65,65
HIT_PERSISTENT,85,0x000D3F1C,868124,0,70,70
HIT_PERSISTENT,85,0x000D3F1F,868127,0,175,175
HIT_PERSISTENT,85,0x000D3F2B,868139,0,1,1
HIT_PERSISTENT,85,0x000D41F0,868848,240,32,32
HIT_PERSISTENT,85,0x000D41F1,868849,240,0,0
HIT_PERSISTENT,85,0x000D5E59,876121,21,0,0
HIT_PERSISTENT,85,0x000D5E64,876132,196,0,0
HIT_PERSISTENT,85,0x000D5E74,876148,5,0,0
HIT_PERSISTENT,85,0x000D5E7A,876154,12,0,0
HIT_PERSISTENT,85,0x000D5EC4,876228,5,0,0
HIT_PERSISTENT,85,0x000D5ECE,876238,152,0,0
HIT_PERSISTENT,85,0x000D5ECF,876239,128,0,0
HIT_PERSISTENT,85,0x000D6D5A,879962,20,0,0
HIT_PERSISTENT,85,0x000D6DB2,880050,20,0,0
HIT_PERSISTENT,85,0x000D6E0A,880138,20,0,0
HIT_PERSISTENT,85,0x000D6EA3,880291,6,0,0
HIT_PERSISTENT,85,0x000D6F6F,880495,255,0,0
HIT_PERSISTENT,85,0x000D6F74,880500,100,0,0
HIT_PERSISTENT,85,0x000D6FC9,880585,3,0,0
HIT_PERSISTENT,85,0x000D6FCD,880589,15,0,0
HIT_PERSISTENT,85,0x000D6FCF,880591,64,0,0
HIT_PERSISTENT,85,0x000D6FDD,880605,1,0,0
HIT_PERSISTENT,85,0x000D7011,880657,38,0,0
HIT_PERSISTENT,85,0x000D7024,880676,7,0,0
HIT_PERSISTENT,85,0x000D7049,880713,104,0,0
HIT_PERSISTENT,85,0x000D704A,880714,14,0,0
HIT_PERSISTENT,85,0x000D7059,880729,104,0,0
HIT_PERSISTENT,85,0x000D705C,880732,1,0,0
HIT_PERSISTENT,85,0x000D706C,880748,2,0,0
HIT_PERSISTENT,85,0x000D7072,880754,32,0,0
HIT_PERSISTENT,85,0x000D7074,880756,2,0,0
HIT_PERSISTENT,85,0x000D7075,880757,3,0,0
HIT_PERSISTENT,85,0x000D7076,880758,32,0,0
HIT_PERSISTENT,85,0x000D7077,880759,50,0,0
HIT_PERSISTENT,85,0x000D707F,880767,64,0,0
HIT_PERSISTENT,85,0x000D70CC,880844,128,0,0
HIT_PERSISTENT,85,0x000D7459,881753,21,0,0
HIT_PERSISTENT,85,0x000D745A,881754,154,0,0
HIT_PERSISTENT,85,0x000D745B,881755,4,0,0
HIT_PERSISTENT,85,0x000D747D,881789,15,0,0
HIT_PERSISTENT,85,0x000D7577,882039,64,0,0
HIT_PERSISTENT,85,0x000D77C2,882626,20,0,0
HIT_PERSISTENT,85,0x000D7B04,883460,5,0,0
HIT_PERSISTENT,85,0x000D7DED,884205,15,0,0
HIT_PERSISTENT,85,0x000D7E9C,884380,2,0,0
HIT_PERSISTENT,85,0x000D7F81,884609,2,0,0
HIT_PERSISTENT,85,0x000D7F9D,884637,15,0,0
HIT_PERSISTENT,85,0x000D7FA5,884645,1,0,0
HIT_PERSISTENT,85,0x000D7FB1,884657,3,0,0
HIT_PERSISTENT,85,0x000D7FB5,884661,15,0,0
HIT_PERSISTENT,85,0x000D7FDF,884703,32,0,0
HIT_PERSISTENT,85,0x000D7FF5,884725,11,0,0
HIT_PERSISTENT,85,0x000D7FF6,884726,84,0,0
HIT_PERSISTENT,85,0x000D7FF7,884727,64,0,0
HIT_PERSISTENT,85,0x000D800A,884746,64,0,0
HIT_PERSISTENT,85,0x000D800B,884747,40,0,0
HIT_PERSISTENT,85,0x000D800D,884749,79,0,0
HIT_PERSISTENT,85,0x000D801B,884763,6,0,0
HIT_PERSISTENT,85,0x000D80DB,884955,2,0,0
HIT_PERSISTENT,85,0x000D80E1,884961,72,0,0
HIT_PERSISTENT,85,0x000D80E5,884965,1,0,0
HIT_PERSISTENT,85,0x000D8101,884993,72,0,0
HIT_PERSISTENT,85,0x000D810A,885002,32,0,0
HIT_PERSISTENT,85,0x000D810B,885003,2,0,0
HIT_PERSISTENT,85,0x000D8111,885009,72,0,0
HIT_PERSISTENT,85,0x000D8121,885025,72,0,0
HIT_PERSISTENT,85,0x000D8142,885058,0,3,3
HIT_PERSISTENT,85,0x000D8144,885060,0,196,196
HIT_PERSISTENT,85,0x000D814C,885068,0,5,5
HIT_PERSISTENT,85,0x000D8155,885077,15,36,36
HIT_PERSISTENT,85,0x000D8160,885088,188,231,231
HIT_PERSISTENT,85,0x000D8162,885090,12,0,0
HIT_PERSISTENT,85,0x000D8163,885091,6,0,0
HIT_PERSISTENT,85,0x000D8165,885093,15,0,0
HIT_PERSISTENT,85,0x000D8166,885094,152,0,0
HIT_PERSISTENT,85,0x000D8167,885095,128,0,0
HIT_PERSISTENT,85,0x000D8168,885096,188,186,186
HIT_PERSISTENT,85,0x000D816A,885098,12,20,20
HIT_PERSISTENT,85,0x000D816B,885099,6,2,2
HIT_PERSISTENT,85,0x000D816D,885101,15,16,16
HIT_PERSISTENT,85,0x000D816E,885102,152,0,0
HIT_PERSISTENT,85,0x000D816F,885103,128,0,0
HIT_PERSISTENT,85,0x000D8170,885104,188,248,248
HIT_PERSISTENT,85,0x000D8172,885106,12,0,0
HIT_PERSISTENT,85,0x000D8173,885107,6,0,0
HIT_PERSISTENT,85,0x000D8175,885109,15,0,0
HIT_PERSISTENT,85,0x000D8176,885110,152,0,0
HIT_PERSISTENT,85,0x000D8177,885111,128,0,0
HIT_PERSISTENT,85,0x000D8178,885112,188,252,252
HIT_PERSISTENT,85,0x000D8179,885113,0,38,38
HIT_PERSISTENT,85,0x000D817A,885114,12,160,160
HIT_PERSISTENT,85,0x000D817B,885115,6,4,4
HIT_PERSISTENT,85,0x000D817C,885116,0,31,31
HIT_PERSISTENT,85,0x000D817D,885117,15,16,16
HIT_PERSISTENT,85,0x000D817E,885118,152,147,147
HIT_PERSISTENT,85,0x000D817F,885119,128,255,255
HIT_PERSISTENT,85,0x000D8180,885120,188,185,185
HIT_PERSISTENT,85,0x000D8182,885122,12,3,3
HIT_PERSISTENT,85,0x000D8183,885123,6,29,29
HIT_PERSISTENT,85,0x000D8184,885124,0,196,196
HIT_PERSISTENT,85,0x000D8185,885125,15,17,17
HIT_PERSISTENT,85,0x000D8186,885126,152,32,32
HIT_PERSISTENT,85,0x000D8187,885127,128,72,72
HIT_PERSISTENT,85,0x000D8188,885128,188,6,6
HIT_PERSISTENT,85,0x000D818A,885130,12,0,0
HIT_PERSISTENT,85,0x000D818B,885131,6,0,0
HIT_PERSISTENT,85,0x000D818C,885132,0,5,5
HIT_PERSISTENT,85,0x000D818D,885133,15,0,0
HIT_PERSISTENT,85,0x000D8192,885138,12,20,20
HIT_PERSISTENT,85,0x000D8195,885141,15,36,36
HIT_PERSISTENT,85,0x000D8196,885142,152,121,121
HIT_PERSISTENT,85,0x000D8197,885143,128,32,32
HIT_PERSISTENT,85,0x000D8198,885144,188,183,183
HIT_PERSISTENT,85,0x000D819A,885146,12,0,0
HIT_PERSISTENT,85,0x000D819B,885147,6,0,0
HIT_PERSISTENT,85,0x000D819D,885149,15,0,0
HIT_PERSISTENT,85,0x000D819F,885151,128,0,0
HIT_PERSISTENT,85,0x000D81A0,885152,188,231,231
HIT_PERSISTENT,85,0x000D81A3,885155,6,0,0
HIT_PERSISTENT,85,0x000D81B9,885177,0,38,38
HIT_PERSISTENT,85,0x000D81BC,885180,0,31,31
HIT_PERSISTENT,85,0x000D81BE,885182,0,147,147
HIT_PERSISTENT,85,0x000D81C2,885186,0,3,3
HIT_PERSISTENT,85,0x000D81C3,885187,0,29,29
HIT_PERSISTENT,85,0x000D81C5,885189,0,17,17
HIT_PERSISTENT,85,0x000D81C6,885190,0,32,32
HIT_PERSISTENT,85,0x000D81E8,885224,188,186,186
HIT_PERSISTENT,85,0x000D81EA,885226,12,20,20
HIT_PERSISTENT,85,0x000D81EB,885227,6,2,2
HIT_PERSISTENT,85,0x000D81ED,885229,15,16,16
HIT_PERSISTENT,85,0x000D81EE,885230,157,0,0
HIT_PERSISTENT,85,0x000D81EF,885231,128,0,0
HIT_PERSISTENT,85,0x000D81F9,885241,0,38,38
HIT_PERSISTENT,85,0x000D81FA,885242,0,160,160
HIT_PERSISTENT,85,0x000D81FC,885244,0,31,31
HIT_PERSISTENT,85,0x000D8204,885252,0,196,196
HIT_PERSISTENT,85,0x000D820C,885260,0,5,5
HIT_PERSISTENT,85,0x000D8212,885266,0,20,20
HIT_PERSISTENT,85,0x000D8239,885305,0,38,38
HIT_PERSISTENT,85,0x000D8258,885336,245,183,183
HIT_PERSISTENT,85,0x000D826A,885354,0,20,20
HIT_PERSISTENT,85,0x000D826B,885355,0,2,2
HIT_PERSISTENT,85,0x000D827C,885372,0,31,31
HIT_PERSISTENT,85,0x000D8284,885380,0,196,196
HIT_PERSISTENT,85,0x000D828C,885388,0,5,5
HIT_PERSISTENT,85,0x000D82B9,885433,0,38,38
HIT_PERSISTENT,85,0x000D82BC,885436,0,31,31
HIT_PERSISTENT,85,0x000D82BF,885439,0,255,255
HIT_PERSISTENT,85,0x000D82C4,885444,0,196,196
HIT_PERSISTENT,85,0x000D82C7,885447,0,72,72
HIT_PERSISTENT,85,0x000D82CC,885452,0,5,5
HIT_PERSISTENT,85,0x000D82D0,885456,186,188,188
HIT_PERSISTENT,85,0x000D82D3,885459,2,6,6
HIT_PERSISTENT,85,0x000D82D7,885463,0,32,32
HIT_PERSISTENT,85,0x000D82FA,885498,0,160,160
HIT_PERSISTENT,85,0x000D8302,885506,0,3,3
HIT_PERSISTENT,85,0x000D8303,885507,0,29,29
HIT_PERSISTENT,85,0x000D8305,885509,0,17,17
HIT_PERSISTENT,85,0x000D8307,885511,0,72,72
HIT_PERSISTENT,85,0x000D830C,885516,0,5,5
HIT_PERSISTENT,85,0x000D83A8,885672,185,186,186
HIT_PERSISTENT,85,0x000D8804,886788,0,4,4
HIT_PERSISTENT,85,0x000D8806,886790,0,4,4
HIT_PERSISTENT,85,0x000D8808,886792,186,228,228
HIT_PERSISTENT,85,0x000D8834,886836,0,4,4
HIT_PERSISTENT,85,0x000D8840,886848,231,180,180
HIT_PERSISTENT,85,0x000D8848,886856,186,179,179
HIT_PERSISTENT,85,0x000D884A,886858,20,0,0
HIT_PERSISTENT,85,0x000D884B,886859,2,0,0
HIT_PERSISTENT,85,0x000D884C,886860,0,4,4
HIT_PERSISTENT,85,0x000D884E,886862,0,4,4
HIT_PERSISTENT,85,0x000D8858,886872,252,180,180
HIT_PERSISTENT,85,0x000D887C,886908,0,4,4
HIT_PERSISTENT,85,0x000D8944,887108,0,4,4
HIT_PERSISTENT,85,0x000D8948,887112,186,228,228
HIT_PERSISTENT,85,0x000D896F,887151,192,0,0
HIT_PERSISTENT,85,0x000D8974,887156,0,4,4
HIT_PERSISTENT,85,0x000D898C,887180,0,4,4
HIT_PERSISTENT,85,0x000D8998,887192,186,180,180
HIT_PERSISTENT,85,0x000D89A4,887204,0,4,4
HIT_PERSISTENT,85,0x000D8B31,887601,255,0,0
HIT_PERSISTENT,85,0x000D8BEC,887788,0,255,255
HIT_PERSISTENT,85,0x000D8BF1,887793,0,68,68
HIT_PERSISTENT,85,0x000D8BF2,887794,0,131,131
HIT_PERSISTENT,85,0x000D8BF3,887795,0,92,92
HIT_PERSISTENT,85,0x000D8BF5,887797,0,67,67
HIT_PERSISTENT,85,0x000D8BF7,887799,0,60,60
HIT_PERSISTENT,85,0x000D8C04,887812,0,4,4
HIT_PERSISTENT,85,0x000D8C0A,887818,0,14,14
HIT_PERSISTENT,85,0x000D8C0B,887819,0,2,2
HIT_PERSISTENT,85,0x000D8C1C,887836,0,7,7
HIT_PERSISTENT,85,0x000D8C39,887865,0,136,136
HIT_PERSISTENT,85,0x000D8C3A,887866,0,2,2
HIT_PERSISTENT,85,0x000D8C48,887880,228,250,250
HIT_PERSISTENT,85,0x000D8C4C,887884,0,100,100
HIT_PERSISTENT,85,0x000D8C50,887888,180,228,228
HIT_PERSISTENT,85,0x000D8C51,887889,0,70,70
HIT_PERSISTENT,85,0x000D8C52,887890,0,3,3
HIT_PERSISTENT,85,0x000D8C53,887891,0,88,88
HIT_PERSISTENT,85,0x000D8C55,887893,0,68,68
HIT_PERSISTENT,85,0x000D8C56,887894,0,131,131
HIT_PERSISTENT,85,0x000D8C57,887895,0,56,56
HIT_PERSISTENT,85,0x000D8C58,887896,179,180,180
HIT_PERSISTENT,85,0x000D8C5C,887900,4,0,0
HIT_PERSISTENT,85,0x000D8C5E,887902,4,0,0
HIT_PERSISTENT,85,0x000D8C81,887937,0,70,70
HIT_PERSISTENT,85,0x000D8C94,887956,0,4,4
HIT_PERSISTENT,85,0x000D8C96,887958,0,4,4
HIT_PERSISTENT,85,0x000D8CB1,887985,0,70,70
HIT_PERSISTENT,85,0x000D8CB5,887989,0,68,68
HIT_PERSISTENT,85,0x000D8CB6,887990,0,195,195
HIT_PERSISTENT,85,0x000D8CB7,887991,0,64,64
HIT_PERSISTENT,85,0x000D8CC9,888009,0,70,70
HIT_PERSISTENT,85,0x000D8CCA,888010,0,131,131
HIT_PERSISTENT,85,0x000D8CCB,888011,0,88,88
HIT_PERSISTENT,85,0x000D8CCD,888013,0,69,69
HIT_PERSISTENT,85,0x000D8CCE,888014,0,3,3
HIT_PERSISTENT,85,0x000D8CCF,888015,0,56,56
HIT_PERSISTENT,85,0x000D8CDC,888028,0,4,4
HIT_PERSISTENT,85,0x000D8CE3,888035,0,92,92
HIT_PERSISTENT,85,0x000D8CE5,888037,0,69,69
HIT_PERSISTENT,85,0x000D8CE6,888038,0,3,3
HIT_PERSISTENT,85,0x000D8CE7,888039,0,60,60
HIT_PERSISTENT,85,0x000D8D14,888084,0,255,255
HIT_PERSISTENT,85,0x000D8D19,888089,0,70,70
HIT_PERSISTENT,85,0x000D8D1A,888090,0,67,67
HIT_PERSISTENT,85,0x000D8D1B,888091,0,92,92
HIT_PERSISTENT,85,0x000D8D1D,888093,0,68,68
HIT_PERSISTENT,85,0x000D8D1F,888095,0,60,60
HIT_PERSISTENT,85,0x000D8D2C,888108,0,4,4
HIT_PERSISTENT,85,0x000D8D4A,888138,0,16,16
HIT_PERSISTENT,85,0x000D8D4B,888139,0,1,1
HIT_PERSISTENT,85,0x000D8D4D,888141,0,1,1
HIT_PERSISTENT,85,0x000D8E68,888424,228,231,231
HIT_PERSISTENT,85,0x000D8E69,888425,70,0,0
HIT_PERSISTENT,85,0x000D8E6A,888426,67,0,0
HIT_PERSISTENT,85,0x000D8E6D,888429,68,0,0
HIT_PERSISTENT,85,0x000D8E6E,888430,195,0,0
HIT_PERSISTENT,85,0x000D8E70,888432,180,186,186
HIT_PERSISTENT,85,0x000D8E72,888434,0,6,6
HIT_PERSISTENT,85,0x000D8E73,888435,0,2,2
HIT_PERSISTENT,85,0x000D8E77,888439,0,64,64
HIT_PERSISTENT,85,0x000D8E78,888440,179,186,186
HIT_PERSISTENT,85,0x000D8E7A,888442,0,19,19
HIT_PERSISTENT,85,0x000D8E7B,888443,0,1,1
HIT_PERSISTENT,85,0x000D8E7C,888444,4,0,0
HIT_PERSISTENT,85,0x000D8E7D,888445,0,8,8
HIT_PERSISTENT,85,0x000D8E7E,888446,4,0,0
HIT_PERSISTENT,85,0x000D8E8D,888461,0,80,80
HIT_PERSISTENT,85,0x000D8E8E,888462,0,3,3
HIT_PERSISTENT,85,0x000D8F3C,888636,0,4,4
HIT_PERSISTENT,85,0x000D8F40,888640,179,250,250
HIT_PERSISTENT,85,0x000D8F6A,888682,0,6,6
HIT_PERSISTENT,85,0x000D8F6B,888683,0,2,2
HIT_PERSISTENT,85,0x000D8F6F,888687,0,64,64
HIT_PERSISTENT,85,0x000D8F72,888690,0,19,19
HIT_PERSISTENT,85,0x000D8F73,888691,0,1,1
HIT_PERSISTENT,85,0x000D8F75,888693,0,8,8
HIT_PERSISTENT,85,0x000D8F7A,888698,0,16,16
HIT_PERSISTENT,85,0x000E7659,947801,21,0,0
HIT_PERSISTENT,85,0x000E7664,947812,196,0,0
HIT_PERSISTENT,85,0x000E766D,947821,31,0,0
HIT_PERSISTENT,85,0x000E7674,947828,5,0,0
HIT_PERSISTENT,85,0x000E767A,947834,12,0,0
HIT_PERSISTENT,85,0x000E76C4,947908,5,0,0
HIT_PERSISTENT,85,0x000E76CE,947918,96,0,0
HIT_PERSISTENT,85,0x000E76CF,947919,128,0,0
HIT_PERSISTENT,85,0x000E855A,951642,20,0,0
HIT_PERSISTENT,85,0x000E85B2,951730,20,0,0
HIT_PERSISTENT,85,0x000E860A,951818,20,0,0
HIT_PERSISTENT,85,0x000E878C,952204,128,0,0
HIT_PERSISTENT,85,0x000E87C9,952265,3,0,0
HIT_PERSISTENT,85,0x000E87CD,952269,16,0,0
HIT_PERSISTENT,85,0x000E87DD,952285,1,0,0
HIT_PERSISTENT,85,0x000E8804,952324,255,0,0
HIT_PERSISTENT,85,0x000E8811,952337,38,0,0
HIT_PERSISTENT,85,0x000E8824,952356,7,0,0
HIT_PERSISTENT,85,0x000E8849,952393,104,0,0
HIT_PERSISTENT,85,0x000E884A,952394,14,0,0
HIT_PERSISTENT,85,0x000E8872,952434,32,0,0
HIT_PERSISTENT,85,0x000E8873,952435,2,0,0
HIT_PERSISTENT,85,0x000E8874,952436,2,0,0
HIT_PERSISTENT,85,0x000E8875,952437,3,0,0
HIT_PERSISTENT,85,0x000E8876,952438,32,0,0
HIT_PERSISTENT,85,0x000E8877,952439,50,0,0
HIT_PERSISTENT,85,0x000E887F,952447,64,0,0
HIT_PERSISTENT,85,0x000E88B4,952500,100,0,0
HIT_PERSISTENT,85,0x000E88C2,952514,4,0,0
HIT_PERSISTENT,85,0x000E88C3,952515,2,0,0
HIT_PERSISTENT,85,0x000E88DD,952541,9,0,0
HIT_PERSISTENT,85,0x000E8C59,953433,21,0,0
HIT_PERSISTENT,85,0x000E8C5A,953434,154,0,0
HIT_PERSISTENT,85,0x000E8C5B,953435,4,0,0
HIT_PERSISTENT,85,0x000E8C7D,953469,16,0,0
HIT_PERSISTENT,85,0x000E8CD2,953554,20,0,0
HIT_PERSISTENT,85,0x000E8CD3,953555,6,0,0
HIT_PERSISTENT,85,0x000E8CD5,953557,31,0,0
HIT_PERSISTENT,85,0x000E8CD7,953559,64,0,0
HIT_PERSISTENT,85,0x000E8E15,953877,16,0,0
HIT_PERSISTENT,85,0x000E8FFB,954363,6,0,0
HIT_PERSISTENT,85,0x000E90E4,954596,5,0,0
HIT_PERSISTENT,85,0x000E90FA,954618,20,0,0
HIT_PERSISTENT,85,0x000E91BA,954810,16,0,0
HIT_PERSISTENT,85,0x000E92A4,955044,196,0,0
HIT_PERSISTENT,85,0x000E95ED,955885,16,0,0
HIT_PERSISTENT,85,0x000E972D,956205,16,0,0
HIT_PERSISTENT,85,0x000E975A,956250,64,0,0
HIT_PERSISTENT,85,0x000E975B,956251,40,0,0
HIT_PERSISTENT,85,0x000E975D,956253,79,0,0
HIT_PERSISTENT,85,0x000E975F,956255,152,0,0
HIT_PERSISTENT,85,0x000E9784,956292,128,0,0
HIT_PERSISTENT,85,0x000E97A5,956325,1,0,0
HIT_PERSISTENT,85,0x000E97DA,956378,4,0,0
HIT_PERSISTENT,85,0x000E97DB,956379,2,0,0
HIT_PERSISTENT,85,0x000E97DF,956383,32,0,0
HIT_PERSISTENT,85,0x000E97E1,956385,2,0,0
HIT_PERSISTENT,85,0x000E97E5,956389,8,0,0
HIT_PERSISTENT,85,0x000E97E7,956391,176,0,0
HIT_PERSISTENT,85,0x000E980A,956426,64,0,0
HIT_PERSISTENT,85,0x000E980B,956427,40,0,0
HIT_PERSISTENT,85,0x000E981B,956443,6,0,0
HIT_PERSISTENT,85,0x000E9822,956450,12,0,0
HIT_PERSISTENT,85,0x000E9823,956451,6,0,0
HIT_PERSISTENT,85,0x000E98AC,956588,7,0,0
HIT_PERSISTENT,85,0x000E98E1,956641,72,0,0
HIT_PERSISTENT,85,0x000E98E5,956645,1,0,0
HIT_PERSISTENT,85,0x000E9901,956673,72,0,0
HIT_PERSISTENT,85,0x000E990A,956682,32,0,0
HIT_PERSISTENT,85,0x000E990B,956683,2,0,0
HIT_PERSISTENT,85,0x000E9911,956689,72,0,0
HIT_PERSISTENT,85,0x000E9921,956705,72,0,0
HIT_PERSISTENT,85,0x000E9962,956770,12,0,0
HIT_PERSISTENT,85,0x000E9963,956771,6,0,0
HIT_PERSISTENT,85,0x000E9965,956773,16,0,0
HIT_PERSISTENT,85,0x000E9967,956775,128,0,0
HIT_PERSISTENT,85,0x000E996E,956782,96,0,0
HIT_PERSISTENT,85,0x000E996F,956783,128,0,0
HIT_PERSISTENT,85,0x000E9976,956790,96,0,0
HIT_PERSISTENT,85,0x000E9977,956791,128,0,0
HIT_PERSISTENT,85,0x000E99A3,956835,6,0,0
HIT_PERSISTENT,85,0x000E99EE,956910,101,0,0
HIT_PERSISTENT,85,0x000E99EF,956911,128,0,0
HIT_PERSISTENT,85,0x000E99F6,956918,3,0,0
HIT_PERSISTENT,85,0x000E99F7,956919,152,0,0
HIT_PERSISTENT,85,0x000E9A11,956945,3,0,0
HIT_PERSISTENT,85,0x000E9A19,956953,2,0,0
HIT_PERSISTENT,85,0x000E9A1C,956956,128,0,0
HIT_PERSISTENT,85,0x000E9A6C,957036,7,0,0
HIT_PERSISTENT,85,0x000E9D3C,957756,0,255,255
HIT_PERSISTENT,85,0x000E9EC9,958153,0,63,63
HIT_PERSISTENT,85,0x000E9EDC,958172,0,4,4
HIT_PERSISTENT,85,0x000E9F3C,958268,0,4,4
HIT_PERSISTENT,85,0x000EA021,958497,0,68,68
HIT_PERSISTENT,85,0x000EA027,958503,0,56,56
HIT_PERSISTENT,85,0x000EA030,958512,186,179,179
HIT_PERSISTENT,85,0x000EA034,958516,0,4,4
HIT_PERSISTENT,85,0x000EA039,958521,0,68,68
HIT_PERSISTENT,85,0x000EA051,958545,0,68,68
HIT_PERSISTENT,85,0x000EA064,958564,0,4,4
HIT_PERSISTENT,85,0x000EA07C,958588,0,4,4
HIT_PERSISTENT,85,0x000EA07E,958590,0,4,4
HIT_PERSISTENT,85,0x000EA149,958793,0,70,70
HIT_PERSISTENT,85,0x000EA14D,958797,0,68,68
HIT_PERSISTENT,85,0x000EA14F,958799,0,56,56
HIT_PERSISTENT,85,0x000EA150,958800,186,180,180
HIT_PERSISTENT,85,0x000EA153,958803,2,0,0
HIT_PERSISTENT,85,0x000EA15C,958812,0,4,4
HIT_PERSISTENT,85,0x000EA15E,958814,0,4,4
HIT_PERSISTENT,85,0x000EA160,958816,186,228,228
HIT_PERSISTENT,85,0x000EA161,958817,0,70,70
HIT_PERSISTENT,85,0x000EA165,958821,0,68,68
HIT_PERSISTENT,85,0x000EA16B,958827,2,0,0
HIT_PERSISTENT,85,0x000EA174,958836,0,4,4
HIT_PERSISTENT,85,0x000EA180,958848,186,180,180
HIT_PERSISTENT,85,0x000EA18B,958859,2,0,0
HIT_PERSISTENT,85,0x000EA18C,958860,0,4,4
HIT_PERSISTENT,85,0x000EA18E,958862,0,4,4
HIT_PERSISTENT,85,0x000EA191,958865,0,70,70
HIT_PERSISTENT,85,0x000EA1D5,958933,80,0,0
HIT_PERSISTENT,85,0x000EA1E9,958953,144,0,0
HIT_PERSISTENT,85,0x000EA1ED,958957,27,0,0
HIT_PERSISTENT,85,0x000EA1F4,958964,7,0,0
HIT_PERSISTENT,85,0x000EA241,959041,63,0,0
HIT_PERSISTENT,85,0x000EA246,959046,195,0,0
HIT_PERSISTENT,85,0x000EA247,959047,60,0,0
HIT_PERSISTENT,85,0x000EA254,959060,4,0,0
HIT_PERSISTENT,85,0x000EA259,959065,63,0,0
HIT_PERSISTENT,85,0x000EA25E,959070,195,0,0
HIT_PERSISTENT,85,0x000EA25F,959071,64,0,0
HIT_PERSISTENT,85,0x000EA26C,959084,4,0,0
HIT_PERSISTENT,85,0x000EA26E,959086,4,0,0
HIT_PERSISTENT,85,0x000EA271,959089,63,0,0
HIT_PERSISTENT,85,0x000EA272,959090,195,0,0
HIT_PERSISTENT,85,0x000EA273,959091,88,0,0
HIT_PERSISTENT,85,0x000EA275,959093,62,0,0
HIT_PERSISTENT,85,0x000EA277,959095,56,0,0
HIT_PERSISTENT,85,0x000EA284,959108,4,0,0
HIT_PERSISTENT,85,0x000EA286,959110,4,0,0
HIT_PERSISTENT,85,0x000EA289,959113,63,0,0
HIT_PERSISTENT,85,0x000EA28F,959119,64,0,0
HIT_PERSISTENT,85,0x000EA29C,959132,4,0,0
HIT_PERSISTENT,85,0x000EA2A1,959137,64,0,0
HIT_PERSISTENT,85,0x000EA2A2,959138,3,0,0
HIT_PERSISTENT,85,0x000EA2A3,959139,88,0,0
HIT_PERSISTENT,85,0x000EA2A5,959141,62,0,0
HIT_PERSISTENT,85,0x000EA2A6,959142,67,0,0
HIT_PERSISTENT,85,0x000EA2A7,959143,56,0,0
HIT_PERSISTENT,85,0x000EA2B4,959156,4,0,0
HIT_PERSISTENT,85,0x000EA2CC,959180,4,0,0
HIT_PERSISTENT,85,0x000EA2D1,959185,64,0,0
HIT_PERSISTENT,85,0x000EA2E4,959204,4,0,0
HIT_PERSISTENT,85,0x000EA2F2,959218,195,0,0
HIT_PERSISTENT,85,0x000EA2F3,959219,92,0,0
HIT_PERSISTENT,85,0x000EA2F5,959221,62,0,0
HIT_PERSISTENT,85,0x000EA2F6,959222,3,0,0
HIT_PERSISTENT,85,0x000EA2F7,959223,60,0,0
HIT_PERSISTENT,85,0x000EA2F8,959224,180,230,230
HIT_PERSISTENT,85,0x000EA300,959232,179,243,243
HIT_PERSISTENT,85,0x000EA304,959236,4,7,7
HIT_PERSISTENT,85,0x000EA305,959237,0,1,1
HIT_PERSISTENT,85,0x000EA306,959238,4,248,248
HIT_PERSISTENT,85,0x000EA308,959240,185,231,231
HIT_PERSISTENT,85,0x000EA30A,959242,3,0,0
HIT_PERSISTENT,85,0x000EA30B,959243,29,0,0
HIT_PERSISTENT,85,0x000EA30D,959245,80,0,0
HIT_PERSISTENT,85,0x000EA30E,959246,66,0,0
HIT_PERSISTENT,85,0x000EA30F,959247,64,0,0
HIT_PERSISTENT,85,0x000EA310,959248,252,245,245
HIT_PERSISTENT,85,0x000EA311,959249,255,136,136
HIT_PERSISTENT,85,0x000EA312,959250,255,2,2
HIT_PERSISTENT,85,0x000EA313,959251,255,0,0
HIT_PERSISTENT,85,0x000EA314,959252,255,0,0
HIT_PERSISTENT,85,0x000EA315,959253,253,0,0
HIT_PERSISTENT,85,0x000EA316,959254,246,0,0
HIT_PERSISTENT,85,0x000EA317,959255,251,0,0
HIT_PERSISTENT,85,0x000EA318,959256,250,242,242
HIT_PERSISTENT,85,0x000EA31D,959261,0,1,1
HIT_PERSISTENT,85,0x000EA31E,959262,0,192,192
HIT_PERSISTENT,85,0x000EA31F,959263,0,28,28
HIT_PERSISTENT,85,0x000EA320,959264,246,250,250
HIT_PERSISTENT,85,0x000EA321,959265,70,0,0
HIT_PERSISTENT,85,0x000EA322,959266,67,0,0
HIT_PERSISTENT,85,0x000EA323,959267,104,0,0
HIT_PERSISTENT,85,0x000EA324,959268,0,100,100
HIT_PERSISTENT,85,0x000EA325,959269,66,100,100
HIT_PERSISTENT,85,0x000EA326,959270,195,100,100
HIT_PERSISTENT,85,0x000EA327,959271,52,255,255
HIT_PERSISTENT,85,0x000EA328,959272,185,228,228
HIT_PERSISTENT,85,0x000EA329,959273,0,68,68
HIT_PERSISTENT,85,0x000EA32A,959274,3,67,67
HIT_PERSISTENT,85,0x000EA32B,959275,29,88,88
HIT_PERSISTENT,85,0x000EA32D,959277,80,66,66
HIT_PERSISTENT,85,0x000EA32E,959278,66,195,195
HIT_PERSISTENT,85,0x000EA32F,959279,64,56,56
HIT_PERSISTENT,85,0x000EA330,959280,252,180,180
HIT_PERSISTENT,85,0x000EA331,959281,255,0,0
HIT_PERSISTENT,85,0x000EA332,959282,151,0,0
HIT_PERSISTENT,85,0x000EA333,959283,255,0,0
HIT_PERSISTENT,85,0x000EA334,959284,255,0,0
HIT_PERSISTENT,85,0x000EA335,959285,45,0,0
HIT_PERSISTENT,85,0x000EA336,959286,254,0,0
HIT_PERSISTENT,85,0x000EA337,959287,255,0,0
HIT_PERSISTENT,85,0x000EA338,959288,186,179,179
HIT_PERSISTENT,85,0x000EA33A,959290,14,0,0
HIT_PERSISTENT,85,0x000EA33B,959291,2,0,0
HIT_PERSISTENT,85,0x000EA33C,959292,0,4,4
HIT_PERSISTENT,85,0x000EA33E,959294,0,4,4
HIT_PERSISTENT,85,0x000EA340,959296,253,228,228
HIT_PERSISTENT,85,0x000EA341,959297,144,68,68
HIT_PERSISTENT,85,0x000EA342,959298,0,67,67
HIT_PERSISTENT,85,0x000EA343,959299,0,92,92
HIT_PERSISTENT,85,0x000EA344,959300,128,0,0
HIT_PERSISTENT,85,0x000EA345,959301,27,66,66
HIT_PERSISTENT,85,0x000EA346,959302,19,195,195
HIT_PERSISTENT,85,0x000EA347,959303,200,60,60
HIT_PERSISTENT,85,0x000EA348,959304,245,180,180
HIT_PERSISTENT,85,0x000EA349,959305,144,0,0
HIT_PERSISTENT,85,0x000EA34C,959308,7,0,0
HIT_PERSISTENT,85,0x000EA350,959312,230,179,179
HIT_PERSISTENT,85,0x000EA354,959316,0,4,4
HIT_PERSISTENT,85,0x000EA356,959318,0,4,4
HIT_PERSISTENT,85,0x000EA358,959320,243,228,228
HIT_PERSISTENT,85,0x000EA359,959321,0,68,68
HIT_PERSISTENT,85,0x000EA35A,959322,0,67,67
HIT_PERSISTENT,85,0x000EA35B,959323,0,96,96
HIT_PERSISTENT,85,0x000EA35C,959324,7,0,0
HIT_PERSISTENT,85,0x000EA35D,959325,1,66,66
HIT_PERSISTENT,85,0x000EA35E,959326,248,195,195
HIT_PERSISTENT,85,0x000EA35F,959327,0,64,64
HIT_PERSISTENT,85,0x000EA360,959328,231,180,180
HIT_PERSISTENT,85,0x000EA368,959336,245,179,179
HIT_PERSISTENT,85,0x000EA369,959337,136,0,0
HIT_PERSISTENT,85,0x000EA36A,959338,2,0,0
HIT_PERSISTENT,85,0x000EA36C,959340,0,4,4
HIT_PERSISTENT,85,0x000EA36E,959342,0,4,4
HIT_PERSISTENT,85,0x000EA370,959344,242,228,228
HIT_PERSISTENT,85,0x000EA371,959345,0,68,68
HIT_PERSISTENT,85,0x000EA372,959346,0,131,131
HIT_PERSISTENT,85,0x000EA373,959347,0,88,88
HIT_PERSISTENT,85,0x000EA375,959349,1,67,67
HIT_PERSISTENT,85,0x000EA376,959350,192,3,3
HIT_PERSISTENT,85,0x000EA377,959351,28,56,56
HIT_PERSISTENT,85,0x000EA378,959352,250,180,180
HIT_PERSISTENT,85,0x000EA37C,959356,100,0,0
HIT_PERSISTENT,85,0x000EA37D,959357,100,0,0
HIT_PERSISTENT,85,0x000EA37E,959358,100,0,0
HIT_PERSISTENT,85,0x000EA37F,959359,255,0,0
HIT_PERSISTENT,85,0x000EA380,959360,228,179,179
HIT_PERSISTENT,85,0x000EA381,959361,68,0,0
HIT_PERSISTENT,85,0x000EA382,959362,67,0,0
HIT_PERSISTENT,85,0x000EA383,959363,88,0,0
HIT_PERSISTENT,85,0x000EA384,959364,0,4,4
HIT_PERSISTENT,85,0x000EA385,959365,66,0,0
HIT_PERSISTENT,85,0x000EA386,959366,195,4,4
HIT_PERSISTENT,85,0x000EA387,959367,56,0,0
HIT_PERSISTENT,85,0x000EA388,959368,180,228,228
HIT_PERSISTENT,85,0x000EA389,959369,0,68,68
HIT_PERSISTENT,85,0x000EA38A,959370,0,131,131
HIT_PERSISTENT,85,0x000EA38B,959371,0,96,96
HIT_PERSISTENT,85,0x000EA38D,959373,0,67,67
HIT_PERSISTENT,85,0x000EA38E,959374,0,3,3
HIT_PERSISTENT,85,0x000EA38F,959375,0,64,64
HIT_PERSISTENT,85,0x000EA390,959376,179,180,180
HIT_PERSISTENT,85,0x000EA394,959380,4,0,0
HIT_PERSISTENT,85,0x000EA396,959382,4,0,0
HIT_PERSISTENT,85,0x000EA398,959384,228,179,179
HIT_PERSISTENT,85,0x000EA399,959385,68,0,0
HIT_PERSISTENT,85,0x000EA39A,959386,67,0,0
HIT_PERSISTENT,85,0x000EA39B,959387,92,0,0
HIT_PERSISTENT,85,0x000EA39C,959388,0,4,4
HIT_PERSISTENT,85,0x000EA39D,959389,66,0,0
HIT_PERSISTENT,85,0x000EA39E,959390,195,4,4
HIT_PERSISTENT,85,0x000EA39F,959391,60,0,0
HIT_PERSISTENT,85,0x000EA3A0,959392,180,228,228
HIT_PERSISTENT,85,0x000EA3A1,959393,0,68,68
HIT_PERSISTENT,85,0x000EA3A2,959394,0,195,195
HIT_PERSISTENT,85,0x000EA3A3,959395,0,88,88
HIT_PERSISTENT,85,0x000EA3A5,959397,0,67,67
HIT_PERSISTENT,85,0x000EA3A6,959398,0,67,67
HIT_PERSISTENT,85,0x000EA3A7,959399,0,56,56
HIT_PERSISTENT,85,0x000EA3A8,959400,179,180,180
HIT_PERSISTENT,85,0x000EA3AC,959404,4,0,0
HIT_PERSISTENT,85,0x000EA3AE,959406,4,0,0
HIT_PERSISTENT,85,0x000EA3B0,959408,228,179,179
HIT_PERSISTENT,85,0x000EA3B1,959409,68,0,0
HIT_PERSISTENT,85,0x000EA3B2,959410,67,0,0
HIT_PERSISTENT,85,0x000EA3B3,959411,96,0,0
HIT_PERSISTENT,85,0x000EA3B4,959412,0,4,4
HIT_PERSISTENT,85,0x000EA3B5,959413,66,0,0
HIT_PERSISTENT,85,0x000EA3B6,959414,195,4,4
HIT_PERSISTENT,85,0x000EA3B7,959415,64,0,0
HIT_PERSISTENT,85,0x000EA3B8,959416,180,228,228
HIT_PERSISTENT,85,0x000EA3B9,959417,0,68,68
HIT_PERSISTENT,85,0x000EA3BA,959418,0,195,195
HIT_PERSISTENT,85,0x000EA3BB,959419,0,92,92
HIT_PERSISTENT,85,0x000EA3BD,959421,0,67,67
HIT_PERSISTENT,85,0x000EA3BE,959422,0,67,67
HIT_PERSISTENT,85,0x000EA3BF,959423,0,60,60
HIT_PERSISTENT,85,0x000EA3C0,959424,179,180,180
HIT_PERSISTENT,85,0x000EA3C4,959428,4,0,0
HIT_PERSISTENT,85,0x000EA3C6,959430,4,0,0
HIT_PERSISTENT,85,0x000EA3C8,959432,228,179,179
HIT_PERSISTENT,85,0x000EA3C9,959433,68,0,0
HIT_PERSISTENT,85,0x000EA3CA,959434,131,0,0
HIT_PERSISTENT,85,0x000EA3CB,959435,88,0,0
HIT_PERSISTENT,85,0x000EA3CC,959436,0,4,4
HIT_PERSISTENT,85,0x000EA3CD,959437,67,0,0
HIT_PERSISTENT,85,0x000EA3CE,959438,3,4,4
HIT_PERSISTENT,85,0x000EA3CF,959439,56,0,0
HIT_PERSISTENT,85,0x000EA3D0,959440,180,228,228
HIT_PERSISTENT,85,0x000EA3D1,959441,0,68,68
HIT_PERSISTENT,85,0x000EA3D2,959442,0,195,195
HIT_PERSISTENT,85,0x000EA3D3,959443,0,96,96
HIT_PERSISTENT,85,0x000EA3D5,959445,0,67,67
HIT_PERSISTENT,85,0x000EA3D6,959446,0,67,67
HIT_PERSISTENT,85,0x000EA3D7,959447,0,64,64
HIT_PERSISTENT,85,0x000EA3D8,959448,179,180,180
HIT_PERSISTENT,85,0x000EA3DC,959452,4,0,0
HIT_PERSISTENT,85,0x000EA3DE,959454,4,0,0
HIT_PERSISTENT,85,0x000EA3E0,959456,228,179,179
HIT_PERSISTENT,85,0x000EA3E1,959457,68,0,0
HIT_PERSISTENT,85,0x000EA3E2,959458,131,0,0
HIT_PERSISTENT,85,0x000EA3E3,959459,96,0,0
HIT_PERSISTENT,85,0x000EA3E4,959460,0,4,4
HIT_PERSISTENT,85,0x000EA3E5,959461,67,0,0
HIT_PERSISTENT,85,0x000EA3E6,959462,3,4,4
HIT_PERSISTENT,85,0x000EA3E7,959463,64,0,0
HIT_PERSISTENT,85,0x000EA3E8,959464,180,250,250
HIT_PERSISTENT,85,0x000EA3EC,959468,0,255,255
HIT_PERSISTENT,85,0x000EA3ED,959469,0,255,255
HIT_PERSISTENT,85,0x000EA3EE,959470,0,255,255
HIT_PERSISTENT,85,0x000EA3EF,959471,0,255,255
HIT_PERSISTENT,85,0x000EA3F0,959472,179,228,228
HIT_PERSISTENT,85,0x000EA3F1,959473,0,68,68
HIT_PERSISTENT,85,0x000EA3F2,959474,0,131,131
HIT_PERSISTENT,85,0x000EA3F3,959475,0,92,92
HIT_PERSISTENT,85,0x000EA3F4,959476,4,0,0
HIT_PERSISTENT,85,0x000EA3F5,959477,0,67,67
HIT_PERSISTENT,85,0x000EA3F6,959478,4,3,3
HIT_PERSISTENT,85,0x000EA3F7,959479,0,60,60
HIT_PERSISTENT,85,0x000EA3F8,959480,228,180,180
HIT_PERSISTENT,85,0x000EA3F9,959481,68,0,0
HIT_PERSISTENT,85,0x000EA3FA,959482,195,0,0
HIT_PERSISTENT,85,0x000EA3FB,959483,88,0,0
HIT_PERSISTENT,85,0x000EA3FD,959485,67,0,0
HIT_PERSISTENT,85,0x000EA3FE,959486,67,0,0
HIT_PERSISTENT,85,0x000EA3FF,959487,56,0,0
HIT_PERSISTENT,85,0x000EA400,959488,180,179,179
HIT_PERSISTENT,85,0x000EA404,959492,0,4,4
HIT_PERSISTENT,85,0x000EA406,959494,0,4,4
HIT_PERSISTENT,85,0x000EA408,959496,179,186,186
HIT_PERSISTENT,85,0x000EA40A,959498,0,14,14
HIT_PERSISTENT,85,0x000EA40B,959499,0,2,2
HIT_PERSISTENT,85,0x000EA40C,959500,4,0,0
HIT_PERSISTENT,85,0x000EA40E,959502,4,0,0
HIT_PERSISTENT,85,0x000EA410,959504,228,253,253
HIT_PERSISTENT,85,0x000EA411,959505,68,144,144
HIT_PERSISTENT,85,0x000EA412,959506,195,0,0
HIT_PERSISTENT,85,0x000EA413,959507,92,0,0
HIT_PERSISTENT,85,0x000EA414,959508,0,128,128
HIT_PERSISTENT,85,0x000EA415,959509,67,27,27
HIT_PERSISTENT,85,0x000EA416,959510,67,18,18
HIT_PERSISTENT,85,0x000EA417,959511,60,24,24
HIT_PERSISTENT,85,0x000EA418,959512,180,245,245
HIT_PERSISTENT,85,0x000EA419,959513,0,144,144
HIT_PERSISTENT,85,0x000EA41C,959516,0,7,7
HIT_PERSISTENT,85,0x000EA420,959520,179,230,230
HIT_PERSISTENT,85,0x000EA424,959524,4,0,0
HIT_PERSISTENT,85,0x000EA426,959526,4,0,0
HIT_PERSISTENT,85,0x000EA428,959528,228,243,243
HIT_PERSISTENT,85,0x000EA429,959529,68,0,0
HIT_PERSISTENT,85,0x000EA42A,959530,195,0,0
HIT_PERSISTENT,85,0x000EA42B,959531,96,0,0
HIT_PERSISTENT,85,0x000EA42C,959532,0,7,7
HIT_PERSISTENT,85,0x000EA42D,959533,67,1,1
HIT_PERSISTENT,85,0x000EA42E,959534,67,248,248
HIT_PERSISTENT,85,0x000EA42F,959535,64,0,0
HIT_PERSISTENT,85,0x000EA430,959536,180,231,231
HIT_PERSISTENT,85,0x000EA438,959544,179,245,245
HIT_PERSISTENT,85,0x000EA439,959545,0,136,136
HIT_PERSISTENT,85,0x000EA43A,959546,0,2,2
HIT_PERSISTENT,85,0x000EA43C,959548,4,0,0
HIT_PERSISTENT,85,0x000EA43E,959550,4,0,0
HIT_PERSISTENT,85,0x000EA440,959552,250,242,242
HIT_PERSISTENT,85,0x000EA444,959556,255,0,0
HIT_PERSISTENT,85,0x000EA445,959557,255,1,1
HIT_PERSISTENT,85,0x000EA446,959558,255,192,192
HIT_PERSISTENT,85,0x000EA447,959559,255,28,28
HIT_PERSISTENT,85,0x000EA448,959560,228,250,250
HIT_PERSISTENT,85,0x000EA449,959561,68,0,0
HIT_PERSISTENT,85,0x000EA44A,959562,131,0,0
HIT_PERSISTENT,85,0x000EA44B,959563,92,0,0
HIT_PERSISTENT,85,0x000EA44C,959564,0,100,100
HIT_PERSISTENT,85,0x000EA44D,959565,67,100,100
HIT_PERSISTENT,85,0x000EA44E,959566,3,100,100
HIT_PERSISTENT,85,0x000EA44F,959567,60,255,255
HIT_PERSISTENT,85,0x000EA450,959568,180,228,228
HIT_PERSISTENT,85,0x000EA451,959569,0,70,70
HIT_PERSISTENT,85,0x000EA452,959570,0,3,3
HIT_PERSISTENT,85,0x000EA453,959571,0,88,88
HIT_PERSISTENT,85,0x000EA455,959573,0,68,68
HIT_PERSISTENT,85,0x000EA456,959574,0,131,131
HIT_PERSISTENT,85,0x000EA457,959575,0,56,56
HIT_PERSISTENT,85,0x000EA458,959576,179,180,180
HIT_PERSISTENT,85,0x000EA45C,959580,4,0,0
HIT_PERSISTENT,85,0x000EA45E,959582,4,0,0
HIT_PERSISTENT,85,0x000EA460,959584,186,179,179
HIT_PERSISTENT,85,0x000EA462,959586,14,0,0
HIT_PERSISTENT,85,0x000EA463,959587,2,0,0
HIT_PERSISTENT,85,0x000EA464,959588,0,4,4
HIT_PERSISTENT,85,0x000EA466,959590,0,4,4
HIT_PERSISTENT,85,0x000EA468,959592,253,228,228
HIT_PERSISTENT,85,0x000EA469,959593,144,70,70
HIT_PERSISTENT,85,0x000EA46A,959594,0,3,3
HIT_PERSISTENT,85,0x000EA46B,959595,0,92,92
HIT_PERSISTENT,85,0x000EA46C,959596,128,0,0
HIT_PERSISTENT,85,0x000EA46D,959597,27,68,68
HIT_PERSISTENT,85,0x000EA46E,959598,18,131,131
HIT_PERSISTENT,85,0x000EA46F,959599,24,60,60
HIT_PERSISTENT,85,0x000EA470,959600,245,180,180
HIT_PERSISTENT,85,0x000EA471,959601,144,0,0
HIT_PERSISTENT,85,0x000EA474,959604,7,0,0
HIT_PERSISTENT,85,0x000EA478,959608,230,179,179
HIT_PERSISTENT,85,0x000EA47C,959612,0,4,4
HIT_PERSISTENT,85,0x000EA47E,959614,0,4,4
HIT_PERSISTENT,85,0x000EA480,959616,243,228,228
HIT_PERSISTENT,85,0x000EA481,959617,0,70,70
HIT_PERSISTENT,85,0x000EA482,959618,0,3,3
HIT_PERSISTENT,85,0x000EA483,959619,0,96,96
HIT_PERSISTENT,85,0x000EA484,959620,7,0,0
HIT_PERSISTENT,85,0x000EA485,959621,1,68,68
HIT_PERSISTENT,85,0x000EA486,959622,248,131,131
HIT_PERSISTENT,85,0x000EA487,959623,0,64,64
HIT_PERSISTENT,85,0x000EA488,959624,231,180,180
HIT_PERSISTENT,85,0x000EA490,959632,245,179,179
HIT_PERSISTENT,85,0x000EA491,959633,136,0,0
HIT_PERSISTENT,85,0x000EA492,959634,2,0,0
HIT_PERSISTENT,85,0x000EA494,959636,0,4,4
HIT_PERSISTENT,85,0x000EA496,959638,0,4,4
HIT_PERSISTENT,85,0x000EA498,959640,242,228,228
HIT_PERSISTENT,85,0x000EA499,959641,0,70,70
HIT_PERSISTENT,85,0x000EA49A,959642,0,67,67
HIT_PERSISTENT,85,0x000EA49B,959643,0,88,88
HIT_PERSISTENT,85,0x000EA49D,959645,1,68,68
HIT_PERSISTENT,85,0x000EA49E,959646,192,195,195
HIT_PERSISTENT,85,0x000EA49F,959647,28,56,56
HIT_PERSISTENT,85,0x000EA4A0,959648,250,180,180
HIT_PERSISTENT,85,0x000EA4A4,959652,100,0,0
HIT_PERSISTENT,85,0x000EA4A5,959653,100,0,0
HIT_PERSISTENT,85,0x000EA4A6,959654,100,0,0
HIT_PERSISTENT,85,0x000EA4A7,959655,255,0,0
HIT_PERSISTENT,85,0x000EA4A8,959656,228,179,179
HIT_PERSISTENT,85,0x000EA4A9,959657,70,0,0
HIT_PERSISTENT,85,0x000EA4AA,959658,3,0,0
HIT_PERSISTENT,85,0x000EA4AB,959659,88,0,0
HIT_PERSISTENT,85,0x000EA4AC,959660,0,4,4
HIT_PERSISTENT,85,0x000EA4AD,959661,68,0,0
HIT_PERSISTENT,85,0x000EA4AE,959662,131,4,4
HIT_PERSISTENT,85,0x000EA4AF,959663,56,0,0
HIT_PERSISTENT,85,0x000EA4B0,959664,180,228,228
HIT_PERSISTENT,85,0x000EA4B1,959665,0,70,70
HIT_PERSISTENT,85,0x000EA4B2,959666,0,67,67
HIT_PERSISTENT,85,0x000EA4B3,959667,0,96,96
HIT_PERSISTENT,85,0x000EA4B5,959669,0,68,68
HIT_PERSISTENT,85,0x000EA4B6,959670,0,195,195
HIT_PERSISTENT,85,0x000EA4B7,959671,0,64,64
HIT_PERSISTENT,85,0x000EA4B8,959672,179,180,180
HIT_PERSISTENT,85,0x000EA4BC,959676,4,0,0
HIT_PERSISTENT,85,0x000EA4BE,959678,4,0,0
HIT_PERSISTENT,85,0x000EA4C0,959680,228,179,179
HIT_PERSISTENT,85,0x000EA4C1,959681,70,0,0
HIT_PERSISTENT,85,0x000EA4C2,959682,3,0,0
HIT_PERSISTENT,85,0x000EA4C3,959683,92,0,0
HIT_PERSISTENT,85,0x000EA4C4,959684,0,4,4
HIT_PERSISTENT,85,0x000EA4C5,959685,68,0,0
HIT_PERSISTENT,85,0x000EA4C6,959686,131,4,4
HIT_PERSISTENT,85,0x000EA4C7,959687,60,0,0
HIT_PERSISTENT,85,0x000EA4C8,959688,180,228,228
HIT_PERSISTENT,85,0x000EA4C9,959689,0,70,70
HIT_PERSISTENT,85,0x000EA4CA,959690,0,131,131
HIT_PERSISTENT,85,0x000EA4CB,959691,0,88,88
HIT_PERSISTENT,85,0x000EA4CD,959693,0,69,69
HIT_PERSISTENT,85,0x000EA4CE,959694,0,3,3
HIT_PERSISTENT,85,0x000EA4CF,959695,0,56,56
HIT_PERSISTENT,85,0x000EA4D0,959696,179,180,180
HIT_PERSISTENT,85,0x000EA4D4,959700,4,0,0
HIT_PERSISTENT,85,0x000EA4D6,959702,4,0,0
HIT_PERSISTENT,85,0x000EA4D8,959704,228,179,179
HIT_PERSISTENT,85,0x000EA4D9,959705,70,0,0
HIT_PERSISTENT,85,0x000EA4DA,959706,3,0,0
HIT_PERSISTENT,85,0x000EA4DB,959707,96,0,0
HIT_PERSISTENT,85,0x000EA4DC,959708,0,4,4
HIT_PERSISTENT,85,0x000EA4DD,959709,68,0,0
HIT_PERSISTENT,85,0x000EA4DE,959710,131,4,4
HIT_PERSISTENT,85,0x000EA4DF,959711,64,0,0
HIT_PERSISTENT,85,0x000EA4E0,959712,180,228,228
HIT_PERSISTENT,85,0x000EA4E1,959713,0,70,70
HIT_PERSISTENT,85,0x000EA4E2,959714,0,131,131
HIT_PERSISTENT,85,0x000EA4E3,959715,0,92,92
HIT_PERSISTENT,85,0x000EA4E5,959717,0,69,69
HIT_PERSISTENT,85,0x000EA4E6,959718,0,3,3
HIT_PERSISTENT,85,0x000EA4E7,959719,0,60,60
HIT_PERSISTENT,85,0x000EA4E8,959720,179,180,180
HIT_PERSISTENT,85,0x000EA4EC,959724,4,0,0
HIT_PERSISTENT,85,0x000EA4EE,959726,4,0,0
HIT_PERSISTENT,85,0x000EA4F0,959728,228,179,179
HIT_PERSISTENT,85,0x000EA4F1,959729,70,0,0
HIT_PERSISTENT,85,0x000EA4F2,959730,67,0,0
HIT_PERSISTENT,85,0x000EA4F3,959731,88,0,0
HIT_PERSISTENT,85,0x000EA4F4,959732,0,4,4
HIT_PERSISTENT,85,0x000EA4F5,959733,68,0,0
HIT_PERSISTENT,85,0x000EA4F6,959734,195,4,4
HIT_PERSISTENT,85,0x000EA4F7,959735,56,0,0
HIT_PERSISTENT,85,0x000EA4F8,959736,180,228,228
HIT_PERSISTENT,85,0x000EA4F9,959737,0,70,70
HIT_PERSISTENT,85,0x000EA4FA,959738,0,131,131
HIT_PERSISTENT,85,0x000EA4FB,959739,0,96,96
HIT_PERSISTENT,85,0x000EA4FD,959741,0,69,69
HIT_PERSISTENT,85,0x000EA4FE,959742,0,3,3
HIT_PERSISTENT,85,0x000EA4FF,959743,0,64,64
HIT_PERSISTENT,85,0x000EA500,959744,179,180,180
HIT_PERSISTENT,85,0x000EA504,959748,4,0,0
HIT_PERSISTENT,85,0x000EA506,959750,4,0,0
HIT_PERSISTENT,85,0x000EA508,959752,228,179,179
HIT_PERSISTENT,85,0x000EA509,959753,70,0,0
HIT_PERSISTENT,85,0x000EA50A,959754,67,0,0
HIT_PERSISTENT,85,0x000EA50B,959755,96,0,0
HIT_PERSISTENT,85,0x000EA50C,959756,0,4,4
HIT_PERSISTENT,85,0x000EA50D,959757,68,0,0
HIT_PERSISTENT,85,0x000EA50E,959758,195,4,4
HIT_PERSISTENT,85,0x000EA50F,959759,64,0,0
HIT_PERSISTENT,85,0x000EA510,959760,180,250,250
HIT_PERSISTENT,85,0x000EA514,959764,0,255,255
HIT_PERSISTENT,85,0x000EA515,959765,0,255,255
HIT_PERSISTENT,85,0x000EA516,959766,0,255,255
HIT_PERSISTENT,85,0x000EA517,959767,0,255,255
HIT_PERSISTENT,85,0x000EA518,959768,179,228,228
HIT_PERSISTENT,85,0x000EA519,959769,0,70,70
HIT_PERSISTENT,85,0x000EA51A,959770,0,67,67
HIT_PERSISTENT,85,0x000EA51B,959771,0,92,92
HIT_PERSISTENT,85,0x000EA51C,959772,4,0,0
HIT_PERSISTENT,85,0x000EA51D,959773,0,68,68
HIT_PERSISTENT,85,0x000EA51E,959774,4,195,195
HIT_PERSISTENT,85,0x000EA51F,959775,0,60,60
HIT_PERSISTENT,85,0x000EA520,959776,228,180,180
HIT_PERSISTENT,85,0x000EA521,959777,70,0,0
HIT_PERSISTENT,85,0x000EA522,959778,131,0,0
HIT_PERSISTENT,85,0x000EA523,959779,88,0,0
HIT_PERSISTENT,85,0x000EA525,959781,69,0,0
HIT_PERSISTENT,85,0x000EA526,959782,3,0,0
HIT_PERSISTENT,85,0x000EA527,959783,56,0,0
HIT_PERSISTENT,85,0x000EA528,959784,180,179,179
HIT_PERSISTENT,85,0x000EA52C,959788,0,4,4
HIT_PERSISTENT,85,0x000EA52E,959790,0,4,4
HIT_PERSISTENT,85,0x000EA530,959792,179,231,231
HIT_PERSISTENT,85,0x000EA534,959796,4,0,0
HIT_PERSISTENT,85,0x000EA536,959798,4,0,0
HIT_PERSISTENT,85,0x000EA538,959800,228,186,186
HIT_PERSISTENT,85,0x000EA539,959801,70,0,0
HIT_PERSISTENT,85,0x000EA53A,959802,131,6,6
HIT_PERSISTENT,85,0x000EA53B,959803,92,2,2
HIT_PERSISTENT,85,0x000EA53D,959805,69,0,0
HIT_PERSISTENT,85,0x000EA53E,959806,3,0,0
HIT_PERSISTENT,85,0x000EA53F,959807,60,64,64
HIT_PERSISTENT,85,0x000EA540,959808,180,186,186
HIT_PERSISTENT,85,0x000EA542,959810,0,19,19
HIT_PERSISTENT,85,0x000EA543,959811,0,1,1
HIT_PERSISTENT,85,0x000EA545,959813,0,8,8
HIT_PERSISTENT,85,0x000EA548,959816,179,186,186
HIT_PERSISTENT,85,0x000EA54A,959818,0,16,16
HIT_PERSISTENT,85,0x000EA54B,959819,0,1,1
HIT_PERSISTENT,85,0x000EA54C,959820,4,0,0
HIT_PERSISTENT,85,0x000EA54D,959821,0,1,1
HIT_PERSISTENT,85,0x000EA54E,959822,4,0,0
HIT_PERSISTENT,85,0x000EA550,959824,228,237,237
HIT_PERSISTENT,85,0x000EA551,959825,70,0,0
HIT_PERSISTENT,85,0x000EA552,959826,131,0,0
HIT_PERSISTENT,85,0x000EA553,959827,96,0,0
HIT_PERSISTENT,85,0x000EA555,959829,69,80,80
HIT_PERSISTENT,85,0x000EA557,959831,64,192,192
HIT_PERSISTENT,85,0x000EA558,959832,180,233,233
HIT_PERSISTENT,85,0x000EA560,959840,179,184,184
HIT_PERSISTENT,85,0x000EA564,959844,4,0,0
HIT_PERSISTENT,85,0x000EA566,959846,4,0,0
HIT_PERSISTENT,85,0x000EA568,959848,250,186,186
HIT_PERSISTENT,85,0x000EA56A,959850,0,6,6
HIT_PERSISTENT,85,0x000EA56B,959851,0,2,2
HIT_PERSISTENT,85,0x000EA56C,959852,255,0,0
HIT_PERSISTENT,85,0x000EA56D,959853,255,0,0
HIT_PERSISTENT,85,0x000EA56E,959854,255,0,0
HIT_PERSISTENT,85,0x000EA56F,959855,255,64,64
HIT_PERSISTENT,85,0x000EA570,959856,228,186,186
HIT_PERSISTENT,85,0x000EA571,959857,70,0,0
HIT_PERSISTENT,85,0x000EA572,959858,67,19,19
HIT_PERSISTENT,85,0x000EA573,959859,92,1,1
HIT_PERSISTENT,85,0x000EA575,959861,68,8,8
HIT_PERSISTENT,85,0x000EA576,959862,195,0,0
HIT_PERSISTENT,85,0x000EA577,959863,60,0,0
HIT_PERSISTENT,85,0x000EA578,959864,180,186,186
HIT_PERSISTENT,85,0x000EA57A,959866,0,16,16
HIT_PERSISTENT,85,0x000EA57B,959867,0,1,1
HIT_PERSISTENT,85,0x000EA57D,959869,0,1,1
HIT_PERSISTENT,85,0x000EA580,959872,179,237,237
HIT_PERSISTENT,85,0x000EA584,959876,4,0,0
HIT_PERSISTENT,85,0x000EA585,959877,0,80,80
HIT_PERSISTENT,85,0x000EA586,959878,4,3,3
HIT_PERSISTENT,85,0x000EA587,959879,0,192,192
HIT_PERSISTENT,85,0x000EA588,959880,231,233,233
HIT_PERSISTENT,85,0x000EA590,959888,186,184,184
HIT_PERSISTENT,85,0x000EA592,959890,6,0,0
HIT_PERSISTENT,85,0x000EA593,959891,2,0,0
HIT_PERSISTENT,85,0x000EA597,959895,64,0,0
HIT_PERSISTENT,85,0x000EA6D2,960210,0,6,6
HIT_PERSISTENT,85,0x000EA6D3,960211,0,2,2
HIT_PERSISTENT,85,0x000EA6DA,960218,0,19,19
HIT_PERSISTENT,85,0x000EA6DB,960219,0,1,1
HIT_PERSISTENT,85,0x000EA6DD,960221,0,8,8
HIT_PERSISTENT,85,0x000F8B5C,1018716,255,0,0
HIT_PERSISTENT,85,0x000F915C,1020252,253,0,0
HIT_PERSISTENT,85,0x000F928A,1020554,255,0,0
HIT_PERSISTENT,85,0x000F928B,1020555,255,0,0
HIT_PERSISTENT,85,0x000F93C2,1020866,255,0,0
HIT_PERSISTENT,85,0x000F93C3,1020867,255,0,0
HIT_PERSISTENT,85,0x000F93CC,1020876,255,0,0
HIT_PERSISTENT,85,0x000F93CD,1020877,255,0,0
HIT_PERSISTENT,85,0x000F93D2,1020882,255,0,0
HIT_PERSISTENT,85,0x000F93D3,1020883,255,0,0
HIT_PERSISTENT,85,0x000F93F2,1020914,255,0,0
HIT_PERSISTENT,85,0x000F94A4,1021092,252,255,255
HIT_PERSISTENT,85,0x000F94AA,1021098,5,0,0
HIT_PERSISTENT,85,0x000F94C2,1021122,0,255,255
HIT_PERSISTENT,85,0x000F94C3,1021123,0,255,255
HIT_PERSISTENT,85,0x000F94C8,1021128,255,0,0
HIT_PERSISTENT,85,0x000F94C9,1021129,255,0,0
HIT_PERSISTENT,85,0x000F94CC,1021132,0,255,255
HIT_PERSISTENT,85,0x000F94CD,1021133,0,255,255
HIT_PERSISTENT,85,0x000F94E2,1021154,5,250,250
HIT_PERSISTENT,85,0x000F9502,1021186,0,255,255
HIT_PERSISTENT,85,0x000F9503,1021187,0,255,255
HIT_PERSISTENT,85,0x000F9508,1021192,255,0,0
HIT_PERSISTENT,85,0x000F9509,1021193,255,0,0
HIT_PERSISTENT,85,0x000F950C,1021196,0,255,255
HIT_PERSISTENT,85,0x000F950D,1021197,0,255,255
HIT_PERSISTENT,85,0x000F9522,1021218,5,250,250
HIT_PERSISTENT,85,0x000F952C,1021228,4,251,251
HIT_PERSISTENT,85,0x000F9540,1021248,0,255,255
HIT_PERSISTENT,85,0x000F9541,1021249,0,255,255
HIT_PERSISTENT,85,0x000F9548,1021256,255,0,0
HIT_PERSISTENT,85,0x000F9549,1021257,255,0,0
HIT_PERSISTENT,85,0x000F954A,1021258,255,0,0
HIT_PERSISTENT,85,0x000F954B,1021259,255,0,0
HIT_PERSISTENT,85,0x000F956A,1021290,255,0,0
HIT_PERSISTENT,85,0x000F9588,1021320,255,0,0
HIT_PERSISTENT,85,0x000F9589,1021321,255,0,0
HIT_PERSISTENT,85,0x000F95C0,1021376,0,255,255
HIT_PERSISTENT,85,0x000F95C1,1021377,0,255,255
HIT_PERSISTENT,85,0x000F95C2,1021378,255,0,0
HIT_PERSISTENT,85,0x000F95C3,1021379,255,0,0
HIT_PERSISTENT,85,0x000F95C4,1021380,255,0,0
HIT_PERSISTENT,85,0x000F95C5,1021381,255,0,0
HIT_PERSISTENT,85,0x000F95CC,1021388,255,0,0
HIT_PERSISTENT,85,0x000F95CD,1021389,255,0,0
HIT_PERSISTENT,85,0x000F95D4,1021396,0,255,255
HIT_PERSISTENT,85,0x000F95D5,1021397,0,255,255
HIT_PERSISTENT,85,0x000F95E4,1021412,255,2,2
HIT_PERSISTENT,85,0x000F9604,1021444,255,0,0
HIT_PERSISTENT,85,0x000F9605,1021445,255,0,0
HIT_PERSISTENT,85,0x000F9612,1021458,255,0,0
HIT_PERSISTENT,85,0x000F9613,1021459,255,0,0
HIT_PERSISTENT,85,0x000F9630,1021488,3,2,2
HIT_PERSISTENT,85,0x000F9632,1021490,255,4,4
HIT_PERSISTENT,85,0x000F9644,1021508,255,0,0
HIT_PERSISTENT,85,0x000F9645,1021509,255,0,0
HIT_PERSISTENT,85,0x000F964C,1021516,255,0,0
HIT_PERSISTENT,85,0x000F964D,1021517,255,0,0
HIT_PERSISTENT,85,0x000F9654,1021524,0,255,255
HIT_PERSISTENT,85,0x000F9655,1021525,0,255,255
HIT_PERSISTENT,85,0x000F9692,1021586,255,0,0
HIT_PERSISTENT,85,0x000F9693,1021587,255,0,0
HIT_PERSISTENT,85,0x000F96A8,1021608,3,2,2
HIT_PERSISTENT,85,0x000F96AA,1021610,0,1,1
HIT_PERSISTENT,85,0x000F96AC,1021612,252,251,251
HIT_PERSISTENT,85,0x000F96B4,1021620,3,2,2
HIT_PERSISTENT,85,0x000F96CA,1021642,0,255,255
HIT_PERSISTENT,85,0x000F96CB,1021643,0,255,255
HIT_PERSISTENT,85,0x000F96F0,1021680,1,2,2
HIT_PERSISTENT,85,0x000F9700,1021696,255,0,0
HIT_PERSISTENT,85,0x000F9701,1021697,255,0,0
HIT_PERSISTENT,85,0x000F970A,1021706,255,0,0
HIT_PERSISTENT,85,0x000F970B,1021707,255,0,0
HIT_PERSISTENT,85,0x000F980C,1021964,255,0,0
HIT_PERSISTENT,85,0x000F980D,1021965,255,0,0
HIT_PERSISTENT,85,0x000F9A8C,1022604,255,0,0
HIT_PERSISTENT,85,0x000F9A8D,1022605,255,0,0
HIT_PERSISTENT,85,0x000F9ACC,1022668,255,0,0
HIT_PERSISTENT,85,0x000F9ACD,1022669,255,0,0
HIT_PERSISTENT,85,0x000F9CC0,1023168,255,254,254
HIT_PERSISTENT,85,0x000F9CC2,1023170,0,251,251
HIT_PERSISTENT,85,0x000F9CC4,1023172,0,254,254
HIT_PERSISTENT,85,0x000F9CCC,1023180,0,255,255
HIT_PERSISTENT,85,0x000F9CCD,1023181,0,255,255
HIT_PERSISTENT,85,0x000F9CCE,1023182,0,255,255
HIT_PERSISTENT,85,0x000F9CD2,1023186,0,251,251
HIT_PERSISTENT,85,0x000F9CD4,1023188,255,1,1
HIT_PERSISTENT,85,0x000F9CD8,1023192,0,3,3
HIT_PERSISTENT,85,0x000F9CDE,1023198,0,255,255
HIT_PERSISTENT,85,0x000F9CE0,1023200,251,1,1
HIT_PERSISTENT,85,0x000F9CE2,1023202,0,251,251
HIT_PERSISTENT,85,0x000F9CE4,1023204,2,1,1
HIT_PERSISTENT,85,0x000F9CE8,1023208,2,3,3
HIT_PERSISTENT,85,0x000F9CEA,1023210,0,3,3
HIT_PERSISTENT,85,0x000F9CEC,1023212,4,255,255
HIT_PERSISTENT,85,0x000F9CEE,1023214,0,255,255
HIT_PERSISTENT,85,0x000F9CF2,1023218,5,251,251
HIT_PERSISTENT,85,0x000F9CFE,1023230,0,255,255
HIT_PERSISTENT,85,0x000F9D0A,1023242,255,0,0
HIT_PERSISTENT,85,0x000F9D0B,1023243,255,0,0
HIT_PERSISTENT,85,0x000F9D70,1023344,254,1,1
HIT_PERSISTENT,85,0x000F9D84,1023364,255,0,0
HIT_PERSISTENT,85,0x000F9D8A,1023370,255,0,0
HIT_PERSISTENT,85,0x000F9DC4,1023428,254,0,0
HIT_PERSISTENT,85,0x000F9DC5,1023429,147,0,0
HIT_PERSISTENT,85,0x000F9DCC,1023436,255,0,0
HIT_PERSISTENT,85,0x000F9DCD,1023437,255,0,0
HIT_PERSISTENT,85,0x000F9DCE,1023438,255,0,0
HIT_PERSISTENT,85,0x000F9DD8,1023448,3,0,0
HIT_PERSISTENT,85,0x000F9DDE,1023454,255,0,0
HIT_PERSISTENT,85,0x000F9DEE,1023470,255,0,0
HIT_PERSISTENT,85,0x000F9DFE,1023486,255,0,0
HIT_PERSISTENT,85,0x000F9E02,1023490,251,0,0
HIT_PERSISTENT,85,0x000F9E0E,1023502,255,0,0
HIT_PERSISTENT,85,0x000F9E10,1023504,254,0,0
HIT_PERSISTENT,85,0x000F9E18,1023512,3,0,0
HIT_PERSISTENT,85,0x000F9E1E,1023518,255,0,0
HIT_PERSISTENT,85,0x000F9E22,1023522,251,0,0
HIT_PERSISTENT,85,0x000F9E28,1023528,3,0,0
HIT_PERSISTENT,85,0x000F9E2E,1023534,255,0,0
HIT_PERSISTENT,85,0x000F9E3E,1023550,255,0,0
HIT_PERSISTENT,85,0x000F9E4E,1023566,255,0,0
HIT_PERSISTENT,85,0x000F9E4F,1023567,80,0,0
HIT_PERSISTENT,85,0x000F9E50,1023568,254,0,0
HIT_PERSISTENT,85,0x000F9E58,1023576,3,0,0
HIT_PERSISTENT,85,0x000F9E5E,1023582,255,0,0
HIT_PERSISTENT,85,0x000F9E5F,1023583,80,1,1
HIT_PERSISTENT,85,0x000F9E6E,1023598,255,0,0
HIT_PERSISTENT,85,0x000F9E6F,1023599,80,0,0
HIT_PERSISTENT,85,0x000F9E7E,1023614,255,0,0
HIT_PERSISTENT,85,0x000F9E7F,1023615,80,0,0
HIT_PERSISTENT,85,0x000F9E84,1023620,255,0,0
HIT_PERSISTENT,85,0x000FA034,1024052,230,255,255
HIT_PERSISTENT,85,0x000FA041,1024065,255,250,250
HIT_PERSISTENT,85,0x000FA043,1024067,0,18,18
HIT_PERSISTENT,85,0x000FA048,1024072,0,2,2
HIT_PERSISTENT,85,0x000FA04E,1024078,0,255,255
HIT_PERSISTENT,85,0x000FA04F,1024079,0,255,255
HIT_PERSISTENT,85,0x000FA052,1024082,0,255,255
HIT_PERSISTENT,85,0x000FA053,1024083,0,238,238
HIT_PERSISTENT,85,0x000FA054,1024084,255,0,0
HIT_PERSISTENT,85,0x000FA055,1024085,255,22,22
HIT_PERSISTENT,85,0x000FA05A,1024090,255,0,0
HIT_PERSISTENT,85,0x000FA05E,1024094,0,255,255
HIT_PERSISTENT,85,0x000FA05F,1024095,1,255,255
HIT_PERSISTENT,85,0x000FA06E,1024110,0,255,255
HIT_PERSISTENT,85,0x000FA06F,1024111,0,255,255
HIT_PERSISTENT,85,0x000FA07E,1024126,0,255,255
HIT_PERSISTENT,85,0x000FA07F,1024127,0,255,255
HIT_PERSISTENT,85,0x000FA082,1024130,0,255,255
HIT_PERSISTENT,85,0x000FA083,1024131,0,255,255
HIT_PERSISTENT,85,0x000FA088,1024136,0,255,255
HIT_PERSISTENT,85,0x000FA089,1024137,0,255,255
HIT_PERSISTENT,85,0x000FA0A4,1024164,0,5,5
HIT_PERSISTENT,85,0x000FA0AA,1024170,0,5,5
HIT_PERSISTENT,85,0x00105BCC,1072076,255,0,0
HIT_PERSISTENT,85,0x00105BCD,1072077,255,0,0
HIT_PERSISTENT,85,0x00105C8C,1072268,255,0,0
HIT_PERSISTENT,85,0x00105C8D,1072269,255,0,0
HIT_PERSISTENT,85,0x00105DCC,1072588,255,0,0
HIT_PERSISTENT,85,0x00105DCD,1072589,255,0,0
HIT_PERSISTENT,85,0x00105E4C,1072716,255,0,0
HIT_PERSISTENT,85,0x00105E4D,1072717,255,0,0
HIT_PERSISTENT,85,0x00105FCC,1073100,255,0,0
HIT_PERSISTENT,85,0x00105FCD,1073101,255,0,0
HIT_PERSISTENT,85,0x001064C0,1074368,255,254,254
HIT_PERSISTENT,85,0x001064C2,1074370,0,251,251
HIT_PERSISTENT,85,0x001064C4,1074372,0,254,254
HIT_PERSISTENT,85,0x001064CC,1074380,0,255,255
HIT_PERSISTENT,85,0x001064CD,1074381,0,255,255
HIT_PERSISTENT,85,0x001064CE,1074382,0,255,255
HIT_PERSISTENT,85,0x001064D2,1074386,0,251,251
HIT_PERSISTENT,85,0x001064D4,1074388,255,1,1
HIT_PERSISTENT,85,0x001064D8,1074392,0,3,3
HIT_PERSISTENT,85,0x001064DE,1074398,0,255,255
HIT_PERSISTENT,85,0x001064E0,1074400,251,1,1
HIT_PERSISTENT,85,0x001064E4,1074404,2,1,1
HIT_PERSISTENT,85,0x001064E8,1074408,2,3,3
HIT_PERSISTENT,85,0x001064EA,1074410,0,3,3
HIT_PERSISTENT,85,0x001064EC,1074412,4,255,255
HIT_PERSISTENT,85,0x001064ED,1074413,126,255,255
HIT_PERSISTENT,85,0x001064EE,1074414,0,255,255
HIT_PERSISTENT,85,0x001064F4,1074420,255,254,254
HIT_PERSISTENT,85,0x001064FE,1074430,0,255,255
HIT_PERSISTENT,85,0x00106500,1074432,255,254,254
HIT_PERSISTENT,85,0x00106504,1074436,0,254,254
HIT_PERSISTENT,85,0x0010650A,1074442,255,0,0
HIT_PERSISTENT,85,0x0010650B,1074443,255,0,0
HIT_PERSISTENT,85,0x0010650E,1074446,0,255,255
HIT_PERSISTENT,85,0x00106510,1074448,0,254,254
HIT_PERSISTENT,85,0x00106514,1074452,0,1,1
HIT_PERSISTENT,85,0x00106518,1074456,0,3,3
HIT_PERSISTENT,85,0x0010651E,1074462,0,255,255
HIT_PERSISTENT,85,0x00106520,1074464,251,1,1
HIT_PERSISTENT,85,0x0010652E,1074478,0,255,255
HIT_PERSISTENT,85,0x0010653E,1074494,0,255,255
HIT_PERSISTENT,85,0x0010654C,1074508,0,255,255
HIT_PERSISTENT,85,0x0010654D,1074509,0,255,255
HIT_PERSISTENT,85,0x0010654E,1074510,0,255,255
HIT_PERSISTENT,85,0x0010655E,1074526,0,255,255
HIT_PERSISTENT,85,0x0010656C,1074540,4,255,255
HIT_PERSISTENT,85,0x0010656E,1074542,0,255,255
HIT_PERSISTENT,85,0x0010657E,1074558,0,255,255
HIT_PERSISTENT,85,0x00106580,1074560,0,255,255
HIT_PERSISTENT,85,0x00106581,1074561,0,255,255
HIT_PERSISTENT,85,0x00106584,1074564,255,0,0
HIT_PERSISTENT,85,0x00106585,1074565,255,0,0
HIT_PERSISTENT,85,0x0010658A,1074570,255,0,0
HIT_PERSISTENT,85,0x0010658B,1074571,255,0,0
HIT_PERSISTENT,85,0x00106594,1074580,0,255,255
HIT_PERSISTENT,85,0x00106595,1074581,0,255,255
HIT_PERSISTENT,85,0x001065C0,1074624,254,255,255
HIT_PERSISTENT,85,0x001065C1,1074625,143,255,255
HIT_PERSISTENT,85,0x001065C2,1074626,251,0,0
HIT_PERSISTENT,85,0x001065C3,1074627,217,0,0
HIT_PERSISTENT,85,0x001065CE,1074638,255,0,0
HIT_PERSISTENT,85,0x001065D4,1074644,1,255,255
HIT_PERSISTENT,85,0x001065D5,1074645,170,255,255
HIT_PERSISTENT,85,0x001065D8,1074648,3,0,0
HIT_PERSISTENT,85,0x001065DA,1074650,0,255,255
HIT_PERSISTENT,85,0x001065DE,1074654,255,0,0
HIT_PERSISTENT,85,0x001065EE,1074670,255,0,0
HIT_PERSISTENT,85,0x001065FE,1074686,255,0,0
HIT_PERSISTENT,85,0x00106600,1074688,254,0,0
HIT_PERSISTENT,85,0x00106604,1074692,254,0,0
HIT_PERSISTENT,85,0x0010660E,1074702,255,0,0
HIT_PERSISTENT,85,0x00106610,1074704,254,0,0
HIT_PERSISTENT,85,0x00106618,1074712,3,0,0
HIT_PERSISTENT,85,0x0010661E,1074718,255,0,0
HIT_PERSISTENT,85,0x00106624,1074724,1,0,0
HIT_PERSISTENT,85,0x0010662E,1074734,255,0,0
HIT_PERSISTENT,85,0x0010663E,1074750,255,0,0
HIT_PERSISTENT,85,0x00106640,1074752,254,0,0
HIT_PERSISTENT,85,0x00106644,1074756,254,0,0
HIT_PERSISTENT,85,0x0010664B,1074763,0,1,1
HIT_PERSISTENT,85,0x0010664C,1074764,255,0,0
HIT_PERSISTENT,85,0x0010664D,1074765,255,0,0
HIT_PERSISTENT,85,0x0010664E,1074766,255,0,0
HIT_PERSISTENT,85,0x0010664F,1074767,80,0,0
HIT_PERSISTENT,85,0x00106650,1074768,254,0,0
HIT_PERSISTENT,85,0x00106654,1074772,1,0,0
HIT_PERSISTENT,85,0x00106658,1074776,3,0,0
HIT_PERSISTENT,85,0x00106659,1074777,255,0,0
HIT_PERSISTENT,85,0x0010665C,1074780,255,0,0
HIT_PERSISTENT,85,0x0010665D,1074781,255,0,0
HIT_PERSISTENT,85,0x0010665E,1074782,255,0,0
HIT_PERSISTENT,85,0x0010665F,1074783,80,1,1
HIT_PERSISTENT,85,0x00106660,1074784,1,0,0
HIT_PERSISTENT,85,0x00106664,1074788,1,0,0
HIT_PERSISTENT,85,0x00106668,1074792,3,0,0
HIT_PERSISTENT,85,0x00106669,1074793,255,0,0
HIT_PERSISTENT,85,0x0010666A,1074794,3,0,0
HIT_PERSISTENT,85,0x0010666B,1074795,255,0,0
HIT_PERSISTENT,85,0x0010666C,1074796,255,0,0
HIT_PERSISTENT,85,0x0010666D,1074797,255,0,0
HIT_PERSISTENT,85,0x0010666E,1074798,255,0,0
HIT_PERSISTENT,85,0x0010666F,1074799,80,0,0
HIT_PERSISTENT,85,0x00106670,1074800,1,0,0
HIT_PERSISTENT,85,0x00106674,1074804,254,0,0
HIT_PERSISTENT,85,0x0010667A,1074810,3,0,0
HIT_PERSISTENT,85,0x0010667B,1074811,255,0,0
HIT_PERSISTENT,85,0x0010667C,1074812,255,0,0
HIT_PERSISTENT,85,0x0010667D,1074813,255,0,0
HIT_PERSISTENT,85,0x0010667E,1074814,255,0,0
HIT_PERSISTENT,85,0x0010667F,1074815,80,0,0
HIT_PERSISTENT,85,0x001067C4,1075140,255,0,0
HIT_PERSISTENT,85,0x001067C5,1075141,255,0,0
HIT_PERSISTENT,85,0x00106800,1075200,255,0,0
HIT_PERSISTENT,85,0x00106801,1075201,255,0,0
HIT_PERSISTENT,85,0x0010680C,1075212,0,255,255
HIT_PERSISTENT,85,0x0010680D,1075213,0,255,255
HIT_PERSISTENT,85,0x00106814,1075220,255,0,0
HIT_PERSISTENT,85,0x00106815,1075221,255,0,0
HIT_PERSISTENT,85,0x0010681D,1075229,212,247,247
HIT_PERSISTENT,85,0x00106820,1075232,230,2,2
HIT_PERSISTENT,85,0x0010682A,1075242,25,2,2
HIT_PERSISTENT,85,0x00106834,1075252,230,3,3
HIT_PERSISTENT,85,0x00106841,1075265,255,250,250
HIT_PERSISTENT,85,0x00106843,1075267,0,18,18
HIT_PERSISTENT,85,0x00106848,1075272,0,2,2
HIT_PERSISTENT,85,0x0010684E,1075278,0,255,255
HIT_PERSISTENT,85,0x0010684F,1075279,0,255,255
HIT_PERSISTENT,85,0x00106852,1075282,0,255,255
HIT_PERSISTENT,85,0x00106853,1075283,0,238,238
HIT_PERSISTENT,85,0x00106854,1075284,255,0,0
HIT_PERSISTENT,85,0x00106855,1075285,255,22,22
HIT_PERSISTENT,85,0x0010685A,1075290,255,0,0
HIT_PERSISTENT,85,0x0010685E,1075294,0,255,255
HIT_PERSISTENT,85,0x0010685F,1075295,1,255,255
HIT_PERSISTENT,85,0x0010686E,1075310,0,255,255
HIT_PERSISTENT,85,0x0010686F,1075311,0,255,255
HIT_PERSISTENT,85,0x0010687E,1075326,0,255,255
HIT_PERSISTENT,85,0x0010687F,1075327,0,255,255
HIT_PERSISTENT,85,0x00106882,1075330,0,255,255
HIT_PERSISTENT,85,0x00106883,1075331,0,255,255
HIT_PERSISTENT,85,0x00106888,1075336,0,255,255
HIT_PERSISTENT,85,0x00106889,1075337,0,255,255
HIT_PERSISTENT,85,0x001068A4,1075364,0,5,5
HIT_PERSISTENT,85,0x001068AA,1075370,0,5,5
HIT_PERSISTENT,85,0x001CF834,1898548,2,0,0
HIT_PERSISTENT,85,0x001CF836,1898550,1,0,0
HIT_PERSISTENT,85,0x001CF837,1898551,2,0,0
HIT_PERSISTENT,85,0x001CF838,1898552,1,0,0
HIT_PERSISTENT,85,0x001CF839,1898553,211,0,0
HIT_PERSISTENT,85,0x001CF83A,1898554,1,0,0
HIT_PERSISTENT,85,0x001CF83B,1898555,29,0,0
HIT_PERSISTENT,85,0x001CF844,1898564,1,128,128
HIT_PERSISTENT,85,0x001CF845,1898565,4,28,28
HIT_PERSISTENT,85,0x001CF846,1898566,1,251,251
HIT_PERSISTENT,85,0x001CF847,1898567,57,48,48
HIT_PERSISTENT,85,0x001CF856,1898582,1,0,0
HIT_PERSISTENT,85,0x001CF857,1898583,251,0,0
HIT_PERSISTENT,85,0x001CF9C0,1898944,1,0,0
HIT_PERSISTENT,85,0x001CF9C1,1898945,2,18,18
HIT_PERSISTENT,85,0x001CF9C2,1898946,1,255,255
HIT_PERSISTENT,85,0x001CF9C3,1898947,1,221,221
HIT_PERSISTENT,85,0x001CF9C4,1898948,1,0,0
HIT_PERSISTENT,85,0x001CF9C5,1898949,0,45,45
HIT_PERSISTENT,85,0x001CF9C6,1898950,2,0,0
HIT_PERSISTENT,85,0x001CF9C7,1898951,1,0,0
HIT_PERSISTENT,85,0x001CF9C8,1898952,6,1,1
HIT_PERSISTENT,85,0x001CF9C9,1898953,0,100,100
HIT_PERSISTENT,85,0x001CF9CA,1898954,1,3,3
HIT_PERSISTENT,85,0x001CF9CB,1898955,1,208,208
HIT_PERSISTENT,85,0x001CF9CC,1898956,27,138,138
HIT_PERSISTENT,85,0x001CF9CD,1898957,0,138,138
HIT_PERSISTENT,85,0x001CF9CE,1898958,1,138,138
HIT_PERSISTENT,85,0x001CF9CF,1898959,2,255,255
HIT_PERSISTENT,85,0x001CF9D0,1898960,1,0,0
HIT_PERSISTENT,85,0x001CF9D1,1898961,68,19,19
HIT_PERSISTENT,85,0x001CF9D2,1898962,1,255,255
HIT_PERSISTENT,85,0x001CF9D3,1898963,218,230,230
HIT_PERSISTENT,85,0x001CF9D4,1898964,1,255,255
HIT_PERSISTENT,85,0x001CF9D5,1898965,245,207,207
HIT_PERSISTENT,85,0x001CF9D6,1898966,1,0,0
HIT_PERSISTENT,85,0x001CF9D7,1898967,249,0,0
HIT_PERSISTENT,85,0x001CF9D8,1898968,1,2,2
HIT_PERSISTENT,85,0x001CF9D9,1898969,248,160,160
HIT_PERSISTENT,85,0x001CF9DA,1898970,1,3,3
HIT_PERSISTENT,85,0x001CF9DB,1898971,250,207,207
HIT_PERSISTENT,85,0x001CF9DC,1898972,1,152,152
HIT_PERSISTENT,85,0x001CF9DD,1898973,252,152,152
HIT_PERSISTENT,85,0x001CF9DE,1898974,1,152,152
HIT_PERSISTENT,85,0x001CF9DF,1898975,250,255,255
HIT_PERSISTENT,85,0x001CF9E0,1898976,1,0,0
HIT_PERSISTENT,85,0x001CF9E1,1898977,249,20,20
HIT_PERSISTENT,85,0x001CF9E2,1898978,3,0,0
HIT_PERSISTENT,85,0x001CF9E3,1898979,251,33,33
HIT_PERSISTENT,85,0x001CF9E4,1898980,2,0,0
HIT_PERSISTENT,85,0x001CF9E5,1898981,249,37,37
HIT_PERSISTENT,85,0x001CF9E6,1898982,1,0,0
HIT_PERSISTENT,85,0x001CF9E7,1898983,250,0,0
HIT_PERSISTENT,85,0x001CF9E8,1898984,1,0,0
HIT_PERSISTENT,85,0x001CF9E9,1898985,252,162,162
HIT_PERSISTENT,85,0x001CF9EA,1898986,2,3,3
HIT_PERSISTENT,85,0x001CF9EB,1898987,251,213,213
HIT_PERSISTENT,85,0x001CF9EC,1898988,1,152,152
HIT_PERSISTENT,85,0x001CF9ED,1898989,250,152,152
HIT_PERSISTENT,85,0x001CF9EE,1898990,2,152,152
HIT_PERSISTENT,85,0x001CF9EF,1898991,251,255,255
HIT_PERSISTENT,85,0x001CF9F0,1898992,2,0,0
HIT_PERSISTENT,85,0x001CF9F1,1898993,252,22,22
HIT_PERSISTENT,85,0x001CF9F2,1898994,1,0,0
HIT_PERSISTENT,85,0x001CF9F3,1898995,251,19,19
HIT_PERSISTENT,85,0x001CF9F4,1898996,3,255,255
HIT_PERSISTENT,85,0x001CF9F5,1898997,250,214,214
HIT_PERSISTENT,85,0x001CF9F6,1898998,2,0,0
HIT_PERSISTENT,85,0x001CF9F7,1898999,251,0,0
HIT_PERSISTENT,85,0x001CF9F8,1899000,1,3,3
HIT_PERSISTENT,85,0x001CF9F9,1899001,252,78,78
HIT_PERSISTENT,85,0x001CF9FB,1899003,251,214,214
HIT_PERSISTENT,85,0x001CF9FC,1899004,1,152,152
HIT_PERSISTENT,85,0x001CF9FD,1899005,252,152,152
HIT_PERSISTENT,85,0x001CF9FE,1899006,1,152,152
HIT_PERSISTENT,85,0x001CF9FF,1899007,251,255,255
HIT_PERSISTENT,85,0x001CFA00,1899008,1,0,0
HIT_PERSISTENT,85,0x001CFA01,1899009,252,20,20
HIT_PERSISTENT,85,0x001CFA02,1899010,1,0,0
HIT_PERSISTENT,85,0x001CFA03,1899011,251,33,33
HIT_PERSISTENT,85,0x001CFA04,1899012,1,0,0
HIT_PERSISTENT,85,0x001CFA05,1899013,252,37,37
HIT_PERSISTENT,85,0x001CFA06,1899014,1,0,0
HIT_PERSISTENT,85,0x001CFA07,1899015,250,0,0
HIT_PERSISTENT,85,0x001CFA08,1899016,1,4,4
HIT_PERSISTENT,85,0x001CFA09,1899017,251,162,162
HIT_PERSISTENT,85,0x001CFA0A,1899018,2,3,3
HIT_PERSISTENT,85,0x001CFA0B,1899019,252,213,213
HIT_PERSISTENT,85,0x001CFA0C,1899020,3,152,152
HIT_PERSISTENT,85,0x001CFA0D,1899021,251,152,152
HIT_PERSISTENT,85,0x001CFA0E,1899022,1,152,152
HIT_PERSISTENT,85,0x001CFA0F,1899023,253,255,255
HIT_PERSISTENT,85,0x001CFA10,1899024,2,0,0
HIT_PERSISTENT,85,0x001CFA11,1899025,251,77,77
HIT_PERSISTENT,85,0x001CFA12,1899026,1,0,0
HIT_PERSISTENT,85,0x001CFA13,1899027,250,12,12
HIT_PERSISTENT,85,0x001CFA14,1899028,2,0,0
HIT_PERSISTENT,85,0x001CFA15,1899029,251,44,44
HIT_PERSISTENT,85,0x001CFA16,1899030,2,0,0
HIT_PERSISTENT,85,0x001CFA17,1899031,252,0,0
HIT_PERSISTENT,85,0x001CFA18,1899032,3,0,0
HIT_PERSISTENT,85,0x001CFA19,1899033,251,215,215
HIT_PERSISTENT,85,0x001CFA1A,1899034,3,2,2
HIT_PERSISTENT,85,0x001CFA1B,1899035,252,158,158
HIT_PERSISTENT,85,0x001CFA1C,1899036,4,212,212
HIT_PERSISTENT,85,0x001CFA1D,1899037,251,212,212
HIT_PERSISTENT,85,0x001CFA1E,1899038,3,212,212
HIT_PERSISTENT,85,0x001CFA1F,1899039,250,255,255
HIT_PERSISTENT,85,0x001CFA20,1899040,1,0,0
HIT_PERSISTENT,85,0x001CFA21,1899041,252,72,72
HIT_PERSISTENT,85,0x001CFA22,1899042,1,255,255
HIT_PERSISTENT,85,0x001CFA23,1899043,251,198,198
HIT_PERSISTENT,85,0x001CFA24,1899044,1,0,0
HIT_PERSISTENT,85,0x001CFA25,1899045,250,44,44
HIT_PERSISTENT,85,0x001CFA26,1899046,1,0,0
HIT_PERSISTENT,85,0x001CFA27,1899047,251,0,0
HIT_PERSISTENT,85,0x001CFA29,1899049,252,143,143
HIT_PERSISTENT,85,0x001CFA2A,1899050,1,2,2
HIT_PERSISTENT,85,0x001CFA2B,1899051,251,148,148
HIT_PERSISTENT,85,0x001CFA2C,1899052,1,170,170
HIT_PERSISTENT,85,0x001CFA2D,1899053,253,170,170
HIT_PERSISTENT,85,0x001CFA2E,1899054,2,170,170
HIT_PERSISTENT,85,0x001CFA2F,1899055,251,255,255
HIT_PERSISTENT,85,0x001CFA30,1899056,1,0,0
HIT_PERSISTENT,85,0x001CFA31,1899057,250,72,72
HIT_PERSISTENT,85,0x001CFA32,1899058,1,255,255
HIT_PERSISTENT,85,0x001CFA33,1899059,251,194,194
HIT_PERSISTENT,85,0x001CFA34,1899060,1,255,255
HIT_PERSISTENT,85,0x001CFA35,1899061,252,242,242
HIT_PERSISTENT,85,0x001CFA36,1899062,1,0,0
HIT_PERSISTENT,85,0x001CFA37,1899063,251,0,0
HIT_PERSISTENT,85,0x001CFA38,1899064,1,2,2
HIT_PERSISTENT,85,0x001CFA39,1899065,253,28,28
HIT_PERSISTENT,85,0x001CFA3B,1899067,252,146,146
HIT_PERSISTENT,85,0x001CFA3C,1899068,1,136,136
HIT_PERSISTENT,85,0x001CFA3D,1899069,251,136,136
HIT_PERSISTENT,85,0x001CFA3E,1899070,1,136,136
HIT_PERSISTENT,85,0x001CFA3F,1899071,253,255,255
HIT_PERSISTENT,85,0x001CFA40,1899072,2,0,0
HIT_PERSISTENT,85,0x001CFA41,1899073,252,74,74
HIT_PERSISTENT,85,0x001CFA42,1899074,1,0,0
HIT_PERSISTENT,85,0x001CFA43,1899075,251,0,0
HIT_PERSISTENT,85,0x001CFA44,1899076,1,255,255
HIT_PERSISTENT,85,0x001CFA45,1899077,250,205,205
HIT_PERSISTENT,85,0x001CFA46,1899078,1,0,0
HIT_PERSISTENT,85,0x001CFA47,1899079,252,0,0
HIT_PERSISTENT,85,0x001CFA49,1899081,251,6,6
HIT_PERSISTENT,85,0x001CFA4A,1899082,1,2,2
HIT_PERSISTENT,85,0x001CFA4B,1899083,252,149,149
HIT_PERSISTENT,85,0x001CFA4C,1899084,1,212,212
HIT_PERSISTENT,85,0x001CFA4D,1899085,251,212,212
HIT_PERSISTENT,85,0x001CFA4E,1899086,1,212,212
HIT_PERSISTENT,85,0x001CFA4F,1899087,252,27,27
HIT_PERSISTENT,85,0x001CFA50,1899088,1,0,0
HIT_PERSISTENT,85,0x001CFA51,1899089,251,72,72
HIT_PERSISTENT,85,0x001CFA52,1899090,2,0,0
HIT_PERSISTENT,85,0x001CFA53,1899091,250,52,52
HIT_PERSISTENT,85,0x001CFA54,1899092,1,255,255
HIT_PERSISTENT,85,0x001CFA55,1899093,251,255,255
HIT_PERSISTENT,85,0x001CFA56,1899094,3,0,0
HIT_PERSISTENT,85,0x001CFA57,1899095,250,0,0
HIT_PERSISTENT,85,0x001CFA58,1899096,1,0,0
HIT_PERSISTENT,85,0x001CFA59,1899097,251,13,13
HIT_PERSISTENT,85,0x001CFA5B,1899099,250,149,149
HIT_PERSISTENT,85,0x001CFA5C,1899100,3,167,167
HIT_PERSISTENT,85,0x001CFA5D,1899101,248,167,167
HIT_PERSISTENT,85,0x001CFA5E,1899102,1,167,167
HIT_PERSISTENT,85,0x001CFA5F,1899103,209,255,255
HIT_PERSISTENT,85,0x001CFA60,1899104,1,0,0
HIT_PERSISTENT,85,0x001CFA61,1899105,127,72,72
HIT_PERSISTENT,85,0x001CFA62,1899106,1,0,0
HIT_PERSISTENT,85,0x001CFA63,1899107,199,52,52
HIT_PERSISTENT,85,0x001CFA64,1899108,1,255,255
HIT_PERSISTENT,85,0x001CFA65,1899109,35,255,255
HIT_PERSISTENT,85,0x001CFA66,1899110,7,0,0
HIT_PERSISTENT,85,0x001CFA68,1899112,1,4,4
HIT_PERSISTENT,85,0x001CFA69,1899113,1,13,13
HIT_PERSISTENT,85,0x001CFA6A,1899114,3,2,2
HIT_PERSISTENT,85,0x001CFA6B,1899115,0,149,149
HIT_PERSISTENT,85,0x001CFA6C,1899116,1,167,167
HIT_PERSISTENT,85,0x001CFA6D,1899117,1,167,167
HIT_PERSISTENT,85,0x001CFA6E,1899118,3,167,167
HIT_PERSISTENT,85,0x001CFA6F,1899119,0,255,255
HIT_PERSISTENT,85,0x001CFA70,1899120,1,0,0
HIT_PERSISTENT,85,0x001CFA71,1899121,1,74,74
HIT_PERSISTENT,85,0x001CFA72,1899122,7,0,0
HIT_PERSISTENT,85,0x001CFA74,1899124,1,255,255
HIT_PERSISTENT,85,0x001CFA75,1899125,1,205,205
HIT_PERSISTENT,85,0x001CFA76,1899126,3,0,0
HIT_PERSISTENT,85,0x001CFA78,1899128,1,3,3
HIT_PERSISTENT,85,0x001CFA79,1899129,1,6,6
HIT_PERSISTENT,85,0x001CFA7A,1899130,10,2,2
HIT_PERSISTENT,85,0x001CFA7B,1899131,0,149,149
HIT_PERSISTENT,85,0x001CFA7C,1899132,2,212,212
HIT_PERSISTENT,85,0x001CFA7D,1899133,1,212,212
HIT_PERSISTENT,85,0x001CFA7E,1899134,45,212,212
HIT_PERSISTENT,85,0x001CFA7F,1899135,0,27,27
HIT_PERSISTENT,85,0x001CFA80,1899136,10,0,0
HIT_PERSISTENT,85,0x001CFA81,1899137,0,72,72
HIT_PERSISTENT,85,0x001CFA82,1899138,1,0,0
HIT_PERSISTENT,85,0x001CFA83,1899139,1,52,52
HIT_PERSISTENT,85,0x001CFA84,1899140,19,255,255
HIT_PERSISTENT,85,0x001CFA85,1899141,0,255,255
HIT_PERSISTENT,85,0x001CFA86,1899142,2,0,0
HIT_PERSISTENT,85,0x001CFA87,1899143,1,0,0
HIT_PERSISTENT,85,0x001CFA88,1899144,2,4,4
HIT_PERSISTENT,85,0x001CFA89,1899145,0,13,13
HIT_PERSISTENT,85,0x001CFA8A,1899146,3,2,2
HIT_PERSISTENT,85,0x001CFA8B,1899147,1,149,149
HIT_PERSISTENT,85,0x001CFA8C,1899148,4,167,167
HIT_PERSISTENT,85,0x001CFA8D,1899149,0,167,167
HIT_PERSISTENT,85,0x001CFA8E,1899150,3,167,167
HIT_PERSISTENT,85,0x001CFA8F,1899151,1,255,255
HIT_PERSISTENT,85,0x001CFA90,1899152,5,0,0
HIT_PERSISTENT,85,0x001CFA91,1899153,0,72,72
HIT_PERSISTENT,85,0x001CFA92,1899154,1,255,255
HIT_PERSISTENT,85,0x001CFA93,1899155,1,194,194
HIT_PERSISTENT,85,0x001CFA94,1899156,1,255,255
HIT_PERSISTENT,85,0x001CFA95,1899157,2,242,242
HIT_PERSISTENT,85,0x001CFA96,1899158,2,0,0
HIT_PERSISTENT,85,0x001CFA97,1899159,1,0,0
HIT_PERSISTENT,85,0x001CFA98,1899160,3,2,2
HIT_PERSISTENT,85,0x001CFA99,1899161,0,28,28
HIT_PERSISTENT,85,0x001CFA9B,1899163,1,146,146
HIT_PERSISTENT,85,0x001CFA9C,1899164,1,136,136
HIT_PERSISTENT,85,0x001CFA9D,1899165,4,136,136
HIT_PERSISTENT,85,0x001CFA9E,1899166,1,136,136
HIT_PERSISTENT,85,0x001CFA9F,1899167,125,255,255
HIT_PERSISTENT,85,0x001CFAA0,1899168,1,0,0
HIT_PERSISTENT,85,0x001CFAA1,1899169,19,72,72
HIT_PERSISTENT,85,0x001CFAA2,1899170,1,255,255
HIT_PERSISTENT,85,0x001CFAA3,1899171,22,198,198
HIT_PERSISTENT,85,0x001CFAA4,1899172,1,0,0
HIT_PERSISTENT,85,0x001CFAA5,1899173,90,44,44
HIT_PERSISTENT,85,0x001CFAA6,1899174,1,0,0
HIT_PERSISTENT,85,0x001CFAA7,1899175,11,0,0
HIT_PERSISTENT,85,0x001CFAA9,1899177,212,143,143
HIT_PERSISTENT,85,0x001CFAAA,1899178,1,2,2
HIT_PERSISTENT,85,0x001CFAAB,1899179,84,148,148
HIT_PERSISTENT,85,0x001CFAAC,1899180,1,170,170
HIT_PERSISTENT,85,0x001CFAAD,1899181,22,170,170
HIT_PERSISTENT,85,0x001CFAAE,1899182,1,170,170
HIT_PERSISTENT,85,0x001CFAAF,1899183,4,255,255
HIT_PERSISTENT,85,0x001CFAB0,1899184,1,0,0
HIT_PERSISTENT,85,0x001CFAB1,1899185,1,72,72
HIT_PERSISTENT,85,0x001CFAB2,1899186,1,0,0
HIT_PERSISTENT,85,0x001CFAB3,1899187,2,52,52
HIT_PERSISTENT,85,0x001CFAB4,1899188,1,255,255
HIT_PERSISTENT,85,0x001CFAB5,1899189,4,255,255
HIT_PERSISTENT,85,0x001CFAB6,1899190,1,0,0
HIT_PERSISTENT,85,0x001CFAB7,1899191,193,0,0
HIT_PERSISTENT,85,0x001CFAB8,1899192,1,0,0
HIT_PERSISTENT,85,0x001CFAB9,1899193,246,13,13
HIT_PERSISTENT,85,0x001CFABA,1899194,1,2,2
HIT_PERSISTENT,85,0x001CFABB,1899195,249,149,149
HIT_PERSISTENT,85,0x001CFABC,1899196,1,167,167
HIT_PERSISTENT,85,0x001CFABD,1899197,250,167,167
HIT_PERSISTENT,85,0x001CFABE,1899198,2,167,167
HIT_PERSISTENT,85,0x001CFABF,1899199,252,255,255
HIT_PERSISTENT,85,0x001CFAC0,1899200,1,0,0
HIT_PERSISTENT,85,0x001CFAC1,1899201,250,77,77
HIT_PERSISTENT,85,0x001CFAC2,1899202,2,0,0
HIT_PERSISTENT,85,0x001CFAC3,1899203,251,12,12
HIT_PERSISTENT,85,0x001CFAC4,1899204,2,0,0
HIT_PERSISTENT,85,0x001CFAC5,1899205,249,44,44
HIT_PERSISTENT,85,0x001CFAC6,1899206,2,0,0
HIT_PERSISTENT,85,0x001CFAC7,1899207,250,0,0
HIT_PERSISTENT,85,0x001CFAC8,1899208,1,0,0
HIT_PERSISTENT,85,0x001CFAC9,1899209,249,215,215
HIT_PERSISTENT,85,0x001CFACA,1899210,1,2,2
HIT_PERSISTENT,85,0x001CFACB,1899211,80,158,158
HIT_PERSISTENT,85,0x001CFACC,1899212,1,212,212
HIT_PERSISTENT,85,0x001CFACD,1899213,1,212,212
HIT_PERSISTENT,85,0x001CFACE,1899214,1,212,212
HIT_PERSISTENT,85,0x001CFACF,1899215,0,255,255
HIT_PERSISTENT,85,0x001CFAD0,1899216,4,255,255
HIT_PERSISTENT,85,0x001CFAD1,1899217,1,255,255
HIT_PERSISTENT,85,0x001CFAD2,1899218,5,0,0
HIT_PERSISTENT,85,0x001CFAD3,1899219,0,49,49
HIT_PERSISTENT,85,0x001CFAD4,1899220,2,255,255
HIT_PERSISTENT,85,0x001CFAD5,1899221,1,254,254
HIT_PERSISTENT,85,0x001CFAD6,1899222,5,0,0
HIT_PERSISTENT,85,0x001CFAD8,1899224,1,4,4
HIT_PERSISTENT,85,0x001CFAD9,1899225,1,15,15
HIT_PERSISTENT,85,0x001CFADA,1899226,10,2,2
HIT_PERSISTENT,85,0x001CFADB,1899227,0,26,26
HIT_PERSISTENT,85,0x001CFADC,1899228,1,170,170
HIT_PERSISTENT,85,0x001CFADD,1899229,1,170,170
HIT_PERSISTENT,85,0x001CFADE,1899230,2,170,170
HIT_PERSISTENT,85,0x001CFADF,1899231,0,255,255
HIT_PERSISTENT,85,0x001CFAE0,1899232,1,0,0
HIT_PERSISTENT,85,0x001CFAE2,1899234,1,0,0
HIT_PERSISTENT,85,0x001CFAE4,1899236,2,255,255
HIT_PERSISTENT,85,0x001CFAE5,1899237,1,205,205
HIT_PERSISTENT,85,0x001CFAE6,1899238,2,0,0
HIT_PERSISTENT,85,0x001CFAE8,1899240,1,3,3
HIT_PERSISTENT,85,0x001CFAE9,1899241,1,12,12
HIT_PERSISTENT,85,0x001CFAEB,1899243,0,27,27
HIT_PERSISTENT,85,0x001CFAEC,1899244,3,255,255
HIT_PERSISTENT,85,0x001CFAED,1899245,1,255,255
HIT_PERSISTENT,85,0x001CFAEE,1899246,1,255,255
HIT_PERSISTENT,85,0x001CFAEF,1899247,0,255,255
HIT_PERSISTENT,85,0x001CFAF0,1899248,1,0,0
HIT_PERSISTENT,85,0x001CFAF1,1899249,1,0,0
HIT_PERSISTENT,85,0x001CFAF2,1899250,1,255,255
HIT_PERSISTENT,85,0x001CFAF3,1899251,3,196,196
HIT_PERSISTENT,85,0x001CFAF4,1899252,1,255,255
HIT_PERSISTENT,85,0x001CFAF5,1899253,1,241,241
HIT_PERSISTENT,85,0x001CFAF6,1899254,1,0,0
HIT_PERSISTENT,85,0x001CFAF7,1899255,2,0,0
HIT_PERSISTENT,85,0x001CFAF9,1899257,1,30,30
HIT_PERSISTENT,85,0x001CFAFA,1899258,14,2,2
HIT_PERSISTENT,85,0x001CFAFB,1899259,0,23,23
HIT_PERSISTENT,85,0x001CFAFC,1899260,4,136,136
HIT_PERSISTENT,85,0x001CFAFD,1899261,1,136,136
HIT_PERSISTENT,85,0x001CFAFE,1899262,2,136,136
HIT_PERSISTENT,85,0x001CFAFF,1899263,0,255,255
HIT_PERSISTENT,85,0x001CFB00,1899264,1,255,255
HIT_PERSISTENT,85,0x001CFB01,1899265,1,254,254
HIT_PERSISTENT,85,0x001CFB02,1899266,1,255,255
HIT_PERSISTENT,85,0x001CFB03,1899267,0,212,212
HIT_PERSISTENT,85,0x001CFB04,1899268,2,0,0
HIT_PERSISTENT,85,0x001CFB05,1899269,1,62,62
HIT_PERSISTENT,85,0x001CFB06,1899270,1,0,0
HIT_PERSISTENT,85,0x001CFB08,1899272,2,1,1
HIT_PERSISTENT,85,0x001CFB09,1899273,1,91,91
HIT_PERSISTENT,85,0x001CFB0A,1899274,1,2,2
HIT_PERSISTENT,85,0x001CFB0B,1899275,0,23,23
HIT_PERSISTENT,85,0x001CFB0C,1899276,2,182,182
HIT_PERSISTENT,85,0x001CFB0D,1899277,1,182,182
HIT_PERSISTENT,85,0x001CFB0E,1899278,1,182,182
HIT_PERSISTENT,85,0x001CFB0F,1899279,0,255,255
HIT_PERSISTENT,85,0x001CFB10,1899280,1,255,255
HIT_PERSISTENT,85,0x001CFB11,1899281,1,254,254
HIT_PERSISTENT,85,0x001CFB12,1899282,4,0,0
HIT_PERSISTENT,85,0x001CFB13,1899283,0,7,7
HIT_PERSISTENT,85,0x001CFB14,1899284,1,0,0
HIT_PERSISTENT,85,0x001CFB15,1899285,1,62,62
HIT_PERSISTENT,85,0x001CFB16,1899286,5,0,0
HIT_PERSISTENT,85,0x001CFB18,1899288,1,0,0
HIT_PERSISTENT,85,0x001CFB19,1899289,1,236,236
HIT_PERSISTENT,85,0x001CFB1B,1899291,0,25,25
HIT_PERSISTENT,85,0x001CFB1C,1899292,3,212,212
HIT_PERSISTENT,85,0x001CFB1D,1899293,1,212,212
HIT_PERSISTENT,85,0x001CFB1E,1899294,4,212,212
HIT_PERSISTENT,85,0x001CFB1F,1899295,0,255,255
HIT_PERSISTENT,85,0x001CFB20,1899296,2,255,255
HIT_PERSISTENT,85,0x001CFB21,1899297,1,255,255
HIT_PERSISTENT,85,0x001CFB22,1899298,2,0,0
HIT_PERSISTENT,85,0x001CFB23,1899299,0,49,49
HIT_PERSISTENT,85,0x001CFB24,1899300,1,255,255
HIT_PERSISTENT,85,0x001CFB25,1899301,3,254,254
HIT_PERSISTENT,85,0x001CFB26,1899302,1,0,0
HIT_PERSISTENT,85,0x001CFB27,1899303,124,0,0
HIT_PERSISTENT,85,0x001CFB28,1899304,1,0,0
HIT_PERSISTENT,85,0x001CFB29,1899305,241,15,15
HIT_PERSISTENT,85,0x001CFB2A,1899306,1,2,2
HIT_PERSISTENT,85,0x001CFB2B,1899307,242,26,26
HIT_PERSISTENT,85,0x001CFB2C,1899308,1,170,170
HIT_PERSISTENT,85,0x001CFB2D,1899309,244,170,170
HIT_PERSISTENT,85,0x001CFB2E,1899310,1,170,170
HIT_PERSISTENT,85,0x001CFB2F,1899311,247,255,255
HIT_PERSISTENT,85,0x001E8D54,2002260,61,189,189
HIT_PERSISTENT,85,0x001E8D6C,2002284,189,61,61
HIT_PERSISTENT,85,0x001EA35C,2007900,0,255,255
HIT_PERSISTENT,85,0x001EA35D,2007901,0,255,255
HIT_PERSISTENT,85,0x001EA35E,2007902,0,255,255
HIT_PERSISTENT,85,0x001EA35F,2007903,1,255,255
HIT_PERSISTENT,85,0x001EA36C,2007916,0,255,255
HIT_PERSISTENT,85,0x001EA36D,2007917,0,255,255
HIT_PERSISTENT,85,0x001EA36E,2007918,0,255,255
HIT_PERSISTENT,85,0x001EA36F,2007919,1,255,255
HIT_PERSISTENT,85,0x001EA37C,2007932,0,255,255
HIT_PERSISTENT,85,0x001EA37D,2007933,0,255,255
HIT_PERSISTENT,85,0x001EA37E,2007934,0,255,255
HIT_PERSISTENT,85,0x001EA37F,2007935,1,255,255
HIT_PERSISTENT,85,0x001EA38C,2007948,0,255,255
HIT_PERSISTENT,85,0x001EA38D,2007949,0,255,255
HIT_PERSISTENT,85,0x001EA38E,2007950,0,255,255
HIT_PERSISTENT,85,0x001EA38F,2007951,1,255,255
HIT_PERSISTENT,85,0x001EA39C,2007964,0,255,255
HIT_PERSISTENT,85,0x001EA39D,2007965,0,255,255
HIT_PERSISTENT,85,0x001EA39E,2007966,0,255,255
HIT_PERSISTENT,85,0x001EA39F,2007967,1,255,255
HIT_PERSISTENT,85,0x001EA3AC,2007980,0,255,255
HIT_PERSISTENT,85,0x001EA3AD,2007981,0,255,255
HIT_PERSISTENT,85,0x001EA3AE,2007982,0,255,255
HIT_PERSISTENT,85,0x001EA3AF,2007983,1,255,255
HIT_PERSISTENT,85,0x001EA3BC,2007996,0,255,255
HIT_PERSISTENT,85,0x001EA3BD,2007997,0,255,255
HIT_PERSISTENT,85,0x001EA3BE,2007998,0,255,255
HIT_PERSISTENT,85,0x001EA3BF,2007999,1,255,255
HIT_PERSISTENT,85,0x001EA3CF,2008015,1,2,2
HIT_PERSISTENT,85,0x001EA3DE,2008030,0,39,39
HIT_PERSISTENT,85,0x001EA3DF,2008031,1,18,18
HIT_PERSISTENT,85,0x001EA3EC,2008044,0,255,255
HIT_PERSISTENT,85,0x001EA3ED,2008045,0,255,255
HIT_PERSISTENT,85,0x001EA3EE,2008046,0,255,255
HIT_PERSISTENT,85,0x001EA3EF,2008047,1,255,255
HIT_PERSISTENT,85,0x001EA3FF,2008063,1,2,2
HIT_PERSISTENT,85,0x001EA40E,2008078,0,39,39
HIT_PERSISTENT,85,0x001EA40F,2008079,1,17,17
HIT_PERSISTENT,85,0x001EA41C,2008092,0,255,255
HIT_PERSISTENT,85,0x001EA41D,2008093,0,255,255
HIT_PERSISTENT,85,0x001EA41E,2008094,0,255,255
HIT_PERSISTENT,85,0x001EA41F,2008095,1,255,255
HIT_PERSISTENT,85,0x001EA42C,2008108,0,255,255
HIT_PERSISTENT,85,0x001EA42D,2008109,0,255,255
HIT_PERSISTENT,85,0x001EA42E,2008110,0,255,255
HIT_PERSISTENT,85,0x001EA42F,2008111,1,255,255
HIT_PERSISTENT,85,0x001EA43C,2008124,0,255,255
HIT_PERSISTENT,85,0x001EA43D,2008125,0,255,255
HIT_PERSISTENT,85,0x001EA43E,2008126,0,255,255
HIT_PERSISTENT,85,0x001EA43F,2008127,1,255,255
HIT_PERSISTENT,85,0x001EA44F,2008143,1,2,2
HIT_PERSISTENT,85,0x001EA45C,2008156,0,255,255
HIT_PERSISTENT,85,0x001EA45D,2008157,0,255,255
HIT_PERSISTENT,85,0x001EA45E,2008158,0,255,255
HIT_PERSISTENT,85,0x001EA45F,2008159,1,255,255
HIT_PERSISTENT,85,0x001EA46F,2008175,1,2,2
HIT_PERSISTENT,85,0x001EA48E,2008206,0,39,39
HIT_PERSISTENT,85,0x001EA48F,2008207,1,16,16
HIT_PERSISTENT,85,0x001EA49C,2008220,0,255,255
HIT_PERSISTENT,85,0x001EA49D,2008221,0,255,255
HIT_PERSISTENT,85,0x001EA49E,2008222,0,255,255
HIT_PERSISTENT,85,0x001EA49F,2008223,1,255,255
HIT_PERSISTENT,85,0x001EA4AC,2008236,0,255,255
HIT_PERSISTENT,85,0x001EA4AD,2008237,0,255,255
HIT_PERSISTENT,85,0x001EA4AE,2008238,0,255,255
HIT_PERSISTENT,85,0x001EA4AF,2008239,1,255,255
HIT_PERSISTENT,85,0x001EA4BC,2008252,0,255,255
HIT_PERSISTENT,85,0x001EA4BD,2008253,0,255,255
HIT_PERSISTENT,85,0x001EA4BE,2008254,0,255,255
HIT_PERSISTENT,85,0x001EA4BF,2008255,1,255,255
HIT_PERSISTENT,85,0x001EA4CC,2008268,0,255,255
HIT_PERSISTENT,85,0x001EA4CD,2008269,0,255,255
HIT_PERSISTENT,85,0x001EA4CE,2008270,0,255,255
HIT_PERSISTENT,85,0x001EA4CF,2008271,1,255,255
HIT_PERSISTENT,85,0x001EA4DC,2008284,0,255,255
HIT_PERSISTENT,85,0x001EA4DD,2008285,0,255,255
HIT_PERSISTENT,85,0x001EA4DE,2008286,0,255,255
HIT_PERSISTENT,85,0x001EA4DF,2008287,1,255,255
HIT_PERSISTENT,85,0x001EA4EC,2008300,0,255,255
HIT_PERSISTENT,85,0x001EA4ED,2008301,0,255,255
HIT_PERSISTENT,85,0x001EA4EE,2008302,0,255,255
HIT_PERSISTENT,85,0x001EA4EF,2008303,1,255,255
HIT_PERSISTENT,85,0x001EA4FC,2008316,0,255,255
HIT_PERSISTENT,85,0x001EA4FD,2008317,0,255,255
HIT_PERSISTENT,85,0x001EA4FE,2008318,0,255,255
HIT_PERSISTENT,85,0x001EA4FF,2008319,1,255,255
HIT_PERSISTENT,85,0x001EA50C,2008332,0,255,255
HIT_PERSISTENT,85,0x001EA50D,2008333,0,255,255
HIT_PERSISTENT,85,0x001EA50E,2008334,0,255,255
HIT_PERSISTENT,85,0x001EA50F,2008335,1,255,255
HIT_PERSISTENT,85,0x001EA51C,2008348,0,255,255
HIT_PERSISTENT,85,0x001EA51D,2008349,0,255,255
HIT_PERSISTENT,85,0x001EA51E,2008350,0,255,255
HIT_PERSISTENT,85,0x001EA51F,2008351,1,255,255
HIT_PERSISTENT,85,0x001EA52C,2008364,0,255,255
HIT_PERSISTENT,85,0x001EA52D,2008365,0,255,255
HIT_PERSISTENT,85,0x001EA52E,2008366,0,255,255
HIT_PERSISTENT,85,0x001EA52F,2008367,1,255,255
HIT_PERSISTENT,85,0x001EA53C,2008380,0,255,255
HIT_PERSISTENT,85,0x001EA53D,2008381,0,255,255
HIT_PERSISTENT,85,0x001EA53E,2008382,0,255,255
HIT_PERSISTENT,85,0x001EA53F,2008383,1,255,255
HIT_PERSISTENT,85,0x001EA54C,2008396,0,255,255
HIT_PERSISTENT,85,0x001EA54D,2008397,0,255,255
HIT_PERSISTENT,85,0x001EA54E,2008398,0,255,255
HIT_PERSISTENT,85,0x001EA54F,2008399,1,255,255
HIT_PERSISTENT,85,0x001EA55C,2008412,0,255,255
HIT_PERSISTENT,85,0x001EA55D,2008413,0,255,255
HIT_PERSISTENT,85,0x001EA55E,2008414,0,255,255
HIT_PERSISTENT,85,0x001EA55F,2008415,1,255,255
HIT_PERSISTENT,85,0x001EA56C,2008428,0,255,255
HIT_PERSISTENT,85,0x001EA56D,2008429,0,255,255
HIT_PERSISTENT,85,0x001EA56E,2008430,0,255,255
HIT_PERSISTENT,85,0x001EA56F,2008431,1,255,255
HIT_PERSISTENT,85,0x001EA57C,2008444,0,255,255
HIT_PERSISTENT,85,0x001EA57D,2008445,0,255,255
HIT_PERSISTENT,85,0x001EA57E,2008446,0,255,255
HIT_PERSISTENT,85,0x001EA57F,2008447,1,255,255
HIT_PERSISTENT,85,0x001EA58C,2008460,0,255,255
HIT_PERSISTENT,85,0x001EA58D,2008461,0,255,255
HIT_PERSISTENT,85,0x001EA58E,2008462,0,255,255
HIT_PERSISTENT,85,0x001EA58F,2008463,1,255,255
HIT_PERSISTENT,85,0x001EA59C,2008476,0,255,255
HIT_PERSISTENT,85,0x001EA59D,2008477,0,255,255
HIT_PERSISTENT,85,0x001EA59E,2008478,0,255,255
HIT_PERSISTENT,85,0x001EA59F,2008479,1,255,255
HIT_PERSISTENT,85,0x001EA5AC,2008492,0,255,255
HIT_PERSISTENT,85,0x001EA5AD,2008493,0,255,255
HIT_PERSISTENT,85,0x001EA5AE,2008494,0,255,255
HIT_PERSISTENT,85,0x001EA5AF,2008495,1,255,255
HIT_PERSISTENT,85,0x001EA5BC,2008508,0,255,255
HIT_PERSISTENT,85,0x001EA5BD,2008509,0,255,255
HIT_PERSISTENT,85,0x001EA5BE,2008510,0,255,255
HIT_PERSISTENT,85,0x001EA5BF,2008511,1,255,255
HIT_PERSISTENT,85,0x001EA5CC,2008524,0,255,255
HIT_PERSISTENT,85,0x001EA5CD,2008525,0,255,255
HIT_PERSISTENT,85,0x001EA5CE,2008526,0,255,255
HIT_PERSISTENT,85,0x001EA5CF,2008527,1,255,255
HIT_PERSISTENT,85,0x001EA5DC,2008540,0,255,255
HIT_PERSISTENT,85,0x001EA5DD,2008541,0,255,255
HIT_PERSISTENT,85,0x001EA5DE,2008542,0,255,255
HIT_PERSISTENT,85,0x001EA5DF,2008543,1,255,255
HIT_PERSISTENT,85,0x001EA5EC,2008556,0,255,255
HIT_PERSISTENT,85,0x001EA5ED,2008557,0,255,255
HIT_PERSISTENT,85,0x001EA5EE,2008558,0,255,255
HIT_PERSISTENT,85,0x001EA5EF,2008559,1,255,255
HIT_PERSISTENT,85,0x001EA5FC,2008572,0,255,255
HIT_PERSISTENT,85,0x001EA5FD,2008573,0,255,255
HIT_PERSISTENT,85,0x001EA5FE,2008574,0,255,255
HIT_PERSISTENT,85,0x001EA5FF,2008575,1,255,255
HIT_PERSISTENT,85,0x001EEFCD,2027469,60,94,94
HIT_PERSISTENT,85,0x001EEFCE,2027470,82,144,144
HIT_PERSISTENT,85,0x001EEFCF,2027471,237,141,141
HIT_PERSISTENT,85,0x001EF6E6,2029286,1,0,0
HIT_PERSISTENT,85,0x001F1865,2037861,0,32,32
HIT_PERSISTENT,85,0x001F1866,2037862,0,1,1
HIT_PERSISTENT,85,0x001F18AC,2037932,198,0,0
HIT_PERSISTENT,85,0x001F18AD,2037933,250,0,0
HIT_PERSISTENT,85,0x001F18AE,2037934,119,1,1
HIT_PERSISTENT,85,0x001F18AF,2037935,195,1,1
HIT_PERSISTENT,85,0x001F18B0,2037936,180,70,70
HIT_PERSISTENT,85,0x001F18B1,2037937,15,154,154
HIT_PERSISTENT,85,0x001F18B2,2037938,197,175,175
HIT_PERSISTENT,85,0x001F18B3,2037939,16,99,99
HIT_PERSISTENT,85,0x001F18B4,2037940,99,194,194
HIT_PERSISTENT,85,0x001F18B5,2037941,81,94,94
HIT_PERSISTENT,85,0x001F18B6,2037942,76,144,144
HIT_PERSISTENT,85,0x001F18B7,2037943,56,141,141
HIT_PERSISTENT,85,0x001F18B8,2037944,226,70,70
HIT_PERSISTENT,85,0x001F18B9,2037945,72,132,132
HIT_PERSISTENT,85,0x001F18BA,2037946,109,29,29
HIT_PERSISTENT,85,0x001F18BB,2037947,8,68,68
HIT_PERSISTENT,85,0x001F18D4,2037972,1,0,0
HIT_PERSISTENT,85,0x001F18D5,2037973,152,0,0
HIT_PERSISTENT,85,0x001F18D6,2037974,167,0,0
HIT_PERSISTENT,85,0x001F18D7,2037975,60,97,97
HIT_PERSISTENT,85,0x001F18D8,2037976,40,70,70
HIT_PERSISTENT,85,0x001F18D9,2037977,59,154,154
HIT_PERSISTENT,85,0x001F18DA,2037978,96,175,175
HIT_PERSISTENT,85,0x001F18DB,2037979,43,99,99
HIT_PERSISTENT,85,0x001F18DC,2037980,84,194,194
HIT_PERSISTENT,85,0x001F18DD,2037981,134,94,94
HIT_PERSISTENT,85,0x001F18DE,2037982,98,144,144
HIT_PERSISTENT,85,0x001F18DF,2037983,194,141,141
HIT_PERSISTENT,85,0x001F18E0,2037984,96,70,70
HIT_PERSISTENT,85,0x001F18E1,2037985,255,132,132
HIT_PERSISTENT,85,0x001F18E2,2037986,134,29,29
HIT_PERSISTENT,85,0x001F18E3,2037987,248,68,68
HIT_PERSISTENT,85,0x001F18EC,2037996,139,0,0
HIT_PERSISTENT,85,0x001F18ED,2037997,144,0,0
HIT_PERSISTENT,85,0x001F18EE,2037998,37,7,7
HIT_PERSISTENT,85,0x001F18EF,2037999,3,110,110
HIT_PERSISTENT,85,0x001F18F0,2038000,200,0,0
HIT_PERSISTENT,85,0x001F18F1,2038001,191,0,0
HIT_PERSISTENT,85,0x001F18F2,2038002,57,0,0
HIT_PERSISTENT,85,0x001F18F3,2038003,253,0,0
HIT_PERSISTENT,85,0x001F1936,2038070,176,177,177
HIT_PERSISTENT,85,0x001F19A0,2038176,61,0,0
HIT_PERSISTENT,85,0x001F19A4,2038180,61,0,0
HIT_PERSISTENT,85,0x001F19AC,2038188,61,0,0
HIT_PERSISTENT,85,0x001F19BC,2038204,128,0,0
HIT_PERSISTENT,85,0x001F19BD,2038205,47,0,0
HIT_PERSISTENT,85,0x001F19BE,2038206,61,0,0
HIT_PERSISTENT,85,0x001F225D,2040413,176,175,175
HIT_PERSISTENT,85,0x001F225E,2040414,18,210,210
HIT_PERSISTENT,85,0x001F2435,2040885,172,177,177
HIT_PERSISTENT,85,0x001F243D,2040893,71,67,67
HIT_PERSISTENT,85,0x001F27A0,2041760,68,67,67
HIT_PERSISTENT,85,0x001F5A0F,2054671,192,128,128
HIT_PERSISTENT,85,0x001F7114,2060564,63,0,0
HIT_PERSISTENT,85,0x001F7E86,2064006,146,145,145
HIT_PERSISTENT,85,0x001F7E87,2064007,16,192,192
HIT_PERSISTENT,85,0x001F7E8B,2064011,96,16,16
HIT_PERSISTENT,85,0x001F81F8,2064888,0,63,63
HIT_PERSISTENT,85,0x0020FA69,2161257,209,206,206
HIT_PERSISTENT,85,0x0028B2C2,2667202,151,152,152
HIT_PERSISTENT,85,0x0028B2C4,2667204,151,152,152
HIT_PERSISTENT,85,0x0028B2C6,2667206,151,152,152
HIT_PERSISTENT,85,0x0028B2C8,2667208,151,152,152
HIT_PERSISTENT,85,0x0028B2CA,2667210,151,152,152
HIT_PERSISTENT,85,0x0028BF28,2670376,147,148,148
HIT_PERSISTENT,85,0x0028BF2A,2670378,147,148,148
HIT_PERSISTENT,85,0x0028BF2C,2670380,147,148,148
HIT_PERSISTENT,85,0x0028BF2E,2670382,147,148,148
HIT_PERSISTENT,85,0x0028BF64,2670436,147,148,148
HIT_PERSISTENT,85,0x0028BF66,2670438,147,148,148
HIT_PERSISTENT,85,0x0028BF68,2670440,147,148,148
HIT_PERSISTENT,85,0x0028BF6A,2670442,147,148,148
HIT_PERSISTENT,85,0x0028DB2E,2677550,138,139,139
HIT_PERSISTENT,85,0x0028DB30,2677552,138,139,139
HIT_PERSISTENT,85,0x0028DB32,2677554,138,139,139
HIT_PERSISTENT,85,0x0028DB34,2677556,138,139,139
HIT_PERSISTENT,85,0x0028DB36,2677558,138,139,139
HIT_PERSISTENT,85,0x0028E7D6,2680790,134,135,135
HIT_PERSISTENT,85,0x0028E7D8,2680792,134,135,135
HIT_PERSISTENT,85,0x0028E7DA,2680794,134,135,135
HIT_PERSISTENT,85,0x0028E7DC,2680796,134,135,135
HIT_PERSISTENT,85,0x0028E7DE,2680798,134,135,135
HIT_PERSISTENT,85,0x0028E7EA,2680810,134,135,135
HIT_PERSISTENT,85,0x0028E7EC,2680812,134,135,135
HIT_PERSISTENT,85,0x0028E7EE,2680814,134,135,135
HIT_PERSISTENT,85,0x0028E7F0,2680816,134,135,135
HIT_PERSISTENT,85,0x0028E7F2,2680818,134,135,135
HIT_PERSISTENT,85,0x0028E7F4,2680820,134,135,135
HIT_PERSISTENT,85,0x00293F82,2703234,81,117,117
HIT_PERSISTENT,85,0x00294482,2704514,81,116,116
HIT_PERSISTENT,85,0x00294484,2704516,81,116,116
HIT_PERSISTENT,85,0x00294702,2705154,81,116,116
HIT_PERSISTENT,85,0x00294704,2705156,81,116,116
HIT_PERSISTENT,85,0x00294C04,2706436,81,115,115
HIT_PERSISTENT,85,0x00294C06,2706438,81,115,115
HIT_PERSISTENT,85,0x00295106,2707718,81,114,114
HIT_PERSISTENT,85,0x00295108,2707720,81,114,114
HIT_PERSISTENT,85,0x00295386,2708358,81,114,114
HIT_PERSISTENT,85,0x00295388,2708360,81,114,114
HIT_PERSISTENT,85,0x0029538A,2708362,81,114,114
HIT_PERSISTENT,85,0x00295888,2709640,81,113,113
HIT_PERSISTENT,85,0x0029588A,2709642,81,113,113
HIT_PERSISTENT,85,0x00295D8A,2710922,81,112,112
HIT_PERSISTENT,85,0x00295D8C,2710924,81,112,112
HIT_PERSISTENT,85,0x0029600A,2711562,81,112,112
HIT_PERSISTENT,85,0x0029600C,2711564,81,112,112
HIT_PERSISTENT,85,0x0029600E,2711566,81,112,112
HIT_PERSISTENT,85,0x0029650C,2712844,81,111,111
HIT_PERSISTENT,85,0x0029650E,2712846,81,111,111
HIT_PERSISTENT,85,0x00296510,2712848,81,111,111
HIT_PERSISTENT,85,0x00296A0E,2714126,81,110,110
HIT_PERSISTENT,85,0x00296A10,2714128,81,110,110
HIT_PERSISTENT,85,0x00296A12,2714130,81,110,110
HIT_PERSISTENT,85,0x00296A16,2714134,82,110,110
HIT_PERSISTENT,85,0x00296C8E,2714766,81,110,110
HIT_PERSISTENT,85,0x00296C90,2714768,81,110,110
HIT_PERSISTENT,85,0x00296C92,2714770,81,110,110
HIT_PERSISTENT,85,0x00296C96,2714774,82,110,110
HIT_PERSISTENT,85,0x002CA29F,2925215,118,117,117
HIT_PERSISTENT,85,0x002CADE7,2928103,106,105,105
HIT_PERSISTENT,85,0x002D8C1A,2984986,0,26,26
HIT_PERSISTENT,85,0x002D8C1B,2984987,0,39,39
HIT_PERSISTENT,85,0x002D8C1E,2984990,0,60,60
HIT_PERSISTENT,85,0x002D8C1F,2984991,0,197,197
HIT_PERSISTENT,85,0x002D8C20,2984992,0,255,255
HIT_PERSISTENT,85,0x002D8C21,2984993,0,255,255
HIT_PERSISTENT,85,0x002D8C22,2984994,0,255,255
HIT_PERSISTENT,85,0x002D8C23,2984995,0,255,255
HIT_PERSISTENT,85,0x002D8C26,2984998,167,248,248
HIT_PERSISTENT,85,0x002D8C27,2984999,208,200,200
HIT_PERSISTENT,85,0x002D8C5D,2985053,57,68,68
HIT_PERSISTENT,85,0x002D8C5E,2985054,64,184,184
HIT_PERSISTENT,85,0x002D8C91,2985105,64,40,40
HIT_PERSISTENT,85,0x002D8C98,2985112,127,41,41
HIT_PERSISTENT,85,0x002D8C99,2985113,255,244,244
HIT_PERSISTENT,85,0x002D8C9A,2985114,0,120,120
HIT_PERSISTENT,85,0x002D8C9B,2985115,0,237,237
HIT_PERSISTENT,85,0x002D9148,2986312,0,255,255
HIT_PERSISTENT,85,0x002D9149,2986313,0,255,255
HIT_PERSISTENT,85,0x002D914A,2986314,0,255,255
HIT_PERSISTENT,85,0x002D914B,2986315,0,255,255
HIT_PERSISTENT,85,0x002D9722,2987810,30,28,28
HIT_PERSISTENT,85,0x002D9F62,2989922,0,120,120
HIT_PERSISTENT,85,0x002D9F63,2989923,0,237,237
HIT_PERSISTENT,85,0x002D9F66,2989926,127,41,41
HIT_PERSISTENT,85,0x002D9F67,2989927,255,244,244
HIT_PERSISTENT,85,0x002DA1E0,2990560,244,247,247
HIT_PERSISTENT,85,0x002DA1E1,2990561,134,38,38
HIT_PERSISTENT,85,0x002DA1E2,2990562,245,250,250
HIT_PERSISTENT,85,0x002DA1E3,2990563,251,68,68
HIT_PERSISTENT,85,0x002DA1E4,2990564,246,3,3
HIT_PERSISTENT,85,0x002DA1E5,2990565,228,2,2
HIT_PERSISTENT,85,0x002DA1E6,2990566,248,17,17
HIT_PERSISTENT,85,0x002DA1E7,2990567,67,95,95
HIT_PERSISTENT,85,0x002DA1E8,2990568,250,2,2
HIT_PERSISTENT,85,0x002DA1E9,2990569,152,89,89
HIT_PERSISTENT,85,0x002DA1EA,2990570,253,238,238
HIT_PERSISTENT,85,0x002DA1EB,2990571,224,112,112
HIT_PERSISTENT,85,0x002DA1EC,2990572,0,255,255
HIT_PERSISTENT,85,0x002DA1ED,2990573,148,32,32
HIT_PERSISTENT,85,0x002DA1EE,2990574,3,4,4
HIT_PERSISTENT,85,0x002DA1EF,2990575,40,244,244
HIT_PERSISTENT,85,0x002DA1F0,2990576,5,6,6
HIT_PERSISTENT,85,0x002DA1F1,2990577,35,23,23
HIT_PERSISTENT,85,0x002DA1F2,2990578,7,2,2
HIT_PERSISTENT,85,0x002DA1F3,2990579,134,184,184
HIT_PERSISTENT,85,0x002DA1F4,2990580,8,239,239
HIT_PERSISTENT,85,0x002DA1F5,2990581,87,193,193
HIT_PERSISTENT,85,0x002DA1F6,2990582,8,254,254
HIT_PERSISTENT,85,0x002DA1F7,2990583,17,84,84
HIT_PERSISTENT,85,0x002DA1F8,2990584,7,12,12
HIT_PERSISTENT,85,0x002DA1F9,2990585,67,177,177
HIT_PERSISTENT,85,0x002DA1FA,2990586,7,242,242
HIT_PERSISTENT,85,0x002DA1FB,2990587,120,212,212
HIT_PERSISTENT,85,0x002DA1FD,2990589,180,7,7
HIT_PERSISTENT,85,0x002DA1FE,2990590,9,6,6
HIT_PERSISTENT,85,0x002DA1FF,2990591,239,160,160
HIT_PERSISTENT,85,0x002DB362,2995042,180,181,181
HIT_PERSISTENT,85,0x002E62FB,3039995,64,0,0
HIT_PERSISTENT,85,0x002E631C,3040028,1,0,0
HIT_PERSISTENT,85,0x002E633D,3040061,45,0,0
HIT_PERSISTENT,85,0x002E637A,3040122,1,0,0
HIT_PERSISTENT,85,0x002E637B,3040123,64,0,0
HIT_PERSISTENT,85,0x002E63B4,3040180,1,0,0
HIT_PERSISTENT,85,0x002E6418,3040280,12,8,8
HIT_PERSISTENT,85,0x002E6475,3040373,0,45,45
HIT_PERSISTENT,85,0x002E64B8,3040440,11,8,8
HIT_PERSISTENT,85,0x002E6524,3040548,1,0,0
HIT_PERSISTENT,85,0x002E65B5,3040693,0,45,45
HIT_PERSISTENT,85,0x002E6A38,3041848,4,8,8
HIT_PERSISTENT,85,0x002E6A45,3041861,0,45,45
HIT_PERSISTENT,85,0x002E747D,3044477,0,45,45
HIT_PERSISTENT,85,0x002E74D5,3044565,45,0,0
HIT_PERSISTENT,85,0x002E7564,3044708,0,1,1
HIT_PERSISTENT,85,0x002E756A,3044714,1,0,0
HIT_PERSISTENT,85,0x002E756D,3044717,0,45,45
HIT_PERSISTENT,85,0x002E7815,3045397,45,0,0
HIT_PERSISTENT,85,0x002E791C,3045660,1,0,0
HIT_PERSISTENT,85,0x002E7976,3045750,1,0,0
HIT_PERSISTENT,85,0x002E7DE2,3046882,1,0,0
HIT_PERSISTENT,85,0x002E80CD,3047629,0,45,45
HIT_PERSISTENT,85,0x002E8224,3047972,1,0,0
HIT_PERSISTENT,85,0x002E8264,3048036,1,0,0
HIT_PERSISTENT,85,0x002E8314,3048212,1,0,0
HIT_PERSISTENT,85,0x002E838E,3048334,131,0,0
HIT_PERSISTENT,85,0x002E841C,3048476,6,0,0
HIT_PERSISTENT,85,0x002E848A,3048586,217,0,0
HIT_PERSISTENT,85,0x002E848B,3048587,154,0,0
HIT_PERSISTENT,85,0x002E84A2,3048610,38,0,0
HIT_PERSISTENT,85,0x002E84A3,3048611,102,0,0
HIT_PERSISTENT,85,0x002E84A4,3048612,1,0,0
HIT_PERSISTENT,85,0x002E84B0,3048624,6,8,8
HIT_PERSISTENT,85,0x002E84B6,3048630,114,0,0
HIT_PERSISTENT,85,0x002E84B7,3048631,16,160,160
HIT_PERSISTENT,85,0x002E84BC,3048636,1,0,0
HIT_PERSISTENT,85,0x002E84BD,3048637,64,45,45
HIT_PERSISTENT,85,0x002E84C0,3048640,6,8,8
HIT_PERSISTENT,85,0x002E84C5,3048645,45,0,0
HIT_PERSISTENT,85,0x002E84C6,3048646,112,0,0
HIT_PERSISTENT,85,0x002E84C7,3048647,208,160,160
HIT_PERSISTENT,85,0x002E84D6,3048662,112,0,0
HIT_PERSISTENT,85,0x002E84E2,3048674,1,0,0
HIT_PERSISTENT,85,0x002E84E3,3048675,64,0,0
HIT_PERSISTENT,85,0x002E84E5,3048677,0,45,45
HIT_PERSISTENT,85,0x002E84E8,3048680,4,8,8
HIT_PERSISTENT,85,0x002E84EE,3048686,111,0,0
HIT_PERSISTENT,85,0x002E84EF,3048687,144,160,160
HIT_PERSISTENT,85,0x002E84FF,3048703,64,0,0
HIT_PERSISTENT,85,0x002E8500,3048704,12,8,8
HIT_PERSISTENT,85,0x002E8502,3048706,38,0,0
HIT_PERSISTENT,85,0x002E8503,3048707,102,0,0
HIT_PERSISTENT,85,0x002E8507,3048711,0,160,160
HIT_PERSISTENT,85,0x002E8508,3048712,8,6,6
HIT_PERSISTENT,85,0x002E850D,3048717,0,45,45
HIT_PERSISTENT,85,0x002E8514,3048724,0,1,1
HIT_PERSISTENT,85,0x002E8515,3048725,45,64,64
HIT_PERSISTENT,85,0x002E851A,3048730,1,0,0
HIT_PERSISTENT,85,0x002E851C,3048732,1,0,0
HIT_PERSISTENT,85,0x002E8528,3048744,14,8,8
HIT_PERSISTENT,85,0x002E852A,3048746,45,0,0
HIT_PERSISTENT,85,0x002E852B,3048747,128,0,0
HIT_PERSISTENT,85,0x002E852E,3048750,130,0,0
HIT_PERSISTENT,85,0x002E852F,3048751,192,160,160
HIT_PERSISTENT,85,0x002E8534,3048756,1,0,0
HIT_PERSISTENT,85,0x002E8540,3048768,12,8,8
HIT_PERSISTENT,85,0x002E8542,3048770,43,0,0
HIT_PERSISTENT,85,0x002E8543,3048771,132,0,0
HIT_PERSISTENT,85,0x002E8544,3048772,1,0,0
HIT_PERSISTENT,85,0x002E8545,3048773,64,0,0
HIT_PERSISTENT,85,0x002E8546,3048774,8,0,0
HIT_PERSISTENT,85,0x002E8547,3048775,0,160,160
HIT_PERSISTENT,85,0x002E8556,3048790,107,0,0
HIT_PERSISTENT,85,0x002E8562,3048802,1,0,0
HIT_PERSISTENT,85,0x002E8563,3048803,64,0,0
HIT_PERSISTENT,85,0x002E8565,3048805,0,45,45
HIT_PERSISTENT,85,0x002E8568,3048808,4,8,8
HIT_PERSISTENT,85,0x002E856E,3048814,94,0,0
HIT_PERSISTENT,85,0x002E856F,3048815,16,160,160
HIT_PERSISTENT,85,0x002E8580,3048832,12,8,8
HIT_PERSISTENT,85,0x002E8582,3048834,64,0,0
HIT_PERSISTENT,85,0x002E8587,3048839,0,160,160
HIT_PERSISTENT,85,0x002E8588,3048840,8,6,6
HIT_PERSISTENT,85,0x002E858D,3048845,0,45,45
HIT_PERSISTENT,85,0x002E8594,3048852,0,1,1
HIT_PERSISTENT,85,0x002E8595,3048853,45,64,64
HIT_PERSISTENT,85,0x002E859A,3048858,1,0,0
HIT_PERSISTENT,85,0x002E859C,3048860,1,0,0
HIT_PERSISTENT,85,0x002E85A3,3048867,32,0,0
HIT_PERSISTENT,85,0x002E85A8,3048872,14,8,8
HIT_PERSISTENT,85,0x002E85AA,3048874,40,0,0
HIT_PERSISTENT,85,0x002E85AE,3048878,131,0,0
HIT_PERSISTENT,85,0x002E85AF,3048879,0,160,160
HIT_PERSISTENT,85,0x002E85B4,3048884,1,0,0
HIT_PERSISTENT,85,0x002E85C0,3048896,12,8,8
HIT_PERSISTENT,85,0x002E85C2,3048898,17,0,0
HIT_PERSISTENT,85,0x002E85C3,3048899,235,0,0
HIT_PERSISTENT,85,0x002E85C4,3048900,1,0,0
HIT_PERSISTENT,85,0x002E85C5,3048901,64,0,0
HIT_PERSISTENT,85,0x002E85C6,3048902,8,0,0
HIT_PERSISTENT,85,0x002E85C7,3048903,0,160,160
HIT_PERSISTENT,85,0x002E85D6,3048918,89,0,0
HIT_PERSISTENT,85,0x002E85E2,3048930,1,0,0
HIT_PERSISTENT,85,0x002E85E3,3048931,64,0,0
HIT_PERSISTENT,85,0x002E85E5,3048933,0,45,45
HIT_PERSISTENT,85,0x002E85E8,3048936,4,8,8
HIT_PERSISTENT,85,0x002E85EE,3048942,120,0,0
HIT_PERSISTENT,85,0x002E85EF,3048943,80,160,160
HIT_PERSISTENT,85,0x002E8600,3048960,12,8,8
HIT_PERSISTENT,85,0x002E8602,3048962,64,0,0
HIT_PERSISTENT,85,0x002E8607,3048967,0,160,160
HIT_PERSISTENT,85,0x002E8608,3048968,8,6,6
HIT_PERSISTENT,85,0x002E860D,3048973,0,45,45
HIT_PERSISTENT,85,0x002E8610,3048976,6,8,8
HIT_PERSISTENT,85,0x002E8616,3048982,89,0,0
HIT_PERSISTENT,85,0x002E8617,3048983,16,160,160
HIT_PERSISTENT,85,0x002E861A,3048986,1,0,0
HIT_PERSISTENT,85,0x002E861C,3048988,1,0,0
HIT_PERSISTENT,85,0x002E861D,3048989,64,45,45
HIT_PERSISTENT,85,0x002E8628,3049000,14,8,8
HIT_PERSISTENT,85,0x002E862E,3049006,131,0,0
HIT_PERSISTENT,85,0x002E8634,3049012,1,0,0
HIT_PERSISTENT,85,0x002E8635,3049013,64,45,45
HIT_PERSISTENT,85,0x002E8640,3049024,12,8,8
HIT_PERSISTENT,85,0x002E8646,3049030,8,0,0
HIT_PERSISTENT,85,0x002E8647,3049031,0,160,160
HIT_PERSISTENT,85,0x002E864D,3049037,0,45,45
HIT_PERSISTENT,85,0x002E8655,3049045,45,0,0
HIT_PERSISTENT,85,0x002E8662,3049058,1,0,0
HIT_PERSISTENT,85,0x002E8663,3049059,64,0,0
HIT_PERSISTENT,85,0x002E8684,3049092,1,0,0
HIT_PERSISTENT,85,0x002E8690,3049104,6,8,8
HIT_PERSISTENT,85,0x002E8696,3049110,87,0,0
HIT_PERSISTENT,85,0x002E8697,3049111,208,160,160
HIT_PERSISTENT,85,0x002E86A7,3049127,88,128,128
HIT_PERSISTENT,85,0x002E86A8,3049128,14,8,8
HIT_PERSISTENT,85,0x002E86AA,3049130,32,0,0
HIT_PERSISTENT,85,0x002E86AE,3049134,131,0,0
HIT_PERSISTENT,85,0x002E86AF,3049135,128,160,160
HIT_PERSISTENT,85,0x002E86B8,3049144,6,8,8
HIT_PERSISTENT,85,0x002E86BD,3049149,45,0,0
HIT_PERSISTENT,85,0x002E86C5,3049157,0,45,45
HIT_PERSISTENT,85,0x002E86C8,3049160,4,8,8
HIT_PERSISTENT,85,0x002E86CD,3049165,45,0,0
HIT_PERSISTENT,85,0x002E86CE,3049166,114,0,0
HIT_PERSISTENT,85,0x002E86D2,3049170,0,2,2
HIT_PERSISTENT,85,0x002E86D3,3049171,0,128,128
HIT_PERSISTENT,85,0x002E86D8,3049176,8,4,4
HIT_PERSISTENT,85,0x002E86DA,3049178,2,0,0
HIT_PERSISTENT,85,0x002E86DB,3049179,128,0,0
HIT_PERSISTENT,85,0x002E86DD,3049181,0,45,45
HIT_PERSISTENT,85,0x002E86DE,3049182,0,105,105
HIT_PERSISTENT,85,0x002E86E0,3049184,4,8,8
HIT_PERSISTENT,85,0x002E86E5,3049189,45,0,0
HIT_PERSISTENT,85,0x002E86E6,3049190,117,0,0
HIT_PERSISTENT,85,0x002E86EA,3049194,0,2,2
HIT_PERSISTENT,85,0x002E86EC,3049196,0,1,1
HIT_PERSISTENT,85,0x002E86ED,3049197,0,64,64
HIT_PERSISTENT,85,0x002E86F0,3049200,8,5,5
HIT_PERSISTENT,85,0x002E86F2,3049202,2,128,128
HIT_PERSISTENT,85,0x002E86F4,3049204,1,0,0
HIT_PERSISTENT,85,0x002E86F5,3049205,64,45,45
HIT_PERSISTENT,85,0x002E86F6,3049206,0,131,131
HIT_PERSISTENT,85,0x002E86F7,3049207,160,208,208
HIT_PERSISTENT,85,0x002E86F8,3049208,5,12,12
HIT_PERSISTENT,85,0x002E86FA,3049210,128,205,205
HIT_PERSISTENT,85,0x002E86FB,3049211,0,56,56
HIT_PERSISTENT,85,0x002E86FD,3049213,45,0,0
HIT_PERSISTENT,85,0x002E86FE,3049214,131,1,1
HIT_PERSISTENT,85,0x002E86FF,3049215,208,64,64
HIT_PERSISTENT,85,0x002E8702,3049218,205,50,50
HIT_PERSISTENT,85,0x002E8703,3049219,56,200,200
HIT_PERSISTENT,85,0x002E8704,3049220,0,1,1
HIT_PERSISTENT,85,0x002E8705,3049221,0,64,64
HIT_PERSISTENT,85,0x002E8706,3049222,1,0,0
HIT_PERSISTENT,85,0x002E8707,3049223,64,0,0
HIT_PERSISTENT,85,0x002E8708,3049224,12,8,8
HIT_PERSISTENT,85,0x002E870A,3049226,50,0,0
HIT_PERSISTENT,85,0x002E870B,3049227,200,0,0
HIT_PERSISTENT,85,0x002E870C,3049228,1,0,0
HIT_PERSISTENT,85,0x002E870D,3049229,64,0,0
HIT_PERSISTENT,85,0x002E8710,3049232,8,6,6
HIT_PERSISTENT,85,0x002E8715,3049237,0,45,45
HIT_PERSISTENT,85,0x002E8718,3049240,6,8,8
HIT_PERSISTENT,85,0x002E871A,3049242,0,1,1
HIT_PERSISTENT,85,0x002E871B,3049243,0,64,64
HIT_PERSISTENT,85,0x002E871C,3049244,0,1,1
HIT_PERSISTENT,85,0x002E871D,3049245,45,64,64
HIT_PERSISTENT,85,0x002E871E,3049246,114,0,0
HIT_PERSISTENT,85,0x002E8720,3049248,8,11,11
HIT_PERSISTENT,85,0x002E8722,3049250,1,0,0
HIT_PERSISTENT,85,0x002E8723,3049251,64,32,32
HIT_PERSISTENT,85,0x002E8724,3049252,1,0,0
HIT_PERSISTENT,85,0x002E8725,3049253,64,45,45
HIT_PERSISTENT,85,0x002E8726,3049254,0,131,131
HIT_PERSISTENT,85,0x002E8727,3049255,160,248,248
HIT_PERSISTENT,85,0x002E8728,3049256,11,14,14
HIT_PERSISTENT,85,0x002E872A,3049258,0,29,29
HIT_PERSISTENT,85,0x002E872B,3049259,32,128,128
HIT_PERSISTENT,85,0x002E872E,3049262,131,132,132
HIT_PERSISTENT,85,0x002E872F,3049263,248,32,32
HIT_PERSISTENT,85,0x002E8730,3049264,14,10,10
HIT_PERSISTENT,85,0x002E8732,3049266,29,8,8
HIT_PERSISTENT,85,0x002E8733,3049267,128,0,0
HIT_PERSISTENT,85,0x002E8734,3049268,0,6,6
HIT_PERSISTENT,85,0x002E8735,3049269,45,192,192
HIT_PERSISTENT,85,0x002E8736,3049270,132,0,0
HIT_PERSISTENT,85,0x002E8738,3049272,10,8,8
HIT_PERSISTENT,85,0x002E873A,3049274,8,0,0
HIT_PERSISTENT,85,0x002E873C,3049276,6,0,0
HIT_PERSISTENT,85,0x002E873D,3049277,192,0,0
HIT_PERSISTENT,85,0x002E8740,3049280,8,12,12
HIT_PERSISTENT,85,0x002E8742,3049282,0,127,127
HIT_PERSISTENT,85,0x002E8743,3049283,0,255,255
HIT_PERSISTENT,85,0x002E8744,3049284,0,6,6
HIT_PERSISTENT,85,0x002E8745,3049285,0,192,192
HIT_PERSISTENT,85,0x002E8746,3049286,0,4,4
HIT_PERSISTENT,85,0x002E8747,3049287,160,64,64
HIT_PERSISTENT,85,0x002E874C,3049292,6,8,8
HIT_PERSISTENT,85,0x002E874D,3049293,192,0,0
HIT_PERSISTENT,85,0x002E874E,3049294,4,5,5
HIT_PERSISTENT,85,0x002E874F,3049295,64,128,128
HIT_PERSISTENT,85,0x002E8750,3049296,12,8,8
HIT_PERSISTENT,85,0x002E8752,3049298,127,0,0
HIT_PERSISTENT,85,0x002E8753,3049299,255,0,0
HIT_PERSISTENT,85,0x002E8754,3049300,8,0,0
HIT_PERSISTENT,85,0x002E8756,3049302,5,0,0
HIT_PERSISTENT,85,0x002E8758,3049304,8,13,13
HIT_PERSISTENT,85,0x002E875C,3049308,0,4,4
HIT_PERSISTENT,85,0x002E875D,3049309,0,64,64
HIT_PERSISTENT,85,0x002E875E,3049310,0,5,5
HIT_PERSISTENT,85,0x002E875F,3049311,160,128,128
HIT_PERSISTENT,85,0x002E8760,3049312,13,8,8
HIT_PERSISTENT,85,0x002E8764,3049316,4,0,0
HIT_PERSISTENT,85,0x002E8765,3049317,64,0,0
HIT_PERSISTENT,85,0x002E8766,3049318,5,1,1
HIT_PERSISTENT,85,0x002E8768,3049320,8,6,6
HIT_PERSISTENT,85,0x002E876D,3049325,0,45,45
HIT_PERSISTENT,85,0x002EC4FF,3065087,0,64,64
HIT_PERSISTENT,85,0x002ED173,3068275,32,0,0
HIT_PERSISTENT,85,0x002ED1B9,3068345,8,0,0
HIT_PERSISTENT,85,0x002ED1C3,3068355,32,0,0
HIT_PERSISTENT,85,0x002ED1F0,3068400,5,8,8
HIT_PERSISTENT,85,0x002ED202,3068418,5,0,0
HIT_PERSISTENT,85,0x002ED203,3068419,128,0,0
HIT_PERSISTENT,85,0x002ED209,3068425,8,0,0
HIT_PERSISTENT,85,0x002ED213,3068435,32,0,0
HIT_PERSISTENT,85,0x002ED259,3068505,8,0,0
HIT_PERSISTENT,85,0x002ED4FC,3069180,1,0,0
HIT_PERSISTENT,85,0x002ED8D8,3070168,5,8,8
HIT_PERSISTENT,85,0x002ED8EA,3070186,5,0,0
HIT_PERSISTENT,85,0x002ED8EB,3070187,128,0,0
HIT_PERSISTENT,85,0x002ED8EC,3070188,6,0,0
HIT_PERSISTENT,85,0x002ED8F1,3070193,8,0,0
HIT_PERSISTENT,85,0x002ED918,3070232,1,8,8
HIT_PERSISTENT,85,0x002ED925,3070245,0,45,45
HIT_PERSISTENT,85,0x002ED928,3070248,5,8,8
HIT_PERSISTENT,85,0x002ED93C,3070268,6,0,0
HIT_PERSISTENT,85,0x002ED941,3070273,8,0,0
HIT_PERSISTENT,85,0x002ED964,3070308,1,0,0
HIT_PERSISTENT,85,0x002ED984,3070340,4,0,0
HIT_PERSISTENT,85,0x002ED989,3070345,8,0,0
HIT_PERSISTENT,85,0x002ED991,3070353,8,0,0
HIT_PERSISTENT,85,0x002EDA04,3070468,1,0,0
HIT_PERSISTENT,85,0x002EDA0D,3070477,45,0,0
HIT_PERSISTENT,85,0x002EDAA4,3070628,1,0,0
HIT_PERSISTENT,85,0x002EDB52,3070802,1,0,0
HIT_PERSISTENT,85,0x002EDB55,3070805,0,45,45
HIT_PERSISTENT,85,0x002EDCAC,3071148,6,0,0
HIT_PERSISTENT,85,0x002EDF25,3071781,45,0,0
HIT_PERSISTENT,85,0x002EDFDB,3071963,255,0,0
HIT_PERSISTENT,85,0x002EDFE0,3071968,12,8,8
HIT_PERSISTENT,85,0x002EE2B0,3072688,8,12,12
HIT_PERSISTENT,85,0x002EE2BD,3072701,45,0,0
HIT_PERSISTENT,85,0x002EE2DC,3072732,6,0,0
HIT_PERSISTENT,85,0x002F1AD2,3087058,18,23,23
HIT_PERSISTENT,85,0x002F1AD3,3087059,232,184,184
HIT_PERSISTENT,85,0x002F1AD7,3087063,64,30,30
HIT_PERSISTENT,85,0x002F1AD9,3087065,127,65,65
HIT_PERSISTENT,85,0x002F1ADA,3087066,0,90,90
HIT_PERSISTENT,85,0x002F1B32,3087154,18,24,24
HIT_PERSISTENT,85,0x002F1B33,3087155,232,24,24
HIT_PERSISTENT,85,0x002F1B37,3087159,64,45,45
HIT_PERSISTENT,85,0x002F1B3A,3087162,0,90,90
HIT_PERSISTENT,85,0x002F1B92,3087250,29,28,28
HIT_PERSISTENT,85,0x002F1B93,3087251,136,0,0
HIT_PERSISTENT,85,0x002F1BB2,3087282,246,248,248
HIT_PERSISTENT,85,0x002F1BB3,3087283,64,184,184
HIT_PERSISTENT,85,0x002F1BB4,3087284,0,4,4
HIT_PERSISTENT,85,0x002F1BB5,3087285,187,123,123
HIT_PERSISTENT,85,0x002F1BB6,3087286,167,234,234
HIT_PERSISTENT,85,0x002F1BB7,3087287,208,243,243
HIT_PERSISTENT,85,0x002F1BB9,3087289,135,80,80
HIT_PERSISTENT,85,0x002F1BBA,3087290,156,107,107
HIT_PERSISTENT,85,0x002F1BBB,3087291,147,36,36
HIT_PERSISTENT,85,0x002F1BC1,3087297,4,13,13
HIT_PERSISTENT,85,0x002F1BC2,3087298,46,67,67
HIT_PERSISTENT,85,0x002F1C02,3087362,27,29,29
HIT_PERSISTENT,85,0x002F1C03,3087363,200,248,248
HIT_PERSISTENT,85,0x002F1CB4,3087540,0,128,128
HIT_PERSISTENT,85,0x002F1CB5,3087541,0,45,45
HIT_PERSISTENT,85,0x002F1CC3,3087555,0,5,5
HIT_PERSISTENT,85,0x002F1CD8,3087576,0,127,127
HIT_PERSISTENT,85,0x002F1CDC,3087580,3,1,1
HIT_PERSISTENT,85,0x002F1CDD,3087581,3,0,0
HIT_PERSISTENT,85,0x002F1CEC,3087596,0,128,128
HIT_PERSISTENT,85,0x002F1CED,3087597,0,45,45
HIT_PERSISTENT,85,0x002F1CFB,3087611,0,5,5
HIT_PERSISTENT,85,0x002F1D14,3087636,3,1,1
HIT_PERSISTENT,85,0x002F1D15,3087637,3,0,0
HIT_PERSISTENT,85,0x002F1D24,3087652,128,0,0
HIT_PERSISTENT,85,0x002F1D25,3087653,45,0,0
HIT_PERSISTENT,85,0x002F1D33,3087667,5,0,0
HIT_PERSISTENT,85,0x002F1D4B,3087691,127,0,0
HIT_PERSISTENT,85,0x002F1D4C,3087692,1,3,3
HIT_PERSISTENT,85,0x002F1D4D,3087693,0,3,3
HIT_PERSISTENT,85,0x002F1E6A,3087978,28,27,27
HIT_PERSISTENT,85,0x002F1E6B,3087979,0,144,144
HIT_PERSISTENT,85,0x002F1E8F,3088015,164,96,96
HIT_PERSISTENT,85,0x002F241F,3089439,20,76,76
HIT_PERSISTENT,85,0x002F2437,3089463,132,216,216
HIT_PERSISTENT,85,0x002F248A,3089546,37,36,36
HIT_PERSISTENT,85,0x002F2497,3089559,0,56,56
HIT_PERSISTENT,85,0x002F249A,3089562,29,30,30
HIT_PERSISTENT,85,0x002F249B,3089563,140,52,52
HIT_PERSISTENT,85,0x002F249F,3089567,0,255,255
HIT_PERSISTENT,85,0x002F24A0,3089568,128,127,127
HIT_PERSISTENT,85,0x002F24A1,3089569,47,0,0
HIT_PERSISTENT,85,0x002F24A2,3089570,36,0,0
HIT_PERSISTENT,85,0x002F24A3,3089571,136,192,192
HIT_PERSISTENT,85,0x002F24C2,3089602,37,36,36
HIT_PERSISTENT,85,0x002F24D9,3089625,0,47,47
HIT_PERSISTENT,85,0x002F2505,3089669,5,21,21
HIT_PERSISTENT,85,0x002F2507,3089671,192,56,56
HIT_PERSISTENT,85,0x002F254E,3089742,37,36,36
HIT_PERSISTENT,85,0x002F254F,3089743,20,24,24
HIT_PERSISTENT,85,0x002F2552,3089746,36,37,37
HIT_PERSISTENT,85,0x002F2553,3089747,136,216,216
HIT_PERSISTENT,85,0x002F2556,3089750,7,0,0
HIT_PERSISTENT,85,0x002F2557,3089751,208,0,0
HIT_PERSISTENT,85,0x002F2559,3089753,5,6,6
HIT_PERSISTENT,85,0x002F255A,3089754,1,71,71
HIT_PERSISTENT,85,0x002F255B,3089755,64,56,56
HIT_PERSISTENT,85,0x002F2560,3089760,128,255,255
HIT_PERSISTENT,85,0x002F2561,3089761,46,255,255
HIT_PERSISTENT,85,0x002F2562,3089762,223,255,255
HIT_PERSISTENT,85,0x002F2563,3089763,0,255,255
HIT_PERSISTENT,85,0x002F2564,3089764,128,127,127
HIT_PERSISTENT,85,0x002F2565,3089765,47,0,0
HIT_PERSISTENT,85,0x002F2567,3089767,0,192,192
HIT_PERSISTENT,85,0x002F25E3,3089891,0,243,243
HIT_PERSISTENT,85,0x002F3D24,3095844,128,0,0
HIT_PERSISTENT,85,0x002F3D25,3095845,45,0,0
HIT_PERSISTENT,85,0x002F3D40,3095872,128,0,0
HIT_PERSISTENT,85,0x002F3D43,3095875,184,0,0
HIT_PERSISTENT,85,0x002F3D4F,3095887,1,0,0
HIT_PERSISTENT,85,0x002F3D64,3095908,128,0,0
HIT_PERSISTENT,85,0x002F3D65,3095909,45,0,0
HIT_PERSISTENT,85,0x002F3D80,3095936,128,0,0
HIT_PERSISTENT,85,0x002F3D81,3095937,7,0,0
HIT_PERSISTENT,85,0x002F3D82,3095938,93,0,0
HIT_PERSISTENT,85,0x002F3D83,3095939,188,0,0
HIT_PERSISTENT,85,0x002F3D8F,3095951,1,0,0
HIT_PERSISTENT,85,0x002F3DE4,3096036,128,0,0
HIT_PERSISTENT,85,0x002F3DE5,3096037,45,0,0
HIT_PERSISTENT,85,0x002F5342,3101506,62,61,61
HIT_PERSISTENT,85,0x002F5347,3101511,24,48,48
HIT_PERSISTENT,85,0x002F53B9,3101625,6,5,5
HIT_PERSISTENT,85,0x003B2EE0,3878624,64,192,192
HIT_PERSISTENT,85,0x003B2F84,3878788,190,0,0
HIT_PERSISTENT,85,0x003B3464,3880036,128,0,0
HIT_PERSISTENT,85,0x003B3650,3880528,0,128,128
HIT_PERSISTENT,85,0x003B36C0,3880640,128,0,0
