shot_id,frame,event,outcome,relative_frame,screen_x,screen_y,screen_x_copy,screen_y_copy,raw_horizontal,raw_vertical,raw_vertical_copy,normalized_horizontal,normalized_vertical
,2713,SAMPLE,,,160.0,120.0,160.0,120.0,0.0,0.0,0.0,0.0,-0.069813169538975
,2714,SAMPLE,,,160.0,120.0,160.0,120.0,0.0,0.0,0.0,0.0,-0.069813169538975
,2715,SAMPLE,,,160.0,120.0,160.0,120.0,0.0,0.0,0.0,0.0,-0.069813169538975
,2716,SAMPLE,,,160.0,120.0,160.0,120.0,0.0,0.0,0.0,0.0,-0.069813169538975
,2717,SAMPLE,,,160.0,120.0,160.0,120.0,0.0,0.0,0.0,0.0,-0.069813169538975
,2718,SAMPLE,,,160.0,120.0,160.0,120.0,0.0,0.0,0.0,0.0,-0.069813169538975
,2719,SAMPLE,,,160.0,120.0,160.0,120.0,0.0,0.0,0.0,0.0,-0.069813169538975
,2720,SAMPLE,,,160.0,120.0,160.0,120.0,0.0,0.0,0.0,0.0,-0.069813169538975
,2721,SAMPLE,,,160.0,120.0,160.0,120.0,0.0,0.0,0.0,0.0,-0.069813169538975
,2722,SAMPLE,,,160.0,120.0,160.0,120.0,0.0,0.0,0.0,0.0,-0.069813169538975
,2723,SAMPLE,,,160.0,120.0,160.0,120.0,0.0,0.0,0.0,0.0,-0.069813169538975
,2724,SAMPLE,,,160.0,120.0,160.0,120.0,0.0,0.0,0.0,0.0,-0.069813169538975
,2725,SAMPLE,,,160.0,120.0,160.0,120.0,0.0,0.0,0.0,0.0,-0.069813169538975
,2726,SAMPLE,,,160.0,120.0,160.0,120.0,0.0,0.0,0.0,0.0,-0.069813169538975
,2727,SAMPLE,,,160.0,120.0,160.0,120.0,0.0,0.0,0.0,0.0,-0.069813169538975
,2728,SAMPLE,,,160.0,120.0,160.0,120.0,0.0,0.0,0.0,0.0,-0.069813169538975
,2729,SAMPLE,,,160.0,120.0,160.0,120.0,0.0,0.0,0.0,0.0,-0.069813169538975
,2730,SAMPLE,,,160.0,120.0,160.0,120.0,0.0,0.0,0.0,0.0,-0.069813169538975
,2731,SAMPLE,,,160.0,120.0,160.0,120.0,0.0,0.0,0.0,0.0,-0.069813169538975
,2732,SAMPLE,,,160.0,120.0,160.0,120.0,0.0,0.0,0.0,0.0,-0.069813169538975
,2733,SAMPLE,,,160.0,120.0,160.0,120.0,0.0,0.0,0.0,0.0,-0.069813169538975
,2734,SAMPLE,,,160.0,120.0,160.0,120.0,0.0,0.0,0.0,0.0,-0.069813169538975
,2735,SAMPLE,,,160.0,120.0,160.0,120.0,0.0,0.0,0.0,0.0,-0.069813169538975
,2736,SAMPLE,,,160.0,120.0,160.0,120.0,0.0,0.0,0.0,0.0,-0.069813169538975
,2737,SAMPLE,,,160.0,120.0,160.0,120.0,0.0,0.0,0.0,0.0,-0.069813169538975
,2738,SAMPLE,,,160.0,120.0,160.0,120.0,0.0,0.0,0.0,0.0,-0.069813169538975
,2739,SAMPLE,,,160.0,120.0,160.0,120.0,0.0,0.0,0.0,0.0,-0.069813169538975
,2740,SAMPLE,,,160.0,120.0,160.0,120.0,0.0,0.0,0.0,0.0,-0.069813169538975
,2741,SAMPLE,,,160.0,120.0,160.0,120.0,0.0,0.0,0.0,0.0,-0.069813169538975
,2742,SAMPLE,,,160.0,120.0,160.0,120.0,0.0,0.0,0.0,0.0,-0.069813169538975
,2743,SAMPLE,,,160.0,120.0,160.0,120.0,0.0,0.0,0.0,0.0,-0.069813169538975
,2744,SAMPLE,,,160.0,120.0,160.0,120.0,0.0,0.0,0.0,0.0,-0.069813169538975
,2745,SAMPLE,,,160.0,120.0,160.0,120.0,0.0,0.0,0.0,0.0,-0.069813169538975
,2746,SAMPLE,,,160.0,120.0,160.0,120.0,0.0,0.0,0.0,0.0,-0.069813169538975
,2747,SAMPLE,,,160.0,120.0,160.0,120.0,0.0,0.0,0.0,0.0,-0.069813169538975
,2748,SAMPLE,,,160.0,120.0,160.0,120.0,0.0,0.0,0.0,0.0,-0.069813169538975
,2749,SAMPLE,,,160.0,120.0,160.0,120.0,0.0,0.0,0.0,0.0,-0.069813169538975
,2750,SAMPLE,,,160.0,120.0,160.0,120.0,0.0,0.0,0.0,0.0,-0.069813169538975
,2751,SAMPLE,,,160.0,120.0,160.0,120.0,0.0,0.0,0.0,0.0,-0.069813169538975
,2752,SAMPLE,,,160.0,120.0,160.0,120.0,0.0,0.0,0.0,0.0,-0.069813169538975
,2753,SAMPLE,,,160.0,120.0,160.0,120.0,0.0,0.0,0.0,0.0,-0.069813169538975
,2754,SAMPLE,,,160.0,120.0,160.0,120.0,0.0,0.0,0.0,0.0,-0.069813169538975
,2755,SAMPLE,,,160.0,120.0,160.0,120.0,0.0,0.0,0.0,0.0,-0.069813169538975
,2756,SAMPLE,,,160.0,120.0,160.0,120.0,0.0,0.0,0.0,0.0,-0.069813169538975
,2757,SAMPLE,,,160.0,120.0,160.0,120.0,0.0,0.0,0.0,0.0,-0.069813169538975
,2758,SAMPLE,,,160.0,120.0,160.0,120.0,0.0,0.0,0.0,0.0,-0.069813169538975
,2759,SAMPLE,,,160.0,120.0,160.0,120.0,0.0,0.0,0.0,0.0,-0.069813169538975
,2760,SAMPLE,,,160.0,120.0,160.0,120.0,0.0,0.0,0.0,0.0,-0.069813169538975
,2761,SAMPLE,,,160.0,120.0,160.0,120.0,0.0,0.0,0.0,0.0,-0.069813169538975
,2762,SAMPLE,,,160.0,120.0,160.0,120.0,0.0,0.0,0.0,0.0,-0.069813169538975
,2763,SAMPLE,,,160.0,120.0,160.0,120.0,0.0,0.0,0.0,0.0,-0.069813169538975
,2764,SAMPLE,,,160.0,120.0,160.0,120.0,0.0,0.0,0.0,0.0,-0.069813169538975
,2765,SAMPLE,,,160.0,120.0,160.0,120.0,0.0,0.0,0.0,0.0,-0.069813169538975
,2766,SAMPLE,,,160.0,120.0,160.0,120.0,0.0,0.0,0.0,0.0,-0.069813169538975
,2767,SAMPLE,,,160.0,120.0,160.0,120.0,0.0,0.0,0.0,0.0,-0.069813169538975
,2768,SAMPLE,,,160.0,120.0,160.0,120.0,0.0,0.0,0.0,0.0,-0.069813169538975
,2769,SAMPLE,,,160.0,120.0,160.0,120.0,0.0,0.0,0.0,0.0,-0.069813169538975
,2770,SAMPLE,,,160.0,120.0,160.0,120.0,0.0,0.0,0.0,0.0,-0.069813169538975
,2771,SAMPLE,,,160.0,120.0,160.0,120.0,0.0,0.0,0.0,0.0,-0.069813169538975
,2772,SAMPLE,,,160.0,120.0,160.0,120.0,0.0,0.0,0.0,0.0,-0.069813169538975
,2773,SAMPLE,,,160.0,120.0,160.0,120.0,0.0,0.0,0.0,0.0,-0.069813169538975
,2774,SAMPLE,,,160.0,120.0,160.0,120.0,0.0,0.0,0.0,0.0,-0.069813169538975
,2775,SAMPLE,,,160.0,120.0,160.0,120.0,0.0,0.0,0.0,0.0,-0.069813169538975
,2776,SAMPLE,,,160.0,120.0,160.0,120.0,0.0,0.0,0.0,0.0,-0.069813169538975
,2777,SAMPLE,,,160.0,120.0,160.0,120.0,0.0,0.0,0.0,0.0,-0.069813169538975
,2778,SAMPLE,,,160.0,120.0,160.0,120.0,0.0,0.0,0.0,0.0,-0.069813169538975
,2779,SAMPLE,,,160.0,120.0,160.0,120.0,0.0,0.0,0.0,0.0,-0.069813169538975
,2780,SAMPLE,,,160.0,120.0,160.0,120.0,0.0,0.0,0.0,0.0,-0.069813169538975
,2781,SAMPLE,,,160.0,120.0,160.0,120.0,0.0,0.0,0.0,0.0,-0.069813169538975
,2782,SAMPLE,,,160.0,120.0,160.0,120.0,0.0,0.0,0.0,0.0,-0.069813169538975
,2783,SAMPLE,,,160.0,120.0,160.0,120.0,0.0,0.0,0.0,0.0,-0.069813169538975
,2784,SAMPLE,,,160.0,120.0,160.0,120.0,0.0,0.0,0.0,0.0,-0.069813169538975
,2785,SAMPLE,,,142.5306854248,120.0,142.5306854248,120.0,-91.307106018066,-0.77988004684448,-0.77988004684448,0.091393113136292,-0.069813169538975
,2786,SAMPLE,,,142.5306854248,120.0,142.5306854248,120.0,-91.307106018066,-0.77988004684448,-0.77988004684448,0.091393113136292,-0.069813169538975
,2787,SAMPLE,,,131.41923522949,120.0,131.41923522949,120.0,-148.35021972656,-1.2759273052216,-1.2759273052216,0.14882242679596,-0.069813169538975
,2788,SAMPLE,,,131.41923522949,120.0,131.41923522949,120.0,-148.35021972656,-1.2759273052216,-1.2759273052216,0.14882242679596,-0.069813169538975
,2789,SAMPLE,,,131.41923522949,120.0,131.41923522949,120.0,-148.35021972656,-1.2759273052216,-1.2759273052216,0.14882242679596,-0.069813169538975
,2790,SAMPLE,,,124.35171508789,120.0,124.35171508789,120.0,-183.91340637207,-1.5914413928986,-1.5914413928986,0.18491947650909,-0.069813169538975
,2791,SAMPLE,,,124.35171508789,120.0,124.35171508789,120.0,-183.91340637207,-1.5914413928986,-1.5914413928986,0.18491947650909,-0.069813169538975
,2792,SAMPLE,,,124.35171508789,120.0,124.35171508789,120.0,-183.91340637207,-1.5914413928986,-1.5914413928986,0.18491947650909,-0.069813169538975
,2793,SAMPLE,,,119.85638427734,120.0,119.85638427734,120.0,-206.1725769043,-1.7921259403229,-1.7921259403229,0.20759391784668,-0.069813169538975
,2794,SAMPLE,,,119.85638427734,120.0,119.85638427734,120.0,-206.1725769043,-1.7921259403229,-1.7921259403229,0.20759391784668,-0.069813169538975
,2795,SAMPLE,,,119.85638427734,120.0,119.85638427734,120.0,-206.1725769043,-1.7921259403229,-1.7921259403229,0.20759391784668,-0.069813169538975
,2796,SAMPLE,,,134.46641540527,120.0,134.46641540527,120.0,-132.82902526855,-1.1398924589157,-1.1398924589157,0.1331946849823,-0.069813169538975
,2797,SAMPLE,,,134.46641540527,120.0,134.46641540527,120.0,-132.82902526855,-1.1398924589157,-1.1398924589157,0.1331946849823,-0.069813169538975
,2798,SAMPLE,,,134.46641540527,120.0,134.46641540527,120.0,-132.82902526855,-1.1398924589157,-1.1398924589157,0.1331946849823,-0.069813169538975
,2799,SAMPLE,,,143.7592010498,120.0,143.7592010498,120.0,-84.934066772461,-0.7250354886055,-0.7250354886055,0.085017442703247,-0.069813169538975
,2800,SAMPLE,,,143.7592010498,120.0,143.7592010498,120.0,-84.934066772461,-0.7250354886055,-0.7250354886055,0.085017442703247,-0.069813169538975
,2801,SAMPLE,,,143.7592010498,120.0,143.7592010498,120.0,-84.934066772461,-0.7250354886055,-0.7250354886055,0.085017442703247,-0.069813169538975
,2802,SAMPLE,,,149.66995239258,120.0,149.66995239258,120.0,-54.139163970947,-0.46116316318512,-0.46116316318512,0.054097652435303,-0.069813169538975
,2803,SAMPLE,,,149.66995239258,120.0,149.66995239258,120.0,-54.139163970947,-0.46116316318512,-0.46116316318512,0.054097652435303,-0.069813169538975
,2804,SAMPLE,,,149.66995239258,120.0,149.66995239258,120.0,-54.139163970947,-0.46116316318512,-0.46116316318512,0.054097652435303,-0.069813169538975
,2805,SAMPLE,,,153.42950439453,120.0,153.42950439453,120.0,-34.465667724609,-0.29332560300827,-0.29332560300827,0.034443140029907,-0.069813169538975
,2806,SAMPLE,,,153.42950439453,120.0,153.42950439453,120.0,-34.465667724609,-0.29332560300827,-0.29332560300827,0.034443140029907,-0.069813169538975
,2807,SAMPLE,,,153.42950439453,120.0,153.42950439453,120.0,-34.465667724609,-0.29332560300827,-0.29332560300827,0.034443140029907,-0.069813169538975
,2808,SAMPLE,,,155.82080078125,120.0,155.82080078125,120.0,-21.929830551147,-0.18657152354717,-0.18657152354717,0.021883606910706,-0.069813169538975
,2809,SAMPLE,,,155.82080078125,120.0,155.82080078125,120.0,-21.929830551147,-0.18657152354717,-0.18657152354717,0.021883606910706,-0.069813169538975
,2810,SAMPLE,,,155.82080078125,120.0,155.82080078125,120.0,-21.929830551147,-0.18657152354717,-0.18657152354717,0.021883606910706,-0.069813169538975
,2811,SAMPLE,,,157.341796875,120.0,157.341796875,120.0,-13.950589179993,-0.11866994202137,-0.11866994202137,0.013877987861633,-0.069813169538975
,2812,SAMPLE,,,157.341796875,120.0,157.341796875,120.0,-13.950589179993,-0.11866994202137,-0.11866994202137,0.013877987861633,-0.069813169538975
,2813,SAMPLE,,,157.341796875,120.0,157.341796875,120.0,-13.950589179993,-0.11866994202137,-0.11866994202137,0.013877987861633,-0.069813169538975
,2814,SAMPLE,,,158.30923461914,120.0,158.30923461914,120.0,-8.8738670349121,-0.075480736792088,-0.075480736792088,0.0087965726852417,-0.069813169538975
,2815,SAMPLE,,,158.30923461914,120.0,158.30923461914,120.0,-8.8738670349121,-0.075480736792088,-0.075480736792088,0.0087965726852417,-0.069813169538975
,2816,SAMPLE,,,158.30923461914,120.0,158.30923461914,120.0,-8.8738670349121,-0.075480736792088,-0.075480736792088,0.0087965726852417,-0.069813169538975
,2817,SAMPLE,,,158.92457580566,120.0,158.92457580566,120.0,-5.6444234848022,-0.048009980469942,-0.048009980469942,0.005584716796875,-0.069813169538975
,2818,SAMPLE,,,158.92457580566,120.0,158.92457580566,120.0,-5.6444234848022,-0.048009980469942,-0.048009980469942,0.005584716796875,-0.069813169538975
,2819,SAMPLE,,,158.92457580566,120.0,158.92457580566,120.0,-5.6444234848022,-0.048009980469942,-0.048009980469942,0.005584716796875,-0.069813169538975
,2820,SAMPLE,,,159.31596374512,120.0,159.31596374512,120.0,-3.5902359485626,-0.030537037178874,-0.030537037178874,0.0035233497619629,-0.069813169538975
,2821,SAMPLE,,,159.31596374512,120.0,159.31596374512,120.0,-3.5902359485626,-0.030537037178874,-0.030537037178874,0.0035233497619629,-0.069813169538975
,2822,SAMPLE,,,159.31596374512,120.0,159.31596374512,120.0,-3.5902359485626,-0.030537037178874,-0.030537037178874,0.0035233497619629,-0.069813169538975
,2823,SAMPLE,,,159.31596374512,120.0,159.31596374512,120.0,-3.5902359485626,-0.030537037178874,-0.030537037178874,0.0035233497619629,-0.069813169538975
,2824,SAMPLE,,,159.62582397461,120.0,159.62582397461,120.0,-1.9639109373093,-0.016704009845853,-0.016704009845853,0.0018935203552246,-0.069813169538975
,2825,SAMPLE,,,159.62582397461,120.0,159.62582397461,120.0,-1.9639109373093,-0.016704009845853,-0.016704009845853,0.0018935203552246,-0.069813169538975
,2826,SAMPLE,,,159.62582397461,120.0,159.62582397461,120.0,-1.9639109373093,-0.016704009845853,-0.016704009845853,0.0018935203552246,-0.069813169538975
,2827,SAMPLE,,,159.62582397461,120.0,159.62582397461,120.0,-1.9639109373093,-0.016704009845853,-0.016704009845853,0.0018935203552246,-0.069813169538975
,2828,SAMPLE,,,159.76200866699,120.0,159.76200866699,120.0,-1.2491295337677,-0.010624686256051,-0.010624686256051,0.0011744499206543,-0.069813169538975
,2829,SAMPLE,,,159.76200866699,120.0,159.76200866699,120.0,-1.2491295337677,-0.010624686256051,-0.010624686256051,0.0011744499206543,-0.069813169538975
,2830,SAMPLE,,,159.76200866699,120.0,159.76200866699,120.0,-1.2491295337677,-0.010624686256051,-0.010624686256051,0.0011744499206543,-0.069813169538975
,2831,SAMPLE,,,159.84861755371,120.0,159.84861755371,120.0,-0.79455149173737,-0.0067578959278762,-0.0067578959278762,0.00074303150177002,-0.069813169538975
,2832,SAMPLE,,,159.84861755371,120.0,159.84861755371,120.0,-0.79455149173737,-0.0067578959278762,-0.0067578959278762,0.00074303150177002,-0.069813169538975
,2833,SAMPLE,,,159.84861755371,120.0,159.84861755371,120.0,-0.79455149173737,-0.0067578959278762,-0.0067578959278762,0.00074303150177002,-0.069813169538975
,2834,SAMPLE,,,159.90371704102,120.0,159.90371704102,120.0,-0.50535434484482,-0.0042984005995095,-0.0042984005995095,0.00045537948608398,-0.069813169538975
,2835,SAMPLE,,,159.90371704102,120.0,159.90371704102,120.0,-0.50535434484482,-0.0042984005995095,-0.0042984005995095,0.00045537948608398,-0.069813169538975
,2836,SAMPLE,,,159.90371704102,120.0,159.90371704102,120.0,-0.50535434484482,-0.0042984005995095,-0.0042984005995095,0.00045537948608398,-0.069813169538975
,2837,SAMPLE,,,159.9387512207,120.0,159.9387512207,120.0,-0.32147270441055,-0.0027340238448232,-0.0027340238448232,0.00026369094848633,-0.069813169538975
,2838,SAMPLE,,,159.9387512207,120.0,159.9387512207,120.0,-0.32147270441055,-0.0027340238448232,-0.0027340238448232,0.00026369094848633,-0.069813169538975
,2839,SAMPLE,,,159.9387512207,120.0,159.9387512207,120.0,-0.32147270441055,-0.0027340238448232,-0.0027340238448232,0.00026369094848633,-0.069813169538975
,2840,SAMPLE,,,159.96104431152,120.0,159.96104431152,120.0,-0.2044643163681,-0.001738992286846,-0.001738992286846,0.00026369094848633,-0.069813169538975
,2841,SAMPLE,,,159.96104431152,120.0,159.96104431152,120.0,-0.2044643163681,-0.001738992286846,-0.001738992286846,0.00011980533599854,-0.069813169538975
,2842,SAMPLE,,,159.96104431152,120.0,159.96104431152,120.0,-0.2044643163681,-0.001738992286846,-0.001738992286846,0.00011980533599854,-0.069813169538975
,2843,SAMPLE,,,159.97521972656,120.0,159.97521972656,120.0,-0.13006268441677,-0.001106096431613,-0.001106096431613,7.1883201599121e-05,-0.069813169538975
,2844,SAMPLE,,,159.97521972656,120.0,159.97521972656,120.0,-0.13006268441677,-0.001106096431613,-0.001106096431613,7.1883201599121e-05,-0.069813169538975
,2845,SAMPLE,,,159.97521972656,120.0,159.97521972656,120.0,-0.13006268441677,-0.001106096431613,-0.001106096431613,7.1883201599121e-05,-0.069813169538975
,2846,SAMPLE,,,159.97521972656,120.0,159.97521972656,120.0,-0.13006268441677,-0.001106096431613,-0.001106096431613,7.1883201599121e-05,-0.069813169538975
,2847,SAMPLE,,,159.9842376709,120.0,159.9842376709,120.0,-0.082730770111084,-0.0007035392918624,-0.0007035392918624,2.3961067199707e-05,-0.069813169538975
,2848,SAMPLE,,,159.9842376709,120.0,159.9842376709,120.0,-0.082730770111084,-0.0007035392918624,-0.0007035392918624,2.3961067199707e-05,-0.069813169538975
,2849,SAMPLE,,,159.9842376709,120.0,159.9842376709,120.0,-0.082730770111084,-0.0007035392918624,-0.0007035392918624,2.3961067199707e-05,-0.069813169538975
,2850,SAMPLE,,,159.9842376709,120.0,159.9842376709,120.0,-0.082730770111084,-0.0007035392918624,-0.0007035392918624,2.3961067199707e-05,-0.069813169538975
,2851,SAMPLE,,,159.99137878418,120.0,159.99137878418,120.0,-0.04524964094162,-0.00038484175456688,-0.00038484175456688,-2.3841857910156e-05,-0.069813169538975
,2852,SAMPLE,,,159.99137878418,120.0,159.99137878418,120.0,-0.04524964094162,-0.00038484175456688,-0.00038484175456688,-2.3841857910156e-05,-0.069813169538975
,2853,SAMPLE,,,159.99137878418,120.0,159.99137878418,120.0,-0.04524964094162,-0.00038484175456688,-0.00038484175456688,-2.3841857910156e-05,-0.069813169538975
,2854,SAMPLE,,,159.99452209473,120.0,159.99452209473,120.0,-0.028751542791724,-0.00024478090927005,-0.00024478090927005,-2.3841857910156e-05,-0.069813169538975
,2855,SAMPLE,,,159.99452209473,120.0,159.99452209473,120.0,-0.028751542791724,-0.00024478090927005,-0.00024478090927005,-2.3841857910156e-05,-0.069813169538975
,2856,SAMPLE,,,159.99452209473,120.0,159.99452209473,120.0,-0.028751542791724,-0.00024478090927005,-0.00024478090927005,-2.3841857910156e-05,-0.069813169538975
,2857,SAMPLE,,,159.9965057373,120.0,159.9965057373,120.0,-0.018340120092034,-0.00015569437528029,-0.00015569437528029,-2.3841857910156e-05,-0.069813169538975
,2858,SAMPLE,,,159.9965057373,120.0,159.9965057373,120.0,-0.018340120092034,-0.00015569437528029,-0.00015569437528029,-2.3841857910156e-05,-0.069813169538975
,2859,SAMPLE,,,159.9965057373,120.0,159.9965057373,120.0,-0.018340120092034,-0.00015569437528029,-0.00015569437528029,-2.3841857910156e-05,-0.069813169538975
,2860,SAMPLE,,,159.9965057373,120.0,159.9965057373,120.0,-0.018340120092034,-0.00015569437528029,-0.00015569437528029,-2.3841857910156e-05,-0.069813169538975
,2861,SAMPLE,,,159.99778747559,120.0,159.99778747559,120.0,-0.011612740345299,-9.9030345154461e-05,-9.9030345154461e-05,-2.3841857910156e-05,-0.069813169538975
,2862,SAMPLE,,,159.99778747559,120.0,159.99778747559,120.0,-0.011612740345299,-9.9030345154461e-05,-9.9030345154461e-05,-2.3841857910156e-05,-0.069813169538975
,2863,SAMPLE,,,159.99778747559,120.0,159.99778747559,120.0,-0.011612740345299,-9.9030345154461e-05,-9.9030345154461e-05,-2.3841857910156e-05,-0.069813169538975
,2864,SAMPLE,,,159.99859619141,120.0,159.99859619141,120.0,-0.0073680835776031,-6.2988845456857e-05,-6.2988845456857e-05,-2.3841857910156e-05,-0.069813169538975
,2865,SAMPLE,,,159.99859619141,120.0,159.99859619141,120.0,-0.0073680835776031,-6.2988845456857e-05,-6.2988845456857e-05,-2.3841857910156e-05,-0.069813169538975
,2866,SAMPLE,,,159.99859619141,120.0,159.99859619141,120.0,-0.0073680835776031,-6.2988845456857e-05,-6.2988845456857e-05,-2.3841857910156e-05,-0.069813169538975
,2867,SAMPLE,,,159.99909973145,120.0,159.99909973145,120.0,-0.0047251842916012,-4.0064431232167e-05,-4.0064431232167e-05,-2.3841857910156e-05,-0.069813169538975
,2868,SAMPLE,,,159.99909973145,120.0,159.99909973145,120.0,-0.0047251842916012,-4.0064431232167e-05,-4.0064431232167e-05,-2.3841857910156e-05,-0.069813169538975
,2869,SAMPLE,,,159.99909973145,120.0,159.99909973145,120.0,-0.0047251842916012,-4.0064431232167e-05,-4.0064431232167e-05,-2.3841857910156e-05,-0.069813169538975
,2870,SAMPLE,,,159.99909973145,120.0,159.99909973145,120.0,-0.0047251842916012,-4.0064431232167e-05,-4.0064431232167e-05,-2.3841857910156e-05,-0.069813169538975
,2871,SAMPLE,,,159.9994354248,120.0,159.9994354248,120.0,-0.0029632509686053,-2.5483222998446e-05,-2.5483222998446e-05,-2.3841857910156e-05,-0.069813169538975
,2872,SAMPLE,,,159.9994354248,120.0,159.9994354248,120.0,-0.0029632509686053,-2.5483222998446e-05,-2.5483222998446e-05,-2.3841857910156e-05,-0.069813169538975
,2873,SAMPLE,,,159.9994354248,120.0,159.9994354248,120.0,-0.0029632509686053,-2.5483222998446e-05,-2.5483222998446e-05,-2.3841857910156e-05,-0.069813169538975
,2874,SAMPLE,,,159.99963378906,120.0,159.99963378906,120.0,-0.0019221088150516,-1.6208756278502e-05,-1.6208756278502e-05,-2.3841857910156e-05,-0.069813169538975
,2875,SAMPLE,,,159.99963378906,120.0,159.99963378906,120.0,-0.0019221088150516,-1.6208756278502e-05,-1.6208756278502e-05,-2.3841857910156e-05,-0.069813169538975
,2876,SAMPLE,,,159.99963378906,120.0,159.99963378906,120.0,-0.0019221088150516,-1.6208756278502e-05,-1.6208756278502e-05,-2.3841857910156e-05,-0.069813169538975
,2877,SAMPLE,,,159.99977111816,120.0,159.99977111816,120.0,-0.0012013179948553,-1.0309677236364e-05,-1.0309677236364e-05,-2.3841857910156e-05,-0.069813169538975
,2878,SAMPLE,,,159.99977111816,120.0,159.99977111816,120.0,-0.0012013179948553,-1.0309677236364e-05,-1.0309677236364e-05,-2.3841857910156e-05,-0.069813169538975
,2879,SAMPLE,,,159.99977111816,120.0,159.99977111816,120.0,-0.0012013179948553,-1.0309677236364e-05,-1.0309677236364e-05,-2.3841857910156e-05,-0.069813169538975
,2880,SAMPLE,,,159.99984741211,120.0,159.99984741211,120.0,-0.00080087862443179,-6.5575322878431e-06,-6.5575322878431e-06,-2.3841857910156e-05,-0.069813169538975
,2881,SAMPLE,,,159.99984741211,120.0,159.99984741211,120.0,-0.00080087862443179,-6.5575322878431e-06,-6.5575322878431e-06,-2.3841857910156e-05,-0.069813169538975
,2882,SAMPLE,,,159.99984741211,120.0,159.99984741211,120.0,-0.00080087862443179,-6.5575322878431e-06,-6.5575322878431e-06,-2.3841857910156e-05,-0.069813169538975
,2883,SAMPLE,,,159.99984741211,120.0,159.99984741211,120.0,-0.00080087862443179,-6.5575322878431e-06,-6.5575322878431e-06,-2.3841857910156e-05,-0.069813169538975
,2884,SAMPLE,,,159.99990844727,120.0,159.99990844727,120.0,-0.0004805272037629,-4.1709577089932e-06,-4.1709577089932e-06,-2.3841857910156e-05,-0.069813169538975
,2885,SAMPLE,,,159.99990844727,120.0,159.99990844727,120.0,-0.0004805272037629,-4.1709577089932e-06,-4.1709577089932e-06,-2.3841857910156e-05,-0.069813169538975
,2886,SAMPLE,,,159.99990844727,120.0,159.99990844727,120.0,-0.0004805272037629,-4.1709577089932e-06,-4.1709577089932e-06,-2.3841857910156e-05,-0.069813169538975
,2887,SAMPLE,,,159.99993896484,120.0,159.99993896484,120.0,-0.00032035144977272,-2.652962848515e-06,-2.652962848515e-06,-2.3841857910156e-05,-0.069813169538975
,2888,SAMPLE,,,159.99993896484,120.0,159.99993896484,120.0,-0.00032035144977272,-2.652962848515e-06,-2.652962848515e-06,-2.3841857910156e-05,-0.069813169538975
,2889,SAMPLE,,,159.99993896484,120.0,159.99993896484,120.0,-0.00032035144977272,-2.652962848515e-06,-2.652962848515e-06,-2.3841857910156e-05,-0.069813169538975
,2890,SAMPLE,,,159.99996948242,120.0,159.99996948242,120.0,-0.00016017572488636,-1.6874330412975e-06,-1.6874330412975e-06,-2.3841857910156e-05,-0.069813169538975
,2891,SAMPLE,,,159.99996948242,120.0,159.99996948242,120.0,-0.00016017572488636,-1.6874330412975e-06,-1.6874330412975e-06,-2.3841857910156e-05,-0.069813169538975
,2892,SAMPLE,,,159.99996948242,120.0,159.99996948242,120.0,-0.00016017572488636,-1.6874330412975e-06,-1.6874330412975e-06,-2.3841857910156e-05,-0.069813169538975
,2893,SAMPLE,,,159.99996948242,120.0,159.99996948242,120.0,-0.00016017572488636,-1.6874330412975e-06,-1.6874330412975e-06,-2.3841857910156e-05,-0.069813169538975
,2894,SAMPLE,,,159.99998474121,120.0,159.99998474121,120.0,-8.0087862443179e-05,-9.2303969267959e-07,-9.2303969267959e-07,-2.3841857910156e-05,-0.069813169538975
,2895,SAMPLE,,,159.99998474121,120.0,159.99998474121,120.0,-8.0087862443179e-05,-9.2303969267959e-07,-9.2303969267959e-07,-2.3841857910156e-05,-0.069813169538975
,2896,SAMPLE,,,159.99998474121,120.0,159.99998474121,120.0,-8.0087862443179e-05,-9.2303969267959e-07,-9.2303969267959e-07,-2.3841857910156e-05,-0.069813169538975
,2897,SAMPLE,,,159.99998474121,120.0,159.99998474121,120.0,-8.0087862443179e-05,-5.871049779671e-07,-5.871049779671e-07,-2.3841857910156e-05,-0.069813169538975
,2898,SAMPLE,,,159.99998474121,120.0,159.99998474121,120.0,-8.0087862443179e-05,-5.871049779671e-07,-5.871049779671e-07,-2.3841857910156e-05,-0.069813169538975
,2899,SAMPLE,,,159.99998474121,120.0,159.99998474121,120.0,-8.0087862443179e-05,-5.871049779671e-07,-5.871049779671e-07,-2.3841857910156e-05,-0.069813169538975
,2900,SAMPLE,,,159.99998474121,120.0,159.99998474121,120.0,-8.0087862443179e-05,-5.871049779671e-07,-5.871049779671e-07,-2.3841857910156e-05,-0.069813169538975
,2901,SAMPLE,,,160.0,120.0,160.0,120.0,0.0,-3.211512478174e-07,-3.211512478174e-07,0.0,-0.069813169538975
,2902,SAMPLE,,,160.0,120.0,160.0,120.0,0.0,-3.211512478174e-07,-3.211512478174e-07,0.0,-0.069813169538975
,2903,SAMPLE,,,160.0,120.0,160.0,120.0,0.0,-3.211512478174e-07,-3.211512478174e-07,0.0,-0.069813169538975
,2904,SAMPLE,,,160.0,120.0,160.0,120.0,0.0,-2.0427017943803e-07,-2.0427017943803e-07,0.0,-0.069813169538975
,2905,SAMPLE,,,160.0,120.0,160.0,120.0,0.0,-2.0427017943803e-07,-2.0427017943803e-07,0.0,-0.069813169538975
,2906,SAMPLE,,,160.0,120.0,160.0,120.0,0.0,-2.0427017943803e-07,-2.0427017943803e-07,0.0,-0.069813169538975
,2907,SAMPLE,,,160.0,120.0,160.0,120.0,0.0,-1.2992727249639e-07,-1.2992727249639e-07,0.0,-0.069813169538975
,2908,SAMPLE,,,160.0,120.0,160.0,120.0,0.0,-1.2992727249639e-07,-1.2992727249639e-07,0.0,-0.069813169538975
,2909,SAMPLE,,,160.0,120.0,160.0,120.0,0.0,-8.2641022913776e-08,-8.2641022913776e-08,0.0,-0.069813169538975
,2910,SAMPLE,,,160.0,120.0,160.0,120.0,0.0,-8.2641022913776e-08,-8.2641022913776e-08,0.0,-0.069813169538975
,2911,SAMPLE,,,160.0,120.0,160.0,120.0,0.0,-8.2641022913776e-08,-8.2641022913776e-08,0.0,-0.069813169538975
,2912,SAMPLE,,,160.0,120.0,160.0,120.0,0.0,-5.2564324448667e-08,-5.2564324448667e-08,0.0,-0.069813169538975
,2913,SAMPLE,,,160.0,120.0,160.0,120.0,0.0,-5.2564324448667e-08,-5.2564324448667e-08,0.0,-0.069813169538975
,2914,SAMPLE,,,160.0,120.0,160.0,120.0,0.0,-5.2564324448667e-08,-5.2564324448667e-08,0.0,-0.069813169538975
,2915,SAMPLE,,,160.0,120.0,160.0,120.0,0.0,-3.3433856572174e-08,-3.3433856572174e-08,0.0,-0.069813169538975
,2916,SAMPLE,,,160.0,120.0,160.0,120.0,0.0,-3.3433856572174e-08,-3.3433856572174e-08,0.0,-0.069813169538975
,2917,SAMPLE,,,160.0,120.0,160.0,120.0,0.0,-3.3433856572174e-08,-3.3433856572174e-08,0.0,-0.069813169538975
,2918,SAMPLE,,,160.0,120.0,160.0,120.0,0.0,-2.1265806893211e-08,-2.1265806893211e-08,0.0,-0.069813169538975
,2919,SAMPLE,,,160.0,120.0,160.0,120.0,0.0,-2.1265806893211e-08,-2.1265806893211e-08,0.0,-0.069813169538975
,2920,SAMPLE,,,160.0,120.0,160.0,120.0,0.0,-1.3526244124762e-08,-1.3526244124762e-08,0.0,-0.069813169538975
,2921,SAMPLE,,,160.0,120.0,160.0,120.0,0.0,-1.3526244124762e-08,-1.3526244124762e-08,0.0,-0.069813169538975
,2922,SAMPLE,,,160.0,120.0,160.0,120.0,0.0,-1.3526244124762e-08,-1.3526244124762e-08,0.0,-0.069813169538975
,2923,SAMPLE,,,160.0,120.0,160.0,120.0,0.0,-8.6034495083709e-09,-8.6034495083709e-09,0.0,-0.069813169538975
,2924,SAMPLE,,,160.0,120.0,160.0,120.0,0.0,-8.6034495083709e-09,-8.6034495083709e-09,0.0,-0.069813169538975
,2925,SAMPLE,,,160.0,120.0,160.0,120.0,0.0,-5.4722759657011e-09,-5.4722759657011e-09,0.0,-0.069813169538975
,2926,SAMPLE,,,160.0,120.0,160.0,120.0,0.0,-5.4722759657011e-09,-5.4722759657011e-09,0.0,-0.069813169538975
,2927,SAMPLE,,,160.0,120.0,160.0,120.0,0.0,-5.4722759657011e-09,-5.4722759657011e-09,0.0,-0.069813169538975
,2928,SAMPLE,,,160.0,120.0,160.0,120.0,0.0,-5.4722759657011e-09,-5.4722759657011e-09,0.0,-0.069813169538975
,2929,SAMPLE,,,160.0,120.0,160.0,120.0,0.0,-3.4806741933124e-09,-3.4806741933124e-09,0.0,-0.069813169538975
,2930,SAMPLE,,,160.0,120.0,160.0,120.0,0.0,-3.4806741933124e-09,-3.4806741933124e-09,0.0,-0.069813169538975
,2931,SAMPLE,,,160.0,120.0,160.0,120.0,0.0,-2.2139037270108e-09,-2.2139037270108e-09,0.0,-0.069813169538975
,2932,SAMPLE,,,160.0,120.0,160.0,120.0,0.0,-2.2139037270108e-09,-2.2139037270108e-09,0.0,-0.069813169538975
,2933,SAMPLE,,,160.0,120.0,160.0,120.0,0.0,-2.2139037270108e-09,-2.2139037270108e-09,0.0,-0.069813169538975
,2934,SAMPLE,,,160.0,120.0,160.0,120.0,0.0,-1.4081668053834e-09,-1.4081668053834e-09,0.0,-0.069813169538975
,2935,SAMPLE,,,160.0,120.0,160.0,120.0,0.0,-1.4081668053834e-09,-1.4081668053834e-09,0.0,-0.069813169538975
,2936,SAMPLE,,,160.0,120.0,160.0,120.0,0.0,-8.9567303573901e-10,-8.9567303573901e-10,0.0,-0.069813169538975
,2937,SAMPLE,,,160.0,120.0,160.0,120.0,0.0,-8.9567303573901e-10,-8.9567303573901e-10,0.0,-0.069813169538975
,2938,SAMPLE,,,160.0,120.0,160.0,120.0,0.0,-8.9567303573901e-10,-8.9567303573901e-10,0.0,-0.069813169538975
,2939,SAMPLE,,,160.0,120.0,160.0,120.0,0.0,-5.6969823303277e-10,-5.6969823303277e-10,0.0,-0.069813169538975
,2940,SAMPLE,,,160.0,120.0,160.0,120.0,0.0,-5.6969823303277e-10,-5.6969823303277e-10,0.0,-0.069813169538975
,2941,SAMPLE,,,160.0,120.0,160.0,120.0,0.0,-4.21348816948e-10,-4.21348816948e-10,0.0,-0.069813169538975
,2942,SAMPLE,,,160.0,120.0,160.0,120.0,0.0,-4.21348816948e-10,-4.21348816948e-10,0.0,-0.069813169538975
,2943,SAMPLE,,,160.0,120.0,160.0,120.0,0.0,-4.21348816948e-10,-4.21348816948e-10,0.0,-0.069813169538975
,2944,SAMPLE,,,160.0,120.0,160.0,120.0,0.0,-2.6800145436212e-10,-2.6800145436212e-10,0.0,-0.069813169538975
,2945,SAMPLE,,,160.0,120.0,160.0,120.0,0.0,-2.6800145436212e-10,-2.6800145436212e-10,0.0,-0.069813169538975
,2946,SAMPLE,,,160.0,120.0,160.0,120.0,0.0,-1.9821388974606e-10,-1.9821388974606e-10,0.0,-0.069813169538975
,2947,SAMPLE,,,160.0,120.0,160.0,120.0,0.0,-1.9821388974606e-10,-1.9821388974606e-10,0.0,-0.069813169538975
,2948,SAMPLE,,,160.0,120.0,160.0,120.0,0.0,-1.9821388974606e-10,-1.9821388974606e-10,0.0,-0.069813169538975
,2949,SAMPLE,,,160.0,120.0,160.0,120.0,0.0,-1.2607513644181e-10,-1.2607513644181e-10,0.0,-0.069813169538975
,2950,SAMPLE,,,160.0,120.0,160.0,120.0,0.0,-1.2607513644181e-10,-1.2607513644181e-10,0.0,-0.069813169538975
,2951,SAMPLE,,,160.0,120.0,160.0,120.0,0.0,-1.2607513644181e-10,-1.2607513644181e-10,0.0,-0.069813169538975
,2952,SAMPLE,,,160.0,120.0,160.0,120.0,0.0,-8.0190847018269e-11,-8.0190847018269e-11,0.0,-0.069813169538975
,2953,SAMPLE,,,160.0,120.0,160.0,120.0,0.0,-8.0190847018269e-11,-8.0190847018269e-11,0.0,-0.069813169538975
,2954,SAMPLE,,,160.0,120.0,160.0,120.0,0.0,-5.1005873136223e-11,-5.1005873136223e-11,0.0,-0.069813169538975
,2955,SAMPLE,,,160.0,120.0,160.0,120.0,0.0,-5.1005873136223e-11,-5.1005873136223e-11,0.0,-0.069813169538975
,2956,SAMPLE,,,160.0,120.0,160.0,120.0,0.0,-5.1005873136223e-11,-5.1005873136223e-11,0.0,-0.069813169538975
,2957,SAMPLE,,,159.73179626465,118.87311553955,159.73179626465,118.87311553955,-1.4076783657074,-0.011973470449448,-0.011973470449448,0.0013662576675415,-0.063988722860813
,2958,SAMPLE,,,159.73179626465,118.87311553955,159.73179626465,118.87311553955,-1.4076783657074,-0.011973470449448,-0.011973470449448,0.0013662576675415,-0.063988722860813
,2959,SAMPLE,,,159.73179626465,118.87311553955,159.73179626465,118.87311553955,-1.4076783657074,-0.011973470449448,-0.011973470449448,0.0013662576675415,-0.063988722860813
,2960,SAMPLE,,,158.25541687012,118.42823791504,158.25541687012,118.42823791504,-9.1559906005859,-0.077883429825306,-0.077883429825306,0.0091321468353271,-0.061639823019505
,2961,SAMPLE,,,158.25541687012,118.42823791504,158.25541687012,118.42823791504,-9.1559906005859,-0.077883429825306,-0.077883429825306,0.0091321468353271,-0.061639823019505
,2962,SAMPLE,,,156.68269348145,118.27980804443,156.68269348145,118.27980804443,-17.407995223999,-0.14809417724609,-0.14809417724609,0.017329454421997,-0.060872830450535
,2963,SAMPLE,,,156.68269348145,118.27980804443,156.68269348145,118.27980804443,-17.407995223999,-0.14809417724609,-0.14809417724609,0.017329454421997,-0.060872830450535
,2964,SAMPLE,,,156.68269348145,118.27980804443,156.68269348145,118.27980804443,-17.407995223999,-0.14809417724609,-0.14809417724609,0.017329454421997,-0.060872830450535
,2965,SAMPLE,,,154.88531494141,118.15321350098,154.88531494141,118.15321350098,-26.834205627441,-0.2283341139555,-0.2283341139555,0.02677309513092,-0.060201682150364
,2966,SAMPLE,,,154.88531494141,118.15321350098,154.88531494141,118.15321350098,-26.834205627441,-0.2283341139555,-0.2283341139555,0.02677309513092,-0.060201682150364
,2967,SAMPLE,,,153.18200683594,118.05660247803,153.18200683594,118.05660247803,-35.760433197021,-0.30437457561493,-0.30437457561493,0.03568959236145,-0.059674419462681
,2968,SAMPLE,,,153.18200683594,118.05660247803,153.18200683594,118.05660247803,-35.760433197021,-0.30437457561493,-0.30437457561493,0.03568959236145,-0.059674419462681
,2969,SAMPLE,,,153.18200683594,118.05660247803,153.18200683594,118.05660247803,-35.760433197021,-0.30437457561493,-0.30437457561493,0.03568959236145,-0.059674419462681
,2970,SAMPLE,,,152.5347442627,118.04560089111,152.5347442627,118.04560089111,-39.150325775146,-0.33327034115791,-0.33327034115791,0.039093136787415,-0.059626497328281
,2971,SAMPLE,,,152.5347442627,118.04560089111,152.5347442627,118.04560089111,-39.150325775146,-0.33327034115791,-0.33327034115791,0.039093136787415,-0.059626497328281
,2972,SAMPLE,,,151.93707275391,118.15299224854,151.93707275391,118.15299224854,-42.279560089111,-0.35995218157768,-0.35995218157768,0.042256951332092,-0.060201682150364
,2973,SAMPLE,,,151.93707275391,118.15299224854,151.93707275391,118.15299224854,-42.279560089111,-0.35995218157768,-0.35995218157768,0.042256951332092,-0.060201682150364
,2974,SAMPLE,,,151.93707275391,118.15299224854,151.93707275391,118.15299224854,-42.279560089111,-0.35995218157768,-0.35995218157768,0.042256951332092,-0.060201682150364
,2975,SAMPLE,,,151.40995788574,118.56996154785,151.40995788574,118.56996154785,-45.039001464844,-0.38348394632339,-0.38348394632339,0.045037388801575,-0.062406815588474
,2976,SAMPLE,,,151.40995788574,118.56996154785,151.40995788574,118.56996154785,-45.039001464844,-0.38348394632339,-0.38348394632339,0.045037388801575,-0.062406815588474
,2977,SAMPLE,,,151.40995788574,118.56996154785,151.40995788574,118.56996154785,-45.039001464844,-0.38348394632339,-0.38348394632339,0.045037388801575,-0.062406815588474
,2978,SAMPLE,,,150.74578857422,119.40018463135,150.74578857422,119.40018463135,-48.514572143555,-0.41313469409943,-0.41313469409943,0.048488855361938,-0.066721238195896
,2979,SAMPLE,,,150.74578857422,119.40018463135,150.74578857422,119.40018463135,-48.514572143555,-0.41313469409943,-0.41313469409943,0.048488855361938,-0.066721238195896
,2980,SAMPLE,,,149.82710266113,120.42844390869,149.82710266113,120.42844390869,-53.317775726318,-0.4541474878788,-0.4541474878788,0.048488855361938,-0.066721238195896
,2981,SAMPLE,,,149.82710266113,120.42844390869,149.82710266113,120.42844390869,-53.317775726318,-0.4541474878788,-0.4541474878788,0.053330659866333,-0.071994304656982
,2982,SAMPLE,,,149.82710266113,120.42844390869,149.82710266113,120.42844390869,-53.317775726318,-0.4541474878788,-0.4541474878788,0.053330659866333,-0.071994304656982
,2983,SAMPLE,,,148.30647277832,121.6872253418,148.30647277832,121.6872253418,-61.257434844971,-0.52203226089478,-0.52203226089478,0.061240315437317,-0.078609943389893
,2984,SAMPLE,,,148.30647277832,121.6872253418,148.30647277832,121.6872253418,-61.257434844971,-0.52203226089478,-0.52203226089478,0.061240315437317,-0.078609943389893
,2985,SAMPLE,,,148.30647277832,121.6872253418,148.30647277832,121.6872253418,-61.257434844971,-0.52203226089478,-0.52203226089478,0.061240315437317,-0.078609943389893
,2986,SAMPLE,,,146.56871032715,122.969871521,146.56871032715,122.969871521,-70.312965393066,-0.59961104393005,-0.59961104393005,0.070348501205444,-0.085320949554443
,2987,SAMPLE,,,146.56871032715,122.969871521,146.56871032715,122.969871521,-70.312965393066,-0.59961104393005,-0.59961104393005,0.070348501205444,-0.085320949554443
,2988,SAMPLE,,,146.56871032715,122.969871521,146.56871032715,122.969871521,-70.312965393066,-0.59961104393005,-0.59961104393005,0.070348501205444,-0.085320949554443
,2989,SAMPLE,,,144.90211486816,125.17583465576,144.90211486816,125.17583465576,-78.966751098633,-0.67401283979416,-0.67401283979416,0.079025149345398,-0.096826076507568
,2990,SAMPLE,,,144.90211486816,125.17583465576,144.90211486816,125.17583465576,-78.966751098633,-0.67401283979416,-0.67401283979416,0.079025149345398,-0.096826076507568
,2991,SAMPLE,,,144.90211486816,125.17583465576,144.90211486816,125.17583465576,-78.966751098633,-0.67401283979416,-0.67401283979416,0.079025149345398,-0.096826076507568
,2992,SAMPLE,,,143.1736907959,128.02085876465,143.1736907959,128.02085876465,-87.895545959473,-0.75117486715317,-0.75117486715317,0.088037490844727,-0.11168670654297
,2993,SAMPLE,,,143.1736907959,128.02085876465,143.1736907959,128.02085876465,-87.895545959473,-0.75117486715317,-0.75117486715317,0.088037490844727,-0.11168670654297
,2994,SAMPLE,,,143.1736907959,128.02085876465,143.1736907959,128.02085876465,-87.895545959473,-0.75117486715317,-0.75117486715317,0.088037490844727,-0.11168670654297
,2995,SAMPLE,,,141.51016235352,131.55145263672,141.51016235352,131.55145263672,-96.417289733887,-0.82543903589249,-0.82543903589249,0.09671413898468,-0.13004684448242
,2996,SAMPLE,,,141.51016235352,131.55145263672,141.51016235352,131.55145263672,-96.417289733887,-0.82543903589249,-0.82543903589249,0.09671413898468,-0.13004684448242
,2997,SAMPLE,,,141.51016235352,131.55145263672,141.51016235352,131.55145263672,-96.417289733887,-0.82543903589249,-0.82543903589249,0.09671413898468,-0.13004684448242
,2998,SAMPLE,,,140.06225585938,135.57049560547,140.06225585938,135.57049560547,-103.73558807373,-0.89007782936096,-0.89007782936096,0.10424029827118,-0.15089988708496
,2999,SAMPLE,,,140.06225585938,135.57049560547,140.06225585938,135.57049560547,-103.73558807373,-0.89007782936096,-0.89007782936096,0.10424029827118,-0.15089988708496
,3000,SAMPLE,,,140.06225585938,135.57049560547,140.06225585938,135.57049560547,-103.73558807373,-0.89007782936096,-0.89007782936096,0.10424029827118,-0.15089988708496
,3001,SAMPLE,,,139.02072143555,140.1787109375,139.02072143555,140.1787109375,-108.84959411621,-0.93657469749451,-0.93657469749451,0.10965728759766,-0.1746768951416
,3002,SAMPLE,,,139.02072143555,140.1787109375,139.02072143555,140.1787109375,-108.84959411621,-0.93657469749451,-0.93657469749451,0.10965728759766,-0.1746768951416
,3003,SAMPLE,,,139.02072143555,140.1787109375,139.02072143555,140.1787109375,-108.84959411621,-0.93657469749451,-0.93657469749451,0.10965728759766,-0.1746768951416
,3004,SAMPLE,,,138.00198364258,145.28039550781,138.00198364258,145.28039550781,-113.71404266357,-0.9820544719696,-0.9820544719696,0.11493051052094,-0.20085096359253
,3005,SAMPLE,,,138.00198364258,145.28039550781,138.00198364258,145.28039550781,-113.71404266357,-0.9820544719696,-0.9820544719696,0.11493051052094,-0.20085096359253
,3006,SAMPLE,,,136.92417907715,150.36833190918,136.92417907715,150.36833190918,-118.76034545898,-1.0301706790924,-1.0301706790924,0.12049114704132,-0.22668933868408
,3007,SAMPLE,,,136.92417907715,150.36833190918,136.92417907715,150.36833190918,-118.76034545898,-1.0301706790924,-1.0301706790924,0.12049114704132,-0.22668933868408
,3008,SAMPLE,,,136.92417907715,150.36833190918,136.92417907715,150.36833190918,-118.76034545898,-1.0301706790924,-1.0301706790924,0.12049114704132,-0.22668933868408
,3009,SAMPLE,,,135.85011291504,155.21089172363,135.85011291504,155.21089172363,-123.6862487793,-1.0781202316284,-1.0781202316284,0.12605202198029,-0.25113725662231
,3010,SAMPLE,,,135.85011291504,155.21089172363,135.85011291504,155.21089172363,-123.6862487793,-1.0781202316284,-1.0781202316284,0.12605202198029,-0.25113725662231
,3011,SAMPLE,,,135.85011291504,155.21089172363,135.85011291504,155.21089172363,-123.6862487793,-1.0781202316284,-1.0781202316284,0.12605202198029,-0.25113725662231
,3012,SAMPLE,,,134.86891174316,160.46295166016,134.86891174316,160.46295166016,-127.9655456543,-1.1219236850739,-1.1219236850739,0.13108551502228,-0.27726364135742
,3013,SAMPLE,,,134.86891174316,160.46295166016,134.86891174316,160.46295166016,-127.9655456543,-1.1219236850739,-1.1219236850739,0.13108551502228,-0.27726364135742
,3014,SAMPLE,,,134.86891174316,160.46295166016,134.86891174316,160.46295166016,-127.9655456543,-1.1219236850739,-1.1219236850739,0.13108551502228,-0.27726364135742
,3015,SAMPLE,,,134.09971618652,166.13034057617,134.09971618652,166.13034057617,-130.98532104492,-1.1562628746033,-1.1562628746033,0.13506424427032,-0.30525875091553
,3016,SAMPLE,,,134.09971618652,166.13034057617,134.09971618652,166.13034057617,-130.98532104492,-1.1562628746033,-1.1562628746033,0.13506424427032,-0.30525875091553
,3017,SAMPLE,,,134.09971618652,166.13034057617,134.09971618652,166.13034057617,-130.98532104492,-1.1562628746033,-1.1562628746033,0.13506424427032,-0.30525875091553
,3018,SAMPLE,,,133.5666809082,171.32962036133,133.5666809082,171.32962036133,-132.77635192871,-1.1800591945648,-1.1800591945648,0.13779675960541,-0.33057022094727
,3019,SAMPLE,,,133.5666809082,171.32962036133,133.5666809082,171.32962036133,-132.77635192871,-1.1800591945648,-1.1800591945648,0.13779675960541,-0.33057022094727
,3020,SAMPLE,,,133.27272033691,175.15396118164,133.27272033691,175.15396118164,-133.54243469238,-1.1931819915771,-1.1931819915771,0.13779675960541,-0.33057022094727
,3021,SAMPLE,,,133.27272033691,175.15396118164,133.27272033691,175.15396118164,-133.54243469238,-1.1931819915771,-1.1931819915771,0.13937866687775,-0.34897804260254
,3022,SAMPLE,,,133.27272033691,175.15396118164,133.27272033691,175.15396118164,-133.54243469238,-1.1931819915771,-1.1931819915771,0.13937866687775,-0.34897804260254
,3023,SAMPLE,,,133.25543212891,177.91232299805,133.25543212891,177.91232299805,-133.1100769043,-1.1939537525177,-1.1939537525177,0.13942658901215,-0.36216068267822
,3024,SAMPLE,,,133.25543212891,177.91232299805,133.25543212891,177.91232299805,-133.1100769043,-1.1939537525177,-1.1939537525177,0.13942658901215,-0.36216068267822
,3025,SAMPLE,,,133.25543212891,177.91232299805,133.25543212891,177.91232299805,-133.1100769043,-1.1939537525177,-1.1939537525177,0.13942658901215,-0.36216068267822
,3026,SAMPLE,,,133.22802734375,179.95297241211,133.22802734375,179.95297241211,-132.8489074707,-1.1951775550842,-1.1951775550842,0.13957047462463,-0.37184429168701
,3027,SAMPLE,,,133.22802734375,179.95297241211,133.22802734375,179.95297241211,-132.8489074707,-1.1951775550842,-1.1951775550842,0.13957047462463,-0.37184429168701
,3028,SAMPLE,,,133.22802734375,179.95297241211,133.22802734375,179.95297241211,-132.8489074707,-1.1951775550842,-1.1951775550842,0.13957047462463,-0.37184429168701
,3029,SAMPLE,,,132.85681152344,181.3560333252,132.85681152344,181.3560333252,-134.37663269043,-1.2117491960526,-1.2117491960526,0.14148795604706,-0.37841176986694
,3030,SAMPLE,,,132.85681152344,181.3560333252,132.85681152344,181.3560333252,-134.37663269043,-1.2117491960526,-1.2117491960526,0.14148795604706,-0.37841176986694
,3031,SAMPLE,,,132.85681152344,181.3560333252,132.85681152344,181.3560333252,-134.37663269043,-1.2117491960526,-1.2117491960526,0.14148795604706,-0.37841176986694
,3032,SAMPLE,,,132.30192565918,182.22546386719,132.30192565918,182.22546386719,-136.892578125,-1.2365213632584,-1.2365213632584,0.14436411857605,-0.38239049911499
,3033,SAMPLE,,,132.30192565918,182.22546386719,132.30192565918,182.22546386719,-136.892578125,-1.2365213632584,-1.2365213632584,0.14436411857605,-0.38239049911499
,3034,SAMPLE,,,132.30192565918,182.22546386719,132.30192565918,182.22546386719,-136.892578125,-1.2365213632584,-1.2365213632584,0.14436411857605,-0.38239049911499
,3035,SAMPLE,,,131.80421447754,182.8254699707,131.80421447754,182.8254699707,-139.17770385742,-1.2587403059006,-1.2587403059006,0.14685702323914,-0.38507509231567
,3036,SAMPLE,,,131.80421447754,182.8254699707,131.80421447754,182.8254699707,-139.17770385742,-1.2587403059006,-1.2587403059006,0.14685702323914,-0.38507509231567
,3037,SAMPLE,,,131.80421447754,182.8254699707,131.80421447754,182.8254699707,-139.17770385742,-1.2587403059006,-1.2587403059006,0.14685702323914,-0.38507509231567
,3038,SAMPLE,,,131.39447021484,183.27236938477,131.39447021484,183.27236938477,-141.06349182129,-1.2770323753357,-1.2770323753357,0.14901411533356,-0.38704061508179
,3039,SAMPLE,,,131.39447021484,183.27236938477,131.39447021484,183.27236938477,-141.06349182129,-1.2770323753357,-1.2770323753357,0.14901411533356,-0.38704061508179
,3040,SAMPLE,,,131.04162597656,183.59315490723,131.04162597656,183.59315490723,-142.69766235352,-1.2927844524384,-1.2927844524384,0.14901411533356,-0.38704061508179
,3041,SAMPLE,,,131.04162597656,183.59315490723,131.04162597656,183.59315490723,-142.69766235352,-1.2927844524384,-1.2927844524384,0.15078783035278,-0.38847875595093
,3042,SAMPLE,,,131.04162597656,183.59315490723,131.04162597656,183.59315490723,-142.69766235352,-1.2927844524384,-1.2927844524384,0.15078783035278,-0.38847875595093
,3043,SAMPLE,,,130.72532653809,183.87910461426,130.72532653809,183.87910461426,-144.16027832031,-1.3069050312042,-1.3069050312042,0.15241765975952,-0.38977289199829
,3044,SAMPLE,,,130.72532653809,183.87910461426,130.72532653809,183.87910461426,-144.16027832031,-1.3069050312042,-1.3069050312042,0.15241765975952,-0.38977289199829
,3045,SAMPLE,,,130.72532653809,183.87910461426,130.72532653809,183.87910461426,-144.16027832031,-1.3069050312042,-1.3069050312042,0.15241765975952,-0.38977289199829
1,3035,PRE_SHOT,,-12,131.80421447754,182.8254699707,131.80421447754,182.8254699707,-139.17770385742,-1.2587403059006,-1.2587403059006,0.14685702323914,-0.38507509231567
1,3036,PRE_SHOT,,-11,131.80421447754,182.8254699707,131.80421447754,182.8254699707,-139.17770385742,-1.2587403059006,-1.2587403059006,0.14685702323914,-0.38507509231567
1,3037,PRE_SHOT,,-10,131.80421447754,182.8254699707,131.80421447754,182.8254699707,-139.17770385742,-1.2587403059006,-1.2587403059006,0.14685702323914,-0.38507509231567
1,3038,PRE_SHOT,,-9,131.39447021484,183.27236938477,131.39447021484,183.27236938477,-141.06349182129,-1.2770323753357,-1.2770323753357,0.14901411533356,-0.38704061508179
1,3039,PRE_SHOT,,-8,131.39447021484,183.27236938477,131.39447021484,183.27236938477,-141.06349182129,-1.2770323753357,-1.2770323753357,0.14901411533356,-0.38704061508179
1,3040,PRE_SHOT,,-7,131.04162597656,183.59315490723,131.04162597656,183.59315490723,-142.69766235352,-1.2927844524384,-1.2927844524384,0.14901411533356,-0.38704061508179
1,3041,PRE_SHOT,,-6,131.04162597656,183.59315490723,131.04162597656,183.59315490723,-142.69766235352,-1.2927844524384,-1.2927844524384,0.15078783035278,-0.38847875595093
1,3042,PRE_SHOT,,-5,131.04162597656,183.59315490723,131.04162597656,183.59315490723,-142.69766235352,-1.2927844524384,-1.2927844524384,0.15078783035278,-0.38847875595093
1,3043,PRE_SHOT,,-4,130.72532653809,183.87910461426,130.72532653809,183.87910461426,-144.16027832031,-1.3069050312042,-1.3069050312042,0.15241765975952,-0.38977289199829
1,3044,PRE_SHOT,,-3,130.72532653809,183.87910461426,130.72532653809,183.87910461426,-144.16027832031,-1.3069050312042,-1.3069050312042,0.15241765975952,-0.38977289199829
1,3045,PRE_SHOT,,-2,130.72532653809,183.87910461426,130.72532653809,183.87910461426,-144.16027832031,-1.3069050312042,-1.3069050312042,0.15241765975952,-0.38977289199829
1,3046,PRE_SHOT,,-1,130.23979187012,184.00854492188,130.23979187012,184.00854492188,-146.47096252441,-1.3285810947418,-1.3285810947418,0.15486252307892,-0.39025211334229
1,3046,SHOT,,0,130.23979187012,184.00854492188,130.23979187012,184.00854492188,-146.47096252441,-1.3285810947418,-1.3285810947418,0.15486252307892,-0.39025211334229
1,3046,SAMPLE,,,130.23979187012,184.00854492188,130.23979187012,184.00854492188,-146.47096252441,-1.3285810947418,-1.3285810947418,0.15486252307892,-0.39025211334229
1,3046,POST_SHOT,,1,130.23979187012,184.00854492188,130.23979187012,184.00854492188,-146.47096252441,-1.3285810947418,-1.3285810947418,0.15486252307892,-0.39025211334229
1,3047,SAMPLE,,,130.23979187012,184.00854492188,130.23979187012,184.00854492188,-146.47096252441,-1.3285810947418,-1.3285810947418,0.15486252307892,-0.39025211334229
1,3047,POST_SHOT,,2,130.23979187012,184.00854492188,130.23979187012,184.00854492188,-146.47096252441,-1.3285810947418,-1.3285810947418,0.15486252307892,-0.39025211334229
1,3048,SAMPLE,,,130.23979187012,184.00854492188,130.23979187012,184.00854492188,-146.47096252441,-1.3285810947418,-1.3285810947418,0.15486252307892,-0.39025211334229
1,3048,POST_SHOT,,3,130.23979187012,184.00854492188,130.23979187012,184.00854492188,-146.47096252441,-1.3285810947418,-1.3285810947418,0.15486252307892,-0.39025211334229
1,3049,SAMPLE,,,129.82940673828,184.12145996094,129.82940673828,184.12145996094,-148.42056274414,-1.3469017744064,-1.3469017744064,0.15697181224823,-0.39068365097046
1,3049,POST_SHOT,,4,129.82940673828,184.12145996094,129.82940673828,184.12145996094,-148.42056274414,-1.3469017744064,-1.3469017744064,0.15697181224823,-0.39068365097046
1,3050,SAMPLE,,,129.82940673828,184.12145996094,129.82940673828,184.12145996094,-148.42056274414,-1.3469017744064,-1.3469017744064,0.15697181224823,-0.39068365097046
1,3050,POST_SHOT,,5,129.82940673828,184.12145996094,129.82940673828,184.12145996094,-148.42056274414,-1.3469017744064,-1.3469017744064,0.15697181224823,-0.39068365097046
1,3051,SAMPLE,,,129.82940673828,184.12145996094,129.82940673828,184.12145996094,-148.42056274414,-1.3469017744064,-1.3469017744064,0.15697181224823,-0.39068365097046
1,3051,POST_SHOT,,6,129.82940673828,184.12145996094,129.82940673828,184.12145996094,-148.42056274414,-1.3469017744064,-1.3469017744064,0.15697181224823,-0.39068365097046
1,3052,SAMPLE,,,129.5496673584,184.23297119141,129.5496673584,184.23297119141,-149.74005126953,-1.3593897819519,-1.3593897819519,0.15697181224823,-0.39068365097046
1,3052,POST_SHOT,,7,129.5496673584,184.23297119141,129.5496673584,184.23297119141,-149.74005126953,-1.3593897819519,-1.3593897819519,0.15697181224823,-0.39068365097046
1,3053,SAMPLE,,,129.5496673584,184.23297119141,129.5496673584,184.23297119141,-149.74005126953,-1.3593897819519,-1.3593897819519,0.15840983390808,-0.39116287231445
1,3053,POST_SHOT,,8,129.5496673584,184.23297119141,129.5496673584,184.23297119141,-149.74005126953,-1.3593897819519,-1.3593897819519,0.15840983390808,-0.39116287231445
1,3054,SAMPLE,,,129.5496673584,184.23297119141,129.5496673584,184.23297119141,-149.74005126953,-1.3593897819519,-1.3593897819519,0.15840983390808,-0.39116287231445
1,3054,POST_SHOT,,9,129.5496673584,184.23297119141,129.5496673584,184.23297119141,-149.74005126953,-1.3593897819519,-1.3593897819519,0.15840983390808,-0.39116287231445
1,3055,SAMPLE,,,129.27215576172,181.56640625,129.27215576172,181.56640625,-151.68995666504,-1.3717792034149,-1.3717792034149,0.15984797477722,-0.37855577468872
1,3055,POST_SHOT,,10,129.27215576172,181.56640625,129.27215576172,181.56640625,-151.68995666504,-1.3717792034149,-1.3717792034149,0.15984797477722,-0.37855577468872
1,3056,SAMPLE,,,129.27215576172,181.56640625,129.27215576172,181.56640625,-151.68995666504,-1.3717792034149,-1.3717792034149,0.15984797477722,-0.37855577468872
1,3056,POST_SHOT,,11,129.27215576172,181.56640625,129.27215576172,181.56640625,-151.68995666504,-1.3717792034149,-1.3717792034149,0.15984797477722,-0.37855577468872
1,3057,SAMPLE,,,129.27215576172,181.56640625,129.27215576172,181.56640625,-151.68995666504,-1.3717792034149,-1.3717792034149,0.15984797477722,-0.37855577468872
1,3057,POST_SHOT,,12,129.27215576172,181.56640625,129.27215576172,181.56640625,-151.68995666504,-1.3717792034149,-1.3717792034149,0.15984797477722,-0.37855577468872
1,3058,SAMPLE,,,129.27215576172,181.56640625,129.27215576172,181.56640625,-151.68995666504,-1.3717792034149,-1.3717792034149,0.15984797477722,-0.37855577468872
1,3058,POST_SHOT,,13,129.27215576172,181.56640625,129.27215576172,181.56640625,-151.68995666504,-1.3717792034149,-1.3717792034149,0.15984797477722,-0.37855577468872
1,3059,SAMPLE,,,128.73852539063,177.45697021484,128.73852539063,177.45697021484,-155.18901062012,-1.3956015110016,-1.3956015110016,0.1625804901123,-0.35904502868652
1,3059,POST_SHOT,,14,128.73852539063,177.45697021484,128.73852539063,177.45697021484,-155.18901062012,-1.3956015110016,-1.3956015110016,0.1625804901123,-0.35904502868652
1,3060,SAMPLE,,,128.73852539063,177.45697021484,128.73852539063,177.45697021484,-155.18901062012,-1.3956015110016,-1.3956015110016,0.1625804901123,-0.35904502868652
1,3060,POST_SHOT,,15,128.73852539063,177.45697021484,128.73852539063,177.45697021484,-155.18901062012,-1.3956015110016,-1.3956015110016,0.1625804901123,-0.35904502868652
1,3061,SAMPLE,,,128.14848327637,172.38674926758,128.14848327637,172.38674926758,-159.14047241211,-1.421942949295,-1.421942949295,0.16560053825378,-0.33459663391113
1,3061,POST_SHOT,,16,128.14848327637,172.38674926758,128.14848327637,172.38674926758,-159.14047241211,-1.421942949295,-1.421942949295,0.16560053825378,-0.33459663391113
1,3062,SAMPLE,,,128.14848327637,172.38674926758,128.14848327637,172.38674926758,-159.14047241211,-1.421942949295,-1.421942949295,0.16560053825378,-0.33459663391113
1,3062,POST_SHOT,,17,128.14848327637,172.38674926758,128.14848327637,172.38674926758,-159.14047241211,-1.421942949295,-1.421942949295,0.16560053825378,-0.33459663391113
1,3063,SAMPLE,,,128.14848327637,172.38674926758,128.14848327637,172.38674926758,-159.14047241211,-1.421942949295,-1.421942949295,0.16560053825378,-0.33459663391113
1,3063,POST_SHOT,,18,128.14848327637,172.38674926758,128.14848327637,172.38674926758,-159.14047241211,-1.421942949295,-1.421942949295,0.16560053825378,-0.33459663391113
1,3064,SAMPLE,,,127.71632385254,166.61853027344,127.71632385254,166.61853027344,-162.40487670898,-1.4412358999252,-1.4412358999252,0.16560053825378,-0.33459663391113
1,3064,POST_SHOT,,19,127.71632385254,166.61853027344,127.71632385254,166.61853027344,-162.40487670898,-1.4412358999252,-1.4412358999252,0.16560053825378,-0.33459663391113
1,3065,SAMPLE,,,127.71632385254,166.61853027344,127.71632385254,166.61853027344,-162.40487670898,-1.4412358999252,-1.4412358999252,0.16780567169189,-0.30650520324707
1,3065,POST_SHOT,,20,127.71632385254,166.61853027344,127.71632385254,166.61853027344,-162.40487670898,-1.4412358999252,-1.4412358999252,0.16780567169189,-0.30650520324707
1,3066,SAMPLE,,,127.71632385254,166.61853027344,127.71632385254,166.61853027344,-162.40487670898,-1.4412358999252,-1.4412358999252,0.16780567169189,-0.30650520324707
1,3067,SAMPLE,,,127.24320983887,160.51843261719,127.24320983887,160.51843261719,-165.83908081055,-1.46235704422,-1.46235704422,0.17025053501129,-0.2763524055481
1,3068,SAMPLE,,,127.24320983887,160.51843261719,127.24320983887,160.51843261719,-165.83908081055,-1.46235704422,-1.46235704422,0.17025053501129,-0.2763524055481
1,3069,SAMPLE,,,127.24320983887,160.51843261719,127.24320983887,160.51843261719,-165.83908081055,-1.46235704422,-1.46235704422,0.17025053501129,-0.2763524055481
1,3070,SAMPLE,,,126.42253112793,156.00686645508,126.42253112793,156.00686645508,-170.63107299805,-1.4989941120148,-1.4989941120148,0.17442107200623,-0.25377368927002
1,3071,SAMPLE,,,126.42253112793,156.00686645508,126.42253112793,156.00686645508,-170.63107299805,-1.4989941120148,-1.4989941120148,0.17442107200623,-0.25377368927002
1,3072,SAMPLE,,,126.42253112793,156.00686645508,126.42253112793,156.00686645508,-170.63107299805,-1.4989941120148,-1.4989941120148,0.17442107200623,-0.25377368927002
1,3073,SAMPLE,,,124.69844818115,153.43991088867,124.69844818115,153.43991088867,-179.53039550781,-1.575962305069,-1.575962305069,0.18314564228058,-0.24068689346313
1,3074,SAMPLE,,,124.69844818115,153.43991088867,124.69844818115,153.43991088867,-179.53039550781,-1.575962305069,-1.575962305069,0.18314564228058,-0.24068689346313
1,3075,SAMPLE,,,124.69844818115,153.43991088867,124.69844818115,153.43991088867,-179.53039550781,-1.575962305069,-1.575962305069,0.18314564228058,-0.24068689346313
1,3076,SAMPLE,,,122.70639038086,152.21803283691,122.70639038086,152.21803283691,-189.50352478027,-1.6648932695389,-1.6648932695389,0.19326055049896,-0.234215259552
1,3077,SAMPLE,,,122.70639038086,152.21803283691,122.70639038086,152.21803283691,-189.50352478027,-1.6648932695389,-1.6648932695389,0.19326055049896,-0.234215259552
1,3078,SAMPLE,,,122.70639038086,152.21803283691,122.70639038086,152.21803283691,-189.50352478027,-1.6648932695389,-1.6648932695389,0.19326055049896,-0.234215259552
1,3079,SAMPLE,,,121.8013458252,151.45001220703,121.8013458252,151.45001220703,-194.05374145508,-1.7052969932556,-1.7052969932556,0.19781458377838,-0.23023653030396
1,3080,SAMPLE,,,121.8013458252,151.45001220703,121.8013458252,151.45001220703,-194.05374145508,-1.7052969932556,-1.7052969932556,0.19781458377838,-0.23023653030396
1,3081,SAMPLE,,,121.8013458252,151.45001220703,121.8013458252,151.45001220703,-194.05374145508,-1.7052969932556,-1.7052969932556,0.19781458377838,-0.23023653030396
1,3082,SAMPLE,,,121.62328338623,150.98963928223,121.62328338623,150.98963928223,-194.99635314941,-1.71324634552,-1.71324634552,0.19872546195984,-0.22788763046265
1,3083,SAMPLE,,,121.62328338623,150.98963928223,121.62328338623,150.98963928223,-194.99635314941,-1.71324634552,-1.71324634552,0.19872546195984,-0.22788763046265
1,3084,SAMPLE,,,121.62328338623,150.98963928223,121.62328338623,150.98963928223,-194.99635314941,-1.71324634552,-1.71324634552,0.19872546195984,-0.22788763046265
1,3085,SAMPLE,,,122.03048706055,150.6837310791,122.03048706055,150.6837310791,-193.05183410645,-1.6950678825378,-1.6950678825378,0.19666409492493,-0.22640132904053
1,3086,SAMPLE,,,122.03048706055,150.6837310791,122.03048706055,150.6837310791,-193.05183410645,-1.6950678825378,-1.6950678825378,0.19666409492493,-0.22640132904053
1,3087,SAMPLE,,,122.72214508057,150.46513366699,122.72214508057,150.46513366699,-189.69564819336,-1.6641900539398,-1.6641900539398,0.19316470623016,-0.22539472579956
1,3088,SAMPLE,,,122.72214508057,150.46513366699,122.72214508057,150.46513366699,-189.69564819336,-1.6641900539398,-1.6641900539398,0.19316470623016,-0.22539472579956
1,3089,SAMPLE,,,122.72214508057,150.46513366699,122.72214508057,150.46513366699,-189.69564819336,-1.6641900539398,-1.6641900539398,0.19316470623016,-0.22539472579956
1,3090,SAMPLE,,,123.39082336426,150.71156311035,123.39082336426,150.71156311035,-186.37577819824,-1.6343383789063,-1.6343383789063,0.1898090839386,-0.2267370223999
1,3091,SAMPLE,,,123.39082336426,150.71156311035,123.39082336426,150.71156311035,-186.37577819824,-1.6343383789063,-1.6343383789063,0.1898090839386,-0.2267370223999
1,3092,SAMPLE,,,123.39082336426,150.71156311035,123.39082336426,150.71156311035,-186.37577819824,-1.6343383789063,-1.6343383789063,0.1898090839386,-0.2267370223999
1,3093,SAMPLE,,,123.79936218262,151.43572998047,123.79936218262,151.43572998047,-184.2594909668,-1.6161003112793,-1.6161003112793,0.18769979476929,-0.23042821884155
1,3094,SAMPLE,,,123.79936218262,151.43572998047,123.79936218262,151.43572998047,-184.2594909668,-1.6161003112793,-1.6161003112793,0.18769979476929,-0.23042821884155
1,3095,SAMPLE,,,123.79936218262,151.43572998047,123.79936218262,151.43572998047,-184.2594909668,-1.6161003112793,-1.6161003112793,0.18769979476929,-0.23042821884155
1,3046,OUTCOME,HIT,0,130.23979187012,184.00854492188,130.23979187012,184.00854492188,-146.47096252441,-1.3285810947418,-1.3285810947418,0.15486252307892,-0.39025211334229
1,3096,SAMPLE,HIT,,123.97718811035,151.96005249023,123.97718811035,151.96005249023,-183.30595397949,-1.6081612110138,-1.6081612110138,0.18683695793152,-0.23311281204224
1,3097,SAMPLE,HIT,,123.97718811035,151.96005249023,123.97718811035,151.96005249023,-183.30595397949,-1.6081612110138,-1.6081612110138,0.18683695793152,-0.23311281204224
1,3098,SAMPLE,HIT,,123.97718811035,151.96005249023,123.97718811035,151.96005249023,-183.30595397949,-1.6081612110138,-1.6081612110138,0.18683695793152,-0.23311281204224
1,3099,SAMPLE,HIT,,124.03797912598,152.29594421387,124.03797912598,152.29594421387,-182.95587158203,-1.605447769165,-1.605447769165,0.18650138378143,-0.23483848571777
1,3100,SAMPLE,HIT,,124.03797912598,152.29594421387,124.03797912598,152.29594421387,-182.95587158203,-1.605447769165,-1.605447769165,0.18650138378143,-0.23483848571777
1,3101,SAMPLE,HIT,,124.03797912598,152.29594421387,124.03797912598,152.29594421387,-182.95587158203,-1.605447769165,-1.605447769165,0.18650138378143,-0.23483848571777
1,3102,SAMPLE,HIT,,123.80107116699,152.14149475098,123.80107116699,152.14149475098,-184.14410400391,-1.616024017334,-1.616024017334,0.18769979476929,-0.2340235710144
1,3103,SAMPLE,HIT,,123.80107116699,152.14149475098,123.80107116699,152.14149475098,-184.14410400391,-1.616024017334,-1.616024017334,0.18769979476929,-0.2340235710144
1,3104,SAMPLE,HIT,,123.80107116699,152.14149475098,123.80107116699,152.14149475098,-184.14410400391,-1.616024017334,-1.616024017334,0.18769979476929,-0.2340235710144
1,3105,SAMPLE,HIT,,123.4942855835,151.96591186523,123.4942855835,151.96591186523,-185.67816162109,-1.6297196149826,-1.6297196149826,0.18928170204163,-0.23306465148926
1,3106,SAMPLE,HIT,,123.4942855835,151.96591186523,123.4942855835,151.96591186523,-185.67816162109,-1.6297196149826,-1.6297196149826,0.18928170204163,-0.23306465148926
1,3107,SAMPLE,HIT,,123.18466186523,151.7472076416,123.18466186523,151.7472076416,-187.23178100586,-1.6435418128967,-1.6435418128967,0.18928170204163,-0.23306465148926
1,3108,SAMPLE,HIT,,123.18466186523,151.7472076416,123.18466186523,151.7472076416,-187.23178100586,-1.6435418128967,-1.6435418128967,0.19081568717957,-0.23191452026367
1,3109,SAMPLE,HIT,,123.18466186523,151.7472076416,123.18466186523,151.7472076416,-187.23178100586,-1.6435418128967,-1.6435418128967,0.19081568717957,-0.23191452026367
1,3110,SAMPLE,HIT,,123.18466186523,151.7472076416,123.18466186523,151.7472076416,-187.23178100586,-1.6435418128967,-1.6435418128967,0.19081568717957,-0.23191452026367
1,3111,SAMPLE,HIT,,123.07167053223,151.45629882813,123.07167053223,151.45629882813,-187.83082580566,-1.6485862731934,-1.6485862731934,0.19139099121094,-0.23042821884155
1,3112,SAMPLE,HIT,,123.07167053223,151.45629882813,123.07167053223,151.45629882813,-187.83082580566,-1.6485862731934,-1.6485862731934,0.19139099121094,-0.23042821884155
1,3113,SAMPLE,HIT,,122.99660491943,152.05070495605,122.99660491943,152.05070495605,-188.10731506348,-1.6519374847412,-1.6519374847412,0.19177448749542,-0.23340034484863
1,3114,SAMPLE,HIT,,122.99660491943,152.05070495605,122.99660491943,152.05070495605,-188.10731506348,-1.6519374847412,-1.6519374847412,0.19177448749542,-0.23340034484863
1,3115,SAMPLE,HIT,,122.99660491943,152.05070495605,122.99660491943,152.05070495605,-188.10731506348,-1.6519374847412,-1.6519374847412,0.19177448749542,-0.23340034484863
1,3116,SAMPLE,HIT,,123.13575744629,152.62498474121,123.13575744629,152.62498474121,-187.33493041992,-1.6457251310349,-1.6457251310349,0.19105541706085,-0.23632431030273
1,3117,SAMPLE,HIT,,123.13575744629,152.62498474121,123.13575744629,152.62498474121,-187.33493041992,-1.6457251310349,-1.6457251310349,0.19105541706085,-0.23632431030273
1,3118,SAMPLE,HIT,,123.13575744629,152.62498474121,123.13575744629,152.62498474121,-187.33493041992,-1.6457251310349,-1.6457251310349,0.19105541706085,-0.23632431030273
1,3119,SAMPLE,HIT,,123.31242370605,152.79281616211,123.31242370605,152.79281616211,-186.44200134277,-1.6378382444382,-1.6378382444382,0.19019258022308,-0.23718738555908
1,3120,SAMPLE,HIT,,123.31242370605,152.79281616211,123.31242370605,152.79281616211,-186.44200134277,-1.6378382444382,-1.6378382444382,0.19019258022308,-0.23718738555908
1,3121,SAMPLE,HIT,,123.31242370605,152.79281616211,123.31242370605,152.79281616211,-186.44200134277,-1.6378382444382,-1.6378382444382,0.19019258022308,-0.23718738555908
1,3122,SAMPLE,HIT,,123.62223052979,153.09686279297,123.62223052979,153.09686279297,-184.87380981445,-1.6240078210831,-1.6240078210831,0.18861055374146,-0.23876953125
1,3123,SAMPLE,HIT,,123.62223052979,153.09686279297,123.62223052979,153.09686279297,-184.87380981445,-1.6240078210831,-1.6240078210831,0.18861055374146,-0.23876953125
1,3124,SAMPLE,HIT,,123.62223052979,153.09686279297,123.62223052979,153.09686279297,-184.87380981445,-1.6240078210831,-1.6240078210831,0.18861055374146,-0.23876953125
1,3125,SAMPLE,HIT,,123.88473510742,153.31106567383,123.88473510742,153.31106567383,-183.55113220215,-1.6122887134552,-1.6122887134552,0.1872683763504,-0.23991966247559
1,3126,SAMPLE,HIT,,123.88473510742,153.31106567383,123.88473510742,153.31106567383,-183.55113220215,-1.6122887134552,-1.6122887134552,0.1872683763504,-0.23991966247559
1,3127,SAMPLE,HIT,,123.88955688477,153.17198181152,123.88955688477,153.17198181152,-183.54936218262,-1.6120734214783,-1.6120734214783,0.1872683763504,-0.23920106887817
1,3128,SAMPLE,HIT,,123.88955688477,153.17198181152,123.88955688477,153.17198181152,-183.54936218262,-1.6120734214783,-1.6120734214783,0.1872683763504,-0.23920106887817
1,3129,SAMPLE,HIT,,123.88955688477,153.17198181152,123.88955688477,153.17198181152,-183.54936218262,-1.6120734214783,-1.6120734214783,0.1872683763504,-0.23920106887817
1,3130,SAMPLE,HIT,,123.82787322998,152.96069335938,123.82787322998,152.96069335938,-183.88551330566,-1.6148271560669,-1.6148271560669,0.18755602836609,-0.23814630508423
1,3131,SAMPLE,HIT,,123.82787322998,152.96069335938,123.82787322998,152.96069335938,-183.88551330566,-1.6148271560669,-1.6148271560669,0.18755602836609,-0.23814630508423
1,3132,SAMPLE,HIT,,123.82787322998,152.96069335938,123.82787322998,152.96069335938,-183.88551330566,-1.6148271560669,-1.6148271560669,0.18755602836609,-0.23814630508423
1,3133,SAMPLE,HIT,,123.79144287109,152.76840209961,123.79144287109,152.76840209961,-184.09451293945,-1.6164534091949,-1.6164534091949,0.18774771690369,-0.23718738555908
1,3134,SAMPLE,HIT,,123.79144287109,152.76840209961,123.79144287109,152.76840209961,-184.09451293945,-1.6164534091949,-1.6164534091949,0.18774771690369,-0.23718738555908
1,3135,SAMPLE,HIT,,123.38598632813,152.64726257324,123.38598632813,152.64726257324,-186.10403442383,-1.6345541477203,-1.6345541477203,0.1898090839386,-0.23646831512451
1,3136,SAMPLE,HIT,,123.38598632813,152.64726257324,123.38598632813,152.64726257324,-186.10403442383,-1.6345541477203,-1.6345541477203,0.1898090839386,-0.23646831512451
1,3137,SAMPLE,HIT,,123.38598632813,152.64726257324,123.38598632813,152.64726257324,-186.10403442383,-1.6345541477203,-1.6345541477203,0.1898090839386,-0.23646831512451
1,3138,SAMPLE,HIT,,123.38598632813,152.64726257324,123.38598632813,152.64726257324,-186.10403442383,-1.6345541477203,-1.6345541477203,0.1898090839386,-0.23646831512451
1,3139,SAMPLE,HIT,,122.86483764648,152.56939697266,122.86483764648,152.56939697266,-188.67167663574,-1.6578201055527,-1.6578201055527,0.19244563579559,-0.23603677749634
1,3140,SAMPLE,HIT,,122.86483764648,152.56939697266,122.86483764648,152.56939697266,-188.67167663574,-1.6578201055527,-1.6578201055527,0.19244563579559,-0.23603677749634
1,3141,SAMPLE,HIT,,121.86755371094,152.47299194336,121.86755371094,152.47299194336,-193.56677246094,-1.7023413181305,-1.7023413181305,0.1974790096283,-0.23536586761475
1,3142,SAMPLE,HIT,,121.86755371094,152.47299194336,121.86755371094,152.47299194336,-193.56677246094,-1.7023413181305,-1.7023413181305,0.1974790096283,-0.23536586761475
1,3143,SAMPLE,HIT,,121.86755371094,152.47299194336,121.86755371094,152.47299194336,-193.56677246094,-1.7023413181305,-1.7023413181305,0.1974790096283,-0.23536586761475
1,3144,SAMPLE,HIT,,120.59590148926,152.30584716797,120.59590148926,152.30584716797,-199.79606628418,-1.7591116428375,-1.7591116428375,0.20390272140503,-0.2343111038208
1,3145,SAMPLE,HIT,,120.59590148926,152.30584716797,120.59590148926,152.30584716797,-199.79606628418,-1.7591116428375,-1.7591116428375,0.20390272140503,-0.2343111038208
1,3146,SAMPLE,HIT,,120.59590148926,152.30584716797,120.59590148926,152.30584716797,-199.79606628418,-1.7591116428375,-1.7591116428375,0.20390272140503,-0.2343111038208
1,3147,SAMPLE,HIT,,119.6834564209,151.73959350586,119.6834564209,151.73959350586,-204.32678222656,-1.7998460531235,-1.7998460531235,0.20845687389374,-0.2312912940979
1,3148,SAMPLE,HIT,,119.6834564209,151.73959350586,119.6834564209,151.73959350586,-204.32678222656,-1.7998460531235,-1.7998460531235,0.20845687389374,-0.2312912940979
1,3149,SAMPLE,HIT,,119.17777252197,151.35766601563,119.17777252197,151.35766601563,-206.84466552734,-1.8224210739136,-1.8224210739136,0.21099746227264,-0.22932577133179
1,3150,SAMPLE,HIT,,119.17777252197,151.35766601563,119.17777252197,151.35766601563,-206.84466552734,-1.8224210739136,-1.8224210739136,0.21099746227264,-0.22932577133179
1,3151,SAMPLE,HIT,,118.79891967773,150.77128601074,118.79891967773,150.77128601074,-208.77864074707,-1.8393340110779,-1.8393340110779,0.21291494369507,-0.22630548477173
1,3152,SAMPLE,HIT,,118.79891967773,150.77128601074,118.79891967773,150.77128601074,-208.77864074707,-1.8393340110779,-1.8393340110779,0.21291494369507,-0.22630548477173
1,3153,SAMPLE,HIT,,118.57467651367,150.38293457031,118.57467651367,150.38293457031,-209.92900085449,-1.8493450880051,-1.8493450880051,0.21401751041412,-0.22434043884277
1,3154,SAMPLE,HIT,,118.57467651367,150.38293457031,118.57467651367,150.38293457031,-209.92900085449,-1.8493450880051,-1.8493450880051,0.21401751041412,-0.22434043884277
1,3155,SAMPLE,HIT,,118.57467651367,150.38293457031,118.57467651367,150.38293457031,-209.92900085449,-1.8493450880051,-1.8493450880051,0.21401751041412,-0.22434043884277
1,3156,SAMPLE,HIT,,118.3811340332,150.0027923584,118.3811340332,150.0027923584,-210.92849731445,-1.8579853773117,-1.8579853773117,0.21502423286438,-0.22242259979248
1,3157,SAMPLE,HIT,,118.3811340332,150.0027923584,118.3811340332,150.0027923584,-210.92849731445,-1.8579853773117,-1.8579853773117,0.21502423286438,-0.22242259979248
1,3158,SAMPLE,HIT,,118.46109008789,149.67370605469,118.46109008789,149.67370605469,-210.59436035156,-1.8544157743454,-1.8544157743454,0.2145928144455,-0.22079277038574
1,3159,SAMPLE,HIT,,118.46109008789,149.67370605469,118.46109008789,149.67370605469,-210.59436035156,-1.8544157743454,-1.8544157743454,0.2145928144455,-0.22079277038574
1,3160,SAMPLE,HIT,,118.63919830322,149.34005737305,118.63919830322,149.34005737305,-209.78428649902,-1.8464646339417,-1.8464646339417,0.21372985839844,-0.219162940979
1,3161,SAMPLE,HIT,,118.63919830322,149.34005737305,118.63919830322,149.34005737305,-209.78428649902,-1.8464646339417,-1.8464646339417,0.21372985839844,-0.219162940979
1,3162,SAMPLE,HIT,,118.63919830322,149.34005737305,118.63919830322,149.34005737305,-209.78428649902,-1.8464646339417,-1.8464646339417,0.21372985839844,-0.219162940979
1,3163,SAMPLE,HIT,,118.84504699707,149.0475769043,118.84504699707,149.0475769043,-208.83172607422,-1.8372747898102,-1.8372747898102,0.21267533302307,-0.21772480010986
1,3164,SAMPLE,HIT,,118.84504699707,149.0475769043,118.84504699707,149.0475769043,-208.83172607422,-1.8372747898102,-1.8372747898102,0.21267533302307,-0.21772480010986
1,3165,SAMPLE,HIT,,119.04873657227,148.80126953125,119.04873657227,148.80126953125,-207.88105773926,-1.8281817436218,-1.8281817436218,0.21166861057281,-0.21647834777832
1,3166,SAMPLE,HIT,,119.04873657227,148.80126953125,119.04873657227,148.80126953125,-207.88105773926,-1.8281817436218,-1.8281817436218,0.21166861057281,-0.21647834777832
1,3167,SAMPLE,HIT,,119.26250457764,148.61837768555,119.26250457764,148.61837768555,-206.87043762207,-1.8186383247375,-1.8186383247375,0.21061396598816,-0.21561574935913
1,3168,SAMPLE,HIT,,119.26250457764,148.61837768555,119.26250457764,148.61837768555,-206.87043762207,-1.8186383247375,-1.8186383247375,0.21061396598816,-0.21561574935913
1,3169,SAMPLE,HIT,,119.49803161621,148.47497558594,119.49803161621,148.47497558594,-205.74691772461,-1.8081238269806,-1.8081238269806,0.20941555500031,-0.21494436264038
1,3170,SAMPLE,HIT,,119.49803161621,148.47497558594,119.49803161621,148.47497558594,-205.74691772461,-1.8081238269806,-1.8081238269806,0.20941555500031,-0.21494436264038
1,3171,SAMPLE,HIT,,119.49803161621,148.47497558594,119.49803161621,148.47497558594,-205.74691772461,-1.8081238269806,-1.8081238269806,0.20941555500031,-0.21494436264038
1,3172,SAMPLE,HIT,,119.8465423584,148.29959106445,119.8465423584,148.29959106445,-204.07678222656,-1.7925652265549,-1.7925652265549,0.20764195919037,-0.21408176422119
1,3173,SAMPLE,HIT,,119.8465423584,148.29959106445,119.8465423584,148.29959106445,-204.07678222656,-1.7925652265549,-1.7925652265549,0.20764195919037,-0.21408176422119
1,3174,SAMPLE,HIT,,120.0849609375,148.2061920166,120.0849609375,148.2061920166,-202.92889404297,-1.7819216251373,-1.7819216251373,0.20644342899323,-0.21365022659302
1,3175,SAMPLE,HIT,,120.0849609375,148.2061920166,120.0849609375,148.2061920166,-202.92889404297,-1.7819216251373,-1.7819216251373,0.20644342899323,-0.21365022659302
1,3176,SAMPLE,HIT,,120.33702850342,148.12225341797,120.33702850342,148.12225341797,-201.71202087402,-1.7706685066223,-1.7706685066223,0.20519697666168,-0.21331453323364
1,3177,SAMPLE,HIT,,120.33702850342,148.12225341797,120.33702850342,148.12225341797,-201.71202087402,-1.7706685066223,-1.7706685066223,0.20519697666168,-0.21331453323364
1,3178,SAMPLE,HIT,,120.54192352295,148.03598022461,120.54192352295,148.03598022461,-200.72465515137,-1.7615214586258,-1.7615214586258,0.20519697666168,-0.21331453323364
1,3179,SAMPLE,HIT,,120.54192352295,148.03598022461,120.54192352295,148.03598022461,-200.72465515137,-1.7615214586258,-1.7615214586258,0.20414245128632,-0.21288299560547
1,3180,SAMPLE,HIT,,120.54192352295,148.03598022461,120.54192352295,148.03598022461,-200.72465515137,-1.7615214586258,-1.7615214586258,0.20414245128632,-0.21288299560547
1,3181,SAMPLE,HIT,,120.69599151611,147.95208740234,120.69599151611,147.95208740234,-199.98446655273,-1.7546434402466,-1.7546434402466,0.20337545871735,-0.21249961853027
1,3182,SAMPLE,HIT,,120.69599151611,147.95208740234,120.69599151611,147.95208740234,-199.98446655273,-1.7546434402466,-1.7546434402466,0.20337545871735,-0.21249961853027
1,3183,SAMPLE,HIT,,120.80572509766,147.87174987793,120.80572509766,147.87174987793,-199.45994567871,-1.7497445344925,-1.7497445344925,0.20280015468597,-0.21211624145508
1,3184,SAMPLE,HIT,,120.80572509766,147.87174987793,120.80572509766,147.87174987793,-199.45994567871,-1.7497445344925,-1.7497445344925,0.20280015468597,-0.21211624145508
1,3185,SAMPLE,HIT,,120.88200378418,147.81576538086,120.88200378418,147.81576538086,-199.09519958496,-1.7463392019272,-1.7463392019272,0.20246458053589,-0.21182823181152
1,3186,SAMPLE,HIT,,120.88200378418,147.81576538086,120.88200378418,147.81576538086,-199.09519958496,-1.7463392019272,-1.7463392019272,0.20246458053589,-0.21182823181152
1,3187,SAMPLE,HIT,,120.88200378418,147.81576538086,120.88200378418,147.81576538086,-199.09519958496,-1.7463392019272,-1.7463392019272,0.20246458053589,-0.21182823181152
1,3188,SAMPLE,HIT,,120.9799041748,147.74423217773,120.9799041748,147.74423217773,-198.6268157959,-1.741968870163,-1.741968870163,0.20193731784821,-0.21149301528931
1,3189,SAMPLE,HIT,,120.9799041748,147.74423217773,120.9799041748,147.74423217773,-198.6268157959,-1.741968870163,-1.741968870163,0.20193731784821,-0.21149301528931
1,3190,SAMPLE,HIT,,121.03558349609,147.69728088379,121.03558349609,147.69728088379,-198.36123657227,-1.7394831180573,-1.7394831180573,0.20164966583252,-0.21125316619873
1,3191,SAMPLE,HIT,,121.03558349609,147.69728088379,121.03558349609,147.69728088379,-198.36123657227,-1.7394831180573,-1.7394831180573,0.20164966583252,-0.21125316619873
1,3192,SAMPLE,HIT,,121.03558349609,147.69728088379,121.03558349609,147.69728088379,-198.36123657227,-1.7394831180573,-1.7394831180573,0.20164966583252,-0.21125316619873
1,3193,SAMPLE,HIT,,121.07930755615,147.66749572754,121.07930755615,147.66749572754,-198.1516418457,-1.7375311851501,-1.7375311851501,0.20145797729492,-0.21110916137695
1,3194,SAMPLE,HIT,,121.07930755615,147.66749572754,121.07930755615,147.66749572754,-198.1516418457,-1.7375311851501,-1.7375311851501,0.20145797729492,-0.21110916137695
1,3195,SAMPLE,HIT,,121.12299346924,147.65184020996,121.12299346924,147.65184020996,-197.94017028809,-1.7355809211731,-1.7355809211731,0.20121824741364,-0.21106147766113
1,3196,SAMPLE,HIT,,121.12299346924,147.65184020996,121.12299346924,147.65184020996,-197.94017028809,-1.7355809211731,-1.7355809211731,0.20121824741364,-0.21106147766113
1,3197,SAMPLE,HIT,,121.15998077393,147.63636779785,121.15998077393,147.63636779785,-197.76139831543,-1.7339295148849,-1.7339295148849,0.20107448101044,-0.21096563339233
1,3198,SAMPLE,HIT,,121.15998077393,147.63636779785,121.15998077393,147.63636779785,-197.76139831543,-1.7339295148849,-1.7339295148849,0.20107448101044,-0.21096563339233
1,3199,SAMPLE,HIT,,120.88841247559,147.25396728516,120.88841247559,147.25396728516,-199.1436920166,-1.7460532188416,-1.7460532188416,0.20241665840149,-0.20900011062622
1,3200,SAMPLE,HIT,,120.88841247559,147.25396728516,120.88841247559,147.25396728516,-199.1436920166,-1.7460532188416,-1.7460532188416,0.20241665840149,-0.20900011062622
1,3201,SAMPLE,HIT,,120.88841247559,147.25396728516,120.88841247559,147.25396728516,-199.1436920166,-1.7460532188416,-1.7460532188416,0.20241665840149,-0.20900011062622
1,3202,SAMPLE,HIT,,120.37943267822,146.44532775879,120.37943267822,146.44532775879,-201.74401855469,-1.7687755823135,-1.7687755823135,0.20495736598969,-0.2048773765564
1,3203,SAMPLE,HIT,,120.37943267822,146.44532775879,120.37943267822,146.44532775879,-201.74401855469,-1.7687755823135,-1.7687755823135,0.20495736598969,-0.2048773765564
1,3204,SAMPLE,HIT,,119.71891021729,145.42546081543,119.71891021729,145.42546081543,-205.10768127441,-1.7982631921768,-1.7982631921768,0.20826506614685,-0.19960451126099
1,3205,SAMPLE,HIT,,119.71891021729,145.42546081543,119.71891021729,145.42546081543,-205.10768127441,-1.7982631921768,-1.7982631921768,0.20826506614685,-0.19960451126099
1,3206,SAMPLE,HIT,,118.99619293213,144.27648925781,118.99619293213,144.27648925781,-208.78323364258,-1.8305274248123,-1.8305274248123,0.2119562625885,-0.19370794296265
1,3207,SAMPLE,HIT,,118.99619293213,144.27648925781,118.99619293213,144.27648925781,-208.78323364258,-1.8305274248123,-1.8305274248123,0.2119562625885,-0.19370794296265
1,3208,SAMPLE,HIT,,118.99619293213,144.27648925781,118.99619293213,144.27648925781,-208.78323364258,-1.8305274248123,-1.8305274248123,0.2119562625885,-0.19370794296265
1,3209,SAMPLE,HIT,,118.29883575439,143.06597900391,118.29883575439,143.06597900391,-212.33303833008,-1.8616592884064,-1.8616592884064,0.21545577049255,-0.18752384185791
1,3210,SAMPLE,HIT,,118.29883575439,143.06597900391,118.29883575439,143.06597900391,-212.33303833008,-1.8616592884064,-1.8616592884064,0.21545577049255,-0.18752384185791
1,3211,SAMPLE,HIT,,117.70701599121,141.85047912598,117.70701599121,141.85047912598,-215.36006164551,-1.8880798816681,-1.8880798816681,0.21837985515594,-0.18129205703735
1,3212,SAMPLE,HIT,,117.70701599121,141.85047912598,117.70701599121,141.85047912598,-215.36006164551,-1.8880798816681,-1.8880798816681,0.21837985515594,-0.18129205703735
1,3213,SAMPLE,HIT,,117.12385559082,140.21005249023,117.12385559082,140.21005249023,-218.38432312012,-1.9141138792038,-1.9141138792038,0.22135198116302,-0.17290306091309
1,3214,SAMPLE,HIT,,117.12385559082,140.21005249023,117.12385559082,140.21005249023,-218.38432312012,-1.9141138792038,-1.9141138792038,0.22135198116302,-0.17290306091309
1,3215,SAMPLE,HIT,,117.12385559082,140.21005249023,117.12385559082,140.21005249023,-218.38432312012,-1.9141138792038,-1.9141138792038,0.22135198116302,-0.17290306091309
1,3216,SAMPLE,HIT,,116.90600585938,138.85005187988,116.90600585938,138.85005187988,-219.59190368652,-1.9238390922546,-1.9238390922546,0.22240662574768,-0.16599988937378
1,3217,SAMPLE,HIT,,116.90600585938,138.85005187988,116.90600585938,138.85005187988,-219.59190368652,-1.9238390922546,-1.9238390922546,0.22240662574768,-0.16599988937378
1,3218,SAMPLE,HIT,,116.80841827393,138.22164916992,116.80841827393,138.22164916992,-220.13171386719,-1.9281958341599,-1.9281958341599,0.22288596630096,-0.16278839111328
1,3219,SAMPLE,HIT,,116.80841827393,138.22164916992,116.80841827393,138.22164916992,-220.13171386719,-1.9281958341599,-1.9281958341599,0.22288596630096,-0.16278839111328
1,3220,SAMPLE,HIT,,116.72354125977,137.76760864258,116.72354125977,137.76760864258,-220.59007263184,-1.9319850206375,-1.9319850206375,0.22288596630096,-0.16278839111328
1,3221,SAMPLE,HIT,,116.72354125977,137.76760864258,116.72354125977,137.76760864258,-220.59007263184,-1.9319850206375,-1.9319850206375,0.22331750392914,-0.16043949127197
1,3222,SAMPLE,HIT,,116.72354125977,137.76760864258,116.72354125977,137.76760864258,-220.59007263184,-1.9319850206375,-1.9319850206375,0.22331750392914,-0.16043949127197
1,3223,SAMPLE,HIT,,116.67428588867,137.4471282959,116.67428588867,137.4471282959,-220.86126708984,-1.934183716774,-1.934183716774,0.22355723381042,-0.15885734558105
1,3224,SAMPLE,HIT,,116.67428588867,137.4471282959,116.67428588867,137.4471282959,-220.86126708984,-1.934183716774,-1.934183716774,0.22355723381042,-0.15885734558105
1,3225,SAMPLE,HIT,,116.60012817383,137.22445678711,116.60012817383,137.22445678711,-221.24301147461,-1.9374945163727,-1.9374945163727,0.22394073009491,-0.15770673751831
1,3226,SAMPLE,HIT,,116.60012817383,137.22445678711,116.60012817383,137.22445678711,-221.24301147461,-1.9374945163727,-1.9374945163727,0.22394073009491,-0.15770673751831
1,3227,SAMPLE,HIT,,116.42277526855,137.11589050293,116.42277526855,137.11589050293,-222.11338806152,-1.9454120397568,-1.9454120397568,0.22480356693268,-0.15713167190552
1,3228,SAMPLE,HIT,,116.42277526855,137.11589050293,116.42277526855,137.11589050293,-222.11338806152,-1.9454120397568,-1.9454120397568,0.22480356693268,-0.15713167190552
1,3229,SAMPLE,HIT,,116.42277526855,137.11589050293,116.42277526855,137.11589050293,-222.11338806152,-1.9454120397568,-1.9454120397568,0.22480356693268,-0.15713167190552
1,3230,SAMPLE,HIT,,116.24778747559,137.13809204102,116.24778747559,137.13809204102,-222.95883178711,-1.9532237052917,-1.9532237052917,0.22566640377045,-0.15722751617432
1,3231,SAMPLE,HIT,,116.24778747559,137.13809204102,116.24778747559,137.13809204102,-222.95883178711,-1.9532237052917,-1.9532237052917,0.22566640377045,-0.15722751617432
1,3232,SAMPLE,HIT,,116.10696411133,137.31106567383,116.10696411133,137.31106567383,-223.6233215332,-1.9595105648041,-1.9595105648041,0.22643339633942,-0.15809059143066
1,3233,SAMPLE,HIT,,116.10696411133,137.31106567383,116.10696411133,137.31106567383,-223.6233215332,-1.9595105648041,-1.9595105648041,0.22643339633942,-0.15809059143066
1,3234,SAMPLE,HIT,,115.83901977539,137.7551574707,115.83901977539,137.7551574707,-224.87414550781,-1.9714726209641,-1.9714726209641,0.22772777080536,-0.1602954864502
1,3235,SAMPLE,HIT,,115.83901977539,137.7551574707,115.83901977539,137.7551574707,-224.87414550781,-1.9714726209641,-1.9714726209641,0.22772777080536,-0.1602954864502
1,3236,SAMPLE,HIT,,115.83901977539,137.7551574707,115.83901977539,137.7551574707,-224.87414550781,-1.9714726209641,-1.9714726209641,0.22772777080536,-0.1602954864502
1,3237,SAMPLE,HIT,,115.482421875,138.34802246094,115.482421875,138.34802246094,-226.5343170166,-1.9873919487,-1.9873919487,0.2295013666153,-0.16326761245728
1,3238,SAMPLE,HIT,,115.482421875,138.34802246094,115.482421875,138.34802246094,-226.5343170166,-1.9873919487,-1.9873919487,0.2295013666153,-0.16326761245728
1,3239,SAMPLE,HIT,,115.22493743896,138.95399475098,115.22493743896,138.95399475098,-227.71017456055,-1.9988868236542,-1.9988868236542,0.23079562187195,-0.16633558273315
1,3240,SAMPLE,HIT,,115.22493743896,138.95399475098,115.22493743896,138.95399475098,-227.71017456055,-1.9988868236542,-1.9988868236542,0.23079562187195,-0.16633558273315
1,3241,SAMPLE,HIT,,115.17152404785,139.64138793945,115.17152404785,139.64138793945,-227.88954162598,-2.0012714862823,-2.0012714862823,0.23103547096252,-0.16978740692139
1,3242,SAMPLE,HIT,,115.17152404785,139.64138793945,115.17152404785,139.64138793945,-227.88954162598,-2.0012714862823,-2.0012714862823,0.23103547096252,-0.16978740692139
1,3243,SAMPLE,HIT,,115.25171661377,140.50650024414,115.25171661377,140.50650024414,-227.4009552002,-1.9976913928986,-1.9976913928986,0.23065185546875,-0.17419719696045
1,3244,SAMPLE,HIT,,115.25171661377,140.50650024414,115.25171661377,140.50650024414,-227.4009552002,-1.9976913928986,-1.9976913928986,0.23065185546875,-0.17419719696045
1,3245,SAMPLE,HIT,,115.25171661377,140.50650024414,115.25171661377,140.50650024414,-227.4009552002,-1.9976913928986,-1.9976913928986,0.23065185546875,-0.17419719696045
1,3246,SAMPLE,HIT,,115.32984924316,141.55442810059,115.32984924316,141.55442810059,-226.8952331543,-1.9942033290863,-1.9942033290863,0.23026835918427,-0.17947053909302
1,3247,SAMPLE,HIT,,115.32984924316,141.55442810059,115.32984924316,141.55442810059,-226.8952331543,-1.9942033290863,-1.9942033290863,0.23026835918427,-0.17947053909302
1,3248,SAMPLE,HIT,,115.41111755371,142.80230712891,115.41111755371,142.80230712891,-226.3420715332,-1.9905753135681,-1.9905753135681,0.22983694076538,-0.18579864501953
1,3249,SAMPLE,HIT,,115.41111755371,142.80230712891,115.41111755371,142.80230712891,-226.3420715332,-1.9905753135681,-1.9905753135681,0.22983694076538,-0.18579864501953
1,3250,SAMPLE,HIT,,115.49031066895,144.322265625,115.49031066895,144.322265625,-225.75233459473,-1.9870399236679,-1.9870399236679,0.2295013666153,-0.19346809387207
1,3251,SAMPLE,HIT,,115.49031066895,144.322265625,115.49031066895,144.322265625,-225.75233459473,-1.9870399236679,-1.9870399236679,0.2295013666153,-0.19346809387207
1,3252,SAMPLE,HIT,,115.60800170898,146.06620788574,115.60800170898,146.06620788574,-224.93156433105,-1.9817856550217,-1.9817856550217,0.22887814044952,-0.20224094390869
1,3253,SAMPLE,HIT,,115.60800170898,146.06620788574,115.60800170898,146.06620788574,-224.93156433105,-1.9817856550217,-1.9817856550217,0.22887814044952,-0.20224094390869
1,3254,SAMPLE,HIT,,115.60800170898,146.06620788574,115.60800170898,146.06620788574,-224.93156433105,-1.9817856550217,-1.9817856550217,0.22887814044952,-0.20224094390869
1,3255,SAMPLE,HIT,,115.97527313232,148.83467102051,115.97527313232,148.83467102051,-222.72915649414,-1.9653896093369,-1.9653896093369,0.22705662250519,-0.21619081497192
1,3256,SAMPLE,HIT,,115.97527313232,148.83467102051,115.97527313232,148.83467102051,-222.72915649414,-1.9653896093369,-1.9653896093369,0.22705662250519,-0.21619081497192
1,3257,SAMPLE,HIT,,116.36386108398,151.24835205078,116.36386108398,151.24835205078,-220.45039367676,-1.9480419158936,-1.9480419158936,0.22513914108276,-0.22827100753784
1,3258,SAMPLE,HIT,,116.36386108398,151.24835205078,116.36386108398,151.24835205078,-220.45039367676,-1.9480419158936,-1.9480419158936,0.22513914108276,-0.22827100753784
1,3259,SAMPLE,HIT,,116.36386108398,151.24835205078,116.36386108398,151.24835205078,-220.45039367676,-1.9480419158936,-1.9480419158936,0.22513914108276,-0.22827100753784
1,3260,SAMPLE,HIT,,116.62677764893,153.89367675781,116.62677764893,153.89367675781,-218.70544433594,-1.9363046884537,-1.9363046884537,0.22379684448242,-0.24154996871948
1,3261,SAMPLE,HIT,,116.62677764893,153.89367675781,116.62677764893,153.89367675781,-218.70544433594,-1.9363046884537,-1.9363046884537,0.22379684448242,-0.24154996871948
1,3262,SAMPLE,HIT,,116.76110839844,156.65707397461,116.76110839844,156.65707397461,-217.52172851563,-1.9303076267242,-1.9303076267242,0.22312569618225,-0.25525999069214
1,3263,SAMPLE,HIT,,116.76110839844,156.65707397461,116.76110839844,156.65707397461,-217.52172851563,-1.9303076267242,-1.9303076267242,0.22312569618225,-0.25525999069214
1,3264,SAMPLE,HIT,,116.82815551758,159.10717773438,116.82815551758,159.10717773438,-216.69186401367,-1.9273147583008,-1.9273147583008,0.22279012203217,-0.26734018325806
1,3265,SAMPLE,HIT,,116.82815551758,159.10717773438,116.82815551758,159.10717773438,-216.69186401367,-1.9273147583008,-1.9273147583008,0.22279012203217,-0.26734018325806
1,3266,SAMPLE,HIT,,116.81083679199,161.5765838623,116.81083679199,161.5765838623,-216.23272705078,-1.9280879497528,-1.9280879497528,0.22288596630096,-0.27942085266113
1,3267,SAMPLE,HIT,,116.81083679199,161.5765838623,116.81083679199,161.5765838623,-216.23272705078,-1.9280879497528,-1.9280879497528,0.22288596630096,-0.27942085266113
1,3268,SAMPLE,HIT,,116.76385498047,164.20350646973,116.76385498047,164.20350646973,-215.84823608398,-1.9301850795746,-1.9301850795746,0.22288596630096,-0.27942085266113
1,3269,SAMPLE,HIT,,116.76385498047,164.20350646973,116.76385498047,164.20350646973,-215.84823608398,-1.9301850795746,-1.9301850795746,0.22312569618225,-0.29226779937744
1,3270,SAMPLE,HIT,,116.76385498047,164.20350646973,116.76385498047,164.20350646973,-215.84823608398,-1.9301850795746,-1.9301850795746,0.22312569618225,-0.29226779937744
1,3271,SAMPLE,HIT,,116.71418762207,167.17779541016,116.71418762207,167.17779541016,-215.35652160645,-1.9324023723602,-1.9324023723602,0.22336542606354,-0.30674505233765
1,3272,SAMPLE,HIT,,116.71418762207,167.17779541016,116.71418762207,167.17779541016,-215.35652160645,-1.9324023723602,-1.9324023723602,0.22336542606354,-0.30674505233765
1,3273,SAMPLE,HIT,,116.72692871094,170.30197143555,116.72692871094,170.30197143555,-214.4891204834,-1.9318338632584,-1.9318338632584,0.22331750392914,-0.32174968719482
1,3274,SAMPLE,HIT,,116.72692871094,170.30197143555,116.72692871094,170.30197143555,-214.4891204834,-1.9318338632584,-1.9318338632584,0.22331750392914,-0.32174968719482
1,3275,SAMPLE,HIT,,116.79649353027,173.37213134766,116.79649353027,173.37213134766,-213.32754516602,-1.9287281036377,-1.9287281036377,0.22298181056976,-0.33646631240845
1,3276,SAMPLE,HIT,,116.79649353027,173.37213134766,116.79649353027,173.37213134766,-213.32754516602,-1.9287281036377,-1.9287281036377,0.22298181056976,-0.33646631240845
1,3277,SAMPLE,HIT,,116.79649353027,173.37213134766,116.79649353027,173.37213134766,-213.32754516602,-1.9287281036377,-1.9287281036377,0.22298181056976,-0.33646631240845
1,3278,SAMPLE,HIT,,116.90913391113,175.98077392578,116.90913391113,175.98077392578,-212.06022644043,-1.9236993789673,-1.9236993789673,0.22240662574768,-0.34888219833374
1,3279,SAMPLE,HIT,,116.90913391113,175.98077392578,116.90913391113,175.98077392578,-212.06022644043,-1.9236993789673,-1.9236993789673,0.22240662574768,-0.34888219833374
1,3280,SAMPLE,HIT,,117.08851623535,177.91445922852,117.08851623535,177.91445922852,-210.65565490723,-1.9156913757324,-1.9156913757324,0.22149574756622,-0.35803842544556
1,3281,SAMPLE,HIT,,117.08851623535,177.91445922852,117.08851623535,177.91445922852,-210.65565490723,-1.9156913757324,-1.9156913757324,0.22149574756622,-0.35803842544556
1,3282,SAMPLE,HIT,,117.34059906006,179.35945129395,117.34059906006,179.35945129395,-209.04594421387,-1.9044377803802,-1.9044377803802,0.22024941444397,-0.36494159698486
1,3283,SAMPLE,HIT,,117.34059906006,179.35945129395,117.34059906006,179.35945129395,-209.04594421387,-1.9044377803802,-1.9044377803802,0.22024941444397,-0.36494159698486
1,3284,SAMPLE,HIT,,117.67823791504,180.5339050293,117.67823791504,180.5339050293,-207.11280822754,-1.8893646001816,-1.8893646001816,0.21852374076843,-0.37050199508667
1,3285,SAMPLE,HIT,,117.67823791504,180.5339050293,117.67823791504,180.5339050293,-207.11280822754,-1.8893646001816,-1.8893646001816,0.21852374076843,-0.37050199508667
1,3286,SAMPLE,HIT,,117.89476013184,181.42175292969,117.89476013184,181.42175292969,-205.83148193359,-1.8796985149384,-1.8796985149384,0.21746909618378,-0.37472057342529
1,3287,SAMPLE,HIT,,117.89476013184,181.42175292969,117.89476013184,181.42175292969,-205.83148193359,-1.8796985149384,-1.8796985149384,0.21746909618378,-0.37472057342529
1,3288,SAMPLE,HIT,,117.89476013184,181.42175292969,117.89476013184,181.42175292969,-205.83148193359,-1.8796985149384,-1.8796985149384,0.21746909618378,-0.37472057342529
1,3289,SAMPLE,HIT,,117.91015625,182.09516906738,117.91015625,182.09516906738,-205.55520629883,-1.8790111541748,-1.8790111541748,0.21737325191498,-0.37783622741699
1,3290,SAMPLE,HIT,,117.91015625,182.09516906738,117.91015625,182.09516906738,-205.55520629883,-1.8790111541748,-1.8790111541748,0.21737325191498,-0.37783622741699
1,3291,SAMPLE,HIT,,117.68621826172,182.67803955078,117.68621826172,182.67803955078,-206.42343139648,-1.8890082836151,-1.8890082836151,0.21852374076843,-0.38052082061768
1,3292,SAMPLE,HIT,,117.68621826172,182.67803955078,117.68621826172,182.67803955078,-206.42343139648,-1.8890082836151,-1.8890082836151,0.21852374076843,-0.38052082061768
1,3293,SAMPLE,HIT,,117.42979431152,182.88505554199,117.42979431152,182.88505554199,-207.55644226074,-1.9004557132721,-1.9004557132721,0.21977007389069,-0.38138389587402
1,3294,SAMPLE,HIT,,117.42979431152,182.88505554199,117.42979431152,182.88505554199,-207.55644226074,-1.9004557132721,-1.9004557132721,0.21977007389069,-0.38138389587402
1,3295,SAMPLE,HIT,,117.42979431152,182.88505554199,117.42979431152,182.88505554199,-207.55644226074,-1.9004557132721,-1.9004557132721,0.21977007389069,-0.38138389587402
1,3296,SAMPLE,HIT,,117.19808197021,183.00595092773,117.19808197021,183.00595092773,-208.59942626953,-1.9108002185822,-1.9108002185822,0.22096848487854,-0.38186311721802
1,3297,SAMPLE,HIT,,117.19808197021,183.00595092773,117.19808197021,183.00595092773,-208.59942626953,-1.9108002185822,-1.9108002185822,0.22096848487854,-0.38186311721802
1,3298,SAMPLE,HIT,,116.99961853027,183.07446289063,116.99961853027,183.07446289063,-209.50280761719,-1.9196600914001,-1.9196600914001,0.2219272851944,-0.38210296630859
1,3299,SAMPLE,HIT,,116.99961853027,183.07446289063,116.99961853027,183.07446289063,-209.50280761719,-1.9196600914001,-1.9196600914001,0.2219272851944,-0.38210296630859
1,3300,SAMPLE,HIT,,116.81960296631,183.12112426758,116.81960296631,183.12112426758,-210.32643127441,-1.9276965856552,-1.9276965856552,0.22283804416656,-0.38229465484619
1,3301,SAMPLE,HIT,,116.81960296631,183.12112426758,116.81960296631,183.12112426758,-210.32643127441,-1.9276965856552,-1.9276965856552,0.22283804416656,-0.38229465484619
1,3302,SAMPLE,HIT,,116.65794372559,183.14477539063,116.65794372559,183.14477539063,-211.07138061523,-1.9349135160446,-1.9349135160446,0.22283804416656,-0.38229465484619
1,3303,SAMPLE,HIT,,116.65794372559,183.14477539063,116.65794372559,183.14477539063,-211.07138061523,-1.9349135160446,-1.9349135160446,0.22365307807922,-0.38234281539917
1,3304,SAMPLE,HIT,,116.65794372559,183.14477539063,116.65794372559,183.14477539063,-211.07138061523,-1.9349135160446,-1.9349135160446,0.22365307807922,-0.38234281539917
1,3305,SAMPLE,HIT,,116.50605010986,183.17095947266,116.50605010986,183.17095947266,-211.76965332031,-1.9416942596436,-1.9416942596436,0.22442007064819,-0.38239049911499
1,3306,SAMPLE,HIT,,116.50605010986,183.17095947266,116.50605010986,183.17095947266,-211.76965332031,-1.9416942596436,-1.9416942596436,0.22442007064819,-0.38239049911499
1,3307,SAMPLE,HIT,,116.30635070801,183.18017578125,116.30635070801,183.18017578125,-212.69515991211,-1.9506094455719,-1.9506094455719,0.22542679309845,-0.38239049911499
1,3308,SAMPLE,HIT,,116.30635070801,183.18017578125,116.30635070801,183.18017578125,-212.69515991211,-1.9506094455719,-1.9506094455719,0.22542679309845,-0.38239049911499
1,3309,SAMPLE,HIT,,116.03843688965,183.13606262207,116.03843688965,183.13606262207,-213.95391845703,-1.9625700712204,-1.9625700712204,0.2267689704895,-0.38210296630859
1,3310,SAMPLE,HIT,,116.03843688965,183.13606262207,116.03843688965,183.13606262207,-213.95391845703,-1.9625700712204,-1.9625700712204,0.2267689704895,-0.38210296630859
1,3311,SAMPLE,HIT,,116.03843688965,183.13606262207,116.03843688965,183.13606262207,-213.95391845703,-1.9625700712204,-1.9625700712204,0.2267689704895,-0.38210296630859
1,3312,SAMPLE,HIT,,115.67939758301,183.0608215332,115.67939758301,183.0608215332,-215.64463806152,-1.9785983562469,-1.9785983562469,0.22854268550873,-0.3816237449646
1,3313,SAMPLE,HIT,,115.67939758301,183.0608215332,115.67939758301,183.0608215332,-215.64463806152,-1.9785983562469,-1.9785983562469,0.22854268550873,-0.3816237449646
1,3314,SAMPLE,HIT,,115.47674560547,181.56831359863,115.47674560547,181.56831359863,-217.06272888184,-1.9876453876495,-1.9876453876495,0.22954928874969,-0.37462472915649
1,3315,SAMPLE,HIT,,115.47674560547,181.56831359863,115.47674560547,181.56831359863,-217.06272888184,-1.9876453876495,-1.9876453876495,0.22954928874969,-0.37462472915649
1,3316,SAMPLE,HIT,,115.47674560547,181.56831359863,115.47674560547,181.56831359863,-217.06272888184,-1.9876453876495,-1.9876453876495,0.22954928874969,-0.37462472915649
1,3317,SAMPLE,HIT,,115.29047393799,179.50531005859,115.29047393799,179.50531005859,-218.57731628418,-1.99596118927,-1.99596118927,0.23046016693115,-0.36494159698486
1,3318,SAMPLE,HIT,,115.29047393799,179.50531005859,115.29047393799,179.50531005859,-218.57731628418,-1.99596118927,-1.99596118927,0.23046016693115,-0.36494159698486
1,3319,SAMPLE,HIT,,115.02671051025,175.99301147461,115.02671051025,175.99301147461,-220.87747192383,-2.0077362060547,-2.0077362060547,0.23175454139709,-0.34835481643677
1,3320,SAMPLE,HIT,,115.02671051025,175.99301147461,115.02671051025,175.99301147461,-220.87747192383,-2.0077362060547,-2.0077362060547,0.23175454139709,-0.34835481643677
1,3321,SAMPLE,HIT,,115.02671051025,175.99301147461,115.02671051025,175.99301147461,-220.87747192383,-2.0077362060547,-2.0077362060547,0.23175454139709,-0.34835481643677
1,3322,SAMPLE,HIT,,114.86389160156,172.76315307617,114.86389160156,172.76315307617,-222.58251953125,-2.0150053501129,-2.0150053501129,0.23256945610046,-0.33301496505737
1,3323,SAMPLE,HIT,,114.86389160156,172.76315307617,114.86389160156,172.76315307617,-222.58251953125,-2.0150053501129,-2.0150053501129,0.23256945610046,-0.33301496505737
1,3324,SAMPLE,HIT,,114.68713378906,168.0313873291,114.68713378906,168.0313873291,-224.7172088623,-2.0228958129883,-2.0228958129883,0.23348021507263,-0.3103404045105
1,3325,SAMPLE,HIT,,114.68713378906,168.0313873291,114.68713378906,168.0313873291,-224.7172088623,-2.0228958129883,-2.0228958129883,0.23348021507263,-0.3103404045105
1,3326,SAMPLE,HIT,,114.68713378906,168.0313873291,114.68713378906,168.0313873291,-224.7172088623,-2.0228958129883,-2.0228958129883,0.23348021507263,-0.3103404045105
1,3327,SAMPLE,HIT,,114.35429382324,164.73876953125,114.35429382324,164.73876953125,-227.13778686523,-2.0377547740936,-2.0377547740936,0.23511016368866,-0.29428100585938
1,3328,SAMPLE,HIT,,114.35429382324,164.73876953125,114.35429382324,164.73876953125,-227.13778686523,-2.0377547740936,-2.0377547740936,0.23511016368866,-0.29428100585938
1,3329,SAMPLE,HIT,,113.89851379395,161.70994567871,113.89851379395,161.70994567871,-230.03327941895,-2.0581023693085,-2.0581023693085,0.23741114139557,-0.27942085266113
1,3330,SAMPLE,HIT,,113.89851379395,161.70994567871,113.89851379395,161.70994567871,-230.03327941895,-2.0581023693085,-2.0581023693085,0.23741114139557,-0.27942085266113
1,3331,SAMPLE,HIT,,113.0940246582,157.87889099121,113.0940246582,157.87889099121,-234.720703125,-2.0940170288086,-2.0940170288086,0.23741114139557,-0.27942085266113
1,3332,SAMPLE,HIT,,113.0940246582,157.87889099121,113.0940246582,157.87889099121,-234.720703125,-2.0940170288086,-2.0940170288086,0.24138998985291,-0.26043701171875
1,3333,SAMPLE,HIT,,113.0940246582,157.87889099121,113.0940246582,157.87889099121,-234.720703125,-2.0940170288086,-2.0940170288086,0.24138998985291,-0.26043701171875
1,3334,SAMPLE,HIT,,112.02966308594,154.59262084961,112.02966308594,154.59262084961,-240.46020507813,-2.1415331363678,-2.1415331363678,0.24666309356689,-0.24404239654541
1,3335,SAMPLE,HIT,,112.02966308594,154.59262084961,112.02966308594,154.59262084961,-240.46020507813,-2.1415331363678,-2.1415331363678,0.24666309356689,-0.24404239654541
1,3336,SAMPLE,HIT,,111.20209503174,152.59005737305,111.20209503174,152.59005737305,-244.77604675293,-2.1784780025482,-2.1784780025482,0.24666309356689,-0.24404239654541
1,3337,SAMPLE,HIT,,111.20209503174,152.59005737305,111.20209503174,152.59005737305,-244.77604675293,-2.1784780025482,-2.1784780025482,0.25068986415863,-0.23397541046143
1,3338,SAMPLE,HIT,,111.20209503174,152.59005737305,111.20209503174,152.59005737305,-244.77604675293,-2.1784780025482,-2.1784780025482,0.25068986415863,-0.23397541046143
1,3339,SAMPLE,HIT,,110.37666320801,150.85151672363,110.37666320801,150.85151672363,-249.00755310059,-2.2153279781342,-2.2153279781342,0.25476455688477,-0.22520303726196
1,3340,SAMPLE,HIT,,110.37666320801,150.85151672363,110.37666320801,150.85151672363,-249.00755310059,-2.2153279781342,-2.2153279781342,0.25476455688477,-0.22520303726196
1,3341,SAMPLE,HIT,,109.56742858887,149.39004516602,109.56742858887,149.39004516602,-253.09077453613,-2.2514543533325,-2.2514543533325,0.2587434053421,-0.21777248382568
1,3342,SAMPLE,HIT,,109.56742858887,149.39004516602,109.56742858887,149.39004516602,-253.09077453613,-2.2514543533325,-2.2514543533325,0.2587434053421,-0.21777248382568
1,3343,SAMPLE,HIT,,109.56742858887,149.39004516602,109.56742858887,149.39004516602,-253.09077453613,-2.2514543533325,-2.2514543533325,0.2587434053421,-0.21777248382568
1,3344,SAMPLE,HIT,,108.80856323242,148.20838928223,108.80856323242,148.20838928223,-256.86978149414,-2.2853322029114,-2.2853322029114,0.26248252391815,-0.2117805480957
1,3345,SAMPLE,HIT,,108.80856323242,148.20838928223,108.80856323242,148.20838928223,-256.86978149414,-2.2853322029114,-2.2853322029114,0.26248252391815,-0.2117805480957
1,3346,SAMPLE,HIT,,107.87886810303,146.92385864258,107.87886810303,146.92385864258,-261.45181274414,-2.3268365859985,-2.3268365859985,0.26698863506317,-0.20526123046875
1,3347,SAMPLE,HIT,,107.87886810303,146.92385864258,107.87886810303,146.92385864258,-261.45181274414,-2.3268365859985,-2.3268365859985,0.26698863506317,-0.20526123046875
2,3337,PRE_SHOT,,-12,111.20209503174,152.59005737305,111.20209503174,152.59005737305,-244.77604675293,-2.1784780025482,-2.1784780025482,0.25068986415863,-0.23397541046143
2,3338,PRE_SHOT,,-11,111.20209503174,152.59005737305,111.20209503174,152.59005737305,-244.77604675293,-2.1784780025482,-2.1784780025482,0.25068986415863,-0.23397541046143
2,3339,PRE_SHOT,,-10,110.37666320801,150.85151672363,110.37666320801,150.85151672363,-249.00755310059,-2.2153279781342,-2.2153279781342,0.25476455688477,-0.22520303726196
2,3340,PRE_SHOT,,-9,110.37666320801,150.85151672363,110.37666320801,150.85151672363,-249.00755310059,-2.2153279781342,-2.2153279781342,0.25476455688477,-0.22520303726196
2,3341,PRE_SHOT,,-8,109.56742858887,149.39004516602,109.56742858887,149.39004516602,-253.09077453613,-2.2514543533325,-2.2514543533325,0.2587434053421,-0.21777248382568
2,3342,PRE_SHOT,,-7,109.56742858887,149.39004516602,109.56742858887,149.39004516602,-253.09077453613,-2.2514543533325,-2.2514543533325,0.2587434053421,-0.21777248382568
2,3343,PRE_SHOT,,-6,109.56742858887,149.39004516602,109.56742858887,149.39004516602,-253.09077453613,-2.2514543533325,-2.2514543533325,0.2587434053421,-0.21777248382568
2,3344,PRE_SHOT,,-5,108.80856323242,148.20838928223,108.80856323242,148.20838928223,-256.86978149414,-2.2853322029114,-2.2853322029114,0.26248252391815,-0.2117805480957
2,3345,PRE_SHOT,,-4,108.80856323242,148.20838928223,108.80856323242,148.20838928223,-256.86978149414,-2.2853322029114,-2.2853322029114,0.26248252391815,-0.2117805480957
2,3346,PRE_SHOT,,-3,107.87886810303,146.92385864258,107.87886810303,146.92385864258,-261.45181274414,-2.3268365859985,-2.3268365859985,0.26698863506317,-0.20526123046875
2,3347,PRE_SHOT,,-2,107.87886810303,146.92385864258,107.87886810303,146.92385864258,-261.45181274414,-2.3268365859985,-2.3268365859985,0.26698863506317,-0.20526123046875
2,3348,PRE_SHOT,,-1,107.87886810303,146.92385864258,107.87886810303,146.92385864258,-261.45181274414,-2.3268365859985,-2.3268365859985,0.26698863506317,-0.20526123046875
2,3348,SHOT,,0,107.87886810303,146.92385864258,107.87886810303,146.92385864258,-261.45181274414,-2.3268365859985,-2.3268365859985,0.26698863506317,-0.20526123046875
2,3348,SAMPLE,,,107.87886810303,146.92385864258,107.87886810303,146.92385864258,-261.45181274414,-2.3268365859985,-2.3268365859985,0.26698863506317,-0.20526123046875
2,3348,POST_SHOT,,1,107.87886810303,146.92385864258,107.87886810303,146.92385864258,-261.45181274414,-2.3268365859985,-2.3268365859985,0.26698863506317,-0.20526123046875
2,3349,SAMPLE,,,107.07878112793,146.04463195801,107.07878112793,146.04463195801,-265.34014892578,-2.3625545501709,-2.3625545501709,0.27091956138611,-0.20070695877075
2,3349,POST_SHOT,,2,107.07878112793,146.04463195801,107.07878112793,146.04463195801,-265.34014892578,-2.3625545501709,-2.3625545501709,0.27091956138611,-0.20070695877075
2,3350,SAMPLE,,,107.07878112793,146.04463195801,107.07878112793,146.04463195801,-265.34014892578,-2.3625545501709,-2.3625545501709,0.27091956138611,-0.20070695877075
2,3350,POST_SHOT,,3,107.07878112793,146.04463195801,107.07878112793,146.04463195801,-265.34014892578,-2.3625545501709,-2.3625545501709,0.27091956138611,-0.20070695877075
2,3351,SAMPLE,,,107.07878112793,146.04463195801,107.07878112793,146.04463195801,-265.34014892578,-2.3625545501709,-2.3625545501709,0.27091956138611,-0.20070695877075
2,3351,POST_SHOT,,4,107.07878112793,146.04463195801,107.07878112793,146.04463195801,-265.34014892578,-2.3625545501709,-2.3625545501709,0.27091956138611,-0.20070695877075
2,3352,SAMPLE,,,106.18235015869,145.25254821777,106.18235015869,145.25254821777,-269.64825439453,-2.4025738239288,-2.4025738239288,0.27528178691864,-0.19663238525391
2,3352,POST_SHOT,,5,106.18235015869,145.25254821777,106.18235015869,145.25254821777,-269.64825439453,-2.4025738239288,-2.4025738239288,0.27528178691864,-0.19663238525391
2,3353,SAMPLE,,,106.18235015869,145.25254821777,106.18235015869,145.25254821777,-269.64825439453,-2.4025738239288,-2.4025738239288,0.27528178691864,-0.19663238525391
2,3353,POST_SHOT,,6,106.18235015869,145.25254821777,106.18235015869,145.25254821777,-269.64825439453,-2.4025738239288,-2.4025738239288,0.27528178691864,-0.19663238525391
2,3354,SAMPLE,,,106.18235015869,145.25254821777,106.18235015869,145.25254821777,-269.64825439453,-2.4025738239288,-2.4025738239288,0.27528178691864,-0.19663238525391
2,3354,POST_SHOT,,7,106.18235015869,145.25254821777,106.18235015869,145.25254821777,-269.64825439453,-2.4025738239288,-2.4025738239288,0.27528178691864,-0.19663238525391
2,3355,SAMPLE,,,125.7689666748,136.06204223633,125.7689666748,136.06204223633,-176.22924804688,-1.5281715393066,-1.5281715393066,0.17772877216339,-0.15257740020752
2,3355,POST_SHOT,,8,125.7689666748,136.06204223633,125.7689666748,136.06204223633,-176.22924804688,-1.5281715393066,-1.5281715393066,0.17772877216339,-0.15257740020752
2,3356,SAMPLE,,,125.7689666748,136.06204223633,125.7689666748,136.06204223633,-176.22924804688,-1.5281715393066,-1.5281715393066,0.17772877216339,-0.15257740020752
2,3356,POST_SHOT,,9,125.7689666748,136.06204223633,125.7689666748,136.06204223633,-176.22924804688,-1.5281715393066,-1.5281715393066,0.17772877216339,-0.15257740020752
2,3357,SAMPLE,,,134.68272399902,131.87948608398,134.68272399902,131.87948608398,-131.47248840332,-1.1302357912064,-1.1302357912064,0.13209211826324,-0.13148498535156
2,3357,POST_SHOT,,10,134.68272399902,131.87948608398,134.68272399902,131.87948608398,-131.47248840332,-1.1302357912064,-1.1302357912064,0.13209211826324,-0.13148498535156
2,3358,SAMPLE,,,134.68272399902,131.87948608398,134.68272399902,131.87948608398,-131.47248840332,-1.1302357912064,-1.1302357912064,0.13209211826324,-0.13148498535156
2,3358,POST_SHOT,,11,134.68272399902,131.87948608398,134.68272399902,131.87948608398,-131.47248840332,-1.1302357912064,-1.1302357912064,0.13209211826324,-0.13148498535156
2,3359,SAMPLE,,,134.68272399902,131.87948608398,134.68272399902,131.87948608398,-131.47248840332,-1.1302357912064,-1.1302357912064,0.13209211826324,-0.13148498535156
2,3359,POST_SHOT,,12,134.68272399902,131.87948608398,134.68272399902,131.87948608398,-131.47248840332,-1.1302357912064,-1.1302357912064,0.13209211826324,-0.13148498535156
2,3360,SAMPLE,,,143.89678955078,127.55601501465,143.89678955078,127.55601501465,-84.153968811035,-0.71889328956604,-0.71889328956604,0.084298372268677,-0.10924196243286
2,3360,POST_SHOT,,13,143.89678955078,127.55601501465,143.89678955078,127.55601501465,-84.153968811035,-0.71889328956604,-0.71889328956604,0.084298372268677,-0.10924196243286
2,3361,SAMPLE,,,143.89678955078,127.55601501465,143.89678955078,127.55601501465,-84.153968811035,-0.71889328956604,-0.71889328956604,0.084298372268677,-0.10924196243286
2,3361,POST_SHOT,,14,143.89678955078,127.55601501465,143.89678955078,127.55601501465,-84.153968811035,-0.71889328956604,-0.71889328956604,0.084298372268677,-0.10924196243286
2,3362,SAMPLE,,,143.89678955078,127.55601501465,143.89678955078,127.55601501465,-84.153968811035,-0.71889328956604,-0.71889328956604,0.084298372268677,-0.10924196243286
2,3362,POST_SHOT,,15,143.89678955078,127.55601501465,143.89678955078,127.55601501465,-84.153968811035,-0.71889328956604,-0.71889328956604,0.084298372268677,-0.10924196243286
2,3363,SAMPLE,,,149.75746154785,124.80605316162,149.75746154785,124.80605316162,-53.664844512939,-0.45725637674332,-0.45725637674332,0.053666234016418,-0.094956398010254
2,3363,POST_SHOT,,16,149.75746154785,124.80605316162,149.75746154785,124.80605316162,-53.664844512939,-0.45725637674332,-0.45725637674332,0.053666234016418,-0.094956398010254
2,3364,SAMPLE,,,149.75746154785,124.80605316162,149.75746154785,124.80605316162,-53.664844512939,-0.45725637674332,-0.45725637674332,0.053666234016418,-0.094956398010254
2,3364,POST_SHOT,,17,149.75746154785,124.80605316162,149.75746154785,124.80605316162,-53.664844512939,-0.45725637674332,-0.45725637674332,0.053666234016418,-0.094956398010254
2,3365,SAMPLE,,,152.42462158203,123.55455780029,152.42462158203,123.55455780029,-39.72212600708,-0.33818683028221,-0.33818683028221,0.039668440818787,-0.088388919830322
2,3365,POST_SHOT,,18,152.42462158203,123.55455780029,152.42462158203,123.55455780029,-39.72212600708,-0.33818683028221,-0.33818683028221,0.039668440818787,-0.088388919830322
2,3366,SAMPLE,,,152.42462158203,123.55455780029,152.42462158203,123.55455780029,-39.72212600708,-0.33818683028221,-0.33818683028221,0.039668440818787,-0.088388919830322
2,3366,POST_SHOT,,19,152.42462158203,123.55455780029,152.42462158203,123.55455780029,-39.72212600708,-0.33818683028221,-0.33818683028221,0.039668440818787,-0.088388919830322
2,3367,SAMPLE,,,154.39724731445,122.62895202637,154.39724731445,122.62895202637,-29.3913230896,-0.25012299418449,-0.25012299418449,0.029361844062805,-0.083547592163086
2,3367,POST_SHOT,,20,154.39724731445,122.62895202637,154.39724731445,122.62895202637,-29.3913230896,-0.25012299418449,-0.25012299418449,0.029361844062805,-0.083547592163086
2,3368,SAMPLE,,,154.39724731445,122.62895202637,154.39724731445,122.62895202637,-29.3913230896,-0.25012299418449,-0.25012299418449,0.029361844062805,-0.083547592163086
2,3369,SAMPLE,,,154.39724731445,122.62895202637,154.39724731445,122.62895202637,-29.3913230896,-0.25012299418449,-0.25012299418449,0.029361844062805,-0.083547592163086
2,3370,SAMPLE,,,155.85620117188,121.94437408447,155.85620117188,121.94437408447,-21.743026733398,-0.1849909722805,-0.1849909722805,0.021691799163818,-0.079952239990234
2,3371,SAMPLE,,,155.85620117188,121.94437408447,155.85620117188,121.94437408447,-21.743026733398,-0.1849909722805,-0.1849909722805,0.021691799163818,-0.079952239990234
2,3372,SAMPLE,,,156.93524169922,121.4380569458,156.93524169922,121.4380569458,-16.083269119263,-0.1368193179369,-0.1368193179369,0.016035079956055,-0.077315330505371
2,3373,SAMPLE,,,156.93524169922,121.4380569458,156.93524169922,121.4380569458,-16.083269119263,-0.1368193179369,-0.1368193179369,0.016035079956055,-0.077315330505371
2,3374,SAMPLE,,,157.73330688477,121.06358337402,157.73330688477,121.06358337402,-11.896025657654,-0.1011915653944,-0.1011915653944,0.016035079956055,-0.077315330505371
2,3375,SAMPLE,,,157.73330688477,121.06358337402,157.73330688477,121.06358337402,-11.896025657654,-0.1011915653944,-0.1011915653944,0.011816620826721,-0.075302124023438
2,3376,SAMPLE,,,157.73330688477,121.06358337402,157.73330688477,121.06358337402,-11.896025657654,-0.1011915653944,-0.1011915653944,0.011816620826721,-0.075302124023438
2,3377,SAMPLE,,,158.32356262207,120.78662872314,158.32356262207,120.78662872314,-8.7985982894897,-0.074841283261776,-0.074841283261776,0.0087486505508423,-0.073863983154297
2,3378,SAMPLE,,,158.32356262207,120.78662872314,158.32356262207,120.78662872314,-8.7985982894897,-0.074841283261776,-0.074841283261776,0.0087486505508423,-0.073863983154297
2,3379,SAMPLE,,,158.76010131836,120.58178710938,158.76010131836,120.58178710938,-6.5076122283936,-0.055352613329887,-0.055352613329887,0.0064476728439331,-0.072809219360352
2,3380,SAMPLE,,,158.76010131836,120.58178710938,158.76010131836,120.58178710938,-6.5076122283936,-0.055352613329887,-0.055352613329887,0.0064476728439331,-0.072809219360352
2,3381,SAMPLE,,,159.08297729492,120.43029022217,159.08297729492,120.43029022217,-4.8130531311035,-0.040938794612885,-0.040938794612885,0.0047218799591064,-0.072042465209961
2,3382,SAMPLE,,,159.08297729492,120.43029022217,159.08297729492,120.43029022217,-4.8130531311035,-0.040938794612885,-0.040938794612885,0.0047218799591064,-0.072042465209961
2,3383,SAMPLE,,,159.08297729492,120.43029022217,159.08297729492,120.43029022217,-4.8130531311035,-0.040938794612885,-0.040938794612885,0.0047218799591064,-0.072042465209961
2,3384,SAMPLE,,,159.32176208496,120.31824493408,159.32176208496,120.31824493408,-3.5597977638245,-0.030278334394097,-0.030278334394097,0.0034754276275635,-0.071419239044189
2,3385,SAMPLE,,,159.32176208496,120.31824493408,159.32176208496,120.31824493408,-3.5597977638245,-0.030278334394097,-0.030278334394097,0.0034754276275635,-0.071419239044189
2,3386,SAMPLE,,,159.49838256836,120.23537445068,159.49838256836,120.23537445068,-2.6327974796295,-0.022393856197596,-0.022393856197596,0.0025646686553955,-0.070987701416016
2,3387,SAMPLE,,,159.49838256836,120.23537445068,159.49838256836,120.23537445068,-2.6327974796295,-0.022393856197596,-0.022393856197596,0.0025646686553955,-0.070987701416016
2,3388,SAMPLE,,,159.62899780273,120.17407989502,159.62899780273,120.17407989502,-1.947252035141,-0.016562497243285,-0.016562497243285,0.0025646686553955,-0.070987701416016
2,3389,SAMPLE,,,159.62899780273,120.17407989502,159.62899780273,120.17407989502,-1.947252035141,-0.016562497243285,-0.016562497243285,0.0018935203552246,-0.070652008056641
2,3390,SAMPLE,,,159.62899780273,120.17407989502,159.62899780273,120.17407989502,-1.947252035141,-0.016562497243285,-0.016562497243285,0.0018935203552246,-0.070652008056641
2,3391,SAMPLE,,,159.72560119629,120.12875366211,159.72560119629,120.12875366211,-1.4402183294296,-0.012249623425305,-0.012249623425305,0.0013662576675415,-0.070460319519043
2,3392,SAMPLE,,,159.72560119629,120.12875366211,159.72560119629,120.12875366211,-1.4402183294296,-0.012249623425305,-0.012249623425305,0.0013662576675415,-0.070460319519043
2,3393,SAMPLE,,,159.79705810547,120.09522247314,159.79705810547,120.09522247314,-1.0651679039001,-0.0090598221868277,-0.0090598221868277,0.00098276138305664,-0.070268630981445
2,3394,SAMPLE,,,159.79705810547,120.09522247314,159.79705810547,120.09522247314,-1.0651679039001,-0.0090598221868277,-0.0090598221868277,0.00098276138305664,-0.070268630981445
2,3395,SAMPLE,,,159.84989929199,120.07042694092,159.84989929199,120.07042694092,-0.78782403469086,-0.0067006447352469,-0.0067006447352469,0.00069510936737061,-0.070124626159668
2,3396,SAMPLE,,,159.84989929199,120.07042694092,159.84989929199,120.07042694092,-0.78782403469086,-0.0067006447352469,-0.0067006447352469,0.00069510936737061,-0.070124626159668
2,3397,SAMPLE,,,159.84989929199,120.07042694092,159.84989929199,120.07042694092,-0.78782403469086,-0.0067006447352469,-0.0067006447352469,0.00069510936737061,-0.070124626159668
2,3398,SAMPLE,,,159.88899230957,120.05208587646,159.88899230957,120.05208587646,-0.58263915777206,-0.0049557969905436,-0.0049557969905436,0.00055122375488281,-0.070028781890869
2,3399,SAMPLE,,,159.88899230957,120.05208587646,159.88899230957,120.05208587646,-0.58263915777206,-0.0049557969905436,-0.0049557969905436,0.00055122375488281,-0.070028781890869
2,3400,SAMPLE,,,159.92939758301,120.03313446045,159.92939758301,120.03313446045,-0.37056654691696,-0.0031521646305919,-0.0031521646305919,0.00031161308288574,-0.06993293762207
2,3401,SAMPLE,,,159.92939758301,120.03313446045,159.92939758301,120.03313446045,-0.37056654691696,-0.0031521646305919,-0.0031521646305919,0.00031161308288574,-0.06993293762207
2,3402,SAMPLE,,,159.94778442383,120.02450561523,159.94778442383,120.02450561523,-0.27406066656113,-0.0023313409183174,-0.0023313409183174,0.00021576881408691,-0.06988525390625
2,3403,SAMPLE,,,159.94778442383,120.02450561523,159.94778442383,120.02450561523,-0.27406066656113,-0.0023313409183174,-0.0023313409183174,0.00021576881408691,-0.06988525390625
2,3404,SAMPLE,,,159.96138000488,120.01811981201,159.96138000488,120.01811981201,-0.20270238816738,-0.0017242599278688,-0.0017242599278688,0.00021576881408691,-0.06988525390625
2,3405,SAMPLE,,,159.96138000488,120.01811981201,159.96138000488,120.01811981201,-0.20270238816738,-0.0017242599278688,-0.0017242599278688,0.00011980533599854,-0.069837093353271
2,3348,OUTCOME,HIT,0,107.87886810303,146.92385864258,107.87886810303,146.92385864258,-261.45181274414,-2.3268365859985,-2.3268365859985,0.26698863506317,-0.20526123046875
2,3406,SAMPLE,HIT,,159.96138000488,120.01811981201,159.96138000488,120.01811981201,-0.20270238816738,-0.0017242599278688,-0.0017242599278688,0.00011980533599854,-0.069837093353271
2,3407,SAMPLE,HIT,,159.97143554688,120.01340484619,159.97143554688,120.01340484619,-0.14992448687553,-0.0012752626789734,-0.0012752626789734,7.1883201599121e-05,-0.069837093353271
2,3408,SAMPLE,HIT,,159.97143554688,120.01340484619,159.97143554688,120.01340484619,-0.14992448687553,-0.0012752626789734,-0.0012752626789734,7.1883201599121e-05,-0.069837093353271
2,3409,SAMPLE,HIT,,159.97886657715,120.0099105835,159.97886657715,120.0099105835,-0.11092168837786,-0.00094318430637941,-0.00094318430637941,2.3961067199707e-05,-0.069789208471775
2,3410,SAMPLE,HIT,,159.97886657715,120.0099105835,159.97886657715,120.0099105835,-0.11092168837786,-0.00094318430637941,-0.00094318430637941,2.3961067199707e-05,-0.069789208471775
2,3411,SAMPLE,HIT,,159.97886657715,120.0099105835,159.97886657715,120.0099105835,-0.11092168837786,-0.00094318430637941,-0.00094318430637941,2.3961067199707e-05,-0.069789208471775
2,3412,SAMPLE,HIT,,159.984375,120.00733184814,159.984375,120.00733184814,-0.082009971141815,-0.00069757917663082,-0.00069757917663082,2.3961067199707e-05,-0.069789208471775
2,3413,SAMPLE,HIT,,159.984375,120.00733184814,159.984375,120.00733184814,-0.082009971141815,-0.00069757917663082,-0.00069757917663082,2.3961067199707e-05,-0.069789208471775
2,3414,SAMPLE,HIT,,159.98844909668,120.00542449951,159.98844909668,120.00542449951,-0.060626514256001,-0.00051592959789559,-0.00051592959789559,-2.3841857910156e-05,-0.069837093353271
2,3415,SAMPLE,HIT,,159.98844909668,120.00542449951,159.98844909668,120.00542449951,-0.060626514256001,-0.00051592959789559,-0.00051592959789559,-2.3841857910156e-05,-0.069837093353271
2,3416,SAMPLE,HIT,,159.99145507813,120.00401306152,159.99145507813,120.00401306152,-0.044849202036858,-0.00038158154347911,-0.00038158154347911,-2.3841857910156e-05,-0.069837093353271
2,3417,SAMPLE,HIT,,159.99145507813,120.00401306152,159.99145507813,120.00401306152,-0.044849202036858,-0.00038158154347911,-0.00038158154347911,-2.3841857910156e-05,-0.069837093353271
2,3418,SAMPLE,HIT,,159.99368286133,120.00296783447,159.99368286133,120.00296783447,-0.033156376332045,-0.00028221771935932,-0.00028221771935932,-2.3841857910156e-05,-0.069837093353271
2,3419,SAMPLE,HIT,,159.99368286133,120.00296783447,159.99368286133,120.00296783447,-0.033156376332045,-0.00028221771935932,-0.00028221771935932,-2.3841857910156e-05,-0.069837093353271
2,3420,SAMPLE,HIT,,159.99368286133,120.00296783447,159.99368286133,120.00296783447,-0.033156376332045,-0.00028221771935932,-0.00028221771935932,-2.3841857910156e-05,-0.069837093353271
2,3421,SAMPLE,HIT,,159.99533081055,120.00219726563,159.99533081055,120.00219726563,-0.024506885558367,-0.00020872823370155,-0.00020872823370155,-2.3841857910156e-05,-0.069837093353271
2,3422,SAMPLE,HIT,,159.99533081055,120.00219726563,159.99533081055,120.00219726563,-0.024506885558367,-0.00020872823370155,-0.00020872823370155,-2.3841857910156e-05,-0.069837093353271
2,3423,SAMPLE,HIT,,159.99653625488,120.00162506104,159.99653625488,120.00162506104,-0.018179945647717,-0.00015437540423591,-0.00015437540423591,-2.3841857910156e-05,-0.069837093353271
2,3424,SAMPLE,HIT,,159.99653625488,120.00162506104,159.99653625488,120.00162506104,-0.018179945647717,-0.00015437540423591,-0.00015437540423591,-2.3841857910156e-05,-0.069837093353271
2,3425,SAMPLE,HIT,,159.99743652344,120.00119781494,159.99743652344,120.00119781494,-0.013454761356115,-0.00011417605855968,-0.00011417605855968,-2.3841857910156e-05,-0.069837093353271
2,3426,SAMPLE,HIT,,159.99743652344,120.00119781494,159.99743652344,120.00119781494,-0.013454761356115,-0.00011417605855968,-0.00011417605855968,-2.3841857910156e-05,-0.069837093353271
2,3427,SAMPLE,HIT,,159.99743652344,120.00119781494,159.99743652344,120.00119781494,-0.013454761356115,-0.00011417605855968,-0.00011417605855968,-2.3841857910156e-05,-0.069837093353271
2,3428,SAMPLE,HIT,,159.99810791016,120.00088500977,159.99810791016,120.00088500977,-0.0099308956414461,-8.4444618551061e-05,-8.4444618551061e-05,-2.3841857910156e-05,-0.069837093353271
2,3429,SAMPLE,HIT,,159.99810791016,120.00088500977,159.99810791016,120.00088500977,-0.0099308956414461,-8.4444618551061e-05,-8.4444618551061e-05,-2.3841857910156e-05,-0.069837093353271
2,3430,SAMPLE,HIT,,159.99859619141,120.00065612793,159.99859619141,120.00065612793,-0.0073680835776031,-6.2455241277348e-05,-6.2455241277348e-05,-2.3841857910156e-05,-0.069837093353271
2,3431,SAMPLE,HIT,,159.99859619141,120.00065612793,159.99859619141,120.00065612793,-0.0073680835776031,-6.2455241277348e-05,-6.2455241277348e-05,-2.3841857910156e-05,-0.069837093353271
2,3432,SAMPLE,HIT,,159.99896240234,120.00048828125,159.99896240234,120.00048828125,-0.0054459748789668,-4.6191897126846e-05,-4.6191897126846e-05,-2.3841857910156e-05,-0.069837093353271
2,3433,SAMPLE,HIT,,159.99896240234,120.00048828125,159.99896240234,120.00048828125,-0.0054459748789668,-4.6191897126846e-05,-4.6191897126846e-05,-2.3841857910156e-05,-0.069837093353271
2,3434,SAMPLE,HIT,,159.99896240234,120.00048828125,159.99896240234,120.00048828125,-0.0054459748789668,-4.6191897126846e-05,-4.6191897126846e-05,-2.3841857910156e-05,-0.069837093353271
2,3435,SAMPLE,HIT,,159.99923706055,120.00035858154,159.99923706055,120.00035858154,-0.0040043932385743,-3.4163527743658e-05,-3.4163527743658e-05,-2.3841857910156e-05,-0.069837093353271
2,3436,SAMPLE,HIT,,159.99923706055,120.00035858154,159.99923706055,120.00035858154,-0.0040043932385743,-3.4163527743658e-05,-3.4163527743658e-05,-2.3841857910156e-05,-0.069837093353271
2,3437,SAMPLE,HIT,,159.9994354248,120.00026702881,159.9994354248,120.00026702881,-0.0029632509686053,-2.5267347155022e-05,-2.5267347155022e-05,-2.3841857910156e-05,-0.069837093353271
2,3438,SAMPLE,HIT,,159.9994354248,120.00026702881,159.9994354248,120.00026702881,-0.0029632509686053,-2.5267347155022e-05,-2.5267347155022e-05,-2.3841857910156e-05,-0.069837093353271
2,3439,SAMPLE,HIT,,159.99963378906,120.00016784668,159.99963378906,120.00016784668,-0.0019221088150516,-1.6071448044386e-05,-1.6071448044386e-05,-2.3841857910156e-05,-0.069837093353271
2,3440,SAMPLE,HIT,,159.99963378906,120.00016784668,159.99963378906,120.00016784668,-0.0019221088150516,-1.6071448044386e-05,-1.6071448044386e-05,-2.3841857910156e-05,-0.069837093353271
2,3441,SAMPLE,HIT,,159.99963378906,120.00016784668,159.99963378906,120.00016784668,-0.0019221088150516,-1.6071448044386e-05,-1.6071448044386e-05,-2.3841857910156e-05,-0.069837093353271
2,3442,SAMPLE,HIT,,159.99974060059,120.00012207031,159.99974060059,120.00012207031,-0.0013614937197417,-1.1886443644471e-05,-1.1886443644471e-05,-2.3841857910156e-05,-0.069837093353271
2,3443,SAMPLE,HIT,,159.99974060059,120.00012207031,159.99974060059,120.00012207031,-0.0013614937197417,-1.1886443644471e-05,-1.1886443644471e-05,-2.3841857910156e-05,-0.069837093353271
2,3444,SAMPLE,HIT,,159.99980163574,120.00009155273,159.99980163574,120.00009155273,-0.001041142269969,-8.7912139861146e-06,-8.7912139861146e-06,-2.3841857910156e-05,-0.069837093353271
2,3445,SAMPLE,HIT,,159.99980163574,120.00009155273,159.99980163574,120.00009155273,-0.001041142269969,-8.7912139861146e-06,-8.7912139861146e-06,-2.3841857910156e-05,-0.069837093353271
2,3446,SAMPLE,HIT,,159.99984741211,120.00006866455,159.99984741211,120.00006866455,-0.00080087862443179,-6.5019821704482e-06,-6.5019821704482e-06,-2.3841857910156e-05,-0.069837093353271
2,3447,SAMPLE,HIT,,159.99984741211,120.00006866455,159.99984741211,120.00006866455,-0.00080087862443179,-6.5019821704482e-06,-6.5019821704482e-06,-2.3841857910156e-05,-0.069837093353271
2,3448,SAMPLE,HIT,,159.99984741211,120.00006866455,159.99984741211,120.00006866455,-0.00080087862443179,-6.5019821704482e-06,-6.5019821704482e-06,-2.3841857910156e-05,-0.069837093353271
2,3449,SAMPLE,HIT,,159.99989318848,120.00005340576,159.99989318848,120.00005340576,-0.00056061503710225,-4.8088663788803e-06,-4.8088663788803e-06,-2.3841857910156e-05,-0.069837093353271
2,3450,SAMPLE,HIT,,159.99989318848,120.00005340576,159.99989318848,120.00005340576,-0.00056061503710225,-4.8088663788803e-06,-4.8088663788803e-06,-2.3841857910156e-05,-0.069837093353271
2,3451,SAMPLE,HIT,,159.99992370605,120.00003814697,159.99992370605,120.00003814697,-0.00040043931221589,-3.5566376936913e-06,-3.5566376936913e-06,-2.3841857910156e-05,-0.069837093353271
2,3452,SAMPLE,HIT,,159.99992370605,120.00003814697,159.99992370605,120.00003814697,-0.00040043931221589,-3.5566376936913e-06,-3.5566376936913e-06,-2.3841857910156e-05,-0.069837093353271
2,3453,SAMPLE,HIT,,159.99993896484,120.00003051758,159.99993896484,120.00003051758,-0.00032035144977272,-2.6304892344342e-06,-2.6304892344342e-06,-2.3841857910156e-05,-0.069837093353271
2,3454,SAMPLE,HIT,,159.99993896484,120.00003051758,159.99993896484,120.00003051758,-0.00032035144977272,-2.6304892344342e-06,-2.6304892344342e-06,-2.3841857910156e-05,-0.069837093353271
2,3455,SAMPLE,HIT,,159.99995422363,120.00002288818,159.99995422363,120.00002288818,-0.00024026360188145,-1.9455098936305e-06,-1.9455098936305e-06,-2.3841857910156e-05,-0.069837093353271
2,3456,SAMPLE,HIT,,159.99995422363,120.00002288818,159.99995422363,120.00002288818,-0.00024026360188145,-1.9455098936305e-06,-1.9455098936305e-06,-2.3841857910156e-05,-0.069837093353271
2,3457,SAMPLE,HIT,,159.99995422363,120.00002288818,159.99995422363,120.00002288818,-0.00024026360188145,-1.9455098936305e-06,-1.9455098936305e-06,-2.3841857910156e-05,-0.069837093353271
2,3458,SAMPLE,HIT,,159.99996948242,120.00001525879,159.99996948242,120.00001525879,-0.00016017572488636,-1.2374532616377e-06,-1.2374532616377e-06,-2.3841857910156e-05,-0.069837093353271
2,3459,SAMPLE,HIT,,159.99996948242,120.00001525879,159.99996948242,120.00001525879,-0.00016017572488636,-1.2374532616377e-06,-1.2374532616377e-06,-2.3841857910156e-05,-0.069837093353271
2,3460,SAMPLE,HIT,,159.99996948242,120.00001525879,159.99996948242,120.00001525879,-0.00016017572488636,-1.2374532616377e-06,-1.2374532616377e-06,-2.3841857910156e-05,-0.069837093353271
2,3461,SAMPLE,HIT,,159.99998474121,120.00000762939,159.99998474121,120.00000762939,-8.0087862443179e-05,-9.1522048251136e-07,-9.1522048251136e-07,-2.3841857910156e-05,-0.069837093353271
2,3462,SAMPLE,HIT,,159.99998474121,120.00000762939,159.99998474121,120.00000762939,-8.0087862443179e-05,-9.1522048251136e-07,-9.1522048251136e-07,-2.3841857910156e-05,-0.069837093353271
2,3463,SAMPLE,HIT,,159.99998474121,120.00000762939,159.99998474121,120.00000762939,-8.0087862443179e-05,-6.7689705929297e-07,-6.7689705929297e-07,-2.3841857910156e-05,-0.069837093353271
2,3464,SAMPLE,HIT,,159.99998474121,120.00000762939,159.99998474121,120.00000762939,-8.0087862443179e-05,-6.7689705929297e-07,-6.7689705929297e-07,-2.3841857910156e-05,-0.069837093353271
2,3465,SAMPLE,HIT,,159.99998474121,120.00000762939,159.99998474121,120.00000762939,-8.0087862443179e-05,-5.0063306389347e-07,-5.0063306389347e-07,-2.3841857910156e-05,-0.069837093353271
2,3466,SAMPLE,HIT,,159.99998474121,120.00000762939,159.99998474121,120.00000762939,-8.0087862443179e-05,-5.0063306389347e-07,-5.0063306389347e-07,-2.3841857910156e-05,-0.069837093353271
2,3467,SAMPLE,HIT,,159.99998474121,120.00000762939,159.99998474121,120.00000762939,-8.0087862443179e-05,-5.0063306389347e-07,-5.0063306389347e-07,-2.3841857910156e-05,-0.069837093353271
2,3468,SAMPLE,HIT,,160.0,120.0,160.0,120.0,0.0,-3.184306649473e-07,-3.184306649473e-07,0.0,-0.069813169538975
2,3469,SAMPLE,HIT,,160.0,120.0,160.0,120.0,0.0,-3.184306649473e-07,-3.184306649473e-07,0.0,-0.069813169538975
2,3470,SAMPLE,HIT,,160.0,120.0,160.0,120.0,0.0,-2.3551133665478e-07,-2.3551133665478e-07,0.0,-0.069813169538975
2,3471,SAMPLE,HIT,,160.0,120.0,160.0,120.0,0.0,-2.3551133665478e-07,-2.3551133665478e-07,0.0,-0.069813169538975
2,3472,SAMPLE,HIT,,160.0,120.0,160.0,120.0,0.0,-1.7418419417936e-07,-1.7418419417936e-07,0.0,-0.069813169538975
2,3473,SAMPLE,HIT,,160.0,120.0,160.0,120.0,0.0,-1.7418419417936e-07,-1.7418419417936e-07,0.0,-0.069813169538975
2,3474,SAMPLE,HIT,,160.0,120.0,160.0,120.0,0.0,-1.288266417987e-07,-1.288266417987e-07,0.0,-0.069813169538975
2,3475,SAMPLE,HIT,,160.0,120.0,160.0,120.0,0.0,-1.288266417987e-07,-1.288266417987e-07,0.0,-0.069813169538975
2,3476,SAMPLE,HIT,,160.0,120.0,160.0,120.0,0.0,-1.288266417987e-07,-1.288266417987e-07,0.0,-0.069813169538975
2,3477,SAMPLE,HIT,,160.0,120.0,160.0,120.0,0.0,-9.5280185519186e-08,-9.5280185519186e-08,0.0,-0.069813169538975
2,3478,SAMPLE,HIT,,160.0,120.0,160.0,120.0,0.0,-9.5280185519186e-08,-9.5280185519186e-08,0.0,-0.069813169538975
2,3479,SAMPLE,HIT,,160.0,120.0,160.0,120.0,0.0,-7.046922689824e-08,-7.046922689824e-08,0.0,-0.069813169538975
2,3480,SAMPLE,HIT,,160.0,120.0,160.0,120.0,0.0,-7.046922689824e-08,-7.046922689824e-08,0.0,-0.069813169538975
2,3481,SAMPLE,HIT,,160.0,120.0,160.0,120.0,0.0,-5.2119037974308e-08,-5.2119037974308e-08,0.0,-0.069813169538975
2,3482,SAMPLE,HIT,,160.0,120.0,160.0,120.0,0.0,-5.2119037974308e-08,-5.2119037974308e-08,0.0,-0.069813169538975
2,3483,SAMPLE,HIT,,160.0,120.0,160.0,120.0,0.0,-3.8547241842934e-08,-3.8547241842934e-08,0.0,-0.069813169538975
2,3484,SAMPLE,HIT,,160.0,120.0,160.0,120.0,0.0,-3.8547241842934e-08,-3.8547241842934e-08,0.0,-0.069813169538975
2,3485,SAMPLE,HIT,,160.0,120.0,160.0,120.0,0.0,-3.8547241842934e-08,-3.8547241842934e-08,0.0,-0.069813169538975
2,3486,SAMPLE,HIT,,160.0,120.0,160.0,120.0,0.0,-2.8509539617971e-08,-2.8509539617971e-08,0.0,-0.069813169538975
2,3487,SAMPLE,HIT,,160.0,120.0,160.0,120.0,0.0,-2.8509539617971e-08,-2.8509539617971e-08,0.0,-0.069813169538975
2,3488,SAMPLE,HIT,,160.0,120.0,160.0,120.0,0.0,-2.1085655887987e-08,-2.1085655887987e-08,0.0,-0.069813169538975
2,3489,SAMPLE,HIT,,160.0,120.0,160.0,120.0,0.0,-2.1085655887987e-08,-2.1085655887987e-08,0.0,-0.069813169538975
2,3490,SAMPLE,HIT,,160.0,120.0,160.0,120.0,0.0,-1.5594952884612e-08,-1.5594952884612e-08,0.0,-0.069813169538975
2,3491,SAMPLE,HIT,,160.0,120.0,160.0,120.0,0.0,-1.5594952884612e-08,-1.5594952884612e-08,0.0,-0.069813169538975
2,3492,SAMPLE,HIT,,160.0,120.0,160.0,120.0,0.0,-1.5594952884612e-08,-1.5594952884612e-08,0.0,-0.069813169538975
