frame,event,state,gate_enabled,attempt,memory_remaining,ready_count,result_elapsed,kill_confirm_count,screen_x,screen_x_copy,raw_horizontal,normalized,soldier_state_a,soldier_state_b,soldier_pointer_hex,arm_ready,raw_detected,normalized_detected,auto_aim_detected,pointer_dead,state_a_dead,state_b_dead,strong_kill,medium_kill,kill_candidate
45160,SAMPLE,IDLE,false,0,0,0,0,0,160.0,160.0,0.0,0.0,0,0,0x801FABDC,true,false,false,false,false,false,false,false,false,false
45162,SAMPLE,IDLE,false,0,0,0,0,0,160.0,160.0,0.0,0.0,0,0,0x801FABDC,true,false,false,false,false,false,false,false,false,false
45164,SAMPLE,IDLE,false,0,0,0,0,0,160.0,160.0,0.0,0.0,0,0,0x801FABDC,true,false,false,false,false,false,false,false,false,false
45166,SAMPLE,IDLE,false,0,0,0,0,0,160.0,160.0,0.0,0.0,0,0,0x801FABDC,true,false,false,false,false,false,false,false,false,false
45168,SAMPLE,IDLE,false,0,0,0,0,0,160.0,160.0,0.0,0.0,0,0,0x801FABDC,true,false,false,false,false,false,false,false,false,false
45170,SAMPLE,IDLE,false,0,0,0,0,0,160.0,160.0,0.0,0.0,0,0,0x801FABDC,true,false,false,false,false,false,false,false,false,false
45172,SAMPLE,IDLE,false,0,0,0,0,0,160.0,160.0,0.0,0.0,0,0,0x801FABDC,true,false,false,false,false,false,false,false,false,false
45174,SAMPLE,IDLE,false,0,0,0,0,0,160.0,160.0,0.0,0.0,0,0,0x801FABDC,true,false,false,false,false,false,false,false,false,false
45176,SAMPLE,IDLE,false,0,0,0,0,0,160.0,160.0,0.0,0.0,0,0,0x801FABDC,true,false,false,false,false,false,false,false,false,false
45178,SAMPLE,IDLE,false,0,0,0,0,0,160.0,160.0,0.0,0.0,0,0,0x801FABDC,true,false,false,false,false,false,false,false,false,false
45180,SAMPLE,IDLE,false,0,0,0,0,0,160.0,160.0,0.0,0.0,0,0,0x801FABDC,true,false,false,false,false,false,false,false,false,false
45182,SAMPLE,IDLE,false,0,0,0,0,0,160.0,160.0,0.0,0.0,0,0,0x801FABDC,true,false,false,false,false,false,false,false,false,false
45184,SAMPLE,IDLE,false,0,0,0,0,0,160.0,160.0,0.0,0.0,0,0,0x801FABDC,true,false,false,false,false,false,false,false,false,false
45186,SAMPLE,IDLE,false,0,0,0,0,0,160.0,160.0,0.0,0.0,0,0,0x801FABDC,true,false,false,false,false,false,false,false,false,false
45188,SAMPLE,IDLE,false,0,0,0,0,0,160.0,160.0,0.0,0.0,0,0,0x801FABDC,true,false,false,false,false,false,false,false,false,false
45190,SAMPLE,IDLE,false,0,0,0,0,0,160.0,160.0,0.0,0.0,0,0,0x801FABDC,true,false,false,false,false,false,false,false,false,false
45192,SAMPLE,IDLE,false,0,0,0,0,0,160.0,160.0,0.0,0.0,0,0,0x801FABDC,true,false,false,false,false,false,false,false,false,false
45194,SAMPLE,IDLE,false,0,0,0,0,0,160.0,160.0,0.0,0.0,0,0,0x801FABDC,true,false,false,false,false,false,false,false,false,false
45196,SAMPLE,IDLE,false,0,0,0,0,0,160.0,160.0,0.0,0.0,0,0,0x801FABDC,true,false,false,false,false,false,false,false,false,false
45198,SAMPLE,IDLE,true,0,0,0,0,0,160.0,160.0,0.0,0.0,0,0,0x801FABDC,true,false,false,false,false,false,false,false,false,false
45200,SAMPLE,IDLE,true,0,0,0,0,0,160.0,160.0,0.0,0.0,0,0,0x801FABDC,true,false,false,false,false,false,false,false,false,false
45202,SAMPLE,IDLE,true,0,0,0,0,0,160.0,160.0,0.0,0.0,0,0,0x801FABDC,true,false,false,false,false,false,false,false,false,false
45204,SAMPLE,IDLE,true,0,0,0,0,0,160.0,160.0,0.0,0.0,0,0,0x801FABDC,true,false,false,false,false,false,false,false,false,false
45206,SAMPLE,IDLE,true,0,0,0,0,0,160.0,160.0,0.0,0.0,0,0,0x801FABDC,true,false,false,false,false,false,false,false,false,false
45208,SAMPLE,IDLE,true,0,0,0,0,0,160.0,160.0,0.0,0.0,0,0,0x801FABDC,true,false,false,false,false,false,false,false,false,false
45210,SAMPLE,IDLE,true,0,0,0,0,0,160.0,160.0,0.0,0.0,0,0,0x801FABDC,true,false,false,false,false,false,false,false,false,false
45212,SAMPLE,IDLE,true,0,0,0,0,0,160.0,160.0,0.0,0.0,0,0,0x801FABDC,true,false,false,false,false,false,false,false,false,false
45214,SAMPLE,IDLE,true,0,0,0,0,0,160.0,160.0,0.0,0.0,0,0,0x801FABDC,true,false,false,false,false,false,false,false,false,false
45216,SAMPLE,IDLE,true,0,0,0,0,0,160.0,160.0,0.0,0.0,0,0,0x801FABDC,true,false,false,false,false,false,false,false,false,false
45218,SAMPLE,IDLE,true,0,0,0,0,0,160.0,160.0,0.0,0.0,0,0,0x801FABDC,true,false,false,false,false,false,false,false,false,false
45220,SAMPLE,IDLE,true,0,0,0,0,0,160.0,160.0,0.0,0.0,0,0,0x801FABDC,true,false,false,false,false,false,false,false,false,false
45222,SAMPLE,IDLE,true,0,0,0,0,0,160.0,160.0,0.0,0.0,0,0,0x801FABDC,true,false,false,false,false,false,false,false,false,false
45224,SAMPLE,IDLE,true,0,0,0,0,0,160.0,160.0,0.0,0.0,0,0,0x801FABDC,true,false,false,false,false,false,false,false,false,false
45226,SAMPLE,IDLE,true,0,0,0,0,0,160.0,160.0,0.0,0.0,0,0,0x801FABDC,true,false,false,false,false,false,false,false,false,false
45228,SAMPLE,IDLE,true,0,0,0,0,0,160.0,160.0,0.0,0.0,0,0,0x801FABDC,true,false,false,false,false,false,false,false,false,false
45230,SAMPLE,IDLE,true,0,0,0,0,0,160.0,160.0,0.0,0.0,0,0,0x801FABDC,true,false,false,false,false,false,false,false,false,false
45232,SAMPLE,IDLE,true,0,0,0,0,0,160.0,160.0,0.0,0.0,0,0,0x801FABDC,true,false,false,false,false,false,false,false,false,false
45234,SAMPLE,IDLE,true,0,0,0,0,0,160.0,160.0,0.0,0.0,0,0,0x801FABDC,true,false,false,false,false,false,false,false,false,false
45236,SAMPLE,IDLE,true,0,0,0,0,0,160.0,160.0,0.0,0.0,0,0,0x801FABDC,true,false,false,false,false,false,false,false,false,false
45238,SAMPLE,IDLE,true,0,0,0,0,0,160.0,160.0,0.0,0.0,0,0,0x801FABDC,true,false,false,false,false,false,false,false,false,false
45240,SAMPLE,IDLE,true,0,0,0,0,0,160.0,160.0,0.0,0.0,0,0,0x801FABDC,true,false,false,false,false,false,false,false,false,false
45242,SAMPLE,IDLE,true,0,0,0,0,0,160.0,160.0,0.0,0.0,0,0,0x801FABDC,true,false,false,false,false,false,false,false,false,false
45244,SAMPLE,IDLE,true,0,0,0,0,0,160.0,160.0,0.0,0.0,0,0,0x801FABDC,true,false,false,false,false,false,false,false,false,false
45246,SAMPLE,IDLE,true,0,0,0,0,0,160.0,160.0,0.0,0.0,0,0,0x801FABDC,true,false,false,false,false,false,false,false,false,false
45248,SAMPLE,IDLE,true,0,0,0,0,0,160.0,160.0,0.0,0.0,0,0,0x801FABDC,true,false,false,false,false,false,false,false,false,false
45250,SAMPLE,IDLE,true,0,0,0,0,0,160.0,160.0,0.0,0.0,0,0,0x801FABDC,true,false,false,false,false,false,false,false,false,false
45252,SAMPLE,IDLE,true,0,0,0,0,0,160.0,160.0,0.0,0.0,0,0,0x801FABDC,true,false,false,false,false,false,false,false,false,false
45254,SAMPLE,IDLE,true,0,0,0,0,0,160.0,160.0,0.0,0.0,0,0,0x801FABDC,true,false,false,false,false,false,false,false,false,false
45256,SAMPLE,IDLE,true,0,0,0,0,0,160.0,160.0,0.0,0.0,0,0,0x801FABDC,true,false,false,false,false,false,false,false,false,false
45258,SAMPLE,IDLE,true,0,0,0,0,0,160.0,160.0,0.0,0.0,0,0,0x801FABDC,true,false,false,false,false,false,false,false,false,false
45260,SAMPLE,IDLE,true,0,0,0,0,0,160.0,160.0,0.0,0.0,0,0,0x801FABDC,true,false,false,false,false,false,false,false,false,false
45262,SAMPLE,IDLE,true,0,0,0,0,0,160.0,160.0,0.0,0.0,0,0,0x801FABDC,true,false,false,false,false,false,false,false,false,false
45264,SAMPLE,IDLE,true,0,0,0,0,0,160.0,160.0,0.0,0.0,0,0,0x801FABDC,true,false,false,false,false,false,false,false,false,false
45266,SAMPLE,IDLE,true,0,0,0,0,0,160.0,160.0,0.0,0.0,0,0,0x801FABDC,true,false,false,false,false,false,false,false,false,false
45268,SAMPLE,IDLE,true,0,0,0,0,0,160.0,160.0,0.0,0.0,0,0,0x801FABDC,true,false,false,false,false,false,false,false,false,false
45270,SAMPLE,IDLE,true,0,0,0,0,0,160.0,160.0,0.0,0.0,0,0,0x801FABDC,true,false,false,false,false,false,false,false,false,false
45272,SAMPLE,IDLE,true,0,0,0,0,0,160.0,160.0,0.0,0.0,0,0,0x801FABDC,true,false,false,false,false,false,false,false,false,false
45274,SAMPLE,IDLE,true,0,0,0,0,0,160.0,160.0,0.0,0.0,0,0,0x801FABDC,true,false,false,false,false,false,false,false,false,false
45276,SAMPLE,IDLE,true,0,0,0,0,0,160.0,160.0,0.0,0.0,0,0,0x801FABDC,true,false,false,false,false,false,false,false,false,false
45278,SAMPLE,IDLE,true,0,0,0,0,0,160.0,160.0,0.0,0.0,0,0,0x801FABDC,true,false,false,false,false,false,false,false,false,false
45280,SAMPLE,IDLE,true,0,0,0,0,0,160.0,160.0,0.0,0.0,0,0,0x801FABDC,true,false,false,false,false,false,false,false,false,false
45282,SAMPLE,IDLE,true,0,0,0,0,0,160.0,160.0,0.0,0.0,0,0,0x801FABDC,true,false,false,false,false,false,false,false,false,false
45284,SAMPLE,IDLE,true,0,0,0,0,0,160.0,160.0,0.0,0.0,0,0,0x801FABDC,true,false,false,false,false,false,false,false,false,false
45286,SAMPLE,IDLE,true,0,0,0,0,0,160.0,160.0,0.0,0.0,0,0,0x801FABDC,true,false,false,false,false,false,false,false,false,false
45288,SAMPLE,IDLE,true,0,0,0,0,0,160.0,160.0,0.0,0.0,0,0,0x801FABDC,true,false,false,false,false,false,false,false,false,false
45290,SAMPLE,IDLE,true,0,0,0,0,0,160.0,160.0,0.0,0.0,0,0,0x801FABDC,true,false,false,false,false,false,false,false,false,false
45292,SAMPLE,IDLE,true,0,0,0,0,0,160.0,160.0,0.0,0.0,0,0,0x801FABDC,true,false,false,false,false,false,false,false,false,false
45294,SAMPLE,IDLE,true,0,0,0,0,0,160.0,160.0,0.0,0.0,0,0,0x801FABDC,true,false,false,false,false,false,false,false,false,false
45296,SAMPLE,IDLE,true,0,0,0,0,0,160.0,160.0,0.0,0.0,0,0,0x801FABDC,true,false,false,false,false,false,false,false,false,false
45298,SAMPLE,IDLE,true,0,0,0,0,0,160.0,160.0,0.0,0.0,0,0,0x801FABDC,true,false,false,false,false,false,false,false,false,false
45300,SAMPLE,IDLE,true,0,0,0,0,0,160.0,160.0,0.0,0.0,0,0,0x801FABDC,true,false,false,false,false,false,false,false,false,false
45302,SAMPLE,IDLE,true,0,0,0,0,0,160.0,160.0,0.0,0.0,0,0,0x801FABDC,true,false,false,false,false,false,false,false,false,false
45304,SAMPLE,IDLE,true,0,0,0,0,0,160.0,160.0,0.0,0.0,0,0,0x801FABDC,true,false,false,false,false,false,false,false,false,false
45306,SAMPLE,IDLE,true,0,0,0,0,0,160.0,160.0,0.0,0.0,0,0,0x801FABDC,true,false,false,false,false,false,false,false,false,false
45308,SAMPLE,IDLE,true,0,0,0,0,0,160.0,160.0,0.0,0.0,0,0,0x801FABDC,true,false,false,false,false,false,false,false,false,false
45310,SAMPLE,IDLE,true,0,0,0,0,0,160.0,160.0,0.0,0.0,0,0,0x801FABDC,true,false,false,false,false,false,false,false,false,false
45312,SAMPLE,IDLE,true,0,0,0,0,0,160.0,160.0,0.0,0.0,0,0,0x801FABDC,true,false,false,false,false,false,false,false,false,false
45314,SAMPLE,IDLE,true,0,0,0,0,0,160.0,160.0,0.0,0.0,0,0,0x801FABDC,true,false,false,false,false,false,false,false,false,false
45316,SAMPLE,IDLE,true,0,0,0,0,0,160.0,160.0,0.0,0.0,0,0,0x801FABDC,true,false,false,false,false,false,false,false,false,false
45318,SAMPLE,IDLE,true,0,0,0,0,0,160.0,160.0,0.0,0.0,0,0,0x801FABDC,true,false,false,false,false,false,false,false,false,false
45320,SAMPLE,IDLE,true,0,0,0,0,0,160.0,160.0,0.0,0.0,0,0,0x801FABDC,true,false,false,false,false,false,false,false,false,false
45322,SAMPLE,IDLE,true,0,0,0,0,0,160.0,160.0,0.0,0.0,0,0,0x801FABDC,true,false,false,false,false,false,false,false,false,false
45324,SAMPLE,IDLE,true,0,0,0,0,0,160.0,160.0,0.0,0.0,0,0,0x801FABDC,true,false,false,false,false,false,false,false,false,false
45326,SAMPLE,IDLE,true,0,0,0,0,0,160.0,160.0,0.0,0.0,0,0,0x801FABDC,true,false,false,false,false,false,false,false,false,false
45328,SAMPLE,IDLE,true,0,0,0,0,0,160.0,160.0,0.0,0.0,0,0,0x801FABDC,true,false,false,false,false,false,false,false,false,false
45330,SAMPLE,IDLE,true,0,0,0,0,0,160.0,160.0,0.0,0.0,0,0,0x801FABDC,true,false,false,false,false,false,false,false,false,false
45332,SAMPLE,IDLE,true,0,0,0,0,0,160.0,160.0,0.0,0.0,0,0,0x801FABDC,true,false,false,false,false,false,false,false,false,false
45334,SAMPLE,IDLE,true,0,0,0,0,0,160.0,160.0,0.0,0.0,0,0,0x801FABDC,true,false,false,false,false,false,false,false,false,false
45336,SAMPLE,IDLE,true,0,0,0,0,0,160.0,160.0,0.0,0.0,0,0,0x801FABDC,true,false,false,false,false,false,false,false,false,false
45338,SAMPLE,IDLE,true,0,0,0,0,0,160.0,160.0,0.0,0.0,0,0,0x801FABDC,true,false,false,false,false,false,false,false,false,false
45340,SAMPLE,IDLE,true,0,0,0,0,0,160.0,160.0,0.0,0.0,0,0,0x801FABDC,true,false,false,false,false,false,false,false,false,false
45342,SAMPLE,IDLE,true,0,0,0,0,0,160.0,160.0,0.0,0.0,0,0,0x801FABDC,true,false,false,false,false,false,false,false,false,false
45344,SAMPLE,IDLE,true,0,0,0,0,0,160.0,160.0,0.0,0.0,0,0,0x801FABDC,true,false,false,false,false,false,false,false,false,false
45346,SAMPLE,IDLE,true,0,0,0,0,0,160.0,160.0,0.0,0.0,0,0,0x801FABDC,true,false,false,false,false,false,false,false,false,false
45348,SAMPLE,IDLE,true,0,0,0,0,0,160.0,160.0,0.0,0.0,0,0,0x801FABDC,true,false,false,false,false,false,false,false,false,false
45350,SAMPLE,IDLE,true,0,0,0,0,0,160.0,160.0,0.0,0.0,0,0,0x801FABDC,true,false,false,false,false,false,false,false,false,false
45352,SAMPLE,IDLE,true,0,0,0,0,0,160.0,160.0,0.0,0.0,0,0,0x801FABDC,true,false,false,false,false,false,false,false,false,false
45354,SAMPLE,IDLE,true,0,0,0,0,0,160.0,160.0,0.0,0.0,0,0,0x801FABDC,true,false,false,false,false,false,false,false,false,false
45356,SAMPLE,IDLE,true,0,0,0,0,0,160.0,160.0,0.0,0.0,0,0,0x801FABDC,true,false,false,false,false,false,false,false,false,false
45358,SAMPLE,IDLE,true,0,0,0,0,0,160.0,160.0,0.0,0.0,0,0,0x801FABDC,true,false,false,false,false,false,false,false,false,false
45360,SAMPLE,IDLE,true,0,0,0,0,0,160.0,160.0,0.0,0.0,0,0,0x801FABDC,true,false,false,false,false,false,false,false,false,false
45362,SAMPLE,IDLE,true,0,0,0,0,0,160.0,160.0,0.0,0.0,0,0,0x801FABDC,true,false,false,false,false,false,false,false,false,false
45364,SAMPLE,IDLE,true,0,0,0,0,0,160.0,160.0,0.0,0.0,0,0,0x801FABDC,true,false,false,false,false,false,false,false,false,false
45366,SAMPLE,IDLE,true,0,0,0,0,0,160.0,160.0,0.0,0.0,0,0,0x801FABDC,true,false,false,false,false,false,false,false,false,false
45368,SAMPLE,IDLE,true,0,0,0,0,0,160.0,160.0,0.0,0.0,0,0,0x801FABDC,true,false,false,false,false,false,false,false,false,false
45370,SAMPLE,IDLE,true,0,0,0,0,0,160.0,160.0,0.0,0.0,0,0,0x801FABDC,true,false,false,false,false,false,false,false,false,false
45372,SAMPLE,IDLE,true,0,0,0,0,0,160.0,160.0,0.0,0.0,0,0,0x801FABDC,true,false,false,false,false,false,false,false,false,false
45374,SAMPLE,IDLE,true,0,0,0,0,0,160.0,160.0,0.0,0.0,0,0,0x801FABDC,true,false,false,false,false,false,false,false,false,false
45376,SAMPLE,IDLE,true,0,0,0,0,0,160.0,160.0,0.0,0.0,0,0,0x801FABDC,true,false,false,false,false,false,false,false,false,false
45378,SAMPLE,IDLE,true,0,0,0,0,0,160.0,160.0,0.0,0.0,0,0,0x801FABDC,true,false,false,false,false,false,false,false,false,false
45380,SAMPLE,IDLE,true,0,0,0,0,0,160.0,160.0,0.0,0.0,0,0,0x801FABDC,true,false,false,false,false,false,false,false,false,false
45382,SAMPLE,IDLE,true,0,0,0,0,0,160.0,160.0,0.0,0.0,0,0,0x801FABDC,true,false,false,false,false,false,false,false,false,false
45384,SAMPLE,IDLE,true,0,0,0,0,0,160.0,160.0,0.0,0.0,0,0,0x801FABDC,true,false,false,false,false,false,false,false,false,false
45386,SAMPLE,IDLE,true,0,0,0,0,0,160.0,160.0,0.0,0.0,0,0,0x801FABDC,true,false,false,false,false,false,false,false,false,false
45388,SAMPLE,IDLE,true,0,0,0,0,0,160.0,160.0,0.0,0.0,0,0,0x801FABDC,true,false,false,false,false,false,false,false,false,false
45390,SAMPLE,IDLE,true,0,0,0,0,0,160.0,160.0,0.0,0.0,0,0,0x801FABDC,true,false,false,false,false,false,false,false,false,false
45392,SAMPLE,IDLE,true,0,0,0,0,0,160.0,160.0,0.0,0.0,0,0,0x801FABDC,true,false,false,false,false,false,false,false,false,false
45394,SAMPLE,IDLE,true,0,0,0,0,0,160.0,160.0,0.0,0.0,0,0,0x801FABDC,true,false,false,false,false,false,false,false,false,false
45396,SAMPLE,IDLE,true,0,0,0,0,0,160.0,160.0,0.0,0.0,0,0,0x801FABDC,true,false,false,false,false,false,false,false,false,false
45398,SAMPLE,IDLE,true,0,0,0,0,0,160.0,160.0,0.0,0.0,0,0,0x801FABDC,true,false,false,false,false,false,false,false,false,false
45400,SAMPLE,IDLE,true,0,0,0,0,0,160.0,160.0,0.0,0.0,0,0,0x801FABDC,true,false,false,false,false,false,false,false,false,false
45402,SAMPLE,IDLE,true,0,0,0,0,0,160.0,160.0,0.0,0.0,0,0,0x801FABDC,true,false,false,false,false,false,false,false,false,false
45404,SAMPLE,IDLE,true,0,0,0,0,0,160.0,160.0,0.0,0.0,0,0,0x801FABDC,true,false,false,false,false,false,false,false,false,false
45406,SAMPLE,IDLE,true,0,0,0,0,0,160.0,160.0,0.0,0.0,0,0,0x801FABDC,true,false,false,false,false,false,false,false,false,false
45408,SAMPLE,IDLE,true,0,0,0,0,0,160.0,160.0,0.0,0.0,0,0,0x801FABDC,true,false,false,false,false,false,false,false,false,false
45410,SAMPLE,IDLE,true,0,0,0,0,0,160.0,160.0,0.0,0.0,0,0,0x801FABDC,true,false,false,false,false,false,false,false,false,false
45412,SAMPLE,IDLE,true,0,0,0,0,0,160.0,160.0,0.0,0.0,0,0,0x801FABDC,true,false,false,false,false,false,false,false,false,false
45414,SAMPLE,IDLE,true,0,0,0,0,0,160.0,160.0,0.0,0.0,0,0,0x801FABDC,true,false,false,false,false,false,false,false,false,false
45416,SAMPLE,IDLE,true,0,0,0,0,0,160.0,160.0,0.0,0.0,0,0,0x801FABDC,true,false,false,false,false,false,false,false,false,false
45418,SAMPLE,IDLE,true,0,0,0,0,0,160.0,160.0,0.0,0.0,0,0,0x801FABDC,true,false,false,false,false,false,false,false,false,false
45420,SAMPLE,IDLE,true,0,0,0,0,0,160.0,160.0,0.0,0.0,0,0,0x801FABDC,true,false,false,false,false,false,false,false,false,false
45422,SAMPLE,IDLE,true,0,0,0,0,0,160.0,160.0,0.0,0.0,0,0,0x801FABDC,true,false,false,false,false,false,false,false,false,false
45424,SAMPLE,IDLE,true,0,0,0,0,0,160.0,160.0,0.0,0.0,0,0,0x801FABDC,true,false,false,false,false,false,false,false,false,false
45426,SAMPLE,IDLE,true,0,0,0,0,0,160.0,160.0,0.0,0.0,0,0,0x801FABDC,true,false,false,false,false,false,false,false,false,false
45428,SAMPLE,IDLE,true,0,0,0,0,0,160.0,160.0,0.0,0.0,0,0,0x801FABDC,true,false,false,false,false,false,false,false,false,false
45430,SAMPLE,IDLE,true,0,0,0,0,0,160.0,160.0,0.0,0.0,0,0,0x801FABDC,true,false,false,false,false,false,false,false,false,false
45432,SAMPLE,IDLE,true,0,0,0,0,0,160.0,160.0,0.0,0.0,0,0,0x801FABDC,true,false,false,false,false,false,false,false,false,false
45434,SAMPLE,IDLE,true,0,0,0,0,0,160.0,160.0,0.0,0.0,0,0,0x801FABDC,true,false,false,false,false,false,false,false,false,false
45436,SAMPLE,IDLE,true,0,0,0,0,0,160.0,160.0,0.0,0.0,0,0,0x801FABDC,true,false,false,false,false,false,false,false,false,false
45438,SAMPLE,IDLE,true,0,0,0,0,0,160.0,160.0,0.0,0.0,0,0,0x801FABDC,true,false,false,false,false,false,false,false,false,false
45440,SAMPLE,IDLE,true,0,0,0,0,0,160.0,160.0,0.0,0.0,0,0,0x801FABDC,true,false,false,false,false,false,false,false,false,false
45442,SAMPLE,IDLE,true,0,0,0,0,0,160.0,160.0,0.0,0.0,0,0,0x801FABDC,true,false,false,false,false,false,false,false,false,false
45444,SAMPLE,IDLE,true,0,0,0,0,0,160.0,160.0,0.0,0.0,0,0,0x801FABDC,true,false,false,false,false,false,false,false,false,false
45446,SAMPLE,IDLE,true,0,0,0,0,0,160.0,160.0,0.0,0.0,0,0,0x801FABDC,true,false,false,false,false,false,false,false,false,false
45448,SAMPLE,IDLE,true,0,0,0,0,0,160.0,160.0,0.0,0.0,0,0,0x801FABDC,true,false,false,false,false,false,false,false,false,false
45450,SAMPLE,IDLE,true,0,0,0,0,0,160.0,160.0,0.0,0.0,0,0,0x801FABDC,true,false,false,false,false,false,false,false,false,false
45452,SAMPLE,IDLE,true,0,0,0,0,0,160.0,160.0,0.0,0.0,0,0,0x801FABDC,true,false,false,false,false,false,false,false,false,false
45454,ACQUIRED,TRACKING,true,0,45,0,0,0,147.50079345703,147.50079345703,-65.463096618652,0.06545877456665,0,0,0x801FABDC,false,true,true,true,false,false,false,false,false,false
45454,SAMPLE,TRACKING,true,0,45,0,0,0,147.50079345703,147.50079345703,-65.463096618652,0.06545877456665,0,0,0x801FABDC,false,true,true,true,false,false,false,false,false,false
45456,SAMPLE,TRACKING,true,0,45,0,0,0,138.25639343262,138.25639343262,-113.38831329346,0.11358821392059,0,0,0x801FABDC,false,true,true,true,false,false,false,false,false,false
45458,SAMPLE,TRACKING,true,0,45,0,0,0,138.25639343262,138.25639343262,-113.38831329346,0.11358821392059,0,0,0x801FABDC,false,true,true,true,false,false,false,false,false,false
45460,SAMPLE,TRACKING,true,0,45,0,0,0,131.41923522949,131.41923522949,-148.35021972656,0.14882242679596,0,0,0x801FABDC,false,true,true,true,false,false,false,false,false,false
45462,SAMPLE,TRACKING,true,0,45,0,0,0,126.36245727539,126.36245727539,-173.86239624023,0.17470872402191,0,0,0x801FABDC,false,true,true,true,false,false,false,false,false,false
45464,SAMPLE,TRACKING,true,0,45,0,0,0,135.12167358398,135.12167358398,-129.47817993164,0.12979114055634,0,0,0x801FABDC,false,true,true,true,false,false,false,false,false,false
45466,SAMPLE,TRACKING,true,0,45,0,0,0,141.59999084473,141.59999084473,-96.127754211426,0.096234798431396,0,0,0x801FABDC,false,true,true,true,false,false,false,false,false,false
45468,SAMPLE,TRACKING,true,0,45,0,0,0,146.39135742188,146.39135742188,-71.245338439941,0.071259260177612,0,0,0x801FABDC,false,true,true,true,false,false,false,false,false,false
45470,SAMPLE,TRACKING,true,0,45,0,0,0,149.93504333496,149.93504333496,-52.753757476807,0.052755355834961,0,0,0x801FABDC,false,true,true,true,false,false,false,false,false,false
45472,SAMPLE,TRACKING,true,0,45,0,0,0,152.55595397949,152.55595397949,-39.041316986084,0.038997292518616,0,0,0x801FABDC,false,true,true,true,false,false,false,false,false,false
45474,SAMPLE,TRACKING,true,0,45,0,0,0,152.55595397949,152.55595397949,-39.041316986084,0.038997292518616,0,0,0x801FABDC,false,true,true,true,false,false,false,false,false,false
45476,SAMPLE,TRACKING,true,0,45,0,0,0,154.49438476563,154.49438476563,-28.884925842285,0.028834581375122,0,0,0x801FABDC,false,true,true,true,false,false,false,false,false,false
45478,SAMPLE,TRACKING,true,0,45,0,0,0,155.92805480957,155.92805480957,-21.367286682129,0.021308302879333,0,0,0x801FABDC,false,true,true,true,false,false,false,false,false,false
45480,SAMPLE,TRACKING,true,0,43,0,0,0,156.98838806152,156.98838806152,-15.804885864258,0.015747547149658,0,0,0x801FABDC,false,false,false,false,false,false,false,false,false,false
45482,AUTO_SHOT,FIRED,true,1,42,2,0,0,157.77261352539,157.77261352539,-11.689947128296,0.011624813079834,0,0,0x801FABDC,true,false,false,false,false,false,false,false,false,false
45482,SAMPLE,FIRED,true,1,42,2,0,0,157.77261352539,157.77261352539,-11.689947128296,0.011624813079834,0,0,0x801FABDC,true,false,false,false,false,false,false,false,false,false
45484,SAMPLE,WAITING_RESULT,true,1,42,2,1,0,158.35261535645,158.35261535645,-8.646203994751,0.0086047649383545,0,0,0x801FABDC,true,false,false,false,false,false,false,false,false,false
45486,SAMPLE,WAITING_RESULT,true,1,42,2,3,0,158.95217895508,158.95217895508,-5.4995503425598,0.0054409503936768,0,0,0x801FABDC,true,false,false,false,false,false,false,false,false,false
45488,SAMPLE,WAITING_RESULT,true,1,42,2,5,0,159.2250213623,159.2250213623,-4.0675492286682,0.0040026903152466,0,0,0x801FABDC,true,false,false,false,false,false,false,false,false,false
45490,SAMPLE,WAITING_RESULT,true,1,42,2,7,0,159.2250213623,159.2250213623,-4.0675492286682,0.0040026903152466,0,0,0x801FABDC,true,false,false,false,false,false,false,false,false,false
45492,SAMPLE,WAITING_RESULT,true,1,42,2,9,0,159.42683410645,159.42683410645,-3.0083270072937,0.0029481649398804,0,0,0x801FABDC,true,false,false,false,false,false,false,false,false,false
45494,SAMPLE,WAITING_RESULT,true,1,42,2,11,0,159.57608032227,159.57608032227,-2.2249956130981,0.0021332502365112,0,0,0x801FABDC,true,false,false,false,false,false,false,false,false,false
45496,SAMPLE,WAITING_RESULT,true,1,42,2,13,0,159.68647766113,159.68647766113,-1.6455632448196,0.0015579462051392,0,0,0x801FABDC,true,false,false,false,false,false,false,false,false,false
45498,SAMPLE,WAITING_RESULT,true,1,42,2,15,0,159.76811218262,159.76811218262,-1.2170944213867,0.0011265277862549,0,0,0x801FABDC,true,false,false,false,false,false,false,false,false,false
45500,SAMPLE,WAITING_RESULT,true,1,42,2,17,0,159.85250854492,159.85250854492,-0.77412909269333,0.00069510936737061,0,0,0x801FABDC,true,false,false,false,false,false,false,false,false,false
45502,SAMPLE,WAITING_RESULT,true,1,42,2,19,0,159.85250854492,159.85250854492,-0.77412909269333,0.00069510936737061,0,0,0x801FABDC,true,false,false,false,false,false,false,false,false,false
45504,SAMPLE,WAITING_RESULT,true,1,42,2,21,0,159.89091491699,159.89091491699,-0.57254803180695,0.0005033016204834,0,0,0x801FABDC,true,false,false,false,false,false,false,false,false,false
45506,SAMPLE,WAITING_RESULT,true,1,42,2,23,0,159.91932678223,159.91932678223,-0.4234245121479,0.00035953521728516,0,0,0x801FABDC,true,false,false,false,false,false,false,false,false,false
45508,SAMPLE,WAITING_RESULT,true,1,42,2,25,0,159.94032287598,159.94032287598,-0.3132236301899,0.00026369094848633,0,0,0x801FABDC,true,false,false,false,false,false,false,false,false,false
45510,SAMPLE,WAITING_RESULT,true,1,42,2,27,0,159.95587158203,159.95587158203,-0.23161409795284,0.00016772747039795,0,0,0x801FABDC,true,false,false,false,false,false,false,false,false,false
45512,SAMPLE,WAITING_RESULT,true,1,42,2,29,0,159.9673614502,159.9673614502,-0.17130793631077,0.00011980533599854,0,0,0x801FABDC,true,false,false,false,false,false,false,false,false,false
45514,SAMPLE,WAITING_RESULT,true,1,42,2,31,0,159.9758605957,159.9758605957,-0.126699000597,7.1883201599121e-05,0,0,0x801FABDC,true,false,false,false,false,false,false,false,false,false
45516,SAMPLE,WAITING_RESULT,true,1,42,2,33,0,159.9821472168,159.9821472168,-0.093702800571918,2.3961067199707e-05,0,0,0x801FABDC,true,false,false,false,false,false,false,false,false,false
45518,SAMPLE,WAITING_RESULT,true,1,42,2,35,0,159.98680114746,159.98680114746,-0.069275997579098,2.3961067199707e-05,0,0,0x801FABDC,true,false,false,false,false,false,false,false,false,false
45520,SAMPLE,WAITING_RESULT,true,1,42,2,37,0,159.98680114746,159.98680114746,-0.069275997579098,2.3961067199707e-05,0,0,0x801FABDC,true,false,false,false,false,false,false,false,false,false
45522,SAMPLE,WAITING_RESULT,true,1,42,2,39,0,159.990234375,159.990234375,-0.051256231963634,-2.3841857910156e-05,0,0,0x801FABDC,true,false,false,false,false,false,false,false,false,false
45524,SAMPLE,WAITING_RESULT,true,1,42,2,41,0,159.99278259277,159.99278259277,-0.037881560623646,-2.3841857910156e-05,0,0,0x801FABDC,true,false,false,false,false,false,false,false,false,false
45526,SAMPLE,WAITING_RESULT,true,1,42,2,43,0,159.99465942383,159.99465942383,-0.028030753135681,-2.3841857910156e-05,0,0,0x801FABDC,true,false,false,false,false,false,false,false,false,false
45528,SAMPLE,WAITING_RESULT,true,1,42,2,45,0,159.99604797363,159.99604797363,-0.020742757245898,-2.3841857910156e-05,0,0,0x801FABDC,true,false,false,false,false,false,false,false,false,false
45530,SAMPLE,WAITING_RESULT,true,1,42,2,47,0,148.14553833008,148.14553833008,-62.097877502441,0.062103271484375,0,0,0x801FABDC,false,true,true,true,false,false,false,false,false,false
45532,SAMPLE,WAITING_RESULT,true,1,42,2,49,0,139.56100463867,139.56100463867,-106.65709686279,0.10682904720306,0,0,0x801FABDC,false,true,true,true,false,false,false,false,false,false
45534,SAMPLE,WAITING_RESULT,true,1,42,2,51,0,133.49932861328,133.49932861328,-137.75375366211,0.13818025588989,0,0,0x801FABDC,false,true,true,true,false,false,false,false,false,false
45536,SAMPLE,WAITING_RESULT,true,1,42,2,53,0,133.49932861328,133.49932861328,-137.75375366211,0.13818025588989,0,0,0x801FABDC,false,true,true,true,false,false,false,false,false,false
45538,SAMPLE,WAITING_RESULT,true,1,42,2,55,0,129.41508483887,129.41508483887,-158.48828125,0.15912890434265,0,0,0x801FABDC,false,true,true,true,false,false,false,false,false,false
45540,SAMPLE,WAITING_RESULT,true,1,42,2,57,0,126.91709136963,126.91709136963,-171.07325744629,0.17188036441803,0,0,0x801FABDC,false,true,true,true,false,false,false,false,false,false
45542,SAMPLE,WAITING_RESULT,true,1,42,2,59,0,125.59071350098,125.59071350098,-177.72303771973,0.17863965034485,0,0,0x801FABDC,false,true,true,true,false,false,false,false,false,false
45544,SAMPLE,WAITING_RESULT,true,1,42,2,61,0,125.17044067383,125.17044067383,-179.82518005371,0.18079674243927,0,0,0x801FABDC,false,true,true,true,false,false,false,false,false,false
45546,SAMPLE,WAITING_RESULT,true,1,42,2,63,0,125.43341064453,125.43341064453,-178.51063537598,0.17945456504822,0,0,0x801FABDC,false,true,true,true,false,false,false,false,false,false
45548,SAMPLE,WAITING_RESULT,true,1,42,2,65,0,126.23491668701,126.23491668701,-174.49723815918,0.17533183097839,0,0,0x801FABDC,false,true,true,true,false,false,false,false,false,false
45550,SAMPLE,WAITING_RESULT,true,1,42,2,67,0,126.23491668701,126.23491668701,-174.49723815918,0.17533183097839,0,0,0x801FABDC,false,true,true,true,false,false,false,false,false,false
45552,SAMPLE,WAITING_RESULT,true,1,42,2,69,0,127.51992797852,127.51992797852,-168.04434204102,0.16881239414215,0,0,0x801FABDC,false,true,true,true,false,false,false,false,false,false
45554,SAMPLE,WAITING_RESULT,true,1,42,2,71,0,129.22235107422,129.22235107422,-159.46321105957,0.16008770465851,0,0,0x801FABDC,false,true,true,true,false,false,false,false,false,false
45556,SAMPLE,WAITING_RESULT,true,1,42,2,73,0,131.28123474121,131.28123474121,-149.04048156738,0.14954137802124,0,0,0x801FABDC,false,true,true,true,false,false,false,false,false,false
45558,SAMPLE,WAITING_RESULT,true,1,42,2,75,0,133.61441040039,133.61441040039,-137.1706237793,0.13755714893341,0,0,0x801FABDC,false,true,true,true,false,false,false,false,false,false
45560,SAMPLE,WAITING_RESULT,true,1,42,2,77,0,136.1481628418,136.1481628418,-124.21405792236,0.12451803684235,0,0,0x801FABDC,false,true,true,true,false,false,false,false,false,false
45562,SAMPLE,WAITING_RESULT,true,1,42,2,79,0,139.93711853027,139.93711853027,-104.72192382813,0.10486352443695,0,0,0x801FABDC,false,true,true,true,false,false,false,false,false,false
45564,SAMPLE,WAITING_RESULT,true,1,42,2,81,0,139.93711853027,139.93711853027,-104.72192382813,0.10486352443695,0,0,0x801FABDC,false,true,true,true,false,false,false,false,false,false
45566,SAMPLE,WAITING_RESULT,true,1,42,2,83,0,144.10670471191,144.10670471191,-83.129417419434,0.083195805549622,0,0,0x801FABDC,false,true,true,true,false,false,false,false,false,false
45568,SAMPLE,WAITING_RESULT,true,1,42,2,85,0,147.20199584961,147.20199584961,-67.020645141602,0.067040801048279,0,0,0x801FABDC,false,true,true,true,false,false,false,false,false,false
45570,SAMPLE,WAITING_RESULT,true,1,42,2,87,0,150.29804992676,150.29804992676,-50.855251312256,0.050837755203247,0,0,0x801FABDC,false,true,true,true,false,false,false,false,false,false
45572,SAMPLE,WAITING_RESULT,true,1,42,2,89,0,152.50057983398,152.50057983398,-39.330505371094,0.039284944534302,0,0,0x801FABDC,false,true,true,true,false,false,false,false,false,false
45573,SHOT_FAILED,SHOT_FAILED,true,1,42,2,90,0,152.50057983398,152.50057983398,-39.330505371094,0.039284944534302,0,0,0x801FABDC,false,true,true,true,false,false,false,false,false,false
45574,SAMPLE,IDLE,true,1,0,0,90,0,154.04277038574,154.04277038574,-31.251525878906,0.03123140335083,0,0,0x801FABDC,false,true,true,true,false,false,false,false,false,false
45575,ACQUIRED,TRACKING,true,1,45,0,0,0,154.04277038574,154.04277038574,-31.251525878906,0.03123140335083,0,0,0x801FABDC,false,true,true,true,false,false,false,false,false,false
45576,SAMPLE,TRACKING,true,1,45,0,0,0,155.72578430176,155.72578430176,-22.427942276001,0.022362947463989,0,0,0x801FABDC,false,true,true,true,false,false,false,false,false,false
45578,SAMPLE,TRACKING,true,1,45,0,0,0,155.72578430176,155.72578430176,-22.427942276001,0.022362947463989,0,0,0x801FABDC,false,true,true,true,false,false,false,false,false,false
45580,AUTO_SHOT,FIRED,true,2,44,2,0,0,157.5167388916,157.5167388916,-13.032565116882,0.012967228889465,0,0,0x801FABDC,true,false,false,false,false,false,false,false,false,false
45580,SAMPLE,FIRED,true,2,44,2,0,0,157.5167388916,157.5167388916,-13.032565116882,0.012967228889465,0,0,0x801FABDC,true,false,false,false,false,false,false,false,false,false
45582,SAMPLE,WAITING_RESULT,true,2,44,2,1,0,159.82933044434,159.82933044434,-0.89577931165695,0.00083887577056885,0,0,0x801FABDC,true,false,false,false,false,false,false,false,false,false
45584,SAMPLE,WAITING_RESULT,true,2,44,2,3,0,161.79254150391,161.79254150391,9.4079246520996,-0.0093717575073242,0,0,0x801FABDC,true,false,false,false,false,false,false,false,false,false
45586,SAMPLE,WAITING_RESULT,true,2,44,2,5,0,162.73416137695,162.73416137695,14.349038124084,-0.014309406280518,0,0,0x801FABDC,true,false,false,false,false,false,false,false,false,false
45588,SAMPLE,WAITING_RESULT,true,2,44,2,7,0,163.4270324707,163.4270324707,17.984186172485,-0.017952442169189,0,0,0x801FABDC,false,false,false,false,false,false,false,false,false,false
45590,SAMPLE,WAITING_RESULT,true,2,44,2,9,0,163.4270324707,163.4270324707,17.984186172485,-0.017952442169189,0,0,0x801FABDC,false,false,false,false,false,false,false,false,false,false
45592,SAMPLE,WAITING_RESULT,true,2,44,2,11,0,163.89430236816,163.89430236816,20.435314178467,-0.020349502563477,0,0,0x801FABDC,false,true,true,true,false,false,false,false,false,false
45594,SAMPLE,WAITING_RESULT,true,2,44,2,13,0,164.28016662598,164.28016662598,22.459133148193,-0.022363185882568,0,0,0x801FABDC,false,true,true,true,false,false,false,false,false,false
45596,SAMPLE,WAITING_RESULT,true,2,44,2,15,0,164.62716674805,164.62716674805,24.278871536255,-0.024232387542725,0,0,0x801FABDC,false,true,true,true,false,false,false,false,false,false
45598,SAMPLE,WAITING_RESULT,true,2,44,2,17,0,164.94010925293,164.94010925293,25.91979598999,-0.025862216949463,0,0,0x801FABDC,false,true,true,true,false,false,false,false,false,false
45600,SAMPLE,WAITING_RESULT,true,2,44,2,19,0,165.3812713623,165.3812713623,28.232654571533,-0.028163433074951,0,0,0x801FABDC,false,true,true,true,false,false,false,false,false,false
45602,SAMPLE,WAITING_RESULT,true,2,44,2,21,0,165.88385009766,165.88385009766,30.866895675659,-0.028163433074951,0,0,0x801FABDC,false,true,true,true,false,false,false,false,false,false
45604,SAMPLE,WAITING_RESULT,true,2,44,2,23,0,165.88385009766,165.88385009766,30.866895675659,-0.030799865722656,0,0,0x801FABDC,false,true,true,true,false,false,false,false,false,false
45606,SAMPLE,WAITING_RESULT,true,2,44,2,25,0,166.21131896973,166.21131896973,32.582901000977,-0.032525539398193,0,0,0x801FABDC,false,true,true,true,false,false,false,false,false,false
45608,SAMPLE,WAITING_RESULT,true,2,44,2,27,0,166.48046875,166.48046875,33.993068695068,-0.033915996551514,0,0,0x801FABDC,false,true,true,true,false,false,false,false,false,false
45610,SAMPLE,WAITING_RESULT,true,2,44,2,29,0,166.64079284668,166.64079284668,34.832889556885,-0.034779071807861,0,0,0x801FABDC,false,true,true,true,false,false,false,false,false,false
45612,SAMPLE,WAITING_RESULT,true,2,44,2,31,0,166.69151306152,166.69151306152,35.098442077637,-0.035066604614258,0,0,0x801FABDC,false,true,true,true,false,false,false,false,false,false
45614,SAMPLE,WAITING_RESULT,true,2,44,2,33,0,166.66734313965,166.66734313965,34.971649169922,-0.03492259979248,0,0,0x801FABDC,false,true,true,true,false,false,false,false,false,false
45616,SAMPLE,WAITING_RESULT,true,2,44,2,35,0,166.65005493164,166.65005493164,34.880973815918,-0.034826755523682,0,0,0x801FABDC,false,true,true,true,false,false,false,false,false,false
45618,SAMPLE,WAITING_RESULT,true,2,44,2,37,0,166.65005493164,166.65005493164,34.880973815918,-0.034826755523682,0,0,0x801FABDC,false,true,true,true,false,false,false,false,false,false
45620,SAMPLE,WAITING_RESULT,true,2,44,2,39,0,166.58488464355,166.58488464355,34.539432525635,-0.034491062164307,0,0,0x801FABDC,false,true,true,true,false,false,false,false,false,false
45622,SAMPLE,WAITING_RESULT,true,2,44,2,41,0,166.48541259766,166.48541259766,34.018043518066,-0.033963680267334,0,0,0x801FABDC,false,true,true,true,false,false,false,false,false,false
45624,SAMPLE,WAITING_RESULT,true,2,44,2,43,0,166.42004394531,166.42004394531,33.67525100708,-0.033627986907959,0,0,0x801FABDC,false,true,true,true,false,false,false,false,false,false
45626,SAMPLE,WAITING_RESULT,true,2,44,2,45,0,166.44221496582,166.44221496582,33.790985107422,-0.033771991729736,0,0,0x801FABDC,false,true,true,true,false,false,false,false,false,false
45628,SAMPLE,WAITING_RESULT,true,2,44,2,47,0,166.51635742188,166.51635742188,34.178775787354,-0.034155368804932,0,0,0x801FABDC,false,true,true,true,false,false,false,false,false,false
45630,SAMPLE,WAITING_RESULT,true,2,44,2,49,0,166.65379333496,166.65379333496,34.898380279541,-0.034874439239502,0,0,0x801FABDC,false,true,true,true,false,false,false,false,false,false
45632,SAMPLE,WAITING_RESULT,true,2,44,2,51,0,166.65379333496,166.65379333496,34.898380279541,-0.034874439239502,0,0,0x801FABDC,false,true,true,true,false,false,false,false,false,false
45634,SAMPLE,WAITING_RESULT,true,2,44,2,53,0,166.81845092773,166.81845092773,35.760585784912,-0.035689830780029,0,0,0x801FABDC,false,true,true,true,false,false,false,false,false,false
45636,SAMPLE,WAITING_RESULT,true,2,44,2,55,0,166.98799133301,166.98799133301,36.648345947266,-0.036648273468018,0,0,0x801FABDC,false,true,true,true,false,false,false,false,false,false
45638,SAMPLE,WAITING_RESULT,true,2,44,2,57,0,167.16259765625,167.16259765625,37.562576293945,-0.037511348724365,0,0,0x801FABDC,false,true,true,true,false,false,false,false,false,false
45640,SAMPLE,WAITING_RESULT,true,2,44,2,59,0,167.46907043457,167.46907043457,39.166927337646,-0.039141178131104,0,0,0x801FABDC,false,true,true,true,false,false,false,false,false,false
45642,SAMPLE,WAITING_RESULT,true,2,44,2,61,0,167.76103210449,167.76103210449,40.694770812988,-0.040675163269043,0,0,0x801FABDC,false,true,true,true,false,false,false,false,false,false
45644,SAMPLE,WAITING_RESULT,true,2,44,2,63,0,167.99696350098,167.99696350098,41.929122924805,-0.040675163269043,0,0,0x801FABDC,false,true,true,true,false,false,false,false,false,false
45646,SAMPLE,WAITING_RESULT,true,2,44,2,65,0,167.99696350098,167.99696350098,41.929122924805,-0.041921138763428,0,0,0x801FABDC,false,true,true,true,false,false,false,false,false,false
45648,SAMPLE,WAITING_RESULT,true,2,44,2,67,0,168.22499084473,168.22499084473,43.12170791626,-0.04311990737915,0,0,0x801FABDC,false,true,true,true,false,false,false,false,false,false
45650,SAMPLE,WAITING_RESULT,true,2,44,2,69,0,168.43644714355,168.43644714355,44.227375030518,-0.044222354888916,0,0,0x801FABDC,false,true,true,true,false,false,false,false,false,false
45652,SAMPLE,WAITING_RESULT,true,2,44,2,71,0,168.73959350586,168.73959350586,45.811946868896,-0.045804500579834,0,0,0x801FABDC,false,true,true,true,false,false,false,false,false,false
45654,SAMPLE,WAITING_RESULT,true,2,44,2,73,0,169.16561889648,169.16561889648,48.037612915039,-0.048057556152344,0,0,0x801FABDC,false,true,true,true,false,false,false,false,false,false
45656,SAMPLE,WAITING_RESULT,true,2,44,2,75,0,169.35635375977,169.35635375977,49.033626556396,-0.048057556152344,0,0,0x801FABDC,false,true,true,true,false,false,false,false,false,false
45658,SAMPLE,WAITING_RESULT,true,2,44,2,77,0,169.35635375977,169.35635375977,49.033626556396,-0.049064159393311,0,0,0x801FABDC,false,true,true,true,false,false,false,false,false,false
45660,SAMPLE,WAITING_RESULT,true,2,44,2,79,0,169.47853088379,169.47853088379,49.67163848877,-0.049687385559082,0,0,0x801FABDC,false,true,true,true,false,false,false,false,false,false
45662,SAMPLE,WAITING_RESULT,true,2,44,2,81,0,169.53216552734,169.53216552734,49.951854705811,-0.049974918365479,0,0,0x801FABDC,false,true,true,true,false,false,false,false,false,false
45664,SAMPLE,WAITING_RESULT,true,2,44,2,83,0,169.52871704102,169.52871704102,49.933898925781,-0.049927234649658,0,0,0x801FABDC,false,true,true,true,false,false,false,false,false,false
45666,SAMPLE,WAITING_RESULT,true,2,44,2,85,0,169.47366333008,169.47366333008,49.646640777588,-0.049639225006104,0,0,0x801FABDC,false,true,true,true,false,false,false,false,false,false
45668,SAMPLE,WAITING_RESULT,true,2,44,2,87,0,169.47366333008,169.47366333008,49.646640777588,-0.049639225006104,0,0,0x801FABDC,false,true,true,true,false,false,false,false,false,false
45670,SAMPLE,WAITING_RESULT,true,2,44,2,89,0,169.37855529785,169.37855529785,49.150421142578,-0.049160003662109,0,0,0x801FABDC,false,true,true,true,false,false,false,false,false,false
45671,SHOT_FAILED,SHOT_FAILED,true,2,44,2,90,0,169.37855529785,169.37855529785,49.150421142578,-0.049160003662109,0,0,0x801FABDC,false,true,true,true,false,false,false,false,false,false
45672,COMPLETE_FAILED,COMPLETE,true,2,44,2,90,0,169.28099060059,169.28099060059,48.641098022461,-0.048632621765137,0,0,0x801FABDC,false,true,true,true,false,false,false,false,false,false
45672,SAMPLE,COMPLETE,false,2,44,2,90,0,169.28099060059,169.28099060059,48.641098022461,-0.048632621765137,0,0,0x801FABDC,false,true,true,true,false,false,false,false,false,false
45674,SAMPLE,COMPLETE,false,2,44,2,90,0,169.19787597656,169.19787597656,48.207229614258,-0.048249244689941,0,0,0x801FABDC,false,true,true,true,false,false,false,false,false,false
45676,SAMPLE,COMPLETE,false,2,44,2,90,0,169.15827941895,169.15827941895,48.000381469727,-0.048249244689941,0,0,0x801FABDC,false,true,true,true,false,false,false,false,false,false
45678,SAMPLE,COMPLETE,false,2,44,2,90,0,169.15827941895,169.15827941895,48.000381469727,-0.048009395599365,0,0,0x801FABDC,false,true,true,true,false,false,false,false,false,false
45680,SAMPLE,COMPLETE,false,2,44,2,90,0,169.13732910156,169.13732910156,47.890968322754,-0.047913551330566,0,0,0x801FABDC,false,true,true,true,false,false,false,false,false,false
45682,SAMPLE,COMPLETE,false,2,44,2,90,0,169.12910461426,169.12910461426,47.848033905029,-0.047865867614746,0,0,0x801FABDC,false,true,true,true,false,false,false,false,false,false
45684,SAMPLE,COMPLETE,false,2,44,2,90,0,169.12426757813,169.12426757813,47.822784423828,-0.047817707061768,0,0,0x801FABDC,false,true,true,true,false,false,false,false,false,false
45686,SAMPLE,COMPLETE,false,2,44,2,90,0,169.1298828125,169.1298828125,47.852214813232,-0.047865867614746,0,0,0x801FABDC,false,true,true,true,false,false,false,false,false,false
45688,SAMPLE,COMPLETE,false,2,44,2,90,0,169.1298828125,169.1298828125,47.852214813232,-0.047865867614746,0,0,0x801FABDC,false,true,true,true,false,false,false,false,false,false
45690,SAMPLE,COMPLETE,false,2,44,2,90,0,169.16220092773,169.16220092773,48.021167755127,-0.048009395599365,0,0,0x801FABDC,false,true,true,true,false,false,false,false,false,false
45692,SAMPLE,COMPLETE,false,2,44,2,90,0,169.20149230957,169.20149230957,48.226627349854,-0.048249244689941,0,0,0x801FABDC,false,true,true,true,false,false,false,false,false,false
45694,SAMPLE,COMPLETE,false,2,44,2,90,0,169.23458862305,169.23458862305,48.399784088135,-0.048392772674561,0,0,0x801FABDC,false,true,true,true,false,false,false,false,false,false
45696,SAMPLE,COMPLETE,false,2,44,2,90,0,169.25756835938,169.25756835938,48.520137786865,-0.048536777496338,0,0,0x801FABDC,false,true,true,true,false,false,false,false,false,false
45698,SAMPLE,COMPLETE,false,2,44,2,90,0,169.25756835938,169.25756835938,48.520137786865,-0.048536777496338,0,0,0x801FABDC,false,true,true,true,false,false,false,false,false,false
45700,SAMPLE,COMPLETE,false,2,44,2,90,0,169.28700256348,169.28700256348,48.674133300781,-0.048680782318115,0,0,0x801FABDC,false,true,true,true,false,false,false,false,false,false
45702,SAMPLE,COMPLETE,false,2,44,2,90,0,169.32850646973,169.32850646973,48.891090393066,-0.048920154571533,0,0,0x801FABDC,false,true,true,true,false,false,false,false,false,false
45704,SAMPLE,COMPLETE,false,2,44,2,90,0,169.36090087891,169.36090087891,49.06042098999,-0.049064159393311,0,0,0x801FABDC,false,true,true,true,false,false,false,false,false,false
45706,SAMPLE,COMPLETE,false,2,44,2,90,0,169.4044342041,169.4044342041,49.288150787354,-0.049303531646729,0,0,0x801FABDC,false,true,true,true,false,false,false,false,false,false
45708,SAMPLE,COMPLETE,false,2,44,2,90,0,169.4044342041,169.4044342041,49.288150787354,-0.049303531646729,0,0,0x801FABDC,false,true,true,true,false,false,false,false,false,false
45710,SAMPLE,COMPLETE,false,2,44,2,90,0,169.43606567383,169.43606567383,49.453536987305,-0.049447536468506,0,0,0x801FABDC,false,true,true,true,false,false,false,false,false,false
45712,SAMPLE,COMPLETE,false,2,44,2,90,0,169.45861816406,169.45861816406,49.571464538574,-0.049591541290283,0,0,0x801FABDC,false,true,true,true,false,false,false,false,false,false
45714,SAMPLE,COMPLETE,false,2,44,2,90,0,169.47415161133,169.47415161133,49.652698516846,-0.049639225006104,0,0,0x801FABDC,false,true,true,true,false,false,false,false,false,false
45716,SAMPLE,COMPLETE,false,2,44,2,90,0,169.49613952637,169.49613952637,49.767654418945,-0.049783229827881,0,0,0x801FABDC,false,true,true,true,false,false,false,false,false,false
45718,SAMPLE,COMPLETE,false,2,44,2,90,0,169.49613952637,169.49613952637,49.767654418945,-0.049783229827881,0,0,0x801FABDC,false,true,true,true,false,false,false,false,false,false
45720,SAMPLE,COMPLETE,false,2,44,2,90,0,169.51387023926,169.51387023926,49.860343933105,-0.04987907409668,0,0,0x801FABDC,false,true,true,true,false,false,false,false,false,false
45722,SAMPLE,COMPLETE,false,2,44,2,90,0,169.53315734863,169.53315734863,49.961193084717,-0.049974918365479,0,0,0x801FABDC,false,true,true,true,false,false,false,false,false,false
45724,SAMPLE,COMPLETE,false,2,44,2,90,0,169.55090332031,169.55090332031,50.0539894104,-0.050070762634277,0,0,0x801FABDC,false,true,true,true,false,false,false,false,false,false
45726,SAMPLE,COMPLETE,false,2,44,2,90,0,169.56967163086,169.56967163086,50.152198791504,-0.050166606903076,0,0,0x801FABDC,false,true,true,true,false,false,false,false,false,false
45728,SAMPLE,COMPLETE,false,2,44,2,90,0,169.58085632324,169.58085632324,50.210865020752,-0.050214767456055,0,0,0x801FABDC,false,true,true,true,false,false,false,false,false,false
45730,SAMPLE,COMPLETE,false,2,44,2,90,0,169.58085632324,169.58085632324,50.210865020752,-0.050214767456055,0,0,0x801FABDC,false,true,true,true,false,false,false,false,false,false
45732,SAMPLE,COMPLETE,false,2,44,2,90,0,169.59103393555,169.59103393555,50.264240264893,-0.050262451171875,0,0,0x801FABDC,false,true,true,true,false,false,false,false,false,false
45734,SAMPLE,COMPLETE,false,2,44,2,90,0,169.60572814941,169.60572814941,50.341194152832,-0.050310611724854,0,0,0x801FABDC,false,true,true,true,false,false,false,false,false,false
45736,SAMPLE,COMPLETE,false,2,44,2,90,0,169.62379455566,169.62379455566,50.435749053955,-0.050454616546631,0,0,0x801FABDC,false,true,true,true,false,false,false,false,false,false
45738,SAMPLE,COMPLETE,false,2,44,2,90,0,169.62382507324,169.62382507324,50.436637878418,-0.050454616546631,0,0,0x801FABDC,false,true,true,true,false,false,false,false,false,false
45740,SAMPLE,COMPLETE,false,2,44,2,90,0,169.62382507324,169.62382507324,50.436637878418,-0.050454616546631,0,0,0x801FABDC,false,true,true,true,false,false,false,false,false,false
45742,SAMPLE,COMPLETE,false,2,44,2,90,0,169.61558532715,169.61558532715,50.394950866699,-0.050406455993652,0,0,0x801FABDC,false,true,true,true,false,false,false,false,false,false
45744,SAMPLE,COMPLETE,false,2,44,2,90,0,169.65126037598,169.65126037598,50.583801269531,-0.05059814453125,0,0,0x801FABDC,false,true,true,true,false,false,false,false,false,false
45746,SAMPLE,COMPLETE,false,2,44,2,90,0,169.70442199707,169.70442199707,50.864959716797,-0.050837993621826,0,0,0x801FABDC,false,true,true,true,false,false,false,false,false,false
45748,SAMPLE,COMPLETE,false,2,44,2,90,0,169.66166687012,169.66166687012,50.643768310547,-0.050837993621826,0,0,0x801FABDC,false,true,true,true,false,false,false,false,false,false
45750,SAMPLE,COMPLETE,false,2,44,2,90,0,169.66166687012,169.66166687012,50.643768310547,-0.050646305084229,0,0,0x801FABDC,false,true,true,true,false,false,false,false,false,false
45752,SAMPLE,COMPLETE,false,2,44,2,90,0,169.47540283203,169.47540283203,49.671081542969,-0.049639225006104,0,0,0x801FABDC,false,true,true,true,false,false,false,false,false,false
45754,SAMPLE,COMPLETE,false,2,44,2,90,0,169.25802612305,169.25802612305,48.534679412842,-0.048536777496338,0,0,0x801FABDC,false,true,true,true,false,false,false,false,false,false
45756,SAMPLE,COMPLETE,false,2,44,2,90,0,168.90664672852,168.90664672852,46.69669342041,-0.046715259552002,0,0,0x801FABDC,false,true,true,true,false,false,false,false,false,false
45758,SAMPLE,COMPLETE,false,2,44,2,90,0,168.90664672852,168.90664672852,46.69669342041,-0.046715259552002,0,0,0x801FABDC,false,true,true,true,false,false,false,false,false,false
45760,SAMPLE,COMPLETE,false,2,44,2,90,0,168.44473266602,168.44473266602,44.279174804688,-0.044270515441895,0,0,0x801FABDC,false,true,true,true,false,false,false,false,false,false
45762,SAMPLE,COMPLETE,false,2,44,2,90,0,167.86405944824,167.86405944824,41.238571166992,-0.041202068328857,0,0,0x801FABDC,false,true,true,true,false,false,false,false,false,false
45764,SAMPLE,COMPLETE,false,2,44,2,90,0,167.50886535645,167.50886535645,39.377922058105,-0.039332866668701,0,0,0x801FABDC,false,true,true,true,false,false,false,false,false,false
45766,SAMPLE,COMPLETE,false,2,44,2,90,0,167.12414550781,167.12414550781,37.361930847168,-0.037319660186768,0,0,0x801FABDC,false,true,true,true,false,false,false,false,false,false
45768,SAMPLE,COMPLETE,false,2,44,2,90,0,167.12414550781,167.12414550781,37.361930847168,-0.037319660186768,0,0,0x801FABDC,false,true,true,true,false,false,false,false,false,false
45770,SAMPLE,COMPLETE,false,2,44,2,90,0,166.90521240234,166.90521240234,36.214614868164,-0.036169052124023,0,0,0x801FABDC,false,true,true,true,false,false,false,false,false,false
45772,SAMPLE,COMPLETE,false,2,44,2,90,0,166.80218505859,166.80218505859,35.674926757813,-0.035641670227051,0,0,0x801FABDC,false,true,true,true,false,false,false,false,false,false
45774,SAMPLE,COMPLETE,false,2,44,2,90,0,166.67356872559,166.67356872559,35.001403808594,-0.034970760345459,0,0,0x801FABDC,false,true,true,true,false,false,false,false,false,false
45776,SAMPLE,COMPLETE,false,2,44,2,90,0,166.62014770508,166.62014770508,34.721820831299,-0.034682750701904,0,0,0x801FABDC,false,true,true,true,false,false,false,false,false,false
45778,SAMPLE,COMPLETE,false,2,44,2,90,0,166.62014770508,166.62014770508,34.721820831299,-0.034682750701904,0,0,0x801FABDC,false,true,true,true,false,false,false,false,false,false
45780,SAMPLE,COMPLETE,false,2,44,2,90,0,166.62477111816,166.62477111816,34.746150970459,-0.034682750701904,0,0,0x801FABDC,false,true,true,true,false,false,false,false,false,false
45782,SAMPLE,COMPLETE,false,2,44,2,90,0,166.6037902832,166.6037902832,34.636486053467,-0.034586906433105,0,0,0x801FABDC,false,true,true,true,false,false,false,false,false,false
45784,SAMPLE,COMPLETE,false,2,44,2,90,0,166.45092773438,166.45092773438,33.836074829102,-0.033771991729736,0,0,0x801FABDC,false,true,true,true,false,false,false,false,false,false
45786,SAMPLE,COMPLETE,false,2,44,2,90,0,166.29875183105,166.29875183105,33.039089202881,-0.033005237579346,0,0,0x801FABDC,false,true,true,true,false,false,false,false,false,false
45788,SAMPLE,COMPLETE,false,2,44,2,90,0,166.29875183105,166.29875183105,33.039089202881,-0.033005237579346,0,0,0x801FABDC,false,true,true,true,false,false,false,false,false,false
45790,SAMPLE,COMPLETE,false,2,44,2,90,0,166.08734130859,166.08734130859,31.931636810303,-0.031902313232422,0,0,0x801FABDC,false,true,true,true,false,false,false,false,false,false
45792,SAMPLE,COMPLETE,false,2,44,2,90,0,165.86840820313,165.86840820313,30.784509658813,-0.030704021453857,0,0,0x801FABDC,false,true,true,true,false,false,false,false,false,false
45794,SAMPLE,COMPLETE,false,2,44,2,90,0,165.68670654297,165.68670654297,29.83217048645,-0.029793262481689,0,0,0x801FABDC,false,true,true,true,false,false,false,false,false,false
45796,SAMPLE,COMPLETE,false,2,44,2,90,0,165.51617431641,165.51617431641,28.938318252563,-0.028882503509521,0,0,0x801FABDC,false,true,true,true,false,false,false,false,false,false
45798,SAMPLE,COMPLETE,false,2,44,2,90,0,165.48820495605,165.48820495605,28.791790008545,-0.028882503509521,0,0,0x801FABDC,false,true,true,true,false,false,false,false,false,false
45800,SAMPLE,COMPLETE,false,2,44,2,90,0,165.48820495605,165.48820495605,28.791790008545,-0.028738498687744,0,0,0x801FABDC,false,true,true,true,false,false,false,false,false,false
45802,SAMPLE,COMPLETE,false,2,44,2,90,0,165.49337768555,165.49337768555,28.818983078003,-0.028786659240723,0,0,0x801FABDC,false,true,true,true,false,false,false,false,false,false
45804,SAMPLE,COMPLETE,false,2,44,2,90,0,165.50028991699,165.50028991699,28.855449676514,-0.028786659240723,0,0,0x801FABDC,false,true,true,true,false,false,false,false,false,false
45806,SAMPLE,COMPLETE,false,2,44,2,90,0,165.49189758301,165.49189758301,28.811754226685,-0.028786659240723,0,0,0x801FABDC,false,true,true,true,false,false,false,false,false,false
45808,SAMPLE,COMPLETE,false,2,44,2,90,0,165.47096252441,165.47096252441,28.702423095703,-0.028642654418945,0,0,0x801FABDC,false,true,true,true,false,false,false,false,false,false
45810,SAMPLE,COMPLETE,false,2,44,2,90,0,165.45440673828,165.45440673828,28.615900039673,-0.028546810150146,0,0,0x801FABDC,false,true,true,true,false,false,false,false,false,false
45812,SAMPLE,COMPLETE,false,2,44,2,90,0,165.43891906738,165.43891906738,28.534925460815,-0.028546810150146,0,0,0x801FABDC,false,true,true,true,false,false,false,false,false,false
45814,SAMPLE,COMPLETE,false,2,44,2,90,0,165.43891906738,165.43891906738,28.534925460815,-0.028499126434326,0,0,0x801FABDC,false,true,true,true,false,false,false,false,false,false
45816,SAMPLE,COMPLETE,false,2,44,2,90,0,165.42678833008,165.42678833008,28.471488952637,-0.028402805328369,0,0,0x801FABDC,false,true,true,true,false,false,false,false,false,false
45818,SAMPLE,COMPLETE,false,2,44,2,90,0,165.41822814941,165.41822814941,28.426719665527,-0.028355121612549,0,0,0x801FABDC,false,true,true,true,false,false,false,false,false,false
45820,SAMPLE,COMPLETE,false,2,44,2,90,0,165.41455078125,165.41455078125,28.407508850098,-0.028355121612549,0,0,0x801FABDC,false,true,true,true,false,false,false,false,false,false
45822,SAMPLE,COMPLETE,false,2,44,2,90,0,165.41777038574,165.41777038574,28.424427032471,-0.028355121612549,0,0,0x801FABDC,false,true,true,true,false,false,false,false,false,false
45824,SAMPLE,COMPLETE,false,2,44,2,90,0,165.42547607422,165.42547607422,28.464820861816,-0.028402805328369,0,0,0x801FABDC,false,true,true,true,false,false,false,false,false,false
45826,SAMPLE,COMPLETE,false,2,44,2,90,0,165.42547607422,165.42547607422,28.464820861816,-0.028402805328369,0,0,0x801FABDC,false,true,true,true,false,false,false,false,false,false
45828,SAMPLE,COMPLETE,false,2,44,2,90,0,165.40522766113,165.40522766113,28.358640670776,-0.028307437896729,0,0,0x801FABDC,false,true,true,true,false,false,false,false,false,false
45830,SAMPLE,COMPLETE,false,2,44,2,90,0,165.34889221191,165.34889221191,28.063272476196,-0.028019428253174,0,0,0x801FABDC,false,true,true,true,false,false,false,false,false,false
45832,SAMPLE,COMPLETE,false,2,44,2,90,0,165.19268798828,165.19268798828,27.244327545166,-0.027156829833984,0,0,0x801FABDC,false,true,true,true,false,false,false,false,false,false
45834,SAMPLE,COMPLETE,false,2,44,2,90,0,164.8219909668,164.8219909668,25.300624847412,-0.025238990783691,0,0,0x801FABDC,false,true,true,true,false,false,false,false,false,false
45836,SAMPLE,COMPLETE,false,2,44,2,90,0,164.09397888184,164.09397888184,21.482551574707,-0.021404266357422,0,0,0x801FABDC,false,true,true,true,false,false,false,false,false,false
45838,SAMPLE,COMPLETE,false,2,44,2,90,0,162.41613769531,162.41613769531,12.679811477661,-0.012631893157959,0,0,0x801FABDC,true,false,false,false,false,false,false,false,false,false
45840,SAMPLE,COMPLETE,false,2,44,2,90,0,160.29039001465,160.29039001465,1.5239840745926,-0.0014619827270508,0,0,0x801FABDC,true,false,false,false,false,false,false,false,false,false
45842,SAMPLE,COMPLETE,false,2,44,2,90,0,160.29039001465,160.29039001465,1.5239840745926,-0.0014619827270508,0,0,0x801FABDC,true,false,false,false,false,false,false,false,false,false
45844,SAMPLE,COMPLETE,false,2,44,2,90,0,157.6932220459,157.6932220459,-12.10426235199,0.012056231498718,0,0,0x801FABDC,true,false,false,false,false,false,false,false,false,false
45846,SAMPLE,COMPLETE,false,2,44,2,90,0,154.72239685059,154.72239685059,-27.682611465454,0.027635931968689,0,0,0x801FABDC,false,true,true,true,false,false,false,false,false,false
45848,SAMPLE,COMPLETE,false,2,44,2,90,0,151.36787414551,151.36787414551,-45.247989654541,0.045277118682861,0,0,0x801FABDC,false,true,true,true,false,false,false,false,false,false
45850,SAMPLE,COMPLETE,false,2,44,2,90,0,146.24285888672,146.24285888672,-72.000877380371,0.072026252746582,0,0,0x801FABDC,false,true,true,true,false,false,false,false,false,false
45852,SAMPLE,COMPLETE,false,2,44,2,90,0,142.13293457031,142.13293457031,-93.350395202637,0.093454480171204,0,0,0x801FABDC,false,true,true,true,false,false,false,false,false,false
45854,SAMPLE,COMPLETE,false,2,44,2,90,0,137.96632385254,137.96632385254,-114.86524200439,0.11512231826782,0,0,0x801FABDC,false,true,true,true,false,false,false,false,false,false
45856,SAMPLE,COMPLETE,false,2,44,2,90,0,137.96632385254,137.96632385254,-114.86524200439,0.11512231826782,0,0,0x801FABDC,false,true,true,true,false,false,false,false,false,false
45858,SAMPLE,COMPLETE,false,2,44,2,90,0,133.71429443359,133.71429443359,-136.65567016602,0.13707756996155,0,0,0x801FABDC,false,true,true,true,false,false,false,false,false,false
45860,SAMPLE,COMPLETE,false,2,44,2,90,0,129.32846069336,129.32846069336,-158.92565917969,0.15956032276154,0,0,0x801FABDC,false,true,true,true,false,false,false,false,false,false
45862,SAMPLE,COMPLETE,false,2,44,2,90,0,124.72657012939,124.72657012939,-182.03385925293,0.18304979801178,0,0,0x801FABDC,false,true,true,true,false,false,false,false,false,false
45864,SAMPLE,COMPLETE,false,2,44,2,90,0,119.89456939697,119.89456939697,-205.97360229492,0.20740211009979,0,0,0x801FABDC,false,true,true,true,false,false,false,false,false,false
45866,SAMPLE,COMPLETE,false,2,44,2,90,0,114.98819732666,114.98819732666,-229.90617370605,0.23194622993469,0,0,0x801FABDC,false,true,true,true,false,false,false,false,false,false
45868,SAMPLE,COMPLETE,false,2,44,2,90,0,110.01752471924,110.01752471924,-253.72894287109,0.25653827190399,0,0,0x801FABDC,false,true,true,true,false,false,false,false,false,false
45870,SAMPLE,COMPLETE,false,2,44,2,90,0,105.03036499023,105.03036499023,-277.17138671875,0.2808426618576,0,0,0x801FABDC,false,true,true,true,false,false,false,false,false,false
45872,SAMPLE,COMPLETE,false,2,44,2,90,0,105.03036499023,105.03036499023,-277.17138671875,0.2808426618576,0,0,0x801FABDC,false,true,true,true,false,false,false,false,false,false
45874,SAMPLE,COMPLETE,false,2,44,2,90,0,99.979400634766,99.979400634766,-300.42053222656,0.30514705181122,0,0,0x801FABDC,false,true,true,true,false,false,false,false,false,false
45876,SAMPLE,COMPLETE,false,2,44,2,90,0,94.435302734375,94.435302734375,-325.34426879883,0.33141672611237,0,0,0x801FABDC,false,true,true,true,false,false,false,false,false,false
45878,SAMPLE,COMPLETE,false,2,44,2,90,0,91.355201721191,91.355201721191,-338.91458129883,0.34579813480377,0,0,0x801FABDC,false,true,true,true,false,false,false,false,false,false
45880,SAMPLE,COMPLETE,false,2,44,2,90,0,116.33806610107,116.33806610107,-223.36157226563,0.22523498535156,0,0,0x801FABDC,false,true,true,true,false,false,false,false,false,false
45882,SAMPLE,COMPLETE,false,2,44,2,90,0,127.70762634277,127.70762634277,-167.1019744873,0.16785359382629,0,0,0x801FABDC,false,true,true,true,false,false,false,false,false,false
45884,SAMPLE,COMPLETE,false,2,44,2,90,0,127.70762634277,127.70762634277,-167.1019744873,0.16785359382629,0,0,0x801FABDC,false,true,true,true,false,false,false,false,false,false
45886,SAMPLE,COMPLETE,false,2,44,2,90,0,136.11656188965,136.11656188965,-124.37970733643,0.12466180324554,0,0,0x801FABDC,false,true,true,true,false,false,false,false,false,false
45888,SAMPLE,COMPLETE,false,2,44,2,90,0,142.33581542969,142.33581542969,-92.316032409668,0.092399835586548,0,0,0x801FABDC,false,true,true,true,false,false,false,false,false,false
45890,SAMPLE,COMPLETE,false,2,44,2,90,0,146.93556213379,146.93556213379,-68.409477233887,0.06843101978302,0,0,0x801FABDC,false,true,true,true,false,false,false,false,false,false
45892,SAMPLE,COMPLETE,false,2,44,2,90,0,150.33753967285,150.33753967285,-50.649509429932,0.050646066665649,0,0,0x801FABDC,false,true,true,true,false,false,false,false,false,false
45894,SAMPLE,COMPLETE,false,2,44,2,90,0,152.8536529541,152.8536529541,-37.48217010498,0.037463307380676,0,0,0x801FABDC,false,true,true,true,false,false,false,false,false,false
45896,SAMPLE,COMPLETE,false,2,44,2,90,0,137.9852142334,137.9852142334,-114.78385925293,0.11502635478973,0,0,0x801FABDC,false,true,true,true,false,false,false,false,false,false
45898,SAMPLE,COMPLETE,false,2,44,2,90,0,131.21865844727,131.21865844727,-149.36811828613,0.14987695217133,0,0,0x801FABDC,false,true,true,true,false,false,false,false,false,false
45900,SAMPLE,COMPLETE,false,2,44,2,90,0,131.21865844727,131.21865844727,-149.36811828613,0.14987695217133,0,0,0x801FABDC,false,true,true,true,false,false,false,false,false,false
45902,SAMPLE,COMPLETE,false,2,44,2,90,0,124.22413635254,124.22413635254,-184.54919433594,0.18559062480927,0,0,0x801FABDC,false,true,true,true,false,false,false,false,false,false
45904,SAMPLE,COMPLETE,false,2,44,2,90,0,121.04096984863,121.04096984863,-200.33641052246,0.20164966583252,0,0,0x801FABDC,false,true,true,true,false,false,false,false,false,false
45906,SAMPLE,COMPLETE,false,2,44,2,90,0,118.68669891357,118.68669891357,-211.91380310059,0.21349024772644,0,0,0x801FABDC,false,true,true,true,false,false,false,false,false,false
45908,SAMPLE,COMPLETE,false,2,44,2,90,0,129.44468688965,129.44468688965,-158.35034179688,0.15893721580505,0,0,0x801FABDC,false,true,true,true,false,false,false,false,false,false
45910,SAMPLE,COMPLETE,false,2,44,2,90,0,137.40129089355,137.40129089355,-117.78678131104,0.15893721580505,0,0,0x801FABDC,false,true,true,true,false,false,false,false,false,false
45912,SAMPLE,COMPLETE,false,2,44,2,90,0,137.40129089355,137.40129089355,-117.78678131104,0.11804640293121,0,0,0x801FABDC,false,true,true,true,false,false,false,false,false,false
45914,SAMPLE,COMPLETE,false,2,44,2,90,0,158.31698608398,158.31698608398,-8.8331279754639,0.0087965726852417,0,0,0x801FABDC,true,false,false,false,false,false,false,false,false,false
45916,SAMPLE,COMPLETE,false,2,44,2,90,0,173.89628601074,173.89628601074,72.741485595703,-0.072745323181152,0,0,0x801FABDC,false,true,true,true,false,false,false,false,false,false
45918,SAMPLE,COMPLETE,false,2,44,2,90,0,185.41873168945,185.41873168945,132.23583984375,-0.13261938095093,0,0,0x801FABDC,false,true,true,true,false,false,false,false,false,false
45920,SAMPLE,COMPLETE,false,2,44,2,90,0,194.12844848633,194.12844848633,176.30688476563,-0.17720174789429,0,0,0x801FABDC,false,true,true,true,false,false,false,false,false,false
45922,SAMPLE,COMPLETE,false,2,44,2,90,0,200.58184814453,200.58184814453,208.30065917969,-0.20979928970337,0,0,0x801FABDC,false,true,true,true,false,false,false,false,false,false
45924,SAMPLE,COMPLETE,false,2,44,2,90,0,205.34309387207,205.34309387207,231.48458862305,-0.23362398147583,0,0,0x801FABDC,false,true,true,true,false,false,false,false,false,false
45926,SAMPLE,COMPLETE,false,2,44,2,90,0,205.34309387207,205.34309387207,231.48458862305,-0.23362398147583,0,0,0x801FABDC,false,true,true,true,false,false,false,false,false,false
45928,SAMPLE,COMPLETE,false,2,44,2,90,0,208.80996704102,208.80996704102,248.11659240723,-0.25073766708374,0,0,0x801FABDC,false,true,true,true,false,false,false,false,false,false
45930,SAMPLE,COMPLETE,false,2,44,2,90,0,211.10362243652,211.10362243652,258.99649047852,-0.26200342178345,0,0,0x801FABDC,false,true,true,true,false,false,false,false,false,false
45932,SAMPLE,COMPLETE,false,2,44,2,90,0,212.41479492188,212.41479492188,265.16513061523,-0.2684268951416,0,0,0x801FABDC,false,true,true,true,false,false,false,false,false,false
45934,SAMPLE,COMPLETE,false,2,44,2,90,0,213.08139038086,213.08139038086,268.27770996094,-0.27168655395508,0,0,0x801FABDC,false,true,true,true,false,false,false,false,false,false
45936,SAMPLE,COMPLETE,false,2,44,2,90,0,213.46031188965,213.46031188965,270.02243041992,-0.27350807189941,0,0,0x801FABDC,false,true,true,true,false,false,false,false,false,false
45938,SAMPLE,COMPLETE,false,2,44,2,90,0,213.54296875,213.54296875,270.3623046875,-0.27393960952759,0,0,0x801FABDC,false,true,true,true,false,false,false,false,false,false
45940,SAMPLE,COMPLETE,false,2,44,2,90,0,213.32312011719,213.32312011719,269.25482177734,-0.27288484573364,0,0,0x801FABDC,false,true,true,true,false,false,false,false,false,false
45942,SAMPLE,COMPLETE,false,2,44,2,90,0,212.89074707031,212.89074707031,267.10214233398,-0.27072763442993,0,0,0x801FABDC,false,true,true,true,false,false,false,false,false,false
45944,SAMPLE,COMPLETE,false,2,44,2,90,0,212.39413452148,212.39413452148,264.6198425293,-0.2683310508728,0,0,0x801FABDC,false,true,true,true,false,false,false,false,false,false
45946,SAMPLE,COMPLETE,false,2,44,2,90,0,212.39413452148,212.39413452148,264.6198425293,-0.2683310508728,0,0,0x801FABDC,false,true,true,true,false,false,false,false,false,false
45948,SAMPLE,COMPLETE,false,2,44,2,90,0,211.95236206055,211.95236206055,262.33862304688,-0.26617383956909,0,0,0x801FABDC,false,true,true,true,false,false,false,false,false,false
45950,SAMPLE,COMPLETE,false,2,44,2,90,0,211.63722229004,211.63722229004,260.6083984375,-0.26463985443115,0,0,0x801FABDC,false,true,true,true,false,false,false,false,false,false
45952,SAMPLE,COMPLETE,false,2,44,2,90,0,211.54246520996,211.54246520996,259.89114379883,-0.26416063308716,0,0,0x801FABDC,false,true,true,true,false,false,false,false,false,false
45954,SAMPLE,COMPLETE,false,2,44,2,90,0,211.56115722656,211.56115722656,259.69921875,-0.2642560005188,0,0,0x801FABDC,false,true,true,true,false,false,false,false,false,false
45956,SAMPLE,COMPLETE,false,2,44,2,90,0,211.59252929688,211.59252929688,259.60842895508,-0.26440000534058,0,0,0x801FABDC,false,true,true,true,false,false,false,false,false,false
45958,SAMPLE,COMPLETE,false,2,44,2,90,0,211.61766052246,211.61766052246,259.52700805664,-0.26454401016235,0,0,0x801FABDC,false,true,true,true,false,false,false,false,false,false
45960,SAMPLE,COMPLETE,false,2,44,2,90,0,211.62265014648,211.62265014648,259.38870239258,-0.26459169387817,0,0,0x801FABDC,false,true,true,true,false,false,false,false,false,false
45962,SAMPLE,COMPLETE,false,2,44,2,90,0,211.60873413086,211.60873413086,259.19750976563,-0.26449584960938,0,0,0x801FABDC,false,true,true,true,false,false,false,false,false,false
45964,SAMPLE,COMPLETE,false,2,44,2,90,0,211.60873413086,211.60873413086,259.19750976563,-0.26449584960938,0,0,0x801FABDC,false,true,true,true,false,false,false,false,false,false
45966,SAMPLE,COMPLETE,false,2,44,2,90,0,211.56497192383,211.56497192383,258.89669799805,-0.26430416107178,0,0,0x801FABDC,false,true,true,true,false,false,false,false,false,false
45968,SAMPLE,COMPLETE,false,2,44,2,90,0,211.49891662598,211.49891662598,258.51684570313,-0.2639684677124,0,0,0x801FABDC,false,true,true,true,false,false,false,false,false,false
45970,SAMPLE,COMPLETE,false,2,44,2,90,0,211.41006469727,211.41006469727,258.05108642578,-0.26353693008423,0,0,0x801FABDC,false,true,true,true,false,false,false,false,false,false
45972,SAMPLE,COMPLETE,false,2,44,2,90,0,211.30862426758,211.30862426758,257.54208374023,-0.26301002502441,0,0,0x801FABDC,false,true,true,true,false,false,false,false,false,false
45974,SAMPLE,COMPLETE,false,2,44,2,90,0,211.19631958008,211.19631958008,256.99392700195,-0.26248264312744,0,0,0x801FABDC,false,true,true,true,false,false,false,false,false,false
45976,SAMPLE,COMPLETE,false,2,44,2,90,0,211.07696533203,211.07696533203,256.41967773438,-0.26190710067749,0,0,0x801FABDC,false,true,true,true,false,false,false,false,false,false
45978,SAMPLE,COMPLETE,false,2,44,2,90,0,210.9545135498,210.9545135498,255.83410644531,-0.26128435134888,0,0,0x801FABDC,false,true,true,true,false,false,false,false,false,false
45980,SAMPLE,COMPLETE,false,2,44,2,90,0,210.84504699707,210.84504699707,255.31175231934,-0.2607569694519,0,0,0x801FABDC,false,true,true,true,false,false,false,false,false,false
45982,SAMPLE,COMPLETE,false,2,44,2,90,0,210.84504699707,210.84504699707,255.31175231934,-0.2607569694519,0,0,0x801FABDC,false,true,true,true,false,false,false,false,false,false
45984,SAMPLE,COMPLETE,false,2,44,2,90,0,210.74403381348,210.74403381348,254.82859802246,-0.26027727127075,0,0,0x801FABDC,false,true,true,true,false,false,false,false,false,false
45986,SAMPLE,COMPLETE,false,2,44,2,90,0,210.64744567871,210.64744567871,254.36613464355,-0.25979804992676,0,0,0x801FABDC,false,true,true,true,false,false,false,false,false,false
45988,SAMPLE,COMPLETE,false,2,44,2,90,0,210.54937744141,210.54937744141,253.89654541016,-0.25931882858276,0,0,0x801FABDC,false,true,true,true,false,false,false,false,false,false
45990,SAMPLE,COMPLETE,false,2,44,2,90,0,210.46379089355,210.46379089355,253.48533630371,-0.25888729095459,0,0,0x801FABDC,false,true,true,true,false,false,false,false,false,false
45992,SAMPLE,COMPLETE,false,2,44,2,90,0,210.36102294922,210.36102294922,252.9895324707,-0.2584080696106,0,0,0x801FABDC,false,true,true,true,false,false,false,false,false,false
45994,SAMPLE,COMPLETE,false,2,44,2,90,0,210.29891967773,210.29891967773,252.68841552734,-0.25807237625122,0,0,0x801FABDC,false,true,true,true,false,false,false,false,false,false
45996,SAMPLE,COMPLETE,false,2,44,2,90,0,210.2400970459,210.2400970459,252.40211486816,-0.25778436660767,0,0,0x801FABDC,false,true,true,true,false,false,false,false,false,false
45998,SAMPLE,COMPLETE,false,2,44,2,90,0,210.2400970459,210.2400970459,252.40211486816,-0.25778436660767,0,0,0x801FABDC,false,true,true,true,false,false,false,false,false,false
46000,SAMPLE,COMPLETE,false,2,44,2,90,0,210.18890380859,210.18890380859,252.150390625,-0.25754499435425,0,0,0x801FABDC,false,true,true,true,false,false,false,false,false,false
46002,SAMPLE,COMPLETE,false,2,44,2,90,0,210.14971923828,210.14971923828,251.95443725586,-0.25735330581665,0,0,0x801FABDC,false,true,true,true,false,false,false,false,false,false
46004,SAMPLE,COMPLETE,false,2,44,2,90,0,210.12121582031,210.12121582031,251.81134033203,-0.25720930099487,0,0,0x801FABDC,false,true,true,true,false,false,false,false,false,false
46006,SAMPLE,COMPLETE,false,2,44,2,90,0,210.09881591797,210.09881591797,251.70094299316,-0.25711345672607,0,0,0x801FABDC,false,true,true,true,false,false,false,false,false,false
46008,SAMPLE,COMPLETE,false,2,44,2,90,0,210.07276916504,210.07276916504,251.57073974609,-0.25696992874146,0,0,0x801FABDC,false,true,true,true,false,false,false,false,false,false
46010,SAMPLE,COMPLETE,false,2,44,2,90,0,210.07276916504,210.07276916504,251.57073974609,-0.25696992874146,0,0,0x801FABDC,false,true,true,true,false,false,false,false,false,false
46012,SAMPLE,COMPLETE,false,2,44,2,90,0,210.02517700195,210.02517700195,251.34080505371,-0.25673007965088,0,0,0x801FABDC,false,true,true,true,false,false,false,false,false,false
46014,SAMPLE,COMPLETE,false,2,44,2,90,0,209.99655151367,209.99655151367,251.20811462402,-0.2565860748291,0,0,0x801FABDC,false,true,true,true,false,false,false,false,false,false
46016,SAMPLE,COMPLETE,false,2,44,2,90,0,209.93487548828,209.93487548828,250.92317199707,-0.25629854202271,0,0,0x801FABDC,false,true,true,true,false,false,false,false,false,false
46018,SAMPLE,COMPLETE,false,2,44,2,90,0,209.83010864258,209.83010864258,250.43984985352,-0.25581932067871,0,0,0x801FABDC,false,true,true,true,false,false,false,false,false,false
46020,SAMPLE,COMPLETE,false,2,44,2,90,0,209.66093444824,209.66093444824,249.6558380127,-0.25495624542236,0,0,0x801FABDC,false,true,true,true,false,false,false,false,false,false
46022,SAMPLE,COMPLETE,false,2,44,2,90,0,209.52444458008,209.52444458008,249.0199432373,-0.25495624542236,0,0,0x801FABDC,false,true,true,true,false,false,false,false,false,false
46024,SAMPLE,COMPLETE,false,2,44,2,90,0,209.52444458008,209.52444458008,249.0199432373,-0.25428533554077,0,0,0x801FABDC,false,true,true,true,false,false,false,false,false,false
46026,SAMPLE,COMPLETE,false,2,44,2,90,0,209.36352539063,209.36352539063,248.30473327637,-0.25351810455322,0,0,0x801FABDC,false,true,true,true,false,false,false,false,false,false
46028,SAMPLE,COMPLETE,false,2,44,2,90,0,209.05003356934,209.05003356934,246.93948364258,-0.25193643569946,0,0,0x801FABDC,false,true,true,true,false,false,false,false,false,false
46030,SAMPLE,COMPLETE,false,2,44,2,90,0,208.47462463379,208.47462463379,244.42306518555,-0.249107837677,0,0,0x801FABDC,false,true,true,true,false,false,false,false,false,false
46032,SAMPLE,COMPLETE,false,2,44,2,90,0,207.85797119141,207.85797119141,241.69566345215,-0.2460880279541,0,0,0x801FABDC,false,true,true,true,false,false,false,false,false,false
46034,SAMPLE,COMPLETE,false,2,44,2,90,0,207.85797119141,207.85797119141,241.69566345215,-0.2460880279541,0,0,0x801FABDC,false,true,true,true,false,false,false,false,false,false
46036,SAMPLE,COMPLETE,false,2,44,2,90,0,207.2403717041,207.2403717041,238.95967102051,-0.24301958084106,0,0,0x801FABDC,false,true,true,true,false,false,false,false,false,false
46038,SAMPLE,COMPLETE,false,2,44,2,90,0,206.67080688477,206.67080688477,236.43000793457,-0.24023962020874,0,0,0x801FABDC,false,true,true,true,false,false,false,false,false,false
46040,SAMPLE,COMPLETE,false,2,44,2,90,0,206.17889404297,206.17889404297,234.24304199219,-0.23774671554565,0,0,0x801FABDC,false,true,true,true,false,false,false,false,false,false
46042,SAMPLE,COMPLETE,false,2,44,2,90,0,205.61129760742,205.61129760742,231.71954345703,-0.23491811752319,0,0,0x801FABDC,false,true,true,true,false,false,false,false,false,false
46044,SAMPLE,COMPLETE,false,2,44,2,90,0,205.61129760742,205.61129760742,231.71954345703,-0.23491811752319,0,0,0x801FABDC,false,true,true,true,false,false,false,false,false,false
46046,SAMPLE,COMPLETE,false,2,44,2,90,0,205.22125244141,205.22125244141,230.00979614258,-0.23304891586304,0,0,0x801FABDC,false,true,true,true,false,false,false,false,false,false
46048,SAMPLE,COMPLETE,false,2,44,2,90,0,204.97521972656,204.97521972656,228.96667480469,-0.23180246353149,0,0,0x801FABDC,false,true,true,true,false,false,false,false,false,false
46050,SAMPLE,COMPLETE,false,2,44,2,90,0,204.88995361328,204.88995361328,228.63870239258,-0.23137092590332,0,0,0x801FABDC,false,true,true,true,false,false,false,false,false,false
46052,SAMPLE,COMPLETE,false,2,44,2,90,0,204.88995361328,204.88995361328,228.63870239258,-0.23137092590332,0,0,0x801FABDC,false,true,true,true,false,false,false,false,false,false
46054,SAMPLE,COMPLETE,false,2,44,2,90,0,204.84616088867,204.84616088867,228.4937286377,-0.23113107681274,0,0,0x801FABDC,false,true,true,true,false,false,false,false,false,false
46056,SAMPLE,COMPLETE,false,2,44,2,90,0,204.82727050781,204.82727050781,228.47323608398,-0.2310357093811,0,0,0x801FABDC,false,true,true,true,false,false,false,false,false,false
46058,SAMPLE,COMPLETE,false,2,44,2,90,0,204.8302154541,204.8302154541,228.52824401855,-0.23108339309692,0,0,0x801FABDC,false,true,true,true,false,false,false,false,false,false
46060,SAMPLE,COMPLETE,false,2,44,2,90,0,204.83361816406,204.83361816406,228.56951904297,-0.23108339309692,0,0,0x801FABDC,false,true,true,true,false,false,false,false,false,false
46062,SAMPLE,COMPLETE,false,2,44,2,90,0,204.83361816406,204.83361816406,228.56951904297,-0.23108339309692,0,0,0x801FABDC,false,true,true,true,false,false,false,false,false,false
46064,SAMPLE,COMPLETE,false,2,44,2,90,0,204.85850524902,204.85850524902,228.70411682129,-0.2312273979187,0,0,0x801FABDC,false,true,true,true,false,false,false,false,false,false
46066,SAMPLE,COMPLETE,false,2,44,2,90,0,204.88336181641,204.88336181641,228.82905578613,-0.2313232421875,0,0,0x801FABDC,false,true,true,true,false,false,false,false,false,false
46068,SAMPLE,COMPLETE,false,2,44,2,90,0,204.91719055176,204.91719055176,228.99682617188,-0.2315149307251,0,0,0x801FABDC,false,true,true,true,false,false,false,false,false,false
46070,SAMPLE,COMPLETE,false,2,44,2,90,0,204.93598937988,204.93598937988,229.08938598633,-0.23156261444092,0,0,0x801FABDC,false,true,true,true,false,false,false,false,false,false
46072,SAMPLE,COMPLETE,false,2,44,2,90,0,204.9501953125,204.9501953125,229.15840148926,-0.23156261444092,0,0,0x801FABDC,false,true,true,true,false,false,false,false,false,false
46074,SAMPLE,COMPLETE,false,2,44,2,90,0,204.9501953125,204.9501953125,229.15840148926,-0.23165845870972,0,0,0x801FABDC,false,true,true,true,false,false,false,false,false,false
46076,SAMPLE,COMPLETE,false,2,44,2,90,0,204.96401977539,204.96401977539,229.22453308105,-0.23175477981567,0,0,0x801FABDC,false,true,true,true,false,false,false,false,false,false
46078,SAMPLE,COMPLETE,false,2,44,2,90,0,204.98062133789,204.98062133789,229.30366516113,-0.23180246353149,0,0,0x801FABDC,false,true,true,true,false,false,false,false,false,false
46080,SAMPLE,COMPLETE,false,2,44,2,90,0,204.99172973633,204.99172973633,229.35620117188,-0.23185014724731,0,0,0x801FABDC,false,true,true,true,false,false,false,false,false,false
46082,SAMPLE,COMPLETE,false,2,44,2,90,0,205.00489807129,205.00489807129,229.41870117188,-0.23194646835327,0,0,0x801FABDC,false,true,true,true,false,false,false,false,false,false
46084,SAMPLE,COMPLETE,false,2,44,2,90,0,205.01077270508,205.01077270508,229.44577026367,-0.23194646835327,0,0,0x801FABDC,false,true,true,true,false,false,false,false,false,false
46086,SAMPLE,COMPLETE,false,2,44,2,90,0,205.01077270508,205.01077270508,229.44577026367,-0.23194646835327,0,0,0x801FABDC,false,true,true,true,false,false,false,false,false,false
46088,SAMPLE,COMPLETE,false,2,44,2,90,0,205.0234375,205.0234375,229.50526428223,-0.23204231262207,0,0,0x801FABDC,false,true,true,true,false,false,false,false,false,false
46090,SAMPLE,COMPLETE,false,2,44,2,90,0,205.04972839355,205.04972839355,229.62916564941,-0.23213815689087,0,0,0x801FABDC,false,true,true,true,false,false,false,false,false,false
46092,SAMPLE,COMPLETE,false,2,44,2,90,0,205.08506774902,205.08506774902,229.79560852051,-0.23232984542847,0,0,0x801FABDC,false,true,true,true,false,false,false,false,false,false
46094,SAMPLE,COMPLETE,false,2,44,2,90,0,205.16151428223,205.16151428223,230.15768432617,-0.23271322250366,0,0,0x801FABDC,false,true,true,true,false,false,false,false,false,false
46096,SAMPLE,COMPLETE,false,2,44,2,90,0,205.29183959961,205.29183959961,230.77600097656,-0.23338460922241,0,0,0x801FABDC,false,true,true,true,false,false,false,false,false,false
46098,SAMPLE,COMPLETE,false,2,44,2,90,0,205.29183959961,205.29183959961,230.77600097656,-0.23338460922241,0,0,0x801FABDC,false,true,true,true,false,false,false,false,false,false
46100,SAMPLE,COMPLETE,false,2,44,2,90,0,205.45562744141,205.45562744141,231.55490112305,-0.23419904708862,0,0,0x801FABDC,false,true,true,true,false,false,false,false,false,false
46102,SAMPLE,COMPLETE,false,2,44,2,90,0,205.72644042969,205.72644042969,232.84722900391,-0.23549365997314,0,0,0x801FABDC,false,true,true,true,false,false,false,false,false,false
46104,SAMPLE,COMPLETE,false,2,44,2,90,0,205.96917724609,205.96917724609,234.00941467285,-0.23674011230469,0,0,0x801FABDC,false,true,true,true,false,false,false,false,false,false
46106,SAMPLE,COMPLETE,false,2,44,2,90,0,206.24794006348,206.24794006348,235.3438873291,-0.23813009262085,0,0,0x801FABDC,false,true,true,true,false,false,false,false,false,false
46108,SAMPLE,COMPLETE,false,2,44,2,90,0,206.58520507813,206.58520507813,236.96182250977,-0.23975992202759,0,0,0x801FABDC,false,true,true,true,false,false,false,false,false,false
46110,SAMPLE,COMPLETE,false,2,44,2,90,0,206.96426391602,206.96426391602,238.78251647949,-0.24167776107788,0,0,0x801FABDC,false,true,true,true,false,false,false,false,false,false
46112,SAMPLE,COMPLETE,false,2,44,2,90,0,206.96426391602,206.96426391602,238.78251647949,-0.24167776107788,0,0,0x801FABDC,false,true,true,true,false,false,false,false,false,false
46114,SAMPLE,COMPLETE,false,2,44,2,90,0,207.31314086914,207.31314086914,240.45597839355,-0.24340343475342,0,0,0x801FABDC,false,true,true,true,false,false,false,false,false,false
46116,SAMPLE,COMPLETE,false,2,44,2,90,0,207.8563079834,207.8563079834,243.06898498535,-0.2460880279541,0,0,0x801FABDC,false,true,true,true,false,false,false,false,false,false
46118,SAMPLE,COMPLETE,false,2,44,2,90,0,208.19081115723,208.19081115723,244.68803405762,-0.24771785736084,0,0,0x801FABDC,false,true,true,true,false,false,false,false,false,false
46120,SAMPLE,COMPLETE,false,2,44,2,90,0,208.53160095215,208.53160095215,246.35635375977,-0.2493953704834,0,0,0x801FABDC,false,true,true,true,false,false,false,false,false,false
46122,SAMPLE,COMPLETE,false,2,44,2,90,0,208.6242980957,208.6242980957,246.84417724609,-0.24982690811157,0,0,0x801FABDC,false,true,true,true,false,false,false,false,false,false
46124,SAMPLE,COMPLETE,false,2,44,2,90,0,208.74449157715,208.74449157715,247.45492553711,-0.25045013427734,0,0,0x801FABDC,false,true,true,true,false,false,false,false,false,false
46126,SAMPLE,COMPLETE,false,2,44,2,90,0,208.74449157715,208.74449157715,247.45492553711,-0.25045013427734,0,0,0x801FABDC,false,true,true,true,false,false,false,false,false,false
46128,SAMPLE,COMPLETE,false,2,44,2,90,0,208.96937561035,208.96937561035,248.5675201416,-0.25155258178711,0,0,0x801FABDC,false,true,true,true,false,false,false,false,false,false
46130,SAMPLE,COMPLETE,false,2,44,2,90,0,209.29512023926,209.29512023926,250.16586303711,-0.25313472747803,0,0,0x801FABDC,false,true,true,true,false,false,false,false,false,false
46132,SAMPLE,COMPLETE,false,2,44,2,90,0,196.45867919922,196.45867919922,187.81369018555,-0.18904209136963,0,0,0x801FABDC,false,true,true,true,false,false,false,false,false,false
46134,SAMPLE,COMPLETE,false,2,44,2,90,0,186.96484375,186.96484375,140.07643127441,-0.14057683944702,0,0,0x801FABDC,false,true,true,true,false,false,false,false,false,false
46136,SAMPLE,COMPLETE,false,2,44,2,90,0,179.94319152832,179.94319152832,104.08294677734,-0.10428810119629,0,0,0x801FABDC,false,true,true,true,false,false,false,false,false,false
46138,SAMPLE,COMPLETE,false,2,44,2,90,0,172.6849822998,172.6849822998,66.425872802734,-0.066417694091797,0,0,0x801FABDC,false,true,true,true,false,false,false,false,false,false
46140,SAMPLE,COMPLETE,false,2,44,2,90,0,169.38182067871,169.38182067871,49.179782867432,-0.049160003662109,0,0,0x801FABDC,false,true,true,true,false,false,false,false,false,false
46142,SAMPLE,COMPLETE,false,2,44,2,90,0,169.38182067871,169.38182067871,49.179782867432,-0.049160003662109,0,0,0x801FABDC,false,true,true,true,false,false,false,false,false,false
46144,SAMPLE,COMPLETE,false,2,44,2,90,0,166.93879699707,166.93879699707,36.39412689209,-0.036360740661621,0,0,0x801FABDC,false,true,true,true,false,false,false,false,false,false
46146,SAMPLE,COMPLETE,false,2,44,2,90,0,165.13192749023,165.13192749023,26.925470352173,-0.026869297027588,0,0,0x801FABDC,false,true,true,true,false,false,false,false,false,false
46148,SAMPLE,COMPLETE,false,2,44,2,90,0,163.79557800293,163.79557800293,19.917503356934,-0.019870281219482,0,0,0x801FABDC,false,false,false,false,false,false,false,false,false,false
46150,SAMPLE,COMPLETE,false,2,44,2,90,0,162.8072052002,162.8072052002,14.732341766357,-0.014645099639893,0,0,0x801FABDC,true,false,false,false,false,false,false,false,false,false
46152,SAMPLE,COMPLETE,false,2,44,2,90,0,161.78553771973,161.78553771973,9.3712139129639,-0.0093235969543457,0,0,0x801FABDC,true,false,false,false,false,false,false,false,false,false
46154,SAMPLE,COMPLETE,false,2,44,2,90,0,161.3205871582,161.3205871582,6.9311118125916,-0.0068793296813965,0,0,0x801FABDC,true,false,false,false,false,false,false,false,false,false
46156,SAMPLE,COMPLETE,false,2,44,2,90,0,161.3205871582,161.3205871582,6.9311118125916,-0.0068793296813965,0,0,0x801FABDC,true,false,false,false,false,false,false,false,false,false
46158,SAMPLE,COMPLETE,false,2,44,2,90,0,160.9766998291,160.9766998291,5.1262741088867,-0.0050573348999023,0,0,0x801FABDC,true,false,false,false,false,false,false,false,false,false
46160,SAMPLE,COMPLETE,false,2,44,2,90,0,160.72236633301,160.72236633301,3.7914116382599,-0.0037150382995605,0,0,0x801FABDC,true,false,false,false,false,false,false,false,false,false
46162,SAMPLE,COMPLETE,false,2,44,2,90,0,160.53427124023,160.53427124023,2.8041851520538,-0.0027084350585938,0,0,0x801FABDC,true,false,false,false,false,false,false,false,false,false
46164,SAMPLE,COMPLETE,false,2,44,2,90,0,160.39514160156,160.39514160156,2.0739505290985,-0.0019893646240234,0,0,0x801FABDC,true,false,false,false,false,false,false,false,false,false
46166,SAMPLE,COMPLETE,false,2,44,2,90,0,160.29225158691,160.29225158691,1.5339210033417,-0.0014619827270508,0,0,0x801FABDC,true,false,false,false,false,false,false,false,false,false
46168,SAMPLE,COMPLETE,false,2,44,2,90,0,160.21614074707,160.21614074707,1.1344438791275,-0.0010786056518555,0,0,0x801FABDC,true,false,false,false,false,false,false,false,false,false
46170,SAMPLE,COMPLETE,false,2,44,2,90,0,160.15986633301,160.15986633301,0.83908021450043,-0.0010786056518555,0,0,0x801FABDC,true,false,false,false,false,false,false,false,false,false
46172,SAMPLE,COMPLETE,false,2,44,2,90,0,160.15986633301,160.15986633301,0.83908021450043,-0.00079107284545898,0,0,0x801FABDC,true,false,false,false,false,false,false,false,false,false
46174,SAMPLE,COMPLETE,false,2,44,2,90,0,160.11824035645,160.11824035645,0.62060081958771,-0.00055122375488281,0,0,0x801FABDC,true,false,false,false,false,false,false,false,false,false
46176,SAMPLE,COMPLETE,false,2,44,2,90,0,160.08744812012,160.08744812012,0.45898351073265,-0.00040769577026367,0,0,0x801FABDC,true,false,false,false,false,false,false,false,false,false
46178,SAMPLE,COMPLETE,false,2,44,2,90,0,160.06468200684,160.06468200684,0.33949247002602,-0.00031137466430664,0,0,0x801FABDC,true,false,false,false,false,false,false,false,false,false
46180,SAMPLE,COMPLETE,false,2,44,2,90,0,160.04783630371,160.04783630371,0.25107544660568,-0.00021553039550781,0,0,0x801FABDC,true,false,false,false,false,false,false,false,false,false
46182,SAMPLE,COMPLETE,false,2,44,2,90,0,160.03538513184,160.03538513184,0.18572376668453,-0.00011968612670898,0,0,0x801FABDC,true,false,false,false,false,false,false,false,false,false
46184,SAMPLE,COMPLETE,false,2,44,2,90,0,160.02616882324,160.02616882324,0.13735067844391,-7.2002410888672e-05,0,0,0x801FABDC,true,false,false,false,false,false,false,false,false,false
46186,SAMPLE,COMPLETE,false,2,44,2,90,0,160.02616882324,160.02616882324,0.13735067844391,-7.2002410888672e-05,0,0,0x801FABDC,true,false,false,false,false,false,false,false,false,false
46188,SAMPLE,COMPLETE,false,2,44,2,90,0,160.01934814453,160.01934814453,0.10155141353607,-2.3841857910156e-05,0,0,0x801FABDC,true,false,false,false,false,false,false,false,false,false
46190,SAMPLE,COMPLETE,false,2,44,2,90,0,160.01431274414,160.01431274414,0.07512241601944,-2.3841857910156e-05,0,0,0x801FABDC,true,false,false,false,false,false,false,false,false,false
46192,SAMPLE,COMPLETE,false,2,44,2,90,0,160.01058959961,160.01058959961,0.055580977350473,2.3961067199707e-05,0,0,0x801FABDC,true,false,false,false,false,false,false,false,false,false
46194,SAMPLE,COMPLETE,false,2,44,2,90,0,160.00782775879,160.00782775879,0.041085071861744,2.3961067199707e-05,0,0,0x801FABDC,true,false,false,false,false,false,false,false,false,false
46196,SAMPLE,COMPLETE,false,2,44,2,90,0,160.00578308105,160.00578308105,0.030353302136064,-2.3841857910156e-05,0,0,0x801FABDC,true,false,false,false,false,false,false,false,false,false
46198,SAMPLE,COMPLETE,false,2,44,2,90,0,160.00428771973,160.00428771973,0.02250468917191,-2.3841857910156e-05,0,0,0x801FABDC,true,false,false,false,false,false,false,false,false,false
46200,SAMPLE,COMPLETE,false,2,44,2,90,0,160.00428771973,160.00428771973,0.02250468917191,-2.3841857910156e-05,0,0,0x801FABDC,true,false,false,false,false,false,false,false,false,false
46202,SAMPLE,COMPLETE,false,2,44,2,90,0,160.00317382813,160.00317382813,0.016658276319504,-2.3841857910156e-05,0,0,0x801FABDC,true,false,false,false,false,false,false,false,false,false
46204,SAMPLE,COMPLETE,false,2,44,2,90,0,160.00234985352,160.00234985352,0.012333530932665,-2.3841857910156e-05,0,0,0x801FABDC,true,false,false,false,false,false,false,false,false,false
46206,SAMPLE,COMPLETE,false,2,44,2,90,0,160.00173950195,160.00173950195,0.0091300159692764,-2.3841857910156e-05,0,0,0x801FABDC,true,false,false,false,false,false,false,false,false,false
46208,SAMPLE,COMPLETE,false,2,44,2,90,0,160.00128173828,160.00128173828,0.0067273806780577,-2.3841857910156e-05,0,0,0x801FABDC,true,false,false,false,false,false,false,false,false,false
46210,SAMPLE,COMPLETE,false,2,44,2,90,0,160.00094604492,160.00094604492,0.0049654478207231,-2.3841857910156e-05,0,0,0x801FABDC,true,false,false,false,false,false,false,false,false,false
46212,SAMPLE,COMPLETE,false,2,44,2,90,0,160.00061035156,160.00061035156,0.0032035144977272,-2.3841857910156e-05,0,0,0x801FABDC,true,false,false,false,false,false,false,false,false,false
46214,SAMPLE,COMPLETE,false,2,44,2,90,0,160.00061035156,160.00061035156,0.0032035144977272,-2.3841857910156e-05,0,0,0x801FABDC,true,false,false,false,false,false,false,false,false,false
46216,SAMPLE,COMPLETE,false,2,44,2,90,0,160.00044250488,160.00044250488,0.0023225483018905,-2.3841857910156e-05,0,0,0x801FABDC,true,false,false,false,false,false,false,false,false,false
46218,SAMPLE,COMPLETE,false,2,44,2,90,0,173.39842224121,173.39842224121,70.148902893066,-0.070156574249268,0,0,0x801FABDC,false,true,true,true,false,false,false,false,false,false
46220,SAMPLE,COMPLETE,false,2,44,2,90,0,183.31454467773,183.31454467773,121.4546661377,-0.12173795700073,0,0,0x801FABDC,false,true,true,true,false,false,false,false,false,false
46222,SAMPLE,COMPLETE,false,2,44,2,90,0,190.62516784668,190.62516784668,158.67768859863,-0.15932083129883,0,0,0x801FABDC,false,true,true,true,false,false,false,false,false,false
46224,SAMPLE,COMPLETE,false,2,44,2,90,0,196.0103302002,196.0103302002,185.66677856445,-0.18674087524414,0,0,0x801FABDC,false,true,true,true,false,false,false,false,false,false
46226,SAMPLE,COMPLETE,false,2,44,2,90,0,200.04188537598,200.04188537598,205.59222412109,-0.20711469650269,0,0,0x801FABDC,false,true,true,true,false,false,false,false,false,false
46228,SAMPLE,COMPLETE,false,2,44,2,90,0,203.17324829102,203.17324829102,220.88467407227,-0.22279024124146,0,0,0x801FABDC,false,true,true,true,false,false,false,false,false,false
46230,SAMPLE,COMPLETE,false,2,44,2,90,0,203.17324829102,203.17324829102,220.88467407227,-0.22279024124146,0,0,0x801FABDC,false,true,true,true,false,false,false,false,false,false
46232,SAMPLE,COMPLETE,false,2,44,2,90,0,205.65434265137,205.65434265137,232.87181091309,-0.23515796661377,0,0,0x801FABDC,false,true,true,true,false,false,false,false,false,false
46234,SAMPLE,COMPLETE,false,2,44,2,90,0,207.67495727539,207.67495727539,242.53485107422,-0.24517679214478,0,0,0x801FABDC,false,true,true,true,false,false,false,false,false,false
46236,SAMPLE,COMPLETE,false,2,44,2,90,0,210.05560302734,210.05560302734,253.78935241699,-0.25692176818848,0,0,0x801FABDC,false,true,true,true,false,false,false,false,false,false
46238,SAMPLE,COMPLETE,false,2,44,2,90,0,211.48210144043,211.48210144043,260.45959472656,-0.2638726234436,0,0,0x801FABDC,false,true,true,true,false,false,false,false,false,false
46240,SAMPLE,COMPLETE,false,2,44,2,90,0,212.80310058594,212.80310058594,266.60217285156,-0.27034425735474,0,0,0x801FABDC,false,true,true,true,false,false,false,false,false,false
46242,SAMPLE,COMPLETE,false,2,44,2,90,0,214.05909729004,214.05909729004,272.4133605957,-0.27643251419067,0,0,0x801FABDC,false,true,true,true,false,false,false,false,false,false
46244,SAMPLE,COMPLETE,false,2,44,2,90,0,215.28839111328,215.28839111328,278.07180786133,-0.28237676620483,0,0,0x801FABDC,false,true,true,true,false,false,false,false,false,false
46246,SAMPLE,COMPLETE,false,2,44,2,90,0,215.28839111328,215.28839111328,278.07180786133,-0.28237676620483,0,0,0x801FABDC,false,true,true,true,false,false,false,false,false,false
46248,SAMPLE,COMPLETE,false,2,44,2,90,0,216.46534729004,216.46534729004,283.46469116211,-0.28808116912842,0,0,0x801FABDC,false,true,true,true,false,false,false,false,false,false
46250,SAMPLE,COMPLETE,false,2,44,2,90,0,217.62481689453,217.62481689453,288.74774169922,-0.29369020462036,0,0,0x801FABDC,false,true,true,true,false,false,false,false,false,false
46252,SAMPLE,COMPLETE,false,2,44,2,90,0,218.72787475586,218.72787475586,293.73077392578,-0.29896306991577,0,0,0x801FABDC,false,true,true,true,false,false,false,false,false,false
46254,SAMPLE,COMPLETE,false,2,44,2,90,0,219.77766418457,219.77766418457,298.4338684082,-0.30399656295776,0,0,0x801FABDC,false,true,true,true,false,false,false,false,false,false
46256,SAMPLE,COMPLETE,false,2,44,2,90,0,221.17372131348,221.17372131348,304.62915039063,-0.31065988540649,0,0,0x801FABDC,false,true,true,true,false,false,false,false,false,false
46258,SAMPLE,COMPLETE,false,2,44,2,90,0,222.11183166504,222.11183166504,308.7561340332,-0.31507015228271,0,0,0x801FABDC,false,true,true,true,false,false,false,false,false,false
46260,SAMPLE,COMPLETE,false,2,44,2,90,0,222.11183166504,222.11183166504,308.7561340332,-0.31507015228271,0,0,0x801FABDC,false,true,true,true,false,false,false,false,false,false
46262,SAMPLE,COMPLETE,false,2,44,2,90,0,222.97802734375,222.97802734375,312.54037475586,-0.31914472579956,0,0,0x801FABDC,false,true,true,true,false,false,false,false,false,false
46264,SAMPLE,COMPLETE,false,2,44,2,90,0,223.7702331543,223.7702331543,315.97909545898,-0.32293176651001,0,0,0x801FABDC,false,true,true,true,false,false,false,false,false,false
46266,SAMPLE,COMPLETE,false,2,44,2,90,0,224.48617553711,224.48617553711,319.06649780273,-0.32633543014526,0,0,0x801FABDC,false,true,true,true,false,false,false,false,false,false
46268,SAMPLE,COMPLETE,false,2,44,2,90,0,225.10009765625,225.10009765625,321.69619750977,-0.32921171188354,0,0,0x801FABDC,false,true,true,true,false,false,false,false,false,false
46270,SAMPLE,COMPLETE,false,2,44,2,90,0,225.8067779541,225.8067779541,324.70358276367,-0.33251953125,0,0,0x801FABDC,false,true,true,true,false,false,false,false,false,false
46272,SAMPLE,COMPLETE,false,2,44,2,90,0,226.23573303223,226.23573303223,326.51907348633,-0.33251953125,0,0,0x801FABDC,false,true,true,true,false,false,false,false,false,false
46274,SAMPLE,COMPLETE,false,2,44,2,90,0,226.23573303223,226.23573303223,326.51907348633,-0.33453273773193,0,0,0x801FABDC,false,true,true,true,false,false,false,false,false,false
46276,SAMPLE,COMPLETE,false,2,44,2,90,0,226.63247680664,226.63247680664,328.19277954102,-0.33640241622925,0,0,0x801FABDC,false,true,true,true,false,false,false,false,false,false
46278,SAMPLE,COMPLETE,false,2,44,2,90,0,226.98640441895,226.98640441895,329.6813659668,-0.33807992935181,0,0,0x801FABDC,false,true,true,true,false,false,false,false,false,false
46280,SAMPLE,COMPLETE,false,2,44,2,90,0,227.30574035645,227.30574035645,331.01922607422,-0.33956623077393,0,0,0x801FABDC,false,true,true,true,false,false,false,false,false,false
46282,SAMPLE,COMPLETE,false,2,44,2,90,0,227.71812438965,227.71812438965,332.74072265625,-0.34148359298706,0,0,0x801FABDC,false,true,true,true,false,false,false,false,false,false
46284,SAMPLE,COMPLETE,false,2,44,2,90,0,227.71812438965,227.71812438965,332.74072265625,-0.34148359298706,0,0,0x801FABDC,false,true,true,true,false,false,false,false,false,false
46286,SAMPLE,COMPLETE,false,2,44,2,90,0,228.00579833984,228.00579833984,333.94326782227,-0.3428258895874,0,0,0x801FABDC,false,true,true,true,false,false,false,false,false,false
46288,SAMPLE,COMPLETE,false,2,44,2,90,0,228.29797363281,228.29797363281,335.16482543945,-0.34421586990356,0,0,0x801FABDC,false,true,true,true,false,false,false,false,false,false
46290,SAMPLE,COMPLETE,false,2,44,2,90,0,228.58108520508,228.58108520508,336.34683227539,-0.34551048278809,0,0,0x801FABDC,false,true,true,true,false,false,false,false,false,false
46292,SAMPLE,COMPLETE,false,2,44,2,90,0,228.96170043945,228.96170043945,337.95217895508,-0.3472843170166,0,0,0x801FABDC,false,true,true,true,false,false,false,false,false,false
46294,SAMPLE,COMPLETE,false,2,44,2,90,0,229.51968383789,229.51968383789,340.3115234375,-0.34982490539551,0,0,0x801FABDC,false,true,true,true,false,false,false,false,false,false
46296,SAMPLE,COMPLETE,false,2,44,2,90,0,230.31526184082,230.31526184082,343.67059326172,-0.35356378555298,0,0,0x801FABDC,false,true,true,true,false,false,false,false,false,false
46298,SAMPLE,COMPLETE,false,2,44,2,90,0,230.31526184082,230.31526184082,343.67059326172,-0.35356378555298,0,0,0x801FABDC,false,true,true,true,false,false,false,false,false,false
46300,SAMPLE,COMPLETE,false,2,44,2,90,0,231.40034484863,231.40034484863,348.23779296875,-0.35854959487915,0,0,0x801FABDC,false,true,true,true,false,false,false,false,false,false
46302,SAMPLE,COMPLETE,false,2,44,2,90,0,232.81423950195,232.81423950195,354.16448974609,-0.36502122879028,0,0,0x801FABDC,false,true,true,true,false,false,false,false,false,false
46304,SAMPLE,COMPLETE,false,2,44,2,90,0,234.5319519043,234.5319519043,361.34631347656,-0.37288284301758,0,0,0x801FABDC,false,true,true,true,false,false,false,false,false,false
46306,SAMPLE,COMPLETE,false,2,44,2,90,0,215.12384033203,215.12384033203,276.60464477539,-0.28160953521729,0,0,0x801FABDC,false,true,true,true,false,false,false,false,false,false
46308,SAMPLE,COMPLETE,false,2,44,2,90,0,195.06185913086,195.06185913086,180.62135314941,-0.18194723129272,0,0,0x801FABDC,false,true,true,true,false,false,false,false,false,false
46310,SAMPLE,COMPLETE,false,2,44,2,90,0,185.93174743652,185.93174743652,134.7110748291,-0.13525581359863,0,0,0x801FABDC,false,true,true,true,false,false,false,false,false,false
46312,SAMPLE,COMPLETE,false,2,44,2,90,0,185.93174743652,185.93174743652,134.7110748291,-0.13525581359863,0,0,0x801FABDC,false,true,true,true,false,false,false,false,false,false
46314,SAMPLE,COMPLETE,false,2,44,2,90,0,179.1791229248,179.1791229248,100.0958404541,-0.10026168823242,0,0,0x801FABDC,false,true,true,true,false,false,false,false,false,false
46316,SAMPLE,COMPLETE,false,2,44,2,90,0,174.18487548828,174.18487548828,74.220428466797,-0.074279308319092,0,0,0x801FABDC,false,true,true,true,false,false,false,false,false,false
46318,SAMPLE,COMPLETE,false,2,44,2,90,0,169.02236938477,169.02236938477,47.295581817627,-0.047290325164795,0,0,0x801FABDC,false,true,true,true,false,false,false,false,false,false
46320,SAMPLE,COMPLETE,false,2,44,2,90,0,165.73873901367,165.73873901367,30.105220794678,-0.030033111572266,0,0,0x801FABDC,false,true,true,true,false,false,false,false,false,false
46322,SAMPLE,COMPLETE,false,2,44,2,90,0,164.24436950684,164.24436950684,22.270950317383,-0.022219181060791,0,0,0x801FABDC,false,true,true,true,false,false,false,false,false,false
46324,SAMPLE,COMPLETE,false,2,44,2,90,0,164.24436950684,164.24436950684,22.270950317383,-0.022219181060791,0,0,0x801FABDC,false,true,true,true,false,false,false,false,false,false
46326,SAMPLE,COMPLETE,false,2,44,2,90,0,163.13912963867,163.13912963867,16.473642349243,-0.01641845703125,0,0,0x801FABDC,false,false,false,false,false,false,false,false,false,false
46328,SAMPLE,COMPLETE,false,2,44,2,90,0,162.3217010498,162.3217010498,12.184752464294,-0.012152194976807,0,0,0x801FABDC,true,false,false,false,false,false,false,false,false,false
46330,SAMPLE,COMPLETE,false,2,44,2,90,0,161.71713256836,161.71713256836,9.0121965408325,-0.0089402198791504,0,0,0x801FABDC,true,false,false,false,false,false,false,false,false,false
46332,SAMPLE,COMPLETE,false,2,44,2,90,0,161.09219360352,161.09219360352,5.7324233055115,-0.0056805610656738,0,0,0x801FABDC,true,false,false,false,false,false,false,false,false,false
46334,SAMPLE,COMPLETE,false,2,44,2,90,0,160.69470214844,160.69470214844,3.6462132930756,-0.0035715103149414,0,0,0x801FABDC,true,false,false,false,false,false,false,false,false,false
46336,SAMPLE,COMPLETE,false,2,44,2,90,0,160.69470214844,160.69470214844,3.6462132930756,-0.0035715103149414,0,0,0x801FABDC,true,false,false,false,false,false,false,false,false,false
46338,SAMPLE,COMPLETE,false,2,44,2,90,0,160.44186401367,160.44186401367,2.3191773891449,-0.0022292137145996,0,0,0x801FABDC,true,false,false,false,false,false,false,false,false,false
46340,SAMPLE,COMPLETE,false,2,44,2,90,0,160.32679748535,160.32679748535,1.7152389287949,-0.0016536712646484,0,0,0x801FABDC,true,false,false,false,false,false,false,false,false,false
46342,SAMPLE,COMPLETE,false,2,44,2,90,0,160.2078704834,160.2078704834,1.0910363197327,-0.001030445098877,0,0,0x801FABDC,true,false,false,false,false,false,false,false,false,false
46344,SAMPLE,COMPLETE,false,2,44,2,90,0,160.1537322998,160.1537322998,0.80688494443893,-0.00074291229248047,0,0,0x801FABDC,true,false,false,false,false,false,false,false,false,false
46346,SAMPLE,COMPLETE,false,2,44,2,90,0,160.11370849609,160.11370849609,0.59681469202042,-0.00074291229248047,0,0,0x801FABDC,true,false,false,false,false,false,false,false,false,false
46348,SAMPLE,COMPLETE,false,2,44,2,90,0,160.11370849609,160.11370849609,0.59681469202042,-0.00055122375488281,0,0,0x801FABDC,true,false,false,false,false,false,false,false,false,false
46350,SAMPLE,COMPLETE,false,2,44,2,90,0,160.08409118652,160.08409118652,0.44136416912079,-0.00035953521728516,0,0,0x801FABDC,true,false,false,false,false,false,false,false,false,false
46352,SAMPLE,COMPLETE,false,2,44,2,90,0,160.06219482422,160.06219482422,0.32643812894821,-0.00026369094848633,0,0,0x801FABDC,true,false,false,false,false,false,false,false,false,false
46354,SAMPLE,COMPLETE,false,2,44,2,90,0,160.04600524902,160.04600524902,0.24146492779255,-0.0001678466796875,0,0,0x801FABDC,true,false,false,false,false,false,false,false,false,false
46356,SAMPLE,COMPLETE,false,2,44,2,90,0,160.03402709961,160.03402709961,0.17859594523907,-0.00011968612670898,0,0,0x801FABDC,true,false,false,false,false,false,false,false,false,false
46358,SAMPLE,COMPLETE,false,2,44,2,90,0,160.02516174316,160.02516174316,0.13206489384174,-7.2002410888672e-05,0,0,0x801FABDC,true,false,false,false,false,false,false,false,false,false
46360,SAMPLE,COMPLETE,false,2,44,2,90,0,160.02516174316,160.02516174316,0.13206489384174,-7.2002410888672e-05,0,0,0x801FABDC,true,false,false,false,false,false,false,false,false,false
46362,SAMPLE,COMPLETE,false,2,44,2,90,0,160.01861572266,160.01861572266,0.097707197070122,-2.3841857910156e-05,0,0,0x801FABDC,true,false,false,false,false,false,false,false,false,false
46364,SAMPLE,COMPLETE,false,2,44,2,90,0,160.01376342773,160.01376342773,0.072239257395267,-2.3841857910156e-05,0,0,0x801FABDC,true,false,false,false,false,false,false,false,false,false
46366,SAMPLE,COMPLETE,false,2,44,2,90,0,160.0101776123,160.0101776123,0.053418606519699,2.3961067199707e-05,0,0,0x801FABDC,true,false,false,false,false,false,false,false,false,false
46368,SAMPLE,COMPLETE,false,2,44,2,90,0,160.00752258301,160.00752258301,0.039483319967985,2.3961067199707e-05,0,0,0x801FABDC,true,false,false,false,false,false,false,false,false,false
46370,SAMPLE,COMPLETE,false,2,44,2,90,0,160.00556945801,160.00556945801,0.029232071712613,-2.3841857910156e-05,0,0,0x801FABDC,true,false,false,false,false,false,false,false,false,false
46372,SAMPLE,COMPLETE,false,2,44,2,90,0,160.00354003906,160.00354003906,0.018580386415124,-2.3841857910156e-05,0,0,0x801FABDC,true,false,false,false,false,false,false,false,false,false
46374,SAMPLE,COMPLETE,false,2,44,2,90,0,160.00262451172,160.00262451172,0.013775113038719,-2.3841857910156e-05,0,0,0x801FABDC,true,false,false,false,false,false,false,false,false,false
46376,SAMPLE,COMPLETE,false,2,44,2,90,0,160.00193786621,160.00193786621,0.010171158239245,-2.3841857910156e-05,0,0,0x801FABDC,true,false,false,false,false,false,false,false,false,false
46378,SAMPLE,COMPLETE,false,2,44,2,90,0,160.00143432617,160.00143432617,0.0075282589532435,-2.3841857910156e-05,0,0,0x801FABDC,true,false,false,false,false,false,false,false,false,false
46380,SAMPLE,COMPLETE,false,2,44,2,90,0,160.00143432617,160.00143432617,0.0075282589532435,-2.3841857910156e-05,0,0,0x801FABDC,true,false,false,false,false,false,false,false,false,false
46382,SAMPLE,COMPLETE,false,2,44,2,90,0,172.50025939941,172.50025939941,65.468589782715,-0.06545877456665,0,0,0x801FABDC,false,true,true,true,false,false,false,false,false,false
46384,SAMPLE,COMPLETE,false,2,44,2,90,0,185.42018127441,185.42018127441,132.24942016602,-0.13261938095093,0,0,0x801FABDC,false,true,true,true,false,false,false,false,false,false
46386,SAMPLE,COMPLETE,false,2,44,2,90,0,185.42018127441,185.42018127441,132.24942016602,-0.13261938095093,0,0,0x801FABDC,false,true,true,true,false,false,false,false,false,false
46388,SAMPLE,COMPLETE,false,2,44,2,90,0,192.03002929688,192.03002929688,165.66246032715,-0.16651105880737,0,0,0x801FABDC,false,true,true,true,false,false,false,false,false,false
46390,SAMPLE,COMPLETE,false,2,44,2,90,0,181.65573120117,181.65573120117,112.80520629883,-0.11315679550171,0,0,0x801FABDC,false,true,true,true,false,false,false,false,false,false
46392,SAMPLE,COMPLETE,false,2,44,2,90,0,181.65573120117,181.65573120117,112.80520629883,-0.11315679550171,0,0,0x801FABDC,false,true,true,true,false,false,false,false,false,false
46394,SAMPLE,COMPLETE,false,2,44,2,90,0,173.81022644043,173.81022644043,72.189056396484,-0.072313785552979,0,0,0x801FABDC,false,true,true,true,false,false,false,false,false,false
46396,SAMPLE,COMPLETE,false,2,44,2,90,0,167.81495666504,167.81495666504,40.916595458984,-0.040962696075439,0,0,0x801FABDC,false,true,true,true,false,false,false,false,false,false
46398,SAMPLE,COMPLETE,false,2,44,2,90,0,163.23498535156,163.23498535156,16.948209762573,-0.016945838928223,0,0,0x801FABDC,false,false,false,false,false,false,false,false,false,false
46400,SAMPLE,COMPLETE,false,2,44,2,90,0,159.65330505371,159.65330505371,-1.8166712522507,0.0017497539520264,0,0,0x801FABDC,true,false,false,false,false,false,false,false,false,false
46402,SAMPLE,COMPLETE,false,2,44,2,90,0,156.94845581055,156.94845581055,-15.989561080933,0.015939235687256,0,0,0x801FABDC,false,false,false,false,false,false,false,false,false,false
46404,SAMPLE,COMPLETE,false,2,44,2,90,0,154.8657989502,154.8657989502,-26.900106430054,0.026868939399719,0,0,0x801FABDC,false,true,true,true,false,false,false,false,false,false
46406,SAMPLE,COMPLETE,false,2,44,2,90,0,153.10023498535,153.10023498535,-36.144309997559,0.036121010780334,0,0,0x801FABDC,false,true,true,true,false,false,false,false,false,false
46408,SAMPLE,COMPLETE,false,2,44,2,90,0,151.67883300781,151.67883300781,-43.580368041992,0.043599367141724,0,0,0x801FABDC,false,true,true,true,false,false,false,false,false,false
46410,SAMPLE,COMPLETE,false,2,44,2,90,0,151.67883300781,151.67883300781,-43.580368041992,0.043599367141724,0,0,0x801FABDC,false,true,true,true,false,false,false,false,false,false
46412,SAMPLE,COMPLETE,false,2,44,2,90,0,150.22367858887,150.22367858887,-51.185352325439,0.05126941204071,0,0,0x801FABDC,false,true,true,true,false,false,false,false,false,false
46414,SAMPLE,COMPLETE,false,2,44,2,90,0,149.56341552734,149.56341552734,-54.633525848389,0.054720759391785,0,0,0x801FABDC,false,true,true,true,false,false,false,false,false,false
46416,SAMPLE,COMPLETE,false,2,44,2,90,0,148.96687316895,148.96687316895,-57.748943328857,0.057788729667664,0,0,0x801FABDC,false,true,true,true,false,false,false,false,false,false
46418,SAMPLE,COMPLETE,false,2,44,2,90,0,148.44618225098,148.44618225098,-60.468597412109,0.060521245002747,0,0,0x801FABDC,false,true,true,true,false,false,false,false,false,false
46420,SAMPLE,COMPLETE,false,2,44,2,90,0,148.07734680176,148.07734680176,-62.397178649902,0.062438726425171,0,0,0x801FABDC,false,true,true,true,false,false,false,false,false,false
46422,SAMPLE,COMPLETE,false,2,44,2,90,0,147.85908508301,147.85908508301,-63.540832519531,0.063589215278625,0,0,0x801FABDC,false,true,true,true,false,false,false,false,false,false
46424,SAMPLE,COMPLETE,false,2,44,2,90,0,147.78790283203,147.78790283203,-63.916976928711,0.06397271156311,0,0,0x801FABDC,false,true,true,true,false,false,false,false,false,false
46426,SAMPLE,COMPLETE,false,2,44,2,90,0,147.79513549805,147.79513549805,-63.883506774902,0.063924789428711,0,0,0x801FABDC,false,true,true,true,false,false,false,false,false,false
46428,SAMPLE,COMPLETE,false,2,44,2,90,0,147.79513549805,147.79513549805,-63.883506774902,0.063924789428711,0,0,0x801FABDC,false,true,true,true,false,false,false,false,false,false
46430,SAMPLE,COMPLETE,false,2,44,2,90,0,147.83267211914,147.83267211914,-63.691143035889,0.063733100891113,0,0,0x801FABDC,false,true,true,true,false,false,false,false,false,false
46432,SAMPLE,COMPLETE,false,2,44,2,90,0,147.91638183594,147.91638183594,-63.25728225708,0.06325376033783,0,0,0x801FABDC,false,true,true,true,false,false,false,false,false,false
46434,SAMPLE,COMPLETE,false,2,44,2,90,0,147.98901367188,147.98901367188,-62.880645751953,0.062918186187744,0,0,0x801FABDC,false,true,true,true,false,false,false,false,false,false
46436,SAMPLE,COMPLETE,false,2,44,2,90,0,148.04510498047,148.04510498047,-62.589988708496,0.062582612037659,0,0,0x801FABDC,false,true,true,true,false,false,false,false,false,false
46438,SAMPLE,COMPLETE,false,2,44,2,90,0,148.10859680176,148.10859680176,-62.26025390625,0.062294960021973,0,0,0x801FABDC,false,true,true,true,false,false,false,false,false,false
46440,SAMPLE,COMPLETE,false,2,44,2,90,0,148.17535400391,148.17535400391,-61.913635253906,0.061911463737488,0,0,0x801FABDC,false,true,true,true,false,false,false,false,false,false
46442,SAMPLE,COMPLETE,false,2,44,2,90,0,148.20950317383,148.20950317383,-61.736484527588,0.061911463737488,0,0,0x801FABDC,false,true,true,true,false,false,false,false,false,false
46444,SAMPLE,COMPLETE,false,2,44,2,90,0,148.20950317383,148.20950317383,-61.736484527588,0.06176769733429,0,0,0x801FABDC,false,true,true,true,false,false,false,false,false,false
46446,SAMPLE,COMPLETE,false,2,44,2,90,0,148.23947143555,148.23947143555,-61.581016540527,0.061575889587402,0,0,0x801FABDC,false,true,true,true,false,false,false,false,false,false
46448,SAMPLE,COMPLETE,false,2,44,2,90,0,148.26649475098,148.26649475098,-61.440818786621,0.061480045318604,0,0,0x801FABDC,false,true,true,true,false,false,false,false,false,false
46450,SAMPLE,COMPLETE,false,2,44,2,90,0,148.29362487793,148.29362487793,-61.299964904785,0.061336278915405,0,0,0x801FABDC,false,true,true,true,false,false,false,false,false,false
46452,SAMPLE,COMPLETE,false,2,44,2,90,0,148.33407592773,148.33407592773,-61.089786529541,0.061096549034119,0,0,0x801FABDC,false,true,true,true,false,false,false,false,false,false
46454,SAMPLE,COMPLETE,false,2,44,2,90,0,148.36924743652,148.36924743652,-60.906833648682,0.060904741287231,0,0,0x801FABDC,false,true,true,true,false,false,false,false,false,false
46456,SAMPLE,COMPLETE,false,2,44,2,90,0,148.3957824707,148.3957824707,-60.768779754639,0.060808897018433,0,0,0x801FABDC,false,true,true,true,false,false,false,false,false,false
46458,SAMPLE,COMPLETE,false,2,44,2,90,0,148.73501586914,148.73501586914,-58.998886108398,0.058987140655518,0,0,0x801FABDC,false,true,true,true,false,false,false,false,false,false
46460,SAMPLE,COMPLETE,false,2,44,2,90,0,148.73501586914,148.73501586914,-58.998886108398,0.058987140655518,0,0,0x801FABDC,false,true,true,true,false,false,false,false,false,false
46462,SAMPLE,COMPLETE,false,2,44,2,90,0,149.01174926758,149.01174926758,-57.554492950439,0.057549118995667,0,0,0x801FABDC,false,true,true,true,false,false,false,false,false,false
46464,SAMPLE,COMPLETE,false,2,44,2,90,0,149.20376586914,149.20376586914,-56.551933288574,0.05654239654541,0,0,0x801FABDC,false,true,true,true,false,false,false,false,false,false
46466,SAMPLE,COMPLETE,false,2,44,2,90,0,149.2785949707,149.2785949707,-56.160968780518,0.056158900260925,0,0,0x801FABDC,false,true,true,true,false,false,false,false,false,false
46468,SAMPLE,COMPLETE,false,2,44,2,90,0,149.17950439453,149.17950439453,-56.677963256836,0.056686282157898,0,0,0x801FABDC,false,true,true,true,false,false,false,false,false,false
46470,SAMPLE,COMPLETE,false,2,44,2,90,0,148.90856933594,148.90856933594,-58.090675354004,0.058124303817749,0,0,0x801FABDC,false,true,true,true,false,false,false,false,false,false
46472,SAMPLE,COMPLETE,false,2,44,2,90,0,148.49697875977,148.49697875977,-60.235290527344,0.06023371219635,0,0,0x801FABDC,false,true,true,true,false,false,false,false,false,false
46474,SAMPLE,COMPLETE,false,2,44,2,90,0,148.00164794922,148.00164794922,-62.813571929932,0.062870264053345,0,0,0x801FABDC,false,true,true,true,false,false,false,false,false,false
46476,SAMPLE,COMPLETE,false,2,44,2,90,0,147.53672790527,147.53672790527,-65.231834411621,0.065267086029053,0,0,0x801FABDC,false,true,true,true,false,false,false,false,false,false
46478,SAMPLE,COMPLETE,false,2,44,2,90,0,147.12626647949,147.12626647949,-67.364692687988,0.067424297332764,0,0,0x801FABDC,false,true,true,true,false,false,false,false,false,false
46480,SAMPLE,COMPLETE,false,2,44,2,90,0,146.70402526855,146.70402526855,-69.554595947266,0.069629430770874,0,0,0x801FABDC,false,true,true,true,false,false,false,false,false,false
46482,SAMPLE,COMPLETE,false,2,44,2,90,0,146.17054748535,146.17054748535,-72.319885253906,0.072409749031067,0,0,0x801FABDC,false,true,true,true,false,false,false,false,false,false
46484,SAMPLE,COMPLETE,false,2,44,2,90,0,145.5843963623,145.5843963623,-75.354904174805,0.075477838516235,0,0,0x801FABDC,false,true,true,true,false,false,false,false,false,false
46486,SAMPLE,COMPLETE,false,2,44,2,90,0,145.05609130859,145.05609130859,-78.084548950195,0.078258156776428,0,0,0x801FABDC,false,true,true,true,false,false,false,false,false,false
46488,SAMPLE,COMPLETE,false,2,44,2,90,0,144.52206420898,144.52206420898,-80.838424682617,0.081038475036621,0,0,0x801FABDC,false,true,true,true,false,false,false,false,false,false
46490,SAMPLE,COMPLETE,false,2,44,2,90,0,143.93127441406,143.93127441406,-83.876861572266,0.08410656452179,0,0,0x801FABDC,false,true,true,true,false,false,false,false,false,false
46492,SAMPLE,COMPLETE,false,2,44,2,90,0,143.34957885742,143.34957885742,-86.852478027344,0.087126612663269,0,0,0x801FABDC,false,true,true,true,false,false,false,false,false,false
46494,SAMPLE,COMPLETE,false,2,44,2,90,0,142.74925231934,142.74925231934,-89.900909423828,0.090242505073547,0,0,0x801FABDC,false,true,true,true,false,false,false,false,false,false
46496,SAMPLE,COMPLETE,false,2,44,2,90,0,142.1418762207,142.1418762207,-92.955009460449,0.093406438827515,0,0,0x801FABDC,false,true,true,true,false,false,false,false,false,false
46498,SAMPLE,COMPLETE,false,2,44,2,90,0,141.599609375,141.599609375,-95.653274536133,0.096234798431396,0,0,0x801FABDC,false,true,true,true,false,false,false,false,false,false
46500,SAMPLE,COMPLETE,false,2,44,2,90,0,141.10125732422,141.10125732422,-98.088478088379,0.098823428153992,0,0,0x801FABDC,false,true,true,true,false,false,false,false,false,false
46502,SAMPLE,COMPLETE,false,2,44,2,90,0,140.60737609863,140.60737609863,-100.47537231445,0.10141205787659,0,0,0x801FABDC,false,true,true,true,false,false,false,false,false,false
46504,SAMPLE,COMPLETE,false,2,44,2,90,0,140.12783813477,140.12783813477,-102.76834869385,0.10390484333038,0,0,0x801FABDC,false,true,true,true,false,false,false,false,false,false
46506,SAMPLE,COMPLETE,false,2,44,2,90,0,139.71383666992,139.71383666992,-104.71173858643,0.10606205463409,0,0,0x801FABDC,false,true,true,true,false,false,false,false,false,false
46508,SAMPLE,COMPLETE,false,2,44,2,90,0,139.33564758301,139.33564758301,-106.46234130859,0.10802745819092,0,0,0x801FABDC,false,true,true,true,false,false,false,false,false,false
46510,SAMPLE,COMPLETE,false,2,44,2,90,0,138.97314453125,138.97314453125,-108.12635040283,0.10989701747894,0,0,0x801FABDC,false,true,true,true,false,false,false,false,false,false
46512,SAMPLE,COMPLETE,false,2,44,2,90,0,138.60250854492,138.60250854492,-109.82321166992,0.11181449890137,0,0,0x801FABDC,false,true,true,true,false,false,false,false,false,false
46514,SAMPLE,COMPLETE,false,2,44,2,90,0,138.2668762207,138.2668762207,-111.36642456055,0.1135401725769,0,0,0x801FABDC,false,true,true,true,false,false,false,false,false,false
46516,SAMPLE,COMPLETE,false,2,44,2,90,0,138.00491333008,138.00491333008,-112.57174682617,0.11488258838654,0,0,0x801FABDC,false,true,true,true,false,false,false,false,false,false
46518,SAMPLE,COMPLETE,false,2,44,2,90,0,137.80624389648,137.80624389648,-113.48575592041,0.11593723297119,0,0,0x801FABDC,false,true,true,true,false,false,false,false,false,false
46520,SAMPLE,COMPLETE,false,2,44,2,90,0,137.67156982422,137.67156982422,-114.09851074219,0.11660826206207,0,0,0x801FABDC,false,true,true,true,false,false,false,false,false,false
46522,SAMPLE,COMPLETE,false,2,44,2,90,0,137.62315368652,137.62315368652,-114.29563140869,0.11689591407776,0,0,0x801FABDC,false,true,true,true,false,false,false,false,false,false
46524,SAMPLE,COMPLETE,false,2,44,2,90,0,137.66188049316,137.66188049316,-114.08092498779,0.11665630340576,0,0,0x801FABDC,false,true,true,true,false,false,false,false,false,false
46526,SAMPLE,COMPLETE,false,2,44,2,90,0,137.84178161621,137.84178161621,-113.17874145508,0.1157454252243,0,0,0x801FABDC,false,true,true,true,false,false,false,false,false,false
46528,SAMPLE,COMPLETE,false,2,44,2,90,0,138.07122802734,138.07122802734,-112.04138946533,0.11454701423645,0,0,0x801FABDC,false,true,true,true,false,false,false,false,false,false
46530,SAMPLE,COMPLETE,false,2,44,2,90,0,138.32458496094,138.32458496094,-110.78534698486,0.11325263977051,0,0,0x801FABDC,false,true,true,true,false,false,false,false,false,false
46532,SAMPLE,COMPLETE,false,2,44,2,90,0,138.6170501709,138.6170501709,-109.35129547119,0.11171865463257,0,0,0x801FABDC,false,true,true,true,false,false,false,false,false,false
46534,SAMPLE,COMPLETE,false,2,44,2,90,0,138.91014099121,138.91014099121,-107.8985824585,0.11023259162903,0,0,0x801FABDC,false,true,true,true,false,false,false,false,false,false
46536,SAMPLE,COMPLETE,false,2,44,2,90,0,139.26025390625,139.26025390625,-106.16019439697,0.1084109544754,0,0,0x801FABDC,false,true,true,true,false,false,false,false,false,false
46538,SAMPLE,COMPLETE,false,2,44,2,90,0,139.46051025391,139.46051025391,-105.17195129395,0.10735630989075,0,0,0x801FABDC,false,true,true,true,false,false,false,false,false,false
46540,SAMPLE,COMPLETE,false,2,44,2,90,0,139.58795166016,139.58795166016,-104.54593658447,0.10668528079987,0,0,0x801FABDC,false,true,true,true,false,false,false,false,false,false
46542,SAMPLE,COMPLETE,false,2,44,2,90,0,139.74223327637,139.74223327637,-103.78053283691,0.10591816902161,0,0,0x801FABDC,false,true,true,true,false,false,false,false,false,false
46544,SAMPLE,COMPLETE,false,2,44,2,90,0,139.85467529297,139.85467529297,-103.22537994385,0.10529494285583,0,0,0x801FABDC,false,true,true,true,false,false,false,false,false,false
46546,SAMPLE,COMPLETE,false,2,44,2,90,0,139.94026184082,139.94026184082,-102.80481719971,0.10486352443695,0,0,0x801FABDC,false,true,true,true,false,false,false,false,false,false
46548,SAMPLE,COMPLETE,false,2,44,2,90,0,140.10032653809,140.10032653809,-102.01575469971,0.10448002815247,0,0,0x801FABDC,false,true,true,true,false,false,false,false,false,false
46550,SAMPLE,COMPLETE,false,2,44,2,90,0,140.10032653809,140.10032653809,-102.01575469971,0.10404860973358,0,0,0x801FABDC,false,true,true,true,false,false,false,false,false,false
46552,SAMPLE,COMPLETE,false,2,44,2,90,0,140.19641113281,140.19641113281,-101.54043579102,0.1035213470459,0,0,0x801FABDC,false,true,true,true,false,false,false,false,false,false
46554,SAMPLE,COMPLETE,false,2,44,2,90,0,140.28305053711,140.28305053711,-101.107421875,0.10308980941772,0,0,0x801FABDC,false,true,true,true,false,false,false,false,false,false
46556,SAMPLE,COMPLETE,false,2,44,2,90,0,140.37896728516,140.37896728516,-100.63021087646,0.10256254673004,0,0,0x801FABDC,false,true,true,true,false,false,false,false,false,false
46558,SAMPLE,COMPLETE,false,2,44,2,90,0,140.4815826416,140.4815826416,-100.11831665039,0.10208320617676,0,0,0x801FABDC,false,true,true,true,false,false,false,false,false,false
46560,SAMPLE,COMPLETE,false,2,44,2,90,0,140.56391906738,140.56391906738,-99.708129882813,0.10165178775787,0,0,0x801FABDC,false,true,true,true,false,false,false,false,false,false
46562,SAMPLE,COMPLETE,false,2,44,2,90,0,140.62155151367,140.62155151367,-99.423316955566,0.10131621360779,0,0,0x801FABDC,false,true,true,true,false,false,false,false,false,false
46564,SAMPLE,COMPLETE,false,2,44,2,90,0,140.6689453125,140.6689453125,-99.190162658691,0.1010764837265,0,0,0x801FABDC,false,true,true,true,false,false,false,false,false,false
46566,SAMPLE,COMPLETE,false,2,44,2,90,0,140.7366027832,140.7366027832,-98.853637695313,0.10074090957642,0,0,0x801FABDC,false,true,true,true,false,false,false,false,false,false
46568,SAMPLE,COMPLETE,false,2,44,2,90,0,140.83358764648,140.83358764648,-98.368858337402,0.10021364688873,0,0,0x801FABDC,false,true,true,true,false,false,false,false,false,false
46570,SAMPLE,COMPLETE,false,2,44,2,90,0,140.93751525879,140.93751525879,-97.84984588623,0.09968638420105,0,0,0x801FABDC,false,true,true,true,false,false,false,false,false,false
46572,SAMPLE,COMPLETE,false,2,44,2,90,0,141.05429077148,141.05429077148,-97.261207580566,0.099063158035278,0,0,0x801FABDC,false,true,true,true,false,false,false,false,false,false
46574,SAMPLE,COMPLETE,false,2,44,2,90,0,141.16384887695,141.16384887695,-96.707649230957,0.098487973213196,0,0,0x801FABDC,false,true,true,true,false,false,false,false,false,false
46576,SAMPLE,COMPLETE,false,2,44,2,90,0,141.25701904297,141.25701904297,-96.238945007324,0.098008394241333,0,0,0x801FABDC,false,true,true,true,false,false,false,false,false,false
46578,SAMPLE,COMPLETE,false,2,44,2,90,0,141.34872436523,141.34872436523,-95.772254943848,0.097529053688049,0,0,0x801FABDC,false,true,true,true,false,false,false,false,false,false
46580,SAMPLE,COMPLETE,false,2,44,2,90,0,141.4373626709,141.4373626709,-95.325798034668,0.097097635269165,0,0,0x801FABDC,false,true,true,true,false,false,false,false,false,false
46582,SAMPLE,COMPLETE,false,2,44,2,90,0,141.51171875,141.51171875,-94.951431274414,0.096666216850281,0,0,0x801FABDC,false,true,true,true,false,false,false,false,false,false
46584,SAMPLE,COMPLETE,false,2,44,2,90,0,141.5711517334,141.5711517334,-94.654289245605,0.096378564834595,0,0,0x801FABDC,false,true,true,true,false,false,false,false,false,false
46586,SAMPLE,COMPLETE,false,2,44,2,90,0,141.49922180176,141.49922180176,-95.064491271973,0.09676206111908,0,0,0x801FABDC,false,true,true,true,false,false,false,false,false,false
46588,SAMPLE,COMPLETE,false,2,44,2,90,0,141.37777709961,141.37777709961,-95.752449035645,0.097385287284851,0,0,0x801FABDC,false,true,true,true,false,false,false,false,false,false
46590,SAMPLE,COMPLETE,false,2,44,2,90,0,141.22300720215,141.22300720215,-96.627365112305,0.09820032119751,0,0,0x801FABDC,false,true,true,true,false,false,false,false,false,false
46592,SAMPLE,COMPLETE,false,2,44,2,90,0,141.09945678711,141.09945678711,-97.356315612793,0.098823428153992,0,0,0x801FABDC,false,true,true,true,false,false,false,false,false,false
46594,SAMPLE,COMPLETE,false,2,44,2,90,0,141.009765625,141.009765625,-97.926948547363,0.099302887916565,0,0,0x801FABDC,false,true,true,true,false,false,false,false,false,false
46596,SAMPLE,COMPLETE,false,2,44,2,90,0,140.92956542969,140.92956542969,-98.458648681641,0.099734306335449,0,0,0x801FABDC,false,true,true,true,false,false,false,false,false,false
